<?xml version='1.0' encoding='utf-8'?>
<COLLADA xmlns="http://www.collada.org/2005/11/COLLADASchema" version="1.4.1">
  <asset>
    <contributor>
      <author>Blender User</author>
      <authoring_tool>Blender 4.0.1 commit date:2023-11-16, commit time:16:40, hash:d0dd92834a08</authoring_tool>
    </contributor>
    <created>2025-11-25T11:46:38</created>
    <modified>2025-11-25T11:46:38</modified>
    <unit name="meter" meter="1" />
    <up_axis>Z_UP</up_axis>
  </asset>
  <library_effects>
    <effect id="green-effect">
      <profile_COMMON>
        <technique sid="common">
          <phong><emission>
              <color sid="emission">0 0 0 1</color>
            <color>0.45 0.45 0.45 1.0</color></emission>
            <ambient><color>1.0 1.0 1.0 1.0</color></ambient><diffuse><texture texture="flat_34ac00ff-sampler" texcoord="CHANNEL0" /></diffuse><specular><color>0.1 0.1 0.1 1.0</color></specular><shininess><float>15.0</float></shininess></phong></technique>
      <newparam sid="flat_34ac00ff-surface"><surface type="2D"><init_from>flat_34ac00ff</init_from></surface></newparam><newparam sid="flat_34ac00ff-sampler"><sampler2D><source>flat_34ac00ff-surface</source></sampler2D></newparam></profile_COMMON>
    </effect>
  </library_effects>
  <library_images />
  <library_materials>
    <material id="green-material" name="green">
      <instance_effect url="#green-effect" />
    </material>
  </library_materials>
  <library_geometries>
    <geometry id="Helice_010-mesh" name="Helice.010">
      <mesh>
        <source id="Helice_010-mesh-positions">
          <float_array id="Helice_010-mesh-positions-array" count="9138">0.003481745 -0.3857284 0.01084047 -0.001064062 -0.385717 0.0106517 0.003481745 -0.385699 0.01045 -0.001113235 -0.3857 0.01046037 0.003480851 -0.3855826 0.009708344 -0.00128138 -0.3855978 0.009783506 0.003479778 -0.3855039 0.00936675 -0.001416087 -0.3854627 0.009209811 0.003475189 -0.3852584 0.008556008 -0.00156033 -0.3852587 0.008556902 0.00346893 -0.3850157 0.007929503 -0.001743674 -0.3848931 0.007648885 0.003443658 -0.3844268 0.006716907 -0.001767039 -0.3848361 0.007524847 0.003408491 -0.3840381 0.006044864 -0.001947462 -0.3842636 0.006425797 0.003387093 -0.38389 0.005806028 -0.001988351 -0.3840622 0.00608462 0.003366947 -0.3837848 0.005641102 -0.002018988 -0.383767 0.005613505 0.003343105 -0.3836882 0.005492925 -0.002016007 -0.383836 0.005720973 -0.001997172 -0.3840067 0.005993425 -0.001493453 -0.3831636 0.004732906 -0.001230001 -0.3831249 0.004679322 -8.2647e-4 -0.3834285 0.005107939 -5.30328e-4 -0.3830865 0.004626572 -0.002017498 -0.3836817 0.005482971 -0.002018034 -0.383693 0.005500316 -0.002019107 -0.3837548 0.005594789 -0.002013325 -0.3836311 0.005406737 -0.001999258 -0.3835476 0.005282223 -0.001990795 -0.3835154 0.005234718 -0.00197339 -0.3834663 0.005162835 -0.001962244 -0.3834418 0.005127251 -0.001922845 -0.3833777 0.005034863 -0.001917779 -0.3833712 0.005025446 -0.001863837 -0.3833155 0.004945933 -0.001805245 -0.3832731 0.004886031 -0.001731514 -0.3832345 0.004831612 -0.001640617 -0.3832007 0.004784345 0.00225687 -0.3833927 0.005056321 0.003227829 -0.3834279 0.005107104 0.003251612 -0.3834646 0.00516051 0.002505481 -0.3831226 0.004676222 0.002711117 -0.3831523 0.00471723 0.002855837 -0.3831859 0.004763841 0.002956509 -0.38322 0.004811346 0.003039538 -0.3832591 0.004866302 0.003114283 -0.3833078 0.004934906 0.003179967 -0.3833679 0.005020797 0.003291904 -0.3835426 0.005274772 0.003323435 -0.383624 0.005396068 3.66211e-4 -0.3830773 0.004614055 0.001170635 -0.3830773 0.004614055 0.002022683 -0.3830899 0.00463134 -0.001867413 -0.3845542 0.006954908 -0.00190407 -0.3844316 0.006725549 0.003416538 -0.3841067 0.006158351 0.003409624 -0.3840472 0.006059765 0.003481745 -0.3856943 0.01183694 -7.79968e-4 -0.3857085 0.01170378 -0.001014769 -0.3857284 0.01084065 1.36184e-4 -0.3846486 0.01451379 1.1884e-4 -0.38468 0.0144689 0.003481745 -0.3847196 0.01441138 -1.89734e-4 -0.3851792 0.01361429 0.003481745 -0.3851942 0.01358258 -4.69418e-4 -0.3855086 0.0127536 0.003481745 -0.3855086 0.01275348 -4.94393e-4 -0.3855314 0.0126729 -7.42139e-4 -0.3856943 0.01183718 3.66748e-4 -0.3842081 0.01507318 0.003481745 -0.3840259 0.015275 4.59356e-4 -0.3840247 0.01527631 7.70706e-4 -0.3834441 0.01583987 7.06548e-4 -0.3835533 0.0157417 8.08976e-4 -0.3833835 0.01589316 0.001005291 -0.3831477 0.01609188 9.68363e-4 -0.3831808 0.01606476 0.003481745 -0.3830773 0.01614886 0.001170635 -0.3830773 0.01614886 0.00114566 -0.3830791 0.01614749 0.001121163 -0.3830841 0.01614344 0.001091539 -0.3830942 0.01613533 0.001054525 -0.3831129 0.01612019 9.32604e-4 -0.3832182 0.01603376 8.73161e-4 -0.3832911 0.01597255 6.52854e-4 -0.3836503 0.01565164 5.30161e-4 -0.383885 0.01542204 0.001170635 -0.3624933 0.02189439 0.001170635 -0.3648111 0.02158927 0.003481745 -0.3648111 0.02158927 0.001170635 -0.3752714 0.01927518 0.003481745 -0.3752714 0.01927518 0.001170635 -0.3710789 0.02041536 0.001170635 -0.3504165 0.02276122 0.003481745 -0.3504165 0.02276122 0.001170575 -0.3194255 0.02431374 0.003481686 -0.3096649 0.02501457 0.001170575 -0.3096649 0.02501457 0.001170575 -0.2903526 0.02683907 0.003481686 -0.2745891 0.02870947 0.001170575 -0.2745891 0.02870947 0.001170575 -0.2594109 0.03036826 0.003481686 -0.2484572 0.03117477 0.001170575 -0.2484572 0.03117477 0.001170575 -0.2297737 0.03240215 0.003481686 -0.2178772 0.03337049 0.001170575 -0.2178772 0.03337049 0.001170575 -0.2065888 0.03439611 0.003481686 -0.199218 0.03529185 0.001170575 -0.199218 0.03529185 0.001170575 -0.191513 0.03657925 0.003481686 -0.1776754 0.03896546 0.001170575 -0.1776754 0.03896546 0.001170575 -0.1710947 0.03950965 0.003481686 -0.1669071 0.03960013 0.001170575 -0.1669071 0.03960013 0.001170575 -0.1588125 0.03941315 0.003481686 -0.1479228 0.03888118 0.001170575 -0.1479228 0.03888118 0.003481686 -0.1280567 0.03765237 0.001170575 -0.1280567 0.03765237 0.003481686 -0.1140037 0.03593081 0.001170575 -0.1140037 0.03593081 0.001170575 -0.1247323 0.03736275 0.003481686 -0.06994831 0.02255892 0.001170575 -0.09899353 0.03213554 0.003481686 -0.09899353 0.03213554 0.001170575 -0.1007918 0.03268074 0.001170575 -0.1129471 0.03573298 0.001170516 -0.05682504 0.01913404 0.001170516 -0.05994725 0.01975625 0.003481626 -0.05994725 0.01975625 0.001170516 -0.06429082 0.02085435 0.001170516 -0.06994831 0.02255892 0.001170516 -0.05198848 0.01852822 0.003481626 -0.05198848 0.01852822 0.003481626 -0.04396015 0.01864141 0.003481626 -0.03086829 0.0206117 0.001170516 -0.03483265 0.01991641 0.001170516 -0.04396015 0.01864141 0.001170516 -0.01972287 0.02215564 0.001170516 -0.0288971 0.02095156 0.001170516 -0.03086829 0.0206117 0.003481626 -0.01972287 0.02215564 0.003481626 -0.01289862 0.02223324 0.001170516 -0.01289862 0.02223324 0.003481626 -0.008061766 0.02161639 0.001170516 -0.008061766 0.02161639 0.001170635 -0.3449286 -0.0109499 0.001170635 -0.35386 -0.009188294 -9.09362e-4 -0.3521205 -0.009569048 0.001170635 -0.3700947 -0.003917932 -8.05775e-4 -0.3675072 -0.00504142 0.001170635 -0.3630211 -0.006688892 -8.82247e-4 -0.3617033 -0.007111489 0.001170635 -0.3595556 -0.007749378 -8.9529e-4 -0.3595558 -0.007749378 -9.05917e-4 -0.3563256 -0.00860536 0.001170635 -0.3802618 0.002233445 -3.32014e-4 -0.3775132 2.3787e-4 0.001170635 -0.376868 -1.89759e-4 -4.9824e-4 -0.3752943 -0.001174151 -7.38621e-4 -0.3700957 -0.003917455 -9.09439e-4 -0.01178979 -0.01983171 0.001170516 -0.01178985 -0.01983165 -9.09437e-4 -0.01864075 -0.01997637 0.001170516 -0.0182166 -0.01995915 -9.09435e-4 -0.02844774 -0.02062332 0.001170516 -0.02844774 -0.02062332 -9.09434e-4 -0.03554064 -0.02131754 0.001170516 -0.04805761 -0.02275472 -9.09431e-4 -0.04805761 -0.02275472 0.001170575 -0.08336263 -0.02675735 -9.09423e-4 -0.08336263 -0.02675735 0.001170575 -0.0977621 -0.02812772 -9.09414e-4 -0.1206842 -0.02891331 -9.09415e-4 -0.1188196 -0.02890777 0.001170575 -0.118294 -0.02890485 -9.09417e-4 -0.1083168 -0.02870035 -9.09419e-4 -0.0977621 -0.02812772 0.001170575 -0.1206842 -0.02891331 0.001170575 -0.1663365 -0.02893573 -9.09404e-4 -0.1663365 -0.02893573 0.001170575 -0.1804329 -0.02864593 -9.09401e-4 -0.1804329 -0.02864593 0.001170575 -0.2080163 -0.02697747 -9.09394e-4 -0.2080163 -0.02697747 0.001170575 -0.2201463 -0.02638363 -9.09388e-4 -0.236404 -0.02547991 0.001170575 -0.2389937 -0.02526444 -9.09387e-4 -0.2389937 -0.02526444 0.001170575 -0.2405294 -0.02512341 -9.09383e-4 -0.2567479 -0.02327692 0.001170575 -0.2677942 -0.02198457 -9.09377e-4 -0.287521 -0.01992607 0.001170575 -0.2832893 -0.02035444 0.001170575 -0.287521 -0.01992607 -9.09376e-4 -0.2877776 -0.0198996 0.001170575 -0.2988865 -0.01860809 -9.09363e-4 -0.3449286 -0.0109499 -9.09371e-4 -0.313016 -0.01635479 0.001170575 -0.313016 -0.01635479 -9.09372e-4 -0.3091052 -0.01703023 -9.09374e-4 -0.2984575 -0.01866543 -0.003451645 -0.04348909 -0.01139986 -0.003451645 -0.03578644 -0.01902383 -0.003451645 -0.05294579 -0.01146227 -0.003451645 -0.06179308 -0.0219708 -0.003451645 -0.05393278 -0.0113998 -0.003451645 -0.06193703 -0.0104174 -0.003451645 -0.04136818 -0.01123684 -0.003451645 -0.02973443 -0.009637415 -0.003451645 -0.02609866 -0.009000241 -0.003451585 -0.3351644 -0.01025921 -0.003451526 -0.3516404 -0.007312595 -0.003451585 -0.3278225 -0.006277382 -0.003451645 -0.01497268 -0.01755481 -0.003451645 -0.01873719 -0.01767146 -0.003451645 -0.01767832 -0.01482862 -0.003451645 -0.01998555 -0.01153457 -0.003451645 -0.02155435 -0.008241534 -0.003451585 -0.3087193 -0.01475578 -0.003451585 -0.3021784 -0.004467487 -0.003451585 -0.2981533 -0.01637828 -0.003451585 -0.09797936 -0.02583044 -0.003451645 -0.08103519 -0.005379736 -0.003451645 -0.07721984 -0.0237196 -0.003451645 -0.07233595 -0.008037447 -0.003451645 -0.06523072 -0.009785294 -0.003451585 -0.28754 -0.01760488 -0.003451585 -0.2936334 -0.003671944 -0.003451585 -0.2564693 -0.02098679 -0.003451585 -0.1698226 0.00954622 -0.003451585 -0.164845 -0.0266233 -0.003451585 -0.173793 0.009226441 -0.003451585 -0.1758463 -0.02651524 -0.003451585 -0.2718831 -0.001172661 -0.003451585 -0.2573696 4.39497e-4 -0.003451585 -0.2362253 -0.0231797 -0.003451585 -0.2274814 0.002499341 -0.003451585 -0.2150776 -0.0243076 -0.003451585 -0.2236101 0.002803266 -0.003451585 -0.1868574 -0.02597892 -0.003451585 -0.2020549 0.004719555 -0.003451585 -0.1854099 0.007210433 -0.003451585 -0.1634025 0.00956577 -0.003451585 -0.141488 0.008489906 -0.003451585 -0.118831 -0.02660083 -0.003451585 -0.1331886 0.007962107 -0.003451585 -0.1275769 0.007507503 -0.003451585 -0.1207741 0.006663739 -0.003451585 -0.1186365 0.00628668 -0.003451585 -0.1084011 -0.02639496 -0.003451585 -0.1090361 0.003842592 -0.003451585 -0.09237498 -0.001614153 0.003481626 -0.05055636 -0.0204904 0.003481626 -0.0271129 -0.01796501 0.003481626 -0.01998555 -0.01153457 0.003481626 -0.01767832 -0.01482862 0.003481626 -0.01831662 -0.01742345 0.003481626 -0.01523315 -0.01732939 0.003481686 -0.09851914 -0.0256375 0.003481686 -0.07771956 -0.02354645 0.003481626 -0.02272671 -0.004005789 0.003481626 -0.0216856 -0.007890045 0.003481626 -0.02307724 1.83047e-7 0.003481626 -0.02272671 0.004006147 0.003481626 -0.0216856 0.007890403 0.003481626 -0.01998555 0.01153492 0.003481626 -0.01767832 0.01482903 0.003481626 -0.01483392 0.01767247 0.003481626 -0.0115388 0.019979 0.003481745 -0.3622246 -0.004279434 0.003481745 -0.3533011 -0.006713569 0.003481745 -0.3402719 -0.009175539 0.003481686 -0.3182513 -0.01285737 0.003481686 -0.2985478 -0.01609313 0.003481686 -0.2830363 -0.01782941 0.003481686 -0.2675114 -0.0194627 0.003481686 -0.2402898 -0.02259701 0.003481686 -0.2200325 -0.02384865 0.003481686 -0.1917087 -0.02543342 0.003481686 -0.1809818 -0.02607905 0.003481686 -0.1702578 -0.02638763 0.003481686 -0.1183096 -0.02636724 0.003481745 -0.3741995 0.001129448 0.003481745 -0.3786987 0.004233002 0.003481745 -0.3851641 0.009961009 0.003481745 -0.3688727 -0.001686632 -0.003451645 0.01998478 0.01153492 -0.01038497 0.01998478 0.01153492 -0.01038497 0.01767754 0.01482903 -5.56056e-4 0.01159167 -0.01994764 -5.41911e-4 0.01153743 -0.019979 -0.01038497 0.01153802 -0.01997864 -0.01038497 -0.01998555 -0.01153457 -0.01038497 -0.01767832 -0.01482862 -5.56051e-4 -0.01159244 0.01994794 -5.41906e-4 -0.0115382 0.01997935 -0.01038497 -0.0115388 0.019979 0.003225862 -0.01199924 -0.01970571 0.00317043 -0.01195687 -0.01973146 0.01041495 -0.0115388 -0.01997864 0.003267884 -0.01204419 -0.01967835 0.003407776 -0.01244419 -0.01942801 0.003381609 -0.01230657 -0.01951539 0.003423333 -0.0125643 -0.01935058 0.003360867 -0.01223015 -0.01956337 0.003346264 -0.01218718 -0.01959013 0.003316283 -0.01211923 -0.01963222 0.003308117 -0.01210421 -0.01964145 0.003290295 -0.01207506 -0.01965939 0.0031026 -0.01192039 -0.01975351 0.003011107 -0.01188725 -0.01977342 0.002825438 -0.01184761 -0.0197972 0.002252161 -0.01180344 -0.01982355 -0.002781033 -0.0118491 -0.01979631 -0.002986252 -0.01189285 -0.01977014 -0.01038497 -0.0115388 -0.01997864 -0.003077208 -0.01192611 -0.01975005 -0.003134489 -0.01195585 -0.01973205 -0.003171861 -0.01198148 -0.0197165 -0.003186345 -0.01199316 -0.01970946 -0.003212749 -0.01201748 -0.01969462 -0.003233194 -0.0120396 -0.01968109 -0.003272533 -0.01209408 -0.01964771 -0.003298819 -0.01214313 -0.01961743 -0.003316283 -0.01218378 -0.01959222 -0.003342688 -0.01226389 -0.01954221 -0.003360509 -0.0123372 -0.01949608 -0.003390967 -0.012524 -0.01937669 -0.003415107 -0.01280117 -0.01919484 -0.01038497 -0.01483392 -0.01767212 0.01041495 -0.01483392 -0.01767212 0.003481268 -0.01483392 -0.01767218 0.003453254 -0.01298588 -0.01907044 0.01041495 -0.01767832 -0.01482862 0.01041495 -0.01998555 -0.01153457 0.01041495 -0.0216856 -0.007890045 0.01041495 -0.02272671 -0.004005789 0.01041495 -0.02307724 1.83047e-7 0.01041495 -0.02272671 0.004006147 0.01041495 -0.0216856 0.007890403 0.01041495 -0.01998555 0.01153492 0.01041495 -0.01767832 0.01482903 0.01041495 -0.01483392 0.01767247 0.01041495 -0.0115388 0.019979 9.53702e-4 -0.00812143 0.02159404 0.001024663 -0.008088767 0.02160632 -0.01038497 -0.007893145 0.0216785 6.27242e-4 -0.008432567 0.02147459 7.66521e-4 -0.00826776 0.02153849 8.69933e-4 -0.008176147 0.02157342 -2.12429e-4 -0.01037633 0.02060633 -1.57028e-4 -0.01020121 0.02069348 4.84671e-5 -0.00960642 0.02097606 3.61136e-4 -0.00887674 0.02129489 -4.75864e-4 -0.01128959 0.02012079 4.22191e-4 -0.008760094 0.02134317 5.23073e-4 -0.008586466 0.0214135 0.001087903 -0.008070409 0.02161312 0.001146793 -0.008062481 0.0216161 0.01041495 -0.007893145 0.0216785 -0.01038497 -0.01483392 0.01767247 -0.001298129 -0.01483207 0.01767402 -0.001085102 -0.01383429 0.01846498 -0.01038497 -0.01767832 0.01482903 -0.01038497 -0.01998555 0.01153492 -0.002350807 -0.01998507 0.01153588 -0.002146244 -0.01900267 0.01309013 -0.001877665 -0.01767754 0.01482993 -0.001693248 -0.01676261 0.01585608 -0.01038497 -0.0216856 0.007890403 -0.01038497 -0.02272671 0.004006147 -0.003045856 -0.02272659 0.004006743 -0.002897977 -0.02227377 0.006034791 -0.00273925 -0.0216853 0.007891178 -0.002566277 -0.0209642 0.009643912 -0.01038497 -0.0230773 1.83047e-7 -0.01038497 -0.02272671 -0.004005789 -0.003402054 -0.02272671 -0.00400567 -0.003326058 -0.02303171 -0.001449048 -0.003267586 -0.02307724 6.10158e-7 -0.003151297 -0.02296227 0.002300381 -0.01038497 -0.0216856 -0.007890045 -0.003451287 -0.0216856 -0.007889986 -0.003415226 -0.02260947 -0.004621505 -0.003451585 -0.01483392 -0.01767218 0.003225862 0.01199847 0.01970607 0.00317043 0.01195609 0.01973181 0.01041495 0.01153802 0.019979 0.003267824 0.01204341 0.01967871 0.003407776 0.01244342 0.01942837 0.003381609 0.01230579 0.01951575 0.003423333 0.01256352 0.019351 0.003360867 0.01222932 0.01956373 0.003346264 0.01218634 0.01959049 0.003316283 0.01211845 0.01963263 0.003308117 0.01210343 0.01964181 0.003290295 0.01207423 0.01965975 0.0031026 0.01191961 0.01975387 0.003011107 0.01188647 0.01977384 0.002825438 0.01184684 0.01979762 0.002252161 0.01180267 0.0198239 0.001170516 0.01178908 0.01983201 -9.09444e-4 0.01178902 0.01983201 -0.002781033 0.01184833 0.01979666 -0.002986311 0.01189202 0.01977044 -0.01038497 0.01153802 0.019979 -0.003077208 0.01192528 0.01975047 -0.003134489 0.01195508 0.01973247 -0.003171861 0.01198071 0.01971691 -0.003186345 0.01199239 0.01970982 -0.003212749 0.01201665 0.01969504 -0.003233194 0.01203882 0.01968151 -0.003272533 0.0120933 0.01964813 -0.003298819 0.01214236 0.01961785 -0.003316283 0.01218301 0.01959258 -0.003342688 0.01226317 0.01954263 -0.003360509 0.01233637 0.01949644 -0.003390967 0.01252323 0.01937705 -0.003415167 0.01280039 0.01919519 -0.01038497 0.01483315 0.01767247 0.003481626 0.01767754 0.01482903 0.003481626 0.01523232 0.01732975 0.01041495 0.01483315 0.01767247 0.003481209 0.01483309 0.01767253 0.003453254 0.01298511 0.0190708 0.01041495 0.01767754 0.01482903 0.01041495 0.01998478 0.01153492 0.003481626 0.01998478 0.01153492 0.01041495 0.02168476 0.007890403 0.003481626 0.02168476 0.007890403 0.01041495 0.02272593 0.004006147 0.003481626 0.02272593 0.004006147 0.01041495 0.02307653 1.83047e-7 0.003481626 0.02307653 1.83047e-7 0.01041495 0.02272593 -0.004005789 0.003481626 0.02272593 -0.004005789 0.01041495 0.02168476 -0.007890045 0.003481626 0.02168476 -0.007890045 0.01041495 0.01998478 -0.01153457 0.003481626 0.01998478 -0.01153457 0.01041495 0.01767754 -0.01482862 0.003481626 0.01767754 -0.01482862 0.01041495 0.01483315 -0.01767212 0.003481626 0.01483315 -0.01767212 0.01041495 0.01153802 -0.01997864 0.003481626 0.01153802 -0.01997864 9.53698e-4 0.008120656 -0.02159368 0.001024663 0.008087992 -0.0216059 -0.01038497 0.00789231 -0.02167809 6.27238e-4 0.008431792 -0.02147418 7.66518e-4 0.008266985 -0.02153813 8.6993e-4 0.008175373 -0.02157306 -2.12434e-4 0.01037549 -0.02060592 -1.57033e-4 0.01020044 -0.02069312 4.84628e-5 0.009605646 -0.02097564 3.61132e-4 0.008875966 -0.02129453 -4.75869e-4 0.01128882 -0.02012044 4.22187e-4 0.008759319 -0.02134275 5.23069e-4 0.008585691 -0.02141314 0.001087903 0.008069634 -0.02161276 0.001146793 0.008061707 -0.02161574 0.001170516 0.008060932 -0.02161604 0.003481626 0.008060932 -0.02161604 0.01041495 0.00789231 -0.02167809 -0.01038497 0.01483315 -0.01767212 -0.001298129 0.01483136 -0.01767367 -0.001085102 0.01383352 -0.01846462 -0.01038497 0.01767754 -0.01482862 -0.01038497 0.01998478 -0.01153457 -0.002350807 0.0199843 -0.01153552 -0.002146244 0.01900184 -0.01308983 -0.001877665 0.01767671 -0.01482957 -0.001693248 0.01676189 -0.01585572 -0.01038497 0.02168476 -0.007890045 -0.01038497 0.02272593 -0.004005789 -0.003045856 0.02272582 -0.004006385 -0.002898037 0.022273 -0.006034374 -0.00273925 0.02168452 -0.00789082 -0.002566277 0.02096343 -0.009643554 -0.01038497 0.02307653 1.83047e-7 -0.01038497 0.02272593 0.004006147 -0.003402054 0.02272593 0.004006028 -0.003326058 0.02303093 0.001449406 -0.003267586 0.02307653 -2.44063e-7 -0.003151297 0.02296149 -0.002300024 -0.01038497 0.02168476 0.007890403 -0.003451645 0.02155357 0.008241891 -0.003451287 0.02168476 0.007890403 -0.003415226 0.02260869 0.004621863 -0.003451585 0.01483309 0.01767247 -0.003451645 0.01497191 0.01755523 -0.003451645 0.01767754 0.01482903 0.01041495 0.004006862 -0.0227189 -0.01038497 0.004006862 -0.0227189 0.01041495 -3.9437e-7 -0.02306938 -0.01038497 -3.99081e-7 -0.02306938 0.01041495 -0.004007637 -0.0227189 -0.01038497 -0.004007637 -0.0227189 0.01041495 -0.007893145 -0.02167809 -0.01038497 -0.007893145 -0.02167809 0.01041495 -0.004007637 0.02271926 -0.01038497 -0.004007637 0.02271926 0.01041495 -3.9437e-7 0.02306973 -0.01038497 -3.99081e-7 0.02306973 0.01041495 0.004006862 0.02271926 -0.01038497 0.004006862 0.02271926 0.01041495 0.00789231 0.0216785 -0.01038497 0.00789231 0.0216785 0.01041495 0.001578152 -0.004335463 0.01041495 0.002307295 -0.003995537 0.01041495 0.002966284 -0.003534257 0.01041495 0.003535151 -0.002965569 0.01041495 0.00399661 -0.002306759 0.01041495 0.004336595 -0.001577854 0.01041495 0.004544854 -8.01015e-4 0.01041495 0.004614949 1.83047e-7 0.01041495 0.004544854 8.01381e-4 0.01041495 0.004336595 0.001578211 0.01041495 0.00399661 0.002307116 0.01041495 0.003535151 0.002965927 0.01041495 0.002966284 0.003534615 0.01041495 0.002307295 0.003995895 0.01041495 0.001578152 0.00433582 0.01041495 8.01058e-4 0.00454396 0.01041495 -3.9437e-7 0.004614055 0.01041495 -8.01847e-4 0.00454396 0.01041495 -0.001578927 0.00433582 0.01041495 -0.00230807 0.003995895 0.01041495 -0.002967059 0.003534615 0.01041495 -0.003535926 0.002965927 0.01041495 -0.003997385 0.002307116 0.01041495 -0.00433743 0.001578211 0.01041495 -0.004545629 8.01381e-4 0.01041495 -0.004615724 1.83047e-7 0.01041495 -0.004545629 -8.01015e-4 0.01041495 -0.00433743 -0.001577854 0.01041495 -0.003997385 -0.002306759 0.01041495 -0.003535926 -0.002965569 0.01041495 -0.002967059 -0.003534257 0.01041495 -0.00230807 -0.003995537 0.01041495 -0.001578927 -0.004335463 0.01041495 -8.01847e-4 -0.004543602 0.01041495 -3.9437e-7 -0.004613697 0.01041495 8.01058e-4 -0.004543602 -0.01038497 -3.99081e-7 0.004614055 -0.01038497 8.01054e-4 0.00454396 -0.01038497 0.001578152 0.00433582 -0.01038497 0.002307295 0.003995895 -0.01038497 0.002966284 0.003534615 -0.01038497 0.003535151 0.002965927 -0.01038497 0.00399661 0.002307116 -0.01038497 0.004336595 0.001578211 -0.01038497 0.004544854 8.01381e-4 -0.01038497 0.004614949 1.83047e-7 -0.01038497 0.004544854 -8.01015e-4 -0.01038497 0.004336595 -0.001577854 -0.01038497 0.00399661 -0.002306759 -0.01038497 0.003535151 -0.002965569 -0.01038497 0.002966284 -0.003534257 -0.01038497 0.002307295 -0.003995537 -0.01038497 0.001578152 -0.004335463 -0.01038497 8.01054e-4 -0.004543602 -0.01038497 -3.99081e-7 -0.004613697 -0.01038497 -8.01852e-4 -0.004543602 -0.01038497 -0.001578927 -0.004335463 -0.01038497 -0.00230807 -0.003995537 -0.01038497 -0.002967059 -0.003534257 -0.01038497 -0.003535926 -0.002965569 -0.01038497 -0.003997385 -0.002306759 -0.01038497 -0.00433743 -0.001577854 -0.01038497 -0.004545629 -8.01015e-4 -0.01038497 -0.004615783 1.83047e-7 -0.01038497 -0.004545629 8.01381e-4 -0.01038497 -0.00433743 0.001578211 -0.01038497 -0.003997385 0.002307116 -0.01038497 -0.003535926 0.002965927 -0.01038497 -0.002967059 0.003534615 -0.01038497 -0.00230807 0.003995895 -0.01038497 -0.001578927 0.00433582 -0.01038497 -8.01852e-4 0.00454396 0.003408312 0.3840374 -0.006044507 -0.001947641 0.3842629 -0.00642544 0.003386914 0.3838892 -0.005805671 -0.00198853 0.3840615 -0.006084263 0.003366768 0.383784 -0.005640745 -0.002019107 0.3837661 -0.005613148 0.003342926 0.3836874 -0.005492568 -0.002016186 0.3838353 -0.005720615 -0.001997351 0.3840059 -0.005993068 -0.001493632 0.3831629 -0.004732549 -0.00123018 0.3831241 -0.004678964 -8.26644e-4 0.3834277 -0.005107581 -5.30502e-4 0.3830856 -0.004626214 -0.002017676 0.3836809 -0.005482614 -0.002018213 0.3836923 -0.005499958 -0.002019286 0.383754 -0.005594432 -0.002013504 0.3836303 -0.005406379 -0.001999437 0.3835468 -0.005281805 -0.001990973 0.3835146 -0.00523436 -0.001973569 0.3834655 -0.005162477 -0.001962363 0.383441 -0.005126893 -0.001923024 0.383377 -0.005034446 -0.001917958 0.3833704 -0.005025088 -0.001863956 0.3833147 -0.004945576 -0.001805424 0.3832724 -0.004885673 -0.001731634 0.3832337 -0.004831254 -0.001640737 0.3831998 -0.004783987 0.002256691 0.3833919 -0.005055963 0.003227651 0.3834272 -0.005106747 0.003251433 0.3834639 -0.005160152 0.002505302 0.3831219 -0.004675865 0.002710938 0.3831515 -0.004716873 0.002855658 0.3831852 -0.004763484 0.00295633 0.3832192 -0.004810988 0.00303936 0.3832584 -0.004865944 0.003114104 0.3833069 -0.004934549 0.003179788 0.3833671 -0.00502038 0.003291726 0.3835418 -0.005274415 0.003323256 0.3836233 -0.00539571 3.66037e-4 0.3830766 -0.004613697 0.001170456 0.3830766 -0.004613697 0.002022504 0.3830891 -0.004630923 0.003409445 0.3840464 -0.006059408 0.003416359 0.3841059 -0.006157994 -0.001904249 0.3844307 -0.006725132 0.003443479 0.3844261 -0.006716549 -0.001867592 0.3845534 -0.006954491 0.003481566 0.3857276 -0.01084011 -0.00106424 0.3857163 -0.01065129 0.003481566 0.3856982 -0.01044964 -0.001113414 0.3856992 -0.01046001 0.003480672 0.3855817 -0.009707987 -0.001281559 0.385597 -0.009783148 0.003479599 0.3855031 -0.009366393 -0.001416265 0.3854619 -0.009209394 0.00347501 0.3852576 -0.00855565 -0.001560509 0.385258 -0.008556544 0.003468751 0.385015 -0.007929146 -0.001743853 0.3848923 -0.007648527 -0.001767218 0.3848353 -0.00752449 0.003481566 0.3856936 -0.01183658 -7.80142e-4 0.3857077 -0.01170343 -0.001014947 0.3857276 -0.01084029 1.3601e-4 0.3846479 -0.01451337 1.18666e-4 0.3846793 -0.01446855 0.003481566 0.3847188 -0.01441103 -1.89909e-4 0.3851783 -0.01361387 0.003481566 0.3851934 -0.01358222 -4.69593e-4 0.3855078 -0.01275324 0.003481566 0.3855078 -0.01275306 -4.94567e-4 0.3855307 -0.01267254 -7.42313e-4 0.3856936 -0.01183676 3.66574e-4 0.3842073 -0.01507282 0.003481566 0.3840252 -0.01527464 4.59182e-4 0.3840239 -0.01527595 7.70533e-4 0.3834434 -0.01583951 7.06374e-4 0.3835525 -0.01574134 8.08802e-4 0.3833827 -0.0158928 0.001005113 0.383147 -0.01609152 9.68189e-4 0.38318 -0.0160644 0.003481566 0.3830766 -0.0161485 0.001170456 0.3830766 -0.0161485 0.001145482 0.3830783 -0.01614707 0.001120984 0.3830834 -0.01614308 0.001091361 0.3830934 -0.01613491 0.001054406 0.3831121 -0.01611983 9.32431e-4 0.3832174 -0.01603347 8.72987e-4 0.3832904 -0.01597219 6.5268e-4 0.3836495 -0.01565134 5.29987e-4 0.3838841 -0.01542162 0.001170456 0.3624925 -0.02189403 0.001170456 0.3648102 -0.02158892 0.003481566 0.3648102 -0.02158892 0.001170456 0.3752706 -0.01927483 0.003481566 0.3752706 -0.01927483 0.001170456 0.3710781 -0.020415 0.001170456 0.3504157 -0.02276086 0.003481566 0.3504157 -0.02276086 0.001170456 0.3194247 -0.02431333 0.003481566 0.3096641 -0.02501422 0.001170456 0.3096641 -0.02501422 0.001170456 0.2903518 -0.02683866 0.003481566 0.2745882 -0.02870911 0.001170456 0.2745882 -0.02870911 0.001170456 0.2594102 -0.03036791 0.003481566 0.2484564 -0.03117442 0.001170456 0.2484564 -0.03117442 0.001170456 0.2297729 -0.03240174 0.003481566 0.2178764 -0.03337013 0.001170456 0.2178764 -0.03337013 0.001170456 0.206588 -0.03439581 0.003481566 0.1992172 -0.03529149 0.001170456 0.1992172 -0.03529149 0.001170456 0.1915122 -0.03657889 0.003481626 0.1776746 -0.0389651 0.001170516 0.1776746 -0.0389651 0.001170516 0.1710939 -0.03950929 0.003481626 0.1669063 -0.03959977 0.001170516 0.1669063 -0.03959977 0.001170516 0.1588118 -0.03941279 0.003481626 0.147922 -0.03888082 0.001170516 0.147922 -0.03888082 0.003481626 0.1280559 -0.03765201 0.001170516 0.1280559 -0.03765201 0.003481626 0.1140029 -0.03593039 0.001170516 0.1140029 -0.03593039 0.001170516 0.1247315 -0.03736239 0.003481626 0.06994748 -0.02255856 0.001170516 0.0989927 -0.03213518 0.003481626 0.0989927 -0.03213518 0.001170516 0.100791 -0.03268039 0.001170516 0.1129463 -0.03573262 0.001170516 0.05682426 -0.01913368 0.001170516 0.05994653 -0.01975589 0.003481626 0.05994653 -0.01975589 0.001170516 0.06429004 -0.02085399 0.001170516 0.06994748 -0.02255856 0.001170516 0.0519877 -0.01852786 0.003481626 0.0519877 -0.01852786 0.003481626 0.04395937 -0.01864105 0.003481626 0.03086745 -0.02061134 0.001170516 0.03483188 -0.01991605 0.001170516 0.04395937 -0.01864105 0.001170516 0.0197221 -0.02215522 0.001170516 0.02889633 -0.02095121 0.001170516 0.03086745 -0.02061134 0.003481626 0.0197221 -0.02215522 0.003481626 0.01289778 -0.02223283 0.001170516 0.01289778 -0.02223283 0.001170456 0.3449279 0.01095026 0.001170456 0.3538592 0.009188652 -9.09521e-4 0.3521198 0.009569466 0.001170456 0.3700939 0.00391829 -8.05942e-4 0.3675063 0.005041778 0.001170456 0.3630203 0.00668925 -8.82411e-4 0.3617025 0.007111907 0.001170456 0.3595548 0.007749736 -8.95453e-4 0.359555 0.007749736 -9.06078e-4 0.3563248 0.008605718 0.001170456 0.3802611 -0.002233088 -3.32185e-4 0.3775124 -2.37504e-4 0.001170456 0.3768671 1.90125e-4 -4.9841e-4 0.3752934 0.001174509 -7.38788e-4 0.3700949 0.003917813 -9.09446e-4 0.01863998 0.01997673 0.001170516 0.01821577 0.01995956 -9.09448e-4 0.02844697 0.02062368 0.001170516 0.02844697 0.02062368 -9.0945e-4 0.0355398 0.02131789 0.001170516 0.04805678 0.02275508 -9.09453e-4 0.04805678 0.02275508 0.001170516 0.08336186 0.02675771 -9.0946e-4 0.08336186 0.02675771 0.001170516 0.09776133 0.02812808 -9.09469e-4 0.1206834 0.02891367 -9.09469e-4 0.1188188 0.02890813 0.001170516 0.1182932 0.02890521 -9.09466e-4 0.108316 0.0287007 -9.09464e-4 0.09776133 0.02812808 0.001170516 0.1206834 0.02891367 0.001170516 0.1663357 0.02893608 -9.09479e-4 0.1663357 0.02893608 0.001170516 0.180432 0.02864629 -9.09482e-4 0.180432 0.02864629 0.001170456 0.2080156 0.02697783 -9.09489e-4 0.2080156 0.02697783 0.001170456 0.2201455 0.02638399 -9.09495e-4 0.2364032 0.02548032 0.001170456 0.2389929 0.02526479 -9.09496e-4 0.2389929 0.02526479 0.001170456 0.2405285 0.02512377 -9.095e-4 0.2567471 0.02327728 0.001170456 0.2677934 0.02198499 -9.09507e-4 0.2875202 0.01992648 0.001170456 0.2832885 0.0203548 0.001170456 0.2875202 0.01992648 -9.0952e-4 0.3449279 0.01095026 -9.09512e-4 0.3130152 0.01635515 0.001170456 0.3130152 0.01635515 -9.09512e-4 0.3091045 0.01703059 0.001170456 0.2988857 0.01860845 -9.09509e-4 0.2984567 0.01866585 -9.09507e-4 0.2877767 0.01989996 -0.003451645 0.04348832 0.01140028 -0.003451645 0.03578567 0.01902419 -0.003451645 0.05294501 0.01146262 -0.003451645 0.06179225 0.02197116 -0.003451645 0.05393201 0.01140022 -0.003451645 0.06193625 0.01041775 -0.003451645 0.04136741 0.0112372 -0.003451645 0.02973359 0.009637832 -0.003451645 0.02609789 0.009000599 -0.003451704 0.3351637 0.01025956 -0.003451704 0.3516395 0.007313013 -0.003451704 0.3278217 0.00627774 -0.003451645 0.01873636 0.01767182 -0.003451704 0.3087185 0.01475614 -0.003451704 0.3021776 0.004467904 -0.003451704 0.2981525 0.01637864 -0.003451645 0.09797865 0.0258308 -0.003451645 0.08103436 0.005380153 -0.003451645 0.07721906 0.02371996 -0.003451645 0.07233518 0.008037865 -0.003451645 0.06522989 0.009785652 -0.003451704 0.2875393 0.01760524 -0.003451704 0.2936326 0.003672301 -0.003451704 0.2564684 0.02098715 -0.003451645 0.1698218 -0.009545862 -0.003451645 0.1648442 0.02662366 -0.003451645 0.1737923 -0.009226024 -0.003451645 0.1758455 0.0265156 -0.003451704 0.2718822 0.001173019 -0.003451704 0.2573688 -4.39131e-4 -0.003451704 0.2362245 0.02318006 -0.003451704 0.2274806 -0.002498984 -0.003451704 0.2150768 0.02430796 -0.003451704 0.2236093 -0.002802908 -0.003451704 0.1868566 0.02597922 -0.003451704 0.202054 -0.004719197 -0.003451704 0.185409 -0.007210075 -0.003451645 0.1634017 -0.009565412 -0.003451645 0.1414873 -0.008489549 -0.003451645 0.1188302 0.02660119 -0.003451645 0.1331878 -0.00796175 -0.003451645 0.1275761 -0.007507085 -0.003451645 0.1207733 -0.006663382 -0.003451645 0.1186357 -0.006286323 -0.003451645 0.1084003 0.02639532 -0.003451645 0.1090353 -0.003842234 -0.003451645 0.0923742 0.001614511 0.003481626 0.01831585 0.01742386 0.003481626 0.02711218 0.01796537 0.003481626 0.05055558 0.02049082 0.003481626 0.09851837 0.02563786 0.003481626 0.07771873 0.02354681 0.003481566 0.3622239 0.004279792 0.003481566 0.3533003 0.006713926 0.003481566 0.3402711 0.009175896 0.003481566 0.3182505 0.01285773 0.003481566 0.298547 0.01609349 0.003481566 0.2830355 0.01782977 0.003481566 0.2675107 0.01946312 0.003481566 0.240289 0.02259737 0.003481566 0.2200317 0.02384901 0.003481626 0.1917079 0.02543383 0.003481626 0.180981 0.02607935 0.003481626 0.170257 0.02638798 0.003481626 0.1183088 0.0263676 0.003481566 0.3741987 -0.00112909 0.003481566 0.3786979 -0.004232645 0.003481566 0.3851633 -0.009960591 0.003481566 0.3688719 0.00168699 -0.003285527 -0.187461 0.01493072 -0.003009676 -0.3745314 0.001181006 -0.00264424 -0.3767966 0.004686176 -0.002750158 -0.3726412 0.005282163 -0.001822292 -0.3804348 0.009491324 -0.002382338 -0.3803357 0.005437076 -4.60653e-4 -0.3827625 0.01414877 -1.26649e-4 -0.3830865 0.01479679 1.36303e-4 -0.3832854 0.01519483 5.27525e-4 -0.3834949 0.01561421 8.76825e-4 -0.3773627 0.01851302 9.69956e-4 -0.3773735 0.01854354 3.68694e-4 -0.01031291 0.02152633 -1.26733e-4 -0.01041167 0.02078217 -0.001048088 -0.01428174 0.01861447 -0.001822412 -0.01888906 0.01506125 -0.002750277 -0.0265451 0.007040679 -0.003285586 -0.02522534 -7.64833e-4 -0.001822412 -0.02770745 0.01391512 -0.001048088 -0.01913172 0.01850807 -4.60737e-4 -0.01422441 0.02036458 -1.26732e-4 -0.01420068 0.0210886 0.001060545 -0.01033127 0.02197885 0.001057505 -0.37738 0.01856172 0.001062035 -0.3773051 0.01858913 -0.001048028 -0.3819797 0.01258236 -0.003285527 -0.3598899 2.43758e-5 -0.003403306 -0.3632012 -0.004140853 -0.003285527 -0.3660465 -0.001026511 -0.003331124 -0.3673213 -0.002543628 -0.00329411 -0.3686665 -0.001948177 -0.003285586 -0.03108865 -0.001787245 -0.003285586 -0.0376414 -0.002807557 -0.003285586 -0.04400748 -0.003450751 -0.003285586 -0.05249691 -0.003508925 -0.003285586 -0.06057918 -0.002567887 -0.003285586 -0.07019907 -3.63257e-4 0.001058876 -0.08287978 0.02682542 -0.003285586 -0.0799064 0.002630054 -0.003285586 -0.08983111 0.005935013 -0.003285586 -0.1070887 0.0115751 -0.003285586 -0.1171253 0.01410812 -0.003285586 -0.1268213 0.01543766 -0.003285586 -0.1410207 0.01644223 -0.003285586 -0.1597374 0.01740819 -0.003285586 -0.1701605 0.0175051 -0.003285527 -0.1783182 0.01661652 -0.003285527 -0.2280903 0.01044207 -0.003285527 -0.2574368 0.008432447 -0.003285527 -0.272844 0.006735205 -0.003285527 -0.287907 0.004950702 -0.003285527 -0.3028542 0.003469765 -0.003285527 -0.3179368 0.002339601 -0.003285527 -0.3493313 7.62636e-4 -0.003434836 -0.3593932 -0.005364179 -0.003424108 -0.3610234 -0.00486654 0.001057446 -0.01416152 0.02228444 0.001057446 -0.01025432 0.02196824 0.001064896 -0.01408457 0.02228295 0.001080453 -0.01945585 0.02216953 0.001142084 -0.02889704 0.02095097 0.001142024 -0.03483265 0.01991635 -4.60735e-4 -0.01925468 0.02025485 -4.60733e-4 -0.02857542 0.01904869 -0.001048088 -0.02828347 0.01732212 -4.60732e-4 -0.03450471 0.01801514 -0.001048088 -0.03420698 0.01628959 -4.60729e-4 -0.04531502 0.01660126 0.001057446 -0.01938956 0.02217102 0.001057446 -0.02889561 0.02094274 0.001057446 -0.03483122 0.01990813 0.001065731 -0.04536163 0.01852446 0.001057446 -0.04544001 0.01851803 0.001072287 -0.05133014 0.01847797 0.001057446 -0.05125623 0.01847147 0.001057446 -0.05682659 0.0191254 0.001142263 -0.0568251 0.01913368 0.001142024 -0.06429094 0.02085393 0.001057446 -0.0642932 0.02084583 0.00106132 -0.07299202 0.02353304 0.001057446 -0.07306963 0.02355778 0.001057446 -0.08280074 0.02679854 0.001057446 -0.1007943 0.03267228 0.001142084 -0.1007919 0.03268033 0.001142084 -0.1129472 0.03573232 0.001057446 -0.1129488 0.03572404 0.001141965 -0.1247323 0.03736245 0.001059114 -0.1398121 0.0384249 0.001057446 -0.1247331 0.03735411 0.001057446 -0.139729 0.03841978 0.001057446 -0.1588129 0.03940427 0.001141905 -0.1710947 0.03950935 0.001142144 -0.1588125 0.03941267 -0.001822352 -0.03361958 0.01288437 -0.002750277 -0.0324344 0.00601381 -0.001822352 -0.03960388 0.01195073 -0.002750277 -0.0386849 0.005039572 -0.001822352 -0.04497623 0.01140582 -0.002750277 -0.04452258 0.004448652 -0.001822352 -0.05165791 0.01135557 -0.002750277 -0.05205076 0.00439465 -0.001822352 -0.05804145 0.01210236 -0.002750277 -0.05922985 0.005232453 -0.001822352 -0.06620514 0.01397955 -0.002750277 -0.06807547 0.007263004 -0.001822352 -0.07528299 0.01678264 -0.002750277 -0.07744807 0.01015514 -0.001822352 -0.08507674 0.02004414 -0.002750217 -0.08730316 0.01343703 -0.001822352 -0.1028321 0.0258423 -0.002750217 -0.1048254 0.01916116 -0.001822352 -0.1143009 0.02872616 -0.002750217 -0.1156235 0.02188074 -0.001822352 -0.1254091 0.03025889 -0.002750217 -0.1260704 0.02331829 -0.001822352 -0.1401472 0.03130483 -0.002750217 -0.1405562 0.02434486 -0.001822352 -0.1591122 0.03228324 -0.002750217 -0.159405 0.02531749 -0.001822352 -0.170792 0.03238004 -0.002750217 -0.1704962 0.02541434 -0.001822352 -0.1807402 0.03130656 -0.002750217 -0.179606 0.02442741 -0.001822352 -0.1902001 0.02956497 0.001142203 -0.2065888 0.03439557 0.001142203 -0.1915129 0.03657895 0.00105983 -0.181819 0.03835266 -0.002750217 -0.1889174 0.02271193 -0.003285527 -0.1958492 0.01352483 -0.003285527 -0.204298 0.0124911 0.001142203 -0.2297737 0.03240156 0.001142144 -0.2594109 0.03036773 1.36219e-4 -0.01035314 0.02122318 1.3622e-4 -0.01418608 0.02153325 1.36221e-4 -0.01933681 0.02142125 -1.26731e-4 -0.01930558 0.02097749 1.36223e-4 -0.02877038 0.02020168 -1.26729e-4 -0.02869617 0.01976299 1.36224e-4 -0.03470349 0.01916742 -1.26727e-4 -0.03462785 0.01872903 1.36227e-4 -0.04539114 0.01776802 -1.26725e-4 -0.04536217 0.01732409 1.36228e-4 -0.05129861 0.01772111 -1.26724e-4 -0.05132365 0.01727694 1.36229e-4 -0.05695468 0.01838481 -1.26722e-4 -0.05703049 0.01794648 1.36231e-4 -0.06449484 0.02012175 -1.26721e-4 -0.06461417 0.01969313 1.36233e-4 -0.07330304 0.02284336 -1.26719e-4 -0.0734412 0.02242046 1.36235e-4 -0.08304077 0.02608633 -1.26716e-4 -0.08318287 0.02566468 1.36239e-4 -0.1010092 0.03195208 -1.26712e-4 -0.1011365 0.03152573 1.36242e-4 -0.1130914 0.03498613 -1.2671e-4 -0.1131758 0.03454935 1.36245e-4 -0.1248044 0.03660595 -1.26707e-4 -0.1248466 0.03616303 1.36248e-4 -0.1397731 0.03766953 -1.26704e-4 -0.1397992 0.03722542 1.36252e-4 -0.1588445 0.03865337 -1.26699e-4 -0.1588632 0.0382089 1.36255e-4 -0.1710625 0.03875011 -1.26697e-4 -0.1710436 0.03830558 1.36258e-4 -0.1817774 0.03759741 -1.26694e-4 -0.181705 0.03715848 1.3626e-4 -0.1913731 0.03583192 -1.26692e-4 -0.1912913 0.03539466 1.36263e-4 -0.2065097 0.03363978 -1.26689e-4 -0.2064634 0.03319722 1.36268e-4 -0.2297156 0.0316438 -1.26683e-4 -0.2296816 0.03120017 1.36275e-4 -0.2593427 0.02961081 -1.26677e-4 -0.2593029 0.02916771 1.36279e-4 -0.2754089 0.02784395 -1.26673e-4 -0.2753552 0.02740234 1.36282e-4 -0.2902682 0.02608323 0.001142144 -0.3624932 0.02189403 0.001142203 -0.3501921 0.0227698 0.001142263 -0.3194254 0.02431315 0.001142203 -0.2903525 0.02683854 0.001142144 -0.2755005 0.02859842 0.001141846 -0.3710789 0.02041548 -0.002750217 -0.1969732 0.02136087 -0.002750217 -0.2051213 0.02036446 -0.002750217 -0.2286953 0.0183351 -0.002750217 -0.2581463 0.01631683 -0.002750217 -0.2737988 0.01459372 -0.002750217 -0.288786 0.01281809 -0.002750217 -0.3035257 0.01135748 -0.002750217 -0.3184719 0.01023775 -0.002750217 -0.3496407 0.008672833 -0.002750158 -0.3608256 0.007885158 -0.002750158 -0.3678554 0.006680548 -0.003216743 -0.3708134 -9.10691e-4 0.001057505 -0.371077 0.02040725 0.001057505 -0.3624923 0.02188569 0.001057505 -0.3501918 0.0227614 0.001057505 -0.3194248 0.0243048 0.001057505 -0.2903516 0.02683019 0.001057505 -0.2754995 0.02859002 0.001057505 -0.2594101 0.03035938 0.001057505 -0.2297731 0.03239315 0.001057505 -0.2065879 0.03438723 0.001057505 -0.1915114 0.03657066 0.001057505 -0.1818997 0.03833901 0.001057505 -0.1710943 0.03950101 9.69873e-4 -0.01025682 0.02194911 9.69874e-4 -0.01416212 0.02226513 9.69875e-4 -0.01938825 0.0221517 9.69877e-4 -0.02889245 0.02092373 9.69879e-4 -0.03482794 0.01988905 9.69881e-4 -0.04543876 0.01849877 9.69882e-4 -0.05125737 0.01845222 9.69884e-4 -0.05682986 0.01910638 9.69885e-4 -0.06429839 0.02082717 9.69887e-4 -0.07307565 0.02353942 9.6989e-4 -0.08280694 0.02678024 9.69894e-4 -0.1007999 0.0326538 9.69896e-4 -0.1129525 0.03570508 9.69899e-4 -0.1247349 0.03733485 9.69902e-4 -0.1397302 0.03840053 9.69907e-4 -0.1588137 0.03938502 9.6991e-4 -0.1710935 0.03948169 9.69912e-4 -0.1818965 0.03832 9.69914e-4 -0.1915078 0.03655171 9.69918e-4 -0.2065858 0.03436803 9.69923e-4 -0.2297716 0.03237396 9.6993e-4 -0.2594084 0.03034013 9.69933e-4 -0.2754972 0.02857089 9.69937e-4 -0.2903495 0.02681094 9.69943e-4 -0.3194235 0.02428549 9.6995e-4 -0.3501911 0.02274209 9.69953e-4 -0.3624899 0.02186655 9.69955e-4 -0.3710726 0.02038848 8.76742e-4 -0.01026105 0.02191698 8.76743e-4 -0.01416319 0.02223277 8.76744e-4 -0.01938599 0.02211946 8.76746e-4 -0.02888703 0.02089172 8.76747e-4 -0.03482246 0.01985716 8.7675e-4 -0.04543668 0.01846641 8.76751e-4 -0.05125916 0.01841986 8.76752e-4 -0.05683535 0.01907444 8.76754e-4 -0.06430709 0.020796 8.76756e-4 -0.07308572 0.02350866 8.76758e-4 -0.08281725 0.02674955 8.76762e-4 -0.1008091 0.03262275 8.76765e-4 -0.1129587 0.03567332 8.76768e-4 -0.124738 0.03730267 8.76771e-4 -0.1397321 0.03836822 8.76775e-4 -0.1588151 0.03935265 8.76778e-4 -0.1710921 0.03944939 8.76781e-4 -0.1818913 0.03828799 8.76783e-4 -0.1915019 0.03651988 8.76786e-4 -0.2065825 0.03433585 8.76791e-4 -0.2297691 0.03234165 8.76798e-4 -0.2594054 0.03030788 8.76802e-4 -0.2754933 0.0285387 8.76805e-4 -0.2903459 0.02677881 8.76812e-4 -0.3194214 0.02425324 8.76819e-4 -0.3501898 0.02270978 8.76821e-4 -0.3624861 0.02183437 8.76823e-4 -0.3710652 0.02035695 7.74944e-4 -0.01026755 0.02186799 7.74945e-4 -0.0141648 0.02218341 7.74946e-4 -0.01938253 0.02207016 7.74948e-4 -0.0288788 0.02084302 7.74949e-4 -0.03481405 0.01980847 7.74952e-4 -0.04543346 0.01841717 7.74953e-4 -0.05126196 0.01837056 7.74954e-4 -0.05684381 0.01902574 7.74956e-4 -0.06432032 0.02074843 7.74958e-4 -0.07310104 0.02346175 7.7496e-4 -0.08283305 0.02670276 7.74964e-4 -0.1008232 0.03257542 7.74967e-4 -0.112968 0.0356248 7.7497e-4 -0.1247427 0.03725349 7.74973e-4 -0.139735 0.03831887 7.74977e-4 -0.1588171 0.0393033 7.7498e-4 -0.17109 0.03940004 7.74983e-4 -0.1818832 0.03823924 7.74985e-4 -0.1914928 0.0364713 7.74988e-4 -0.2065774 0.03428673 7.74993e-4 -0.2297653 0.03229236 7.75e-4 -0.259401 0.03025871 7.75004e-4 -0.2754873 0.02848964 7.75007e-4 -0.2903404 0.0267297 7.75014e-4 -0.319418 0.02420395 7.75021e-4 -0.3501879 0.02266043 7.75024e-4 -0.3624803 0.02178531 7.75025e-4 -0.3710539 0.02030885 7.75027e-4 -0.3773461 0.01846653 6.60387e-4 -0.01027721 0.02179545 6.60388e-4 -0.01416718 0.02211022 6.60389e-4 -0.01937735 0.02199715 6.60391e-4 -0.02886658 0.0207709 6.60392e-4 -0.0348016 0.01973634 6.60395e-4 -0.04542869 0.01834416 6.60396e-4 -0.05126607 0.01829755 6.60397e-4 -0.05685627 0.01895368 6.60399e-4 -0.06433993 0.02067786 6.60401e-4 -0.07312375 0.02339214 6.60403e-4 -0.08285641 0.02663338 6.60407e-4 -0.1008442 0.03250533 6.6041e-4 -0.1129819 0.03555297 6.60413e-4 -0.1247496 0.0371806 6.60416e-4 -0.1397393 0.03824585 6.6042e-4 -0.1588202 0.03923016 6.60423e-4 -0.1710869 0.03932684 6.60426e-4 -0.1818713 0.03816705 6.60428e-4 -0.1914793 0.03639942 6.60431e-4 -0.2065697 0.03421396 6.60437e-4 -0.2297597 0.0322194 6.60443e-4 -0.2593945 0.03018581 6.60447e-4 -0.2754785 0.02841705 6.6045e-4 -0.2903323 0.02665692 6.60457e-4 -0.319413 0.02413088 6.60464e-4 -0.350185 0.02258723 6.60467e-4 -0.3624716 0.02171266 6.60469e-4 -0.3710372 0.02023762 6.6047e-4 -0.3773215 0.01839762 6.60471e-4 -0.3835434 0.01571124 5.27441e-4 -0.01029145 0.02168792 5.27441e-4 -0.01417076 0.02200186 5.27443e-4 -0.01936978 0.02188891 5.27445e-4 -0.02884852 0.02066397 5.27446e-4 -0.03478318 0.01962947 5.27449e-4 -0.04542165 0.01823592 5.2745e-4 -0.05127221 0.01818925 5.27451e-4 -0.05687475 0.0188468 5.27453e-4 -0.06436908 0.02057343 5.27455e-4 -0.07315742 0.02328902 5.27457e-4 -0.08289104 0.02653056 5.27461e-4 -0.1008752 0.03240132 5.27464e-4 -0.1130025 0.03544646 5.27467e-4 -0.1247599 0.03707265 5.2747e-4 -0.1397456 0.03813755 5.27474e-4 -0.1588248 0.0391218 5.27477e-4 -0.1710823 0.03921848 5.27479e-4 -0.1818537 0.03806006 5.27482e-4 -0.1914594 0.03629279 5.27485e-4 -0.2065585 0.03410607 5.2749e-4 -0.2297514 0.03211128 5.27497e-4 -0.2593848 0.03007775 5.27501e-4 -0.2754654 0.02830934 5.27504e-4 -0.2903202 0.02654922 5.27511e-4 -0.3194057 0.02402269 5.27517e-4 -0.3501808 0.02247887 5.2752e-4 -0.3624588 0.02160495 5.27522e-4 -0.3710124 0.020132 5.27524e-4 -0.377285 0.0182954 3.68695e-4 -0.01417607 0.0218389 3.68696e-4 -0.01935827 0.02172631 3.68698e-4 -0.02882134 0.02050322 3.68699e-4 -0.03475546 0.01946878 3.68702e-4 -0.04541099 0.0180732 3.68703e-4 -0.05128139 0.01802647 3.68704e-4 -0.05690252 0.01868617 3.68706e-4 -0.06441277 0.02041637 3.68708e-4 -0.07320809 0.02313399 3.6871e-4 -0.08294314 0.02637606 3.68714e-4 -0.1009218 0.03224515 3.68717e-4 -0.1130334 0.03528642 3.6872e-4 -0.1247754 0.03691035 3.68723e-4 -0.1397552 0.03797483 3.68727e-4 -0.1588316 0.03895896 3.6873e-4 -0.1710754 0.03905564 3.68733e-4 -0.1818271 0.03789913 3.68735e-4 -0.1914294 0.03613251 3.68738e-4 -0.2065415 0.03394389 3.68743e-4 -0.229739 0.03194874 3.6875e-4 -0.2593702 0.02991539 3.68754e-4 -0.2754458 0.02814751 3.68757e-4 -0.2903021 0.02638715 3.68764e-4 -0.3193947 0.02386003 3.68771e-4 -0.3501744 0.02231597 3.68773e-4 -0.3624396 0.021443 3.68775e-4 -0.3709751 0.01997327 3.68777e-4 -0.3772302 0.01814186 3.68778e-4 -0.383422 0.01546835 1.36289e-4 -0.319374 0.02355498 1.36296e-4 -0.3501624 0.02201038 1.36299e-4 -0.3624034 0.02113938 1.363e-4 -0.3709053 0.01967555 1.36302e-4 -0.3771274 0.01785385 -1.2667e-4 -0.2902188 0.02564108 -1.26666e-4 -0.3046202 0.02421373 -1.26663e-4 -0.319344 0.02311104 -1.26656e-4 -0.3501451 0.02156585 -1.26653e-4 -0.3623508 0.02069759 -1.26651e-4 -0.3708036 0.0192424 -1.2665e-4 -0.3769779 0.01743483 -4.60728e-4 -0.05136448 0.01655369 -4.60727e-4 -0.05715399 0.01723265 -4.60725e-4 -0.06480848 0.01899528 -4.60723e-4 -0.07366615 0.02173179 -4.60721e-4 -0.08341419 0.02497822 -4.60717e-4 -0.1013435 0.03083157 -4.60714e-4 -0.1133133 0.03383809 -4.60711e-4 -0.1249153 0.03544187 -4.60708e-4 -0.1398417 0.03650224 -4.60704e-4 -0.1588936 0.03748512 -4.60701e-4 -0.1710129 0.0375818 -4.60699e-4 -0.1815872 0.03644371 -4.60696e-4 -0.1911579 0.03468257 -4.60693e-4 -0.2063881 0.03247672 -4.60688e-4 -0.2296262 0.03047794 -4.60681e-4 -0.2592379 0.02844625 -4.60677e-4 -0.2752678 0.02668321 -4.60674e-4 -0.2901383 0.02492117 -4.60671e-4 -0.3045587 0.02349197 -4.60667e-4 -0.319295 0.02238827 -4.6066e-4 -0.3501167 0.02084195 -4.60658e-4 -0.3622652 0.01997828 -4.60656e-4 -0.3706381 0.01853716 -4.60654e-4 -0.3767344 0.01675254 -0.001048088 -0.04005938 0.01537597 -0.001048088 -0.04520106 0.01485389 -0.001048088 -0.05146318 0.01480543 -0.001048088 -0.05745244 0.01550716 -0.001048088 -0.06527823 0.01730835 -0.001048088 -0.07420992 0.02006727 -0.001048088 -0.08397334 0.02331876 -0.001048088 -0.1018442 0.02915352 -0.001048088 -0.1136454 0.03211879 -0.001048088 -0.1250814 0.03369873 -0.001048088 -0.1399444 0.03475421 -0.001048088 -0.1589671 0.0357356 -0.001048088 -0.1709386 0.03583234 -0.001048088 -0.1813023 0.03471595 -0.001048088 -0.1908358 0.03296142 -0.001048088 -0.206206 0.03073525 -0.001048088 -0.2294924 0.02873194 -0.001048028 -0.259081 0.02670222 -0.001048028 -0.2750566 0.0249449 -0.001048028 -0.2899439 0.02318096 -0.001048028 -0.3044102 0.02174723 -0.001048028 -0.3191766 0.02064126 -0.001048028 -0.3500483 0.01909226 -0.001048028 -0.3620582 0.01823943 -0.001048028 -0.370238 0.01683235 -0.001048028 -0.3761459 0.01510328 -0.001822352 -0.2058466 0.02729856 -0.001822352 -0.2292283 0.02528673 -0.001822352 -0.2587713 0.02326077 -0.001822352 -0.2746398 0.02151477 -0.001822352 -0.2895602 0.01974689 -0.001822292 -0.3041171 0.01830428 -0.001822292 -0.3189431 0.01719379 -0.001822292 -0.3499132 0.01563948 -0.001822292 -0.3616498 0.01480829 -0.001822292 -0.3694484 0.01346826 -0.001822292 -0.3749845 0.0118488 -0.003285646 0.1874602 -0.01493036 -0.003009855 0.3745306 -0.001180648 -0.002644419 0.3767958 -0.004685819 -0.002750337 0.3726404 -0.005281805 -0.001822471 0.3804341 -0.009490966 -0.002382457 0.3803349 -0.005436718 -4.60826e-4 0.3827617 -0.01414841 -1.26822e-4 0.3830856 -0.01479643 1.3613e-4 0.3832846 -0.01519441 5.27351e-4 0.3834941 -0.01561379 8.76654e-4 0.3773619 -0.01851266 9.69785e-4 0.3773728 -0.01854318 3.68689e-4 0.01031213 -0.02152591 -1.26738e-4 0.0104109 -0.02078175 -0.001048088 0.01428097 -0.01861411 -0.001822412 0.01888829 -0.0150609 -0.002750277 0.02654433 -0.007040321 -0.003285586 0.02522456 7.65199e-4 -0.001822412 0.02770662 -0.01391476 -0.001048088 0.01913094 -0.01850771 -4.60743e-4 0.01422363 -0.02036422 -1.26739e-4 0.01419985 -0.02108824 0.001060545 0.01033043 -0.02197849 0.001057326 0.3773792 -0.01856136 0.001061856 0.3773043 -0.01858878 -0.001048207 0.3819789 -0.012582 -0.003285706 0.3598891 -2.40097e-5 -0.003403425 0.3632004 0.004141271 -0.003285706 0.3660457 0.001026868 -0.003331243 0.3673205 0.002543985 -0.003294289 0.3686657 0.001948595 -0.003285586 0.03108787 0.001787602 -0.003285586 0.03764063 0.002807915 -0.003285586 0.04400664 0.003451108 -0.003285586 0.05249613 0.003509283 -0.003285586 0.0605784 0.002568304 -0.003285586 0.07019823 3.63624e-4 0.001058876 0.082879 -0.02682501 -0.003285586 0.07990562 -0.002629697 -0.003285586 0.08983039 -0.005934655 -0.003285646 0.1070879 -0.01157474 -0.003285646 0.1171245 -0.01410782 -0.003285646 0.1268205 -0.0154373 -0.003285646 0.1410199 -0.01644188 -0.003285646 0.1597366 -0.01740783 -0.003285646 0.1701597 -0.01750481 -0.003285646 0.1783174 -0.0166161 -0.003285646 0.2280895 -0.01044172 -0.003285646 0.2574359 -0.00843209 -0.003285646 0.2728431 -0.006734848 -0.003285646 0.2879062 -0.004950344 -0.003285646 0.3028534 -0.003469347 -0.003285646 0.317936 -0.002339243 -0.003285646 0.3493304 -7.6224e-4 -0.003435015 0.3593924 0.005364596 -0.003424227 0.3610226 0.004866898 0.001057446 0.01416069 -0.02228409 0.001057446 0.01025348 -0.02196782 0.001064896 0.0140838 -0.02228266 0.001080453 0.01945507 -0.02216923 0.001142084 0.02889627 -0.02095067 0.001142024 0.03483188 -0.01991599 -4.60744e-4 0.01925396 -0.02025449 -4.60746e-4 0.02857464 -0.01904839 -0.001048147 0.0282827 -0.01732182 -4.60748e-4 0.03450387 -0.01801478 -0.001048147 0.03420621 -0.01628917 -4.6075e-4 0.04531425 -0.01660084 0.001057446 0.01938885 -0.0221706 0.001057446 0.0288949 -0.02094238 0.001057446 0.03483045 -0.01990771 0.001065671 0.0453608 -0.01852411 0.001057446 0.04543924 -0.01851767 0.001072227 0.05132937 -0.01847755 0.001057446 0.05125546 -0.01847112 0.001057446 0.05682575 -0.01912498 0.001142203 0.05682432 -0.01913332 0.001141965 0.06429022 -0.02085351 0.001057446 0.06429243 -0.02084541 0.00106126 0.07299125 -0.02353274 0.001057446 0.07306885 -0.02355742 0.001057446 0.08279997 -0.02679818 0.001057386 0.1007936 -0.03267192 0.001142024 0.1007912 -0.03267997 0.001142024 0.1129465 -0.03573197 0.001057386 0.1129481 -0.03572368 0.001141905 0.1247316 -0.03736209 0.001059055 0.1398114 -0.03842461 0.001057386 0.1247323 -0.03735369 0.001057386 0.1397283 -0.03841942 0.001057386 0.1588121 -0.03940391 0.001141846 0.1710938 -0.03950899 0.001142084 0.1588118 -0.03941231 -0.001822412 0.0336188 -0.01288408 -0.002750277 0.03243356 -0.006013453 -0.001822412 0.03960311 -0.01195037 -0.002750277 0.03868407 -0.005039215 -0.001822412 0.04497545 -0.01140546 -0.002750277 0.04452174 -0.004448294 -0.001822412 0.05165714 -0.01135516 -0.002750277 0.05205005 -0.004394292 -0.001822412 0.05804061 -0.012102 -0.002750277 0.05922901 -0.005232095 -0.001822412 0.06620436 -0.01397919 -0.002750277 0.06807464 -0.007262647 -0.001822412 0.07528221 -0.01678228 -0.002750277 0.07744729 -0.01015478 -0.001822412 0.08507597 -0.02004379 -0.002750277 0.08730238 -0.01343667 -0.001822412 0.1028313 -0.02584195 -0.002750277 0.1048246 -0.0191608 -0.001822412 0.1143001 -0.0287258 -0.002750277 0.1156228 -0.02188032 -0.001822412 0.1254083 -0.03025847 -0.002750277 0.1260696 -0.02331793 -0.001822412 0.1401464 -0.03130441 -0.002750277 0.1405555 -0.0243445 -0.001822412 0.1591114 -0.03228288 -0.002750277 0.1594042 -0.02531707 -0.001822412 0.1707912 -0.03237968 -0.002750277 0.1704955 -0.02541399 -0.001822412 0.1807394 -0.0313062 -0.002750337 0.1796053 -0.02442705 -0.001822412 0.1901993 -0.02956461 0.001142144 0.206588 -0.03439521 0.001142144 0.1915121 -0.03657859 0.00105971 0.1818182 -0.03835231 -0.002750337 0.1889166 -0.02271157 -0.003285646 0.1958484 -0.01352447 -0.003285646 0.2042971 -0.01249074 0.001142084 0.2297729 -0.0324012 0.001142024 0.2594101 -0.03036737 1.36214e-4 0.01035237 -0.02122282 1.36213e-4 0.01418536 -0.02153289 1.36212e-4 0.01933604 -0.02142089 -1.2674e-4 0.01930481 -0.02097707 1.3621e-4 0.02876955 -0.02020126 -1.26742e-4 0.0286954 -0.01976263 1.36209e-4 0.03470265 -0.01916706 -1.26743e-4 0.03462707 -0.01872867 1.36206e-4 0.04539036 -0.01776766 -1.26746e-4 0.04536134 -0.01732373 1.36205e-4 0.05129784 -0.01772075 -1.26747e-4 0.05132293 -0.01727658 1.36204e-4 0.0569539 -0.01838445 -1.26748e-4 0.05702972 -0.01794606 1.36202e-4 0.06449407 -0.02012139 -1.2675e-4 0.0646134 -0.01969277 1.362e-4 0.0733022 -0.02284294 -1.26752e-4 0.07344043 -0.02242004 1.36198e-4 0.08303993 -0.02608591 -1.26754e-4 0.08318203 -0.02566432 1.36194e-4 0.1010085 -0.03195172 -1.26758e-4 0.1011357 -0.03152537 1.36191e-4 0.1130906 -0.03498578 -1.26761e-4 0.113175 -0.03454893 1.36188e-4 0.1248036 -0.03660553 -1.26764e-4 0.1248458 -0.03616261 1.36185e-4 0.1397723 -0.03766918 -1.26767e-4 0.1397984 -0.037225 1.3618e-4 0.1588436 -0.03865301 -1.26771e-4 0.1588624 -0.03820848 1.36178e-4 0.1710616 -0.03874969 -1.26774e-4 0.1710427 -0.03830522 1.36175e-4 0.1817767 -0.03759706 -1.26776e-4 0.1817043 -0.03715807 1.36173e-4 0.1913723 -0.03583157 -1.26779e-4 0.1912904 -0.03539425 1.3617e-4 0.2065089 -0.03363937 -1.26782e-4 0.2064626 -0.03319686 1.36164e-4 0.2297148 -0.03164345 -1.26787e-4 0.2296808 -0.03119987 1.36158e-4 0.2593419 -0.02961045 -1.26794e-4 0.2593021 -0.02916735 1.36154e-4 0.2754081 -0.02784359 -1.26798e-4 0.2753544 -0.02740192 1.36151e-4 0.2902674 -0.02608287 0.001141965 0.3624925 -0.02189368 0.001142024 0.3501914 -0.02276939 0.001142084 0.3194246 -0.02431279 0.001142084 0.2903518 -0.02683812 0.001142024 0.2754997 -0.02859801 0.001141667 0.3710781 -0.02041506 -0.002750337 0.1969723 -0.02136057 -0.002750337 0.2051206 -0.02036404 -0.002750337 0.2286946 -0.0183348 -0.002750337 0.2581455 -0.01631647 -0.002750337 0.2737981 -0.0145933 -0.002750337 0.2887852 -0.01281768 -0.002750337 0.3035249 -0.01135706 -0.002750337 0.3184711 -0.01023739 -0.002750337 0.3496399 -0.008672475 -0.002750337 0.3608248 -0.0078848 -0.002750337 0.3678545 -0.00668019 -0.003216922 0.3708125 9.11057e-4 0.001057326 0.3710762 -0.0204069 0.001057326 0.3624914 -0.02188533 0.001057386 0.350191 -0.02276098 0.001057386 0.319424 -0.02430444 0.001057386 0.2903509 -0.02682977 0.001057386 0.2754987 -0.02858966 0.001057386 0.2594093 -0.03035897 0.001057386 0.2297723 -0.03239279 0.001057386 0.2065871 -0.03438687 0.001057386 0.1915106 -0.03657031 0.001057386 0.1818989 -0.0383386 0.001057386 0.1710935 -0.03950059 9.69869e-4 0.01025605 -0.02194869 9.69868e-4 0.01416134 -0.02226477 9.69867e-4 0.01938748 -0.02215135 9.69864e-4 0.02889162 -0.02092331 9.69863e-4 0.03482717 -0.01988869 9.69861e-4 0.04543799 -0.01849842 9.69859e-4 0.05125659 -0.01845186 9.69858e-4 0.05682909 -0.01910597 9.69856e-4 0.06429761 -0.02082681 9.69854e-4 0.07307487 -0.02353906 9.69852e-4 0.08280611 -0.02677989 9.69848e-4 0.1007991 -0.03265345 9.69845e-4 0.1129517 -0.03570473 9.69843e-4 0.1247341 -0.0373345 9.69839e-4 0.1397294 -0.03840017 9.69835e-4 0.1588129 -0.0393846 9.69832e-4 0.1710927 -0.03948134 9.6983e-4 0.1818957 -0.03831958 9.69828e-4 0.1915071 -0.03655135 9.69824e-4 0.2065851 -0.03436768 9.69819e-4 0.2297708 -0.03237354 9.69812e-4 0.2594076 -0.03033977 9.69808e-4 0.2754964 -0.02857047 9.69805e-4 0.2903487 -0.02681058 9.69799e-4 0.3194227 -0.02428513 9.69792e-4 0.3501902 -0.02274173 9.69789e-4 0.3624892 -0.02186614 9.69787e-4 0.3710718 -0.02038812 8.76737e-4 0.01026028 -0.02191662 8.76736e-4 0.01416236 -0.02223241 8.76735e-4 0.01938515 -0.02211904 8.76733e-4 0.02888625 -0.02089142 8.76731e-4 0.03482168 -0.01985681 8.76729e-4 0.0454359 -0.01846611 8.76728e-4 0.05125838 -0.01841956 8.76727e-4 0.05683457 -0.01907408 8.76725e-4 0.06430625 -0.02079564 8.76723e-4 0.07308489 -0.02350831 8.76721e-4 0.08281648 -0.02674919 8.76716e-4 0.1008083 -0.03262239 8.76714e-4 0.1129578 -0.03567296 8.76711e-4 0.1247372 -0.03730225 8.76708e-4 0.1397313 -0.03836786 8.76703e-4 0.1588143 -0.03935229 8.76701e-4 0.1710913 -0.03944897 8.76698e-4 0.1818905 -0.03828763 8.76696e-4 0.1915011 -0.03651952 8.76693e-4 0.2065817 -0.03433549 8.76687e-4 0.2297683 -0.03234124 8.76681e-4 0.2594047 -0.03030753 8.76677e-4 0.2754925 -0.02853834 8.76674e-4 0.2903451 -0.02677839 8.76667e-4 0.3194205 -0.02425289 8.7666e-4 0.350189 -0.02270936 8.76657e-4 0.3624854 -0.02183401 8.76655e-4 0.3710644 -0.02035659 7.74939e-4 0.01026678 -0.02186769 7.74938e-4 0.01416403 -0.022183 7.74937e-4 0.0193817 -0.02206975 7.74935e-4 0.02887803 -0.02084267 7.74934e-4 0.03481328 -0.01980811 7.74931e-4 0.04543262 -0.01841682 7.7493e-4 0.05126112 -0.01837021 7.74929e-4 0.05684298 -0.01902544 7.74927e-4 0.06431955 -0.02074807 7.74925e-4 0.07310026 -0.02346134 7.74923e-4 0.08283227 -0.0267024 7.74919e-4 0.1008225 -0.03257507 7.74916e-4 0.1129673 -0.03562444 7.74913e-4 0.1247419 -0.03725308 7.7491e-4 0.1397342 -0.03831857 7.74905e-4 0.1588164 -0.03930294 7.74903e-4 0.1710893 -0.03939962 7.749e-4 0.1818825 -0.03823888 7.74898e-4 0.191492 -0.03647094 7.74895e-4 0.2065766 -0.03428632 7.74889e-4 0.2297645 -0.032292 7.74883e-4 0.2594003 -0.03025829 7.74879e-4 0.2754865 -0.02848929 7.74876e-4 0.2903396 -0.02672934 7.74869e-4 0.3194172 -0.02420353 7.74862e-4 0.3501871 -0.02266001 7.74859e-4 0.3624795 -0.02178496 7.74857e-4 0.3710531 -0.02030849 7.74856e-4 0.3773453 -0.01846617 6.60382e-4 0.01027643 -0.02179509 6.60381e-4 0.01416641 -0.02210992 6.6038e-4 0.01937657 -0.02199679 6.60378e-4 0.02886581 -0.02077054 6.60377e-4 0.03480082 -0.01973599 6.60374e-4 0.04542791 -0.01834374 6.60373e-4 0.05126529 -0.01829713 6.60372e-4 0.05685549 -0.01895332 6.6037e-4 0.06433916 -0.02067756 6.60368e-4 0.07312297 -0.02339172 6.60366e-4 0.08285564 -0.02663302 6.60362e-4 0.1008434 -0.03250491 6.60359e-4 0.1129812 -0.03555256 6.60356e-4 0.1247488 -0.03718024 6.60353e-4 0.1397385 -0.03824549 6.60348e-4 0.1588194 -0.03922981 6.60346e-4 0.1710861 -0.03932648 6.60343e-4 0.1818705 -0.0381667 6.60341e-4 0.1914786 -0.036399 6.60338e-4 0.206569 -0.03421354 6.60332e-4 0.2297589 -0.03221905 6.60326e-4 0.2593937 -0.0301854 6.60322e-4 0.2754777 -0.02841669 6.60319e-4 0.2903315 -0.02665656 6.60312e-4 0.3194122 -0.02413058 6.60305e-4 0.3501842 -0.02258688 6.60302e-4 0.3624708 -0.0217123 6.603e-4 0.3710364 -0.0202372 6.60299e-4 0.3773207 -0.01839721 6.60298e-4 0.3835426 -0.01571089 5.27436e-4 0.01029068 -0.02168756 5.27435e-4 0.01416993 -0.02200144 5.27434e-4 0.01936894 -0.02188855 5.27432e-4 0.02884775 -0.02066355 5.2743e-4 0.0347824 -0.01962906 5.27428e-4 0.04542082 -0.0182355 5.27427e-4 0.05127137 -0.01818883 5.27425e-4 0.05687391 -0.01884639 5.27424e-4 0.06436824 -0.02057301 5.27422e-4 0.07315665 -0.02328866 5.27419e-4 0.08289027 -0.02653026 5.27415e-4 0.1008744 -0.03240096 5.27413e-4 0.1130017 -0.0354461 5.2741e-4 0.1247591 -0.03707224 5.27407e-4 0.1397448 -0.03813719 5.27402e-4 0.158824 -0.03912144 5.27399e-4 0.1710816 -0.03921812 5.27397e-4 0.1818529 -0.03805965 5.27395e-4 0.1914586 -0.03629237 5.27391e-4 0.2065576 -0.03410565 5.27386e-4 0.2297506 -0.03211092 5.27379e-4 0.259384 -0.03007739 5.27376e-4 0.2754646 -0.02830898 5.27372e-4 0.2903195 -0.0265488 5.27366e-4 0.3194049 -0.02402234 5.27359e-4 0.3501799 -0.02247852 5.27356e-4 0.362458 -0.02160453 5.27354e-4 0.3710116 -0.02013164 5.27353e-4 0.3772842 -0.01829504 3.68688e-4 0.01417535 -0.02183854 3.68687e-4 0.0193575 -0.02172595 3.68685e-4 0.02882051 -0.0205028 3.68683e-4 0.03475469 -0.01946842 3.68681e-4 0.04541027 -0.01807284 3.6868e-4 0.05128061 -0.01802605 3.68678e-4 0.05690175 -0.01868575 3.68677e-4 0.06441205 -0.02041596 3.68675e-4 0.07320725 -0.02313369 3.68673e-4 0.0829423 -0.02637571 3.68668e-4 0.100921 -0.03224474 3.68666e-4 0.1130326 -0.03528606 3.68663e-4 0.1247746 -0.03690993 3.6866e-4 0.1397544 -0.03797447 3.68655e-4 0.1588308 -0.03895854 3.68653e-4 0.1710746 -0.03905528 3.6865e-4 0.1818264 -0.03789883 3.68648e-4 0.1914286 -0.03613215 3.68645e-4 0.2065408 -0.03394353 3.68639e-4 0.2297382 -0.03194832 3.68633e-4 0.2593694 -0.02991497 3.68629e-4 0.2754449 -0.02814716 3.68626e-4 0.2903013 -0.02638673 3.68619e-4 0.3193939 -0.02385967 3.68612e-4 0.3501736 -0.02231556 3.68609e-4 0.3624388 -0.02144271 3.68607e-4 0.3709744 -0.01997292 3.68606e-4 0.3772295 -0.0181415 3.68604e-4 0.3834213 -0.015468 1.36144e-4 0.3193733 -0.02355456 1.36137e-4 0.3501616 -0.02201002 1.36134e-4 0.3624026 -0.02113902 1.36132e-4 0.3709045 -0.01967519 1.36131e-4 0.3771266 -0.01785349 -1.26801e-4 0.2902179 -0.02564072 -1.26804e-4 0.3046194 -0.02421337 -1.26808e-4 0.3193432 -0.02311068 -1.26815e-4 0.3501442 -0.02156543 -1.26817e-4 0.3623501 -0.02069723 -1.26819e-4 0.3708028 -0.01924204 -1.26821e-4 0.3769771 -0.01743441 -4.60751e-4 0.05136376 -0.01655334 -4.60753e-4 0.05715316 -0.01723223 -4.60754e-4 0.06480771 -0.01899492 -4.60756e-4 0.07366538 -0.02173143 -4.60759e-4 0.08341336 -0.0249778 -4.60763e-4 0.1013427 -0.03083115 -4.60765e-4 0.1133125 -0.03383773 -4.60768e-4 0.1249145 -0.03544151 -4.60771e-4 0.1398409 -0.03650188 -4.60776e-4 0.1588928 -0.03748476 -4.60778e-4 0.1710121 -0.03758144 -4.60781e-4 0.1815864 -0.03644335 -4.60783e-4 0.1911572 -0.03468221 -4.60787e-4 0.2063873 -0.03247642 -4.60792e-4 0.2296254 -0.03047752 -4.60798e-4 0.2592371 -0.02844583 -4.60802e-4 0.275267 -0.02668279 -4.60805e-4 0.2901375 -0.02492082 -4.60809e-4 0.3045579 -0.02349162 -4.60812e-4 0.3192942 -0.02238792 -4.60819e-4 0.3501159 -0.02084159 -4.60822e-4 0.3622644 -0.01997792 -4.60824e-4 0.3706373 -0.0185368 -4.60825e-4 0.3767337 -0.01675218 -0.001048147 0.04005855 -0.01537561 -0.001048147 0.04520028 -0.01485347 -0.001048147 0.05146235 -0.01480507 -0.001048147 0.05745172 -0.0155068 -0.001048147 0.06527745 -0.01730799 -0.001048147 0.07420915 -0.02006691 -0.001048147 0.08397257 -0.02331835 -0.001048147 0.1018434 -0.02915316 -0.001048147 0.1136446 -0.03211843 -0.001048147 0.1250806 -0.03369832 -0.001048147 0.1399437 -0.03475385 -0.001048147 0.1589664 -0.03573524 -0.001048147 0.1709378 -0.03583198 -0.001048147 0.1813015 -0.03471559 -0.001048147 0.190835 -0.03296101 -0.001048147 0.2062052 -0.03073483 -0.001048147 0.2294916 -0.02873158 -0.001048147 0.2590801 -0.02670186 -0.001048147 0.2750558 -0.02494454 -0.001048207 0.2899431 -0.02318054 -0.001048207 0.3044095 -0.02174687 -0.001048207 0.3191758 -0.0206409 -0.001048207 0.3500475 -0.01909184 -0.001048207 0.3620575 -0.01823914 -0.001048207 0.3702372 -0.01683199 -0.001048207 0.3761451 -0.01510292 -0.001822412 0.2058457 -0.02729821 -0.001822412 0.2292274 -0.02528637 -0.001822471 0.2587705 -0.02326035 -0.001822471 0.274639 -0.02151435 -0.001822471 0.2895594 -0.01974654 -0.001822471 0.3041163 -0.01830393 -0.001822471 0.3189423 -0.01719343 -0.001822471 0.3499124 -0.01563912 -0.001822471 0.361649 -0.01480793 -0.001822471 0.3694477 -0.0134679 -0.001822471 0.3749837 -0.01184844 0.002790689 0.07742542 0.0260359 0.002790689 0.1918739 0.02793461 0.002790629 0.2832854 0.02032369 0.003480792 0.3854873 -0.00960654 0.003480851 0.01829689 0.01790326 0.003438055 0.01823896 0.0193718 0.003315865 0.01822358 0.01976072 0.003338932 0.01822483 0.01972979 0.003360271 0.01822632 0.01969283 0.003380894 0.01822817 0.01964551 0.003406167 0.01823151 0.01956212 0.003407597 0.01823174 0.01955628 0.002790689 0.01821702 0.01992815 0.003014683 0.0182181 0.01990085 0.003118157 0.01821905 0.01987713 0.003182232 0.01821994 0.01985478 0.003227114 0.01822078 0.01983308 0.003261506 0.01822167 0.01981109 0.003289878 0.01822257 0.01978784 0.002790629 0.3802417 -0.002257883 0.003407537 0.3800124 -0.002551138 0.003406107 0.380016 -0.002546489 0.003380835 0.3800674 -0.002480804 0.003360152 0.3800966 -0.002443492 0.003338873 0.3801193 -0.002414345 0.003315806 0.3801385 -0.002389907 0.003289818 0.3801552 -0.002368509 0.003261446 0.3801695 -0.002350211 0.003227055 0.3801831 -0.002332925 0.003182172 0.3801964 -0.002315819 0.003118038 0.3802102 -0.002298176 0.003014624 0.3802248 -0.0022794 0.003437936 0.3798987 -0.002696633 0.003480792 0.3789935 -0.003854572 0.003480792 0.3744479 -7.19071e-4 0.003480792 0.369072 0.002123117 0.003480792 0.3623744 0.00473535 0.003480792 0.353406 0.007182002 0.003480792 0.3403509 0.009649038 0.003480792 0.3183334 0.01333034 0.003480792 0.2986111 0.01656901 0.003480792 0.2830834 0.01830726 0.003480792 0.2403343 0.0230751 0.003480792 0.1917397 0.02591252 0.003480792 0.1810045 0.02655863 0.003480792 0.1702611 0.02686774 0.003480851 0.1183059 0.02684736 0.003480851 0.05050057 0.02096748 0.003480851 0.02707332 0.01844364 0.003437995 0.3752112 5.36939e-4 0.003407537 0.3753072 6.94756e-4 0.003406107 0.3753102 6.9979e-4 0.003380835 0.3753535 7.71056e-4 0.003360152 0.3753781 8.1154e-4 0.003338873 0.3753973 8.43146e-4 0.003315806 0.3754134 8.69597e-4 0.003289818 0.3754275 8.92844e-4 0.003261446 0.3754396 9.12704e-4 0.003227055 0.375451 9.31467e-4 0.003182172 0.3754623 9.50046e-4 0.003118038 0.3754739 9.69175e-4 0.003014624 0.3754862 9.89462e-4 0.002790629 0.3755005 0.001012861 0.003437995 0.3696848 0.003459036 0.003407537 0.3697617 0.003626883 0.003406107 0.3697642 0.003632187 0.003380835 0.369799 0.003708004 0.003360152 0.3698188 0.003751039 0.003338873 0.3698342 0.003784716 0.003315806 0.3698471 0.003812789 0.003289818 0.3698584 0.003837525 0.003261446 0.369868 0.003858625 0.003227055 0.3698773 0.003878593 0.003182172 0.3698863 0.003898382 0.003118038 0.3698956 0.003918766 0.003014624 0.3699055 0.003940284 0.002790629 0.3699169 0.003965198 0.003437995 0.3628358 0.006130814 0.003407537 0.3628937 0.006306171 0.003406107 0.3628956 0.006311774 0.003380835 0.3629217 0.006390929 0.003360211 0.3629366 0.00643593 0.003338873 0.3629482 0.006470978 0.003315806 0.362958 0.006500422 0.003289818 0.3629664 0.006526231 0.003261446 0.3629737 0.006548285 0.003227055 0.3629807 0.006569147 0.003182172 0.3629875 0.00658977 0.003118097 0.3629944 0.006611049 0.003014624 0.363002 0.006633579 0.002790629 0.3630105 0.006659567 0.003480792 0.2200532 0.02432835 0.003437995 0.240473 0.02453815 0.003437995 0.2201191 0.02579647 0.003407537 0.2404904 0.02472198 0.003407537 0.2201274 0.02598094 0.003406107 0.240491 0.02472788 0.003406107 0.2201277 0.02598685 0.003380894 0.2404989 0.02481085 0.003380894 0.2201314 0.02607017 0.003360211 0.2405033 0.02485799 0.003360211 0.2201336 0.0261175 0.003338932 0.2405068 0.02489483 0.003338932 0.2201352 0.02615439 0.003315806 0.2405098 0.02492564 0.003315806 0.2201366 0.02618533 0.003289818 0.2405123 0.0249527 0.003289818 0.2201378 0.02621251 0.003261506 0.2405145 0.02497583 0.003261506 0.2201389 0.02623569 0.003227055 0.2405166 0.02499771 0.003227055 0.2201398 0.02625763 0.003182172 0.2405186 0.02501934 0.003182172 0.2201408 0.02627938 0.003118097 0.2405207 0.02504163 0.003118097 0.2201418 0.02630168 0.003014624 0.240523 0.0250653 0.003014683 0.2201429 0.02632546 0.002790629 0.2405256 0.02509248 0.002790689 0.2201441 0.02635276 0.003014683 0.1918721 0.02790731 0.003118097 0.1918705 0.02788358 0.003182172 0.191869 0.02786129 0.003227055 0.1918675 0.0278396 0.003261506 0.1918661 0.02781766 0.003289878 0.1918646 0.02779448 0.003315865 0.1918628 0.02776736 0.003338932 0.1918607 0.02773642 0.003360211 0.1918582 0.02769958 0.003380894 0.1918551 0.02765232 0.003406167 0.1918496 0.02756911 0.003407537 0.1918492 0.02756321 0.003437995 0.191837 0.02737891 0.003437995 0.1810765 0.02802658 0.003437995 0.1702736 0.02833735 0.003407537 0.1810855 0.02821093 0.003407537 0.170275 0.02852201 0.003406167 0.1810858 0.02821689 0.003406167 0.1702751 0.02852791 0.003380894 0.1810899 0.02830016 0.003380894 0.1702758 0.02861136 0.003360211 0.1810923 0.02834743 0.003360211 0.1702762 0.02865868 0.003338932 0.1810941 0.02838438 0.003338932 0.1702765 0.02869564 0.003315865 0.1810956 0.02841532 0.003315865 0.1702768 0.02872657 0.003289878 0.1810969 0.02844244 0.003289878 0.170277 0.02875381 0.003261506 0.1810981 0.02846568 0.003261506 0.1702772 0.028777 0.003227055 0.1810992 0.02848762 0.003227055 0.1702774 0.02879899 0.003182232 0.1811002 0.02850931 0.003182232 0.1702775 0.02882075 0.003118097 0.1811013 0.02853167 0.003118097 0.1702778 0.02884316 0.003014683 0.1811025 0.02855539 0.003014683 0.170278 0.02886688 0.002790689 0.1811038 0.02858275 0.002790689 0.1702783 0.02889418 0.003437995 0.1182969 0.02831697 0.003407597 0.1182957 0.02850168 0.003406167 0.1182957 0.02850753 0.003380894 0.1182951 0.02859097 0.003360211 0.1182949 0.0286383 0.003338932 0.1182947 0.02867525 0.003315865 0.1182945 0.02870625 0.003289878 0.1182943 0.02873343 0.003261506 0.1182942 0.02875667 0.003227114 0.118294 0.02877867 0.003182232 0.1182939 0.02880036 0.003118097 0.1182938 0.02882277 0.003014683 0.1182936 0.0288465 0.002790689 0.1182934 0.02887392 0.003480851 0.09848481 0.02611654 0.003438055 0.09838187 0.02758252 0.003407597 0.09836894 0.02776676 0.003406167 0.09836858 0.0277726 0.003380894 0.09836274 0.02785587 0.003360271 0.0983594 0.02790307 0.003338932 0.09835678 0.02793991 0.003315865 0.09835463 0.02797085 0.003289878 0.09835278 0.02799797 0.003261506 0.09835112 0.02802115 0.003227114 0.09834957 0.02804303 0.003182232 0.09834808 0.02806472 0.003118157 0.09834647 0.02808701 0.003014683 0.09834486 0.02811074 0.002790689 0.09834289 0.02813804 0.003014683 0.07742857 0.02600878 0.003118157 0.07743138 0.02598518 0.003182232 0.077434 0.02596294 0.003227114 0.0774365 0.02594137 0.003261506 0.07743912 0.02591949 0.003289878 0.07744181 0.02589643 0.003315865 0.07744497 0.02586948 0.003338932 0.07744866 0.02583873 0.003360271 0.07745301 0.02580201 0.003380894 0.0774585 0.02575492 0.003406167 0.07746827 0.02567213 0.003407597 0.07746899 0.02566629 0.003438055 0.07749056 0.02548289 0.003480851 0.07766258 0.02402329 0.003438055 0.05033224 0.02242743 0.003438055 0.02695453 0.01990866 0.003407597 0.05031114 0.02261084 0.003407597 0.02693957 0.02009272 0.003406167 0.05031049 0.02261674 0.003406167 0.02693915 0.02009862 0.003380894 0.05030089 0.02269959 0.003380894 0.02693235 0.02018171 0.003360271 0.05029547 0.02274662 0.003360271 0.02692848 0.02022892 0.003338932 0.05029124 0.02278333 0.003338932 0.0269255 0.02026575 0.003315865 0.05028772 0.02281409 0.003315865 0.026923 0.02029663 0.003289878 0.05028456 0.02284109 0.003289878 0.02692079 0.02032375 0.003261506 0.05028188 0.02286422 0.003261506 0.026919 0.02034687 0.003227114 0.05027937 0.02288597 0.003227114 0.02691715 0.02036881 0.003182232 0.05027687 0.02290761 0.003182232 0.02691543 0.02039051 0.003118157 0.05027431 0.02292984 0.003118157 0.02691364 0.0204128 0.003014683 0.05027163 0.02295339 0.003014683 0.02691173 0.02043646 0.002790689 0.05026847 0.02298063 0.002790689 0.02690947 0.0204637 0.003437995 0.3537297 0.008615672 0.003407537 0.3537704 0.008795738 0.003406107 0.3537718 0.008801519 0.003380835 0.3537901 0.00888288 0.003360211 0.3538005 0.008929073 0.003338873 0.3538087 0.008965134 0.003315806 0.3538155 0.008995354 0.003289818 0.3538215 0.009021878 0.003261446 0.3538266 0.009044528 0.003227055 0.3538315 0.009065985 0.003182172 0.3538362 0.009087145 0.003118097 0.3538412 0.00910896 0.003014624 0.3538464 0.009132146 0.002790629 0.3538524 0.009158849 0.003437995 0.3405953 0.0110982 0.003407537 0.3406261 0.01128029 0.003406107 0.340627 0.01128613 0.003380835 0.3406409 0.01136839 0.003360211 0.3406488 0.01141506 0.003338873 0.3406549 0.01145148 0.003315806 0.34066 0.01148205 0.003289818 0.3406646 0.01150888 0.003261446 0.3406684 0.01153177 0.003227055 0.3406721 0.0115534 0.003182172 0.3406757 0.01157486 0.003118097 0.3406795 0.01159691 0.003014624 0.3406834 0.01162034 0.002790629 0.3406879 0.01164734 0.003437995 0.318587 0.01477795 0.003407537 0.3186188 0.01495987 0.003406107 0.3186198 0.01496571 0.003380835 0.3186342 0.01504784 0.003360211 0.3186424 0.01509445 0.003338873 0.3186488 0.01513087 0.003315806 0.3186541 0.01516139 0.003289818 0.3186588 0.01518815 0.003261446 0.3186628 0.01521104 0.003227055 0.3186666 0.01523274 0.003182172 0.3186704 0.01525413 0.003118097 0.3186743 0.01527613 0.003014624 0.3186783 0.01529949 0.002790629 0.318683 0.01532649 0.003437995 0.2988072 0.01802551 0.003407537 0.2988318 0.0182085 0.003406107 0.2988327 0.0182144 0.003380835 0.2988438 0.01829701 0.003360211 0.2988501 0.01834398 0.003338873 0.298855 0.01838058 0.003315806 0.2988591 0.01841127 0.003289818 0.2988628 0.01843822 0.003261446 0.2988659 0.01846122 0.003227055 0.2988688 0.01848304 0.003182172 0.2988717 0.01850455 0.003118097 0.2988747 0.01852673 0.003014624 0.2988778 0.01855027 0.002790629 0.2988815 0.01857739 0.003437995 0.2832298 0.01976954 0.003407537 0.2832483 0.01995331 0.003406107 0.2832489 0.01995921 0.003380835 0.2832572 0.02004218 0.003360211 0.2832619 0.02008926 0.003338873 0.2832657 0.02012604 0.003315806 0.2832687 0.02015686 0.003289818 0.2832714 0.02018392 0.003261446 0.2832738 0.02020704 0.003227055 0.2832759 0.02022892 0.003182172 0.2832781 0.02025055 0.003118097 0.2832803 0.02027279 0.003014624 0.2832826 0.02029639 0.003480792 0.2675641 0.01993989 0.003437995 0.2677279 0.02140045 0.003407537 0.2677484 0.02158391 0.003406107 0.2677491 0.02158975 0.003380894 0.2677584 0.0216726 0.003360211 0.2677636 0.02171975 0.003338873 0.2677678 0.02175647 0.003315806 0.2677712 0.02178722 0.003289818 0.2677742 0.02181422 0.003261446 0.2677769 0.02183729 0.003227055 0.2677793 0.02185916 0.003182172 0.2677817 0.02188074 0.003118097 0.2677842 0.02190303 0.003014624 0.2677868 0.02192664 0.002790629 0.2677899 0.02195376 -0.002809524 -0.2151852 -0.02657401 -0.002809524 -0.06154674 -0.02422636 -0.002809524 -0.01864236 -0.01993846 -0.003021061 -0.01864361 -0.01990842 -0.003115475 -0.01864463 -0.01988351 -0.003171622 -0.01864558 -0.01986145 -0.003418266 -0.01866859 -0.01931017 -0.003387153 -0.01865899 -0.01954013 -0.003362119 -0.018655 -0.01963615 -0.003341436 -0.01865273 -0.01968973 -0.003320395 -0.01865106 -0.01973021 -0.003298044 -0.01864963 -0.01976323 -0.00327295 -0.0186485 -0.01979207 -0.003244519 -0.01864743 -0.01981747 -0.003212392 -0.01864647 -0.01983976 -0.003418266 -0.06161499 -0.02360123 -0.003418266 -0.07702726 -0.02534836 -0.003418266 -0.09786164 -0.02746635 -0.003418266 -0.1083412 -0.02803397 -0.003418266 -0.1188229 -0.02824091 -0.003418266 -0.1648368 -0.02826344 -0.003418266 -0.175895 -0.02815461 -0.003418266 -0.2151554 -0.02594584 -0.003418266 -0.2363523 -0.0248149 -0.003418207 -0.2877089 -0.01923632 -0.003418207 -0.2983695 -0.01800411 -0.003418207 -0.3089936 -0.01637279 -0.003418207 -0.3354315 -0.01187747 -0.003418207 -0.3519809 -0.008917033 -0.003387093 -0.3354689 -0.01210457 -0.003387093 -0.3520286 -0.00914216 -0.003362059 -0.3354846 -0.0121994 -0.003362059 -0.3520486 -0.009236156 -0.003341317 -0.3354933 -0.01225233 -0.003341317 -0.3520598 -0.009288668 -0.003320336 -0.3354999 -0.01229232 -0.003320336 -0.3520683 -0.009328305 -0.003297984 -0.3355053 -0.01232492 -0.003297984 -0.3520751 -0.009360611 -0.003272891 -0.33551 -0.01235336 -0.003272891 -0.3520811 -0.009388804 -0.00326091 -0.3520835 -0.009400069 -0.0032444 -0.3355141 -0.01237845 -0.0032444 -0.3520864 -0.009413719 -0.003212332 -0.3355178 -0.01240044 -0.003212332 -0.352091 -0.009435534 -0.003171563 -0.3355213 -0.0124219 -0.003171563 -0.3520956 -0.009456753 -0.003115415 -0.3355249 -0.01244366 -0.003115355 -0.3521001 -0.00947833 -0.003418266 -0.03561168 -0.02065461 -0.003387153 -0.03558719 -0.0208835 -0.003362119 -0.03557693 -0.02097904 -0.003341376 -0.03557121 -0.02103239 -0.003320395 -0.03556686 -0.02107268 -0.003298044 -0.03556334 -0.02110552 -0.00327295 -0.0355603 -0.02113419 -0.003244459 -0.03555756 -0.02115952 -0.003212392 -0.03555524 -0.02118164 -0.003171622 -0.03555291 -0.02120327 -0.003115475 -0.03555053 -0.02122521 -0.003021061 -0.03554785 -0.02125 -0.002809524 -0.03554463 -0.02127993 -0.003021061 -0.06155002 -0.02419644 -0.003115475 -0.0615527 -0.02417171 -0.003171622 -0.06155514 -0.02414977 -0.003212392 -0.06155747 -0.02412813 -0.003244459 -0.06155985 -0.02410596 -0.00327295 -0.06156265 -0.02408069 -0.003298044 -0.06156575 -0.02405202 -0.003320395 -0.06156939 -0.02401912 -0.003341376 -0.06157374 -0.02397888 -0.003362119 -0.06157958 -0.02392554 -0.003387153 -0.06159001 -0.02382999 -0.003387153 -0.0770002 -0.02557694 -0.003387153 -0.09784513 -0.02769589 -0.003362119 -0.07698893 -0.02567237 -0.003362119 -0.09783822 -0.02779173 -0.003341376 -0.07698267 -0.0257256 -0.003341376 -0.09783434 -0.02784526 -0.003320395 -0.0769779 -0.02576589 -0.003320395 -0.09783142 -0.02788567 -0.003298044 -0.07697403 -0.02579867 -0.003298044 -0.09782904 -0.02791863 -0.00327295 -0.07697063 -0.02582734 -0.00327295 -0.09782695 -0.02794742 -0.003244459 -0.07696765 -0.02585262 -0.003244459 -0.09782516 -0.02797275 -0.003212392 -0.07696503 -0.02587473 -0.003212392 -0.09782356 -0.02799499 -0.003171622 -0.07696247 -0.02589631 -0.003171622 -0.09782201 -0.02801668 -0.003115475 -0.0769599 -0.02591824 -0.003115415 -0.0978204 -0.02803868 -0.003021061 -0.07695692 -0.02594304 -0.003021001 -0.09781861 -0.02806359 -0.002809524 -0.07695341 -0.02597284 -0.002809524 -0.09781646 -0.02809357 -0.003387093 -0.1083328 -0.02826398 -0.003362119 -0.1083292 -0.02836 -0.003341376 -0.1083273 -0.02841359 -0.003320395 -0.1083258 -0.02845412 -0.003298044 -0.1083246 -0.02848714 -0.00327295 -0.1083235 -0.02851593 -0.003244459 -0.1083226 -0.02854138 -0.003212392 -0.1083218 -0.02856367 -0.003171622 -0.108321 -0.02858537 -0.003115415 -0.1083202 -0.02860742 -0.003021001 -0.1083192 -0.02863234 -0.002809524 -0.1083182 -0.02866238 -0.003387093 -0.1188217 -0.02847105 -0.003362059 -0.1188213 -0.02856719 -0.003341376 -0.118821 -0.02862083 -0.003320395 -0.1188208 -0.02866131 -0.003298044 -0.1188207 -0.02869439 -0.00327295 -0.1188205 -0.02872323 -0.003244459 -0.1188204 -0.02874863 -0.003212392 -0.1188203 -0.02877098 -0.003171622 -0.1188202 -0.02879267 -0.003115415 -0.11882 -0.02881479 -0.003021001 -0.1188199 -0.0288397 -0.002809524 -0.1188198 -0.02886974 -0.002809524 -0.1869984 -0.02824348 -0.003021001 -0.2151838 -0.02654397 -0.003021001 -0.1869965 -0.0282135 -0.003115415 -0.2151826 -0.02651906 -0.003115415 -0.186995 -0.02818858 -0.003171622 -0.2151815 -0.026497 -0.003171622 -0.1869936 -0.02816659 -0.003212392 -0.2151805 -0.02647531 -0.003212392 -0.1869922 -0.02814489 -0.003244459 -0.2151795 -0.02645301 -0.003244459 -0.1869909 -0.0281226 -0.00327295 -0.2151783 -0.02642762 -0.00327295 -0.1869893 -0.02809721 -0.003298044 -0.2151769 -0.02639883 -0.003298044 -0.1869875 -0.02806848 -0.003320336 -0.2151753 -0.02636575 -0.003320395 -0.1869854 -0.02803546 -0.003341376 -0.2151734 -0.02632534 -0.003341376 -0.1869829 -0.02799504 -0.003362059 -0.2151709 -0.02627176 -0.003362059 -0.1869796 -0.02794146 -0.003387093 -0.2151663 -0.02617573 -0.003387093 -0.1869736 -0.02784556 -0.003418266 -0.1869593 -0.02761584 -0.003387093 -0.2877326 -0.0194652 -0.003387093 -0.2983999 -0.01823222 -0.003362059 -0.2877425 -0.01956081 -0.003362059 -0.2984125 -0.01832753 -0.003341376 -0.287748 -0.01961421 -0.003341317 -0.2984195 -0.0183807 -0.003320336 -0.2877522 -0.01965451 -0.003320336 -0.2984249 -0.01842087 -0.003297984 -0.2877556 -0.01968735 -0.003297984 -0.2984293 -0.01845359 -0.003272891 -0.2877585 -0.01971602 -0.003272891 -0.2984331 -0.0184822 -0.003244459 -0.2877612 -0.01974135 -0.0032444 -0.2984365 -0.01850742 -0.003212332 -0.2877635 -0.01976352 -0.003212332 -0.2984394 -0.01852953 -0.003171563 -0.2877658 -0.01978516 -0.003171563 -0.2984423 -0.01855105 -0.003115415 -0.287768 -0.0198071 -0.003115415 -0.2984451 -0.01857292 -0.003021001 -0.2877706 -0.01983189 -0.003021001 -0.2984485 -0.01859766 -0.002809464 -0.2877737 -0.01986181 -0.002809464 -0.2984524 -0.01862746 -0.003387093 -0.3090322 -0.01659971 -0.003362059 -0.3090482 -0.01669448 -0.003341317 -0.3090572 -0.01674735 -0.003320336 -0.309064 -0.01678729 -0.003297984 -0.3090695 -0.01681989 -0.003272891 -0.3090744 -0.01684832 -0.0032444 -0.3090786 -0.01687341 -0.003212332 -0.3090823 -0.01689535 -0.003171563 -0.309086 -0.01691681 -0.003115415 -0.3090897 -0.01693856 -0.003021001 -0.3090938 -0.01696318 -0.002809464 -0.3090989 -0.0169928 -0.003387093 -0.1648357 -0.02849358 -0.003362059 -0.1648352 -0.02858966 -0.003341376 -0.1648349 -0.02864336 -0.003320395 -0.1648347 -0.02868384 -0.003298044 -0.1648346 -0.02871692 -0.00327295 -0.1648344 -0.02874571 -0.003244459 -0.1648343 -0.02877116 -0.003212392 -0.1648342 -0.02879345 -0.003171622 -0.164834 -0.0288152 -0.003115415 -0.1648339 -0.02883726 -0.003021001 -0.1648338 -0.02886217 -0.002809524 -0.1648337 -0.02889227 -0.003387093 -0.1759019 -0.02838468 -0.003362059 -0.1759048 -0.0284807 -0.003341376 -0.1759064 -0.02853435 -0.003320395 -0.1759076 -0.02857482 -0.003298044 -0.1759085 -0.0286079 -0.00327295 -0.1759093 -0.02863669 -0.003244459 -0.1759101 -0.02866214 -0.003212392 -0.1759108 -0.02868443 -0.003171622 -0.1759114 -0.02870613 -0.003115415 -0.1759121 -0.02872824 -0.003021001 -0.1759129 -0.02875316 -0.002809524 -0.1759138 -0.0287832 -0.003387093 -0.2363702 -0.02504438 -0.003362059 -0.2363777 -0.02514016 -0.003341376 -0.2363818 -0.02519369 -0.003320336 -0.2363849 -0.02523404 -0.003298044 -0.2363875 -0.025267 -0.00327295 -0.2363897 -0.02529579 -0.003244459 -0.2363917 -0.02532112 -0.003212392 -0.2363934 -0.02534335 -0.003171622 -0.2363951 -0.02536505 -0.003115415 -0.2363968 -0.02538704 -0.003021001 -0.2363988 -0.0254119 -0.002809524 -0.2364011 -0.02544188 -0.003418207 -0.2566674 -0.02261495 -0.003387093 -0.2566952 -0.02284342 -0.003362059 -0.2567068 -0.02293884 -0.003341376 -0.2567132 -0.02299207 -0.003320336 -0.2567181 -0.02303224 -0.003298044 -0.2567221 -0.02306509 -0.00327295 -0.2567256 -0.0230937 -0.003244459 -0.2567287 -0.02311897 -0.003212392 -0.2567313 -0.02314108 -0.003171622 -0.256734 -0.02316272 -0.003115415 -0.2567366 -0.02318459 -0.003021001 -0.2567397 -0.02320933 -0.002809464 -0.2567433 -0.02323919 -0.003021001 -0.3355289 -0.01246827 -0.002809464 -0.3355338 -0.01249796 -0.003051698 -0.3521039 -0.009496033 -0.003021001 -0.3521053 -0.009502768 -0.002809464 -0.3521116 -0.009532153 -0.003426313 -0.3614566 -0.006257593 -0.003040254 -0.3709961 -0.003357112 -0.003003835 -0.3710019 -0.003371953 -0.002794444 -0.3754915 -9.3104e-4 -0.002830982 -0.3754851 -9.16243e-4 -0.002863049 -0.3754776 -9.00227e-4 -0.003072321 -0.3709895 -0.003340959 -0.003277838 -0.3706619 -0.002647101 -0.00208956 -0.381834 0.003621578 -0.002113103 -0.3832243 0.006005942 -0.002109646 -0.3833996 0.005813539 -0.002097189 -0.3835108 0.005689322 -0.002077758 -0.3835868 0.005601942 -0.002018451 -0.3836817 0.005485236 -0.002036273 -0.3836628 0.005509793 -0.002051889 -0.3836411 0.005536854 -0.002466261 -0.3797878 0.002022147 -0.00249809 -0.3797795 0.002037942 -0.002526402 -0.3797699 0.002055048 -0.002551555 -0.3797587 0.002073705 -0.002573907 -0.3797459 0.002094149 -0.002593934 -0.3797312 0.00211668 -0.00208348 -0.3818345 0.003619909 -0.002215325 -0.37981 0.001953601 -0.001756727 -0.3797976 0.001898586 -0.003202974 -0.3709263 -0.003200173 -0.003007769 -0.3753843 -7.29718e-4 -0.003230631 -0.3708909 -0.003125011 -0.003020584 -0.3753618 -6.91004e-4 -0.003252446 -0.3708425 -0.003022849 -0.003041803 -0.3753039 -5.92951e-4 -0.003064513 -0.3750877 -2.3305e-4 -0.002371668 -0.3817188 0.003809213 -0.002398133 -0.3816665 0.003875732 -0.002675056 -0.3795783 0.002331137 -0.002695083 -0.3793246 0.002669155 -0.002654552 -0.379646 0.002238631 -0.002641975 -0.3796723 0.002201914 -0.00262773 -0.3796948 0.002169907 -0.002611815 -0.3797143 0.002141773 -0.003100693 -0.3709819 -0.003323197 -0.002891421 -0.3754689 -8.82807e-4 -0.003125905 -0.3709734 -0.003303706 -0.002916634 -0.3754591 -8.63709e-4 -0.003148436 -0.3709638 -0.00328201 -0.002939105 -0.3754479 -8.42628e-4 -0.003168582 -0.3709529 -0.00325793 -0.002959251 -0.3754351 -8.19198e-4 -0.003186702 -0.3709405 -0.00323081 -0.002977252 -0.3754205 -7.92961e-4 -0.002993345 -0.3754037 -7.63399e-4 -0.002542018 -0.3776889 4.51425e-4 -0.00242865 -0.3797949 0.002006828 -0.002632319 -0.3776788 4.78486e-4 -0.002704203 -0.3755015 -9.57734e-4 -0.002913773 -0.3710113 -0.003398299 -0.002580702 -0.3755074 -9.81622e-4 -0.002790749 -0.3710178 -0.003421127 -0.002123355 -0.3755031 -0.001026391 -0.002335369 -0.3710197 -0.00345999 -0.002339065 -0.379805 0.001979529 -0.003053843 -0.3616957 -0.007033884 -0.003143012 -0.3616881 -0.007007598 -0.003184497 -0.356914 -0.008336126 -0.003178477 -0.3616838 -0.006992876 -0.003210604 -0.3616788 -0.006976306 -0.003239214 -0.3616734 -0.006957948 -0.002931714 -0.3617016 -0.007056176 -0.002893447 -0.3664059 -0.005421042 -0.003015756 -0.3663995 -0.00539869 -0.003105342 -0.366391 -0.005372464 -0.003141641 -0.3663859 -0.005357563 -0.003173589 -0.3663802 -0.005341231 -0.003201901 -0.3663737 -0.00532335 -0.003263771 -0.3616675 -0.006938397 -0.003227114 -0.3663665 -0.005303502 -0.003286361 -0.3616607 -0.006916224 -0.003249704 -0.3663584 -0.005281507 -0.003306686 -0.3616532 -0.006891369 -0.00326997 -0.3663492 -0.005256891 -0.003325045 -0.3616446 -0.006863415 -0.003288209 -0.3663389 -0.005229294 -0.003341674 -0.3616349 -0.006831765 -0.00330466 -0.3663271 -0.005197942 -0.003370404 -0.3616108 -0.006753921 -0.003332793 -0.3662979 -0.005121052 -0.003393888 -0.361578 -0.006648004 -0.003355443 -0.3662577 -0.005016446 -0.003384292 -0.3661093 -0.004631042 0.002790749 -0.07742613 -0.02603554 0.002790749 -0.1918746 -0.02793425 0.002790749 -0.2832862 -0.02032327 0.003480911 -0.385488 0.009606957 0.003480851 -0.01829773 -0.01790291 0.003438055 -0.01823973 -0.01937139 0.003315865 -0.01822441 -0.01976031 0.003338932 -0.01822566 -0.01972937 0.003360271 -0.0182271 -0.01969248 0.003380954 -0.018229 -0.01964515 0.003406167 -0.01823222 -0.01956182 0.003407597 -0.01823246 -0.01955592 0.002790689 -0.0182178 -0.01992779 0.003014683 -0.01821887 -0.0199005 0.003118157 -0.01821982 -0.01987677 0.003182232 -0.01822072 -0.01985436 0.003227114 -0.01822155 -0.01983267 0.003261566 -0.01822245 -0.01981073 0.003289878 -0.01822334 -0.01978749 0.002790808 -0.3802425 0.002258241 0.003407657 -0.3800132 0.002551496 0.003406286 -0.3800169 0.002546846 0.003381013 -0.3800682 0.002481162 0.003360331 -0.3800973 0.00244385 0.003339052 -0.3801201 0.002414703 0.003315985 -0.3801392 0.002390325 0.003289997 -0.3801559 0.002368927 0.003261625 -0.3801703 0.002350628 0.003227174 -0.3801838 0.002333283 0.003182351 -0.3801972 0.002316176 0.003118216 -0.380211 0.002298533 0.003014802 -0.3802256 0.002279818 0.003438115 -0.3798995 0.00269699 0.003480911 -0.3789942 0.00385493 0.003480911 -0.3744487 7.19437e-4 0.003480911 -0.3690727 -0.002122759 0.003480911 -0.3623753 -0.004734992 0.003480911 -0.3534068 -0.007181584 0.003480911 -0.3403517 -0.00964868 0.003480911 -0.3183342 -0.01332998 0.003480911 -0.2986119 -0.0165686 0.003480911 -0.2830842 -0.01830685 0.003480911 -0.2403351 -0.02307468 0.003480911 -0.1917405 -0.02591216 0.003480911 -0.1810053 -0.02655827 0.003480911 -0.1702619 -0.02686738 0.003480851 -0.1183067 -0.026847 0.003480851 -0.0505014 -0.02096706 0.003480851 -0.02707415 -0.01844328 0.003438115 -0.375212 -5.36573e-4 0.003407657 -0.3753079 -6.9439e-4 0.003406286 -0.375311 -6.99424e-4 0.003381013 -0.3753542 -7.7069e-4 0.003360331 -0.3753789 -8.11174e-4 0.003339052 -0.3753981 -8.4278e-4 0.003315985 -0.3754141 -8.69231e-4 0.003289997 -0.3754283 -8.92478e-4 0.003261625 -0.3754404 -9.12308e-4 0.003227174 -0.3754518 -9.31101e-4 0.003182351 -0.3754631 -9.4968e-4 0.003118216 -0.3754747 -9.68808e-4 0.003014802 -0.375487 -9.89096e-4 0.002790808 -0.3755012 -0.001012444 0.003438115 -0.3696855 -0.003458678 0.003407657 -0.3697625 -0.003626525 0.003406286 -0.369765 -0.00363183 0.003381013 -0.3697998 -0.003707647 0.003360331 -0.3698195 -0.003750681 0.003339052 -0.3698349 -0.003784298 0.003315985 -0.3698478 -0.003812432 0.003289997 -0.3698592 -0.003837168 0.003261625 -0.3698688 -0.003858268 0.003227174 -0.3698781 -0.003878235 0.003182351 -0.3698871 -0.003897964 0.003118216 -0.3698964 -0.003918349 0.003014802 -0.3699063 -0.003939926 0.002790808 -0.3699178 -0.003964781 0.003438115 -0.3628365 -0.006130456 0.003407657 -0.3628945 -0.006305754 0.003406286 -0.3628963 -0.006311357 0.003381013 -0.3629225 -0.006390571 0.003360331 -0.3629374 -0.006435513 0.003339052 -0.362949 -0.00647062 0.003315985 -0.3629587 -0.006500065 0.003289997 -0.3629673 -0.006525874 0.003261625 -0.3629745 -0.006547927 0.003227174 -0.3629814 -0.006568789 0.003182351 -0.3629882 -0.006589412 0.003118216 -0.3629953 -0.006610691 0.003014802 -0.3630028 -0.006633222 0.002790808 -0.3630113 -0.006659209 0.003480911 -0.220054 -0.02432793 0.003438115 -0.2404738 -0.0245378 0.003438115 -0.2201199 -0.02579611 0.003407657 -0.2404912 -0.02472162 0.003407657 -0.2201281 -0.02598059 0.003406226 -0.2404918 -0.02472746 0.003406226 -0.2201284 -0.02598649 0.003380954 -0.2404996 -0.02481049 0.003380954 -0.2201322 -0.02606981 0.003360331 -0.2405042 -0.02485764 0.003360331 -0.2201343 -0.02611708 0.003338992 -0.2405076 -0.02489441 0.003338992 -0.220136 -0.02615404 0.003315925 -0.2405105 -0.02492529 0.003315925 -0.2201374 -0.02618497 0.003289937 -0.2405131 -0.02495235 0.003289937 -0.2201386 -0.02621215 0.003261566 -0.2405153 -0.02497547 0.003261566 -0.2201396 -0.02623534 0.003227174 -0.2405174 -0.02499735 0.003227174 -0.2201406 -0.02625727 0.003182291 -0.2405194 -0.02501899 0.003182291 -0.2201416 -0.02627903 0.003118216 -0.2405215 -0.02504122 0.003118216 -0.2201426 -0.02630138 0.003014743 -0.2405238 -0.02506494 0.003014743 -0.2201437 -0.0263251 0.002790749 -0.2405264 -0.02509212 0.002790749 -0.2201449 -0.0263524 0.003014743 -0.1918728 -0.02790695 0.003118216 -0.1918712 -0.02788323 0.003182291 -0.1918698 -0.02786087 0.003227174 -0.1918683 -0.02783924 0.003261566 -0.1918669 -0.0278173 0.003289937 -0.1918654 -0.02779412 0.003315925 -0.1918635 -0.027767 0.003338992 -0.1918615 -0.02773612 0.003360331 -0.1918591 -0.02769923 0.003380954 -0.1918559 -0.0276519 0.003406226 -0.1918504 -0.02756875 0.003407657 -0.19185 -0.02756285 0.003438115 -0.1918378 -0.02737861 0.003438115 -0.1810773 -0.02802616 0.003438115 -0.1702743 -0.028337 0.003407657 -0.1810864 -0.02821063 0.003407657 -0.1702759 -0.02852165 0.003406226 -0.1810867 -0.02821648 0.003406226 -0.1702759 -0.02852755 0.003380954 -0.1810907 -0.0282998 0.003380954 -0.1702767 -0.02861094 0.003360331 -0.181093 -0.02834707 0.003360331 -0.170277 -0.02865833 0.003338992 -0.1810948 -0.02838402 0.003338992 -0.1702773 -0.02869528 0.003315925 -0.1810964 -0.02841496 0.003315925 -0.1702776 -0.02872622 0.003289937 -0.1810977 -0.02844208 0.003289937 -0.1702778 -0.02875339 0.003261566 -0.1810988 -0.02846527 0.003261566 -0.170278 -0.02877664 0.003227174 -0.1810999 -0.02848726 0.003227174 -0.1702782 -0.02879863 0.003182291 -0.181101 -0.02850896 0.003182291 -0.1702784 -0.02882033 0.003118216 -0.1811021 -0.02853131 0.003118216 -0.1702786 -0.02884274 0.003014743 -0.1811032 -0.02855503 0.003014743 -0.1702788 -0.02886652 0.002790749 -0.1811046 -0.02858233 0.002790749 -0.170279 -0.02889388 0.003438055 -0.1182976 -0.02831661 0.003407597 -0.1182965 -0.02850127 0.003406226 -0.1182965 -0.02850717 0.003380954 -0.1182959 -0.02859055 0.003360271 -0.1182957 -0.02863794 0.003338992 -0.1182954 -0.0286749 0.003315925 -0.1182953 -0.02870589 0.003289937 -0.1182951 -0.02873307 0.003261566 -0.1182949 -0.02875626 0.003227114 -0.1182948 -0.02877825 0.003182291 -0.1182947 -0.02880001 0.003118157 -0.1182945 -0.02882236 0.003014743 -0.1182944 -0.02884614 0.002790749 -0.1182942 -0.0288735 0.003480851 -0.09848558 -0.02611613 0.003438055 -0.09838265 -0.02758216 0.003407597 -0.09836971 -0.0277664 0.003406226 -0.09836935 -0.02777224 0.003380954 -0.09836351 -0.02785545 0.003360271 -0.09836018 -0.02790272 0.003338992 -0.09835761 -0.02793961 0.003315925 -0.09835541 -0.02797043 0.003289937 -0.0983535 -0.02799761 0.003261566 -0.09835189 -0.02802079 0.003227114 -0.09835034 -0.02804267 0.003182291 -0.09834885 -0.02806437 0.003118157 -0.09834724 -0.02808672 0.003014743 -0.09834557 -0.02811038 0.002790749 -0.09834372 -0.02813768 0.003014743 -0.07742935 -0.02600836 0.003118157 -0.07743215 -0.02598482 0.003182291 -0.07743477 -0.02596253 0.003227114 -0.07743734 -0.02594101 0.003261566 -0.0774399 -0.02591919 0.003289937 -0.07744258 -0.02589607 0.003315925 -0.0774458 -0.02586913 0.003338992 -0.07744944 -0.02583831 0.003360271 -0.07745373 -0.02580159 0.003380954 -0.07745927 -0.02575457 0.003406226 -0.07746905 -0.02567178 0.003407597 -0.07746976 -0.02566587 0.003438055 -0.07749134 -0.02548253 0.003480851 -0.07766336 -0.02402293 0.003438055 -0.05033302 -0.02242708 0.003438055 -0.0269553 -0.01990824 0.003407597 -0.05031192 -0.02261048 0.003407597 -0.0269404 -0.02009236 0.003406167 -0.0503112 -0.02261638 0.003406167 -0.02693986 -0.0200982 0.003380954 -0.05030167 -0.02269917 0.003380954 -0.02693313 -0.02018135 0.003360271 -0.05029624 -0.0227462 0.003360271 -0.02692931 -0.02022856 0.003338992 -0.05029201 -0.02278298 0.003338992 -0.02692633 -0.0202654 0.003315865 -0.05028849 -0.02281373 0.003315865 -0.02692383 -0.02029627 0.003289937 -0.05028539 -0.02284073 0.003289878 -0.02692162 -0.02032339 0.003261566 -0.05028271 -0.0228638 0.003261566 -0.02691972 -0.02034652 0.003227114 -0.05028021 -0.02288568 0.003227114 -0.02691799 -0.02036845 0.003182232 -0.0502777 -0.02290719 0.003182232 -0.0269162 -0.02039009 0.003118157 -0.05027514 -0.02292948 0.003118157 -0.02691441 -0.02041238 0.003014743 -0.0502724 -0.02295309 0.003014683 -0.02691251 -0.0204361 0.002790749 -0.0502693 -0.02298027 0.002790689 -0.02691024 -0.0204634 0.003438115 -0.3537306 -0.008615255 0.003407657 -0.3537712 -0.00879538 0.003406286 -0.3537725 -0.008801162 0.003381013 -0.3537909 -0.008882522 0.003360331 -0.3538013 -0.008928716 0.003339052 -0.3538095 -0.008964776 0.003315985 -0.3538163 -0.008994996 0.003289997 -0.3538223 -0.009021461 0.003261625 -0.3538274 -0.00904417 0.003227174 -0.3538323 -0.009065628 0.003182351 -0.353837 -0.009086787 0.003118216 -0.353842 -0.009108603 0.003014802 -0.3538472 -0.009131789 0.002790808 -0.3538532 -0.009158492 0.003438115 -0.3405961 -0.01109784 0.003407657 -0.3406268 -0.01127994 0.003406286 -0.3406278 -0.01128578 0.003381013 -0.3406417 -0.01136797 0.003360331 -0.3406496 -0.0114147 0.003339052 -0.3406557 -0.01145112 0.003315985 -0.3406608 -0.0114817 0.003289997 -0.3406654 -0.01150852 0.003261625 -0.3406692 -0.01153141 0.003227174 -0.3406729 -0.01155304 0.003182351 -0.3406765 -0.0115745 0.003118216 -0.3406803 -0.01159656 0.003014802 -0.3406841 -0.01161998 0.002790808 -0.3406887 -0.01164698 0.003438115 -0.3185878 -0.0147776 0.003407657 -0.3186196 -0.01495951 0.003406286 -0.3186206 -0.01496529 0.003381013 -0.318635 -0.01504743 0.003360331 -0.3186432 -0.0150941 0.003339052 -0.3186496 -0.01513051 0.003315925 -0.318655 -0.01516103 0.003289997 -0.3186596 -0.01518779 0.003261625 -0.3186636 -0.01521068 0.003227174 -0.3186674 -0.01523232 0.003182291 -0.3186712 -0.01525372 0.003118216 -0.3186751 -0.01527577 0.003014802 -0.3186792 -0.0152992 0.002790808 -0.3186839 -0.01532614 0.003438115 -0.298808 -0.01802515 0.003407657 -0.2988326 -0.01820814 0.003406226 -0.2988334 -0.01821398 0.003381013 -0.2988445 -0.01829659 0.003360331 -0.2988508 -0.01834356 0.003339052 -0.2988558 -0.01838022 0.003315925 -0.2988599 -0.01841092 0.003289937 -0.2988635 -0.01843786 0.003261625 -0.2988666 -0.01846086 0.003227174 -0.2988696 -0.01848268 0.003182291 -0.2988725 -0.0185042 0.003118216 -0.2988755 -0.01852637 0.003014743 -0.2988786 -0.01854991 0.002790808 -0.2988823 -0.01857703 0.003438115 -0.2832307 -0.01976919 0.003407657 -0.2832491 -0.01995295 0.003406226 -0.2832496 -0.01995879 0.003381013 -0.283258 -0.02004176 0.003360331 -0.2832627 -0.02008891 0.003338992 -0.2832664 -0.02012568 0.003315925 -0.2832695 -0.0201565 0.003289937 -0.2832722 -0.02018356 0.003261625 -0.2832745 -0.02020668 0.003227174 -0.2832767 -0.02022856 0.003182291 -0.2832789 -0.02025014 0.003118216 -0.2832811 -0.02027243 0.003014743 -0.2832835 -0.02029609 0.003480911 -0.2675649 -0.01993954 0.003438115 -0.2677286 -0.02140003 0.003407657 -0.2677492 -0.02158355 0.003406226 -0.2677499 -0.02158939 0.003381013 -0.2677592 -0.0216723 0.003360331 -0.2677644 -0.02171933 0.003338992 -0.2677686 -0.02175611 0.003315925 -0.267772 -0.02178686 0.003289937 -0.267775 -0.02181386 0.003261566 -0.2677776 -0.02183699 0.003227174 -0.2677801 -0.02185881 0.003182291 -0.2677825 -0.02188038 0.003118216 -0.267785 -0.02190268 0.003014743 -0.2677876 -0.02192622 0.002790749 -0.2677907 -0.02195346 -0.002809584 0.2151845 0.02657437 -0.002809584 0.0615459 0.02422672 -0.002809524 0.01864159 0.01993888 -0.003021061 0.01864278 0.01990878 -0.003115475 0.01864385 0.01988387 -0.003171682 0.01864475 0.01986181 -0.003418266 0.01866781 0.01931053 -0.003387153 0.01865822 0.01954048 -0.003362119 0.01865422 0.01963651 -0.003341436 0.01865196 0.01969009 -0.003320395 0.01865023 0.01973056 -0.003298103 0.01864892 0.01976364 -0.00327301 0.01864767 0.01979243 -0.003244519 0.01864665 0.01981782 -0.003212451 0.01864564 0.01984006 -0.003418326 0.06161421 0.02360159 -0.003418326 0.07702648 0.02534878 -0.003418326 0.09786081 0.02746671 -0.003418326 0.1083404 0.02803432 -0.003418326 0.1188221 0.02824127 -0.003418326 0.1648361 0.0282638 -0.003418326 0.1758943 0.02815502 -0.003418326 0.2151546 0.02594625 -0.003418326 0.2363516 0.02481532 -0.003418326 0.2877081 0.01923668 -0.003418385 0.2983687 0.01800447 -0.003418385 0.3089929 0.01637315 -0.003418385 0.3354307 0.01187783 -0.003418385 0.35198 0.00891745 -0.003387212 0.3354681 0.01210492 -0.003387212 0.3520278 0.009142518 -0.003362178 0.3354838 0.01219975 -0.003362178 0.3520479 0.009236514 -0.003341495 0.3354925 0.01225268 -0.003341495 0.352059 0.009289026 -0.003320515 0.3354991 0.01229268 -0.003320515 0.3520675 0.009328663 -0.003298163 0.3355045 0.01232522 -0.003298163 0.3520743 0.009360969 -0.003273069 0.3355092 0.01235371 -0.003273069 0.3520803 0.009389162 -0.003261029 0.3520827 0.009400486 -0.003244578 0.3355133 0.01237881 -0.003244578 0.3520856 0.009414076 -0.003212511 0.335517 0.01240086 -0.003212511 0.3520902 0.009435892 -0.003171741 0.3355205 0.01242226 -0.003171741 0.3520947 0.00945717 -0.003115534 0.335524 0.01244407 -0.003115534 0.3520993 0.009478747 -0.003418326 0.03561085 0.02065503 -0.003387153 0.03558635 0.02088385 -0.003362119 0.03557616 0.0209794 -0.003341436 0.03557038 0.02103275 -0.003320395 0.03556609 0.02107304 -0.003298103 0.03556257 0.02110588 -0.00327301 0.03555947 0.02113461 -0.003244519 0.03555679 0.02115982 -0.003212451 0.0355544 0.02118206 -0.003171682 0.03555208 0.02120363 -0.003115475 0.0355497 0.02122563 -0.003021061 0.03554707 0.02125042 -0.002809584 0.03554385 0.02128028 -0.003021061 0.06154924 0.02419686 -0.003115475 0.06155192 0.024172 -0.003171682 0.06155431 0.02415013 -0.003212451 0.06155669 0.02412849 -0.003244519 0.06155914 0.02410638 -0.00327301 0.06156188 0.02408105 -0.003298103 0.06156498 0.02405238 -0.003320395 0.06156855 0.02401953 -0.003341436 0.06157296 0.02397924 -0.003362119 0.06157881 0.02392596 -0.003387153 0.06158924 0.02383041 -0.003387153 0.07699942 0.0255773 -0.003387153 0.0978443 0.02769631 -0.003362119 0.07698816 0.02567273 -0.003362119 0.09783738 0.02779215 -0.003341436 0.07698184 0.02572602 -0.003341436 0.09783351 0.02784562 -0.003320455 0.07697707 0.02576625 -0.003320455 0.09783065 0.02788603 -0.003298103 0.07697325 0.02579903 -0.003298103 0.09782826 0.02791899 -0.00327301 0.07696986 0.02582776 -0.00327301 0.09782624 0.02794778 -0.003244519 0.07696682 0.02585297 -0.003244519 0.09782439 0.02797311 -0.003212451 0.07696419 0.02587509 -0.003212451 0.09782278 0.0279954 -0.003171682 0.07696163 0.02589666 -0.003171682 0.09782123 0.02801704 -0.003115475 0.07695907 0.02591866 -0.003115475 0.09781962 0.02803909 -0.003021061 0.07695615 0.02594333 -0.003021061 0.09781783 0.02806395 -0.002809584 0.07695263 0.02597326 -0.002809584 0.09781563 0.02809393 -0.003387153 0.1083319 0.02826434 -0.003362119 0.1083285 0.02836036 -0.003341436 0.1083264 0.02841395 -0.003320455 0.108325 0.02845448 -0.003298103 0.1083238 0.0284875 -0.00327301 0.1083227 0.02851635 -0.003244519 0.1083218 0.02854174 -0.003212451 0.108321 0.02856397 -0.003171682 0.1083202 0.02858573 -0.003115475 0.1083194 0.02860778 -0.003021061 0.1083185 0.0286327 -0.002809584 0.1083174 0.0286628 -0.003387153 0.118821 0.02847141 -0.003362119 0.1188205 0.02856755 -0.003341436 0.1188203 0.02862113 -0.003320455 0.11882 0.02866166 -0.003298103 0.1188198 0.02869474 -0.00327301 0.1188197 0.02872359 -0.003244519 0.1188196 0.02874904 -0.003212451 0.1188195 0.02877134 -0.003171682 0.1188194 0.02879303 -0.003115475 0.1188192 0.02881515 -0.003021061 0.1188191 0.02884006 -0.002809584 0.118819 0.0288701 -0.002809584 0.1869976 0.02824383 -0.003021121 0.215183 0.02654433 -0.003021121 0.1869957 0.02821379 -0.003115534 0.2151818 0.02651941 -0.003115534 0.1869942 0.02818894 -0.003171682 0.2151808 0.02649736 -0.003171682 0.1869928 0.02816689 -0.003212451 0.2151798 0.02647566 -0.003212451 0.1869915 0.02814525 -0.003244519 0.2151787 0.02645337 -0.003244519 0.1869901 0.02812296 -0.00327301 0.2151775 0.02642804 -0.00327301 0.1869885 0.02809756 -0.003298103 0.2151761 0.02639919 -0.003298103 0.1869867 0.02806878 -0.003320455 0.2151746 0.02636611 -0.003320455 0.1869847 0.02803581 -0.003341436 0.2151727 0.0263257 -0.003341436 0.1869822 0.0279954 -0.003362178 0.2151701 0.02627211 -0.003362178 0.1869788 0.02794188 -0.003387212 0.2151655 0.02617615 -0.003387212 0.1869728 0.02784591 -0.003418326 0.1869586 0.02761626 -0.003387212 0.2877318 0.01946562 -0.003387212 0.298399 0.01823264 -0.003362178 0.2877417 0.01956117 -0.003362178 0.2984117 0.01832789 -0.003341495 0.2877473 0.01961457 -0.003341495 0.2984188 0.01838105 -0.003320455 0.2877514 0.01965481 -0.003320455 0.2984241 0.01842123 -0.003298163 0.2877548 0.01968771 -0.003298163 0.2984285 0.01845395 -0.003273069 0.2877578 0.01971638 -0.003273069 0.2984323 0.01848262 -0.003244578 0.2877604 0.01974171 -0.003244578 0.2984357 0.01850777 -0.003212511 0.2877627 0.01976388 -0.003212511 0.2984386 0.01852989 -0.003171741 0.287765 0.01978552 -0.003171741 0.2984415 0.0185514 -0.003115534 0.2877672 0.01980751 -0.003115534 0.2984443 0.01857334 -0.003021121 0.2877698 0.01983225 -0.003021121 0.2984476 0.01859802 -0.002809584 0.2877728 0.01986217 -0.002809643 0.2984516 0.01862782 -0.003387212 0.3090314 0.01660007 -0.003362178 0.3090474 0.01669484 -0.003341495 0.3090564 0.01674771 -0.003320455 0.3090633 0.01678764 -0.003298163 0.3090687 0.01682031 -0.003273069 0.3090736 0.01684868 -0.003244578 0.3090778 0.01687377 -0.003212511 0.3090816 0.01689577 -0.003171741 0.3090852 0.01691716 -0.003115534 0.3090889 0.01693898 -0.003021121 0.3090931 0.01696354 -0.002809643 0.3090981 0.01699316 -0.003387212 0.1648349 0.02849394 -0.003362178 0.1648344 0.02859002 -0.003341436 0.1648341 0.02864366 -0.003320455 0.1648339 0.02868419 -0.003298103 0.1648338 0.02871727 -0.00327301 0.1648336 0.02874612 -0.003244519 0.1648335 0.02877157 -0.003212451 0.1648334 0.02879381 -0.003171682 0.1648333 0.02881556 -0.003115475 0.1648332 0.02883762 -0.003021061 0.1648331 0.02886259 -0.002809584 0.1648328 0.02889263 -0.003387212 0.1759011 0.02838504 -0.003362178 0.175904 0.02848106 -0.003341436 0.1759055 0.02853471 -0.003320455 0.1759068 0.02857524 -0.003298103 0.1759077 0.0286082 -0.00327301 0.1759086 0.02863711 -0.003244519 0.1759093 0.02866256 -0.003212451 0.17591 0.02868479 -0.003171682 0.1759107 0.02870655 -0.003115475 0.1759113 0.02872854 -0.003021121 0.175912 0.02875351 -0.002809584 0.1759129 0.0287835 -0.003387212 0.2363694 0.02504473 -0.003362178 0.2363768 0.02514058 -0.003341495 0.236381 0.02519404 -0.003320455 0.2363842 0.0252344 -0.003298103 0.2363867 0.02526736 -0.00327301 0.2363889 0.02529609 -0.003244519 0.2363909 0.02532148 -0.003212451 0.2363926 0.02534371 -0.003171682 0.2363944 0.02536541 -0.003115534 0.236396 0.0253874 -0.003021121 0.2363979 0.02541226 -0.002809584 0.2364003 0.02544224 -0.003418326 0.2566666 0.02261531 -0.003387212 0.2566943 0.02284377 -0.003362178 0.2567059 0.0229392 -0.003341495 0.2567124 0.02299243 -0.003320455 0.2567173 0.02303266 -0.003298103 0.2567213 0.0230655 -0.00327301 0.2567248 0.02309411 -0.003244578 0.2567278 0.02311939 -0.003212451 0.2567306 0.02314144 -0.003171741 0.2567332 0.02316308 -0.003115534 0.2567359 0.02318495 -0.003021121 0.2567389 0.02320975 -0.002809584 0.2567425 0.02323955 -0.003021121 0.3355281 0.01246863 -0.002809643 0.335533 0.01249831 -0.003051877 0.3521031 0.00949639 -0.003021121 0.3521045 0.009503126 -0.002809643 0.3521108 0.009532511 -0.003426492 0.3614559 0.006257951 -0.003040432 0.3709953 0.00335747 -0.003004014 0.3710011 0.003372371 -0.002794623 0.3754907 9.31406e-4 -0.002831161 0.3754842 9.16609e-4 -0.002863228 0.3754768 9.00593e-4 -0.0030725 0.3709887 0.003341317 -0.003278017 0.3706611 0.002647459 -0.002089738 0.3818333 -0.00362122 -0.002113282 0.3832235 -0.006005585 -0.002109825 0.3833988 -0.005813181 -0.002097368 0.3835099 -0.005688905 -0.002077937 0.383586 -0.005601525 -0.00201863 0.3836809 -0.005484879 -0.002036452 0.383662 -0.005509436 -0.002052068 0.3836404 -0.005536496 -0.00246644 0.379787 -0.002021729 -0.002498209 0.3797788 -0.002037584 -0.002526581 0.3797691 -0.002054691 -0.002551734 0.379758 -0.002073347 -0.002574086 0.3797451 -0.002093732 -0.002594113 0.3797304 -0.002116322 -0.002083659 0.3818337 -0.003619551 -0.002215504 0.3798093 -0.001953244 -0.001756906 0.3797968 -0.001898229 -0.003203153 0.3709255 0.003200531 -0.003007948 0.3753836 7.30084e-4 -0.00323081 0.3708902 0.003125369 -0.003020763 0.375361 6.9137e-4 -0.003252625 0.3708417 0.003023266 -0.003041923 0.3753031 5.93317e-4 -0.003064632 0.375087 2.33446e-4 -0.002371847 0.381718 -0.003808796 -0.002398312 0.3816657 -0.003875374 -0.002675175 0.3795775 -0.00233072 -0.002695262 0.3793237 -0.002668797 -0.002654731 0.3796452 -0.002238214 -0.002642154 0.3796715 -0.002201557 -0.002627909 0.3796941 -0.002169549 -0.002611994 0.3797135 -0.002141356 -0.003100872 0.3709812 0.003323614 -0.0028916 0.3754681 8.83173e-4 -0.003126084 0.3709726 0.003304064 -0.002916812 0.3754583 8.64075e-4 -0.003148615 0.370963 0.003282427 -0.002939283 0.3754472 8.42994e-4 -0.003168761 0.3709521 0.003258287 -0.00295937 0.3754343 8.19564e-4 -0.003186881 0.3709396 0.003231167 -0.002977371 0.3754197 7.93327e-4 -0.002993524 0.3754029 7.63765e-4 -0.002542197 0.3776881 -4.51059e-4 -0.002428829 0.3797941 -0.002006411 -0.002632498 0.377678 -4.7812e-4 -0.002704322 0.3755007 9.581e-4 -0.002913951 0.3710105 0.003398656 -0.002580881 0.3755066 9.81988e-4 -0.002790927 0.371017 0.003421485 -0.002123534 0.3755024 0.001026749 -0.002335548 0.371019 0.003460347 -0.002339243 0.3798043 -0.001979112 -0.003054022 0.3616949 0.007034242 -0.003143131 0.3616873 0.007007956 -0.003184676 0.3569132 0.008336484 -0.003178656 0.361683 0.006993234 -0.003210783 0.3616781 0.006976664 -0.003239333 0.3616725 0.006958305 -0.002931892 0.3617008 0.007056593 -0.002893626 0.3664051 0.0054214 -0.003015875 0.3663988 0.005399048 -0.003105521 0.3663902 0.005372881 -0.00314182 0.3663851 0.005357921 -0.003173768 0.3663793 0.005341649 -0.00320208 0.366373 0.005323708 -0.00326395 0.3616667 0.006938755 -0.003227293 0.3663657 0.005303859 -0.00328654 0.36166 0.006916582 -0.003249883 0.3663576 0.005281865 -0.003306865 0.3616524 0.006891727 -0.003270089 0.3663485 0.005257248 -0.003325223 0.3616438 0.006863772 -0.003288328 0.3663381 0.005229651 -0.003341853 0.361634 0.006832122 -0.003304779 0.3663263 0.005198359 -0.003370583 0.3616101 0.006754279 -0.003332972 0.3662971 0.005121409 -0.003394067 0.3615772 0.006648421 -0.003355622 0.366257 0.005016863 -0.00338447 0.3661085 0.004631459</float_array>
          <technique_common>
            <accessor source="#Helice_010-mesh-positions-array" count="3046" stride="3">
              <param name="X" type="float" />
              <param name="Y" type="float" />
              <param name="Z" type="float" />
            </accessor>
          </technique_common>
        </source>
        <source id="Helice_010-mesh-normals">
          <float_array id="Helice_010-mesh-normals-array" count="10338">0.001293599 -0.9999887 0.004582047 3.22171e-4 -0.9971855 -0.07497394 1.15262e-4 -0.9924951 -0.1222848 2.93475e-4 -0.9894435 -0.1449193 1.7696e-4 -0.986002 -0.1667335 -1.27528e-4 -0.9808239 -0.1948963 2.41304e-4 -0.9663342 -0.2572906 2.55325e-4 -0.961142 -0.2760547 6.24594e-4 -0.9492133 -0.314633 -7.47004e-4 -0.9374039 -0.3482432 4.93945e-4 -0.916601 -0.3998031 9.76187e-4 -0.9116651 -0.410933 0.001665353 -0.8911725 -0.4536616 0.002475321 -0.8984129 -0.4391449 -0.001403629 -0.8517997 -0.5238657 2.7674e-4 -0.8613085 -0.5080826 -2.28306e-4 -0.8535426 -0.521023 6.37399e-4 -0.8550319 -0.5185751 -9.86917e-6 -0.845027 -0.5347238 1.39083e-4 -0.8398457 -0.5428255 0.08110642 -0.8227046 -0.5626535 1.04685e-4 -0.843437 -0.5372281 4.28825e-4 -0.8490902 -0.5282478 -0.0655409 -0.6698829 -0.7395684 -0.04228425 -0.6602348 -0.7498681 2.2533e-4 -0.823699 -0.5670273 0.03382897 -0.6331523 -0.7732877 -0.4450935 -0.7366812 -0.5091097 -0.4908229 -0.7252853 -0.4827569 -0.002813816 -0.8309707 -0.5563091 -0.5018247 -0.7053598 -0.5006393 -0.4493128 -0.7153486 -0.5351585 -0.3945821 -0.7241531 -0.5656035 -0.3495858 -0.7296082 -0.5877599 -0.3077011 -0.7336492 -0.6058703 -0.2367789 -0.7466737 -0.6216223 -0.199027 -0.7490671 -0.6318914 -0.1614423 -0.7473929 -0.644469 -0.1170672 -0.747016 -0.6544176 -0.08441144 -0.7416447 -0.6654606 -0.06746608 -0.7343387 -0.6754221 -4.4876e-4 -0.820494 -0.571655 0.3023461 -0.7141606 -0.6313174 0.3577492 -0.7050577 -0.6122983 0.03247088 -0.6667966 -0.7445322 0.04092025 -0.7321321 -0.6799324 0.06444561 -0.7312768 -0.6790295 0.09280347 -0.7303253 -0.6767662 0.1312084 -0.7285416 -0.6723181 0.1864272 -0.7249094 -0.6631376 0.2506792 -0.7192646 -0.6479339 0.4309822 -0.6899094 -0.5816179 0.4856311 -0.6778913 -0.5519293 -0.051346 -0.6376889 -0.7685809 0.002076983 -0.7016716 -0.7124975 0.01591658 -0.655166 -0.7553173 0.001141905 -0.8921144 -0.4518085 3.05932e-4 -0.8719413 -0.4896105 1.44533e-4 -0.8679898 -0.4965822 -9.10802e-4 -0.855078 -0.5184987 0.001285851 -0.9908576 0.134906 0.00110507 -0.9994262 0.03385448 9.62987e-7 -0.9999675 0.008069455 -0.1665535 -0.7427916 0.6484756 -0.00141257 -0.8610968 0.5084393 0.001574516 -0.8293389 0.5587438 -4.87338e-4 -0.8906615 0.4546669 6.14469e-6 -0.9144725 0.4046483 -3.49219e-4 -0.9358636 0.3523625 7.90536e-4 -0.9614087 0.275123 7.80467e-4 -0.980102 0.1984931 9.71369e-6 -0.9837192 0.1797125 -0.1088249 -0.749746 0.6527161 0.004921317 -0.7159062 0.6981792 -0.4008863 -0.5743823 0.7137052 -0.4355087 -0.430768 0.7904247 -0.2983477 -0.5436102 0.7845233 -0.3450162 -0.4553539 0.8207417 -0.1436599 -0.5187144 0.8427914 -0.1727689 -0.5198952 0.8365764 0 -0.4155807 0.9095563 0.02336388 -0.3949118 0.9184219 -0.02153897 -0.5262159 0.8500782 -0.04514771 -0.5240714 0.8504769 -0.07375192 -0.5212485 0.8502122 -0.109593 -0.5188419 0.8478164 -0.2061385 -0.5200708 0.8288748 -0.2481079 -0.5200761 0.8172903 -0.3345493 -0.5561313 0.7607858 -0.3720287 -0.5648164 0.7365984 0.04940837 -0.08104002 0.9954856 0.04920935 -0.1949372 0.9795805 0.01834863 -0.1178107 0.9928665 0.01440483 -0.3346742 0.9422238 0.02524423 -0.2853537 0.9580898 0.08845716 -0.2151557 0.9725654 0.01112431 -0.06234896 0.9979924 -0.0328992 -0.05766624 0.9977937 -0.03495955 -0.05514925 0.9978659 -0.05715548 -0.08038359 0.995124 -2.44464e-4 -0.08653402 0.996249 -0.04509717 -0.104686 0.9934824 -0.006688773 -0.1045668 0.9944955 -0.003130078 -0.1133104 0.9935547 0.04841244 -0.09381657 0.9944118 0.0121783 -0.0772975 0.9969337 -2.37122e-4 -0.06845909 0.9976539 -0.02460587 -0.0715968 0.9971302 -0.03594619 -0.0840255 0.9958151 -2.99427e-5 -0.08580869 0.9963117 -0.02934199 -0.1023782 0.9943128 -0.02418261 -0.1392977 0.9899553 -2.19453e-4 -0.1434342 0.9896598 0.008087098 -0.1681474 0.9857287 0.009045779 -0.1359938 0.9906684 0.02842634 -0.1426432 0.989366 0.03347718 -0.058806 0.997708 0.04067963 0.004305541 0.999163 -1.81185e-4 0.007849812 0.9999693 0.02556777 0.03783106 0.998957 0.01972001 0.04977953 0.9985655 0.001961112 0.0588755 0.9982635 0.01051151 0.08666527 0.9961821 0.001107692 0.06540757 0.9978581 0.02183371 0.2030251 0.9789302 0.01696801 0.1286661 0.9915428 0.04972153 0.1214441 0.9913522 -0.006655216 0.3054695 0.9521787 -0.004598438 0.3123977 0.9499404 0.0122838 0.2904253 0.9568189 0.03123813 0.2472135 0.9684574 0.02503913 0.238845 0.9707348 -0.05939131 0.1522234 0.9865601 -1.76654e-4 0.2245604 0.9744601 -0.03228932 0.2054674 0.9781311 -0.02476185 0.2697518 0.9626116 1.07244e-4 0.3091977 0.9509978 -0.03012317 0.05483883 0.9980407 0 0.0697624 0.9975637 -0.01455056 -0.09033131 0.9958055 -0.00595659 -0.1446752 0.9894614 -0.02098309 -0.1487897 0.9886462 -0.001495957 -0.0810281 0.9967108 0.01268488 -0.08458197 0.9963359 0.02004456 -0.1369438 0.990376 -0.00189948 -0.1715183 0.9851792 5.93809e-7 -0.08989548 0.9959512 1.14952e-5 0.02497255 0.9996882 0.01529133 0.06941735 0.9974705 8.00964e-4 -0.2724807 0.962161 -1.00183e-4 2.20658e-5 1 0.0148217 -0.1711896 -0.9851267 0.02497231 -0.2112506 -0.9771129 -0.002760529 -0.1991763 -0.9799598 0.0284391 -0.4181432 -0.9079359 0.003307759 -0.3582033 -0.9336378 0.01731014 -0.3400875 -0.9402345 -0.01278781 -0.3193966 -0.9475349 0.03102236 -0.2648884 -0.9637799 -0.008388638 -0.2598443 -0.9656142 -0.03889405 -0.2420972 -0.9694721 5.5512e-4 -0.6054987 -0.7958462 -0.0125553 -0.5920738 -0.805786 0.02235126 -0.5085861 -0.860721 0.01451838 -0.4842595 -0.8748041 -0.009763658 -0.4329524 -0.901364 -0.01086086 -0.06680172 -0.9977072 0.003099024 0.004608273 -0.9999846 -0.008542656 0.04283541 -0.9990457 0.005926847 0.04930269 -0.9987664 0.00683999 0.07657855 -0.9970402 -0.005404591 0.09050709 -0.9958812 -0.0188049 0.1080392 -0.9939688 0.00360316 0.1105746 -0.9938613 -0.01268547 0.1128602 -0.9935299 0.01705276 0.1078926 -0.9940164 -0.02101325 0.1058276 -0.9941625 0.02452915 0.06601464 -0.9975171 -0.01053035 4.46697e-4 -0.9999445 -0.01107805 0.01719415 -0.9997909 0.03096854 0.03176683 -0.9990155 0.01552665 0.03489458 -0.9992704 -0.01130759 0.07372528 -0.9972145 0.01033109 6.26e-4 -0.9999465 0.008661925 -0.002274215 -0.99996 -0.006821572 -0.006500959 -0.9999556 0.003272712 -0.04298973 -0.9990702 -0.001788854 -0.05023926 -0.9987356 -0.002391993 -0.05748826 -0.9983434 -0.0052284 -0.05631107 -0.9983996 0.00475651 -0.0543552 -0.9985104 -0.008738815 -0.05560213 -0.9984148 0.02963137 -0.06270134 -0.9975924 -0.02773916 -0.1071888 -0.9938517 0.006397485 -0.1126354 -0.9936159 -7.12373e-4 -0.1100395 -0.993927 0.02158164 -0.1107795 -0.9936107 0.01131528 -0.1070957 -0.9941844 0.01380872 -0.1039268 -0.9944891 0.02112573 -0.1111651 -0.9935774 -0.008057713 -0.1147888 -0.9933573 0.01672077 -0.1330358 -0.9909703 -0.02029752 -0.1718079 -0.9849214 -0.008680701 -0.1672399 -0.985878 0.02490562 -0.1639451 -0.986155 9.12054e-4 -0.1570031 -0.9875978 -0.01168805 -0.1368618 -0.9905212 -0.9999185 -6.18142e-4 0.01276284 -0.9999966 2.43868e-4 -0.002591133 -0.999979 -2.32807e-5 0.006498813 -0.9999963 3.09901e-4 -0.002735257 -0.9999296 0.001372456 0.01179504 -0.9999634 0.001211762 0.008481621 -0.9999267 -0.001628637 0.01199585 -0.9999299 -0.001804649 0.01170134 -0.9999697 -0.003092944 0.007156133 -0.9999763 -0.00116676 -0.006776988 -0.9999058 -7.99178e-4 0.01370024 -0.9999428 -6.43074e-4 0.01067894 -0.9999721 2.18299e-5 -0.007480442 -0.9999711 5.33252e-4 -0.00758928 -1 -1.50123e-7 0 -1 -2.36989e-7 0 -1 -6.81988e-5 4.07395e-4 -0.9999964 -4.3663e-4 -0.002683341 -0.9999671 -6.72998e-4 0.008086621 -0.9999933 -4.63827e-4 -0.00362122 -0.9999995 1.03587e-4 -0.001123309 -0.9999885 0.001449644 0.004578769 -0.999998 2.18007e-4 -0.002013504 -0.9999897 0.001224875 0.00439316 -0.9999278 0.002683639 0.0117228 -0.999995 -3.46158e-4 -0.003148674 -0.9999848 -6.15347e-4 0.005490064 -0.9999991 -1.48422e-4 -0.001360058 -0.9999796 -7.59879e-5 0.006387472 -0.9999995 0 -0.001005113 -0.9999941 -4.66677e-4 0.003425717 -0.9999999 -1.51002e-5 -6.18702e-4 -0.999974 -8.06066e-4 0.007168889 -0.9999827 -4.53409e-4 0.005877614 -0.9999994 -8.22705e-5 -0.00115329 -0.9999943 -2.34631e-4 0.003354966 -0.9999987 -9.62887e-5 -0.001679122 -0.9999912 -3.64256e-4 0.004198789 -0.9999996 -5.01791e-5 -9.18621e-4 -0.9999899 -5.5652e-4 0.00446856 -0.9999883 -7.92266e-4 0.00478214 -0.9999845 2.39212e-4 0.005586862 -0.9999986 8.97357e-5 0.001709878 -0.9999997 5.27971e-6 -7.89955e-4 -0.9999772 4.76466e-4 0.006745994 -0.9999918 4.22546e-4 0.004046499 -0.9999754 9.51821e-4 0.006959557 -0.9999911 0.001006841 0.004095852 -0.9999995 4.50727e-5 -0.001038074 -0.9999855 0.001602768 0.005151569 -0.9999799 0.001990199 0.006026923 1 1.67785e-5 -1.5009e-4 1 1.5446e-5 -1.39363e-4 1 2.10803e-7 0 1 2.78634e-7 0 1 2.5912e-5 -4.79074e-4 1 5.97734e-7 -4.40025e-4 1 1.12191e-5 -1.68533e-4 1 6.36588e-6 -5.92103e-5 1 2.24149e-7 0 1 2.03482e-7 0 1 2.12552e-7 0 1 1.92291e-7 0 1 2.34019e-7 0 1 2.06316e-7 0 1 2.31875e-7 0 1 2.12581e-7 0 1 2.35356e-7 0 1 2.25283e-7 0 1 2.56337e-7 0 1 2.61894e-7 0 1 3.4688e-7 0 1 1.80732e-7 0 1 1.89785e-5 5.70255e-5 1 4.28499e-6 1.82171e-5 1 6.12112e-6 3.34372e-5 1 -9.09801e-6 -5.64486e-5 1 -9.49468e-6 -6.91478e-5 1 -6.08388e-6 -5.78017e-5 1 -5.69085e-6 -5.33079e-5 1 -6.22282e-6 -6.99605e-5 1 2.38182e-6 3.78051e-5 1 -8.46972e-6 -1.50933e-4 1 -2.8553e-6 -6.45262e-5 1 -5.03845e-7 -6.40963e-5 1 2.65484e-6 -1.61908e-4 1 2.26728e-7 0 1 2.21979e-7 0 1 2.26929e-7 0 1 2.50889e-7 0 1 0 5.41743e-7 1 0 -2.14411e-7 1 2.19659e-7 0 1 4.64625e-6 7.39511e-6 1 2.34268e-7 0 1 4.33039e-6 6.77147e-6 1 2.40668e-7 0 1 -7.19028e-6 -9.13272e-6 1 2.32753e-7 0 1 2.21976e-7 0 1 2.08409e-7 0 1 4.09329e-6 8.77638e-6 1 2.52013e-7 0 1 2.44222e-7 0 1 1.32321e-7 0 1 2.32633e-7 0 1 2.76399e-7 0 1 2.34078e-7 0 1 2.40373e-7 0 1 1.41606e-7 1.45029e-7 1 4.35922e-7 0 1 4.55827e-7 0 1 -2.79122e-4 -3.05073e-4 1 0 0 1 0 0 -0.001088321 0.8639499 0.5035765 -1.96457e-7 0.8659592 0.5001148 -5.45815e-4 0.7672362 0.6413644 -3.6811e-4 0.5505043 -0.8348324 -0.002163052 0.4284233 -0.9035755 -0.00274074 0.5230824 -0.8522778 -0.001087307 -0.8639495 -0.5035774 2.61941e-7 -0.8659582 -0.5001165 -5.58652e-4 -0.7671715 -0.641442 -3.65214e-4 -0.5505332 0.8348133 -0.002156078 -0.4284101 0.9035819 -0.0027408 -0.5230849 0.8522762 0.239852 -0.2814525 -0.9291154 0.1791831 -0.2764903 -0.9441645 0.001662552 -0.4627601 -0.886482 0.3089873 -0.2839128 -0.9077006 0.003378152 -0.5385782 -0.8425688 0.002494513 -0.5332524 -0.8459526 0.005771219 -0.5505769 -0.8347645 0.001976549 -0.5296736 -0.8481994 0.001644253 -0.5271319 -0.8497819 0.4361022 -0.2976448 -0.8492483 0.4068667 -0.2904928 -0.8660678 0.3664601 -0.2872053 -0.8849974 0.1851771 -0.1351473 -0.9733677 0.1193959 -0.08216655 -0.9894409 0.05761098 -0.0733729 -0.9956393 0.01956719 -0.006377339 -0.9997882 -0.03745722 -0.03060775 -0.9988294 -0.1460361 -0.1035149 -0.9838486 -0.002773821 -0.4690365 -0.8831744 -0.1282926 -0.2710216 -0.9539856 -0.1723691 -0.2725427 -0.9465777 -0.214999 -0.2714101 -0.9381428 -0.2451276 -0.2726882 -0.9303514 -0.274439 -0.2767674 -0.9209142 -0.3126616 -0.2838415 -0.906464 -0.3704132 -0.2917467 -0.8818605 -0.4395368 -0.2985787 -0.8471471 -0.001708149 -0.5276611 -0.8494533 -0.002116322 -0.5306921 -0.8475621 -0.003016769 -0.5365425 -0.843868 -0.004459679 -0.5442355 -0.8389207 -0.007115364 -0.5818822 -0.813242 -0.005227148 -0.6325654 -0.7744894 0.00150305 -0.7694566 -0.6386974 0.00575155 -0.7069858 -0.7072044 0.001925289 -0.6647391 -0.7470731 0.006658315 -0.5897226 -0.8075786 0.01860523 -0.5941784 -0.8041182 0 -0.7659457 -0.6429054 2.17609e-7 -0.851005 -0.5251576 2.70861e-7 -0.8801746 -0.47465 2.61987e-7 -0.9292822 -0.3693707 2.52397e-7 -0.9492362 -0.3145644 2.65583e-7 -0.9793143 -0.2023451 2.564e-7 -0.9894454 -0.1449061 2.69174e-7 -0.9995748 -0.02916276 1.14449e-5 -0.9995747 0.02916276 2.82963e-7 -0.9894455 0.1449061 2.61338e-7 -0.9793143 0.2023451 2.77645e-7 -0.9492362 0.3145642 2.3764e-7 -0.9292822 0.3693708 1.44408e-5 -0.880176 0.4746477 -1.90812e-5 -0.851006 0.525156 0 -0.7843686 0.620295 2.27789e-7 -0.7468703 0.6649698 0 -0.6647365 0.7470779 -1.2714e-5 -0.6200506 0.7845619 5.35661e-4 -0.5016123 0.8650924 0 -0.5032393 0.8641472 -0.1344842 -0.1144505 0.9842841 -0.09228265 -0.1109259 0.989535 -0.00180906 -0.3141987 0.9493556 -0.1062523 -0.2890169 0.9514094 -0.1017556 -0.2683106 0.9579433 -0.09987175 -0.231563 0.9676798 -0.01907891 -0.4611832 0.8870999 -0.01013243 -0.4301326 0.9027089 -0.0781604 -0.385191 0.9195211 -0.07028216 -0.3705974 0.9261307 -0.02232754 -0.4698531 0.8824623 -0.1303633 -0.3126119 0.9408928 -0.1142752 -0.3054339 0.9453314 -0.05243885 -0.1109269 0.9924442 -0.01478767 -0.1030048 0.994571 0.001066625 -0.3021571 0.9532576 -0.002976238 -0.6634028 0.7482566 -0.004183709 -0.6192559 0.7851783 -0.00811088 -0.5732657 0.8193294 -0.003494977 -0.7833877 0.6215237 -0.003707706 -0.879517 0.4758532 -0.004943847 -0.8445142 0.5355105 -0.01024442 -0.8183099 0.5746861 -0.004879653 -0.740556 0.671977 -0.008677959 -0.7060094 0.7081494 -0.003895878 -0.9488762 0.3156246 -0.003963649 -0.9893158 0.1457347 -0.006090283 -0.9750809 0.2217666 -0.01148056 -0.9656071 0.2597527 -0.005482375 -0.9234687 0.3836348 -0.01089787 -0.9057452 0.4236828 -0.003831982 -0.9995825 -0.02864044 -0.002218306 -0.9793486 -0.2021668 -0.006417632 -0.994249 -0.1069012 -0.01138401 -0.9961636 -0.08676749 -0.006202101 -0.9985015 0.05437195 -0.01172125 -0.9960634 0.08786636 -0.001431047 -0.9292775 -0.3693797 -0.00427854 -0.9062455 -0.4227303 -0.003425478 -0.9631262 -0.2690283 -0.006613492 -0.9659087 -0.2587984 7.11739e-6 -0.6026732 -0.7979882 -0.001092255 -0.7069993 -0.7072135 0 -0.7684515 -0.6399081 0.2398284 0.281426 0.9291296 0.1791839 0.2765051 0.9441601 0.001662194 0.4627588 0.8864827 0.3090857 0.283834 0.9076918 0.003325343 0.538327 0.8427295 0.002507507 0.5333207 0.8459094 0.005768179 0.550565 0.8347724 0.001968204 0.5296081 0.8482402 0.001663088 0.5272716 0.8496952 0.4355612 0.2972111 0.8496776 0.4066081 0.2902463 0.8662719 0.3664023 0.2873479 0.8849748 0.1851911 0.1351758 0.9733611 0.1194837 0.08219057 0.9894283 0.05761504 0.07334852 0.9956408 0.01956367 0.006363809 0.9997884 0.003094732 -0.004627406 0.9999845 -0.01083123 0.06679308 0.9977081 -0.0374934 0.03058582 0.9988288 -0.1460326 0.1035383 0.9838467 -0.002773642 0.4690354 0.8831751 -0.1281644 0.2707905 0.9540684 -0.1723732 0.2725349 0.9465793 -0.2150028 0.2714109 0.9381418 -0.2451002 0.2725639 0.9303951 -0.2739342 0.2766345 0.9211044 -0.3127223 0.2833225 0.9066053 -0.3703951 0.2917381 0.881871 -0.4396645 0.2987333 0.8470263 -0.001745104 0.5279177 0.8492938 -0.002123117 0.5306794 0.84757 -0.003043174 0.5367231 0.843753 -0.004427373 0.5440887 0.8390161 -0.007105469 0.5818573 0.8132598 -0.005227863 0.6325625 0.7744917 0.001482605 0.7694855 0.6386626 0.00574392 0.706974 0.7072162 0.001921772 0.664738 0.7470741 0.006654858 0.5897096 0.8075879 0.01860308 0.5941848 0.8041134 -1.84336e-7 0.7659473 0.6429035 -2.34095e-7 0.8510059 0.5251561 9.01849e-7 0.880176 0.4746476 -2.40555e-7 0.9292804 0.3693751 -2.62855e-7 0.9492349 0.3145681 -2.53035e-7 0.9793134 0.2023493 -2.78457e-7 0.9894451 0.144909 -1.14459e-5 0.9995747 0.02916347 -2.70879e-7 0.9995747 -0.02916347 -2.62207e-7 0.9894451 -0.1449089 -2.69756e-7 0.9793134 -0.2023493 -2.67138e-7 0.949235 -0.3145679 -2.59021e-7 0.9292804 -0.3693752 -2.61271e-7 0.8801748 -0.4746499 -2.12585e-7 0.8510047 -0.5251582 -1.43567e-5 0.784371 -0.6202921 1.38149e-5 0.746873 -0.6649668 2.17877e-7 0.6647393 -0.7470754 0 0.6200531 -0.78456 5.50824e-4 0.5015267 -0.8651421 -2.92351e-7 0.5032408 -0.8641464 -0.1344361 0.1140035 -0.9843425 -0.09220248 0.1109106 -0.9895442 -0.001808762 0.3141976 -0.9493559 -0.1062491 0.2889133 -0.9514412 -0.1017126 0.2684015 -0.9579223 -0.09994131 0.2318919 -0.9675939 -0.01907795 0.4611808 -0.8871011 -0.01012688 0.4301123 -0.9027186 -0.0781424 0.38521 -0.9195147 -0.07030683 0.3706297 -0.9261159 -0.02231836 0.469831 -0.8824742 -0.1303746 0.312579 -0.9409022 -0.1142874 0.3054744 -0.9453168 -0.05244338 0.1108983 -0.9924472 -0.01534903 0.1148765 -0.9932612 -1.24823e-4 -4.77731e-5 -1 8.04742e-4 0.2724924 -0.9621577 0.001068472 0.3021522 -0.9532591 -0.002976059 0.663406 -0.7482538 -0.004182755 0.6192536 -0.7851799 -0.00811088 0.573263 -0.8193312 -0.003494799 0.7833886 -0.6215226 -0.003710985 0.8795159 -0.4758552 -0.004947423 0.8445167 -0.5355065 -0.0102449 0.8183004 -0.5746995 -0.004878163 0.7405571 -0.6719758 -0.00868088 0.7060249 -0.7081338 -0.003897249 0.9488757 -0.315626 -0.003962159 0.9893151 -0.14574 -0.006088197 0.9750787 -0.2217761 -0.01148277 0.9656085 -0.2597468 -0.005483567 0.9234687 -0.3836346 -0.01089733 0.9057436 -0.4236862 -0.003830611 0.9995825 0.02864176 -0.002216696 0.9793481 0.2021695 -0.006413459 0.9942466 0.1069242 -0.0113821 0.9961628 0.08677726 -0.006202697 0.998502 -0.05436247 -0.01173138 0.9960668 -0.08782637 -0.001431882 0.9292762 0.369383 -0.004277527 0.9062524 0.4227157 -0.003426253 0.9631301 0.2690147 -0.00661683 0.9659014 0.2588261 1.24929e-5 0.6026477 0.7980074 -0.00109291 0.7069772 0.7072356 -2.68322e-7 0.7684544 0.6399046 0 0.2022209 -0.97934 0 0.144827 -0.9894571 1.49338e-7 0.02913945 -0.9995754 0 -0.02913945 -0.9995754 1.53542e-7 -0.1448271 -0.989457 1.10623e-6 -0.202221 -0.97934 1.62981e-7 -0.3143961 -0.949292 7.67602e-7 -0.3691626 -0.9293649 0 -0.2022207 0.97934 0 -0.1448267 0.9894571 1.07719e-5 -0.02913933 0.9995754 -1.08132e-5 0.02913933 0.9995754 -1.48444e-7 0.1448266 0.9894571 0 0.2022206 0.97934 -1.57883e-7 0.3143998 0.9492906 0 0.3691661 0.9293636 1 1.85937e-6 0 1 4.27337e-7 0 1 8.87031e-7 0 1 1.50376e-7 0 1 0 2.57553e-7 1 -1.93895e-7 0 1 9.70696e-7 2.3898e-7 1 0 0 1 1.36599e-6 0 1 3.52941e-7 0 1 4.5322e-7 0 1 2.92264e-7 0 1 0 0 1 1.93897e-7 0 1 1.97381e-7 0 1 1.9927e-7 0 1 1.7315e-7 0 1 1.93897e-7 0 1 2.58894e-7 0 1 3.44314e-7 0 1 -2.46091e-7 0 1 4.7041e-7 0 1 -3.94928e-7 -3.47077e-7 1 3.17623e-7 0 1 9.93696e-7 -2.80519e-7 1 0 0 1 1.83517e-6 1.31107e-7 1 1.71184e-7 0 1 8.77057e-7 0 1 4.58693e-7 0 1 1.02264e-6 0 1 0 0 1 8.13368e-7 0 1 -2.00167e-7 0 1 -9.68405e-7 0 1 4.34415e-7 0 1 -8.07842e-7 0 1 4.52112e-7 0 1 0 0 1 0 0 1 0 2.5755e-7 1 1.1942e-7 0 1 0 2.3898e-7 1 4.09556e-7 0 1 0 0 1 4.38387e-7 0 1 5.11227e-7 0 1 2.57409e-7 0 1 9.32145e-7 0 1 2.08224e-7 0 1 5.63217e-7 0 1 2.45237e-7 0 1 1.26197e-7 0 1 2.90846e-7 0 1 -2.26612e-7 0 1 3.31433e-7 0 1 3.04194e-7 0 1 2.11127e-7 0 1 1.41121e-6 -3.47076e-7 1 0 0 1 8.64112e-7 -2.80515e-7 1 1.45422e-7 0 1 -9.74299e-7 1.31107e-7 1 2.83874e-7 0 1 -8.22167e-7 0 1 3.2955e-7 0 1 0 0 1 1.33843e-7 0 1 -9.7735e-7 0 1 1.63792e-7 0 1 1.48516e-7 0 1 3.31455e-7 0 0 0.02915573 -0.9995749 0 -0.02915573 -0.9995749 -1.28233e-5 -0.1448143 -0.9894589 0 -0.2022408 -0.9793359 1.19167e-6 -0.3143728 -0.9492996 1.09936e-5 -0.36917 -0.9293619 1.2524e-7 -0.4744214 -0.8802979 -1.50386e-7 -0.524924 -0.8511492 1.52924e-7 -0.6200675 -0.7845484 1.81711e-7 -0.6647423 -0.7470728 1.39553e-7 -0.7468681 -0.6649723 1.02407e-5 -0.7843571 -0.6203097 -1.37848e-5 -0.8510075 -0.5251538 1.88856e-7 -0.8801691 -0.4746605 2.14469e-7 -0.9292879 -0.3693563 2.09371e-7 -0.9492363 -0.3145642 2.2409e-7 -0.9793143 -0.2023455 2.19096e-7 -0.9894434 -0.1449203 2.26872e-7 -0.9995749 -0.02915561 -1.09505e-5 -0.9995749 0.02915561 2.2409e-7 -0.9894434 0.1449203 2.18992e-7 -0.9793143 0.2023455 2.14472e-7 -0.9492337 0.3145719 -1.0963e-5 -0.9292849 0.3693637 1.39174e-5 -0.8801705 0.4746578 1.89025e-7 -0.8510089 0.5251515 -9.32093e-7 -0.7843639 0.620301 -9.72645e-7 -0.7468753 0.6649641 -1.09908e-5 -0.6647424 0.7470726 1.47826e-7 -0.6200676 0.7845485 0 -0.5249242 0.851149 1.20142e-7 -0.4744216 0.8802979 1.3788e-5 -0.36917 0.9293619 -1.27823e-5 -0.314373 0.9492996 0 -0.2022407 0.9793359 0 -0.1448143 0.9894589 0 -0.02915573 0.9995749 -1.11751e-5 0.02915573 0.9995749 1.14034e-5 0.1448143 0.9894589 0 0.2022408 0.9793359 1.1376e-5 0.3143805 0.9492971 0 0.3691775 0.9293589 0 0.4744186 0.8802995 -1.66367e-5 0.5249219 0.8511505 5.19496e-7 0.6200588 0.7845553 -1.86807e-7 0.6647344 0.7470799 -1.41134e-5 0.7468749 0.6649646 1.35416e-5 0.7843642 0.6203006 -1.89025e-7 0.8510085 0.5251522 -1.30789e-6 0.8801707 0.4746575 -2.09375e-7 0.9292849 0.3693637 -2.14472e-7 0.9492337 0.3145719 -2.18992e-7 0.9793143 0.2023451 -1.33118e-6 0.9894435 0.1449199 -2.21878e-7 0.9995749 0.02915602 -2.26872e-7 0.9995749 -0.02915602 -1.33129e-6 0.9894435 -0.1449199 1.37548e-5 0.9793143 -0.2023451 -2.09371e-7 0.9492363 -0.3145642 -2.14469e-7 0.9292879 -0.3693564 -1.88856e-7 0.8801692 -0.47466 -1.93954e-7 0.851007 -0.5251544 -1.68341e-7 0.7843572 -0.6203094 9.72647e-7 0.7468679 -0.6649724 1.44509e-5 0.6647339 -0.7470803 -1.38566e-5 0.6200592 -0.784555 1.41027e-5 0.5249217 -0.8511506 0 0.4744185 -0.8802995 -1.10065e-5 0.3691774 -0.929359 1.27959e-5 0.3143805 -0.9492971 -9.53395e-6 0.2022408 -0.9793359 0 0.1448144 -0.9894589 -1 -8.5301e-7 0 -1 -5.0113e-7 0 -1 9.14199e-7 0 -1 -7.62761e-7 0 -1 -1.6449e-7 0 -1 -1.31983e-7 0 -1 -8.32174e-7 2.57554e-7 -1 0 0 -1 0 2.38981e-7 -1 -2.41664e-7 0 -1 0 0 -1 -3.3861e-7 0 -1 0 0 -1 -3.40029e-7 0 -1 -2.6531e-7 0 -1 -2.50247e-7 0 -1 -4.11043e-7 0 -1 -1.9927e-7 0 -1 -2.96135e-7 0 -1 -2.45233e-7 0 -1 3.65784e-7 0 -1 -3.72019e-7 0 -1 0 0 -1 -2.12578e-7 0 -1 -1.40475e-6 -3.47076e-7 -1 0 0 -1 -8.47968e-7 -2.80519e-7 -1 0 0 -1 0 1.31107e-7 -1 -2.64791e-7 0 -1 -1.00979e-6 0 -1 0 0 -1 -1.82384e-6 0 -1 1.71553e-7 0 -1 -8.42448e-7 0 -1 1.93716e-7 0 -1 -9.70022e-7 0 -1 0 0 -1 -8.75696e-7 0 -1 -4.46431e-7 0 -1 0 0 -1 -3.90622e-7 0 -1 0 2.5755e-7 -1 0 0 -1 0 2.38979e-7 -1 -1.65068e-7 0 -1 0 0 -1 -4.84741e-7 0 -1 -5.24142e-7 0 -1 -3.55776e-7 0 -1 -4.40274e-7 0 -1 -1.93898e-7 0 -1 -1.35893e-7 0 -1 -1.49721e-7 0 -1 -3.59252e-7 0 -1 -1.51867e-7 0 -1 -4.72527e-7 0 -1 -2.96563e-7 0 -1 -2.39449e-7 0 -1 -3.87791e-7 0 -1 0 -3.47077e-7 -1 -3.87792e-7 0 -1 0 -2.80516e-7 -1 -1.49058e-7 0 -1 0 1.31107e-7 -1 -1.65667e-7 0 -1 9.54859e-7 0 -1 -4.91159e-7 0 -1 -1.69743e-7 0 -1 0 0 -1 -1.78829e-6 0 -1 3.64495e-7 0 -0.001295745 0.8518001 0.5238656 2.74701e-4 0.8612766 0.5081366 -2.46527e-4 0.8535344 0.5210364 6.4235e-4 0.8549715 0.5186747 -9.2141e-6 0.8450683 0.5346584 1.46738e-4 0.8398425 0.5428302 0.08109778 0.8226913 0.5626744 1.01448e-4 0.8434715 0.5371739 4.24955e-4 0.8490947 0.5282407 -0.06558793 0.6698766 0.7395699 -0.0422616 0.6602623 0.7498452 2.39504e-4 0.8236588 0.5670858 0.03384298 0.6331397 0.7732974 -0.4453284 0.7371962 0.508158 -0.490852 0.7254319 0.4825069 -0.002863943 0.8309973 0.5562691 -0.5017684 0.7053179 0.5007547 -0.449389 0.7153187 0.5351344 -0.3943009 0.7241302 0.5658288 -0.3492888 0.7298352 0.5876546 -0.3079966 0.7341073 0.605165 -0.2359316 0.7456557 0.6231644 -0.1951904 0.7474395 0.6350079 -0.1616207 0.747408 0.6444068 -0.1169919 0.7470122 0.6544354 -0.08444434 0.7417908 0.6652936 -0.06735885 0.734381 0.6753869 -4.63022e-4 0.820541 0.5715876 0.302345 0.7139431 0.6315638 0.3577384 0.7051294 0.612222 0.03246629 0.6668005 0.7445288 0.04098415 0.7322019 0.6798535 0.06453442 0.7312499 0.67905 0.0927509 0.7302593 0.6768447 0.1312565 0.7287824 0.6720476 0.186235 0.7249358 0.6631626 0.2507485 0.7190959 0.6480943 0.4310418 0.6899961 0.5814709 0.485565 0.6777505 0.5521604 -0.05136191 0.6376865 0.7685818 0.002067327 0.7016886 0.7124808 0.01588171 0.6551805 0.7553055 -7.97091e-4 0.8548563 0.5188642 1.52835e-4 0.8679866 0.4965878 3.00434e-4 0.871962 0.4895734 0.001662433 0.8911789 0.4536492 0.001143217 0.8921424 0.4517527 0.001292169 0.9999884 -0.004650354 3.15646e-4 0.9971848 0.07498222 1.15975e-4 0.992501 0.1222365 2.94471e-4 0.9894319 0.1449987 1.81437e-4 0.985996 0.1667688 -1.255e-4 0.9808229 0.1949011 2.34168e-4 0.9663203 0.2573422 2.63349e-4 0.9611581 0.2759985 6.37231e-4 0.9492356 0.3145655 -7.31971e-4 0.9374106 0.3482254 5.0393e-4 0.9165915 0.3998247 9.72772e-4 0.9116291 0.4110129 0.002467453 0.8984459 0.4390773 0.001286864 0.990868 -0.1348292 0.001101553 0.9994251 -0.03388923 7.05011e-7 0.9999668 -0.008148312 -0.1665751 0.7427679 -0.6484972 -0.001419484 0.8611695 -0.5083158 0.001579582 0.8292958 -0.5588077 -4.94211e-4 0.8906708 -0.4546487 3.13224e-6 0.9144534 -0.4046914 -3.45017e-4 0.9358885 -0.3522966 7.99163e-4 0.9614217 -0.2750781 7.85067e-4 0.9801223 -0.1983934 8.03452e-6 0.9837179 -0.1797198 -0.1088715 0.7496902 -0.6527723 0.004923284 0.7158854 -0.6982005 -0.4008396 0.5743659 -0.7137447 -0.4355007 0.4308147 -0.7904036 -0.2984279 0.5432037 -0.7847743 -0.345049 0.455415 -0.8206939 -0.1441535 0.5191074 -0.842465 -0.1724786 0.5198526 -0.8366627 0 0.4155764 -0.9095583 0.0233615 0.3949303 -0.918414 -0.02111428 0.5261424 -0.8501343 -0.04550641 0.5237861 -0.8506335 -0.07377487 0.5209633 -0.850385 -0.1090786 0.5186653 -0.8479906 -0.2061735 0.5196209 -0.8291481 -0.248104 0.520067 -0.8172972 -0.3345726 0.5560066 -0.7608666 -0.3718596 0.5648335 -0.7366706 0.04935503 0.0810483 -0.9954875 0.04920321 0.1949322 -0.9795818 0.01834577 0.1178091 -0.9928668 0.01437085 0.3346688 -0.9422262 0.02524596 0.2853579 -0.9580885 0.08841997 0.215158 -0.9725682 0.01111763 0.06232649 -0.997994 -0.03289943 0.05766481 -0.9977938 -0.03497171 0.05515646 -0.9978652 -0.05715674 0.08038538 -0.9951238 -2.35575e-4 0.08653551 -0.9962489 -0.04513704 0.104689 -0.9934803 -0.006689786 0.1045689 -0.9944952 -0.003124296 0.1132857 -0.9935576 0.04839718 0.09381407 -0.9944128 0.01217764 0.07729709 -0.9969338 -2.16438e-4 0.0685513 -0.9976477 -0.02459681 0.07159411 -0.9971306 -0.03594535 0.08402776 -0.9958149 -3.00719e-5 0.08581125 -0.9963114 -0.02935129 0.1023873 -0.9943116 -0.02418172 0.139298 -0.9899553 -2.12207e-4 0.1434334 -0.98966 0.008070051 0.1681505 -0.9857284 0.009043812 0.1359941 -0.9906684 0.02842068 0.1426471 -0.9893656 0.03348273 0.05880969 -0.9977076 0.04068189 -0.00430417 -0.9991629 -1.79325e-4 -0.007847607 -0.9999693 0.02558839 -0.03783446 -0.9989565 0.01972174 -0.04978269 -0.9985653 0.001989483 -0.05886965 -0.9982638 0.01051002 -0.08666759 -0.9961819 0.001123309 -0.06540936 -0.9978579 0.02184098 -0.2030208 -0.9789309 0.01693052 -0.1286649 -0.9915437 0.04969763 -0.1214462 -0.9913531 -0.006654441 -0.3054695 -0.9521787 -0.004617154 -0.3124052 -0.9499378 0.0122897 -0.2904263 -0.9568185 0.03127509 -0.2471899 -0.9684623 0.02504843 -0.238857 -0.9707316 -0.05937582 -0.1522219 -0.9865612 -1.86823e-4 -0.2245189 -0.9744697 -0.0322889 -0.2054706 -0.9781306 -0.02472776 -0.2698058 -0.9625973 7.94232e-5 -0.3092043 -0.9509956 -0.0301541 -0.05482876 -0.9980404 0 -0.06943923 -0.9975862 -0.01454931 0.09033381 -0.9958053 -0.005948662 0.1446755 -0.9894613 -0.02096277 0.148801 -0.988645 -0.001457333 0.08103358 -0.9967103 0.01272451 0.08457082 -0.9963363 0.02008819 0.1369377 -0.9903759 -0.001840054 0.1715223 -0.9851785 -5.93808e-7 0.08989441 -0.9959513 -3.12346e-7 -0.02496635 -0.9996883 0.01529461 -0.0694155 -0.9974707 0.01482433 0.1711876 0.985127 0.02497857 0.2112527 0.9771124 -0.00276196 0.1991778 0.9799596 0.02843189 0.4181444 0.9079356 0.003308773 0.358204 0.9336376 0.01730722 0.3400887 0.9402341 -0.01278549 0.3193989 0.9475342 0.03107088 0.2648974 0.963776 -0.008387446 0.2598419 0.9656147 -0.0388931 0.242101 0.9694713 5.42495e-4 0.6055002 0.7958451 -0.01255279 0.5920762 0.8057842 0.02234578 0.5085873 0.8607205 0.01451855 0.4842591 0.8748043 -0.009762227 0.432953 0.9013636 -0.00857979 -0.0428673 0.999044 0.005925595 -0.04930216 0.9987663 0.006843507 -0.07657986 0.99704 -0.005397081 -0.09050619 0.9958813 -0.01880311 -0.1080394 0.9939688 0.003603398 -0.1105751 0.9938613 -0.01258409 -0.112854 0.993532 0.01706296 -0.1078889 0.9940165 -0.02101558 -0.1058267 0.9941626 0.02452695 -0.06601327 0.9975173 -0.01054549 -4.8723e-4 0.9999443 -0.01108807 -0.01723319 0.99979 0.03095573 -0.03176462 0.9990159 0.01553392 -0.03489518 0.9992703 -0.01134532 -0.07369548 0.9972163 0.01034885 -6.53923e-4 0.9999463 0.008661568 0.002278447 0.99996 -0.006830334 0.006500661 0.9999556 0.003275692 0.04298907 0.9990702 -0.001793503 0.05023819 0.9987357 -0.002392053 0.05748832 0.9983434 -0.005222916 0.05631053 0.9983997 0.004759967 0.05435472 0.9985104 -0.008735299 0.05560243 0.9984148 0.02963864 0.06270474 0.997592 -0.02773696 0.1071923 0.9938514 0.006398558 0.1126351 0.9936158 -7.04409e-4 0.1100376 0.9939272 0.02159535 0.1107779 0.9936106 0.0113303 0.1070955 0.9941842 0.01391822 0.1040109 0.9944789 0.01630228 0.1121715 0.9935552 -0.02030217 0.171806 0.9849217 -0.008713901 0.1672063 0.9858835 0.02489703 0.1639462 0.9861551 9.0724e-4 0.157009 0.9875968 0.01911735 0.1358794 0.990541 -0.009217977 0.1329799 0.9910759 -0.01240098 0.1145921 0.9933353 -0.9999185 6.17676e-4 -0.01276284 -0.9999967 -2.44323e-4 0.002591073 -0.9999786 1.88111e-5 -0.006546676 -0.9999963 -3.10318e-4 0.002735495 -0.9999296 -0.001372814 -0.01179498 -0.9999637 -0.001201212 -0.008434772 -0.9999268 0.001628041 -0.01199591 -0.9999299 0.001804113 -0.01170134 -0.9999697 0.003092467 -0.007156133 -0.9999764 0.001166284 0.006776869 -0.9999058 7.98764e-4 -0.01369994 -0.9999428 6.42636e-4 -0.010679 -0.9999721 2.42848e-5 0.007474303 -0.9999715 -5.33731e-4 0.007541179 -1 -1.97695e-7 0 -1 -2.09335e-7 0 -1 6.77155e-5 -4.07381e-4 -0.9999964 4.36192e-4 0.002683222 -0.9999671 6.72125e-4 -0.008086621 -0.9999933 4.63367e-4 0.00362128 -0.9999994 -1.04007e-4 0.001123368 -0.9999885 -0.001450121 -0.004578769 -0.999998 -2.18445e-4 0.002013325 -0.9999897 -0.001225352 -0.004393041 -0.9999278 -0.002684116 -0.0117228 -0.999995 3.45695e-4 0.003148376 -0.9999848 6.14837e-4 -0.005490064 -0.9999991 1.47969e-4 0.001360058 -0.9999796 7.55436e-5 -0.006387472 -0.9999995 -4.80097e-7 0.001005291 -0.9999941 4.66184e-4 -0.003425657 -0.9999999 1.46844e-5 6.18733e-4 -0.999974 8.05613e-4 -0.007168829 -0.9999827 4.52955e-4 -0.005877673 -0.9999994 8.17871e-5 0.001153111 -0.9999943 2.34127e-4 -0.003355085 -0.9999987 9.58395e-5 0.001679003 -0.9999911 3.63718e-4 -0.004198789 -0.9999996 4.9713e-5 9.18245e-4 -0.9999899 5.56072e-4 -0.004468619 -0.9999883 7.91807e-4 -0.00478214 -0.9999845 -2.39755e-4 -0.005586802 -0.9999986 -9.0183e-5 -0.001709938 -0.9999997 -5.75731e-6 7.89967e-4 -0.9999768 -4.80514e-4 -0.006794035 -0.9999917 -4.23017e-4 -0.004046559 -0.9999754 -9.52318e-4 -0.006959497 -0.9999911 -0.001007437 -0.004095792 -0.9999995 -4.37263e-5 0.001038312 -0.9999855 -0.001603245 -0.005151569 -0.99998 -0.001990675 -0.006026983 0.9999997 -3.71944e-5 8.14592e-4 1 0 4.40277e-4 1 2.54861e-7 0 1 -3.01848e-5 3.30556e-4 1 2.52408e-7 0 1 -1.64266e-5 1.50104e-4 1 2.75267e-7 0 1 2.76019e-7 0 1 2.17376e-7 0 1 1.87068e-7 0 1 2.12688e-7 0 1 1.95892e-7 0 1 2.34886e-7 0 1 3.0735e-7 0 1 2.711e-7 0 1 -1.07086e-5 1.68449e-4 1 -1.61893e-5 1.54506e-4 1 2.01962e-7 0 1 2.00992e-7 0 1 2.30296e-7 0 1 2.34502e-7 0 1 2.20351e-7 0 1 -3.25355e-6 -1.11201e-5 1 1.76904e-5 7.51521e-5 1 -5.78746e-6 -3.34153e-5 1 9.62867e-6 5.6313e-5 1 -3.09066e-6 -2.59482e-5 1 6.48042e-6 5.77507e-5 1 6.08919e-6 5.37537e-5 1 -1.67087e-6 -2.56116e-5 1 3.69245e-6 5.78347e-5 1 8.92078e-6 1.50967e-4 1 3.27732e-6 6.4446e-5 1 -4.46205e-7 -3.18435e-5 1 -2.88987e-7 6.60539e-5 1 2.25476e-7 0 1 2.17026e-7 0 1 2.26986e-7 0 1 2.27566e-7 0 1 -5.89704e-7 5.41812e-7 1 0 -2.14489e-7 1 2.25404e-7 0 1 2.23687e-7 0 1 2.08488e-7 0 1 2.19659e-7 0 1 -4.42553e-6 -7.7915e-6 1 2.29281e-7 0 1 -3.88981e-6 -6.82933e-6 1 2.18858e-7 0 1 7.45326e-6 9.05048e-6 1 2.52011e-7 0 1 2.44223e-7 0 1 1.32326e-7 0 1 1.99166e-7 0 1 2.35027e-7 0 1 2.22353e-7 0 1 2.31334e-7 0 1 -3.64835e-6 -8.88057e-6 1 2.8318e-7 1.45028e-7 1 2.90876e-7 0 1 0 0 1 2.78887e-4 3.05095e-4 1 2.03143e-7 0 1 5.36815e-7 0 -0.9991339 -0.007158756 0.04099202 -0.9969895 -0.03421264 0.06958043 -0.9929308 -0.04526001 0.1097276 -0.9944215 -0.03299623 0.1001859 -0.9864808 -0.06954652 0.1483882 -0.9897454 -0.06311446 0.128143 -0.9839786 -0.09446835 0.151202 -0.9460907 -0.1397203 0.2922168 -0.9380617 -0.1539967 0.3103633 -0.9406487 -0.1384949 0.3098375 -0.9111286 -0.1832467 0.3691414 -0.8927631 -0.2009426 0.4032325 -0.896536 -0.1825283 0.403617 -0.8641645 -0.2259893 0.4496094 -0.8415696 -0.2185623 0.4939546 -0.6932302 -0.2877977 0.6607605 -0.4109458 -0.3094735 0.8575254 -0.2931033 -0.3193767 0.9011598 -0.762309 0.06753653 0.64368 -0.9017124 0.0344035 0.4309655 -0.8664717 0.04152429 0.4974965 -0.8725648 0.06908422 0.4835889 -0.9636599 3.11965e-5 0.2671325 -0.9491664 -0.001147747 0.3147729 -0.948427 0.01737076 0.3165197 -0.9728981 -0.01448667 0.2307801 -0.9745989 -0.02405273 0.2226623 -0.9780204 -0.02449595 0.2070659 -0.9916982 -0.02642959 0.1258428 -0.9951938 -0.01468604 0.09681677 -0.9950518 -0.01940077 0.0974462 -0.9977588 -0.02441477 0.06229984 -0.9988731 -0.008284211 0.04673218 -0.999157 -0.009850144 0.03985399 -0.9995712 -0.01537048 0.02492654 -0.9994327 -0.0224682 0.02509087 -0.9999247 -0.004097163 0.01157647 -0.9999533 -0.002282321 0.009391307 -0.9964816 -0.01504033 0.08245199 -0.9972373 -0.02046346 0.07140767 -0.990436 -0.02602821 0.1354954 -0.9860011 -0.02796286 0.1643776 -0.9876 -0.02145445 0.1555186 -0.9851491 -0.01225554 0.1712635 -0.9639613 -0.02736258 0.2646319 -0.9322161 0.001085758 0.3619008 -0.9074515 0.03143119 0.4189798 -0.9241166 0.02673619 0.381174 -0.8877349 0.009862542 0.4602496 0.5902087 0.1057419 0.8002952 -0.2066338 -0.3322896 0.9202642 0.7347683 -0.2524837 0.6295773 -0.955034 -0.1313015 0.2658383 -0.9693094 -0.1010221 0.2241292 -0.9570761 -0.1290624 0.2595154 -0.9747588 -0.09747087 0.20086 -0.9984541 -0.004967391 0.05536091 -0.9996532 -0.005944967 0.02565497 -0.9981623 -0.01131898 0.05953216 -0.9997276 -0.009860754 0.02115428 -0.997893 -0.01605713 0.06286406 -0.9991534 -0.006618022 0.04060447 -0.9988867 -0.00628817 0.0467534 -0.9991023 -0.002290606 0.04230052 -0.9988616 0.001811683 0.04766803 -0.9991092 0.006724059 0.04166132 -0.9991416 0.01047456 0.04007917 -0.1805815 0.3070864 0.9343919 -0.999057 0.01320213 0.04136216 -0.99911 0.01320731 0.04006159 -0.9989194 0.01358938 0.04444408 -0.9988435 0.009947299 0.04703968 -0.9990486 0.004657626 0.04336196 -0.9991676 0.002495467 0.04072034 -0.9988654 0.001907169 0.04758435 -0.9988778 -0.001352608 0.04734247 -0.9990743 -0.006001889 0.04259896 -0.9990912 -0.003312647 0.04249441 -0.9989115 -0.003714501 0.04649829 -0.999084 -0.004818558 0.04252141 -0.9989433 -0.005054235 0.0456832 -0.9991286 -0.003647089 0.04157745 -0.9990992 -0.002539217 0.04236173 -0.9987735 -0.002366125 0.04945755 -0.9998517 -1.62368e-4 0.01722794 -0.9997435 -0.001016914 0.02262699 0.06661117 0.006934344 0.997755 -0.809553 0.04734581 0.5851345 0.0884912 0.1365593 0.9866717 -0.01092863 0.03373563 0.9993711 -0.1046092 -0.07386636 0.9917665 -0.1119145 -0.1432168 0.9833434 0.1434555 -0.1467187 0.9787207 -0.9353861 -0.03082144 0.3522825 -0.9382005 -0.04968798 0.342507 -0.9681552 -0.03627204 0.2477094 -0.9355524 -0.05174833 0.3493762 -0.9669587 -0.03995537 0.2517827 -0.941421 -0.03088742 0.3358162 -0.1809598 -0.08890175 0.9794642 -0.1629554 -0.1429379 0.9762246 -0.1522197 -0.1470773 0.977342 -0.1357893 -0.08095258 0.9874249 -0.2100828 -0.09765654 0.9727941 -0.1840671 0.05633616 0.9812979 -0.3067167 0.0272991 0.9514093 -0.1490207 0.1756061 0.9731163 -0.05504268 0.1652628 0.9847124 0.9575865 0.06467074 0.2807948 0.0358203 0.2620596 0.9643868 -0.1665081 0.2527182 0.9531047 -0.05658578 0.3025008 0.9514681 -0.2110351 0.2959617 0.9315959 -0.2198175 0.3056226 0.9264314 -0.1645165 0.2802278 0.9457309 -0.2470345 0.271988 0.9300519 -0.2363359 0.2002899 0.9508046 -0.1593776 0.1897712 0.9688064 -0.2471362 0.1099511 0.9627225 -0.7642153 0.04950624 0.6430585 -0.01570618 0.109453 0.9938679 -0.1693845 0.1053893 0.979899 -0.1880985 0.06384068 0.9800731 0.01498496 0.05541914 0.9983508 -0.1641946 0.03414916 0.9858368 -0.9743523 0.001789629 0.2250215 -0.1966066 0.0388754 0.9797115 -0.9869419 -0.02629041 0.1589167 -0.9952481 -0.0155614 0.09611988 -0.9871432 -0.02082234 0.1584771 -0.995292 -0.01158225 0.09622859 -0.9868673 -0.008379876 0.1613156 -0.995333 -0.003263056 0.09644526 -0.9871743 0.007904112 0.1594501 -0.9953253 0.007094323 0.09631949 -0.9868224 0.02821844 0.1593274 -0.9952949 0.01868909 0.09507316 -0.9869013 0.04198586 0.1557665 -0.9952447 0.02656048 0.09371632 -0.9868848 0.04932165 0.1537069 -0.9952129 0.03021872 0.09294205 -0.9862996 0.05154466 0.1567046 -0.9951831 0.03056126 0.09314918 -0.9873547 0.04525983 0.1519287 -0.9951455 0.02699398 0.09464132 -0.9869024 0.03111624 0.1582892 -0.9951394 0.0170772 0.09698438 -0.9865697 0.01630371 0.1625258 -0.9951882 0.008615851 0.09760284 -0.9866503 0.009801089 0.1625581 -0.995204 0.005548119 0.09766417 -0.9873965 0.005626618 0.1581664 -0.9951536 0.002785146 0.09829318 -0.9870111 -0.007095158 0.1604954 -0.9951104 -0.006356716 0.09856408 -0.9868685 -0.02311527 0.1598637 -0.995184 -0.01540368 0.09680736 -0.987246 -0.02530819 0.1571778 0.9862891 -0.02365213 0.1633234 -0.07753688 -0.1606757 0.9839571 0.6046202 -0.1366539 0.7847039 -0.7324786 -0.06761783 0.6774238 -0.9020316 -0.0394569 0.4298629 -0.4759172 -0.03635156 0.8787385 -0.01029187 -0.0520451 0.9985917 -0.9957929 -0.01579558 0.09026122 -0.9988009 -0.007309615 0.04841035 -0.9991666 -0.004008948 0.04062145 0.8853389 -0.03984123 0.4632363 -0.01964801 -0.1055433 0.9942207 -0.2800475 -0.076402 0.9569411 -0.8892764 -0.03131228 0.4562973 -0.2983978 -0.07421439 0.9515519 -0.01945573 -0.07332563 0.9971183 -0.8257942 0.05087321 0.5616724 -0.8330062 0.01268368 0.5531184 -0.8313874 -0.05000841 0.5534386 -0.8882964 -0.04099339 0.4574378 -0.8367884 -0.07923763 0.5417627 -0.8921402 -0.06524133 0.4470232 -0.831496 -0.08069896 0.5496383 -0.8884137 -0.06683719 0.454152 -0.8376618 -0.04808127 0.5440689 -0.8927899 -0.04008746 0.4486864 -0.83493 0.02852672 0.5496164 -0.8908827 0.02296358 0.4536525 -0.8330953 0.09834426 0.5443167 -0.8895956 0.08065563 0.4495712 -0.833714 0.1448593 0.5328572 -0.8900296 0.11924 0.4400334 -0.8340583 0.1687847 0.5252224 -0.8902632 0.1392433 0.4336392 -0.8314466 0.1735548 0.5278023 -0.8884018 0.1434225 0.4360874 -0.8367273 0.1558482 0.524975 -0.8921324 0.1288701 0.433004 -0.8349068 0.1062176 0.5400449 -0.8908495 0.08812904 0.4456685 -0.8333314 0.05567121 0.5499632 -0.8897057 0.04623514 0.4541873 -0.8333438 0.03329479 0.5517514 -0.8897399 0.0275743 0.4556343 -0.8368574 0.01911509 0.5470871 -0.8922212 0.01596444 0.4513163 -0.8352946 -0.02468019 0.5492485 -0.8911139 -0.01985681 0.4533451 -0.8350233 -0.0778532 0.5446788 -0.8908901 -0.06400406 0.4496868 -0.8321817 -0.08783304 0.5475025 -0.8889273 -0.07269448 0.4522433 -0.8324487 -0.06048429 0.5507913 -0.8891095 -0.05023479 0.4549295 -0.8333601 -0.04212474 0.5511231 -0.8897503 -0.03486394 0.4551143 -0.8376708 -0.04505723 0.544314 -0.8927733 -0.03700232 0.448984 -0.835014 -0.06231355 0.5466888 -0.8909082 -0.05140215 0.4512653 -0.8560877 -0.05040127 0.5143672 -0.1045333 -0.09203064 0.9902541 -0.09667468 -0.05335032 0.9938853 -0.08847928 -0.07121568 0.993529 0.9816122 -0.01651853 0.1901705 -0.08598262 -0.1022582 0.9910351 -0.1163768 -0.1119109 0.9868802 -0.9559593 -0.04978102 0.2892468 -0.9948588 -0.01428616 0.1002593 -0.9952147 -0.008911311 0.09730589 -0.995203 -0.00717163 0.09756898 -0.9951913 -0.008775174 0.09755742 -0.9952093 -0.01122677 0.09712129 -0.9952253 -0.01024293 0.09706616 -0.9952142 -0.008074402 0.09738367 -0.9952092 -0.00538665 0.09761965 -0.9951704 -0.005749762 0.09799498 -0.995103 -0.0124619 0.09805637 -0.9949227 -0.0235418 0.09785008 -0.9979213 -0.01495736 0.06268596 -0.7550355 -0.1841048 0.6293067 -0.2560708 -0.2075164 0.9441211 -0.1801735 -0.2040922 0.9622287 -0.1622955 -0.1102136 0.9805678 -0.1671879 -0.05524641 0.984376 -0.1583573 -0.06708043 0.9851007 -0.1525664 -0.09603142 0.9836166 -0.159569 -0.1118546 0.9808294 -0.1643993 -0.08166289 0.9830077 -0.1563712 -0.07515525 0.9848349 -0.1545916 -0.1073945 0.9821242 -0.09877055 -0.1178124 0.9881117 -0.1545816 -0.1562709 0.975543 -0.1973811 -0.1390208 0.9704195 -0.1803574 -0.03423285 0.9830052 -0.2718042 0.1168524 0.955232 -0.2723505 0.02184563 0.9619501 -0.2694019 -0.08687609 0.9591013 -0.2792226 -0.1390322 0.9501078 -0.2697044 -0.1398441 0.9527345 -0.2806657 -0.08415305 0.9561094 -0.2754209 0.0506047 0.9599909 -0.2721171 0.171893 0.9467867 -0.2732365 0.2528398 0.9281239 -0.2738585 0.2943769 0.9156112 -0.2693446 0.3007963 0.9148635 -0.2788924 0.2729243 0.9207233 -0.2755774 0.1850143 0.9433063 -0.272709 0.09664136 0.9572305 -0.2725014 0.05794411 0.9604091 -0.2788586 0.0332874 0.9597552 -0.2760643 -0.04374343 0.9601433 -0.2758867 -0.136193 0.9514926 -0.2705451 -0.1523417 0.9505774 -0.2707877 -0.1047591 0.9569219 -0.2725895 -0.07312858 0.9593474 -0.2805514 -0.07937359 0.9565515 -0.2758092 -0.1088899 0.9550248 -0.2689392 -0.09367406 0.9585912 -0.2743484 -0.06541526 0.9594029 -0.2827381 -0.05371236 0.9576921 -0.2781392 -0.1071221 0.9545488 -0.2776228 -0.2087951 0.9377261 -0.3825241 0.1117733 0.9171598 -0.3843279 0.02115082 0.9229543 -0.3815847 -0.08318835 0.9205829 -0.3908441 -0.1332068 0.9107671 -0.3816956 -0.1342568 0.9144855 -0.3920907 -0.08089649 0.9163627 -0.3871549 0.04823827 0.9207519 -0.3840964 0.1646792 0.9084882 -0.3851864 0.2424593 0.8904184 -0.3856897 0.2823571 0.8783609 -0.3814186 0.2887197 0.8781577 -0.3905708 0.2617785 0.8825682 -0.3873739 0.1776771 0.9046394 -0.3845996 0.09290081 0.9183968 -0.3846721 0.05556768 0.9213792 -0.3907642 0.03199809 0.9199346 -0.3880345 -0.0417115 0.9207006 -0.3877211 -0.1304671 0.9124971 -0.3827686 -0.1462606 0.912193 -0.3830975 -0.1006464 0.9182084 -0.3848078 -0.07029461 0.9203161 -0.3922142 -0.0759961 0.9167293 -0.3875381 -0.1044157 0.9159212 -0.3809666 -0.08995068 0.920203 -0.3863339 -0.06282031 0.9202172 -0.3943818 -0.05141741 0.9175071 -0.3899875 -0.1024689 0.9151011 -0.3894045 -0.1999638 0.8990988 -0.4888104 0.09553855 0.8671429 -0.4905455 0.02016341 0.8711823 -0.4878976 -0.07835888 0.8693767 -0.4963932 -0.125548 0.8589712 -0.4879445 -0.1269096 0.8635996 -0.4977661 -0.07647609 0.863933 -0.4932223 0.04525637 0.8687254 -0.4902601 0.155191 0.8576484 -0.491382 0.2286541 0.8403934 -0.4920507 0.2663783 0.8288117 -0.4880728 0.2728995 0.8290421 -0.4963775 0.2469827 0.8322313 -0.4933756 0.1678602 0.8534655 -0.4910931 0.0877946 0.8666718 -0.4910355 0.05247944 0.8695574 -0.4966045 0.03025197 0.8674496 -0.4942147 -0.03908985 0.8684606 -0.4937446 -0.1229275 0.8608747 -0.4891163 -0.1381613 0.8612067 -0.4894735 -0.09516036 0.8668104 -0.4909441 -0.06639188 0.8686576 -0.4978657 -0.07157421 0.8642957 -0.4935887 -0.09849005 0.8641008 -0.4874839 -0.0849846 0.8689863 -0.492571 -0.05934941 0.8682463 -0.5000205 -0.04842901 0.8646584 -0.495905 -0.09642785 0.8630064 -0.495289 -0.1883584 0.8480626 -0.5059661 -0.2858143 0.8138235 -0.5841826 0.08518594 0.8071393 -0.5893266 0.01890045 0.8076739 -0.5869995 -0.07247447 0.8063368 -0.5949174 -0.1161734 0.7953472 -0.5871419 -0.117775 0.8008705 -0.5961686 -0.07100498 0.7997133 -0.5919486 0.04166358 0.8048981 -0.5892962 0.1436392 0.7950459 -0.5903546 0.2117537 0.7788722 -0.5908899 0.2468054 0.768073 -0.5872005 0.2527531 0.7689678 -0.5947961 0.2288464 0.7706148 -0.5921986 0.1557161 0.7906032 -0.5898492 0.08150976 0.8033892 -0.5898161 0.04868435 0.8060688 -0.5950368 0.02810198 0.803207 -0.5927404 -0.03596454 0.8045902 -0.5922667 -0.1137753 0.7976688 -0.588141 -0.1281702 0.7985378 -0.5884441 -0.08833104 0.8036985 -0.5897749 -0.06157004 0.8052172 -0.5961908 -0.06617325 0.8001109 -0.5922489 -0.09123092 0.8005737 -0.5865866 -0.07891088 0.8060331 -0.5912273 -0.05507671 0.8046222 -0.5980381 -0.0447762 0.800216 -0.5942873 -0.0891267 0.7992992 -0.5938635 -0.1742261 0.7854753 -0.5980969 -0.2710314 0.7542031 -0.6174583 -0.3121727 0.7220066 -0.6712067 0.075383 0.7374273 -0.6793131 0.01727902 0.7336451 -0.6771937 -0.06575947 0.7328604 -0.6842076 -0.1053451 0.7216387 -0.6772401 -0.1070843 0.7279278 -0.6853389 -0.06456178 0.7253568 -0.68171 0.03757697 0.730657 -0.6792231 0.1302482 0.7222821 -0.6800566 0.1921927 0.7075204 -0.6805782 0.224104 0.6975607 -0.6771323 0.2298918 0.6990291 -0.684093 0.2077582 0.6991805 -0.6816895 0.141563 0.7178157 -0.6796347 0.07413882 0.7297946 -0.6796296 0.04425507 0.7322193 -0.6841718 0.02558404 0.7288721 -0.6821731 -0.03245317 0.7304702 -0.6818814 -0.1031761 0.7241496 -0.6781645 -0.1165496 0.7256096 -0.6784691 -0.08033406 0.7302234 -0.6796183 -0.05596059 0.7314283 -0.6852963 -0.05997043 0.725791 -0.6818448 -0.08280974 0.7267944 -0.6767717 -0.07179909 0.7326835 -0.6809058 -0.05007821 0.7306569 -0.6869686 -0.04056274 0.7255542 -0.6837081 -0.0806849 0.7252814 -0.6832506 -0.1579293 0.7129005 -0.6811116 -0.2479633 0.6889131 -0.7659411 0.01619493 0.6427068 -0.7640475 -0.05665093 0.6426681 -0.7703319 -0.09169715 0.6310155 -0.7641366 -0.09429192 0.6381257 -0.7713225 -0.05755293 0.6338371 -0.7681246 0.03153634 0.6395234 -0.7659556 0.1129101 0.6329006 -0.7667272 0.1675013 0.6197361 -0.7671285 0.1959878 0.6108213 -0.7640326 0.2016034 0.6128706 -0.7702134 0.1823405 0.6111655 -0.7681527 0.1250164 0.6279431 -0.7662673 0.0656349 0.6391608 -0.7662566 0.03896749 0.6413521 -0.7703822 0.02280884 0.6371744 -0.7686083 -0.02718049 0.639142 -0.7682925 -0.08953171 0.6338067 -0.7649537 -0.102526 0.635873 -0.7651907 -0.07103705 0.6398727 -0.7662688 -0.04919993 0.6406337 -0.7712714 -0.05202388 0.6343771 -0.7682342 -0.0723834 0.6360635 -0.7637411 -0.06325525 0.6424161 -0.7674595 -0.04422754 0.6395701 -0.7727621 -0.03525179 0.6337162 -0.7698829 -0.06953811 0.6343854 -0.76941 -0.1370069 0.623889 -0.7675786 -0.2158517 0.6035158 -0.7773677 -0.2519499 0.576386 -0.8513319 -0.03429877 0.5235051 -0.8389465 -0.03041082 0.5433636 -0.83642 -0.06078839 0.5447077 -0.8360543 -0.1189229 0.5356032 -0.8344175 -0.1869794 0.5184459 -0.8948935 -0.04926282 0.4435526 -0.9024921 -0.03811401 0.4290168 -0.8879605 -0.0269159 0.4591315 -0.8936784 -0.02499419 0.4480113 -0.8918968 -0.04973077 0.4494965 -0.8916314 -0.09766006 0.442104 -0.8904694 -0.1539067 0.4282256 -0.9374207 0.01638579 0.3478132 -0.9364868 0.06079131 0.3453937 -0.936793 0.09078133 0.3379021 -0.9369215 0.1066621 0.3328682 -0.935549 0.1103973 0.3355002 -0.9382494 0.09926879 0.331412 -0.9372886 0.06854557 0.3417479 -0.9364656 0.03606903 0.3489001 -0.9365037 0.02135163 0.3500072 -0.9383166 0.0126028 0.3455478 -0.9375074 -0.01419013 0.3476759 -0.9373126 -0.04852467 0.3450948 -0.9359138 -0.05622351 0.3477132 -0.9360779 -0.03915297 0.3496073 -0.9365319 -0.02693676 0.3495462 -0.9386931 -0.02798819 0.3436161 -0.9373729 -0.03935098 0.3460978 -0.9372742 -0.03806054 0.3465089 -0.9371445 -0.03058469 0.3475989 -0.9352108 -0.02092516 0.3534727 -0.9393136 -0.01895868 0.3425355 -0.9380707 -0.03721493 0.3444394 -0.9378378 -0.07391339 0.3391125 -0.9369901 -0.1171916 0.3291136 -0.9709318 -0.03239315 0.2371545 -0.9672359 -0.01338213 0.2535266 -0.967738 0.01244783 0.2516512 -0.9670543 0.04455375 0.2506414 -0.9672549 0.06614613 0.2450361 -0.9673061 0.07748907 0.2414836 -0.9662544 0.08048778 0.2446923 -0.9682384 0.0714215 0.2396108 -0.9674873 0.04907995 0.2481119 -0.966885 0.02577215 0.2539076 -0.9669464 0.0154038 0.2545141 -0.9682974 0.008902549 0.2496419 -0.9676591 -0.01093804 0.2520241 -0.9674927 -0.03577196 0.2503563 -0.9665135 -0.04071754 0.2533653 -0.9666812 -0.02819371 0.2544264 -0.9669865 -0.01948326 0.2540815 -0.9685725 -0.02039599 0.2478939 -0.9675792 -0.02858471 0.2509453 -0.9675255 -0.02748674 0.2512748 -0.9674337 -0.0220521 0.2521622 -0.9660191 -0.01514154 0.2580271 -0.9690733 -0.01371371 0.2463921 -0.9680802 -0.02742242 0.249136 -0.967876 -0.05418604 0.2455198 -0.9672131 -0.08599573 0.2389637 -0.9861488 -0.01749235 0.1649378 -0.9866965 -0.01241165 0.1620989 -0.9875311 -0.01294726 0.1568913 -0.9869881 -0.01821649 0.1597585 -0.9869778 -0.01746517 0.1599062 -0.9869336 -0.0140115 0.1605175 -0.9861609 -0.009689986 0.165508 -0.9878124 -0.008649051 0.1554091 -0.9872454 -0.01747131 0.1582449 -0.9870883 -0.03467649 0.1563789 -0.9866883 -0.05538678 0.152901 -0.9991339 0.00715816 -0.04099184 -0.9969896 0.03421217 -0.06957995 -0.9929308 0.04525756 -0.1097284 -0.9944215 0.03299534 -0.1001864 -0.9864807 0.0695464 -0.1483888 -0.9897457 0.06311416 -0.1281418 -0.9839748 0.09446012 -0.1512316 -0.9460981 0.1397185 -0.2921937 -0.9380638 0.153994 -0.3103585 -0.9406629 0.1384782 -0.309802 -0.9111143 0.183262 -0.3691691 -0.8927531 0.20096 -0.4032456 -0.8965255 0.1825355 -0.4036371 -0.864146 0.2260016 -0.449639 -0.8415777 0.2185623 -0.4939409 -0.6932252 0.287797 -0.6607661 -0.4111039 0.3094533 -0.8574569 -0.2931315 0.3193711 -0.9011527 -0.7622978 -0.06753259 -0.6436938 -0.9016972 -0.03442257 -0.4309957 -0.8664779 -0.04153615 -0.4974846 -0.8725544 -0.06905633 -0.4836116 -0.9636605 -3.0743e-5 -0.2671303 -0.9491667 0.00114876 -0.3147717 -0.9484297 -0.01736664 -0.3165116 -0.9728984 0.01448583 -0.2307788 -0.9746013 0.02404654 -0.2226523 -0.9780205 0.02449715 -0.2070652 -0.9916982 0.02642953 -0.1258431 -0.9951939 0.01468557 -0.09681659 -0.9950658 0.01934063 -0.09731453 -0.9977615 0.02437382 -0.06227433 -0.9988732 0.008283734 -0.04673212 -0.999157 0.009849548 -0.03985393 -0.9995707 0.01533871 -0.02496308 -0.9994296 0.0225479 -0.02514481 -0.9999246 0.004096984 -0.01157629 -0.9999533 0.002281904 -0.009391307 -0.9964815 0.0150398 -0.08245187 -0.9972353 0.02043259 -0.07144546 -0.9904304 0.02601426 -0.13554 -0.9860013 0.02796232 -0.1643766 -0.9876055 0.02148133 -0.1554805 -0.9851495 0.01225173 -0.1712617 -0.963961 0.02736043 -0.264633 -0.9322163 -0.001084625 -0.3619 -0.9074572 -0.03143256 -0.4189674 -0.9240824 -0.02675247 -0.3812559 -0.8877345 -0.009864985 -0.4602501 0.5901821 -0.1057414 -0.800315 -0.2066013 0.3323005 -0.9202676 0.7348234 0.2524613 -0.629522 -0.9550403 0.1312958 -0.2658187 -0.9693104 0.1010172 -0.2241271 -0.9570735 0.1290643 -0.2595244 -0.9747532 0.09747546 -0.2008854 -0.9984567 0.004968404 -0.05531269 -0.9996533 0.005944788 -0.02565401 -0.9981623 0.01131874 -0.05953222 -0.9997287 0.009850084 -0.02110779 -0.997893 0.01605713 -0.06286472 -0.9991514 0.006625831 -0.04065209 -0.998889 0.006278693 -0.04670596 -0.9991023 0.002290189 -0.04230052 -0.9988616 -0.001812219 -0.04766798 -0.9991111 -0.00669986 -0.04161983 -0.9991417 -0.01047503 -0.04007923 -0.1807065 -0.3070705 -0.934373 -0.9990528 -0.0132429 -0.04144996 -0.99911 -0.01320779 -0.04006153 -0.9989194 -0.01358985 -0.04444402 -0.9988458 -0.00992769 -0.04699599 -0.9990507 -0.004659891 -0.04331362 -0.9991655 -0.002498388 -0.04076868 -0.9988654 -0.001907646 -0.04758435 -0.99888 0.001368999 -0.04729729 -0.9990763 0.005987286 -0.04255276 -0.9990913 0.00331217 -0.04249429 -0.9989115 0.003714501 -0.04649829 -0.999084 0.004818141 -0.04252141 -0.9989433 0.005053758 -0.04568326 -0.9991307 0.003643453 -0.04152935 -0.9990992 0.0025388 -0.04236185 -0.9987711 0.002367556 -0.04950577 -0.9998517 1.61944e-4 -0.01722794 -0.9997435 0.001016616 -0.02262675 0.06461876 -0.006917715 -0.9978861 -0.8113915 -0.0471462 -0.5825985 0.0847662 -0.1366771 -0.9869823 -0.0120086 -0.03370577 -0.9993597 -0.1054669 0.07384359 -0.9916774 -0.1125339 0.1432148 -0.983273 0.1432079 0.1467251 -0.978756 -0.9353877 0.03082156 -0.3522782 -0.9381959 0.04968911 -0.3425195 -0.9681558 0.03627216 -0.2477073 -0.9355508 0.05174964 -0.3493804 -0.9669588 0.03995531 -0.2517821 -0.9414212 0.0308873 -0.3358157 -0.1813684 0.08890169 -0.9793887 -0.1632381 0.1429385 -0.9761772 -0.1524621 0.1470764 -0.9773045 -0.1361314 0.0809502 -0.987378 -0.2098302 0.0976634 -0.9728479 -0.1830714 -0.05633306 -0.9814843 -0.3058943 -0.02729302 -0.9516742 -0.1488685 -0.1756027 -0.9731402 -0.05503004 -0.1652652 -0.9847127 0.9575637 -0.06468743 -0.2808688 0.03574538 -0.2620709 -0.9643865 -0.1663916 -0.2527135 -0.9531264 -0.05647671 -0.3025052 -0.9514731 -0.2109866 -0.2959613 -0.9316071 -0.2195982 -0.3056269 -0.926482 -0.1644435 -0.2802334 -0.9457419 -0.247298 -0.271962 -0.9299895 -0.2363048 -0.2003142 -0.9508072 -0.1594344 -0.1898017 -0.968791 -0.2471917 -0.1099495 -0.9627084 -0.7643375 -0.04949927 -0.6429137 -0.01614153 -0.1094428 -0.993862 -0.1693227 -0.1053863 -0.9799101 -0.1882929 -0.06387484 -0.9800336 0.01495659 -0.05542433 -0.9983509 -0.1645191 -0.03412866 -0.9857833 -0.9743483 -0.001789689 -0.2250384 -0.1967344 -0.03886663 -0.9796862 -0.9869417 0.0262897 -0.1589184 -0.9952481 0.01556104 -0.0961197 -0.9871432 0.02082216 -0.1584769 -0.9952875 0.01160299 -0.09627193 -0.9868673 0.008379697 -0.1613156 -0.995333 0.003262698 -0.09644532 -0.9871745 -0.007905006 -0.1594493 -0.9953286 -0.007126271 -0.09628295 -0.9868224 -0.02821904 -0.1593275 -0.9952977 -0.01872193 -0.09503722 -0.9869012 -0.04198592 -0.1557666 -0.9952446 -0.02656096 -0.0937165 -0.9868848 -0.0493223 -0.1537073 -0.9952175 -0.03021448 -0.09289407 -0.9862993 -0.05154567 -0.1567058 -0.9951877 -0.03054285 -0.09310495 -0.9873625 -0.04525053 -0.1518815 -0.9951454 -0.02699434 -0.09464156 -0.9869027 -0.03111594 -0.1582874 -0.9951394 -0.0170775 -0.09698456 -0.9865695 -0.01630443 -0.1625263 -0.9951842 -0.008646368 -0.09764122 -0.9866505 -0.009801506 -0.1625572 -0.9951994 -0.005560934 -0.09771078 -0.9873965 -0.005627095 -0.1581665 -0.9951489 -0.002791464 -0.09834092 -0.9870109 0.007094979 -0.1604965 -0.9951027 0.006306469 -0.0986467 -0.9868686 0.02311491 -0.1598629 -0.9951839 0.01540309 -0.09680753 -0.987246 0.02530759 -0.1571783 0.9862913 0.0236501 -0.1633101 -0.07709884 0.1606861 -0.9839897 0.604606 0.1366555 -0.7847145 -0.7325686 0.06758654 -0.6773296 -0.9020525 0.03945261 -0.4298194 -0.4762605 0.03634405 -0.8785529 -0.01059949 0.0520243 -0.9985896 -0.9957929 0.01579493 -0.09026157 -0.9988009 0.007309138 -0.04841029 -0.9991666 0.004008591 -0.04062151 0.8854724 0.03982114 -0.4629826 -0.01937174 0.1055254 -0.9942279 -0.2801677 0.07636278 -0.956909 -0.889302 0.03130739 -0.4562477 -0.2983791 0.07421576 -0.9515576 -0.01943212 0.07332915 -0.9971185 -0.8258029 -0.05087625 -0.5616596 -0.8330053 -0.01268482 -0.5531197 -0.8313862 0.0500018 -0.5534409 -0.8883041 0.0409944 -0.4574224 -0.8367963 0.07923603 -0.5417507 -0.8921396 0.06523966 -0.4470247 -0.8315091 0.08069872 -0.5496185 -0.8884158 0.06683224 -0.4541485 -0.8376759 0.04808151 -0.5440472 -0.8927724 0.04006552 -0.4487229 -0.8349266 -0.02852779 -0.5496214 -0.890886 -0.02296507 -0.4536463 -0.8330776 -0.09832084 -0.544348 -0.8895831 -0.08064603 -0.4495979 -0.8337222 -0.144859 -0.5328446 -0.8900316 -0.1192412 -0.4400286 -0.8340768 -0.1687756 -0.525196 -0.890266 -0.1392412 -0.4336342 -0.8314346 -0.1735669 -0.5278173 -0.8884019 -0.1434231 -0.4360871 -0.8367423 -0.1558434 -0.5249528 -0.8921356 -0.1288702 -0.4329972 -0.8349151 -0.1062142 -0.5400329 -0.8908336 -0.08813071 -0.4457003 -0.8333323 -0.05567425 -0.5499616 -0.889702 -0.0462352 -0.4541946 -0.8333574 -0.03329271 -0.551731 -0.889737 -0.02757477 -0.4556401 -0.8368421 -0.01911413 -0.5471104 -0.8922195 -0.01596701 -0.4513199 -0.8353097 0.02467185 -0.5492259 -0.8911139 0.01985716 -0.4533451 -0.8350195 0.07785725 -0.544684 -0.8908959 0.06400328 -0.4496756 -0.8321921 0.08783584 -0.5474863 -0.8889049 0.07270848 -0.4522848 -0.8324449 0.06048393 -0.5507969 -0.889097 0.05023652 -0.4549538 -0.8333427 0.04212641 -0.5511491 -0.8897441 0.03486484 -0.4551264 -0.8376421 0.04506468 -0.5443573 -0.892762 0.03700894 -0.4490062 -0.8350076 0.06231379 -0.5466985 -0.8909132 0.05140072 -0.4512557 -0.8560949 0.0503993 -0.5143555 -0.1045869 0.09203314 -0.9902482 -0.09674799 0.05333364 -0.993879 -0.08833372 0.07121098 -0.9935423 0.9816133 0.01651799 -0.1901642 -0.08594518 0.1022568 -0.9910385 -0.1166789 0.1119029 -0.9868454 -0.9560182 0.04974848 -0.2890579 -0.9948589 0.01428592 -0.1002596 -0.9952147 0.008911073 -0.09730559 -0.9952029 0.007171452 -0.09756904 -0.9951913 0.008774876 -0.09755736 -0.9952045 0.01122885 -0.09716963 -0.9952206 0.01025491 -0.09711229 -0.9952142 0.008073866 -0.09738337 -0.995218 0.005343854 -0.09753268 -0.9951703 0.005749225 -0.09799498 -0.9950938 0.0124427 -0.09815132 -0.9949228 0.02354145 -0.09784984 -0.9979212 0.01495665 -0.06268656 -0.7551729 0.1840538 -0.6291567 -0.2560478 0.2074863 -0.9441341 -0.1801364 0.204087 -0.9622367 -0.1621963 0.1102347 -0.9805818 -0.1671565 0.05524426 -0.9843815 -0.1583589 0.06710094 -0.985099 -0.1525173 0.09605145 -0.9836223 -0.1596007 0.1118463 -0.9808251 -0.1646126 0.08163601 -0.9829743 -0.1564964 0.0751667 -0.9848142 -0.1547802 0.1073846 -0.9820955 -0.09899777 0.1178545 -0.9880839 -0.1545698 0.1562781 -0.9755437 -0.1972802 0.1390027 -0.9704426 -0.1804769 0.03423184 -0.9829834 -0.2716479 -0.1168552 -0.9552761 -0.2722033 -0.02183079 -0.9619922 -0.2693591 0.08687776 -0.9591131 -0.2790428 0.1390423 -0.9501592 -0.2694107 0.1398324 -0.9528194 -0.2804584 0.08416491 -0.9561691 -0.2752519 -0.05059695 -0.9600399 -0.2719272 -0.1718659 -0.9468462 -0.2731291 -0.2529014 -0.9281387 -0.2737408 -0.2943719 -0.915648 -0.269258 -0.3008032 -0.9148866 -0.2787447 -0.2729274 -0.9207671 -0.2753964 -0.1850282 -0.9433565 -0.2726621 -0.09669131 -0.9572389 -0.2726263 -0.05792218 -0.9603749 -0.278916 -0.03328949 -0.9597384 -0.2760394 0.04374992 -0.9601501 -0.2757602 0.1362147 -0.9515261 -0.270739 0.1523541 -0.9505202 -0.2709081 0.1047222 -0.9568919 -0.2726002 0.07323014 -0.9593365 -0.2804334 0.0793693 -0.9565865 -0.2755923 0.1088973 -0.9550866 -0.2688122 0.09367036 -0.9586271 -0.2743385 0.06541734 -0.9594056 -0.2828077 0.05370146 -0.9576722 -0.2781364 0.1071171 -0.9545502 -0.2775593 0.2087907 -0.9377459 -0.3824356 -0.1117846 -0.9171953 -0.3842386 -0.02119088 -0.9229907 -0.3815008 0.08318358 -0.9206181 -0.3907406 0.1331959 -0.9108132 -0.3816862 0.1343075 -0.9144819 -0.3921484 0.08089864 -0.9163379 -0.3872215 -0.04824024 -0.9207239 -0.3840175 -0.1646775 -0.9085218 -0.3851969 -0.2424684 -0.8904115 -0.3858671 -0.2823328 -0.8782908 -0.3814321 -0.2887302 -0.8781483 -0.3904239 -0.2617928 -0.8826289 -0.3873237 -0.1776861 -0.9046592 -0.3846576 -0.0929135 -0.9183712 -0.3845917 -0.05555897 -0.9214134 -0.3906275 -0.03198283 -0.9199932 -0.388019 0.04169398 -0.9207079 -0.3876804 0.1304727 -0.9125134 -0.3828297 0.1462311 -0.9121721 -0.3830767 0.1006003 -0.9182221 -0.3846153 0.07030206 -0.920396 -0.3920829 0.0760042 -0.9167849 -0.3875252 0.1044144 -0.9159268 -0.380866 0.08993208 -0.9202464 -0.386247 0.06282651 -0.9202533 -0.3943657 0.0514152 -0.9175142 -0.3898877 0.1024926 -0.9151409 -0.3894152 0.199946 -0.8990982 -0.4888059 -0.09551835 -0.8671478 -0.4904963 -0.02016681 -0.87121 -0.4879161 0.0783497 -0.8693673 -0.4965903 0.1255174 -0.8588618 -0.4880552 0.1268856 -0.8635405 -0.4979144 0.07646441 -0.8638487 -0.4933579 -0.04523324 -0.8686495 -0.4903814 -0.1552177 -0.8575742 -0.4914594 -0.2286385 -0.8403524 -0.4920178 -0.2663815 -0.8288302 -0.4879346 -0.2726607 -0.8292021 -0.4964131 -0.2469775 -0.8322116 -0.4935068 -0.167841 -0.8533934 -0.4909229 -0.08782339 -0.8667652 -0.4908938 -0.05248451 -0.8696372 -0.4965845 -0.03025352 -0.8674611 -0.4941313 0.03908538 -0.8685083 -0.4937535 0.1229381 -0.860868 -0.4891542 0.1381767 -0.8611826 -0.4894523 0.09514153 -0.8668245 -0.4908741 0.06638938 -0.8686974 -0.4978849 0.07156687 -0.8642852 -0.4935761 0.09849065 -0.8641079 -0.4875242 0.08505243 -0.8689571 -0.4925231 0.05935221 -0.8682732 -0.499931 0.04842805 -0.8647101 -0.4958675 0.09643274 -0.8630273 -0.4953162 0.188368 -0.8480445 -0.5059772 0.2858053 -0.8138198 -0.5841809 -0.08519768 -0.8071395 -0.5894353 -0.01886528 -0.8075953 -0.5870604 0.07247078 -0.8062928 -0.5949464 0.116164 -0.7953269 -0.5871539 0.117773 -0.800862 -0.596192 0.07098972 -0.7996972 -0.5920633 -0.04164904 -0.8048146 -0.5893534 -0.1436367 -0.795004 -0.5903347 -0.2117527 -0.7788876 -0.5908532 -0.2468155 -0.7680981 -0.5870468 -0.2528775 -0.7690443 -0.5948253 -0.2288339 -0.7705959 -0.592176 -0.1557185 -0.7906196 -0.589873 -0.08151048 -0.8033716 -0.5898258 -0.04868358 -0.8060618 -0.5949681 -0.02811032 -0.8032577 -0.592709 0.03597116 -0.8046131 -0.5923025 0.1137716 -0.7976427 -0.5881808 0.1281591 -0.7985103 -0.5884729 0.0882979 -0.803681 -0.5897626 0.06157702 -0.8052257 -0.5961511 0.06617289 -0.8001406 -0.5922946 0.09122633 -0.8005404 -0.5866453 0.07890403 -0.8059911 -0.5912578 0.05507534 -0.8046 -0.5980993 0.04477304 -0.8001704 -0.5943735 0.08910501 -0.7992374 -0.5938267 0.1742306 -0.7855022 -0.5979897 0.2710576 -0.7542786 -0.6174269 0.3121622 -0.722038 -0.6712962 -0.07540816 -0.7373433 -0.6793034 -0.01729661 -0.7336537 -0.6771487 0.06574928 -0.7329029 -0.684178 0.1053514 -0.7216659 -0.677216 0.1071277 -0.7279438 -0.6852976 0.06459683 -0.7253928 -0.6816366 -0.03758698 -0.7307248 -0.6792253 -0.1302646 -0.722277 -0.6800774 -0.1921843 -0.7075026 -0.680556 -0.2241145 -0.6975788 -0.6771373 -0.2298851 -0.6990265 -0.6840744 -0.2077621 -0.6991976 -0.681666 -0.1415649 -0.7178377 -0.6796254 -0.07416141 -0.729801 -0.6796512 -0.04425191 -0.7321995 -0.684207 -0.02557742 -0.7288392 -0.6822118 0.03245633 -0.730434 -0.6818546 0.1031757 -0.7241749 -0.6781706 0.1165305 -0.7256068 -0.678409 0.08038997 -0.730273 -0.6796352 0.05596101 -0.7314127 -0.6853102 0.05996799 -0.7257781 -0.6818192 0.08281266 -0.7268182 -0.6768041 0.07175624 -0.7326576 -0.6809706 0.05007386 -0.7305968 -0.6869804 0.04056549 -0.7255429 -0.6836447 0.08070003 -0.7253396 -0.6831707 0.1579543 -0.7129713 -0.6810811 0.2479765 -0.6889384 -0.76591 -0.01619917 -0.6427437 -0.7640011 0.0566309 -0.6427249 -0.7703106 0.09170413 -0.6310403 -0.7641278 0.09428602 -0.6381371 -0.7713121 0.05756092 -0.633849 -0.768095 -0.0315442 -0.6395586 -0.7659298 -0.1129136 -0.6329314 -0.7667005 -0.1675131 -0.6197659 -0.767141 -0.1959851 -0.6108065 -0.7640472 -0.201598 -0.6128543 -0.770242 -0.1823363 -0.6111307 -0.7681525 -0.1250173 -0.6279429 -0.7662956 -0.06562715 -0.6391277 -0.7663073 -0.0389629 -0.6412917 -0.7703931 -0.02280849 -0.6371611 -0.7685928 0.02717703 -0.6391608 -0.7682784 0.08953297 -0.6338235 -0.7649665 0.1025159 -0.6358592 -0.7652248 0.07101982 -0.6398338 -0.7663037 0.0491963 -0.6405923 -0.7712813 0.05202424 -0.634365 -0.7682269 0.0723831 -0.6360725 -0.7637094 0.06326419 -0.6424529 -0.7674479 0.04422849 -0.6395841 -0.7727568 0.03525465 -0.6337224 -0.7698805 0.06953787 -0.6343885 -0.7694737 0.1369794 -0.6238163 -0.7675877 0.2158488 -0.6035051 -0.7773568 0.2519707 -0.5763916 -0.8513436 0.03429788 -0.5234861 -0.8389486 0.03041291 -0.5433604 -0.836413 0.06080293 -0.5447167 -0.8360379 0.1189336 -0.5356262 -0.8344278 0.1869744 -0.5184311 -0.8948978 0.04926002 -0.4435442 -0.9024931 0.03811413 -0.4290148 -0.8879742 0.0268982 -0.4591061 -0.8936755 0.02499288 -0.4480172 -0.8918895 0.04973173 -0.4495109 -0.8916257 0.09766638 -0.4421143 -0.8904846 0.153898 -0.4281971 -0.937422 -0.01638591 -0.3478095 -0.9364833 -0.06079465 -0.3454028 -0.9367916 -0.09078192 -0.3379057 -0.9369235 -0.1066593 -0.3328639 -0.935532 -0.1104123 -0.3355427 -0.9382486 -0.09927034 -0.3314136 -0.9372854 -0.06855094 -0.3417554 -0.9364627 -0.03607183 -0.3489075 -0.9365175 -0.02135062 -0.3499703 -0.9383165 -0.01260584 -0.3455477 -0.9375082 0.01419055 -0.3476737 -0.9373117 0.0485273 -0.3450971 -0.9359092 0.05622208 -0.347726 -0.9360799 0.03915286 -0.3496021 -0.936537 0.0269379 -0.3495324 -0.9386785 0.02799654 -0.3436551 -0.9373701 0.0393505 -0.3461054 -0.9372726 0.03806054 -0.3465134 -0.9371466 0.03058457 -0.3475931 -0.9352071 0.02092492 -0.3534825 -0.9393287 0.01895236 -0.3424944 -0.9380697 0.0372132 -0.3444426 -0.9378381 0.07391393 -0.3391115 -0.9369893 0.1171927 -0.3291155 -0.9709197 0.03240233 -0.2372025 -0.9672234 0.01338613 -0.2535738 -0.9677377 -0.01244902 -0.2516525 -0.9670538 -0.04455262 -0.2506433 -0.9672554 -0.06614542 -0.2450345 -0.9673064 -0.07748907 -0.2414823 -0.9662542 -0.0804882 -0.2446926 -0.96825 -0.07141822 -0.2395654 -0.9674872 -0.04908078 -0.2481126 -0.9668858 -0.02577424 -0.2539049 -0.9669467 -0.01540648 -0.254513 -0.9682974 -0.008902728 -0.2496419 -0.9676595 0.01093763 -0.2520227 -0.9674931 0.03576856 -0.2503553 -0.9665136 0.04071635 -0.2533645 -0.9666823 0.02819293 -0.2544221 -0.966986 0.01948332 -0.2540839 -0.9685724 0.02039515 -0.2478942 -0.9675793 0.02858471 -0.250945 -0.9675257 0.02748656 -0.2512737 -0.9674336 0.02205139 -0.2521628 -0.9660201 0.01514083 -0.2580234 -0.9690735 0.01370888 -0.2463911 -0.9680797 0.02742242 -0.2491382 -0.9678761 0.0541861 -0.2455198 -0.9672127 0.0859946 -0.2389656 -0.9861488 0.01749199 -0.1649383 -0.9866966 0.01241099 -0.1620988 -0.9875311 0.01294708 -0.1568911 -0.9869882 0.01821613 -0.1597582 -0.9869776 0.01746457 -0.1599071 -0.9869335 0.01401078 -0.1605179 -0.9861608 0.00968945 -0.1655091 -0.9878122 0.008648276 -0.1554096 -0.9872454 0.01747059 -0.1582446 -0.9870882 0.03467625 -0.1563792 -0.9866879 0.05538678 -0.152903 0.04603278 -0.1090143 0.9929738 0.005369901 0.05834221 0.9982822 0.03994458 0.1087112 0.9932705 0.9999605 0.00586003 0.006693601 0.9999973 0.001557648 0.001763045 0.9999964 0.002208411 0.00159353 0.9997201 -9.37884e-4 0.023642 0.9998835 -9.02235e-4 0.01523399 0.9994438 -8.1148e-5 0.03334754 0.9984642 -0.00204873 0.05536305 0.9905716 -0.003233671 0.136958 0.7641252 -0.02662992 0.6445182 0.8369145 -0.01141852 0.5472146 0.8357889 -0.0227583 0.548579 0.8922429 -0.009419798 0.4514575 0.8948944 -0.02020281 0.4458206 0.9308913 -0.007787644 0.3652135 0.9432517 -0.01485806 0.3317461 0.9651342 -0.005637824 0.2616953 0.9628495 -0.01287579 0.2697319 0.9860801 -0.00755304 0.1661 0.03713232 -0.04813528 0.9981505 0.1508145 -0.04626971 0.9874787 0.2617027 -0.04400974 0.9641447 0.3734076 -0.04161667 0.9267334 0.4850249 -0.03907752 0.8736269 0.5875944 -0.0332877 0.8084707 0.6800788 -0.03015995 0.7325184 0.04133152 0.6037847 0.7960752 0.9861232 0.09981691 0.1326564 0.977877 0.1369884 0.1580855 0.9648907 0.1607031 0.2077509 0.9662347 0.168748 0.1947171 0.9463864 0.1960716 0.2567268 0.9371768 0.2280592 0.2639864 0.8921628 0.2759774 0.3576062 0.8348289 0.3361553 0.4359592 0.7628799 0.3946028 0.5121552 0.6786029 0.4480701 0.5820063 0.5862339 0.4940039 0.6420981 0.4869571 0.5323386 0.6924511 0.3827227 0.5627514 0.7326897 0.2764 0.5791173 0.7669591 0.1679159 0.5914857 0.7886374 0.999086 0.02586787 0.03402984 0.98904 0.09686076 0.1114355 0.9814369 0.1255845 0.1449493 0.9998342 0.01091116 0.01458173 0.9999048 0.008863151 0.01058262 0.9995301 0.01905351 0.02401423 0.9975354 0.04590338 0.05306816 0.9997528 0.01184427 0.01881748 0.9997552 0.0094949 0.01998692 0.9997592 0.007112801 0.02076178 0.9997638 0.005014419 0.02115124 0.9997692 0.003783583 0.02114719 0.9997456 0.003698945 0.02225106 0.9997408 0.003359198 0.02251613 0.9997507 0.002434492 0.02219986 0.9997397 0.002278208 0.02270597 0.9997174 0.001344203 0.02373713 0.9997504 0.001105606 0.02231675 0.9998034 1.58733e-4 0.01983278 0.9997178 -1.51029e-4 0.02375769 0.9997442 -0.002495586 0.02248018 0.9997162 -0.002378106 0.02370625 0.9990335 0.02274614 0.03761535 0.9863117 0.08262795 0.1426956 0.9648554 0.1362769 0.224684 0.9437853 0.1700858 0.2834435 0.8921064 0.2342812 0.38634 0.8345409 0.285691 0.4710864 0.7627757 0.3353118 0.552937 0.6786819 0.3808393 0.6279749 0.5858206 0.4202405 0.6929734 0.4868929 0.4529228 0.7468576 0.3760346 0.4810804 0.7919342 0.2661641 0.5014067 0.8232546 0.1549513 0.5161041 0.8423935 0.02118164 0.5285977 0.8486082 0.9990476 0.01810878 0.0396986 0.9863126 0.06538254 0.1513693 0.9648801 0.1093323 0.238858 0.9439767 0.1353794 0.300966 0.8921136 0.1879997 0.41084 0.8345254 0.2292757 0.500999 0.7626179 0.2691536 0.5881925 0.678361 0.3057478 0.6680904 0.5859772 0.3371721 0.7368485 0.487203 0.3634191 0.794078 0.3766137 0.3844605 0.8428241 0.2667528 0.4009649 0.8763961 0.1554729 0.4132915 0.8972282 0.01303082 0.432514 0.9015331 0.9990652 0.01355946 0.04104775 0.9863265 0.04829746 0.1575673 0.9582291 0.09233522 0.2706866 0.9442533 0.1007212 0.3134346 0.8963405 0.1364868 0.4218354 0.8384575 0.1679887 0.5184292 0.7627798 0.2029341 0.6139909 0.6783701 0.2305461 0.6976121 0.5860617 0.254235 0.7693479 0.4849322 0.270935 0.8315258 0.3773497 0.2875782 0.8802875 0.267573 0.300172 0.915588 0.1561458 0.3099367 0.9378474 0.04995834 0.3174912 0.9469443 0.9997624 0.001291692 0.02176266 0.9989579 0.004133701 0.0454539 0.9990819 0.002488613 0.04277086 0.9862656 0.01383459 0.1645868 0.98634 0.009468495 0.1644505 0.9580744 0.02844905 0.2851036 0.9582616 0.01692527 0.2853915 0.9426043 0.03041148 0.3325241 0.9444617 0.0191338 0.3280643 0.8940823 0.04124146 0.446 0.8966037 0.02582985 0.4420801 0.8354882 0.05074834 0.5471603 0.8387618 0.03177368 0.5435709 0.7625018 0.05980169 0.6442164 0.7665315 0.03748667 0.6411119 0.6780021 0.06786596 0.7319204 0.682226 0.04266577 0.7298955 0.5817953 0.07543104 0.8098299 0.5867084 0.04760825 0.8083976 0.4803122 0.08161401 0.8732923 0.4858053 0.05108791 0.8725727 0.3729006 0.08670771 0.9238111 0.3778629 0.0541504 0.9242767 0.2630606 0.09062588 0.9605135 0.2681607 0.05639833 0.961722 0.1520571 0.0939365 0.9838977 0.1567232 0.05794924 0.9859411 0.03733265 0.09800773 0.9944852 0.0214309 0.05712974 0.9981367 0.1478869 0.05620628 0.9874059 0.258283 0.05496871 0.9645042 0.3674077 0.05294626 0.9285517 0.475291 0.05010974 0.8784006 0.5775979 0.04651075 0.8149955 0.6731534 0.04215282 0.7383006 0.758378 0.03715074 0.6507555 0.8323246 0.0315991 0.5533871 0.8914703 0.02584058 0.4523416 0.9406422 0.01937514 0.3388463 0.9578797 0.01624941 0.2867098 0.98618 0.009545385 0.1654026 0.9988104 0.002783179 0.04868519 0.9990205 0.001931786 0.04420816 0.9992303 8.90237e-4 0.03921926 0.9863044 0.006541609 0.1648063 0.9864365 4.12591e-4 0.1641429 0.9581756 0.01404052 0.2858362 0.9587166 0.002193152 0.284355 0.9435179 0.01453816 0.3310028 0.947223 0.001396656 0.3205728 0.8951857 0.01982355 0.4452524 0.9004535 0.002029478 0.4349479 0.8372223 0.02439284 0.5463184 0.8440178 0.002540767 0.5363094 0.7642002 0.0288248 0.6443349 0.7729468 0.003049612 0.6344636 0.6802805 0.0326811 0.732223 0.6895907 0.003455758 0.7241911 0.5843064 0.03643596 0.8107149 0.5949053 0.003950774 0.8037861 0.4827254 0.03948193 0.8748815 0.4942949 0.004350841 0.8692835 0.3752192 0.04200452 0.9259839 0.3869621 0.004752635 0.9220835 0.2655532 0.0439825 0.9630925 0.2770794 0.005145668 0.9608333 0.1542477 0.04575788 0.9869721 0.164743 0.00567758 0.9863202 0.03821074 0.04346621 0.998324 0.03541833 0.006674408 0.9993504 0.9988096 -5.50256e-4 0.04877811 0.9861743 -0.002588212 0.1656914 0.9578852 -0.001909554 0.2871453 0.940672 -0.00372827 0.3392969 0.8915071 -0.004723727 0.4529822 0.8323467 -0.00571829 0.5542259 0.7585284 -0.006652235 0.6516062 0.6731308 -0.007606983 0.7394844 0.5775638 -0.008210837 0.8163043 0.4751313 -0.008685111 0.8798721 0.3677319 -0.009004235 0.9298884 0.2581412 -0.00908786 0.9660645 0.1479549 -0.008714199 0.9889557 0.03365099 -0.007491111 0.9994056 0.9997527 -0.001313328 0.02220314 0.9990305 -0.002927899 0.04392641 0.9863101 -0.01299172 0.1643888 0.9581992 -0.01710981 0.2855902 0.9436751 -0.02326971 0.3300542 0.8954395 -0.03077137 0.4441188 0.8375454 -0.03762066 0.5450711 0.7646681 -0.04423826 0.6429042 0.6803568 -0.05043125 0.7311439 0.5846489 -0.05537503 0.8093945 0.4830812 -0.05944269 0.8735555 0.3757627 -0.06247973 0.9246073 0.2660695 -0.06439346 0.9618008 0.1547595 -0.06460565 0.9858376 0.04259312 -0.06699419 0.9968438 0.1561338 -0.1046465 0.9821768 0.2678524 -0.1023274 0.9580106 0.3775385 -0.09845536 0.920745 0.4849125 -0.09306567 0.869597 0.5866639 -0.08612221 0.8052383 0.6817062 -0.07797628 0.7274589 0.7658218 -0.06851822 0.6393922 0.8386642 -0.0580585 0.5415458 0.8963195 -0.04728513 0.4408804 0.9442771 -0.03517562 0.3272669 0.9582405 -0.02999132 0.2843866 0.9863293 -0.01785862 0.1638162 0.9990714 -0.004607617 0.04283934 0.9997608 -0.00229156 0.02175444 0.998991 -0.00492227 0.0446406 0.9988052 -0.004278898 0.04868292 0.9862761 -0.01798379 0.1641221 0.9861772 -0.01465266 0.1650452 0.958109 -0.03159624 0.2846558 0.9578737 -0.02857381 0.2857653 0.9430398 -0.03644973 0.3306773 0.9405784 -0.03197997 0.3380678 0.8946446 -0.04898989 0.4440846 0.8914511 -0.04299449 0.4510727 0.8363024 -0.06012362 0.5449619 0.832184 -0.05268192 0.5519914 0.7630822 -0.07088923 0.6424021 0.7581292 -0.06204754 0.6491458 0.6789699 -0.08052015 0.7297372 0.6731604 -0.07029521 0.7361479 0.5831028 -0.0891304 0.8074942 0.5770565 -0.07788777 0.8129819 0.4814765 -0.09618437 0.8711653 0.47549 -0.0840885 0.8756932 0.3741309 -0.1018025 0.9217713 0.3673679 -0.08913511 0.9257947 0.2641438 -0.1059211 0.9586495 0.2576984 -0.092902 0.9617488 0.153043 -0.1086301 0.9822309 0.1478087 -0.09581696 0.9843636 0.02997541 -0.1094588 0.9935393 0.01976251 -0.09863835 0.9949271 0.9990848 0.009860575 0.04162323 0.9863485 0.03410726 0.1611007 0.958266 0.06570756 0.2782245 0.9445549 0.07117873 0.3205463 0.8967064 0.09658908 0.4319588 0.8389437 0.1189385 0.5310624 0.7665455 0.1405067 0.6266306 0.682602 0.1597511 0.7131159 0.58731 0.1774562 0.7896686 0.485728 0.1920404 0.8527538 0.3782776 0.2039489 0.9029457 0.2683844 0.2129517 0.9394793 0.156831 0.2200289 0.9628039 0.05344265 0.2206701 0.9738833 0.9991111 0.007887482 0.04141014 0.9863586 0.02797979 0.1622157 0.9583371 0.05023264 0.2811882 0.9449859 0.05639415 0.3222134 0.8972231 0.07629442 0.4349368 0.8397981 0.09384959 0.5347257 0.7675947 0.1108385 0.6312791 0.6837881 0.1261419 0.7186948 0.5883444 0.1399366 0.7964099 0.4871096 0.1512843 0.860138 0.3796685 0.1603385 0.911122 0.2696567 0.1670857 0.94835 0.1580217 0.1717851 0.972378 0.04085981 0.1757193 0.983592 0.9989979 0.006846129 0.04423284 0.9862871 0.02667313 0.1628695 0.9581475 0.04693818 0.2824007 0.9431504 0.05419939 0.3279173 0.8947626 0.07302922 0.4405299 0.8366223 0.08959197 0.5404041 0.7636185 0.1056034 0.6369732 0.6795586 0.119916 0.7237544 0.5834711 0.1328495 0.8011944 0.4820327 0.1433377 0.8643488 0.3742713 0.1517263 0.9148225 0.2643364 0.1578253 0.9514293 0.1534073 0.1617716 0.9748314 0.04514378 0.1646539 0.9853178 0.9989693 0.006377696 0.04494255 0.9862798 0.02177232 0.1636403 0.9580807 0.04210382 0.2833878 0.9427505 0.04634016 0.3302637 0.8942665 0.06261187 0.4431334 0.8358224 0.07689756 0.5435879 0.7628297 0.09076285 0.6401978 0.6782702 0.1029616 0.7275635 0.5823767 0.11429 0.8048449 0.4809228 0.1235097 0.86802 0.3729637 0.1310436 0.9185455 0.2633044 0.1367148 0.9549763 0.1525067 0.1411362 0.978173 0.04628103 0.1429945 0.9886408 0.9990195 0.005212247 0.04396563 0.9863004 0.01807731 0.1639658 0.9581448 0.03119087 0.2845801 0.9434736 0.03589856 0.329498 0.8952072 0.04814773 0.4430417 0.8371484 0.05906569 0.5437774 0.7641431 0.06967651 0.6412726 0.6798735 0.07919663 0.7290405 0.5845036 0.08768332 0.8066394 0.4827868 0.09467262 0.8706055 0.3749995 0.1002627 0.9215872 0.2653827 0.1043406 0.9584806 0.1542411 0.1070735 0.9822144 0.9997712 0.002337276 0.02126628 0.9991202 0.004488646 0.04170042 0.9863519 0.01845455 0.1636143 0.9583777 0.03122735 0.2837906 0.945112 0.03626602 0.3247279 0.8975462 0.04886096 0.4382047 0.8399956 0.06010788 0.5392535 0.767833 0.07095158 0.636709 0.6842918 0.08077663 0.7247205 0.5886673 0.08945649 0.8034104 0.4873276 0.09657382 0.8678625 0.3803337 0.1022596 0.9191786 0.2702524 0.1063699 0.9568955 0.1585041 0.1088752 0.9813371 0.03395944 0.1095505 0.993401 -0.01874339 -0.05521059 -0.9982988 -0.0385521 0.1125487 -0.9928981 -0.006202518 0.05772411 -0.9983133 -0.1833116 0.05865859 -0.9813033 -0.3069027 0.05387586 -0.9502148 -0.4310375 0.05679529 -0.9005448 -0.9997675 5.31393e-4 -0.02156114 -0.9994252 0.001206219 -0.03388196 -0.9995552 0.001896858 -0.02976518 -0.9876358 0.003644347 -0.1567236 -0.9866394 0.01046437 -0.1625829 -0.9444541 0.007563233 -0.3285565 -0.958937 0.01843327 -0.2830197 -0.9010237 0.009854435 -0.433658 -0.9172229 0.0249539 -0.3975923 -0.8445144 0.01197189 -0.5353991 -0.8666508 0.0319789 -0.4978893 -0.7999575 0.03762483 -0.5988761 -0.7157209 0.04276061 -0.6970762 -0.6276586 0.04994869 -0.7768847 -0.5305691 0.05671286 -0.8457424 -0.9993254 0.004139244 -0.03649121 -0.9994458 0.003531694 -0.03310239 -0.9992971 0.003198146 -0.03735315 -0.9994052 0.001269042 -0.034464 -0.9995504 1.19963e-4 -0.0299865 -0.9991818 -6.32904e-5 -0.0404458 -0.9994059 -0.001015782 -0.03445237 -0.9993621 -0.002020299 -0.03565531 -0.9994006 -0.002777159 -0.03450936 -0.9992368 -0.004296302 -0.03882408 -0.999405 -0.004604101 -0.03418308 -0.9995106 -0.0051077 -0.03086179 -0.9993341 -0.006238818 -0.0359534 -0.9992841 -0.008004605 -0.03697615 -0.9848151 -0.02969205 -0.1710492 -0.9826971 -0.03753072 -0.1813777 -0.9551778 -0.05062842 -0.2916716 -0.9510975 -0.06336045 -0.3023229 -0.9126113 -0.06985926 -0.4028158 -0.9074877 -0.08476352 -0.4114381 -0.8594506 -0.08747518 -0.5036793 -0.8536257 -0.1051959 -0.510154 -0.7907851 -0.1045547 -0.6030982 -0.7848953 -0.1250927 -0.6068701 -0.7073823 -0.1209359 -0.6964086 -0.7237483 -0.1465639 -0.6743201 -0.6690708 -0.157927 -0.7262254 -0.6106851 -0.13504 -0.7802744 -0.775474 -0.1302137 -0.6178063 -0.513579 -0.1465014 -0.8454431 -0.5036152 -0.1589436 -0.8491812 -0.4077631 -0.1558511 -0.8996888 -0.3975809 -0.168703 -0.9019251 -0.2919368 -0.1636372 -0.9423354 -0.3172675 -0.1778484 -0.9315103 -0.9994617 0.002678632 -0.03269904 -0.9860792 0.0166288 -0.1654427 -0.957463 0.02883547 -0.2871116 -0.91584 0.0399115 -0.3995551 -0.8636831 0.05004292 -0.5015449 -0.7963601 0.0599628 -0.6018431 -0.7147984 0.06929463 -0.6958891 -0.6224556 0.07758879 -0.7787998 -0.5207788 0.08435839 -0.8495135 -0.4155817 0.08965057 -0.9051269 -0.3016894 0.09349787 -0.9488108 -0.1805872 0.09574949 -0.9788873 -0.02035963 0.10238 -0.994537 -0.1728766 0.1109128 -0.9786788 -0.2935594 0.1076494 -0.9498603 -0.4073969 0.1028427 -0.9074422 -0.5131827 0.09665226 -0.85282 -0.6148554 0.08880913 -0.7836236 -0.7080398 0.0795232 -0.7016806 -0.7905108 0.06896835 -0.6085524 -0.8591072 0.05763328 -0.5085403 -0.9123742 0.04609805 -0.4067535 -0.9550412 0.03338623 -0.2945873 -0.9847295 0.01960402 -0.1729838 -0.9859076 0.01770311 -0.1663515 -0.9844861 0.01485818 -0.1748329 -0.9571298 0.03066056 -0.2880322 -0.9546158 0.02524822 -0.2967679 -0.9153977 0.04268628 -0.4002813 -0.9118312 0.03506541 -0.4090656 -0.8630023 0.05359506 -0.5023492 -0.8582928 0.04393225 -0.5112762 -0.7955979 0.06429886 -0.6024034 -0.7896652 0.05266159 -0.6112739 -0.7138711 0.07433009 -0.6963211 -0.7067426 0.06074446 -0.7048582 -0.6214017 0.08315515 -0.779067 -0.6137175 0.06776684 -0.7866122 -0.5197256 0.09078061 -0.8494965 -0.5115917 0.07412773 -0.8560252 -0.4143022 0.09676957 -0.9049804 -0.4062854 0.07905143 -0.9103204 -0.3006792 0.1015769 -0.9483007 -0.2923325 0.083359 -0.9526768 -0.1794099 0.1050213 -0.9781526 -0.1716511 0.08668404 -0.9813367 -0.06607937 0.105529 -0.9922184 -0.05183088 0.08725827 -0.9948365 -0.9854915 0.006273567 -0.1696095 -0.9563856 0.01079058 -0.291908 -0.9143105 0.01495534 -0.4047377 -0.861584 0.01883548 -0.5072657 -0.7937337 0.02266836 -0.607843 -0.7116667 0.02618283 -0.7020292 -0.6190471 0.02927446 -0.7848081 -0.5172947 0.03219127 -0.8552017 -0.4117527 0.03448402 -0.910643 -0.2979608 0.03664124 -0.9538747 -0.1768848 0.03850346 -0.9834782 -0.0320158 0.0415306 -0.9986242 -0.9871022 6.18908e-4 -0.1600901 -0.9593965 0.001099109 -0.2820587 -0.9187714 0.001610815 -0.3947867 -0.8675683 0.002057433 -0.4973139 -0.8013753 0.002508163 -0.5981566 -0.7208302 0.002913534 -0.6931056 -0.6290872 0.003251552 -0.777328 -0.5279022 0.003670692 -0.8492972 -0.4228302 0.003959119 -0.9062004 -0.3095444 0.004361152 -0.950875 -0.188204 0.004791378 -0.9821183 -0.03876024 0.005864024 -0.9992313 -0.01767188 -0.05784428 -0.9981693 -0.1746628 -0.05610239 -0.9830288 -0.1845683 -0.05463439 -0.9812999 -0.2955793 -0.05431634 -0.9537729 -0.3058741 -0.05311214 -0.9505894 -0.4092528 -0.05179727 -0.9109497 -0.4193564 -0.05080634 -0.9063989 -0.5148394 -0.04863685 -0.855906 -0.5247198 -0.04766106 -0.8499398 -0.616818 -0.04460817 -0.7858409 -0.6260198 -0.04373711 -0.7785797 -0.7095679 -0.03993558 -0.7035046 -0.7179468 -0.03903412 -0.6950027 -0.7919865 -0.03459739 -0.6095576 -0.7991061 -0.03371942 -0.6002438 -0.8601875 -0.02886831 -0.5091602 -0.8657974 -0.02808654 -0.499606 -0.9132296 -0.02307033 -0.4067919 -0.9174281 -0.02234685 -0.397274 -0.9556505 -0.01664799 -0.2940323 -0.9585263 -0.01604741 -0.2845521 -0.9850739 -0.00972712 -0.1718569 -0.9866516 -0.009171009 -0.1625872 -0.9995136 -0.001749515 -0.03113645 -0.983964 -0.01961809 -0.177285 -0.9855014 -0.02265781 -0.1681478 -0.9537319 -0.03306704 -0.2988345 -0.9564025 -0.03896152 -0.2894414 -0.9106442 -0.04541367 -0.4106883 -0.9143278 -0.05400222 -0.4013584 -0.8567185 -0.05666971 -0.5126616 -0.8616279 -0.06757622 -0.5030218 -0.7875026 -0.06770366 -0.6125814 -0.7937304 -0.0808891 -0.6028674 -0.7044507 -0.07796365 -0.705458 -0.7114024 -0.09369009 -0.6965119 -0.6113131 -0.086932 -0.7865998 -0.6192235 -0.1046857 -0.7782051 -0.5094165 -0.09448611 -0.8553171 -0.5172035 -0.1134881 -0.8483049 -0.4034393 -0.1004396 -0.9094772 -0.411698 -0.1206185 -0.9033028 -0.2896105 -0.1049913 -0.9513688 -0.2979822 -0.1257833 -0.946248 -0.1693462 -0.1080138 -0.9796198 -0.1769693 -0.128908 -0.9757379 -0.02875226 -0.1092569 -0.9935977 -0.03231203 -0.1283311 -0.9912049 -0.9866291 -0.02661854 -0.1607939 -0.9584829 -0.04656207 -0.2813228 -0.9173551 -0.06491553 -0.392741 -0.8657531 -0.08158379 -0.4937771 -0.7990273 -0.0979914 -0.5932564 -0.7178902 -0.1134404 -0.6868515 -0.6257779 -0.1271034 -0.7695757 -0.5244807 -0.1386086 -0.8400641 -0.4192537 -0.1477071 -0.8957729 -0.3056545 -0.1547356 -0.9394851 -0.184408 -0.1594326 -0.9698325 -0.03225976 -0.1616643 -0.9863185 -0.9835268 -2.9522e-4 -0.1807624 -0.9530058 -5.03469e-4 -0.3029518 -0.9096465 -6.17505e-4 -0.4153829 -0.8554633 -7.65514e-4 -0.5178629 -0.7859789 -8.98651e-4 -0.6182529 -0.7025561 -0.00103271 -0.7116277 -0.6093433 -0.001149058 -0.7929058 -0.5071352 -0.001203179 -0.8618658 -0.4015088 -0.00123465 -0.9158544 -0.2877346 -0.001200675 -0.9577095 -0.1675792 -0.001116991 -0.985858 -0.03149855 -7.7851e-4 -0.9995035 -0.9855049 -0.004950404 -0.1695749 -0.9563966 -0.008531808 -0.2919465 -0.9143012 -0.01184403 -0.4048619 -0.8616359 -0.0147491 -0.5073126 -0.7937726 -0.01756644 -0.6079609 -0.7115343 -0.02034163 -0.7023569 -0.6192459 -0.02296131 -0.7848614 -0.5172801 -0.02438455 -0.8554688 -0.4118963 -0.02572089 -0.9108676 -0.2980306 -0.02636051 -0.9541923 -0.1770023 -0.02636098 -0.9838574 -0.0255084 -0.02678209 -0.9993158 -0.9854487 -0.01375895 -0.1694161 -0.9563058 -0.02358537 -0.2914155 -0.9141912 -0.03238946 -0.4039871 -0.8614547 -0.04047882 -0.5062186 -0.7935578 -0.04836243 -0.6065701 -0.7113955 -0.0558955 -0.7005657 -0.6187906 -0.06246989 -0.7830682 -0.5169873 -0.06754666 -0.8533239 -0.411468 -0.07159447 -0.908608 -0.2976755 -0.07417315 -0.9517813 -0.1766945 -0.07532304 -0.9813794 -0.05009722 -0.08126497 -0.9954328 -0.9994608 -0.002968609 -0.03270035 -0.9860672 -0.0176047 -0.1654132 -0.9574303 -0.03091913 -0.2870041 -0.9157938 -0.04323536 -0.3993148 -0.8636291 -0.05443716 -0.50118 -0.7962488 -0.06532543 -0.6014321 -0.7146059 -0.07553493 -0.6954372 -0.6223071 -0.08452415 -0.7781964 -0.520953 -0.09215736 -0.8485959 -0.41543 -0.09821242 -0.9043076 -0.301532 -0.1029371 -0.9478831 -0.1804341 -0.1061782 -0.9778394 -0.04310667 -0.1086302 -0.9931471 -0.1676545 -0.1676738 -0.9714822 -0.03901624 -0.1693564 -0.9847823 -0.05469316 -0.2019423 -0.9778691 -0.1514592 -0.1971162 -0.96861 -0.06294918 -0.2026573 -0.9772244 -0.9998861 -0.009337186 -0.01186066 -0.438588 -0.4059177 -0.8017928 -0.3264408 -0.4291368 -0.8421865 -0.3485586 -0.4934664 -0.7968675 -0.4437522 -0.4823876 -0.7552392 -0.5208088 -0.4696249 -0.712889 -0.5193993 -0.3888208 -0.7609486 -0.9993731 -0.03004771 0.01872158 -0.4883846 -0.6033751 -0.6304118 -0.9830896 -0.05262702 0.1754006 -0.9808127 -0.04331642 0.1900792 -0.9763042 -0.02588999 0.2148483 -0.9723148 -0.01061254 0.2334337 -0.9917226 -0.0755102 0.1038486 -0.9921548 -0.1134817 0.05244964 -0.9861609 -0.06849682 0.1509795 -0.9880208 -0.07266259 0.1361438 -0.9923345 -0.1130148 0.04999876 -0.9877575 -0.1444496 0.05890274 -0.9890441 -0.1122462 0.09587836 -0.964612 -0.2495526 -0.08513188 -0.972823 -0.2268865 -0.04624021 -0.9810443 -0.1937839 -3.15951e-4 -0.8277639 -0.4514511 -0.3331649 -0.8816764 -0.3892953 -0.2666384 -0.9267818 -0.3288586 -0.1814601 -0.9051488 -0.3673462 -0.2139219 -0.946205 -0.2980208 -0.1260147 -0.4462478 -0.574609 -0.6860666 -0.5215557 -0.5535786 -0.6492538 -0.6053193 -0.5247938 -0.5984817 -0.6874046 -0.4883118 -0.537612 -0.7625653 -0.4453295 -0.4692291 -0.8271905 -0.3977684 -0.3969082 -0.0416302 -0.6481419 -0.7603808 -0.03642535 -0.6146638 -0.7879477 -0.009961843 -0.59991 -0.8000056 -0.9352071 -0.1807832 -0.3044751 -0.9480788 -0.2088456 -0.2398547 -0.9708098 -0.129754 -0.2017234 -0.9760082 -0.1546075 -0.1533114 -0.9954177 -0.06611025 -0.06908911 -0.9950029 -0.08956891 -0.04411989 -0.9982625 -0.04819059 0.03390806 -0.947236 -0.276791 -0.1616503 -0.988915 -0.1483739 -0.00569266 -0.994715 -0.1020572 0.01124465 -0.9955465 -0.05835908 0.07403635 -0.9711384 -0.1997029 -0.1304187 -0.9484744 -0.2474133 -0.1979472 -0.9200646 -0.2916238 -0.261604 -0.8798773 -0.3441747 -0.3276578 0.5485152 -0.4948565 -0.6739793 -0.6028937 -0.3662387 -0.7087937 -0.6043343 -0.4437723 -0.6616996 -0.6846092 -0.3382753 -0.6456626 -0.6861027 -0.4114871 -0.5999513 -0.7599084 -0.3057441 -0.5736373 -0.7616305 -0.3734578 -0.5295737 -0.8248599 -0.2703921 -0.496482 -0.8267674 -0.3317857 -0.454284 -0.8776563 -0.2340776 -0.4182429 -0.8791766 -0.2890989 -0.378775 -0.9191235 -0.2476018 -0.3064398 -0.04993623 -0.5685272 -0.8211476 -0.3476411 -0.5940528 -0.7254288 -0.7361761 -0.4230722 -0.5282564 -0.2528492 -0.4937992 -0.8320035 -0.2333154 -0.4348193 -0.8697679 -0.06690824 -0.5321241 -0.8440186 -0.1021478 -0.4465233 -0.8889223 -0.04214709 -0.5214528 -0.8522387 -0.0211308 -0.445975 -0.8947961 -0.2407945 -0.606022 -0.7581262 -0.01639789 -0.2782841 -0.9603589 -0.3453108 -0.282655 -0.8949117 -0.396241 -0.2282305 -0.8893278 -0.4354949 -0.2717741 -0.858186 -0.5154848 -0.258943 -0.8168378 -0.8287455 -0.1532605 -0.5382307 -0.06605398 -0.2724894 -0.9598888 -0.03428614 -0.3594504 -0.9325342 -0.2326436 -0.35838 -0.9041243 -0.345898 -0.3454923 -0.8723472 -0.4366944 -0.3326224 -0.8358591 -0.517158 -0.3177987 -0.7947023 -0.6002182 -0.2985013 -0.7420479 -0.678003 -0.2147122 -0.7030012 -0.6813129 -0.2749078 -0.6784088 -0.7524227 -0.1929004 -0.6298014 -0.7564039 -0.2476018 -0.605431 -0.8175081 -0.1692452 -0.5504878 -0.8216248 -0.2178714 -0.5267493 -0.870798 -0.1451048 -0.4697397 -0.8745068 -0.1876671 -0.4472348 -0.9284186 -0.1040408 -0.3566713 -0.9229484 -0.1519427 -0.3536662 -0.9640007 -0.07580196 -0.2548663 -0.9671562 -0.105049 -0.2314597 -0.9930438 -0.03479152 -0.1124891 -0.9949357 -0.04832762 -0.08813297 -0.9998453 -0.0175361 -0.001467108 0.04605317 0.109008 -0.9929735 0.005336523 -0.05834245 -0.9982824 0.0399298 -0.1087104 -0.9932712 0.9999596 -0.00591731 -0.006770133 0.999997 -0.001640975 -0.001809716 0.9999964 -0.00220865 -0.001594424 0.9997189 9.41977e-4 -0.02368986 0.9998859 8.92953e-4 -0.01508992 0.9994437 8.16863e-5 -0.03335356 0.9984642 0.002049148 -0.05536323 0.9905731 0.00323224 -0.1369477 0.7643032 0.0266245 -0.6443072 0.8367526 0.01142609 -0.5474621 0.83589 0.02275413 -0.5484253 0.8922481 0.009419441 -0.4514473 0.8949007 0.02020841 -0.4458076 0.9308858 0.00778687 -0.3652273 0.9432139 0.0148645 -0.3318533 0.9651191 0.005639672 -0.2617504 0.9628528 0.01287931 -0.26972 0.9860812 0.007551789 -0.1660932 0.03712373 0.0481376 -0.9981507 0.150874 0.04626059 -0.9874701 0.2617912 0.04402041 -0.9641202 0.3736783 0.04159706 -0.9266253 0.4848603 0.03909868 -0.8737173 0.5871182 0.03330773 -0.8088157 0.6800658 0.0301584 -0.7325305 0.04130244 -0.60378 -0.7960803 0.9861286 -0.09979718 -0.1326307 0.9775945 -0.1378582 -0.1590728 0.9648798 -0.1607144 -0.2077933 0.9662562 -0.1686938 -0.1946578 0.9463812 -0.196081 -0.256739 0.9371436 -0.2281122 -0.2640581 0.892206 -0.2759251 -0.3575389 0.8347235 -0.3362499 -0.4360879 0.7627632 -0.3946933 -0.5122595 0.678602 -0.4480743 -0.5820041 0.5864381 -0.493923 -0.6419739 0.4873164 -0.5322089 -0.6922979 0.3827555 -0.5627532 -0.7326713 0.2764071 -0.5791103 -0.7669618 0.1678645 -0.5914643 -0.7886644 0.999086 -0.0258764 -0.03402435 0.9890429 -0.09684854 -0.111421 0.9814293 -0.1256148 -0.1449748 0.9998359 -0.01084744 -0.01450926 0.9999055 -0.008833646 -0.01054412 0.9995286 -0.01908183 -0.02405393 0.9975352 -0.04590487 -0.05306804 0.9997528 -0.01184457 -0.01881766 0.9997552 -0.009494483 -0.0199868 0.9997582 -0.007129073 -0.0208069 0.9997627 -0.005025923 -0.02119767 0.9997692 -0.003783106 -0.02114725 0.9997457 -0.003698527 -0.02225071 0.9997408 -0.0033589 -0.02251625 0.9997506 -0.002433896 -0.02219939 0.9997397 -0.002277672 -0.02270603 0.9997174 -0.001343727 -0.02373683 0.9997504 -0.001105189 -0.02231681 0.9998024 -1.5761e-4 -0.01988083 0.9997178 1.51493e-4 -0.02375769 0.9997442 0.002496063 -0.02248013 0.9997173 0.002372324 -0.02365875 0.9990334 -0.02274554 -0.03761446 0.9863114 -0.08262848 -0.1426966 0.9648544 -0.1362801 -0.2246861 0.9437892 -0.1700835 -0.2834318 0.8921331 -0.2342573 -0.3862927 0.8344753 -0.2857422 -0.4711712 0.762705 -0.3353402 -0.5530173 0.6784796 -0.380925 -0.6281415 0.5858286 -0.4202437 -0.6929649 0.4871222 -0.4528517 -0.7467511 0.375998 -0.4810888 -0.7919465 0.2662672 -0.5013885 -0.8232323 0.1549165 -0.5161062 -0.8423986 0.02119964 -0.5285788 -0.8486196 0.9990479 -0.01810568 -0.03969377 0.9863163 -0.06537318 -0.1513491 0.9648244 -0.1094015 -0.2390511 0.9439919 -0.1353557 -0.3009288 0.8920022 -0.1880965 -0.4110376 0.8346281 -0.2292018 -0.5008617 0.7627931 -0.2690886 -0.5879949 0.678277 -0.305776 -0.6681627 0.5860868 -0.3371295 -0.7367808 0.4870927 -0.3634474 -0.7941327 0.3764818 -0.384478 -0.8428751 0.2668775 -0.4009495 -0.8763651 0.1554871 -0.4132882 -0.8972273 0.01302874 -0.4325121 -0.901534 0.9990652 -0.01355952 -0.04104822 0.9863269 -0.04830002 -0.1575638 0.958249 -0.09231591 -0.2706227 0.9442328 -0.1007408 -0.3134897 0.8963027 -0.1365159 -0.4219064 0.8385376 -0.1679601 -0.5183088 0.7628546 -0.2028812 -0.6139156 0.6784223 -0.2305576 -0.6975574 0.5859813 -0.2542474 -0.7694051 0.4848346 -0.2709634 -0.8315735 0.3773933 -0.2875768 -0.8802692 0.2676734 -0.3001696 -0.9155595 0.1561171 -0.3099408 -0.9378509 0.04994064 -0.317491 -0.9469453 0.9997624 -0.001292288 -0.02176243 0.9989592 -0.004131317 -0.0454263 0.9990817 -0.002488911 -0.04277384 0.9862621 -0.01383543 -0.164608 0.986337 -0.009471416 -0.1644678 0.9580603 -0.0284565 -0.2851504 0.9582594 -0.01692438 -0.2853987 0.9426247 -0.03040856 -0.3324666 0.9444655 -0.01913321 -0.3280531 0.8940734 -0.0412473 -0.4460173 0.8966002 -0.02582985 -0.4420871 0.8356394 -0.05067414 -0.5469358 0.8389038 -0.03176045 -0.5433523 0.7624225 -0.05983108 -0.6443077 0.7663936 -0.03749793 -0.6412761 0.677909 -0.06786483 -0.7320067 0.6823456 -0.04265838 -0.7297841 0.5819543 -0.07544171 -0.8097147 0.5867671 -0.04760485 -0.8083552 0.4802868 -0.08162868 -0.8733049 0.4856574 -0.05109167 -0.8726549 0.3726959 -0.08670532 -0.9238939 0.3781301 -0.05414402 -0.9241678 0.263095 -0.09061527 -0.960505 0.2681788 -0.05639898 -0.9617169 0.1521106 -0.09393566 -0.9838895 0.1566392 -0.05794811 -0.9859545 0.03729486 -0.09801715 -0.9944857 0.02144116 -0.05713266 -0.9981364 0.1479101 -0.05620712 -0.9874024 0.2581084 -0.05497282 -0.9645507 0.3676213 -0.05294221 -0.9284674 0.4754065 -0.050107 -0.8783382 0.5771299 -0.04652595 -0.8153261 0.6731035 -0.04215615 -0.7383459 0.7583767 -0.03714847 -0.6507571 0.8323199 -0.03159922 -0.5533942 0.8915522 -0.02583056 -0.4521808 0.9406467 -0.01937478 -0.3388339 0.9578903 -0.01624912 -0.2866746 0.9861767 -0.009549677 -0.1654217 0.9988098 -0.002783119 -0.04869604 0.9990193 -0.001922607 -0.04423463 0.9992309 -8.90596e-4 -0.03920358 0.9863019 -0.006537497 -0.1648212 0.986434 -4.1501e-4 -0.1641579 0.9581549 -0.01404422 -0.2859058 0.9586977 -0.002194941 -0.2844184 0.9435008 -0.01453876 -0.3310515 0.9472076 -0.001396894 -0.3206182 0.8952684 -0.01981496 -0.4450864 0.9004949 -0.00203073 -0.434862 0.8372454 -0.02439051 -0.5462833 0.8440175 -0.002543807 -0.5363095 0.764279 -0.02882951 -0.644241 0.7728189 -0.003047168 -0.6346194 0.6798972 -0.03271096 -0.7325775 0.6898277 -0.003443539 -0.7239655 0.5846275 -0.03641933 -0.8104841 0.5948146 -0.003942131 -0.8038533 0.4828059 -0.03947937 -0.8748372 0.4940569 -0.004370212 -0.8694186 0.3752194 -0.04200398 -0.9259839 0.3870199 -0.00474894 -0.9220592 0.265593 -0.04398173 -0.9630815 0.277136 -0.005139589 -0.960817 0.1542791 -0.04575687 -0.9869672 0.1649084 -0.005666792 -0.9862927 0.03819632 -0.04346477 -0.9983246 0.03536587 -0.006652653 -0.9993523 0.9988114 5.49715e-4 -0.04874032 0.9861733 0.00259453 -0.1656972 0.9578816 0.001913011 -0.2871575 0.940679 0.003730595 -0.3392778 0.891523 0.004703879 -0.4529514 0.8323547 0.005720734 -0.5542138 0.758368 0.006655097 -0.6517927 0.6734022 0.00762695 -0.739237 0.5772697 0.008201658 -0.8165124 0.4752849 0.008693933 -0.8797891 0.3675916 0.008996486 -0.9299439 0.2582327 0.009093761 -0.96604 0.147958 0.008713424 -0.9889553 0.03361392 0.007473707 -0.999407 0.9997527 0.001313805 -0.02220302 0.9990305 0.002928316 -0.04392635 0.9863104 0.01299589 -0.1643867 0.9581691 0.01711493 -0.2856909 0.9436798 0.02326959 -0.3300413 0.8955175 0.03075855 -0.4439621 0.837435 0.03763508 -0.5452398 0.7646895 0.04424023 -0.6428787 0.6804391 0.05042487 -0.7310677 0.5849279 0.0553689 -0.8091933 0.483137 0.0594412 -0.8735247 0.3757147 0.06247347 -0.9246273 0.2659245 0.06439411 -0.9618408 0.1546218 0.06460434 -0.9858593 0.04263901 0.06699436 -0.9968419 0.156222 0.1046437 -0.9821631 0.2676771 0.1023338 -0.9580589 0.3774639 0.09846043 -0.920775 0.4849267 0.09305447 -0.8695901 0.5863481 0.08627581 -0.8054518 0.6819523 0.0779519 -0.7272308 0.7660431 0.06848919 -0.63913 0.8385658 0.0580706 -0.5416968 0.8963117 0.04728811 -0.440896 0.9442873 0.03517132 -0.3272377 0.9582572 0.02998483 -0.2843311 0.9863287 0.01785784 -0.1638195 0.9990707 0.004610002 -0.04285544 0.9997597 0.002296805 -0.02180218 0.9989917 0.004921019 -0.04462414 0.9988051 0.004279196 -0.04868316 0.9862803 0.01797795 -0.1640976 0.9861763 0.01465177 -0.1650509 0.9580943 0.03159815 -0.2847051 0.9578726 0.02858209 -0.2857677 0.9430332 0.03645247 -0.3306959 0.9405981 0.03198468 -0.3380122 0.894625 0.04899364 -0.4441236 0.8914369 0.04299253 -0.451101 0.8364362 0.06010407 -0.5447586 0.8322553 0.05269241 -0.5518829 0.7633647 0.07084321 -0.6420713 0.7582361 0.06203883 -0.6490218 0.6789799 0.0804879 -0.7297315 0.6731429 0.0702874 -0.7361647 0.5830489 0.08913594 -0.8075326 0.5770998 0.07788491 -0.8129514 0.4813761 0.09619122 -0.8712201 0.4749323 0.08412408 -0.8759924 0.3739104 0.101814 -0.9218595 0.367448 0.08911991 -0.9257644 0.2642365 0.1059179 -0.9586243 0.2579916 0.09289783 -0.9616706 0.1531519 0.1086255 -0.9822144 0.1477749 0.09583455 -0.984367 0.02994966 0.1094602 -0.9935399 0.01976233 0.09863764 -0.9949272 0.9990847 -0.009860277 -0.04162573 0.9863472 -0.03410738 -0.1611088 0.9582629 -0.06571018 -0.2782345 0.9445315 -0.07119554 -0.3206115 0.8967013 -0.09658986 -0.431969 0.8390102 -0.1189101 -0.5309638 0.7665593 -0.1404978 -0.6266157 0.682666 -0.1597414 -0.7130567 0.5872541 -0.177514 -0.7896971 0.4856707 -0.192041 -0.8527862 0.3781971 -0.2039265 -0.9029845 0.2684078 -0.2129319 -0.9394772 0.1568924 -0.2200335 -0.9627928 0.0534541 -0.2206705 -0.9738826 0.9991111 -0.007888078 -0.04141008 0.9863628 -0.02797096 -0.1621916 0.9583046 -0.05025488 -0.281295 0.9449638 -0.0564053 -0.3222763 0.8973034 -0.07626819 -0.4347758 0.8397896 -0.09384781 -0.5347393 0.7676254 -0.1108303 -0.6312432 0.6838862 -0.1261252 -0.7186043 0.5882989 -0.1399167 -0.7964469 0.4868327 -0.151237 -0.8603032 0.3796645 -0.1603294 -0.9111254 0.2698051 -0.1670705 -0.9483104 0.158093 -0.1717845 -0.9723666 0.04087406 -0.1757133 -0.9835925 0.9989977 -0.006845057 -0.04423516 0.9862836 -0.02667903 -0.1628898 0.9580972 -0.04696595 -0.2825672 0.9431806 -0.05419462 -0.3278312 0.8948289 -0.07300752 -0.440399 0.8365499 -0.08960956 -0.5405132 0.763645 -0.1056177 -0.6369391 0.6794986 -0.119925 -0.7238091 0.5833587 -0.1328628 -0.801274 0.4817917 -0.1433588 -0.8644797 0.3744288 -0.1517184 -0.9147594 0.2646 -0.1578145 -0.9513577 0.1533976 -0.161771 -0.974833 0.04517519 -0.1646547 -0.9853162 0.99897 -0.006374955 -0.04492628 0.9862706 -0.02177965 -0.1636952 0.9580816 -0.04210269 -0.2833852 0.942783 -0.04633009 -0.3301725 0.8942548 -0.06260937 -0.4431574 0.8358964 -0.07689493 -0.5434744 0.7627757 -0.09066706 -0.6402755 0.678362 -0.1029868 -0.7274742 0.5824174 -0.1142725 -0.8048179 0.4807764 -0.1235344 -0.8680976 0.3732485 -0.1310285 -0.9184319 0.2633513 -0.1367274 -0.9549617 0.1524164 -0.1411326 -0.9781876 0.04627853 -0.1429893 -0.9886417 0.9990206 -0.005209565 -0.04394102 0.9862999 -0.01807576 -0.1639689 0.9581508 -0.03118759 -0.2845603 0.9434789 -0.03589153 -0.3294834 0.8952354 -0.04814398 -0.4429852 0.8371689 -0.05906367 -0.5437461 0.7642177 -0.06965899 -0.6411857 0.6798256 -0.07919847 -0.7290849 0.5841817 -0.0877096 -0.8068698 0.4827737 -0.09467321 -0.8706129 0.3752657 -0.100252 -0.92148 0.2653809 -0.1043404 -0.9584812 0.154168 -0.107074 -0.9822258 0.9997712 -0.002337574 -0.02126604 0.9991207 -0.004486799 -0.04168903 0.9863604 -0.01845443 -0.1635621 0.9583643 -0.03123104 -0.2838357 0.945139 -0.03625869 -0.3246499 0.8975075 -0.04887014 -0.438283 0.8400797 -0.06009519 -0.539124 0.7679417 -0.07093662 -0.6365797 0.6840964 -0.08079487 -0.724903 0.5887747 -0.08945494 -0.803332 0.4875175 -0.09657508 -0.8677558 0.3800487 -0.1022763 -0.9192946 0.2701098 -0.1063719 -0.9569356 0.1585435 -0.1088715 -0.9813312 0.03397959 -0.1095578 -0.9933995 -0.01877605 0.05520987 0.9982982 -0.03855943 -0.1125486 0.9928979 -0.00620675 -0.0577206 0.9983135 -0.183335 -0.05866867 0.9812983 -0.3070606 -0.05387371 0.950164 -0.4310711 -0.05680888 0.9005278 -0.9997674 -5.33114e-4 0.02156305 -0.9994246 -0.001205682 0.03389781 -0.9995552 -0.001896917 0.02976548 -0.987634 -0.003646969 0.156735 -0.9866381 -0.01046711 0.1625909 -0.9445126 -0.007561564 0.3283883 -0.9589342 -0.0184347 0.283029 -0.9009661 -0.009856104 0.4337778 -0.917162 -0.02496707 0.3977321 -0.8447365 -0.01196271 0.5350487 -0.8667176 -0.03196275 0.4977741 -0.8000183 -0.03760039 0.5987963 -0.715556 -0.04277867 0.6972444 -0.6272416 -0.04995048 0.7772214 -0.5308814 -0.05672532 0.8455457 -0.9993258 -0.00413084 0.03648138 -0.9994458 -0.003532052 0.03310209 -0.9992978 -0.003197014 0.03733509 -0.9994055 -0.001269102 0.03445458 -0.9995504 -1.20436e-4 0.02998781 -0.9991822 6.27926e-5 0.04043668 -0.9994056 0.001015305 0.03446108 -0.9993625 0.002019226 0.03564554 -0.9994003 0.002777636 0.03451812 -0.9992369 0.004295527 0.03882282 -0.999405 0.004603564 0.0341832 -0.9995107 0.005107045 0.03086096 -0.999334 0.006238758 0.03595405 -0.9992842 0.008003234 0.0369749 -0.9848084 0.02969849 0.1710863 -0.9826874 0.0375483 0.1814265 -0.9551927 0.05061995 0.2916241 -0.9511111 0.06333786 0.3022847 -0.9126102 0.06987041 0.4028162 -0.9074755 0.08476668 0.4114644 -0.8593414 0.08745437 0.5038693 -0.8535783 0.1052091 0.5102306 -0.79078 0.1045599 0.6031038 -0.785003 0.1250627 0.606737 -0.7075931 0.1208989 0.6962008 -0.7237929 0.1465582 0.6742734 -0.6690206 0.1579512 0.7262664 -0.6106482 0.1350434 0.7803027 -0.7755653 0.1304816 0.6176352 -0.5135326 0.1465094 0.8454698 -0.5035046 0.1589674 0.8492425 -0.4076778 0.1558588 0.899726 -0.3977538 0.1686966 0.9018501 -0.2919195 0.1636372 0.9423407 -0.3173279 0.1778463 0.9314901 -0.999462 -0.002678334 0.03269004 -0.9860816 -0.01662558 0.1654295 -0.9574528 -0.02884149 0.287145 -0.9158484 -0.03991371 0.3995358 -0.8636871 -0.05003112 0.5015392 -0.7963354 -0.05995756 0.6018763 -0.714598 -0.06931412 0.6960929 -0.6225605 -0.07758134 0.7787168 -0.5210244 -0.08428162 0.8493705 -0.4155597 -0.0896694 0.9051351 -0.3015946 -0.09349602 0.948841 -0.180639 -0.09574657 0.9788781 -0.02036416 -0.1023774 0.9945372 -0.17293 -0.1109125 0.9786694 -0.2936007 -0.107648 0.9498477 -0.4072446 -0.1028488 0.9075098 -0.5128026 -0.09667748 0.8530458 -0.6152379 -0.08877694 0.7833269 -0.7080311 -0.07952475 0.7016894 -0.7904983 -0.06897026 0.6085684 -0.8589912 -0.05765604 0.5087339 -0.9124163 -0.04608809 0.4066601 -0.9550469 -0.03338462 0.2945691 -0.9847317 -0.01960343 0.1729723 -0.985908 -0.01770305 0.1663491 -0.9844891 -0.01485896 0.1748157 -0.9571278 -0.030662 0.2880391 -0.9545983 -0.02525728 0.2968235 -0.9153383 -0.04270035 0.4004154 -0.9117896 -0.03507828 0.409157 -0.8630054 -0.0535922 0.5023443 -0.8583667 -0.04390925 0.5111542 -0.7956037 -0.0643022 0.6023954 -0.7896921 -0.05266559 0.6112388 -0.7141122 -0.07431036 0.696076 -0.7067366 -0.06076931 0.7048621 -0.6209152 -0.08319741 0.7794502 -0.6133832 -0.06778579 0.7868712 -0.5196928 -0.09078997 0.8495156 -0.5119665 -0.07408529 0.8558047 -0.4145196 -0.0967617 0.9048816 -0.4062066 -0.07906848 0.910354 -0.3006482 -0.1015795 0.9483103 -0.292352 -0.08334022 0.9526724 -0.179513 -0.1050204 0.9781339 -0.1716876 -0.08669704 0.9813293 -0.06609088 -0.1055262 0.9922178 -0.05182379 -0.08726257 0.9948365 -0.9854934 -0.006274819 0.1695975 -0.9563689 -0.01079511 0.2919625 -0.9143324 -0.01494997 0.4046885 -0.8615876 -0.01883542 0.5072594 -0.793879 -0.02266281 0.6076533 -0.7115501 -0.02617454 0.7021477 -0.6188906 -0.02899348 0.7849419 -0.517169 -0.03219217 0.8552777 -0.4118722 -0.03448694 0.9105889 -0.298035 -0.03664028 0.9538516 -0.1769486 -0.03850299 0.9834668 -0.03204888 -0.04152905 0.9986232 -0.9871102 -6.16214e-4 0.1600412 -0.9593861 -0.001096367 0.2820945 -0.9187585 -0.001613378 0.394817 -0.8676046 -0.002057254 0.4972504 -0.8015741 -0.002501368 0.5978903 -0.7210242 -0.00290811 0.6929039 -0.6289283 -0.003245711 0.7774567 -0.5275896 -0.003668546 0.8494915 -0.4228386 -0.003982245 0.9061964 -0.3096593 -0.004373729 0.9508376 -0.1882081 -0.004784882 0.9821175 -0.03871923 -0.005864977 0.999233 -0.01765066 0.057846 0.9981696 -0.1747559 0.05610162 0.9830122 -0.1845808 0.05463534 0.9812977 -0.2953018 0.05432057 0.9538586 -0.3057675 0.05312407 0.9506231 -0.4093609 0.05179327 0.9109013 -0.4192238 0.05081331 0.9064599 -0.5148424 0.04863411 0.8559042 -0.5245589 0.04767042 0.8500386 -0.6167241 0.04461145 0.7859144 -0.6258789 0.04373478 0.7786931 -0.7093792 0.0399453 0.7036943 -0.7181151 0.03902781 0.6948291 -0.7921743 0.03457933 0.6093146 -0.7991192 0.03371316 0.6002265 -0.8602216 0.0288878 0.5091017 -0.8656793 0.02809649 0.4998101 -0.9132335 0.02307063 0.4067831 -0.9174244 0.02234447 0.3972823 -0.9556311 0.01665103 0.2940952 -0.9585335 0.01604217 0.2845283 -0.9850778 0.009725689 0.171835 -0.9866527 0.009171485 0.1625806 -0.9995132 0.001752316 0.03115314 -0.983968 0.01961648 0.1772638 -0.9854957 0.0226612 0.1681807 -0.9537193 0.03307253 0.298874 -0.9564055 0.03895497 0.2894322 -0.9106509 0.04540705 0.4106742 -0.914357 0.05399304 0.401293 -0.8567141 0.05667304 0.5126686 -0.8615965 0.06758326 0.5030747 -0.7876149 0.06768769 0.6124389 -0.7938889 0.08085668 0.602663 -0.7044807 0.07795846 0.7054287 -0.7116087 0.09342992 0.6963362 -0.611034 0.08695971 0.7868134 -0.6189697 0.1047129 0.7784033 -0.5094878 0.09447973 0.8552753 -0.5172925 0.1134775 0.848252 -0.4037105 0.1004278 0.9093581 -0.4118276 0.1206076 0.9032452 -0.2897357 0.1049901 0.9513309 -0.2980001 0.1257837 0.9462423 -0.1692268 0.1080145 0.9796404 -0.1768808 0.1289085 0.975754 -0.02873843 0.1092619 0.9935975 -0.03230947 0.1283296 0.9912052 -0.9866274 0.02662175 0.1608037 -0.9584933 0.04655838 0.2812882 -0.917384 0.06490278 0.3926756 -0.8657424 0.08159261 0.4937944 -0.79891 0.0980162 0.5934103 -0.7180118 0.1134198 0.6867278 -0.6259362 0.1270796 0.769451 -0.5244837 0.1386299 0.8400588 -0.419232 0.1477609 0.8957741 -0.3057528 0.1547201 0.9394558 -0.1842646 0.159438 0.9698589 -0.03225988 0.1616582 0.9863194 -0.9835277 2.94425e-4 0.1807579 -0.9529934 4.92812e-4 0.3029908 -0.9096506 6.19071e-4 0.4153741 -0.8555403 7.68912e-4 0.5177357 -0.7862482 8.97769e-4 0.6179102 -0.7027328 0.001026391 0.7114532 -0.609058 0.001155376 0.7931249 -0.5069535 0.001199603 0.8619727 -0.4015377 0.001239001 0.9158417 -0.2879136 0.001200437 0.9576557 -0.1674458 0.001120269 0.9858807 -0.03150236 7.79496e-4 0.9995034 -0.9854972 0.004949986 0.1696195 -0.9564011 0.008530259 0.2919319 -0.9143584 0.0118364 0.4047328 -0.8616223 0.01474928 0.5073359 -0.7937416 0.01756769 0.6080014 -0.7120011 0.02022033 0.7018871 -0.619198 0.02295953 0.7848991 -0.5172442 0.02438169 0.8554905 -0.4115022 0.02573013 0.9110455 -0.2979617 0.02636259 0.9542139 -0.1769399 0.02636492 0.9838685 -0.02551144 0.02677649 0.9993159 -0.9854459 0.01376312 0.1694315 -0.9563118 0.02358186 0.2913959 -0.9141788 0.03239184 0.4040149 -0.8614536 0.04048138 0.5062204 -0.793473 0.04835581 0.6066816 -0.7113566 0.05591505 0.7006036 -0.6188507 0.06252932 0.7830159 -0.5171518 0.06753993 0.8532248 -0.4115471 0.07158154 0.9085731 -0.2976059 0.07417297 0.9518031 -0.1767622 0.07532167 0.9813673 -0.05008494 0.0812633 0.9954335 -0.9994608 0.002968132 0.03270149 -0.9860665 0.01760482 0.1654174 -0.957436 0.03092384 0.2869843 -0.9158635 0.04321277 0.3991577 -0.8635757 0.05444741 0.5012709 -0.7962611 0.06532353 0.6014161 -0.7146765 0.07552659 0.6953656 -0.6220989 0.08454155 0.778361 -0.5207184 0.09218156 0.8487374 -0.4155256 0.09820783 0.9042643 -0.3017192 0.1029279 0.9478247 -0.1804216 0.1061775 0.9778417 -0.04308468 0.1086325 0.9931479 -0.167494 0.1676767 0.9715093 -0.03898912 0.1693595 0.9847828 -0.05457794 0.2019321 0.9778777 -0.151455 0.1971384 0.9686062 -0.06295973 0.2026566 0.9772239 -0.9998862 0.00933218 0.01186126 -0.4387249 0.4059002 0.8017266 -0.3265425 0.4291388 0.842146 -0.3485218 0.4934324 0.7969048 -0.4435706 0.4824034 0.7553358 -0.52068 0.4696898 0.7129404 -0.5193863 0.3887871 0.7609747 -0.9993732 0.03004634 -0.01872313 -0.4896734 0.6029453 0.629823 -0.9830965 0.05264991 -0.1753548 -0.980816 0.04331815 -0.1900622 -0.9763091 0.02590894 -0.2148241 -0.9723148 0.01061767 -0.2334334 -0.9917226 0.0755099 -0.1038494 -0.9921534 0.1134926 -0.05245053 -0.9861613 0.06849902 -0.1509762 -0.9880244 0.07267618 -0.13611 -0.9923356 0.1129975 -0.05001723 -0.9877609 0.144435 -0.05888074 -0.9890494 0.1122502 -0.09581857 -0.964615 0.2495513 0.08510094 -0.9728136 0.2269308 0.04621982 -0.9810467 0.1937714 3.11383e-4 -0.82781 0.4521352 0.332121 -0.881661 0.3893859 0.2665572 -0.9267761 0.3288802 0.1814494 -0.9050959 0.3674641 0.2139427 -0.9462034 0.2980332 0.1259983 -0.4466492 0.5745029 0.6858943 -0.5215551 0.5535872 0.6492469 -0.6054826 0.5247222 0.5983791 -0.6875793 0.4882141 0.5374772 -0.7625123 0.4454302 0.4692197 -0.8271825 0.3978081 0.3968852 -0.04313313 0.6481923 0.7602541 -0.03640592 0.6146624 0.7879498 -0.009949684 0.5999085 0.8000067 -0.9351997 0.180797 0.3044899 -0.9480435 0.2088837 0.2399611 -0.9708077 0.1297616 0.2017285 -0.9759956 0.1546334 0.1533668 -0.9954203 0.06609493 0.06906574 -0.9950055 0.08955115 0.04410004 -0.9982627 0.04818868 -0.03390526 -0.9472419 0.2767896 0.1616181 -0.9889148 0.1483752 0.005692064 -0.9947177 0.1020294 -0.01126492 -0.9955466 0.05835473 -0.07403832 -0.971072 0.1998811 0.1306405 -0.9484516 0.2474744 0.1979797 -0.9201116 0.2916038 0.2614613 -0.8798898 0.3441275 0.3276739 0.5489642 0.4946957 0.6737318 -0.6027566 0.3662797 0.7088891 -0.6043738 0.4438294 0.6616252 -0.6846312 0.3382799 0.6456369 -0.6861281 0.4114649 0.5999375 -0.7600088 0.3057159 0.5735194 -0.7616119 0.3734839 0.5295819 -0.8249826 0.2703018 0.4963274 -0.8267892 0.3317514 0.4542693 -0.8775921 0.2341079 0.4183607 -0.8792091 0.2890864 0.3787089 -0.9191287 0.247547 0.3064684 -0.04988074 0.5685287 0.8211498 -0.3478669 0.5939934 0.7253692 -0.7361925 0.4230672 0.5282374 -0.2529321 0.4937981 0.8319789 -0.2332183 0.4348387 0.8697842 -0.06685823 0.5321276 0.8440203 -0.1021134 0.4465283 0.8889238 -0.04214417 0.5214498 0.8522406 -0.02113968 0.445975 0.8947958 -0.2405809 0.6060262 0.7581908 -0.01640099 0.2782844 0.9603588 -0.3453083 0.282654 0.8949128 -0.3963005 0.2282227 0.8893034 -0.43549 0.2717741 0.8581884 -0.5155758 0.2589356 0.8167828 -0.8287456 0.1532418 0.538236 -0.0660507 0.2724893 0.9598891 -0.03428328 0.3594514 0.9325338 -0.2325512 0.3583831 0.9041469 -0.3460729 0.345465 0.8722887 -0.4371099 0.3325632 0.8356655 -0.517154 0.31778 0.7947123 -0.5998461 0.2986052 0.742307 -0.6779374 0.2147377 0.7030566 -0.6813641 0.2748863 0.6783661 -0.7524302 0.192897 0.6297933 -0.7566031 0.2475064 0.6052209 -0.8175088 0.1692408 0.550488 -0.8215604 0.2179123 0.5268329 -0.8708217 0.1450957 0.4696986 -0.8745078 0.1876703 0.4472315 -0.9284323 0.104023 0.3566411 -0.9229471 0.1519473 0.3536679 -0.9640021 0.07577413 0.2548695 -0.9671565 0.1050496 0.2314583 -0.9930474 0.03477627 0.1124613 -0.9949359 0.0483281 0.08812993 -0.9998453 0.0175361 0.0014683</float_array>
          <technique_common>
            <accessor source="#Helice_010-mesh-normals-array" count="3446" stride="3">
              <param name="X" type="float" />
              <param name="Y" type="float" />
              <param name="Z" type="float" />
            </accessor>
          </technique_common>
        </source>
        <source id="Helice_010-mesh-map-0">
          <float_array id="Helice_010-mesh-map-0-array" count="36552">0.5105064 0.2564342 0.510508 0.2564169 0.5105102 0.2563985 0.5105102 0.2563985 0.510508 0.2564169 0.5105101 0.2563995 0.3789458 0.9720678 0.3789458 0.9720669 0.3789458 0.9721366 0.2495485 0.9721366 0.2495485 0.9720669 0.2495489 0.9721296 0.5105228 0.4053326 0.5105212 0.4053258 0.510531 0.4053636 0.510531 0.4053636 0.5105212 0.4053258 0.5105352 0.4053779 0.5105312 0.2563 0.5105354 0.2562857 0.510556 0.2562265 0.510556 0.2562265 0.5105354 0.2562857 0.510556 0.2562265 0.5105557 0.4054371 0.5105557 0.405437 0.5105797 0.4054937 0.5105797 0.4054937 0.5105557 0.405437 0.5105917 0.4055191 0.51058 0.2561699 0.5105921 0.2561446 0.5106374 0.2560607 0.5106374 0.2560607 0.5105921 0.2561446 0.5105977 0.2561334 0.5083417 0.9721074 0.508342 0.9720669 0.508342 0.9721332 0.6377395 0.9721331 0.6377395 0.9720668 0.6377399 0.9721031 0.9780607 0.9704711 0.9780308 0.970471 0.9780786 0.970471 0.5083409 0.9907212 0.5083409 0.9907344 0.5083409 0.9907095 0.3789453 0.9907095 0.3789453 0.9907344 0.3789452 0.9907182 0.1201539 0.9907488 0.1201537 0.9907574 0.1201539 0.9907193 0.1201539 0.9907193 0.1201537 0.9907574 0.1201537 0.9907096 0.9780728 0.32349 0.9780788 0.32349 0.9780308 0.3234901 0.9780308 0.3234901 0.9780788 0.32349 0.9780848 0.3234901 0.978043 0.4528865 0.9780845 0.4528867 0.9780411 0.4528866 0.9780411 0.4528866 0.9780845 0.4528867 0.9780308 0.4528867 0.978043 0.4528865 0.9780514 0.4528865 0.9780845 0.4528867 0.9780845 0.4528867 0.9780514 0.4528865 0.9780651 0.4528865 0.9780845 0.4528867 0.9780651 0.4528865 0.9780704 0.4528865 0.9780704 0.4528865 0.9780784 0.4528866 0.9780845 0.4528867 0.5107328 0.4057474 0.5107293 0.4057425 0.5107316 0.4057457 0.5107328 0.4057474 0.5107316 0.4057457 0.5107377 0.4057539 0.5107377 0.4057539 0.5107383 0.4057548 0.5107328 0.4057474 0.9780308 0.3234901 0.9780399 0.32349 0.9780488 0.32349 0.9780308 0.3234901 0.9780488 0.32349 0.9780555 0.3234899 0.9780555 0.3234899 0.9780616 0.3234899 0.9780308 0.3234901 0.9780308 0.3234901 0.9780616 0.3234899 0.9780669 0.32349 0.9780308 0.3234901 0.9780669 0.32349 0.9780728 0.32349 0.5083409 0.9907212 0.5083409 0.9907233 0.5083409 0.9907344 0.9780419 0.582283 0.9780308 0.5822829 0.9780844 0.5822829 0.9780307 0.8410754 0.9780732 0.8410753 0.9780789 0.8410754 0.9780735 0.7116793 0.9780675 0.7116793 0.9780791 0.7116792 0.9780365 0.1940933 0.9780791 0.1940933 0.9780746 0.1940934 0.9780746 0.1940934 0.9780693 0.1940934 0.9780365 0.1940933 0.9780365 0.1940933 0.9780693 0.1940934 0.978064 0.1940934 0.9780365 0.1940933 0.978064 0.1940934 0.9780578 0.1940934 0.9780578 0.1940934 0.9780501 0.1940934 0.9780365 0.1940933 0.9780365 0.1940933 0.9780501 0.1940934 0.9780405 0.1940934 0.5107369 0.2559117 0.5107392 0.2559086 0.5107335 0.2559163 0.9780675 0.7116793 0.9780549 0.7116793 0.9780791 0.7116792 0.9780791 0.7116792 0.9780549 0.7116793 0.9780415 0.7116793 0.9780791 0.7116792 0.9780415 0.7116793 0.9780309 0.7116792 0.9780848 0.3234901 0.9780862 0.3234901 0.9780308 0.3234901 0.9780308 0.3234901 0.9780862 0.3234901 0.9780862 0.3234901 0.9780308 0.1940932 0.9780862 0.1940932 0.9780365 0.1940933 0.9780365 0.1940933 0.9780862 0.1940932 0.9780843 0.1940932 0.9780365 0.1940933 0.9780843 0.1940932 0.9780791 0.1940933 0.5105977 0.2561334 0.5106251 0.2560821 0.5106374 0.2560607 0.5106374 0.2560607 0.5106251 0.2560821 0.510637 0.2560614 0.8965343 0.9720678 0.8965343 0.9720668 0.8965343 0.9721267 0.7671372 0.9721266 0.7671372 0.9720668 0.7671375 0.9720982 0.5083417 0.9720953 0.508342 0.9720669 0.5083417 0.9721058 0.5083417 0.9721058 0.508342 0.9720669 0.5083417 0.9721074 0.5105066 0.2565254 0.5105057 0.2565132 0.5105064 0.2564342 0.5105064 0.2564342 0.5105057 0.2565132 0.5105064 0.2564342 0.5105063 0.4052294 0.5105063 0.4052294 0.5105078 0.4052467 0.5105872 0.5974016 0.5105846 0.5974037 0.5105803 0.5970993 0.5105803 0.5970993 0.5105846 0.5974037 0.5105439 0.5974425 0.5105803 0.5970993 0.5105439 0.5974425 0.5105415 0.5971097 0.5105415 0.5971097 0.5105439 0.5974425 0.5105187 0.5974785 0.5105415 0.5971097 0.5105187 0.5974785 0.5105174 0.5971199 0.5105174 0.5971199 0.5105187 0.5974785 0.5105171 0.5974817 0.5105174 0.5971199 0.5105171 0.5974817 0.5105056 0.5971311 0.5105056 0.5971311 0.5105171 0.5974817 0.5105069 0.5975144 0.5105056 0.5971311 0.5105069 0.5975144 0.5105063 0.5975194 0.5105872 0.5974016 0.5105803 0.5970993 0.5106242 0.5973735 0.5106242 0.5973735 0.5105803 0.5970993 0.5106388 0.5970882 0.5106242 0.5973735 0.5106388 0.5970882 0.5106399 0.5973625 0.5106896 0.5973268 0.5106802 0.597334 0.5106388 0.5970882 0.5106896 0.5973268 0.5106388 0.5970882 0.5106949 0.5973227 0.5107153 0.5973022 0.5107124 0.597306 0.5106388 0.5970882 0.5107206 0.5970768 0.5107213 0.5972865 0.5106388 0.5970882 0.5106388 0.5970882 0.5107213 0.5972865 0.5107212 0.5972887 0.5106388 0.5970882 0.5107212 0.5972887 0.5107207 0.5972911 0.5107207 0.5972911 0.5107198 0.5972938 0.5106388 0.5970882 0.5106388 0.5970882 0.5107198 0.5972938 0.5107182 0.5972974 0.5106388 0.5970882 0.5107182 0.5972974 0.5107153 0.5973022 0.5107124 0.597306 0.5107091 0.5973096 0.5106388 0.5970882 0.5106388 0.5970882 0.5107091 0.5973096 0.5107029 0.5973158 0.5106388 0.5970882 0.5107029 0.5973158 0.5106949 0.5973227 0.5106802 0.597334 0.5106719 0.59734 0.5106388 0.5970882 0.5106388 0.5970882 0.5106719 0.59734 0.5106518 0.5973541 0.5106388 0.5970882 0.5106518 0.5973541 0.5106399 0.5973625 0.5125698 0.5971962 0.5123597 0.5972023 0.512359 0.5969926 0.511417 0.5972409 0.5107213 0.5972865 0.5114163 0.5970312 0.5114163 0.5970312 0.5107213 0.5972865 0.5107206 0.5970768 0.512359 0.5969926 0.5123597 0.5972023 0.5114163 0.5970312 0.5114163 0.5970312 0.5123597 0.5972023 0.5117936 0.5972229 0.5114163 0.5970312 0.5117936 0.5972229 0.511417 0.5972409 0.5125698 0.5971962 0.512359 0.5969926 0.5136683 0.5971732 0.5136683 0.5971732 0.512359 0.5969926 0.5136675 0.5969635 0.5136683 0.5971732 0.5136675 0.5969635 0.516491 0.5971222 0.516491 0.5971222 0.5136675 0.5969635 0.5173781 0.5968939 0.516491 0.5971222 0.5173781 0.5968939 0.5173788 0.5971036 0.5173788 0.5971036 0.5173781 0.5968939 0.519133 0.5970615 0.519133 0.5970615 0.5173781 0.5968939 0.520562 0.596813 0.519133 0.5970615 0.520562 0.596813 0.5205628 0.5970227 0.5205628 0.5970227 0.520562 0.596813 0.5219402 0.596987 0.5219402 0.596987 0.520562 0.596813 0.5229357 0.5967561 0.5219402 0.596987 0.5229357 0.5967561 0.5229364 0.5969658 0.5229364 0.5969658 0.5229357 0.5967561 0.5246365 0.5969316 0.5246365 0.5969316 0.5229357 0.5967561 0.5257173 0.5966978 0.5246365 0.5969316 0.5257173 0.5966978 0.525718 0.5969076 0.525718 0.5969076 0.5257173 0.5966978 0.5267436 0.5968835 0.5267436 0.5968835 0.5257173 0.5966978 0.5274112 0.5966553 0.5267436 0.5968835 0.5274112 0.5966553 0.5274119 0.596865 0.5274119 0.596865 0.5274112 0.5966553 0.5281087 0.5968416 0.5281087 0.5968416 0.5274112 0.5966553 0.5293589 0.5965888 0.5281087 0.5968416 0.5293589 0.5965888 0.5293596 0.5967985 0.5293596 0.5967985 0.5293589 0.5965888 0.5299578 0.5967851 0.5299578 0.5967851 0.5293589 0.5965888 0.5303391 0.59657 0.5299578 0.5967851 0.5303391 0.59657 0.5303398 0.5967797 0.5303398 0.5967797 0.5303391 0.59657 0.5310804 0.5967735 0.5310804 0.5967735 0.5303391 0.59657 0.5320776 0.5965587 0.5310804 0.5967735 0.5320776 0.5965587 0.5320783 0.5967684 0.5320783 0.5967684 0.5320776 0.5965587 0.5338994 0.5965526 0.5320783 0.5967684 0.5338994 0.5965526 0.5339002 0.5967623 0.535193 0.5965585 0.5351937 0.5967682 0.5338994 0.5965526 0.5338994 0.5965526 0.5351937 0.5967682 0.5342055 0.5967623 0.5338994 0.5965526 0.5342055 0.5967623 0.5339002 0.5967623 0.5392927 0.5966724 0.5365863 0.5967979 0.5365856 0.5965882 0.5365856 0.5965882 0.5365863 0.5967979 0.5364189 0.5967933 0.5365856 0.5965882 0.5364189 0.5967933 0.535193 0.5965585 0.535193 0.5965585 0.5364189 0.5967933 0.5352913 0.5967695 0.535193 0.5965585 0.5352913 0.5967695 0.5351937 0.5967682 0.5405116 0.5969094 0.5402228 0.5969052 0.5402221 0.5966954 0.5402221 0.5966954 0.5402228 0.5969052 0.5398198 0.5968966 0.5402221 0.5966954 0.5398198 0.5968966 0.5392927 0.5966724 0.5392927 0.5966724 0.5398198 0.5968966 0.5392934 0.5968821 0.5392927 0.5966724 0.5392934 0.5968821 0.5365863 0.5967979 0.5405116 0.5969094 0.5402221 0.5966954 0.5409568 0.5969116 0.5409568 0.5969116 0.5402221 0.5966954 0.5409561 0.5967018 0.5409568 0.5969116 0.5409561 0.5967018 0.5416889 0.5966921 0.542874 0.5966548 0.5425164 0.596877 0.5416889 0.5966921 0.5416889 0.5966921 0.5425164 0.596877 0.5416896 0.5969018 0.5416889 0.5966921 0.5416896 0.5969018 0.5409568 0.5969116 0.5438843 0.5968344 0.5430529 0.5968584 0.542874 0.5966548 0.542874 0.5966548 0.5430529 0.5968584 0.5428747 0.5968645 0.542874 0.5966548 0.5428747 0.5968645 0.5425164 0.596877 0.542874 0.5966548 0.5438836 0.5966247 0.5438843 0.5968344 0.5438843 0.5968344 0.5438836 0.5966247 0.5445067 0.5966166 0.5438843 0.5968344 0.5445067 0.5966166 0.5445074 0.5968263 0.5445074 0.5968263 0.5445067 0.5966166 0.544952 0.5966189 0.5445074 0.5968263 0.544952 0.5966189 0.5449528 0.5968286 0.5143023 0.254559 0.5134801 0.2546943 0.5136403 0.2546645 0.5119795 0.2551293 0.5122195 0.255034 0.5126347 0.2548964 0.5126332 0.4067691 0.5122181 0.4066311 0.512755 0.406804 0.5126347 0.2548964 0.5127565 0.2548615 0.5129548 0.2548094 0.5129548 0.2548094 0.5127565 0.2548615 0.5129548 0.2548094 0.5129548 0.2548094 0.5129548 0.2548094 0.5134801 0.2546943 0.5134801 0.2546943 0.5129548 0.2548094 0.5132528 0.2547405 0.5134784 0.4069719 0.5132512 0.4069256 0.5136386 0.4070019 0.675044 0.9338842 0.675044 0.9338842 0.6750323 0.9342215 0.6750323 0.9342215 0.675044 0.9338842 0.6750444 0.9345322 0.5110315 0.2556626 0.5112888 0.255488 0.511349 0.2554507 0.511348 0.4062136 0.5112878 0.4061763 0.5114948 0.4062992 0.511349 0.2554507 0.5114958 0.2553653 0.5119795 0.2551293 0.5119795 0.2551293 0.5114958 0.2553653 0.5119794 0.2551293 0.5119782 0.4065356 0.5119781 0.4065355 0.5122181 0.4066311 0.5448059 0.2547138 0.5448059 0.2547138 0.5441796 0.2546806 0.5441796 0.2546806 0.5448059 0.2547138 0.5442183 0.2546834 0.5441778 0.4070132 0.5442166 0.4070104 0.5432825 0.4071001 0.5432842 0.254593 0.5442183 0.2546834 0.5432842 0.254593 0.5432842 0.254593 0.5432842 0.254593 0.5426374 0.2545089 0.8809311 0.4773537 0.8802788 0.477347 0.8820843 0.4773464 0.5426374 0.2545089 0.5414963 0.2543411 0.5414963 0.2543411 0.5414963 0.2543411 0.5414963 0.2543411 0.5382781 0.2538723 0.5414963 0.2543411 0.5382781 0.2538723 0.5382781 0.2538723 0.5382781 0.2538723 0.5382781 0.2538723 0.5369647 0.2537052 0.5348699 0.2535668 0.5350404 0.2535727 0.5350885 0.2535744 0.5350858 0.4081112 0.5350378 0.408113 0.5359981 0.4080644 0.5350885 0.2535744 0.5360007 0.2536221 0.5369647 0.2537052 0.5369647 0.2537052 0.5360007 0.2536221 0.5369647 0.2537052 0.5369647 0.2537052 0.5369647 0.2537052 0.5382781 0.2538723 0.5350885 0.2535744 0.5348699 0.2535668 0.5348699 0.2535668 0.5348699 0.2535668 0.5348699 0.2535668 0.5306934 0.2534322 0.5348699 0.2535668 0.5306934 0.2534322 0.5306934 0.2534322 0.5306934 0.2534322 0.5306934 0.2534322 0.5294029 0.2534177 0.5306934 0.2534322 0.5294029 0.2534177 0.5294029 0.2534177 0.5294029 0.2534177 0.5294029 0.2534177 0.5268745 0.2534903 0.5294029 0.2534177 0.5268745 0.2534903 0.5268745 0.2534903 0.5268745 0.2534903 0.5268745 0.2534903 0.525763 0.2535094 0.5268718 0.408188 0.5257603 0.4081679 0.5242703 0.4081311 0.524273 0.2535449 0.525763 0.2535094 0.5240355 0.253557 0.524273 0.2535449 0.5240355 0.253557 0.5240355 0.253557 0.5240355 0.253557 0.5240355 0.253557 0.5238946 0.2535655 0.5240328 0.4081187 0.5238919 0.4081101 0.5224029 0.4079869 0.5224055 0.2536873 0.5238946 0.2535655 0.5213911 0.2537735 0.5224055 0.2536873 0.5213911 0.2537735 0.5195804 0.2539045 0.5213911 0.2537735 0.5199688 0.2538776 0.5195804 0.2539045 0.5195804 0.2539045 0.5199688 0.2538776 0.5195804 0.2539045 0.5195804 0.2539045 0.5195804 0.2539045 0.5195568 0.2539062 0.5195568 0.2539062 0.5195804 0.2539045 0.5185368 0.2539921 0.5136403 0.2546645 0.5143023 0.254559 0.5143023 0.254559 0.5143023 0.254559 0.5143023 0.254559 0.5172376 0.2541573 0.5143023 0.254559 0.5172376 0.2541573 0.5172376 0.2541573 0.5172376 0.2541573 0.5172376 0.2541573 0.5175973 0.2541068 0.5172376 0.2541573 0.5175973 0.2541068 0.5185368 0.2539921 0.5185345 0.4076787 0.5175951 0.4075632 0.5185739 0.4076827 0.5185368 0.2539921 0.5185762 0.2539881 0.5195568 0.2539062 0.5418803 0.4062987 0.5426065 0.4069744 0.5410153 0.4063311 0.5410153 0.4063311 0.5426065 0.4069744 0.5402355 0.4073175 0.5410153 0.4063311 0.5402355 0.4073175 0.5409248 0.4063282 0.5409248 0.4063282 0.5402355 0.4073175 0.5401898 0.4062609 0.5418803 0.4062987 0.5420739 0.4062778 0.5426065 0.4069744 0.5426065 0.4069744 0.5420739 0.4062778 0.5431337 0.4060986 0.5426065 0.4069744 0.5431337 0.4060986 0.5434646 0.4060301 0.5151919 0.4070172 0.5136762 0.4067941 0.5158523 0.4066321 0.5445066 0.4067813 0.5441625 0.4068027 0.5442514 0.4065396 0.5442514 0.4065396 0.5441625 0.4068027 0.5426065 0.4069744 0.5442514 0.4065396 0.5426065 0.4069744 0.544031 0.4062447 0.544031 0.4062447 0.5426065 0.4069744 0.5434646 0.4060301 0.544031 0.4062447 0.5434646 0.4060301 0.5438782 0.4059479 0.5151919 0.4070172 0.5158523 0.4066321 0.517624 0.4073539 0.517624 0.4073539 0.5158523 0.4066321 0.5181934 0.4063943 0.517624 0.4073539 0.5181934 0.4063943 0.5185952 0.4074726 0.5369357 0.4077727 0.5384283 0.4058538 0.538829 0.407521 0.538829 0.407521 0.5384283 0.4058538 0.5392316 0.4060724 0.538829 0.407521 0.5392316 0.4060724 0.5402355 0.4073175 0.5402355 0.4073175 0.5392316 0.4060724 0.5398866 0.4062123 0.5402355 0.4073175 0.5398866 0.4062123 0.5401898 0.4062609 0.5185952 0.4074726 0.5181934 0.4063943 0.5195697 0.4075549 0.5195697 0.4075549 0.5181934 0.4063943 0.5189729 0.4062973 0.5195697 0.4075549 0.5189729 0.4062973 0.5224219 0.4077766 0.530263 0.4047387 0.5308204 0.4080338 0.5299007 0.4047792 0.5299007 0.4047792 0.5308204 0.4080338 0.5298137 0.408055 0.5189729 0.4062973 0.5209558 0.4060073 0.5224219 0.4077766 0.5224219 0.4077766 0.5209558 0.4060073 0.5222791 0.4058189 0.5224219 0.4077766 0.5222791 0.4058189 0.5242802 0.4079201 0.5242802 0.4079201 0.5222791 0.4058189 0.5250077 0.4055461 0.5242802 0.4079201 0.5250077 0.4055461 0.5262182 0.4079637 0.5262182 0.4079637 0.5250077 0.4055461 0.5253611 0.4055074 0.5262182 0.4079637 0.5253611 0.4055074 0.5288047 0.408037 0.5288047 0.408037 0.5253611 0.4055074 0.5273277 0.4052712 0.5288047 0.408037 0.5273277 0.4052712 0.5298137 0.408055 0.5298137 0.408055 0.5273277 0.4052712 0.5288435 0.4049964 0.5298137 0.408055 0.5288435 0.4049964 0.5299007 0.4047792 0.530263 0.4047387 0.5308504 0.4047188 0.5308204 0.4080338 0.5308204 0.4080338 0.5308504 0.4047188 0.5328583 0.4047554 0.5308204 0.4080338 0.5328583 0.4047554 0.5350302 0.407902 0.5350302 0.407902 0.5328583 0.4047554 0.5336191 0.4047803 0.5350302 0.407902 0.5336191 0.4047803 0.5341338 0.4048061 0.5341338 0.4048061 0.5347586 0.4048641 0.5350302 0.407902 0.5350302 0.407902 0.5347586 0.4048641 0.5349552 0.4048925 0.5350302 0.407902 0.5349552 0.4048925 0.5359838 0.4078537 0.5359838 0.4078537 0.5349552 0.4048925 0.5358405 0.4050891 0.5359838 0.4078537 0.5358405 0.4050891 0.5369357 0.4077727 0.5369357 0.4077727 0.5358405 0.4050891 0.5373802 0.4055413 0.5369357 0.4077727 0.5373802 0.4055413 0.5384283 0.4058538 0.5412612 0.2545409 0.5433986 0.2548401 0.544032 0.2554491 0.544032 0.2554491 0.5433986 0.2548401 0.5442526 0.2551544 0.5442526 0.2551544 0.5433986 0.2548401 0.5442018 0.2549151 0.5442526 0.2551544 0.5442018 0.2549151 0.5444836 0.2549327 0.5368882 0.2539308 0.538785 0.2541825 0.5437594 0.2561299 0.5437594 0.2561299 0.538785 0.2541825 0.5412612 0.2545409 0.5437594 0.2561299 0.5412612 0.2545409 0.5438659 0.2557775 0.5438659 0.2557775 0.5412612 0.2545409 0.544032 0.2554491 0.5437157 0.2564954 0.5437361 0.2568629 0.5274986 0.2592127 0.5438201 0.2572213 0.5439651 0.2575596 0.5429431 0.2583584 0.5429431 0.2583584 0.5439651 0.2575596 0.5441666 0.2578677 0.5429431 0.2583584 0.5441666 0.2578677 0.5439583 0.2585321 0.5439583 0.2585321 0.5441666 0.2578677 0.5444185 0.2581361 0.5439583 0.2585321 0.5444185 0.2581361 0.5445823 0.2585589 0.5445823 0.2585589 0.5444185 0.2581361 0.5447133 0.2583567 0.5445823 0.2585589 0.5447133 0.2583567 0.5450266 0.2585166 0.5127006 0.2551191 0.513524 0.2549223 0.5437157 0.2564954 0.5437157 0.2564954 0.513524 0.2549223 0.5147232 0.2547349 0.5437157 0.2564954 0.5147232 0.2547349 0.5167484 0.254462 0.5167484 0.254462 0.5185605 0.2542232 0.5437157 0.2564954 0.5437157 0.2564954 0.5185605 0.2542232 0.5199846 0.2541094 0.5437157 0.2564954 0.5199846 0.2541094 0.5214097 0.254005 0.5214097 0.254005 0.5239092 0.2537973 0.5437157 0.2564954 0.5437157 0.2564954 0.5239092 0.2537973 0.5257661 0.2537416 0.5437157 0.2564954 0.5257661 0.2537416 0.528362 0.2536789 0.528362 0.2536789 0.5293452 0.253651 0.5437157 0.2564954 0.5437157 0.2564954 0.5293452 0.253651 0.5303272 0.2536539 0.5437157 0.2564954 0.5303272 0.2536539 0.5437594 0.2561299 0.5437594 0.2561299 0.5303272 0.2536539 0.5350797 0.2538066 0.5437594 0.2561299 0.5350797 0.2538066 0.5368882 0.2539308 0.5274986 0.2592127 0.5257971 0.2589827 0.5437157 0.2564954 0.5437157 0.2564954 0.5257971 0.2589827 0.5230059 0.258693 0.5437157 0.2564954 0.5230059 0.258693 0.5206223 0.2583916 0.5114386 0.2572361 0.5107335 0.2569275 0.5106493 0.2568448 0.5206223 0.2583916 0.5174241 0.2579517 0.5115893 0.2555792 0.5115893 0.2555792 0.5174241 0.2579517 0.5137023 0.2576273 0.5115893 0.2555792 0.5137023 0.2576273 0.5111687 0.25585 0.5111687 0.25585 0.5137023 0.2576273 0.5123888 0.2574782 0.5111687 0.25585 0.5123888 0.2574782 0.5105606 0.2563553 0.5105606 0.2563553 0.5123888 0.2574782 0.5114386 0.2572361 0.5393621 0.2584231 0.532181 0.25969 0.5304421 0.2597006 0.5206223 0.2583916 0.5115893 0.2555792 0.5437157 0.2564954 0.5437157 0.2564954 0.5115893 0.2555792 0.5120849 0.255337 0.5437157 0.2564954 0.5120849 0.255337 0.5127006 0.2551191 0.532181 0.25969 0.5393621 0.2584231 0.5340021 0.2596352 0.5340021 0.2596352 0.5393621 0.2584231 0.536677 0.2592149 0.5340021 0.2596352 0.536677 0.2592149 0.5352928 0.2595185 0.5429431 0.2583584 0.541751 0.2581402 0.5438201 0.2572213 0.5438201 0.2572213 0.541751 0.2581402 0.5410169 0.2581065 0.5438201 0.2572213 0.5410169 0.2581065 0.5437361 0.2568629 0.5437361 0.2568629 0.5410169 0.2581065 0.5402852 0.2581957 0.5437361 0.2568629 0.5402852 0.2581957 0.5274986 0.2592127 0.5274986 0.2592127 0.5402852 0.2581957 0.5393621 0.2584231 0.5274986 0.2592127 0.5393621 0.2584231 0.5294588 0.2596113 0.5294588 0.2596113 0.5393621 0.2584231 0.5304421 0.2597006 0.5106493 0.2568448 0.5105883 0.2567638 0.5114386 0.2572361 0.5114386 0.2572361 0.5105883 0.2567638 0.5105473 0.2566866 0.5114386 0.2572361 0.5105473 0.2566866 0.5105209 0.2566098 0.5105102 0.2563985 0.5105606 0.2563553 0.5105064 0.2564342 0.5105064 0.2564342 0.5105606 0.2563553 0.5114386 0.2572361 0.5105064 0.2564342 0.5114386 0.2572361 0.5105066 0.2565254 0.5105066 0.2565254 0.5114386 0.2572361 0.5105209 0.2566098 0.5475729 0.5973393 0.5475751 0.5979685 0.5473459 0.5979315 0.6377365 0.9907097 0.6377365 0.9907154 0.6377365 0.9907153 0.02785253 0.9146834 0.02785253 0.9146834 0.0278511 0.9150515 0.5446401 0.597009 0.5446448 0.5970072 0.5446479 0.5979004 0.5447864 0.2547247 0.5447903 0.2547225 0.5448293 0.2547011 0.5447864 0.2547247 0.5448293 0.2547011 0.5447822 0.2547271 0.5447449 0.2547488 0.5447577 0.2547412 0.5448293 0.2547011 0.5447449 0.2547488 0.5448293 0.2547011 0.5447337 0.2547556 0.5447577 0.2547412 0.5447648 0.254737 0.5448293 0.2547011 0.5448293 0.2547011 0.5447648 0.254737 0.5447689 0.2547347 0.5448293 0.2547011 0.5447689 0.2547347 0.5447752 0.2547311 0.5447752 0.2547311 0.5447766 0.2547303 0.5448293 0.2547011 0.5448293 0.2547011 0.5447766 0.2547303 0.5447793 0.2547287 0.5448293 0.2547011 0.5447793 0.2547287 0.5447822 0.2547271 0.5447903 0.2547225 0.5447937 0.2547206 0.5448293 0.2547011 0.5448293 0.2547011 0.5447937 0.2547206 0.5447968 0.2547188 0.5448293 0.2547011 0.5447968 0.2547188 0.5448005 0.2547168 0.5448005 0.2547168 0.5448046 0.2547145 0.5448293 0.2547011 0.5448293 0.2547011 0.5448046 0.2547145 0.5448059 0.2547138 0.2495498 0.9907363 0.2495498 0.9907097 0.2495498 0.9907097 0.5447987 0.4069776 0.5447946 0.4069753 0.5448276 0.4069934 0.5448276 0.4069934 0.5447946 0.4069753 0.5447915 0.4069736 0.5448276 0.4069934 0.5447915 0.4069736 0.5447888 0.4069721 0.5447888 0.4069721 0.5447863 0.4069707 0.5448276 0.4069934 0.5448276 0.4069934 0.5447863 0.4069707 0.5447853 0.4069701 0.5448276 0.4069934 0.5447853 0.4069701 0.544783 0.4069688 0.544783 0.4069688 0.544781 0.4069676 0.5448276 0.4069934 0.5448276 0.4069934 0.544781 0.4069676 0.5447759 0.4069647 0.5448276 0.4069934 0.5447759 0.4069647 0.5447713 0.406962 0.5447713 0.406962 0.5447675 0.4069599 0.5448276 0.4069934 0.5448276 0.4069934 0.5447675 0.4069599 0.5447601 0.4069555 0.5448276 0.4069934 0.5447601 0.4069555 0.5447532 0.4069515 0.5447532 0.4069515 0.5447358 0.4069411 0.5448276 0.4069934 0.5448276 0.4069934 0.5447358 0.4069411 0.5447099 0.4069253 0.5448276 0.4069934 0.5447099 0.4069253 0.5445196 0.4067917 0.5442526 0.2551544 0.5444836 0.2549327 0.5445212 0.2549025 0.5445212 0.2549025 0.5444836 0.2549327 0.5445212 0.2549025 0.5445212 0.2549025 0.5445212 0.2549025 0.5448293 0.2547011 0.5448293 0.2547011 0.5445212 0.2549025 0.5446943 0.2547799 0.5448293 0.2547011 0.5446943 0.2547799 0.5447337 0.2547556 0.5445212 0.2549025 0.5442526 0.2551544 0.5442526 0.2551544 0.5442526 0.2551544 0.5442526 0.2551544 0.544032 0.2554491 0.5442526 0.2551544 0.544032 0.2554491 0.544032 0.2554491 0.544032 0.2554491 0.544032 0.2554491 0.5438659 0.2557775 0.544032 0.2554491 0.5438659 0.2557775 0.5438659 0.2557775 0.5438659 0.2557775 0.5438659 0.2557775 0.5437594 0.2561299 0.5438659 0.2557775 0.5437594 0.2561299 0.5437594 0.2561299 0.5437594 0.2561299 0.5437594 0.2561299 0.5437157 0.2564954 0.5437594 0.2561299 0.5437157 0.2564954 0.5437157 0.2564954 0.543701 0.5968933 0.5436988 0.5962641 0.5437085 0.5962158 0.543701 0.5968933 0.5437085 0.5962158 0.5437107 0.596845 0.5437107 0.596845 0.5437085 0.5962158 0.5437818 0.5961682 0.5437107 0.596845 0.5437818 0.5961682 0.543784 0.5967974 0.543784 0.5967974 0.5437818 0.5961682 0.5439168 0.5961229 0.543784 0.5967974 0.5439168 0.5961229 0.543919 0.596752 0.543919 0.596752 0.5439168 0.5961229 0.5441092 0.596081 0.543919 0.596752 0.5441092 0.596081 0.5441114 0.5967102 0.5441114 0.5967102 0.5441092 0.596081 0.5443531 0.596044 0.5441114 0.5967102 0.5443531 0.596044 0.5443553 0.5966732 0.5443553 0.5966732 0.5443531 0.596044 0.5446413 0.596013 0.5443553 0.5966732 0.5446413 0.596013 0.5446435 0.5966421 0.5449475 0.5968486 0.5449504 0.596842 0.5449715 0.5978763 0.5449199 0.59688 0.5449345 0.5968664 0.5449715 0.5978763 0.5449715 0.5978763 0.5449345 0.5968664 0.5449426 0.5968565 0.5449715 0.5978763 0.5449426 0.5968565 0.5449475 0.5968486 0.5447474 0.5969686 0.5447629 0.5969623 0.5449715 0.5978763 0.5449715 0.5978763 0.5447629 0.5969623 0.5448155 0.5969397 0.5449715 0.5978763 0.5448155 0.5969397 0.5448803 0.5969068 0.5446479 0.5979004 0.5446448 0.5970072 0.5449715 0.5978763 0.5449715 0.5978763 0.5446448 0.5970072 0.5446667 0.5969993 0.5449715 0.5978763 0.5446667 0.5969993 0.5447474 0.5969686 0.5448803 0.5969068 0.5448907 0.5969005 0.5449715 0.5978763 0.5449715 0.5978763 0.5448907 0.5969005 0.5449061 0.5968903 0.5449715 0.5978763 0.5449061 0.5968903 0.5449199 0.59688 0.5449504 0.596842 0.544952 0.5968362 0.5449715 0.5978763 0.5449715 0.5978763 0.544952 0.5968362 0.5449527 0.5968308 0.5449715 0.5978763 0.5449527 0.5968308 0.5449528 0.5968286 0.5446435 0.5966421 0.5446413 0.596013 0.544952 0.5966189 0.544952 0.5966189 0.5446413 0.596013 0.5449649 0.5959888 0.544952 0.5966189 0.5449649 0.5959888 0.5449528 0.5968286 0.5443598 0.5979315 0.544357 0.5971069 0.5446479 0.5979004 0.5446479 0.5979004 0.544357 0.5971069 0.5444437 0.5970771 0.5446479 0.5979004 0.5444437 0.5970771 0.5446401 0.597009 0.5441157 0.5979685 0.5439234 0.5980103 0.5439209 0.5972812 0.5439209 0.5972812 0.5440019 0.5972431 0.5441157 0.5979685 0.5441157 0.5979685 0.5440019 0.5972431 0.5441131 0.5971965 0.5441157 0.5979685 0.5441131 0.5971965 0.5443598 0.5979315 0.5443598 0.5979315 0.5441131 0.5971965 0.544191 0.5971665 0.5443598 0.5979315 0.544191 0.5971665 0.544357 0.5971069 0.5437884 0.5980557 0.543715 0.5981032 0.5437127 0.5974373 0.5437127 0.5974373 0.5437427 0.5973991 0.5437884 0.5980557 0.5437884 0.5980557 0.5437427 0.5973991 0.5437861 0.5973619 0.5437884 0.5980557 0.5437861 0.5973619 0.5439234 0.5980103 0.5439234 0.5980103 0.5437861 0.5973619 0.5438421 0.5973244 0.5439234 0.5980103 0.5438421 0.5973244 0.5439209 0.5972812 0.5437156 0.4051981 0.543759 0.4055636 0.543759 0.4055636 0.543759 0.4055636 0.5437238 0.4053305 0.5437156 0.4051981 0.1201528 0.9720669 0.1201528 0.9721996 0.1201528 0.9720668 0.9406584 0.009252369 0.9400126 0.009252369 0.9406102 0.009242594 0.5437363 0.4048306 0.5437156 0.405198 0.5437197 0.4049873 0.543715 0.5981032 0.5437008 0.5974675 0.5437127 0.5974373 0.02785253 0.9146834 0.02785253 0.9146834 0.02779 0.9143206 0.544031 0.4062447 0.5438782 0.4059479 0.5438652 0.405916 0.8782418 0.9534731 0.8782388 0.9535073 0.8782418 0.9534731 0.8782418 0.9534731 0.8782418 0.9534731 0.8782388 0.953105 0.543759 0.4055636 0.5438652 0.405916 0.5437715 0.4056196 0.9780309 0.06469774 0.9780883 0.06469774 0.9780309 0.06469774 0.9593926 0.3050393 0.9591602 0.3050384 0.9591601 0.3050384 0.9591601 0.3050384 0.9591602 0.3050384 0.9591435 0.3050393 0.5445196 0.4067917 0.5445066 0.4067813 0.5442514 0.4065396 0.0278511 0.9150515 0.02779 0.9153977 0.02785104 0.9150515 0.0278511 0.9150515 0.02785104 0.9150515 0.02785253 0.9146834 0.5467955 0.596644 0.5467915 0.5966488 0.5467497 0.5959888 0.5467955 0.596644 0.5467497 0.5959888 0.5467998 0.5966405 0.5468376 0.5966303 0.5468246 0.5966318 0.5467497 0.5959888 0.5468376 0.5966303 0.5467497 0.5959888 0.5468491 0.5966297 0.5468246 0.5966318 0.5468174 0.5966332 0.5467497 0.5959888 0.5467497 0.5959888 0.5468174 0.5966332 0.5468133 0.5966342 0.5467497 0.5959888 0.5468133 0.5966342 0.5468069 0.5966365 0.5468069 0.5966365 0.5468055 0.5966372 0.5467497 0.5959888 0.5467497 0.5959888 0.5468055 0.5966372 0.5468026 0.5966386 0.5467497 0.5959888 0.5468026 0.5966386 0.5467998 0.5966405 0.5467915 0.5966488 0.5467881 0.5966547 0.5467497 0.5959888 0.5467497 0.5959888 0.5467881 0.5966547 0.5467849 0.5966628 0.5467497 0.5959888 0.5467849 0.5966628 0.5467813 0.5966794 0.5467813 0.5966794 0.5467773 0.5967311 0.5467497 0.5959888 0.5467497 0.5959888 0.5467773 0.5967311 0.5467763 0.5968292 0.5467497 0.5959888 0.5467763 0.5968292 0.546777 0.597018 0.5467832 0.5971881 0.5467874 0.597207 0.5467562 0.5978763 0.5467562 0.5978763 0.5467874 0.597207 0.5467905 0.5972155 0.5467562 0.5978763 0.5467905 0.5972155 0.5467934 0.5972208 0.5467934 0.5972208 0.5467959 0.5972244 0.5467562 0.5978763 0.5467562 0.5978763 0.5467959 0.5972244 0.546797 0.5972258 0.5467562 0.5978763 0.546797 0.5972258 0.5467993 0.5972284 0.5467993 0.5972284 0.5468014 0.5972303 0.5467562 0.5978763 0.5467562 0.5978763 0.5468014 0.5972303 0.5468066 0.5972343 0.5467562 0.5978763 0.5468066 0.5972343 0.5468112 0.5972369 0.5468112 0.5972369 0.5468151 0.5972388 0.5467562 0.5978763 0.5467562 0.5978763 0.5468151 0.5972388 0.5468227 0.5972417 0.5467562 0.5978763 0.5468227 0.5972417 0.5468297 0.5972438 0.5468297 0.5972438 0.5468474 0.5972478 0.5467562 0.5978763 0.5467562 0.5978763 0.5468474 0.5972478 0.5468738 0.5972519 0.5467562 0.5978763 0.5468738 0.5972519 0.5470702 0.5979004 0.5473415 0.5966732 0.5471042 0.5966458 0.5470636 0.596013 0.5470636 0.596013 0.5471042 0.5966458 0.5470658 0.5966421 0.5470636 0.596013 0.5470658 0.5966421 0.5467497 0.5959888 0.5467497 0.5959888 0.5470658 0.5966421 0.5468891 0.5966299 0.5467497 0.5959888 0.5468891 0.5966299 0.5468491 0.5966297 0.5470636 0.596013 0.5473393 0.596044 0.5473415 0.5966732 0.5473415 0.5966732 0.5473393 0.596044 0.5475686 0.596081 0.5473415 0.5966732 0.5475686 0.596081 0.5475708 0.5967102 0.5475708 0.5967102 0.5475686 0.596081 0.5477442 0.5961229 0.5475708 0.5967102 0.5477442 0.5961229 0.5477464 0.596752 0.5477464 0.596752 0.5477442 0.5961229 0.547861 0.5961682 0.5477464 0.596752 0.547861 0.5961682 0.5478633 0.5967974 0.5478633 0.5967974 0.547861 0.5961682 0.5479155 0.5962158 0.5478633 0.5967974 0.5479155 0.5962158 0.5479177 0.596845 0.379236 0.8941187 0.379236 0.8941187 0.3793313 0.8944742 0.379236 0.8941187 0.3793313 0.8944742 0.3793313 0.8944742 0.3793313 0.8944742 0.3793313 0.8944742 0.3793634 0.8948409 0.3793313 0.8944742 0.3793634 0.8948409 0.3793634 0.8948409 0.3793634 0.8948409 0.3793634 0.8948409 0.3793313 0.8952077 0.3793634 0.8948409 0.3793313 0.8952077 0.3793313 0.8952077 0.3793313 0.8952077 0.3793313 0.8952077 0.379236 0.8955632 0.3793313 0.8952077 0.379236 0.8955632 0.379236 0.8955632 0.5474873 0.2552571 0.5474873 0.2552571 0.5472353 0.2549887 0.5474873 0.2552571 0.5472353 0.2549887 0.5472353 0.2549887 0.5472353 0.2549887 0.5472353 0.2549887 0.5469405 0.2547681 0.5472353 0.2549887 0.5469405 0.2547681 0.5469405 0.2547681 0.5466308 0.4070857 0.5466278 0.4070869 0.5466101 0.4070941 0.5466589 0.4070739 0.546644 0.4070802 0.5466101 0.4070941 0.5466101 0.4070941 0.546644 0.4070802 0.5466358 0.4070837 0.5466101 0.4070941 0.5466358 0.4070837 0.5466308 0.4070857 0.5468343 0.406989 0.5468186 0.4069975 0.5466101 0.4070941 0.5466101 0.4070941 0.5468186 0.4069975 0.5467649 0.407025 0.5466101 0.4070941 0.5467649 0.407025 0.5466991 0.4070562 0.5469389 0.4069283 0.5469388 0.4069284 0.5466101 0.4070941 0.5466101 0.4070941 0.5469388 0.4069284 0.5469165 0.406942 0.5466101 0.4070941 0.5469165 0.406942 0.5468343 0.406989 0.5466991 0.4070562 0.5466885 0.4070609 0.5466101 0.4070941 0.5466101 0.4070941 0.5466885 0.4070609 0.5466728 0.4070679 0.5466101 0.4070941 0.5466728 0.4070679 0.5466589 0.4070739 0.5466278 0.4070869 0.5466262 0.4070876 0.5466101 0.4070941 0.5466101 0.4070941 0.5466262 0.4070876 0.5466254 0.4070879 0.5466101 0.4070941 0.5466254 0.4070879 0.5466254 0.4070879 0.5469405 0.2547681 0.5469405 0.2547681 0.5466272 0.2546082 0.5466272 0.2546082 0.5469405 0.2547681 0.5466119 0.254602 0.5466272 0.2546082 0.5466119 0.254602 0.5466272 0.2546082 0.5472339 0.406708 0.5472337 0.4067081 0.5469389 0.4069283 0.5469389 0.4069283 0.5472337 0.4067081 0.5471447 0.4067833 0.5469389 0.4069283 0.5471447 0.4067833 0.5469437 0.4069253 0.5474861 0.4064398 0.5476879 0.4061319 0.5476878 0.4061321 0.5476878 0.4061321 0.5476023 0.406277 0.5474861 0.4064398 0.9593437 0.6932313 0.9591436 0.6932313 0.9593438 0.6932313 0.5474861 0.4064398 0.547486 0.4064399 0.5472339 0.406708 0.5472339 0.406708 0.547486 0.4064399 0.5474052 0.4065364 0.959386 0.4344393 0.9591435 0.4344393 0.9593862 0.4344393 0.5478331 0.4057937 0.5479174 0.4054354 0.5479174 0.4054355 0.5479174 0.4054355 0.5478817 0.4056223 0.5478331 0.4057937 0.5478331 0.4057937 0.5478817 0.4056223 0.5478331 0.4057938 0.5478331 0.4057937 0.5478331 0.4057938 0.5476879 0.4061319 0.5476879 0.4061319 0.5478331 0.4057938 0.5477721 0.4059562 0.9593385 0.8226268 0.9591436 0.8226268 0.9593386 0.8226267 0.5479221 0.5981032 0.5478677 0.5980557 0.5478655 0.597422 0.5478655 0.597422 0.5479076 0.5974454 0.5479221 0.5981032 0.5479221 0.5981032 0.5479076 0.5974454 0.5479198 0.5974574 0.5479382 0.4050679 0.5479382 0.4050679 0.5479174 0.4054354 0.5479174 0.4054354 0.5479382 0.4050679 0.5479342 0.4052787 0.9593012 0.9520223 0.9591435 0.9520223 0.9593012 0.9520223 0.5475751 0.5979685 0.5475729 0.5973393 0.5477508 0.5980103 0.5475729 0.5973393 0.5477347 0.5973771 0.5477508 0.5980103 0.5477508 0.5980103 0.5477347 0.5973771 0.5477486 0.5973811 0.5477508 0.5980103 0.5477486 0.5973811 0.5478677 0.5980557 0.5478677 0.5980557 0.5477486 0.5973811 0.5478513 0.597416 0.5478677 0.5980557 0.5478513 0.597416 0.5478655 0.597422 0.5468738 0.5972519 0.5470679 0.5972713 0.5470702 0.5979004 0.5470702 0.5979004 0.5470679 0.5972713 0.5470813 0.5972725 0.5470702 0.5979004 0.5470813 0.5972725 0.5473459 0.5979315 0.5473459 0.5979315 0.5470813 0.5972725 0.5473437 0.5973023 0.5473459 0.5979315 0.5473437 0.5973023 0.5475729 0.5973393 0.5466272 0.2546082 0.5466119 0.254602 0.5466119 0.254602 0.5466119 0.254602 0.5466119 0.254602 0.5462595 0.2544955 0.5466119 0.254602 0.5462595 0.2544955 0.5462595 0.2544955 0.5462595 0.2544955 0.5462595 0.2544955 0.5458939 0.2544518 0.5462595 0.2544955 0.5458939 0.2544518 0.5458939 0.2544518 0.5458939 0.2544518 0.5458939 0.2544518 0.5455263 0.2544723 0.5458939 0.2544518 0.5455263 0.2544723 0.5455263 0.2544722 0.5455263 0.2544722 0.5455263 0.2544723 0.5451678 0.2545562 0.5455263 0.2544722 0.5451678 0.2545562 0.5451678 0.2545562 0.5451678 0.2545562 0.5451678 0.2545562 0.5448293 0.2547011 0.5451678 0.2545562 0.5448293 0.2547011 0.5448293 0.2547011 0.5448293 0.2547011 0.5448293 0.2547011 0.5448059 0.2547138 0.5448276 0.4069934 0.5448042 0.4069807 0.5447987 0.4069776 0.5449528 0.5968286 0.5449649 0.5959888 0.5449715 0.5978763 0.5449715 0.5978763 0.5449649 0.5959888 0.545314 0.5959723 0.5449715 0.5978763 0.545314 0.5959723 0.5453206 0.5978597 0.5453206 0.5978597 0.545314 0.5959723 0.5456782 0.595964 0.5453206 0.5978597 0.5456782 0.595964 0.5456848 0.5978513 0.5456848 0.5978513 0.5456782 0.595964 0.5460463 0.595964 0.5456848 0.5978513 0.5460463 0.595964 0.5460529 0.5978513 0.5460529 0.5978513 0.5460463 0.595964 0.5464071 0.5959723 0.5460529 0.5978513 0.5464071 0.5959723 0.5464137 0.5978597 0.5464137 0.5978597 0.5464071 0.5959723 0.5467497 0.5959888 0.5464137 0.5978597 0.5467497 0.5959888 0.5467562 0.5978763 0.5467562 0.5978763 0.5467497 0.5959888 0.546777 0.597018 0.5467562 0.5978763 0.546777 0.597018 0.5467832 0.5971881 0.5459839 0.2561703 0.5466119 0.254602 0.5460497 0.2562035 0.5460497 0.2562035 0.5466119 0.254602 0.5469405 0.2547681 0.5460497 0.2562035 0.5469405 0.2547681 0.5461086 0.2562476 0.5461086 0.2562476 0.5469405 0.2547681 0.5472353 0.2549887 0.5461086 0.2562476 0.5472353 0.2549887 0.546159 0.2563013 0.546159 0.2563013 0.5472353 0.2549887 0.5474873 0.2552571 0.546159 0.2563013 0.5474873 0.2552571 0.5461993 0.2563629 0.5461993 0.2563629 0.5474873 0.2552571 0.5476888 0.2555651 0.5461993 0.2563629 0.5476888 0.2555651 0.5462283 0.2564306 0.5462283 0.2564306 0.5476888 0.2555651 0.5478338 0.2559035 0.5462283 0.2564306 0.5478338 0.2559035 0.546245 0.2565023 0.546245 0.2565023 0.5478338 0.2559035 0.5479177 0.2562619 0.546245 0.2565023 0.5479177 0.2562619 0.5462492 0.2565758 0.5462492 0.2565758 0.5479177 0.2562619 0.5479381 0.2566294 0.5462492 0.2565758 0.5479381 0.2566294 0.5462404 0.2566488 0.5462404 0.2566488 0.5479381 0.2566294 0.5478944 0.2569949 0.5462404 0.2566488 0.5478944 0.2569949 0.5462191 0.2567194 0.5462191 0.2567194 0.5478944 0.2569949 0.5477879 0.2573472 0.5462191 0.2567194 0.5477879 0.2573472 0.5461859 0.256785 0.5461859 0.256785 0.5477879 0.2573472 0.5476218 0.2576757 0.5461859 0.256785 0.5476218 0.2576757 0.5461418 0.256844 0.5461418 0.256844 0.5476218 0.2576757 0.5474011 0.2579703 0.5461418 0.256844 0.5474011 0.2579703 0.546088 0.2568944 0.546088 0.2568944 0.5474011 0.2579703 0.5471327 0.2582222 0.546088 0.2568944 0.5471327 0.2582222 0.5460264 0.2569347 0.5460264 0.2569347 0.5471327 0.2582222 0.5468245 0.2584237 0.5460264 0.2569347 0.5468245 0.2584237 0.5459588 0.2569636 0.5459588 0.2569636 0.5468245 0.2584237 0.546486 0.2585686 0.5459588 0.2569636 0.546486 0.2585686 0.5458871 0.2569804 0.5458871 0.2569804 0.546486 0.2585686 0.5461276 0.2586525 0.5458871 0.2569804 0.5461276 0.2586525 0.5458135 0.2569845 0.5458135 0.2569845 0.5461276 0.2586525 0.5457599 0.258673 0.5458135 0.2569845 0.5457599 0.258673 0.5457404 0.2569758 0.5457404 0.2569758 0.5457599 0.258673 0.5453943 0.2586293 0.5457404 0.2569758 0.5453943 0.2586293 0.5456699 0.2569544 0.5456699 0.2569544 0.5453943 0.2586293 0.5450419 0.2585228 0.5456699 0.2569544 0.5450419 0.2585228 0.5456042 0.2569212 0.5456042 0.2569212 0.5450419 0.2585228 0.5447133 0.2583567 0.5456042 0.2569212 0.5447133 0.2583567 0.5455452 0.2568771 0.5455452 0.2568771 0.5447133 0.2583567 0.5444185 0.2581361 0.5455452 0.2568771 0.5444185 0.2581361 0.5454949 0.2568234 0.5454949 0.2568234 0.5444185 0.2581361 0.5441666 0.2578677 0.5454949 0.2568234 0.5441666 0.2578677 0.5454545 0.2567619 0.5454545 0.2567619 0.5441666 0.2578677 0.5439651 0.2575596 0.5454545 0.2567619 0.5439651 0.2575596 0.5454255 0.2566941 0.5454255 0.2566941 0.5439651 0.2575596 0.5438201 0.2572213 0.5454255 0.2566941 0.5438201 0.2572213 0.5454087 0.2566225 0.5454087 0.2566225 0.5438201 0.2572213 0.5437361 0.2568629 0.5454087 0.2566225 0.5437361 0.2568629 0.5454047 0.256549 0.5454047 0.256549 0.5437361 0.2568629 0.5437157 0.2564954 0.5454047 0.256549 0.5437157 0.2564954 0.5454134 0.2564759 0.5454134 0.2564759 0.5437157 0.2564954 0.5437594 0.2561299 0.5454134 0.2564759 0.5437594 0.2561299 0.5454347 0.2564054 0.5454347 0.2564054 0.5437594 0.2561299 0.5438659 0.2557775 0.5454347 0.2564054 0.5438659 0.2557775 0.5454679 0.2563397 0.5454679 0.2563397 0.5438659 0.2557775 0.544032 0.2554491 0.5454679 0.2563397 0.544032 0.2554491 0.5455121 0.2562808 0.5455121 0.2562808 0.544032 0.2554491 0.5442526 0.2551544 0.5455121 0.2562808 0.5442526 0.2551544 0.5455657 0.2562304 0.5455657 0.2562304 0.5442526 0.2551544 0.5445212 0.2549025 0.5455657 0.2562304 0.5445212 0.2549025 0.5456274 0.2561901 0.5456274 0.2561901 0.5445212 0.2549025 0.5448293 0.2547011 0.5456274 0.2561901 0.5448293 0.2547011 0.5456951 0.2561612 0.5456951 0.2561612 0.5448293 0.2547011 0.5451678 0.2545562 0.5456951 0.2561612 0.5451678 0.2545562 0.5457668 0.2561444 0.5457668 0.2561444 0.5451678 0.2545562 0.5455263 0.2544723 0.5457668 0.2561444 0.5455263 0.2544723 0.5458403 0.2561402 0.5458403 0.2561402 0.5455263 0.2544723 0.5458939 0.2544518 0.5458403 0.2561402 0.5458939 0.2544518 0.5459134 0.256149 0.5459134 0.256149 0.5458939 0.2544518 0.5462595 0.2544955 0.5459134 0.256149 0.5462595 0.2544955 0.5459839 0.2561703 0.5459839 0.2561703 0.5462595 0.2544955 0.5466119 0.254602 0.5458135 0.2569845 0.5458135 0.2569845 0.5458871 0.2569804 0.5458871 0.2569804 0.5458135 0.2569845 0.5458871 0.2569804 0.5458871 0.2569804 0.5458871 0.2569804 0.5459588 0.2569636 0.5459588 0.2569636 0.5458871 0.2569804 0.5459587 0.2569636 0.5459588 0.2569636 0.5459587 0.2569636 0.5460264 0.2569347 0.5460264 0.2569347 0.5459587 0.2569636 0.5460264 0.2569347 0.5460264 0.2569347 0.5460264 0.2569347 0.546088 0.2568944 0.546088 0.2568944 0.5460264 0.2569347 0.546088 0.2568944 0.546088 0.2568944 0.546088 0.2568944 0.5461418 0.256844 0.5461418 0.256844 0.546088 0.2568944 0.5461418 0.2568439 0.5461418 0.256844 0.5461418 0.2568439 0.5461859 0.256785 0.5461859 0.256785 0.5461418 0.2568439 0.5461859 0.256785 0.5461859 0.256785 0.5461859 0.256785 0.5462191 0.2567194 0.5462191 0.2567194 0.5461859 0.256785 0.5462191 0.2567193 0.5462191 0.2567194 0.5462191 0.2567193 0.5462404 0.2566488 0.5462404 0.2566488 0.5462191 0.2567193 0.5462404 0.2566488 0.5462404 0.2566488 0.5462404 0.2566488 0.5462492 0.2565758 0.5462492 0.2565758 0.5462404 0.2566488 0.5462492 0.2565758 0.8801373 0.342883 0.8820247 0.342883 0.8801469 0.342885 0.8801469 0.342885 0.8820247 0.342883 0.8820344 0.342885 0.8801469 0.342885 0.8820344 0.342885 0.8801564 0.3428997 0.8801564 0.3428997 0.8820344 0.342885 0.8820438 0.3428997 0.8801564 0.3428997 0.8820438 0.3428997 0.8801654 0.3429267 0.8801654 0.3429267 0.8820438 0.3428997 0.8820528 0.3429267 0.8801654 0.3429267 0.8820528 0.3429267 0.8801736 0.3429652 0.8801736 0.3429652 0.8820528 0.3429267 0.8820611 0.3429652 0.8801736 0.3429652 0.8820611 0.3429652 0.8801808 0.343014 0.8801808 0.343014 0.8820611 0.3429652 0.8820683 0.343014 0.8801808 0.343014 0.8820683 0.343014 0.8801869 0.3430716 0.8801869 0.3430716 0.8820683 0.343014 0.8820743 0.3430716 0.8801869 0.3430716 0.8820743 0.3430716 0.8801915 0.3431364 0.8801915 0.3431364 0.8820743 0.3430716 0.8820789 0.3431364 0.8801915 0.3431364 0.8820789 0.3431364 0.8801946 0.3432062 0.8801946 0.3432062 0.8820789 0.3431364 0.882082 0.3432062 0.8801946 0.3432062 0.882082 0.3432062 0.880196 0.3432791 0.880196 0.3432791 0.882082 0.3432062 0.8820834 0.3432791 0.880196 0.3432791 0.8820834 0.3432791 0.8801957 0.3433527 0.8801957 0.3433527 0.8820834 0.3432791 0.8820831 0.3433527 0.8801957 0.3433527 0.8820831 0.3433527 0.8801938 0.3434249 0.8801938 0.3434249 0.8820831 0.3433527 0.8820812 0.3434249 0.8801938 0.3434249 0.8820812 0.3434249 0.8801902 0.3434934 0.8801902 0.3434934 0.8820812 0.3434249 0.8820776 0.3434934 0.8801902 0.3434934 0.8820776 0.3434934 0.8801852 0.3435561 0.8801852 0.3435561 0.8820776 0.3434934 0.8820726 0.3435561 0.8801852 0.3435561 0.8820726 0.3435561 0.8801788 0.3436112 0.8801788 0.3436112 0.8820726 0.3435561 0.8820662 0.3436112 0.8801788 0.3436112 0.8820662 0.3436112 0.8801712 0.3436571 0.8801712 0.3436571 0.8820662 0.3436112 0.8820586 0.3436571 0.8801712 0.3436571 0.8820586 0.3436571 0.8801627 0.3436922 0.8801627 0.3436922 0.8820586 0.3436571 0.8820502 0.3436922 0.8801627 0.3436922 0.8820502 0.3436922 0.8801535 0.3437155 0.8801535 0.3437155 0.8820502 0.3436922 0.882041 0.3437155 0.8801535 0.3437155 0.882041 0.3437155 0.880144 0.3437263 0.880144 0.3437263 0.882041 0.3437155 0.8820315 0.3437263 0.5454046 0.405146 0.5454046 0.405146 0.5454088 0.4050725 0.5454088 0.4050725 0.5454046 0.405146 0.5454088 0.4050725 0.5454088 0.4050725 0.5454088 0.4050725 0.5454257 0.4050009 0.5454257 0.4050009 0.5454088 0.4050725 0.5454257 0.4050009 0.5454257 0.4050009 0.5454257 0.4050009 0.5454547 0.4049332 0.5454547 0.4049332 0.5454257 0.4050009 0.5454547 0.4049332 0.5454547 0.4049332 0.5454547 0.4049332 0.545495 0.4048717 0.545495 0.4048717 0.5454547 0.4049332 0.545495 0.4048717 0.5454949 0.2568234 0.5454949 0.2568234 0.5455452 0.2568771 0.5455452 0.2568771 0.5454949 0.2568234 0.5455452 0.2568771 0.5455452 0.2568771 0.5455452 0.2568771 0.5456042 0.2569212 0.5456042 0.2569212 0.5455452 0.2568771 0.5456042 0.2569212 0.5456042 0.2569212 0.5456042 0.2569212 0.5456699 0.2569544 0.5456699 0.2569544 0.5456042 0.2569212 0.5456699 0.2569544 0.5456699 0.2569544 0.5456699 0.2569544 0.5457404 0.2569758 0.5457404 0.2569758 0.5456699 0.2569544 0.5457404 0.2569757 0.5457404 0.2569758 0.5457404 0.2569757 0.5458135 0.2569845 0.5458135 0.2569845 0.5457404 0.2569757 0.5458135 0.2569845 0.5458874 0.404715 0.5461294 0.4030432 0.5459591 0.4047319 0.5459591 0.4047319 0.5461294 0.4030432 0.5464878 0.4031274 0.5459591 0.4047319 0.5464878 0.4031274 0.5460268 0.4047609 0.5460268 0.4047609 0.5464878 0.4031274 0.5468262 0.4032726 0.5460268 0.4047609 0.5468262 0.4032726 0.5460883 0.4048013 0.5460883 0.4048013 0.5468262 0.4032726 0.5471342 0.4034743 0.5460883 0.4048013 0.5471342 0.4034743 0.546142 0.4048517 0.546142 0.4048517 0.5471342 0.4034743 0.5474024 0.4037265 0.546142 0.4048517 0.5474024 0.4037265 0.5461861 0.4049107 0.5461861 0.4049107 0.5474024 0.4037265 0.5476228 0.4040213 0.5461861 0.4049107 0.5476228 0.4040213 0.5462192 0.4049764 0.5462192 0.4049764 0.5476228 0.4040213 0.5477886 0.4043499 0.5462192 0.4049764 0.5477886 0.4043499 0.5462405 0.4050469 0.5462405 0.4050469 0.5477886 0.4043499 0.5478948 0.4047024 0.5462405 0.4050469 0.5478948 0.4047024 0.5462492 0.40512 0.5462492 0.40512 0.5478948 0.4047024 0.5479382 0.4050679 0.5462492 0.40512 0.5479382 0.4050679 0.546245 0.4051935 0.546245 0.4051935 0.5479382 0.4050679 0.5479174 0.4054354 0.546245 0.4051935 0.5479174 0.4054354 0.5462281 0.4052652 0.5462281 0.4052652 0.5479174 0.4054354 0.5478331 0.4057937 0.5462281 0.4052652 0.5478331 0.4057937 0.5461991 0.4053328 0.5461991 0.4053328 0.5478331 0.4057937 0.5476879 0.4061319 0.5461991 0.4053328 0.5476879 0.4061319 0.5461587 0.4053944 0.5461587 0.4053944 0.5476879 0.4061319 0.5474861 0.4064398 0.5461587 0.4053944 0.5474861 0.4064398 0.5461083 0.405448 0.5461083 0.405448 0.5474861 0.4064398 0.5472339 0.406708 0.5461083 0.405448 0.5472339 0.406708 0.5460493 0.4054921 0.5460493 0.4054921 0.5472339 0.406708 0.5469389 0.4069283 0.5460493 0.4054921 0.5469389 0.4069283 0.5459836 0.4055252 0.5459836 0.4055252 0.5469389 0.4069283 0.5466101 0.4070941 0.5459836 0.4055252 0.5466101 0.4070941 0.5459131 0.4055464 0.5459131 0.4055464 0.5466101 0.4070941 0.5462576 0.4072003 0.5459131 0.4055464 0.5462576 0.4072003 0.5458399 0.4055551 0.5458399 0.4055551 0.5462576 0.4072003 0.545892 0.4072436 0.5458399 0.4055551 0.545892 0.4072436 0.5457664 0.405551 0.5457664 0.405551 0.545892 0.4072436 0.5455244 0.4072229 0.5457664 0.405551 0.5455244 0.4072229 0.5456947 0.4055341 0.5456947 0.4055341 0.5455244 0.4072229 0.545166 0.4071386 0.5456947 0.4055341 0.545166 0.4071386 0.5456271 0.4055051 0.5456271 0.4055051 0.545166 0.4071386 0.5448276 0.4069934 0.5456271 0.4055051 0.5448276 0.4069934 0.5455654 0.4054647 0.5455654 0.4054647 0.5448276 0.4069934 0.5445196 0.4067917 0.5455654 0.4054647 0.5445196 0.4067917 0.5455118 0.4054143 0.5455118 0.4054143 0.5445196 0.4067917 0.5442514 0.4065396 0.5455118 0.4054143 0.5442514 0.4065396 0.5454677 0.4053553 0.5454677 0.4053553 0.5442514 0.4065396 0.544031 0.4062447 0.5454677 0.4053553 0.544031 0.4062447 0.5454345 0.4052896 0.5454345 0.4052896 0.544031 0.4062447 0.5438652 0.405916 0.5454345 0.4052896 0.5438652 0.405916 0.5454133 0.4052191 0.5454133 0.4052191 0.5438652 0.405916 0.543759 0.4055636 0.5454133 0.4052191 0.543759 0.4055636 0.5454046 0.405146 0.5454046 0.405146 0.543759 0.4055636 0.5437156 0.4051981 0.5454046 0.405146 0.5437156 0.4051981 0.5454088 0.4050725 0.5454088 0.4050725 0.5437156 0.4051981 0.5437363 0.4048306 0.5454088 0.4050725 0.5437363 0.4048306 0.5454257 0.4050009 0.5454257 0.4050009 0.5437363 0.4048306 0.5438207 0.4044723 0.5454257 0.4050009 0.5438207 0.4044723 0.5454547 0.4049332 0.5454547 0.4049332 0.5438207 0.4044723 0.5439659 0.4041341 0.5454547 0.4049332 0.5439659 0.4041341 0.545495 0.4048717 0.545495 0.4048717 0.5439659 0.4041341 0.5441677 0.4038262 0.545495 0.4048717 0.5441677 0.4038262 0.5455455 0.404818 0.5455455 0.404818 0.5441677 0.4038262 0.5444199 0.403558 0.5455455 0.404818 0.5444199 0.403558 0.5456045 0.404774 0.5456045 0.404774 0.5444199 0.403558 0.5447149 0.4033377 0.5456045 0.404774 0.5447149 0.4033377 0.5456702 0.4047408 0.5456702 0.4047408 0.5447149 0.4033377 0.5450437 0.4031719 0.5456702 0.4047408 0.5450437 0.4031719 0.5457407 0.4047195 0.5457407 0.4047195 0.5450437 0.4031719 0.5453962 0.4030658 0.5457407 0.4047195 0.5453962 0.4030658 0.5458139 0.4047109 0.5458139 0.4047109 0.5453962 0.4030658 0.5457618 0.4030224 0.5458139 0.4047109 0.5457618 0.4030224 0.5458874 0.404715 0.5458874 0.404715 0.5457618 0.4030224 0.5461294 0.4030432 0.5809295 0.5965462 0.5809538 0.5970366 0.5809146 0.5965455 0.5809146 0.5965455 0.5809538 0.5970366 0.5809336 0.5970364 0.5809146 0.5965455 0.5809336 0.5970364 0.5809041 0.5965454 0.580904 0.5970338 0.5808944 0.5965459 0.5809109 0.5970348 0.5809109 0.5970348 0.5808944 0.5965459 0.5809041 0.5965454 0.5809109 0.5970348 0.5809041 0.5965454 0.580928 0.5970361 0.580928 0.5970361 0.5809041 0.5965454 0.5809336 0.5970364 0.5808438 0.5969762 0.5808398 0.5969517 0.5808699 0.5969199 0.5808699 0.5969199 0.5808398 0.5969517 0.5808358 0.5968877 0.5808954 0.5970322 0.5808699 0.5969199 0.5808966 0.5970324 0.5808966 0.5970324 0.5808699 0.5969199 0.5809028 0.5970336 0.5808954 0.5970322 0.5808904 0.5970309 0.5808699 0.5969199 0.5808699 0.5969199 0.5808904 0.5970309 0.5808821 0.5970283 0.5808699 0.5969199 0.5808821 0.5970283 0.5808789 0.597027 0.5808789 0.597027 0.580874 0.5970246 0.5808699 0.5969199 0.5808699 0.5969199 0.580874 0.5970246 0.5808715 0.5970232 0.5808699 0.5969199 0.5808715 0.5970232 0.5808652 0.5970186 0.5808652 0.5970186 0.5808645 0.597018 0.5808699 0.5969199 0.5808699 0.5969199 0.5808645 0.597018 0.580859 0.5970122 0.5808699 0.5969199 0.580859 0.5970122 0.5808547 0.5970063 0.5808547 0.5970063 0.5808508 0.5969989 0.5808699 0.5969199 0.5808699 0.5969199 0.5808508 0.5969989 0.5808475 0.5969902 0.5808699 0.5969199 0.5808475 0.5969902 0.5808438 0.5969762 0.580904 0.5970338 0.5809028 0.5970336 0.5808944 0.5965459 0.5808944 0.5965459 0.5809028 0.5970336 0.5808699 0.5969199 0.5808944 0.5965459 0.5808699 0.5969199 0.5808653 0.5966395 0.5808685 0.596552 0.5808722 0.5965505 0.5808653 0.5966395 0.5808653 0.5966395 0.5808385 0.5966127 0.5808413 0.5965945 0.5808413 0.5965945 0.5808446 0.5965819 0.5808653 0.5966395 0.5808653 0.5966395 0.5808446 0.5965819 0.5808479 0.5965733 0.5808653 0.5966395 0.5808479 0.5965733 0.5808518 0.5965664 0.5808518 0.5965664 0.5808566 0.5965604 0.5808653 0.5966395 0.5808653 0.5966395 0.5808566 0.5965604 0.5808626 0.5965554 0.5808653 0.5966395 0.5808626 0.5965554 0.5808685 0.596552 0.5808722 0.5965505 0.5808799 0.5965481 0.5808653 0.5966395 0.5808653 0.5966395 0.5808799 0.5965481 0.580888 0.5965466 0.5808653 0.5966395 0.580888 0.5965466 0.5808944 0.5965459 0.5808358 0.5968877 0.5808346 0.5968061 0.5808699 0.5969199 0.5808699 0.5969199 0.5808346 0.5968061 0.5808344 0.5967332 0.5808699 0.5969199 0.5808344 0.5967332 0.5808653 0.5966395 0.5808653 0.5966395 0.5808344 0.5967332 0.5808354 0.596656 0.5808653 0.5966395 0.5808354 0.596656 0.5808385 0.5966127 0.5809295 0.5965462 0.5809304 0.5965462 0.5809538 0.5970366 0.5809538 0.5970366 0.5809304 0.5965462 0.5809363 0.5965468 0.5809538 0.5970366 0.5809363 0.5965468 0.5809709 0.597036 0.5809709 0.597036 0.5809363 0.5965468 0.5809687 0.5965507 0.5809709 0.597036 0.5809687 0.5965507 0.5809834 0.5970353 0.5811107 0.5965952 0.58111 0.5970054 0.5811058 0.5965905 0.5811058 0.5965905 0.58111 0.5970054 0.5811074 0.5970076 0.5811058 0.5965905 0.5811074 0.5970076 0.581091 0.5965818 0.581091 0.5965818 0.5811074 0.5970076 0.5810943 0.5970149 0.581091 0.5965818 0.5810943 0.5970149 0.5810819 0.596578 0.5810819 0.596578 0.5810943 0.5970149 0.5810788 0.5970204 0.5810819 0.596578 0.5810788 0.5970204 0.5810549 0.5965689 0.5810549 0.5965689 0.5810788 0.5970204 0.5810565 0.5970259 0.5810549 0.5965689 0.5810565 0.5970259 0.5810293 0.5965622 0.5810293 0.5965622 0.5810565 0.5970259 0.5810182 0.597032 0.5810293 0.5965622 0.5810182 0.597032 0.5809687 0.5965507 0.5809687 0.5965507 0.5810182 0.597032 0.5810123 0.5970327 0.5809687 0.5965507 0.5810123 0.5970327 0.5809834 0.5970353 0.5811131 0.5966071 0.581115 0.5969922 0.5811107 0.5965952 0.5811107 0.5965952 0.581115 0.5969922 0.5811121 0.5970032 0.5811107 0.5965952 0.5811121 0.5970032 0.58111 0.5970054 0.5810593 0.2563514 0.5810621 0.2563556 0.5810655 0.256361 0.5810653 0.4053661 0.5810618 0.4053715 0.5811051 0.4052919 0.5810655 0.256361 0.5811052 0.2564353 0.5811066 0.2564382 0.5811064 0.405289 0.5811051 0.4052919 0.5811328 0.4052122 0.5811066 0.2564382 0.5811329 0.256515 0.5811329 0.256515 0.5811329 0.256515 0.5811329 0.256515 0.5811347 0.2565224 0.5811329 0.256515 0.5811347 0.2565224 0.5811472 0.2565994 0.5811472 0.2565994 0.5811347 0.2565224 0.5811472 0.2565993 0.5811472 0.2565994 0.5811472 0.2565993 0.5811481 0.2566116 0.5810593 0.2563514 0.5810655 0.256361 0.5810207 0.256299 0.5810207 0.256299 0.5810655 0.256361 0.5810046 0.25628 0.5810204 0.4054281 0.5810043 0.4054471 0.5810042 0.4054473 0.580953 0.2562266 0.5809627 0.2562359 0.5810046 0.25628 0.580953 0.2562266 0.5810046 0.25628 0.5809476 0.2562215 0.5809266 0.2562027 0.5809295 0.2562053 0.5810046 0.25628 0.5809203 0.2561973 0.5809203 0.2561973 0.5810046 0.25628 0.5810046 0.25628 0.5809203 0.2561973 0.5809205 0.2561974 0.5810046 0.25628 0.5809205 0.2561974 0.5809209 0.2561978 0.5809209 0.2561978 0.5809218 0.2561985 0.5810046 0.25628 0.5810046 0.25628 0.5809218 0.2561985 0.5809235 0.2562 0.5810046 0.25628 0.5809235 0.2562 0.5809266 0.2562027 0.5809295 0.2562053 0.5809329 0.2562082 0.5810046 0.25628 0.5810046 0.25628 0.5809329 0.2562082 0.5809394 0.256214 0.5810046 0.25628 0.5809394 0.256214 0.5809476 0.2562215 0.5809627 0.2562359 0.5809713 0.2562444 0.5810046 0.25628 0.5810046 0.25628 0.5809713 0.2562444 0.5809921 0.2562661 0.5810046 0.25628 0.5809921 0.2562661 0.5810045 0.2562798 0.5790538 0.2556118 0.579265 0.2556465 0.579265 0.2556465 0.5802152 0.2558886 0.5809203 0.2561973 0.5802152 0.2558886 0.5802152 0.2558886 0.5809203 0.2561973 0.5809203 0.2561973 0.579265 0.2556465 0.579265 0.2556465 0.5802152 0.2558886 0.5802152 0.2558886 0.579265 0.2556465 0.579835 0.2557721 0.5802152 0.2558886 0.579835 0.2557721 0.5802152 0.2558886 0.5790538 0.2556118 0.579265 0.2556465 0.5779515 0.2554975 0.5779515 0.2554975 0.579265 0.2556465 0.5779515 0.2554975 0.5779515 0.2554975 0.5779515 0.2554975 0.5751207 0.2552655 0.8607566 0.386595 0.8579164 0.3865802 0.8616522 0.3865802 0.04623103 0.8729143 0.04624444 0.8738099 0.04624444 0.8738099 0.04624444 0.8738099 0.04624444 0.8738099 0.04623103 0.8755854 0.8596918 0.5161023 0.8579164 0.5160831 0.8611447 0.5160831 0.5724682 0.2549501 0.5710315 0.2547332 0.5710315 0.2547332 0.5710315 0.2547332 0.5710315 0.2547332 0.5696477 0.2545373 0.5696477 0.2545373 0.5710315 0.2547332 0.568648 0.2544317 0.5696477 0.2545373 0.568648 0.2544317 0.568648 0.2544317 0.568648 0.2544317 0.568648 0.2544317 0.5669422 0.2542652 0.8596303 0.645614 0.8579165 0.6456035 0.8607227 0.6456035 0.6935282 0.8729143 0.6935333 0.8740069 0.6935333 0.8740069 0.6935333 0.8740069 0.6935333 0.8740069 0.6935282 0.8750444 0.8811748 0.8657152 0.8801373 0.8657027 0.8818543 0.8657027 0.7498069 0.8941187 0.7498224 0.8947982 0.7498224 0.8947982 0.7498224 0.8947982 0.7498224 0.8947982 0.7498069 0.8955131 0.8808522 0.2126324 0.8801372 0.21263 0.8821375 0.21263 0.563454 0.2537719 0.562195 0.2535135 0.562195 0.2535135 0.562195 0.2535135 0.562195 0.2535135 0.5615945 0.2534446 0.5615945 0.2534446 0.562195 0.2535135 0.5612117 0.2534241 0.5615945 0.2534446 0.5612117 0.2534241 0.5612117 0.2534241 0.5612117 0.2534241 0.5612117 0.2534241 0.5604706 0.2534177 0.5604706 0.2534177 0.5612117 0.2534241 0.5594727 0.2534348 0.5604706 0.2534177 0.5594727 0.2534348 0.5594727 0.2534348 0.5594727 0.2534348 0.5594727 0.2534348 0.5576517 0.2534895 0.5594727 0.2534348 0.5576517 0.2534895 0.5576517 0.2534895 0.556361 0.2536062 0.556361 0.2536062 0.5576517 0.2534895 0.5576517 0.2534895 0.556361 0.2536062 0.5573467 0.2535064 0.5576517 0.2534895 0.5573467 0.2535064 0.5576517 0.2534895 0.5522917 0.2547016 0.5549768 0.2539098 0.5549768 0.2539098 0.5549768 0.2539098 0.5549768 0.2539098 0.5551429 0.2538652 0.5549768 0.2539098 0.5551429 0.2538652 0.556361 0.2536062 0.556361 0.2536062 0.5551429 0.2538652 0.5562638 0.2536212 0.556361 0.2536062 0.5562638 0.2536212 0.556361 0.2536062 0.5270839 0.933883 0.5270752 0.9341742 0.5270752 0.9341742 0.5270752 0.9341742 0.5270752 0.9341742 0.5270839 0.9345842 0.804776 0.9143207 0.8047865 0.9147306 0.804776 0.9152714 0.5522917 0.2547016 0.5517692 0.2548412 0.5522917 0.2547016 0.5522917 0.2547016 0.5522917 0.2547016 0.5549768 0.2539098 0.00925517 0.9343289 0.009242475 0.93462 0.009242475 0.9338829 0.550637 0.2550182 0.5513686 0.254929 0.550637 0.2550182 0.550637 0.2550182 0.550637 0.2550182 0.5499028 0.2549846 0.9019643 0.5084632 0.901596 0.508472 0.9007525 0.5084632 0.5499028 0.2549846 0.5490714 0.2548415 0.5499028 0.2549846 0.5499028 0.2549846 0.5499028 0.2549846 0.550637 0.2550182 0.5476956 0.2545927 0.5485314 0.2547295 0.5487108 0.2547663 0.5487108 0.2547663 0.5485314 0.2547295 0.5487108 0.2547663 0.5487108 0.2547663 0.5487108 0.2547663 0.5490714 0.2548415 0.5487108 0.2547663 0.5476956 0.2545927 0.5476956 0.2545927 0.5476956 0.2545927 0.5476956 0.2545927 0.5470715 0.2545658 0.5476956 0.2545927 0.5470715 0.2545658 0.5470715 0.2545658 0.5470715 0.2545658 0.5470715 0.2545658 0.5466272 0.2546082 0.5470715 0.2545658 0.5466272 0.2546082 0.5466272 0.2546082 0.5772621 0.5965868 0.5780879 0.5965986 0.5779275 0.5967846 0.5796006 0.5966446 0.5793585 0.5968133 0.5789389 0.5966189 0.5789389 0.5966189 0.5793585 0.5968133 0.5788167 0.5968015 0.5789389 0.5966189 0.5788167 0.5968015 0.5786163 0.5966098 0.5786163 0.5966098 0.5788167 0.5968015 0.578617 0.5967973 0.5786163 0.5966098 0.578617 0.5967973 0.5780879 0.5965986 0.5780879 0.5965986 0.578617 0.5967973 0.5783171 0.5967914 0.5780879 0.5965986 0.5783171 0.5967914 0.5779275 0.5967846 0.5808344 0.5967332 0.5808346 0.5968061 0.5805639 0.5967076 0.5805639 0.5967076 0.5808346 0.5968061 0.5803021 0.596823 0.5805639 0.5967076 0.5803021 0.596823 0.5802402 0.5966822 0.5802402 0.5966822 0.5803021 0.596823 0.5800915 0.5968235 0.5802402 0.5966822 0.5800915 0.5968235 0.5796006 0.5966446 0.5796006 0.5966446 0.5800915 0.5968235 0.5796013 0.5968179 0.5796006 0.5966446 0.5796013 0.5968179 0.5793585 0.5968133 0.546777 0.597018 0.5467763 0.5968292 0.5474021 0.597009 0.5474021 0.597009 0.5467763 0.5968292 0.5473628 0.596821 0.5474021 0.597009 0.5473628 0.596821 0.5482944 0.596991 0.5482944 0.596991 0.5473628 0.596821 0.5482938 0.5968023 0.5482944 0.596991 0.5482938 0.5968023 0.5489386 0.5969753 0.5489386 0.5969753 0.5482938 0.5968023 0.5500735 0.5967563 0.5489386 0.5969753 0.5500735 0.5967563 0.5500741 0.596945 0.5500741 0.596945 0.5500735 0.5967563 0.5532766 0.5966714 0.5500741 0.596945 0.5532766 0.5966714 0.5532773 0.5968602 0.5532773 0.5968602 0.5532766 0.5966714 0.5545845 0.5966399 0.556675 0.5967953 0.5565047 0.5967974 0.556456 0.5966092 0.556456 0.5966092 0.5565047 0.5967974 0.5555463 0.5968108 0.556456 0.5966092 0.5555463 0.5968108 0.5545845 0.5966399 0.5545845 0.5966399 0.5555463 0.5968108 0.5545852 0.5968287 0.5545845 0.5966399 0.5545852 0.5968287 0.5532773 0.5968602 0.556456 0.5966092 0.5566743 0.5966066 0.556675 0.5967953 0.556675 0.5967953 0.5566743 0.5966066 0.5608451 0.5965585 0.556675 0.5967953 0.5608451 0.5965585 0.5608457 0.5967473 0.5608457 0.5967473 0.5608451 0.5965585 0.5621346 0.5965473 0.5608457 0.5967473 0.5621346 0.5965473 0.5621352 0.596736 0.5621352 0.596736 0.5621346 0.5965473 0.564664 0.5965384 0.5621352 0.596736 0.564664 0.5965384 0.5646646 0.5967271 0.5646646 0.5967271 0.564664 0.5965384 0.5657755 0.5965328 0.5646646 0.5967271 0.5657755 0.5965328 0.5672665 0.5967153 0.5672665 0.5967153 0.5657755 0.5965328 0.5675036 0.5965265 0.5672665 0.5967153 0.5675036 0.5965265 0.5675043 0.5967152 0.5675043 0.5967152 0.5675036 0.5965265 0.5676447 0.5965265 0.5675043 0.5967152 0.5676447 0.5965265 0.5691375 0.5967204 0.5691375 0.5967204 0.5676447 0.5965265 0.5701532 0.5965355 0.5691375 0.5967204 0.5701532 0.5965355 0.5719677 0.5967283 0.5719677 0.5967283 0.5701532 0.5965355 0.571578 0.5965389 0.5719677 0.5967283 0.571578 0.5965389 0.571967 0.5965395 0.5779275 0.5967846 0.5772627 0.5967756 0.5772621 0.5965868 0.5772621 0.5965868 0.5772627 0.5967756 0.5743169 0.5967443 0.5772621 0.5965868 0.5743169 0.5967443 0.5743163 0.5965556 0.5743163 0.5965556 0.5743169 0.5967443 0.5739558 0.5967403 0.5743163 0.5965556 0.5739558 0.5967403 0.5730128 0.5965434 0.5730128 0.5965434 0.5739558 0.5967403 0.5729739 0.5967319 0.5730128 0.5965434 0.5729739 0.5967319 0.571967 0.5965395 0.571967 0.5965395 0.5729739 0.5967319 0.5719913 0.5967283 0.571967 0.5965395 0.5719913 0.5967283 0.5719677 0.5967283 0.5497735 0.4039673 0.5490473 0.4032915 0.5506385 0.403935 0.5506385 0.403935 0.5490473 0.4032915 0.5514183 0.4029486 0.5506385 0.403935 0.5514183 0.4029486 0.550729 0.4039379 0.550729 0.4039379 0.5514183 0.4029486 0.551464 0.4040052 0.5497735 0.4039673 0.5495799 0.4039883 0.5490473 0.4032915 0.5490473 0.4032915 0.5495799 0.4039883 0.54852 0.4041674 0.5490473 0.4032915 0.54852 0.4041674 0.5481892 0.4042359 0.5764619 0.4032489 0.5779776 0.403472 0.5758014 0.4036338 0.5471472 0.4034847 0.5474913 0.4034634 0.5474024 0.4037265 0.5474024 0.4037265 0.5474913 0.4034634 0.5490473 0.4032915 0.5474024 0.4037265 0.5490473 0.4032915 0.5476228 0.4040213 0.5476228 0.4040213 0.5490473 0.4032915 0.5481892 0.4042359 0.5476228 0.4040213 0.5481892 0.4042359 0.5477756 0.4043182 0.5764619 0.4032489 0.5758014 0.4036338 0.5740298 0.4029121 0.5740298 0.4029121 0.5758014 0.4036338 0.5734604 0.4038718 0.5740298 0.4029121 0.5734604 0.4038718 0.5730586 0.4027934 0.5547181 0.4024934 0.5532255 0.4044122 0.5528247 0.4027451 0.5528247 0.4027451 0.5532255 0.4044122 0.5524222 0.4041936 0.5528247 0.4027451 0.5524222 0.4041936 0.5514183 0.4029486 0.5514183 0.4029486 0.5524222 0.4041936 0.5517672 0.4040537 0.5514183 0.4029486 0.5517672 0.4040537 0.551464 0.4040052 0.5730586 0.4027934 0.5734604 0.4038718 0.5720841 0.4027112 0.5720841 0.4027112 0.5734604 0.4038718 0.5726808 0.4039687 0.5720841 0.4027112 0.5726808 0.4039687 0.5692319 0.4024894 0.5613908 0.4055273 0.5608333 0.4022322 0.5617531 0.4054868 0.5617531 0.4054868 0.5608333 0.4022322 0.5618401 0.402211 0.5726808 0.4039687 0.570698 0.4042587 0.5692319 0.4024894 0.5692319 0.4024894 0.570698 0.4042587 0.5693747 0.4044471 0.5692319 0.4024894 0.5693747 0.4044471 0.5673736 0.4023458 0.5673736 0.4023458 0.5693747 0.4044471 0.566646 0.4047199 0.5673736 0.4023458 0.566646 0.4047199 0.5654356 0.4023023 0.5654356 0.4023023 0.566646 0.4047199 0.5662927 0.4047586 0.5654356 0.4023023 0.5662927 0.4047586 0.5628491 0.4022291 0.5628491 0.4022291 0.5662927 0.4047586 0.5643261 0.4049948 0.5628491 0.4022291 0.5643261 0.4049948 0.5618401 0.402211 0.5618401 0.402211 0.5643261 0.4049948 0.5628103 0.4052696 0.5618401 0.402211 0.5628103 0.4052696 0.5617531 0.4054868 0.5613908 0.4055273 0.5608034 0.4055472 0.5608333 0.4022322 0.5608333 0.4022322 0.5608034 0.4055472 0.5587955 0.4055106 0.5608333 0.4022322 0.5587955 0.4055106 0.5566236 0.4023641 0.5566236 0.4023641 0.5587955 0.4055106 0.5580347 0.4054857 0.5566236 0.4023641 0.5580347 0.4054857 0.55752 0.40546 0.55752 0.40546 0.5568952 0.405402 0.5566236 0.4023641 0.5566236 0.4023641 0.5568952 0.405402 0.5566986 0.4053735 0.5566236 0.4023641 0.5566986 0.4053735 0.55567 0.4024123 0.55567 0.4024123 0.5566986 0.4053735 0.5558134 0.4051769 0.55567 0.4024123 0.5558134 0.4051769 0.5547181 0.4024934 0.5547181 0.4024934 0.5558134 0.4051769 0.5542736 0.4047247 0.5547181 0.4024934 0.5542736 0.4047247 0.5532255 0.4044122 0.547452 0.2582096 0.5471702 0.258192 0.5474011 0.2579703 0.547452 0.2582096 0.5474011 0.2579703 0.5482552 0.2582847 0.5482552 0.2582847 0.5474011 0.2579703 0.5476218 0.2576757 0.5482552 0.2582847 0.5476218 0.2576757 0.5503926 0.2585838 0.5478338 0.2559035 0.5476888 0.2555651 0.5487108 0.2547663 0.5487108 0.2547663 0.5476888 0.2555651 0.5474873 0.2552571 0.5487108 0.2547663 0.5474873 0.2552571 0.5476956 0.2545927 0.5476956 0.2545927 0.5474873 0.2552571 0.5472353 0.2549887 0.5476956 0.2545927 0.5472353 0.2549887 0.5470715 0.2545658 0.5470715 0.2545658 0.5472353 0.2549887 0.5469405 0.2547681 0.5470715 0.2545658 0.5469405 0.2547681 0.5466272 0.2546082 0.5547657 0.259194 0.5528688 0.2589423 0.5478944 0.2569949 0.5478944 0.2569949 0.5528688 0.2589423 0.5503926 0.2585838 0.5478944 0.2569949 0.5503926 0.2585838 0.5477879 0.2573472 0.5477879 0.2573472 0.5503926 0.2585838 0.5476218 0.2576757 0.5479381 0.2566294 0.5479177 0.2562619 0.5641552 0.2539121 0.5789533 0.2580056 0.5781298 0.2582024 0.5479381 0.2566294 0.5479381 0.2566294 0.5781298 0.2582024 0.5769307 0.2583898 0.5479381 0.2566294 0.5769307 0.2583898 0.5749053 0.2586627 0.5749053 0.2586627 0.5730934 0.2589015 0.5479381 0.2566294 0.5479381 0.2566294 0.5730934 0.2589015 0.5716692 0.2590154 0.5479381 0.2566294 0.5716692 0.2590154 0.5702441 0.2591197 0.5702441 0.2591197 0.5677446 0.2593274 0.5479381 0.2566294 0.5479381 0.2566294 0.5677446 0.2593274 0.5658877 0.2593831 0.5479381 0.2566294 0.5658877 0.2593831 0.5632919 0.2594459 0.5632919 0.2594459 0.5623086 0.2594738 0.5479381 0.2566294 0.5479381 0.2566294 0.5623086 0.2594738 0.5613266 0.2594709 0.5479381 0.2566294 0.5613266 0.2594709 0.5478944 0.2569949 0.5478944 0.2569949 0.5613266 0.2594709 0.5565741 0.2593182 0.5478944 0.2569949 0.5565741 0.2593182 0.5547657 0.259194 0.5641552 0.2539121 0.5658567 0.2541421 0.5479381 0.2566294 0.5479381 0.2566294 0.5658567 0.2541421 0.568648 0.2544317 0.5479381 0.2566294 0.568648 0.2544317 0.5710315 0.2547332 0.5802152 0.2558886 0.5809203 0.2561973 0.5810046 0.25628 0.5522917 0.2547016 0.5594727 0.2534348 0.5612117 0.2534241 0.5710315 0.2547332 0.5742298 0.255173 0.5800645 0.2575456 0.5800645 0.2575456 0.5742298 0.255173 0.5779515 0.2554975 0.5800645 0.2575456 0.5779515 0.2554975 0.5804851 0.2572747 0.5804851 0.2572747 0.5779515 0.2554975 0.579265 0.2556465 0.5804851 0.2572747 0.579265 0.2556465 0.5810933 0.2567694 0.5810933 0.2567694 0.579265 0.2556465 0.5802152 0.2558886 0.5594727 0.2534348 0.5522917 0.2547016 0.5576517 0.2534895 0.5576517 0.2534895 0.5522917 0.2547016 0.5549768 0.2539098 0.5576517 0.2534895 0.5549768 0.2539098 0.556361 0.2536062 0.5487108 0.2547663 0.5499028 0.2549846 0.5478338 0.2559035 0.5478338 0.2559035 0.5499028 0.2549846 0.550637 0.2550182 0.5478338 0.2559035 0.550637 0.2550182 0.5479177 0.2562619 0.5479177 0.2562619 0.550637 0.2550182 0.5513686 0.254929 0.5479177 0.2562619 0.5513686 0.254929 0.5641552 0.2539121 0.5641552 0.2539121 0.5513686 0.254929 0.5522917 0.2547016 0.5641552 0.2539121 0.5522917 0.2547016 0.562195 0.2535135 0.562195 0.2535135 0.5522917 0.2547016 0.5612117 0.2534241 0.5710315 0.2547332 0.5800645 0.2575456 0.5479381 0.2566294 0.5479381 0.2566294 0.5800645 0.2575456 0.579569 0.2577878 0.5479381 0.2566294 0.579569 0.2577878 0.5789533 0.2580056 0.5810046 0.25628 0.5810655 0.256361 0.5802152 0.2558886 0.5802152 0.2558886 0.5810655 0.256361 0.5811066 0.2564382 0.5802152 0.2558886 0.5811066 0.2564382 0.5811329 0.256515 0.5811436 0.2567263 0.5810933 0.2567694 0.5811474 0.2566906 0.5811474 0.2566906 0.5810933 0.2567694 0.5802152 0.2558886 0.5811474 0.2566906 0.5802152 0.2558886 0.5811472 0.2565994 0.5811472 0.2565994 0.5802152 0.2558886 0.5811329 0.256515 0.5286341 0.4042959 0.5288435 0.4049964 0.5273277 0.4052712 0.5115579 0.4060816 0.5113408 0.4057673 0.5117193 0.4057011 0.5109944 0.4053379 0.5110149 0.4057086 0.5105099 0.4052641 0.5105066 0.4051381 0.5105191 0.4050612 0.5107683 0.4049184 0.510521 0.4050537 0.5105487 0.4049741 0.5107368 0.40486 0.5105919 0.4048945 0.5105947 0.4048903 0.5107175 0.4048241 0.5106399 0.5973625 0.5106518 0.5973541 0.5106863 0.5973517 0.5106949 0.5973227 0.5107029 0.5973158 0.5112303 0.5972788 0.5107091 0.5973096 0.5107124 0.597306 0.5112291 0.5972701 0.5448907 0.5969005 0.5448803 0.5969068 0.5447478 0.5969048 0.5448195 0.403277 0.5448157 0.4032611 0.5448352 0.4032686 0.5445091 0.4034827 0.5444678 0.4034703 0.54471 0.4033407 0.5444201 0.4035579 0.5442486 0.4037296 0.5440563 0.4038084 0.5438817 0.4043098 0.5438207 0.4044722 0.5433785 0.4045637 0.5437197 0.4049873 0.5437156 0.405198 0.5435212 0.4052742 0.5435212 0.4052742 0.5437156 0.405198 0.5437238 0.4053305 0.5437238 0.4053305 0.543759 0.4055636 0.5434646 0.4060301 0.543759 0.4055636 0.5437715 0.4056196 0.5434646 0.4060301 0.5434646 0.4060301 0.5437715 0.4056196 0.5438652 0.405916 0.5434646 0.4060301 0.5438652 0.405916 0.5438782 0.4059479 0.5438207 0.4044722 0.5437721 0.4046437 0.5433785 0.4045637 0.5433785 0.4045637 0.5437721 0.4046437 0.5437364 0.4048306 0.5433785 0.4045637 0.5437364 0.4048306 0.5437197 0.4049873 0.5439659 0.404134 0.5432527 0.4039381 0.5440515 0.403989 0.5440515 0.403989 0.5432527 0.4039381 0.5440563 0.4038084 0.5440515 0.403989 0.5440563 0.4038084 0.5441678 0.4038261 0.5441678 0.4038261 0.5440563 0.4038084 0.5442486 0.4037296 0.5444678 0.4034703 0.5445091 0.4034827 0.5440244 0.4034937 0.5444681 0.40331 0.5447373 0.403324 0.5447149 0.4033377 0.5448157 0.4032611 0.5448195 0.403277 0.5444682 0.4032437 0.5449527 0.5968308 0.544952 0.5968362 0.5447434 0.5968366 0.5107153 0.5973022 0.5107182 0.5972974 0.5112284 0.5972619 0.5112284 0.5972619 0.5107182 0.5972974 0.5107198 0.5972938 0.5107207 0.5972911 0.5107212 0.5972887 0.5112351 0.5972611 0.5105056 0.4051504 0.5108443 0.4050595 0.5105063 0.4052294 0.5105063 0.4052294 0.5108443 0.4050595 0.5105078 0.4052467 0.5129007 0.4061461 0.5126096 0.4065365 0.5123404 0.4062596 0.5123404 0.4062596 0.5126096 0.4065365 0.5122281 0.406402 0.5123404 0.4062596 0.5122281 0.406402 0.5121033 0.4063513 0.5437238 0.4053305 0.5434646 0.4060301 0.5435212 0.4052742 0.5435212 0.4052742 0.5434646 0.4060301 0.5431337 0.4060986 0.5435212 0.4052742 0.5431337 0.4060986 0.5429877 0.4053843 0.5429877 0.4053843 0.5431337 0.4060986 0.5420739 0.4062778 0.5429877 0.4053843 0.5420739 0.4062778 0.5423911 0.4054961 0.5423911 0.4054961 0.5420739 0.4062778 0.5418803 0.4062987 0.5423911 0.4054961 0.5418803 0.4062987 0.5418105 0.4055729 0.5418105 0.4055729 0.5418803 0.4062987 0.5410153 0.4063311 0.5418105 0.4055729 0.5410153 0.4063311 0.5410339 0.4056022 0.5410339 0.4056022 0.5410153 0.4063311 0.5409248 0.4063282 0.5410339 0.4056022 0.5409248 0.4063282 0.5402918 0.4055389 0.5409248 0.4063282 0.5401898 0.4062609 0.5402918 0.4055389 0.5402918 0.4055389 0.5401898 0.4062609 0.5398866 0.4062123 0.5402918 0.4055389 0.5398866 0.4062123 0.5394055 0.4053643 0.5380882 0.5968547 0.5365863 0.5967979 0.5392934 0.5968821 0.5398866 0.4062123 0.5392316 0.4060724 0.5394055 0.4053643 0.5394055 0.4053643 0.5392316 0.4060724 0.5384283 0.4058538 0.5394055 0.4053643 0.5384283 0.4058538 0.5385089 0.4051178 0.5385089 0.4051178 0.5384283 0.4058538 0.5373802 0.4055413 0.5385089 0.4051178 0.5373802 0.4055413 0.5375916 0.4048435 0.5375916 0.4048435 0.5373802 0.4055413 0.5358405 0.4050891 0.5375916 0.4048435 0.5358405 0.4050891 0.5359968 0.4043762 0.5359968 0.4043762 0.5358405 0.4050891 0.5349552 0.4048925 0.5359968 0.4043762 0.5349552 0.4048925 0.5350714 0.4041727 0.5350714 0.4041727 0.5349552 0.4048925 0.5347586 0.4048641 0.5350714 0.4041727 0.5347586 0.4048641 0.5341806 0.4040784 0.5347586 0.4048641 0.5341338 0.4048061 0.5341806 0.4040784 0.5341806 0.4040784 0.5341338 0.4048061 0.5336191 0.4047803 0.5341806 0.4040784 0.5336191 0.4047803 0.5328786 0.4040266 0.5336191 0.4047803 0.5328583 0.4047554 0.5328786 0.4040266 0.5328786 0.4040266 0.5328583 0.4047554 0.5308504 0.4047188 0.5328786 0.4040266 0.5308504 0.4047188 0.5311635 0.403991 0.5311635 0.403991 0.5308504 0.4047188 0.530263 0.4047387 0.5311635 0.403991 0.530263 0.4047387 0.5302097 0.4040116 0.5302097 0.4040116 0.530263 0.4047387 0.5299007 0.4047792 0.5302097 0.4040116 0.5299007 0.4047792 0.5294658 0.4041159 0.5249296 0.4048212 0.5222791 0.4058189 0.5222504 0.4050878 0.5222504 0.4050878 0.5222791 0.4058189 0.5209558 0.4060073 0.5222504 0.4050878 0.5209558 0.4060073 0.5208456 0.4052866 0.5208456 0.4052866 0.5209558 0.4060073 0.5189729 0.4062973 0.5208456 0.4052866 0.5189729 0.4062973 0.5194725 0.4054923 0.5194725 0.4054923 0.5189729 0.4062973 0.5181934 0.4063943 0.5194725 0.4054923 0.5181934 0.4063943 0.5181092 0.4056699 0.5181092 0.4056699 0.5181934 0.4063943 0.5158523 0.4066321 0.5181092 0.4056699 0.5158523 0.4066321 0.5167325 0.4058159 0.5167325 0.4058159 0.5158523 0.4066321 0.5136762 0.4067941 0.5167325 0.4058159 0.5136762 0.4067941 0.5138646 0.4060487 0.5138646 0.4060487 0.5136762 0.4067941 0.5129614 0.4066377 0.5138646 0.4060487 0.5129614 0.4066377 0.5129007 0.4061461 0.5129007 0.4061461 0.5129614 0.4066377 0.5128108 0.4065967 0.5129007 0.4061461 0.5128108 0.4065967 0.5126096 0.4065365 0.9591435 0.17564 0.9594953 0.1756396 0.9595023 0.17564 0.5447505 0.596837 0.5447434 0.5968366 0.544952 0.5968362 0.5447505 0.596837 0.544952 0.5968362 0.5449504 0.596842 0.5445074 0.5968263 0.5443988 0.5968365 0.5438843 0.5968344 0.5438843 0.5968344 0.5443988 0.5968365 0.5439087 0.5968421 0.5438843 0.5968344 0.5439087 0.5968421 0.5430529 0.5968584 0.5430529 0.5968584 0.5439087 0.5968421 0.5430529 0.596861 0.5430529 0.5968584 0.5430529 0.596861 0.5428747 0.5968645 0.5428747 0.5968645 0.5430529 0.596861 0.5425164 0.5968796 0.5428747 0.5968645 0.5425164 0.5968796 0.5425164 0.596877 0.5447149 0.4033377 0.54471 0.4033407 0.5444681 0.40331 0.5444681 0.40331 0.54471 0.4033407 0.5444678 0.4034703 0.5444681 0.40331 0.5444678 0.4034703 0.5440082 0.4033342 0.5440082 0.4033342 0.5444678 0.4034703 0.5440244 0.4034937 0.5440082 0.4033342 0.5440244 0.4034937 0.5431588 0.4034709 0.5431588 0.4034709 0.5440244 0.4034937 0.5431904 0.403628 0.5431588 0.4034709 0.5431904 0.403628 0.5426193 0.4035822 0.5426193 0.4035822 0.5431904 0.403628 0.5426514 0.4037392 0.5426193 0.4035822 0.5426514 0.4037392 0.5416343 0.403742 0.5449528 0.5968286 0.5449527 0.5968308 0.5445074 0.5968263 0.5445074 0.5968263 0.5449527 0.5968308 0.5447434 0.5968366 0.5445074 0.5968263 0.5447434 0.5968366 0.5443988 0.5968365 0.5443988 0.5968365 0.5447434 0.5968366 0.5443918 0.5968373 0.5443988 0.5968365 0.5443918 0.5968373 0.5439087 0.5968421 0.5439087 0.5968421 0.5443918 0.5968373 0.5439147 0.5968441 0.5439087 0.5968421 0.5439147 0.5968441 0.5430529 0.596861 0.5430529 0.596861 0.5439147 0.5968441 0.5430532 0.5968688 0.5430529 0.596861 0.5430532 0.5968688 0.5425164 0.5968796 0.5425164 0.5968796 0.5430532 0.5968688 0.5425167 0.5968874 0.5425164 0.5968796 0.5425167 0.5968874 0.5415623 0.5969142 0.5415623 0.5969142 0.5425167 0.5968874 0.5415552 0.5969151 0.5415623 0.5969142 0.5415552 0.5969151 0.5410172 0.5969204 0.5410172 0.5969204 0.5415552 0.5969151 0.541024 0.5969217 0.5410172 0.5969204 0.541024 0.5969217 0.5405115 0.5969197 0.5405116 0.5969119 0.5405116 0.5969094 0.5409568 0.5969116 0.5405116 0.5969094 0.5405116 0.5969119 0.5402228 0.5969052 0.3976281 0.9342929 0.3976194 0.9345842 0.3976194 0.933883 0.5402228 0.5969052 0.5398198 0.5968992 0.5398198 0.5968966 0.5425164 0.596877 0.5425164 0.5968796 0.5416896 0.5969018 0.5416896 0.5969018 0.5425164 0.5968796 0.5415623 0.5969142 0.5416896 0.5969018 0.5415623 0.5969142 0.5409568 0.5969116 0.5409568 0.5969116 0.5415623 0.5969142 0.5410172 0.5969204 0.5409568 0.5969116 0.5410172 0.5969204 0.5405116 0.5969119 0.5405116 0.5969119 0.5410172 0.5969204 0.5405115 0.5969197 0.5405116 0.5969119 0.5405115 0.5969197 0.5398198 0.5968992 0.5398198 0.5968992 0.5405115 0.5969197 0.5398197 0.596907 0.5398198 0.5968992 0.5398197 0.596907 0.5390099 0.5968835 0.5390099 0.5968835 0.5398197 0.596907 0.5390027 0.5968837 0.5390099 0.5968835 0.5390027 0.5968837 0.5380955 0.5968551 0.5398198 0.5968966 0.5398198 0.5968992 0.5392934 0.5968821 0.5392934 0.5968821 0.5398198 0.5968992 0.5390099 0.5968835 0.5392934 0.5968821 0.5390099 0.5968835 0.5380882 0.5968547 0.5380882 0.5968547 0.5390099 0.5968835 0.5380955 0.5968551 0.5380882 0.5968547 0.5380955 0.5968551 0.5364188 0.5968036 0.8803092 0.6067896 0.8818622 0.6067934 0.8801373 0.6067934 0.5364189 0.5967959 0.5380882 0.5968547 0.5364188 0.5968036 0.5364189 0.5967959 0.5364188 0.5968036 0.5352914 0.5967721 0.5352914 0.5967721 0.5364188 0.5968036 0.5352913 0.5967798 0.5352914 0.5967721 0.5352913 0.5967798 0.5342056 0.5967649 0.9007524 0.7859453 0.9017431 0.7859405 0.9018414 0.7859453 0.5352914 0.5967721 0.5351937 0.5967682 0.5352913 0.5967695 0.5352914 0.5967721 0.5352913 0.5967695 0.5364189 0.5967959 0.5364189 0.5967959 0.5352913 0.5967695 0.5364189 0.5967933 0.5364189 0.5967959 0.5364189 0.5967933 0.5365863 0.5967979 0.8793008 0.8941187 0.8793058 0.895197 0.8793008 0.8955025 0.5342056 0.5967649 0.5339002 0.5967623 0.5342055 0.5967623 0.5342056 0.5967649 0.5342055 0.5967623 0.5351937 0.5967682 0.5352913 0.5967798 0.5342056 0.5967727 0.5342056 0.5967649 0.5342056 0.5967649 0.5342056 0.5967727 0.5328295 0.5967756 0.5342056 0.5967649 0.5328295 0.5967756 0.5328219 0.5967755 0.5328219 0.5967755 0.5328295 0.5967756 0.5310805 0.5967838 0.9007524 0.6379349 0.9011357 0.6379235 0.9018767 0.6379349 0.5310804 0.596776 0.5303398 0.5967797 0.5310804 0.5967735 0.5310804 0.596776 0.5310804 0.5967735 0.5320783 0.5967684 0.5439659 0.404134 0.5438817 0.4043098 0.5432527 0.4039381 0.5432527 0.4039381 0.5438817 0.4043098 0.5433785 0.4045637 0.5432527 0.4039381 0.5433785 0.4045637 0.5427147 0.4040491 0.5427147 0.4040491 0.5433785 0.4045637 0.5428426 0.4046743 0.5427147 0.4040491 0.5428426 0.4046743 0.5421699 0.4041514 0.5421699 0.4041514 0.5428426 0.4046743 0.5422735 0.4047811 0.5421699 0.4041514 0.5422735 0.4047811 0.5416799 0.4042164 0.5416799 0.4042164 0.5422735 0.4047811 0.541741 0.4048516 0.5416799 0.4042164 0.541741 0.4048516 0.5410687 0.4042398 0.5410687 0.4042398 0.541741 0.4048516 0.5410524 0.4048778 0.5410687 0.4042398 0.5410524 0.4048778 0.5404826 0.4041895 0.5404826 0.4041895 0.5410524 0.4048778 0.5403932 0.4048214 0.5404826 0.4041895 0.5403932 0.4048214 0.5397304 0.4040408 0.5397304 0.4040408 0.5403932 0.4048214 0.5395783 0.4046606 0.5397304 0.4040408 0.5395783 0.4046606 0.538892 0.40381 0.538892 0.40381 0.5395783 0.4046606 0.5387126 0.4044224 0.538892 0.40381 0.5387126 0.4044224 0.5379868 0.4035392 0.5379868 0.4035392 0.5387126 0.4044224 0.5378017 0.40415 0.5379868 0.4035392 0.5378017 0.40415 0.536346 0.4030588 0.536346 0.4030588 0.5378017 0.40415 0.5361825 0.4036757 0.536346 0.4030588 0.5361825 0.4036757 0.5352886 0.4028273 0.5352886 0.4028273 0.5361825 0.4036757 0.5351868 0.4034574 0.5352886 0.4028273 0.5351868 0.4034574 0.534268 0.4027184 0.534268 0.4027184 0.5351868 0.4034574 0.534227 0.4033553 0.534268 0.4027184 0.534227 0.4033553 0.5329166 0.4026643 0.5329166 0.4026643 0.534227 0.4033553 0.5328989 0.4033023 0.5329166 0.4026643 0.5328989 0.4033023 0.5311788 0.4026283 0.5311788 0.4026283 0.5328989 0.4033023 0.5311716 0.4032664 0.5311788 0.4026283 0.5311716 0.4032664 0.5301099 0.4026524 0.5301099 0.4026524 0.5311716 0.4032664 0.5301566 0.4032889 0.5301099 0.4026524 0.5301566 0.4032889 0.5292028 0.4027787 0.5292028 0.4027787 0.5301566 0.4032889 0.529326 0.4034048 0.5292028 0.4027787 0.529326 0.4034048 0.5283422 0.4029647 0.5437197 0.4049873 0.5435212 0.4052742 0.5433785 0.4045637 0.5433785 0.4045637 0.5435212 0.4052742 0.5429877 0.4053843 0.5433785 0.4045637 0.5429877 0.4053843 0.5428426 0.4046743 0.5428426 0.4046743 0.5429877 0.4053843 0.5423911 0.4054961 0.5428426 0.4046743 0.5423911 0.4054961 0.5422735 0.4047811 0.5422735 0.4047811 0.5423911 0.4054961 0.5418105 0.4055729 0.5422735 0.4047811 0.5418105 0.4055729 0.541741 0.4048516 0.541741 0.4048516 0.5418105 0.4055729 0.5410339 0.4056022 0.541741 0.4048516 0.5410339 0.4056022 0.5410524 0.4048778 0.5410524 0.4048778 0.5410339 0.4056022 0.5402918 0.4055389 0.5410524 0.4048778 0.5402918 0.4055389 0.5403932 0.4048214 0.5403932 0.4048214 0.5402918 0.4055389 0.5394055 0.4053643 0.5403932 0.4048214 0.5394055 0.4053643 0.5395783 0.4046606 0.5395783 0.4046606 0.5394055 0.4053643 0.5385089 0.4051178 0.5395783 0.4046606 0.5385089 0.4051178 0.5387126 0.4044224 0.5387126 0.4044224 0.5385089 0.4051178 0.5375916 0.4048435 0.5387126 0.4044224 0.5375916 0.4048435 0.5378017 0.40415 0.5378017 0.40415 0.5375916 0.4048435 0.5359968 0.4043762 0.5378017 0.40415 0.5359968 0.4043762 0.5361825 0.4036757 0.5361825 0.4036757 0.5359968 0.4043762 0.5350714 0.4041727 0.5361825 0.4036757 0.5350714 0.4041727 0.5351868 0.4034574 0.5351868 0.4034574 0.5350714 0.4041727 0.5341806 0.4040784 0.5351868 0.4034574 0.5341806 0.4040784 0.534227 0.4033553 0.534227 0.4033553 0.5341806 0.4040784 0.5328786 0.4040266 0.534227 0.4033553 0.5328786 0.4040266 0.5328989 0.4033023 0.5328989 0.4033023 0.5328786 0.4040266 0.5311635 0.403991 0.5328989 0.4033023 0.5311635 0.403991 0.5311716 0.4032664 0.5311716 0.4032664 0.5311635 0.403991 0.5302097 0.4040116 0.5311716 0.4032664 0.5302097 0.4040116 0.5301566 0.4032889 0.5301566 0.4032889 0.5302097 0.4040116 0.5294658 0.4041159 0.5301566 0.4032889 0.5294658 0.4041159 0.529326 0.4034048 0.6203184 0.895513 0.6203029 0.8948335 0.6203184 0.8941187 0.5281087 0.5968441 0.5274119 0.596865 0.5281087 0.5968416 0.5281087 0.5968441 0.5281087 0.5968416 0.5289845 0.5968202 0.9011357 0.3790037 0.9020377 0.3790129 0.9007524 0.3790129 0.2869891 0.915308 0.286974 0.9149249 0.2869891 0.9143207 0.5299578 0.5967878 0.5293596 0.5967985 0.5299578 0.5967851 0.5299578 0.5967878 0.5299578 0.5967851 0.5303398 0.5967797 0.5284789 0.4035881 0.5286341 0.4042959 0.5278707 0.4044482 0.5278707 0.4044482 0.5286341 0.4042959 0.5273277 0.4052712 0.5278707 0.4044482 0.5273277 0.4052712 0.5271006 0.4045666 0.5271006 0.4045666 0.5273277 0.4052712 0.5253611 0.4055074 0.5271006 0.4045666 0.5253611 0.4055074 0.5249296 0.4048212 0.5249296 0.4048212 0.5253611 0.4055074 0.5250077 0.4055461 0.5249296 0.4048212 0.5250077 0.4055461 0.5222791 0.4058189 0.8229635 0.8750444 0.8229586 0.8739519 0.8229635 0.8729144 0.5267436 0.596886 0.525718 0.5969076 0.5267436 0.5968835 0.5267436 0.596886 0.5267436 0.5968835 0.5274119 0.596865 0.8606356 0.7750666 0.8596303 0.7750716 0.8579165 0.7750666 0.5246365 0.5969341 0.5229364 0.5969658 0.5246365 0.5969316 0.5246365 0.5969341 0.5246365 0.5969316 0.525718 0.5969076 0.5448889 0.403241 0.5448352 0.4032686 0.5448198 0.4032205 0.5448198 0.4032205 0.5448352 0.4032686 0.5448157 0.4032611 0.5448198 0.4032205 0.5448157 0.4032611 0.5444683 0.403203 0.5444683 0.403203 0.5448157 0.4032611 0.5444682 0.4032437 0.5444683 0.403203 0.5444682 0.4032437 0.5439974 0.4032278 0.5439974 0.4032278 0.5444682 0.4032437 0.5440015 0.4032683 0.5439974 0.4032278 0.5440015 0.4032683 0.5431377 0.4033659 0.5431377 0.4033659 0.5440015 0.4032683 0.5431458 0.4034059 0.5431377 0.4033659 0.5431458 0.4034059 0.5425978 0.4034773 0.5425978 0.4034773 0.5431458 0.4034059 0.542606 0.4035172 0.5425978 0.4034773 0.542606 0.4035172 0.541624 0.4036355 0.541624 0.4036355 0.542606 0.4035172 0.5416279 0.403676 0.541624 0.4036355 0.5416279 0.403676 0.5410836 0.4036564 0.5410836 0.4036564 0.5416279 0.403676 0.5410826 0.4036971 0.5410836 0.4036564 0.5410826 0.4036971 0.5405643 0.4036117 0.5405643 0.4036117 0.5410826 0.4036971 0.5405586 0.403652 0.5405643 0.4036117 0.5405586 0.403652 0.5398696 0.403474 0.5398696 0.403474 0.5405586 0.403652 0.5398598 0.4035136 0.5398696 0.403474 0.5398598 0.4035136 0.539056 0.4032499 0.539056 0.4032499 0.5398598 0.4035136 0.5390446 0.403289 0.539056 0.4032499 0.5390446 0.403289 0.538156 0.4029807 0.538156 0.4029807 0.5390446 0.403289 0.5381442 0.4030196 0.538156 0.4029807 0.5381442 0.4030196 0.5364955 0.4024947 0.5364955 0.4024947 0.5381442 0.4030196 0.5364851 0.4025341 0.5364955 0.4024947 0.5364851 0.4025341 0.5353816 0.4022512 0.5353816 0.4022512 0.5364851 0.4025341 0.5353751 0.4022914 0.5353816 0.4022512 0.5353751 0.4022914 0.5343054 0.402136 0.5343054 0.402136 0.5353751 0.4022914 0.5343028 0.4021767 0.5343054 0.402136 0.5343028 0.4021767 0.5329329 0.402081 0.5329329 0.402081 0.5343028 0.4021767 0.5329318 0.4021217 0.5329329 0.402081 0.5329318 0.4021217 0.5311853 0.4020448 0.5311853 0.4020448 0.5329318 0.4021217 0.5311848 0.4020855 0.5311853 0.4020448 0.5311848 0.4020855 0.5300672 0.4020704 0.5300672 0.4020704 0.5311848 0.4020855 0.5300702 0.402111 0.5300672 0.4020704 0.5300702 0.402111 0.5290901 0.4022061 0.5290901 0.4022061 0.5300702 0.402111 0.529098 0.402246 0.5290901 0.4022061 0.529098 0.402246 0.5282172 0.4023947 0.5282172 0.4023947 0.529098 0.402246 0.528226 0.4024344 0.5282172 0.4023947 0.528226 0.4024344 0.5268386 0.4026379 0.5268386 0.4026379 0.528226 0.4024344 0.526844 0.4026783 0.5268386 0.4026379 0.526844 0.4026783 0.5247211 0.402886 0.5247211 0.402886 0.526844 0.4026783 0.5247254 0.4029265 0.5247211 0.402886 0.5247254 0.4029265 0.5220163 0.4031556 0.5220163 0.4031556 0.5247254 0.4029265 0.5220212 0.403196 0.5220163 0.4031556 0.5220212 0.403196 0.5205514 0.4033626 0.5205514 0.4033626 0.5220212 0.403196 0.5205575 0.4034028 0.5205514 0.4033626 0.5205575 0.4034028 0.5191969 0.4035655 0.5125698 0.5971988 0.5136683 0.5971732 0.5136888 0.5971754 0.5136888 0.5971754 0.5136683 0.5971732 0.516491 0.5971222 0.5136888 0.5971754 0.516491 0.5971222 0.516491 0.5971248 0.516491 0.5971248 0.516491 0.5971222 0.5173788 0.5971036 0.3052223 0.8755856 0.305209 0.87469 0.3052223 0.8729145 0.519133 0.5970641 0.5173788 0.5971036 0.519133 0.5970615 0.519133 0.5970641 0.519133 0.5970615 0.5204801 0.5970275 0.5204801 0.5970275 0.519133 0.5970615 0.5205628 0.5970227 0.5204801 0.5970275 0.5205628 0.5970227 0.5219402 0.5969895 0.5219402 0.5969895 0.5205628 0.5970227 0.5219402 0.596987 0.5219402 0.5969895 0.5219402 0.596987 0.5229364 0.5969658 0.9214186 0.6748819 0.920835 0.6748904 0.9206211 0.6748819 0.5125698 0.5971988 0.5123597 0.5972023 0.5125698 0.5971962 0.5125698 0.5971988 0.5125698 0.5971962 0.5136683 0.5971732 0.5284789 0.4035881 0.5278707 0.4044482 0.5277457 0.4037344 0.5277457 0.4037344 0.5278707 0.4044482 0.5271006 0.4045666 0.5277457 0.4037344 0.5271006 0.4045666 0.5270031 0.4038485 0.5270031 0.4038485 0.5271006 0.4045666 0.5249296 0.4048212 0.5270031 0.4038485 0.5249296 0.4048212 0.524852 0.4041007 0.524852 0.4041007 0.5249296 0.4048212 0.5222504 0.4050878 0.524852 0.4041007 0.5222504 0.4050878 0.5221632 0.4043685 0.5221632 0.4043685 0.5222504 0.4050878 0.5208456 0.4052866 0.5221632 0.4043685 0.5208456 0.4052866 0.520736 0.4045703 0.520736 0.4045703 0.5208456 0.4052866 0.5194725 0.4054923 0.520736 0.4045703 0.5194725 0.4054923 0.5193699 0.404775 0.5193699 0.404775 0.5194725 0.4054923 0.5181092 0.4056699 0.5193699 0.404775 0.5181092 0.4056699 0.5180255 0.4049502 0.5180255 0.4049502 0.5181092 0.4056699 0.5167325 0.4058159 0.5180255 0.4049502 0.5167325 0.4058159 0.5166612 0.4050948 0.5166612 0.4050948 0.5167325 0.4058159 0.5138646 0.4060487 0.5166612 0.4050948 0.5138646 0.4060487 0.513814 0.4053259 0.513814 0.4053259 0.5138646 0.4060487 0.5129007 0.4061461 0.513814 0.4053259 0.5129007 0.4061461 0.512793 0.4054296 0.512793 0.4054296 0.5129007 0.4061461 0.5123404 0.4062596 0.512793 0.4054296 0.5123404 0.4062596 0.5121532 0.4055596 0.5121532 0.4055596 0.5123404 0.4062596 0.5121033 0.4063513 0.5121532 0.4055596 0.5121033 0.4063513 0.5117193 0.4057011 0.5117193 0.4057011 0.5121033 0.4063513 0.511904 0.4062625 0.5117193 0.4057011 0.511904 0.4062625 0.5115579 0.4060816 0.5107212 0.5972887 0.5107213 0.5972865 0.5112351 0.5972611 0.9208173 0.804339 0.9213908 0.8043499 0.9206211 0.8043499 0.5112351 0.5972611 0.511417 0.5972409 0.5117936 0.5972255 0.5117936 0.5972255 0.511417 0.5972409 0.5117936 0.5972229 0.5117936 0.5972255 0.5117936 0.5972229 0.5123597 0.5972023 0.5107198 0.5972938 0.5107207 0.5972911 0.5112284 0.5972619 0.5112284 0.5972619 0.5107207 0.5972911 0.5112351 0.5972611 0.9406138 0.1202024 0.9406065 0.1202028 0.9400126 0.1202024 0.5117939 0.5972332 0.5112351 0.5972611 0.5117936 0.5972255 0.5117939 0.5972332 0.5117936 0.5972255 0.51257 0.5972065 0.51257 0.5972065 0.5117936 0.5972255 0.5125698 0.5971988 0.51257 0.5972065 0.5125698 0.5971988 0.5136889 0.5971832 0.5136889 0.5971832 0.5125698 0.5971988 0.5136888 0.5971754 0.5136889 0.5971832 0.5136888 0.5971754 0.5164911 0.5971326 0.5164911 0.5971326 0.5136888 0.5971754 0.516491 0.5971248 0.5164911 0.5971326 0.516491 0.5971248 0.5191332 0.5970719 0.5191332 0.5970719 0.516491 0.5971248 0.519133 0.5970641 0.5191332 0.5970719 0.519133 0.5970641 0.5204803 0.5970353 0.5204803 0.5970353 0.519133 0.5970641 0.5204801 0.5970275 0.5204803 0.5970353 0.5204801 0.5970275 0.5219404 0.5969973 0.5219404 0.5969973 0.5204801 0.5970275 0.5219402 0.5969895 0.5219404 0.5969973 0.5219402 0.5969895 0.5246366 0.596942 0.5246366 0.596942 0.5219402 0.5969895 0.5246365 0.5969341 0.5246366 0.596942 0.5246365 0.5969341 0.5267437 0.5968939 0.5267437 0.5968939 0.5246365 0.5969341 0.5267436 0.596886 0.5267437 0.5968939 0.5267436 0.596886 0.528109 0.596852 0.528109 0.596852 0.5267436 0.596886 0.5281087 0.5968441 0.528109 0.596852 0.5281087 0.5968441 0.5289772 0.5968207 0.5289772 0.5968207 0.5281087 0.5968441 0.5289845 0.5968202 0.1575614 0.9153155 0.1575609 0.915308 0.1575614 0.9143207 0.5299579 0.5967955 0.5289845 0.5968202 0.5299578 0.5967878 0.5299579 0.5967955 0.5299578 0.5967878 0.5310805 0.5967838 0.5310805 0.5967838 0.5299578 0.5967878 0.5310804 0.596776 0.5310805 0.5967838 0.5310804 0.596776 0.5328219 0.5967755 0.5328219 0.5967755 0.5310804 0.596776 0.5320783 0.5967684 0.5328219 0.5967755 0.5320783 0.5967684 0.5339002 0.5967623 0.5449504 0.596842 0.5449475 0.5968486 0.5447505 0.596837 0.5447505 0.596837 0.5449475 0.5968486 0.5447504 0.5968452 0.5447505 0.596837 0.5447504 0.5968452 0.5443918 0.5968373 0.5443918 0.5968373 0.5447504 0.5968452 0.5443918 0.5968455 0.5443918 0.5968373 0.5443918 0.5968455 0.5439147 0.5968441 0.5439147 0.5968441 0.5443918 0.5968455 0.543915 0.5968523 0.5439147 0.5968441 0.543915 0.5968523 0.5430532 0.5968688 0.5430532 0.5968688 0.543915 0.5968523 0.5430536 0.5968769 0.5430532 0.5968688 0.5430536 0.5968769 0.5425167 0.5968874 0.5425167 0.5968874 0.5430536 0.5968769 0.5425171 0.5968955 0.5425167 0.5968874 0.5425171 0.5968955 0.5415552 0.5969151 0.5415552 0.5969151 0.5425171 0.5968955 0.5415554 0.5969232 0.5415552 0.5969151 0.5415554 0.5969232 0.541024 0.5969217 0.541024 0.5969217 0.5415554 0.5969232 0.5410241 0.5969299 0.541024 0.5969217 0.5410241 0.5969299 0.5405115 0.5969197 0.5405115 0.5969197 0.5410241 0.5969299 0.5405113 0.5969279 0.5405115 0.5969197 0.5405113 0.5969279 0.5398197 0.596907 0.5398197 0.596907 0.5405113 0.5969279 0.5398194 0.5969151 0.5398197 0.596907 0.5398194 0.5969151 0.5390027 0.5968837 0.5390027 0.5968837 0.5398194 0.5969151 0.5390023 0.5968918 0.5390027 0.5968837 0.5390023 0.5968918 0.5380955 0.5968551 0.5380955 0.5968551 0.5390023 0.5968918 0.5380951 0.5968633 0.5380955 0.5968551 0.5380951 0.5968633 0.5364188 0.5968036 0.5364188 0.5968036 0.5380951 0.5968633 0.5364184 0.5968118 0.5364188 0.5968036 0.5364184 0.5968118 0.5352913 0.5967798 0.5352913 0.5967798 0.5364184 0.5968118 0.5352911 0.596788 0.5352913 0.5967798 0.5352911 0.596788 0.5342056 0.5967727 0.5342056 0.5967727 0.5352911 0.596788 0.5342055 0.5967808 0.5342056 0.5967727 0.5342055 0.5967808 0.5328295 0.5967756 0.5328295 0.5967756 0.5342055 0.5967808 0.5328296 0.5967838 0.5328295 0.5967756 0.5328296 0.5967838 0.5310805 0.5967838 0.5310805 0.5967838 0.5328296 0.5967838 0.5310806 0.596792 0.5310805 0.5967838 0.5310806 0.596792 0.5299579 0.5967955 0.5299579 0.5967955 0.5310806 0.596792 0.5299581 0.5968037 0.5299579 0.5967955 0.5299581 0.5968037 0.5289772 0.5968207 0.5289772 0.5968207 0.5299581 0.5968037 0.5289776 0.5968289 0.5289772 0.5968207 0.5289776 0.5968289 0.528109 0.596852 0.528109 0.596852 0.5289776 0.5968289 0.5281094 0.5968601 0.528109 0.596852 0.5281094 0.5968601 0.5267437 0.5968939 0.5267437 0.5968939 0.5281094 0.5968601 0.5267441 0.596902 0.5267437 0.5968939 0.5267441 0.596902 0.5246366 0.596942 0.5246366 0.596942 0.5267441 0.596902 0.5246369 0.5969501 0.5246366 0.596942 0.5246369 0.5969501 0.5219404 0.5969973 0.5219404 0.5969973 0.5246369 0.5969501 0.5219407 0.5970055 0.5219404 0.5969973 0.5219407 0.5970055 0.5204803 0.5970353 0.5204803 0.5970353 0.5219407 0.5970055 0.5204806 0.5970435 0.5204803 0.5970353 0.5204806 0.5970435 0.5191332 0.5970719 0.5191332 0.5970719 0.5204806 0.5970435 0.5191335 0.5970801 0.5191332 0.5970719 0.5191335 0.5970801 0.5164911 0.5971326 0.5164911 0.5971326 0.5191335 0.5970801 0.5164914 0.5971407 0.5164911 0.5971326 0.5164914 0.5971407 0.5136889 0.5971832 0.5136889 0.5971832 0.5164914 0.5971407 0.5136891 0.5971914 0.5136889 0.5971832 0.5136891 0.5971914 0.51257 0.5972065 0.51257 0.5972065 0.5136891 0.5971914 0.5125703 0.5972147 0.51257 0.5972065 0.5125703 0.5972147 0.5117939 0.5972332 0.5117939 0.5972332 0.5125703 0.5972147 0.5117945 0.5972414 0.5117939 0.5972332 0.5117945 0.5972414 0.5112284 0.5972619 0.5112284 0.5972619 0.5117945 0.5972414 0.5112291 0.5972701 0.5112284 0.5972619 0.5112291 0.5972701 0.5107153 0.5973022 0.5107153 0.5973022 0.5112291 0.5972701 0.5107124 0.597306 0.5449475 0.5968486 0.5449426 0.5968565 0.5447504 0.5968452 0.5447504 0.5968452 0.5449426 0.5968565 0.5447502 0.596854 0.5447504 0.5968452 0.5447502 0.596854 0.5443918 0.5968455 0.5443918 0.5968455 0.5447502 0.596854 0.5443919 0.5968543 0.5443918 0.5968455 0.5443919 0.5968543 0.543915 0.5968523 0.543915 0.5968523 0.5443919 0.5968543 0.5439155 0.5968611 0.543915 0.5968523 0.5439155 0.5968611 0.5430536 0.5968769 0.5430536 0.5968769 0.5439155 0.5968611 0.5430542 0.5968858 0.5430536 0.5968769 0.5430542 0.5968858 0.5425171 0.5968955 0.5425171 0.5968955 0.5430542 0.5968858 0.5425178 0.5969043 0.5425171 0.5968955 0.5425178 0.5969043 0.5415554 0.5969232 0.5415554 0.5969232 0.5425178 0.5969043 0.5415558 0.5969321 0.5415554 0.5969232 0.5415558 0.5969321 0.5410241 0.5969299 0.5410241 0.5969299 0.5415558 0.5969321 0.5410241 0.5969387 0.5410241 0.5969299 0.5410241 0.5969387 0.5405113 0.5969279 0.5405113 0.5969279 0.5410241 0.5969387 0.540511 0.5969367 0.5405113 0.5969279 0.540511 0.5969367 0.5398194 0.5969151 0.5398194 0.5969151 0.540511 0.5969367 0.5398188 0.596924 0.5398194 0.5969151 0.5398188 0.596924 0.5390023 0.5968918 0.5390023 0.5968918 0.5398188 0.596924 0.5390016 0.5969007 0.5390023 0.5968918 0.5390016 0.5969007 0.5380951 0.5968633 0.5380951 0.5968633 0.5390016 0.5969007 0.5380944 0.5968721 0.5380951 0.5968633 0.5380944 0.5968721 0.5364184 0.5968118 0.5364184 0.5968118 0.5380944 0.5968721 0.5364178 0.5968207 0.5364184 0.5968118 0.5364178 0.5968207 0.5352911 0.596788 0.5352911 0.596788 0.5364178 0.5968207 0.5352907 0.5967969 0.5352911 0.596788 0.5352907 0.5967969 0.5342055 0.5967808 0.5342055 0.5967808 0.5352907 0.5967969 0.5342054 0.5967897 0.5342055 0.5967808 0.5342054 0.5967897 0.5328296 0.5967838 0.5328296 0.5967838 0.5342054 0.5967897 0.5328296 0.5967926 0.5328296 0.5967838 0.5328296 0.5967926 0.5310806 0.596792 0.5310806 0.596792 0.5328296 0.5967926 0.5310807 0.5968008 0.5310806 0.596792 0.5310807 0.5968008 0.5299581 0.5968037 0.5299581 0.5968037 0.5310807 0.5968008 0.5299584 0.5968125 0.5299581 0.5968037 0.5299584 0.5968125 0.5289776 0.5968289 0.5289776 0.5968289 0.5299584 0.5968125 0.5289783 0.5968377 0.5289776 0.5968289 0.5289783 0.5968377 0.5281094 0.5968601 0.5281094 0.5968601 0.5289783 0.5968377 0.5281102 0.5968689 0.5281094 0.5968601 0.5281102 0.5968689 0.5267441 0.596902 0.5267441 0.596902 0.5281102 0.5968689 0.5267446 0.5969108 0.5267441 0.596902 0.5267446 0.5969108 0.5246369 0.5969501 0.5246369 0.5969501 0.5267446 0.5969108 0.5246374 0.5969589 0.5246369 0.5969501 0.5246374 0.5969589 0.5219407 0.5970055 0.5219407 0.5970055 0.5246374 0.5969589 0.5219411 0.5970143 0.5219407 0.5970055 0.5219411 0.5970143 0.5204806 0.5970435 0.5204806 0.5970435 0.5219411 0.5970143 0.5204812 0.5970523 0.5204806 0.5970435 0.5204812 0.5970523 0.5191335 0.5970801 0.5191335 0.5970801 0.5204812 0.5970523 0.5191341 0.5970889 0.5191335 0.5970801 0.5191341 0.5970889 0.5164914 0.5971407 0.5164914 0.5971407 0.5191341 0.5970889 0.5164918 0.5971496 0.5164914 0.5971407 0.5164918 0.5971496 0.5136891 0.5971914 0.5136891 0.5971914 0.5164918 0.5971496 0.5136893 0.5972002 0.5136891 0.5971914 0.5136893 0.5972002 0.5125703 0.5972147 0.5125703 0.5972147 0.5136893 0.5972002 0.5125709 0.5972236 0.5125703 0.5972147 0.5125709 0.5972236 0.5117945 0.5972414 0.5117945 0.5972414 0.5125709 0.5972236 0.5117953 0.5972502 0.5117945 0.5972414 0.5117953 0.5972502 0.5112291 0.5972701 0.5112291 0.5972701 0.5117953 0.5972502 0.5112303 0.5972788 0.5112291 0.5972701 0.5112303 0.5972788 0.5107091 0.5973096 0.5107091 0.5973096 0.5112303 0.5972788 0.5107029 0.5973158 0.5449426 0.5968565 0.5449345 0.5968664 0.5447502 0.596854 0.5447502 0.596854 0.5449345 0.5968664 0.5447499 0.5968638 0.5447502 0.596854 0.5447499 0.5968638 0.5443919 0.5968543 0.5443919 0.5968543 0.5447499 0.5968638 0.5443921 0.5968641 0.5443919 0.5968543 0.5443921 0.5968641 0.5439155 0.5968611 0.5439155 0.5968611 0.5443921 0.5968641 0.5439161 0.5968709 0.5439155 0.5968611 0.5439161 0.5968709 0.5430542 0.5968858 0.5430542 0.5968858 0.5439161 0.5968709 0.5430553 0.5968956 0.5430542 0.5968858 0.5430553 0.5968956 0.5425178 0.5969043 0.5425178 0.5969043 0.5430553 0.5968956 0.5425189 0.5969141 0.5425178 0.5969043 0.5425189 0.5969141 0.5415558 0.5969321 0.5415558 0.5969321 0.5425189 0.5969141 0.5415564 0.5969419 0.5415558 0.5969321 0.5415564 0.5969419 0.5410241 0.5969387 0.5410241 0.5969387 0.5415564 0.5969419 0.5410242 0.5969486 0.5410241 0.5969387 0.5410242 0.5969486 0.540511 0.5969367 0.540511 0.5969367 0.5410242 0.5969486 0.5405105 0.5969465 0.540511 0.5969367 0.5405105 0.5969465 0.5398188 0.596924 0.5398188 0.596924 0.5405105 0.5969465 0.5398179 0.5969338 0.5398188 0.596924 0.5398179 0.5969338 0.5390016 0.5969007 0.5390016 0.5969007 0.5398179 0.5969338 0.5390005 0.5969105 0.5390016 0.5969007 0.5390005 0.5969105 0.5380944 0.5968721 0.5380944 0.5968721 0.5390005 0.5969105 0.5380932 0.5968819 0.5380944 0.5968721 0.5380932 0.5968819 0.5364178 0.5968207 0.5364178 0.5968207 0.5380932 0.5968819 0.5364168 0.5968304 0.5364178 0.5968207 0.5364168 0.5968304 0.5352907 0.5967969 0.5352907 0.5967969 0.5364168 0.5968304 0.5352902 0.5968067 0.5352907 0.5967969 0.5352902 0.5968067 0.5342054 0.5967897 0.5342054 0.5967897 0.5352902 0.5968067 0.5342053 0.5967995 0.5342054 0.5967897 0.5342053 0.5967995 0.5328296 0.5967926 0.5328296 0.5967926 0.5342053 0.5967995 0.5328297 0.5968025 0.5328296 0.5967926 0.5328297 0.5968025 0.5310807 0.5968008 0.5310807 0.5968008 0.5328297 0.5968025 0.5310808 0.5968106 0.5310807 0.5968008 0.5310808 0.5968106 0.5299584 0.5968125 0.5299584 0.5968125 0.5310808 0.5968106 0.529959 0.5968223 0.5299584 0.5968125 0.529959 0.5968223 0.5289783 0.5968377 0.5289783 0.5968377 0.529959 0.5968223 0.5289794 0.5968475 0.5289783 0.5968377 0.5289794 0.5968475 0.5281102 0.5968689 0.5281102 0.5968689 0.5289794 0.5968475 0.5281113 0.5968787 0.5281102 0.5968689 0.5281113 0.5968787 0.5267446 0.5969108 0.5267446 0.5969108 0.5281113 0.5968787 0.5267453 0.5969207 0.5267446 0.5969108 0.5267453 0.5969207 0.5246374 0.5969589 0.5246374 0.5969589 0.5267453 0.5969207 0.524638 0.5969688 0.5246374 0.5969589 0.524638 0.5969688 0.5219411 0.5970143 0.5219411 0.5970143 0.524638 0.5969688 0.5219418 0.5970242 0.5219411 0.5970143 0.5219418 0.5970242 0.5204812 0.5970523 0.5204812 0.5970523 0.5219418 0.5970242 0.520482 0.5970621 0.5204812 0.5970523 0.520482 0.5970621 0.5191341 0.5970889 0.5191341 0.5970889 0.520482 0.5970621 0.5191349 0.5970987 0.5191341 0.5970889 0.5191349 0.5970987 0.5164918 0.5971496 0.5164918 0.5971496 0.5191349 0.5970987 0.5164924 0.5971594 0.5164918 0.5971496 0.5164924 0.5971594 0.5136893 0.5972002 0.5136893 0.5972002 0.5164924 0.5971594 0.5136899 0.5972101 0.5136893 0.5972002 0.5136899 0.5972101 0.5125709 0.5972236 0.5125709 0.5972236 0.5136899 0.5972101 0.5125717 0.5972334 0.5125709 0.5972236 0.5125717 0.5972334 0.5117953 0.5972502 0.5117953 0.5972502 0.5125717 0.5972334 0.5117967 0.59726 0.5117953 0.5972502 0.5117967 0.59726 0.5112303 0.5972788 0.5112303 0.5972788 0.5117967 0.59726 0.5112321 0.5972887 0.5112303 0.5972788 0.5112321 0.5972887 0.5106949 0.5973227 0.5106949 0.5973227 0.5112321 0.5972887 0.5106896 0.5973268 0.5449345 0.5968664 0.5449199 0.59688 0.5447499 0.5968638 0.5447499 0.5968638 0.5449199 0.59688 0.5447495 0.5968751 0.5447499 0.5968638 0.5447495 0.5968751 0.5443921 0.5968641 0.5443921 0.5968641 0.5447495 0.5968751 0.5443924 0.5968754 0.5443921 0.5968641 0.5443924 0.5968754 0.5439161 0.5968709 0.5439161 0.5968709 0.5443924 0.5968754 0.543917 0.5968822 0.5439161 0.5968709 0.543917 0.5968822 0.5430553 0.5968956 0.5430553 0.5968956 0.543917 0.5968822 0.5430569 0.5969068 0.5430553 0.5968956 0.5430569 0.5969068 0.5425189 0.5969141 0.5425189 0.5969141 0.5430569 0.5969068 0.5425204 0.5969254 0.5425189 0.5969141 0.5425204 0.5969254 0.5415564 0.5969419 0.5415564 0.5969419 0.5425204 0.5969254 0.5415573 0.5969532 0.5415564 0.5969419 0.5415573 0.5969532 0.5410242 0.5969486 0.5410242 0.5969486 0.5415573 0.5969532 0.5410242 0.5969598 0.5410242 0.5969486 0.5410242 0.5969598 0.5405105 0.5969465 0.5405105 0.5969465 0.5410242 0.5969598 0.5405098 0.5969578 0.5405105 0.5969465 0.5405098 0.5969578 0.5398179 0.5969338 0.5398179 0.5969338 0.5405098 0.5969578 0.5398165 0.5969451 0.5398179 0.5969338 0.5398165 0.5969451 0.5390005 0.5969105 0.5390005 0.5969105 0.5398165 0.5969451 0.5389988 0.5969218 0.5390005 0.5969105 0.5389988 0.5969218 0.5380932 0.5968819 0.5380932 0.5968819 0.5389988 0.5969218 0.5380915 0.5968931 0.5380932 0.5968819 0.5380915 0.5968931 0.5364168 0.5968304 0.5364168 0.5968304 0.5380915 0.5968931 0.5364153 0.5968417 0.5364168 0.5968304 0.5364153 0.5968417 0.5352902 0.5968067 0.5352902 0.5968067 0.5364153 0.5968417 0.5352894 0.596818 0.5352902 0.5968067 0.5352894 0.596818 0.5342053 0.5967995 0.5342053 0.5967995 0.5352894 0.596818 0.5342051 0.5968108 0.5342053 0.5967995 0.5342051 0.5968108 0.5328297 0.5968025 0.5328297 0.5968025 0.5342051 0.5968108 0.5328297 0.5968137 0.5328297 0.5968025 0.5328297 0.5968137 0.5310808 0.5968106 0.5310808 0.5968106 0.5328297 0.5968137 0.5310809 0.5968219 0.5310808 0.5968106 0.5310809 0.5968219 0.529959 0.5968223 0.529959 0.5968223 0.5310809 0.5968219 0.5299597 0.5968336 0.529959 0.5968223 0.5299597 0.5968336 0.5289794 0.5968475 0.5289794 0.5968475 0.5299597 0.5968336 0.5289809 0.5968587 0.5289794 0.5968475 0.5289809 0.5968587 0.5281113 0.5968787 0.5281113 0.5968787 0.5289809 0.5968587 0.528113 0.59689 0.5281113 0.5968787 0.528113 0.59689 0.5267453 0.5969207 0.5267453 0.5969207 0.528113 0.59689 0.5267465 0.5969319 0.5267453 0.5969207 0.5267465 0.5969319 0.524638 0.5969688 0.524638 0.5969688 0.5267465 0.5969319 0.524639 0.59698 0.524638 0.5969688 0.524639 0.59698 0.5219418 0.5970242 0.5219418 0.5970242 0.524639 0.59698 0.5219429 0.5970354 0.5219418 0.5970242 0.5219429 0.5970354 0.520482 0.5970621 0.520482 0.5970621 0.5219429 0.5970354 0.5204833 0.5970734 0.520482 0.5970621 0.5204833 0.5970734 0.5191349 0.5970987 0.5191349 0.5970987 0.5204833 0.5970734 0.5191361 0.59711 0.5191349 0.5970987 0.5191361 0.59711 0.5164924 0.5971594 0.5164924 0.5971594 0.5191361 0.59711 0.5164933 0.5971707 0.5164924 0.5971594 0.5164933 0.5971707 0.5136899 0.5972101 0.5136899 0.5972101 0.5164933 0.5971707 0.5136905 0.5972213 0.5136899 0.5972101 0.5136905 0.5972213 0.5125717 0.5972334 0.5125717 0.5972334 0.5136905 0.5972213 0.512573 0.5972446 0.5125717 0.5972334 0.512573 0.5972446 0.5117967 0.59726 0.5117967 0.59726 0.512573 0.5972446 0.5117986 0.5972713 0.5117967 0.59726 0.5117986 0.5972713 0.5112321 0.5972887 0.5112321 0.5972887 0.5117986 0.5972713 0.5112348 0.5972998 0.5112321 0.5972887 0.5112348 0.5972998 0.5106896 0.5973268 0.5106896 0.5973268 0.5112348 0.5972998 0.5106813 0.5973385 0.5106896 0.5973268 0.5106813 0.5973385 0.5106802 0.597334 0.5106802 0.597334 0.5106813 0.5973385 0.5106719 0.59734 0.5449199 0.59688 0.5449061 0.5968903 0.5447495 0.5968751 0.5447495 0.5968751 0.5449061 0.5968903 0.5447489 0.5968884 0.5447495 0.5968751 0.5447489 0.5968884 0.5443924 0.5968754 0.5443924 0.5968754 0.5447489 0.5968884 0.5443927 0.5968887 0.5443924 0.5968754 0.5443927 0.5968887 0.543917 0.5968822 0.543917 0.5968822 0.5443927 0.5968887 0.5439183 0.5968955 0.543917 0.5968822 0.5439183 0.5968955 0.5430569 0.5969068 0.5430569 0.5969068 0.5439183 0.5968955 0.5430592 0.5969201 0.5430569 0.5969068 0.5430592 0.5969201 0.5425204 0.5969254 0.5425204 0.5969254 0.5430592 0.5969201 0.5425227 0.5969387 0.5425204 0.5969254 0.5425227 0.5969387 0.5415573 0.5969532 0.5415573 0.5969532 0.5425227 0.5969387 0.5415586 0.5969665 0.5415573 0.5969532 0.5415586 0.5969665 0.5410242 0.5969598 0.5410242 0.5969598 0.5415586 0.5969665 0.5410243 0.5969732 0.5410242 0.5969598 0.5410243 0.5969732 0.5405098 0.5969578 0.5405098 0.5969578 0.5410243 0.5969732 0.5405088 0.5969712 0.5405098 0.5969578 0.5405088 0.5969712 0.5398165 0.5969451 0.5398165 0.5969451 0.5405088 0.5969712 0.5398145 0.5969584 0.5398165 0.5969451 0.5398145 0.5969584 0.5389988 0.5969218 0.5389988 0.5969218 0.5398145 0.5969584 0.5389963 0.5969351 0.5389988 0.5969218 0.5389963 0.5969351 0.5380915 0.5968931 0.5380915 0.5968931 0.5389963 0.5969351 0.538089 0.5969065 0.5380915 0.5968931 0.538089 0.5969065 0.5364153 0.5968417 0.5364153 0.5968417 0.538089 0.5969065 0.5364131 0.5968551 0.5364153 0.5968417 0.5364131 0.5968551 0.5352894 0.596818 0.5352894 0.596818 0.5364131 0.5968551 0.5352881 0.5968313 0.5352894 0.596818 0.5352881 0.5968313 0.5342051 0.5968108 0.5342051 0.5968108 0.5352881 0.5968313 0.5342049 0.5968242 0.5342051 0.5968108 0.5342049 0.5968242 0.5328297 0.5968137 0.5328297 0.5968137 0.5342049 0.5968242 0.5328298 0.5968271 0.5328297 0.5968137 0.5328298 0.5968271 0.5310809 0.5968219 0.5310809 0.5968219 0.5328298 0.5968271 0.5310811 0.5968353 0.5310809 0.5968219 0.5310811 0.5968353 0.5299597 0.5968336 0.5299597 0.5968336 0.5310811 0.5968353 0.5299608 0.5968469 0.5299597 0.5968336 0.5299608 0.5968469 0.5289809 0.5968587 0.5289809 0.5968587 0.5299608 0.5968469 0.5289831 0.5968721 0.5289809 0.5968587 0.5289831 0.5968721 0.528113 0.59689 0.528113 0.59689 0.5289831 0.5968721 0.5281154 0.5969033 0.528113 0.59689 0.5281154 0.5969033 0.5267465 0.5969319 0.5267465 0.5969319 0.5281154 0.5969033 0.5267482 0.5969452 0.5267465 0.5969319 0.5267482 0.5969452 0.524639 0.59698 0.524639 0.59698 0.5267482 0.5969452 0.5246404 0.5969934 0.524639 0.59698 0.5246404 0.5969934 0.5219429 0.5970354 0.5219429 0.5970354 0.5246404 0.5969934 0.5219444 0.5970488 0.5219429 0.5970354 0.5219444 0.5970488 0.5204833 0.5970734 0.5204833 0.5970734 0.5219444 0.5970488 0.5204851 0.5970867 0.5204833 0.5970734 0.5204851 0.5970867 0.5191361 0.59711 0.5191361 0.59711 0.5204851 0.5970867 0.5191378 0.5971233 0.5191361 0.59711 0.5191378 0.5971233 0.5164933 0.5971707 0.5164933 0.5971707 0.5191378 0.5971233 0.5164946 0.597184 0.5164933 0.5971707 0.5164946 0.597184 0.5136905 0.5972213 0.5136905 0.5972213 0.5164946 0.597184 0.5136916 0.5972347 0.5136905 0.5972213 0.5136916 0.5972347 0.512573 0.5972446 0.512573 0.5972446 0.5136916 0.5972347 0.5125747 0.597258 0.512573 0.5972446 0.5125747 0.597258 0.5117986 0.5972713 0.5117986 0.5972713 0.5125747 0.597258 0.5118015 0.5972846 0.5117986 0.5972713 0.5118015 0.5972846 0.5112348 0.5972998 0.5112348 0.5972998 0.5118015 0.5972846 0.5112387 0.5973131 0.5112348 0.5972998 0.5112387 0.5973131 0.5106813 0.5973385 0.5106813 0.5973385 0.5112387 0.5973131 0.5106863 0.5973517 0.5106813 0.5973385 0.5106863 0.5973517 0.5106719 0.59734 0.5106719 0.59734 0.5106863 0.5973517 0.5106518 0.5973541 0.5449061 0.5968903 0.5448907 0.5969005 0.5447489 0.5968884 0.5447489 0.5968884 0.5448907 0.5969005 0.5447478 0.5969048 0.5447489 0.5968884 0.5447478 0.5969048 0.5443927 0.5968887 0.5443927 0.5968887 0.5447478 0.5969048 0.5443931 0.5969051 0.5443927 0.5968887 0.5443931 0.5969051 0.5439183 0.5968955 0.5439183 0.5968955 0.5443931 0.5969051 0.5439203 0.5969119 0.5439183 0.5968955 0.5439203 0.5969119 0.5430592 0.5969201 0.5430592 0.5969201 0.5439203 0.5969119 0.5430626 0.5969364 0.5430592 0.5969201 0.5430626 0.5969364 0.5425227 0.5969387 0.5425227 0.5969387 0.5430626 0.5969364 0.5425263 0.596955 0.5425227 0.5969387 0.5425263 0.596955 0.5415586 0.5969665 0.5415586 0.5969665 0.5425263 0.596955 0.5415605 0.5969828 0.5415586 0.5969665 0.5415605 0.5969828 0.5410243 0.5969732 0.5410243 0.5969732 0.5415605 0.5969828 0.5410245 0.5969896 0.5410243 0.5969732 0.5410245 0.5969896 0.5405088 0.5969712 0.5405088 0.5969712 0.5410245 0.5969896 0.5405072 0.5969876 0.5405088 0.5969712 0.5405072 0.5969876 0.5398145 0.5969584 0.5398145 0.5969584 0.5405072 0.5969876 0.5398114 0.5969747 0.5398145 0.5969584 0.5398114 0.5969747 0.5389963 0.5969351 0.5389963 0.5969351 0.5398114 0.5969747 0.5389927 0.5969514 0.5389963 0.5969351 0.5389927 0.5969514 0.538089 0.5969065 0.538089 0.5969065 0.5389927 0.5969514 0.5380851 0.5969228 0.538089 0.5969065 0.5380851 0.5969228 0.5364131 0.5968551 0.5364131 0.5968551 0.5380851 0.5969228 0.5364097 0.5968714 0.5364131 0.5968551 0.5364097 0.5968714 0.5352881 0.5968313 0.5352881 0.5968313 0.5364097 0.5968714 0.5352862 0.5968477 0.5352881 0.5968313 0.5352862 0.5968477 0.5342049 0.5968242 0.5342049 0.5968242 0.5352862 0.5968477 0.5342044 0.5968405 0.5342049 0.5968242 0.5342044 0.5968405 0.5328298 0.5968271 0.5328298 0.5968271 0.5342044 0.5968405 0.5328298 0.5968435 0.5328298 0.5968271 0.5328298 0.5968435 0.5310811 0.5968353 0.5310811 0.5968353 0.5328298 0.5968435 0.5310815 0.5968517 0.5310811 0.5968353 0.5310815 0.5968517 0.5299608 0.5968469 0.5299608 0.5968469 0.5310815 0.5968517 0.5299624 0.5968633 0.5299608 0.5968469 0.5299624 0.5968633 0.5289831 0.5968721 0.5289831 0.5968721 0.5299624 0.5968633 0.5289865 0.5968884 0.5289831 0.5968721 0.5289865 0.5968884 0.5281154 0.5969033 0.5281154 0.5969033 0.5289865 0.5968884 0.5281191 0.5969196 0.5281154 0.5969033 0.5281191 0.5969196 0.5267482 0.5969452 0.5267482 0.5969452 0.5281191 0.5969196 0.5267507 0.5969616 0.5267482 0.5969452 0.5267507 0.5969616 0.5246404 0.5969934 0.5246404 0.5969934 0.5267507 0.5969616 0.5246425 0.5970097 0.5246404 0.5969934 0.5246425 0.5970097 0.5219444 0.5970488 0.5219444 0.5970488 0.5246425 0.5970097 0.5219467 0.5970651 0.5219444 0.5970488 0.5219467 0.5970651 0.5204851 0.5970867 0.5204851 0.5970867 0.5219467 0.5970651 0.5204879 0.5971031 0.5204851 0.5970867 0.5204879 0.5971031 0.5191378 0.5971233 0.5191378 0.5971233 0.5204879 0.5971031 0.5191404 0.5971397 0.5191378 0.5971233 0.5191404 0.5971397 0.5164946 0.597184 0.5164946 0.597184 0.5191404 0.5971397 0.5164966 0.5972003 0.5164946 0.597184 0.5164966 0.5972003 0.5136916 0.5972347 0.5136916 0.5972347 0.5164966 0.5972003 0.5136932 0.597251 0.5136916 0.5972347 0.5136932 0.597251 0.5125747 0.597258 0.5125747 0.597258 0.5136932 0.597251 0.5125775 0.5972743 0.5125747 0.597258 0.5125775 0.5972743 0.5118015 0.5972846 0.5118015 0.5972846 0.5125775 0.5972743 0.5118058 0.5973008 0.5118015 0.5972846 0.5118058 0.5973008 0.5112387 0.5973131 0.5112387 0.5973131 0.5118058 0.5973008 0.5112446 0.5973293 0.5112577 0.4045236 0.5112631 0.4045374 0.5106971 0.4047864 0.5106971 0.4047864 0.5112631 0.4045374 0.5107042 0.4047995 0.5106971 0.4047864 0.5107042 0.4047995 0.5106496 0.4048188 0.5106496 0.4048188 0.5107042 0.4047995 0.5106334 0.4048379 0.5449547 0.4032098 0.5448889 0.403241 0.5448227 0.4031927 0.5448227 0.4031927 0.5448889 0.403241 0.5448198 0.4032205 0.5448227 0.4031927 0.5448198 0.4032205 0.5444684 0.403175 0.5444684 0.403175 0.5448198 0.4032205 0.5444683 0.403203 0.5444684 0.403175 0.5444683 0.403203 0.5439946 0.4031999 0.5439946 0.4031999 0.5444683 0.403203 0.5439974 0.4032278 0.5439946 0.4031999 0.5439974 0.4032278 0.5431323 0.4033385 0.5431323 0.4033385 0.5439974 0.4032278 0.5431377 0.4033659 0.5431323 0.4033385 0.5431377 0.4033659 0.5425922 0.4034499 0.5425922 0.4034499 0.5431377 0.4033659 0.5425978 0.4034773 0.5425922 0.4034499 0.5425978 0.4034773 0.5416213 0.4036076 0.5416213 0.4036076 0.5425978 0.4034773 0.541624 0.4036355 0.5416213 0.4036076 0.541624 0.4036355 0.5410844 0.4036285 0.5410844 0.4036285 0.541624 0.4036355 0.5410836 0.4036564 0.5410844 0.4036285 0.5410836 0.4036564 0.5405682 0.403584 0.5405682 0.403584 0.5410836 0.4036564 0.5405643 0.4036117 0.5405682 0.403584 0.5405643 0.4036117 0.5398762 0.4034469 0.5398762 0.4034469 0.5405643 0.4036117 0.5398696 0.403474 0.5398762 0.4034469 0.5398696 0.403474 0.5390639 0.403223 0.5390639 0.403223 0.5398696 0.403474 0.539056 0.4032499 0.5390639 0.403223 0.539056 0.4032499 0.5381641 0.4029539 0.5381641 0.4029539 0.539056 0.4032499 0.538156 0.4029807 0.5381641 0.4029539 0.538156 0.4029807 0.5365027 0.4024676 0.5365027 0.4024676 0.538156 0.4029807 0.5364955 0.4024947 0.5365027 0.4024676 0.5364955 0.4024947 0.535386 0.4022236 0.535386 0.4022236 0.5364955 0.4024947 0.5353816 0.4022512 0.535386 0.4022236 0.5353816 0.4022512 0.5343072 0.4021081 0.5343072 0.4021081 0.5353816 0.4022512 0.5343054 0.402136 0.5343072 0.4021081 0.5343054 0.402136 0.5329337 0.402053 0.5329337 0.402053 0.5343054 0.402136 0.5329329 0.402081 0.5329337 0.402053 0.5329329 0.402081 0.5311856 0.4020168 0.5311856 0.4020168 0.5329329 0.402081 0.5311853 0.4020448 0.5311856 0.4020168 0.5311853 0.4020448 0.5300651 0.4020425 0.5300651 0.4020425 0.5311853 0.4020448 0.5300672 0.4020704 0.5300651 0.4020425 0.5300672 0.4020704 0.5290848 0.4021786 0.5290848 0.4021786 0.5300672 0.4020704 0.5290901 0.4022061 0.5290848 0.4021786 0.5290901 0.4022061 0.5282112 0.4023673 0.5282112 0.4023673 0.5290901 0.4022061 0.5282172 0.4023947 0.5282112 0.4023673 0.5282172 0.4023947 0.5268348 0.4026102 0.5268348 0.4026102 0.5282172 0.4023947 0.5268386 0.4026379 0.5268348 0.4026102 0.5268386 0.4026379 0.5247181 0.4028581 0.5247181 0.4028581 0.5268386 0.4026379 0.5247211 0.402886 0.5247181 0.4028581 0.5247211 0.402886 0.5220129 0.4031278 0.5220129 0.4031278 0.5247211 0.402886 0.5220163 0.4031556 0.5220129 0.4031278 0.5220163 0.4031556 0.5205472 0.4033349 0.5205472 0.4033349 0.5220163 0.4031556 0.5205514 0.4033626 0.5205472 0.4033349 0.5205514 0.4033626 0.5191929 0.4035379 0.5191929 0.4035379 0.5205514 0.4033626 0.5191969 0.4035655 0.5191929 0.4035379 0.5191969 0.4035655 0.5165384 0.4038511 0.5165384 0.4038511 0.5191969 0.4035655 0.5165411 0.403879 0.5165384 0.4038511 0.5165411 0.403879 0.5137267 0.4040792 0.5137267 0.4040792 0.5165411 0.403879 0.5137287 0.4041072 0.5137267 0.4040792 0.5137287 0.4041072 0.512607 0.4041937 0.512607 0.4041937 0.5137287 0.4041072 0.5126112 0.4042214 0.512607 0.4041937 0.5126112 0.4042214 0.5118303 0.4043523 0.5118303 0.4043523 0.5126112 0.4042214 0.5118375 0.4043793 0.5118303 0.4043523 0.5118375 0.4043793 0.5112631 0.4045374 0.5112631 0.4045374 0.5118375 0.4043793 0.5112734 0.4045635 0.5112631 0.4045374 0.5112734 0.4045635 0.5107042 0.4047995 0.5107042 0.4047995 0.5112734 0.4045635 0.5107175 0.4048241 0.5107042 0.4047995 0.5107175 0.4048241 0.5106334 0.4048379 0.5106334 0.4048379 0.5107175 0.4048241 0.5105947 0.4048903 0.5205575 0.4034028 0.5192027 0.4036059 0.5191969 0.4035655 0.5191969 0.4035655 0.5192027 0.4036059 0.5178891 0.4037771 0.5191969 0.4035655 0.5178891 0.4037771 0.5165411 0.403879 0.5165411 0.403879 0.5178891 0.4037771 0.5165451 0.4039195 0.5165411 0.403879 0.5165451 0.4039195 0.5137287 0.4041072 0.5137287 0.4041072 0.5165451 0.4039195 0.5137315 0.4041478 0.5137287 0.4041072 0.5137315 0.4041478 0.5126112 0.4042214 0.5126112 0.4042214 0.5137315 0.4041478 0.5126172 0.4042617 0.5126112 0.4042214 0.5126172 0.4042617 0.5118375 0.4043793 0.5118375 0.4043793 0.5126172 0.4042617 0.511848 0.4044186 0.5118375 0.4043793 0.511848 0.4044186 0.5112734 0.4045635 0.5112734 0.4045635 0.511848 0.4044186 0.5112882 0.4046014 0.5112734 0.4045635 0.5112882 0.4046014 0.5107175 0.4048241 0.5107175 0.4048241 0.5112882 0.4046014 0.5107368 0.40486 0.5107175 0.4048241 0.5107368 0.40486 0.5105919 0.4048945 0.5105919 0.4048945 0.5107368 0.40486 0.5105487 0.4049741 0.5448195 0.403277 0.5447373 0.403324 0.5444682 0.4032437 0.5444682 0.4032437 0.5447373 0.403324 0.5444681 0.40331 0.5444682 0.4032437 0.5444681 0.40331 0.5440015 0.4032683 0.5440015 0.4032683 0.5444681 0.40331 0.5440082 0.4033342 0.5440015 0.4032683 0.5440082 0.4033342 0.5431458 0.4034059 0.5431458 0.4034059 0.5440082 0.4033342 0.5431588 0.4034709 0.5431458 0.4034059 0.5431588 0.4034709 0.542606 0.4035172 0.542606 0.4035172 0.5431588 0.4034709 0.5426193 0.4035822 0.542606 0.4035172 0.5426193 0.4035822 0.5416279 0.403676 0.5416279 0.403676 0.5426193 0.4035822 0.5416343 0.403742 0.5416279 0.403676 0.5416343 0.403742 0.5410826 0.4036971 0.5410826 0.4036971 0.5416343 0.403742 0.5410809 0.4037634 0.5410826 0.4036971 0.5410809 0.4037634 0.5405586 0.403652 0.5405586 0.403652 0.5410809 0.4037634 0.5405493 0.4037176 0.5405586 0.403652 0.5405493 0.4037176 0.5398598 0.4035136 0.5398598 0.4035136 0.5405493 0.4037176 0.539844 0.403578 0.5398598 0.4035136 0.539844 0.403578 0.5390446 0.403289 0.5390446 0.403289 0.539844 0.403578 0.539026 0.4033526 0.5390446 0.403289 0.539026 0.4033526 0.5381442 0.4030196 0.5381442 0.4030196 0.539026 0.4033526 0.5381249 0.4030831 0.5381442 0.4030196 0.5381249 0.4030831 0.5364851 0.4025341 0.5364851 0.4025341 0.5381249 0.4030831 0.5364681 0.4025982 0.5364851 0.4025341 0.5364681 0.4025982 0.5353751 0.4022914 0.5353751 0.4022914 0.5364681 0.4025982 0.5353645 0.4023569 0.5353751 0.4022914 0.5353645 0.4023569 0.5343028 0.4021767 0.5343028 0.4021767 0.5353645 0.4023569 0.5342985 0.4022428 0.5343028 0.4021767 0.5342985 0.4022428 0.5329318 0.4021217 0.5329318 0.4021217 0.5342985 0.4022428 0.5329299 0.402188 0.5329318 0.4021217 0.5329299 0.402188 0.5311848 0.4020855 0.5311848 0.4020855 0.5329299 0.402188 0.5311841 0.4021518 0.5311848 0.4020855 0.5311841 0.4021518 0.5300702 0.402111 0.5300702 0.402111 0.5311841 0.4021518 0.530075 0.4021771 0.5300702 0.402111 0.530075 0.4021771 0.529098 0.402246 0.529098 0.402246 0.530075 0.4021771 0.5291108 0.4023111 0.529098 0.402246 0.5291108 0.4023111 0.528226 0.4024344 0.528226 0.4024344 0.5291108 0.4023111 0.5282402 0.4024992 0.528226 0.4024344 0.5282402 0.4024992 0.526844 0.4026783 0.526844 0.4026783 0.5282402 0.4024992 0.526853 0.402744 0.526844 0.4026783 0.526853 0.402744 0.5247254 0.4029265 0.5247254 0.4029265 0.526853 0.402744 0.5247325 0.4029924 0.5247254 0.4029265 0.5247325 0.4029924 0.5220212 0.403196 0.5220212 0.403196 0.5247325 0.4029924 0.5220292 0.4032618 0.5220212 0.403196 0.5220292 0.4032618 0.5205575 0.4034028 0.5205575 0.4034028 0.5220292 0.4032618 0.5205675 0.4034684 0.5205575 0.4034028 0.5205675 0.4034684 0.5192027 0.4036059 0.5192027 0.4036059 0.5205675 0.4034684 0.519212 0.4036715 0.5192027 0.4036059 0.519212 0.4036715 0.5178891 0.4037771 0.5178891 0.4037771 0.519212 0.4036715 0.5178967 0.4038429 0.5178891 0.4037771 0.5178967 0.4038429 0.5165451 0.4039195 0.5165451 0.4039195 0.5178967 0.4038429 0.5165516 0.4039855 0.5165451 0.4039195 0.5165516 0.4039855 0.5137315 0.4041478 0.5137315 0.4041478 0.5165516 0.4039855 0.5137361 0.4042139 0.5137315 0.4041478 0.5137361 0.4042139 0.5126172 0.4042617 0.5126172 0.4042617 0.5137361 0.4042139 0.5126271 0.4043272 0.5126172 0.4042617 0.5126271 0.4043272 0.511848 0.4044186 0.511848 0.4044186 0.5126271 0.4043272 0.5118651 0.4044827 0.511848 0.4044186 0.5118651 0.4044827 0.5112882 0.4046014 0.5112882 0.4046014 0.5118651 0.4044827 0.5113124 0.4046632 0.5112882 0.4046014 0.5113124 0.4046632 0.5107368 0.40486 0.5107368 0.40486 0.5113124 0.4046632 0.5107683 0.4049184 0.5107368 0.40486 0.5107683 0.4049184 0.510521 0.4050537 0.510521 0.4050537 0.5107683 0.4049184 0.5105191 0.4050612 0.5426514 0.4037392 0.5421186 0.4038393 0.5416343 0.403742 0.5416343 0.403742 0.5421186 0.4038393 0.5416496 0.4039016 0.5416343 0.403742 0.5416496 0.4039016 0.5410809 0.4037634 0.5410809 0.4037634 0.5416496 0.4039016 0.5410768 0.4039236 0.5410809 0.4037634 0.5410768 0.4039236 0.5405493 0.4037176 0.5405493 0.4037176 0.5410768 0.4039236 0.5405269 0.4038764 0.5405493 0.4037176 0.5405269 0.4038764 0.539844 0.403578 0.539844 0.403578 0.5405269 0.4038764 0.5398058 0.4037336 0.539844 0.403578 0.5398058 0.4037336 0.539026 0.4033526 0.539026 0.4033526 0.5398058 0.4037336 0.5389809 0.4035064 0.539026 0.4033526 0.5389809 0.4035064 0.5381249 0.4030831 0.5381249 0.4030831 0.5389809 0.4035064 0.5380785 0.4032365 0.5381249 0.4030831 0.5380785 0.4032365 0.5364681 0.4025982 0.5364681 0.4025982 0.5380785 0.4032365 0.536427 0.4027531 0.5364681 0.4025982 0.536427 0.4027531 0.5353645 0.4023569 0.5353645 0.4023569 0.536427 0.4027531 0.5353389 0.4025151 0.5353645 0.4023569 0.5353389 0.4025151 0.5342985 0.4022428 0.5342985 0.4022428 0.5353389 0.4025151 0.5342882 0.4024028 0.5342985 0.4022428 0.5342882 0.4024028 0.5329299 0.402188 0.5329299 0.402188 0.5342882 0.4024028 0.5329254 0.4023482 0.5329299 0.402188 0.5329254 0.4023482 0.5311841 0.4021518 0.5311841 0.4021518 0.5329254 0.4023482 0.5311823 0.402312 0.5311841 0.4021518 0.5311823 0.402312 0.530075 0.4021771 0.530075 0.4021771 0.5311823 0.402312 0.5300868 0.402337 0.530075 0.4021771 0.5300868 0.402337 0.5291108 0.4023111 0.5291108 0.4023111 0.5300868 0.402337 0.5291417 0.4024683 0.5291108 0.4023111 0.5291417 0.4024683 0.5282402 0.4024992 0.5282402 0.4024992 0.5291417 0.4024683 0.5282745 0.4026558 0.5282402 0.4024992 0.5282745 0.4026558 0.526853 0.402744 0.526853 0.402744 0.5282745 0.4026558 0.5268746 0.4029028 0.526853 0.402744 0.5268746 0.4029028 0.5247325 0.4029924 0.5247325 0.4029924 0.5268746 0.4029028 0.5247498 0.4031518 0.5247325 0.4029924 0.5247498 0.4031518 0.5220292 0.4032618 0.5220292 0.4032618 0.5247498 0.4031518 0.5220484 0.4034209 0.5220292 0.4032618 0.5220484 0.4034209 0.5205675 0.4034684 0.5205675 0.4034684 0.5220484 0.4034209 0.5205918 0.4036268 0.5205675 0.4034684 0.5205918 0.4036268 0.519212 0.4036715 0.519212 0.4036715 0.5205918 0.4036268 0.5192347 0.4038302 0.519212 0.4036715 0.5192347 0.4038302 0.5178967 0.4038429 0.5178967 0.4038429 0.5192347 0.4038302 0.5179153 0.4040021 0.5178967 0.4038429 0.5179153 0.4040021 0.5165516 0.4039855 0.5165516 0.4039855 0.5179153 0.4040021 0.5165674 0.404145 0.5165516 0.4039855 0.5165674 0.404145 0.5137361 0.4042139 0.5137361 0.4042139 0.5165674 0.404145 0.5137473 0.4043738 0.5137361 0.4042139 0.5137473 0.4043738 0.5126271 0.4043272 0.5126271 0.4043272 0.5137473 0.4043738 0.512651 0.4044857 0.5126271 0.4043272 0.512651 0.4044857 0.5118651 0.4044827 0.5118651 0.4044827 0.512651 0.4044857 0.5119066 0.4046375 0.5118651 0.4044827 0.5119066 0.4046375 0.5113124 0.4046632 0.5113124 0.4046632 0.5119066 0.4046375 0.511371 0.4048124 0.5113124 0.4046632 0.511371 0.4048124 0.5107683 0.4049184 0.5107683 0.4049184 0.511371 0.4048124 0.5108443 0.4050595 0.5107683 0.4049184 0.5108443 0.4050595 0.5105066 0.4051381 0.5105066 0.4051381 0.5108443 0.4050595 0.5105056 0.4051504 0.5445091 0.4034827 0.5444201 0.4035579 0.5440244 0.4034937 0.5440244 0.4034937 0.5444201 0.4035579 0.5440563 0.4038084 0.5440244 0.4034937 0.5440563 0.4038084 0.5431904 0.403628 0.5431904 0.403628 0.5440563 0.4038084 0.5432527 0.4039381 0.5431904 0.403628 0.5432527 0.4039381 0.5426514 0.4037392 0.5426514 0.4037392 0.5432527 0.4039381 0.5427147 0.4040491 0.5426514 0.4037392 0.5427147 0.4040491 0.5421186 0.4038393 0.5421186 0.4038393 0.5427147 0.4040491 0.5421699 0.4041514 0.5421186 0.4038393 0.5421699 0.4041514 0.5416496 0.4039016 0.5416496 0.4039016 0.5421699 0.4041514 0.5416799 0.4042164 0.5416496 0.4039016 0.5416799 0.4042164 0.5410768 0.4039236 0.5410768 0.4039236 0.5416799 0.4042164 0.5410687 0.4042398 0.5410768 0.4039236 0.5410687 0.4042398 0.5405269 0.4038764 0.5405269 0.4038764 0.5410687 0.4042398 0.5404826 0.4041895 0.5405269 0.4038764 0.5404826 0.4041895 0.5398058 0.4037336 0.5398058 0.4037336 0.5404826 0.4041895 0.5397304 0.4040408 0.5398058 0.4037336 0.5397304 0.4040408 0.5389809 0.4035064 0.5389809 0.4035064 0.5397304 0.4040408 0.538892 0.40381 0.5389809 0.4035064 0.538892 0.40381 0.5380785 0.4032365 0.5380785 0.4032365 0.538892 0.40381 0.5379868 0.4035392 0.5380785 0.4032365 0.5379868 0.4035392 0.536427 0.4027531 0.536427 0.4027531 0.5379868 0.4035392 0.536346 0.4030588 0.536427 0.4027531 0.536346 0.4030588 0.5353389 0.4025151 0.5353389 0.4025151 0.536346 0.4030588 0.5352886 0.4028273 0.5353389 0.4025151 0.5352886 0.4028273 0.5342882 0.4024028 0.5342882 0.4024028 0.5352886 0.4028273 0.534268 0.4027184 0.5342882 0.4024028 0.534268 0.4027184 0.5329254 0.4023482 0.5329254 0.4023482 0.534268 0.4027184 0.5329166 0.4026643 0.5329254 0.4023482 0.5329166 0.4026643 0.5311823 0.402312 0.5311823 0.402312 0.5329166 0.4026643 0.5311788 0.4026283 0.5311823 0.402312 0.5311788 0.4026283 0.5300868 0.402337 0.5300868 0.402337 0.5311788 0.4026283 0.5301099 0.4026524 0.5300868 0.402337 0.5301099 0.4026524 0.5291417 0.4024683 0.5291417 0.4024683 0.5301099 0.4026524 0.5292028 0.4027787 0.5291417 0.4024683 0.5292028 0.4027787 0.5282745 0.4026558 0.5282745 0.4026558 0.5292028 0.4027787 0.5283422 0.4029647 0.5282745 0.4026558 0.5283422 0.4029647 0.5268746 0.4029028 0.5268746 0.4029028 0.5283422 0.4029647 0.5269171 0.4032162 0.5268746 0.4029028 0.5269171 0.4032162 0.5247498 0.4031518 0.5247498 0.4031518 0.5269171 0.4032162 0.5247836 0.4034662 0.5247498 0.4031518 0.5247836 0.4034662 0.5220484 0.4034209 0.5220484 0.4034209 0.5247836 0.4034662 0.5220865 0.4037349 0.5220484 0.4034209 0.5220865 0.4037349 0.5205918 0.4036268 0.5205918 0.4036268 0.5220865 0.4037349 0.5206396 0.4039394 0.5205918 0.4036268 0.5206396 0.4039394 0.5192347 0.4038302 0.5192347 0.4038302 0.5206396 0.4039394 0.5192795 0.4041433 0.5192347 0.4038302 0.5192795 0.4041433 0.5179153 0.4040021 0.5179153 0.4040021 0.5192795 0.4041433 0.5179518 0.4043163 0.5179153 0.4040021 0.5179518 0.4043163 0.5165674 0.404145 0.5165674 0.404145 0.5179518 0.4043163 0.5165985 0.4044597 0.5165674 0.404145 0.5165985 0.4044597 0.5137473 0.4043738 0.5137473 0.4043738 0.5165985 0.4044597 0.5137695 0.4046893 0.5137473 0.4043738 0.5137695 0.4046893 0.512651 0.4044857 0.512651 0.4044857 0.5137695 0.4046893 0.512698 0.4047985 0.512651 0.4044857 0.512698 0.4047985 0.5119066 0.4046375 0.5119066 0.4046375 0.512698 0.4047985 0.5119883 0.4049431 0.5119066 0.4046375 0.5119883 0.4049431 0.511371 0.4048124 0.511371 0.4048124 0.5119883 0.4049431 0.5114864 0.4051069 0.511371 0.4048124 0.5114864 0.4051069 0.5108443 0.4050595 0.5108443 0.4050595 0.5114864 0.4051069 0.5109944 0.4053379 0.5108443 0.4050595 0.5109944 0.4053379 0.5105078 0.4052467 0.5105078 0.4052467 0.5109944 0.4053379 0.5105099 0.4052641 0.5299007 0.4047792 0.5288435 0.4049964 0.5294658 0.4041159 0.5294658 0.4041159 0.5288435 0.4049964 0.5286341 0.4042959 0.5294658 0.4041159 0.5286341 0.4042959 0.529326 0.4034048 0.529326 0.4034048 0.5286341 0.4042959 0.5284789 0.4035881 0.529326 0.4034048 0.5284789 0.4035881 0.5283422 0.4029647 0.5283422 0.4029647 0.5284789 0.4035881 0.5277457 0.4037344 0.5283422 0.4029647 0.5277457 0.4037344 0.5269171 0.4032162 0.5269171 0.4032162 0.5277457 0.4037344 0.5270031 0.4038485 0.5269171 0.4032162 0.5270031 0.4038485 0.5247836 0.4034662 0.5247836 0.4034662 0.5270031 0.4038485 0.524852 0.4041007 0.5247836 0.4034662 0.524852 0.4041007 0.5220865 0.4037349 0.5220865 0.4037349 0.524852 0.4041007 0.5221632 0.4043685 0.5220865 0.4037349 0.5221632 0.4043685 0.5206396 0.4039394 0.5206396 0.4039394 0.5221632 0.4043685 0.520736 0.4045703 0.5206396 0.4039394 0.520736 0.4045703 0.5192795 0.4041433 0.5192795 0.4041433 0.520736 0.4045703 0.5193699 0.404775 0.5192795 0.4041433 0.5193699 0.404775 0.5179518 0.4043163 0.5179518 0.4043163 0.5193699 0.404775 0.5180255 0.4049502 0.5179518 0.4043163 0.5180255 0.4049502 0.5165985 0.4044597 0.5165985 0.4044597 0.5180255 0.4049502 0.5166612 0.4050948 0.5165985 0.4044597 0.5166612 0.4050948 0.5137695 0.4046893 0.5137695 0.4046893 0.5166612 0.4050948 0.513814 0.4053259 0.5137695 0.4046893 0.513814 0.4053259 0.512698 0.4047985 0.512698 0.4047985 0.513814 0.4053259 0.512793 0.4054296 0.512698 0.4047985 0.512793 0.4054296 0.5119883 0.4049431 0.5119883 0.4049431 0.512793 0.4054296 0.5121532 0.4055596 0.5119883 0.4049431 0.5121532 0.4055596 0.5114864 0.4051069 0.5114864 0.4051069 0.5121532 0.4055596 0.5117193 0.4057011 0.5114864 0.4051069 0.5117193 0.4057011 0.5109944 0.4053379 0.5109944 0.4053379 0.5117193 0.4057011 0.5113408 0.4057673 0.5109944 0.4053379 0.5113408 0.4057673 0.5110149 0.4057086 0.5110149 0.4057086 0.5113408 0.4057673 0.5115579 0.4060816 0.5630197 0.4059702 0.5628103 0.4052696 0.5643261 0.4049948 0.5800958 0.4041845 0.580313 0.4044988 0.5799345 0.404565 0.5806594 0.4049281 0.5806389 0.4045575 0.5811439 0.4050019 0.5811472 0.4051279 0.5811347 0.4052048 0.5808855 0.4053477 0.5811328 0.4052122 0.5811051 0.4052919 0.580917 0.405406 0.5810618 0.4053715 0.5810591 0.4053757 0.5809363 0.4054419 0.5810042 0.4054473 0.5809918 0.405461 0.5809566 0.4054796 0.5809472 0.4055055 0.580939 0.405513 0.5804038 0.4057621 0.5809325 0.4055188 0.5809292 0.4055218 0.5804049 0.4057649 0.5466885 0.4070609 0.5466991 0.4070562 0.5468311 0.4070733 0.5468343 0.406989 0.5468381 0.407005 0.5468186 0.4069975 0.5471447 0.4067833 0.547186 0.4067957 0.5469437 0.4069253 0.5472337 0.4067081 0.5474052 0.4065364 0.5475975 0.4064577 0.5477721 0.4059562 0.5478331 0.4057938 0.5482753 0.4057022 0.5479342 0.4052787 0.5479382 0.4050679 0.5481325 0.4049919 0.5481325 0.4049919 0.5479382 0.4050679 0.54793 0.4049354 0.54793 0.4049354 0.5478948 0.4047024 0.5481892 0.4042359 0.5478948 0.4047024 0.5478823 0.4046464 0.5481892 0.4042359 0.5481892 0.4042359 0.5478823 0.4046464 0.5477886 0.4043499 0.5481892 0.4042359 0.5477886 0.4043499 0.5477756 0.4043182 0.5478331 0.4057938 0.5478817 0.4056223 0.5482753 0.4057022 0.5482753 0.4057022 0.5478817 0.4056223 0.5479174 0.4054355 0.5482753 0.4057022 0.5479174 0.4054355 0.5479342 0.4052787 0.5476878 0.4061321 0.5484011 0.4063279 0.5476023 0.406277 0.5476023 0.406277 0.5484011 0.4063279 0.5475975 0.4064577 0.5476023 0.406277 0.5475975 0.4064577 0.547486 0.4064399 0.547486 0.4064399 0.5475975 0.4064577 0.5474052 0.4065364 0.547186 0.4067957 0.5471447 0.4067833 0.5476294 0.4067723 0.5471857 0.406956 0.5469165 0.406942 0.5469388 0.4069284 0.5468381 0.407005 0.5468343 0.406989 0.5471855 0.4070223 0.5466254 0.4070879 0.5466262 0.4070876 0.5468341 0.4071147 0.5809262 0.4055243 0.5809231 0.405527 0.5804055 0.4057666 0.5804055 0.4057666 0.5809231 0.405527 0.5809215 0.4055284 0.9400126 0.3974918 0.9400132 0.3974917 0.9405871 0.3974918 0.5811482 0.4051156 0.5808095 0.4052066 0.5811475 0.4050366 0.5811475 0.4050366 0.5808095 0.4052066 0.581146 0.4050194 0.5787531 0.4041199 0.5790442 0.4037295 0.5793133 0.4040064 0.5793133 0.4040064 0.5790442 0.4037295 0.5794257 0.403864 0.5793133 0.4040064 0.5794257 0.403864 0.5795505 0.4039147 0.54793 0.4049354 0.5481892 0.4042359 0.5481325 0.4049919 0.5481325 0.4049919 0.5481892 0.4042359 0.54852 0.4041674 0.5481325 0.4049919 0.54852 0.4041674 0.5486661 0.4048818 0.5486661 0.4048818 0.54852 0.4041674 0.5495799 0.4039883 0.5486661 0.4048818 0.5495799 0.4039883 0.5492627 0.40477 0.5492627 0.40477 0.5495799 0.4039883 0.5497735 0.4039673 0.5492627 0.40477 0.5497735 0.4039673 0.5498433 0.4046931 0.5498433 0.4046931 0.5497735 0.4039673 0.5506385 0.403935 0.5498433 0.4046931 0.5506385 0.403935 0.5506199 0.4046639 0.5506199 0.4046639 0.5506385 0.403935 0.550729 0.4039379 0.5506199 0.4046639 0.550729 0.4039379 0.551362 0.4047272 0.550729 0.4039379 0.551464 0.4040052 0.551362 0.4047272 0.551362 0.4047272 0.551464 0.4040052 0.5517672 0.4040537 0.551362 0.4047272 0.5517672 0.4040537 0.5522483 0.4049017 0.5534872 0.2543489 0.5549768 0.2539098 0.5522917 0.2547016 0.5517672 0.4040537 0.5524222 0.4041936 0.5522483 0.4049017 0.5522483 0.4049017 0.5524222 0.4041936 0.5532255 0.4044122 0.5522483 0.4049017 0.5532255 0.4044122 0.5531449 0.4051482 0.5531449 0.4051482 0.5532255 0.4044122 0.5542736 0.4047247 0.5531449 0.4051482 0.5542736 0.4047247 0.5540622 0.4054226 0.5540622 0.4054226 0.5542736 0.4047247 0.5558134 0.4051769 0.5540622 0.4054226 0.5558134 0.4051769 0.555657 0.4058899 0.555657 0.4058899 0.5558134 0.4051769 0.5566986 0.4053735 0.555657 0.4058899 0.5566986 0.4053735 0.5565824 0.4060933 0.5565824 0.4060933 0.5566986 0.4053735 0.5568952 0.405402 0.5565824 0.4060933 0.5568952 0.405402 0.5574732 0.4061876 0.5568952 0.405402 0.55752 0.40546 0.5574732 0.4061876 0.5574732 0.4061876 0.55752 0.40546 0.5580347 0.4054857 0.5574732 0.4061876 0.5580347 0.4054857 0.5587751 0.4062395 0.5580347 0.4054857 0.5587955 0.4055106 0.5587751 0.4062395 0.5587751 0.4062395 0.5587955 0.4055106 0.5608034 0.4055472 0.5587751 0.4062395 0.5608034 0.4055472 0.5604903 0.406275 0.5604903 0.406275 0.5608034 0.4055472 0.5613908 0.4055273 0.5604903 0.406275 0.5613908 0.4055273 0.5614441 0.4062545 0.5614441 0.4062545 0.5613908 0.4055273 0.5617531 0.4054868 0.5614441 0.4062545 0.5617531 0.4054868 0.562188 0.4061502 0.5667242 0.4054449 0.5693747 0.4044471 0.5694034 0.4051782 0.5694034 0.4051782 0.5693747 0.4044471 0.570698 0.4042587 0.5694034 0.4051782 0.570698 0.4042587 0.5708082 0.4049795 0.5708082 0.4049795 0.570698 0.4042587 0.5726808 0.4039687 0.5708082 0.4049795 0.5726808 0.4039687 0.5721813 0.4047737 0.5721813 0.4047737 0.5726808 0.4039687 0.5734604 0.4038718 0.5721813 0.4047737 0.5734604 0.4038718 0.5735446 0.404596 0.5735446 0.404596 0.5734604 0.4038718 0.5758014 0.4036338 0.5735446 0.404596 0.5758014 0.4036338 0.5749213 0.4044501 0.5749213 0.4044501 0.5758014 0.4036338 0.5779776 0.403472 0.5749213 0.4044501 0.5779776 0.403472 0.5777891 0.4042173 0.5777891 0.4042173 0.5779776 0.403472 0.5786924 0.4036284 0.5777891 0.4042173 0.5786924 0.4036284 0.5787531 0.4041199 0.5787531 0.4041199 0.5786924 0.4036284 0.5788429 0.4036692 0.5787531 0.4041199 0.5788429 0.4036692 0.5790442 0.4037295 0.5471854 0.4071319 0.5468341 0.4071147 0.546827 0.4071139 0.9593459 0.563835 0.959353 0.5638352 0.9591434 0.5638352 0.546827 0.4071139 0.5466262 0.4070876 0.5466278 0.4070869 0.5470715 0.2545658 0.5471801 0.2545647 0.5476956 0.2545927 0.5476956 0.2545927 0.5471801 0.2545647 0.5476712 0.2545906 0.5476938 0.4071044 0.5476694 0.4071064 0.5485298 0.4069683 0.5485298 0.4069683 0.5476694 0.4071064 0.5485298 0.4069682 0.5485298 0.4069683 0.5485298 0.4069682 0.5487091 0.4069316 0.5487091 0.4069316 0.5485298 0.4069682 0.5490699 0.4068568 0.5487091 0.4069316 0.5490699 0.4068568 0.5490699 0.4068568 0.5469388 0.4069284 0.5469437 0.4069253 0.5471857 0.406956 0.5471857 0.406956 0.5469437 0.4069253 0.547186 0.4067957 0.5471857 0.406956 0.547186 0.4067957 0.5476456 0.4069318 0.5476456 0.4069318 0.547186 0.4067957 0.5476294 0.4067723 0.5476456 0.4069318 0.5476294 0.4067723 0.5484949 0.4067952 0.5484949 0.4067952 0.5476294 0.4067723 0.5484634 0.406638 0.5484949 0.4067952 0.5484634 0.406638 0.5490345 0.4066839 0.5490345 0.4066839 0.5484634 0.406638 0.5490024 0.4065268 0.5490345 0.4066839 0.5490024 0.4065268 0.5500195 0.406524 0.5466254 0.4070879 0.5466254 0.4070879 0.5470697 0.4071307 0.471435 0.9535514 0.471435 0.9531052 0.4714416 0.9533153 0.5470697 0.4071307 0.5468341 0.4071147 0.5471783 0.4071319 0.5471783 0.4071319 0.5468341 0.4071147 0.5471854 0.4071319 0.5471801 0.2545647 0.5471872 0.2545648 0.5476712 0.2545906 0.5476694 0.4071064 0.5471854 0.4071319 0.5476633 0.4071067 0.5476694 0.4071064 0.5476633 0.4071067 0.5485298 0.4069682 0.5485298 0.4069682 0.5476633 0.4071067 0.5485296 0.4069675 0.5485298 0.4069682 0.5485296 0.4069675 0.5490699 0.4068568 0.5490699 0.4068568 0.5485296 0.4069675 0.5490697 0.4068561 0.5490699 0.4068568 0.5490697 0.4068561 0.5500292 0.4066998 0.4164607 0.9143279 0.4164603 0.9153 0.4164603 0.9143207 0.5500292 0.4066998 0.5500364 0.406699 0.5505751 0.4066787 0.5505751 0.4066787 0.5500364 0.406699 0.5505684 0.4066783 0.9400194 0.5268887 0.9400126 0.5268885 0.940526 0.5268885 0.00925523 0.9343289 0.00925517 0.9343289 0.009242475 0.9338829 0.00925517 0.9343289 0.00925523 0.9343289 0.009242475 0.93462 0.2681636 0.9341742 0.2681722 0.933883 0.2681722 0.9345842 0.6753069 0.9143207 0.6753175 0.9147307 0.6753174 0.9147307 0.5490699 0.4068568 0.5490699 0.4068568 0.5499013 0.4067144 0.5458701 0.9144493 0.5458639 0.9152929 0.5458639 0.9143207 0.5499013 0.4067144 0.5500292 0.4066998 0.5506355 0.4066815 0.5506355 0.4066815 0.5500292 0.4066998 0.5505751 0.4066787 0.9400728 0.6562903 0.9400125 0.6562877 0.940519 0.6562877 0.5510798 0.4067232 0.5505751 0.4066787 0.5510798 0.4067224 0.5510798 0.4067232 0.5510798 0.4067224 0.5517677 0.4068595 0.5517677 0.4068595 0.5510798 0.4067224 0.5517678 0.4068588 0.5517677 0.4068595 0.5517678 0.4068588 0.5525712 0.4070801 0.9214545 0.4160597 0.9206211 0.4160596 0.9214619 0.4160596 0.5525712 0.4070801 0.5525784 0.4070822 0.5534778 0.4073512 0.6753174 0.9147307 0.6753175 0.9147307 0.6753069 0.9152714 0.9211621 0.545462 0.9206212 0.5454587 0.9214546 0.5454587 0.55229 0.4069996 0.5525712 0.4070801 0.5534852 0.4073534 0.5534852 0.4073534 0.5525712 0.4070801 0.5534778 0.4073512 0.5534852 0.4073534 0.5534778 0.4073512 0.5551406 0.4078378 0.5549744 0.4077938 0.5534852 0.4073534 0.5551404 0.4078385 0.5551404 0.4078385 0.5534852 0.4073534 0.5551406 0.4078378 0.5551404 0.4078385 0.5551406 0.4078378 0.5562611 0.4080835 0.5562611 0.4080835 0.5551406 0.4078378 0.5562613 0.4080827 0.5562611 0.4080835 0.5562613 0.4080827 0.557344 0.4081994 0.557344 0.4081994 0.5563583 0.4080986 0.5562611 0.4080835 0.5562611 0.4080835 0.5563583 0.4080986 0.5562611 0.4080836 0.5562611 0.4080835 0.5562611 0.4080836 0.5551404 0.4078385 0.5551404 0.4078385 0.5562611 0.4080836 0.5551404 0.4078386 0.5551404 0.4078385 0.5551404 0.4078386 0.5549744 0.4077938 0.5587266 0.408254 0.5576489 0.4082165 0.557344 0.4081994 0.557344 0.4081994 0.5576489 0.4082165 0.557344 0.4081994 0.557344 0.4081994 0.557344 0.4081994 0.5563583 0.4080986 0.5562613 0.4080827 0.557344 0.4081986 0.557344 0.4081994 0.557344 0.4081994 0.557344 0.4081986 0.558719 0.4082538 0.9007524 0.1201784 0.9021285 0.1201783 0.9021362 0.1201784 0.5587266 0.408254 0.558719 0.4082538 0.5604677 0.40829 0.5615917 0.408265 0.5612088 0.4082852 0.5604677 0.4082908 0.5604677 0.4082908 0.5612088 0.4082852 0.5604677 0.4082909 0.5604677 0.4082908 0.5604677 0.4082909 0.5594699 0.4082729 0.5476878 0.4061321 0.5477721 0.4059562 0.5484011 0.4063279 0.5484011 0.4063279 0.5477721 0.4059562 0.5482753 0.4057022 0.5484011 0.4063279 0.5482753 0.4057022 0.5489391 0.4062169 0.5489391 0.4062169 0.5482753 0.4057022 0.5488112 0.4055917 0.5489391 0.4062169 0.5488112 0.4055917 0.5494839 0.4061146 0.5494839 0.4061146 0.5488112 0.4055917 0.5493803 0.4054849 0.5494839 0.4061146 0.5493803 0.4054849 0.5499739 0.4060496 0.5499739 0.4060496 0.5493803 0.4054849 0.5499128 0.4054144 0.5499739 0.4060496 0.5499128 0.4054144 0.550585 0.4060262 0.550585 0.4060262 0.5499128 0.4054144 0.5506014 0.4053882 0.550585 0.4060262 0.5506014 0.4053882 0.5511712 0.4060765 0.5511712 0.4060765 0.5506014 0.4053882 0.5512605 0.4054446 0.5511712 0.4060765 0.5512605 0.4054446 0.5519233 0.4062252 0.5519233 0.4062252 0.5512605 0.4054446 0.5520755 0.4056054 0.5519233 0.4062252 0.5520755 0.4056054 0.5527618 0.4064561 0.5527618 0.4064561 0.5520755 0.4056054 0.5529412 0.4058436 0.5527618 0.4064561 0.5529412 0.4058436 0.553667 0.4067268 0.553667 0.4067268 0.5529412 0.4058436 0.5538521 0.4061161 0.553667 0.4067268 0.5538521 0.4061161 0.5553078 0.4072072 0.5553078 0.4072072 0.5538521 0.4061161 0.5554713 0.4065903 0.5553078 0.4072072 0.5554713 0.4065903 0.5563652 0.4074387 0.5563652 0.4074387 0.5554713 0.4065903 0.5564669 0.4068087 0.5563652 0.4074387 0.5564669 0.4068087 0.5573858 0.4075475 0.5573858 0.4075475 0.5564669 0.4068087 0.5574268 0.4069107 0.5573858 0.4075475 0.5574268 0.4069107 0.5587372 0.4076017 0.5587372 0.4076017 0.5574268 0.4069107 0.5587549 0.4069638 0.5587372 0.4076017 0.5587549 0.4069638 0.560475 0.4076377 0.560475 0.4076377 0.5587549 0.4069638 0.5604822 0.4069996 0.560475 0.4076377 0.5604822 0.4069996 0.5615439 0.4076136 0.5615439 0.4076136 0.5604822 0.4069996 0.5614972 0.4069771 0.5615439 0.4076136 0.5614972 0.4069771 0.562451 0.4074873 0.562451 0.4074873 0.5614972 0.4069771 0.5623278 0.4068611 0.562451 0.4074873 0.5623278 0.4068611 0.5633116 0.4073013 0.5479342 0.4052787 0.5481325 0.4049919 0.5482753 0.4057022 0.5482753 0.4057022 0.5481325 0.4049919 0.5486661 0.4048818 0.5482753 0.4057022 0.5486661 0.4048818 0.5488112 0.4055917 0.5488112 0.4055917 0.5486661 0.4048818 0.5492627 0.40477 0.5488112 0.4055917 0.5492627 0.40477 0.5493803 0.4054849 0.5493803 0.4054849 0.5492627 0.40477 0.5498433 0.4046931 0.5493803 0.4054849 0.5498433 0.4046931 0.5499128 0.4054144 0.5499128 0.4054144 0.5498433 0.4046931 0.5506199 0.4046639 0.5499128 0.4054144 0.5506199 0.4046639 0.5506014 0.4053882 0.5506014 0.4053882 0.5506199 0.4046639 0.551362 0.4047272 0.5506014 0.4053882 0.551362 0.4047272 0.5512605 0.4054446 0.5512605 0.4054446 0.551362 0.4047272 0.5522483 0.4049017 0.5512605 0.4054446 0.5522483 0.4049017 0.5520755 0.4056054 0.5520755 0.4056054 0.5522483 0.4049017 0.5531449 0.4051482 0.5520755 0.4056054 0.5531449 0.4051482 0.5529412 0.4058436 0.5529412 0.4058436 0.5531449 0.4051482 0.5540622 0.4054226 0.5529412 0.4058436 0.5540622 0.4054226 0.5538521 0.4061161 0.5538521 0.4061161 0.5540622 0.4054226 0.555657 0.4058899 0.5538521 0.4061161 0.555657 0.4058899 0.5554713 0.4065903 0.5554713 0.4065903 0.555657 0.4058899 0.5565824 0.4060933 0.5554713 0.4065903 0.5565824 0.4060933 0.5564669 0.4068087 0.5564669 0.4068087 0.5565824 0.4060933 0.5574732 0.4061876 0.5564669 0.4068087 0.5574732 0.4061876 0.5574268 0.4069107 0.5574268 0.4069107 0.5574732 0.4061876 0.5587751 0.4062395 0.5574268 0.4069107 0.5587751 0.4062395 0.5587549 0.4069638 0.5587549 0.4069638 0.5587751 0.4062395 0.5604903 0.406275 0.5587549 0.4069638 0.5604903 0.406275 0.5604822 0.4069996 0.5604822 0.4069996 0.5604903 0.406275 0.5614441 0.4062545 0.5604822 0.4069996 0.5614441 0.4062545 0.5614972 0.4069771 0.5614972 0.4069771 0.5614441 0.4062545 0.562188 0.4061502 0.5614972 0.4069771 0.562188 0.4061502 0.5623278 0.4068611 0.4907988 0.8941186 0.4908143 0.8947981 0.4907988 0.895513 0.1202212 0.8948338 0.1202274 0.8941187 0.1202213 0.8948338 0.1202212 0.8948338 0.1202213 0.8948338 0.1202274 0.8957358 0.5625723 0.2535815 0.563454 0.2537719 0.562195 0.2535135 0.5625696 0.4081289 0.5621922 0.4081967 0.5615917 0.408265 0.5615917 0.408265 0.5621922 0.4081967 0.5615917 0.4082651 0.5615917 0.408265 0.5615917 0.4082651 0.5612088 0.4082852 0.5631749 0.406678 0.5630197 0.4059702 0.5637832 0.4058179 0.5637832 0.4058179 0.5630197 0.4059702 0.5643261 0.4049948 0.5637832 0.4058179 0.5643261 0.4049948 0.5645532 0.4056994 0.5645532 0.4056994 0.5643261 0.4049948 0.5662927 0.4047586 0.5645532 0.4056994 0.5662927 0.4047586 0.5667242 0.4054449 0.5667242 0.4054449 0.5662927 0.4047586 0.566646 0.4047199 0.5667242 0.4054449 0.566646 0.4047199 0.5693747 0.4044471 0.8801372 0.08320742 0.8812298 0.08320248 0.8822672 0.08320742 0.8811748 0.7362322 0.8801373 0.7362198 0.8811748 0.7362322 0.8811748 0.7362322 0.8811748 0.7362322 0.8818543 0.7362198 0.5696459 0.4071795 0.568646 0.4072842 0.5669401 0.4074492 0.5669401 0.4074492 0.568646 0.4072842 0.5669401 0.4074493 0.5669401 0.4074492 0.5669401 0.4074493 0.5658545 0.4075714 0.5467649 0.407025 0.5468186 0.4069975 0.5468339 0.4070455 0.5468339 0.4070455 0.5468186 0.4069975 0.5468381 0.407005 0.5468339 0.4070455 0.5468381 0.407005 0.5471855 0.407063 0.5471855 0.407063 0.5468381 0.407005 0.5471855 0.4070223 0.5471855 0.407063 0.5471855 0.4070223 0.5476564 0.4070383 0.5476564 0.4070383 0.5471855 0.4070223 0.5476523 0.4069977 0.5476564 0.4070383 0.5476523 0.4069977 0.548516 0.4069001 0.548516 0.4069001 0.5476523 0.4069977 0.548508 0.4068601 0.548516 0.4069001 0.548508 0.4068601 0.5490559 0.4067887 0.5490559 0.4067887 0.548508 0.4068601 0.5490478 0.4067488 0.5490559 0.4067887 0.5490478 0.4067488 0.5500298 0.4066305 0.5500298 0.4066305 0.5490478 0.4067488 0.5500259 0.40659 0.5500298 0.4066305 0.5500259 0.40659 0.5505701 0.4066095 0.5505701 0.4066095 0.5500259 0.40659 0.5505712 0.4065688 0.5505701 0.4066095 0.5505712 0.4065688 0.5510895 0.4066544 0.5510895 0.4066544 0.5505712 0.4065688 0.5510952 0.406614 0.5510895 0.4066544 0.5510952 0.406614 0.5517842 0.406792 0.5517842 0.406792 0.5510952 0.406614 0.5517939 0.4067524 0.5517842 0.406792 0.5517939 0.4067524 0.5525978 0.4070161 0.5525978 0.4070161 0.5517939 0.4067524 0.5526092 0.4069771 0.5525978 0.4070161 0.5526092 0.4069771 0.5534978 0.4072853 0.5534978 0.4072853 0.5526092 0.4069771 0.5535096 0.4072464 0.5534978 0.4072853 0.5535096 0.4072464 0.5551583 0.4077713 0.5551583 0.4077713 0.5535096 0.4072464 0.5551687 0.407732 0.5551583 0.4077713 0.5551687 0.407732 0.5562722 0.4080148 0.5562722 0.4080148 0.5551687 0.407732 0.5562787 0.4079746 0.5562722 0.4080148 0.5562787 0.4079746 0.5573484 0.4081299 0.5573484 0.4081299 0.5562787 0.4079746 0.557351 0.4080893 0.5573484 0.4081299 0.557351 0.4080893 0.5587209 0.4081851 0.5587209 0.4081851 0.557351 0.4080893 0.558722 0.4081444 0.5587209 0.4081851 0.558722 0.4081444 0.5604685 0.4082213 0.5604685 0.4082213 0.558722 0.4081444 0.560469 0.4081805 0.5604685 0.4082213 0.560469 0.4081805 0.5615866 0.4081956 0.5615866 0.4081956 0.560469 0.4081805 0.5615836 0.408155 0.5615866 0.4081956 0.5615836 0.408155 0.5625637 0.40806 0.5625637 0.40806 0.5615836 0.408155 0.5625558 0.40802 0.5625637 0.40806 0.5625558 0.40802 0.5634366 0.4078714 0.5634366 0.4078714 0.5625558 0.40802 0.5634278 0.4078316 0.5634366 0.4078714 0.5634278 0.4078316 0.5648152 0.4076281 0.5648152 0.4076281 0.5634278 0.4078316 0.5648097 0.4075877 0.5648152 0.4076281 0.5648097 0.4075877 0.5669327 0.40738 0.5669327 0.40738 0.5648097 0.4075877 0.5669283 0.4073395 0.5669327 0.40738 0.5669283 0.4073395 0.5696375 0.4071105 0.5696375 0.4071105 0.5669283 0.4073395 0.5696326 0.40707 0.5696375 0.4071105 0.5696326 0.40707 0.5711024 0.4069035 0.5711024 0.4069035 0.5696326 0.40707 0.5710963 0.4068632 0.5711024 0.4069035 0.5710963 0.4068632 0.5724569 0.4067004 0.5790529 0.4061135 0.5779505 0.4062268 0.57793 0.4062283 0.57793 0.4062283 0.5779505 0.4062268 0.5751195 0.4064563 0.57793 0.4062283 0.5751195 0.4064563 0.5751195 0.4064562 0.5751195 0.4064562 0.5751195 0.4064563 0.5742285 0.406548 0.1757202 0.8729143 0.1757336 0.8738099 0.1757202 0.8755855 0.5724667 0.4067693 0.5742285 0.406548 0.5724668 0.4067693 0.5724667 0.4067693 0.5724668 0.4067693 0.5711129 0.4069722 0.5711129 0.4069722 0.5724668 0.4067693 0.5710299 0.4069849 0.5711129 0.4069722 0.5710299 0.4069849 0.5696459 0.4071795 0.5696459 0.4071795 0.5710299 0.4069849 0.5696459 0.4071795 0.5696459 0.4071795 0.5696459 0.4071795 0.568646 0.4072842 0.5798342 0.405954 0.5792641 0.406079 0.5790529 0.4061135 0.5790529 0.4061135 0.5792641 0.406079 0.5790529 0.4061135 0.5790529 0.4061135 0.5790529 0.4061135 0.5779505 0.4062268 0.5631749 0.406678 0.5637832 0.4058179 0.5639081 0.4065316 0.5639081 0.4065316 0.5637832 0.4058179 0.5645532 0.4056994 0.5639081 0.4065316 0.5645532 0.4056994 0.5646507 0.4064174 0.5646507 0.4064174 0.5645532 0.4056994 0.5667242 0.4054449 0.5646507 0.4064174 0.5667242 0.4054449 0.5668018 0.4061653 0.5668018 0.4061653 0.5667242 0.4054449 0.5694034 0.4051782 0.5668018 0.4061653 0.5694034 0.4051782 0.5694906 0.4058976 0.5694906 0.4058976 0.5694034 0.4051782 0.5708082 0.4049795 0.5694906 0.4058976 0.5708082 0.4049795 0.5709177 0.4056957 0.5709177 0.4056957 0.5708082 0.4049795 0.5721813 0.4047737 0.5709177 0.4056957 0.5721813 0.4047737 0.5722839 0.405491 0.5722839 0.405491 0.5721813 0.4047737 0.5735446 0.404596 0.5722839 0.405491 0.5735446 0.404596 0.5736283 0.4053158 0.5736283 0.4053158 0.5735446 0.404596 0.5749213 0.4044501 0.5736283 0.4053158 0.5749213 0.4044501 0.5749925 0.4051712 0.5749925 0.4051712 0.5749213 0.4044501 0.5777891 0.4042173 0.5749925 0.4051712 0.5777891 0.4042173 0.5778397 0.4049401 0.5778397 0.4049401 0.5777891 0.4042173 0.5787531 0.4041199 0.5778397 0.4049401 0.5787531 0.4041199 0.5788608 0.4048365 0.5788608 0.4048365 0.5787531 0.4041199 0.5793133 0.4040064 0.5788608 0.4048365 0.5793133 0.4040064 0.5795006 0.4047064 0.5795006 0.4047064 0.5793133 0.4040064 0.5795505 0.4039147 0.5795006 0.4047064 0.5795505 0.4039147 0.5799345 0.404565 0.5799345 0.404565 0.5795505 0.4039147 0.5797498 0.4040036 0.5799345 0.404565 0.5797498 0.4040036 0.5800958 0.4041845 0.9400132 0.3974917 0.9400134 0.3974916 0.9405871 0.3974918 0.5803993 0.2559573 0.5809203 0.2561973 0.5802152 0.2558886 0.5803987 0.4057693 0.5802146 0.4058378 0.5798342 0.405954 0.579835 0.2557721 0.5802152 0.2558886 0.579835 0.2557721 0.579835 0.2557721 0.579835 0.2557721 0.579265 0.2556465 0.5809215 0.4055284 0.5809206 0.4055292 0.5804055 0.4057666 0.9405797 0.2680943 0.9400126 0.2680939 0.9405871 0.2680939 0.5804055 0.4057666 0.5803987 0.4057693 0.5798341 0.4059532 0.5798341 0.4059532 0.5803987 0.4057693 0.5798342 0.405954 0.5798341 0.4059532 0.5798342 0.405954 0.5790528 0.4061127 0.5790528 0.4061127 0.5798342 0.405954 0.5790529 0.4061135 0.5790528 0.4061127 0.5790529 0.4061135 0.5779299 0.4062275 0.5779299 0.4062275 0.5790529 0.4061135 0.57793 0.4062283 0.5779299 0.4062275 0.57793 0.4062283 0.5751194 0.4064555 0.5751194 0.4064555 0.57793 0.4062283 0.5751195 0.4064562 0.5751194 0.4064555 0.5751195 0.4064562 0.5724667 0.4067686 0.5724667 0.4067686 0.5751195 0.4064562 0.5724667 0.4067693 0.5724667 0.4067686 0.5724667 0.4067693 0.5711128 0.4069715 0.5711128 0.4069715 0.5724667 0.4067693 0.5711129 0.4069722 0.5711128 0.4069715 0.5711129 0.4069722 0.5696458 0.4071787 0.5696458 0.4071787 0.5711129 0.4069722 0.5696459 0.4071795 0.5696458 0.4071787 0.5696459 0.4071795 0.5669401 0.4074484 0.5669401 0.4074484 0.5696459 0.4071795 0.5669401 0.4074492 0.5669401 0.4074484 0.5669401 0.4074492 0.5648245 0.4076963 0.5648245 0.4076963 0.5669401 0.4074492 0.5648246 0.407697 0.5648245 0.4076963 0.5648246 0.407697 0.5634513 0.4079385 0.5634513 0.4079385 0.5648246 0.407697 0.5634515 0.4079393 0.5634513 0.4079385 0.5634515 0.4079393 0.5625769 0.4081274 0.9215158 0.2866637 0.9206212 0.2866636 0.9215233 0.2866636 0.5625769 0.4081274 0.5625696 0.4081289 0.5615916 0.4082642 0.5615916 0.4082642 0.5625696 0.4081289 0.5615917 0.408265 0.5615916 0.4082642 0.5615917 0.408265 0.5604677 0.40829 0.5604677 0.40829 0.5615917 0.408265 0.5604677 0.4082908 0.5604677 0.40829 0.5604677 0.4082908 0.5587266 0.408254 0.5587266 0.408254 0.5604677 0.4082908 0.5594699 0.4082729 0.5587294 0.253453 0.5594727 0.2534348 0.5576517 0.2534895 0.5466278 0.4070869 0.5466308 0.4070857 0.546827 0.4071139 0.546827 0.4071139 0.5466308 0.4070857 0.5468271 0.4071122 0.546827 0.4071139 0.5468271 0.4071122 0.5471854 0.4071319 0.5471854 0.4071319 0.5468271 0.4071122 0.5471854 0.4071301 0.5471854 0.4071319 0.5471854 0.4071301 0.5476633 0.4071067 0.5476633 0.4071067 0.5471854 0.4071301 0.5476632 0.407105 0.5476633 0.4071067 0.5476632 0.407105 0.5485296 0.4069675 0.5485296 0.4069675 0.5476632 0.407105 0.5485292 0.4069658 0.5485296 0.4069675 0.5485292 0.4069658 0.5490697 0.4068561 0.5490697 0.4068561 0.5485292 0.4069658 0.5490694 0.4068544 0.5490697 0.4068561 0.5490694 0.4068544 0.5500364 0.406699 0.5500364 0.406699 0.5490694 0.4068544 0.5500362 0.4066972 0.5500364 0.406699 0.5500362 0.4066972 0.5505684 0.4066783 0.5505684 0.4066783 0.5500362 0.4066972 0.5505684 0.4066766 0.5505684 0.4066783 0.5505684 0.4066766 0.5510798 0.4067224 0.5510798 0.4067224 0.5505684 0.4066766 0.5510801 0.4067207 0.5510798 0.4067224 0.5510801 0.4067207 0.5517678 0.4068588 0.5517678 0.4068588 0.5510801 0.4067207 0.5517683 0.4068571 0.5517678 0.4068588 0.5517683 0.4068571 0.5525784 0.4070822 0.5525784 0.4070822 0.5517683 0.4068571 0.5525789 0.4070805 0.5525784 0.4070822 0.5525789 0.4070805 0.5534778 0.4073512 0.5534778 0.4073512 0.5525789 0.4070805 0.5534784 0.4073495 0.5534778 0.4073512 0.5534784 0.4073495 0.5551406 0.4078378 0.5551406 0.4078378 0.5534784 0.4073495 0.5551411 0.4078361 0.5551406 0.4078378 0.5551411 0.4078361 0.5562613 0.4080827 0.5562613 0.4080827 0.5551411 0.4078361 0.5562615 0.408081 0.5562613 0.4080827 0.5562615 0.408081 0.557344 0.4081986 0.557344 0.4081986 0.5562615 0.408081 0.5573441 0.4081969 0.557344 0.4081986 0.5573441 0.4081969 0.558719 0.4082538 0.558719 0.4082538 0.5573441 0.4081969 0.558719 0.4082521 0.558719 0.4082538 0.558719 0.4082521 0.5604677 0.40829 0.5604677 0.40829 0.558719 0.4082521 0.5604677 0.4082883 0.5604677 0.40829 0.5604677 0.4082883 0.5615916 0.4082642 0.5615916 0.4082642 0.5604677 0.4082883 0.5615915 0.4082625 0.5615916 0.4082642 0.5615915 0.4082625 0.5625769 0.4081274 0.5625769 0.4081274 0.5615915 0.4082625 0.5625766 0.4081257 0.5625769 0.4081274 0.5625766 0.4081257 0.5634513 0.4079385 0.5634513 0.4079385 0.5625766 0.4081257 0.5634509 0.4079368 0.5634513 0.4079385 0.5634509 0.4079368 0.5648245 0.4076963 0.5648245 0.4076963 0.5634509 0.4079368 0.5648242 0.4076945 0.5648245 0.4076963 0.5648242 0.4076945 0.5669401 0.4074484 0.5669401 0.4074484 0.5648242 0.4076945 0.5669398 0.4074466 0.5669401 0.4074484 0.5669398 0.4074466 0.5696458 0.4071787 0.5696458 0.4071787 0.5669398 0.4074466 0.5696456 0.407177 0.5696458 0.4071787 0.5696456 0.407177 0.5711128 0.4069715 0.5711128 0.4069715 0.5696456 0.407177 0.5711125 0.4069697 0.5711128 0.4069715 0.5711125 0.4069697 0.5724667 0.4067686 0.5724667 0.4067686 0.5711125 0.4069697 0.5724664 0.4067668 0.5724667 0.4067686 0.5724664 0.4067668 0.5751194 0.4064555 0.5751194 0.4064555 0.5724664 0.4067668 0.5751193 0.4064537 0.5751194 0.4064555 0.5751193 0.4064537 0.5779299 0.4062275 0.5779299 0.4062275 0.5751193 0.4064537 0.5779298 0.4062258 0.5779299 0.4062275 0.5779298 0.4062258 0.5790528 0.4061127 0.5790528 0.4061127 0.5779298 0.4062258 0.5790526 0.406111 0.5790528 0.4061127 0.5790526 0.406111 0.5798341 0.4059532 0.5798341 0.4059532 0.5790526 0.406111 0.5798336 0.4059515 0.5798341 0.4059532 0.5798336 0.4059515 0.5804055 0.4057666 0.5804055 0.4057666 0.5798336 0.4059515 0.5804049 0.4057649 0.5804055 0.4057666 0.5804049 0.4057649 0.5809262 0.4055243 0.5809262 0.4055243 0.5804049 0.4057649 0.5809292 0.4055218 0.5466308 0.4070857 0.5466358 0.4070837 0.5468271 0.4071122 0.5468271 0.4071122 0.5466358 0.4070837 0.5468274 0.4071092 0.5468271 0.4071122 0.5468274 0.4071092 0.5471854 0.4071301 0.5471854 0.4071301 0.5468274 0.4071092 0.5471854 0.4071271 0.5471854 0.4071301 0.5471854 0.4071271 0.5476632 0.407105 0.5476632 0.407105 0.5471854 0.4071271 0.5476629 0.407102 0.5476632 0.407105 0.5476629 0.407102 0.5485292 0.4069658 0.5485292 0.4069658 0.5476629 0.407102 0.5485287 0.4069629 0.5485292 0.4069658 0.5485287 0.4069629 0.5490694 0.4068544 0.5490694 0.4068544 0.5485287 0.4069629 0.5490688 0.4068515 0.5490694 0.4068544 0.5490688 0.4068515 0.5500362 0.4066972 0.5500362 0.4066972 0.5490688 0.4068515 0.5500359 0.4066943 0.5500362 0.4066972 0.5500359 0.4066943 0.5505684 0.4066766 0.5505684 0.4066766 0.5500359 0.4066943 0.5505685 0.4066736 0.5505684 0.4066766 0.5505685 0.4066736 0.5510801 0.4067207 0.5510801 0.4067207 0.5505685 0.4066736 0.5510805 0.4067178 0.5510801 0.4067207 0.5510805 0.4067178 0.5517683 0.4068571 0.5517683 0.4068571 0.5510805 0.4067178 0.551769 0.4068542 0.5517683 0.4068571 0.551769 0.4068542 0.5525789 0.4070805 0.5525789 0.4070805 0.551769 0.4068542 0.5525798 0.4070776 0.5525789 0.4070805 0.5525798 0.4070776 0.5534784 0.4073495 0.5534784 0.4073495 0.5525798 0.4070776 0.5534792 0.4073467 0.5534784 0.4073495 0.5534792 0.4073467 0.5551411 0.4078361 0.5551411 0.4078361 0.5534792 0.4073467 0.5551419 0.4078332 0.5551411 0.4078361 0.5551419 0.4078332 0.5562615 0.408081 0.5562615 0.408081 0.5551419 0.4078332 0.556262 0.4080781 0.5562615 0.408081 0.556262 0.4080781 0.5573441 0.4081969 0.5573441 0.4081969 0.556262 0.4080781 0.5573443 0.4081939 0.5573441 0.4081969 0.5573443 0.4081939 0.558719 0.4082521 0.558719 0.4082521 0.5573443 0.4081939 0.5587191 0.4082491 0.558719 0.4082521 0.5587191 0.4082491 0.5604677 0.4082883 0.5604677 0.4082883 0.5587191 0.4082491 0.5604678 0.4082853 0.5604677 0.4082883 0.5604678 0.4082853 0.5615915 0.4082625 0.5615915 0.4082625 0.5604678 0.4082853 0.5615913 0.4082595 0.5615915 0.4082625 0.5615913 0.4082595 0.5625766 0.4081257 0.5625766 0.4081257 0.5615913 0.4082595 0.562576 0.4081228 0.5625766 0.4081257 0.562576 0.4081228 0.5634509 0.4079368 0.5634509 0.4079368 0.562576 0.4081228 0.5634503 0.407934 0.5634509 0.4079368 0.5634503 0.407934 0.5648242 0.4076945 0.5648242 0.4076945 0.5634503 0.407934 0.5648239 0.4076915 0.5648242 0.4076945 0.5648239 0.4076915 0.5669398 0.4074466 0.5669398 0.4074466 0.5648239 0.4076915 0.5669395 0.4074437 0.5669398 0.4074466 0.5669395 0.4074437 0.5696456 0.407177 0.5696456 0.407177 0.5669395 0.4074437 0.5696452 0.4071741 0.5696456 0.407177 0.5696452 0.4071741 0.5711125 0.4069697 0.5711125 0.4069697 0.5696452 0.4071741 0.5711121 0.4069668 0.5711125 0.4069697 0.5711121 0.4069668 0.5724664 0.4067668 0.5724664 0.4067668 0.5711121 0.4069668 0.572466 0.4067639 0.5724664 0.4067668 0.572466 0.4067639 0.5751193 0.4064537 0.5751193 0.4064537 0.572466 0.4067639 0.575119 0.4064508 0.5751193 0.4064537 0.575119 0.4064508 0.5779298 0.4062258 0.5779298 0.4062258 0.575119 0.4064508 0.5779296 0.4062228 0.5779298 0.4062258 0.5779296 0.4062228 0.5790526 0.406111 0.5790526 0.406111 0.5779296 0.4062228 0.5790521 0.406108 0.5790526 0.406111 0.5790521 0.406108 0.5798336 0.4059515 0.5798336 0.4059515 0.5790521 0.406108 0.5798329 0.4059486 0.5798336 0.4059515 0.5798329 0.4059486 0.5804049 0.4057649 0.5804049 0.4057649 0.5798329 0.4059486 0.5804038 0.4057621 0.5804049 0.4057649 0.5804038 0.4057621 0.5809325 0.4055188 0.5809325 0.4055188 0.5804038 0.4057621 0.580939 0.405513 0.5466358 0.4070837 0.546644 0.4070802 0.5468274 0.4071092 0.5468274 0.4071092 0.546644 0.4070802 0.5468279 0.4071047 0.5468274 0.4071092 0.5468279 0.4071047 0.5471854 0.4071271 0.5471854 0.4071271 0.5468279 0.4071047 0.5471854 0.4071226 0.5471854 0.4071271 0.5471854 0.4071226 0.5476629 0.407102 0.5476629 0.407102 0.5471854 0.4071226 0.5476624 0.4070975 0.5476629 0.407102 0.5476624 0.4070975 0.5485287 0.4069629 0.5485287 0.4069629 0.5476624 0.4070975 0.5485278 0.4069585 0.5485287 0.4069629 0.5485278 0.4069585 0.5490688 0.4068515 0.5490688 0.4068515 0.5485278 0.4069585 0.5490679 0.4068471 0.5490688 0.4068515 0.5490679 0.4068471 0.5500359 0.4066943 0.5500359 0.4066943 0.5490679 0.4068471 0.5500355 0.4066898 0.5500359 0.4066943 0.5500355 0.4066898 0.5505685 0.4066736 0.5505685 0.4066736 0.5500355 0.4066898 0.5505686 0.4066691 0.5505685 0.4066736 0.5505686 0.4066691 0.5510805 0.4067178 0.5510805 0.4067178 0.5505686 0.4066691 0.5510811 0.4067133 0.5510805 0.4067178 0.5510811 0.4067133 0.551769 0.4068542 0.551769 0.4068542 0.5510811 0.4067133 0.55177 0.4068498 0.551769 0.4068542 0.55177 0.4068498 0.5525798 0.4070776 0.5525798 0.4070776 0.55177 0.4068498 0.552581 0.4070733 0.5525798 0.4070776 0.552581 0.4070733 0.5534792 0.4073467 0.5534792 0.4073467 0.552581 0.4070733 0.5534805 0.4073423 0.5534792 0.4073467 0.5534805 0.4073423 0.5551419 0.4078332 0.5551419 0.4078332 0.5534805 0.4073423 0.555143 0.4078289 0.5551419 0.4078332 0.555143 0.4078289 0.556262 0.4080781 0.556262 0.4080781 0.555143 0.4078289 0.5562627 0.4080736 0.556262 0.4080781 0.5562627 0.4080736 0.5573443 0.4081939 0.5573443 0.4081939 0.5562627 0.4080736 0.5573446 0.4081894 0.5573443 0.4081939 0.5573446 0.4081894 0.5587191 0.4082491 0.5587191 0.4082491 0.5573446 0.4081894 0.5587192 0.4082446 0.5587191 0.4082491 0.5587192 0.4082446 0.5604678 0.4082853 0.5604678 0.4082853 0.5587192 0.4082446 0.5604678 0.4082808 0.5604678 0.4082853 0.5604678 0.4082808 0.5615913 0.4082595 0.5615913 0.4082595 0.5604678 0.4082808 0.561591 0.408255 0.5615913 0.4082595 0.561591 0.408255 0.562576 0.4081228 0.562576 0.4081228 0.561591 0.408255 0.5625751 0.4081184 0.562576 0.4081228 0.5625751 0.4081184 0.5634503 0.407934 0.5634503 0.407934 0.5625751 0.4081184 0.5634493 0.4079295 0.5634503 0.407934 0.5634493 0.4079295 0.5648239 0.4076915 0.5648239 0.4076915 0.5634493 0.4079295 0.5648232 0.4076871 0.5648239 0.4076915 0.5648232 0.4076871 0.5669395 0.4074437 0.5669395 0.4074437 0.5648232 0.4076871 0.5669391 0.4074392 0.5669395 0.4074437 0.5669391 0.4074392 0.5696452 0.4071741 0.5696452 0.4071741 0.5669391 0.4074392 0.5696447 0.4071695 0.5696452 0.4071741 0.5696447 0.4071695 0.5711121 0.4069668 0.5711121 0.4069668 0.5696447 0.4071695 0.5711114 0.4069623 0.5711121 0.4069668 0.5711114 0.4069623 0.572466 0.4067639 0.572466 0.4067639 0.5711114 0.4069623 0.5724654 0.4067594 0.572466 0.4067639 0.5724654 0.4067594 0.575119 0.4064508 0.575119 0.4064508 0.5724654 0.4067594 0.5751185 0.4064463 0.575119 0.4064508 0.5751185 0.4064463 0.5779296 0.4062228 0.5779296 0.4062228 0.5751185 0.4064463 0.5779293 0.4062182 0.5779296 0.4062228 0.5779293 0.4062182 0.5790521 0.406108 0.5790521 0.406108 0.5779293 0.4062182 0.5790514 0.4061035 0.5790521 0.406108 0.5790514 0.4061035 0.5798329 0.4059486 0.5798329 0.4059486 0.5790514 0.4061035 0.5798317 0.4059442 0.5798329 0.4059486 0.5798317 0.4059442 0.5804038 0.4057621 0.5804038 0.4057621 0.5798317 0.4059442 0.5804021 0.405758 0.5804038 0.4057621 0.5804021 0.405758 0.5809472 0.4055055 0.5809472 0.4055055 0.5804021 0.405758 0.5809527 0.4055004 0.546644 0.4070802 0.5466589 0.4070739 0.5468279 0.4071047 0.5468279 0.4071047 0.5466589 0.4070739 0.5468286 0.4070981 0.5468279 0.4071047 0.5468286 0.4070981 0.5471854 0.4071226 0.5471854 0.4071226 0.5468286 0.4070981 0.5471854 0.4071159 0.5471854 0.4071226 0.5471854 0.4071159 0.5476624 0.4070975 0.5476624 0.4070975 0.5471854 0.4071159 0.5476617 0.4070909 0.5476624 0.4070975 0.5476617 0.4070909 0.5485278 0.4069585 0.5485278 0.4069585 0.5476617 0.4070909 0.5485265 0.4069519 0.5485278 0.4069585 0.5485265 0.4069519 0.5490679 0.4068471 0.5490679 0.4068471 0.5485265 0.4069519 0.5490665 0.4068405 0.5490679 0.4068471 0.5490665 0.4068405 0.5500355 0.4066898 0.5500355 0.4066898 0.5490665 0.4068405 0.5500348 0.4066832 0.5500355 0.4066898 0.5500348 0.4066832 0.5505686 0.4066691 0.5505686 0.4066691 0.5500348 0.4066832 0.5505688 0.4066624 0.5505686 0.4066691 0.5505688 0.4066624 0.5510811 0.4067133 0.5510811 0.4067133 0.5505688 0.4066624 0.5510821 0.4067066 0.5510811 0.4067133 0.5510821 0.4067066 0.55177 0.4068498 0.55177 0.4068498 0.5510821 0.4067066 0.5517717 0.4068433 0.55177 0.4068498 0.5517717 0.4068433 0.552581 0.4070733 0.552581 0.4070733 0.5517717 0.4068433 0.5525829 0.4070668 0.552581 0.4070733 0.5525829 0.4070668 0.5534805 0.4073423 0.5534805 0.4073423 0.5525829 0.4070668 0.5534825 0.4073359 0.5534805 0.4073423 0.5534825 0.4073359 0.555143 0.4078289 0.555143 0.4078289 0.5534825 0.4073359 0.5551447 0.4078224 0.555143 0.4078289 0.5551447 0.4078224 0.5562627 0.4080736 0.5562627 0.4080736 0.5551447 0.4078224 0.5562638 0.408067 0.5562627 0.4080736 0.5562638 0.408067 0.5573446 0.4081894 0.5573446 0.4081894 0.5562638 0.408067 0.557345 0.4081827 0.5573446 0.4081894 0.557345 0.4081827 0.5587192 0.4082446 0.5587192 0.4082446 0.557345 0.4081827 0.5587194 0.4082379 0.5587192 0.4082446 0.5587194 0.4082379 0.5604678 0.4082808 0.5604678 0.4082808 0.5587194 0.4082379 0.5604679 0.4082741 0.5604678 0.4082808 0.5604679 0.4082741 0.561591 0.408255 0.561591 0.408255 0.5604679 0.4082741 0.5615904 0.4082483 0.561591 0.408255 0.5615904 0.4082483 0.5625751 0.4081184 0.5625751 0.4081184 0.5615904 0.4082483 0.5625739 0.4081118 0.5625751 0.4081184 0.5625739 0.4081118 0.5634493 0.4079295 0.5634493 0.4079295 0.5625739 0.4081118 0.5634479 0.407923 0.5634493 0.4079295 0.5634479 0.407923 0.5648232 0.4076871 0.5648232 0.4076871 0.5634479 0.407923 0.5648223 0.4076805 0.5648232 0.4076871 0.5648223 0.4076805 0.5669391 0.4074392 0.5669391 0.4074392 0.5648223 0.4076805 0.5669384 0.4074326 0.5669391 0.4074392 0.5669384 0.4074326 0.5696447 0.4071695 0.5696447 0.4071695 0.5669384 0.4074326 0.5696439 0.4071629 0.5696447 0.4071695 0.5696439 0.4071629 0.5711114 0.4069623 0.5711114 0.4069623 0.5696439 0.4071629 0.5711104 0.4069557 0.5711114 0.4069623 0.5711104 0.4069557 0.5724654 0.4067594 0.5724654 0.4067594 0.5711104 0.4069557 0.5724644 0.4067528 0.5724654 0.4067594 0.5724644 0.4067528 0.5751185 0.4064463 0.5751185 0.4064463 0.5724644 0.4067528 0.5751178 0.4064396 0.5751185 0.4064463 0.5751178 0.4064396 0.5779293 0.4062182 0.5779293 0.4062182 0.5751178 0.4064396 0.5779288 0.4062116 0.5779293 0.4062182 0.5779288 0.4062116 0.5790514 0.4061035 0.5790514 0.4061035 0.5779288 0.4062116 0.5790504 0.4060969 0.5790514 0.4061035 0.5790504 0.4060969 0.5798317 0.4059442 0.5798317 0.4059442 0.5790504 0.4060969 0.5798299 0.4059378 0.5798317 0.4059442 0.5798299 0.4059378 0.5804021 0.405758 0.5804021 0.405758 0.5798299 0.4059378 0.5803997 0.4057517 0.5804021 0.405758 0.5803997 0.4057517 0.5809527 0.4055004 0.5809527 0.4055004 0.5803997 0.4057517 0.5809614 0.4054884 0.5809527 0.4055004 0.5809614 0.4054884 0.5809624 0.4054911 0.5809624 0.4054911 0.5809614 0.4054884 0.580971 0.4054827 0.5466589 0.4070739 0.5466728 0.4070679 0.5468286 0.4070981 0.5468286 0.4070981 0.5466728 0.4070679 0.5468296 0.4070882 0.5468286 0.4070981 0.5468296 0.4070882 0.5471854 0.4071159 0.5471854 0.4071159 0.5468296 0.4070882 0.5471854 0.4071059 0.5471854 0.4071159 0.5471854 0.4071059 0.5476617 0.4070909 0.5476617 0.4070909 0.5471854 0.4071059 0.5476607 0.407081 0.5476617 0.4070909 0.5476607 0.407081 0.5485265 0.4069519 0.5485265 0.4069519 0.5476607 0.407081 0.5485245 0.4069421 0.5485265 0.4069519 0.5485245 0.4069421 0.5490665 0.4068405 0.5490665 0.4068405 0.5485245 0.4069421 0.5490645 0.4068307 0.5490665 0.4068405 0.5490645 0.4068307 0.5500348 0.4066832 0.5500348 0.4066832 0.5490645 0.4068307 0.5500339 0.4066733 0.5500348 0.4066832 0.5500339 0.4066733 0.5505688 0.4066624 0.5505688 0.4066624 0.5500339 0.4066733 0.5505691 0.4066525 0.5505688 0.4066624 0.5505691 0.4066525 0.5510821 0.4067066 0.5510821 0.4067066 0.5505691 0.4066525 0.5510835 0.4066968 0.5510821 0.4067066 0.5510835 0.4066968 0.5517717 0.4068433 0.5517717 0.4068433 0.5510835 0.4066968 0.551774 0.4068337 0.5517717 0.4068433 0.551774 0.4068337 0.5525829 0.4070668 0.5525829 0.4070668 0.551774 0.4068337 0.5525857 0.4070573 0.5525829 0.4070668 0.5525857 0.4070573 0.5534825 0.4073359 0.5534825 0.4073359 0.5525857 0.4070573 0.5534853 0.4073264 0.5534825 0.4073359 0.5534853 0.4073264 0.5551447 0.4078224 0.5551447 0.4078224 0.5534853 0.4073264 0.5551473 0.4078128 0.5551447 0.4078224 0.5551473 0.4078128 0.5562638 0.408067 0.5562638 0.408067 0.5551473 0.4078128 0.5562654 0.4080572 0.5562638 0.408067 0.5562654 0.4080572 0.557345 0.4081827 0.557345 0.4081827 0.5562654 0.4080572 0.5573456 0.4081728 0.557345 0.4081827 0.5573456 0.4081728 0.5587194 0.4082379 0.5587194 0.4082379 0.5573456 0.4081728 0.5587197 0.4082279 0.5587194 0.4082379 0.5587197 0.4082279 0.5604679 0.4082741 0.5604679 0.4082741 0.5587197 0.4082279 0.560468 0.4082642 0.5604679 0.4082741 0.560468 0.4082642 0.5615904 0.4082483 0.5615904 0.4082483 0.560468 0.4082642 0.5615897 0.4082384 0.5615904 0.4082483 0.5615897 0.4082384 0.5625739 0.4081118 0.5625739 0.4081118 0.5615897 0.4082384 0.562572 0.408102 0.5625739 0.4081118 0.562572 0.408102 0.5634479 0.407923 0.5634479 0.407923 0.562572 0.408102 0.5634458 0.4079133 0.5634479 0.407923 0.5634458 0.4079133 0.5648223 0.4076805 0.5648223 0.4076805 0.5634458 0.4079133 0.564821 0.4076706 0.5648223 0.4076805 0.564821 0.4076706 0.5669384 0.4074326 0.5669384 0.4074326 0.564821 0.4076706 0.5669373 0.4074227 0.5669384 0.4074326 0.5669373 0.4074227 0.5696439 0.4071629 0.5696439 0.4071629 0.5669373 0.4074227 0.5696427 0.407153 0.5696439 0.4071629 0.5696427 0.407153 0.5711104 0.4069557 0.5711104 0.4069557 0.5696427 0.407153 0.5711089 0.4069459 0.5711104 0.4069557 0.5711089 0.4069459 0.5724644 0.4067528 0.5724644 0.4067528 0.5711089 0.4069459 0.572463 0.4067429 0.5724644 0.4067528 0.572463 0.4067429 0.5751178 0.4064396 0.5751178 0.4064396 0.572463 0.4067429 0.5751169 0.4064297 0.5751178 0.4064396 0.5751169 0.4064297 0.5779288 0.4062116 0.5779288 0.4062116 0.5751169 0.4064297 0.5779281 0.4062017 0.5779288 0.4062116 0.5779281 0.4062017 0.5790504 0.4060969 0.5790504 0.4060969 0.5779281 0.4062017 0.5790489 0.4060871 0.5790504 0.4060969 0.5790489 0.4060871 0.5798299 0.4059378 0.5798299 0.4059378 0.5790489 0.4060871 0.5798274 0.4059282 0.5798299 0.4059378 0.5798274 0.4059282 0.5803997 0.4057517 0.5803997 0.4057517 0.5798274 0.4059282 0.5803961 0.4057425 0.5803997 0.4057517 0.5803961 0.4057425 0.5809614 0.4054884 0.5809614 0.4054884 0.5803961 0.4057425 0.5809566 0.4054796 0.5809614 0.4054884 0.5809566 0.4054796 0.580971 0.4054827 0.580971 0.4054827 0.5809566 0.4054796 0.5809918 0.405461 0.5466728 0.4070679 0.5466885 0.4070609 0.5468296 0.4070882 0.5468296 0.4070882 0.5466885 0.4070609 0.5468311 0.4070733 0.5468296 0.4070882 0.5468311 0.4070733 0.5471854 0.4071059 0.5471854 0.4071059 0.5468311 0.4070733 0.5471854 0.407091 0.5471854 0.4071059 0.5471854 0.407091 0.5476607 0.407081 0.5476607 0.407081 0.5471854 0.407091 0.5476592 0.4070661 0.5476607 0.407081 0.5476592 0.4070661 0.5485245 0.4069421 0.5485245 0.4069421 0.5476592 0.4070661 0.5485215 0.4069275 0.5485245 0.4069421 0.5485215 0.4069275 0.5490645 0.4068307 0.5490645 0.4068307 0.5485215 0.4069275 0.5490615 0.4068161 0.5490645 0.4068307 0.5490615 0.4068161 0.5500339 0.4066733 0.5500339 0.4066733 0.5490615 0.4068161 0.5500325 0.4066584 0.5500339 0.4066733 0.5500325 0.4066584 0.5505691 0.4066525 0.5505691 0.4066525 0.5500325 0.4066584 0.5505694 0.4066376 0.5505691 0.4066525 0.5505694 0.4066376 0.5510835 0.4066968 0.5510835 0.4066968 0.5505694 0.4066376 0.5510855 0.406682 0.5510835 0.4066968 0.5510855 0.406682 0.551774 0.4068337 0.551774 0.4068337 0.5510855 0.406682 0.5517776 0.4068192 0.551774 0.4068337 0.5517776 0.4068192 0.5525857 0.4070573 0.5525857 0.4070573 0.5517776 0.4068192 0.5525899 0.407043 0.5525857 0.4070573 0.5525899 0.407043 0.5534853 0.4073264 0.5534853 0.4073264 0.5525899 0.407043 0.5534897 0.4073122 0.5534853 0.4073264 0.5534897 0.4073122 0.5551473 0.4078128 0.5551473 0.4078128 0.5534897 0.4073122 0.5551511 0.4077984 0.5551473 0.4078128 0.5551511 0.4077984 0.5562654 0.4080572 0.5562654 0.4080572 0.5551511 0.4077984 0.5562677 0.4080424 0.5562654 0.4080572 0.5562677 0.4080424 0.5573456 0.4081728 0.5573456 0.4081728 0.5562677 0.4080424 0.5573466 0.4081579 0.5573456 0.4081728 0.5573466 0.4081579 0.5587197 0.4082279 0.5587197 0.4082279 0.5573466 0.4081579 0.5587201 0.408213 0.5587197 0.4082279 0.5587201 0.408213 0.560468 0.4082642 0.560468 0.4082642 0.5587201 0.408213 0.5604682 0.4082493 0.560468 0.4082642 0.5604682 0.4082493 0.5615897 0.4082384 0.5615897 0.4082384 0.5604682 0.4082493 0.5615887 0.4082236 0.5615897 0.4082384 0.5615887 0.4082236 0.562572 0.408102 0.562572 0.408102 0.5615887 0.4082236 0.562569 0.4080874 0.562572 0.408102 0.562569 0.4080874 0.5634458 0.4079133 0.5634458 0.4079133 0.562569 0.4080874 0.5634425 0.4078987 0.5634458 0.4079133 0.5634425 0.4078987 0.564821 0.4076706 0.564821 0.4076706 0.5634425 0.4078987 0.564819 0.4076558 0.564821 0.4076706 0.564819 0.4076558 0.5669373 0.4074227 0.5669373 0.4074227 0.564819 0.4076558 0.5669357 0.4074078 0.5669373 0.4074227 0.5669357 0.4074078 0.5696427 0.407153 0.5696427 0.407153 0.5669357 0.4074078 0.5696409 0.4071382 0.5696427 0.407153 0.5696409 0.4071382 0.5711089 0.4069459 0.5711089 0.4069459 0.5696409 0.4071382 0.5711066 0.4069311 0.5711089 0.4069459 0.5711066 0.4069311 0.572463 0.4067429 0.572463 0.4067429 0.5711066 0.4069311 0.5724609 0.4067282 0.572463 0.4067429 0.5724609 0.4067282 0.5751169 0.4064297 0.5751169 0.4064297 0.5724609 0.4067282 0.5751154 0.4064149 0.5751169 0.4064297 0.5751154 0.4064149 0.5779281 0.4062017 0.5779281 0.4062017 0.5751154 0.4064149 0.5779271 0.4061868 0.5779281 0.4062017 0.5779271 0.4061868 0.5790489 0.4060871 0.5790489 0.4060871 0.5779271 0.4061868 0.5790467 0.4060723 0.5790489 0.4060871 0.5790467 0.4060723 0.5798274 0.4059282 0.5798274 0.4059282 0.5790467 0.4060723 0.5798235 0.4059138 0.5798274 0.4059282 0.5798235 0.4059138 0.5803961 0.4057425 0.5803961 0.4057425 0.5798235 0.4059138 0.5803906 0.4057286 0.5803961 0.4057425 0.5803906 0.4057286 0.5809566 0.4054796 0.5809566 0.4054796 0.5803906 0.4057286 0.5809496 0.4054665 0.5809566 0.4054796 0.5809496 0.4054665 0.5810042 0.4054473 0.5810042 0.4054473 0.5809496 0.4054665 0.5810204 0.4054281 0.5466991 0.4070562 0.5467649 0.407025 0.5468311 0.4070733 0.5468311 0.4070733 0.5467649 0.407025 0.5468339 0.4070455 0.5468311 0.4070733 0.5468339 0.4070455 0.5471854 0.407091 0.5471854 0.407091 0.5468339 0.4070455 0.5471855 0.407063 0.5471854 0.407091 0.5471855 0.407063 0.5476592 0.4070661 0.5476592 0.4070661 0.5471855 0.407063 0.5476564 0.4070383 0.5476592 0.4070661 0.5476564 0.4070383 0.5485215 0.4069275 0.5485215 0.4069275 0.5476564 0.4070383 0.548516 0.4069001 0.5485215 0.4069275 0.548516 0.4069001 0.5490615 0.4068161 0.5490615 0.4068161 0.548516 0.4069001 0.5490559 0.4067887 0.5490615 0.4068161 0.5490559 0.4067887 0.5500325 0.4066584 0.5500325 0.4066584 0.5490559 0.4067887 0.5500298 0.4066305 0.5500325 0.4066584 0.5500298 0.4066305 0.5505694 0.4066376 0.5505694 0.4066376 0.5500298 0.4066305 0.5505701 0.4066095 0.5505694 0.4066376 0.5505701 0.4066095 0.5510855 0.406682 0.5510855 0.406682 0.5505701 0.4066095 0.5510895 0.4066544 0.5510855 0.406682 0.5510895 0.4066544 0.5517776 0.4068192 0.5517776 0.4068192 0.5510895 0.4066544 0.5517842 0.406792 0.5517776 0.4068192 0.5517842 0.406792 0.5525899 0.407043 0.5525899 0.407043 0.5517842 0.406792 0.5525978 0.4070161 0.5525899 0.407043 0.5525978 0.4070161 0.5534897 0.4073122 0.5534897 0.4073122 0.5525978 0.4070161 0.5534978 0.4072853 0.5534897 0.4073122 0.5534978 0.4072853 0.5551511 0.4077984 0.5551511 0.4077984 0.5534978 0.4072853 0.5551583 0.4077713 0.5551511 0.4077984 0.5551583 0.4077713 0.5562677 0.4080424 0.5562677 0.4080424 0.5551583 0.4077713 0.5562722 0.4080148 0.5562677 0.4080424 0.5562722 0.4080148 0.5573466 0.4081579 0.5573466 0.4081579 0.5562722 0.4080148 0.5573484 0.4081299 0.5573466 0.4081579 0.5573484 0.4081299 0.5587201 0.408213 0.5587201 0.408213 0.5573484 0.4081299 0.5587209 0.4081851 0.5587201 0.408213 0.5587209 0.4081851 0.5604682 0.4082493 0.5604682 0.4082493 0.5587209 0.4081851 0.5604685 0.4082213 0.5604682 0.4082493 0.5604685 0.4082213 0.5615887 0.4082236 0.5615887 0.4082236 0.5604685 0.4082213 0.5615866 0.4081956 0.5615887 0.4082236 0.5615866 0.4081956 0.562569 0.4080874 0.562569 0.4080874 0.5615866 0.4081956 0.5625637 0.40806 0.562569 0.4080874 0.5625637 0.40806 0.5634425 0.4078987 0.5634425 0.4078987 0.5625637 0.40806 0.5634366 0.4078714 0.5634425 0.4078987 0.5634366 0.4078714 0.564819 0.4076558 0.564819 0.4076558 0.5634366 0.4078714 0.5648152 0.4076281 0.564819 0.4076558 0.5648152 0.4076281 0.5669357 0.4074078 0.5669357 0.4074078 0.5648152 0.4076281 0.5669327 0.40738 0.5669357 0.4074078 0.5669327 0.40738 0.5696409 0.4071382 0.5696409 0.4071382 0.5669327 0.40738 0.5696375 0.4071105 0.5696409 0.4071382 0.5696375 0.4071105 0.5711066 0.4069311 0.5711066 0.4069311 0.5696375 0.4071105 0.5711024 0.4069035 0.5711066 0.4069311 0.5711024 0.4069035 0.5724609 0.4067282 0.5724609 0.4067282 0.5711024 0.4069035 0.5724569 0.4067004 0.5724609 0.4067282 0.5724569 0.4067004 0.5751154 0.4064149 0.5751154 0.4064149 0.5724569 0.4067004 0.5751127 0.406387 0.5751154 0.4064149 0.5751127 0.406387 0.5779271 0.4061868 0.5779271 0.4061868 0.5751127 0.406387 0.5779251 0.4061589 0.5779271 0.4061868 0.5779251 0.4061589 0.5790467 0.4060723 0.5790467 0.4060723 0.5779251 0.4061589 0.5790426 0.4060447 0.5790467 0.4060723 0.5790426 0.4060447 0.5798235 0.4059138 0.5798235 0.4059138 0.5790426 0.4060447 0.5798163 0.4058867 0.5798235 0.4059138 0.5798163 0.4058867 0.5803906 0.4057286 0.5803906 0.4057286 0.5798163 0.4058867 0.5803804 0.4057025 0.5803906 0.4057286 0.5803804 0.4057025 0.5809496 0.4054665 0.5809496 0.4054665 0.5803804 0.4057025 0.5809363 0.4054419 0.5809496 0.4054665 0.5809363 0.4054419 0.5810204 0.4054281 0.5810204 0.4054281 0.5809363 0.4054419 0.5810591 0.4053757 0.5710963 0.4068632 0.5724511 0.4066601 0.5724569 0.4067004 0.5724569 0.4067004 0.5724511 0.4066601 0.5737647 0.4064889 0.5724569 0.4067004 0.5737647 0.4064889 0.5751127 0.406387 0.5751127 0.406387 0.5737647 0.4064889 0.5751087 0.4063465 0.5751127 0.406387 0.5751087 0.4063465 0.5779251 0.4061589 0.5779251 0.4061589 0.5751087 0.4063465 0.5779223 0.4061182 0.5779251 0.4061589 0.5779223 0.4061182 0.5790426 0.4060447 0.5790426 0.4060447 0.5779223 0.4061182 0.5790365 0.4060044 0.5790426 0.4060447 0.5790365 0.4060044 0.5798163 0.4058867 0.5798163 0.4058867 0.5790365 0.4060044 0.5798057 0.4058474 0.5798163 0.4058867 0.5798057 0.4058474 0.5803804 0.4057025 0.5803804 0.4057025 0.5798057 0.4058474 0.5803655 0.4056646 0.5803804 0.4057025 0.5803655 0.4056646 0.5809363 0.4054419 0.5809363 0.4054419 0.5803655 0.4056646 0.580917 0.405406 0.5809363 0.4054419 0.580917 0.405406 0.5810618 0.4053715 0.5810618 0.4053715 0.580917 0.405406 0.5811051 0.4052919 0.5468343 0.406989 0.5469165 0.406942 0.5471855 0.4070223 0.5471855 0.4070223 0.5469165 0.406942 0.5471857 0.406956 0.5471855 0.4070223 0.5471857 0.406956 0.5476523 0.4069977 0.5476523 0.4069977 0.5471857 0.406956 0.5476456 0.4069318 0.5476523 0.4069977 0.5476456 0.4069318 0.548508 0.4068601 0.548508 0.4068601 0.5476456 0.4069318 0.5484949 0.4067952 0.548508 0.4068601 0.5484949 0.4067952 0.5490478 0.4067488 0.5490478 0.4067488 0.5484949 0.4067952 0.5490345 0.4066839 0.5490478 0.4067488 0.5490345 0.4066839 0.5500259 0.40659 0.5500259 0.40659 0.5490345 0.4066839 0.5500195 0.406524 0.5500259 0.40659 0.5500195 0.406524 0.5505712 0.4065688 0.5505712 0.4065688 0.5500195 0.406524 0.5505729 0.4065026 0.5505712 0.4065688 0.5505729 0.4065026 0.5510952 0.406614 0.5510952 0.406614 0.5505729 0.4065026 0.5511044 0.4065484 0.5510952 0.406614 0.5511044 0.4065484 0.5517939 0.4067524 0.5517939 0.4067524 0.5511044 0.4065484 0.5518097 0.406688 0.5517939 0.4067524 0.5518097 0.406688 0.5526092 0.4069771 0.5526092 0.4069771 0.5518097 0.406688 0.5526279 0.4069134 0.5526092 0.4069771 0.5526279 0.4069134 0.5535096 0.4072464 0.5535096 0.4072464 0.5526279 0.4069134 0.5535289 0.4071829 0.5535096 0.4072464 0.5535289 0.4071829 0.5551687 0.407732 0.5551687 0.407732 0.5535289 0.4071829 0.5551857 0.4076679 0.5551687 0.407732 0.5551857 0.4076679 0.5562787 0.4079746 0.5562787 0.4079746 0.5551857 0.4076679 0.5562893 0.4079092 0.5562787 0.4079746 0.5562893 0.4079092 0.557351 0.4080893 0.557351 0.4080893 0.5562893 0.4079092 0.5573553 0.4080231 0.557351 0.4080893 0.5573553 0.4080231 0.558722 0.4081444 0.558722 0.4081444 0.5573553 0.4080231 0.5587239 0.4080781 0.558722 0.4081444 0.5587239 0.4080781 0.560469 0.4081805 0.560469 0.4081805 0.5587239 0.4080781 0.5604697 0.4081142 0.560469 0.4081805 0.5604697 0.4081142 0.5615836 0.408155 0.5615836 0.408155 0.5604697 0.4081142 0.5615788 0.4080889 0.5615836 0.408155 0.5615788 0.4080889 0.5625558 0.40802 0.5625558 0.40802 0.5615788 0.4080889 0.562543 0.4079549 0.5625558 0.40802 0.562543 0.4079549 0.5634278 0.4078316 0.5634278 0.4078316 0.562543 0.4079549 0.5634136 0.4077668 0.5634278 0.4078316 0.5634136 0.4077668 0.5648097 0.4075877 0.5648097 0.4075877 0.5634136 0.4077668 0.5648008 0.407522 0.5648097 0.4075877 0.5648008 0.407522 0.5669283 0.4073395 0.5669283 0.4073395 0.5648008 0.407522 0.5669212 0.4072736 0.5669283 0.4073395 0.5669212 0.4072736 0.5696326 0.40707 0.5696326 0.40707 0.5669212 0.4072736 0.5696247 0.4070042 0.5696326 0.40707 0.5696247 0.4070042 0.5710963 0.4068632 0.5710963 0.4068632 0.5696247 0.4070042 0.5710862 0.4067977 0.5710963 0.4068632 0.5710862 0.4067977 0.5724511 0.4066601 0.5724511 0.4066601 0.5710862 0.4067977 0.5724418 0.4065945 0.5724511 0.4066601 0.5724418 0.4065945 0.5737647 0.4064889 0.5737647 0.4064889 0.5724418 0.4065945 0.5737571 0.406423 0.5737647 0.4064889 0.5737571 0.406423 0.5751087 0.4063465 0.5751087 0.4063465 0.5737571 0.406423 0.5751022 0.4062805 0.5751087 0.4063465 0.5751022 0.4062805 0.5779223 0.4061182 0.5779223 0.4061182 0.5751022 0.4062805 0.5779176 0.4060521 0.5779223 0.4061182 0.5779176 0.4060521 0.5790365 0.4060044 0.5790365 0.4060044 0.5779176 0.4060521 0.5790266 0.4059388 0.5790365 0.4060044 0.5790266 0.4059388 0.5798057 0.4058474 0.5798057 0.4058474 0.5790266 0.4059388 0.5797886 0.4057834 0.5798057 0.4058474 0.5797886 0.4057834 0.5803655 0.4056646 0.5803655 0.4056646 0.5797886 0.4057834 0.5803413 0.4056029 0.5803655 0.4056646 0.5803413 0.4056029 0.580917 0.405406 0.580917 0.405406 0.5803413 0.4056029 0.5808855 0.4053477 0.580917 0.405406 0.5808855 0.4053477 0.5811328 0.4052122 0.5811328 0.4052122 0.5808855 0.4053477 0.5811347 0.4052048 0.5490024 0.4065268 0.5495352 0.4064267 0.5500195 0.406524 0.5500195 0.406524 0.5495352 0.4064267 0.5500042 0.4063645 0.5500195 0.406524 0.5500042 0.4063645 0.5505729 0.4065026 0.5505729 0.4065026 0.5500042 0.4063645 0.550577 0.4063423 0.5505729 0.4065026 0.550577 0.4063423 0.5511044 0.4065484 0.5511044 0.4065484 0.550577 0.4063423 0.5511269 0.4063897 0.5511044 0.4065484 0.5511269 0.4063897 0.5518097 0.406688 0.5518097 0.406688 0.5511269 0.4063897 0.5518479 0.4065324 0.5518097 0.406688 0.5518479 0.4065324 0.5526279 0.4069134 0.5526279 0.4069134 0.5518479 0.4065324 0.5526729 0.4067596 0.5526279 0.4069134 0.5526729 0.4067596 0.5535289 0.4071829 0.5535289 0.4071829 0.5526729 0.4067596 0.5535753 0.4070295 0.5535289 0.4071829 0.5535753 0.4070295 0.5551857 0.4076679 0.5551857 0.4076679 0.5535753 0.4070295 0.5552268 0.4075129 0.5551857 0.4076679 0.5552268 0.4075129 0.5562893 0.4079092 0.5562893 0.4079092 0.5552268 0.4075129 0.5563148 0.4077509 0.5562893 0.4079092 0.5563148 0.4077509 0.5573553 0.4080231 0.5573553 0.4080231 0.5563148 0.4077509 0.5573655 0.4078632 0.5573553 0.4080231 0.5573655 0.4078632 0.5587239 0.4080781 0.5587239 0.4080781 0.5573655 0.4078632 0.5587283 0.4079179 0.5587239 0.4080781 0.5587283 0.4079179 0.5604697 0.4081142 0.5604697 0.4081142 0.5587283 0.4079179 0.5604715 0.407954 0.5604697 0.4081142 0.5604715 0.407954 0.5615788 0.4080889 0.5615788 0.4080889 0.5604715 0.407954 0.561567 0.407929 0.5615788 0.4080889 0.561567 0.407929 0.562543 0.4079549 0.562543 0.4079549 0.561567 0.407929 0.562512 0.4077976 0.562543 0.4079549 0.562512 0.4077976 0.5634136 0.4077668 0.5634136 0.4077668 0.562512 0.4077976 0.5633793 0.4076102 0.5634136 0.4077668 0.5633793 0.4076102 0.5648008 0.407522 0.5648008 0.407522 0.5633793 0.4076102 0.5647792 0.4073632 0.5648008 0.407522 0.5647792 0.4073632 0.5669212 0.4072736 0.5669212 0.4072736 0.5647792 0.4073632 0.5669041 0.4071142 0.5669212 0.4072736 0.5669041 0.4071142 0.5696247 0.4070042 0.5696247 0.4070042 0.5669041 0.4071142 0.5696054 0.406845 0.5696247 0.4070042 0.5696054 0.406845 0.5710862 0.4067977 0.5710862 0.4067977 0.5696054 0.406845 0.571062 0.4066392 0.5710862 0.4067977 0.571062 0.4066392 0.5724418 0.4065945 0.5724418 0.4065945 0.571062 0.4066392 0.5724191 0.4064359 0.5724418 0.4065945 0.5724191 0.4064359 0.5737571 0.406423 0.5737571 0.406423 0.5724191 0.4064359 0.5737385 0.4062638 0.5737571 0.406423 0.5737385 0.4062638 0.5751022 0.4062805 0.5751022 0.4062805 0.5737385 0.4062638 0.5750864 0.406121 0.5751022 0.4062805 0.5750864 0.406121 0.5779176 0.4060521 0.5779176 0.4060521 0.5750864 0.406121 0.5779064 0.4058922 0.5779176 0.4060521 0.5779064 0.4058922 0.5790266 0.4059388 0.5790266 0.4059388 0.5779064 0.4058922 0.5790028 0.4057803 0.5790266 0.4059388 0.5790028 0.4057803 0.5797886 0.4057834 0.5797886 0.4057834 0.5790028 0.4057803 0.5797472 0.4056285 0.5797886 0.4057834 0.5797472 0.4056285 0.5803413 0.4056029 0.5803413 0.4056029 0.5797472 0.4056285 0.5802829 0.4054536 0.5803413 0.4056029 0.5802829 0.4054536 0.5808855 0.4053477 0.5808855 0.4053477 0.5802829 0.4054536 0.5808095 0.4052066 0.5808855 0.4053477 0.5808095 0.4052066 0.5811472 0.4051279 0.5811472 0.4051279 0.5808095 0.4052066 0.5811482 0.4051156 0.5471447 0.4067833 0.5472337 0.4067081 0.5476294 0.4067723 0.5476294 0.4067723 0.5472337 0.4067081 0.5475975 0.4064577 0.5476294 0.4067723 0.5475975 0.4064577 0.5484634 0.406638 0.5484634 0.406638 0.5475975 0.4064577 0.5484011 0.4063279 0.5484634 0.406638 0.5484011 0.4063279 0.5490024 0.4065268 0.5490024 0.4065268 0.5484011 0.4063279 0.5489391 0.4062169 0.5490024 0.4065268 0.5489391 0.4062169 0.5495352 0.4064267 0.5495352 0.4064267 0.5489391 0.4062169 0.5494839 0.4061146 0.5495352 0.4064267 0.5494839 0.4061146 0.5500042 0.4063645 0.5500042 0.4063645 0.5494839 0.4061146 0.5499739 0.4060496 0.5500042 0.4063645 0.5499739 0.4060496 0.550577 0.4063423 0.550577 0.4063423 0.5499739 0.4060496 0.550585 0.4060262 0.550577 0.4063423 0.550585 0.4060262 0.5511269 0.4063897 0.5511269 0.4063897 0.550585 0.4060262 0.5511712 0.4060765 0.5511269 0.4063897 0.5511712 0.4060765 0.5518479 0.4065324 0.5518479 0.4065324 0.5511712 0.4060765 0.5519233 0.4062252 0.5518479 0.4065324 0.5519233 0.4062252 0.5526729 0.4067596 0.5526729 0.4067596 0.5519233 0.4062252 0.5527618 0.4064561 0.5526729 0.4067596 0.5527618 0.4064561 0.5535753 0.4070295 0.5535753 0.4070295 0.5527618 0.4064561 0.553667 0.4067268 0.5535753 0.4070295 0.553667 0.4067268 0.5552268 0.4075129 0.5552268 0.4075129 0.553667 0.4067268 0.5553078 0.4072072 0.5552268 0.4075129 0.5553078 0.4072072 0.5563148 0.4077509 0.5563148 0.4077509 0.5553078 0.4072072 0.5563652 0.4074387 0.5563148 0.4077509 0.5563652 0.4074387 0.5573655 0.4078632 0.5573655 0.4078632 0.5563652 0.4074387 0.5573858 0.4075475 0.5573655 0.4078632 0.5573858 0.4075475 0.5587283 0.4079179 0.5587283 0.4079179 0.5573858 0.4075475 0.5587372 0.4076017 0.5587283 0.4079179 0.5587372 0.4076017 0.5604715 0.407954 0.5604715 0.407954 0.5587372 0.4076017 0.560475 0.4076377 0.5604715 0.407954 0.560475 0.4076377 0.561567 0.407929 0.561567 0.407929 0.560475 0.4076377 0.5615439 0.4076136 0.561567 0.407929 0.5615439 0.4076136 0.562512 0.4077976 0.562512 0.4077976 0.5615439 0.4076136 0.562451 0.4074873 0.562512 0.4077976 0.562451 0.4074873 0.5633793 0.4076102 0.5633793 0.4076102 0.562451 0.4074873 0.5633116 0.4073013 0.5633793 0.4076102 0.5633116 0.4073013 0.5647792 0.4073632 0.5647792 0.4073632 0.5633116 0.4073013 0.5647367 0.4070498 0.5647792 0.4073632 0.5647367 0.4070498 0.5669041 0.4071142 0.5669041 0.4071142 0.5647367 0.4070498 0.5668702 0.4067998 0.5669041 0.4071142 0.5668702 0.4067998 0.5696054 0.406845 0.5696054 0.406845 0.5668702 0.4067998 0.5695673 0.4065311 0.5696054 0.406845 0.5695673 0.4065311 0.571062 0.4066392 0.571062 0.4066392 0.5695673 0.4065311 0.5710142 0.4063266 0.571062 0.4066392 0.5710142 0.4063266 0.5724191 0.4064359 0.5724191 0.4064359 0.5710142 0.4063266 0.5723743 0.4061228 0.5724191 0.4064359 0.5723743 0.4061228 0.5737385 0.4062638 0.5737385 0.4062638 0.5723743 0.4061228 0.573702 0.4059497 0.5737385 0.4062638 0.573702 0.4059497 0.5750864 0.406121 0.5750864 0.406121 0.573702 0.4059497 0.5750553 0.4058063 0.5750864 0.406121 0.5750553 0.4058063 0.5779064 0.4058922 0.5779064 0.4058922 0.5750553 0.4058063 0.5778843 0.4055767 0.5779064 0.4058922 0.5778843 0.4055767 0.5790028 0.4057803 0.5790028 0.4057803 0.5778843 0.4055767 0.5789558 0.4054675 0.5790028 0.4057803 0.5789558 0.4054675 0.5797472 0.4056285 0.5797472 0.4056285 0.5789558 0.4054675 0.5796655 0.4053229 0.5797472 0.4056285 0.5796655 0.4053229 0.5802829 0.4054536 0.5802829 0.4054536 0.5796655 0.4053229 0.5801674 0.4051592 0.5802829 0.4054536 0.5801674 0.4051592 0.5808095 0.4052066 0.5808095 0.4052066 0.5801674 0.4051592 0.5806594 0.4049281 0.5808095 0.4052066 0.5806594 0.4049281 0.581146 0.4050194 0.581146 0.4050194 0.5806594 0.4049281 0.5811439 0.4050019 0.5617531 0.4054868 0.5628103 0.4052696 0.562188 0.4061502 0.562188 0.4061502 0.5628103 0.4052696 0.5630197 0.4059702 0.562188 0.4061502 0.5630197 0.4059702 0.5623278 0.4068611 0.5623278 0.4068611 0.5630197 0.4059702 0.5631749 0.406678 0.5623278 0.4068611 0.5631749 0.406678 0.5633116 0.4073013 0.5633116 0.4073013 0.5631749 0.406678 0.5639081 0.4065316 0.5633116 0.4073013 0.5639081 0.4065316 0.5647367 0.4070498 0.5647367 0.4070498 0.5639081 0.4065316 0.5646507 0.4064174 0.5647367 0.4070498 0.5646507 0.4064174 0.5668702 0.4067998 0.5668702 0.4067998 0.5646507 0.4064174 0.5668018 0.4061653 0.5668702 0.4067998 0.5668018 0.4061653 0.5695673 0.4065311 0.5695673 0.4065311 0.5668018 0.4061653 0.5694906 0.4058976 0.5695673 0.4065311 0.5694906 0.4058976 0.5710142 0.4063266 0.5710142 0.4063266 0.5694906 0.4058976 0.5709177 0.4056957 0.5710142 0.4063266 0.5709177 0.4056957 0.5723743 0.4061228 0.5723743 0.4061228 0.5709177 0.4056957 0.5722839 0.405491 0.5723743 0.4061228 0.5722839 0.405491 0.573702 0.4059497 0.573702 0.4059497 0.5722839 0.405491 0.5736283 0.4053158 0.573702 0.4059497 0.5736283 0.4053158 0.5750553 0.4058063 0.5750553 0.4058063 0.5736283 0.4053158 0.5749925 0.4051712 0.5750553 0.4058063 0.5749925 0.4051712 0.5778843 0.4055767 0.5778843 0.4055767 0.5749925 0.4051712 0.5778397 0.4049401 0.5778843 0.4055767 0.5778397 0.4049401 0.5789558 0.4054675 0.5789558 0.4054675 0.5778397 0.4049401 0.5788608 0.4048365 0.5789558 0.4054675 0.5788608 0.4048365 0.5796655 0.4053229 0.5796655 0.4053229 0.5788608 0.4048365 0.5795006 0.4047064 0.5796655 0.4053229 0.5795006 0.4047064 0.5801674 0.4051592 0.5801674 0.4051592 0.5795006 0.4047064 0.5799345 0.404565 0.5801674 0.4051592 0.5799345 0.404565 0.5806594 0.4049281 0.5806594 0.4049281 0.5799345 0.404565 0.580313 0.4044988 0.5806594 0.4049281 0.580313 0.4044988 0.5806389 0.4045575 0.5806389 0.4045575 0.580313 0.4044988 0.5800958 0.4041845 0.5527378 0.5965393 0.5532766 0.5966714 0.5500735 0.5967563 0.5631834 0.5963968 0.564664 0.5965384 0.5621346 0.5965473 0.571967 0.5965395 0.571578 0.5965389 0.5715774 0.5963922 0.5811226 0.2568248 0.5811219 0.2568027 0.5811308 0.2567937 0.5808354 0.596656 0.5808344 0.5967332 0.5805639 0.5967076 0.547452 0.2582096 0.5474489 0.2582534 0.5471702 0.258192 0.5471702 0.258192 0.5474489 0.2582534 0.5471327 0.2582222 0.5471327 0.2582222 0.5474489 0.2582534 0.5469595 0.2583448 0.5469595 0.2583448 0.5474489 0.2582534 0.5474393 0.2583876 0.5469595 0.2583448 0.5474393 0.2583876 0.5469201 0.2583692 0.5474368 0.2584231 0.546885 0.25839 0.547437 0.2584203 0.547437 0.2584203 0.546885 0.25839 0.546889 0.2583877 0.547437 0.2584203 0.546889 0.2583877 0.5474373 0.2584169 0.5474373 0.2584169 0.546889 0.2583877 0.5468961 0.2583835 0.5474373 0.2584169 0.5468961 0.2583835 0.5474376 0.2584126 0.5474376 0.2584126 0.5468961 0.2583835 0.5469089 0.258376 0.5474376 0.2584126 0.5469089 0.258376 0.5474381 0.258405 0.5474381 0.258405 0.5469089 0.258376 0.5469201 0.2583692 0.5474381 0.258405 0.5469201 0.2583692 0.5474382 0.2584044 0.5474382 0.2584044 0.5469201 0.2583692 0.5474393 0.2583876 0.5467773 0.5967311 0.5467813 0.5966794 0.5473626 0.5966743 0.5473626 0.5966743 0.5467813 0.5966794 0.5467849 0.5966628 0.5473626 0.5966743 0.5467849 0.5966628 0.5473628 0.5966543 0.5473628 0.5966543 0.5467849 0.5966628 0.5467881 0.5966547 0.5473628 0.5966543 0.5467881 0.5966547 0.5473629 0.5966452 0.5473629 0.5966452 0.5467881 0.5966547 0.5467915 0.5966488 0.5473629 0.5966452 0.5467915 0.5966488 0.5473631 0.5966396 0.5473631 0.5966396 0.5467915 0.5966488 0.5467955 0.596644 0.5473631 0.5966396 0.5467955 0.596644 0.5473633 0.5966358 0.5473633 0.5966358 0.5467955 0.596644 0.5467998 0.5966405 0.5473633 0.5966358 0.5467998 0.5966405 0.5473635 0.596633 0.5473635 0.596633 0.5467998 0.5966405 0.5468026 0.5966386 0.5473635 0.596633 0.5468026 0.5966386 0.5473637 0.5966307 0.5474366 0.2584256 0.5468745 0.258396 0.5468772 0.2583945 0.5474366 0.2584256 0.5468772 0.2583945 0.5474368 0.2584231 0.5474368 0.2584231 0.5468772 0.2583945 0.5468786 0.2583937 0.5474368 0.2584231 0.5468786 0.2583937 0.546885 0.25839 0.5805617 0.5965609 0.5808413 0.5965945 0.5808385 0.5966127 0.5806005 0.2574324 0.5809789 0.2571244 0.5806008 0.2574328 0.5806008 0.2574328 0.5809789 0.2571244 0.5809646 0.2571459 0.5806008 0.2574328 0.5809646 0.2571459 0.5806053 0.257439 0.5806053 0.257439 0.5809646 0.2571459 0.5809545 0.2571607 0.5806053 0.257439 0.5809545 0.2571607 0.5806079 0.2574424 0.5806079 0.2574424 0.5809545 0.2571607 0.5809453 0.2571739 0.5806079 0.2574424 0.5809453 0.2571739 0.5806099 0.2574452 0.5806099 0.2574452 0.5809453 0.2571739 0.5809391 0.2571826 0.5806099 0.2574452 0.5809391 0.2571826 0.5806115 0.2574475 0.5806115 0.2574475 0.5809391 0.2571826 0.5809313 0.2571935 0.5806115 0.2574475 0.5809313 0.2571935 0.580613 0.2574495 0.580613 0.2574495 0.5809313 0.2571935 0.5809239 0.2572037 0.580613 0.2574495 0.5809239 0.2572037 0.5806143 0.2574512 0.5806143 0.2574512 0.5809239 0.2572037 0.5809203 0.2572085 0.5805554 0.5965194 0.5808685 0.596552 0.5805566 0.5965223 0.5805566 0.5965223 0.5808685 0.596552 0.5808626 0.5965554 0.5805566 0.5965223 0.5808626 0.5965554 0.5805578 0.5965262 0.5805578 0.5965262 0.5808626 0.5965554 0.5808566 0.5965604 0.5805578 0.5965262 0.5808566 0.5965604 0.580559 0.5965317 0.580559 0.5965317 0.5808566 0.5965604 0.5808518 0.5965664 0.580559 0.5965317 0.5808518 0.5965664 0.5805602 0.5965409 0.5805602 0.5965409 0.5808518 0.5965664 0.5808479 0.5965733 0.5805602 0.5965409 0.5808479 0.5965733 0.5805617 0.5965609 0.5805617 0.5965609 0.5808479 0.5965733 0.5808446 0.5965819 0.5805617 0.5965609 0.5808446 0.5965819 0.5808413 0.5965945 0.5805905 0.2574187 0.5809855 0.2571142 0.5806005 0.2574324 0.5806005 0.2574324 0.5809855 0.2571142 0.5809797 0.2571231 0.5806005 0.2574324 0.5809797 0.2571231 0.5809789 0.2571244 0.5811219 0.2568027 0.5811226 0.2568248 0.580511 0.2573102 0.5811226 0.2568248 0.5810978 0.2568982 0.580511 0.2573102 0.580511 0.2573102 0.5810978 0.2568982 0.5810738 0.2569549 0.580511 0.2573102 0.5810738 0.2569549 0.5805905 0.2574187 0.5805905 0.2574187 0.5810738 0.2569549 0.5810164 0.2570641 0.5805905 0.2574187 0.5810164 0.2570641 0.5809855 0.2571142 0.5811436 0.2567263 0.5811308 0.2567937 0.5810933 0.2567694 0.5810933 0.2567694 0.5811308 0.2567937 0.5811219 0.2568027 0.5810933 0.2567694 0.5811219 0.2568027 0.5804851 0.2572747 0.5804851 0.2572747 0.5811219 0.2568027 0.580511 0.2573102 0.5804851 0.2572747 0.580511 0.2573102 0.5800645 0.2575456 0.579569 0.2577878 0.5800645 0.2575456 0.5800861 0.2575838 0.5789533 0.2580056 0.579569 0.2577878 0.579586 0.2578282 0.5781298 0.2582024 0.5789533 0.2580056 0.5789657 0.2580478 0.5769307 0.2583898 0.5781298 0.2582024 0.5781381 0.2582455 0.5749053 0.2586627 0.5769307 0.2583898 0.5769366 0.2584334 0.5730934 0.2589015 0.5749053 0.2586627 0.5749115 0.2587062 0.5716692 0.2590154 0.5730934 0.2589015 0.5730978 0.2589452 0.5702441 0.2591197 0.5716692 0.2590154 0.5716722 0.2590592 0.5658877 0.2593831 0.5677446 0.2593274 0.5677474 0.2593712 0.5623086 0.2594738 0.5632919 0.2594459 0.5632933 0.2594897 0.5613266 0.2594709 0.5623086 0.2594738 0.5623094 0.2595177 0.5565741 0.2593182 0.5613266 0.2594709 0.5613256 0.2595148 0.5547657 0.259194 0.5565741 0.2593182 0.5565724 0.2593621 0.5482552 0.2582847 0.5503926 0.2585838 0.5503862 0.2586272 0.547452 0.2582096 0.5482552 0.2582847 0.5482503 0.2583283 0.5800645 0.2575456 0.580511 0.2573102 0.5800861 0.2575838 0.5800861 0.2575838 0.580511 0.2573102 0.5805905 0.2574187 0.5800861 0.2575838 0.5805905 0.2574187 0.5801523 0.2577009 0.5801523 0.2577009 0.5805905 0.2574187 0.5806005 0.2574324 0.5801523 0.2577009 0.5806005 0.2574324 0.5801606 0.2577157 0.5801606 0.2577157 0.5806005 0.2574324 0.5806008 0.2574328 0.5801606 0.2577157 0.5806008 0.2574328 0.5801609 0.2577161 0.5801609 0.2577161 0.5806008 0.2574328 0.5806053 0.257439 0.5801609 0.2577161 0.5806053 0.257439 0.5801646 0.2577227 0.5801646 0.2577227 0.5806053 0.257439 0.5806079 0.2574424 0.5801646 0.2577227 0.5806079 0.2574424 0.5801668 0.2577266 0.5801668 0.2577266 0.5806079 0.2574424 0.5806099 0.2574452 0.5801668 0.2577266 0.5806099 0.2574452 0.5801684 0.2577295 0.5801684 0.2577295 0.5806099 0.2574452 0.5806115 0.2574475 0.5801684 0.2577295 0.5806115 0.2574475 0.5801698 0.257732 0.5801698 0.257732 0.5806115 0.2574475 0.580613 0.2574495 0.5801698 0.257732 0.580613 0.2574495 0.5801711 0.2577341 0.5801711 0.2577341 0.580613 0.2574495 0.5806143 0.2574512 0.5801711 0.2577341 0.5806143 0.2574512 0.5801721 0.257736 0.5801051 0.5964853 0.5805554 0.5965194 0.5805566 0.5965223 0.5801051 0.5964853 0.5805566 0.5965223 0.580106 0.5964882 0.580106 0.5964882 0.5805566 0.5965223 0.5805578 0.5965262 0.580106 0.5964882 0.5805578 0.5965262 0.580107 0.596492 0.580107 0.596492 0.5805578 0.5965262 0.580559 0.5965317 0.580107 0.596492 0.580559 0.5965317 0.5801079 0.5964976 0.5801079 0.5964976 0.580559 0.5965317 0.5805602 0.5965409 0.5801079 0.5964976 0.5805602 0.5965409 0.580109 0.5965067 0.580109 0.5965067 0.5805602 0.5965409 0.5805617 0.5965609 0.580109 0.5965067 0.5805617 0.5965609 0.5801103 0.5965268 0.579569 0.2577878 0.5800861 0.2575838 0.579586 0.2578282 0.579586 0.2578282 0.5800861 0.2575838 0.5801523 0.2577009 0.579586 0.2578282 0.5801523 0.2577009 0.5796382 0.2579522 0.5796382 0.2579522 0.5801523 0.2577009 0.5801606 0.2577157 0.5796382 0.2579522 0.5801606 0.2577157 0.5796447 0.2579678 0.5796447 0.2579678 0.5801606 0.2577157 0.5801609 0.2577161 0.5796447 0.2579678 0.5801609 0.2577161 0.579645 0.2579683 0.579645 0.2579683 0.5801609 0.2577161 0.5801646 0.2577227 0.579645 0.2579683 0.5801646 0.2577227 0.5796479 0.2579753 0.5796479 0.2579753 0.5801646 0.2577227 0.5801668 0.2577266 0.5796479 0.2579753 0.5801668 0.2577266 0.5796496 0.2579793 0.5796496 0.2579793 0.5801668 0.2577266 0.5801684 0.2577295 0.5796496 0.2579793 0.5801684 0.2577295 0.5796509 0.2579824 0.5796509 0.2579824 0.5801684 0.2577295 0.5801698 0.257732 0.5796509 0.2579824 0.5801698 0.257732 0.579652 0.2579851 0.579652 0.2579851 0.5801698 0.257732 0.5801711 0.2577341 0.579652 0.2579851 0.5801711 0.2577341 0.579653 0.2579873 0.579653 0.2579873 0.5801711 0.2577341 0.5801721 0.257736 0.579653 0.2579873 0.5801721 0.257736 0.5796538 0.2579893 0.5795796 0.5964559 0.5801051 0.5964853 0.580106 0.5964882 0.5795796 0.5964559 0.580106 0.5964882 0.5795804 0.5964587 0.5795804 0.5964587 0.580106 0.5964882 0.580107 0.596492 0.5795804 0.5964587 0.580107 0.596492 0.5795811 0.5964626 0.5795811 0.5964626 0.580107 0.596492 0.5801079 0.5964976 0.5795811 0.5964626 0.5801079 0.5964976 0.5795818 0.5964681 0.5795818 0.5964681 0.5801079 0.5964976 0.580109 0.5965067 0.5795818 0.5964681 0.580109 0.5965067 0.5795826 0.5964772 0.5795826 0.5964772 0.580109 0.5965067 0.5801103 0.5965268 0.5795826 0.5964772 0.5801103 0.5965268 0.5795837 0.5964972 0.5789533 0.2580056 0.579586 0.2578282 0.5789657 0.2580478 0.5789657 0.2580478 0.579586 0.2578282 0.5796382 0.2579522 0.5789657 0.2580478 0.5796382 0.2579522 0.5790039 0.2581768 0.5790039 0.2581768 0.5796382 0.2579522 0.5796447 0.2579678 0.5790039 0.2581768 0.5796447 0.2579678 0.5790086 0.258193 0.5790086 0.258193 0.5796447 0.2579678 0.579645 0.2579683 0.5790086 0.258193 0.579645 0.2579683 0.5790088 0.2581935 0.5790088 0.2581935 0.579645 0.2579683 0.5796479 0.2579753 0.5790088 0.2581935 0.5796479 0.2579753 0.579011 0.2582008 0.579011 0.2582008 0.5796479 0.2579753 0.5796496 0.2579793 0.579011 0.2582008 0.5796496 0.2579793 0.5790122 0.258205 0.5790122 0.258205 0.5796496 0.2579793 0.5796509 0.2579824 0.5790122 0.258205 0.5796509 0.2579824 0.5790132 0.2582082 0.5790132 0.2582082 0.5796509 0.2579824 0.579652 0.2579851 0.5790132 0.2582082 0.579652 0.2579851 0.579014 0.258211 0.579014 0.258211 0.579652 0.2579851 0.579653 0.2579873 0.579014 0.258211 0.579653 0.2579873 0.5790147 0.2582134 0.5789341 0.5964286 0.5795788 0.5964536 0.5795796 0.5964559 0.5789341 0.5964286 0.5795796 0.5964559 0.5789347 0.5964309 0.5789347 0.5964309 0.5795796 0.5964559 0.5795804 0.5964587 0.5789347 0.5964309 0.5795804 0.5964587 0.5789352 0.5964338 0.5789352 0.5964338 0.5795804 0.5964587 0.5795811 0.5964626 0.5789352 0.5964338 0.5795811 0.5964626 0.5789358 0.5964376 0.5789358 0.5964376 0.5795811 0.5964626 0.5795818 0.5964681 0.5789358 0.5964376 0.5795818 0.5964681 0.5789363 0.5964431 0.5789363 0.5964431 0.5795818 0.5964681 0.5795826 0.5964772 0.5789363 0.5964431 0.5795826 0.5964772 0.5789369 0.5964522 0.5789369 0.5964522 0.5795826 0.5964772 0.5795837 0.5964972 0.5789369 0.5964522 0.5795837 0.5964972 0.5789376 0.5964723 0.5658877 0.2593831 0.5677474 0.2593712 0.5658883 0.259427 0.5658883 0.259427 0.5677474 0.2593712 0.5677558 0.2595055 0.5658883 0.259427 0.5677558 0.2595055 0.5658901 0.2595615 0.5658901 0.2595615 0.5677558 0.2595055 0.5677569 0.2595224 0.5658901 0.2595615 0.5677569 0.2595224 0.5658903 0.2595784 0.5658903 0.2595784 0.5677569 0.2595224 0.5677569 0.2595229 0.5658903 0.2595784 0.5677569 0.2595229 0.5658903 0.259579 0.5658903 0.259579 0.5677569 0.2595229 0.5677574 0.2595306 0.5658903 0.259579 0.5677574 0.2595306 0.5658904 0.2595866 0.5658904 0.2595866 0.5677574 0.2595306 0.5677577 0.2595348 0.5658904 0.2595866 0.5677577 0.2595348 0.5658904 0.2595909 0.5658904 0.2595909 0.5677577 0.2595348 0.5677579 0.2595382 0.5658904 0.2595909 0.5677579 0.2595382 0.5658905 0.2595943 0.5658905 0.2595943 0.5677579 0.2595382 0.567758 0.259541 0.5658905 0.2595943 0.567758 0.259541 0.5658905 0.2595971 0.5658905 0.2595971 0.567758 0.259541 0.5677582 0.2595435 0.5658905 0.2595971 0.5677582 0.2595435 0.5658906 0.2595996 0.565775 0.5963425 0.5676435 0.5963363 0.5676437 0.5963386 0.565775 0.5963425 0.5676437 0.5963386 0.565775 0.5963448 0.565775 0.5963448 0.5676437 0.5963386 0.5676437 0.5963414 0.565775 0.5963448 0.5676437 0.5963414 0.565775 0.5963476 0.565775 0.5963476 0.5676437 0.5963414 0.5676438 0.5963453 0.565775 0.5963476 0.5676438 0.5963453 0.565775 0.5963515 0.565775 0.5963515 0.5676438 0.5963453 0.5676439 0.5963508 0.565775 0.5963515 0.5676439 0.5963508 0.565775 0.596357 0.565775 0.596357 0.5676439 0.5963508 0.567644 0.5963599 0.565775 0.596357 0.567644 0.5963599 0.565775 0.5963661 0.565775 0.5963661 0.567644 0.5963599 0.5676441 0.5963799 0.565775 0.5963661 0.5676441 0.5963799 0.565775 0.5963861 0.564664 0.5965384 0.5631834 0.5963968 0.565775 0.5963861 0.565775 0.5963861 0.5631834 0.5963968 0.5631833 0.5963768 0.565775 0.5963861 0.5631833 0.5963768 0.565775 0.5963661 0.565775 0.5963661 0.5631833 0.5963768 0.5631833 0.5963677 0.565775 0.5963661 0.5631833 0.5963677 0.565775 0.596357 0.565775 0.596357 0.5631833 0.5963677 0.5631832 0.5963621 0.565775 0.596357 0.5631832 0.5963621 0.565775 0.5963515 0.565775 0.5963515 0.5631832 0.5963621 0.5631832 0.5963583 0.565775 0.5963515 0.5631832 0.5963583 0.565775 0.5963476 0.565775 0.5963476 0.5631832 0.5963583 0.5631831 0.5963554 0.565775 0.5963476 0.5631831 0.5963554 0.565775 0.5963448 0.565775 0.5963448 0.5631831 0.5963554 0.5631831 0.5963532 0.565775 0.5963448 0.5631831 0.5963532 0.565775 0.5963425 0.5658906 0.2595996 0.5632993 0.2596623 0.5632992 0.2596598 0.5658906 0.2595996 0.5632992 0.2596598 0.5658905 0.2595971 0.5658905 0.2595971 0.5632992 0.2596598 0.5632991 0.259657 0.5658905 0.2595971 0.5632991 0.259657 0.5658905 0.2595943 0.5658905 0.2595943 0.5632991 0.259657 0.563299 0.2596536 0.5658905 0.2595943 0.563299 0.2596536 0.5658904 0.2595909 0.5658904 0.2595909 0.563299 0.2596536 0.5632989 0.2596492 0.5658904 0.2595909 0.5632989 0.2596492 0.5658904 0.2595866 0.5658904 0.2595866 0.5632989 0.2596492 0.5632986 0.2596416 0.5658904 0.2595866 0.5632986 0.2596416 0.5658903 0.259579 0.5658903 0.259579 0.5632986 0.2596416 0.5632986 0.2596411 0.5658903 0.259579 0.5632986 0.2596411 0.5658903 0.2595784 0.5658903 0.2595784 0.5632986 0.2596411 0.563298 0.2596242 0.5658903 0.2595784 0.563298 0.2596242 0.5658901 0.2595615 0.5658901 0.2595615 0.563298 0.2596242 0.5632933 0.2594897 0.5658901 0.2595615 0.5632933 0.2594897 0.5658883 0.259427 0.5658883 0.259427 0.5632933 0.2594897 0.5632919 0.2594459 0.5658883 0.259427 0.5632919 0.2594459 0.5658877 0.2593831 0.5613266 0.2594709 0.5623094 0.2595177 0.5613256 0.2595148 0.5613256 0.2595148 0.5623094 0.2595177 0.5623117 0.2596522 0.5613256 0.2595148 0.5623117 0.2596522 0.5613225 0.2596493 0.5613225 0.2596493 0.5623117 0.2596522 0.562312 0.2596691 0.5613225 0.2596493 0.562312 0.2596691 0.561322 0.2596662 0.561322 0.2596662 0.562312 0.2596691 0.562312 0.2596696 0.561322 0.2596662 0.562312 0.2596696 0.561322 0.2596667 0.561322 0.2596667 0.562312 0.2596696 0.5623121 0.2596772 0.561322 0.2596667 0.5623121 0.2596772 0.5613219 0.2596743 0.5613219 0.2596743 0.5623121 0.2596772 0.5623122 0.2596816 0.5613219 0.2596743 0.5623122 0.2596816 0.5613218 0.2596787 0.5613218 0.2596787 0.5623122 0.2596816 0.5623123 0.259685 0.5613218 0.2596787 0.5623123 0.259685 0.5613217 0.2596821 0.5613217 0.2596821 0.5623123 0.259685 0.5623123 0.2596878 0.5613217 0.2596821 0.5623123 0.2596878 0.5613216 0.2596849 0.5613216 0.2596849 0.5623123 0.2596878 0.5623124 0.2596903 0.5613216 0.2596849 0.5623124 0.2596903 0.5613216 0.2596874 0.5612055 0.5963643 0.5621958 0.5963567 0.5621957 0.596359 0.5612055 0.5963643 0.5621957 0.596359 0.5612054 0.5963666 0.5612054 0.5963666 0.5621957 0.596359 0.5621957 0.5963618 0.5612054 0.5963666 0.5621957 0.5963618 0.5612053 0.5963695 0.5612053 0.5963695 0.5621957 0.5963618 0.5621957 0.5963656 0.5612053 0.5963695 0.5621957 0.5963656 0.5612052 0.5963733 0.5612052 0.5963733 0.5621957 0.5963656 0.5621957 0.5963712 0.5612052 0.5963733 0.5621957 0.5963712 0.5612051 0.5963788 0.5612051 0.5963788 0.5621957 0.5963712 0.5621957 0.5963803 0.5612051 0.5963788 0.5621957 0.5963803 0.561205 0.5963879 0.561205 0.5963879 0.5621957 0.5963803 0.5621958 0.5964003 0.561205 0.5963879 0.5621958 0.5964003 0.561205 0.5964079 0.5565741 0.2593182 0.5613256 0.2595148 0.5565724 0.2593621 0.5565724 0.2593621 0.5613256 0.2595148 0.5613225 0.2596493 0.5565724 0.2593621 0.5613225 0.2596493 0.5565673 0.2594965 0.5565673 0.2594965 0.5613225 0.2596493 0.561322 0.2596662 0.5565673 0.2594965 0.561322 0.2596662 0.5565667 0.2595134 0.5565667 0.2595134 0.561322 0.2596662 0.561322 0.2596667 0.5565667 0.2595134 0.561322 0.2596667 0.5565667 0.2595139 0.5565667 0.2595139 0.561322 0.2596667 0.5613219 0.2596743 0.5565667 0.2595139 0.5613219 0.2596743 0.5565664 0.2595216 0.5565664 0.2595216 0.5613219 0.2596743 0.5613218 0.2596787 0.5565664 0.2595216 0.5613218 0.2596787 0.5565662 0.2595258 0.5565662 0.2595258 0.5613218 0.2596787 0.5613217 0.2596821 0.5565662 0.2595258 0.5613217 0.2596821 0.5565661 0.2595292 0.5565661 0.2595292 0.5613217 0.2596821 0.5613216 0.2596849 0.5565661 0.2595292 0.5613216 0.2596849 0.556566 0.2595321 0.556566 0.2595321 0.5613216 0.2596849 0.5613216 0.2596874 0.556566 0.2595321 0.5613216 0.2596874 0.5565659 0.2595345 0.5564564 0.5964189 0.5612055 0.5963643 0.5612054 0.5963666 0.5564564 0.5964189 0.5612054 0.5963666 0.5564563 0.5964212 0.5564563 0.5964212 0.5612054 0.5963666 0.5612053 0.5963695 0.5564563 0.5964212 0.5612053 0.5963695 0.5564562 0.5964241 0.5564562 0.5964241 0.5612053 0.5963695 0.5612052 0.5963733 0.5564562 0.5964241 0.5612052 0.5963733 0.556456 0.5964279 0.556456 0.5964279 0.5612052 0.5963733 0.5612051 0.5963788 0.556456 0.5964279 0.5612051 0.5963788 0.5564559 0.5964335 0.5564559 0.5964335 0.5612051 0.5963788 0.561205 0.5963879 0.5564559 0.5964335 0.561205 0.5963879 0.5564558 0.5964425 0.5564558 0.5964425 0.561205 0.5963879 0.561205 0.5964079 0.5564558 0.5964425 0.561205 0.5964079 0.5564557 0.5964626 0.5547657 0.259194 0.5565724 0.2593621 0.5547612 0.2592377 0.5547612 0.2592377 0.5565724 0.2593621 0.5565673 0.2594965 0.5547612 0.2592377 0.5565673 0.2594965 0.5547475 0.2593715 0.5547475 0.2593715 0.5565673 0.2594965 0.5565667 0.2595134 0.5547475 0.2593715 0.5565667 0.2595134 0.5547458 0.2593883 0.5547458 0.2593883 0.5565667 0.2595134 0.5565667 0.2595139 0.5547458 0.2593883 0.5565667 0.2595139 0.5547457 0.2593888 0.5547457 0.2593888 0.5565667 0.2595139 0.5565664 0.2595216 0.5547457 0.2593888 0.5565664 0.2595216 0.554745 0.2593964 0.554745 0.2593964 0.5565664 0.2595216 0.5565662 0.2595258 0.554745 0.2593964 0.5565662 0.2595258 0.5547446 0.2594007 0.5547446 0.2594007 0.5565662 0.2595258 0.5565661 0.2595292 0.5547446 0.2594007 0.5565661 0.2595292 0.5547442 0.2594041 0.5547442 0.2594041 0.5565661 0.2595292 0.556566 0.2595321 0.5547442 0.2594041 0.556566 0.2595321 0.5547439 0.2594069 0.5547439 0.2594069 0.556566 0.2595321 0.5565659 0.2595345 0.5547439 0.2594069 0.5565659 0.2595345 0.5547437 0.2594094 0.5546386 0.5964486 0.5564564 0.5964189 0.5564563 0.5964212 0.5546386 0.5964486 0.5564563 0.5964212 0.5546383 0.5964509 0.5546383 0.5964509 0.5564563 0.5964212 0.5564562 0.5964241 0.5546383 0.5964509 0.5564562 0.5964241 0.5546381 0.5964537 0.5546381 0.5964537 0.5564562 0.5964241 0.556456 0.5964279 0.5546381 0.5964537 0.556456 0.5964279 0.5546379 0.5964576 0.5546379 0.5964576 0.556456 0.5964279 0.5564559 0.5964335 0.5546379 0.5964576 0.5564559 0.5964335 0.5546376 0.5964631 0.5546376 0.5964631 0.5564559 0.5964335 0.5564558 0.5964425 0.5546376 0.5964631 0.5564558 0.5964425 0.5546373 0.5964722 0.5546373 0.5964722 0.5564558 0.5964425 0.5564557 0.5964626 0.5546373 0.5964722 0.5564557 0.5964626 0.5546371 0.5964922 0.5532766 0.5966714 0.5527378 0.5965393 0.5546371 0.5964922 0.5546371 0.5964922 0.5527378 0.5965393 0.5527381 0.5965192 0.5546371 0.5964922 0.5527381 0.5965192 0.5546373 0.5964722 0.5546373 0.5964722 0.5527381 0.5965192 0.5527385 0.5965102 0.5546373 0.5964722 0.5527385 0.5965102 0.5546376 0.5964631 0.5546376 0.5964631 0.5527385 0.5965102 0.5527389 0.5965046 0.5546376 0.5964631 0.5527389 0.5965046 0.5546379 0.5964576 0.5546379 0.5964576 0.5527389 0.5965046 0.5527392 0.5965008 0.5546379 0.5964576 0.5527392 0.5965008 0.5546381 0.5964537 0.5546381 0.5964537 0.5527392 0.5965008 0.5527395 0.5964979 0.5546381 0.5964537 0.5527395 0.5964979 0.5546383 0.5964509 0.5546383 0.5964509 0.5527395 0.5964979 0.5527399 0.5964956 0.5546383 0.5964509 0.5527399 0.5964956 0.5546386 0.5964486 0.5547437 0.2594094 0.5528367 0.2591564 0.552837 0.259154 0.5547437 0.2594094 0.552837 0.259154 0.5547439 0.2594069 0.5547439 0.2594069 0.552837 0.259154 0.5528374 0.2591512 0.5547439 0.2594069 0.5528374 0.2591512 0.5547442 0.2594041 0.5547442 0.2594041 0.5528374 0.2591512 0.552838 0.2591478 0.5547442 0.2594041 0.552838 0.2591478 0.5547446 0.2594007 0.5547446 0.2594007 0.552838 0.2591478 0.5528386 0.2591435 0.5547446 0.2594007 0.5528386 0.2591435 0.554745 0.2593964 0.554745 0.2593964 0.5528386 0.2591435 0.5528397 0.259136 0.554745 0.2593964 0.5528397 0.259136 0.5547457 0.2593888 0.5547457 0.2593888 0.5528397 0.259136 0.5528398 0.2591354 0.5547457 0.2593888 0.5528398 0.2591354 0.5547458 0.2593883 0.5547458 0.2593883 0.5528398 0.2591354 0.5528423 0.2591187 0.5547458 0.2593883 0.5528423 0.2591187 0.5547475 0.2593715 0.5547475 0.2593715 0.5528423 0.2591187 0.5528623 0.2589857 0.5547475 0.2593715 0.5528623 0.2589857 0.5547612 0.2592377 0.5547612 0.2592377 0.5528623 0.2589857 0.5528688 0.2589423 0.5547612 0.2592377 0.5528688 0.2589423 0.5547657 0.259194 0.5482552 0.2582847 0.5503862 0.2586272 0.5482503 0.2583283 0.5482503 0.2583283 0.5503862 0.2586272 0.5503666 0.2587603 0.5482503 0.2583283 0.5503666 0.2587603 0.5482351 0.258462 0.5482351 0.258462 0.5503666 0.2587603 0.5503641 0.258777 0.5482351 0.258462 0.5503641 0.258777 0.5482332 0.2584788 0.5482332 0.2584788 0.5503641 0.258777 0.550364 0.2587776 0.5482332 0.2584788 0.550364 0.2587776 0.5482332 0.2584794 0.5482332 0.2584794 0.550364 0.2587776 0.5503629 0.2587851 0.5482332 0.2584794 0.5503629 0.2587851 0.5482323 0.2584869 0.5482323 0.2584869 0.5503629 0.2587851 0.5503623 0.2587894 0.5482323 0.2584869 0.5503623 0.2587894 0.5482318 0.2584912 0.5482318 0.2584912 0.5503623 0.2587894 0.5503618 0.2587928 0.5482318 0.2584912 0.5503618 0.2587928 0.5482314 0.2584946 0.5482314 0.2584946 0.5503618 0.2587928 0.5503613 0.2587956 0.5482314 0.2584946 0.5503613 0.2587956 0.5482311 0.2584974 0.5482311 0.2584974 0.5503613 0.2587956 0.550361 0.258798 0.5482311 0.2584974 0.550361 0.258798 0.5482308 0.2584999 0.5481554 0.5966151 0.5502759 0.5965606 0.5502755 0.5965629 0.5481554 0.5966151 0.5502755 0.5965629 0.5481551 0.5966175 0.5481551 0.5966175 0.5502755 0.5965629 0.5502752 0.5965657 0.5481551 0.5966175 0.5502752 0.5965657 0.5481548 0.5966203 0.5481548 0.5966203 0.5502752 0.5965657 0.5502748 0.5965695 0.5481548 0.5966203 0.5502748 0.5965695 0.5481545 0.5966241 0.5481545 0.5966241 0.5502748 0.5965695 0.5502745 0.5965752 0.5481545 0.5966241 0.5502745 0.5965752 0.5481542 0.5966297 0.5481542 0.5966297 0.5502745 0.5965752 0.5502741 0.5965842 0.5481542 0.5966297 0.5502741 0.5965842 0.548154 0.5966388 0.548154 0.5966388 0.5502741 0.5965842 0.5502738 0.5966042 0.548154 0.5966388 0.5502738 0.5966042 0.5481537 0.5966588 0.547452 0.2582096 0.5482503 0.2583283 0.5474489 0.2582534 0.5474489 0.2582534 0.5482503 0.2583283 0.5482351 0.258462 0.5474489 0.2582534 0.5482351 0.258462 0.5474393 0.2583876 0.5474393 0.2583876 0.5482351 0.258462 0.5482332 0.2584788 0.5474393 0.2583876 0.5482332 0.2584788 0.5474382 0.2584044 0.5474382 0.2584044 0.5482332 0.2584788 0.5482332 0.2584794 0.5474382 0.2584044 0.5482332 0.2584794 0.5474381 0.258405 0.5474381 0.258405 0.5482332 0.2584794 0.5482323 0.2584869 0.5474381 0.258405 0.5482323 0.2584869 0.5474376 0.2584126 0.5474376 0.2584126 0.5482323 0.2584869 0.5482318 0.2584912 0.5474376 0.2584126 0.5482318 0.2584912 0.5474373 0.2584169 0.5474373 0.2584169 0.5482318 0.2584912 0.5482314 0.2584946 0.5474373 0.2584169 0.5482314 0.2584946 0.547437 0.2584203 0.547437 0.2584203 0.5482314 0.2584946 0.5482311 0.2584974 0.547437 0.2584203 0.5482311 0.2584974 0.5474368 0.2584231 0.5474368 0.2584231 0.5482311 0.2584974 0.5482308 0.2584999 0.5474368 0.2584231 0.5482308 0.2584999 0.5474366 0.2584256 0.5473637 0.5966307 0.5481554 0.5966151 0.5481551 0.5966175 0.5473637 0.5966307 0.5481551 0.5966175 0.5473635 0.596633 0.5473635 0.596633 0.5481551 0.5966175 0.5481548 0.5966203 0.5473635 0.596633 0.5481548 0.5966203 0.5473633 0.5966358 0.5473633 0.5966358 0.5481548 0.5966203 0.5481545 0.5966241 0.5473633 0.5966358 0.5481545 0.5966241 0.5473631 0.5966396 0.5473631 0.5966396 0.5481545 0.5966241 0.5481542 0.5966297 0.5473631 0.5966396 0.5481542 0.5966297 0.5473629 0.5966452 0.5473629 0.5966452 0.5481542 0.5966297 0.548154 0.5966388 0.5473629 0.5966452 0.548154 0.5966388 0.5473628 0.5966543 0.5473628 0.5966543 0.548154 0.5966388 0.5481537 0.5966588 0.5473628 0.5966543 0.5481537 0.5966588 0.5473626 0.5966743 0.5808385 0.5966127 0.5808354 0.596656 0.5805617 0.5965609 0.5805617 0.5965609 0.5808354 0.596656 0.5805639 0.5967076 0.5805617 0.5965609 0.5805639 0.5967076 0.5801103 0.5965268 0.5801103 0.5965268 0.5805639 0.5967076 0.5802402 0.5966822 0.5801103 0.5965268 0.5802402 0.5966822 0.5795837 0.5964972 0.5795837 0.5964972 0.5802402 0.5966822 0.5796006 0.5966446 0.5795837 0.5964972 0.5796006 0.5966446 0.5789376 0.5964723 0.5789376 0.5964723 0.5796006 0.5966446 0.5789389 0.5966189 0.5789376 0.5964723 0.5789389 0.5966189 0.5786163 0.5966098 0.5781298 0.2582024 0.5789657 0.2580478 0.5781381 0.2582455 0.5781381 0.2582455 0.5789657 0.2580478 0.5790039 0.2581768 0.5781381 0.2582455 0.5790039 0.2581768 0.5781636 0.2583777 0.5781636 0.2583777 0.5790039 0.2581768 0.5790086 0.258193 0.5781636 0.2583777 0.5790086 0.258193 0.5781667 0.2583943 0.5781667 0.2583943 0.5790086 0.258193 0.5790088 0.2581935 0.5781667 0.2583943 0.5790088 0.2581935 0.5781669 0.2583948 0.5781669 0.2583948 0.5790088 0.2581935 0.579011 0.2582008 0.5781669 0.2583948 0.579011 0.2582008 0.5781683 0.2584023 0.5781683 0.2584023 0.579011 0.2582008 0.5790122 0.258205 0.5781683 0.2584023 0.5790122 0.258205 0.5781691 0.2584065 0.5781691 0.2584065 0.5790122 0.258205 0.5790132 0.2582082 0.5781691 0.2584065 0.5790132 0.2582082 0.5781698 0.2584099 0.5781698 0.2584099 0.5790132 0.2582082 0.579014 0.258211 0.5781698 0.2584099 0.579014 0.258211 0.5781703 0.2584127 0.5781703 0.2584127 0.579014 0.258211 0.5790147 0.2582134 0.5781703 0.2584127 0.5790147 0.2582134 0.5781708 0.2584151 0.5780847 0.5964083 0.5789341 0.5964286 0.5789347 0.5964309 0.5780847 0.5964083 0.5789347 0.5964309 0.5780851 0.5964106 0.5780851 0.5964106 0.5789347 0.5964309 0.5789352 0.5964338 0.5780851 0.5964106 0.5789352 0.5964338 0.5780854 0.5964134 0.5780854 0.5964134 0.5789352 0.5964338 0.5789358 0.5964376 0.5780854 0.5964134 0.5789358 0.5964376 0.5780857 0.5964173 0.5780857 0.5964173 0.5789358 0.5964376 0.5789363 0.5964431 0.5780857 0.5964173 0.5789363 0.5964431 0.5780861 0.5964228 0.5780861 0.5964228 0.5789363 0.5964431 0.5789369 0.5964522 0.5780861 0.5964228 0.5789369 0.5964522 0.5780864 0.5964319 0.5780864 0.5964319 0.5789369 0.5964522 0.5789376 0.5964723 0.5780864 0.5964319 0.5789376 0.5964723 0.5780869 0.5964519 0.5780869 0.5964519 0.5789376 0.5964723 0.5786163 0.5966098 0.5780869 0.5964519 0.5786163 0.5966098 0.5780879 0.5965986 0.5769307 0.2583898 0.5781381 0.2582455 0.5769366 0.2584334 0.5769366 0.2584334 0.5781381 0.2582455 0.5781636 0.2583777 0.5769366 0.2584334 0.5781636 0.2583777 0.5769547 0.2585666 0.5769547 0.2585666 0.5781636 0.2583777 0.5781667 0.2583943 0.5769547 0.2585666 0.5781667 0.2583943 0.576957 0.2585834 0.576957 0.2585834 0.5781667 0.2583943 0.5781669 0.2583948 0.576957 0.2585834 0.5781669 0.2583948 0.5769571 0.2585839 0.5769571 0.2585839 0.5781669 0.2583948 0.5781683 0.2584023 0.5769571 0.2585839 0.5781683 0.2584023 0.5769581 0.2585915 0.5769581 0.2585915 0.5781683 0.2584023 0.5781691 0.2584065 0.5769581 0.2585915 0.5781691 0.2584065 0.5769587 0.2585958 0.5769587 0.2585958 0.5781691 0.2584065 0.5781698 0.2584099 0.5769587 0.2585958 0.5781698 0.2584099 0.5769591 0.2585991 0.5769591 0.2585991 0.5781698 0.2584099 0.5781703 0.2584127 0.5769591 0.2585991 0.5781703 0.2584127 0.5769595 0.258602 0.5769595 0.258602 0.5781703 0.2584127 0.5781708 0.2584151 0.5769595 0.258602 0.5781708 0.2584151 0.5769599 0.2586044 0.5768688 0.5963923 0.5780847 0.5964083 0.5780851 0.5964106 0.5768688 0.5963923 0.5780851 0.5964106 0.576869 0.5963946 0.576869 0.5963946 0.5780851 0.5964106 0.5780854 0.5964134 0.576869 0.5963946 0.5780854 0.5964134 0.5768692 0.5963975 0.5768692 0.5963975 0.5780854 0.5964134 0.5780857 0.5964173 0.5768692 0.5963975 0.5780857 0.5964173 0.5768694 0.5964013 0.5768694 0.5964013 0.5780857 0.5964173 0.5780861 0.5964228 0.5768694 0.5964013 0.5780861 0.5964228 0.5768697 0.5964068 0.5768697 0.5964068 0.5780861 0.5964228 0.5780864 0.5964319 0.5768697 0.5964068 0.5780864 0.5964319 0.5768699 0.5964159 0.5768699 0.5964159 0.5780864 0.5964319 0.5780869 0.5964519 0.5768699 0.5964159 0.5780869 0.5964519 0.5768703 0.5964359 0.5768703 0.5964359 0.5780869 0.5964519 0.5780879 0.5965986 0.5768703 0.5964359 0.5780879 0.5965986 0.5772621 0.5965868 0.5749053 0.2586627 0.5769366 0.2584334 0.5749115 0.2587062 0.5749115 0.2587062 0.5769366 0.2584334 0.5769547 0.2585666 0.5749115 0.2587062 0.5769547 0.2585666 0.5749306 0.2588394 0.5749306 0.2588394 0.5769547 0.2585666 0.576957 0.2585834 0.5749306 0.2588394 0.576957 0.2585834 0.5749329 0.2588561 0.5749329 0.2588561 0.576957 0.2585834 0.5769571 0.2585839 0.5749329 0.2588561 0.5769571 0.2585839 0.574933 0.2588567 0.574933 0.2588567 0.5769571 0.2585839 0.5769581 0.2585915 0.574933 0.2588567 0.5769581 0.2585915 0.5749341 0.2588642 0.5749341 0.2588642 0.5769581 0.2585915 0.5769587 0.2585958 0.5749341 0.2588642 0.5769587 0.2585958 0.5749347 0.2588685 0.5749347 0.2588685 0.5769587 0.2585958 0.5769591 0.2585991 0.5749347 0.2588685 0.5769591 0.2585991 0.5749352 0.2588719 0.5749352 0.2588719 0.5769591 0.2585991 0.5769595 0.258602 0.5749352 0.2588719 0.5769595 0.258602 0.5749356 0.2588747 0.5749356 0.2588747 0.5769595 0.258602 0.5769599 0.2586044 0.5749356 0.2588747 0.5769599 0.2586044 0.5749359 0.2588771 0.5748377 0.5963713 0.5768688 0.5963923 0.576869 0.5963946 0.5748377 0.5963713 0.576869 0.5963946 0.574838 0.5963736 0.574838 0.5963736 0.576869 0.5963946 0.5768692 0.5963975 0.574838 0.5963736 0.5768692 0.5963975 0.5748382 0.5963765 0.5748382 0.5963765 0.5768692 0.5963975 0.5768694 0.5964013 0.5748382 0.5963765 0.5768694 0.5964013 0.5748385 0.5963803 0.5748385 0.5963803 0.5768694 0.5964013 0.5768697 0.5964068 0.5748385 0.5963803 0.5768697 0.5964068 0.5748387 0.5963858 0.5748387 0.5963858 0.5768697 0.5964068 0.5768699 0.5964159 0.5748387 0.5963858 0.5768699 0.5964159 0.5748389 0.596395 0.5748389 0.596395 0.5768699 0.5964159 0.5768703 0.5964359 0.5748389 0.596395 0.5768703 0.5964359 0.5748393 0.5964149 0.5748393 0.5964149 0.5768703 0.5964359 0.5772621 0.5965868 0.5748393 0.5964149 0.5772621 0.5965868 0.5743163 0.5965556 0.5730934 0.2589015 0.5749115 0.2587062 0.5730978 0.2589452 0.5730978 0.2589452 0.5749115 0.2587062 0.5749306 0.2588394 0.5730978 0.2589452 0.5749306 0.2588394 0.5731115 0.259079 0.5731115 0.259079 0.5749306 0.2588394 0.5749329 0.2588561 0.5731115 0.259079 0.5749329 0.2588561 0.5731133 0.2590959 0.5731133 0.2590959 0.5749329 0.2588561 0.574933 0.2588567 0.5731133 0.2590959 0.574933 0.2588567 0.5731133 0.2590964 0.5731133 0.2590964 0.574933 0.2588567 0.5749341 0.2588642 0.5731133 0.2590964 0.5749341 0.2588642 0.5731141 0.259104 0.5731141 0.259104 0.5749341 0.2588642 0.5749347 0.2588685 0.5731141 0.259104 0.5749347 0.2588685 0.5731145 0.2591083 0.5731145 0.2591083 0.5749347 0.2588685 0.5749352 0.2588719 0.5731145 0.2591083 0.5749352 0.2588719 0.5731149 0.2591117 0.5731149 0.2591117 0.5749352 0.2588719 0.5749356 0.2588747 0.5731149 0.2591117 0.5749356 0.2588747 0.5731152 0.2591145 0.5731152 0.2591145 0.5749356 0.2588747 0.5749359 0.2588771 0.5731152 0.2591145 0.5749359 0.2588771 0.5731154 0.259117 0.5730109 0.5963531 0.5748377 0.5963713 0.574838 0.5963736 0.5730109 0.5963531 0.574838 0.5963736 0.5730111 0.5963554 0.5730111 0.5963554 0.574838 0.5963736 0.5748382 0.5963765 0.5730111 0.5963554 0.5748382 0.5963765 0.5730113 0.5963583 0.5730113 0.5963583 0.5748382 0.5963765 0.5748385 0.5963803 0.5730113 0.5963583 0.5748385 0.5963803 0.5730114 0.5963621 0.5730114 0.5963621 0.5748385 0.5963803 0.5748387 0.5963858 0.5730114 0.5963621 0.5748387 0.5963858 0.5730116 0.5963677 0.5730116 0.5963677 0.5748387 0.5963858 0.5748389 0.596395 0.5730116 0.5963677 0.5748389 0.596395 0.5730118 0.5963768 0.5730118 0.5963768 0.5748389 0.596395 0.5748393 0.5964149 0.5730118 0.5963768 0.5748393 0.5964149 0.5730121 0.5963968 0.5730121 0.5963968 0.5748393 0.5964149 0.5743163 0.5965556 0.5730121 0.5963968 0.5743163 0.5965556 0.5730128 0.5965434 0.5716692 0.2590154 0.5730978 0.2589452 0.5716722 0.2590592 0.5716722 0.2590592 0.5730978 0.2589452 0.5731115 0.259079 0.5716722 0.2590592 0.5731115 0.259079 0.5716813 0.2591934 0.5716813 0.2591934 0.5731115 0.259079 0.5731133 0.2590959 0.5716813 0.2591934 0.5731133 0.2590959 0.5716825 0.2592102 0.5716825 0.2592102 0.5731133 0.2590959 0.5731133 0.2590964 0.5716825 0.2592102 0.5731133 0.2590964 0.5716825 0.2592108 0.5716825 0.2592108 0.5731133 0.2590964 0.5731141 0.259104 0.5716825 0.2592108 0.5731141 0.259104 0.5716831 0.2592184 0.5716831 0.2592184 0.5731141 0.259104 0.5731145 0.2591083 0.5716831 0.2592184 0.5731145 0.2591083 0.5716834 0.2592228 0.5716834 0.2592228 0.5731145 0.2591083 0.5731149 0.2591117 0.5716834 0.2592228 0.5731149 0.2591117 0.5716836 0.2592261 0.5716836 0.2592261 0.5731149 0.2591117 0.5731152 0.2591145 0.5716836 0.2592261 0.5731152 0.2591145 0.5716838 0.259229 0.5716838 0.259229 0.5731152 0.2591145 0.5731154 0.259117 0.5716838 0.259229 0.5731154 0.259117 0.571684 0.2592314 0.5715767 0.5963486 0.5730109 0.5963531 0.5730111 0.5963554 0.5715767 0.5963486 0.5730111 0.5963554 0.5715768 0.5963509 0.5715768 0.5963509 0.5730111 0.5963554 0.5730113 0.5963583 0.5715768 0.5963509 0.5730113 0.5963583 0.5715769 0.5963537 0.5715769 0.5963537 0.5730113 0.5963583 0.5730114 0.5963621 0.5715769 0.5963537 0.5730114 0.5963621 0.571577 0.5963575 0.571577 0.5963575 0.5730114 0.5963621 0.5730116 0.5963677 0.571577 0.5963575 0.5730116 0.5963677 0.5715771 0.5963631 0.5715771 0.5963631 0.5730116 0.5963677 0.5730118 0.5963768 0.5715771 0.5963631 0.5730118 0.5963768 0.5715772 0.5963722 0.5715772 0.5963722 0.5730118 0.5963768 0.5730121 0.5963968 0.5715772 0.5963722 0.5730121 0.5963968 0.5715774 0.5963922 0.5715774 0.5963922 0.5730121 0.5963968 0.5730128 0.5965434 0.5715774 0.5963922 0.5730128 0.5965434 0.571967 0.5965395 0.5702441 0.2591197 0.5716722 0.2590592 0.5702477 0.2591635 0.5702477 0.2591635 0.5716722 0.2590592 0.5716813 0.2591934 0.5702477 0.2591635 0.5716813 0.2591934 0.5702584 0.2592976 0.5702584 0.2592976 0.5716813 0.2591934 0.5716825 0.2592102 0.5702584 0.2592976 0.5716825 0.2592102 0.5702598 0.2593144 0.5702598 0.2593144 0.5716825 0.2592102 0.5716825 0.2592108 0.5702598 0.2593144 0.5716825 0.2592108 0.5702598 0.259315 0.5702598 0.259315 0.5716825 0.2592108 0.5716831 0.2592184 0.5702598 0.259315 0.5716831 0.2592184 0.5702604 0.2593226 0.5702604 0.2593226 0.5716831 0.2592184 0.5716834 0.2592228 0.5702604 0.2593226 0.5716834 0.2592228 0.5702607 0.2593269 0.5702607 0.2593269 0.5716834 0.2592228 0.5716836 0.2592261 0.5702607 0.2593269 0.5716836 0.2592261 0.570261 0.2593303 0.570261 0.2593303 0.5716836 0.2592261 0.5716838 0.259229 0.570261 0.2593303 0.5716838 0.259229 0.5702612 0.2593331 0.5702612 0.2593331 0.5716838 0.259229 0.571684 0.2592314 0.5702612 0.2593331 0.571684 0.2592314 0.5702614 0.2593356 0.5701518 0.5963453 0.5715767 0.5963486 0.5715768 0.5963509 0.5701518 0.5963453 0.5715768 0.5963509 0.5701519 0.5963476 0.5701519 0.5963476 0.5715768 0.5963509 0.5715769 0.5963537 0.5701519 0.5963476 0.5715769 0.5963537 0.570152 0.5963504 0.570152 0.5963504 0.5715769 0.5963537 0.571577 0.5963575 0.570152 0.5963504 0.571577 0.5963575 0.5701521 0.5963543 0.5701521 0.5963543 0.571577 0.5963575 0.5715771 0.5963631 0.5701521 0.5963543 0.5715771 0.5963631 0.5701522 0.5963598 0.5701522 0.5963598 0.5715771 0.5963631 0.5715772 0.5963722 0.5701522 0.5963598 0.5715772 0.5963722 0.5701524 0.5963689 0.5701524 0.5963689 0.5715772 0.5963722 0.5715774 0.5963922 0.5701524 0.5963689 0.5715774 0.5963922 0.5701526 0.5963889 0.5701526 0.5963889 0.5715774 0.5963922 0.571578 0.5965389 0.5701526 0.5963889 0.571578 0.5965389 0.5701532 0.5965355 0.5701532 0.5965355 0.5676441 0.5963799 0.5701526 0.5963889 0.5701526 0.5963889 0.5676441 0.5963799 0.567644 0.5963599 0.5701526 0.5963889 0.567644 0.5963599 0.5701524 0.5963689 0.5701524 0.5963689 0.567644 0.5963599 0.5676439 0.5963508 0.5701524 0.5963689 0.5676439 0.5963508 0.5701522 0.5963598 0.5701522 0.5963598 0.5676439 0.5963508 0.5676438 0.5963453 0.5701522 0.5963598 0.5676438 0.5963453 0.5701521 0.5963543 0.5701521 0.5963543 0.5676438 0.5963453 0.5676437 0.5963414 0.5701521 0.5963543 0.5676437 0.5963414 0.570152 0.5963504 0.570152 0.5963504 0.5676437 0.5963414 0.5676437 0.5963386 0.570152 0.5963504 0.5676437 0.5963386 0.5701519 0.5963476 0.5701519 0.5963476 0.5676437 0.5963386 0.5676435 0.5963363 0.5701519 0.5963476 0.5676435 0.5963363 0.5701518 0.5963453 0.5702614 0.2593356 0.5677582 0.2595435 0.567758 0.259541 0.5702614 0.2593356 0.567758 0.259541 0.5702612 0.2593331 0.5702612 0.2593331 0.567758 0.259541 0.5677579 0.2595382 0.5702612 0.2593331 0.5677579 0.2595382 0.570261 0.2593303 0.570261 0.2593303 0.5677579 0.2595382 0.5677577 0.2595348 0.570261 0.2593303 0.5677577 0.2595348 0.5702607 0.2593269 0.5702607 0.2593269 0.5677577 0.2595348 0.5677574 0.2595306 0.5702607 0.2593269 0.5677574 0.2595306 0.5702604 0.2593226 0.5702604 0.2593226 0.5677574 0.2595306 0.5677569 0.2595229 0.5702604 0.2593226 0.5677569 0.2595229 0.5702598 0.259315 0.5702598 0.259315 0.5677569 0.2595229 0.5677569 0.2595224 0.5702598 0.259315 0.5677569 0.2595224 0.5702598 0.2593144 0.5702598 0.2593144 0.5677569 0.2595224 0.5677558 0.2595055 0.5702598 0.2593144 0.5677558 0.2595055 0.5702584 0.2592976 0.5702584 0.2592976 0.5677558 0.2595055 0.5677474 0.2593712 0.5702584 0.2592976 0.5677474 0.2593712 0.5702477 0.2591635 0.5702477 0.2591635 0.5677474 0.2593712 0.5677446 0.2593274 0.5702477 0.2591635 0.5677446 0.2593274 0.5702441 0.2591197 0.5701532 0.5965355 0.5676447 0.5965265 0.5676441 0.5963799 0.5676441 0.5963799 0.5676447 0.5965265 0.5675036 0.5965265 0.5676441 0.5963799 0.5675036 0.5965265 0.565775 0.5963861 0.565775 0.5963861 0.5675036 0.5965265 0.5657755 0.5965328 0.565775 0.5963861 0.5657755 0.5965328 0.564664 0.5965384 0.5623086 0.2594738 0.5632933 0.2594897 0.5623094 0.2595177 0.5623094 0.2595177 0.5632933 0.2594897 0.563298 0.2596242 0.5623094 0.2595177 0.563298 0.2596242 0.5623117 0.2596522 0.5623117 0.2596522 0.563298 0.2596242 0.5632986 0.2596411 0.5623117 0.2596522 0.5632986 0.2596411 0.562312 0.2596691 0.562312 0.2596691 0.5632986 0.2596411 0.5632986 0.2596416 0.562312 0.2596691 0.5632986 0.2596416 0.562312 0.2596696 0.562312 0.2596696 0.5632986 0.2596416 0.5632989 0.2596492 0.562312 0.2596696 0.5632989 0.2596492 0.5623121 0.2596772 0.5623121 0.2596772 0.5632989 0.2596492 0.563299 0.2596536 0.5623121 0.2596772 0.563299 0.2596536 0.5623122 0.2596816 0.5623122 0.2596816 0.563299 0.2596536 0.5632991 0.259657 0.5623122 0.2596816 0.5632991 0.259657 0.5623123 0.259685 0.5623123 0.259685 0.5632991 0.259657 0.5632992 0.2596598 0.5623123 0.259685 0.5632992 0.2596598 0.5623123 0.2596878 0.5623123 0.2596878 0.5632992 0.2596598 0.5632993 0.2596623 0.5623123 0.2596878 0.5632993 0.2596623 0.5623124 0.2596903 0.5621958 0.5963567 0.5631831 0.5963532 0.5631831 0.5963554 0.5621958 0.5963567 0.5631831 0.5963554 0.5621957 0.596359 0.5621957 0.596359 0.5631831 0.5963554 0.5631832 0.5963583 0.5621957 0.596359 0.5631832 0.5963583 0.5621957 0.5963618 0.5621957 0.5963618 0.5631832 0.5963583 0.5631832 0.5963621 0.5621957 0.5963618 0.5631832 0.5963621 0.5621957 0.5963656 0.5621957 0.5963656 0.5631832 0.5963621 0.5631833 0.5963677 0.5621957 0.5963656 0.5631833 0.5963677 0.5621957 0.5963712 0.5621957 0.5963712 0.5631833 0.5963677 0.5631833 0.5963768 0.5621957 0.5963712 0.5631833 0.5963768 0.5621957 0.5963803 0.5621957 0.5963803 0.5631833 0.5963768 0.5631834 0.5963968 0.5621957 0.5963803 0.5631834 0.5963968 0.5621958 0.5964003 0.5621958 0.5964003 0.5631834 0.5963968 0.5621346 0.5965473 0.5621958 0.5964003 0.5621346 0.5965473 0.561205 0.5964079 0.561205 0.5964079 0.5621346 0.5965473 0.5608451 0.5965585 0.561205 0.5964079 0.5608451 0.5965585 0.5564557 0.5964626 0.5608451 0.5965585 0.5566743 0.5966066 0.5564557 0.5964626 0.5564557 0.5964626 0.5566743 0.5966066 0.556456 0.5966092 0.5564557 0.5964626 0.556456 0.5966092 0.5546371 0.5964922 0.5546371 0.5964922 0.556456 0.5966092 0.5545845 0.5966399 0.5546371 0.5964922 0.5545845 0.5966399 0.5532766 0.5966714 0.5467763 0.5968292 0.5467773 0.5967311 0.5473628 0.596821 0.5473628 0.596821 0.5467773 0.5967311 0.5473626 0.5966743 0.5473628 0.596821 0.5473626 0.5966743 0.5482938 0.5968023 0.5482938 0.5968023 0.5473626 0.5966743 0.5481537 0.5966588 0.5482938 0.5968023 0.5481537 0.5966588 0.5500735 0.5967563 0.5500735 0.5967563 0.5481537 0.5966588 0.5502738 0.5966042 0.5500735 0.5967563 0.5502738 0.5966042 0.5527378 0.5965393 0.5527378 0.5965393 0.5502738 0.5966042 0.5502741 0.5965842 0.5527378 0.5965393 0.5502741 0.5965842 0.5527381 0.5965192 0.5527381 0.5965192 0.5502741 0.5965842 0.5502745 0.5965752 0.5527381 0.5965192 0.5502745 0.5965752 0.5527385 0.5965102 0.5527385 0.5965102 0.5502745 0.5965752 0.5502748 0.5965695 0.5527385 0.5965102 0.5502748 0.5965695 0.5527389 0.5965046 0.5527389 0.5965046 0.5502748 0.5965695 0.5502752 0.5965657 0.5527389 0.5965046 0.5502752 0.5965657 0.5527392 0.5965008 0.5527392 0.5965008 0.5502752 0.5965657 0.5502755 0.5965629 0.5527392 0.5965008 0.5502755 0.5965629 0.5527395 0.5964979 0.5527395 0.5964979 0.5502755 0.5965629 0.5502759 0.5965606 0.5527395 0.5964979 0.5502759 0.5965606 0.5527399 0.5964956 0.5528367 0.2591564 0.550361 0.258798 0.5503613 0.2587956 0.5528367 0.2591564 0.5503613 0.2587956 0.552837 0.259154 0.552837 0.259154 0.5503613 0.2587956 0.5503618 0.2587928 0.552837 0.259154 0.5503618 0.2587928 0.5528374 0.2591512 0.5528374 0.2591512 0.5503618 0.2587928 0.5503623 0.2587894 0.5528374 0.2591512 0.5503623 0.2587894 0.552838 0.2591478 0.552838 0.2591478 0.5503623 0.2587894 0.5503629 0.2587851 0.552838 0.2591478 0.5503629 0.2587851 0.5528386 0.2591435 0.5528386 0.2591435 0.5503629 0.2587851 0.550364 0.2587776 0.5528386 0.2591435 0.550364 0.2587776 0.5528397 0.259136 0.5528397 0.259136 0.550364 0.2587776 0.5503641 0.258777 0.5528397 0.259136 0.5503641 0.258777 0.5528398 0.2591354 0.5528398 0.2591354 0.5503641 0.258777 0.5503666 0.2587603 0.5528398 0.2591354 0.5503666 0.2587603 0.5528423 0.2591187 0.5528423 0.2591187 0.5503666 0.2587603 0.5503862 0.2586272 0.5528423 0.2591187 0.5503862 0.2586272 0.5528623 0.2589857 0.5528623 0.2589857 0.5503862 0.2586272 0.5503926 0.2585838 0.5528623 0.2589857 0.5503926 0.2585838 0.5528688 0.2589423 0.5262147 0.4081713 0.5268718 0.408188 0.5242703 0.4081311 0.5402644 0.4075231 0.5414944 0.4073504 0.5382756 0.4078162 0.5448042 0.4069807 0.5441776 0.4070098 0.5447987 0.4069776 0.5447987 0.4069776 0.5441776 0.4070098 0.5441774 0.407007 0.5447987 0.4069776 0.5441774 0.407007 0.5447946 0.4069753 0.5447946 0.4069753 0.5441774 0.407007 0.5441772 0.4070048 0.5447946 0.4069753 0.5441772 0.4070048 0.5447915 0.4069736 0.544783 0.4069688 0.5447853 0.4069701 0.5441771 0.4070028 0.5441771 0.4070028 0.5447853 0.4069701 0.5447863 0.4069707 0.5441771 0.4070028 0.5447863 0.4069707 0.5441772 0.4070048 0.5441772 0.4070048 0.5447863 0.4069707 0.5447888 0.4069721 0.5441772 0.4070048 0.5447888 0.4069721 0.5447915 0.4069736 0.5445196 0.4067917 0.5447099 0.4069253 0.5441734 0.4069524 0.5441734 0.4069524 0.5447099 0.4069253 0.5447358 0.4069411 0.5441734 0.4069524 0.5447358 0.4069411 0.544175 0.4069734 0.544175 0.4069734 0.5447358 0.4069411 0.5447532 0.4069515 0.544175 0.4069734 0.5447532 0.4069515 0.5441756 0.4069821 0.5441756 0.4069821 0.5447532 0.4069515 0.5447601 0.4069555 0.5441756 0.4069821 0.5447601 0.4069555 0.5441759 0.4069871 0.5441759 0.4069871 0.5447601 0.4069555 0.5447675 0.4069599 0.5441759 0.4069871 0.5447675 0.4069599 0.5441762 0.4069908 0.5441762 0.4069908 0.5447675 0.4069599 0.5447713 0.406962 0.5441762 0.4069908 0.5447713 0.406962 0.5441764 0.4069938 0.5441764 0.4069938 0.5447713 0.406962 0.5447759 0.4069647 0.5441764 0.4069938 0.5447759 0.4069647 0.5441766 0.4069964 0.5441766 0.4069964 0.5447759 0.4069647 0.544781 0.4069676 0.5441766 0.4069964 0.544781 0.4069676 0.5441768 0.4069987 0.5441768 0.4069987 0.544781 0.4069676 0.544783 0.4069688 0.5441768 0.4069987 0.544783 0.4069688 0.5441769 0.4070007 0.5441769 0.4070007 0.544783 0.4069688 0.5441771 0.4070028 0.5426065 0.4069744 0.5441625 0.4068027 0.5441734 0.4069524 0.5441734 0.4069524 0.5441625 0.4068027 0.5445066 0.4067813 0.5441734 0.4069524 0.5445066 0.4067813 0.5445196 0.4067917 0.538829 0.407521 0.5402355 0.4073175 0.5402564 0.4074661 0.5369357 0.4077727 0.538829 0.407521 0.5388513 0.4076694 0.5359838 0.4078537 0.5369357 0.4077727 0.5369511 0.407922 0.5350302 0.407902 0.5359838 0.4078537 0.5359939 0.4080035 0.5308204 0.4080338 0.5350302 0.407902 0.5350356 0.408052 0.5298137 0.408055 0.5308204 0.4080338 0.5308259 0.4081839 0.5288047 0.408037 0.5298137 0.408055 0.5298138 0.4082051 0.5242802 0.4079201 0.5262182 0.4079637 0.5262157 0.4081138 0.5224219 0.4077766 0.5242802 0.4079201 0.5242732 0.4080701 0.5185952 0.4074726 0.5195697 0.4075549 0.5195589 0.4077046 0.517624 0.4073539 0.5185952 0.4074726 0.51858 0.4076219 0.5151919 0.4070172 0.517624 0.4073539 0.5176035 0.4075027 0.5136762 0.4067941 0.5151919 0.4070172 0.515172 0.407166 0.5136762 0.4067941 0.515172 0.407166 0.5136495 0.4069418 0.5136495 0.4069418 0.515172 0.407166 0.5151692 0.4071869 0.5136495 0.4069418 0.5151692 0.4071869 0.5136458 0.4069625 0.5136458 0.4069625 0.5151692 0.4071869 0.515168 0.4071956 0.5136458 0.4069625 0.515168 0.4071956 0.5136442 0.4069712 0.5136442 0.4069712 0.515168 0.4071956 0.5151674 0.4072005 0.5136442 0.4069712 0.5151674 0.4072005 0.5136434 0.4069761 0.5136434 0.4069761 0.5151674 0.4072005 0.5151669 0.4072041 0.5136434 0.4069761 0.5151669 0.4072041 0.5136427 0.4069797 0.5136427 0.4069797 0.5151669 0.4072041 0.5151665 0.4072071 0.5136427 0.4069797 0.5151665 0.4072071 0.5136422 0.4069827 0.5136422 0.4069827 0.5151665 0.4072071 0.5151662 0.4072098 0.5136422 0.4069827 0.5151662 0.4072098 0.5136417 0.4069853 0.5136417 0.4069853 0.5151662 0.4072098 0.5136415 0.4069863 0.5136415 0.4069863 0.5151662 0.4072098 0.5151659 0.407212 0.5136415 0.4069863 0.5151659 0.407212 0.5136413 0.4069876 0.5136413 0.4069876 0.5151659 0.407212 0.5151656 0.4072141 0.5136413 0.4069876 0.5151656 0.4072141 0.5136409 0.4069896 0.5136409 0.4069896 0.5151656 0.4072141 0.5151653 0.407216 0.5136409 0.4069896 0.5151653 0.407216 0.5136406 0.4069916 0.5136406 0.4069916 0.5151653 0.407216 0.515165 0.407218 0.5136406 0.4069916 0.515165 0.407218 0.5136402 0.4069935 0.5426065 0.4069744 0.5441734 0.4069524 0.5426271 0.4071232 0.5426271 0.4071232 0.5441734 0.4069524 0.544175 0.4069734 0.5426271 0.4071232 0.544175 0.4069734 0.54263 0.407144 0.54263 0.407144 0.544175 0.4069734 0.5441756 0.4069821 0.54263 0.407144 0.5441756 0.4069821 0.5426312 0.4071528 0.5426312 0.4071528 0.5441756 0.4069821 0.5441759 0.4069871 0.5426312 0.4071528 0.5441759 0.4069871 0.5426319 0.4071576 0.5426319 0.4071576 0.5441759 0.4069871 0.5441762 0.4069908 0.5426319 0.4071576 0.5441762 0.4069908 0.5426324 0.4071613 0.5426324 0.4071613 0.5441762 0.4069908 0.5441764 0.4069938 0.5426324 0.4071613 0.5441764 0.4069938 0.5426328 0.4071643 0.5426328 0.4071643 0.5441764 0.4069938 0.5441766 0.4069964 0.5426328 0.4071643 0.5441766 0.4069964 0.5426332 0.4071669 0.5426332 0.4071669 0.5441766 0.4069964 0.5441768 0.4069987 0.5426332 0.4071669 0.5441768 0.4069987 0.5426335 0.4071692 0.5426335 0.4071692 0.5441768 0.4069987 0.5441769 0.4070007 0.5426335 0.4071692 0.5441769 0.4070007 0.5426338 0.4071713 0.5426338 0.4071713 0.5441769 0.4070007 0.5441771 0.4070028 0.5426338 0.4071713 0.5441771 0.4070028 0.542634 0.4071732 0.542634 0.4071732 0.5441771 0.4070028 0.5441772 0.4070048 0.542634 0.4071732 0.5441772 0.4070048 0.5426343 0.4071752 0.5426343 0.4071752 0.5441772 0.4070048 0.5441774 0.407007 0.5426343 0.4071752 0.5441774 0.407007 0.5426346 0.4071775 0.5426346 0.4071775 0.5441774 0.407007 0.5441776 0.4070098 0.5426346 0.4071775 0.5441776 0.4070098 0.542635 0.4071802 0.5414944 0.4073504 0.5402644 0.4075231 0.542635 0.4071802 0.542635 0.4071802 0.5402644 0.4075231 0.540264 0.4075204 0.542635 0.4071802 0.540264 0.4075204 0.5426346 0.4071775 0.5426346 0.4071775 0.540264 0.4075204 0.5402637 0.4075181 0.5426346 0.4071775 0.5402637 0.4075181 0.5426343 0.4071752 0.5426343 0.4071752 0.5402637 0.4075181 0.5402634 0.4075161 0.5426343 0.4071752 0.5402634 0.4075161 0.542634 0.4071732 0.542634 0.4071732 0.5402634 0.4075161 0.5402631 0.4075142 0.542634 0.4071732 0.5402631 0.4075142 0.5426338 0.4071713 0.5426338 0.4071713 0.5402631 0.4075142 0.5402628 0.4075121 0.5426338 0.4071713 0.5402628 0.4075121 0.5426335 0.4071692 0.5426335 0.4071692 0.5402628 0.4075121 0.5402625 0.4075098 0.5426335 0.4071692 0.5402625 0.4075098 0.5426332 0.4071669 0.5426332 0.4071669 0.5402625 0.4075098 0.5402622 0.4075072 0.5426332 0.4071669 0.5402622 0.4075072 0.5426328 0.4071643 0.5426328 0.4071643 0.5402622 0.4075072 0.5402618 0.4075042 0.5426328 0.4071643 0.5402618 0.4075042 0.5426324 0.4071613 0.5426324 0.4071613 0.5402618 0.4075042 0.5402612 0.4075006 0.5426324 0.4071613 0.5402612 0.4075006 0.5426319 0.4071576 0.5426319 0.4071576 0.5402612 0.4075006 0.5402606 0.4074957 0.5426319 0.4071576 0.5402606 0.4074957 0.5426312 0.4071528 0.5426312 0.4071528 0.5402606 0.4074957 0.5402593 0.407487 0.5426312 0.4071528 0.5402593 0.407487 0.54263 0.407144 0.54263 0.407144 0.5402593 0.407487 0.5402564 0.4074661 0.54263 0.407144 0.5402564 0.4074661 0.5426271 0.4071232 0.5426271 0.4071232 0.5402564 0.4074661 0.5402355 0.4073175 0.5426271 0.4071232 0.5402355 0.4073175 0.5426065 0.4069744 0.5369357 0.4077727 0.5388513 0.4076694 0.5369511 0.407922 0.5369511 0.407922 0.5388513 0.4076694 0.5388544 0.4076903 0.5369511 0.407922 0.5388544 0.4076903 0.5369533 0.407943 0.5369533 0.407943 0.5388544 0.4076903 0.5388557 0.407699 0.5369533 0.407943 0.5388557 0.407699 0.5369542 0.4079517 0.5369542 0.4079517 0.5388557 0.407699 0.5388564 0.4077038 0.5369542 0.4079517 0.5388564 0.4077038 0.5369547 0.4079566 0.5369547 0.4079566 0.5388564 0.4077038 0.5388569 0.4077075 0.5369547 0.4079566 0.5388569 0.4077075 0.5369551 0.4079602 0.5369551 0.4079602 0.5388569 0.4077075 0.5388574 0.4077105 0.5369551 0.4079602 0.5388574 0.4077105 0.5369554 0.4079633 0.5369554 0.4079633 0.5388574 0.4077105 0.5388578 0.4077131 0.5369554 0.4079633 0.5388578 0.4077131 0.5369557 0.4079659 0.5369557 0.4079659 0.5388578 0.4077131 0.5388581 0.4077154 0.5369557 0.4079659 0.5388581 0.4077154 0.5369558 0.4079682 0.5369558 0.4079682 0.5388581 0.4077154 0.5388584 0.4077174 0.5369558 0.4079682 0.5388584 0.4077174 0.5369561 0.4079703 0.5369561 0.4079703 0.5388584 0.4077174 0.5388587 0.4077194 0.5369561 0.4079703 0.5388587 0.4077194 0.5369563 0.4079722 0.5369563 0.4079722 0.5388587 0.4077194 0.538859 0.4077214 0.5369563 0.4079722 0.538859 0.4077214 0.5369565 0.4079743 0.5369565 0.4079743 0.538859 0.4077214 0.5388594 0.4077236 0.5369565 0.4079743 0.5388594 0.4077236 0.5369567 0.4079765 0.5369567 0.4079765 0.5388594 0.4077236 0.5388598 0.4077264 0.5369567 0.4079765 0.5388598 0.4077264 0.536957 0.4079793 0.5359838 0.4078537 0.5369511 0.407922 0.5359939 0.4080035 0.5359939 0.4080035 0.5369511 0.407922 0.5369533 0.407943 0.5359939 0.4080035 0.5369533 0.407943 0.5359954 0.4080245 0.5359954 0.4080245 0.5369533 0.407943 0.5369542 0.4079517 0.5359954 0.4080245 0.5369542 0.4079517 0.535996 0.4080333 0.535996 0.4080333 0.5369542 0.4079517 0.5369547 0.4079566 0.535996 0.4080333 0.5369547 0.4079566 0.5359963 0.4080381 0.5359963 0.4080381 0.5369547 0.4079566 0.5369551 0.4079602 0.5359963 0.4080381 0.5369551 0.4079602 0.5359965 0.4080419 0.5359965 0.4080419 0.5369551 0.4079602 0.5369554 0.4079633 0.5359965 0.4080419 0.5369554 0.4079633 0.5359967 0.4080449 0.5359967 0.4080449 0.5369554 0.4079633 0.5369557 0.4079659 0.5359967 0.4080449 0.5369557 0.4079659 0.5359969 0.4080475 0.5359969 0.4080475 0.5369557 0.4079659 0.5369558 0.4079682 0.5359969 0.4080475 0.5369558 0.4079682 0.5359971 0.4080498 0.5359971 0.4080498 0.5369558 0.4079682 0.5369561 0.4079703 0.5359971 0.4080498 0.5369561 0.4079703 0.5359972 0.4080519 0.5359972 0.4080519 0.5369561 0.4079703 0.5369563 0.4079722 0.5359972 0.4080519 0.5369563 0.4079722 0.5359973 0.4080539 0.5359973 0.4080539 0.5369563 0.4079722 0.5369565 0.4079743 0.5359973 0.4080539 0.5369565 0.4079743 0.5359975 0.4080559 0.5359975 0.4080559 0.5369565 0.4079743 0.5369567 0.4079765 0.5359975 0.4080559 0.5369567 0.4079765 0.5359976 0.4080582 0.5359976 0.4080582 0.5369567 0.4079765 0.536957 0.4079793 0.5359976 0.4080582 0.536957 0.4079793 0.5359978 0.4080609 0.5350302 0.407902 0.5359939 0.4080035 0.5350356 0.408052 0.5350356 0.408052 0.5359939 0.4080035 0.5359954 0.4080245 0.5350356 0.408052 0.5359954 0.4080245 0.5350363 0.408073 0.5350363 0.408073 0.5359954 0.4080245 0.535996 0.4080333 0.5350363 0.408073 0.535996 0.4080333 0.5350366 0.4080818 0.5350366 0.4080818 0.535996 0.4080333 0.5359963 0.4080381 0.5350366 0.4080818 0.5359963 0.4080381 0.5350368 0.4080867 0.5350368 0.4080867 0.5359963 0.4080381 0.5359965 0.4080419 0.5350368 0.4080867 0.5359965 0.4080419 0.5350369 0.4080904 0.5350369 0.4080904 0.5359965 0.4080419 0.5359967 0.4080449 0.5350369 0.4080904 0.5359967 0.4080449 0.5350371 0.4080935 0.5350371 0.4080935 0.5359967 0.4080449 0.5359969 0.4080475 0.5350371 0.4080935 0.5359969 0.4080475 0.5350371 0.4080961 0.5350371 0.4080961 0.5359969 0.4080475 0.5359971 0.4080498 0.5350371 0.4080961 0.5359971 0.4080498 0.5350372 0.4080984 0.5350372 0.4080984 0.5359971 0.4080498 0.5359972 0.4080519 0.5350372 0.4080984 0.5359972 0.4080519 0.5350373 0.4081005 0.5350373 0.4081005 0.5359972 0.4080519 0.5359973 0.4080539 0.5350373 0.4081005 0.5359973 0.4080539 0.5350373 0.4081025 0.5350373 0.4081025 0.5359973 0.4080539 0.5359975 0.4080559 0.5350373 0.4081025 0.5359975 0.4080559 0.5350374 0.4081045 0.5350374 0.4081045 0.5359975 0.4080559 0.5359976 0.4080582 0.5350374 0.4081045 0.5359976 0.4080582 0.5350375 0.4081068 0.5350375 0.4081068 0.5359976 0.4080582 0.5359978 0.4080609 0.5350375 0.4081068 0.5359978 0.4080609 0.5350376 0.4081095 0.5641162 0.8735716 0.5641181 0.8729144 0.5641181 0.875499 0.5287982 0.4082446 0.5262147 0.4081713 0.5262148 0.4081686 0.5287982 0.4082446 0.5262148 0.4081686 0.5287983 0.4082418 0.5287983 0.4082418 0.5262148 0.4081686 0.5262148 0.4081663 0.5287983 0.4082418 0.5262148 0.4081663 0.5287984 0.4082395 0.5287984 0.4082395 0.5262148 0.4081663 0.5262148 0.4081643 0.5287984 0.4082395 0.5262148 0.4081643 0.5287985 0.4082375 0.5287985 0.4082375 0.5262148 0.4081643 0.5262148 0.4081623 0.5287985 0.4082375 0.5262148 0.4081623 0.5287985 0.4082355 0.5287985 0.4082355 0.5262148 0.4081623 0.5262149 0.4081602 0.5287985 0.4082355 0.5262149 0.4081602 0.5287986 0.4082335 0.5287986 0.4082335 0.5262149 0.4081602 0.526215 0.4081579 0.5287986 0.4082335 0.526215 0.4081579 0.5287986 0.4082311 0.5287986 0.4082311 0.526215 0.4081579 0.526215 0.4081553 0.5287986 0.4082311 0.526215 0.4081553 0.5287987 0.4082285 0.5287987 0.4082285 0.526215 0.4081553 0.526215 0.4081522 0.5287987 0.4082285 0.526215 0.4081522 0.5287988 0.4082255 0.5287988 0.4082255 0.526215 0.4081522 0.5262151 0.4081485 0.5287988 0.4082255 0.5262151 0.4081485 0.5287989 0.4082218 0.5287989 0.4082218 0.5262151 0.4081485 0.5262152 0.4081436 0.5287989 0.4082218 0.5262152 0.4081436 0.5287991 0.4082168 0.5287991 0.4082168 0.5262152 0.4081436 0.5262153 0.4081348 0.5287991 0.4082168 0.5262153 0.4081348 0.5287994 0.4082081 0.5287994 0.4082081 0.5262153 0.4081348 0.5262157 0.4081138 0.5287994 0.4082081 0.5262157 0.4081138 0.5288 0.408187 0.5288 0.408187 0.5262157 0.4081138 0.5262182 0.4079637 0.5288 0.408187 0.5262182 0.4079637 0.5288047 0.408037 0.5185952 0.4074726 0.5195589 0.4077046 0.51858 0.4076219 0.51858 0.4076219 0.5195589 0.4077046 0.5195574 0.4077256 0.51858 0.4076219 0.5195574 0.4077256 0.5185779 0.4076429 0.5185779 0.4076429 0.5195574 0.4077256 0.5195567 0.4077344 0.5185779 0.4076429 0.5195567 0.4077344 0.518577 0.4076517 0.518577 0.4076517 0.5195567 0.4077344 0.5195564 0.4077393 0.518577 0.4076517 0.5195564 0.4077393 0.5185765 0.4076566 0.5185765 0.4076566 0.5195564 0.4077393 0.5195561 0.407743 0.5185765 0.4076566 0.5195561 0.407743 0.5185762 0.4076603 0.5185762 0.4076603 0.5195561 0.407743 0.5195559 0.407746 0.5185762 0.4076603 0.5195559 0.407746 0.5185759 0.4076632 0.5185759 0.4076632 0.5195559 0.407746 0.5195557 0.4077486 0.5185759 0.4076632 0.5195557 0.4077486 0.5185756 0.4076659 0.5185756 0.4076659 0.5195557 0.4077486 0.5195555 0.407751 0.5185756 0.4076659 0.5195555 0.407751 0.5185754 0.4076682 0.5185754 0.4076682 0.5195555 0.407751 0.5195553 0.407753 0.5185754 0.4076682 0.5195553 0.407753 0.5185751 0.4076702 0.5185751 0.4076702 0.5195553 0.407753 0.5195552 0.407755 0.5185751 0.4076702 0.5195552 0.407755 0.518575 0.4076722 0.518575 0.4076722 0.5195552 0.407755 0.519555 0.407757 0.518575 0.4076722 0.519555 0.407757 0.5185747 0.4076742 0.5185747 0.4076742 0.519555 0.407757 0.5195549 0.4077593 0.5185747 0.4076742 0.5195549 0.4077593 0.5185745 0.4076765 0.5185745 0.4076765 0.5195549 0.4077593 0.5195547 0.407762 0.5185745 0.4076765 0.5195547 0.407762 0.5185742 0.4076792 0.517624 0.4073539 0.51858 0.4076219 0.5176035 0.4075027 0.5176035 0.4075027 0.51858 0.4076219 0.5185779 0.4076429 0.5176035 0.4075027 0.5185779 0.4076429 0.5176005 0.4075235 0.5176005 0.4075235 0.5185779 0.4076429 0.518577 0.4076517 0.5176005 0.4075235 0.518577 0.4076517 0.5175994 0.4075323 0.5175994 0.4075323 0.518577 0.4076517 0.5185765 0.4076566 0.5175994 0.4075323 0.5185765 0.4076566 0.5175987 0.4075371 0.5175987 0.4075371 0.5185765 0.4076566 0.5185762 0.4076603 0.5175987 0.4075371 0.5185762 0.4076603 0.5175982 0.4075408 0.5175982 0.4075408 0.5185762 0.4076603 0.5185759 0.4076632 0.5175982 0.4075408 0.5185759 0.4076632 0.5175978 0.4075438 0.5175978 0.4075438 0.5185759 0.4076632 0.5185756 0.4076659 0.5175978 0.4075438 0.5185756 0.4076659 0.5175974 0.4075464 0.5175974 0.4075464 0.5185756 0.4076659 0.5185754 0.4076682 0.5175974 0.4075464 0.5185754 0.4076682 0.5175971 0.4075487 0.5175971 0.4075487 0.5185754 0.4076682 0.5185751 0.4076702 0.5175971 0.4075487 0.5185751 0.4076702 0.5175968 0.4075507 0.5175968 0.4075507 0.5185751 0.4076702 0.518575 0.4076722 0.5175968 0.4075507 0.518575 0.4076722 0.5175966 0.4075527 0.5175966 0.4075527 0.518575 0.4076722 0.5185747 0.4076742 0.5175966 0.4075527 0.5185747 0.4076742 0.5175963 0.4075547 0.5175963 0.4075547 0.5185747 0.4076742 0.5185745 0.4076765 0.5175963 0.4075547 0.5185745 0.4076765 0.517596 0.407557 0.517596 0.407557 0.5185745 0.4076765 0.5185742 0.4076792 0.517596 0.407557 0.5185742 0.4076792 0.5175956 0.4075597 0.5448042 0.4069807 0.5441778 0.4070132 0.5441776 0.4070098 0.5441776 0.4070098 0.5441778 0.4070132 0.5432825 0.4071001 0.2496621 0.8941187 0.2496706 0.8950184 0.2496621 0.8956707 0.542635 0.4071802 0.5432825 0.4071001 0.5426355 0.4071836 0.542635 0.4071802 0.5426355 0.4071836 0.5414944 0.4073504 0.538829 0.407521 0.5402564 0.4074661 0.5388513 0.4076694 0.5388513 0.4076694 0.5402564 0.4074661 0.5402593 0.407487 0.5388513 0.4076694 0.5402593 0.407487 0.5388544 0.4076903 0.5388544 0.4076903 0.5402593 0.407487 0.5402606 0.4074957 0.5388544 0.4076903 0.5402606 0.4074957 0.5388557 0.407699 0.5388557 0.407699 0.5402606 0.4074957 0.5402612 0.4075006 0.5388557 0.407699 0.5402612 0.4075006 0.5388564 0.4077038 0.5388564 0.4077038 0.5402612 0.4075006 0.5402618 0.4075042 0.5388564 0.4077038 0.5402618 0.4075042 0.5388569 0.4077075 0.5388569 0.4077075 0.5402618 0.4075042 0.5402622 0.4075072 0.5388569 0.4077075 0.5402622 0.4075072 0.5388574 0.4077105 0.5388574 0.4077105 0.5402622 0.4075072 0.5402625 0.4075098 0.5388574 0.4077105 0.5402625 0.4075098 0.5388578 0.4077131 0.5388578 0.4077131 0.5402625 0.4075098 0.5402628 0.4075121 0.5388578 0.4077131 0.5402628 0.4075121 0.5388581 0.4077154 0.5388581 0.4077154 0.5402628 0.4075121 0.5402631 0.4075142 0.5388581 0.4077154 0.5402631 0.4075142 0.5388584 0.4077174 0.5388584 0.4077174 0.5402631 0.4075142 0.5402634 0.4075161 0.5388584 0.4077174 0.5402634 0.4075161 0.5388587 0.4077194 0.5388587 0.4077194 0.5402634 0.4075161 0.5402637 0.4075181 0.5388587 0.4077194 0.5402637 0.4075181 0.538859 0.4077214 0.538859 0.4077214 0.5402637 0.4075181 0.540264 0.4075204 0.538859 0.4077214 0.540264 0.4075204 0.5388594 0.4077236 0.5388594 0.4077236 0.540264 0.4075204 0.5402644 0.4075231 0.5388594 0.4077236 0.5402644 0.4075231 0.5388598 0.4077264 0.5388598 0.4077264 0.5402644 0.4075231 0.5382756 0.4078162 0.5388598 0.4077264 0.5382756 0.4078162 0.536957 0.4079793 0.536957 0.4079793 0.5382756 0.4078162 0.5369621 0.4079822 0.536957 0.4079793 0.5369621 0.4079822 0.5359978 0.4080609 0.5359978 0.4080609 0.5369621 0.4079822 0.5359981 0.4080644 0.5359978 0.4080609 0.5359981 0.4080644 0.5350376 0.4081095 0.5350376 0.4081095 0.5359981 0.4080644 0.5350378 0.408113 0.5350376 0.4081095 0.5350378 0.408113 0.5348672 0.4081187 0.5308204 0.4080338 0.5350356 0.408052 0.5308259 0.4081839 0.5308259 0.4081839 0.5350356 0.408052 0.5350363 0.408073 0.5308259 0.4081839 0.5350363 0.408073 0.5308266 0.4082049 0.5308266 0.4082049 0.5350363 0.408073 0.5350366 0.4080818 0.5308266 0.4082049 0.5350366 0.4080818 0.5308269 0.4082137 0.5308269 0.4082137 0.5350366 0.4080818 0.5350368 0.4080867 0.5308269 0.4082137 0.5350368 0.4080867 0.5308271 0.4082186 0.5308271 0.4082186 0.5350368 0.4080867 0.5350369 0.4080904 0.5308271 0.4082186 0.5350369 0.4080904 0.5308272 0.4082223 0.5308272 0.4082223 0.5350369 0.4080904 0.5350371 0.4080935 0.5308272 0.4082223 0.5350371 0.4080935 0.5308273 0.4082253 0.5308273 0.4082253 0.5350371 0.4080935 0.5350371 0.4080961 0.5308273 0.4082253 0.5350371 0.4080961 0.5308274 0.408228 0.5308274 0.408228 0.5350371 0.4080961 0.5350372 0.4080984 0.5308274 0.408228 0.5350372 0.4080984 0.5308275 0.4082303 0.5308275 0.4082303 0.5350372 0.4080984 0.5350373 0.4081005 0.5308275 0.4082303 0.5350373 0.4081005 0.5308276 0.4082323 0.5308276 0.4082323 0.5350373 0.4081005 0.5350373 0.4081025 0.5308276 0.4082323 0.5350373 0.4081025 0.5308277 0.4082343 0.5308277 0.4082343 0.5350373 0.4081025 0.5350374 0.4081045 0.5308277 0.4082343 0.5350374 0.4081045 0.5308277 0.4082363 0.5308277 0.4082363 0.5350374 0.4081045 0.5350375 0.4081068 0.5308277 0.4082363 0.5350375 0.4081068 0.5308278 0.4082387 0.5308278 0.4082387 0.5350375 0.4081068 0.5350376 0.4081095 0.5308278 0.4082387 0.5350376 0.4081095 0.5308279 0.4082414 0.5308279 0.4082414 0.5350376 0.4081095 0.5348672 0.4081187 0.5308279 0.4082414 0.5348672 0.4081187 0.5306905 0.4082496 0.5298137 0.408055 0.5308259 0.4081839 0.5298138 0.4082051 0.5298138 0.4082051 0.5308259 0.4081839 0.5308266 0.4082049 0.5298138 0.4082051 0.5308266 0.4082049 0.5298138 0.4082261 0.5298138 0.4082261 0.5308266 0.4082049 0.5308269 0.4082137 0.5298138 0.4082261 0.5308269 0.4082137 0.5298138 0.408235 0.5298138 0.408235 0.5308269 0.4082137 0.5308271 0.4082186 0.5298138 0.408235 0.5308271 0.4082186 0.5298138 0.4082399 0.5298138 0.4082399 0.5308271 0.4082186 0.5308272 0.4082223 0.5298138 0.4082399 0.5308272 0.4082223 0.5298138 0.4082436 0.5298138 0.4082436 0.5308272 0.4082223 0.5308273 0.4082253 0.5298138 0.4082436 0.5308273 0.4082253 0.5298138 0.4082466 0.5298138 0.4082466 0.5308273 0.4082253 0.5308274 0.408228 0.5298138 0.4082466 0.5308274 0.408228 0.5298138 0.4082493 0.5298138 0.4082493 0.5308274 0.408228 0.5308275 0.4082303 0.5298138 0.4082493 0.5308275 0.4082303 0.5298138 0.4082516 0.5298138 0.4082516 0.5308275 0.4082303 0.5308276 0.4082323 0.5298138 0.4082516 0.5308276 0.4082323 0.5298139 0.4082536 0.5298139 0.4082536 0.5308276 0.4082323 0.5308277 0.4082343 0.5298139 0.4082536 0.5308277 0.4082343 0.5298139 0.4082556 0.5298139 0.4082556 0.5308277 0.4082343 0.5308277 0.4082363 0.5298139 0.4082556 0.5308277 0.4082363 0.5298139 0.4082576 0.5298139 0.4082576 0.5308277 0.4082363 0.5308278 0.4082387 0.5298139 0.4082576 0.5308278 0.4082387 0.5298139 0.4082599 0.5298139 0.4082599 0.5308278 0.4082387 0.5308279 0.4082414 0.5298139 0.4082599 0.5308279 0.4082414 0.5298139 0.4082627 0.5298139 0.4082627 0.5308279 0.4082414 0.5306905 0.4082496 0.5298167 0.2534183 0.5306934 0.2534322 0.5294029 0.2534177 0.5288047 0.408037 0.5298138 0.4082051 0.5288 0.408187 0.5288 0.408187 0.5298138 0.4082051 0.5298138 0.4082261 0.5288 0.408187 0.5298138 0.4082261 0.5287994 0.4082081 0.5287994 0.4082081 0.5298138 0.4082261 0.5298138 0.408235 0.5287994 0.4082081 0.5298138 0.408235 0.5287991 0.4082168 0.5287991 0.4082168 0.5298138 0.408235 0.5298138 0.4082399 0.5287991 0.4082168 0.5298138 0.4082399 0.5287989 0.4082218 0.5287989 0.4082218 0.5298138 0.4082399 0.5298138 0.4082436 0.5287989 0.4082218 0.5298138 0.4082436 0.5287988 0.4082255 0.5287988 0.4082255 0.5298138 0.4082436 0.5298138 0.4082466 0.5287988 0.4082255 0.5298138 0.4082466 0.5287987 0.4082285 0.5287987 0.4082285 0.5298138 0.4082466 0.5298138 0.4082493 0.5287987 0.4082285 0.5298138 0.4082493 0.5287986 0.4082311 0.5287986 0.4082311 0.5298138 0.4082493 0.5298138 0.4082516 0.5287986 0.4082311 0.5298138 0.4082516 0.5287986 0.4082335 0.5287986 0.4082335 0.5298138 0.4082516 0.5298139 0.4082536 0.5287986 0.4082335 0.5298139 0.4082536 0.5287985 0.4082355 0.5287985 0.4082355 0.5298139 0.4082536 0.5298139 0.4082556 0.5287985 0.4082355 0.5298139 0.4082556 0.5287985 0.4082375 0.5287985 0.4082375 0.5298139 0.4082556 0.5298139 0.4082576 0.5287985 0.4082375 0.5298139 0.4082576 0.5287984 0.4082395 0.5287984 0.4082395 0.5298139 0.4082576 0.5298139 0.4082599 0.5287984 0.4082395 0.5298139 0.4082599 0.5287983 0.4082418 0.5287983 0.4082418 0.5298139 0.4082599 0.5298139 0.4082627 0.5287983 0.4082418 0.5298139 0.4082627 0.5287982 0.4082446 0.5287982 0.4082446 0.5298139 0.4082627 0.5294001 0.4082629 0.5287982 0.4082446 0.5294001 0.4082629 0.5268718 0.408188 0.5242802 0.4079201 0.5262157 0.4081138 0.5242732 0.4080701 0.5242732 0.4080701 0.5262157 0.4081138 0.5262153 0.4081348 0.5242732 0.4080701 0.5262153 0.4081348 0.5242722 0.4080911 0.5242722 0.4080911 0.5262153 0.4081348 0.5262152 0.4081436 0.5242722 0.4080911 0.5262152 0.4081436 0.5242718 0.4081 0.5242718 0.4081 0.5262152 0.4081436 0.5262151 0.4081485 0.5242718 0.4081 0.5262151 0.4081485 0.5242716 0.4081048 0.5242716 0.4081048 0.5262151 0.4081485 0.526215 0.4081522 0.5242716 0.4081048 0.526215 0.4081522 0.5242714 0.4081085 0.5242714 0.4081085 0.526215 0.4081522 0.526215 0.4081553 0.5242714 0.4081085 0.526215 0.4081553 0.5242713 0.4081116 0.5242713 0.4081116 0.526215 0.4081553 0.526215 0.4081579 0.5242713 0.4081116 0.526215 0.4081579 0.5242711 0.4081142 0.5242711 0.4081142 0.526215 0.4081579 0.5262149 0.4081602 0.5242711 0.4081142 0.5262149 0.4081602 0.524271 0.4081165 0.524271 0.4081165 0.5262149 0.4081602 0.5262148 0.4081623 0.524271 0.4081165 0.5262148 0.4081623 0.5242709 0.4081186 0.5242709 0.4081186 0.5262148 0.4081623 0.5262148 0.4081643 0.5242709 0.4081186 0.5262148 0.4081643 0.5242708 0.4081206 0.5242708 0.4081206 0.5262148 0.4081643 0.5262148 0.4081663 0.5242708 0.4081206 0.5262148 0.4081663 0.5242707 0.4081225 0.5242707 0.4081225 0.5262148 0.4081663 0.5262148 0.4081686 0.5242707 0.4081225 0.5262148 0.4081686 0.5242706 0.4081249 0.5242706 0.4081249 0.5262148 0.4081686 0.5262147 0.4081713 0.5242706 0.4081249 0.5262147 0.4081713 0.5242705 0.4081276 0.5242705 0.4081276 0.5262147 0.4081713 0.5242703 0.4081311 0.5242705 0.4081276 0.5242703 0.4081311 0.5240328 0.4081187 0.5224219 0.4077766 0.5242732 0.4080701 0.5224084 0.4079262 0.5224084 0.4079262 0.5242732 0.4080701 0.5242722 0.4080911 0.5224084 0.4079262 0.5242722 0.4080911 0.5224065 0.4079471 0.5224065 0.4079471 0.5242722 0.4080911 0.5242718 0.4081 0.5224065 0.4079471 0.5242718 0.4081 0.5224057 0.4079559 0.5224057 0.4079559 0.5242718 0.4081 0.5242716 0.4081048 0.5224057 0.4079559 0.5242716 0.4081048 0.5224052 0.4079608 0.5224052 0.4079608 0.5242716 0.4081048 0.5242714 0.4081085 0.5224052 0.4079608 0.5242714 0.4081085 0.5224049 0.4079645 0.5224049 0.4079645 0.5242714 0.4081085 0.5242713 0.4081116 0.5224049 0.4079645 0.5242713 0.4081116 0.5224046 0.4079675 0.5224046 0.4079675 0.5242713 0.4081116 0.5242711 0.4081142 0.5224046 0.4079675 0.5242711 0.4081142 0.5224044 0.4079701 0.5224044 0.4079701 0.5242711 0.4081142 0.524271 0.4081165 0.5224044 0.4079701 0.524271 0.4081165 0.5224042 0.4079724 0.5224042 0.4079724 0.524271 0.4081165 0.5242709 0.4081186 0.5224042 0.4079724 0.5242709 0.4081186 0.522404 0.4079744 0.522404 0.4079744 0.5242709 0.4081186 0.5242708 0.4081206 0.522404 0.4079744 0.5242708 0.4081206 0.5224038 0.4079765 0.5224038 0.4079765 0.5242708 0.4081206 0.5242707 0.4081225 0.5224038 0.4079765 0.5242707 0.4081225 0.5224037 0.4079785 0.5224037 0.4079785 0.5242707 0.4081225 0.5242706 0.4081249 0.5224037 0.4079785 0.5242706 0.4081249 0.5224034 0.4079807 0.5224034 0.4079807 0.5242706 0.4081249 0.5242705 0.4081276 0.5224034 0.4079807 0.5242705 0.4081276 0.5224032 0.4079835 0.5224032 0.4079835 0.5242705 0.4081276 0.5240328 0.4081187 0.5224032 0.4079835 0.5240328 0.4081187 0.5224029 0.4079869 0.5224029 0.4079869 0.5195547 0.407762 0.5224032 0.4079835 0.5224032 0.4079835 0.5195547 0.407762 0.5195549 0.4077593 0.5224032 0.4079835 0.5195549 0.4077593 0.5224034 0.4079807 0.5224034 0.4079807 0.5195549 0.4077593 0.519555 0.407757 0.5224034 0.4079807 0.519555 0.407757 0.5224037 0.4079785 0.5224037 0.4079785 0.519555 0.407757 0.5195552 0.407755 0.5224037 0.4079785 0.5195552 0.407755 0.5224038 0.4079765 0.5224038 0.4079765 0.5195552 0.407755 0.5195553 0.407753 0.5224038 0.4079765 0.5195553 0.407753 0.522404 0.4079744 0.522404 0.4079744 0.5195553 0.407753 0.5195555 0.407751 0.522404 0.4079744 0.5195555 0.407751 0.5224042 0.4079724 0.5224042 0.4079724 0.5195555 0.407751 0.5195557 0.4077486 0.5224042 0.4079724 0.5195557 0.4077486 0.5224044 0.4079701 0.5224044 0.4079701 0.5195557 0.4077486 0.5195559 0.407746 0.5224044 0.4079701 0.5195559 0.407746 0.5224046 0.4079675 0.5224046 0.4079675 0.5195559 0.407746 0.5195561 0.407743 0.5224046 0.4079675 0.5195561 0.407743 0.5224049 0.4079645 0.5224049 0.4079645 0.5195561 0.407743 0.5195564 0.4077393 0.5224049 0.4079645 0.5195564 0.4077393 0.5224052 0.4079608 0.5224052 0.4079608 0.5195564 0.4077393 0.5195567 0.4077344 0.5224052 0.4079608 0.5195567 0.4077344 0.5224057 0.4079559 0.5224057 0.4079559 0.5195567 0.4077344 0.5195574 0.4077256 0.5224057 0.4079559 0.5195574 0.4077256 0.5224065 0.4079471 0.5224065 0.4079471 0.5195574 0.4077256 0.5195589 0.4077046 0.5224065 0.4079471 0.5195589 0.4077046 0.5224084 0.4079262 0.5224084 0.4079262 0.5195589 0.4077046 0.5195697 0.4075549 0.5224084 0.4079262 0.5195697 0.4075549 0.5224219 0.4077766 0.5224029 0.4079869 0.519578 0.4077672 0.5195547 0.407762 0.5195547 0.407762 0.519578 0.4077672 0.5195544 0.4077655 0.5195547 0.407762 0.5195544 0.4077655 0.5185742 0.4076792 0.5185742 0.4076792 0.5195544 0.4077655 0.5185739 0.4076827 0.5185742 0.4076792 0.5185739 0.4076827 0.5175956 0.4075597 0.5175956 0.4075597 0.5185739 0.4076827 0.5175951 0.4075632 0.5175956 0.4075597 0.5175951 0.4075632 0.5172354 0.4075124 0.5151919 0.4070172 0.5176035 0.4075027 0.515172 0.407166 0.515172 0.407166 0.5176035 0.4075027 0.5176005 0.4075235 0.515172 0.407166 0.5176005 0.4075235 0.5151692 0.4071869 0.5151692 0.4071869 0.5176005 0.4075235 0.5175994 0.4075323 0.5151692 0.4071869 0.5175994 0.4075323 0.515168 0.4071956 0.515168 0.4071956 0.5175994 0.4075323 0.5175987 0.4075371 0.515168 0.4071956 0.5175987 0.4075371 0.5151674 0.4072005 0.5151674 0.4072005 0.5175987 0.4075371 0.5175982 0.4075408 0.5151674 0.4072005 0.5175982 0.4075408 0.5151669 0.4072041 0.5151669 0.4072041 0.5175982 0.4075408 0.5175978 0.4075438 0.5151669 0.4072041 0.5175978 0.4075438 0.5151665 0.4072071 0.5151665 0.4072071 0.5175978 0.4075438 0.5175974 0.4075464 0.5151665 0.4072071 0.5175974 0.4075464 0.5151662 0.4072098 0.5151662 0.4072098 0.5175974 0.4075464 0.5175971 0.4075487 0.5151662 0.4072098 0.5175971 0.4075487 0.5151659 0.407212 0.5151659 0.407212 0.5175971 0.4075487 0.5175968 0.4075507 0.5151659 0.407212 0.5175968 0.4075507 0.5151656 0.4072141 0.5151656 0.4072141 0.5175968 0.4075507 0.5175966 0.4075527 0.5151656 0.4072141 0.5175966 0.4075527 0.5151653 0.407216 0.5151653 0.407216 0.5175966 0.4075527 0.5175963 0.4075547 0.5151653 0.407216 0.5175963 0.4075547 0.515165 0.407218 0.515165 0.407218 0.5175963 0.4075547 0.517596 0.407557 0.515165 0.407218 0.517596 0.407557 0.5151647 0.4072203 0.5151647 0.4072203 0.517596 0.407557 0.5175956 0.4075597 0.5151647 0.4072203 0.5175956 0.4075597 0.5151644 0.4072231 0.5151644 0.4072231 0.5175956 0.4075597 0.5172354 0.4075124 0.5151644 0.4072231 0.5172354 0.4075124 0.5143005 0.4071079 0.5136402 0.4069935 0.515165 0.407218 0.5136399 0.4069951 0.5136399 0.4069951 0.515165 0.407218 0.5151647 0.4072203 0.5136399 0.4069951 0.5151647 0.4072203 0.5136398 0.4069958 0.5136398 0.4069958 0.5151647 0.4072203 0.5151644 0.4072231 0.5136398 0.4069958 0.5151644 0.4072231 0.5136393 0.4069985 0.5136393 0.4069985 0.5151644 0.4072231 0.5143005 0.4071079 0.5136393 0.4069985 0.5143005 0.4071079 0.5136386 0.4070019 0.5126096 0.4065365 0.5128108 0.4065967 0.5127751 0.4067252 0.5129614 0.4066377 0.5136762 0.4067941 0.5136495 0.4069418 0.5118942 0.4064868 0.5118937 0.4064882 0.511476 0.4062775 0.5114766 0.4062761 0.5114772 0.4062746 0.5118947 0.4064853 0.511904 0.4062625 0.5121033 0.4063513 0.5119227 0.4064209 0.5108829 0.4058789 0.5107377 0.4057539 0.5107316 0.4057457 0.5110149 0.4057086 0.5105917 0.4055191 0.5105557 0.405437 0.5105557 0.405437 0.5105352 0.4053779 0.5110149 0.4057086 0.5110149 0.4057086 0.5105352 0.4053779 0.5105212 0.4053258 0.5110149 0.4057086 0.5105212 0.4053258 0.5105099 0.4052641 0.510749 0.4056646 0.5107335 0.4056828 0.5105972 0.4055302 0.5105972 0.4055302 0.5107335 0.4056828 0.5106247 0.4055816 0.5107237 0.4056944 0.5106527 0.4056292 0.5107335 0.4056828 0.5107335 0.4056828 0.5106527 0.4056292 0.5106365 0.4056022 0.5107335 0.4056828 0.5106365 0.4056022 0.5106247 0.4055816 0.510717 0.4057027 0.5106775 0.405668 0.5107237 0.4056944 0.5107237 0.4056944 0.5106775 0.405668 0.5106721 0.4056598 0.5107237 0.4056944 0.5106721 0.4056598 0.5106527 0.4056292 0.5107135 0.4057206 0.5107086 0.4057138 0.5107086 0.4057136 0.5107086 0.4057136 0.5107086 0.4057138 0.5107076 0.4057123 0.5107086 0.4057136 0.5107076 0.4057123 0.5107103 0.4057113 0.5107103 0.4057113 0.5107076 0.4057123 0.5107016 0.4057038 0.5107103 0.4057113 0.5107016 0.4057038 0.5107122 0.4057087 0.5107122 0.4057087 0.5107016 0.4057038 0.5107005 0.4057021 0.5107122 0.4057087 0.5107005 0.4057021 0.5106939 0.4056925 0.5110747 0.4060195 0.5107293 0.4057425 0.5110753 0.406018 0.5110753 0.406018 0.5107293 0.4057425 0.5107246 0.405736 0.5110753 0.406018 0.5107246 0.405736 0.5110762 0.4060164 0.5110762 0.4060164 0.5107246 0.405736 0.5107215 0.4057318 0.5110762 0.4060164 0.5107215 0.4057318 0.5110772 0.4060146 0.5110772 0.4060146 0.5107215 0.4057318 0.5107135 0.4057206 0.5110772 0.4060146 0.5107135 0.4057206 0.5110782 0.4060127 0.5110782 0.4060127 0.5107135 0.4057206 0.5107086 0.4057136 0.5110782 0.4060127 0.5107086 0.4057136 0.5110796 0.4060106 0.5107514 0.4057721 0.5107477 0.4057673 0.5108829 0.405879 0.5108829 0.405879 0.5107477 0.4057673 0.5107436 0.4057619 0.5108829 0.405879 0.5107436 0.4057619 0.5108829 0.4058789 0.5108829 0.4058789 0.5107436 0.4057619 0.5107383 0.4057548 0.5108829 0.4058789 0.5107383 0.4057548 0.5107377 0.4057539 0.5107582 0.405781 0.5107546 0.4057763 0.5110728 0.4060258 0.5107582 0.405781 0.5110728 0.4060258 0.5107619 0.4057857 0.5107619 0.4057857 0.5110728 0.4060258 0.5110741 0.4060308 0.5107619 0.4057857 0.5110741 0.4060308 0.5107655 0.4057905 0.8045105 0.9338829 0.8045204 0.9342739 0.8045105 0.9345322 0.6750444 0.9338828 0.6750444 0.9345322 0.675044 0.9338842 0.511904 0.4062625 0.5119227 0.4064209 0.5115579 0.4060816 0.5119001 0.4064722 0.5114853 0.4062588 0.5119031 0.4064652 0.5119031 0.4064652 0.5114853 0.4062588 0.5114873 0.4062552 0.5119031 0.4064652 0.5114873 0.4062552 0.5119073 0.4064558 0.5119073 0.4064558 0.5114873 0.4062552 0.5114923 0.4062461 0.5119073 0.4064558 0.5114923 0.4062461 0.5119227 0.4064209 0.5119227 0.4064209 0.5114923 0.4062461 0.511511 0.4062125 0.5119227 0.4064209 0.511511 0.4062125 0.5115579 0.4060816 0.5108929 0.4058614 0.510717 0.4057027 0.5108975 0.4058551 0.5108975 0.4058551 0.510717 0.4057027 0.5107237 0.4056944 0.5108975 0.4058551 0.5107237 0.4056944 0.5110929 0.4059906 0.5110929 0.4059906 0.5107237 0.4056944 0.5107335 0.4056828 0.5110929 0.4059906 0.5107335 0.4056828 0.5111152 0.405959 0.5111152 0.405959 0.5107335 0.4056828 0.510749 0.4056646 0.5111152 0.405959 0.510749 0.4056646 0.5110149 0.4057086 0.5110149 0.4057086 0.510749 0.4056646 0.5105972 0.4055302 0.5110149 0.4057086 0.5105972 0.4055302 0.5105917 0.4055191 0.5110929 0.4059906 0.511087 0.4059993 0.5108975 0.4058551 0.5108975 0.4058551 0.511087 0.4059993 0.5110847 0.4060027 0.5108975 0.4058551 0.5110847 0.4060027 0.5108929 0.4058614 0.5108929 0.4058614 0.5110847 0.4060027 0.5110827 0.4060056 0.5108929 0.4058614 0.5110827 0.4060056 0.511081 0.4060083 0.5110796 0.4060106 0.5107086 0.4057136 0.511081 0.4060083 0.511081 0.4060083 0.5107086 0.4057136 0.5107103 0.4057113 0.1016874 0.9535801 0.1016874 0.953105 0.1016904 0.9533414 0.5108929 0.4058614 0.5107103 0.4057113 0.5107122 0.4057087 0.5108929 0.4058614 0.5107122 0.4057087 0.510717 0.4057027 0.510717 0.4057027 0.5107122 0.4057087 0.5106939 0.4056925 0.510717 0.4057027 0.5106939 0.4056925 0.5106775 0.405668 0.5118947 0.4064853 0.5114772 0.4062746 0.5118954 0.4064837 0.5118954 0.4064837 0.5114772 0.4062746 0.511478 0.406273 0.5118954 0.4064837 0.511478 0.406273 0.5118961 0.4064818 0.5118961 0.4064818 0.511478 0.406273 0.5114788 0.4062712 0.5118961 0.4064818 0.5114788 0.4062712 0.5118969 0.4064798 0.5118969 0.4064798 0.5114788 0.4062712 0.5114798 0.4062693 0.5118969 0.4064798 0.5114798 0.4062693 0.5118979 0.4064776 0.5118979 0.4064776 0.5114798 0.4062693 0.5114809 0.4062671 0.5118979 0.4064776 0.5114809 0.4062671 0.5118989 0.4064751 0.5118989 0.4064751 0.5114809 0.4062671 0.5114821 0.4062647 0.5118989 0.4064751 0.5114821 0.4062647 0.5119001 0.4064722 0.5119001 0.4064722 0.5114821 0.4062647 0.5114836 0.4062619 0.5119001 0.4064722 0.5114836 0.4062619 0.5114853 0.4062588 0.5112711 0.4061572 0.511074 0.4060209 0.511272 0.4061547 0.511272 0.4061547 0.511074 0.4060209 0.5110747 0.4060195 0.5110149 0.4057086 0.5115579 0.4060816 0.5111152 0.405959 0.5111152 0.405959 0.5115579 0.4060816 0.511511 0.4062125 0.5111152 0.405959 0.511511 0.4062125 0.5110929 0.4059906 0.5110929 0.4059906 0.511511 0.4062125 0.5114923 0.4062461 0.5110929 0.4059906 0.5114923 0.4062461 0.511087 0.4059993 0.511087 0.4059993 0.5114923 0.4062461 0.5114873 0.4062552 0.511087 0.4059993 0.5114873 0.4062552 0.5110847 0.4060027 0.5110847 0.4060027 0.5114873 0.4062552 0.5114853 0.4062588 0.5110847 0.4060027 0.5114853 0.4062588 0.5110827 0.4060056 0.5110827 0.4060056 0.5114853 0.4062588 0.5114836 0.4062619 0.5110827 0.4060056 0.5114836 0.4062619 0.511081 0.4060083 0.511081 0.4060083 0.5114836 0.4062619 0.5114821 0.4062647 0.511081 0.4060083 0.5114821 0.4062647 0.5110796 0.4060106 0.5110796 0.4060106 0.5114821 0.4062647 0.5114809 0.4062671 0.5110796 0.4060106 0.5114809 0.4062671 0.5110782 0.4060127 0.5110782 0.4060127 0.5114809 0.4062671 0.5114798 0.4062693 0.5110782 0.4060127 0.5114798 0.4062693 0.5110772 0.4060146 0.5110772 0.4060146 0.5114798 0.4062693 0.5114788 0.4062712 0.5110772 0.4060146 0.5114788 0.4062712 0.5110762 0.4060164 0.5110762 0.4060164 0.5114788 0.4062712 0.511478 0.406273 0.5110762 0.4060164 0.511478 0.406273 0.5110753 0.406018 0.5110753 0.406018 0.511478 0.406273 0.5114772 0.4062746 0.5110753 0.406018 0.5114772 0.4062746 0.5110747 0.4060195 0.5110747 0.4060195 0.5114772 0.4062746 0.5114766 0.4062761 0.5110747 0.4060195 0.5114766 0.4062761 0.511272 0.4061547 0.511476 0.4062775 0.5118937 0.4064882 0.5114752 0.40628 0.5114752 0.40628 0.5118937 0.4064882 0.5118929 0.4064906 0.5114752 0.40628 0.5118929 0.4064906 0.5114747 0.4062822 0.5114747 0.4062822 0.5118929 0.4064906 0.5118924 0.4064927 0.5114747 0.4062822 0.5118924 0.4064927 0.5114753 0.4062862 0.5114753 0.4062862 0.5118924 0.4064927 0.5118923 0.4064963 0.5114753 0.4062862 0.5118923 0.4064963 0.5114948 0.4062992 0.5118947 0.4064853 0.5118942 0.4064868 0.5114766 0.4062761 0.5114766 0.4062761 0.5118942 0.4064868 0.511476 0.4062775 0.5114766 0.4062761 0.511476 0.4062775 0.511272 0.4061547 0.511272 0.4061547 0.511476 0.4062775 0.5114752 0.40628 0.511272 0.4061547 0.5114752 0.40628 0.5112711 0.4061572 0.5112711 0.4061572 0.5114752 0.40628 0.5114747 0.4062822 0.5107546 0.4057763 0.5107514 0.4057721 0.5110728 0.4060258 0.7488257 0.9535145 0.7488257 0.9531051 0.7488282 0.9532746 0.5110728 0.4060258 0.5108829 0.405879 0.5110732 0.4060234 0.5110732 0.4060234 0.5108829 0.405879 0.5108829 0.4058789 0.5114948 0.4062992 0.5112878 0.4061763 0.5114753 0.4062862 0.5114753 0.4062862 0.5112878 0.4061763 0.5110741 0.4060308 0.5114753 0.4062862 0.5110741 0.4060308 0.5114747 0.4062822 0.5114747 0.4062822 0.5110741 0.4060308 0.5110728 0.4060258 0.9404893 0.9151567 0.9400126 0.9151567 0.9402505 0.9151525 0.5112711 0.4061572 0.5110728 0.4060258 0.5110732 0.4060234 0.5112711 0.4061572 0.5110732 0.4060234 0.511074 0.4060209 0.511074 0.4060209 0.5110732 0.4060234 0.5108829 0.4058789 0.511074 0.4060209 0.5108829 0.4058789 0.5110747 0.4060195 0.5110747 0.4060195 0.5108829 0.4058789 0.5107316 0.4057457 0.5110747 0.4060195 0.5107316 0.4057457 0.5107293 0.4057425 0.5127555 0.4067969 0.5127561 0.4067945 0.5131966 0.4069026 0.5131966 0.4069026 0.5127561 0.4067945 0.5127564 0.4067931 0.5131966 0.4069026 0.5127564 0.4067931 0.5127568 0.4067916 0.5131966 0.4069026 0.5127568 0.4067916 0.5127573 0.4067899 0.5136386 0.4070019 0.5132512 0.4069256 0.5136393 0.4069985 0.5136393 0.4069985 0.5132512 0.4069256 0.5127549 0.406799 0.5136393 0.4069985 0.5127549 0.406799 0.5136398 0.4069958 0.5136398 0.4069958 0.5127549 0.406799 0.5127555 0.4067969 0.5136398 0.4069958 0.5127555 0.4067969 0.5136399 0.4069951 0.9215276 0.02774071 0.9206212 0.02774071 0.9210747 0.0277341 0.5126096 0.4065365 0.5127751 0.4067252 0.5122281 0.406402 0.5127549 0.406799 0.5123199 0.4066627 0.5127555 0.4067969 0.5127555 0.4067969 0.5123199 0.4066627 0.5123205 0.4066606 0.5127555 0.4067969 0.5123205 0.4066606 0.5127561 0.4067945 0.5127561 0.4067945 0.5123205 0.4066606 0.5123212 0.4066582 0.5127561 0.4067945 0.5123212 0.4066582 0.5127564 0.4067931 0.5127564 0.4067931 0.5123212 0.4066582 0.5123216 0.4066568 0.5127564 0.4067931 0.5123216 0.4066568 0.5127568 0.4067916 0.5127568 0.4067916 0.5123216 0.4066568 0.5123221 0.4066553 0.5127568 0.4067916 0.5123221 0.4066553 0.5127573 0.4067899 0.5127573 0.4067899 0.5123221 0.4066553 0.5123226 0.4066537 0.5127573 0.4067899 0.5123226 0.4066537 0.5127577 0.4067881 0.5127577 0.4067881 0.5123226 0.4066537 0.5123232 0.4066518 0.5127577 0.4067881 0.5123232 0.4066518 0.5127583 0.4067861 0.5127583 0.4067861 0.5123232 0.4066518 0.5123239 0.4066498 0.5127583 0.4067861 0.5123239 0.4066498 0.5127589 0.4067838 0.5127589 0.4067838 0.5123239 0.4066498 0.5123246 0.4066475 0.5127589 0.4067838 0.5123246 0.4066475 0.5127596 0.4067812 0.5127596 0.4067812 0.5123246 0.4066475 0.5123255 0.4066449 0.5127596 0.4067812 0.5123255 0.4066449 0.5127604 0.4067783 0.5127604 0.4067783 0.5123255 0.4066449 0.5123265 0.406642 0.5127604 0.4067783 0.5123265 0.406642 0.5127624 0.4067711 0.5127624 0.4067711 0.5123265 0.406642 0.512329 0.4066349 0.5127624 0.4067711 0.512329 0.4066349 0.5127651 0.4067613 0.5127651 0.4067613 0.512329 0.4066349 0.5123324 0.4066252 0.5127651 0.4067613 0.5123324 0.4066252 0.5127751 0.4067252 0.5127751 0.4067252 0.5123324 0.4066252 0.5123448 0.4065896 0.5127751 0.4067252 0.5123448 0.4065896 0.5122281 0.406402 0.5128108 0.4065967 0.5129614 0.4066377 0.5127751 0.4067252 0.5127751 0.4067252 0.5129614 0.4066377 0.5136495 0.4069418 0.5127751 0.4067252 0.5136495 0.4069418 0.5127651 0.4067613 0.5127651 0.4067613 0.5136495 0.4069418 0.5136458 0.4069625 0.5127651 0.4067613 0.5136458 0.4069625 0.5127624 0.4067711 0.5127624 0.4067711 0.5136458 0.4069625 0.5136442 0.4069712 0.5127624 0.4067711 0.5136442 0.4069712 0.5127604 0.4067783 0.5127604 0.4067783 0.5136442 0.4069712 0.5136434 0.4069761 0.5127604 0.4067783 0.5136434 0.4069761 0.5127596 0.4067812 0.5127596 0.4067812 0.5136434 0.4069761 0.5136427 0.4069797 0.5127596 0.4067812 0.5136427 0.4069797 0.5127589 0.4067838 0.5127589 0.4067838 0.5136427 0.4069797 0.5136422 0.4069827 0.5127589 0.4067838 0.5136422 0.4069827 0.5127583 0.4067861 0.5127583 0.4067861 0.5136422 0.4069827 0.5136417 0.4069853 0.5127583 0.4067861 0.5136417 0.4069853 0.5127577 0.4067881 0.5127577 0.4067881 0.5136417 0.4069853 0.5136415 0.4069863 0.5127577 0.4067881 0.5136415 0.4069863 0.5127573 0.4067899 0.5127573 0.4067899 0.5136415 0.4069863 0.5136413 0.4069876 0.5127573 0.4067899 0.5136413 0.4069876 0.5131966 0.4069026 0.5131966 0.4069026 0.5136413 0.4069876 0.5136409 0.4069896 0.5131966 0.4069026 0.5136409 0.4069896 0.5136406 0.4069916 0.5131966 0.4069026 0.5136406 0.4069916 0.5136402 0.4069935 0.5131966 0.4069026 0.5136402 0.4069935 0.5136399 0.4069951 0.5132512 0.4069256 0.5129532 0.4068564 0.5127549 0.406799 0.5127549 0.406799 0.5129532 0.4068564 0.512755 0.406804 0.5127549 0.406799 0.512755 0.406804 0.5123199 0.4066627 0.5123199 0.4066627 0.512755 0.406804 0.5122181 0.4066311 0.5123199 0.4066627 0.5122181 0.4066311 0.5119781 0.4065355 0.5121033 0.4063513 0.5122281 0.406402 0.5119227 0.4064209 0.5119227 0.4064209 0.5122281 0.406402 0.5123448 0.4065896 0.5119227 0.4064209 0.5123448 0.4065896 0.5119073 0.4064558 0.5119073 0.4064558 0.5123448 0.4065896 0.5123324 0.4066252 0.5119073 0.4064558 0.5123324 0.4066252 0.5119031 0.4064652 0.5119031 0.4064652 0.5123324 0.4066252 0.512329 0.4066349 0.5119031 0.4064652 0.512329 0.4066349 0.5119001 0.4064722 0.5119001 0.4064722 0.512329 0.4066349 0.5123265 0.406642 0.5119001 0.4064722 0.5123265 0.406642 0.5118989 0.4064751 0.5118989 0.4064751 0.5123265 0.406642 0.5123255 0.4066449 0.5118989 0.4064751 0.5123255 0.4066449 0.5118979 0.4064776 0.5118979 0.4064776 0.5123255 0.4066449 0.5123246 0.4066475 0.5118979 0.4064776 0.5123246 0.4066475 0.5118969 0.4064798 0.5118969 0.4064798 0.5123246 0.4066475 0.5123239 0.4066498 0.5118969 0.4064798 0.5123239 0.4066498 0.5118961 0.4064818 0.5118961 0.4064818 0.5123239 0.4066498 0.5123232 0.4066518 0.5118961 0.4064818 0.5123232 0.4066518 0.5118954 0.4064837 0.5118954 0.4064837 0.5123232 0.4066518 0.5123226 0.4066537 0.5118954 0.4064837 0.5123226 0.4066537 0.5118947 0.4064853 0.5118947 0.4064853 0.5123226 0.4066537 0.5123221 0.4066553 0.5118947 0.4064853 0.5123221 0.4066553 0.5118942 0.4064868 0.5118942 0.4064868 0.5123221 0.4066553 0.5123216 0.4066568 0.5118942 0.4064868 0.5123216 0.4066568 0.5118937 0.4064882 0.5118937 0.4064882 0.5123216 0.4066568 0.5123212 0.4066582 0.5118937 0.4064882 0.5123212 0.4066582 0.5118929 0.4064906 0.5118929 0.4064906 0.5123212 0.4066582 0.5123205 0.4066606 0.5118929 0.4064906 0.5123205 0.4066606 0.5118924 0.4064927 0.5118924 0.4064927 0.5123205 0.4066606 0.5123199 0.4066627 0.5118924 0.4064927 0.5123199 0.4066627 0.5118923 0.4064963 0.5118923 0.4064963 0.5123199 0.4066627 0.5119781 0.4065355 0.5118936 0.2551685 0.5119794 0.2551293 0.5114958 0.2553653 0.5388191 0.2539556 0.5382781 0.2538723 0.5414963 0.2543411 0.5283541 0.2534496 0.5268745 0.2534903 0.5294029 0.2534177 0.5195804 0.2539045 0.5199688 0.2538776 0.519969 0.2538805 0.5105312 0.2563 0.510532 0.256322 0.510523 0.256331 0.5107658 0.2558737 0.510767 0.2558722 0.5110315 0.2556626 0.5442018 0.2549151 0.5442049 0.2548713 0.5444836 0.2549327 0.5444836 0.2549327 0.5442049 0.2548713 0.5445212 0.2549025 0.5445212 0.2549025 0.5442049 0.2548713 0.5446943 0.2547799 0.5446943 0.2547799 0.5442049 0.2548713 0.5442145 0.2547371 0.5446943 0.2547799 0.5442145 0.2547371 0.5447337 0.2547556 0.544217 0.2547016 0.5447689 0.2547347 0.5442168 0.2547045 0.5442168 0.2547045 0.5447689 0.2547347 0.5447648 0.254737 0.5442168 0.2547045 0.5447648 0.254737 0.5442166 0.2547078 0.5442166 0.2547078 0.5447648 0.254737 0.5447577 0.2547412 0.5442166 0.2547078 0.5447577 0.2547412 0.5442163 0.2547122 0.5442163 0.2547122 0.5447577 0.2547412 0.5447449 0.2547488 0.5442163 0.2547122 0.5447449 0.2547488 0.5442157 0.2547197 0.5442157 0.2547197 0.5447449 0.2547488 0.5447337 0.2547556 0.5442157 0.2547197 0.5447337 0.2547556 0.5442157 0.2547203 0.5442157 0.2547203 0.5447337 0.2547556 0.5442145 0.2547371 0.5448046 0.2547145 0.5448005 0.2547168 0.5442181 0.2546863 0.5442181 0.2546863 0.5448005 0.2547168 0.5447968 0.2547188 0.5442181 0.2546863 0.5447968 0.2547188 0.544218 0.2546888 0.544218 0.2546888 0.5447968 0.2547188 0.5447937 0.2547206 0.544218 0.2546888 0.5447937 0.2547206 0.5442178 0.254691 0.5442178 0.254691 0.5447937 0.2547206 0.5447903 0.2547225 0.5442178 0.254691 0.5447903 0.2547225 0.5442177 0.254693 0.5442177 0.254693 0.5447903 0.2547225 0.5447864 0.2547247 0.5442177 0.254693 0.5447864 0.2547247 0.5442175 0.254695 0.5442175 0.254695 0.5447864 0.2547247 0.5447822 0.2547271 0.5442175 0.254695 0.5447822 0.2547271 0.5442174 0.254697 0.5442174 0.254697 0.5447822 0.2547271 0.5447793 0.2547287 0.5442174 0.254697 0.5447793 0.2547287 0.5442172 0.2546991 0.5442172 0.2546991 0.5447793 0.2547287 0.5447766 0.2547303 0.5442172 0.2546991 0.5447766 0.2547303 0.544217 0.2547016 0.544217 0.2547016 0.5447766 0.2547303 0.5447752 0.2547311 0.544217 0.2547016 0.5447752 0.2547311 0.5447689 0.2547347 0.5110332 0.2556649 0.5107598 0.2558814 0.5107627 0.2558777 0.5110533 0.2556924 0.510675 0.2560003 0.511053 0.255692 0.511053 0.255692 0.510675 0.2560003 0.5106892 0.2559789 0.511053 0.255692 0.5106892 0.2559789 0.5110485 0.2556858 0.5110485 0.2556858 0.5106892 0.2559789 0.5106993 0.2559641 0.5110485 0.2556858 0.5106993 0.2559641 0.5110459 0.2556823 0.5110459 0.2556823 0.5106993 0.2559641 0.5107086 0.2559508 0.5110459 0.2556823 0.5107086 0.2559508 0.5110439 0.2556796 0.5110439 0.2556796 0.5107086 0.2559508 0.5107147 0.2559422 0.5110439 0.2556796 0.5107147 0.2559422 0.5110422 0.2556773 0.5110422 0.2556773 0.5107147 0.2559422 0.5107225 0.2559313 0.5110422 0.2556773 0.5107225 0.2559313 0.5110408 0.2556753 0.5110408 0.2556753 0.5107225 0.2559313 0.51073 0.2559211 0.5110408 0.2556753 0.51073 0.2559211 0.5110395 0.2556735 0.5110395 0.2556735 0.51073 0.2559211 0.5107335 0.2559163 0.5110395 0.2556735 0.5107335 0.2559163 0.5110383 0.2556719 0.5110383 0.2556719 0.5107335 0.2559163 0.5107392 0.2559086 0.5110383 0.2556719 0.5107392 0.2559086 0.5110372 0.2556703 0.5110372 0.2556703 0.5107392 0.2559086 0.510745 0.2559009 0.5110372 0.2556703 0.510745 0.2559009 0.5110359 0.2556686 0.5110359 0.2556686 0.510745 0.2559009 0.5107496 0.2558947 0.5110359 0.2556686 0.5107496 0.2558947 0.5110347 0.2556669 0.5110347 0.2556669 0.5107496 0.2558947 0.5107534 0.2558898 0.5110347 0.2556669 0.5107534 0.2558898 0.5110332 0.2556649 0.5110332 0.2556649 0.5107534 0.2558898 0.5107566 0.2558856 0.5110332 0.2556649 0.5107566 0.2558856 0.5107598 0.2558814 0.5110633 0.255706 0.5106683 0.2560105 0.5110533 0.2556924 0.5110533 0.2556924 0.5106683 0.2560105 0.5106741 0.2560017 0.5110533 0.2556924 0.5106741 0.2560017 0.510675 0.2560003 0.510532 0.256322 0.5105312 0.2563 0.5111427 0.2558146 0.5105312 0.2563 0.510556 0.2562265 0.5111427 0.2558146 0.5111427 0.2558146 0.510556 0.2562265 0.51058 0.2561699 0.5111427 0.2558146 0.51058 0.2561699 0.5110633 0.255706 0.5110633 0.255706 0.51058 0.2561699 0.5106374 0.2560607 0.5110633 0.255706 0.5106374 0.2560607 0.5106683 0.2560105 0.5105102 0.2563985 0.510523 0.256331 0.5105606 0.2563553 0.5105606 0.2563553 0.510523 0.256331 0.510532 0.256322 0.5105606 0.2563553 0.510532 0.256322 0.5111687 0.25585 0.5111687 0.25585 0.510532 0.256322 0.5111427 0.2558146 0.5111687 0.25585 0.5111427 0.2558146 0.5115893 0.2555792 0.5120849 0.255337 0.5115893 0.2555792 0.5115677 0.2555409 0.5127006 0.2551191 0.5120849 0.255337 0.5120678 0.2552965 0.513524 0.2549223 0.5127006 0.2551191 0.5126881 0.255077 0.5147232 0.2547349 0.513524 0.2549223 0.5135157 0.2548792 0.5167484 0.254462 0.5147232 0.2547349 0.5147172 0.2546914 0.5185605 0.2542232 0.5167484 0.254462 0.5167422 0.2544185 0.5199846 0.2541094 0.5185605 0.2542232 0.518556 0.2541795 0.5214097 0.254005 0.5199846 0.2541094 0.5199816 0.2540656 0.5257661 0.2537416 0.5239092 0.2537973 0.5239064 0.2537535 0.5293452 0.253651 0.528362 0.2536789 0.5283604 0.253635 0.5303272 0.2536539 0.5293452 0.253651 0.5293444 0.253607 0.5350797 0.2538066 0.5303272 0.2536539 0.5303282 0.25361 0.5368882 0.2539308 0.5350797 0.2538066 0.5350814 0.2537627 0.5433986 0.2548401 0.5412612 0.2545409 0.5412676 0.2544975 0.5442018 0.2549151 0.5433986 0.2548401 0.5434036 0.2547965 0.5115893 0.2555792 0.5111427 0.2558146 0.5115677 0.2555409 0.5115677 0.2555409 0.5111427 0.2558146 0.5110633 0.255706 0.5115677 0.2555409 0.5110633 0.255706 0.5115016 0.2554238 0.5115016 0.2554238 0.5110633 0.255706 0.5110533 0.2556924 0.5115016 0.2554238 0.5110533 0.2556924 0.5114932 0.2554091 0.5114932 0.2554091 0.5110533 0.2556924 0.511053 0.255692 0.5114932 0.2554091 0.511053 0.255692 0.511493 0.2554087 0.511493 0.2554087 0.511053 0.255692 0.5110485 0.2556858 0.511493 0.2554087 0.5110485 0.2556858 0.5114892 0.255402 0.5114892 0.255402 0.5110485 0.2556858 0.5110459 0.2556823 0.5114892 0.255402 0.5110459 0.2556823 0.5114871 0.2553982 0.5114871 0.2553982 0.5110459 0.2556823 0.5110439 0.2556796 0.5114871 0.2553982 0.5110439 0.2556796 0.5114854 0.2553952 0.5114854 0.2553952 0.5110439 0.2556796 0.5110422 0.2556773 0.5114854 0.2553952 0.5110422 0.2556773 0.511484 0.2553928 0.511484 0.2553928 0.5110422 0.2556773 0.5110408 0.2556753 0.511484 0.2553928 0.5110408 0.2556753 0.5114828 0.2553906 0.5114828 0.2553906 0.5110408 0.2556753 0.5110395 0.2556735 0.5114828 0.2553906 0.5110395 0.2556735 0.5114817 0.2553887 0.5114817 0.2553887 0.5110395 0.2556735 0.5110383 0.2556719 0.5114817 0.2553887 0.5110383 0.2556719 0.5114808 0.255387 0.5114808 0.255387 0.5110383 0.2556719 0.5110372 0.2556703 0.5114808 0.255387 0.5110372 0.2556703 0.5114797 0.2553853 0.5114797 0.2553853 0.5110372 0.2556703 0.5110359 0.2556686 0.5114797 0.2553853 0.5110359 0.2556686 0.5114787 0.2553835 0.5114787 0.2553835 0.5110359 0.2556686 0.5110347 0.2556669 0.5114787 0.2553835 0.5110347 0.2556669 0.5114777 0.2553816 0.5114777 0.2553816 0.5110347 0.2556669 0.5110332 0.2556649 0.5114777 0.2553816 0.5110332 0.2556649 0.5114765 0.2553794 0.5120849 0.255337 0.5115677 0.2555409 0.5120678 0.2552965 0.5120678 0.2552965 0.5115677 0.2555409 0.5115016 0.2554238 0.5120678 0.2552965 0.5115016 0.2554238 0.5120156 0.2551725 0.5120156 0.2551725 0.5115016 0.2554238 0.5114932 0.2554091 0.5120156 0.2551725 0.5114932 0.2554091 0.512009 0.2551569 0.512009 0.2551569 0.5114932 0.2554091 0.511493 0.2554087 0.512009 0.2551569 0.511493 0.2554087 0.5120089 0.2551565 0.5120089 0.2551565 0.511493 0.2554087 0.5114892 0.255402 0.5120089 0.2551565 0.5114892 0.255402 0.5120059 0.2551494 0.5120059 0.2551494 0.5114892 0.255402 0.5114871 0.2553982 0.5120059 0.2551494 0.5114871 0.2553982 0.5120042 0.2551454 0.5120042 0.2551454 0.5114871 0.2553982 0.5114854 0.2553952 0.5120042 0.2551454 0.5114854 0.2553952 0.5120029 0.2551423 0.5120029 0.2551423 0.5114854 0.2553952 0.511484 0.2553928 0.5120029 0.2551423 0.511484 0.2553928 0.5120018 0.2551397 0.5120018 0.2551397 0.511484 0.2553928 0.5114828 0.2553906 0.5120018 0.2551397 0.5114828 0.2553906 0.5120008 0.2551374 0.5120008 0.2551374 0.5114828 0.2553906 0.5114817 0.2553887 0.5120008 0.2551374 0.5114817 0.2553887 0.512 0.2551354 0.512 0.2551354 0.5114817 0.2553887 0.5114808 0.255387 0.512 0.2551354 0.5114808 0.255387 0.5119992 0.2551336 0.5119992 0.2551336 0.5114808 0.255387 0.5114797 0.2553853 0.5119992 0.2551336 0.5114797 0.2553853 0.5119984 0.2551317 0.5119984 0.2551317 0.5114797 0.2553853 0.5114787 0.2553835 0.5119984 0.2551317 0.5114787 0.2553835 0.5119976 0.2551299 0.5119976 0.2551299 0.5114787 0.2553835 0.5114777 0.2553816 0.5119976 0.2551299 0.5114777 0.2553816 0.5119968 0.2551279 0.5119968 0.2551279 0.5114777 0.2553816 0.5114765 0.2553794 0.5119968 0.2551279 0.5114765 0.2553794 0.5119959 0.2551255 0.5127006 0.2551191 0.5120678 0.2552965 0.5126881 0.255077 0.5126881 0.255077 0.5120678 0.2552965 0.5120156 0.2551725 0.5126881 0.255077 0.5120156 0.2551725 0.51265 0.254948 0.51265 0.254948 0.5120156 0.2551725 0.512009 0.2551569 0.51265 0.254948 0.512009 0.2551569 0.5126452 0.2549318 0.5126452 0.2549318 0.512009 0.2551569 0.5120089 0.2551565 0.5126452 0.2549318 0.5120089 0.2551565 0.512645 0.2549312 0.512645 0.2549312 0.5120089 0.2551565 0.5120059 0.2551494 0.512645 0.2549312 0.5120059 0.2551494 0.5126429 0.2549239 0.5126429 0.2549239 0.5120059 0.2551494 0.5120042 0.2551454 0.5126429 0.2549239 0.5120042 0.2551454 0.5126416 0.2549198 0.5126416 0.2549198 0.5120042 0.2551454 0.5120029 0.2551423 0.5126416 0.2549198 0.5120029 0.2551423 0.5126407 0.2549165 0.5126407 0.2549165 0.5120029 0.2551423 0.5120018 0.2551397 0.5126407 0.2549165 0.5120018 0.2551397 0.5126399 0.2549138 0.5126399 0.2549138 0.5120018 0.2551397 0.5120008 0.2551374 0.5126399 0.2549138 0.5120008 0.2551374 0.5126392 0.2549114 0.5126392 0.2549114 0.5120008 0.2551374 0.512 0.2551354 0.5126392 0.2549114 0.512 0.2551354 0.5126386 0.2549094 0.5126386 0.2549094 0.512 0.2551354 0.5119992 0.2551336 0.5126386 0.2549094 0.5119992 0.2551336 0.512638 0.2549074 0.512638 0.2549074 0.5119992 0.2551336 0.5119984 0.2551317 0.512638 0.2549074 0.5119984 0.2551317 0.5126374 0.2549055 0.5126374 0.2549055 0.5119984 0.2551317 0.5119976 0.2551299 0.5126374 0.2549055 0.5119976 0.2551299 0.5126368 0.2549036 0.5126368 0.2549036 0.5119976 0.2551299 0.5119968 0.2551279 0.5126368 0.2549036 0.5119968 0.2551279 0.5126362 0.2549015 0.5126362 0.2549015 0.5119968 0.2551279 0.5119959 0.2551255 0.5126362 0.2549015 0.5119959 0.2551255 0.5126355 0.2548991 0.5257661 0.2537416 0.5239064 0.2537535 0.5257655 0.2536977 0.5257655 0.2536977 0.5239064 0.2537535 0.523898 0.2536193 0.5257655 0.2536977 0.523898 0.2536193 0.5257638 0.2535632 0.5257638 0.2535632 0.523898 0.2536193 0.5238969 0.2536024 0.5257638 0.2535632 0.5238969 0.2536024 0.5257635 0.2535463 0.5257635 0.2535463 0.5238969 0.2536024 0.5238969 0.2536019 0.5257635 0.2535463 0.5238969 0.2536019 0.5257635 0.2535458 0.5257635 0.2535458 0.5238969 0.2536019 0.5238964 0.2535942 0.5257635 0.2535458 0.5238964 0.2535942 0.5257635 0.2535381 0.5257635 0.2535381 0.5238964 0.2535942 0.5238962 0.2535899 0.5257635 0.2535381 0.5238962 0.2535899 0.5257634 0.2535338 0.5257634 0.2535338 0.5238962 0.2535899 0.5238959 0.2535865 0.5257634 0.2535338 0.5238959 0.2535865 0.5257633 0.2535304 0.5257633 0.2535304 0.5238959 0.2535865 0.5238958 0.2535837 0.5257633 0.2535304 0.5238958 0.2535837 0.5257633 0.2535276 0.5257633 0.2535276 0.5238958 0.2535837 0.5238956 0.2535812 0.5257633 0.2535276 0.5238956 0.2535812 0.5257633 0.2535251 0.5257633 0.2535251 0.5238956 0.2535812 0.5238955 0.2535791 0.5257633 0.2535251 0.5238955 0.2535791 0.5257632 0.253523 0.5257632 0.253523 0.5238955 0.2535791 0.5238953 0.2535771 0.5257632 0.253523 0.5238953 0.2535771 0.5257632 0.253521 0.5257632 0.253521 0.5238953 0.2535771 0.5238952 0.2535751 0.5257632 0.253521 0.5238952 0.2535751 0.5257632 0.2535189 0.5257632 0.2535189 0.5238952 0.2535751 0.5238951 0.253573 0.5257632 0.2535189 0.5238951 0.253573 0.5257632 0.2535169 0.5257632 0.2535169 0.5238951 0.253573 0.523895 0.2535709 0.5257632 0.2535169 0.523895 0.2535709 0.5257631 0.2535148 0.5257631 0.2535148 0.523895 0.2535709 0.5238948 0.2535684 0.5257631 0.2535148 0.5238948 0.2535684 0.5257631 0.2535123 0.4346942 0.874026 0.4346893 0.8755061 0.4346893 0.8729144 0.5257631 0.2535123 0.5283541 0.2534496 0.5283541 0.2534521 0.5257631 0.2535123 0.5283541 0.2534521 0.5257631 0.2535148 0.5257631 0.2535148 0.5283541 0.2534521 0.5283542 0.2534543 0.5257631 0.2535148 0.5283542 0.2534543 0.5257632 0.2535169 0.5257632 0.2535169 0.5283542 0.2534543 0.5283543 0.2534564 0.5257632 0.2535169 0.5283543 0.2534564 0.5257632 0.2535189 0.5257632 0.2535189 0.5283543 0.2534564 0.5283544 0.2534583 0.5257632 0.2535189 0.5283544 0.2534583 0.5257632 0.253521 0.5257632 0.253521 0.5283544 0.2534583 0.5283544 0.2534604 0.5257632 0.253521 0.5283544 0.2534604 0.5257632 0.253523 0.5257632 0.253523 0.5283544 0.2534604 0.5283545 0.2534624 0.5257632 0.253523 0.5283545 0.2534624 0.5257633 0.2535251 0.5257633 0.2535251 0.5283545 0.2534624 0.5283546 0.2534649 0.5257633 0.2535251 0.5283546 0.2534649 0.5257633 0.2535276 0.5257633 0.2535276 0.5283546 0.2534649 0.5283547 0.2534678 0.5257633 0.2535276 0.5283547 0.2534678 0.5257633 0.2535304 0.5257633 0.2535304 0.5283547 0.2534678 0.5283548 0.2534711 0.5257633 0.2535304 0.5283548 0.2534711 0.5257634 0.2535338 0.5257634 0.2535338 0.5283548 0.2534711 0.528355 0.2534755 0.5257634 0.2535338 0.528355 0.2534755 0.5257635 0.2535381 0.5257635 0.2535381 0.528355 0.2534755 0.5283552 0.2534831 0.5257635 0.2535381 0.5283552 0.2534831 0.5257635 0.2535458 0.5257635 0.2535458 0.5283552 0.2534831 0.5283552 0.2534837 0.5257635 0.2535458 0.5283552 0.2534837 0.5257635 0.2535463 0.5257635 0.2535463 0.5283552 0.2534837 0.5283558 0.2535005 0.5257635 0.2535463 0.5283558 0.2535005 0.5257638 0.2535632 0.5257638 0.2535632 0.5283558 0.2535005 0.5283604 0.253635 0.5257638 0.2535632 0.5283604 0.253635 0.5257655 0.2536977 0.5257655 0.2536977 0.5283604 0.253635 0.528362 0.2536789 0.5257655 0.2536977 0.528362 0.2536789 0.5257661 0.2537416 0.5303272 0.2536539 0.5293444 0.253607 0.5303282 0.25361 0.5303282 0.25361 0.5293444 0.253607 0.5293421 0.2534726 0.5303282 0.25361 0.5293421 0.2534726 0.5303314 0.2534755 0.5303314 0.2534755 0.5293421 0.2534726 0.5293418 0.2534556 0.5303314 0.2534755 0.5293418 0.2534556 0.5303317 0.2534586 0.5303317 0.2534586 0.5293418 0.2534556 0.5293418 0.2534551 0.5303317 0.2534586 0.5293418 0.2534551 0.5303317 0.253458 0.5303317 0.253458 0.5293418 0.2534551 0.5293417 0.2534475 0.5303317 0.253458 0.5293417 0.2534475 0.5303319 0.2534504 0.5303319 0.2534504 0.5293417 0.2534475 0.5293416 0.2534431 0.5303319 0.2534504 0.5293416 0.2534431 0.530332 0.2534461 0.530332 0.2534461 0.5293416 0.2534431 0.5293415 0.2534398 0.530332 0.2534461 0.5293415 0.2534398 0.5303321 0.2534427 0.5303321 0.2534427 0.5293415 0.2534398 0.5293415 0.2534369 0.5303321 0.2534427 0.5293415 0.2534369 0.5303322 0.2534399 0.5303322 0.2534399 0.5293415 0.2534369 0.5293415 0.2534344 0.5303322 0.2534399 0.5293415 0.2534344 0.5303323 0.2534374 0.5303323 0.2534374 0.5293415 0.2534344 0.5293414 0.2534323 0.5303323 0.2534374 0.5293414 0.2534323 0.5303323 0.2534353 0.5303323 0.2534353 0.5293414 0.2534323 0.5293414 0.2534303 0.5303323 0.2534353 0.5293414 0.2534303 0.5303323 0.2534332 0.5303323 0.2534332 0.5293414 0.2534303 0.5293413 0.2534283 0.5303323 0.2534332 0.5293413 0.2534283 0.5303324 0.2534313 0.5303324 0.2534313 0.5293413 0.2534283 0.5293413 0.2534263 0.5303324 0.2534313 0.5293413 0.2534263 0.5303325 0.2534292 0.5303325 0.2534292 0.5293413 0.2534263 0.5293413 0.2534241 0.5303325 0.2534292 0.5293413 0.2534241 0.5303325 0.253427 0.5303325 0.253427 0.5293413 0.2534241 0.5293412 0.2534216 0.5303325 0.253427 0.5293412 0.2534216 0.5303325 0.2534245 0.5350797 0.2538066 0.5303282 0.25361 0.5350814 0.2537627 0.5350814 0.2537627 0.5303282 0.25361 0.5303314 0.2534755 0.5350814 0.2537627 0.5303314 0.2534755 0.5350865 0.2536283 0.5350865 0.2536283 0.5303314 0.2534755 0.5303317 0.2534586 0.5350865 0.2536283 0.5303317 0.2534586 0.5350871 0.2536114 0.5350871 0.2536114 0.5303317 0.2534586 0.5303317 0.253458 0.5350871 0.2536114 0.5303317 0.253458 0.5350871 0.2536109 0.5350871 0.2536109 0.5303317 0.253458 0.5303319 0.2534504 0.5350871 0.2536109 0.5303319 0.2534504 0.5350874 0.2536032 0.5350874 0.2536032 0.5303319 0.2534504 0.530332 0.2534461 0.5350874 0.2536032 0.530332 0.2534461 0.5350876 0.2535989 0.5350876 0.2535989 0.530332 0.2534461 0.5303321 0.2534427 0.5350876 0.2535989 0.5303321 0.2534427 0.5350877 0.2535955 0.5350877 0.2535955 0.5303321 0.2534427 0.5303322 0.2534399 0.5350877 0.2535955 0.5303322 0.2534399 0.5350878 0.2535927 0.5350878 0.2535927 0.5303322 0.2534399 0.5303323 0.2534374 0.5350878 0.2535927 0.5303323 0.2534374 0.535088 0.2535902 0.535088 0.2535902 0.5303323 0.2534374 0.5303323 0.2534353 0.535088 0.2535902 0.5303323 0.2534353 0.535088 0.253588 0.535088 0.253588 0.5303323 0.2534353 0.5303323 0.2534332 0.535088 0.253588 0.5303323 0.2534332 0.5350881 0.2535861 0.5350881 0.2535861 0.5303323 0.2534332 0.5303324 0.2534313 0.5350881 0.2535861 0.5303324 0.2534313 0.5350881 0.253584 0.5350881 0.253584 0.5303324 0.2534313 0.5303325 0.2534292 0.5350881 0.253584 0.5303325 0.2534292 0.5350883 0.253582 0.5350883 0.253582 0.5303325 0.2534292 0.5303325 0.253427 0.5350883 0.253582 0.5303325 0.253427 0.5350883 0.2535799 0.5350883 0.2535799 0.5303325 0.253427 0.5303325 0.2534245 0.5350883 0.2535799 0.5303325 0.2534245 0.5350884 0.2535774 0.5368882 0.2539308 0.5350814 0.2537627 0.5368927 0.2538871 0.5368927 0.2538871 0.5350814 0.2537627 0.5350865 0.2536283 0.5368927 0.2538871 0.5350865 0.2536283 0.5369063 0.2537533 0.5369063 0.2537533 0.5350865 0.2536283 0.5350871 0.2536114 0.5369063 0.2537533 0.5350871 0.2536114 0.536908 0.2537364 0.536908 0.2537364 0.5350871 0.2536114 0.5350871 0.2536109 0.536908 0.2537364 0.5350871 0.2536109 0.5369081 0.2537359 0.5369081 0.2537359 0.5350871 0.2536109 0.5350874 0.2536032 0.5369081 0.2537359 0.5350874 0.2536032 0.5369089 0.2537283 0.5369089 0.2537283 0.5350874 0.2536032 0.5350876 0.2535989 0.5369089 0.2537283 0.5350876 0.2535989 0.5369093 0.253724 0.5369093 0.253724 0.5350876 0.2535989 0.5350877 0.2535955 0.5369093 0.253724 0.5350877 0.2535955 0.5369096 0.2537207 0.5369096 0.2537207 0.5350877 0.2535955 0.5350878 0.2535927 0.5369096 0.2537207 0.5350878 0.2535927 0.5369099 0.2537178 0.5369099 0.2537178 0.5350878 0.2535927 0.535088 0.2535902 0.5369099 0.2537178 0.535088 0.2535902 0.5369102 0.2537153 0.5369102 0.2537153 0.535088 0.2535902 0.535088 0.253588 0.5369102 0.2537153 0.535088 0.253588 0.5369104 0.2537133 0.5369104 0.2537133 0.535088 0.253588 0.5350881 0.2535861 0.5369104 0.2537133 0.5350881 0.2535861 0.5369106 0.2537112 0.5369106 0.2537112 0.5350881 0.2535861 0.5350881 0.253584 0.5369106 0.2537112 0.5350881 0.253584 0.5369108 0.2537093 0.5369108 0.2537093 0.5350881 0.253584 0.5350883 0.253582 0.5369108 0.2537093 0.5350883 0.253582 0.536911 0.2537072 0.536911 0.2537072 0.5350883 0.253582 0.5350883 0.2535799 0.536911 0.2537072 0.5350883 0.2535799 0.5369113 0.2537051 0.5369113 0.2537051 0.5350883 0.2535799 0.5350884 0.2535774 0.5369113 0.2537051 0.5350884 0.2535774 0.5369115 0.2537026 0.5382781 0.2538723 0.5388191 0.2539556 0.5369115 0.2537026 0.5369115 0.2537026 0.5388191 0.2539556 0.5388187 0.2539581 0.5369115 0.2537026 0.5388187 0.2539581 0.5369113 0.2537051 0.5369113 0.2537051 0.5388187 0.2539581 0.5388184 0.2539603 0.5369113 0.2537051 0.5388184 0.2539603 0.536911 0.2537072 0.536911 0.2537072 0.5388184 0.2539603 0.5388181 0.2539623 0.536911 0.2537072 0.5388181 0.2539623 0.5369108 0.2537093 0.5369108 0.2537093 0.5388181 0.2539623 0.5388178 0.2539643 0.5369108 0.2537093 0.5388178 0.2539643 0.5369106 0.2537112 0.5369106 0.2537112 0.5388178 0.2539643 0.5388175 0.2539662 0.5369106 0.2537112 0.5388175 0.2539662 0.5369104 0.2537133 0.5369104 0.2537133 0.5388175 0.2539662 0.5388172 0.2539684 0.5369104 0.2537133 0.5388172 0.2539684 0.5369102 0.2537153 0.5369102 0.2537153 0.5388172 0.2539684 0.5388168 0.2539708 0.5369102 0.2537153 0.5388168 0.2539708 0.5369099 0.2537178 0.5369099 0.2537178 0.5388168 0.2539708 0.5388163 0.2539736 0.5369099 0.2537178 0.5388163 0.2539736 0.5369096 0.2537207 0.5369096 0.2537207 0.5388163 0.2539736 0.5388159 0.253977 0.5369096 0.2537207 0.5388159 0.253977 0.5369093 0.253724 0.5369093 0.253724 0.5388159 0.253977 0.5388152 0.2539812 0.5369093 0.253724 0.5388152 0.2539812 0.5369089 0.2537283 0.5369089 0.2537283 0.5388152 0.2539812 0.5388141 0.2539888 0.5369089 0.2537283 0.5388141 0.2539888 0.5369081 0.2537359 0.5369081 0.2537359 0.5388141 0.2539888 0.538814 0.2539893 0.5369081 0.2537359 0.538814 0.2539893 0.536908 0.2537364 0.536908 0.2537364 0.538814 0.2539893 0.5388115 0.254006 0.536908 0.2537364 0.5388115 0.254006 0.5369063 0.2537533 0.5369063 0.2537533 0.5388115 0.254006 0.5387915 0.2541391 0.5369063 0.2537533 0.5387915 0.2541391 0.5368927 0.2538871 0.5368927 0.2538871 0.5387915 0.2541391 0.538785 0.2541825 0.5368927 0.2538871 0.538785 0.2541825 0.5368882 0.2539308 0.5433986 0.2548401 0.5412676 0.2544975 0.5434036 0.2547965 0.5434036 0.2547965 0.5412676 0.2544975 0.5412873 0.2543644 0.5434036 0.2547965 0.5412873 0.2543644 0.5434187 0.2546628 0.5434187 0.2546628 0.5412873 0.2543644 0.5412897 0.2543477 0.5434187 0.2546628 0.5412897 0.2543477 0.5434206 0.254646 0.5434206 0.254646 0.5412897 0.2543477 0.5412898 0.2543472 0.5434206 0.254646 0.5412898 0.2543472 0.5434207 0.2546454 0.5434207 0.2546454 0.5412898 0.2543472 0.5412909 0.2543396 0.5434207 0.2546454 0.5412909 0.2543396 0.5434215 0.2546378 0.5434215 0.2546378 0.5412909 0.2543396 0.5412915 0.2543354 0.5434215 0.2546378 0.5412915 0.2543354 0.543422 0.2546335 0.543422 0.2546335 0.5412915 0.2543354 0.541292 0.254332 0.543422 0.2546335 0.541292 0.254332 0.5434224 0.2546302 0.5434224 0.2546302 0.541292 0.254332 0.5412924 0.2543292 0.5434224 0.2546302 0.5412924 0.2543292 0.5434227 0.2546274 0.5434227 0.2546274 0.5412924 0.2543292 0.5412928 0.2543267 0.5434227 0.2546274 0.5412928 0.2543267 0.543423 0.2546249 0.543423 0.2546249 0.5412928 0.2543267 0.5412931 0.2543246 0.543423 0.2546249 0.5412931 0.2543246 0.5434232 0.2546228 0.5434232 0.2546228 0.5412931 0.2543246 0.5412934 0.2543226 0.5434232 0.2546228 0.5412934 0.2543226 0.5434234 0.2546207 0.5434234 0.2546207 0.5412934 0.2543226 0.5412937 0.2543206 0.5434234 0.2546207 0.5412937 0.2543206 0.5434237 0.2546188 0.5434237 0.2546188 0.5412937 0.2543206 0.541294 0.2543186 0.5434237 0.2546188 0.541294 0.2543186 0.5434239 0.2546167 0.5434239 0.2546167 0.541294 0.2543186 0.5412943 0.2543165 0.5434239 0.2546167 0.5412943 0.2543165 0.5434241 0.2546146 0.5434241 0.2546146 0.5412943 0.2543165 0.5412947 0.254314 0.5434241 0.2546146 0.5412947 0.254314 0.5434244 0.2546121 0.5442018 0.2549151 0.5434036 0.2547965 0.5442049 0.2548713 0.5442049 0.2548713 0.5434036 0.2547965 0.5434187 0.2546628 0.5442049 0.2548713 0.5434187 0.2546628 0.5442145 0.2547371 0.5442145 0.2547371 0.5434187 0.2546628 0.5434206 0.254646 0.5442145 0.2547371 0.5434206 0.254646 0.5442157 0.2547203 0.5442157 0.2547203 0.5434206 0.254646 0.5434207 0.2546454 0.5442157 0.2547203 0.5434207 0.2546454 0.5442157 0.2547197 0.5442157 0.2547197 0.5434207 0.2546454 0.5434215 0.2546378 0.5442157 0.2547197 0.5434215 0.2546378 0.5442163 0.2547122 0.5442163 0.2547122 0.5434215 0.2546378 0.543422 0.2546335 0.5442163 0.2547122 0.543422 0.2546335 0.5442166 0.2547078 0.5442166 0.2547078 0.543422 0.2546335 0.5434224 0.2546302 0.5442166 0.2547078 0.5434224 0.2546302 0.5442168 0.2547045 0.5442168 0.2547045 0.5434224 0.2546302 0.5434227 0.2546274 0.5442168 0.2547045 0.5434227 0.2546274 0.544217 0.2547016 0.544217 0.2547016 0.5434227 0.2546274 0.543423 0.2546249 0.544217 0.2547016 0.543423 0.2546249 0.5442172 0.2546991 0.5442172 0.2546991 0.543423 0.2546249 0.5434232 0.2546228 0.5442172 0.2546991 0.5434232 0.2546228 0.5442174 0.254697 0.5442174 0.254697 0.5434232 0.2546228 0.5434234 0.2546207 0.5442174 0.254697 0.5434234 0.2546207 0.5442175 0.254695 0.5442175 0.254695 0.5434234 0.2546207 0.5434237 0.2546188 0.5442175 0.254695 0.5434237 0.2546188 0.5442177 0.254693 0.5442177 0.254693 0.5434237 0.2546188 0.5434239 0.2546167 0.5442177 0.254693 0.5434239 0.2546167 0.5442178 0.254691 0.5442178 0.254691 0.5434239 0.2546167 0.5434241 0.2546146 0.5442178 0.254691 0.5434241 0.2546146 0.544218 0.2546888 0.544218 0.2546888 0.5434241 0.2546146 0.5434244 0.2546121 0.544218 0.2546888 0.5434244 0.2546121 0.5442181 0.2546863 0.5107627 0.2558777 0.5107658 0.2558737 0.5110332 0.2556649 0.5110332 0.2556649 0.5107658 0.2558737 0.5110315 0.2556626 0.5110332 0.2556649 0.5110315 0.2556626 0.5114765 0.2553794 0.5114765 0.2553794 0.5110315 0.2556626 0.511349 0.2554507 0.1387208 0.9340289 0.1387273 0.933883 0.1387273 0.9346069 0.5119959 0.2551255 0.511349 0.2554507 0.5119795 0.2551293 0.5119959 0.2551255 0.5119795 0.2551293 0.5126355 0.2548991 0.5126355 0.2548991 0.5119795 0.2551293 0.5126347 0.2548964 0.5126355 0.2548991 0.5126347 0.2548964 0.5129548 0.2548094 0.513524 0.2549223 0.5126881 0.255077 0.5135157 0.2548792 0.5135157 0.2548792 0.5126881 0.255077 0.51265 0.254948 0.5135157 0.2548792 0.51265 0.254948 0.5134903 0.2547471 0.5134903 0.2547471 0.51265 0.254948 0.5126452 0.2549318 0.5134903 0.2547471 0.5126452 0.2549318 0.5134871 0.2547305 0.5134871 0.2547305 0.5126452 0.2549318 0.512645 0.2549312 0.5134871 0.2547305 0.512645 0.2549312 0.5134869 0.2547299 0.5134869 0.2547299 0.512645 0.2549312 0.5126429 0.2549239 0.5134869 0.2547299 0.5126429 0.2549239 0.5134855 0.2547225 0.5134855 0.2547225 0.5126429 0.2549239 0.5126416 0.2549198 0.5134855 0.2547225 0.5126416 0.2549198 0.5134847 0.2547182 0.5134847 0.2547182 0.5126416 0.2549198 0.5126407 0.2549165 0.5134847 0.2547182 0.5126407 0.2549165 0.5134841 0.2547149 0.5134841 0.2547149 0.5126407 0.2549165 0.5126399 0.2549138 0.5134841 0.2547149 0.5126399 0.2549138 0.5134835 0.2547121 0.5134835 0.2547121 0.5126399 0.2549138 0.5126392 0.2549114 0.5134835 0.2547121 0.5126392 0.2549114 0.5134831 0.2547097 0.5134831 0.2547097 0.5126392 0.2549114 0.5126386 0.2549094 0.5134831 0.2547097 0.5126386 0.2549094 0.5134826 0.2547076 0.5134826 0.2547076 0.5126386 0.2549094 0.512638 0.2549074 0.5134826 0.2547076 0.512638 0.2549074 0.5134823 0.2547056 0.5134823 0.2547056 0.512638 0.2549074 0.5126374 0.2549055 0.5134823 0.2547056 0.5126374 0.2549055 0.5134819 0.2547037 0.5134819 0.2547037 0.5126374 0.2549055 0.5126368 0.2549036 0.5134819 0.2547037 0.5126368 0.2549036 0.5134815 0.2547016 0.5134815 0.2547016 0.5126368 0.2549036 0.5126362 0.2549015 0.5134815 0.2547016 0.5126362 0.2549015 0.5134811 0.2546995 0.5134811 0.2546995 0.5126362 0.2549015 0.5126355 0.2548991 0.5134811 0.2546995 0.5126355 0.2548991 0.5134806 0.254697 0.5134806 0.254697 0.5126355 0.2548991 0.5129548 0.2548094 0.5134806 0.254697 0.5129548 0.2548094 0.5134801 0.2546943 0.5147232 0.2547349 0.5135157 0.2548792 0.5147172 0.2546914 0.5147172 0.2546914 0.5135157 0.2548792 0.5134903 0.2547471 0.5147172 0.2546914 0.5134903 0.2547471 0.5146991 0.2545581 0.5146991 0.2545581 0.5134903 0.2547471 0.5134871 0.2547305 0.5146991 0.2545581 0.5134871 0.2547305 0.5146968 0.2545413 0.5146968 0.2545413 0.5134871 0.2547305 0.5134869 0.2547299 0.5146968 0.2545413 0.5134869 0.2547299 0.5146967 0.2545408 0.5146967 0.2545408 0.5134869 0.2547299 0.5134855 0.2547225 0.5146967 0.2545408 0.5134855 0.2547225 0.5146957 0.2545332 0.5146957 0.2545332 0.5134855 0.2547225 0.5134847 0.2547182 0.5146957 0.2545332 0.5134847 0.2547182 0.5146951 0.2545289 0.5146951 0.2545289 0.5134847 0.2547182 0.5134841 0.2547149 0.5146951 0.2545289 0.5134841 0.2547149 0.5146946 0.2545256 0.5146946 0.2545256 0.5134841 0.2547149 0.5134835 0.2547121 0.5146946 0.2545256 0.5134835 0.2547121 0.5146943 0.2545228 0.5146943 0.2545228 0.5134835 0.2547121 0.5134831 0.2547097 0.5146943 0.2545228 0.5134831 0.2547097 0.5146939 0.2545203 0.5146939 0.2545203 0.5134831 0.2547097 0.5134826 0.2547076 0.5146939 0.2545203 0.5134826 0.2547076 0.5146937 0.2545182 0.5146937 0.2545182 0.5134826 0.2547076 0.5134823 0.2547056 0.5146937 0.2545182 0.5134823 0.2547056 0.5146934 0.2545163 0.5146934 0.2545163 0.5134823 0.2547056 0.5134819 0.2547037 0.5146934 0.2545163 0.5134819 0.2547037 0.5146932 0.2545143 0.5146932 0.2545143 0.5134819 0.2547037 0.5134815 0.2547016 0.5146932 0.2545143 0.5134815 0.2547016 0.5146929 0.2545123 0.5146929 0.2545123 0.5134815 0.2547016 0.5134811 0.2546995 0.5146929 0.2545123 0.5134811 0.2546995 0.5146926 0.2545101 0.5146926 0.2545101 0.5134811 0.2546995 0.5134806 0.254697 0.5146926 0.2545101 0.5134806 0.254697 0.5146922 0.2545076 0.5146922 0.2545076 0.5134806 0.254697 0.5134801 0.2546943 0.5146922 0.2545076 0.5134801 0.2546943 0.5143023 0.254559 0.5167484 0.254462 0.5147172 0.2546914 0.5167422 0.2544185 0.5167422 0.2544185 0.5147172 0.2546914 0.5146991 0.2545581 0.5167422 0.2544185 0.5146991 0.2545581 0.5167232 0.2542853 0.5167232 0.2542853 0.5146991 0.2545581 0.5146968 0.2545413 0.5167232 0.2542853 0.5146968 0.2545413 0.5167208 0.2542686 0.5167208 0.2542686 0.5146968 0.2545413 0.5146967 0.2545408 0.5167208 0.2542686 0.5146967 0.2545408 0.5167208 0.2542681 0.5167208 0.2542681 0.5146967 0.2545408 0.5146957 0.2545332 0.5167208 0.2542681 0.5146957 0.2545332 0.5167197 0.2542605 0.5167197 0.2542605 0.5146957 0.2545332 0.5146951 0.2545289 0.5167197 0.2542605 0.5146951 0.2545289 0.5167191 0.2542563 0.5167191 0.2542563 0.5146951 0.2545289 0.5146946 0.2545256 0.5167191 0.2542563 0.5146946 0.2545256 0.5167186 0.2542529 0.5167186 0.2542529 0.5146946 0.2545256 0.5146943 0.2545228 0.5167186 0.2542529 0.5146943 0.2545228 0.5167182 0.2542501 0.5167182 0.2542501 0.5146943 0.2545228 0.5146939 0.2545203 0.5167182 0.2542501 0.5146939 0.2545203 0.5167179 0.2542476 0.5167179 0.2542476 0.5146939 0.2545203 0.5146937 0.2545182 0.5167179 0.2542476 0.5146937 0.2545182 0.5167176 0.2542455 0.5167176 0.2542455 0.5146937 0.2545182 0.5146934 0.2545163 0.5167176 0.2542455 0.5146934 0.2545163 0.5167173 0.2542435 0.5167173 0.2542435 0.5146934 0.2545163 0.5146932 0.2545143 0.5167173 0.2542435 0.5146932 0.2545143 0.516717 0.2542415 0.516717 0.2542415 0.5146932 0.2545143 0.5146929 0.2545123 0.516717 0.2542415 0.5146929 0.2545123 0.5167167 0.2542395 0.5167167 0.2542395 0.5146929 0.2545123 0.5146926 0.2545101 0.5167167 0.2542395 0.5146926 0.2545101 0.5167164 0.2542374 0.5167164 0.2542374 0.5146926 0.2545101 0.5146922 0.2545076 0.5167164 0.2542374 0.5146922 0.2545076 0.5167161 0.2542349 0.5167161 0.2542349 0.5146922 0.2545076 0.5143023 0.254559 0.5167161 0.2542349 0.5143023 0.254559 0.5172376 0.2541573 0.5185605 0.2542232 0.5167422 0.2544185 0.518556 0.2541795 0.518556 0.2541795 0.5167422 0.2544185 0.5167232 0.2542853 0.518556 0.2541795 0.5167232 0.2542853 0.5185423 0.2540457 0.5185423 0.2540457 0.5167232 0.2542853 0.5167208 0.2542686 0.5185423 0.2540457 0.5167208 0.2542686 0.5185406 0.2540289 0.5185406 0.2540289 0.5167208 0.2542686 0.5167208 0.2542681 0.5185406 0.2540289 0.5167208 0.2542681 0.5185405 0.2540283 0.5185405 0.2540283 0.5167208 0.2542681 0.5167197 0.2542605 0.5185405 0.2540283 0.5167197 0.2542605 0.5185397 0.2540208 0.5185397 0.2540208 0.5167197 0.2542605 0.5167191 0.2542563 0.5185397 0.2540208 0.5167191 0.2542563 0.5185393 0.2540164 0.5185393 0.2540164 0.5167191 0.2542563 0.5167186 0.2542529 0.5185393 0.2540164 0.5167186 0.2542529 0.518539 0.2540131 0.518539 0.2540131 0.5167186 0.2542529 0.5167182 0.2542501 0.518539 0.2540131 0.5167182 0.2542501 0.5185387 0.2540102 0.5185387 0.2540102 0.5167182 0.2542501 0.5167179 0.2542476 0.5185387 0.2540102 0.5167179 0.2542476 0.5185384 0.2540078 0.5185384 0.2540078 0.5167179 0.2542476 0.5167176 0.2542455 0.5185384 0.2540078 0.5167176 0.2542455 0.5185382 0.2540056 0.5185382 0.2540056 0.5167176 0.2542455 0.5167173 0.2542435 0.5185382 0.2540056 0.5167173 0.2542435 0.5185379 0.2540037 0.5185379 0.2540037 0.5167173 0.2542435 0.516717 0.2542415 0.5185379 0.2540037 0.516717 0.2542415 0.5185378 0.2540017 0.5185378 0.2540017 0.516717 0.2542415 0.5167167 0.2542395 0.5185378 0.2540017 0.5167167 0.2542395 0.5185375 0.2539996 0.5185375 0.2539996 0.5167167 0.2542395 0.5167164 0.2542374 0.5185375 0.2539996 0.5167164 0.2542374 0.5185374 0.2539975 0.5185374 0.2539975 0.5167164 0.2542374 0.5167161 0.2542349 0.5185374 0.2539975 0.5167161 0.2542349 0.5185371 0.253995 0.5185371 0.253995 0.5167161 0.2542349 0.5172376 0.2541573 0.5185371 0.253995 0.5172376 0.2541573 0.5185368 0.2539921 0.5199846 0.2541094 0.518556 0.2541795 0.5199816 0.2540656 0.5199816 0.2540656 0.518556 0.2541795 0.5185423 0.2540457 0.5199816 0.2540656 0.5185423 0.2540457 0.5199725 0.2539314 0.5199725 0.2539314 0.5185423 0.2540457 0.5185406 0.2540289 0.5199725 0.2539314 0.5185406 0.2540289 0.5199713 0.2539145 0.5199713 0.2539145 0.5185406 0.2540289 0.5185405 0.2540283 0.5199713 0.2539145 0.5185405 0.2540283 0.5199713 0.2539139 0.5199713 0.2539139 0.5185405 0.2540283 0.5185397 0.2540208 0.5199713 0.2539139 0.5185397 0.2540208 0.5199707 0.2539063 0.5199707 0.2539063 0.5185397 0.2540208 0.5185393 0.2540164 0.5199707 0.2539063 0.5185393 0.2540164 0.5199704 0.253902 0.5199704 0.253902 0.5185393 0.2540164 0.518539 0.2540131 0.5199704 0.253902 0.518539 0.2540131 0.5199702 0.2538986 0.5199702 0.2538986 0.518539 0.2540131 0.5185387 0.2540102 0.5199702 0.2538986 0.5185387 0.2540102 0.51997 0.2538958 0.51997 0.2538958 0.5185387 0.2540102 0.5185384 0.2540078 0.51997 0.2538958 0.5185384 0.2540078 0.5199699 0.2538933 0.5199699 0.2538933 0.5185384 0.2540078 0.5185382 0.2540056 0.5199699 0.2538933 0.5185382 0.2540056 0.5199697 0.2538912 0.5199697 0.2538912 0.5185382 0.2540056 0.5185379 0.2540037 0.5199697 0.2538912 0.5185379 0.2540037 0.5199696 0.2538892 0.5199696 0.2538892 0.5185379 0.2540037 0.5185378 0.2540017 0.5199696 0.2538892 0.5185378 0.2540017 0.5199695 0.2538872 0.5199695 0.2538872 0.5185378 0.2540017 0.5185375 0.2539996 0.5199695 0.2538872 0.5185375 0.2539996 0.5199693 0.2538852 0.5199693 0.2538852 0.5185375 0.2539996 0.5185374 0.2539975 0.5199693 0.2538852 0.5185374 0.2539975 0.5199692 0.253883 0.5199692 0.253883 0.5185374 0.2539975 0.5185371 0.253995 0.5199692 0.253883 0.5185371 0.253995 0.519969 0.2538805 0.519969 0.2538805 0.5185371 0.253995 0.5185368 0.2539921 0.519969 0.2538805 0.5185368 0.2539921 0.5195804 0.2539045 0.5214097 0.254005 0.5199816 0.2540656 0.5214062 0.2539613 0.5214062 0.2539613 0.5199816 0.2540656 0.5199725 0.2539314 0.5214062 0.2539613 0.5199725 0.2539314 0.5213954 0.2538272 0.5213954 0.2538272 0.5199725 0.2539314 0.5199713 0.2539145 0.5213954 0.2538272 0.5199713 0.2539145 0.5213941 0.2538103 0.5213941 0.2538103 0.5199713 0.2539145 0.5199713 0.2539139 0.5213941 0.2538103 0.5199713 0.2539139 0.521394 0.2538098 0.521394 0.2538098 0.5199713 0.2539139 0.5199707 0.2539063 0.521394 0.2538098 0.5199707 0.2539063 0.5213934 0.2538022 0.5213934 0.2538022 0.5199707 0.2539063 0.5199704 0.253902 0.5213934 0.2538022 0.5199704 0.253902 0.5213931 0.2537978 0.5213931 0.2537978 0.5199704 0.253902 0.5199702 0.2538986 0.5213931 0.2537978 0.5199702 0.2538986 0.5213928 0.2537945 0.5213928 0.2537945 0.5199702 0.2538986 0.51997 0.2538958 0.5213928 0.2537945 0.51997 0.2538958 0.5213926 0.2537916 0.5213926 0.2537916 0.51997 0.2538958 0.5199699 0.2538933 0.5213926 0.2537916 0.5199699 0.2538933 0.5213924 0.2537892 0.5213924 0.2537892 0.5199699 0.2538933 0.5199697 0.2538912 0.5213924 0.2537892 0.5199697 0.2538912 0.5213922 0.2537871 0.5213922 0.2537871 0.5199697 0.2538912 0.5199696 0.2538892 0.5213922 0.2537871 0.5199696 0.2538892 0.5213921 0.253785 0.5213921 0.253785 0.5199696 0.2538892 0.5199695 0.2538872 0.5213921 0.253785 0.5199695 0.2538872 0.5213919 0.2537831 0.5213919 0.2537831 0.5199695 0.2538872 0.5199693 0.2538852 0.5213919 0.2537831 0.5199693 0.2538852 0.5213918 0.253781 0.5213918 0.253781 0.5199693 0.2538852 0.5199692 0.253883 0.5213918 0.253781 0.5199692 0.253883 0.5213916 0.2537788 0.5213916 0.2537788 0.5199692 0.253883 0.519969 0.2538805 0.5213916 0.2537788 0.519969 0.2538805 0.5213913 0.2537764 0.5213913 0.2537764 0.519969 0.2538805 0.5199688 0.2538776 0.5213913 0.2537764 0.5199688 0.2538776 0.5213911 0.2537735 0.5213911 0.2537735 0.5238948 0.2535684 0.5213913 0.2537764 0.5213913 0.2537764 0.5238948 0.2535684 0.523895 0.2535709 0.5213913 0.2537764 0.523895 0.2535709 0.5213916 0.2537788 0.5213916 0.2537788 0.523895 0.2535709 0.5238951 0.253573 0.5213916 0.2537788 0.5238951 0.253573 0.5213918 0.253781 0.5213918 0.253781 0.5238951 0.253573 0.5238952 0.2535751 0.5213918 0.253781 0.5238952 0.2535751 0.5213919 0.2537831 0.5213919 0.2537831 0.5238952 0.2535751 0.5238953 0.2535771 0.5213919 0.2537831 0.5238953 0.2535771 0.5213921 0.253785 0.5213921 0.253785 0.5238953 0.2535771 0.5238955 0.2535791 0.5213921 0.253785 0.5238955 0.2535791 0.5213922 0.2537871 0.5213922 0.2537871 0.5238955 0.2535791 0.5238956 0.2535812 0.5213922 0.2537871 0.5238956 0.2535812 0.5213924 0.2537892 0.5213924 0.2537892 0.5238956 0.2535812 0.5238958 0.2535837 0.5213924 0.2537892 0.5238958 0.2535837 0.5213926 0.2537916 0.5213926 0.2537916 0.5238958 0.2535837 0.5238959 0.2535865 0.5213926 0.2537916 0.5238959 0.2535865 0.5213928 0.2537945 0.5213928 0.2537945 0.5238959 0.2535865 0.5238962 0.2535899 0.5213928 0.2537945 0.5238962 0.2535899 0.5213931 0.2537978 0.5213931 0.2537978 0.5238962 0.2535899 0.5238964 0.2535942 0.5213931 0.2537978 0.5238964 0.2535942 0.5213934 0.2538022 0.5213934 0.2538022 0.5238964 0.2535942 0.5238969 0.2536019 0.5213934 0.2538022 0.5238969 0.2536019 0.521394 0.2538098 0.521394 0.2538098 0.5238969 0.2536019 0.5238969 0.2536024 0.521394 0.2538098 0.5238969 0.2536024 0.5213941 0.2538103 0.5213941 0.2538103 0.5238969 0.2536024 0.523898 0.2536193 0.5213941 0.2538103 0.523898 0.2536193 0.5213954 0.2538272 0.5213954 0.2538272 0.523898 0.2536193 0.5239064 0.2537535 0.5213954 0.2538272 0.5239064 0.2537535 0.5214062 0.2539613 0.5214062 0.2539613 0.5239064 0.2537535 0.5239092 0.2537973 0.5214062 0.2539613 0.5239092 0.2537973 0.5214097 0.254005 0.5213911 0.2537735 0.5238946 0.2535655 0.5238948 0.2535684 0.5238948 0.2535684 0.5238946 0.2535655 0.5240355 0.253557 0.5238948 0.2535684 0.5240355 0.253557 0.5257631 0.2535123 0.5257631 0.2535123 0.5240355 0.253557 0.525763 0.2535094 0.5257631 0.2535123 0.525763 0.2535094 0.5268745 0.2534903 0.5293452 0.253651 0.5283604 0.253635 0.5293444 0.253607 0.5293444 0.253607 0.5283604 0.253635 0.5283558 0.2535005 0.5293444 0.253607 0.5283558 0.2535005 0.5293421 0.2534726 0.5293421 0.2534726 0.5283558 0.2535005 0.5283552 0.2534837 0.5293421 0.2534726 0.5283552 0.2534837 0.5293418 0.2534556 0.5293418 0.2534556 0.5283552 0.2534837 0.5283552 0.2534831 0.5293418 0.2534556 0.5283552 0.2534831 0.5293418 0.2534551 0.5293418 0.2534551 0.5283552 0.2534831 0.528355 0.2534755 0.5293418 0.2534551 0.528355 0.2534755 0.5293417 0.2534475 0.5293417 0.2534475 0.528355 0.2534755 0.5283548 0.2534711 0.5293417 0.2534475 0.5283548 0.2534711 0.5293416 0.2534431 0.5293416 0.2534431 0.5283548 0.2534711 0.5283547 0.2534678 0.5293416 0.2534431 0.5283547 0.2534678 0.5293415 0.2534398 0.5293415 0.2534398 0.5283547 0.2534678 0.5283546 0.2534649 0.5293415 0.2534398 0.5283546 0.2534649 0.5293415 0.2534369 0.5293415 0.2534369 0.5283546 0.2534649 0.5283545 0.2534624 0.5293415 0.2534369 0.5283545 0.2534624 0.5293415 0.2534344 0.5293415 0.2534344 0.5283545 0.2534624 0.5283544 0.2534604 0.5293415 0.2534344 0.5283544 0.2534604 0.5293414 0.2534323 0.5293414 0.2534323 0.5283544 0.2534604 0.5283544 0.2534583 0.5293414 0.2534323 0.5283544 0.2534583 0.5293414 0.2534303 0.5293414 0.2534303 0.5283544 0.2534583 0.5283543 0.2534564 0.5293414 0.2534303 0.5283543 0.2534564 0.5293413 0.2534283 0.5293413 0.2534283 0.5283543 0.2534564 0.5283542 0.2534543 0.5293413 0.2534283 0.5283542 0.2534543 0.5293413 0.2534263 0.5293413 0.2534263 0.5283542 0.2534543 0.5283541 0.2534521 0.5293413 0.2534263 0.5283541 0.2534521 0.5293413 0.2534241 0.5293413 0.2534241 0.5283541 0.2534521 0.5283541 0.2534496 0.5293413 0.2534241 0.5283541 0.2534496 0.5293412 0.2534216 0.5293412 0.2534216 0.5283541 0.2534496 0.5294029 0.2534177 0.5293412 0.2534216 0.5294029 0.2534177 0.5303325 0.2534245 0.901682 0.2495812 0.9007524 0.2495777 0.9020429 0.2495777 0.5303325 0.2534245 0.5306934 0.2534322 0.5350884 0.2535774 0.5306934 0.2534322 0.5348699 0.2535668 0.5350884 0.2535774 0.5350884 0.2535774 0.5348699 0.2535668 0.5350885 0.2535744 0.5350884 0.2535774 0.5350885 0.2535744 0.5369115 0.2537026 0.5369115 0.2537026 0.5350885 0.2535744 0.5369647 0.2537052 0.5369115 0.2537026 0.5369647 0.2537052 0.5382781 0.2538723 0.5448059 0.2547138 0.5448046 0.2547145 0.5442183 0.2546834 0.5442183 0.2546834 0.5448046 0.2547145 0.5442181 0.2546863 0.5442183 0.2546834 0.5442181 0.2546863 0.5432842 0.254593 0.5432842 0.254593 0.5442181 0.2546863 0.5434244 0.2546121 0.8802788 0.477347 0.8801373 0.4773464 0.8820843 0.4773464 0.5414963 0.2543411 0.5434244 0.2546121 0.5412947 0.254314 0.5414963 0.2543411 0.5412947 0.254314 0.5388191 0.2539556 0.5388191 0.2539556 0.5412947 0.254314 0.5412943 0.2543165 0.5388191 0.2539556 0.5412943 0.2543165 0.5388187 0.2539581 0.5388187 0.2539581 0.5412943 0.2543165 0.541294 0.2543186 0.5388187 0.2539581 0.541294 0.2543186 0.5388184 0.2539603 0.5388184 0.2539603 0.541294 0.2543186 0.5412937 0.2543206 0.5388184 0.2539603 0.5412937 0.2543206 0.5388181 0.2539623 0.5388181 0.2539623 0.5412937 0.2543206 0.5412934 0.2543226 0.5388181 0.2539623 0.5412934 0.2543226 0.5388178 0.2539643 0.5388178 0.2539643 0.5412934 0.2543226 0.5412931 0.2543246 0.5388178 0.2539643 0.5412931 0.2543246 0.5388175 0.2539662 0.5388175 0.2539662 0.5412931 0.2543246 0.5412928 0.2543267 0.5388175 0.2539662 0.5412928 0.2543267 0.5388172 0.2539684 0.5388172 0.2539684 0.5412928 0.2543267 0.5412924 0.2543292 0.5388172 0.2539684 0.5412924 0.2543292 0.5388168 0.2539708 0.5388168 0.2539708 0.5412924 0.2543292 0.541292 0.254332 0.5388168 0.2539708 0.541292 0.254332 0.5388163 0.2539736 0.5388163 0.2539736 0.541292 0.254332 0.5412915 0.2543354 0.5388163 0.2539736 0.5412915 0.2543354 0.5388159 0.253977 0.5388159 0.253977 0.5412915 0.2543354 0.5412909 0.2543396 0.5388159 0.253977 0.5412909 0.2543396 0.5388152 0.2539812 0.5388152 0.2539812 0.5412909 0.2543396 0.5412898 0.2543472 0.5388152 0.2539812 0.5412898 0.2543472 0.5388141 0.2539888 0.5388141 0.2539888 0.5412898 0.2543472 0.5412897 0.2543477 0.5388141 0.2539888 0.5412897 0.2543477 0.538814 0.2539893 0.538814 0.2539893 0.5412897 0.2543477 0.5412873 0.2543644 0.538814 0.2539893 0.5412873 0.2543644 0.5388115 0.254006 0.5388115 0.254006 0.5412873 0.2543644 0.5412676 0.2544975 0.5388115 0.254006 0.5412676 0.2544975 0.5387915 0.2541391 0.5387915 0.2541391 0.5412676 0.2544975 0.5412612 0.2545409 0.5387915 0.2541391 0.5412612 0.2545409 0.538785 0.2541825 0.5653224 0.5968968 0.5646646 0.5967271 0.5672665 0.5967153 0.5512989 0.5970857 0.5500741 0.596945 0.5532773 0.5968602 0.546777 0.597018 0.547403 0.5971819 0.5467832 0.5971881 0.5467832 0.5971881 0.547403 0.5971819 0.5474034 0.5972015 0.5467832 0.5971881 0.5474034 0.5972015 0.5467874 0.597207 0.5467874 0.597207 0.5474034 0.5972015 0.5474036 0.5972103 0.5467874 0.597207 0.5474036 0.5972103 0.5467905 0.5972155 0.5467993 0.5972284 0.546797 0.5972258 0.5474039 0.5972157 0.5474039 0.5972157 0.546797 0.5972258 0.5467959 0.5972244 0.5474039 0.5972157 0.5467959 0.5972244 0.5474036 0.5972103 0.5474036 0.5972103 0.5467959 0.5972244 0.5467934 0.5972208 0.5474036 0.5972103 0.5467934 0.5972208 0.5467905 0.5972155 0.5471342 0.4034743 0.5469439 0.4033408 0.5474804 0.4033136 0.5474804 0.4033136 0.5469439 0.4033408 0.546918 0.4033249 0.5474804 0.4033136 0.546918 0.4033249 0.5474789 0.4032927 0.5474789 0.4032927 0.546918 0.4033249 0.5469006 0.4033145 0.5474789 0.4032927 0.5469006 0.4033145 0.5474782 0.4032838 0.5474782 0.4032838 0.5469006 0.4033145 0.5468937 0.4033105 0.5474782 0.4032838 0.5468937 0.4033105 0.5474779 0.403279 0.5474779 0.403279 0.5468937 0.4033105 0.5468863 0.4033061 0.5474779 0.403279 0.5468863 0.4033061 0.5474776 0.4032753 0.5474776 0.4032753 0.5468863 0.4033061 0.5468825 0.4033039 0.5474776 0.4032753 0.5468825 0.4033039 0.5474774 0.4032722 0.5474774 0.4032722 0.5468825 0.4033039 0.5468779 0.4033013 0.5474774 0.4032722 0.5468779 0.4033013 0.5474771 0.4032696 0.5474046 0.5972257 0.5468066 0.5972343 0.5468014 0.5972303 0.5474046 0.5972257 0.5468014 0.5972303 0.5474043 0.5972228 0.5474043 0.5972228 0.5468014 0.5972303 0.5467993 0.5972284 0.5474043 0.5972228 0.5467993 0.5972284 0.5474041 0.5972197 0.5474041 0.5972197 0.5467993 0.5972284 0.5474039 0.5972157 0.5490473 0.4032915 0.5474913 0.4034634 0.5474804 0.4033136 0.5474804 0.4033136 0.5474913 0.4034634 0.5471472 0.4034847 0.5474804 0.4033136 0.5471472 0.4034847 0.5471342 0.4034743 0.5528247 0.4027451 0.5514183 0.4029486 0.5513974 0.4027999 0.5547181 0.4024934 0.5528247 0.4027451 0.5528025 0.4025966 0.55567 0.4024123 0.5547181 0.4024934 0.5547027 0.4023441 0.5566236 0.4023641 0.55567 0.4024123 0.5556598 0.4022625 0.5608333 0.4022322 0.5566236 0.4023641 0.5566182 0.4022141 0.5618401 0.402211 0.5608333 0.4022322 0.560828 0.4020822 0.5628491 0.4022291 0.5618401 0.402211 0.5618399 0.4020609 0.5673736 0.4023458 0.5654356 0.4023023 0.5654381 0.4021522 0.5692319 0.4024894 0.5673736 0.4023458 0.5673806 0.4021959 0.5730586 0.4027934 0.5720841 0.4027112 0.5720949 0.4025614 0.5740298 0.4029121 0.5730586 0.4027934 0.5730738 0.402644 0.5764619 0.4032489 0.5740298 0.4029121 0.5740503 0.4027634 0.5779776 0.403472 0.5764619 0.4032489 0.5764818 0.4031 0.5779776 0.403472 0.5764818 0.4031 0.5780043 0.4033242 0.5780043 0.4033242 0.5764818 0.4031 0.5764846 0.4030792 0.5780043 0.4033242 0.5764846 0.4030792 0.578008 0.4033035 0.578008 0.4033035 0.5764846 0.4030792 0.5764858 0.4030705 0.578008 0.4033035 0.5764858 0.4030705 0.5780096 0.4032948 0.5780096 0.4032948 0.5764858 0.4030705 0.5764864 0.4030656 0.5780096 0.4032948 0.5764864 0.4030656 0.5780104 0.40329 0.5780104 0.40329 0.5764864 0.4030656 0.5764869 0.4030619 0.5780104 0.40329 0.5764869 0.4030619 0.578011 0.4032863 0.578011 0.4032863 0.5764869 0.4030619 0.5764873 0.4030589 0.578011 0.4032863 0.5764873 0.4030589 0.5780116 0.4032834 0.5780116 0.4032834 0.5764873 0.4030589 0.5764876 0.4030563 0.5780116 0.4032834 0.5764876 0.4030563 0.5780121 0.4032807 0.5779256 0.5970013 0.5763951 0.5969831 0.5779258 0.597 0.5779258 0.597 0.5763951 0.5969831 0.5763953 0.5969802 0.5779258 0.597 0.5763953 0.5969802 0.577926 0.5969983 0.577926 0.5969983 0.5763953 0.5969802 0.5763955 0.5969771 0.577926 0.5969983 0.5763955 0.5969771 0.5779263 0.5969952 0.5779263 0.5969952 0.5763955 0.5969771 0.5763958 0.5969731 0.5779263 0.5969952 0.5763958 0.5969731 0.5779265 0.5969913 0.5779265 0.5969913 0.5763958 0.5969731 0.5763959 0.5969678 0.5779265 0.5969913 0.5763959 0.5969678 0.5779268 0.5969859 0.5490473 0.4032915 0.5474804 0.4033136 0.5490267 0.4031428 0.5490267 0.4031428 0.5474804 0.4033136 0.5474789 0.4032927 0.5490267 0.4031428 0.5474789 0.4032927 0.5490238 0.403122 0.5490238 0.403122 0.5474789 0.4032927 0.5474782 0.4032838 0.5490238 0.403122 0.5474782 0.4032838 0.5490226 0.4031133 0.5490226 0.4031133 0.5474782 0.4032838 0.5474779 0.403279 0.5490226 0.4031133 0.5474779 0.403279 0.5490219 0.4031084 0.5490219 0.4031084 0.5474779 0.403279 0.5474776 0.4032753 0.5490219 0.4031084 0.5474776 0.4032753 0.5490214 0.4031047 0.5490214 0.4031047 0.5474776 0.4032753 0.5474774 0.4032722 0.5490214 0.4031047 0.5474774 0.4032722 0.549021 0.4031018 0.549021 0.4031018 0.5474774 0.4032722 0.5474771 0.4032696 0.549021 0.4031018 0.5474771 0.4032696 0.5490207 0.4030991 0.5489422 0.5971919 0.5474046 0.5972257 0.5474043 0.5972228 0.5489422 0.5971919 0.5474043 0.5972228 0.5489417 0.5971891 0.5489417 0.5971891 0.5474043 0.5972228 0.5474041 0.5972197 0.5489417 0.5971891 0.5474041 0.5972197 0.5489414 0.5971859 0.5489414 0.5971859 0.5474041 0.5972197 0.5474039 0.5972157 0.5489414 0.5971859 0.5474039 0.5972157 0.5489411 0.5971819 0.5489411 0.5971819 0.5474039 0.5972157 0.5474036 0.5972103 0.5489411 0.5971819 0.5474036 0.5972103 0.5489407 0.5971766 0.5489407 0.5971766 0.5474036 0.5972103 0.5474034 0.5972015 0.5489407 0.5971766 0.5474034 0.5972015 0.5489403 0.5971677 0.5489403 0.5971677 0.5474034 0.5972015 0.547403 0.5971819 0.5489403 0.5971677 0.547403 0.5971819 0.5489398 0.5971482 0.5500741 0.596945 0.5512989 0.5970857 0.5489398 0.5971482 0.5489398 0.5971482 0.5512989 0.5970857 0.5512994 0.5971053 0.5489398 0.5971482 0.5512994 0.5971053 0.5489403 0.5971677 0.5489403 0.5971677 0.5512994 0.5971053 0.5512998 0.5971141 0.5489403 0.5971677 0.5512998 0.5971141 0.5489407 0.5971766 0.5489407 0.5971766 0.5512998 0.5971141 0.5513002 0.5971195 0.5489407 0.5971766 0.5513002 0.5971195 0.5489411 0.5971819 0.5489411 0.5971819 0.5513002 0.5971195 0.5513005 0.5971235 0.5489411 0.5971819 0.5513005 0.5971235 0.5489414 0.5971859 0.5489414 0.5971859 0.5513005 0.5971235 0.5513009 0.5971266 0.5489414 0.5971859 0.5513009 0.5971266 0.5489417 0.5971891 0.5489417 0.5971891 0.5513009 0.5971266 0.5513013 0.5971295 0.5489417 0.5971891 0.5513013 0.5971295 0.5489422 0.5971919 0.5490207 0.4030991 0.5513913 0.4027562 0.5513916 0.4027588 0.5490207 0.4030991 0.5513916 0.4027588 0.549021 0.4031018 0.549021 0.4031018 0.5513916 0.4027588 0.551392 0.4027618 0.549021 0.4031018 0.551392 0.4027618 0.5490214 0.4031047 0.5490214 0.4031047 0.551392 0.4027618 0.5513926 0.4027655 0.5490214 0.4031047 0.5513926 0.4027655 0.5490219 0.4031084 0.5490219 0.4031084 0.5513926 0.4027655 0.5513932 0.4027704 0.5490219 0.4031084 0.5513932 0.4027704 0.5490226 0.4031133 0.5490226 0.4031133 0.5513932 0.4027704 0.5513945 0.4027791 0.5490226 0.4031133 0.5513945 0.4027791 0.5490238 0.403122 0.5490238 0.403122 0.5513945 0.4027791 0.5513974 0.4027999 0.5490238 0.403122 0.5513974 0.4027999 0.5490267 0.4031428 0.5490267 0.4031428 0.5513974 0.4027999 0.5514183 0.4029486 0.5490267 0.4031428 0.5514183 0.4029486 0.5490473 0.4032915 0.5547181 0.4024934 0.5528025 0.4025966 0.5547027 0.4023441 0.5547027 0.4023441 0.5528025 0.4025966 0.5527994 0.4025757 0.5547027 0.4023441 0.5527994 0.4025757 0.5547005 0.4023231 0.5547005 0.4023231 0.5527994 0.4025757 0.5527981 0.402567 0.5547005 0.4023231 0.5527981 0.402567 0.5546996 0.4023143 0.5546996 0.4023143 0.5527981 0.402567 0.5527974 0.4025622 0.5546996 0.4023143 0.5527974 0.4025622 0.5546991 0.4023094 0.5546991 0.4023094 0.5527974 0.4025622 0.5527969 0.4025585 0.5546991 0.4023094 0.5527969 0.4025585 0.5546987 0.4023057 0.5546987 0.4023057 0.5527969 0.4025585 0.5527964 0.4025555 0.5546987 0.4023057 0.5527964 0.4025555 0.5546984 0.4023028 0.5546984 0.4023028 0.5527964 0.4025555 0.552796 0.4025529 0.5546984 0.4023028 0.552796 0.4025529 0.5546982 0.4023001 0.5545929 0.5970453 0.5526992 0.5970925 0.5526988 0.5970896 0.5545929 0.5970453 0.5526988 0.5970896 0.5545926 0.5970424 0.5545926 0.5970424 0.5526988 0.5970896 0.5526984 0.5970864 0.5545926 0.5970424 0.5526984 0.5970864 0.5545923 0.5970392 0.5545923 0.5970392 0.5526984 0.5970864 0.5526981 0.5970824 0.5545923 0.5970392 0.5526981 0.5970824 0.554592 0.5970352 0.554592 0.5970352 0.5526981 0.5970824 0.5526977 0.5970771 0.554592 0.5970352 0.5526977 0.5970771 0.5545917 0.5970299 0.5545917 0.5970299 0.5526977 0.5970771 0.5526973 0.5970683 0.5545917 0.5970299 0.5526973 0.5970683 0.5545914 0.5970211 0.5545914 0.5970211 0.5526973 0.5970683 0.5526967 0.5970487 0.5545914 0.5970211 0.5526967 0.5970487 0.554591 0.5970015 0.55567 0.4024123 0.5547027 0.4023441 0.5556598 0.4022625 0.5556598 0.4022625 0.5547027 0.4023441 0.5547005 0.4023231 0.5556598 0.4022625 0.5547005 0.4023231 0.5556584 0.4022415 0.5556584 0.4022415 0.5547005 0.4023231 0.5546996 0.4023143 0.5556584 0.4022415 0.5546996 0.4023143 0.5556578 0.4022327 0.5556578 0.4022327 0.5546996 0.4023143 0.5546991 0.4023094 0.5556578 0.4022327 0.5546991 0.4023094 0.5556575 0.4022278 0.5556575 0.4022278 0.5546991 0.4023094 0.5546987 0.4023057 0.5556575 0.4022278 0.5546987 0.4023057 0.5556573 0.4022241 0.5556573 0.4022241 0.5546987 0.4023057 0.5546984 0.4023028 0.5556573 0.4022241 0.5546984 0.4023028 0.555657 0.4022212 0.555657 0.4022212 0.5546984 0.4023028 0.5546982 0.4023001 0.555657 0.4022212 0.5546982 0.4023001 0.5556569 0.4022185 0.5555487 0.5970275 0.5545929 0.5970453 0.5545926 0.5970424 0.5555487 0.5970275 0.5545926 0.5970424 0.5555484 0.5970246 0.5555484 0.5970246 0.5545926 0.5970424 0.5545923 0.5970392 0.5555484 0.5970246 0.5545923 0.5970392 0.5555482 0.5970214 0.5555482 0.5970214 0.5545923 0.5970392 0.554592 0.5970352 0.5555482 0.5970214 0.554592 0.5970352 0.555548 0.5970175 0.555548 0.5970175 0.554592 0.5970352 0.5545917 0.5970299 0.555548 0.5970175 0.5545917 0.5970299 0.5555478 0.5970121 0.5555478 0.5970121 0.5545917 0.5970299 0.5545914 0.5970211 0.5555478 0.5970121 0.5545914 0.5970211 0.5555475 0.5970032 0.5555475 0.5970032 0.5545914 0.5970211 0.554591 0.5970015 0.5555475 0.5970032 0.554591 0.5970015 0.5555472 0.5969837 0.5566236 0.4023641 0.5556598 0.4022625 0.5566182 0.4022141 0.5566182 0.4022141 0.5556598 0.4022625 0.5556584 0.4022415 0.5566182 0.4022141 0.5556584 0.4022415 0.5566174 0.402193 0.5566174 0.402193 0.5556584 0.4022415 0.5556578 0.4022327 0.5566174 0.402193 0.5556578 0.4022327 0.5566172 0.4021842 0.5566172 0.4021842 0.5556578 0.4022327 0.5556575 0.4022278 0.5566172 0.4021842 0.5556575 0.4022278 0.556617 0.4021793 0.556617 0.4021793 0.5556575 0.4022278 0.5556573 0.4022241 0.556617 0.4021793 0.5556573 0.4022241 0.5566169 0.4021756 0.5566169 0.4021756 0.5556573 0.4022241 0.555657 0.4022212 0.5566169 0.4021756 0.555657 0.4022212 0.5566167 0.4021726 0.5566167 0.4021726 0.555657 0.4022212 0.5556569 0.4022185 0.5566167 0.4021726 0.5556569 0.4022185 0.5566167 0.4021699 0.5565065 0.597014 0.5555487 0.5970275 0.5555484 0.5970246 0.5565065 0.597014 0.5555484 0.5970246 0.5565063 0.5970112 0.5565063 0.5970112 0.5555484 0.5970246 0.5555482 0.5970214 0.5565063 0.5970112 0.5555482 0.5970214 0.5565062 0.5970079 0.5565062 0.5970079 0.5555482 0.5970214 0.555548 0.5970175 0.5565062 0.5970079 0.555548 0.5970175 0.556506 0.597004 0.556506 0.597004 0.555548 0.5970175 0.5555478 0.5970121 0.556506 0.597004 0.5555478 0.5970121 0.5565059 0.5969986 0.5565059 0.5969986 0.5555478 0.5970121 0.5555475 0.5970032 0.5565059 0.5969986 0.5555475 0.5970032 0.5565057 0.5969898 0.5565057 0.5969898 0.5555475 0.5970032 0.5555472 0.5969837 0.5565057 0.5969898 0.5555472 0.5969837 0.5565055 0.5969702 0.5646646 0.5967271 0.5653224 0.5968968 0.5627379 0.5969064 0.5627379 0.5969064 0.5653224 0.5968968 0.5653225 0.5969164 0.5627379 0.5969064 0.5653225 0.5969164 0.562738 0.5969259 0.562738 0.5969259 0.5653225 0.5969164 0.5653226 0.5969253 0.562738 0.5969259 0.5653226 0.5969253 0.562738 0.5969348 0.562738 0.5969348 0.5653226 0.5969253 0.5653226 0.5969306 0.562738 0.5969348 0.5653226 0.5969306 0.562738 0.5969402 0.562738 0.5969402 0.5653226 0.5969306 0.5653226 0.5969346 0.562738 0.5969402 0.5653226 0.5969346 0.562738 0.5969441 0.562738 0.5969441 0.5653226 0.5969346 0.5653227 0.5969378 0.562738 0.5969441 0.5653227 0.5969378 0.562738 0.5969473 0.562738 0.5969473 0.5653227 0.5969378 0.5653228 0.5969406 0.562738 0.5969473 0.5653228 0.5969406 0.562738 0.5969502 0.5628551 0.4020349 0.5654389 0.4021081 0.5654388 0.4021108 0.5628551 0.4020349 0.5654388 0.4021108 0.5628551 0.4020375 0.5628551 0.4020375 0.5654388 0.4021108 0.5654388 0.4021137 0.5628551 0.4020375 0.5654388 0.4021137 0.562855 0.4020406 0.562855 0.4020406 0.5654388 0.4021137 0.5654387 0.4021175 0.562855 0.4020406 0.5654387 0.4021175 0.5628548 0.4020442 0.5628548 0.4020442 0.5654387 0.4021175 0.5654386 0.4021224 0.5628548 0.4020442 0.5654386 0.4021224 0.5628547 0.4020491 0.5628547 0.4020491 0.5654386 0.4021224 0.5654385 0.4021311 0.5628547 0.4020491 0.5654385 0.4021311 0.5628544 0.402058 0.5628544 0.402058 0.5654385 0.4021311 0.5654381 0.4021522 0.5628544 0.402058 0.5654381 0.4021522 0.5628538 0.402079 0.5628538 0.402079 0.5654381 0.4021522 0.5654356 0.4023023 0.5628538 0.402079 0.5654356 0.4023023 0.5628491 0.4022291 0.5730586 0.4027934 0.5720949 0.4025614 0.5730738 0.402644 0.5730738 0.402644 0.5720949 0.4025614 0.5720964 0.4025404 0.5730738 0.402644 0.5720964 0.4025404 0.5730758 0.4026231 0.5730758 0.4026231 0.5720964 0.4025404 0.5720971 0.4025316 0.5730758 0.4026231 0.5720971 0.4025316 0.5730767 0.4026144 0.5730767 0.4026144 0.5720971 0.4025316 0.5720974 0.4025267 0.5730767 0.4026144 0.5720974 0.4025267 0.5730773 0.4026095 0.5730773 0.4026095 0.5720974 0.4025267 0.5720977 0.4025231 0.5730773 0.4026095 0.5720977 0.4025231 0.5730776 0.4026058 0.5730776 0.4026058 0.5720977 0.4025231 0.5720979 0.40252 0.5730776 0.4026058 0.5720979 0.40252 0.5730779 0.4026028 0.5730779 0.4026028 0.5720979 0.40252 0.5720981 0.4025174 0.5730779 0.4026028 0.5720981 0.4025174 0.5730782 0.4026001 0.5729734 0.5969486 0.5719913 0.596945 0.5719914 0.5969421 0.5729734 0.5969486 0.5719914 0.5969421 0.5729736 0.5969457 0.5729736 0.5969457 0.5719914 0.5969421 0.5719915 0.5969389 0.5729736 0.5969457 0.5719915 0.5969389 0.5729737 0.5969426 0.5729737 0.5969426 0.5719915 0.5969389 0.5719916 0.596935 0.5729737 0.5969426 0.5719916 0.596935 0.5729739 0.5969386 0.5729739 0.5969386 0.5719916 0.596935 0.5719916 0.5969296 0.5729739 0.5969386 0.5719916 0.5969296 0.572974 0.5969332 0.572974 0.5969332 0.5719916 0.5969296 0.5719917 0.5969207 0.572974 0.5969332 0.5719917 0.5969207 0.5729742 0.5969243 0.5729742 0.5969243 0.5719917 0.5969207 0.5719918 0.5969012 0.5729742 0.5969243 0.5719918 0.5969012 0.5729743 0.5969048 0.5740298 0.4029121 0.5730738 0.402644 0.5740503 0.4027634 0.5740503 0.4027634 0.5730738 0.402644 0.5730758 0.4026231 0.5740503 0.4027634 0.5730758 0.4026231 0.5740532 0.4027425 0.5740532 0.4027425 0.5730758 0.4026231 0.5730767 0.4026144 0.5740532 0.4027425 0.5730767 0.4026144 0.5740544 0.4027338 0.5740544 0.4027338 0.5730767 0.4026144 0.5730773 0.4026095 0.5740544 0.4027338 0.5730773 0.4026095 0.5740551 0.4027289 0.5740551 0.4027289 0.5730773 0.4026095 0.5730776 0.4026058 0.5740551 0.4027289 0.5730776 0.4026058 0.5740556 0.4027252 0.5740556 0.4027252 0.5730776 0.4026058 0.5730779 0.4026028 0.5740556 0.4027252 0.5730779 0.4026028 0.574056 0.4027222 0.574056 0.4027222 0.5730779 0.4026028 0.5730782 0.4026001 0.574056 0.4027222 0.5730782 0.4026001 0.5740564 0.4027196 0.5739548 0.596957 0.5729734 0.5969486 0.5729736 0.5969457 0.5739548 0.596957 0.5729736 0.5969457 0.573955 0.5969541 0.573955 0.5969541 0.5729736 0.5969457 0.5729737 0.5969426 0.573955 0.5969541 0.5729737 0.5969426 0.5739552 0.596951 0.5739552 0.596951 0.5729737 0.5969426 0.5729739 0.5969386 0.5739552 0.596951 0.5729739 0.5969386 0.5739554 0.596947 0.5739554 0.596947 0.5729739 0.5969386 0.572974 0.5969332 0.5739554 0.596947 0.572974 0.5969332 0.5739556 0.5969416 0.5739556 0.5969416 0.572974 0.5969332 0.5729742 0.5969243 0.5739556 0.5969416 0.5729742 0.5969243 0.5739558 0.5969328 0.5739558 0.5969328 0.5729742 0.5969243 0.5729743 0.5969048 0.5739558 0.5969328 0.5729743 0.5969048 0.5739561 0.5969132 0.546777 0.597018 0.5474021 0.597009 0.547403 0.5971819 0.547403 0.5971819 0.5474021 0.597009 0.5482944 0.596991 0.547403 0.5971819 0.5482944 0.596991 0.5489398 0.5971482 0.5489398 0.5971482 0.5482944 0.596991 0.5489386 0.5969753 0.5489398 0.5971482 0.5489386 0.5969753 0.5500741 0.596945 0.5528247 0.4027451 0.5513974 0.4027999 0.5528025 0.4025966 0.5528025 0.4025966 0.5513974 0.4027999 0.5513945 0.4027791 0.5528025 0.4025966 0.5513945 0.4027791 0.5527994 0.4025757 0.5527994 0.4025757 0.5513945 0.4027791 0.5513932 0.4027704 0.5527994 0.4025757 0.5513932 0.4027704 0.5527981 0.402567 0.5527981 0.402567 0.5513932 0.4027704 0.5513926 0.4027655 0.5527981 0.402567 0.5513926 0.4027655 0.5527974 0.4025622 0.5527974 0.4025622 0.5513926 0.4027655 0.551392 0.4027618 0.5527974 0.4025622 0.551392 0.4027618 0.5527969 0.4025585 0.5527969 0.4025585 0.551392 0.4027618 0.5513916 0.4027588 0.5527969 0.4025585 0.5513916 0.4027588 0.5527964 0.4025555 0.5527964 0.4025555 0.5513916 0.4027588 0.5513913 0.4027562 0.5527964 0.4025555 0.5513913 0.4027562 0.552796 0.4025529 0.5526992 0.5970925 0.5513013 0.5971295 0.5513009 0.5971266 0.5526992 0.5970925 0.5513009 0.5971266 0.5526988 0.5970896 0.5526988 0.5970896 0.5513009 0.5971266 0.5513005 0.5971235 0.5526988 0.5970896 0.5513005 0.5971235 0.5526984 0.5970864 0.5526984 0.5970864 0.5513005 0.5971235 0.5513002 0.5971195 0.5526984 0.5970864 0.5513002 0.5971195 0.5526981 0.5970824 0.5526981 0.5970824 0.5513002 0.5971195 0.5512998 0.5971141 0.5526981 0.5970824 0.5512998 0.5971141 0.5526977 0.5970771 0.5526977 0.5970771 0.5512998 0.5971141 0.5512994 0.5971053 0.5526977 0.5970771 0.5512994 0.5971053 0.5526973 0.5970683 0.5526973 0.5970683 0.5512994 0.5971053 0.5512989 0.5970857 0.5526973 0.5970683 0.5512989 0.5970857 0.5526967 0.5970487 0.5526967 0.5970487 0.5512989 0.5970857 0.5532773 0.5968602 0.5526967 0.5970487 0.5532773 0.5968602 0.554591 0.5970015 0.554591 0.5970015 0.5532773 0.5968602 0.5545852 0.5968287 0.554591 0.5970015 0.5545852 0.5968287 0.5555472 0.5969837 0.5555472 0.5969837 0.5545852 0.5968287 0.5555463 0.5968108 0.5555472 0.5969837 0.5555463 0.5968108 0.5565055 0.5969702 0.5565055 0.5969702 0.5555463 0.5968108 0.5565047 0.5967974 0.5565055 0.5969702 0.5565047 0.5967974 0.556675 0.5967953 0.5608333 0.4022322 0.5566182 0.4022141 0.560828 0.4020822 0.560828 0.4020822 0.5566182 0.4022141 0.5566174 0.402193 0.560828 0.4020822 0.5566174 0.402193 0.5608272 0.4020611 0.5608272 0.4020611 0.5566174 0.402193 0.5566172 0.4021842 0.5608272 0.4020611 0.5566172 0.4021842 0.5608269 0.4020523 0.5608269 0.4020523 0.5566172 0.4021842 0.556617 0.4021793 0.5608269 0.4020523 0.556617 0.4021793 0.5608267 0.4020474 0.5608267 0.4020474 0.556617 0.4021793 0.5566169 0.4021756 0.5608267 0.4020474 0.5566169 0.4021756 0.5608265 0.4020437 0.5608265 0.4020437 0.5566169 0.4021756 0.5566167 0.4021726 0.5608265 0.4020437 0.5566167 0.4021726 0.5608265 0.4020407 0.5608265 0.4020407 0.5566167 0.4021726 0.5566167 0.4021699 0.5608265 0.4020407 0.5566167 0.4021699 0.5608264 0.402038 0.5607103 0.5969656 0.5565065 0.597014 0.5565063 0.5970112 0.5607103 0.5969656 0.5565063 0.5970112 0.5607101 0.5969627 0.5607101 0.5969627 0.5565063 0.5970112 0.5565062 0.5970079 0.5607101 0.5969627 0.5565062 0.5970079 0.56071 0.5969595 0.56071 0.5969595 0.5565062 0.5970079 0.556506 0.597004 0.56071 0.5969595 0.556506 0.597004 0.5607098 0.5969556 0.5607098 0.5969556 0.556506 0.597004 0.5565059 0.5969986 0.5607098 0.5969556 0.5565059 0.5969986 0.5607097 0.5969502 0.5607097 0.5969502 0.5565059 0.5969986 0.5565057 0.5969898 0.5607097 0.5969502 0.5565057 0.5969898 0.5607095 0.5969414 0.5607095 0.5969414 0.5565057 0.5969898 0.5565055 0.5969702 0.5607095 0.5969414 0.5565055 0.5969702 0.5607092 0.5969218 0.5607092 0.5969218 0.5565055 0.5969702 0.556675 0.5967953 0.5607092 0.5969218 0.556675 0.5967953 0.5608457 0.5967473 0.5618401 0.402211 0.560828 0.4020822 0.5618399 0.4020609 0.5618399 0.4020609 0.560828 0.4020822 0.5608272 0.4020611 0.5618399 0.4020609 0.5608272 0.4020611 0.5618399 0.4020398 0.5618399 0.4020398 0.5608272 0.4020611 0.5608269 0.4020523 0.5618399 0.4020398 0.5608269 0.4020523 0.5618399 0.4020311 0.5618399 0.4020311 0.5608269 0.4020523 0.5608267 0.4020474 0.5618399 0.4020311 0.5608267 0.4020474 0.5618399 0.4020261 0.5618399 0.4020261 0.5608267 0.4020474 0.5608265 0.4020437 0.5618399 0.4020261 0.5608265 0.4020437 0.5618399 0.4020224 0.5618399 0.4020224 0.5608265 0.4020437 0.5608265 0.4020407 0.5618399 0.4020224 0.5608265 0.4020407 0.5618399 0.4020194 0.5618399 0.4020194 0.5608265 0.4020407 0.5608264 0.402038 0.5618399 0.4020194 0.5608264 0.402038 0.5618399 0.4020168 0.5617228 0.5969553 0.5607103 0.5969656 0.5607101 0.5969627 0.5617228 0.5969553 0.5607101 0.5969627 0.5617226 0.5969524 0.5617226 0.5969524 0.5607101 0.5969627 0.56071 0.5969595 0.5617226 0.5969524 0.56071 0.5969595 0.5617226 0.5969492 0.5617226 0.5969492 0.56071 0.5969595 0.5607098 0.5969556 0.5617226 0.5969492 0.5607098 0.5969556 0.5617225 0.5969453 0.5617225 0.5969453 0.5607098 0.5969556 0.5607097 0.5969502 0.5617225 0.5969453 0.5607097 0.5969502 0.5617224 0.5969399 0.5617224 0.5969399 0.5607097 0.5969502 0.5607095 0.5969414 0.5617224 0.5969399 0.5607095 0.5969414 0.5617223 0.596931 0.5617223 0.596931 0.5607095 0.5969414 0.5607092 0.5969218 0.5617223 0.596931 0.5607092 0.5969218 0.5617222 0.5969115 0.5617222 0.5969115 0.5607092 0.5969218 0.5608457 0.5967473 0.5617222 0.5969115 0.5608457 0.5967473 0.5621352 0.596736 0.5628491 0.4022291 0.5618399 0.4020609 0.5628538 0.402079 0.5628538 0.402079 0.5618399 0.4020609 0.5618399 0.4020398 0.5628538 0.402079 0.5618399 0.4020398 0.5628544 0.402058 0.5628544 0.402058 0.5618399 0.4020398 0.5618399 0.4020311 0.5628544 0.402058 0.5618399 0.4020311 0.5628547 0.4020491 0.5628547 0.4020491 0.5618399 0.4020311 0.5618399 0.4020261 0.5628547 0.4020491 0.5618399 0.4020261 0.5628548 0.4020442 0.5628548 0.4020442 0.5618399 0.4020261 0.5618399 0.4020224 0.5628548 0.4020442 0.5618399 0.4020224 0.562855 0.4020406 0.562855 0.4020406 0.5618399 0.4020224 0.5618399 0.4020194 0.562855 0.4020406 0.5618399 0.4020194 0.5628551 0.4020375 0.5628551 0.4020375 0.5618399 0.4020194 0.5618399 0.4020168 0.5628551 0.4020375 0.5618399 0.4020168 0.5628551 0.4020349 0.562738 0.5969502 0.5617228 0.5969553 0.5617226 0.5969524 0.562738 0.5969502 0.5617226 0.5969524 0.562738 0.5969473 0.562738 0.5969473 0.5617226 0.5969524 0.5617226 0.5969492 0.562738 0.5969473 0.5617226 0.5969492 0.562738 0.5969441 0.562738 0.5969441 0.5617226 0.5969492 0.5617225 0.5969453 0.562738 0.5969441 0.5617225 0.5969453 0.562738 0.5969402 0.562738 0.5969402 0.5617225 0.5969453 0.5617224 0.5969399 0.562738 0.5969402 0.5617224 0.5969399 0.562738 0.5969348 0.562738 0.5969348 0.5617224 0.5969399 0.5617223 0.596931 0.562738 0.5969348 0.5617223 0.596931 0.562738 0.5969259 0.562738 0.5969259 0.5617223 0.596931 0.5617222 0.5969115 0.562738 0.5969259 0.5617222 0.5969115 0.5627379 0.5969064 0.5627379 0.5969064 0.5617222 0.5969115 0.5621352 0.596736 0.5627379 0.5969064 0.5621352 0.596736 0.5646646 0.5967271 0.5673736 0.4023458 0.5654381 0.4021522 0.5673806 0.4021959 0.5673806 0.4021959 0.5654381 0.4021522 0.5654385 0.4021311 0.5673806 0.4021959 0.5654385 0.4021311 0.5673816 0.4021748 0.5673816 0.4021748 0.5654385 0.4021311 0.5654386 0.4021224 0.5673816 0.4021748 0.5654386 0.4021224 0.567382 0.4021661 0.567382 0.4021661 0.5654386 0.4021224 0.5654387 0.4021175 0.567382 0.4021661 0.5654387 0.4021175 0.5673822 0.4021612 0.5673822 0.4021612 0.5654387 0.4021175 0.5654388 0.4021137 0.5673822 0.4021612 0.5654388 0.4021137 0.5673824 0.4021575 0.5673824 0.4021575 0.5654388 0.4021137 0.5654388 0.4021108 0.5673824 0.4021575 0.5654388 0.4021108 0.5673825 0.4021545 0.5673825 0.4021545 0.5654388 0.4021108 0.5654389 0.4021081 0.5673825 0.4021545 0.5654389 0.4021081 0.5673826 0.4021518 0.567267 0.596932 0.5653228 0.5969406 0.5653227 0.5969378 0.567267 0.596932 0.5653227 0.5969378 0.567267 0.5969291 0.567267 0.5969291 0.5653227 0.5969378 0.5653226 0.5969346 0.567267 0.5969291 0.5653226 0.5969346 0.5672671 0.5969259 0.5672671 0.5969259 0.5653226 0.5969346 0.5653226 0.5969306 0.5672671 0.5969259 0.5653226 0.5969306 0.5672671 0.596922 0.5672671 0.596922 0.5653226 0.5969306 0.5653226 0.5969253 0.5672671 0.596922 0.5653226 0.5969253 0.5672671 0.5969166 0.5672671 0.5969166 0.5653226 0.5969253 0.5653225 0.5969164 0.5672671 0.5969166 0.5653225 0.5969164 0.5672671 0.5969077 0.5672671 0.5969077 0.5653225 0.5969164 0.5653224 0.5968968 0.5672671 0.5969077 0.5653224 0.5968968 0.5672671 0.5968882 0.5672671 0.5968882 0.5653224 0.5968968 0.5672665 0.5967153 0.5672671 0.5968882 0.5672665 0.5967153 0.5675043 0.5967152 0.5692319 0.4024894 0.5673806 0.4021959 0.5692454 0.4023399 0.5692454 0.4023399 0.5673806 0.4021959 0.5673816 0.4021748 0.5692454 0.4023399 0.5673816 0.4021748 0.5692473 0.4023189 0.5692473 0.4023189 0.5673816 0.4021748 0.567382 0.4021661 0.5692473 0.4023189 0.567382 0.4021661 0.5692481 0.4023101 0.5692481 0.4023101 0.567382 0.4021661 0.5673822 0.4021612 0.5692481 0.4023101 0.5673822 0.4021612 0.5692486 0.4023053 0.5692486 0.4023053 0.5673822 0.4021612 0.5673824 0.4021575 0.5692486 0.4023053 0.5673824 0.4021575 0.5692489 0.4023016 0.5692489 0.4023016 0.5673824 0.4021575 0.5673825 0.4021545 0.5692489 0.4023016 0.5673825 0.4021545 0.5692492 0.4022985 0.5692492 0.4022985 0.5673825 0.4021545 0.5673826 0.4021518 0.5692492 0.4022985 0.5673826 0.4021518 0.5692494 0.4022959 0.5691372 0.5969371 0.567267 0.596932 0.567267 0.5969291 0.5691372 0.5969371 0.567267 0.5969291 0.5691373 0.5969341 0.5691373 0.5969341 0.567267 0.5969291 0.5672671 0.5969259 0.5691373 0.5969341 0.5672671 0.5969259 0.5691375 0.596931 0.5691375 0.596931 0.5672671 0.5969259 0.5672671 0.596922 0.5691375 0.596931 0.5672671 0.596922 0.5691376 0.5969271 0.5691376 0.5969271 0.5672671 0.596922 0.5672671 0.5969166 0.5691376 0.5969271 0.5672671 0.5969166 0.5691376 0.5969217 0.5691376 0.5969217 0.5672671 0.5969166 0.5672671 0.5969077 0.5691376 0.5969217 0.5672671 0.5969077 0.5691378 0.5969128 0.5691378 0.5969128 0.5672671 0.5969077 0.5672671 0.5968882 0.5691378 0.5969128 0.5672671 0.5968882 0.5691379 0.5968933 0.5691379 0.5968933 0.5672671 0.5968882 0.5675043 0.5967152 0.5691379 0.5968933 0.5675043 0.5967152 0.5691375 0.5967204 0.5691375 0.5967204 0.5719918 0.5969012 0.5691379 0.5968933 0.5691379 0.5968933 0.5719918 0.5969012 0.5719917 0.5969207 0.5691379 0.5968933 0.5719917 0.5969207 0.5691378 0.5969128 0.5691378 0.5969128 0.5719917 0.5969207 0.5719916 0.5969296 0.5691378 0.5969128 0.5719916 0.5969296 0.5691376 0.5969217 0.5691376 0.5969217 0.5719916 0.5969296 0.5719916 0.596935 0.5691376 0.5969217 0.5719916 0.596935 0.5691376 0.5969271 0.5691376 0.5969271 0.5719916 0.596935 0.5719915 0.5969389 0.5691376 0.5969271 0.5719915 0.5969389 0.5691375 0.596931 0.5691375 0.596931 0.5719915 0.5969389 0.5719914 0.5969421 0.5691375 0.596931 0.5719914 0.5969421 0.5691373 0.5969341 0.5691373 0.5969341 0.5719914 0.5969421 0.5719913 0.596945 0.5691373 0.5969341 0.5719913 0.596945 0.5691372 0.5969371 0.5692494 0.4022959 0.5720981 0.4025174 0.5720979 0.40252 0.5692494 0.4022959 0.5720979 0.40252 0.5692492 0.4022985 0.5692492 0.4022985 0.5720979 0.40252 0.5720977 0.4025231 0.5692492 0.4022985 0.5720977 0.4025231 0.5692489 0.4023016 0.5692489 0.4023016 0.5720977 0.4025231 0.5720974 0.4025267 0.5692489 0.4023016 0.5720974 0.4025267 0.5692486 0.4023053 0.5692486 0.4023053 0.5720974 0.4025267 0.5720971 0.4025316 0.5692486 0.4023053 0.5720971 0.4025316 0.5692481 0.4023101 0.5692481 0.4023101 0.5720971 0.4025316 0.5720964 0.4025404 0.5692481 0.4023101 0.5720964 0.4025404 0.5692473 0.4023189 0.5692473 0.4023189 0.5720964 0.4025404 0.5720949 0.4025614 0.5692473 0.4023189 0.5720949 0.4025614 0.5692454 0.4023399 0.5692454 0.4023399 0.5720949 0.4025614 0.5720841 0.4027112 0.5692454 0.4023399 0.5720841 0.4027112 0.5692319 0.4024894 0.5691375 0.5967204 0.5719677 0.5967283 0.5719918 0.5969012 0.5719918 0.5969012 0.5719677 0.5967283 0.5719913 0.5967283 0.5719918 0.5969012 0.5719913 0.5967283 0.5729743 0.5969048 0.5729743 0.5969048 0.5719913 0.5967283 0.5729739 0.5967319 0.5729743 0.5969048 0.5729739 0.5967319 0.5739561 0.5969132 0.5739561 0.5969132 0.5729739 0.5967319 0.5739558 0.5967403 0.5739561 0.5969132 0.5739558 0.5967403 0.5743169 0.5967443 0.5764619 0.4032489 0.5740503 0.4027634 0.5764818 0.4031 0.5764818 0.4031 0.5740503 0.4027634 0.5740532 0.4027425 0.5764818 0.4031 0.5740532 0.4027425 0.5764846 0.4030792 0.5764846 0.4030792 0.5740532 0.4027425 0.5740544 0.4027338 0.5764846 0.4030792 0.5740544 0.4027338 0.5764858 0.4030705 0.5764858 0.4030705 0.5740544 0.4027338 0.5740551 0.4027289 0.5764858 0.4030705 0.5740551 0.4027289 0.5764864 0.4030656 0.5764864 0.4030656 0.5740551 0.4027289 0.5740556 0.4027252 0.5764864 0.4030656 0.5740556 0.4027252 0.5764869 0.4030619 0.5764869 0.4030619 0.5740556 0.4027252 0.574056 0.4027222 0.5764869 0.4030619 0.574056 0.4027222 0.5764873 0.4030589 0.5764873 0.4030589 0.574056 0.4027222 0.5740564 0.4027196 0.5764873 0.4030589 0.5740564 0.4027196 0.5764876 0.4030563 0.5763951 0.5969831 0.5739548 0.596957 0.573955 0.5969541 0.5763951 0.5969831 0.573955 0.5969541 0.5763953 0.5969802 0.5763953 0.5969802 0.573955 0.5969541 0.5739552 0.596951 0.5763953 0.5969802 0.5739552 0.596951 0.5763955 0.5969771 0.5763955 0.5969771 0.5739552 0.596951 0.5739554 0.596947 0.5763955 0.5969771 0.5739554 0.596947 0.5763958 0.5969731 0.5763958 0.5969731 0.5739554 0.596947 0.5739556 0.5969416 0.5763958 0.5969731 0.5739556 0.5969416 0.5763959 0.5969678 0.5763959 0.5969678 0.5739556 0.5969416 0.5739558 0.5969328 0.5763959 0.5969678 0.5739558 0.5969328 0.5763961 0.5969589 0.5763961 0.5969589 0.5739558 0.5969328 0.5739561 0.5969132 0.5763961 0.5969589 0.5739561 0.5969132 0.5763964 0.5969393 0.5763964 0.5969393 0.5739561 0.5969132 0.5743169 0.5967443 0.5763964 0.5969393 0.5743169 0.5967443 0.5772627 0.5967756 0.5779268 0.5969859 0.5763959 0.5969678 0.5779271 0.5969799 0.5779271 0.5969799 0.5763959 0.5969678 0.5763961 0.5969589 0.5779271 0.5969799 0.5763961 0.5969589 0.5779271 0.596977 0.5779271 0.596977 0.5763961 0.5969589 0.5763964 0.5969393 0.5779271 0.596977 0.5763964 0.5969393 0.5779275 0.5969575 0.5779275 0.5969575 0.5763964 0.5969393 0.5772627 0.5967756 0.5779275 0.5969575 0.5772627 0.5967756 0.5779275 0.5967846 0.5790442 0.4037295 0.5788429 0.4036692 0.5788787 0.4035408 0.5786924 0.4036284 0.5779776 0.403472 0.5780043 0.4033242 0.5796874 0.5970326 0.5796878 0.597029 0.5801116 0.5970345 0.5801111 0.597038 0.5801105 0.5970411 0.5796869 0.5970357 0.5797498 0.4040036 0.5795505 0.4039147 0.5797311 0.4038451 0.5807163 0.5970184 0.5808652 0.5970186 0.5808715 0.5970232 0.5806389 0.4045575 0.5810621 0.404747 0.5810981 0.404829 0.5810981 0.404829 0.5811186 0.4048882 0.5806389 0.4045575 0.5806389 0.4045575 0.5811186 0.4048882 0.5811326 0.4049403 0.5806389 0.4045575 0.5811326 0.4049403 0.5811439 0.4050019 0.5809048 0.4046013 0.5809203 0.4045833 0.5810565 0.4047358 0.5810565 0.4047358 0.5809203 0.4045833 0.5810291 0.4046844 0.5809301 0.4045716 0.5810011 0.4046369 0.5809203 0.4045833 0.5809203 0.4045833 0.5810011 0.4046369 0.5810173 0.4046638 0.5809203 0.4045833 0.5810173 0.4046638 0.5810291 0.4046844 0.5809368 0.4045634 0.5809763 0.404598 0.5809301 0.4045716 0.5809301 0.4045716 0.5809763 0.404598 0.5809817 0.4046062 0.5809301 0.4045716 0.5809817 0.4046062 0.5810011 0.4046369 0.5809403 0.4045454 0.5809451 0.4045522 0.5809451 0.4045524 0.5809451 0.4045524 0.5809451 0.4045522 0.5809462 0.4045538 0.5809451 0.4045524 0.5809462 0.4045538 0.5809435 0.4045547 0.5809435 0.4045547 0.5809462 0.4045538 0.5809522 0.4045622 0.5809435 0.4045547 0.5809522 0.4045622 0.5809416 0.4045572 0.5809416 0.4045572 0.5809522 0.4045622 0.5809533 0.4045639 0.5809416 0.4045572 0.5809533 0.4045639 0.5809599 0.4045736 0.5805205 0.5970356 0.580874 0.5970246 0.5805199 0.5970387 0.3605076 0.9531052 0.3605097 0.9535475 0.3605076 0.9535552 0.5805199 0.5970387 0.5808789 0.597027 0.5805191 0.5970415 0.2311018 0.9531052 0.2311032 0.9535549 0.2311018 0.9535599 0.5805191 0.5970415 0.5808821 0.5970283 0.5805181 0.597044 0.5805766 0.4042514 0.5809323 0.4045342 0.5809403 0.4045454 0.5805766 0.4042514 0.5809403 0.4045454 0.5805755 0.4042533 0.5805755 0.4042533 0.5809403 0.4045454 0.5809451 0.4045524 0.5805755 0.4042533 0.5809451 0.4045524 0.5805742 0.4042554 0.5808508 0.5969989 0.5808547 0.5970063 0.5807163 0.5970178 0.5807163 0.5970178 0.5808547 0.5970063 0.580859 0.5970122 0.5807163 0.5970178 0.580859 0.5970122 0.5807163 0.5970184 0.5807163 0.5970184 0.580859 0.5970122 0.5808645 0.597018 0.5807163 0.5970184 0.5808645 0.597018 0.5808652 0.5970186 0.5808438 0.5969762 0.5808475 0.5969902 0.5805221 0.597012 0.5808438 0.5969762 0.5805221 0.597012 0.5808398 0.5969517 0.5808398 0.5969517 0.5805221 0.597012 0.5805205 0.5969697 0.5808398 0.5969517 0.5805205 0.5969697 0.5808358 0.5968877 0.5808358 0.5968877 0.5805205 0.5969697 0.5803021 0.596823 0.5808358 0.5968877 0.5803021 0.596823 0.5808346 0.5968061 0.5797498 0.4040036 0.5797311 0.4038451 0.5800958 0.4041845 0.5797536 0.4037938 0.5801685 0.4040072 0.5797507 0.4038007 0.5797507 0.4038007 0.5801685 0.4040072 0.5801665 0.4040108 0.5797507 0.4038007 0.5801665 0.4040108 0.5797465 0.4038102 0.5797465 0.4038102 0.5801665 0.4040108 0.5801615 0.40402 0.5797465 0.4038102 0.5801615 0.40402 0.5797311 0.4038451 0.5797311 0.4038451 0.5801615 0.40402 0.5801428 0.4040535 0.5797311 0.4038451 0.5801428 0.4040535 0.5800958 0.4041845 0.5807608 0.4044046 0.5809368 0.4045634 0.5807563 0.4044108 0.5807563 0.4044108 0.5809368 0.4045634 0.5809301 0.4045716 0.5807563 0.4044108 0.5809301 0.4045716 0.5805609 0.4042754 0.5805609 0.4042754 0.5809301 0.4045716 0.5809203 0.4045833 0.5805609 0.4042754 0.5809203 0.4045833 0.5805386 0.4043071 0.5805386 0.4043071 0.5809203 0.4045833 0.5809048 0.4046013 0.5805386 0.4043071 0.5809048 0.4046013 0.5806389 0.4045575 0.5806389 0.4045575 0.5809048 0.4046013 0.5810565 0.4047358 0.5806389 0.4045575 0.5810565 0.4047358 0.5810621 0.404747 0.5805609 0.4042754 0.5805668 0.4042668 0.5807563 0.4044108 0.5807563 0.4044108 0.5805668 0.4042668 0.5805691 0.4042633 0.5807563 0.4044108 0.5805691 0.4042633 0.5807608 0.4044046 0.5807608 0.4044046 0.5805691 0.4042633 0.5805711 0.4042603 0.5807608 0.4044046 0.5805711 0.4042603 0.5805727 0.4042577 0.5805742 0.4042554 0.5809451 0.4045524 0.5805727 0.4042577 0.5805727 0.4042577 0.5809451 0.4045524 0.5809435 0.4045547 0.9591435 0.06470781 0.9595232 0.06470781 0.9593359 0.06471198 0.5807608 0.4044046 0.5809435 0.4045547 0.5809416 0.4045572 0.5807608 0.4044046 0.5809416 0.4045572 0.5809368 0.4045634 0.5809368 0.4045634 0.5809416 0.4045572 0.5809599 0.4045736 0.5809368 0.4045634 0.5809599 0.4045736 0.5809763 0.404598 0.5796869 0.5970357 0.5801105 0.5970411 0.5796863 0.5970385 0.5796863 0.5970385 0.5801105 0.5970411 0.5801098 0.5970439 0.5796863 0.5970385 0.5801098 0.5970439 0.5796856 0.597041 0.5796856 0.597041 0.5801098 0.5970439 0.580109 0.5970464 0.5797577 0.4037842 0.580175 0.4039947 0.5797569 0.4037862 0.5797569 0.4037862 0.580175 0.4039947 0.580174 0.4039967 0.5797569 0.4037862 0.580174 0.4039967 0.579756 0.4037884 0.579756 0.4037884 0.580174 0.4039967 0.5801729 0.4039989 0.579756 0.4037884 0.5801729 0.4039989 0.5797549 0.403791 0.5797549 0.403791 0.5801729 0.4039989 0.5801717 0.4040014 0.5797549 0.403791 0.5801717 0.4040014 0.5797536 0.4037938 0.5797536 0.4037938 0.5801717 0.4040014 0.5801702 0.4040041 0.5797536 0.4037938 0.5801702 0.4040041 0.5801685 0.4040072 0.58032 0.5970259 0.5805211 0.597032 0.5803192 0.5970344 0.5803192 0.5970344 0.5805211 0.597032 0.5805205 0.5970356 0.5806389 0.4045575 0.5800958 0.4041845 0.5805386 0.4043071 0.5805386 0.4043071 0.5800958 0.4041845 0.5801428 0.4040535 0.5805386 0.4043071 0.5801428 0.4040535 0.5805609 0.4042754 0.5805609 0.4042754 0.5801428 0.4040535 0.5801615 0.40402 0.5805609 0.4042754 0.5801615 0.40402 0.5805668 0.4042668 0.5805668 0.4042668 0.5801615 0.40402 0.5801665 0.4040108 0.5805668 0.4042668 0.5801665 0.4040108 0.5805691 0.4042633 0.5805691 0.4042633 0.5801665 0.4040108 0.5801685 0.4040072 0.5805691 0.4042633 0.5801685 0.4040072 0.5805711 0.4042603 0.5805711 0.4042603 0.5801685 0.4040072 0.5801702 0.4040041 0.5805711 0.4042603 0.5801702 0.4040041 0.5805727 0.4042577 0.5805727 0.4042577 0.5801702 0.4040041 0.5801717 0.4040014 0.5805727 0.4042577 0.5801717 0.4040014 0.5805742 0.4042554 0.5805742 0.4042554 0.5801717 0.4040014 0.5801729 0.4039989 0.5805742 0.4042554 0.5801729 0.4039989 0.5805755 0.4042533 0.5805755 0.4042533 0.5801729 0.4039989 0.580174 0.4039967 0.5805755 0.4042533 0.580174 0.4039967 0.5805766 0.4042514 0.5805766 0.4042514 0.580174 0.4039967 0.580175 0.4039947 0.5805181 0.597044 0.580109 0.5970464 0.5805191 0.5970415 0.5805191 0.5970415 0.580109 0.5970464 0.5801098 0.5970439 0.5805191 0.5970415 0.5801098 0.5970439 0.5805199 0.5970387 0.5805199 0.5970387 0.5801098 0.5970439 0.5801105 0.5970411 0.5805199 0.5970387 0.5801105 0.5970411 0.5805205 0.5970356 0.5805205 0.5970356 0.5801105 0.5970411 0.5801111 0.597038 0.9404896 0.785714 0.9400127 0.785714 0.9402505 0.7857062 0.5801116 0.5970345 0.5796878 0.597029 0.5801123 0.597026 0.5801123 0.597026 0.5796878 0.597029 0.5796885 0.5970205 0.5801123 0.597026 0.5796885 0.5970205 0.5801127 0.5970146 0.5801127 0.5970146 0.5796885 0.5970205 0.5796889 0.5970091 0.5801127 0.5970146 0.5796889 0.5970091 0.5801119 0.5969725 0.5801119 0.5969725 0.5796889 0.5970091 0.5796887 0.5969673 0.5801119 0.5969725 0.5796887 0.5969673 0.5800915 0.5968235 0.5796869 0.5970357 0.5796874 0.5970326 0.5801111 0.597038 0.5801111 0.597038 0.5796874 0.5970326 0.5801116 0.5970345 0.5801111 0.597038 0.5801116 0.5970345 0.5803192 0.5970344 0.5803192 0.5970344 0.5801116 0.5970345 0.5801123 0.597026 0.5803192 0.5970344 0.5801123 0.597026 0.58032 0.5970259 0.58032 0.5970259 0.5801123 0.597026 0.5801127 0.5970146 0.5808475 0.5969902 0.5808508 0.5969989 0.5805221 0.597012 0.5805221 0.597012 0.5808508 0.5969989 0.5807163 0.5970178 0.5805221 0.597012 0.5807163 0.5970178 0.5805218 0.5970236 0.5805218 0.5970236 0.5807163 0.5970178 0.5807163 0.5970184 0.5800915 0.5968235 0.5803021 0.596823 0.5801119 0.5969725 0.5801119 0.5969725 0.5803021 0.596823 0.5805205 0.5969697 0.5801119 0.5969725 0.5805205 0.5969697 0.5801127 0.5970146 0.5801127 0.5970146 0.5805205 0.5969697 0.5805221 0.597012 0.5801127 0.5970146 0.5805221 0.597012 0.58032 0.5970259 0.58032 0.5970259 0.5805221 0.597012 0.5805218 0.5970236 0.58032 0.5970259 0.5805218 0.5970236 0.5805211 0.597032 0.5805211 0.597032 0.5805218 0.5970236 0.5807163 0.5970184 0.5805211 0.597032 0.5807163 0.5970184 0.5805205 0.5970356 0.60088 0.953105 0.6008898 0.9533426 0.60088 0.953544 0.5805205 0.5970356 0.5808715 0.5970232 0.580874 0.5970246 0.5788171 0.5969995 0.5788166 0.5970079 0.578373 0.5970008 0.578373 0.5970008 0.5788166 0.5970079 0.5788163 0.5970113 0.578373 0.5970008 0.5788163 0.5970113 0.578816 0.5970144 0.578373 0.5970008 0.578816 0.5970144 0.5788156 0.5970172 0.5779275 0.5967846 0.5783171 0.5967914 0.5779275 0.5969575 0.5779275 0.5969575 0.5783171 0.5967914 0.5788175 0.5969882 0.5779275 0.5969575 0.5788175 0.5969882 0.5779271 0.596977 0.5779271 0.596977 0.5788175 0.5969882 0.5788171 0.5969995 0.5779271 0.596977 0.5788171 0.5969995 0.5779271 0.5969799 0.5779271 0.5969799 0.5788171 0.5969995 0.578373 0.5970008 0.5790442 0.4037295 0.5788787 0.4035408 0.5794257 0.403864 0.5788175 0.5969882 0.5792564 0.5969993 0.5788171 0.5969995 0.5788171 0.5969995 0.5792564 0.5969993 0.579256 0.5970107 0.5788171 0.5969995 0.579256 0.5970107 0.5788166 0.5970079 0.5788166 0.5970079 0.579256 0.5970107 0.5792554 0.5970191 0.5788166 0.5970079 0.5792554 0.5970191 0.5788163 0.5970113 0.5788163 0.5970113 0.5792554 0.5970191 0.5792551 0.5970226 0.5788163 0.5970113 0.5792551 0.5970226 0.578816 0.5970144 0.578816 0.5970144 0.5792551 0.5970226 0.5792546 0.5970257 0.578816 0.5970144 0.5792546 0.5970257 0.5788156 0.5970172 0.5788156 0.5970172 0.5792546 0.5970257 0.5792542 0.5970285 0.5788156 0.5970172 0.5792542 0.5970285 0.5788152 0.5970197 0.5788152 0.5970197 0.5792542 0.5970285 0.5792536 0.5970311 0.5788152 0.5970197 0.5792536 0.5970311 0.5788147 0.5970221 0.5788147 0.5970221 0.5792536 0.5970311 0.579253 0.5970333 0.5788955 0.4034799 0.5793299 0.4036163 0.5788949 0.4034823 0.5788949 0.4034823 0.5793299 0.4036163 0.5793291 0.4036185 0.5788949 0.4034823 0.5793291 0.4036185 0.5788941 0.4034848 0.5788941 0.4034848 0.5793291 0.4036185 0.5793282 0.4036211 0.5788941 0.4034848 0.5793282 0.4036211 0.5788934 0.4034878 0.5788934 0.4034878 0.5793282 0.4036211 0.5793272 0.403624 0.5788934 0.4034878 0.5793272 0.403624 0.5788914 0.4034949 0.5788914 0.4034949 0.5793272 0.403624 0.5793248 0.4036311 0.5788914 0.4034949 0.5793248 0.4036311 0.5788887 0.4035047 0.5788887 0.4035047 0.5793248 0.4036311 0.5793215 0.4036408 0.5788887 0.4035047 0.5793215 0.4036408 0.5788787 0.4035408 0.5788787 0.4035408 0.5793215 0.4036408 0.5793089 0.4036765 0.5788787 0.4035408 0.5793089 0.4036765 0.5794257 0.403864 0.5788429 0.4036692 0.5786924 0.4036284 0.5788787 0.4035408 0.5788787 0.4035408 0.5786924 0.4036284 0.5780043 0.4033242 0.5788787 0.4035408 0.5780043 0.4033242 0.5788887 0.4035047 0.5788887 0.4035047 0.5780043 0.4033242 0.578008 0.4033035 0.5788887 0.4035047 0.578008 0.4033035 0.5788914 0.4034949 0.5788914 0.4034949 0.578008 0.4033035 0.5780096 0.4032948 0.5788914 0.4034949 0.5780096 0.4032948 0.5788934 0.4034878 0.5788934 0.4034878 0.5780096 0.4032948 0.5780104 0.40329 0.5788934 0.4034878 0.5780104 0.40329 0.5788941 0.4034848 0.5788941 0.4034848 0.5780104 0.40329 0.578011 0.4032863 0.5788941 0.4034848 0.578011 0.4032863 0.5788949 0.4034823 0.5788949 0.4034823 0.578011 0.4032863 0.5780116 0.4032834 0.5788949 0.4034823 0.5780116 0.4032834 0.5788955 0.4034799 0.5788955 0.4034799 0.5780116 0.4032834 0.5780121 0.4032807 0.5788147 0.5970221 0.5779256 0.5970013 0.5788152 0.5970197 0.5788152 0.5970197 0.5779256 0.5970013 0.5779258 0.597 0.5788152 0.5970197 0.5779258 0.597 0.5788156 0.5970172 0.5788156 0.5970172 0.5779258 0.597 0.577926 0.5969983 0.9215269 0.1571976 0.920621 0.1571976 0.9210736 0.1571835 0.578373 0.5970008 0.577926 0.5969983 0.5779263 0.5969952 0.578373 0.5970008 0.5779263 0.5969952 0.5779265 0.5969913 0.578373 0.5970008 0.5779265 0.5969913 0.5779268 0.5969859 0.578373 0.5970008 0.5779268 0.5969859 0.5779271 0.5969799 0.5783171 0.5967914 0.578617 0.5967973 0.5788175 0.5969882 0.5788175 0.5969882 0.578617 0.5967973 0.5788167 0.5968015 0.5788175 0.5969882 0.5788167 0.5968015 0.5792564 0.5969993 0.5792564 0.5969993 0.5788167 0.5968015 0.5793585 0.5968133 0.5792564 0.5969993 0.5793585 0.5968133 0.5796013 0.5968179 0.5795505 0.4039147 0.5794257 0.403864 0.5797311 0.4038451 0.5797311 0.4038451 0.5794257 0.403864 0.5793089 0.4036765 0.5797311 0.4038451 0.5793089 0.4036765 0.5797465 0.4038102 0.5797465 0.4038102 0.5793089 0.4036765 0.5793215 0.4036408 0.5797465 0.4038102 0.5793215 0.4036408 0.5797507 0.4038007 0.5797507 0.4038007 0.5793215 0.4036408 0.5793248 0.4036311 0.5797507 0.4038007 0.5793248 0.4036311 0.5797536 0.4037938 0.5797536 0.4037938 0.5793248 0.4036311 0.5793272 0.403624 0.5797536 0.4037938 0.5793272 0.403624 0.5797549 0.403791 0.5797549 0.403791 0.5793272 0.403624 0.5793282 0.4036211 0.5797549 0.403791 0.5793282 0.4036211 0.579756 0.4037884 0.579756 0.4037884 0.5793282 0.4036211 0.5793291 0.4036185 0.579756 0.4037884 0.5793291 0.4036185 0.5797569 0.4037862 0.5797569 0.4037862 0.5793291 0.4036185 0.5793299 0.4036163 0.5796849 0.5970433 0.579253 0.5970333 0.5796856 0.597041 0.5796856 0.597041 0.579253 0.5970333 0.5792536 0.5970311 0.5796856 0.597041 0.5792536 0.5970311 0.5796863 0.5970385 0.5796863 0.5970385 0.5792536 0.5970311 0.5792542 0.5970285 0.5796863 0.5970385 0.5792542 0.5970285 0.5796869 0.5970357 0.5796869 0.5970357 0.5792542 0.5970285 0.5792546 0.5970257 0.5796869 0.5970357 0.5792546 0.5970257 0.5796874 0.5970326 0.5796874 0.5970326 0.5792546 0.5970257 0.5792551 0.5970226 0.5796874 0.5970326 0.5792551 0.5970226 0.5796878 0.597029 0.5796878 0.597029 0.5792551 0.5970226 0.5792554 0.5970191 0.5796878 0.597029 0.5792554 0.5970191 0.5796885 0.5970205 0.5796885 0.5970205 0.5792554 0.5970191 0.579256 0.5970107 0.5796885 0.5970205 0.579256 0.5970107 0.5796889 0.5970091 0.5796889 0.5970091 0.579256 0.5970107 0.5792564 0.5969993 0.5796889 0.5970091 0.5792564 0.5969993 0.5796887 0.5969673 0.5796887 0.5969673 0.5792564 0.5969993 0.5796013 0.5968179 0.5796887 0.5969673 0.5796013 0.5968179 0.5800915 0.5968235</float_array>
          <technique_common>
            <accessor source="#Helice_010-mesh-map-0-array" count="18276" stride="2">
              <param name="S" type="float" />
              <param name="T" type="float" />
            </accessor>
          </technique_common>
        </source>
        <vertices id="Helice_010-mesh-vertices">
          <input semantic="POSITION" source="#Helice_010-mesh-positions" />
        </vertices>
        <triangles material="green-material" count="6092">
          <input semantic="VERTEX" source="#Helice_010-mesh-vertices" offset="0" />
          <input semantic="NORMAL" source="#Helice_010-mesh-normals" offset="1" />
          <input semantic="TEXCOORD" source="#Helice_010-mesh-map-0" offset="2" set="0" />
          <p>0 0 0 1 1 1 2 2 2 2 2 3 1 1 4 3 3 5 2 2 6 3 3 7 4 4 8 4 4 9 3 3 10 5 5 11 4 4 12 5 5 13 6 6 14 6 6 15 5 5 16 7 7 17 6 6 18 7 7 19 8 8 20 8 8 21 7 7 22 9 9 23 8 8 24 9 9 25 10 10 26 10 10 27 9 9 28 11 11 29 10 10 30 11 11 31 12 12 32 12 12 33 11 11 34 13 13 35 14 14 36 15 15 37 16 16 38 16 16 39 15 15 40 17 17 41 16 16 42 17 17 43 18 18 44 19 19 45 20 20 46 21 21 47 21 21 48 20 20 49 18 18 50 21 21 51 18 18 52 22 22 53 22 22 54 18 18 55 17 17 56 23 23 57 24 24 58 25 25 59 25 25 60 24 24 61 26 26 62 27 27 63 25 25 64 28 28 65 28 28 66 25 25 67 29 29 68 27 27 69 30 30 70 25 25 71 25 25 72 30 30 73 31 31 74 25 25 75 31 31 76 32 32 77 32 32 78 33 33 79 25 25 80 25 25 81 33 33 82 34 34 83 25 25 84 34 34 85 35 35 86 35 35 87 36 36 88 25 25 89 25 25 90 36 36 91 37 37 92 25 25 93 37 37 94 38 38 95 38 38 96 39 39 97 25 25 98 25 25 99 39 39 100 40 40 101 25 25 102 40 40 103 23 23 104 19 19 105 29 29 106 20 20 107 20 20 108 29 29 109 25 25 110 20 20 111 25 25 112 41 41 113 42 42 114 43 43 115 41 41 116 41 41 117 44 44 118 45 45 119 45 45 120 46 46 121 41 41 122 41 41 123 46 46 124 47 47 125 41 41 126 47 47 127 48 48 128 48 48 129 49 49 130 41 41 131 41 41 132 49 49 133 50 50 134 41 41 135 50 50 136 42 42 137 43 43 138 51 51 139 41 41 140 41 41 141 51 51 142 52 52 143 41 41 144 52 52 145 20 20 146 26 26 147 53 53 148 25 25 149 25 25 150 53 53 151 54 54 152 25 25 153 54 54 154 41 41 155 41 41 156 54 54 157 55 55 158 41 41 159 55 55 160 44 44 161 13 13 162 56 56 163 12 12 164 12 12 165 56 56 166 57 57 167 12 12 168 57 57 169 58 58 170 58 58 171 57 57 172 15 15 173 58 58 174 15 15 175 59 59 176 59 59 177 15 15 178 14 14 179 60 60 180 61 61 181 0 0 182 0 0 183 61 61 184 62 62 185 0 0 186 62 62 187 1 1 188 63 63 189 64 64 190 65 65 191 65 65 192 64 64 193 66 66 194 65 65 195 66 66 196 67 67 197 67 67 198 66 66 199 68 68 200 67 67 201 68 68 202 69 69 203 69 69 204 68 68 205 70 70 206 69 69 207 70 70 208 60 60 209 60 60 210 70 70 211 71 71 212 60 60 213 71 71 214 61 61 215 63 63 216 65 65 217 72 72 218 72 72 219 65 65 220 73 73 221 72 72 222 73 73 223 74 74 224 75 75 225 76 76 226 73 73 227 75 75 228 73 73 229 77 77 230 78 78 231 79 79 232 73 73 233 80 80 234 81 81 235 73 73 236 73 73 237 81 81 238 82 82 239 73 73 240 82 82 241 83 83 242 83 83 243 84 84 244 73 73 245 73 73 246 84 84 247 85 85 248 73 73 249 85 85 250 78 78 251 79 79 252 86 86 253 73 73 254 73 73 255 86 86 256 87 87 257 73 73 258 87 87 259 77 77 260 76 76 261 88 88 262 73 73 263 73 73 264 88 88 265 89 89 266 73 73 267 89 89 268 74 74 269 90 90 270 91 91 271 92 92 272 93 93 273 81 81 274 94 94 275 94 94 276 81 81 277 80 80 278 92 92 279 91 91 280 94 94 281 94 94 282 91 91 283 95 95 284 94 94 285 95 95 286 93 93 287 90 90 288 92 92 289 96 96 290 96 96 291 92 92 292 97 97 293 96 96 294 97 97 295 98 98 296 98 98 297 97 97 298 99 99 299 98 98 300 99 99 301 100 100 302 100 100 303 99 99 304 101 101 305 101 101 306 99 99 307 102 102 308 101 101 309 102 102 310 103 103 311 103 103 312 102 102 313 104 104 314 104 104 315 102 102 316 105 105 317 104 104 318 105 105 319 106 106 320 106 106 321 105 105 322 107 107 323 107 107 324 105 105 325 108 108 326 107 107 327 108 108 328 109 109 329 109 109 330 108 108 331 110 110 332 110 110 333 108 108 334 111 111 335 110 110 336 111 111 337 112 112 338 112 112 339 111 111 340 113 113 341 113 113 342 111 111 343 114 114 344 113 113 345 114 114 346 115 115 347 115 115 348 114 114 349 116 116 350 116 116 351 114 114 352 117 117 353 116 116 354 117 117 355 118 118 356 118 118 357 117 117 358 119 119 359 119 119 360 117 117 361 120 120 362 119 119 363 120 120 364 121 121 365 121 121 366 120 120 367 122 122 368 121 121 369 122 122 370 123 123 371 124 124 372 125 125 373 122 122 374 122 122 375 125 125 376 126 126 377 122 122 378 126 126 379 123 123 380 127 127 381 128 128 382 129 129 383 129 129 384 128 128 385 130 130 386 129 129 387 130 130 388 124 124 389 124 124 390 130 130 391 131 131 392 124 124 393 131 131 394 125 125 395 132 132 396 133 133 397 134 134 398 134 134 399 133 133 400 135 135 401 134 134 402 135 135 403 127 127 404 127 127 405 135 135 406 136 136 407 127 127 408 136 136 409 128 128 410 132 132 411 134 134 412 137 137 413 137 137 414 134 134 415 138 138 416 137 137 417 138 138 418 139 139 419 140 140 420 141 141 421 139 139 422 139 139 423 141 141 424 142 142 425 139 139 426 142 142 427 137 137 428 143 143 429 144 144 430 140 140 431 140 140 432 144 144 433 145 145 434 140 140 435 145 145 436 141 141 437 140 140 438 146 146 439 143 143 440 143 143 441 146 146 442 147 147 443 143 143 444 147 147 445 148 148 446 148 148 447 147 147 448 149 149 449 148 148 450 149 149 451 150 150 452 151 151 453 152 152 454 153 153 455 154 154 456 155 155 457 156 156 458 156 156 459 155 155 460 157 157 461 156 156 462 157 157 463 158 158 464 158 158 465 157 157 466 159 159 467 158 158 468 159 159 469 152 152 470 152 152 471 159 159 472 160 160 473 152 152 474 160 160 475 153 153 476 54 54 477 53 53 478 161 161 479 161 161 480 53 53 481 162 162 482 161 161 483 162 162 484 163 163 485 163 163 486 162 162 487 164 164 488 163 163 489 164 164 490 154 154 491 154 154 492 164 164 493 165 165 494 154 154 495 165 165 496 155 155 497 166 166 498 167 167 499 168 168 500 168 168 501 167 167 502 169 169 503 168 168 504 169 169 505 170 170 506 170 170 507 169 169 508 171 171 509 170 170 510 171 171 511 172 172 512 172 172 513 171 171 514 173 173 515 172 172 516 173 173 517 174 174 518 174 174 519 173 173 520 175 175 521 174 174 522 175 175 523 176 176 524 176 176 525 175 175 526 177 177 527 178 178 528 179 179 529 180 180 530 180 180 531 179 179 532 181 181 533 180 180 534 181 181 535 177 177 536 177 177 537 181 181 538 182 182 539 177 177 540 182 182 541 176 176 542 180 180 543 183 183 544 178 178 545 178 178 546 183 183 547 184 184 548 178 178 549 184 184 550 185 185 551 185 185 552 184 184 553 186 186 554 185 185 555 186 186 556 187 187 557 187 187 558 186 186 559 188 188 560 187 187 561 188 188 562 189 189 563 189 189 564 188 188 565 190 190 566 189 189 567 190 190 568 191 191 569 191 191 570 190 190 571 192 192 572 191 191 573 192 192 574 193 193 575 193 193 576 192 192 577 194 194 578 193 193 579 194 194 580 195 195 581 195 195 582 194 194 583 196 196 584 195 195 585 196 196 586 197 197 587 196 196 588 198 198 589 197 197 590 197 197 591 198 198 592 199 199 593 197 197 594 199 199 595 200 200 596 200 200 597 199 199 598 201 201 599 153 153 600 202 202 601 151 151 602 151 151 603 202 202 604 203 203 605 151 151 606 203 203 607 204 204 608 204 204 609 203 203 610 205 205 611 204 204 612 205 205 613 201 201 614 201 201 615 205 205 616 206 206 617 201 201 618 206 206 619 200 200 620 207 207 621 208 208 622 209 209 623 209 209 624 208 208 625 210 210 626 209 209 627 210 210 628 211 211 629 211 211 630 210 210 631 212 212 632 207 207 633 213 213 634 208 208 635 208 208 636 213 213 637 214 214 638 208 208 639 214 214 640 215 215 641 216 216 642 217 217 643 218 218 644 219 219 645 220 220 646 221 221 647 221 221 648 220 220 649 208 208 650 221 221 651 208 208 652 222 222 653 222 222 654 208 208 655 215 215 656 222 222 657 215 215 658 223 223 659 216 216 660 218 218 661 224 224 662 224 224 663 218 218 664 225 225 665 224 224 666 225 225 667 226 226 668 227 227 669 228 228 670 229 229 671 229 229 672 228 228 673 230 230 674 229 229 675 230 230 676 210 210 677 210 210 678 230 230 679 231 231 680 210 210 681 231 231 682 212 212 683 226 226 684 225 225 685 232 232 686 232 232 687 225 225 688 233 233 689 232 232 690 233 233 691 234 234 692 235 235 693 236 236 694 237 237 695 237 237 696 236 236 697 238 238 698 233 233 699 239 239 700 234 234 701 234 234 702 239 239 703 240 240 704 234 234 705 240 240 706 241 241 707 241 241 708 240 240 709 242 242 710 241 241 711 242 242 712 243 243 713 243 243 714 242 242 715 244 244 716 243 243 717 244 244 718 245 245 719 245 245 720 244 244 721 246 246 722 245 245 723 246 246 724 238 238 725 238 238 726 246 246 727 247 247 728 238 238 729 247 247 730 237 237 731 235 235 732 248 248 733 236 236 734 236 236 735 248 248 736 249 249 737 236 236 738 249 249 739 250 250 740 250 250 741 249 249 742 251 251 743 250 250 744 251 251 745 252 252 746 252 252 747 253 253 748 250 250 749 250 250 750 253 253 751 254 254 752 250 250 753 254 254 754 255 255 755 255 255 756 254 254 757 256 256 758 255 255 759 256 256 760 227 227 761 227 227 762 256 256 763 257 257 764 227 227 765 257 257 766 228 228 767 258 258 768 259 259 769 260 260 770 260 260 771 259 259 772 261 261 773 261 261 774 259 259 775 262 262 776 261 261 777 262 262 778 263 263 779 264 264 780 265 265 781 266 266 782 266 266 783 265 265 784 258 258 785 266 266 786 258 258 787 267 267 788 267 267 789 258 258 790 260 260 791 268 268 792 269 269 793 111 270 794 270 271 795 271 272 796 140 273 797 140 273 798 271 272 799 272 274 800 140 273 801 272 274 802 146 275 803 146 275 804 272 274 805 273 276 806 146 275 807 273 276 808 147 277 809 147 277 810 273 276 811 274 278 812 147 277 813 274 278 814 149 279 815 275 280 816 276 281 817 268 268 818 268 268 819 276 281 820 277 282 821 268 268 822 277 282 823 278 283 824 278 283 825 279 284 826 268 268 827 268 268 828 279 284 829 280 285 830 268 268 831 280 285 832 281 286 833 281 286 834 282 287 835 268 268 836 268 268 837 282 287 838 283 288 839 268 268 840 283 288 841 284 289 842 284 289 843 285 290 844 268 268 845 268 268 846 285 290 847 286 291 848 268 268 849 286 291 850 266 266 851 266 266 852 286 291 853 287 292 854 266 266 855 287 292 856 264 264 857 111 270 858 108 293 859 268 268 860 268 268 861 108 293 862 105 294 863 268 268 864 105 294 865 102 295 866 94 296 867 80 297 868 73 298 869 102 295 870 99 299 871 288 300 872 288 300 873 99 299 874 97 301 875 288 300 876 97 301 877 289 302 878 289 302 879 97 301 880 92 303 881 289 302 882 92 303 883 290 304 884 290 304 885 92 303 886 94 296 887 127 305 888 120 306 889 117 307 890 102 295 891 288 300 892 268 268 893 268 268 894 288 300 895 291 308 896 268 268 897 291 308 898 275 280 899 120 306 900 127 305 901 122 309 902 122 309 903 127 305 904 129 310 905 122 309 906 129 310 907 124 311 908 140 273 909 139 312 910 270 271 911 270 271 912 139 312 913 138 313 914 270 271 915 138 313 916 269 269 917 269 269 918 138 313 919 134 314 920 269 269 921 134 314 922 111 270 923 111 270 924 134 314 925 127 305 926 111 270 927 127 305 928 114 315 929 114 315 930 127 305 931 117 307 932 73 298 933 65 316 934 94 296 935 94 296 936 65 316 937 67 317 938 94 296 939 67 317 940 69 318 941 2 319 942 290 304 943 0 320 944 0 320 945 290 304 946 94 296 947 0 320 948 94 296 949 60 321 950 60 321 951 94 296 952 69 318 953 292 322 954 293 323 955 294 324 956 295 325 957 296 326 958 297 327 959 222 328 960 298 329 961 299 330 962 300 331 963 301 332 964 302 333 965 303 334 966 304 335 967 305 336 968 303 334 969 305 336 970 306 337 971 307 338 972 308 339 973 305 336 974 307 338 975 305 336 976 309 340 977 308 339 978 310 341 979 305 336 980 305 336 981 310 341 982 311 342 983 305 336 984 311 342 985 312 343 986 312 343 987 313 344 988 305 336 989 305 336 990 313 344 991 314 345 992 305 336 993 314 345 994 306 337 995 304 335 996 315 346 997 305 336 998 305 336 999 315 346 1000 316 347 1001 305 336 1002 316 347 1003 317 348 1004 317 348 1005 318 349 1006 305 336 1007 305 336 1008 318 349 1009 167 167 1010 305 336 1011 167 167 1012 166 166 1013 319 350 1014 320 351 1015 321 352 1016 321 352 1017 320 351 1018 322 353 1019 321 352 1020 322 353 1021 323 354 1022 323 354 1023 324 355 1024 321 352 1025 321 352 1026 324 355 1027 325 356 1028 321 352 1029 325 356 1030 326 357 1031 326 357 1032 327 358 1033 321 352 1034 321 352 1035 327 358 1036 328 359 1037 321 352 1038 328 359 1039 329 360 1040 329 360 1041 330 361 1042 321 352 1043 321 352 1044 330 361 1045 331 362 1046 321 352 1047 331 362 1048 332 363 1049 332 363 1050 333 364 1051 321 352 1052 321 352 1053 333 364 1054 334 365 1055 321 352 1056 334 365 1057 335 366 1058 261 367 1059 263 368 1060 336 369 1061 336 369 1062 263 368 1063 337 370 1064 336 369 1065 337 370 1066 305 336 1067 305 336 1068 337 370 1069 338 371 1070 305 336 1071 338 371 1072 309 340 1073 336 369 1074 339 372 1075 261 367 1076 261 367 1077 339 372 1078 340 373 1079 261 367 1080 340 373 1081 260 374 1082 260 374 1083 340 373 1084 341 375 1085 260 374 1086 341 375 1087 267 376 1088 267 376 1089 341 375 1090 342 377 1091 267 376 1092 342 377 1093 266 378 1094 266 378 1095 342 377 1096 343 379 1097 266 378 1098 343 379 1099 268 380 1100 268 380 1101 343 379 1102 344 381 1103 268 380 1104 344 381 1105 269 382 1106 269 382 1107 344 381 1108 345 383 1109 269 382 1110 345 383 1111 270 384 1112 270 384 1113 345 383 1114 346 385 1115 270 384 1116 346 385 1117 271 386 1118 271 386 1119 346 385 1120 347 387 1121 271 386 1122 347 387 1123 272 388 1124 272 388 1125 347 387 1126 348 389 1127 272 388 1128 348 389 1129 273 390 1130 273 390 1131 348 389 1132 349 391 1133 273 390 1134 349 391 1135 274 392 1136 350 393 1137 351 394 1138 352 395 1139 353 396 1140 354 397 1141 352 395 1142 352 395 1143 354 397 1144 355 398 1145 352 395 1146 355 398 1147 350 393 1148 356 399 1149 357 400 1150 352 395 1151 352 395 1152 357 400 1153 358 401 1154 352 395 1155 358 401 1156 359 402 1157 302 333 1158 301 332 1159 352 395 1160 352 395 1161 301 332 1162 360 403 1163 352 395 1164 360 403 1165 356 399 1166 359 402 1167 361 404 1168 352 395 1169 352 395 1170 361 404 1171 362 405 1172 352 395 1173 362 405 1174 353 396 1175 351 394 1176 363 406 1177 352 395 1178 352 395 1179 363 406 1180 364 407 1181 352 395 1182 364 407 1183 150 150 1184 274 392 1185 349 391 1186 149 149 1187 149 149 1188 349 391 1189 365 408 1190 149 149 1191 365 408 1192 150 150 1193 366 409 1194 367 410 1195 302 333 1196 302 333 1197 367 410 1198 368 411 1199 302 333 1200 368 411 1201 300 331 1202 369 412 1203 370 413 1204 371 414 1205 371 414 1206 372 415 1207 369 412 1208 369 412 1209 372 415 1210 373 416 1211 369 412 1212 373 416 1213 366 409 1214 366 409 1215 373 416 1216 374 417 1217 366 409 1218 374 417 1219 367 410 1220 375 418 1221 376 419 1222 377 420 1223 377 420 1224 378 421 1225 375 418 1226 375 418 1227 378 421 1228 379 422 1229 375 418 1230 379 422 1231 370 413 1232 370 413 1233 379 422 1234 380 423 1235 370 413 1236 380 423 1237 371 414 1238 381 424 1239 382 425 1240 383 426 1241 383 426 1242 384 427 1243 381 424 1244 381 424 1245 384 427 1246 385 428 1247 381 424 1248 385 428 1249 376 419 1250 376 419 1251 385 428 1252 386 429 1253 376 419 1254 386 429 1255 377 420 1256 298 329 1257 222 328 1258 387 430 1259 222 328 1260 223 431 1261 387 430 1262 387 430 1263 223 431 1264 388 432 1265 387 430 1266 388 432 1267 382 425 1268 382 425 1269 388 432 1270 389 433 1271 382 425 1272 389 433 1273 383 426 1274 334 365 1275 390 434 1276 335 366 1277 335 366 1278 390 434 1279 219 435 1280 335 366 1281 219 435 1282 299 330 1283 299 330 1284 219 435 1285 221 436 1286 299 330 1287 221 436 1288 222 328 1289 391 437 1290 392 438 1291 393 439 1292 391 437 1293 393 439 1294 394 440 1295 395 441 1296 396 442 1297 393 439 1298 395 441 1299 393 439 1300 397 443 1301 396 442 1302 398 444 1303 393 439 1304 393 439 1305 398 444 1306 399 445 1307 393 439 1308 399 445 1309 400 446 1310 400 446 1311 401 447 1312 393 439 1313 393 439 1314 401 447 1315 402 448 1316 393 439 1317 402 448 1318 394 440 1319 392 438 1320 403 449 1321 393 439 1322 393 439 1323 403 449 1324 404 450 1325 393 439 1326 404 450 1327 405 451 1328 405 451 1329 406 452 1330 393 439 1331 393 439 1332 406 452 1333 407 453 1334 393 439 1335 407 453 1336 408 454 1337 409 455 1338 410 456 1339 411 457 1340 411 457 1341 410 456 1342 412 458 1343 411 457 1344 412 458 1345 413 459 1346 413 459 1347 414 460 1348 411 457 1349 411 457 1350 414 460 1351 415 461 1352 411 457 1353 415 461 1354 416 462 1355 416 462 1356 417 463 1357 411 457 1358 411 457 1359 417 463 1360 418 464 1361 411 457 1362 418 464 1363 419 465 1364 419 465 1365 420 466 1366 411 457 1367 411 457 1368 420 466 1369 421 467 1370 411 457 1371 421 467 1372 422 468 1373 422 468 1374 423 469 1375 411 457 1376 411 457 1377 423 469 1378 424 470 1379 411 457 1380 424 470 1381 425 471 1382 426 472 1383 427 473 1384 428 474 1385 428 474 1386 427 473 1387 429 475 1388 428 474 1389 429 475 1390 393 439 1391 393 439 1392 429 475 1393 430 476 1394 393 439 1395 430 476 1396 397 443 1397 428 474 1398 431 477 1399 426 472 1400 426 472 1401 431 477 1402 432 478 1403 426 472 1404 432 478 1405 433 479 1406 433 479 1407 432 478 1408 434 480 1409 433 479 1410 434 480 1411 435 481 1412 435 481 1413 434 480 1414 436 482 1415 435 481 1416 436 482 1417 437 483 1418 437 483 1419 436 482 1420 438 484 1421 437 483 1422 438 484 1423 439 485 1424 439 485 1425 438 484 1426 440 486 1427 439 485 1428 440 486 1429 441 487 1430 441 487 1431 440 486 1432 442 488 1433 441 487 1434 442 488 1435 443 489 1436 443 489 1437 442 488 1438 444 490 1439 443 489 1440 444 490 1441 445 491 1442 445 491 1443 444 490 1444 446 492 1445 445 491 1446 446 492 1447 447 493 1448 447 493 1449 446 492 1450 448 494 1451 447 493 1452 448 494 1453 449 495 1454 449 495 1455 448 494 1456 450 496 1457 449 495 1458 450 496 1459 451 497 1460 452 498 1461 453 499 1462 454 500 1463 455 501 1464 456 502 1465 454 500 1466 454 500 1467 456 502 1468 457 503 1469 454 500 1470 457 503 1471 452 498 1472 458 504 1473 459 505 1474 454 500 1475 454 500 1476 459 505 1477 460 506 1478 454 500 1479 460 506 1480 461 507 1481 297 327 1482 296 326 1483 454 500 1484 454 500 1485 296 326 1486 462 508 1487 454 500 1488 462 508 1489 458 504 1490 461 507 1491 463 509 1492 454 500 1493 454 500 1494 463 509 1495 464 510 1496 454 500 1497 464 510 1498 455 501 1499 453 499 1500 465 511 1501 454 500 1502 454 500 1503 465 511 1504 466 512 1505 454 500 1506 466 512 1507 467 513 1508 451 497 1509 450 496 1510 468 514 1511 468 514 1512 450 496 1513 469 515 1514 468 514 1515 469 515 1516 467 513 1517 470 516 1518 471 517 1519 297 327 1520 297 327 1521 471 517 1522 472 518 1523 297 327 1524 472 518 1525 295 325 1526 473 519 1527 474 520 1528 475 521 1529 475 521 1530 476 522 1531 473 519 1532 473 519 1533 476 522 1534 477 523 1535 473 519 1536 477 523 1537 470 516 1538 470 516 1539 477 523 1540 478 524 1541 470 516 1542 478 524 1543 471 517 1544 479 525 1545 480 526 1546 481 527 1547 481 527 1548 482 528 1549 479 525 1550 479 525 1551 482 528 1552 483 529 1553 479 525 1554 483 529 1555 474 520 1556 474 520 1557 483 529 1558 484 530 1559 474 520 1560 484 530 1561 475 521 1562 485 531 1563 486 532 1564 487 533 1565 487 533 1566 488 534 1567 485 531 1568 485 531 1569 488 534 1570 489 535 1571 485 531 1572 489 535 1573 480 526 1574 480 526 1575 489 535 1576 490 536 1577 480 526 1578 490 536 1579 481 527 1580 293 323 1581 292 322 1582 491 537 1583 292 322 1584 492 538 1585 491 537 1586 491 537 1587 492 538 1588 493 539 1589 491 537 1590 493 539 1591 486 532 1592 486 532 1593 493 539 1594 494 540 1595 486 532 1596 494 540 1597 487 533 1598 424 470 1599 495 541 1600 425 471 1601 425 471 1602 495 541 1603 496 542 1604 425 471 1605 496 542 1606 294 324 1607 294 324 1608 496 542 1609 497 543 1610 294 324 1611 497 543 1612 292 322 1613 467 513 1614 469 515 1615 454 500 1616 454 500 1617 469 515 1618 498 544 1619 454 500 1620 498 544 1621 499 545 1622 499 545 1623 498 544 1624 500 546 1625 499 545 1626 500 546 1627 501 547 1628 501 547 1629 500 546 1630 502 548 1631 501 547 1632 502 548 1633 503 549 1634 503 549 1635 502 548 1636 504 550 1637 503 549 1638 504 550 1639 505 551 1640 505 551 1641 504 550 1642 305 336 1643 505 551 1644 305 336 1645 321 352 1646 321 352 1647 305 336 1648 166 166 1649 321 352 1650 166 166 1651 319 350 1652 150 150 1653 365 408 1654 352 395 1655 352 395 1656 365 408 1657 506 552 1658 352 395 1659 506 552 1660 507 553 1661 507 553 1662 506 552 1663 508 554 1664 507 553 1665 508 554 1666 509 555 1667 509 555 1668 508 554 1669 510 556 1670 509 555 1671 510 556 1672 511 557 1673 511 557 1674 510 556 1675 512 558 1676 511 557 1677 512 558 1678 513 559 1679 513 559 1680 512 558 1681 393 439 1682 513 559 1683 393 439 1684 411 457 1685 411 457 1686 393 439 1687 408 454 1688 411 457 1689 408 454 1690 409 455 1691 514 560 1692 469 561 1693 515 562 1694 515 562 1695 469 561 1696 450 563 1697 515 562 1698 450 563 1699 516 564 1700 516 564 1701 450 563 1702 448 565 1703 516 564 1704 448 565 1705 517 566 1706 517 566 1707 448 565 1708 446 567 1709 517 566 1710 446 567 1711 518 568 1712 518 568 1713 446 567 1714 444 569 1715 518 568 1716 444 569 1717 519 570 1718 519 570 1719 444 569 1720 442 571 1721 519 570 1722 442 571 1723 520 572 1724 520 572 1725 442 571 1726 440 573 1727 520 572 1728 440 573 1729 521 574 1730 521 574 1731 440 573 1732 438 575 1733 521 574 1734 438 575 1735 522 576 1736 522 576 1737 438 575 1738 436 577 1739 522 576 1740 436 577 1741 523 578 1742 523 578 1743 436 577 1744 434 579 1745 523 578 1746 434 579 1747 524 580 1748 524 580 1749 434 579 1750 432 581 1751 524 580 1752 432 581 1753 525 582 1754 525 582 1755 432 581 1756 431 583 1757 525 582 1758 431 583 1759 526 584 1760 526 584 1761 431 583 1762 428 585 1763 526 584 1764 428 585 1765 527 586 1766 527 586 1767 428 585 1768 393 587 1769 527 586 1770 393 587 1771 528 588 1772 528 588 1773 393 587 1774 512 589 1775 528 588 1776 512 589 1777 529 590 1778 529 590 1779 512 589 1780 510 591 1781 529 590 1782 510 591 1783 530 592 1784 530 592 1785 510 591 1786 508 593 1787 530 592 1788 508 593 1789 531 594 1790 531 594 1791 508 593 1792 506 595 1793 531 594 1794 506 595 1795 532 596 1796 532 596 1797 506 595 1798 365 597 1799 532 596 1800 365 597 1801 533 598 1802 533 598 1803 365 597 1804 349 599 1805 533 598 1806 349 599 1807 534 600 1808 534 600 1809 349 599 1810 348 601 1811 534 600 1812 348 601 1813 535 602 1814 535 602 1815 348 601 1816 347 603 1817 535 602 1818 347 603 1819 536 604 1820 536 604 1821 347 603 1822 346 605 1823 536 604 1824 346 605 1825 537 606 1826 537 606 1827 346 605 1828 345 607 1829 537 606 1830 345 607 1831 538 608 1832 538 608 1833 345 607 1834 344 609 1835 538 608 1836 344 609 1837 539 610 1838 539 610 1839 344 609 1840 343 611 1841 539 610 1842 343 611 1843 540 612 1844 540 612 1845 343 611 1846 342 613 1847 540 612 1848 342 613 1849 541 614 1850 541 614 1851 342 613 1852 341 615 1853 541 614 1854 341 615 1855 542 616 1856 542 616 1857 341 615 1858 340 617 1859 542 616 1860 340 617 1861 543 618 1862 543 618 1863 340 617 1864 339 619 1865 543 618 1866 339 619 1867 544 620 1868 544 620 1869 339 619 1870 336 621 1871 544 620 1872 336 621 1873 545 622 1874 545 622 1875 336 621 1876 305 623 1877 545 622 1878 305 623 1879 546 624 1880 546 624 1881 305 623 1882 504 625 1883 546 624 1884 504 625 1885 547 626 1886 547 626 1887 504 625 1888 502 627 1889 547 626 1890 502 627 1891 548 628 1892 548 628 1893 502 627 1894 500 629 1895 548 628 1896 500 629 1897 549 630 1898 549 630 1899 500 629 1900 498 631 1901 549 630 1902 498 631 1903 514 560 1904 514 560 1905 498 631 1906 469 561 1907 530 632 1908 550 633 1909 529 634 1910 529 634 1911 550 633 1912 551 635 1913 529 634 1914 551 635 1915 528 636 1916 528 636 1917 551 635 1918 552 637 1919 528 636 1920 552 637 1921 527 638 1922 527 638 1923 552 637 1924 553 639 1925 527 638 1926 553 639 1927 526 640 1928 526 640 1929 553 639 1930 554 641 1931 526 640 1932 554 641 1933 525 642 1934 525 642 1935 554 641 1936 555 643 1937 525 642 1938 555 643 1939 524 644 1940 524 644 1941 555 643 1942 556 645 1943 524 644 1944 556 645 1945 523 646 1946 523 646 1947 556 645 1948 557 647 1949 523 646 1950 557 647 1951 522 648 1952 522 648 1953 557 647 1954 558 649 1955 522 648 1956 558 649 1957 521 650 1958 521 650 1959 558 649 1960 559 651 1961 521 650 1962 559 651 1963 520 652 1964 520 652 1965 559 651 1966 560 653 1967 520 652 1968 560 653 1969 519 654 1970 519 654 1971 560 653 1972 561 655 1973 519 654 1974 561 655 1975 518 656 1976 518 656 1977 561 655 1978 562 657 1979 518 656 1980 562 657 1981 517 658 1982 517 658 1983 562 657 1984 563 659 1985 517 658 1986 563 659 1987 516 660 1988 516 660 1989 563 659 1990 564 661 1991 516 660 1992 564 661 1993 515 662 1994 515 662 1995 564 661 1996 565 663 1997 515 662 1998 565 663 1999 514 664 2000 514 664 2001 565 663 2002 566 665 2003 514 664 2004 566 665 2005 549 666 2006 549 666 2007 566 665 2008 567 667 2009 549 666 2010 567 667 2011 548 668 2012 548 668 2013 567 667 2014 568 669 2015 548 668 2016 568 669 2017 547 670 2018 547 670 2019 568 669 2020 569 671 2021 547 670 2022 569 671 2023 546 672 2024 546 672 2025 569 671 2026 570 673 2027 546 672 2028 570 673 2029 545 674 2030 545 674 2031 570 673 2032 571 675 2033 545 674 2034 571 675 2035 544 676 2036 544 676 2037 571 675 2038 572 677 2039 544 676 2040 572 677 2041 543 678 2042 543 678 2043 572 677 2044 573 679 2045 543 678 2046 573 679 2047 542 680 2048 542 680 2049 573 679 2050 574 681 2051 542 680 2052 574 681 2053 541 682 2054 541 682 2055 574 681 2056 575 683 2057 541 682 2058 575 683 2059 540 684 2060 540 684 2061 575 683 2062 576 685 2063 540 684 2064 576 685 2065 539 686 2066 539 686 2067 576 685 2068 577 687 2069 539 686 2070 577 687 2071 538 688 2072 538 688 2073 577 687 2074 578 689 2075 538 688 2076 578 689 2077 537 690 2078 537 690 2079 578 689 2080 579 691 2081 537 690 2082 579 691 2083 536 692 2084 536 692 2085 579 691 2086 580 693 2087 536 692 2088 580 693 2089 535 694 2090 535 694 2091 580 693 2092 581 695 2093 535 694 2094 581 695 2095 534 696 2096 534 696 2097 581 695 2098 582 697 2099 534 696 2100 582 697 2101 533 698 2102 533 698 2103 582 697 2104 583 699 2105 533 698 2106 583 699 2107 532 700 2108 532 700 2109 583 699 2110 584 701 2111 532 700 2112 584 701 2113 531 702 2114 531 702 2115 584 701 2116 585 703 2117 531 702 2118 585 703 2119 530 632 2120 530 632 2121 585 703 2122 550 633 2123 551 704 2124 511 705 2125 552 706 2126 552 706 2127 511 705 2128 513 707 2129 552 706 2130 513 707 2131 553 708 2132 553 708 2133 513 707 2134 411 709 2135 553 708 2136 411 709 2137 554 710 2138 554 710 2139 411 709 2140 425 711 2141 554 710 2142 425 711 2143 555 712 2144 555 712 2145 425 711 2146 294 713 2147 555 712 2148 294 713 2149 556 714 2150 556 714 2151 294 713 2152 293 715 2153 556 714 2154 293 715 2155 557 716 2156 557 716 2157 293 715 2158 491 717 2159 557 716 2160 491 717 2161 558 718 2162 558 718 2163 491 717 2164 486 719 2165 558 718 2166 486 719 2167 559 720 2168 559 720 2169 486 719 2170 485 721 2171 559 720 2172 485 721 2173 560 722 2174 560 722 2175 485 721 2176 480 723 2177 560 722 2178 480 723 2179 561 724 2180 561 724 2181 480 723 2182 479 725 2183 561 724 2184 479 725 2185 562 726 2186 562 726 2187 479 725 2188 474 727 2189 562 726 2190 474 727 2191 563 728 2192 563 728 2193 474 727 2194 473 729 2195 563 728 2196 473 729 2197 564 730 2198 564 730 2199 473 729 2200 470 731 2201 564 730 2202 470 731 2203 565 732 2204 565 732 2205 470 731 2206 297 733 2207 565 732 2208 297 733 2209 566 734 2210 566 734 2211 297 733 2212 454 735 2213 566 734 2214 454 735 2215 567 736 2216 567 736 2217 454 735 2218 499 737 2219 567 736 2220 499 737 2221 568 738 2222 568 738 2223 499 737 2224 501 739 2225 568 738 2226 501 739 2227 569 740 2228 569 740 2229 501 739 2230 503 741 2231 569 740 2232 503 741 2233 570 742 2234 570 742 2235 503 741 2236 505 743 2237 570 742 2238 505 743 2239 571 744 2240 571 744 2241 505 743 2242 321 745 2243 571 744 2244 321 745 2245 572 746 2246 572 746 2247 321 745 2248 335 747 2249 572 746 2250 335 747 2251 573 748 2252 573 748 2253 335 747 2254 299 749 2255 573 748 2256 299 749 2257 574 750 2258 574 750 2259 299 749 2260 298 751 2261 574 750 2262 298 751 2263 575 752 2264 575 752 2265 298 751 2266 387 753 2267 575 752 2268 387 753 2269 576 754 2270 576 754 2271 387 753 2272 382 755 2273 576 754 2274 382 755 2275 577 756 2276 577 756 2277 382 755 2278 381 757 2279 577 756 2280 381 757 2281 578 758 2282 578 758 2283 381 757 2284 376 759 2285 578 758 2286 376 759 2287 579 760 2288 579 760 2289 376 759 2290 375 761 2291 579 760 2292 375 761 2293 580 762 2294 580 762 2295 375 761 2296 370 763 2297 580 762 2298 370 763 2299 581 764 2300 581 764 2301 370 763 2302 369 765 2303 581 764 2304 369 765 2305 582 766 2306 582 766 2307 369 765 2308 366 767 2309 582 766 2310 366 767 2311 583 768 2312 583 768 2313 366 767 2314 302 769 2315 583 768 2316 302 769 2317 584 770 2318 584 770 2319 302 769 2320 352 771 2321 584 770 2322 352 771 2323 585 772 2324 585 772 2325 352 771 2326 507 773 2327 585 772 2328 507 773 2329 550 774 2330 550 774 2331 507 773 2332 509 775 2333 550 774 2334 509 775 2335 551 704 2336 551 704 2337 509 775 2338 511 705 2339 586 776 2340 587 777 2341 588 778 2342 588 778 2343 587 777 2344 589 779 2345 588 778 2346 589 779 2347 590 780 2348 591 781 2349 592 782 2350 593 783 2351 593 783 2352 592 782 2353 590 780 2354 593 783 2355 590 780 2356 594 784 2357 594 784 2358 590 780 2359 589 779 2360 595 785 2361 596 786 2362 597 787 2363 597 787 2364 596 786 2365 598 788 2366 599 789 2367 597 787 2368 600 790 2369 600 790 2370 597 787 2371 601 791 2372 599 789 2373 602 792 2374 597 787 2375 597 787 2376 602 792 2377 603 793 2378 597 787 2379 603 793 2380 604 794 2381 604 794 2382 605 795 2383 597 787 2384 597 787 2385 605 795 2386 606 796 2387 597 787 2388 606 796 2389 607 797 2390 607 797 2391 608 798 2392 597 787 2393 597 787 2394 608 798 2395 609 799 2396 597 787 2397 609 799 2398 610 800 2399 610 800 2400 611 801 2401 597 787 2402 597 787 2403 611 801 2404 612 802 2405 597 787 2406 612 802 2407 595 785 2408 591 781 2409 601 791 2410 592 782 2411 592 782 2412 601 791 2413 597 787 2414 592 782 2415 597 787 2416 613 803 2417 614 804 2418 615 805 2419 613 803 2420 613 803 2421 616 806 2422 617 807 2423 617 807 2424 618 808 2425 613 803 2426 613 803 2427 618 808 2428 619 809 2429 613 803 2430 619 809 2431 620 810 2432 620 810 2433 621 811 2434 613 803 2435 613 803 2436 621 811 2437 622 812 2438 613 803 2439 622 812 2440 614 804 2441 615 805 2442 623 813 2443 613 803 2444 613 803 2445 623 813 2446 624 814 2447 613 803 2448 624 814 2449 592 782 2450 598 788 2451 625 815 2452 597 787 2453 597 787 2454 625 815 2455 626 816 2456 597 787 2457 626 816 2458 613 803 2459 613 803 2460 626 816 2461 627 817 2462 613 803 2463 627 817 2464 616 806 2465 586 776 2466 628 818 2467 587 777 2468 587 777 2469 628 818 2470 629 819 2471 587 777 2472 629 819 2473 630 820 2474 630 820 2475 629 819 2476 631 821 2477 630 820 2478 631 821 2479 632 822 2480 633 823 2481 634 824 2482 635 825 2483 635 825 2484 634 824 2485 636 826 2486 635 825 2487 636 826 2488 637 827 2489 637 827 2490 636 826 2491 638 828 2492 637 827 2493 638 828 2494 639 829 2495 639 829 2496 638 828 2497 640 830 2498 639 829 2499 640 830 2500 641 831 2501 641 831 2502 640 830 2503 642 832 2504 641 831 2505 642 832 2506 643 833 2507 643 833 2508 642 832 2509 644 834 2510 643 833 2511 644 834 2512 631 821 2513 631 821 2514 644 834 2515 645 835 2516 631 821 2517 645 835 2518 632 822 2519 646 836 2520 647 837 2521 633 823 2522 633 823 2523 647 837 2524 648 838 2525 633 823 2526 648 838 2527 634 824 2528 649 839 2529 650 840 2530 651 841 2531 651 841 2532 650 840 2533 652 842 2534 651 841 2535 652 842 2536 653 843 2537 653 843 2538 652 842 2539 654 844 2540 653 843 2541 654 844 2542 655 845 2543 655 845 2544 654 844 2545 656 846 2546 655 845 2547 656 846 2548 646 836 2549 646 836 2550 656 846 2551 657 847 2552 646 836 2553 657 847 2554 647 837 2555 649 839 2556 651 841 2557 658 848 2558 658 848 2559 651 841 2560 659 849 2561 658 848 2562 659 849 2563 660 850 2564 661 851 2565 662 852 2566 659 849 2567 661 851 2568 659 849 2569 663 853 2570 664 854 2571 665 855 2572 659 849 2573 666 856 2574 667 857 2575 659 849 2576 659 849 2577 667 857 2578 668 858 2579 659 849 2580 668 858 2581 669 859 2582 669 859 2583 670 860 2584 659 849 2585 659 849 2586 670 860 2587 671 861 2588 659 849 2589 671 861 2590 664 854 2591 665 855 2592 672 862 2593 659 849 2594 659 849 2595 672 862 2596 673 863 2597 659 849 2598 673 863 2599 663 853 2600 662 852 2601 674 864 2602 659 849 2603 659 849 2604 674 864 2605 675 865 2606 659 849 2607 675 865 2608 660 850 2609 676 866 2610 677 867 2611 678 868 2612 679 869 2613 667 857 2614 680 870 2615 680 870 2616 667 857 2617 666 856 2618 678 868 2619 677 867 2620 680 870 2621 680 870 2622 677 867 2623 681 871 2624 680 870 2625 681 871 2626 679 869 2627 676 866 2628 678 868 2629 682 872 2630 682 872 2631 678 868 2632 683 873 2633 682 872 2634 683 873 2635 684 874 2636 684 874 2637 683 873 2638 685 875 2639 684 874 2640 685 875 2641 686 876 2642 686 876 2643 685 875 2644 687 877 2645 687 877 2646 685 875 2647 688 878 2648 687 877 2649 688 878 2650 689 879 2651 689 879 2652 688 878 2653 690 880 2654 690 880 2655 688 878 2656 691 881 2657 690 880 2658 691 881 2659 692 882 2660 692 882 2661 691 881 2662 693 883 2663 693 883 2664 691 881 2665 694 884 2666 693 883 2667 694 884 2668 695 885 2669 695 885 2670 694 884 2671 696 886 2672 696 886 2673 694 884 2674 697 887 2675 696 886 2676 697 887 2677 698 888 2678 698 888 2679 697 887 2680 699 889 2681 699 889 2682 697 887 2683 700 890 2684 699 889 2685 700 890 2686 701 891 2687 701 891 2688 700 890 2689 702 892 2690 702 892 2691 700 890 2692 703 893 2693 702 892 2694 703 893 2695 704 894 2696 704 894 2697 703 893 2698 705 895 2699 705 895 2700 703 893 2701 706 896 2702 705 895 2703 706 896 2704 707 897 2705 707 897 2706 706 896 2707 708 898 2708 707 897 2709 708 898 2710 709 899 2711 710 900 2712 711 901 2713 708 898 2714 708 898 2715 711 901 2716 712 902 2717 708 898 2718 712 902 2719 709 899 2720 713 903 2721 714 904 2722 715 905 2723 715 905 2724 714 904 2725 716 906 2726 715 905 2727 716 906 2728 710 900 2729 710 900 2730 716 906 2731 717 907 2732 710 900 2733 717 907 2734 711 901 2735 718 908 2736 719 909 2737 720 910 2738 720 910 2739 719 909 2740 721 911 2741 720 910 2742 721 911 2743 713 903 2744 713 903 2745 721 911 2746 722 912 2747 713 903 2748 722 912 2749 714 904 2750 718 908 2751 720 910 2752 723 913 2753 723 913 2754 720 910 2755 724 914 2756 723 913 2757 724 914 2758 725 915 2759 726 916 2760 727 917 2761 725 915 2762 725 915 2763 727 917 2764 728 918 2765 725 915 2766 728 918 2767 723 913 2768 729 919 2769 730 920 2770 726 916 2771 726 916 2772 730 920 2773 731 921 2774 726 916 2775 731 921 2776 727 917 2777 726 916 2778 732 922 2779 729 919 2780 729 919 2781 732 922 2782 733 923 2783 729 919 2784 733 923 2785 734 924 2786 734 924 2787 733 923 2788 468 514 2789 734 924 2790 468 514 2791 467 513 2792 735 925 2793 736 926 2794 737 927 2795 738 928 2796 739 929 2797 740 930 2798 740 930 2799 739 929 2800 741 931 2801 740 930 2802 741 931 2803 742 932 2804 742 932 2805 741 931 2806 743 933 2807 742 932 2808 743 933 2809 736 926 2810 736 926 2811 743 933 2812 744 934 2813 736 926 2814 744 934 2815 737 927 2816 626 816 2817 625 815 2818 745 935 2819 745 935 2820 625 815 2821 746 936 2822 745 935 2823 746 936 2824 747 937 2825 747 937 2826 746 936 2827 748 938 2828 747 937 2829 748 938 2830 738 928 2831 738 928 2832 748 938 2833 749 939 2834 738 928 2835 749 939 2836 739 929 2837 408 454 2838 407 453 2839 750 940 2840 750 940 2841 407 453 2842 751 941 2843 750 940 2844 751 941 2845 752 942 2846 752 942 2847 751 941 2848 753 943 2849 752 942 2850 753 943 2851 754 944 2852 754 944 2853 753 943 2854 755 945 2855 754 944 2856 755 945 2857 756 946 2858 756 946 2859 755 945 2860 757 947 2861 756 946 2862 757 947 2863 758 948 2864 758 948 2865 757 947 2866 759 949 2867 760 950 2868 761 951 2869 762 952 2870 762 952 2871 761 951 2872 763 953 2873 762 952 2874 763 953 2875 759 949 2876 759 949 2877 763 953 2878 764 954 2879 759 949 2880 764 954 2881 758 948 2882 762 952 2883 765 955 2884 760 950 2885 760 950 2886 765 955 2887 766 956 2888 760 950 2889 766 956 2890 767 957 2891 767 957 2892 766 956 2893 768 958 2894 767 957 2895 768 958 2896 769 959 2897 769 959 2898 768 958 2899 770 960 2900 769 959 2901 770 960 2902 771 961 2903 771 961 2904 770 960 2905 772 962 2906 771 961 2907 772 962 2908 773 963 2909 773 963 2910 772 962 2911 774 964 2912 773 963 2913 774 964 2914 775 965 2915 775 965 2916 774 964 2917 776 966 2918 775 965 2919 776 966 2920 777 967 2921 777 967 2922 776 966 2923 778 968 2924 777 967 2925 778 968 2926 779 969 2927 779 969 2928 778 968 2929 780 970 2930 779 969 2931 780 970 2932 781 971 2933 737 927 2934 782 972 2935 735 925 2936 735 925 2937 782 972 2938 783 973 2939 735 925 2940 783 973 2941 784 974 2942 784 974 2943 783 973 2944 785 975 2945 784 974 2946 785 975 2947 786 976 2948 786 976 2949 785 975 2950 787 977 2951 786 976 2952 787 977 2953 781 971 2954 781 971 2955 787 977 2956 788 978 2957 781 971 2958 788 978 2959 779 969 2960 789 979 2961 790 980 2962 791 981 2963 791 981 2964 790 980 2965 792 982 2966 791 981 2967 792 982 2968 793 983 2969 793 983 2970 792 982 2971 794 984 2972 789 979 2973 795 985 2974 790 980 2975 790 980 2976 795 985 2977 796 986 2978 790 980 2979 796 986 2980 797 987 2981 798 988 2982 799 989 2983 800 990 2984 496 991 2985 801 992 2986 497 993 2987 497 993 2988 801 992 2989 790 980 2990 497 993 2991 790 980 2992 292 994 2993 292 994 2994 790 980 2995 797 987 2996 292 994 2997 797 987 2998 492 995 2999 798 988 3000 800 990 3001 802 996 3002 802 996 3003 800 990 3004 803 997 3005 802 996 3006 803 997 3007 804 998 3008 805 999 3009 806 1000 3010 807 1001 3011 807 1001 3012 806 1000 3013 808 1002 3014 807 1001 3015 808 1002 3016 792 982 3017 792 982 3018 808 1002 3019 809 1003 3020 792 982 3021 809 1003 3022 794 984 3023 804 998 3024 803 997 3025 810 1004 3026 810 1004 3027 803 997 3028 811 1005 3029 810 1004 3030 811 1005 3031 812 1006 3032 813 1007 3033 814 1008 3034 815 1009 3035 815 1009 3036 814 1008 3037 816 1010 3038 811 1005 3039 817 1011 3040 812 1006 3041 812 1006 3042 817 1011 3043 818 1012 3044 812 1006 3045 818 1012 3046 819 1013 3047 819 1013 3048 818 1012 3049 820 1014 3050 819 1013 3051 820 1014 3052 821 1015 3053 821 1015 3054 820 1014 3055 822 1016 3056 821 1015 3057 822 1016 3058 823 1017 3059 823 1017 3060 822 1016 3061 824 1018 3062 823 1017 3063 824 1018 3064 816 1010 3065 816 1010 3066 824 1018 3067 825 1019 3068 816 1010 3069 825 1019 3070 815 1009 3071 813 1007 3072 826 1020 3073 814 1008 3074 814 1008 3075 826 1020 3076 827 1021 3077 814 1008 3078 827 1021 3079 828 1022 3080 828 1022 3081 827 1021 3082 829 1023 3083 828 1022 3084 829 1023 3085 830 1024 3086 830 1024 3087 831 1025 3088 828 1022 3089 828 1022 3090 831 1025 3091 832 1026 3092 828 1022 3093 832 1026 3094 833 1027 3095 833 1027 3096 832 1026 3097 834 1028 3098 833 1027 3099 834 1028 3100 805 999 3101 805 999 3102 834 1028 3103 835 1029 3104 805 999 3105 835 1029 3106 806 1000 3107 836 1030 3108 427 1031 3109 426 1032 3110 836 1030 3111 426 1032 3112 837 1033 3113 837 1033 3114 426 1032 3115 433 1034 3116 837 1033 3117 433 1034 3118 838 1035 3119 443 1036 3120 445 1037 3121 726 1038 3122 726 1038 3123 445 1037 3124 447 1039 3125 726 1038 3126 447 1039 3127 732 1040 3128 732 1040 3129 447 1039 3130 449 1041 3131 732 1040 3132 449 1041 3133 733 1042 3134 733 1042 3135 449 1041 3136 451 1043 3137 733 1042 3138 451 1043 3139 468 1044 3140 839 1045 3141 840 1046 3142 437 1047 3143 437 1047 3144 840 1046 3145 838 1035 3146 437 1047 3147 838 1035 3148 435 1048 3149 435 1048 3150 838 1035 3151 433 1034 3152 439 1049 3153 441 1050 3154 697 1051 3155 841 1052 3156 842 1053 3157 439 1049 3158 439 1049 3159 842 1053 3160 843 1054 3161 439 1049 3162 843 1054 3163 844 1055 3164 844 1055 3165 845 1056 3166 439 1049 3167 439 1049 3168 845 1056 3169 846 1057 3170 439 1049 3171 846 1057 3172 847 1058 3173 847 1058 3174 848 1059 3175 439 1049 3176 439 1049 3177 848 1059 3178 849 1060 3179 439 1049 3180 849 1060 3181 850 1061 3182 850 1061 3183 851 1062 3184 439 1049 3185 439 1049 3186 851 1062 3187 852 1063 3188 439 1049 3189 852 1063 3190 437 1047 3191 437 1047 3192 852 1063 3193 853 1064 3194 437 1047 3195 853 1064 3196 839 1045 3197 697 1051 3198 694 1065 3199 439 1049 3200 439 1049 3201 694 1065 3202 691 1066 3203 439 1049 3204 691 1066 3205 688 1067 3206 680 1068 3207 666 1069 3208 659 1070 3209 713 1071 3210 706 1072 3211 703 1073 3212 688 1067 3213 685 1074 3214 854 1075 3215 854 1075 3216 685 1074 3217 683 1076 3218 854 1075 3219 683 1076 3220 855 1077 3221 855 1077 3222 683 1076 3223 678 1078 3224 855 1077 3225 678 1078 3226 856 1079 3227 856 1079 3228 678 1078 3229 680 1068 3230 706 1072 3231 713 1071 3232 708 1080 3233 708 1080 3234 713 1071 3235 715 1081 3236 708 1080 3237 715 1081 3238 710 1082 3239 726 1038 3240 725 1083 3241 443 1036 3242 443 1036 3243 725 1083 3244 724 1084 3245 443 1036 3246 724 1084 3247 441 1050 3248 441 1050 3249 724 1084 3250 720 1085 3251 441 1050 3252 720 1085 3253 697 1051 3254 697 1051 3255 720 1085 3256 713 1071 3257 697 1051 3258 713 1071 3259 700 1086 3260 700 1086 3261 713 1071 3262 703 1073 3263 688 1067 3264 854 1075 3265 439 1049 3266 439 1049 3267 854 1075 3268 857 1087 3269 439 1049 3270 857 1087 3271 841 1052 3272 659 1070 3273 651 1088 3274 680 1068 3275 680 1068 3276 651 1088 3277 653 1089 3278 680 1068 3279 653 1089 3280 655 1090 3281 635 1091 3282 856 1079 3283 633 1092 3284 633 1092 3285 856 1079 3286 680 1068 3287 633 1092 3288 680 1068 3289 646 1093 3290 646 1093 3291 680 1068 3292 655 1090 3293 858 1094 3294 247 247 3295 246 246 3296 859 1095 3297 860 1096 3298 861 1097 3299 862 1098 3300 863 1099 3301 3 1100 3302 71 1101 3303 70 1102 3304 864 1103 3305 68 1104 3306 66 1105 3307 865 1106 3308 64 1107 3309 63 63 3310 866 1108 3311 74 74 3312 89 89 3313 867 1109 3314 77 77 3315 87 87 3316 868 1110 3317 86 86 3318 79 79 3319 869 1111 3320 361 404 3321 359 402 3322 870 1112 3323 356 1113 3324 871 1114 3325 357 1115 3326 368 1116 3327 872 1117 3328 300 1118 3329 367 1119 3330 374 1120 3331 873 1121 3332 380 1122 3333 379 1123 3334 874 1124 3335 386 1125 3336 385 1126 3337 875 1127 3338 875 1127 3339 385 1126 3340 384 1128 3341 384 1128 3342 383 1129 3343 215 215 3344 383 1129 3345 389 1130 3346 215 215 3347 215 215 3348 389 1130 3349 388 1131 3350 215 215 3351 388 1131 3352 223 223 3353 379 1123 3354 378 1132 3355 874 1124 3356 874 1124 3357 378 1132 3358 377 1133 3359 874 1124 3360 377 1133 3361 386 1125 3362 371 1134 3363 876 1135 3364 372 1136 3365 372 1136 3366 876 1135 3367 873 1121 3368 372 1136 3369 873 1121 3370 373 1137 3371 373 1137 3372 873 1121 3373 374 1120 3374 872 1117 3375 368 1116 3376 877 1138 3377 878 1139 3378 360 1140 3379 301 1141 3380 871 1114 3381 356 1113 3382 879 1142 3383 364 407 3384 363 406 3385 880 1143 3386 78 78 3387 85 85 3388 881 1144 3389 881 1144 3390 85 85 3391 84 84 3392 83 83 3393 82 82 3394 882 1145 3395 61 1146 3396 883 1147 3397 62 1148 3398 62 1148 3399 883 1147 3400 1 1149 3401 884 1150 3402 885 1151 3403 886 1152 3404 886 1152 3405 885 1151 3406 887 1153 3407 886 1152 3408 887 1153 3409 888 1154 3410 384 1128 3411 215 215 3412 875 1127 3413 875 1127 3414 215 215 3415 214 214 3416 875 1127 3417 214 214 3418 889 1155 3419 889 1155 3420 214 214 3421 213 213 3422 889 1155 3423 213 213 3424 890 1156 3425 890 1156 3426 213 213 3427 207 207 3428 890 1156 3429 207 207 3430 891 1157 3431 891 1157 3432 207 207 3433 209 209 3434 891 1157 3435 209 209 3436 892 1158 3437 892 1158 3438 209 209 3439 211 211 3440 892 1158 3441 211 211 3442 893 1159 3443 211 211 3444 212 212 3445 893 1159 3446 893 1159 3447 212 212 3448 231 231 3449 893 1159 3450 231 231 3451 894 1160 3452 895 1161 3453 128 128 3454 136 136 3455 231 231 3456 230 230 3457 894 1160 3458 894 1160 3459 230 230 3460 228 228 3461 894 1160 3462 228 228 3463 896 1162 3464 896 1162 3465 228 228 3466 257 257 3467 896 1162 3468 257 257 3469 897 1163 3470 897 1163 3471 257 257 3472 256 256 3473 897 1163 3474 256 256 3475 898 1164 3476 898 1164 3477 256 256 3478 254 254 3479 898 1164 3480 254 254 3481 899 1165 3482 899 1165 3483 254 254 3484 253 253 3485 899 1165 3486 253 253 3487 900 1166 3488 253 253 3489 252 252 3490 900 1166 3491 900 1166 3492 252 252 3493 251 251 3494 900 1166 3495 251 251 3496 901 1167 3497 251 251 3498 249 249 3499 901 1167 3500 901 1167 3501 249 249 3502 248 248 3503 901 1167 3504 248 248 3505 902 1168 3506 902 1168 3507 248 248 3508 235 235 3509 902 1168 3510 235 235 3511 903 1169 3512 903 1169 3513 235 235 3514 237 237 3515 903 1169 3516 237 237 3517 904 1170 3518 905 1171 3519 240 240 3520 906 1172 3521 906 1172 3522 240 240 3523 239 239 3524 906 1172 3525 239 239 3526 907 1173 3527 907 1173 3528 239 239 3529 233 233 3530 907 1173 3531 233 233 3532 908 1174 3533 908 1174 3534 233 233 3535 225 225 3536 908 1174 3537 225 225 3538 909 1175 3539 909 1175 3540 225 225 3541 218 218 3542 909 1175 3543 218 218 3544 910 1176 3545 910 1176 3546 218 218 3547 217 217 3548 910 1176 3549 217 217 3550 911 1177 3551 911 1177 3552 217 217 3553 912 1178 3554 911 1177 3555 912 1178 3556 884 1150 3557 884 1150 3558 912 1178 3559 913 1179 3560 884 1150 3561 913 1179 3562 885 1151 3563 914 1180 3564 880 1181 3565 915 1182 3566 915 1182 3567 880 1143 3568 363 406 3569 915 1182 3570 363 406 3571 351 394 3572 148 148 3573 916 1183 3574 143 143 3575 143 143 3576 916 1183 3577 917 1184 3578 143 143 3579 917 1184 3580 144 144 3581 144 144 3582 917 1184 3583 918 1185 3584 144 144 3585 918 1185 3586 145 145 3587 145 145 3588 918 1185 3589 919 1186 3590 145 145 3591 919 1186 3592 141 141 3593 301 1141 3594 300 1118 3595 878 1139 3596 878 1139 3597 300 1118 3598 872 1117 3599 878 1139 3600 872 1117 3601 920 1187 3602 920 1187 3603 872 1117 3604 877 1138 3605 920 1187 3606 877 1138 3607 921 1188 3608 921 1188 3609 877 1138 3610 922 1189 3611 921 1188 3612 922 1189 3613 923 1190 3614 923 1190 3615 922 1189 3616 924 1191 3617 923 1190 3618 924 1191 3619 925 1192 3620 150 150 3621 364 407 3622 148 148 3623 148 148 3624 364 407 3625 880 1143 3626 148 148 3627 880 1181 3628 916 1183 3629 916 1183 3630 880 1181 3631 914 1180 3632 916 1183 3633 914 1180 3634 917 1184 3635 917 1184 3636 914 1180 3637 926 1193 3638 917 1184 3639 926 1193 3640 918 1185 3641 918 1185 3642 926 1193 3643 927 1194 3644 918 1185 3645 927 1194 3646 919 1186 3647 919 1186 3648 927 1194 3649 928 1195 3650 919 1186 3651 928 1195 3652 929 1196 3653 929 1196 3654 928 1195 3655 930 1197 3656 929 1196 3657 930 1197 3658 931 1198 3659 931 1198 3660 930 1197 3661 932 1199 3662 931 1198 3663 932 1199 3664 933 1200 3665 934 1201 3666 132 132 3667 137 137 3668 132 132 3669 934 1201 3670 133 133 3671 133 1202 3672 934 1202 3673 935 1202 3674 133 133 3675 935 1203 3676 135 135 3677 141 141 3678 919 1186 3679 142 142 3680 142 142 3681 919 1186 3682 929 1196 3683 142 142 3684 929 1196 3685 137 137 3686 137 137 3687 929 1196 3688 931 1198 3689 137 137 3690 931 1198 3691 934 1201 3692 934 1201 3693 931 1198 3694 933 1200 3695 934 1201 3696 933 1200 3697 935 1203 3698 935 1203 3699 933 1200 3700 936 1204 3701 935 1203 3702 936 1204 3703 937 1205 3704 937 1205 3705 936 1204 3706 938 1206 3707 937 1205 3708 938 1206 3709 939 1207 3710 135 135 3711 935 1203 3712 136 136 3713 136 136 3714 935 1203 3715 937 1205 3716 136 136 3717 937 1205 3718 895 1161 3719 895 1161 3720 937 1205 3721 939 1207 3722 895 1161 3723 939 1207 3724 940 1208 3725 128 128 3726 895 1161 3727 941 1209 3728 941 1209 3729 895 1161 3730 940 1208 3731 941 1209 3732 940 1208 3733 942 1210 3734 942 1210 3735 940 1208 3736 943 1211 3737 942 1210 3738 943 1211 3739 944 1212 3740 944 1212 3741 125 125 3742 942 1210 3743 942 1210 3744 125 125 3745 131 131 3746 942 1210 3747 131 131 3748 941 1209 3749 941 1209 3750 131 131 3751 130 130 3752 941 1209 3753 130 130 3754 128 128 3755 945 1213 3756 123 123 3757 944 1214 3758 944 1214 3759 123 123 3760 126 126 3761 944 1214 3762 126 126 3763 125 125 3764 943 1211 3765 946 1215 3766 944 1212 3767 944 1212 3768 946 1215 3769 947 1216 3770 944 1212 3771 947 1216 3772 945 1217 3773 945 1217 3774 947 1216 3775 948 1218 3776 949 1219 3777 118 1219 3778 950 1219 3779 950 1220 3780 118 118 3781 119 119 3782 950 1220 3783 119 119 3784 121 121 3785 371 1134 3786 380 1122 3787 876 1135 3788 876 1135 3789 380 1122 3790 874 1124 3791 876 1135 3792 874 1124 3793 951 1221 3794 951 1221 3795 874 1124 3796 952 1222 3797 951 1221 3798 952 1222 3799 953 1223 3800 953 1223 3801 952 1222 3802 954 1224 3803 953 1223 3804 954 1224 3805 955 1225 3806 955 1225 3807 954 1224 3808 956 1226 3809 955 1225 3810 956 1226 3811 957 1227 3812 957 1227 3813 956 1226 3814 958 1228 3815 957 1227 3816 958 1228 3817 959 1229 3818 959 1229 3819 958 1228 3820 960 1230 3821 959 1229 3822 960 1230 3823 961 1231 3824 961 1231 3825 960 1230 3826 962 1232 3827 961 1231 3828 962 1232 3829 963 1233 3830 963 1233 3831 962 1232 3832 964 1234 3833 963 1233 3834 964 1234 3835 965 1235 3836 965 1235 3837 964 1234 3838 966 1236 3839 965 1235 3840 966 1236 3841 967 1237 3842 967 1237 3843 966 1236 3844 968 1238 3845 967 1237 3846 968 1238 3847 969 1239 3848 969 1239 3849 968 1238 3850 970 1240 3851 969 1239 3852 970 1240 3853 971 1241 3854 971 1241 3855 970 1240 3856 972 1242 3857 971 1241 3858 972 1242 3859 973 1243 3860 973 1243 3861 972 1242 3862 974 1244 3863 973 1243 3864 974 1244 3865 975 1245 3866 975 1245 3867 974 1244 3868 976 1246 3869 975 1245 3870 976 1246 3871 977 1247 3872 977 1247 3873 976 1246 3874 978 1248 3875 977 1247 3876 978 1248 3877 979 1249 3878 979 1249 3879 978 1248 3880 980 1250 3881 979 1249 3882 980 1250 3883 981 1251 3884 386 1125 3885 875 1127 3886 874 1124 3887 874 1124 3888 875 1127 3889 889 1155 3890 874 1124 3891 889 1155 3892 952 1222 3893 952 1222 3894 889 1155 3895 890 1156 3896 952 1222 3897 890 1156 3898 954 1224 3899 954 1224 3900 890 1156 3901 891 1157 3902 954 1224 3903 891 1157 3904 956 1226 3905 956 1226 3906 891 1157 3907 892 1158 3908 956 1226 3909 892 1158 3910 958 1228 3911 958 1228 3912 892 1158 3913 893 1159 3914 958 1228 3915 893 1159 3916 960 1230 3917 960 1230 3918 893 1159 3919 894 1160 3920 960 1230 3921 894 1160 3922 962 1232 3923 962 1232 3924 894 1160 3925 896 1162 3926 962 1232 3927 896 1162 3928 964 1234 3929 964 1234 3930 896 1162 3931 897 1163 3932 964 1234 3933 897 1163 3934 966 1236 3935 966 1236 3936 897 1163 3937 898 1164 3938 966 1236 3939 898 1164 3940 968 1238 3941 968 1238 3942 898 1164 3943 899 1165 3944 968 1238 3945 899 1165 3946 970 1240 3947 970 1240 3948 899 1165 3949 900 1166 3950 970 1240 3951 900 1166 3952 972 1242 3953 972 1242 3954 900 1166 3955 901 1167 3956 972 1242 3957 901 1167 3958 974 1244 3959 974 1244 3960 901 1167 3961 902 1168 3962 974 1244 3963 902 1168 3964 976 1246 3965 976 1246 3966 902 1168 3967 903 1169 3968 976 1246 3969 903 1169 3970 978 1248 3971 978 1248 3972 903 1169 3973 904 1170 3974 978 1248 3975 904 1170 3976 980 1250 3977 982 1252 3978 112 1252 3979 983 1252 3980 983 1253 3981 112 112 3982 113 113 3983 983 1253 3984 113 113 3985 984 1254 3986 984 1254 3987 113 113 3988 115 115 3989 984 1255 3990 115 1256 3991 949 1257 3992 949 1258 3993 115 115 3994 116 116 3995 949 1258 3996 116 116 3997 118 118 3998 985 1259 3999 858 1094 4000 986 1260 4001 986 1260 4002 858 1094 4003 246 246 4004 986 1260 4005 246 246 4006 987 1261 4007 987 1261 4008 246 246 4009 244 244 4010 987 1261 4011 244 244 4012 905 1171 4013 905 1171 4014 244 244 4015 242 242 4016 905 1171 4017 242 242 4018 240 240 4019 988 1262 4020 109 1262 4021 982 1262 4022 982 1263 4023 109 109 4024 110 110 4025 982 1263 4026 110 110 4027 112 112 4028 989 1264 4029 106 1265 4030 988 1266 4031 988 1267 4032 106 106 4033 107 107 4034 988 1267 4035 107 107 4036 109 109 4037 358 401 4038 357 1115 4039 990 1268 4040 990 1268 4041 357 1115 4042 871 1114 4043 990 1268 4044 871 1114 4045 991 1269 4046 991 1269 4047 871 1114 4048 879 1142 4049 991 1269 4050 879 1142 4051 992 1270 4052 992 1270 4053 879 1142 4054 993 1271 4055 992 1270 4056 993 1271 4057 994 1272 4058 994 1272 4059 993 1271 4060 995 1273 4061 994 1272 4062 995 1273 4063 996 1274 4064 996 1274 4065 995 1273 4066 997 1275 4067 996 1274 4068 997 1275 4069 998 1276 4070 998 1276 4071 997 1275 4072 999 1277 4073 998 1276 4074 999 1277 4075 1000 1278 4076 1000 1278 4077 999 1277 4078 1001 1279 4079 1000 1278 4080 1001 1279 4081 1002 1280 4082 1002 1280 4083 1001 1279 4084 1003 1281 4085 1002 1280 4086 1003 1281 4087 1004 1282 4088 1004 1282 4089 1003 1281 4090 1005 1283 4091 1004 1282 4092 1005 1283 4093 1006 1284 4094 1006 1284 4095 1005 1283 4096 1007 1285 4097 1006 1284 4098 1007 1285 4099 1008 1286 4100 1008 1286 4101 1007 1285 4102 1009 1287 4103 1008 1286 4104 1009 1287 4105 1010 1288 4106 1010 1288 4107 1009 1287 4108 1011 1289 4109 1010 1288 4110 1011 1289 4111 1012 1290 4112 1012 1290 4113 1011 1289 4114 1013 1291 4115 1012 1290 4116 1013 1291 4117 1014 1292 4118 1014 1292 4119 1013 1291 4120 1015 1293 4121 1014 1292 4122 1015 1293 4123 1016 1294 4124 1016 1294 4125 1015 1293 4126 1017 1295 4127 1016 1294 4128 1017 1295 4129 1018 1296 4130 1018 1296 4131 1017 1295 4132 1019 1297 4133 1018 1296 4134 1019 1297 4135 1020 1298 4136 1020 1298 4137 1019 1297 4138 1021 1299 4139 1020 1298 4140 1021 1299 4141 1022 1300 4142 1022 1300 4143 1021 1299 4144 1023 1301 4145 1022 1300 4146 1023 1301 4147 1024 1302 4148 1024 1302 4149 1023 1301 4150 1025 1303 4151 1024 1302 4152 1025 1303 4153 1026 1304 4154 1026 1304 4155 1025 1303 4156 1027 1305 4157 1026 1304 4158 1027 1305 4159 1028 1306 4160 1028 1306 4161 1027 1305 4162 1029 1307 4163 1028 1306 4164 1029 1307 4165 1030 1308 4166 1030 1308 4167 1029 1307 4168 1031 1309 4169 1030 1308 4170 1031 1309 4171 1032 1310 4172 1032 1310 4173 1031 1309 4174 1033 1311 4175 1032 1310 4176 1033 1311 4177 1034 1312 4178 1035 1313 4179 96 96 4180 1036 1314 4181 1036 1314 4182 96 96 4183 98 98 4184 1036 1314 4185 98 98 4186 1037 1315 4187 1037 1315 4188 98 98 4189 100 100 4190 1037 1316 4191 100 1316 4192 1038 1316 4193 1038 1317 4194 100 100 4195 101 101 4196 1038 1317 4197 101 101 4198 1039 1318 4199 1039 1318 4200 101 101 4201 103 103 4202 1039 1318 4203 103 103 4204 989 1264 4205 989 1264 4206 103 103 4207 104 104 4208 989 1264 4209 104 104 4210 106 106 4211 1040 1319 4212 91 1319 4213 1035 1319 4214 1035 1313 4215 91 91 4216 90 90 4217 1035 1313 4218 90 90 4219 96 96 4220 985 1259 4221 986 1260 4222 1041 1320 4223 1041 1320 4224 986 1260 4225 987 1261 4226 1041 1320 4227 987 1261 4228 1042 1321 4229 1042 1321 4230 987 1261 4231 905 1171 4232 1042 1321 4233 905 1171 4234 1043 1322 4235 1043 1322 4236 905 1171 4237 906 1172 4238 1043 1322 4239 906 1172 4240 1044 1323 4241 1044 1323 4242 906 1172 4243 907 1173 4244 1044 1323 4245 907 1173 4246 1045 1324 4247 1045 1324 4248 907 1173 4249 908 1174 4250 1045 1324 4251 908 1174 4252 1046 1325 4253 1046 1325 4254 908 1174 4255 909 1175 4256 1046 1325 4257 909 1175 4258 1047 1326 4259 1047 1326 4260 909 1175 4261 910 1176 4262 1047 1326 4263 910 1176 4264 1048 1327 4265 1048 1327 4266 910 1176 4267 911 1177 4268 1048 1327 4269 911 1177 4270 1049 1328 4271 1049 1328 4272 911 1177 4273 884 1150 4274 1049 1328 4275 884 1150 4276 1050 1329 4277 1050 1329 4278 884 1150 4279 886 1152 4280 1050 1329 4281 886 1152 4282 1051 1330 4283 1051 1330 4284 886 1152 4285 888 1154 4286 1051 1330 4287 888 1154 4288 861 1097 4289 861 1097 4290 888 1154 4291 1052 1331 4292 861 1097 4293 1052 1331 4294 859 1095 4295 82 82 4296 81 81 4297 882 1145 4298 882 1145 4299 81 81 4300 93 93 4301 882 1332 4302 93 93 4303 1040 1333 4304 1040 1333 4305 93 93 4306 95 95 4307 1040 1333 4308 95 95 4309 91 91 4310 84 84 4311 83 83 4312 881 1144 4313 881 1144 4314 83 83 4315 882 1145 4316 881 1144 4317 882 1332 4318 1053 1334 4319 1053 1334 4320 882 1332 4321 1040 1333 4322 1053 1334 4323 1040 1333 4324 1054 1335 4325 1054 1335 4326 1040 1333 4327 1035 1313 4328 1054 1335 4329 1035 1313 4330 1055 1336 4331 1055 1336 4332 1035 1313 4333 1036 1314 4334 1055 1336 4335 1036 1314 4336 1056 1337 4337 1056 1337 4338 1036 1314 4339 1037 1315 4340 1056 1337 4341 1037 1315 4342 1057 1338 4343 1057 1338 4344 1037 1315 4345 1038 1317 4346 1057 1338 4347 1038 1317 4348 1058 1339 4349 1058 1339 4350 1038 1317 4351 1039 1318 4352 1058 1339 4353 1039 1318 4354 1059 1340 4355 1059 1340 4356 1039 1318 4357 989 1264 4358 1059 1340 4359 989 1264 4360 1060 1341 4361 1060 1341 4362 989 1264 4363 988 1266 4364 1060 1341 4365 988 1266 4366 1061 1342 4367 1061 1342 4368 988 1266 4369 982 1343 4370 1061 1342 4371 982 1343 4372 1062 1344 4373 1062 1344 4374 982 1343 4375 983 1253 4376 1062 1344 4377 983 1253 4378 1063 1345 4379 1063 1345 4380 983 1253 4381 984 1254 4382 1063 1345 4383 984 1255 4384 1064 1346 4385 1064 1346 4386 984 1255 4387 949 1257 4388 1064 1346 4389 949 1257 4390 948 1218 4391 948 1218 4392 949 1257 4393 950 1220 4394 948 1218 4395 950 1220 4396 945 1217 4397 945 1217 4398 950 1220 4399 121 121 4400 945 1217 4401 121 121 4402 123 123 4403 351 394 4404 350 393 4405 915 1182 4406 915 1182 4407 350 393 4408 1065 1347 4409 915 1182 4410 1065 1347 4411 914 1180 4412 914 1180 4413 1065 1347 4414 1066 1348 4415 914 1180 4416 1066 1348 4417 926 1193 4418 926 1193 4419 1066 1348 4420 1067 1349 4421 926 1193 4422 1067 1349 4423 927 1194 4424 927 1194 4425 1067 1349 4426 1068 1350 4427 927 1194 4428 1068 1350 4429 928 1195 4430 928 1195 4431 1068 1350 4432 1069 1351 4433 928 1195 4434 1069 1351 4435 930 1197 4436 930 1197 4437 1069 1351 4438 1070 1352 4439 930 1197 4440 1070 1352 4441 932 1199 4442 932 1199 4443 1070 1352 4444 1071 1353 4445 932 1199 4446 1071 1353 4447 933 1200 4448 933 1200 4449 1071 1353 4450 1072 1354 4451 933 1200 4452 1072 1354 4453 936 1204 4454 936 1204 4455 1072 1354 4456 1073 1355 4457 936 1204 4458 1073 1355 4459 938 1206 4460 938 1206 4461 1073 1355 4462 1074 1356 4463 938 1206 4464 1074 1356 4465 939 1207 4466 939 1207 4467 1074 1356 4468 1075 1357 4469 939 1207 4470 1075 1357 4471 940 1208 4472 940 1208 4473 1075 1357 4474 1076 1358 4475 940 1208 4476 1076 1358 4477 943 1211 4478 943 1211 4479 1076 1358 4480 1077 1359 4481 943 1211 4482 1077 1359 4483 946 1215 4484 946 1215 4485 1077 1359 4486 1078 1360 4487 946 1215 4488 1078 1360 4489 947 1216 4490 947 1216 4491 1078 1360 4492 1079 1361 4493 947 1216 4494 1079 1361 4495 948 1218 4496 948 1218 4497 1079 1361 4498 1080 1362 4499 948 1218 4500 1080 1362 4501 1064 1346 4502 1064 1346 4503 1080 1362 4504 1081 1363 4505 1064 1346 4506 1081 1363 4507 1063 1345 4508 1063 1345 4509 1081 1363 4510 1082 1364 4511 1063 1345 4512 1082 1364 4513 1062 1344 4514 1062 1344 4515 1082 1364 4516 1083 1365 4517 1062 1344 4518 1083 1365 4519 1061 1342 4520 1061 1342 4521 1083 1365 4522 1084 1366 4523 1061 1342 4524 1084 1366 4525 1060 1341 4526 1060 1341 4527 1084 1366 4528 1085 1367 4529 1060 1341 4530 1085 1367 4531 1059 1340 4532 1059 1340 4533 1085 1367 4534 1086 1368 4535 1059 1340 4536 1086 1368 4537 1058 1339 4538 1058 1339 4539 1086 1368 4540 1087 1369 4541 1058 1339 4542 1087 1369 4543 1057 1338 4544 1057 1338 4545 1087 1369 4546 1088 1370 4547 1057 1338 4548 1088 1370 4549 1056 1337 4550 1056 1337 4551 1088 1370 4552 1089 1371 4553 1056 1337 4554 1089 1371 4555 1055 1336 4556 1055 1336 4557 1089 1371 4558 1090 1372 4559 1055 1336 4560 1090 1372 4561 1054 1335 4562 1054 1335 4563 1090 1372 4564 1091 1373 4565 1054 1335 4566 1091 1373 4567 1053 1334 4568 1053 1334 4569 1091 1373 4570 1092 1374 4571 1053 1334 4572 1092 1374 4573 881 1144 4574 881 1144 4575 1092 1374 4576 869 1111 4577 881 1144 4578 869 1111 4579 78 78 4580 78 78 4581 869 1111 4582 79 79 4583 350 393 4584 355 398 4585 1065 1347 4586 1065 1347 4587 355 398 4588 1093 1375 4589 1065 1347 4590 1093 1375 4591 1066 1348 4592 1066 1348 4593 1093 1375 4594 1094 1376 4595 1066 1348 4596 1094 1376 4597 1067 1349 4598 1067 1349 4599 1094 1376 4600 1095 1377 4601 1067 1349 4602 1095 1377 4603 1068 1350 4604 1068 1350 4605 1095 1377 4606 1096 1378 4607 1068 1350 4608 1096 1378 4609 1069 1351 4610 1069 1351 4611 1096 1378 4612 1097 1379 4613 1069 1351 4614 1097 1379 4615 1070 1352 4616 1070 1352 4617 1097 1379 4618 1098 1380 4619 1070 1352 4620 1098 1380 4621 1071 1353 4622 1071 1353 4623 1098 1380 4624 1099 1381 4625 1071 1353 4626 1099 1381 4627 1072 1354 4628 1072 1354 4629 1099 1381 4630 1100 1382 4631 1072 1354 4632 1100 1382 4633 1073 1355 4634 1073 1355 4635 1100 1382 4636 1101 1383 4637 1073 1355 4638 1101 1383 4639 1074 1356 4640 1074 1356 4641 1101 1383 4642 1102 1384 4643 1074 1356 4644 1102 1384 4645 1075 1357 4646 1075 1357 4647 1102 1384 4648 1103 1385 4649 1075 1357 4650 1103 1385 4651 1076 1358 4652 1076 1358 4653 1103 1385 4654 1104 1386 4655 1076 1358 4656 1104 1386 4657 1077 1359 4658 1077 1359 4659 1104 1386 4660 1105 1387 4661 1077 1359 4662 1105 1387 4663 1078 1360 4664 1078 1360 4665 1105 1387 4666 1106 1388 4667 1078 1360 4668 1106 1388 4669 1079 1361 4670 1079 1361 4671 1106 1388 4672 1107 1389 4673 1079 1361 4674 1107 1389 4675 1080 1362 4676 1080 1362 4677 1107 1389 4678 1108 1390 4679 1080 1362 4680 1108 1390 4681 1081 1363 4682 1081 1363 4683 1108 1390 4684 1109 1391 4685 1081 1363 4686 1109 1391 4687 1082 1364 4688 1082 1364 4689 1109 1391 4690 1110 1392 4691 1082 1364 4692 1110 1392 4693 1083 1365 4694 1083 1365 4695 1110 1392 4696 1111 1393 4697 1083 1365 4698 1111 1393 4699 1084 1366 4700 1084 1366 4701 1111 1393 4702 1112 1394 4703 1084 1366 4704 1112 1394 4705 1085 1367 4706 1085 1367 4707 1112 1394 4708 1113 1395 4709 1085 1367 4710 1113 1395 4711 1086 1368 4712 1086 1368 4713 1113 1395 4714 1114 1396 4715 1086 1368 4716 1114 1396 4717 1087 1369 4718 1087 1369 4719 1114 1396 4720 1115 1397 4721 1087 1369 4722 1115 1397 4723 1088 1370 4724 1088 1370 4725 1115 1397 4726 1116 1398 4727 1088 1370 4728 1116 1398 4729 1089 1371 4730 1089 1371 4731 1116 1398 4732 1117 1399 4733 1089 1371 4734 1117 1399 4735 1090 1372 4736 1090 1372 4737 1117 1399 4738 1118 1400 4739 1090 1372 4740 1118 1400 4741 1091 1373 4742 1091 1373 4743 1118 1400 4744 1119 1401 4745 1091 1373 4746 1119 1401 4747 1092 1374 4748 1092 1374 4749 1119 1401 4750 1120 1402 4751 1092 1374 4752 1120 1402 4753 869 1111 4754 869 1111 4755 1120 1402 4756 868 1110 4757 869 1111 4758 868 1110 4759 86 86 4760 86 86 4761 868 1110 4762 87 87 4763 355 398 4764 354 397 4765 1093 1375 4766 1093 1375 4767 354 397 4768 1121 1403 4769 1093 1375 4770 1121 1403 4771 1094 1376 4772 1094 1376 4773 1121 1403 4774 1122 1404 4775 1094 1376 4776 1122 1404 4777 1095 1377 4778 1095 1377 4779 1122 1404 4780 1123 1405 4781 1095 1377 4782 1123 1405 4783 1096 1378 4784 1096 1378 4785 1123 1405 4786 1124 1406 4787 1096 1378 4788 1124 1406 4789 1097 1379 4790 1097 1379 4791 1124 1406 4792 1125 1407 4793 1097 1379 4794 1125 1407 4795 1098 1380 4796 1098 1380 4797 1125 1407 4798 1126 1408 4799 1098 1380 4800 1126 1408 4801 1099 1381 4802 1099 1381 4803 1126 1408 4804 1127 1409 4805 1099 1381 4806 1127 1409 4807 1100 1382 4808 1100 1382 4809 1127 1409 4810 1128 1410 4811 1100 1382 4812 1128 1410 4813 1101 1383 4814 1101 1383 4815 1128 1410 4816 1129 1411 4817 1101 1383 4818 1129 1411 4819 1102 1384 4820 1102 1384 4821 1129 1411 4822 1130 1412 4823 1102 1384 4824 1130 1412 4825 1103 1385 4826 1103 1385 4827 1130 1412 4828 1131 1413 4829 1103 1385 4830 1131 1413 4831 1104 1386 4832 1104 1386 4833 1131 1413 4834 1132 1414 4835 1104 1386 4836 1132 1414 4837 1105 1387 4838 1105 1387 4839 1132 1414 4840 1133 1415 4841 1105 1387 4842 1133 1415 4843 1106 1388 4844 1106 1388 4845 1133 1415 4846 1134 1416 4847 1106 1388 4848 1134 1416 4849 1107 1389 4850 1107 1389 4851 1134 1416 4852 1135 1417 4853 1107 1389 4854 1135 1417 4855 1108 1390 4856 1108 1390 4857 1135 1417 4858 1136 1418 4859 1108 1390 4860 1136 1418 4861 1109 1391 4862 1109 1391 4863 1136 1418 4864 1137 1419 4865 1109 1391 4866 1137 1419 4867 1110 1392 4868 1110 1392 4869 1137 1419 4870 1138 1420 4871 1110 1392 4872 1138 1420 4873 1111 1393 4874 1111 1393 4875 1138 1420 4876 1139 1421 4877 1111 1393 4878 1139 1421 4879 1112 1394 4880 1112 1394 4881 1139 1421 4882 1140 1422 4883 1112 1394 4884 1140 1422 4885 1113 1395 4886 1113 1395 4887 1140 1422 4888 1141 1423 4889 1113 1395 4890 1141 1423 4891 1114 1396 4892 1114 1396 4893 1141 1423 4894 1142 1424 4895 1114 1396 4896 1142 1424 4897 1115 1397 4898 1115 1397 4899 1142 1424 4900 1143 1425 4901 1115 1397 4902 1143 1425 4903 1116 1398 4904 1116 1398 4905 1143 1425 4906 1144 1426 4907 1116 1398 4908 1144 1426 4909 1117 1399 4910 1117 1399 4911 1144 1426 4912 1145 1427 4913 1117 1399 4914 1145 1427 4915 1118 1400 4916 1118 1400 4917 1145 1427 4918 1146 1428 4919 1118 1400 4920 1146 1428 4921 1119 1401 4922 1119 1401 4923 1146 1428 4924 1147 1429 4925 1119 1401 4926 1147 1429 4927 1120 1402 4928 1120 1402 4929 1147 1429 4930 1148 1430 4931 1120 1402 4932 1148 1430 4933 868 1110 4934 868 1110 4935 1148 1430 4936 1149 1431 4937 868 1110 4938 1149 1431 4939 77 77 4940 77 77 4941 1149 1431 4942 75 75 4943 354 397 4944 353 396 4945 1121 1403 4946 1121 1403 4947 353 396 4948 1150 1432 4949 1121 1403 4950 1150 1432 4951 1122 1404 4952 1122 1404 4953 1150 1432 4954 1151 1433 4955 1122 1404 4956 1151 1433 4957 1123 1405 4958 1123 1405 4959 1151 1433 4960 1152 1434 4961 1123 1405 4962 1152 1434 4963 1124 1406 4964 1124 1406 4965 1152 1434 4966 1153 1435 4967 1124 1406 4968 1153 1435 4969 1125 1407 4970 1125 1407 4971 1153 1435 4972 1154 1436 4973 1125 1407 4974 1154 1436 4975 1126 1408 4976 1126 1408 4977 1154 1436 4978 1155 1437 4979 1126 1408 4980 1155 1437 4981 1127 1409 4982 1127 1409 4983 1155 1437 4984 1156 1438 4985 1127 1409 4986 1156 1438 4987 1128 1410 4988 1128 1410 4989 1156 1438 4990 1157 1439 4991 1128 1410 4992 1157 1439 4993 1129 1411 4994 1129 1411 4995 1157 1439 4996 1158 1440 4997 1129 1411 4998 1158 1440 4999 1130 1412 5000 1130 1412 5001 1158 1440 5002 1159 1441 5003 1130 1412 5004 1159 1441 5005 1131 1413 5006 1131 1413 5007 1159 1441 5008 1160 1442 5009 1131 1413 5010 1160 1442 5011 1132 1414 5012 1132 1414 5013 1160 1442 5014 1161 1443 5015 1132 1414 5016 1161 1443 5017 1133 1415 5018 1133 1415 5019 1161 1443 5020 1162 1444 5021 1133 1415 5022 1162 1444 5023 1134 1416 5024 1134 1416 5025 1162 1444 5026 1163 1445 5027 1134 1416 5028 1163 1445 5029 1135 1417 5030 1135 1417 5031 1163 1445 5032 1164 1446 5033 1135 1417 5034 1164 1446 5035 1136 1418 5036 1136 1418 5037 1164 1446 5038 1165 1447 5039 1136 1418 5040 1165 1447 5041 1137 1419 5042 1137 1419 5043 1165 1447 5044 1166 1448 5045 1137 1419 5046 1166 1448 5047 1138 1420 5048 1138 1420 5049 1166 1448 5050 1167 1449 5051 1138 1420 5052 1167 1449 5053 1139 1421 5054 1139 1421 5055 1167 1449 5056 1168 1450 5057 1139 1421 5058 1168 1450 5059 1140 1422 5060 1140 1422 5061 1168 1450 5062 1169 1451 5063 1140 1422 5064 1169 1451 5065 1141 1423 5066 1141 1423 5067 1169 1451 5068 1170 1452 5069 1141 1423 5070 1170 1452 5071 1142 1424 5072 1142 1424 5073 1170 1452 5074 1171 1453 5075 1142 1424 5076 1171 1453 5077 1143 1425 5078 1143 1425 5079 1171 1453 5080 1172 1454 5081 1143 1425 5082 1172 1454 5083 1144 1426 5084 1144 1426 5085 1172 1454 5086 1173 1455 5087 1144 1426 5088 1173 1455 5089 1145 1427 5090 1145 1427 5091 1173 1455 5092 1174 1456 5093 1145 1427 5094 1174 1456 5095 1146 1428 5096 1146 1428 5097 1174 1456 5098 1175 1457 5099 1146 1428 5100 1175 1457 5101 1147 1429 5102 1147 1429 5103 1175 1457 5104 1176 1458 5105 1147 1429 5106 1176 1458 5107 1148 1430 5108 1148 1430 5109 1176 1458 5110 1177 1459 5111 1148 1430 5112 1177 1459 5113 1149 1431 5114 1149 1431 5115 1177 1459 5116 1178 1460 5117 1149 1431 5118 1178 1460 5119 75 75 5120 75 75 5121 1178 1460 5122 1179 1461 5123 75 75 5124 1179 1461 5125 76 76 5126 76 76 5127 1179 1461 5128 88 88 5129 353 396 5130 362 405 5131 1150 1432 5132 1150 1432 5133 362 405 5134 1180 1462 5135 1150 1432 5136 1180 1462 5137 1151 1433 5138 1151 1433 5139 1180 1462 5140 1181 1463 5141 1151 1433 5142 1181 1463 5143 1152 1434 5144 1152 1434 5145 1181 1463 5146 1182 1464 5147 1152 1434 5148 1182 1464 5149 1153 1435 5150 1153 1435 5151 1182 1464 5152 1183 1465 5153 1153 1435 5154 1183 1465 5155 1154 1436 5156 1154 1436 5157 1183 1465 5158 1184 1466 5159 1154 1436 5160 1184 1466 5161 1155 1437 5162 1155 1437 5163 1184 1466 5164 1185 1467 5165 1155 1437 5166 1185 1467 5167 1156 1438 5168 1156 1438 5169 1185 1467 5170 1186 1468 5171 1156 1438 5172 1186 1468 5173 1157 1439 5174 1157 1439 5175 1186 1468 5176 1187 1469 5177 1157 1439 5178 1187 1469 5179 1158 1440 5180 1158 1440 5181 1187 1469 5182 1188 1470 5183 1158 1440 5184 1188 1470 5185 1159 1441 5186 1159 1441 5187 1188 1470 5188 1189 1471 5189 1159 1441 5190 1189 1471 5191 1160 1442 5192 1160 1442 5193 1189 1471 5194 1190 1472 5195 1160 1442 5196 1190 1472 5197 1161 1443 5198 1161 1443 5199 1190 1472 5200 1191 1473 5201 1161 1443 5202 1191 1473 5203 1162 1444 5204 1162 1444 5205 1191 1473 5206 1192 1474 5207 1162 1444 5208 1192 1474 5209 1163 1445 5210 1163 1445 5211 1192 1474 5212 1193 1475 5213 1163 1445 5214 1193 1475 5215 1164 1446 5216 1164 1446 5217 1193 1475 5218 1194 1476 5219 1164 1446 5220 1194 1476 5221 1165 1447 5222 1165 1447 5223 1194 1476 5224 1195 1477 5225 1165 1447 5226 1195 1477 5227 1166 1448 5228 1166 1448 5229 1195 1477 5230 1196 1478 5231 1166 1448 5232 1196 1478 5233 1167 1449 5234 1167 1449 5235 1196 1478 5236 1197 1479 5237 1167 1449 5238 1197 1479 5239 1168 1450 5240 1168 1450 5241 1197 1479 5242 1198 1480 5243 1168 1450 5244 1198 1480 5245 1169 1451 5246 1169 1451 5247 1198 1480 5248 1199 1481 5249 1169 1451 5250 1199 1481 5251 1170 1452 5252 1170 1452 5253 1199 1481 5254 1200 1482 5255 1170 1452 5256 1200 1482 5257 1171 1453 5258 1171 1453 5259 1200 1482 5260 1201 1483 5261 1171 1453 5262 1201 1483 5263 1172 1454 5264 1172 1454 5265 1201 1483 5266 1202 1484 5267 1172 1454 5268 1202 1484 5269 1173 1455 5270 1173 1455 5271 1202 1484 5272 1203 1485 5273 1173 1455 5274 1203 1485 5275 1174 1456 5276 1174 1456 5277 1203 1485 5278 1204 1486 5279 1174 1456 5280 1204 1486 5281 1175 1457 5282 1175 1457 5283 1204 1486 5284 1205 1487 5285 1175 1457 5286 1205 1487 5287 1176 1458 5288 1176 1458 5289 1205 1487 5290 1206 1488 5291 1176 1458 5292 1206 1488 5293 1177 1459 5294 1177 1459 5295 1206 1488 5296 1207 1489 5297 1177 1459 5298 1207 1489 5299 1178 1460 5300 1178 1460 5301 1207 1489 5302 1208 1490 5303 1178 1460 5304 1208 1490 5305 1179 1461 5306 1179 1461 5307 1208 1490 5308 867 1109 5309 1179 1461 5310 867 1109 5311 88 88 5312 88 88 5313 867 1109 5314 89 89 5315 362 405 5316 361 404 5317 1180 1462 5318 1180 1462 5319 361 404 5320 870 1112 5321 1180 1462 5322 870 1112 5323 1181 1463 5324 1181 1463 5325 870 1112 5326 1209 1491 5327 1181 1463 5328 1209 1491 5329 1182 1464 5330 1182 1464 5331 1209 1491 5332 1210 1492 5333 1182 1464 5334 1210 1492 5335 1183 1465 5336 1183 1465 5337 1210 1492 5338 1211 1493 5339 1183 1465 5340 1211 1493 5341 1184 1466 5342 1184 1466 5343 1211 1493 5344 1212 1494 5345 1184 1466 5346 1212 1494 5347 1185 1467 5348 1185 1467 5349 1212 1494 5350 1213 1495 5351 1185 1467 5352 1213 1495 5353 1186 1468 5354 1186 1468 5355 1213 1495 5356 1214 1496 5357 1186 1468 5358 1214 1496 5359 1187 1469 5360 1187 1469 5361 1214 1496 5362 1215 1497 5363 1187 1469 5364 1215 1497 5365 1188 1470 5366 1188 1470 5367 1215 1497 5368 1216 1498 5369 1188 1470 5370 1216 1498 5371 1189 1471 5372 1189 1471 5373 1216 1498 5374 1217 1499 5375 1189 1471 5376 1217 1499 5377 1190 1472 5378 1190 1472 5379 1217 1499 5380 1218 1500 5381 1190 1472 5382 1218 1500 5383 1191 1473 5384 1191 1473 5385 1218 1500 5386 1219 1501 5387 1191 1473 5388 1219 1501 5389 1192 1474 5390 1192 1474 5391 1219 1501 5392 1220 1502 5393 1192 1474 5394 1220 1502 5395 1193 1475 5396 1193 1475 5397 1220 1502 5398 1221 1503 5399 1193 1475 5400 1221 1503 5401 1194 1476 5402 1194 1476 5403 1221 1503 5404 1222 1504 5405 1194 1476 5406 1222 1504 5407 1195 1477 5408 1195 1477 5409 1222 1504 5410 1223 1505 5411 1195 1477 5412 1223 1505 5413 1196 1478 5414 1196 1478 5415 1223 1505 5416 1224 1506 5417 1196 1478 5418 1224 1506 5419 1197 1479 5420 1197 1479 5421 1224 1506 5422 1225 1507 5423 1197 1479 5424 1225 1507 5425 1198 1480 5426 1198 1480 5427 1225 1507 5428 1226 1508 5429 1198 1480 5430 1226 1508 5431 1199 1481 5432 1199 1481 5433 1226 1508 5434 1227 1509 5435 1199 1481 5436 1227 1509 5437 1200 1482 5438 1200 1482 5439 1227 1509 5440 1228 1510 5441 1200 1482 5442 1228 1510 5443 1201 1483 5444 1201 1483 5445 1228 1510 5446 1229 1511 5447 1201 1483 5448 1229 1511 5449 1202 1484 5450 1202 1484 5451 1229 1511 5452 1230 1512 5453 1202 1484 5454 1230 1512 5455 1203 1485 5456 1203 1485 5457 1230 1512 5458 1231 1513 5459 1203 1485 5460 1231 1513 5461 1204 1486 5462 1204 1486 5463 1231 1513 5464 1232 1514 5465 1204 1486 5466 1232 1514 5467 1205 1487 5468 1205 1487 5469 1232 1514 5470 1233 1515 5471 1205 1487 5472 1233 1515 5473 1206 1488 5474 1206 1488 5475 1233 1515 5476 1234 1516 5477 1206 1488 5478 1234 1516 5479 1207 1489 5480 1207 1489 5481 1234 1516 5482 1235 1517 5483 1207 1489 5484 1235 1517 5485 1208 1490 5486 1208 1490 5487 1235 1517 5488 1236 1518 5489 1208 1490 5490 1236 1518 5491 867 1109 5492 867 1109 5493 1236 1518 5494 1237 1519 5495 867 1109 5496 1237 1519 5497 74 74 5498 74 74 5499 1237 1519 5500 72 72 5501 359 402 5502 358 401 5503 870 1112 5504 870 1112 5505 358 401 5506 990 1268 5507 870 1112 5508 990 1268 5509 1209 1491 5510 1209 1491 5511 990 1268 5512 991 1269 5513 1209 1491 5514 991 1269 5515 1210 1492 5516 1210 1492 5517 991 1269 5518 992 1270 5519 1210 1492 5520 992 1270 5521 1211 1493 5522 1211 1493 5523 992 1270 5524 994 1272 5525 1211 1493 5526 994 1272 5527 1212 1494 5528 1212 1494 5529 994 1272 5530 996 1274 5531 1212 1494 5532 996 1274 5533 1213 1495 5534 1213 1495 5535 996 1274 5536 998 1276 5537 1213 1495 5538 998 1276 5539 1214 1496 5540 1214 1496 5541 998 1276 5542 1000 1278 5543 1214 1496 5544 1000 1278 5545 1215 1497 5546 1215 1497 5547 1000 1278 5548 1002 1280 5549 1215 1497 5550 1002 1280 5551 1216 1498 5552 1216 1498 5553 1002 1280 5554 1004 1282 5555 1216 1498 5556 1004 1282 5557 1217 1499 5558 1217 1499 5559 1004 1282 5560 1006 1284 5561 1217 1499 5562 1006 1284 5563 1218 1500 5564 1218 1500 5565 1006 1284 5566 1008 1286 5567 1218 1500 5568 1008 1286 5569 1219 1501 5570 1219 1501 5571 1008 1286 5572 1010 1288 5573 1219 1501 5574 1010 1288 5575 1220 1502 5576 1220 1502 5577 1010 1288 5578 1012 1290 5579 1220 1502 5580 1012 1290 5581 1221 1503 5582 1221 1503 5583 1012 1290 5584 1014 1292 5585 1221 1503 5586 1014 1292 5587 1222 1504 5588 1222 1504 5589 1014 1292 5590 1016 1294 5591 1222 1504 5592 1016 1294 5593 1223 1505 5594 1223 1505 5595 1016 1294 5596 1018 1296 5597 1223 1505 5598 1018 1296 5599 1224 1506 5600 1224 1506 5601 1018 1296 5602 1020 1298 5603 1224 1506 5604 1020 1298 5605 1225 1507 5606 1225 1507 5607 1020 1298 5608 1022 1300 5609 1225 1507 5610 1022 1300 5611 1226 1508 5612 1226 1508 5613 1022 1300 5614 1024 1302 5615 1226 1508 5616 1024 1302 5617 1227 1509 5618 1227 1509 5619 1024 1302 5620 1026 1304 5621 1227 1509 5622 1026 1304 5623 1228 1510 5624 1228 1510 5625 1026 1304 5626 1028 1306 5627 1228 1510 5628 1028 1306 5629 1229 1511 5630 1229 1511 5631 1028 1306 5632 1030 1308 5633 1229 1511 5634 1030 1308 5635 1230 1512 5636 1230 1512 5637 1030 1308 5638 1032 1310 5639 1230 1512 5640 1032 1310 5641 1231 1513 5642 1231 1513 5643 1032 1310 5644 1034 1312 5645 1231 1513 5646 1034 1312 5647 1232 1514 5648 1232 1514 5649 1034 1312 5650 1238 1520 5651 1232 1514 5652 1238 1520 5653 1233 1515 5654 1233 1515 5655 1238 1520 5656 1239 1521 5657 1233 1515 5658 1239 1521 5659 1234 1516 5660 1234 1516 5661 1239 1521 5662 1240 1522 5663 1234 1516 5664 1240 1522 5665 1235 1517 5666 1235 1517 5667 1240 1522 5668 1241 1523 5669 1235 1517 5670 1241 1523 5671 1236 1518 5672 1236 1518 5673 1241 1523 5674 1242 1524 5675 1236 1518 5676 1242 1524 5677 1237 1519 5678 1237 1519 5679 1242 1524 5680 866 1108 5681 1237 1519 5682 866 1108 5683 72 72 5684 72 72 5685 866 1108 5686 63 63 5687 1033 1311 5688 1243 1525 5689 1034 1312 5690 1034 1312 5691 1243 1525 5692 1244 1526 5693 1034 1312 5694 1244 1526 5695 1238 1520 5696 1238 1520 5697 1244 1526 5698 1245 1527 5699 1238 1520 5700 1245 1527 5701 1239 1521 5702 1239 1521 5703 1245 1527 5704 1246 1528 5705 1239 1521 5706 1246 1528 5707 1240 1522 5708 1240 1522 5709 1246 1528 5710 1247 1529 5711 1240 1522 5712 1247 1529 5713 1241 1523 5714 1241 1523 5715 1247 1529 5716 1248 1530 5717 1241 1523 5718 1248 1530 5719 1242 1524 5720 1242 1524 5721 1248 1530 5722 1249 1531 5723 1242 1524 5724 1249 1531 5725 866 1108 5726 866 1108 5727 1249 1531 5728 865 1106 5729 866 1108 5730 865 1106 5731 64 1107 5732 64 1107 5733 865 1106 5734 66 1105 5735 356 1113 5736 360 1140 5737 879 1142 5738 879 1142 5739 360 1140 5740 878 1139 5741 879 1142 5742 878 1139 5743 993 1271 5744 993 1271 5745 878 1139 5746 920 1187 5747 993 1271 5748 920 1187 5749 995 1273 5750 995 1273 5751 920 1187 5752 921 1188 5753 995 1273 5754 921 1188 5755 997 1275 5756 997 1275 5757 921 1188 5758 923 1190 5759 997 1275 5760 923 1190 5761 999 1277 5762 999 1277 5763 923 1190 5764 925 1192 5765 999 1277 5766 925 1192 5767 1001 1279 5768 1001 1279 5769 925 1192 5770 1250 1532 5771 1001 1279 5772 1250 1532 5773 1003 1281 5774 1003 1281 5775 1250 1532 5776 1251 1533 5777 1003 1281 5778 1251 1533 5779 1005 1283 5780 1005 1283 5781 1251 1533 5782 1252 1534 5783 1005 1283 5784 1252 1534 5785 1007 1285 5786 1007 1285 5787 1252 1534 5788 1253 1535 5789 1007 1285 5790 1253 1535 5791 1009 1287 5792 1009 1287 5793 1253 1535 5794 1254 1536 5795 1009 1287 5796 1254 1536 5797 1011 1289 5798 1011 1289 5799 1254 1536 5800 1255 1537 5801 1011 1289 5802 1255 1537 5803 1013 1291 5804 1013 1291 5805 1255 1537 5806 1256 1538 5807 1013 1291 5808 1256 1538 5809 1015 1293 5810 1015 1293 5811 1256 1538 5812 1257 1539 5813 1015 1293 5814 1257 1539 5815 1017 1295 5816 1017 1295 5817 1257 1539 5818 1258 1540 5819 1017 1295 5820 1258 1540 5821 1019 1297 5822 1019 1297 5823 1258 1540 5824 1259 1541 5825 1019 1297 5826 1259 1541 5827 1021 1299 5828 1021 1299 5829 1259 1541 5830 1260 1542 5831 1021 1299 5832 1260 1542 5833 1023 1301 5834 1023 1301 5835 1260 1542 5836 1261 1543 5837 1023 1301 5838 1261 1543 5839 1025 1303 5840 1025 1303 5841 1261 1543 5842 1262 1544 5843 1025 1303 5844 1262 1544 5845 1027 1305 5846 1027 1305 5847 1262 1544 5848 1263 1545 5849 1027 1305 5850 1263 1545 5851 1029 1307 5852 1029 1307 5853 1263 1545 5854 1264 1546 5855 1029 1307 5856 1264 1546 5857 1031 1309 5858 1031 1309 5859 1264 1546 5860 1265 1547 5861 1031 1309 5862 1265 1547 5863 1033 1311 5864 1033 1311 5865 1265 1547 5866 1266 1548 5867 1033 1311 5868 1266 1548 5869 1243 1525 5870 1243 1525 5871 1266 1548 5872 1267 1549 5873 1243 1525 5874 1267 1549 5875 1244 1526 5876 1244 1526 5877 1267 1549 5878 1268 1550 5879 1244 1526 5880 1268 1550 5881 1245 1527 5882 1245 1527 5883 1268 1550 5884 1269 1551 5885 1245 1527 5886 1269 1551 5887 1246 1528 5888 1246 1528 5889 1269 1551 5890 1270 1552 5891 1246 1528 5892 1270 1552 5893 1247 1529 5894 1247 1529 5895 1270 1552 5896 1271 1553 5897 1247 1529 5898 1271 1553 5899 1248 1530 5900 1248 1530 5901 1271 1553 5902 1272 1554 5903 1248 1530 5904 1272 1554 5905 1249 1531 5906 1249 1531 5907 1272 1554 5908 1273 1555 5909 1249 1531 5910 1273 1555 5911 865 1106 5912 865 1106 5913 1273 1555 5914 864 1103 5915 865 1106 5916 864 1103 5917 68 1104 5918 68 1104 5919 864 1103 5920 70 1102 5921 924 1191 5922 1274 1556 5923 925 1192 5924 925 1192 5925 1274 1556 5926 1275 1557 5927 925 1192 5928 1275 1557 5929 1250 1532 5930 1250 1532 5931 1275 1557 5932 1276 1558 5933 1250 1532 5934 1276 1558 5935 1251 1533 5936 1251 1533 5937 1276 1558 5938 1277 1559 5939 1251 1533 5940 1277 1559 5941 1252 1534 5942 1252 1534 5943 1277 1559 5944 1278 1560 5945 1252 1534 5946 1278 1560 5947 1253 1535 5948 1253 1535 5949 1278 1560 5950 1279 1561 5951 1253 1535 5952 1279 1561 5953 1254 1536 5954 1254 1536 5955 1279 1561 5956 1280 1562 5957 1254 1536 5958 1280 1562 5959 1255 1537 5960 1255 1537 5961 1280 1562 5962 1281 1563 5963 1255 1537 5964 1281 1563 5965 1256 1538 5966 1256 1538 5967 1281 1563 5968 1282 1564 5969 1256 1538 5970 1282 1564 5971 1257 1539 5972 1257 1539 5973 1282 1564 5974 1283 1565 5975 1257 1539 5976 1283 1565 5977 1258 1540 5978 1258 1540 5979 1283 1565 5980 1284 1566 5981 1258 1540 5982 1284 1566 5983 1259 1541 5984 1259 1541 5985 1284 1566 5986 1285 1567 5987 1259 1541 5988 1285 1567 5989 1260 1542 5990 1260 1542 5991 1285 1567 5992 1286 1568 5993 1260 1542 5994 1286 1568 5995 1261 1543 5996 1261 1543 5997 1286 1568 5998 1287 1569 5999 1261 1543 6000 1287 1569 6001 1262 1544 6002 1262 1544 6003 1287 1569 6004 1288 1570 6005 1262 1544 6006 1288 1570 6007 1263 1545 6008 1263 1545 6009 1288 1570 6010 1289 1571 6011 1263 1545 6012 1289 1571 6013 1264 1546 6014 1264 1546 6015 1289 1571 6016 1290 1572 6017 1264 1546 6018 1290 1572 6019 1265 1547 6020 1265 1547 6021 1290 1572 6022 1291 1573 6023 1265 1547 6024 1291 1573 6025 1266 1548 6026 1266 1548 6027 1291 1573 6028 1292 1574 6029 1266 1548 6030 1292 1574 6031 1267 1549 6032 1267 1549 6033 1292 1574 6034 1293 1575 6035 1267 1549 6036 1293 1575 6037 1268 1550 6038 1268 1550 6039 1293 1575 6040 1294 1576 6041 1268 1550 6042 1294 1576 6043 1269 1551 6044 1269 1551 6045 1294 1576 6046 1295 1577 6047 1269 1551 6048 1295 1577 6049 1270 1552 6050 1270 1552 6051 1295 1577 6052 1296 1578 6053 1270 1552 6054 1296 1578 6055 1271 1553 6056 1271 1553 6057 1296 1578 6058 1297 1579 6059 1271 1553 6060 1297 1579 6061 1272 1554 6062 1272 1554 6063 1297 1579 6064 1298 1580 6065 1272 1554 6066 1298 1580 6067 1273 1555 6068 1273 1555 6069 1298 1580 6070 1299 1581 6071 1273 1555 6072 1299 1581 6073 864 1103 6074 864 1103 6075 1299 1581 6076 883 1147 6077 864 1103 6078 883 1147 6079 71 1101 6080 71 1101 6081 883 1147 6082 61 1146 6083 368 1116 6084 367 1119 6085 877 1138 6086 877 1138 6087 367 1119 6088 873 1121 6089 877 1138 6090 873 1121 6091 922 1189 6092 922 1189 6093 873 1121 6094 876 1135 6095 922 1189 6096 876 1135 6097 924 1191 6098 924 1191 6099 876 1135 6100 951 1221 6101 924 1191 6102 951 1221 6103 1274 1556 6104 1274 1556 6105 951 1221 6106 953 1223 6107 1274 1556 6108 953 1223 6109 1275 1557 6110 1275 1557 6111 953 1223 6112 955 1225 6113 1275 1557 6114 955 1225 6115 1276 1558 6116 1276 1558 6117 955 1225 6118 957 1227 6119 1276 1558 6120 957 1227 6121 1277 1559 6122 1277 1559 6123 957 1227 6124 959 1229 6125 1277 1559 6126 959 1229 6127 1278 1560 6128 1278 1560 6129 959 1229 6130 961 1231 6131 1278 1560 6132 961 1231 6133 1279 1561 6134 1279 1561 6135 961 1231 6136 963 1233 6137 1279 1561 6138 963 1233 6139 1280 1562 6140 1280 1562 6141 963 1233 6142 965 1235 6143 1280 1562 6144 965 1235 6145 1281 1563 6146 1281 1563 6147 965 1235 6148 967 1237 6149 1281 1563 6150 967 1237 6151 1282 1564 6152 1282 1564 6153 967 1237 6154 969 1239 6155 1282 1564 6156 969 1239 6157 1283 1565 6158 1283 1565 6159 969 1239 6160 971 1241 6161 1283 1565 6162 971 1241 6163 1284 1566 6164 1284 1566 6165 971 1241 6166 973 1243 6167 1284 1566 6168 973 1243 6169 1285 1567 6170 1285 1567 6171 973 1243 6172 975 1245 6173 1285 1567 6174 975 1245 6175 1286 1568 6176 1286 1568 6177 975 1245 6178 977 1247 6179 1286 1568 6180 977 1247 6181 1287 1569 6182 1287 1569 6183 977 1247 6184 979 1249 6185 1287 1569 6186 979 1249 6187 1288 1570 6188 1288 1570 6189 979 1249 6190 981 1251 6191 1288 1570 6192 981 1251 6193 1289 1571 6194 1289 1571 6195 981 1251 6196 1300 1582 6197 1289 1571 6198 1300 1582 6199 1290 1572 6200 1290 1572 6201 1300 1582 6202 1301 1583 6203 1290 1572 6204 1301 1583 6205 1291 1573 6206 1291 1573 6207 1301 1583 6208 1302 1584 6209 1291 1573 6210 1302 1584 6211 1292 1574 6212 1292 1574 6213 1302 1584 6214 1303 1585 6215 1292 1574 6216 1303 1585 6217 1293 1575 6218 1293 1575 6219 1303 1585 6220 1304 1586 6221 1293 1575 6222 1304 1586 6223 1294 1576 6224 1294 1576 6225 1304 1586 6226 1305 1587 6227 1294 1576 6228 1305 1587 6229 1295 1577 6230 1295 1577 6231 1305 1587 6232 1306 1588 6233 1295 1577 6234 1306 1588 6235 1296 1578 6236 1296 1578 6237 1306 1588 6238 1307 1589 6239 1296 1578 6240 1307 1589 6241 1297 1579 6242 1297 1579 6243 1307 1589 6244 1308 1590 6245 1297 1579 6246 1308 1590 6247 1298 1580 6248 1298 1580 6249 1308 1590 6250 1309 1591 6251 1298 1580 6252 1309 1591 6253 1299 1581 6254 1299 1581 6255 1309 1591 6256 1310 1592 6257 1299 1581 6258 1310 1592 6259 883 1147 6260 883 1147 6261 1310 1592 6262 862 1098 6263 883 1147 6264 862 1098 6265 1 1149 6266 1 1149 6267 862 1098 6268 3 1100 6269 237 237 6270 247 247 6271 904 1170 6272 904 1170 6273 247 247 6274 858 1094 6275 904 1170 6276 858 1094 6277 980 1250 6278 980 1250 6279 858 1094 6280 985 1259 6281 980 1250 6282 985 1259 6283 981 1251 6284 981 1251 6285 985 1259 6286 1041 1320 6287 981 1251 6288 1041 1320 6289 1300 1582 6290 1300 1582 6291 1041 1320 6292 1042 1321 6293 1300 1582 6294 1042 1321 6295 1301 1583 6296 1301 1583 6297 1042 1321 6298 1043 1322 6299 1301 1583 6300 1043 1322 6301 1302 1584 6302 1302 1584 6303 1043 1322 6304 1044 1323 6305 1302 1584 6306 1044 1323 6307 1303 1585 6308 1303 1585 6309 1044 1323 6310 1045 1324 6311 1303 1585 6312 1045 1324 6313 1304 1586 6314 1304 1586 6315 1045 1324 6316 1046 1325 6317 1304 1586 6318 1046 1325 6319 1305 1587 6320 1305 1587 6321 1046 1325 6322 1047 1326 6323 1305 1587 6324 1047 1326 6325 1306 1588 6326 1306 1588 6327 1047 1326 6328 1048 1327 6329 1306 1588 6330 1048 1327 6331 1307 1589 6332 1307 1589 6333 1048 1327 6334 1049 1328 6335 1307 1589 6336 1049 1328 6337 1308 1590 6338 1308 1590 6339 1049 1328 6340 1050 1329 6341 1308 1590 6342 1050 1329 6343 1309 1591 6344 1309 1591 6345 1050 1329 6346 1051 1330 6347 1309 1591 6348 1051 1330 6349 1310 1592 6350 1310 1592 6351 1051 1330 6352 861 1097 6353 1310 1592 6354 861 1097 6355 862 1098 6356 862 1098 6357 861 1097 6358 860 1096 6359 862 1098 6360 860 1096 6361 863 1099 6362 863 1099 6363 860 1096 6364 859 1095 6365 1311 1593 6366 825 1019 6367 824 1018 6368 1312 1594 6369 1313 1595 6370 1314 1596 6371 1315 1597 6372 1316 1598 6373 636 1599 6374 657 1600 6375 656 1601 6376 1317 1602 6377 654 1603 6378 652 1604 6379 1318 1605 6380 650 1606 6381 649 839 6382 1319 1607 6383 660 850 6384 675 865 6385 1320 1608 6386 663 853 6387 673 863 6388 1321 1609 6389 672 862 6390 665 855 6391 1322 1610 6392 463 509 6393 461 507 6394 1323 1611 6395 458 1612 6396 1324 1613 6397 459 1614 6398 472 1615 6399 1325 1616 6400 295 1617 6401 471 1618 6402 478 1619 6403 1326 1620 6404 484 1621 6405 483 1622 6406 1327 1623 6407 490 1624 6408 489 1625 6409 1328 1626 6410 1328 1626 6411 489 1625 6412 488 1627 6413 488 1627 6414 487 1628 6415 797 987 6416 487 1628 6417 494 1629 6418 797 987 6419 797 987 6420 494 1629 6421 493 1630 6422 797 987 6423 493 1630 6424 492 995 6425 483 1622 6426 482 1631 6427 1327 1623 6428 1327 1623 6429 482 1631 6430 481 1632 6431 1327 1623 6432 481 1632 6433 490 1624 6434 475 1633 6435 1329 1634 6436 476 1635 6437 476 1635 6438 1329 1634 6439 1326 1620 6440 476 1635 6441 1326 1620 6442 477 1636 6443 477 1636 6444 1326 1620 6445 478 1619 6446 1325 1616 6447 472 1615 6448 1330 1637 6449 1331 1638 6450 462 1639 6451 296 1640 6452 1324 1613 6453 458 1612 6454 1332 1641 6455 466 512 6456 465 511 6457 1333 1642 6458 664 854 6459 671 861 6460 1334 1643 6461 1334 1643 6462 671 861 6463 670 860 6464 669 859 6465 668 858 6466 1335 1644 6467 647 1645 6468 1336 1646 6469 648 1647 6470 648 1647 6471 1336 1646 6472 634 1648 6473 1337 1649 6474 1338 1650 6475 1339 1651 6476 1339 1651 6477 1338 1650 6478 1340 1652 6479 1339 1651 6480 1340 1652 6481 1341 1653 6482 488 1627 6483 797 987 6484 1328 1626 6485 1328 1626 6486 797 987 6487 796 986 6488 1328 1626 6489 796 986 6490 1342 1654 6491 1342 1654 6492 796 986 6493 795 985 6494 1342 1654 6495 795 985 6496 1343 1655 6497 1343 1655 6498 795 985 6499 789 979 6500 1343 1655 6501 789 979 6502 1344 1656 6503 1344 1656 6504 789 979 6505 791 981 6506 1344 1656 6507 791 981 6508 1345 1657 6509 1345 1657 6510 791 981 6511 793 983 6512 1345 1657 6513 793 983 6514 1346 1658 6515 793 983 6516 794 984 6517 1346 1658 6518 1346 1658 6519 794 984 6520 809 1003 6521 1346 1658 6522 809 1003 6523 1347 1659 6524 1348 1660 6525 714 904 6526 722 912 6527 809 1003 6528 808 1002 6529 1347 1659 6530 1347 1659 6531 808 1002 6532 806 1000 6533 1347 1659 6534 806 1000 6535 1349 1661 6536 1349 1661 6537 806 1000 6538 835 1029 6539 1349 1661 6540 835 1029 6541 1350 1662 6542 1350 1662 6543 835 1029 6544 834 1028 6545 1350 1662 6546 834 1028 6547 1351 1663 6548 1351 1663 6549 834 1028 6550 832 1026 6551 1351 1663 6552 832 1026 6553 1352 1664 6554 1352 1664 6555 832 1026 6556 831 1025 6557 1352 1664 6558 831 1025 6559 1353 1665 6560 831 1025 6561 830 1024 6562 1353 1665 6563 1353 1665 6564 830 1024 6565 829 1023 6566 1353 1665 6567 829 1023 6568 1354 1666 6569 829 1023 6570 827 1021 6571 1354 1666 6572 1354 1666 6573 827 1021 6574 826 1020 6575 1354 1666 6576 826 1020 6577 1355 1667 6578 1355 1667 6579 826 1020 6580 813 1007 6581 1355 1667 6582 813 1007 6583 1356 1668 6584 1356 1668 6585 813 1007 6586 815 1009 6587 1356 1668 6588 815 1009 6589 1357 1669 6590 1358 1670 6591 818 1012 6592 1359 1671 6593 1359 1671 6594 818 1012 6595 817 1011 6596 1359 1671 6597 817 1011 6598 1360 1672 6599 1360 1672 6600 817 1011 6601 811 1005 6602 1360 1672 6603 811 1005 6604 1361 1673 6605 1361 1673 6606 811 1005 6607 803 997 6608 1361 1673 6609 803 997 6610 1362 1674 6611 1362 1674 6612 803 997 6613 800 990 6614 1362 1674 6615 800 990 6616 1363 1675 6617 1363 1675 6618 800 990 6619 799 989 6620 1363 1675 6621 799 989 6622 1364 1676 6623 1364 1676 6624 799 989 6625 1365 1677 6626 1364 1676 6627 1365 1677 6628 1337 1649 6629 1337 1649 6630 1365 1677 6631 1366 1678 6632 1337 1649 6633 1366 1678 6634 1338 1650 6635 1367 1679 6636 1333 1680 6637 1368 1681 6638 1368 1681 6639 1333 1642 6640 465 511 6641 1368 1681 6642 465 511 6643 453 499 6644 734 924 6645 1369 1682 6646 729 919 6647 729 919 6648 1369 1682 6649 1370 1683 6650 729 919 6651 1370 1683 6652 730 920 6653 730 920 6654 1370 1683 6655 1371 1684 6656 730 920 6657 1371 1684 6658 731 921 6659 731 921 6660 1371 1684 6661 1372 1685 6662 731 921 6663 1372 1685 6664 727 917 6665 296 1640 6666 295 1617 6667 1331 1638 6668 1331 1638 6669 295 1617 6670 1325 1616 6671 1331 1638 6672 1325 1616 6673 1373 1686 6674 1373 1686 6675 1325 1616 6676 1330 1637 6677 1373 1686 6678 1330 1637 6679 1374 1687 6680 1374 1687 6681 1330 1637 6682 1375 1688 6683 1374 1687 6684 1375 1688 6685 1376 1689 6686 1376 1689 6687 1375 1688 6688 1377 1690 6689 1376 1689 6690 1377 1690 6691 1378 1691 6692 467 513 6693 466 512 6694 734 924 6695 734 924 6696 466 512 6697 1333 1642 6698 734 924 6699 1333 1680 6700 1369 1682 6701 1369 1682 6702 1333 1680 6703 1367 1679 6704 1369 1682 6705 1367 1679 6706 1370 1683 6707 1370 1683 6708 1367 1679 6709 1379 1692 6710 1370 1683 6711 1379 1692 6712 1371 1684 6713 1371 1684 6714 1379 1692 6715 1380 1693 6716 1371 1684 6717 1380 1693 6718 1372 1685 6719 1372 1685 6720 1380 1693 6721 1381 1694 6722 1372 1685 6723 1381 1694 6724 1382 1695 6725 1382 1695 6726 1381 1694 6727 1383 1696 6728 1382 1695 6729 1383 1696 6730 1384 1697 6731 1384 1697 6732 1383 1696 6733 1385 1698 6734 1384 1697 6735 1385 1698 6736 1386 1699 6737 1387 1700 6738 718 908 6739 723 913 6740 718 908 6741 1387 1700 6742 719 909 6743 719 1701 6744 1387 1701 6745 1388 1701 6746 719 909 6747 1388 1702 6748 721 911 6749 727 917 6750 1372 1685 6751 728 918 6752 728 918 6753 1372 1685 6754 1382 1695 6755 728 918 6756 1382 1695 6757 723 913 6758 723 913 6759 1382 1695 6760 1384 1697 6761 723 913 6762 1384 1697 6763 1387 1700 6764 1387 1700 6765 1384 1697 6766 1386 1699 6767 1387 1700 6768 1386 1699 6769 1388 1702 6770 1388 1702 6771 1386 1699 6772 1389 1703 6773 1388 1702 6774 1389 1703 6775 1390 1704 6776 1390 1704 6777 1389 1703 6778 1391 1705 6779 1390 1704 6780 1391 1705 6781 1392 1706 6782 721 911 6783 1388 1702 6784 722 912 6785 722 912 6786 1388 1702 6787 1390 1704 6788 722 912 6789 1390 1704 6790 1348 1660 6791 1348 1660 6792 1390 1704 6793 1392 1706 6794 1348 1660 6795 1392 1706 6796 1393 1707 6797 714 904 6798 1348 1660 6799 1394 1708 6800 1394 1708 6801 1348 1660 6802 1393 1707 6803 1394 1708 6804 1393 1707 6805 1395 1709 6806 1395 1709 6807 1393 1707 6808 1396 1710 6809 1395 1709 6810 1396 1710 6811 1397 1711 6812 1397 1711 6813 711 901 6814 1395 1709 6815 1395 1709 6816 711 901 6817 717 907 6818 1395 1709 6819 717 907 6820 1394 1708 6821 1394 1708 6822 717 907 6823 716 906 6824 1394 1708 6825 716 906 6826 714 904 6827 1398 1712 6828 709 899 6829 1397 1713 6830 1397 1713 6831 709 899 6832 712 902 6833 1397 1713 6834 712 902 6835 711 901 6836 1396 1710 6837 1399 1714 6838 1397 1711 6839 1397 1711 6840 1399 1714 6841 1400 1715 6842 1397 1711 6843 1400 1715 6844 1398 1716 6845 1398 1716 6846 1400 1715 6847 1401 1717 6848 1402 1718 6849 704 1718 6850 1403 1718 6851 1403 1719 6852 704 894 6853 705 895 6854 1403 1719 6855 705 895 6856 707 897 6857 475 1633 6858 484 1621 6859 1329 1634 6860 1329 1634 6861 484 1621 6862 1327 1623 6863 1329 1634 6864 1327 1623 6865 1404 1720 6866 1404 1720 6867 1327 1623 6868 1405 1721 6869 1404 1720 6870 1405 1721 6871 1406 1722 6872 1406 1722 6873 1405 1721 6874 1407 1723 6875 1406 1722 6876 1407 1723 6877 1408 1724 6878 1408 1724 6879 1407 1723 6880 1409 1725 6881 1408 1724 6882 1409 1725 6883 1410 1726 6884 1410 1726 6885 1409 1725 6886 1411 1727 6887 1410 1726 6888 1411 1727 6889 1412 1728 6890 1412 1728 6891 1411 1727 6892 1413 1729 6893 1412 1728 6894 1413 1729 6895 1414 1730 6896 1414 1730 6897 1413 1729 6898 1415 1731 6899 1414 1730 6900 1415 1731 6901 1416 1732 6902 1416 1732 6903 1415 1731 6904 1417 1733 6905 1416 1732 6906 1417 1733 6907 1418 1734 6908 1418 1734 6909 1417 1733 6910 1419 1735 6911 1418 1734 6912 1419 1735 6913 1420 1736 6914 1420 1736 6915 1419 1735 6916 1421 1737 6917 1420 1736 6918 1421 1737 6919 1422 1738 6920 1422 1738 6921 1421 1737 6922 1423 1739 6923 1422 1738 6924 1423 1739 6925 1424 1740 6926 1424 1740 6927 1423 1739 6928 1425 1741 6929 1424 1740 6930 1425 1741 6931 1426 1742 6932 1426 1742 6933 1425 1741 6934 1427 1743 6935 1426 1742 6936 1427 1743 6937 1428 1744 6938 1428 1744 6939 1427 1743 6940 1429 1745 6941 1428 1744 6942 1429 1745 6943 1430 1746 6944 1430 1746 6945 1429 1745 6946 1431 1747 6947 1430 1746 6948 1431 1747 6949 1432 1748 6950 1432 1748 6951 1431 1747 6952 1433 1749 6953 1432 1748 6954 1433 1749 6955 1434 1750 6956 490 1624 6957 1328 1626 6958 1327 1623 6959 1327 1623 6960 1328 1626 6961 1342 1654 6962 1327 1623 6963 1342 1654 6964 1405 1721 6965 1405 1721 6966 1342 1654 6967 1343 1655 6968 1405 1721 6969 1343 1655 6970 1407 1723 6971 1407 1723 6972 1343 1655 6973 1344 1656 6974 1407 1723 6975 1344 1656 6976 1409 1725 6977 1409 1725 6978 1344 1656 6979 1345 1657 6980 1409 1725 6981 1345 1657 6982 1411 1727 6983 1411 1727 6984 1345 1657 6985 1346 1658 6986 1411 1727 6987 1346 1658 6988 1413 1729 6989 1413 1729 6990 1346 1658 6991 1347 1659 6992 1413 1729 6993 1347 1659 6994 1415 1731 6995 1415 1731 6996 1347 1659 6997 1349 1661 6998 1415 1731 6999 1349 1661 7000 1417 1733 7001 1417 1733 7002 1349 1661 7003 1350 1662 7004 1417 1733 7005 1350 1662 7006 1419 1735 7007 1419 1735 7008 1350 1662 7009 1351 1663 7010 1419 1735 7011 1351 1663 7012 1421 1737 7013 1421 1737 7014 1351 1663 7015 1352 1664 7016 1421 1737 7017 1352 1664 7018 1423 1739 7019 1423 1739 7020 1352 1664 7021 1353 1665 7022 1423 1739 7023 1353 1665 7024 1425 1741 7025 1425 1741 7026 1353 1665 7027 1354 1666 7028 1425 1741 7029 1354 1666 7030 1427 1743 7031 1427 1743 7032 1354 1666 7033 1355 1667 7034 1427 1743 7035 1355 1667 7036 1429 1745 7037 1429 1745 7038 1355 1667 7039 1356 1668 7040 1429 1745 7041 1356 1668 7042 1431 1747 7043 1431 1747 7044 1356 1668 7045 1357 1669 7046 1431 1747 7047 1357 1669 7048 1433 1749 7049 1435 1751 7050 698 1751 7051 1436 1751 7052 1436 1752 7053 698 888 7054 699 889 7055 1436 1752 7056 699 889 7057 1437 1753 7058 1437 1753 7059 699 889 7060 701 891 7061 1437 1754 7062 701 1755 7063 1402 1756 7064 1402 1757 7065 701 891 7066 702 892 7067 1402 1757 7068 702 892 7069 704 894 7070 1438 1758 7071 1311 1593 7072 1439 1759 7073 1439 1759 7074 1311 1593 7075 824 1018 7076 1439 1759 7077 824 1018 7078 1440 1760 7079 1440 1760 7080 824 1018 7081 822 1016 7082 1440 1760 7083 822 1016 7084 1358 1670 7085 1358 1670 7086 822 1016 7087 820 1014 7088 1358 1670 7089 820 1014 7090 818 1012 7091 1441 1761 7092 695 1761 7093 1435 1761 7094 1435 1762 7095 695 885 7096 696 886 7097 1435 1762 7098 696 886 7099 698 888 7100 1442 1763 7101 692 1764 7102 1441 1765 7103 1441 1766 7104 692 882 7105 693 883 7106 1441 1766 7107 693 883 7108 695 885 7109 460 506 7110 459 1614 7111 1443 1767 7112 1443 1767 7113 459 1614 7114 1324 1613 7115 1443 1767 7116 1324 1613 7117 1444 1768 7118 1444 1768 7119 1324 1613 7120 1332 1641 7121 1444 1768 7122 1332 1641 7123 1445 1769 7124 1445 1769 7125 1332 1641 7126 1446 1770 7127 1445 1769 7128 1446 1770 7129 1447 1771 7130 1447 1771 7131 1446 1770 7132 1448 1772 7133 1447 1771 7134 1448 1772 7135 1449 1773 7136 1449 1773 7137 1448 1772 7138 1450 1774 7139 1449 1773 7140 1450 1774 7141 1451 1775 7142 1451 1775 7143 1450 1774 7144 1452 1776 7145 1451 1775 7146 1452 1776 7147 1453 1777 7148 1453 1777 7149 1452 1776 7150 1454 1778 7151 1453 1777 7152 1454 1778 7153 1455 1779 7154 1455 1779 7155 1454 1778 7156 1456 1780 7157 1455 1779 7158 1456 1780 7159 1457 1781 7160 1457 1781 7161 1456 1780 7162 1458 1782 7163 1457 1781 7164 1458 1782 7165 1459 1783 7166 1459 1783 7167 1458 1782 7168 1460 1784 7169 1459 1783 7170 1460 1784 7171 1461 1785 7172 1461 1785 7173 1460 1784 7174 1462 1786 7175 1461 1785 7176 1462 1786 7177 1463 1787 7178 1463 1787 7179 1462 1786 7180 1464 1788 7181 1463 1787 7182 1464 1788 7183 1465 1789 7184 1465 1789 7185 1464 1788 7186 1466 1790 7187 1465 1789 7188 1466 1790 7189 1467 1791 7190 1467 1791 7191 1466 1790 7192 1468 1792 7193 1467 1791 7194 1468 1792 7195 1469 1793 7196 1469 1793 7197 1468 1792 7198 1470 1794 7199 1469 1793 7200 1470 1794 7201 1471 1795 7202 1471 1795 7203 1470 1794 7204 1472 1796 7205 1471 1795 7206 1472 1796 7207 1473 1797 7208 1473 1797 7209 1472 1796 7210 1474 1798 7211 1473 1797 7212 1474 1798 7213 1475 1799 7214 1475 1799 7215 1474 1798 7216 1476 1800 7217 1475 1799 7218 1476 1800 7219 1477 1801 7220 1477 1801 7221 1476 1800 7222 1478 1802 7223 1477 1801 7224 1478 1802 7225 1479 1803 7226 1479 1803 7227 1478 1802 7228 1480 1804 7229 1479 1803 7230 1480 1804 7231 1481 1805 7232 1481 1805 7233 1480 1804 7234 1482 1806 7235 1481 1805 7236 1482 1806 7237 1483 1807 7238 1483 1807 7239 1482 1806 7240 1484 1808 7241 1483 1807 7242 1484 1808 7243 1485 1809 7244 1485 1809 7245 1484 1808 7246 1486 1810 7247 1485 1809 7248 1486 1810 7249 1487 1811 7250 1488 1812 7251 682 872 7252 1489 1813 7253 1489 1813 7254 682 872 7255 684 874 7256 1489 1813 7257 684 874 7258 1490 1814 7259 1490 1814 7260 684 874 7261 686 876 7262 1490 1815 7263 686 1815 7264 1491 1815 7265 1491 1816 7266 686 876 7267 687 877 7268 1491 1816 7269 687 877 7270 1492 1817 7271 1492 1817 7272 687 877 7273 689 879 7274 1492 1817 7275 689 879 7276 1442 1763 7277 1442 1763 7278 689 879 7279 690 880 7280 1442 1763 7281 690 880 7282 692 882 7283 1493 1818 7284 677 1818 7285 1488 1818 7286 1488 1812 7287 677 867 7288 676 866 7289 1488 1812 7290 676 866 7291 682 872 7292 1438 1758 7293 1439 1759 7294 1494 1819 7295 1494 1819 7296 1439 1759 7297 1440 1760 7298 1494 1819 7299 1440 1760 7300 1495 1820 7301 1495 1820 7302 1440 1760 7303 1358 1670 7304 1495 1820 7305 1358 1670 7306 1496 1821 7307 1496 1821 7308 1358 1670 7309 1359 1671 7310 1496 1821 7311 1359 1671 7312 1497 1822 7313 1497 1822 7314 1359 1671 7315 1360 1672 7316 1497 1822 7317 1360 1672 7318 1498 1823 7319 1498 1823 7320 1360 1672 7321 1361 1673 7322 1498 1823 7323 1361 1673 7324 1499 1824 7325 1499 1824 7326 1361 1673 7327 1362 1674 7328 1499 1824 7329 1362 1674 7330 1500 1825 7331 1500 1825 7332 1362 1674 7333 1363 1675 7334 1500 1825 7335 1363 1675 7336 1501 1826 7337 1501 1826 7338 1363 1675 7339 1364 1676 7340 1501 1826 7341 1364 1676 7342 1502 1827 7343 1502 1827 7344 1364 1676 7345 1337 1649 7346 1502 1827 7347 1337 1649 7348 1503 1828 7349 1503 1828 7350 1337 1649 7351 1339 1651 7352 1503 1828 7353 1339 1651 7354 1504 1829 7355 1504 1829 7356 1339 1651 7357 1341 1653 7358 1504 1829 7359 1341 1653 7360 1314 1596 7361 1314 1596 7362 1341 1653 7363 1505 1830 7364 1314 1596 7365 1505 1830 7366 1312 1594 7367 668 858 7368 667 857 7369 1335 1644 7370 1335 1644 7371 667 857 7372 679 869 7373 1335 1831 7374 679 869 7375 1493 1832 7376 1493 1832 7377 679 869 7378 681 871 7379 1493 1832 7380 681 871 7381 677 867 7382 670 860 7383 669 859 7384 1334 1643 7385 1334 1643 7386 669 859 7387 1335 1644 7388 1334 1643 7389 1335 1831 7390 1506 1833 7391 1506 1833 7392 1335 1831 7393 1493 1832 7394 1506 1833 7395 1493 1832 7396 1507 1834 7397 1507 1834 7398 1493 1832 7399 1488 1812 7400 1507 1834 7401 1488 1812 7402 1508 1835 7403 1508 1835 7404 1488 1812 7405 1489 1813 7406 1508 1835 7407 1489 1813 7408 1509 1836 7409 1509 1836 7410 1489 1813 7411 1490 1814 7412 1509 1836 7413 1490 1814 7414 1510 1837 7415 1510 1837 7416 1490 1814 7417 1491 1816 7418 1510 1837 7419 1491 1816 7420 1511 1838 7421 1511 1838 7422 1491 1816 7423 1492 1817 7424 1511 1838 7425 1492 1817 7426 1512 1839 7427 1512 1839 7428 1492 1817 7429 1442 1763 7430 1512 1839 7431 1442 1763 7432 1513 1840 7433 1513 1840 7434 1442 1763 7435 1441 1765 7436 1513 1840 7437 1441 1765 7438 1514 1841 7439 1514 1841 7440 1441 1765 7441 1435 1842 7442 1514 1841 7443 1435 1842 7444 1515 1843 7445 1515 1843 7446 1435 1842 7447 1436 1752 7448 1515 1843 7449 1436 1752 7450 1516 1844 7451 1516 1844 7452 1436 1752 7453 1437 1753 7454 1516 1844 7455 1437 1754 7456 1517 1845 7457 1517 1845 7458 1437 1754 7459 1402 1756 7460 1517 1845 7461 1402 1756 7462 1401 1717 7463 1401 1717 7464 1402 1756 7465 1403 1719 7466 1401 1717 7467 1403 1719 7468 1398 1716 7469 1398 1716 7470 1403 1719 7471 707 897 7472 1398 1716 7473 707 897 7474 709 899 7475 453 499 7476 452 498 7477 1368 1681 7478 1368 1681 7479 452 498 7480 1518 1846 7481 1368 1681 7482 1518 1846 7483 1367 1679 7484 1367 1679 7485 1518 1846 7486 1519 1847 7487 1367 1679 7488 1519 1847 7489 1379 1692 7490 1379 1692 7491 1519 1847 7492 1520 1848 7493 1379 1692 7494 1520 1848 7495 1380 1693 7496 1380 1693 7497 1520 1848 7498 1521 1849 7499 1380 1693 7500 1521 1849 7501 1381 1694 7502 1381 1694 7503 1521 1849 7504 1522 1850 7505 1381 1694 7506 1522 1850 7507 1383 1696 7508 1383 1696 7509 1522 1850 7510 1523 1851 7511 1383 1696 7512 1523 1851 7513 1385 1698 7514 1385 1698 7515 1523 1851 7516 1524 1852 7517 1385 1698 7518 1524 1852 7519 1386 1699 7520 1386 1699 7521 1524 1852 7522 1525 1853 7523 1386 1699 7524 1525 1853 7525 1389 1703 7526 1389 1703 7527 1525 1853 7528 1526 1854 7529 1389 1703 7530 1526 1854 7531 1391 1705 7532 1391 1705 7533 1526 1854 7534 1527 1855 7535 1391 1705 7536 1527 1855 7537 1392 1706 7538 1392 1706 7539 1527 1855 7540 1528 1856 7541 1392 1706 7542 1528 1856 7543 1393 1707 7544 1393 1707 7545 1528 1856 7546 1529 1857 7547 1393 1707 7548 1529 1857 7549 1396 1710 7550 1396 1710 7551 1529 1857 7552 1530 1858 7553 1396 1710 7554 1530 1858 7555 1399 1714 7556 1399 1714 7557 1530 1858 7558 1531 1859 7559 1399 1714 7560 1531 1859 7561 1400 1715 7562 1400 1715 7563 1531 1859 7564 1532 1860 7565 1400 1715 7566 1532 1860 7567 1401 1717 7568 1401 1717 7569 1532 1860 7570 1533 1861 7571 1401 1717 7572 1533 1861 7573 1517 1845 7574 1517 1845 7575 1533 1861 7576 1534 1862 7577 1517 1845 7578 1534 1862 7579 1516 1844 7580 1516 1844 7581 1534 1862 7582 1535 1863 7583 1516 1844 7584 1535 1863 7585 1515 1843 7586 1515 1843 7587 1535 1863 7588 1536 1864 7589 1515 1843 7590 1536 1864 7591 1514 1841 7592 1514 1841 7593 1536 1864 7594 1537 1865 7595 1514 1841 7596 1537 1865 7597 1513 1840 7598 1513 1840 7599 1537 1865 7600 1538 1866 7601 1513 1840 7602 1538 1866 7603 1512 1839 7604 1512 1839 7605 1538 1866 7606 1539 1867 7607 1512 1839 7608 1539 1867 7609 1511 1838 7610 1511 1838 7611 1539 1867 7612 1540 1868 7613 1511 1838 7614 1540 1868 7615 1510 1837 7616 1510 1837 7617 1540 1868 7618 1541 1869 7619 1510 1837 7620 1541 1869 7621 1509 1836 7622 1509 1836 7623 1541 1869 7624 1542 1870 7625 1509 1836 7626 1542 1870 7627 1508 1835 7628 1508 1835 7629 1542 1870 7630 1543 1871 7631 1508 1835 7632 1543 1871 7633 1507 1834 7634 1507 1834 7635 1543 1871 7636 1544 1872 7637 1507 1834 7638 1544 1872 7639 1506 1833 7640 1506 1833 7641 1544 1872 7642 1545 1873 7643 1506 1833 7644 1545 1873 7645 1334 1643 7646 1334 1643 7647 1545 1873 7648 1322 1610 7649 1334 1643 7650 1322 1610 7651 664 854 7652 664 854 7653 1322 1610 7654 665 855 7655 452 498 7656 457 503 7657 1518 1846 7658 1518 1846 7659 457 503 7660 1546 1874 7661 1518 1846 7662 1546 1874 7663 1519 1847 7664 1519 1847 7665 1546 1874 7666 1547 1875 7667 1519 1847 7668 1547 1875 7669 1520 1848 7670 1520 1848 7671 1547 1875 7672 1548 1876 7673 1520 1848 7674 1548 1876 7675 1521 1849 7676 1521 1849 7677 1548 1876 7678 1549 1877 7679 1521 1849 7680 1549 1877 7681 1522 1850 7682 1522 1850 7683 1549 1877 7684 1550 1878 7685 1522 1850 7686 1550 1878 7687 1523 1851 7688 1523 1851 7689 1550 1878 7690 1551 1879 7691 1523 1851 7692 1551 1879 7693 1524 1852 7694 1524 1852 7695 1551 1879 7696 1552 1880 7697 1524 1852 7698 1552 1880 7699 1525 1853 7700 1525 1853 7701 1552 1880 7702 1553 1881 7703 1525 1853 7704 1553 1881 7705 1526 1854 7706 1526 1854 7707 1553 1881 7708 1554 1882 7709 1526 1854 7710 1554 1882 7711 1527 1855 7712 1527 1855 7713 1554 1882 7714 1555 1883 7715 1527 1855 7716 1555 1883 7717 1528 1856 7718 1528 1856 7719 1555 1883 7720 1556 1884 7721 1528 1856 7722 1556 1884 7723 1529 1857 7724 1529 1857 7725 1556 1884 7726 1557 1885 7727 1529 1857 7728 1557 1885 7729 1530 1858 7730 1530 1858 7731 1557 1885 7732 1558 1886 7733 1530 1858 7734 1558 1886 7735 1531 1859 7736 1531 1859 7737 1558 1886 7738 1559 1887 7739 1531 1859 7740 1559 1887 7741 1532 1860 7742 1532 1860 7743 1559 1887 7744 1560 1888 7745 1532 1860 7746 1560 1888 7747 1533 1861 7748 1533 1861 7749 1560 1888 7750 1561 1889 7751 1533 1861 7752 1561 1889 7753 1534 1862 7754 1534 1862 7755 1561 1889 7756 1562 1890 7757 1534 1862 7758 1562 1890 7759 1535 1863 7760 1535 1863 7761 1562 1890 7762 1563 1891 7763 1535 1863 7764 1563 1891 7765 1536 1864 7766 1536 1864 7767 1563 1891 7768 1564 1892 7769 1536 1864 7770 1564 1892 7771 1537 1865 7772 1537 1865 7773 1564 1892 7774 1565 1893 7775 1537 1865 7776 1565 1893 7777 1538 1866 7778 1538 1866 7779 1565 1893 7780 1566 1894 7781 1538 1866 7782 1566 1894 7783 1539 1867 7784 1539 1867 7785 1566 1894 7786 1567 1895 7787 1539 1867 7788 1567 1895 7789 1540 1868 7790 1540 1868 7791 1567 1895 7792 1568 1896 7793 1540 1868 7794 1568 1896 7795 1541 1869 7796 1541 1869 7797 1568 1896 7798 1569 1897 7799 1541 1869 7800 1569 1897 7801 1542 1870 7802 1542 1870 7803 1569 1897 7804 1570 1898 7805 1542 1870 7806 1570 1898 7807 1543 1871 7808 1543 1871 7809 1570 1898 7810 1571 1899 7811 1543 1871 7812 1571 1899 7813 1544 1872 7814 1544 1872 7815 1571 1899 7816 1572 1900 7817 1544 1872 7818 1572 1900 7819 1545 1873 7820 1545 1873 7821 1572 1900 7822 1573 1901 7823 1545 1873 7824 1573 1901 7825 1322 1610 7826 1322 1610 7827 1573 1901 7828 1321 1609 7829 1322 1610 7830 1321 1609 7831 672 862 7832 672 862 7833 1321 1609 7834 673 863 7835 457 503 7836 456 502 7837 1546 1874 7838 1546 1874 7839 456 502 7840 1574 1902 7841 1546 1874 7842 1574 1902 7843 1547 1875 7844 1547 1875 7845 1574 1902 7846 1575 1903 7847 1547 1875 7848 1575 1903 7849 1548 1876 7850 1548 1876 7851 1575 1903 7852 1576 1904 7853 1548 1876 7854 1576 1904 7855 1549 1877 7856 1549 1877 7857 1576 1904 7858 1577 1905 7859 1549 1877 7860 1577 1905 7861 1550 1878 7862 1550 1878 7863 1577 1905 7864 1578 1906 7865 1550 1878 7866 1578 1906 7867 1551 1879 7868 1551 1879 7869 1578 1906 7870 1579 1907 7871 1551 1879 7872 1579 1907 7873 1552 1880 7874 1552 1880 7875 1579 1907 7876 1580 1908 7877 1552 1880 7878 1580 1908 7879 1553 1881 7880 1553 1881 7881 1580 1908 7882 1581 1909 7883 1553 1881 7884 1581 1909 7885 1554 1882 7886 1554 1882 7887 1581 1909 7888 1582 1910 7889 1554 1882 7890 1582 1910 7891 1555 1883 7892 1555 1883 7893 1582 1910 7894 1583 1911 7895 1555 1883 7896 1583 1911 7897 1556 1884 7898 1556 1884 7899 1583 1911 7900 1584 1912 7901 1556 1884 7902 1584 1912 7903 1557 1885 7904 1557 1885 7905 1584 1912 7906 1585 1913 7907 1557 1885 7908 1585 1913 7909 1558 1886 7910 1558 1886 7911 1585 1913 7912 1586 1914 7913 1558 1886 7914 1586 1914 7915 1559 1887 7916 1559 1887 7917 1586 1914 7918 1587 1915 7919 1559 1887 7920 1587 1915 7921 1560 1888 7922 1560 1888 7923 1587 1915 7924 1588 1916 7925 1560 1888 7926 1588 1916 7927 1561 1889 7928 1561 1889 7929 1588 1916 7930 1589 1917 7931 1561 1889 7932 1589 1917 7933 1562 1890 7934 1562 1890 7935 1589 1917 7936 1590 1918 7937 1562 1890 7938 1590 1918 7939 1563 1891 7940 1563 1891 7941 1590 1918 7942 1591 1919 7943 1563 1891 7944 1591 1919 7945 1564 1892 7946 1564 1892 7947 1591 1919 7948 1592 1920 7949 1564 1892 7950 1592 1920 7951 1565 1893 7952 1565 1893 7953 1592 1920 7954 1593 1921 7955 1565 1893 7956 1593 1921 7957 1566 1894 7958 1566 1894 7959 1593 1921 7960 1594 1922 7961 1566 1894 7962 1594 1922 7963 1567 1895 7964 1567 1895 7965 1594 1922 7966 1595 1923 7967 1567 1895 7968 1595 1923 7969 1568 1896 7970 1568 1896 7971 1595 1923 7972 1596 1924 7973 1568 1896 7974 1596 1924 7975 1569 1897 7976 1569 1897 7977 1596 1924 7978 1597 1925 7979 1569 1897 7980 1597 1925 7981 1570 1898 7982 1570 1898 7983 1597 1925 7984 1598 1926 7985 1570 1898 7986 1598 1926 7987 1571 1899 7988 1571 1899 7989 1598 1926 7990 1599 1927 7991 1571 1899 7992 1599 1927 7993 1572 1900 7994 1572 1900 7995 1599 1927 7996 1600 1928 7997 1572 1900 7998 1600 1928 7999 1573 1901 8000 1573 1901 8001 1600 1928 8002 1601 1929 8003 1573 1901 8004 1601 1929 8005 1321 1609 8006 1321 1609 8007 1601 1929 8008 1602 1930 8009 1321 1609 8010 1602 1930 8011 663 853 8012 663 853 8013 1602 1930 8014 661 851 8015 456 502 8016 455 501 8017 1574 1902 8018 1574 1902 8019 455 501 8020 1603 1931 8021 1574 1902 8022 1603 1931 8023 1575 1903 8024 1575 1903 8025 1603 1931 8026 1604 1932 8027 1575 1903 8028 1604 1932 8029 1576 1904 8030 1576 1904 8031 1604 1932 8032 1605 1933 8033 1576 1904 8034 1605 1933 8035 1577 1905 8036 1577 1905 8037 1605 1933 8038 1606 1934 8039 1577 1905 8040 1606 1934 8041 1578 1906 8042 1578 1906 8043 1606 1934 8044 1607 1935 8045 1578 1906 8046 1607 1935 8047 1579 1907 8048 1579 1907 8049 1607 1935 8050 1608 1936 8051 1579 1907 8052 1608 1936 8053 1580 1908 8054 1580 1908 8055 1608 1936 8056 1609 1937 8057 1580 1908 8058 1609 1937 8059 1581 1909 8060 1581 1909 8061 1609 1937 8062 1610 1938 8063 1581 1909 8064 1610 1938 8065 1582 1910 8066 1582 1910 8067 1610 1938 8068 1611 1939 8069 1582 1910 8070 1611 1939 8071 1583 1911 8072 1583 1911 8073 1611 1939 8074 1612 1940 8075 1583 1911 8076 1612 1940 8077 1584 1912 8078 1584 1912 8079 1612 1940 8080 1613 1941 8081 1584 1912 8082 1613 1941 8083 1585 1913 8084 1585 1913 8085 1613 1941 8086 1614 1942 8087 1585 1913 8088 1614 1942 8089 1586 1914 8090 1586 1914 8091 1614 1942 8092 1615 1943 8093 1586 1914 8094 1615 1943 8095 1587 1915 8096 1587 1915 8097 1615 1943 8098 1616 1944 8099 1587 1915 8100 1616 1944 8101 1588 1916 8102 1588 1916 8103 1616 1944 8104 1617 1945 8105 1588 1916 8106 1617 1945 8107 1589 1917 8108 1589 1917 8109 1617 1945 8110 1618 1946 8111 1589 1917 8112 1618 1946 8113 1590 1918 8114 1590 1918 8115 1618 1946 8116 1619 1947 8117 1590 1918 8118 1619 1947 8119 1591 1919 8120 1591 1919 8121 1619 1947 8122 1620 1948 8123 1591 1919 8124 1620 1948 8125 1592 1920 8126 1592 1920 8127 1620 1948 8128 1621 1949 8129 1592 1920 8130 1621 1949 8131 1593 1921 8132 1593 1921 8133 1621 1949 8134 1622 1950 8135 1593 1921 8136 1622 1950 8137 1594 1922 8138 1594 1922 8139 1622 1950 8140 1623 1951 8141 1594 1922 8142 1623 1951 8143 1595 1923 8144 1595 1923 8145 1623 1951 8146 1624 1952 8147 1595 1923 8148 1624 1952 8149 1596 1924 8150 1596 1924 8151 1624 1952 8152 1625 1953 8153 1596 1924 8154 1625 1953 8155 1597 1925 8156 1597 1925 8157 1625 1953 8158 1626 1954 8159 1597 1925 8160 1626 1954 8161 1598 1926 8162 1598 1926 8163 1626 1954 8164 1627 1955 8165 1598 1926 8166 1627 1955 8167 1599 1927 8168 1599 1927 8169 1627 1955 8170 1628 1956 8171 1599 1927 8172 1628 1956 8173 1600 1928 8174 1600 1928 8175 1628 1956 8176 1629 1957 8177 1600 1928 8178 1629 1957 8179 1601 1929 8180 1601 1929 8181 1629 1957 8182 1630 1958 8183 1601 1929 8184 1630 1958 8185 1602 1930 8186 1602 1930 8187 1630 1958 8188 1631 1959 8189 1602 1930 8190 1631 1959 8191 661 851 8192 661 851 8193 1631 1959 8194 1632 1960 8195 661 851 8196 1632 1960 8197 662 852 8198 662 852 8199 1632 1960 8200 674 864 8201 455 501 8202 464 510 8203 1603 1931 8204 1603 1931 8205 464 510 8206 1633 1961 8207 1603 1931 8208 1633 1961 8209 1604 1932 8210 1604 1932 8211 1633 1961 8212 1634 1962 8213 1604 1932 8214 1634 1962 8215 1605 1933 8216 1605 1933 8217 1634 1962 8218 1635 1963 8219 1605 1933 8220 1635 1963 8221 1606 1934 8222 1606 1934 8223 1635 1963 8224 1636 1964 8225 1606 1934 8226 1636 1964 8227 1607 1935 8228 1607 1935 8229 1636 1964 8230 1637 1965 8231 1607 1935 8232 1637 1965 8233 1608 1936 8234 1608 1936 8235 1637 1965 8236 1638 1966 8237 1608 1936 8238 1638 1966 8239 1609 1937 8240 1609 1937 8241 1638 1966 8242 1639 1967 8243 1609 1937 8244 1639 1967 8245 1610 1938 8246 1610 1938 8247 1639 1967 8248 1640 1968 8249 1610 1938 8250 1640 1968 8251 1611 1939 8252 1611 1939 8253 1640 1968 8254 1641 1969 8255 1611 1939 8256 1641 1969 8257 1612 1940 8258 1612 1940 8259 1641 1969 8260 1642 1970 8261 1612 1940 8262 1642 1970 8263 1613 1941 8264 1613 1941 8265 1642 1970 8266 1643 1971 8267 1613 1941 8268 1643 1971 8269 1614 1942 8270 1614 1942 8271 1643 1971 8272 1644 1972 8273 1614 1942 8274 1644 1972 8275 1615 1943 8276 1615 1943 8277 1644 1972 8278 1645 1973 8279 1615 1943 8280 1645 1973 8281 1616 1944 8282 1616 1944 8283 1645 1973 8284 1646 1974 8285 1616 1944 8286 1646 1974 8287 1617 1945 8288 1617 1945 8289 1646 1974 8290 1647 1975 8291 1617 1945 8292 1647 1975 8293 1618 1946 8294 1618 1946 8295 1647 1975 8296 1648 1976 8297 1618 1946 8298 1648 1976 8299 1619 1947 8300 1619 1947 8301 1648 1976 8302 1649 1977 8303 1619 1947 8304 1649 1977 8305 1620 1948 8306 1620 1948 8307 1649 1977 8308 1650 1978 8309 1620 1948 8310 1650 1978 8311 1621 1949 8312 1621 1949 8313 1650 1978 8314 1651 1979 8315 1621 1949 8316 1651 1979 8317 1622 1950 8318 1622 1950 8319 1651 1979 8320 1652 1980 8321 1622 1950 8322 1652 1980 8323 1623 1951 8324 1623 1951 8325 1652 1980 8326 1653 1981 8327 1623 1951 8328 1653 1981 8329 1624 1952 8330 1624 1952 8331 1653 1981 8332 1654 1982 8333 1624 1952 8334 1654 1982 8335 1625 1953 8336 1625 1953 8337 1654 1982 8338 1655 1983 8339 1625 1953 8340 1655 1983 8341 1626 1954 8342 1626 1954 8343 1655 1983 8344 1656 1984 8345 1626 1954 8346 1656 1984 8347 1627 1955 8348 1627 1955 8349 1656 1984 8350 1657 1985 8351 1627 1955 8352 1657 1985 8353 1628 1956 8354 1628 1956 8355 1657 1985 8356 1658 1986 8357 1628 1956 8358 1658 1986 8359 1629 1957 8360 1629 1957 8361 1658 1986 8362 1659 1987 8363 1629 1957 8364 1659 1987 8365 1630 1958 8366 1630 1958 8367 1659 1987 8368 1660 1988 8369 1630 1958 8370 1660 1988 8371 1631 1959 8372 1631 1959 8373 1660 1988 8374 1661 1989 8375 1631 1959 8376 1661 1989 8377 1632 1960 8378 1632 1960 8379 1661 1989 8380 1320 1608 8381 1632 1960 8382 1320 1608 8383 674 864 8384 674 864 8385 1320 1608 8386 675 865 8387 464 510 8388 463 509 8389 1633 1961 8390 1633 1961 8391 463 509 8392 1323 1611 8393 1633 1961 8394 1323 1611 8395 1634 1962 8396 1634 1962 8397 1323 1611 8398 1662 1990 8399 1634 1962 8400 1662 1990 8401 1635 1963 8402 1635 1963 8403 1662 1990 8404 1663 1991 8405 1635 1963 8406 1663 1991 8407 1636 1964 8408 1636 1964 8409 1663 1991 8410 1664 1992 8411 1636 1964 8412 1664 1992 8413 1637 1965 8414 1637 1965 8415 1664 1992 8416 1665 1993 8417 1637 1965 8418 1665 1993 8419 1638 1966 8420 1638 1966 8421 1665 1993 8422 1666 1994 8423 1638 1966 8424 1666 1994 8425 1639 1967 8426 1639 1967 8427 1666 1994 8428 1667 1995 8429 1639 1967 8430 1667 1995 8431 1640 1968 8432 1640 1968 8433 1667 1995 8434 1668 1996 8435 1640 1968 8436 1668 1996 8437 1641 1969 8438 1641 1969 8439 1668 1996 8440 1669 1997 8441 1641 1969 8442 1669 1997 8443 1642 1970 8444 1642 1970 8445 1669 1997 8446 1670 1998 8447 1642 1970 8448 1670 1998 8449 1643 1971 8450 1643 1971 8451 1670 1998 8452 1671 1999 8453 1643 1971 8454 1671 1999 8455 1644 1972 8456 1644 1972 8457 1671 1999 8458 1672 2000 8459 1644 1972 8460 1672 2000 8461 1645 1973 8462 1645 1973 8463 1672 2000 8464 1673 2001 8465 1645 1973 8466 1673 2001 8467 1646 1974 8468 1646 1974 8469 1673 2001 8470 1674 2002 8471 1646 1974 8472 1674 2002 8473 1647 1975 8474 1647 1975 8475 1674 2002 8476 1675 2003 8477 1647 1975 8478 1675 2003 8479 1648 1976 8480 1648 1976 8481 1675 2003 8482 1676 2004 8483 1648 1976 8484 1676 2004 8485 1649 1977 8486 1649 1977 8487 1676 2004 8488 1677 2005 8489 1649 1977 8490 1677 2005 8491 1650 1978 8492 1650 1978 8493 1677 2005 8494 1678 2006 8495 1650 1978 8496 1678 2006 8497 1651 1979 8498 1651 1979 8499 1678 2006 8500 1679 2007 8501 1651 1979 8502 1679 2007 8503 1652 1980 8504 1652 1980 8505 1679 2007 8506 1680 2008 8507 1652 1980 8508 1680 2008 8509 1653 1981 8510 1653 1981 8511 1680 2008 8512 1681 2009 8513 1653 1981 8514 1681 2009 8515 1654 1982 8516 1654 1982 8517 1681 2009 8518 1682 2010 8519 1654 1982 8520 1682 2010 8521 1655 1983 8522 1655 1983 8523 1682 2010 8524 1683 2011 8525 1655 1983 8526 1683 2011 8527 1656 1984 8528 1656 1984 8529 1683 2011 8530 1684 2012 8531 1656 1984 8532 1684 2012 8533 1657 1985 8534 1657 1985 8535 1684 2012 8536 1685 2013 8537 1657 1985 8538 1685 2013 8539 1658 1986 8540 1658 1986 8541 1685 2013 8542 1686 2014 8543 1658 1986 8544 1686 2014 8545 1659 1987 8546 1659 1987 8547 1686 2014 8548 1687 2015 8549 1659 1987 8550 1687 2015 8551 1660 1988 8552 1660 1988 8553 1687 2015 8554 1688 2016 8555 1660 1988 8556 1688 2016 8557 1661 1989 8558 1661 1989 8559 1688 2016 8560 1689 2017 8561 1661 1989 8562 1689 2017 8563 1320 1608 8564 1320 1608 8565 1689 2017 8566 1690 2018 8567 1320 1608 8568 1690 2018 8569 660 850 8570 660 850 8571 1690 2018 8572 658 848 8573 461 507 8574 460 506 8575 1323 1611 8576 1323 1611 8577 460 506 8578 1443 1767 8579 1323 1611 8580 1443 1767 8581 1662 1990 8582 1662 1990 8583 1443 1767 8584 1444 1768 8585 1662 1990 8586 1444 1768 8587 1663 1991 8588 1663 1991 8589 1444 1768 8590 1445 1769 8591 1663 1991 8592 1445 1769 8593 1664 1992 8594 1664 1992 8595 1445 1769 8596 1447 1771 8597 1664 1992 8598 1447 1771 8599 1665 1993 8600 1665 1993 8601 1447 1771 8602 1449 1773 8603 1665 1993 8604 1449 1773 8605 1666 1994 8606 1666 1994 8607 1449 1773 8608 1451 1775 8609 1666 1994 8610 1451 1775 8611 1667 1995 8612 1667 1995 8613 1451 1775 8614 1453 1777 8615 1667 1995 8616 1453 1777 8617 1668 1996 8618 1668 1996 8619 1453 1777 8620 1455 1779 8621 1668 1996 8622 1455 1779 8623 1669 1997 8624 1669 1997 8625 1455 1779 8626 1457 1781 8627 1669 1997 8628 1457 1781 8629 1670 1998 8630 1670 1998 8631 1457 1781 8632 1459 1783 8633 1670 1998 8634 1459 1783 8635 1671 1999 8636 1671 1999 8637 1459 1783 8638 1461 1785 8639 1671 1999 8640 1461 1785 8641 1672 2000 8642 1672 2000 8643 1461 1785 8644 1463 1787 8645 1672 2000 8646 1463 1787 8647 1673 2001 8648 1673 2001 8649 1463 1787 8650 1465 1789 8651 1673 2001 8652 1465 1789 8653 1674 2002 8654 1674 2002 8655 1465 1789 8656 1467 1791 8657 1674 2002 8658 1467 1791 8659 1675 2003 8660 1675 2003 8661 1467 1791 8662 1469 1793 8663 1675 2003 8664 1469 1793 8665 1676 2004 8666 1676 2004 8667 1469 1793 8668 1471 1795 8669 1676 2004 8670 1471 1795 8671 1677 2005 8672 1677 2005 8673 1471 1795 8674 1473 1797 8675 1677 2005 8676 1473 1797 8677 1678 2006 8678 1678 2006 8679 1473 1797 8680 1475 1799 8681 1678 2006 8682 1475 1799 8683 1679 2007 8684 1679 2007 8685 1475 1799 8686 1477 1801 8687 1679 2007 8688 1477 1801 8689 1680 2008 8690 1680 2008 8691 1477 1801 8692 1479 1803 8693 1680 2008 8694 1479 1803 8695 1681 2009 8696 1681 2009 8697 1479 1803 8698 1481 1805 8699 1681 2009 8700 1481 1805 8701 1682 2010 8702 1682 2010 8703 1481 1805 8704 1483 1807 8705 1682 2010 8706 1483 1807 8707 1683 2011 8708 1683 2011 8709 1483 1807 8710 1485 1809 8711 1683 2011 8712 1485 1809 8713 1684 2012 8714 1684 2012 8715 1485 1809 8716 1487 1811 8717 1684 2012 8718 1487 1811 8719 1685 2013 8720 1685 2013 8721 1487 1811 8722 1691 2019 8723 1685 2013 8724 1691 2019 8725 1686 2014 8726 1686 2014 8727 1691 2019 8728 1692 2020 8729 1686 2014 8730 1692 2020 8731 1687 2015 8732 1687 2015 8733 1692 2020 8734 1693 2021 8735 1687 2015 8736 1693 2021 8737 1688 2016 8738 1688 2016 8739 1693 2021 8740 1694 2022 8741 1688 2016 8742 1694 2022 8743 1689 2017 8744 1689 2017 8745 1694 2022 8746 1695 2023 8747 1689 2017 8748 1695 2023 8749 1690 2018 8750 1690 2018 8751 1695 2023 8752 1319 1607 8753 1690 2018 8754 1319 1607 8755 658 848 8756 658 848 8757 1319 1607 8758 649 839 8759 1486 1810 8760 1696 2024 8761 1487 1811 8762 1487 1811 8763 1696 2024 8764 1697 2025 8765 1487 1811 8766 1697 2025 8767 1691 2019 8768 1691 2019 8769 1697 2025 8770 1698 2026 8771 1691 2019 8772 1698 2026 8773 1692 2020 8774 1692 2020 8775 1698 2026 8776 1699 2027 8777 1692 2020 8778 1699 2027 8779 1693 2021 8780 1693 2021 8781 1699 2027 8782 1700 2028 8783 1693 2021 8784 1700 2028 8785 1694 2022 8786 1694 2022 8787 1700 2028 8788 1701 2029 8789 1694 2022 8790 1701 2029 8791 1695 2023 8792 1695 2023 8793 1701 2029 8794 1702 2030 8795 1695 2023 8796 1702 2030 8797 1319 1607 8798 1319 1607 8799 1702 2030 8800 1318 1605 8801 1319 1607 8802 1318 1605 8803 650 1606 8804 650 1606 8805 1318 1605 8806 652 1604 8807 458 1612 8808 462 1639 8809 1332 1641 8810 1332 1641 8811 462 1639 8812 1331 1638 8813 1332 1641 8814 1331 1638 8815 1446 1770 8816 1446 1770 8817 1331 1638 8818 1373 1686 8819 1446 1770 8820 1373 1686 8821 1448 1772 8822 1448 1772 8823 1373 1686 8824 1374 1687 8825 1448 1772 8826 1374 1687 8827 1450 1774 8828 1450 1774 8829 1374 1687 8830 1376 1689 8831 1450 1774 8832 1376 1689 8833 1452 1776 8834 1452 1776 8835 1376 1689 8836 1378 1691 8837 1452 1776 8838 1378 1691 8839 1454 1778 8840 1454 1778 8841 1378 1691 8842 1703 2031 8843 1454 1778 8844 1703 2031 8845 1456 1780 8846 1456 1780 8847 1703 2031 8848 1704 2032 8849 1456 1780 8850 1704 2032 8851 1458 1782 8852 1458 1782 8853 1704 2032 8854 1705 2033 8855 1458 1782 8856 1705 2033 8857 1460 1784 8858 1460 1784 8859 1705 2033 8860 1706 2034 8861 1460 1784 8862 1706 2034 8863 1462 1786 8864 1462 1786 8865 1706 2034 8866 1707 2035 8867 1462 1786 8868 1707 2035 8869 1464 1788 8870 1464 1788 8871 1707 2035 8872 1708 2036 8873 1464 1788 8874 1708 2036 8875 1466 1790 8876 1466 1790 8877 1708 2036 8878 1709 2037 8879 1466 1790 8880 1709 2037 8881 1468 1792 8882 1468 1792 8883 1709 2037 8884 1710 2038 8885 1468 1792 8886 1710 2038 8887 1470 1794 8888 1470 1794 8889 1710 2038 8890 1711 2039 8891 1470 1794 8892 1711 2039 8893 1472 1796 8894 1472 1796 8895 1711 2039 8896 1712 2040 8897 1472 1796 8898 1712 2040 8899 1474 1798 8900 1474 1798 8901 1712 2040 8902 1713 2041 8903 1474 1798 8904 1713 2041 8905 1476 1800 8906 1476 1800 8907 1713 2041 8908 1714 2042 8909 1476 1800 8910 1714 2042 8911 1478 1802 8912 1478 1802 8913 1714 2042 8914 1715 2043 8915 1478 1802 8916 1715 2043 8917 1480 1804 8918 1480 1804 8919 1715 2043 8920 1716 2044 8921 1480 1804 8922 1716 2044 8923 1482 1806 8924 1482 1806 8925 1716 2044 8926 1717 2045 8927 1482 1806 8928 1717 2045 8929 1484 1808 8930 1484 1808 8931 1717 2045 8932 1718 2046 8933 1484 1808 8934 1718 2046 8935 1486 1810 8936 1486 1810 8937 1718 2046 8938 1719 2047 8939 1486 1810 8940 1719 2047 8941 1696 2024 8942 1696 2024 8943 1719 2047 8944 1720 2048 8945 1696 2024 8946 1720 2048 8947 1697 2025 8948 1697 2025 8949 1720 2048 8950 1721 2049 8951 1697 2025 8952 1721 2049 8953 1698 2026 8954 1698 2026 8955 1721 2049 8956 1722 2050 8957 1698 2026 8958 1722 2050 8959 1699 2027 8960 1699 2027 8961 1722 2050 8962 1723 2051 8963 1699 2027 8964 1723 2051 8965 1700 2028 8966 1700 2028 8967 1723 2051 8968 1724 2052 8969 1700 2028 8970 1724 2052 8971 1701 2029 8972 1701 2029 8973 1724 2052 8974 1725 2053 8975 1701 2029 8976 1725 2053 8977 1702 2030 8978 1702 2030 8979 1725 2053 8980 1726 2054 8981 1702 2030 8982 1726 2054 8983 1318 1605 8984 1318 1605 8985 1726 2054 8986 1317 1602 8987 1318 1605 8988 1317 1602 8989 654 1603 8990 654 1603 8991 1317 1602 8992 656 1601 8993 1377 1690 8994 1727 2055 8995 1378 1691 8996 1378 1691 8997 1727 2055 8998 1728 2056 8999 1378 1691 9000 1728 2056 9001 1703 2031 9002 1703 2031 9003 1728 2056 9004 1729 2057 9005 1703 2031 9006 1729 2057 9007 1704 2032 9008 1704 2032 9009 1729 2057 9010 1730 2058 9011 1704 2032 9012 1730 2058 9013 1705 2033 9014 1705 2033 9015 1730 2058 9016 1731 2059 9017 1705 2033 9018 1731 2059 9019 1706 2034 9020 1706 2034 9021 1731 2059 9022 1732 2060 9023 1706 2034 9024 1732 2060 9025 1707 2035 9026 1707 2035 9027 1732 2060 9028 1733 2061 9029 1707 2035 9030 1733 2061 9031 1708 2036 9032 1708 2036 9033 1733 2061 9034 1734 2062 9035 1708 2036 9036 1734 2062 9037 1709 2037 9038 1709 2037 9039 1734 2062 9040 1735 2063 9041 1709 2037 9042 1735 2063 9043 1710 2038 9044 1710 2038 9045 1735 2063 9046 1736 2064 9047 1710 2038 9048 1736 2064 9049 1711 2039 9050 1711 2039 9051 1736 2064 9052 1737 2065 9053 1711 2039 9054 1737 2065 9055 1712 2040 9056 1712 2040 9057 1737 2065 9058 1738 2066 9059 1712 2040 9060 1738 2066 9061 1713 2041 9062 1713 2041 9063 1738 2066 9064 1739 2067 9065 1713 2041 9066 1739 2067 9067 1714 2042 9068 1714 2042 9069 1739 2067 9070 1740 2068 9071 1714 2042 9072 1740 2068 9073 1715 2043 9074 1715 2043 9075 1740 2068 9076 1741 2069 9077 1715 2043 9078 1741 2069 9079 1716 2044 9080 1716 2044 9081 1741 2069 9082 1742 2070 9083 1716 2044 9084 1742 2070 9085 1717 2045 9086 1717 2045 9087 1742 2070 9088 1743 2071 9089 1717 2045 9090 1743 2071 9091 1718 2046 9092 1718 2046 9093 1743 2071 9094 1744 2072 9095 1718 2046 9096 1744 2072 9097 1719 2047 9098 1719 2047 9099 1744 2072 9100 1745 2073 9101 1719 2047 9102 1745 2073 9103 1720 2048 9104 1720 2048 9105 1745 2073 9106 1746 2074 9107 1720 2048 9108 1746 2074 9109 1721 2049 9110 1721 2049 9111 1746 2074 9112 1747 2075 9113 1721 2049 9114 1747 2075 9115 1722 2050 9116 1722 2050 9117 1747 2075 9118 1748 2076 9119 1722 2050 9120 1748 2076 9121 1723 2051 9122 1723 2051 9123 1748 2076 9124 1749 2077 9125 1723 2051 9126 1749 2077 9127 1724 2052 9128 1724 2052 9129 1749 2077 9130 1750 2078 9131 1724 2052 9132 1750 2078 9133 1725 2053 9134 1725 2053 9135 1750 2078 9136 1751 2079 9137 1725 2053 9138 1751 2079 9139 1726 2054 9140 1726 2054 9141 1751 2079 9142 1752 2080 9143 1726 2054 9144 1752 2080 9145 1317 1602 9146 1317 1602 9147 1752 2080 9148 1336 1646 9149 1317 1602 9150 1336 1646 9151 657 1600 9152 657 1600 9153 1336 1646 9154 647 1645 9155 472 1615 9156 471 1618 9157 1330 1637 9158 1330 1637 9159 471 1618 9160 1326 1620 9161 1330 1637 9162 1326 1620 9163 1375 1688 9164 1375 1688 9165 1326 1620 9166 1329 1634 9167 1375 1688 9168 1329 1634 9169 1377 1690 9170 1377 1690 9171 1329 1634 9172 1404 1720 9173 1377 1690 9174 1404 1720 9175 1727 2055 9176 1727 2055 9177 1404 1720 9178 1406 1722 9179 1727 2055 9180 1406 1722 9181 1728 2056 9182 1728 2056 9183 1406 1722 9184 1408 1724 9185 1728 2056 9186 1408 1724 9187 1729 2057 9188 1729 2057 9189 1408 1724 9190 1410 1726 9191 1729 2057 9192 1410 1726 9193 1730 2058 9194 1730 2058 9195 1410 1726 9196 1412 1728 9197 1730 2058 9198 1412 1728 9199 1731 2059 9200 1731 2059 9201 1412 1728 9202 1414 1730 9203 1731 2059 9204 1414 1730 9205 1732 2060 9206 1732 2060 9207 1414 1730 9208 1416 1732 9209 1732 2060 9210 1416 1732 9211 1733 2061 9212 1733 2061 9213 1416 1732 9214 1418 1734 9215 1733 2061 9216 1418 1734 9217 1734 2062 9218 1734 2062 9219 1418 1734 9220 1420 1736 9221 1734 2062 9222 1420 1736 9223 1735 2063 9224 1735 2063 9225 1420 1736 9226 1422 1738 9227 1735 2063 9228 1422 1738 9229 1736 2064 9230 1736 2064 9231 1422 1738 9232 1424 1740 9233 1736 2064 9234 1424 1740 9235 1737 2065 9236 1737 2065 9237 1424 1740 9238 1426 1742 9239 1737 2065 9240 1426 1742 9241 1738 2066 9242 1738 2066 9243 1426 1742 9244 1428 1744 9245 1738 2066 9246 1428 1744 9247 1739 2067 9248 1739 2067 9249 1428 1744 9250 1430 1746 9251 1739 2067 9252 1430 1746 9253 1740 2068 9254 1740 2068 9255 1430 1746 9256 1432 1748 9257 1740 2068 9258 1432 1748 9259 1741 2069 9260 1741 2069 9261 1432 1748 9262 1434 1750 9263 1741 2069 9264 1434 1750 9265 1742 2070 9266 1742 2070 9267 1434 1750 9268 1753 2081 9269 1742 2070 9270 1753 2081 9271 1743 2071 9272 1743 2071 9273 1753 2081 9274 1754 2082 9275 1743 2071 9276 1754 2082 9277 1744 2072 9278 1744 2072 9279 1754 2082 9280 1755 2083 9281 1744 2072 9282 1755 2083 9283 1745 2073 9284 1745 2073 9285 1755 2083 9286 1756 2084 9287 1745 2073 9288 1756 2084 9289 1746 2074 9290 1746 2074 9291 1756 2084 9292 1757 2085 9293 1746 2074 9294 1757 2085 9295 1747 2075 9296 1747 2075 9297 1757 2085 9298 1758 2086 9299 1747 2075 9300 1758 2086 9301 1748 2076 9302 1748 2076 9303 1758 2086 9304 1759 2087 9305 1748 2076 9306 1759 2087 9307 1749 2077 9308 1749 2077 9309 1759 2087 9310 1760 2088 9311 1749 2077 9312 1760 2088 9313 1750 2078 9314 1750 2078 9315 1760 2088 9316 1761 2089 9317 1750 2078 9318 1761 2089 9319 1751 2079 9320 1751 2079 9321 1761 2089 9322 1762 2090 9323 1751 2079 9324 1762 2090 9325 1752 2080 9326 1752 2080 9327 1762 2090 9328 1763 2091 9329 1752 2080 9330 1763 2091 9331 1336 1646 9332 1336 1646 9333 1763 2091 9334 1315 1597 9335 1336 1646 9336 1315 1597 9337 634 1648 9338 634 1648 9339 1315 1597 9340 636 1599 9341 815 1009 9342 825 1019 9343 1357 1669 9344 1357 1669 9345 825 1019 9346 1311 1593 9347 1357 1669 9348 1311 1593 9349 1433 1749 9350 1433 1749 9351 1311 1593 9352 1438 1758 9353 1433 1749 9354 1438 1758 9355 1434 1750 9356 1434 1750 9357 1438 1758 9358 1494 1819 9359 1434 1750 9360 1494 1819 9361 1753 2081 9362 1753 2081 9363 1494 1819 9364 1495 1820 9365 1753 2081 9366 1495 1820 9367 1754 2082 9368 1754 2082 9369 1495 1820 9370 1496 1821 9371 1754 2082 9372 1496 1821 9373 1755 2083 9374 1755 2083 9375 1496 1821 9376 1497 1822 9377 1755 2083 9378 1497 1822 9379 1756 2084 9380 1756 2084 9381 1497 1822 9382 1498 1823 9383 1756 2084 9384 1498 1823 9385 1757 2085 9386 1757 2085 9387 1498 1823 9388 1499 1824 9389 1757 2085 9390 1499 1824 9391 1758 2086 9392 1758 2086 9393 1499 1824 9394 1500 1825 9395 1758 2086 9396 1500 1825 9397 1759 2087 9398 1759 2087 9399 1500 1825 9400 1501 1826 9401 1759 2087 9402 1501 1826 9403 1760 2088 9404 1760 2088 9405 1501 1826 9406 1502 1827 9407 1760 2088 9408 1502 1827 9409 1761 2089 9410 1761 2089 9411 1502 1827 9412 1503 1828 9413 1761 2089 9414 1503 1828 9415 1762 2090 9416 1762 2090 9417 1503 1828 9418 1504 1829 9419 1762 2090 9420 1504 1829 9421 1763 2091 9422 1763 2091 9423 1504 1829 9424 1314 1596 9425 1763 2091 9426 1314 1596 9427 1315 1597 9428 1315 1597 9429 1314 1596 9430 1313 1595 9431 1315 1597 9432 1313 1595 9433 1316 1598 9434 1316 1598 9435 1313 1595 9436 1312 1594 9437 1764 2092 9438 757 947 9439 755 945 9440 1765 2093 9441 770 960 9442 768 958 9443 781 971 9444 780 970 9445 1766 2094 9446 639 2095 9447 1767 2096 9448 637 2097 9449 627 817 9450 626 816 9451 745 935 9452 836 1030 9453 1768 2098 9454 427 1031 9455 427 1031 9456 1768 2098 9457 429 2099 9458 429 2099 9459 1768 2098 9460 430 2100 9461 430 2100 9462 1768 2098 9463 1769 2101 9464 430 2100 9465 1769 2101 9466 397 2102 9467 1770 2103 9468 399 2104 9469 1771 2105 9470 1771 2105 9471 399 2104 9472 398 2106 9473 1771 2105 9474 398 2106 9475 1772 2107 9476 1772 2107 9477 398 2106 9478 396 2108 9479 1772 2107 9480 396 2108 9481 1773 2109 9482 1773 2109 9483 396 2108 9484 395 2110 9485 1773 2109 9486 395 2110 9487 1774 2111 9488 1774 2111 9489 395 2110 9490 397 2102 9491 1774 2111 9492 397 2102 9493 1775 2112 9494 1775 2112 9495 397 2102 9496 1769 2101 9497 406 452 9498 405 451 9499 1776 2113 9500 1776 2113 9501 405 451 9502 404 450 9503 1776 2113 9504 404 450 9505 1777 2114 9506 1777 2114 9507 404 450 9508 403 449 9509 1777 2114 9510 403 449 9511 1778 2115 9512 1778 2115 9513 403 449 9514 392 438 9515 1778 2115 9516 392 438 9517 1779 2116 9518 1779 2116 9519 392 438 9520 391 437 9521 1779 2116 9522 391 437 9523 1780 2117 9524 1780 2117 9525 391 437 9526 394 440 9527 1780 2117 9528 394 440 9529 1781 2118 9530 1781 2118 9531 394 440 9532 402 448 9533 1781 2118 9534 402 448 9535 1782 2119 9536 1782 2119 9537 402 448 9538 401 447 9539 1782 2119 9540 401 447 9541 1770 2103 9542 1770 2103 9543 401 447 9544 400 446 9545 1770 2103 9546 400 446 9547 399 2104 9548 1783 2120 9549 617 807 9550 616 806 9551 1784 2121 9552 586 2122 9553 1785 2123 9554 1785 2123 9555 586 2122 9556 588 2124 9557 1785 2123 9558 588 2124 9559 1786 2125 9560 1786 2125 9561 588 2124 9562 590 2126 9563 1786 2125 9564 590 2126 9565 1787 2127 9566 1787 2127 9567 590 2126 9568 592 782 9569 1787 2127 9570 592 782 9571 1788 2128 9572 1788 2128 9573 592 782 9574 624 814 9575 1788 2128 9576 624 814 9577 1789 2129 9578 1789 2129 9579 624 814 9580 623 813 9581 1789 2129 9582 623 813 9583 1790 2130 9584 1790 2130 9585 623 813 9586 615 805 9587 1790 2130 9588 615 805 9589 1791 2131 9590 1791 2131 9591 615 805 9592 614 804 9593 1791 2131 9594 614 804 9595 1792 2132 9596 1792 2132 9597 614 804 9598 622 812 9599 1792 2132 9600 622 812 9601 1793 2133 9602 1793 2133 9603 622 812 9604 621 811 9605 1793 2133 9606 621 811 9607 1794 2134 9608 1794 2134 9609 621 811 9610 620 810 9611 1794 2134 9612 620 810 9613 1795 2135 9614 1795 2135 9615 620 810 9616 619 809 9617 1795 2135 9618 619 809 9619 1783 2120 9620 1783 2120 9621 619 809 9622 618 808 9623 1783 2120 9624 618 808 9625 617 807 9626 1796 2136 9627 629 2137 9628 1784 2121 9629 1784 2121 9630 629 2137 9631 628 2138 9632 1784 2121 9633 628 2138 9634 586 2122 9635 1767 2096 9636 639 2095 9637 1797 2139 9638 639 2095 9639 641 2140 9640 1797 2139 9641 1797 2139 9642 641 2140 9643 643 2141 9644 1797 2139 9645 643 2141 9646 1796 2136 9647 1796 2136 9648 643 2141 9649 631 2142 9650 1796 2136 9651 631 2142 9652 629 2137 9653 635 1091 9654 637 2097 9655 856 1079 9656 856 1079 9657 637 2097 9658 1767 2096 9659 856 1079 9660 1767 2096 9661 855 1077 9662 855 1077 9663 1767 2096 9664 1797 2139 9665 855 1077 9666 1797 2139 9667 854 1075 9668 857 1087 9669 854 1075 9670 1798 2143 9671 841 1052 9672 857 1087 9673 1799 2144 9674 842 1053 9675 841 1052 9676 1800 2145 9677 843 1054 9678 842 1053 9679 1801 2146 9680 844 1055 9681 843 1054 9682 1802 2147 9683 845 1056 9684 844 1055 9685 1803 2148 9686 846 1057 9687 845 1056 9688 1804 2149 9689 847 1058 9690 846 1057 9691 1805 2150 9692 849 1060 9693 848 1059 9694 1806 2151 9695 851 1062 9696 850 1061 9697 1807 2152 9698 852 1063 9699 851 1062 9700 1808 2153 9701 853 1064 9702 852 1063 9703 1809 2154 9704 839 1045 9705 853 1064 9706 1810 2155 9707 837 1033 9708 838 1035 9709 1811 2156 9710 836 1030 9711 837 1033 9712 1812 2157 9713 854 1075 9714 1797 2139 9715 1798 2143 9716 1798 2143 9717 1797 2139 9718 1796 2136 9719 1798 2143 9720 1796 2136 9721 1813 2158 9722 1813 2158 9723 1796 2136 9724 1784 2121 9725 1813 2158 9726 1784 2121 9727 1814 2159 9728 1814 2159 9729 1784 2121 9730 1785 2123 9731 1814 2159 9732 1785 2123 9733 1815 2160 9734 1815 2160 9735 1785 2123 9736 1786 2125 9737 1815 2160 9738 1786 2125 9739 1816 2161 9740 1816 2161 9741 1786 2125 9742 1787 2127 9743 1816 2161 9744 1787 2127 9745 1817 2162 9746 1817 2162 9747 1787 2127 9748 1788 2128 9749 1817 2162 9750 1788 2128 9751 1818 2163 9752 1818 2163 9753 1788 2128 9754 1789 2129 9755 1818 2163 9756 1789 2129 9757 1819 2164 9758 1819 2164 9759 1789 2129 9760 1790 2130 9761 1819 2164 9762 1790 2130 9763 1820 2165 9764 1820 2165 9765 1790 2130 9766 1791 2131 9767 1820 2165 9768 1791 2131 9769 1821 2166 9770 1821 2166 9771 1791 2131 9772 1792 2132 9773 1821 2166 9774 1792 2132 9775 1822 2167 9776 1822 2167 9777 1792 2132 9778 1793 2133 9779 1822 2167 9780 1793 2133 9781 1823 2168 9782 1823 2168 9783 1793 2133 9784 1794 2134 9785 1823 2168 9786 1794 2134 9787 1824 2169 9788 1824 2169 9789 1794 2134 9790 1795 2135 9791 1824 2169 9792 1795 2135 9793 1825 2170 9794 1825 2170 9795 1795 2135 9796 1783 2120 9797 1825 2170 9798 1783 2120 9799 1826 2171 9800 857 1087 9801 1798 2143 9802 1799 2144 9803 1799 2144 9804 1798 2143 9805 1813 2158 9806 1799 2144 9807 1813 2158 9808 1827 2172 9809 1827 2172 9810 1813 2158 9811 1814 2159 9812 1827 2172 9813 1814 2159 9814 1828 2173 9815 1828 2173 9816 1814 2159 9817 1815 2160 9818 1828 2173 9819 1815 2160 9820 1829 2174 9821 1829 2174 9822 1815 2160 9823 1816 2161 9824 1829 2174 9825 1816 2161 9826 1830 2175 9827 1830 2175 9828 1816 2161 9829 1817 2162 9830 1830 2175 9831 1817 2162 9832 1831 2176 9833 1831 2176 9834 1817 2162 9835 1818 2163 9836 1831 2176 9837 1818 2163 9838 1832 2177 9839 1832 2177 9840 1818 2163 9841 1819 2164 9842 1832 2177 9843 1819 2164 9844 1833 2178 9845 1833 2178 9846 1819 2164 9847 1820 2165 9848 1833 2178 9849 1820 2165 9850 1834 2179 9851 1834 2179 9852 1820 2165 9853 1821 2166 9854 1834 2179 9855 1821 2166 9856 1835 2180 9857 1835 2180 9858 1821 2166 9859 1822 2167 9860 1835 2180 9861 1822 2167 9862 1836 2181 9863 1836 2181 9864 1822 2167 9865 1823 2168 9866 1836 2181 9867 1823 2168 9868 1837 2182 9869 1837 2182 9870 1823 2168 9871 1824 2169 9872 1837 2182 9873 1824 2169 9874 1838 2183 9875 1838 2183 9876 1824 2169 9877 1825 2170 9878 1838 2183 9879 1825 2170 9880 1839 2184 9881 1839 2184 9882 1825 2170 9883 1826 2171 9884 1839 2184 9885 1826 2171 9886 1840 2185 9887 841 1052 9888 1799 2144 9889 1800 2145 9890 1800 2145 9891 1799 2144 9892 1827 2172 9893 1800 2145 9894 1827 2172 9895 1841 2186 9896 1841 2186 9897 1827 2172 9898 1828 2173 9899 1841 2186 9900 1828 2173 9901 1842 2187 9902 1842 2187 9903 1828 2173 9904 1829 2174 9905 1842 2187 9906 1829 2174 9907 1843 2188 9908 1843 2188 9909 1829 2174 9910 1830 2175 9911 1843 2188 9912 1830 2175 9913 1844 2189 9914 1844 2189 9915 1830 2175 9916 1831 2176 9917 1844 2189 9918 1831 2176 9919 1845 2190 9920 1845 2190 9921 1831 2176 9922 1832 2177 9923 1845 2190 9924 1832 2177 9925 1846 2191 9926 1846 2191 9927 1832 2177 9928 1833 2178 9929 1846 2191 9930 1833 2178 9931 1847 2192 9932 1847 2192 9933 1833 2178 9934 1834 2179 9935 1847 2192 9936 1834 2179 9937 1848 2193 9938 1848 2193 9939 1834 2179 9940 1835 2180 9941 1848 2193 9942 1835 2180 9943 1849 2194 9944 1849 2194 9945 1835 2180 9946 1836 2181 9947 1849 2194 9948 1836 2181 9949 1850 2195 9950 1850 2195 9951 1836 2181 9952 1837 2182 9953 1850 2195 9954 1837 2182 9955 1851 2196 9956 1851 2196 9957 1837 2182 9958 1838 2183 9959 1851 2196 9960 1838 2183 9961 1852 2197 9962 1852 2197 9963 1838 2183 9964 1839 2184 9965 1852 2197 9966 1839 2184 9967 1853 2198 9968 1853 2198 9969 1839 2184 9970 1840 2185 9971 1853 2198 9972 1840 2185 9973 1854 2199 9974 849 1060 9975 1806 2151 9976 1855 2200 9977 1855 2200 9978 1806 2151 9979 1856 2201 9980 1855 2200 9981 1856 2201 9982 1857 2202 9983 1857 2202 9984 1856 2201 9985 1858 2203 9986 1857 2202 9987 1858 2203 9988 1859 2204 9989 1859 2204 9990 1858 2203 9991 1860 2205 9992 1859 2204 9993 1860 2205 9994 1861 2206 9995 1861 2206 9996 1860 2205 9997 1862 2207 9998 1861 2206 9999 1862 2207 10000 1863 2208 10001 1863 2208 10002 1862 2207 10003 1864 2209 10004 1863 2208 10005 1864 2209 10006 1865 2210 10007 1865 2210 10008 1864 2209 10009 1866 2211 10010 1865 2210 10011 1866 2211 10012 1867 2212 10013 1867 2212 10014 1866 2211 10015 1868 2213 10016 1867 2212 10017 1868 2213 10018 1869 2214 10019 1869 2214 10020 1868 2213 10021 1870 2215 10022 1869 2214 10023 1870 2215 10024 1871 2216 10025 1871 2216 10026 1870 2215 10027 1872 2217 10028 1871 2216 10029 1872 2217 10030 1873 2218 10031 1873 2218 10032 1872 2217 10033 1874 2219 10034 1873 2218 10035 1874 2219 10036 1875 2220 10037 1875 2220 10038 1874 2219 10039 1876 2221 10040 1875 2220 10041 1876 2221 10042 1877 2222 10043 1877 2222 10044 1876 2221 10045 1878 2223 10046 1877 2222 10047 1878 2223 10048 1879 2224 10049 1879 2224 10050 1878 2223 10051 1880 2225 10052 1879 2224 10053 1880 2225 10054 1881 2226 10055 1881 2226 10056 1880 2225 10057 1882 2227 10058 1881 2226 10059 1882 2227 10060 1883 2228 10061 770 960 10062 1765 2093 10063 1883 2228 10064 1883 2228 10065 1765 2093 10066 1884 2229 10067 1883 2228 10068 1884 2229 10069 1881 2226 10070 1881 2226 10071 1884 2229 10072 1885 2230 10073 1881 2226 10074 1885 2230 10075 1879 2224 10076 1879 2224 10077 1885 2230 10078 1886 2231 10079 1879 2224 10080 1886 2231 10081 1877 2222 10082 1877 2222 10083 1886 2231 10084 1887 2232 10085 1877 2222 10086 1887 2232 10087 1875 2220 10088 1875 2220 10089 1887 2232 10090 1888 2233 10091 1875 2220 10092 1888 2233 10093 1873 2218 10094 1873 2218 10095 1888 2233 10096 1889 2234 10097 1873 2218 10098 1889 2234 10099 1871 2216 10100 1871 2216 10101 1889 2234 10102 1890 2235 10103 1871 2216 10104 1890 2235 10105 1869 2214 10106 1869 2214 10107 1890 2235 10108 1891 2236 10109 1869 2214 10110 1891 2236 10111 1867 2212 10112 1867 2212 10113 1891 2236 10114 1892 2237 10115 1867 2212 10116 1892 2237 10117 1865 2210 10118 1865 2210 10119 1892 2237 10120 1893 2238 10121 1865 2210 10122 1893 2238 10123 1863 2208 10124 1863 2208 10125 1893 2238 10126 1894 2239 10127 1863 2208 10128 1894 2239 10129 1861 2206 10130 1861 2206 10131 1894 2239 10132 1895 2240 10133 1861 2206 10134 1895 2240 10135 1859 2204 10136 1859 2204 10137 1895 2240 10138 1896 2241 10139 1859 2204 10140 1896 2241 10141 1857 2202 10142 1857 2202 10143 1896 2241 10144 1807 2152 10145 1857 2202 10146 1807 2152 10147 1855 2200 10148 1855 2200 10149 1807 2152 10150 850 1061 10151 1855 2200 10152 850 1061 10153 849 1060 10154 852 1063 10155 1808 2153 10156 1809 2154 10157 1809 2154 10158 1808 2153 10159 1897 2242 10160 1809 2154 10161 1897 2242 10162 1898 2243 10163 1898 2243 10164 1897 2242 10165 1899 2244 10166 1898 2243 10167 1899 2244 10168 1900 2245 10169 1900 2245 10170 1899 2244 10171 1901 2246 10172 1900 2245 10173 1901 2246 10174 1902 2247 10175 1902 2247 10176 1901 2246 10177 1903 2248 10178 1902 2247 10179 1903 2248 10180 1904 2249 10181 1904 2249 10182 1903 2248 10183 1905 2250 10184 1904 2249 10185 1905 2250 10186 1906 2251 10187 1906 2251 10188 1905 2250 10189 1907 2252 10190 1906 2251 10191 1907 2252 10192 1908 2253 10193 1908 2253 10194 1907 2252 10195 1909 2254 10196 1908 2253 10197 1909 2254 10198 1910 2255 10199 1910 2255 10200 1909 2254 10201 1911 2256 10202 1910 2255 10203 1911 2256 10204 1912 2257 10205 1912 2257 10206 1911 2256 10207 1913 2258 10208 1912 2257 10209 1913 2258 10210 1914 2259 10211 1914 2259 10212 1913 2258 10213 1915 2260 10214 1914 2259 10215 1915 2260 10216 1916 2261 10217 1916 2261 10218 1915 2260 10219 1917 2262 10220 1916 2261 10221 1917 2262 10222 1918 2263 10223 1918 2263 10224 1917 2262 10225 1919 2264 10226 1918 2263 10227 1919 2264 10228 1920 2265 10229 1920 2265 10230 1919 2264 10231 1921 2266 10232 1920 2265 10233 1921 2266 10234 1922 2267 10235 1922 2267 10236 1921 2266 10237 1923 2268 10238 1922 2267 10239 1923 2268 10240 1924 2269 10241 853 1064 10242 1809 2154 10243 1810 2155 10244 1810 2155 10245 1809 2154 10246 1898 2243 10247 1810 2155 10248 1898 2243 10249 1925 2270 10250 1925 2270 10251 1898 2243 10252 1900 2245 10253 1925 2270 10254 1900 2245 10255 1926 2271 10256 1926 2271 10257 1900 2245 10258 1902 2247 10259 1926 2271 10260 1902 2247 10261 1927 2272 10262 1927 2272 10263 1902 2247 10264 1904 2249 10265 1927 2272 10266 1904 2249 10267 1928 2273 10268 1928 2273 10269 1904 2249 10270 1906 2251 10271 1928 2273 10272 1906 2251 10273 1929 2274 10274 1929 2274 10275 1906 2251 10276 1908 2253 10277 1929 2274 10278 1908 2253 10279 1930 2275 10280 1930 2275 10281 1908 2253 10282 1910 2255 10283 1930 2275 10284 1910 2255 10285 1931 2276 10286 1931 2276 10287 1910 2255 10288 1912 2257 10289 1931 2276 10290 1912 2257 10291 1932 2277 10292 1932 2277 10293 1912 2257 10294 1914 2259 10295 1932 2277 10296 1914 2259 10297 1933 2278 10298 1933 2278 10299 1914 2259 10300 1916 2261 10301 1933 2278 10302 1916 2261 10303 1934 2279 10304 1934 2279 10305 1916 2261 10306 1918 2263 10307 1934 2279 10308 1918 2263 10309 1935 2280 10310 1935 2280 10311 1918 2263 10312 1920 2265 10313 1935 2280 10314 1920 2265 10315 1936 2281 10316 1936 2281 10317 1920 2265 10318 1922 2267 10319 1936 2281 10320 1922 2267 10321 1937 2282 10322 1937 2282 10323 1922 2267 10324 1924 2269 10325 1937 2282 10326 1924 2269 10327 1938 2283 10328 839 1045 10329 1810 2155 10330 1939 2284 10331 1939 2284 10332 1810 2155 10333 1925 2270 10334 1939 2284 10335 1925 2270 10336 1940 2285 10337 1940 2285 10338 1925 2270 10339 1926 2271 10340 1940 2285 10341 1926 2271 10342 1941 2286 10343 1941 2286 10344 1926 2271 10345 1927 2272 10346 1941 2286 10347 1927 2272 10348 1942 2287 10349 1942 2287 10350 1927 2272 10351 1928 2273 10352 1942 2287 10353 1928 2273 10354 1943 2288 10355 1943 2288 10356 1928 2273 10357 1929 2274 10358 1943 2288 10359 1929 2274 10360 1944 2289 10361 1944 2289 10362 1929 2274 10363 1930 2275 10364 1944 2289 10365 1930 2275 10366 1945 2290 10367 1945 2290 10368 1930 2275 10369 1931 2276 10370 1945 2290 10371 1931 2276 10372 1946 2291 10373 1946 2291 10374 1931 2276 10375 1932 2277 10376 1946 2291 10377 1932 2277 10378 1947 2292 10379 1947 2292 10380 1932 2277 10381 1933 2278 10382 1947 2292 10383 1933 2278 10384 1948 2293 10385 1948 2293 10386 1933 2278 10387 1934 2279 10388 1948 2293 10389 1934 2279 10390 1949 2294 10391 1949 2294 10392 1934 2279 10393 1935 2280 10394 1949 2294 10395 1935 2280 10396 1950 2295 10397 1950 2295 10398 1935 2280 10399 1936 2281 10400 1950 2295 10401 1936 2281 10402 1951 2296 10403 1951 2296 10404 1936 2281 10405 1937 2282 10406 1951 2296 10407 1937 2282 10408 1952 2297 10409 1952 2297 10410 1937 2282 10411 1938 2283 10412 1952 2297 10413 1938 2283 10414 1953 2298 10415 757 947 10416 1764 2092 10417 1953 2298 10418 1953 2298 10419 1764 2092 10420 1954 2299 10421 1953 2298 10422 1954 2299 10423 1952 2297 10424 1952 2297 10425 1954 2299 10426 1955 2300 10427 1952 2297 10428 1955 2300 10429 1951 2296 10430 1951 2296 10431 1955 2300 10432 1956 2301 10433 1951 2296 10434 1956 2301 10435 1950 2295 10436 1950 2295 10437 1956 2301 10438 1957 2302 10439 1950 2295 10440 1957 2302 10441 1949 2294 10442 1949 2294 10443 1957 2302 10444 1958 2303 10445 1949 2294 10446 1958 2303 10447 1948 2293 10448 1948 2293 10449 1958 2303 10450 1959 2304 10451 1948 2293 10452 1959 2304 10453 1947 2292 10454 1947 2292 10455 1959 2304 10456 1960 2305 10457 1947 2292 10458 1960 2305 10459 1946 2291 10460 1946 2291 10461 1960 2305 10462 1961 2306 10463 1946 2291 10464 1961 2306 10465 1945 2290 10466 1945 2290 10467 1961 2306 10468 1962 2307 10469 1945 2290 10470 1962 2307 10471 1944 2289 10472 1944 2289 10473 1962 2307 10474 1963 2308 10475 1944 2289 10476 1963 2308 10477 1943 2288 10478 1943 2288 10479 1963 2308 10480 1964 2309 10481 1943 2288 10482 1964 2309 10483 1942 2287 10484 1942 2287 10485 1964 2309 10486 1965 2310 10487 1942 2287 10488 1965 2310 10489 1941 2286 10490 1941 2286 10491 1965 2310 10492 1966 2311 10493 1941 2286 10494 1966 2311 10495 1940 2285 10496 1940 2285 10497 1966 2311 10498 1967 2312 10499 1940 2285 10500 1967 2312 10501 1939 2284 10502 1939 2284 10503 1967 2312 10504 840 1046 10505 1939 2284 10506 840 1046 10507 839 1045 10508 837 1033 10509 1811 2156 10510 1812 2157 10511 1812 2157 10512 1811 2156 10513 1968 2313 10514 1812 2157 10515 1968 2313 10516 1969 2314 10517 1969 2314 10518 1968 2313 10519 1970 2315 10520 1969 2314 10521 1970 2315 10522 1971 2316 10523 1971 2316 10524 1970 2315 10525 1972 2317 10526 1971 2316 10527 1972 2317 10528 1973 2318 10529 1973 2318 10530 1972 2317 10531 1974 2319 10532 1973 2318 10533 1974 2319 10534 1975 2320 10535 1975 2320 10536 1974 2319 10537 1976 2321 10538 1975 2320 10539 1976 2321 10540 1977 2322 10541 1977 2322 10542 1976 2321 10543 1978 2323 10544 1977 2322 10545 1978 2323 10546 1979 2324 10547 1979 2324 10548 1978 2323 10549 1980 2325 10550 1979 2324 10551 1980 2325 10552 1981 2326 10553 1981 2326 10554 1980 2325 10555 1982 2327 10556 1981 2326 10557 1982 2327 10558 1983 2328 10559 1983 2328 10560 1982 2327 10561 1984 2329 10562 1983 2328 10563 1984 2329 10564 1985 2330 10565 1985 2330 10566 1984 2329 10567 1986 2331 10568 1985 2330 10569 1986 2331 10570 1987 2332 10571 1987 2332 10572 1986 2331 10573 1988 2333 10574 1987 2332 10575 1988 2333 10576 1989 2334 10577 1989 2334 10578 1988 2333 10579 1990 2335 10580 1989 2334 10581 1990 2335 10582 1991 2336 10583 1991 2336 10584 1990 2335 10585 1992 2337 10586 1991 2336 10587 1992 2337 10588 1993 2338 10589 1993 2338 10590 1992 2337 10591 1994 2339 10592 1993 2338 10593 1994 2339 10594 1995 2340 10595 836 1030 10596 1812 2157 10597 1768 2098 10598 1768 2098 10599 1812 2157 10600 1969 2314 10601 1768 2098 10602 1969 2314 10603 1769 2101 10604 1769 2101 10605 1969 2314 10606 1971 2316 10607 1769 2101 10608 1971 2316 10609 1775 2112 10610 1775 2112 10611 1971 2316 10612 1973 2318 10613 1775 2112 10614 1973 2318 10615 1774 2111 10616 1774 2111 10617 1973 2318 10618 1975 2320 10619 1774 2111 10620 1975 2320 10621 1773 2109 10622 1773 2109 10623 1975 2320 10624 1977 2322 10625 1773 2109 10626 1977 2322 10627 1772 2107 10628 1772 2107 10629 1977 2322 10630 1979 2324 10631 1772 2107 10632 1979 2324 10633 1771 2105 10634 1771 2105 10635 1979 2324 10636 1981 2326 10637 1771 2105 10638 1981 2326 10639 1770 2103 10640 1770 2103 10641 1981 2326 10642 1983 2328 10643 1770 2103 10644 1983 2328 10645 1782 2119 10646 1782 2119 10647 1983 2328 10648 1985 2330 10649 1782 2119 10650 1985 2330 10651 1781 2118 10652 1781 2118 10653 1985 2330 10654 1987 2332 10655 1781 2118 10656 1987 2332 10657 1780 2117 10658 1780 2117 10659 1987 2332 10660 1989 2334 10661 1780 2117 10662 1989 2334 10663 1779 2116 10664 1779 2116 10665 1989 2334 10666 1991 2336 10667 1779 2116 10668 1991 2336 10669 1778 2115 10670 1778 2115 10671 1991 2336 10672 1993 2338 10673 1778 2115 10674 1993 2338 10675 1777 2114 10676 1777 2114 10677 1993 2338 10678 1995 2340 10679 1777 2114 10680 1995 2340 10681 1776 2113 10682 616 806 10683 627 817 10684 1783 2120 10685 1783 2120 10686 627 817 10687 745 935 10688 1783 2120 10689 745 935 10690 1826 2171 10691 1826 2171 10692 745 935 10693 747 937 10694 1826 2171 10695 747 937 10696 1840 2185 10697 1840 2185 10698 747 937 10699 738 928 10700 1840 2185 10701 738 928 10702 1854 2199 10703 1854 2199 10704 738 928 10705 740 930 10706 1854 2199 10707 740 930 10708 742 932 10709 842 1053 10710 1800 2145 10711 1801 2146 10712 1801 2146 10713 1800 2145 10714 1841 2186 10715 1801 2146 10716 1841 2186 10717 1996 2341 10718 1996 2341 10719 1841 2186 10720 1842 2187 10721 1996 2341 10722 1842 2187 10723 1997 2342 10724 1997 2342 10725 1842 2187 10726 1843 2188 10727 1997 2342 10728 1843 2188 10729 1998 2343 10730 1998 2343 10731 1843 2188 10732 1844 2189 10733 1998 2343 10734 1844 2189 10735 1999 2344 10736 1999 2344 10737 1844 2189 10738 1845 2190 10739 1999 2344 10740 1845 2190 10741 2000 2345 10742 2000 2345 10743 1845 2190 10744 1846 2191 10745 2000 2345 10746 1846 2191 10747 2001 2346 10748 2001 2346 10749 1846 2191 10750 1847 2192 10751 2001 2346 10752 1847 2192 10753 2002 2347 10754 2002 2347 10755 1847 2192 10756 1848 2193 10757 2002 2347 10758 1848 2193 10759 2003 2348 10760 2003 2348 10761 1848 2193 10762 1849 2194 10763 2003 2348 10764 1849 2194 10765 2004 2349 10766 2004 2349 10767 1849 2194 10768 1850 2195 10769 2004 2349 10770 1850 2195 10771 2005 2350 10772 2005 2350 10773 1850 2195 10774 1851 2196 10775 2005 2350 10776 1851 2196 10777 2006 2351 10778 2006 2351 10779 1851 2196 10780 1852 2197 10781 2006 2351 10782 1852 2197 10783 2007 2352 10784 2007 2352 10785 1852 2197 10786 1853 2198 10787 2007 2352 10788 1853 2198 10789 2008 2353 10790 2008 2353 10791 1853 2198 10792 1854 2199 10793 2008 2353 10794 1854 2199 10795 2009 2354 10796 2009 2354 10797 1854 2199 10798 742 932 10799 2009 2354 10800 742 932 10801 736 926 10802 843 1054 10803 1801 2146 10804 1802 2147 10805 1802 2147 10806 1801 2146 10807 1996 2341 10808 1802 2147 10809 1996 2341 10810 2010 2355 10811 2010 2355 10812 1996 2341 10813 1997 2342 10814 2010 2355 10815 1997 2342 10816 2011 2356 10817 2011 2356 10818 1997 2342 10819 1998 2343 10820 2011 2356 10821 1998 2343 10822 2012 2357 10823 2012 2357 10824 1998 2343 10825 1999 2344 10826 2012 2357 10827 1999 2344 10828 2013 2358 10829 2013 2358 10830 1999 2344 10831 2000 2345 10832 2013 2358 10833 2000 2345 10834 2014 2359 10835 2014 2359 10836 2000 2345 10837 2001 2346 10838 2014 2359 10839 2001 2346 10840 2015 2360 10841 2015 2360 10842 2001 2346 10843 2002 2347 10844 2015 2360 10845 2002 2347 10846 2016 2361 10847 2016 2361 10848 2002 2347 10849 2003 2348 10850 2016 2361 10851 2003 2348 10852 2017 2362 10853 2017 2362 10854 2003 2348 10855 2004 2349 10856 2017 2362 10857 2004 2349 10858 2018 2363 10859 2018 2363 10860 2004 2349 10861 2005 2350 10862 2018 2363 10863 2005 2350 10864 2019 2364 10865 2019 2364 10866 2005 2350 10867 2006 2351 10868 2019 2364 10869 2006 2351 10870 2020 2365 10871 2020 2365 10872 2006 2351 10873 2007 2352 10874 2020 2365 10875 2007 2352 10876 2021 2366 10877 2021 2366 10878 2007 2352 10879 2008 2353 10880 2021 2366 10881 2008 2353 10882 2022 2367 10883 2022 2367 10884 2008 2353 10885 2009 2354 10886 2022 2367 10887 2009 2354 10888 2023 2368 10889 2023 2368 10890 2009 2354 10891 736 926 10892 2023 2368 10893 736 926 10894 735 925 10895 844 1055 10896 1802 2147 10897 1803 2148 10898 1803 2148 10899 1802 2147 10900 2010 2355 10901 1803 2148 10902 2010 2355 10903 2024 2369 10904 2024 2369 10905 2010 2355 10906 2011 2356 10907 2024 2369 10908 2011 2356 10909 2025 2370 10910 2025 2370 10911 2011 2356 10912 2012 2357 10913 2025 2370 10914 2012 2357 10915 2026 2371 10916 2026 2371 10917 2012 2357 10918 2013 2358 10919 2026 2371 10920 2013 2358 10921 2027 2372 10922 2027 2372 10923 2013 2358 10924 2014 2359 10925 2027 2372 10926 2014 2359 10927 2028 2373 10928 2028 2373 10929 2014 2359 10930 2015 2360 10931 2028 2373 10932 2015 2360 10933 2029 2374 10934 2029 2374 10935 2015 2360 10936 2016 2361 10937 2029 2374 10938 2016 2361 10939 2030 2375 10940 2030 2375 10941 2016 2361 10942 2017 2362 10943 2030 2375 10944 2017 2362 10945 2031 2376 10946 2031 2376 10947 2017 2362 10948 2018 2363 10949 2031 2376 10950 2018 2363 10951 2032 2377 10952 2032 2377 10953 2018 2363 10954 2019 2364 10955 2032 2377 10956 2019 2364 10957 2033 2378 10958 2033 2378 10959 2019 2364 10960 2020 2365 10961 2033 2378 10962 2020 2365 10963 2034 2379 10964 2034 2379 10965 2020 2365 10966 2021 2366 10967 2034 2379 10968 2021 2366 10969 2035 2380 10970 2035 2380 10971 2021 2366 10972 2022 2367 10973 2035 2380 10974 2022 2367 10975 2036 2381 10976 2036 2381 10977 2022 2367 10978 2023 2368 10979 2036 2381 10980 2023 2368 10981 2037 2382 10982 2037 2382 10983 2023 2368 10984 735 925 10985 2037 2382 10986 735 925 10987 784 974 10988 845 1056 10989 1803 2148 10990 1804 2149 10991 1804 2149 10992 1803 2148 10993 2024 2369 10994 1804 2149 10995 2024 2369 10996 2038 2383 10997 2038 2383 10998 2024 2369 10999 2025 2370 11000 2038 2383 11001 2025 2370 11002 2039 2384 11003 2039 2384 11004 2025 2370 11005 2026 2371 11006 2039 2384 11007 2026 2371 11008 2040 2385 11009 2040 2385 11010 2026 2371 11011 2027 2372 11012 2040 2385 11013 2027 2372 11014 2041 2386 11015 2041 2386 11016 2027 2372 11017 2028 2373 11018 2041 2386 11019 2028 2373 11020 2042 2387 11021 2042 2387 11022 2028 2373 11023 2029 2374 11024 2042 2387 11025 2029 2374 11026 2043 2388 11027 2043 2388 11028 2029 2374 11029 2030 2375 11030 2043 2388 11031 2030 2375 11032 2044 2389 11033 2044 2389 11034 2030 2375 11035 2031 2376 11036 2044 2389 11037 2031 2376 11038 2045 2390 11039 2045 2390 11040 2031 2376 11041 2032 2377 11042 2045 2390 11043 2032 2377 11044 2046 2391 11045 2046 2391 11046 2032 2377 11047 2033 2378 11048 2046 2391 11049 2033 2378 11050 2047 2392 11051 2047 2392 11052 2033 2378 11053 2034 2379 11054 2047 2392 11055 2034 2379 11056 2048 2393 11057 2048 2393 11058 2034 2379 11059 2035 2380 11060 2048 2393 11061 2035 2380 11062 2049 2394 11063 2049 2394 11064 2035 2380 11065 2036 2381 11066 2049 2394 11067 2036 2381 11068 2050 2395 11069 2050 2395 11070 2036 2381 11071 2037 2382 11072 2050 2395 11073 2037 2382 11074 2051 2396 11075 2051 2396 11076 2037 2382 11077 784 974 11078 2051 2396 11079 784 974 11080 786 976 11081 846 1057 11082 1804 2149 11083 1805 2150 11084 1805 2150 11085 1804 2149 11086 2038 2383 11087 1805 2150 11088 2038 2383 11089 2052 2397 11090 2052 2397 11091 2038 2383 11092 2039 2384 11093 2052 2397 11094 2039 2384 11095 2053 2398 11096 2053 2398 11097 2039 2384 11098 2040 2385 11099 2053 2398 11100 2040 2385 11101 2054 2399 11102 2054 2399 11103 2040 2385 11104 2041 2386 11105 2054 2399 11106 2041 2386 11107 2055 2400 11108 2055 2400 11109 2041 2386 11110 2042 2387 11111 2055 2400 11112 2042 2387 11113 2056 2401 11114 2056 2401 11115 2042 2387 11116 2043 2388 11117 2056 2401 11118 2043 2388 11119 2057 2402 11120 2057 2402 11121 2043 2388 11122 2044 2389 11123 2057 2402 11124 2044 2389 11125 2058 2403 11126 2058 2403 11127 2044 2389 11128 2045 2390 11129 2058 2403 11130 2045 2390 11131 2059 2404 11132 2059 2404 11133 2045 2390 11134 2046 2391 11135 2059 2404 11136 2046 2391 11137 2060 2405 11138 2060 2405 11139 2046 2391 11140 2047 2392 11141 2060 2405 11142 2047 2392 11143 2061 2406 11144 2061 2406 11145 2047 2392 11146 2048 2393 11147 2061 2406 11148 2048 2393 11149 2062 2407 11150 2062 2407 11151 2048 2393 11152 2049 2394 11153 2062 2407 11154 2049 2394 11155 2063 2408 11156 2063 2408 11157 2049 2394 11158 2050 2395 11159 2063 2408 11160 2050 2395 11161 2064 2409 11162 2064 2409 11163 2050 2395 11164 2051 2396 11165 2064 2409 11166 2051 2396 11167 1766 2094 11168 1766 2094 11169 2051 2396 11170 786 976 11171 1766 2094 11172 786 976 11173 781 971 11174 847 1058 11175 1805 2150 11176 2065 2410 11177 2065 2410 11178 1805 2150 11179 2052 2397 11180 2065 2410 11181 2052 2397 11182 2066 2411 11183 2066 2411 11184 2052 2397 11185 2053 2398 11186 2066 2411 11187 2053 2398 11188 2067 2412 11189 2067 2412 11190 2053 2398 11191 2054 2399 11192 2067 2412 11193 2054 2399 11194 2068 2413 11195 2068 2413 11196 2054 2399 11197 2055 2400 11198 2068 2413 11199 2055 2400 11200 2069 2414 11201 2069 2414 11202 2055 2400 11203 2056 2401 11204 2069 2414 11205 2056 2401 11206 2070 2415 11207 2070 2415 11208 2056 2401 11209 2057 2402 11210 2070 2415 11211 2057 2402 11212 2071 2416 11213 2071 2416 11214 2057 2402 11215 2058 2403 11216 2071 2416 11217 2058 2403 11218 2072 2417 11219 2072 2417 11220 2058 2403 11221 2059 2404 11222 2072 2417 11223 2059 2404 11224 2073 2418 11225 2073 2418 11226 2059 2404 11227 2060 2405 11228 2073 2418 11229 2060 2405 11230 2074 2419 11231 2074 2419 11232 2060 2405 11233 2061 2406 11234 2074 2419 11235 2061 2406 11236 2075 2420 11237 2075 2420 11238 2061 2406 11239 2062 2407 11240 2075 2420 11241 2062 2407 11242 2076 2421 11243 2076 2421 11244 2062 2407 11245 2063 2408 11246 2076 2421 11247 2063 2408 11248 2077 2422 11249 2077 2422 11250 2063 2408 11251 2064 2409 11252 2077 2422 11253 2064 2409 11254 2078 2423 11255 2078 2423 11256 2064 2409 11257 1766 2094 11258 2078 2423 11259 1766 2094 11260 2079 2424 11261 2079 2424 11262 1766 2094 11263 780 970 11264 2079 2424 11265 780 970 11266 778 968 11267 778 968 11268 1882 2227 11269 2079 2424 11270 2079 2424 11271 1882 2227 11272 1880 2225 11273 2079 2424 11274 1880 2225 11275 2078 2423 11276 2078 2423 11277 1880 2225 11278 1878 2223 11279 2078 2423 11280 1878 2223 11281 2077 2422 11282 2077 2422 11283 1878 2223 11284 1876 2221 11285 2077 2422 11286 1876 2221 11287 2076 2421 11288 2076 2421 11289 1876 2221 11290 1874 2219 11291 2076 2421 11292 1874 2219 11293 2075 2420 11294 2075 2420 11295 1874 2219 11296 1872 2217 11297 2075 2420 11298 1872 2217 11299 2074 2419 11300 2074 2419 11301 1872 2217 11302 1870 2215 11303 2074 2419 11304 1870 2215 11305 2073 2418 11306 2073 2418 11307 1870 2215 11308 1868 2213 11309 2073 2418 11310 1868 2213 11311 2072 2417 11312 2072 2417 11313 1868 2213 11314 1866 2211 11315 2072 2417 11316 1866 2211 11317 2071 2416 11318 2071 2416 11319 1866 2211 11320 1864 2209 11321 2071 2416 11322 1864 2209 11323 2070 2415 11324 2070 2415 11325 1864 2209 11326 1862 2207 11327 2070 2415 11328 1862 2207 11329 2069 2414 11330 2069 2414 11331 1862 2207 11332 1860 2205 11333 2069 2414 11334 1860 2205 11335 2068 2413 11336 2068 2413 11337 1860 2205 11338 1858 2203 11339 2068 2413 11340 1858 2203 11341 2067 2412 11342 2067 2412 11343 1858 2203 11344 1856 2201 11345 2067 2412 11346 1856 2201 11347 2066 2411 11348 2066 2411 11349 1856 2201 11350 1806 2151 11351 2066 2411 11352 1806 2151 11353 2065 2410 11354 2065 2410 11355 1806 2151 11356 848 1059 11357 2065 2410 11358 848 1059 11359 847 1058 11360 778 968 11361 776 966 11362 1882 2227 11363 1882 2227 11364 776 966 11365 774 964 11366 1882 2227 11367 774 964 11368 1883 2228 11369 1883 2228 11370 774 964 11371 772 962 11372 1883 2228 11373 772 962 11374 770 960 11375 851 1062 11376 1807 2152 11377 1808 2153 11378 1808 2153 11379 1807 2152 11380 1896 2241 11381 1808 2153 11382 1896 2241 11383 1897 2242 11384 1897 2242 11385 1896 2241 11386 1895 2240 11387 1897 2242 11388 1895 2240 11389 1899 2244 11390 1899 2244 11391 1895 2240 11392 1894 2239 11393 1899 2244 11394 1894 2239 11395 1901 2246 11396 1901 2246 11397 1894 2239 11398 1893 2238 11399 1901 2246 11400 1893 2238 11401 1903 2248 11402 1903 2248 11403 1893 2238 11404 1892 2237 11405 1903 2248 11406 1892 2237 11407 1905 2250 11408 1905 2250 11409 1892 2237 11410 1891 2236 11411 1905 2250 11412 1891 2236 11413 1907 2252 11414 1907 2252 11415 1891 2236 11416 1890 2235 11417 1907 2252 11418 1890 2235 11419 1909 2254 11420 1909 2254 11421 1890 2235 11422 1889 2234 11423 1909 2254 11424 1889 2234 11425 1911 2256 11426 1911 2256 11427 1889 2234 11428 1888 2233 11429 1911 2256 11430 1888 2233 11431 1913 2258 11432 1913 2258 11433 1888 2233 11434 1887 2232 11435 1913 2258 11436 1887 2232 11437 1915 2260 11438 1915 2260 11439 1887 2232 11440 1886 2231 11441 1915 2260 11442 1886 2231 11443 1917 2262 11444 1917 2262 11445 1886 2231 11446 1885 2230 11447 1917 2262 11448 1885 2230 11449 1919 2264 11450 1919 2264 11451 1885 2230 11452 1884 2229 11453 1919 2264 11454 1884 2229 11455 1921 2266 11456 1921 2266 11457 1884 2229 11458 1765 2093 11459 1921 2266 11460 1765 2093 11461 1923 2268 11462 1923 2268 11463 1765 2093 11464 768 958 11465 1923 2268 11466 768 958 11467 1924 2269 11468 1924 2269 11469 768 958 11470 766 956 11471 1924 2269 11472 766 956 11473 1938 2283 11474 766 956 11475 765 955 11476 1938 2283 11477 1938 2283 11478 765 955 11479 762 952 11480 1938 2283 11481 762 952 11482 1953 2298 11483 1953 2298 11484 762 952 11485 759 949 11486 1953 2298 11487 759 949 11488 757 947 11489 407 453 11490 406 452 11491 751 941 11492 751 941 11493 406 452 11494 1776 2113 11495 751 941 11496 1776 2113 11497 753 943 11498 753 943 11499 1776 2113 11500 1995 2340 11501 753 943 11502 1995 2340 11503 755 945 11504 755 945 11505 1995 2340 11506 1994 2339 11507 755 945 11508 1994 2339 11509 1764 2092 11510 1764 2092 11511 1994 2339 11512 1992 2337 11513 1764 2092 11514 1992 2337 11515 1954 2299 11516 1954 2299 11517 1992 2337 11518 1990 2335 11519 1954 2299 11520 1990 2335 11521 1955 2300 11522 1955 2300 11523 1990 2335 11524 1988 2333 11525 1955 2300 11526 1988 2333 11527 1956 2301 11528 1956 2301 11529 1988 2333 11530 1986 2331 11531 1956 2301 11532 1986 2331 11533 1957 2302 11534 1957 2302 11535 1986 2331 11536 1984 2329 11537 1957 2302 11538 1984 2329 11539 1958 2303 11540 1958 2303 11541 1984 2329 11542 1982 2327 11543 1958 2303 11544 1982 2327 11545 1959 2304 11546 1959 2304 11547 1982 2327 11548 1980 2325 11549 1959 2304 11550 1980 2325 11551 1960 2305 11552 1960 2305 11553 1980 2325 11554 1978 2323 11555 1960 2305 11556 1978 2323 11557 1961 2306 11558 1961 2306 11559 1978 2323 11560 1976 2321 11561 1961 2306 11562 1976 2321 11563 1962 2307 11564 1962 2307 11565 1976 2321 11566 1974 2319 11567 1962 2307 11568 1974 2319 11569 1963 2308 11570 1963 2308 11571 1974 2319 11572 1972 2317 11573 1963 2308 11574 1972 2317 11575 1964 2309 11576 1964 2309 11577 1972 2317 11578 1970 2315 11579 1964 2309 11580 1970 2315 11581 1965 2310 11582 1965 2310 11583 1970 2315 11584 1968 2313 11585 1965 2310 11586 1968 2313 11587 1966 2311 11588 1966 2311 11589 1968 2313 11590 1811 2156 11591 1966 2311 11592 1811 2156 11593 1967 2312 11594 1967 2312 11595 1811 2156 11596 838 1035 11597 1967 2312 11598 838 1035 11599 840 1046 11600 2080 2425 11601 189 189 11602 191 191 11603 2081 2426 11604 174 174 11605 176 176 11606 166 166 11607 2082 2427 11608 319 350 11609 319 350 11610 2082 2427 11611 2083 2428 11612 319 350 11613 2083 2428 11614 320 351 11615 320 351 11616 2083 2428 11617 2084 2429 11618 320 351 11619 2084 2429 11620 322 353 11621 326 357 11622 325 356 11623 2085 2430 11624 2085 2430 11625 325 356 11626 324 355 11627 2085 2430 11628 324 355 11629 2084 2429 11630 2084 2429 11631 324 355 11632 323 354 11633 2084 2429 11634 323 354 11635 322 353 11636 390 2431 11637 334 2432 11638 2086 2433 11639 2086 2433 11640 334 2432 11641 333 2434 11642 2086 2433 11643 333 2434 11644 2087 2435 11645 2087 2435 11646 333 2434 11647 332 2436 11648 2087 2435 11649 332 2436 11650 2088 2437 11651 2088 2437 11652 332 2436 11653 331 2438 11654 2088 2437 11655 331 2438 11656 2089 2439 11657 2089 2439 11658 331 2438 11659 330 2440 11660 2089 2439 11661 330 2440 11662 2090 2441 11663 2090 2441 11664 330 2440 11665 329 360 11666 2090 2441 11667 329 360 11668 2091 2442 11669 2091 2442 11670 329 360 11671 328 359 11672 2091 2442 11673 328 359 11674 2092 2443 11675 2092 2443 11676 328 359 11677 327 358 11678 2092 2443 11679 327 358 11680 2093 2444 11681 2093 2444 11682 327 358 11683 326 357 11684 2093 2444 11685 326 357 11686 2094 2445 11687 2094 2445 11688 326 357 11689 2085 2430 11690 208 208 11691 220 220 11692 2086 2433 11693 2086 2433 11694 220 220 11695 219 219 11696 2086 2433 11697 219 219 11698 390 2431 11699 229 229 11700 210 210 11701 2095 2446 11702 227 227 11703 229 229 11704 2096 2447 11705 255 255 11706 227 227 11707 2097 2448 11708 250 250 11709 255 255 11710 2098 2449 11711 236 236 11712 250 250 11713 2099 2450 11714 238 238 11715 236 236 11716 2100 2451 11717 245 245 11718 238 238 11719 2101 2452 11720 241 241 11721 243 243 11722 2102 2453 11723 234 234 11724 241 241 11725 2103 2454 11726 226 226 11727 232 232 11728 2104 2455 11729 224 224 11730 226 226 11731 2105 2456 11732 216 216 11733 224 224 11734 2106 2457 11735 217 217 11736 216 216 11737 2107 2458 11738 217 217 11739 2107 2458 11740 2108 2459 11741 2108 2459 11742 2107 2458 11743 2109 2460 11744 2108 2459 11745 2109 2460 11746 2110 2461 11747 2110 2461 11748 2109 2460 11749 2111 2462 11750 2110 2461 11751 2111 2462 11752 2112 2463 11753 2112 2463 11754 2111 2462 11755 2113 2464 11756 2112 2463 11757 2113 2464 11758 2114 2465 11759 2114 2465 11760 2113 2464 11761 2115 2466 11762 2114 2465 11763 2115 2466 11764 2116 2467 11765 2116 2467 11766 2115 2466 11767 2117 2468 11768 2116 2467 11769 2117 2468 11770 2118 2469 11771 2118 2469 11772 2117 2468 11773 2119 2470 11774 2118 2469 11775 2119 2470 11776 2120 2471 11777 2120 2471 11778 2119 2470 11779 2121 2472 11780 2121 2472 11781 2119 2470 11782 2122 2473 11783 2121 2472 11784 2122 2473 11785 2123 2474 11786 2123 2474 11787 2122 2473 11788 2124 2475 11789 2123 2474 11790 2124 2475 11791 2125 2476 11792 2125 2476 11793 2124 2475 11794 2126 2477 11795 2125 2476 11796 2126 2477 11797 2127 2478 11798 2127 2478 11799 2126 2477 11800 2128 2479 11801 2127 2478 11802 2128 2479 11803 2129 2480 11804 208 208 11805 2086 2433 11806 2130 2481 11807 2130 2481 11808 2086 2433 11809 2087 2435 11810 2130 2481 11811 2087 2435 11812 2131 2482 11813 2131 2482 11814 2087 2435 11815 2088 2437 11816 2131 2482 11817 2088 2437 11818 2132 2483 11819 2132 2483 11820 2088 2437 11821 2089 2439 11822 2132 2483 11823 2089 2439 11824 2133 2484 11825 2133 2484 11826 2089 2439 11827 2090 2441 11828 2133 2484 11829 2090 2441 11830 2134 2485 11831 2134 2485 11832 2090 2441 11833 2091 2442 11834 2134 2485 11835 2091 2442 11836 2135 2486 11837 2135 2486 11838 2091 2442 11839 2092 2443 11840 2135 2486 11841 2092 2443 11842 2136 2487 11843 2136 2487 11844 2092 2443 11845 2093 2444 11846 2136 2487 11847 2093 2444 11848 2137 2488 11849 2137 2488 11850 2093 2444 11851 2094 2445 11852 2137 2488 11853 2094 2445 11854 2138 2489 11855 2138 2489 11856 2094 2445 11857 2085 2430 11858 2138 2489 11859 2085 2430 11860 2139 2490 11861 2139 2490 11862 2085 2430 11863 2084 2429 11864 2139 2490 11865 2084 2429 11866 2140 2491 11867 2140 2491 11868 2084 2429 11869 2083 2428 11870 2140 2491 11871 2083 2428 11872 2141 2492 11873 2141 2492 11874 2083 2428 11875 2082 2427 11876 2141 2492 11877 2082 2427 11878 2142 2493 11879 174 174 11880 2081 2426 11881 2142 2493 11882 2142 2493 11883 2081 2426 11884 2143 2494 11885 2142 2493 11886 2143 2494 11887 2141 2492 11888 2141 2492 11889 2143 2494 11890 2144 2495 11891 2141 2492 11892 2144 2495 11893 2140 2491 11894 2140 2491 11895 2144 2495 11896 2145 2496 11897 2140 2491 11898 2145 2496 11899 2139 2490 11900 2139 2490 11901 2145 2496 11902 2146 2497 11903 2139 2490 11904 2146 2497 11905 2138 2489 11906 2138 2489 11907 2146 2497 11908 2147 2498 11909 2138 2489 11910 2147 2498 11911 2137 2488 11912 2137 2488 11913 2147 2498 11914 2148 2499 11915 2137 2488 11916 2148 2499 11917 2136 2487 11918 2136 2487 11919 2148 2499 11920 2149 2500 11921 2136 2487 11922 2149 2500 11923 2135 2486 11924 2135 2486 11925 2149 2500 11926 2150 2501 11927 2135 2486 11928 2150 2501 11929 2134 2485 11930 2134 2485 11931 2150 2501 11932 2151 2502 11933 2134 2485 11934 2151 2502 11935 2133 2484 11936 2133 2484 11937 2151 2502 11938 2152 2503 11939 2133 2484 11940 2152 2503 11941 2132 2483 11942 2132 2483 11943 2152 2503 11944 2153 2504 11945 2132 2483 11946 2153 2504 11947 2131 2482 11948 2131 2482 11949 2153 2504 11950 2095 2446 11951 2131 2482 11952 2095 2446 11953 2130 2481 11954 2130 2481 11955 2095 2446 11956 210 210 11957 2130 2481 11958 210 210 11959 208 208 11960 227 227 11961 2096 2447 11962 2097 2448 11963 2097 2448 11964 2096 2447 11965 2154 2505 11966 2097 2448 11967 2154 2505 11968 2155 2506 11969 2155 2506 11970 2154 2505 11971 2156 2507 11972 2155 2506 11973 2156 2507 11974 2157 2508 11975 2157 2508 11976 2156 2507 11977 2158 2509 11978 2157 2508 11979 2158 2509 11980 2159 2510 11981 2159 2510 11982 2158 2509 11983 2160 2511 11984 2159 2510 11985 2160 2511 11986 2161 2512 11987 2161 2512 11988 2160 2511 11989 2162 2513 11990 2161 2512 11991 2162 2513 11992 2163 2514 11993 2163 2514 11994 2162 2513 11995 2164 2515 11996 2163 2514 11997 2164 2515 11998 2165 2516 11999 2165 2516 12000 2164 2515 12001 2166 2517 12002 2165 2516 12003 2166 2517 12004 2167 2518 12005 2167 2518 12006 2166 2517 12007 2168 2519 12008 2167 2518 12009 2168 2519 12010 2169 2520 12011 2169 2520 12012 2168 2519 12013 2170 2521 12014 2169 2520 12015 2170 2521 12016 2171 2522 12017 2171 2522 12018 2170 2521 12019 2172 2523 12020 2171 2522 12021 2172 2523 12022 2173 2524 12023 2173 2524 12024 2172 2523 12025 2174 2525 12026 2173 2524 12027 2174 2525 12028 2175 2526 12029 2175 2526 12030 2174 2525 12031 2176 2527 12032 2175 2526 12033 2176 2527 12034 2177 2528 12035 255 255 12036 2097 2448 12037 2098 2449 12038 2098 2449 12039 2097 2448 12040 2155 2506 12041 2098 2449 12042 2155 2506 12043 2178 2529 12044 2178 2529 12045 2155 2506 12046 2157 2508 12047 2178 2529 12048 2157 2508 12049 2179 2530 12050 2179 2530 12051 2157 2508 12052 2159 2510 12053 2179 2530 12054 2159 2510 12055 2180 2531 12056 2180 2531 12057 2159 2510 12058 2161 2512 12059 2180 2531 12060 2161 2512 12061 2181 2532 12062 2181 2532 12063 2161 2512 12064 2163 2514 12065 2181 2532 12066 2163 2514 12067 2182 2533 12068 2182 2533 12069 2163 2514 12070 2165 2516 12071 2182 2533 12072 2165 2516 12073 2183 2534 12074 2183 2534 12075 2165 2516 12076 2167 2518 12077 2183 2534 12078 2167 2518 12079 2184 2535 12080 2184 2535 12081 2167 2518 12082 2169 2520 12083 2184 2535 12084 2169 2520 12085 2185 2536 12086 2185 2536 12087 2169 2520 12088 2171 2522 12089 2185 2536 12090 2171 2522 12091 2186 2537 12092 2186 2537 12093 2171 2522 12094 2173 2524 12095 2186 2537 12096 2173 2524 12097 2187 2538 12098 2187 2538 12099 2173 2524 12100 2175 2526 12101 2187 2538 12102 2175 2526 12103 2188 2539 12104 2188 2539 12105 2175 2526 12106 2177 2528 12107 2188 2539 12108 2177 2528 12109 2189 2540 12110 250 250 12111 2098 2449 12112 2099 2450 12113 2099 2450 12114 2098 2449 12115 2178 2529 12116 2099 2450 12117 2178 2529 12118 2190 2541 12119 2190 2541 12120 2178 2529 12121 2179 2530 12122 2190 2541 12123 2179 2530 12124 2191 2542 12125 2191 2542 12126 2179 2530 12127 2180 2531 12128 2191 2542 12129 2180 2531 12130 2192 2543 12131 2192 2543 12132 2180 2531 12133 2181 2532 12134 2192 2543 12135 2181 2532 12136 2193 2544 12137 2193 2544 12138 2181 2532 12139 2182 2533 12140 2193 2544 12141 2182 2533 12142 2194 2545 12143 2194 2545 12144 2182 2533 12145 2183 2534 12146 2194 2545 12147 2183 2534 12148 2195 2546 12149 2195 2546 12150 2183 2534 12151 2184 2535 12152 2195 2546 12153 2184 2535 12154 2196 2547 12155 2196 2547 12156 2184 2535 12157 2185 2536 12158 2196 2547 12159 2185 2536 12160 2197 2548 12161 2197 2548 12162 2185 2536 12163 2186 2537 12164 2197 2548 12165 2186 2537 12166 2198 2549 12167 2198 2549 12168 2186 2537 12169 2187 2538 12170 2198 2549 12171 2187 2538 12172 2199 2550 12173 2199 2550 12174 2187 2538 12175 2188 2539 12176 2199 2550 12177 2188 2539 12178 2200 2551 12179 2200 2551 12180 2188 2539 12181 2189 2540 12182 2200 2551 12183 2189 2540 12184 2201 2552 12185 189 189 12186 2080 2425 12187 2202 2553 12188 2202 2553 12189 2080 2425 12190 2203 2554 12191 2202 2553 12192 2203 2554 12193 2204 2555 12194 2204 2555 12195 2203 2554 12196 2205 2556 12197 2204 2555 12198 2205 2556 12199 2206 2557 12200 2206 2557 12201 2205 2556 12202 2207 2558 12203 2206 2557 12204 2207 2558 12205 2208 2559 12206 2208 2559 12207 2207 2558 12208 2209 2560 12209 2208 2559 12210 2209 2560 12211 2210 2561 12212 2210 2561 12213 2209 2560 12214 2211 2562 12215 2210 2561 12216 2211 2562 12217 2212 2563 12218 2212 2563 12219 2211 2562 12220 2213 2564 12221 2212 2563 12222 2213 2564 12223 2214 2565 12224 2214 2565 12225 2213 2564 12226 2215 2566 12227 2214 2565 12228 2215 2566 12229 2216 2567 12230 2216 2567 12231 2215 2566 12232 2217 2568 12233 2216 2567 12234 2217 2568 12235 2218 2569 12236 2218 2569 12237 2217 2568 12238 2219 2570 12239 2218 2569 12240 2219 2570 12241 2220 2571 12242 2220 2571 12243 2219 2570 12244 2221 2572 12245 2220 2571 12246 2221 2572 12247 2222 2573 12248 2222 2573 12249 2221 2572 12250 2223 2574 12251 2222 2573 12252 2223 2574 12253 2224 2575 12254 2224 2575 12255 2223 2574 12256 2102 2453 12257 2224 2575 12258 2102 2453 12259 2225 2576 12260 2225 2576 12261 2102 2453 12262 243 243 12263 2225 2576 12264 243 243 12265 245 245 12266 226 226 12267 2104 2455 12268 2105 2456 12269 2105 2456 12270 2104 2455 12271 2226 2577 12272 2105 2456 12273 2226 2577 12274 2227 2578 12275 2227 2578 12276 2226 2577 12277 2228 2579 12278 2227 2578 12279 2228 2579 12280 2229 2580 12281 2229 2580 12282 2228 2579 12283 2230 2581 12284 2229 2580 12285 2230 2581 12286 2231 2582 12287 2231 2582 12288 2230 2581 12289 2232 2583 12290 2231 2582 12291 2232 2583 12292 2233 2584 12293 2233 2584 12294 2232 2583 12295 2234 2585 12296 2233 2584 12297 2234 2585 12298 2235 2586 12299 2235 2586 12300 2234 2585 12301 2236 2587 12302 2235 2586 12303 2236 2587 12304 2237 2588 12305 2237 2588 12306 2236 2587 12307 2238 2589 12308 2237 2588 12309 2238 2589 12310 2239 2590 12311 2239 2590 12312 2238 2589 12313 2240 2591 12314 2239 2590 12315 2240 2591 12316 2241 2592 12317 2241 2592 12318 2240 2591 12319 2242 2593 12320 2241 2592 12321 2242 2593 12322 2243 2594 12323 2243 2594 12324 2242 2593 12325 2244 2595 12326 2243 2594 12327 2244 2595 12328 2245 2596 12329 2245 2596 12330 2244 2595 12331 2246 2597 12332 2245 2596 12333 2246 2597 12334 2247 2598 12335 2247 2598 12336 2246 2597 12337 2248 2599 12338 2247 2598 12339 2248 2599 12340 2249 2600 12341 224 224 12342 2105 2456 12343 2106 2457 12344 2106 2457 12345 2105 2456 12346 2227 2578 12347 2106 2457 12348 2227 2578 12349 2250 2601 12350 2250 2601 12351 2227 2578 12352 2229 2580 12353 2250 2601 12354 2229 2580 12355 2251 2602 12356 2251 2602 12357 2229 2580 12358 2231 2582 12359 2251 2602 12360 2231 2582 12361 2252 2603 12362 2252 2603 12363 2231 2582 12364 2233 2584 12365 2252 2603 12366 2233 2584 12367 2253 2604 12368 2253 2604 12369 2233 2584 12370 2235 2586 12371 2253 2604 12372 2235 2586 12373 2254 2605 12374 2254 2605 12375 2235 2586 12376 2237 2588 12377 2254 2605 12378 2237 2588 12379 2255 2606 12380 2255 2606 12381 2237 2588 12382 2239 2590 12383 2255 2606 12384 2239 2590 12385 2256 2607 12386 2256 2607 12387 2239 2590 12388 2241 2592 12389 2256 2607 12390 2241 2592 12391 2257 2608 12392 2257 2608 12393 2241 2592 12394 2243 2594 12395 2257 2608 12396 2243 2594 12397 2258 2609 12398 2258 2609 12399 2243 2594 12400 2245 2596 12401 2258 2609 12402 2245 2596 12403 2259 2610 12404 2259 2610 12405 2245 2596 12406 2247 2598 12407 2259 2610 12408 2247 2598 12409 2260 2611 12410 2260 2611 12411 2247 2598 12412 2249 2600 12413 2260 2611 12414 2249 2600 12415 2261 2612 12416 166 166 12417 168 168 12418 2082 2427 12419 2082 2427 12420 168 168 12421 170 170 12422 2082 2427 12423 170 170 12424 2142 2493 12425 2142 2493 12426 170 170 12427 172 172 12428 2142 2493 12429 172 172 12430 174 174 12431 229 229 12432 2095 2446 12433 2096 2447 12434 2096 2447 12435 2095 2446 12436 2153 2504 12437 2096 2447 12438 2153 2504 12439 2154 2505 12440 2154 2505 12441 2153 2504 12442 2152 2503 12443 2154 2505 12444 2152 2503 12445 2156 2507 12446 2156 2507 12447 2152 2503 12448 2151 2502 12449 2156 2507 12450 2151 2502 12451 2158 2509 12452 2158 2509 12453 2151 2502 12454 2150 2501 12455 2158 2509 12456 2150 2501 12457 2160 2511 12458 2160 2511 12459 2150 2501 12460 2149 2500 12461 2160 2511 12462 2149 2500 12463 2162 2513 12464 2162 2513 12465 2149 2500 12466 2148 2499 12467 2162 2513 12468 2148 2499 12469 2164 2515 12470 2164 2515 12471 2148 2499 12472 2147 2498 12473 2164 2515 12474 2147 2498 12475 2166 2517 12476 2166 2517 12477 2147 2498 12478 2146 2497 12479 2166 2517 12480 2146 2497 12481 2168 2519 12482 2168 2519 12483 2146 2497 12484 2145 2496 12485 2168 2519 12486 2145 2496 12487 2170 2521 12488 2170 2521 12489 2145 2496 12490 2144 2495 12491 2170 2521 12492 2144 2495 12493 2172 2523 12494 2172 2523 12495 2144 2495 12496 2143 2494 12497 2172 2523 12498 2143 2494 12499 2174 2525 12500 2174 2525 12501 2143 2494 12502 2081 2426 12503 2174 2525 12504 2081 2426 12505 2176 2527 12506 2176 2527 12507 2081 2426 12508 176 176 12509 2176 2527 12510 176 176 12511 2177 2528 12512 2177 2528 12513 176 176 12514 182 182 12515 2177 2528 12516 182 182 12517 2189 2540 12518 2189 2540 12519 182 182 12520 181 181 12521 2189 2540 12522 181 181 12523 2201 2552 12524 2201 2552 12525 181 181 12526 179 179 12527 2201 2552 12528 179 179 12529 178 178 12530 236 236 12531 2099 2450 12532 2100 2451 12533 2100 2451 12534 2099 2450 12535 2190 2541 12536 2100 2451 12537 2190 2541 12538 2262 2613 12539 2262 2613 12540 2190 2541 12541 2191 2542 12542 2262 2613 12543 2191 2542 12544 2263 2614 12545 2263 2614 12546 2191 2542 12547 2192 2543 12548 2263 2614 12549 2192 2543 12550 2264 2615 12551 2264 2615 12552 2192 2543 12553 2193 2544 12554 2264 2615 12555 2193 2544 12556 2265 2616 12557 2265 2616 12558 2193 2544 12559 2194 2545 12560 2265 2616 12561 2194 2545 12562 2266 2617 12563 2266 2617 12564 2194 2545 12565 2195 2546 12566 2266 2617 12567 2195 2546 12568 2267 2618 12569 2267 2618 12570 2195 2546 12571 2196 2547 12572 2267 2618 12573 2196 2547 12574 2268 2619 12575 2268 2619 12576 2196 2547 12577 2197 2548 12578 2268 2619 12579 2197 2548 12580 2269 2620 12581 2269 2620 12582 2197 2548 12583 2198 2549 12584 2269 2620 12585 2198 2549 12586 2270 2621 12587 2270 2621 12588 2198 2549 12589 2199 2550 12590 2270 2621 12591 2199 2550 12592 2271 2622 12593 2271 2622 12594 2199 2550 12595 2200 2551 12596 2271 2622 12597 2200 2551 12598 2272 2623 12599 2272 2623 12600 2200 2551 12601 2201 2552 12602 2272 2623 12603 2201 2552 12604 2273 2624 12605 2273 2624 12606 2201 2552 12607 178 178 12608 2273 2624 12609 178 178 12610 185 185 12611 238 238 12612 2100 2451 12613 2101 2452 12614 2101 2452 12615 2100 2451 12616 2262 2613 12617 2101 2452 12618 2262 2613 12619 2274 2625 12620 2274 2625 12621 2262 2613 12622 2263 2614 12623 2274 2625 12624 2263 2614 12625 2275 2626 12626 2275 2626 12627 2263 2614 12628 2264 2615 12629 2275 2626 12630 2264 2615 12631 2276 2627 12632 2276 2627 12633 2264 2615 12634 2265 2616 12635 2276 2627 12636 2265 2616 12637 2277 2628 12638 2277 2628 12639 2265 2616 12640 2266 2617 12641 2277 2628 12642 2266 2617 12643 2278 2629 12644 2278 2629 12645 2266 2617 12646 2267 2618 12647 2278 2629 12648 2267 2618 12649 2279 2630 12650 2279 2630 12651 2267 2618 12652 2268 2619 12653 2279 2630 12654 2268 2619 12655 2280 2631 12656 2280 2631 12657 2268 2619 12658 2269 2620 12659 2280 2631 12660 2269 2620 12661 2281 2632 12662 2281 2632 12663 2269 2620 12664 2270 2621 12665 2281 2632 12666 2270 2621 12667 2282 2633 12668 2282 2633 12669 2270 2621 12670 2271 2622 12671 2282 2633 12672 2271 2622 12673 2283 2634 12674 2283 2634 12675 2271 2622 12676 2272 2623 12677 2283 2634 12678 2272 2623 12679 2284 2635 12680 2284 2635 12681 2272 2623 12682 2273 2624 12683 2284 2635 12684 2273 2624 12685 2285 2636 12686 2285 2636 12687 2273 2624 12688 185 185 12689 2285 2636 12690 185 185 12691 187 187 12692 245 245 12693 2101 2452 12694 2225 2576 12695 2225 2576 12696 2101 2452 12697 2274 2625 12698 2225 2576 12699 2274 2625 12700 2224 2575 12701 2224 2575 12702 2274 2625 12703 2275 2626 12704 2224 2575 12705 2275 2626 12706 2222 2573 12707 2222 2573 12708 2275 2626 12709 2276 2627 12710 2222 2573 12711 2276 2627 12712 2220 2571 12713 2220 2571 12714 2276 2627 12715 2277 2628 12716 2220 2571 12717 2277 2628 12718 2218 2569 12719 2218 2569 12720 2277 2628 12721 2278 2629 12722 2218 2569 12723 2278 2629 12724 2216 2567 12725 2216 2567 12726 2278 2629 12727 2279 2630 12728 2216 2567 12729 2279 2630 12730 2214 2565 12731 2214 2565 12732 2279 2630 12733 2280 2631 12734 2214 2565 12735 2280 2631 12736 2212 2563 12737 2212 2563 12738 2280 2631 12739 2281 2632 12740 2212 2563 12741 2281 2632 12742 2210 2561 12743 2210 2561 12744 2281 2632 12745 2282 2633 12746 2210 2561 12747 2282 2633 12748 2208 2559 12749 2208 2559 12750 2282 2633 12751 2283 2634 12752 2208 2559 12753 2283 2634 12754 2206 2557 12755 2206 2557 12756 2283 2634 12757 2284 2635 12758 2206 2557 12759 2284 2635 12760 2204 2555 12761 2204 2555 12762 2284 2635 12763 2285 2636 12764 2204 2555 12765 2285 2636 12766 2202 2553 12767 2202 2553 12768 2285 2636 12769 187 187 12770 2202 2553 12771 187 187 12772 189 189 12773 241 241 12774 2102 2453 12775 2103 2454 12776 2103 2454 12777 2102 2453 12778 2223 2574 12779 2103 2454 12780 2223 2574 12781 2286 2637 12782 2286 2637 12783 2223 2574 12784 2221 2572 12785 2286 2637 12786 2221 2572 12787 2287 2638 12788 2287 2638 12789 2221 2572 12790 2219 2570 12791 2287 2638 12792 2219 2570 12793 2288 2639 12794 2288 2639 12795 2219 2570 12796 2217 2568 12797 2288 2639 12798 2217 2568 12799 2289 2640 12800 2289 2640 12801 2217 2568 12802 2215 2566 12803 2289 2640 12804 2215 2566 12805 2290 2641 12806 2290 2641 12807 2215 2566 12808 2213 2564 12809 2290 2641 12810 2213 2564 12811 2291 2642 12812 2291 2642 12813 2213 2564 12814 2211 2562 12815 2291 2642 12816 2211 2562 12817 2292 2643 12818 2292 2643 12819 2211 2562 12820 2209 2560 12821 2292 2643 12822 2209 2560 12823 2293 2644 12824 2293 2644 12825 2209 2560 12826 2207 2558 12827 2293 2644 12828 2207 2558 12829 2294 2645 12830 2294 2645 12831 2207 2558 12832 2205 2556 12833 2294 2645 12834 2205 2556 12835 2295 2646 12836 2295 2646 12837 2205 2556 12838 2203 2554 12839 2295 2646 12840 2203 2554 12841 2296 2647 12842 2296 2647 12843 2203 2554 12844 2080 2425 12845 2296 2647 12846 2080 2425 12847 2297 2648 12848 2297 2648 12849 2080 2425 12850 191 191 12851 2297 2648 12852 191 191 12853 193 193 12854 234 234 12855 2103 2454 12856 2298 2649 12857 2298 2649 12858 2103 2454 12859 2286 2637 12860 2298 2649 12861 2286 2637 12862 2299 2650 12863 2299 2650 12864 2286 2637 12865 2287 2638 12866 2299 2650 12867 2287 2638 12868 2300 2651 12869 2300 2651 12870 2287 2638 12871 2288 2639 12872 2300 2651 12873 2288 2639 12874 2301 2652 12875 2301 2652 12876 2288 2639 12877 2289 2640 12878 2301 2652 12879 2289 2640 12880 2302 2653 12881 2302 2653 12882 2289 2640 12883 2290 2641 12884 2302 2653 12885 2290 2641 12886 2303 2654 12887 2303 2654 12888 2290 2641 12889 2291 2642 12890 2303 2654 12891 2291 2642 12892 2304 2655 12893 2304 2655 12894 2291 2642 12895 2292 2643 12896 2304 2655 12897 2292 2643 12898 2305 2656 12899 2305 2656 12900 2292 2643 12901 2293 2644 12902 2305 2656 12903 2293 2644 12904 2306 2657 12905 2306 2657 12906 2293 2644 12907 2294 2645 12908 2306 2657 12909 2294 2645 12910 2307 2658 12911 2307 2658 12912 2294 2645 12913 2295 2646 12914 2307 2658 12915 2295 2646 12916 2308 2659 12917 2308 2659 12918 2295 2646 12919 2296 2647 12920 2308 2659 12921 2296 2647 12922 2309 2660 12923 2309 2660 12924 2296 2647 12925 2297 2648 12926 2309 2660 12927 2297 2648 12928 2310 2661 12929 2310 2661 12930 2297 2648 12931 193 193 12932 2310 2661 12933 193 193 12934 195 195 12935 195 195 12936 2248 2599 12937 2310 2661 12938 2310 2661 12939 2248 2599 12940 2246 2597 12941 2310 2661 12942 2246 2597 12943 2309 2660 12944 2309 2660 12945 2246 2597 12946 2244 2595 12947 2309 2660 12948 2244 2595 12949 2308 2659 12950 2308 2659 12951 2244 2595 12952 2242 2593 12953 2308 2659 12954 2242 2593 12955 2307 2658 12956 2307 2658 12957 2242 2593 12958 2240 2591 12959 2307 2658 12960 2240 2591 12961 2306 2657 12962 2306 2657 12963 2240 2591 12964 2238 2589 12965 2306 2657 12966 2238 2589 12967 2305 2656 12968 2305 2656 12969 2238 2589 12970 2236 2587 12971 2305 2656 12972 2236 2587 12973 2304 2655 12974 2304 2655 12975 2236 2587 12976 2234 2585 12977 2304 2655 12978 2234 2585 12979 2303 2654 12980 2303 2654 12981 2234 2585 12982 2232 2583 12983 2303 2654 12984 2232 2583 12985 2302 2653 12986 2302 2653 12987 2232 2583 12988 2230 2581 12989 2302 2653 12990 2230 2581 12991 2301 2652 12992 2301 2652 12993 2230 2581 12994 2228 2579 12995 2301 2652 12996 2228 2579 12997 2300 2651 12998 2300 2651 12999 2228 2579 13000 2226 2577 13001 2300 2651 13002 2226 2577 13003 2299 2650 13004 2299 2650 13005 2226 2577 13006 2104 2455 13007 2299 2650 13008 2104 2455 13009 2298 2649 13010 2298 2649 13011 2104 2455 13012 232 232 13013 2298 2649 13014 232 232 13015 234 234 13016 195 195 13017 197 197 13018 2248 2599 13019 2248 2599 13020 197 197 13021 200 200 13022 2248 2599 13023 200 200 13024 2249 2600 13025 2249 2600 13026 200 200 13027 206 206 13028 2249 2600 13029 206 206 13030 2261 2612 13031 2261 2612 13032 206 206 13033 205 205 13034 2261 2612 13035 205 205 13036 203 203 13037 216 216 13038 2106 2457 13039 2107 2458 13040 2107 2458 13041 2106 2457 13042 2250 2601 13043 2107 2458 13044 2250 2601 13045 2109 2460 13046 2109 2460 13047 2250 2601 13048 2251 2602 13049 2109 2460 13050 2251 2602 13051 2111 2462 13052 2111 2462 13053 2251 2602 13054 2252 2603 13055 2111 2462 13056 2252 2603 13057 2113 2464 13058 2113 2464 13059 2252 2603 13060 2253 2604 13061 2113 2464 13062 2253 2604 13063 2115 2466 13064 2115 2466 13065 2253 2604 13066 2254 2605 13067 2115 2466 13068 2254 2605 13069 2117 2468 13070 2117 2468 13071 2254 2605 13072 2255 2606 13073 2117 2468 13074 2255 2606 13075 2119 2470 13076 2119 2470 13077 2255 2606 13078 2256 2607 13079 2119 2470 13080 2256 2607 13081 2122 2473 13082 2122 2473 13083 2256 2607 13084 2257 2608 13085 2122 2473 13086 2257 2608 13087 2124 2475 13088 2124 2475 13089 2257 2608 13090 2258 2609 13091 2124 2475 13092 2258 2609 13093 2126 2477 13094 2126 2477 13095 2258 2609 13096 2259 2610 13097 2126 2477 13098 2259 2610 13099 2128 2479 13100 2128 2479 13101 2259 2610 13102 2260 2611 13103 2128 2479 13104 2260 2611 13105 2311 2662 13106 2311 2662 13107 2260 2611 13108 2261 2612 13109 2311 2662 13110 2261 2612 13111 2312 2663 13112 2312 2663 13113 2261 2612 13114 203 203 13115 2312 2663 13116 203 203 13117 202 202 13118 2129 2480 13119 2128 2479 13120 2313 2664 13121 2313 2664 13122 2128 2479 13123 2311 2662 13124 2313 2664 13125 2311 2662 13126 2314 2665 13127 2314 2665 13128 2311 2662 13129 2312 2663 13130 2314 2665 13131 2312 2663 13132 2315 2666 13133 2315 2666 13134 2312 2663 13135 202 202 13136 2315 2666 13137 202 202 13138 153 153 13139 885 1151 13140 913 1179 13141 2316 2667 13142 912 1178 13143 217 217 13144 2108 2459 13145 2317 2668 13146 2318 2669 13147 2319 2670 13148 2320 2671 13149 2321 2672 13150 2322 2673 13151 1052 1331 13152 888 1154 13153 2323 2674 13154 2324 2675 13155 35 35 13156 34 34 13157 863 1099 13158 11 2676 13159 9 2677 13160 9 2677 13161 7 2678 13162 863 1099 13163 863 1099 13164 7 2678 13165 5 2679 13166 863 1099 13167 5 2679 13168 3 1100 13169 2325 2680 13170 2326 2681 13171 13 2682 13172 13 2682 13173 2326 2681 13174 56 2683 13175 2327 2684 13176 15 2685 13177 2326 2681 13178 2326 2681 13179 15 2685 13180 57 2686 13181 2326 2681 13182 57 2686 13183 56 2683 13184 2328 2687 13185 22 2688 13186 2327 2684 13187 2327 2684 13188 22 2688 13189 17 2689 13190 2327 2684 13191 17 2689 13192 15 2685 13193 30 30 13194 27 27 13195 2329 2690 13196 2329 2690 13197 27 27 13198 28 28 13199 2329 2690 13200 28 28 13201 2330 2691 13202 2330 2691 13203 28 28 13204 29 29 13205 2330 2691 13206 29 29 13207 2331 2692 13208 2331 2692 13209 29 29 13210 19 2693 13211 2331 2692 13212 19 2693 13213 21 2694 13214 2332 2695 13215 33 33 13216 2333 2696 13217 2333 2696 13218 33 33 13219 32 32 13220 2333 2696 13221 32 32 13222 2334 2697 13223 2334 2697 13224 32 32 13225 31 31 13226 2334 2697 13227 31 31 13228 2335 2698 13229 2335 2698 13230 31 31 13231 30 30 13232 2335 2698 13233 30 30 13234 2336 2699 13235 2336 2699 13236 30 30 13237 2329 2690 13238 2336 2699 13239 2329 2690 13240 2337 2700 13241 39 39 13242 38 38 13243 2338 2701 13244 2338 2701 13245 38 38 13246 37 37 13247 2338 2701 13248 37 37 13249 2324 2675 13250 2324 2675 13251 37 37 13252 36 36 13253 2324 2675 13254 36 36 13255 35 35 13256 23 23 13257 40 40 13258 2339 2702 13259 23 23 13260 2339 2702 13261 24 24 13262 24 24 13263 2339 2702 13264 2340 2703 13265 24 24 13266 2340 2703 13267 26 26 13268 26 26 13269 2340 2703 13270 162 162 13271 26 26 13272 162 162 13273 53 53 13274 1052 1331 13275 2323 2674 13276 859 1095 13277 2341 2704 13278 2342 2705 13279 2343 2706 13280 2343 2706 13281 2342 2705 13282 2344 2707 13283 2343 2706 13284 2344 2707 13285 2345 2708 13286 2345 2708 13287 2344 2707 13288 2346 2709 13289 2345 2708 13290 2346 2709 13291 2323 2674 13292 2323 2674 13293 2346 2709 13294 2347 2710 13295 2323 2674 13296 2347 2710 13297 859 1095 13298 2348 2711 13299 2328 2687 13300 2349 2712 13301 2349 2712 13302 2328 2687 13303 2327 2684 13304 2349 2712 13305 2327 2684 13306 2350 2713 13307 2350 2713 13308 2327 2684 13309 2326 2681 13310 2350 2713 13311 2326 2681 13312 2351 2714 13313 2351 2714 13314 2326 2681 13315 2325 2680 13316 2351 2714 13317 2325 2680 13318 863 1099 13319 863 1099 13320 2325 2680 13321 13 2682 13322 863 1099 13323 13 2682 13324 11 2676 13325 2350 2713 13326 2352 2715 13327 2349 2712 13328 2349 2712 13329 2352 2715 13330 2353 2716 13331 2349 2712 13332 2353 2716 13333 2348 2711 13334 2348 2711 13335 2353 2716 13336 2354 2717 13337 2348 2711 13338 2354 2717 13339 2355 2718 13340 2337 2700 13341 2329 2690 13342 2355 2718 13343 2355 2718 13344 2329 2690 13345 2330 2691 13346 2355 2719 13347 2330 2719 13348 2348 2719 13349 2348 2711 13350 2330 2691 13351 2331 2692 13352 2348 2711 13353 2331 2692 13354 2328 2687 13355 2328 2687 13356 2331 2692 13357 21 2694 13358 2328 2687 13359 21 2694 13360 22 2688 13361 2322 2673 13362 2321 2672 13363 2356 2720 13364 2356 2720 13365 2321 2672 13366 2357 2721 13367 2356 2720 13368 2357 2721 13369 2358 2722 13370 2358 2722 13371 2357 2721 13372 2359 2723 13373 2358 2722 13374 2359 2723 13375 2360 2724 13376 2360 2724 13377 2359 2723 13378 2361 2725 13379 2360 2724 13380 2361 2725 13381 2362 2726 13382 2362 2726 13383 2361 2725 13384 2363 2727 13385 2362 2726 13386 2363 2727 13387 2364 2728 13388 2364 2728 13389 2363 2727 13390 2365 2729 13391 2364 2728 13392 2365 2729 13393 2341 2704 13394 2341 2704 13395 2365 2729 13396 2366 2730 13397 2341 2704 13398 2366 2730 13399 2342 2705 13400 2367 2731 13401 2368 2732 13402 2369 2733 13403 2369 2733 13404 2368 2732 13405 2332 2695 13406 863 1099 13407 859 1095 13408 2351 2714 13409 2351 2714 13410 859 1095 13411 2347 2710 13412 2351 2714 13413 2347 2710 13414 2350 2713 13415 2350 2713 13416 2347 2710 13417 2346 2709 13418 2350 2713 13419 2346 2709 13420 2352 2715 13421 2352 2715 13422 2346 2709 13423 2344 2707 13424 2352 2715 13425 2344 2707 13426 2353 2716 13427 2353 2716 13428 2344 2707 13429 2342 2705 13430 2353 2716 13431 2342 2705 13432 2354 2717 13433 2354 2717 13434 2342 2705 13435 2366 2730 13436 2354 2717 13437 2366 2730 13438 2355 2718 13439 2355 2718 13440 2366 2730 13441 2365 2729 13442 2355 2718 13443 2365 2729 13444 2337 2700 13445 2337 2700 13446 2365 2729 13447 2363 2727 13448 2337 2700 13449 2363 2727 13450 2336 2699 13451 2336 2699 13452 2363 2727 13453 2361 2725 13454 2336 2699 13455 2361 2725 13456 2335 2698 13457 2335 2698 13458 2361 2725 13459 2359 2723 13460 2335 2698 13461 2359 2723 13462 2334 2697 13463 2334 2697 13464 2359 2723 13465 2357 2721 13466 2334 2697 13467 2357 2721 13468 2333 2696 13469 2333 2696 13470 2357 2721 13471 2321 2672 13472 2333 2696 13473 2321 2672 13474 2332 2695 13475 2332 2695 13476 2321 2672 13477 2320 2671 13478 2332 2695 13479 2320 2671 13480 2369 2733 13481 2319 2670 13482 2318 2669 13483 2370 2734 13484 2370 2734 13485 2318 2669 13486 2371 2735 13487 2370 2734 13488 2371 2735 13489 2372 2736 13490 2372 2736 13491 2371 2735 13492 2373 2737 13493 2372 2736 13494 2373 2737 13495 2374 2738 13496 2374 2738 13497 2373 2737 13498 2375 2739 13499 2374 2738 13500 2375 2739 13501 164 164 13502 2322 2673 13503 2317 2668 13504 2320 2671 13505 2320 2671 13506 2317 2668 13507 2319 2670 13508 2320 2671 13509 2319 2670 13510 2369 2733 13511 2369 2733 13512 2319 2670 13513 2370 2734 13514 2369 2733 13515 2370 2734 13516 2367 2731 13517 2367 2731 13518 2370 2734 13519 2372 2736 13520 40 40 13521 39 39 13522 2339 2702 13523 2339 2702 13524 39 39 13525 2338 2701 13526 2339 2702 13527 2338 2701 13528 2376 2740 13529 2376 2740 13530 2338 2701 13531 2324 2675 13532 164 164 13533 162 162 13534 2374 2738 13535 2374 2738 13536 162 162 13537 2340 2703 13538 2374 2738 13539 2340 2703 13540 2372 2736 13541 2372 2736 13542 2340 2703 13543 2339 2702 13544 2372 2736 13545 2339 2702 13546 2367 2731 13547 2367 2731 13548 2339 2702 13549 2376 2740 13550 2367 2731 13551 2376 2740 13552 2368 2732 13553 2368 2732 13554 2376 2740 13555 2324 2675 13556 2368 2732 13557 2324 2675 13558 2332 2695 13559 2332 2695 13560 2324 2675 13561 34 34 13562 2332 2695 13563 34 34 13564 33 33 13565 2377 2741 13566 2378 2742 13567 2379 2743 13568 2379 2743 13569 2378 2742 13570 2380 2744 13571 2379 2743 13572 2380 2744 13573 2381 2745 13574 2379 2743 13575 2381 2745 13576 2382 2746 13577 153 153 13578 160 160 13579 2315 2666 13580 2315 2666 13581 160 160 13582 2383 2747 13583 2315 2666 13584 2383 2747 13585 2314 2665 13586 2314 2665 13587 2383 2747 13588 2377 2741 13589 2314 2665 13590 2377 2741 13591 2313 2664 13592 2313 2664 13593 2377 2741 13594 2379 2743 13595 885 1151 13596 2316 2667 13597 887 1153 13598 2383 2747 13599 2384 2748 13600 2377 2741 13601 2377 2741 13602 2384 2748 13603 2385 2749 13604 2377 2741 13605 2385 2749 13606 2378 2742 13607 2378 2742 13608 2385 2749 13609 2386 2750 13610 2378 2742 13611 2386 2750 13612 2380 2744 13613 2380 2744 13614 2386 2750 13615 2387 2751 13616 2380 2744 13617 2387 2751 13618 2381 2745 13619 2381 2745 13620 2387 2751 13621 2388 2752 13622 2381 2745 13623 2388 2752 13624 2382 2746 13625 2382 2746 13626 2388 2752 13627 2389 2753 13628 2382 2746 13629 2389 2753 13630 2390 2754 13631 2390 2754 13632 2389 2753 13633 2391 2755 13634 2390 2754 13635 2391 2755 13636 2392 2756 13637 2392 2756 13638 2391 2755 13639 2393 2757 13640 2392 2756 13641 2393 2757 13642 2394 2758 13643 2394 2758 13644 2393 2757 13645 2395 2759 13646 2394 2758 13647 2395 2759 13648 2396 2760 13649 2396 2760 13650 2395 2759 13651 2397 2761 13652 2396 2760 13653 2397 2761 13654 2398 2762 13655 2398 2762 13656 2397 2761 13657 2399 2763 13658 2398 2762 13659 2399 2763 13660 2400 2764 13661 2400 2764 13662 2399 2763 13663 2401 2765 13664 2400 2764 13665 2401 2765 13666 2402 2766 13667 2402 2766 13668 2401 2765 13669 2403 2767 13670 2402 2766 13671 2403 2767 13672 2316 2667 13673 2316 2667 13674 2403 2767 13675 2404 2768 13676 2316 2667 13677 2404 2768 13678 887 1153 13679 913 1179 13680 912 1178 13681 2316 2667 13682 2316 2667 13683 912 1178 13684 2108 2459 13685 2316 2667 13686 2108 2459 13687 2402 2766 13688 2402 2766 13689 2108 2459 13690 2110 2461 13691 2402 2766 13692 2110 2461 13693 2400 2764 13694 2400 2764 13695 2110 2461 13696 2112 2463 13697 2400 2764 13698 2112 2463 13699 2398 2762 13700 2398 2762 13701 2112 2463 13702 2114 2465 13703 2398 2762 13704 2114 2465 13705 2396 2760 13706 2396 2760 13707 2114 2465 13708 2116 2467 13709 2396 2760 13710 2116 2467 13711 2394 2758 13712 2394 2758 13713 2116 2467 13714 2118 2469 13715 2394 2758 13716 2118 2469 13717 2392 2756 13718 2392 2756 13719 2118 2469 13720 2120 2471 13721 2392 2756 13722 2120 2471 13723 2390 2754 13724 2390 2754 13725 2120 2471 13726 2121 2472 13727 2390 2754 13728 2121 2472 13729 2382 2746 13730 2382 2746 13731 2121 2472 13732 2123 2474 13733 2382 2746 13734 2123 2474 13735 2379 2743 13736 2379 2743 13737 2123 2474 13738 2125 2476 13739 2379 2743 13740 2125 2476 13741 2127 2478 13742 2379 2743 13743 2127 2478 13744 2129 2480 13745 2379 2743 13746 2129 2480 13747 2313 2664 13748 160 160 13749 159 159 13750 2383 2747 13751 2383 2747 13752 159 159 13753 157 157 13754 2383 2747 13755 157 157 13756 2384 2748 13757 2384 2748 13758 157 157 13759 155 155 13760 2384 2748 13761 155 155 13762 165 165 13763 888 1154 13764 887 1153 13765 2323 2674 13766 2323 2674 13767 887 1153 13768 2404 2768 13769 2323 2674 13770 2404 2768 13771 2345 2708 13772 2345 2708 13773 2404 2768 13774 2403 2767 13775 2345 2708 13776 2403 2767 13777 2343 2706 13778 2343 2706 13779 2403 2767 13780 2401 2765 13781 2343 2706 13782 2401 2765 13783 2341 2704 13784 2341 2704 13785 2401 2765 13786 2399 2763 13787 2341 2704 13788 2399 2763 13789 2364 2728 13790 2364 2728 13791 2399 2763 13792 2397 2761 13793 2364 2728 13794 2397 2761 13795 2362 2726 13796 2362 2726 13797 2397 2761 13798 2395 2759 13799 2362 2726 13800 2395 2759 13801 2360 2724 13802 2360 2724 13803 2395 2759 13804 2393 2757 13805 2360 2724 13806 2393 2757 13807 2358 2722 13808 2358 2722 13809 2393 2757 13810 2391 2755 13811 2358 2722 13812 2391 2755 13813 2356 2720 13814 2356 2720 13815 2391 2755 13816 2389 2753 13817 2356 2720 13818 2389 2753 13819 2322 2673 13820 2322 2673 13821 2389 2753 13822 2388 2752 13823 2322 2673 13824 2388 2752 13825 2317 2668 13826 2317 2668 13827 2388 2752 13828 2387 2751 13829 2317 2668 13830 2387 2751 13831 2318 2669 13832 2318 2669 13833 2387 2751 13834 2386 2750 13835 2318 2669 13836 2386 2750 13837 2371 2735 13838 2371 2735 13839 2386 2750 13840 2385 2749 13841 2371 2735 13842 2385 2749 13843 2373 2737 13844 2373 2737 13845 2385 2749 13846 2384 2748 13847 2373 2737 13848 2384 2748 13849 2375 2739 13850 2375 2739 13851 2384 2748 13852 165 165 13853 2375 2739 13854 165 165 13855 164 164 13856 2405 2769 13857 175 175 13858 173 173 13859 2406 2770 13860 188 188 13861 186 186 13862 199 199 13863 198 198 13864 2407 2771 13865 6 2772 13866 2408 2773 13867 4 2774 13868 55 55 13869 54 54 13870 161 161 13871 262 262 13872 2409 2775 13873 263 263 13874 263 263 13875 2409 2775 13876 337 2776 13877 337 2776 13878 2409 2775 13879 338 2777 13880 338 2777 13881 2409 2775 13882 2410 2778 13883 338 2777 13884 2410 2778 13885 309 2779 13886 2411 2780 13887 311 2781 13888 2412 2782 13889 2412 2782 13890 311 2781 13891 310 2783 13892 2412 2782 13893 310 2783 13894 2413 2784 13895 2413 2784 13896 310 2783 13897 308 2785 13898 2413 2784 13899 308 2785 13900 2414 2786 13901 2414 2786 13902 308 2785 13903 307 2787 13904 2414 2786 13905 307 2787 13906 2415 2788 13907 2415 2788 13908 307 2787 13909 309 2779 13910 2415 2788 13911 309 2779 13912 2416 2789 13913 2416 2789 13914 309 2779 13915 2410 2778 13916 318 349 13917 317 348 13918 2417 2790 13919 2417 2790 13920 317 348 13921 316 347 13922 2417 2790 13923 316 347 13924 2418 2791 13925 2418 2791 13926 316 347 13927 315 346 13928 2418 2791 13929 315 346 13930 2419 2792 13931 2419 2792 13932 315 346 13933 304 335 13934 2419 2792 13935 304 335 13936 2420 2793 13937 2420 2793 13938 304 335 13939 303 334 13940 2420 2793 13941 303 334 13942 2421 2794 13943 2421 2794 13944 303 334 13945 306 337 13946 2421 2794 13947 306 337 13948 2422 2795 13949 2422 2795 13950 306 337 13951 314 345 13952 2422 2795 13953 314 345 13954 2423 2796 13955 2423 2796 13956 314 345 13957 313 344 13958 2423 2796 13959 313 344 13960 2411 2780 13961 2411 2780 13962 313 344 13963 312 343 13964 2411 2780 13965 312 343 13966 311 2781 13967 2424 2797 13968 45 45 13969 44 44 13970 2425 2798 13971 14 2799 13972 2426 2800 13973 2426 2800 13974 14 2799 13975 16 2801 13976 2426 2800 13977 16 2801 13978 2427 2802 13979 2427 2802 13980 16 2801 13981 18 2803 13982 2427 2802 13983 18 2803 13984 2428 2804 13985 2428 2804 13986 18 2803 13987 20 20 13988 2428 2804 13989 20 20 13990 2429 2805 13991 2429 2805 13992 20 20 13993 52 52 13994 2429 2805 13995 52 52 13996 2430 2806 13997 2430 2806 13998 52 52 13999 51 51 14000 2430 2806 14001 51 51 14002 2431 2807 14003 2431 2807 14004 51 51 14005 43 43 14006 2431 2807 14007 43 43 14008 2432 2808 14009 2432 2808 14010 43 43 14011 42 42 14012 2432 2808 14013 42 42 14014 2433 2809 14015 2433 2809 14016 42 42 14017 50 50 14018 2433 2809 14019 50 50 14020 2434 2810 14021 2434 2810 14022 50 50 14023 49 49 14024 2434 2810 14025 49 49 14026 2435 2811 14027 2435 2811 14028 49 49 14029 48 48 14030 2435 2811 14031 48 48 14032 2436 2812 14033 2436 2812 14034 48 48 14035 47 47 14036 2436 2812 14037 47 47 14038 2424 2797 14039 2424 2797 14040 47 47 14041 46 46 14042 2424 2797 14043 46 46 14044 45 45 14045 2437 2813 14046 58 2814 14047 2425 2798 14048 2425 2798 14049 58 2814 14050 59 2815 14051 2425 2798 14052 59 2815 14053 14 2799 14054 2408 2773 14055 6 2772 14056 2438 2816 14057 6 2772 14058 8 2817 14059 2438 2816 14060 2438 2816 14061 8 2817 14062 10 2818 14063 2438 2816 14064 10 2818 14065 2437 2813 14066 2437 2813 14067 10 2818 14068 12 2819 14069 2437 2813 14070 12 2819 14071 58 2814 14072 2 319 14073 4 2774 14074 290 304 14075 290 304 14076 4 2774 14077 2408 2773 14078 290 304 14079 2408 2773 14080 289 302 14081 289 302 14082 2408 2773 14083 2438 2816 14084 289 302 14085 2438 2816 14086 288 300 14087 291 308 14088 288 300 14089 2439 2820 14090 275 280 14091 291 308 14092 2440 2821 14093 276 281 14094 275 280 14095 2441 2822 14096 277 282 14097 276 281 14098 2442 2823 14099 278 283 14100 277 282 14101 2443 2824 14102 279 284 14103 278 283 14104 2444 2825 14105 280 285 14106 279 284 14107 2445 2826 14108 281 286 14109 280 285 14110 2446 2827 14111 283 288 14112 282 287 14113 2447 2828 14114 285 290 14115 284 289 14116 2448 2829 14117 286 291 14118 285 290 14119 2449 2830 14120 287 292 14121 286 291 14122 2450 2831 14123 264 264 14124 287 292 14125 2451 2832 14126 259 259 14127 258 258 14128 2452 2833 14129 262 262 14130 259 259 14131 2453 2834 14132 288 300 14133 2438 2816 14134 2439 2820 14135 2439 2820 14136 2438 2816 14137 2437 2813 14138 2439 2820 14139 2437 2813 14140 2454 2835 14141 2454 2835 14142 2437 2813 14143 2425 2798 14144 2454 2835 14145 2425 2798 14146 2455 2836 14147 2455 2836 14148 2425 2798 14149 2426 2800 14150 2455 2836 14151 2426 2800 14152 2456 2837 14153 2456 2837 14154 2426 2800 14155 2427 2802 14156 2456 2837 14157 2427 2802 14158 2457 2838 14159 2457 2838 14160 2427 2802 14161 2428 2804 14162 2457 2838 14163 2428 2804 14164 2458 2839 14165 2458 2839 14166 2428 2804 14167 2429 2805 14168 2458 2839 14169 2429 2805 14170 2459 2840 14171 2459 2840 14172 2429 2805 14173 2430 2806 14174 2459 2840 14175 2430 2806 14176 2460 2841 14177 2460 2841 14178 2430 2806 14179 2431 2807 14180 2460 2841 14181 2431 2807 14182 2461 2842 14183 2461 2842 14184 2431 2807 14185 2432 2808 14186 2461 2842 14187 2432 2808 14188 2462 2843 14189 2462 2843 14190 2432 2808 14191 2433 2809 14192 2462 2843 14193 2433 2809 14194 2463 2844 14195 2463 2844 14196 2433 2809 14197 2434 2810 14198 2463 2844 14199 2434 2810 14200 2464 2845 14201 2464 2845 14202 2434 2810 14203 2435 2811 14204 2464 2845 14205 2435 2811 14206 2465 2846 14207 2465 2846 14208 2435 2811 14209 2436 2812 14210 2465 2846 14211 2436 2812 14212 2466 2847 14213 2466 2847 14214 2436 2812 14215 2424 2797 14216 2466 2847 14217 2424 2797 14218 2467 2848 14219 291 308 14220 2439 2820 14221 2440 2821 14222 2440 2821 14223 2439 2820 14224 2454 2835 14225 2440 2821 14226 2454 2835 14227 2468 2849 14228 2468 2849 14229 2454 2835 14230 2455 2836 14231 2468 2849 14232 2455 2836 14233 2469 2850 14234 2469 2850 14235 2455 2836 14236 2456 2837 14237 2469 2850 14238 2456 2837 14239 2470 2851 14240 2470 2851 14241 2456 2837 14242 2457 2838 14243 2470 2851 14244 2457 2838 14245 2471 2852 14246 2471 2852 14247 2457 2838 14248 2458 2839 14249 2471 2852 14250 2458 2839 14251 2472 2853 14252 2472 2853 14253 2458 2839 14254 2459 2840 14255 2472 2853 14256 2459 2840 14257 2473 2854 14258 2473 2854 14259 2459 2840 14260 2460 2841 14261 2473 2854 14262 2460 2841 14263 2474 2855 14264 2474 2855 14265 2460 2841 14266 2461 2842 14267 2474 2855 14268 2461 2842 14269 2475 2856 14270 2475 2856 14271 2461 2842 14272 2462 2843 14273 2475 2856 14274 2462 2843 14275 2476 2857 14276 2476 2857 14277 2462 2843 14278 2463 2844 14279 2476 2857 14280 2463 2844 14281 2477 2858 14282 2477 2858 14283 2463 2844 14284 2464 2845 14285 2477 2858 14286 2464 2845 14287 2478 2859 14288 2478 2859 14289 2464 2845 14290 2465 2846 14291 2478 2859 14292 2465 2846 14293 2479 2860 14294 2479 2860 14295 2465 2846 14296 2466 2847 14297 2479 2860 14298 2466 2847 14299 2480 2861 14300 2480 2861 14301 2466 2847 14302 2467 2848 14303 2480 2861 14304 2467 2848 14305 2481 2862 14306 275 280 14307 2440 2821 14308 2441 2822 14309 2441 2822 14310 2440 2821 14311 2468 2849 14312 2441 2822 14313 2468 2849 14314 2482 2863 14315 2482 2863 14316 2468 2849 14317 2469 2850 14318 2482 2863 14319 2469 2850 14320 2483 2864 14321 2483 2864 14322 2469 2850 14323 2470 2851 14324 2483 2864 14325 2470 2851 14326 2484 2865 14327 2484 2865 14328 2470 2851 14329 2471 2852 14330 2484 2865 14331 2471 2852 14332 2485 2866 14333 2485 2866 14334 2471 2852 14335 2472 2853 14336 2485 2866 14337 2472 2853 14338 2486 2867 14339 2486 2867 14340 2472 2853 14341 2473 2854 14342 2486 2867 14343 2473 2854 14344 2487 2868 14345 2487 2868 14346 2473 2854 14347 2474 2855 14348 2487 2868 14349 2474 2855 14350 2488 2869 14351 2488 2869 14352 2474 2855 14353 2475 2856 14354 2488 2869 14355 2475 2856 14356 2489 2870 14357 2489 2870 14358 2475 2856 14359 2476 2857 14360 2489 2870 14361 2476 2857 14362 2490 2871 14363 2490 2871 14364 2476 2857 14365 2477 2858 14366 2490 2871 14367 2477 2858 14368 2491 2872 14369 2491 2872 14370 2477 2858 14371 2478 2859 14372 2491 2872 14373 2478 2859 14374 2492 2873 14375 2492 2873 14376 2478 2859 14377 2479 2860 14378 2492 2873 14379 2479 2860 14380 2493 2874 14381 2493 2874 14382 2479 2860 14383 2480 2861 14384 2493 2874 14385 2480 2861 14386 2494 2875 14387 2494 2875 14388 2480 2861 14389 2481 2862 14390 2494 2875 14391 2481 2862 14392 2495 2876 14393 283 288 14394 2447 2828 14395 2496 2877 14396 2496 2877 14397 2447 2828 14398 2497 2878 14399 2496 2877 14400 2497 2878 14401 2498 2879 14402 2498 2879 14403 2497 2878 14404 2499 2880 14405 2498 2879 14406 2499 2880 14407 2500 2881 14408 2500 2881 14409 2499 2880 14410 2501 2882 14411 2500 2881 14412 2501 2882 14413 2502 2883 14414 2502 2883 14415 2501 2882 14416 2503 2884 14417 2502 2883 14418 2503 2884 14419 2504 2885 14420 2504 2885 14421 2503 2884 14422 2505 2886 14423 2504 2885 14424 2505 2886 14425 2506 2887 14426 2506 2887 14427 2505 2886 14428 2507 2888 14429 2506 2887 14430 2507 2888 14431 2508 2889 14432 2508 2889 14433 2507 2888 14434 2509 2890 14435 2508 2889 14436 2509 2890 14437 2510 2891 14438 2510 2891 14439 2509 2890 14440 2511 2892 14441 2510 2891 14442 2511 2892 14443 2512 2893 14444 2512 2893 14445 2511 2892 14446 2513 2894 14447 2512 2893 14448 2513 2894 14449 2514 2895 14450 2514 2895 14451 2513 2894 14452 2515 2896 14453 2514 2895 14454 2515 2896 14455 2516 2897 14456 2516 2897 14457 2515 2896 14458 2517 2898 14459 2516 2897 14460 2517 2898 14461 2518 2899 14462 2518 2899 14463 2517 2898 14464 2519 2900 14465 2518 2899 14466 2519 2900 14467 2520 2901 14468 2520 2901 14469 2519 2900 14470 2521 2902 14471 2520 2901 14472 2521 2902 14473 2522 2903 14474 2522 2903 14475 2521 2902 14476 2523 2904 14477 2522 2903 14478 2523 2904 14479 2524 2905 14480 188 188 14481 2406 2770 14482 2524 2905 14483 2524 2905 14484 2406 2770 14485 2525 2906 14486 2524 2905 14487 2525 2906 14488 2522 2903 14489 2522 2903 14490 2525 2906 14491 2526 2907 14492 2522 2903 14493 2526 2907 14494 2520 2901 14495 2520 2901 14496 2526 2907 14497 2527 2908 14498 2520 2901 14499 2527 2908 14500 2518 2899 14501 2518 2899 14502 2527 2908 14503 2528 2909 14504 2518 2899 14505 2528 2909 14506 2516 2897 14507 2516 2897 14508 2528 2909 14509 2529 2910 14510 2516 2897 14511 2529 2910 14512 2514 2895 14513 2514 2895 14514 2529 2910 14515 2530 2911 14516 2514 2895 14517 2530 2911 14518 2512 2893 14519 2512 2893 14520 2530 2911 14521 2531 2912 14522 2512 2893 14523 2531 2912 14524 2510 2891 14525 2510 2891 14526 2531 2912 14527 2532 2913 14528 2510 2891 14529 2532 2913 14530 2508 2889 14531 2508 2889 14532 2532 2913 14533 2533 2914 14534 2508 2889 14535 2533 2914 14536 2506 2887 14537 2506 2887 14538 2533 2914 14539 2534 2915 14540 2506 2887 14541 2534 2915 14542 2504 2885 14543 2504 2885 14544 2534 2915 14545 2535 2916 14546 2504 2885 14547 2535 2916 14548 2502 2883 14549 2502 2883 14550 2535 2916 14551 2536 2917 14552 2502 2883 14553 2536 2917 14554 2500 2881 14555 2500 2881 14556 2536 2917 14557 2537 2918 14558 2500 2881 14559 2537 2918 14560 2498 2879 14561 2498 2879 14562 2537 2918 14563 2448 2829 14564 2498 2879 14565 2448 2829 14566 2496 2877 14567 2496 2877 14568 2448 2829 14569 284 289 14570 2496 2877 14571 284 289 14572 283 288 14573 286 291 14574 2449 2830 14575 2450 2831 14576 2450 2831 14577 2449 2830 14578 2538 2919 14579 2450 2831 14580 2538 2919 14581 2539 2920 14582 2539 2920 14583 2538 2919 14584 2540 2921 14585 2539 2920 14586 2540 2921 14587 2541 2922 14588 2541 2922 14589 2540 2921 14590 2542 2923 14591 2541 2922 14592 2542 2923 14593 2543 2924 14594 2543 2924 14595 2542 2923 14596 2544 2925 14597 2543 2924 14598 2544 2925 14599 2545 2926 14600 2545 2926 14601 2544 2925 14602 2546 2927 14603 2545 2926 14604 2546 2927 14605 2547 2928 14606 2547 2928 14607 2546 2927 14608 2548 2929 14609 2547 2928 14610 2548 2929 14611 2549 2930 14612 2549 2930 14613 2548 2929 14614 2550 2931 14615 2549 2930 14616 2550 2931 14617 2551 2932 14618 2551 2932 14619 2550 2931 14620 2552 2933 14621 2551 2932 14622 2552 2933 14623 2553 2934 14624 2553 2934 14625 2552 2933 14626 2554 2935 14627 2553 2934 14628 2554 2935 14629 2555 2936 14630 2555 2936 14631 2554 2935 14632 2556 2937 14633 2555 2936 14634 2556 2937 14635 2557 2938 14636 2557 2938 14637 2556 2937 14638 2558 2939 14639 2557 2938 14640 2558 2939 14641 2559 2940 14642 2559 2940 14643 2558 2939 14644 2560 2941 14645 2559 2940 14646 2560 2941 14647 2561 2942 14648 2561 2942 14649 2560 2941 14650 2562 2943 14651 2561 2942 14652 2562 2943 14653 2563 2944 14654 2563 2944 14655 2562 2943 14656 2564 2945 14657 2563 2944 14658 2564 2945 14659 2565 2946 14660 287 292 14661 2450 2831 14662 2451 2832 14663 2451 2832 14664 2450 2831 14665 2539 2920 14666 2451 2832 14667 2539 2920 14668 2566 2947 14669 2566 2947 14670 2539 2920 14671 2541 2922 14672 2566 2947 14673 2541 2922 14674 2567 2948 14675 2567 2948 14676 2541 2922 14677 2543 2924 14678 2567 2948 14679 2543 2924 14680 2568 2949 14681 2568 2949 14682 2543 2924 14683 2545 2926 14684 2568 2949 14685 2545 2926 14686 2569 2950 14687 2569 2950 14688 2545 2926 14689 2547 2928 14690 2569 2950 14691 2547 2928 14692 2570 2951 14693 2570 2951 14694 2547 2928 14695 2549 2930 14696 2570 2951 14697 2549 2930 14698 2571 2952 14699 2571 2952 14700 2549 2930 14701 2551 2932 14702 2571 2952 14703 2551 2932 14704 2572 2953 14705 2572 2953 14706 2551 2932 14707 2553 2934 14708 2572 2953 14709 2553 2934 14710 2573 2954 14711 2573 2954 14712 2553 2934 14713 2555 2936 14714 2573 2954 14715 2555 2936 14716 2574 2955 14717 2574 2955 14718 2555 2936 14719 2557 2938 14720 2574 2955 14721 2557 2938 14722 2575 2956 14723 2575 2956 14724 2557 2938 14725 2559 2940 14726 2575 2956 14727 2559 2940 14728 2576 2957 14729 2576 2957 14730 2559 2940 14731 2561 2942 14732 2576 2957 14733 2561 2942 14734 2577 2958 14735 2577 2958 14736 2561 2942 14737 2563 2944 14738 2577 2958 14739 2563 2944 14740 2578 2959 14741 2578 2959 14742 2563 2944 14743 2565 2946 14744 2578 2959 14745 2565 2946 14746 2579 2960 14747 264 264 14748 2451 2832 14749 2580 2961 14750 2580 2961 14751 2451 2832 14752 2566 2947 14753 2580 2961 14754 2566 2947 14755 2581 2962 14756 2581 2962 14757 2566 2947 14758 2567 2948 14759 2581 2962 14760 2567 2948 14761 2582 2963 14762 2582 2963 14763 2567 2948 14764 2568 2949 14765 2582 2963 14766 2568 2949 14767 2583 2964 14768 2583 2964 14769 2568 2949 14770 2569 2950 14771 2583 2964 14772 2569 2950 14773 2584 2965 14774 2584 2965 14775 2569 2950 14776 2570 2951 14777 2584 2965 14778 2570 2951 14779 2585 2966 14780 2585 2966 14781 2570 2951 14782 2571 2952 14783 2585 2966 14784 2571 2952 14785 2586 2967 14786 2586 2967 14787 2571 2952 14788 2572 2953 14789 2586 2967 14790 2572 2953 14791 2587 2968 14792 2587 2968 14793 2572 2953 14794 2573 2954 14795 2587 2968 14796 2573 2954 14797 2588 2969 14798 2588 2969 14799 2573 2954 14800 2574 2955 14801 2588 2969 14802 2574 2955 14803 2589 2970 14804 2589 2970 14805 2574 2955 14806 2575 2956 14807 2589 2970 14808 2575 2956 14809 2590 2971 14810 2590 2971 14811 2575 2956 14812 2576 2957 14813 2590 2971 14814 2576 2957 14815 2591 2972 14816 2591 2972 14817 2576 2957 14818 2577 2958 14819 2591 2972 14820 2577 2958 14821 2592 2973 14822 2592 2973 14823 2577 2958 14824 2578 2959 14825 2592 2973 14826 2578 2959 14827 2593 2974 14828 2593 2974 14829 2578 2959 14830 2579 2960 14831 2593 2974 14832 2579 2960 14833 2594 2975 14834 175 175 14835 2405 2769 14836 2594 2975 14837 2594 2975 14838 2405 2769 14839 2595 2976 14840 2594 2975 14841 2595 2976 14842 2593 2974 14843 2593 2974 14844 2595 2976 14845 2596 2977 14846 2593 2974 14847 2596 2977 14848 2592 2973 14849 2592 2973 14850 2596 2977 14851 2597 2978 14852 2592 2973 14853 2597 2978 14854 2591 2972 14855 2591 2972 14856 2597 2978 14857 2598 2979 14858 2591 2972 14859 2598 2979 14860 2590 2971 14861 2590 2971 14862 2598 2979 14863 2599 2980 14864 2590 2971 14865 2599 2980 14866 2589 2970 14867 2589 2970 14868 2599 2980 14869 2600 2981 14870 2589 2970 14871 2600 2981 14872 2588 2969 14873 2588 2969 14874 2600 2981 14875 2601 2982 14876 2588 2969 14877 2601 2982 14878 2587 2968 14879 2587 2968 14880 2601 2982 14881 2602 2983 14882 2587 2968 14883 2602 2983 14884 2586 2967 14885 2586 2967 14886 2602 2983 14887 2603 2984 14888 2586 2967 14889 2603 2984 14890 2585 2966 14891 2585 2966 14892 2603 2984 14893 2604 2985 14894 2585 2966 14895 2604 2985 14896 2584 2965 14897 2584 2965 14898 2604 2985 14899 2605 2986 14900 2584 2965 14901 2605 2986 14902 2583 2964 14903 2583 2964 14904 2605 2986 14905 2606 2987 14906 2583 2964 14907 2606 2987 14908 2582 2963 14909 2582 2963 14910 2606 2987 14911 2607 2988 14912 2582 2963 14913 2607 2988 14914 2581 2962 14915 2581 2962 14916 2607 2988 14917 2608 2989 14918 2581 2962 14919 2608 2989 14920 2580 2961 14921 2580 2961 14922 2608 2989 14923 265 265 14924 2580 2961 14925 265 265 14926 264 264 14927 259 259 14928 2452 2833 14929 2453 2834 14930 2453 2834 14931 2452 2833 14932 2609 2990 14933 2453 2834 14934 2609 2990 14935 2610 2991 14936 2610 2991 14937 2609 2990 14938 2611 2992 14939 2610 2991 14940 2611 2992 14941 2612 2993 14942 2612 2993 14943 2611 2992 14944 2613 2994 14945 2612 2993 14946 2613 2994 14947 2614 2995 14948 2614 2995 14949 2613 2994 14950 2615 2996 14951 2614 2995 14952 2615 2996 14953 2616 2997 14954 2616 2997 14955 2615 2996 14956 2617 2998 14957 2616 2997 14958 2617 2998 14959 2618 2999 14960 2618 2999 14961 2617 2998 14962 2619 3000 14963 2618 2999 14964 2619 3000 14965 2620 3001 14966 2620 3001 14967 2619 3000 14968 2621 3002 14969 2620 3001 14970 2621 3002 14971 2622 3003 14972 2622 3003 14973 2621 3002 14974 2623 3004 14975 2622 3003 14976 2623 3004 14977 2624 3005 14978 2624 3005 14979 2623 3004 14980 2625 3006 14981 2624 3005 14982 2625 3006 14983 2626 3007 14984 2626 3007 14985 2625 3006 14986 2627 3008 14987 2626 3007 14988 2627 3008 14989 2628 3009 14990 2628 3009 14991 2627 3008 14992 2629 3010 14993 2628 3009 14994 2629 3010 14995 2630 3011 14996 2630 3011 14997 2629 3010 14998 2631 3012 14999 2630 3011 15000 2631 3012 15001 2632 3013 15002 2632 3013 15003 2631 3012 15004 2633 3014 15005 2632 3013 15006 2633 3014 15007 2634 3015 15008 2634 3015 15009 2633 3014 15010 2635 3016 15011 2634 3015 15012 2635 3016 15013 2636 3017 15014 262 262 15015 2453 2834 15016 2409 2775 15017 2409 2775 15018 2453 2834 15019 2610 2991 15020 2409 2775 15021 2610 2991 15022 2410 2778 15023 2410 2778 15024 2610 2991 15025 2612 2993 15026 2410 2778 15027 2612 2993 15028 2416 2789 15029 2416 2789 15030 2612 2993 15031 2614 2995 15032 2416 2789 15033 2614 2995 15034 2415 2788 15035 2415 2788 15036 2614 2995 15037 2616 2997 15038 2415 2788 15039 2616 2997 15040 2414 2786 15041 2414 2786 15042 2616 2997 15043 2618 2999 15044 2414 2786 15045 2618 2999 15046 2413 2784 15047 2413 2784 15048 2618 2999 15049 2620 3001 15050 2413 2784 15051 2620 3001 15052 2412 2782 15053 2412 2782 15054 2620 3001 15055 2622 3003 15056 2412 2782 15057 2622 3003 15058 2411 2780 15059 2411 2780 15060 2622 3003 15061 2624 3005 15062 2411 2780 15063 2624 3005 15064 2423 2796 15065 2423 2796 15066 2624 3005 15067 2626 3007 15068 2423 2796 15069 2626 3007 15070 2422 2795 15071 2422 2795 15072 2626 3007 15073 2628 3009 15074 2422 2795 15075 2628 3009 15076 2421 2794 15077 2421 2794 15078 2628 3009 15079 2630 3011 15080 2421 2794 15081 2630 3011 15082 2420 2793 15083 2420 2793 15084 2630 3011 15085 2632 3013 15086 2420 2793 15087 2632 3013 15088 2419 2792 15089 2419 2792 15090 2632 3013 15091 2634 3015 15092 2419 2792 15093 2634 3015 15094 2418 2791 15095 2418 2791 15096 2634 3015 15097 2636 3017 15098 2418 2791 15099 2636 3017 15100 2417 2790 15101 44 44 15102 55 55 15103 2424 2797 15104 2424 2797 15105 55 55 15106 161 161 15107 2424 2797 15108 161 161 15109 2467 2848 15110 2467 2848 15111 161 161 15112 163 163 15113 2467 2848 15114 163 163 15115 2481 2862 15116 2481 2862 15117 163 163 15118 154 154 15119 2481 2862 15120 154 154 15121 2495 2876 15122 2495 2876 15123 154 154 15124 156 156 15125 2495 2876 15126 156 156 15127 158 158 15128 276 281 15129 2441 2822 15130 2442 2823 15131 2442 2823 15132 2441 2822 15133 2482 2863 15134 2442 2823 15135 2482 2863 15136 2637 3018 15137 2637 3018 15138 2482 2863 15139 2483 2864 15140 2637 3018 15141 2483 2864 15142 2638 3019 15143 2638 3019 15144 2483 2864 15145 2484 2865 15146 2638 3019 15147 2484 2865 15148 2639 3020 15149 2639 3020 15150 2484 2865 15151 2485 2866 15152 2639 3020 15153 2485 2866 15154 2640 3021 15155 2640 3021 15156 2485 2866 15157 2486 2867 15158 2640 3021 15159 2486 2867 15160 2641 3022 15161 2641 3022 15162 2486 2867 15163 2487 2868 15164 2641 3022 15165 2487 2868 15166 2642 3023 15167 2642 3023 15168 2487 2868 15169 2488 2869 15170 2642 3023 15171 2488 2869 15172 2643 3024 15173 2643 3024 15174 2488 2869 15175 2489 2870 15176 2643 3024 15177 2489 2870 15178 2644 3025 15179 2644 3025 15180 2489 2870 15181 2490 2871 15182 2644 3025 15183 2490 2871 15184 2645 3026 15185 2645 3026 15186 2490 2871 15187 2491 2872 15188 2645 3026 15189 2491 2872 15190 2646 3027 15191 2646 3027 15192 2491 2872 15193 2492 2873 15194 2646 3027 15195 2492 2873 15196 2647 3028 15197 2647 3028 15198 2492 2873 15199 2493 2874 15200 2647 3028 15201 2493 2874 15202 2648 3029 15203 2648 3029 15204 2493 2874 15205 2494 2875 15206 2648 3029 15207 2494 2875 15208 2649 3030 15209 2649 3030 15210 2494 2875 15211 2495 2876 15212 2649 3030 15213 2495 2876 15214 2650 3031 15215 2650 3031 15216 2495 2876 15217 158 158 15218 2650 3031 15219 158 158 15220 152 152 15221 277 282 15222 2442 2823 15223 2443 2824 15224 2443 2824 15225 2442 2823 15226 2637 3018 15227 2443 2824 15228 2637 3018 15229 2651 3032 15230 2651 3032 15231 2637 3018 15232 2638 3019 15233 2651 3032 15234 2638 3019 15235 2652 3033 15236 2652 3033 15237 2638 3019 15238 2639 3020 15239 2652 3033 15240 2639 3020 15241 2653 3034 15242 2653 3034 15243 2639 3020 15244 2640 3021 15245 2653 3034 15246 2640 3021 15247 2654 3035 15248 2654 3035 15249 2640 3021 15250 2641 3022 15251 2654 3035 15252 2641 3022 15253 2655 3036 15254 2655 3036 15255 2641 3022 15256 2642 3023 15257 2655 3036 15258 2642 3023 15259 2656 3037 15260 2656 3037 15261 2642 3023 15262 2643 3024 15263 2656 3037 15264 2643 3024 15265 2657 3038 15266 2657 3038 15267 2643 3024 15268 2644 3025 15269 2657 3038 15270 2644 3025 15271 2658 3039 15272 2658 3039 15273 2644 3025 15274 2645 3026 15275 2658 3039 15276 2645 3026 15277 2659 3040 15278 2659 3040 15279 2645 3026 15280 2646 3027 15281 2659 3040 15282 2646 3027 15283 2660 3041 15284 2660 3041 15285 2646 3027 15286 2647 3028 15287 2660 3041 15288 2647 3028 15289 2661 3042 15290 2661 3042 15291 2647 3028 15292 2648 3029 15293 2661 3042 15294 2648 3029 15295 2662 3043 15296 2662 3043 15297 2648 3029 15298 2649 3030 15299 2662 3043 15300 2649 3030 15301 2663 3044 15302 2663 3044 15303 2649 3030 15304 2650 3031 15305 2663 3044 15306 2650 3031 15307 2664 3045 15308 2664 3045 15309 2650 3031 15310 152 152 15311 2664 3045 15312 152 152 15313 151 151 15314 278 283 15315 2443 2824 15316 2444 2825 15317 2444 2825 15318 2443 2824 15319 2651 3032 15320 2444 2825 15321 2651 3032 15322 2665 3046 15323 2665 3046 15324 2651 3032 15325 2652 3033 15326 2665 3046 15327 2652 3033 15328 2666 3047 15329 2666 3047 15330 2652 3033 15331 2653 3034 15332 2666 3047 15333 2653 3034 15334 2667 3048 15335 2667 3048 15336 2653 3034 15337 2654 3035 15338 2667 3048 15339 2654 3035 15340 2668 3049 15341 2668 3049 15342 2654 3035 15343 2655 3036 15344 2668 3049 15345 2655 3036 15346 2669 3050 15347 2669 3050 15348 2655 3036 15349 2656 3037 15350 2669 3050 15351 2656 3037 15352 2670 3051 15353 2670 3051 15354 2656 3037 15355 2657 3038 15356 2670 3051 15357 2657 3038 15358 2671 3052 15359 2671 3052 15360 2657 3038 15361 2658 3039 15362 2671 3052 15363 2658 3039 15364 2672 3053 15365 2672 3053 15366 2658 3039 15367 2659 3040 15368 2672 3053 15369 2659 3040 15370 2673 3054 15371 2673 3054 15372 2659 3040 15373 2660 3041 15374 2673 3054 15375 2660 3041 15376 2674 3055 15377 2674 3055 15378 2660 3041 15379 2661 3042 15380 2674 3055 15381 2661 3042 15382 2675 3056 15383 2675 3056 15384 2661 3042 15385 2662 3043 15386 2675 3056 15387 2662 3043 15388 2676 3057 15389 2676 3057 15390 2662 3043 15391 2663 3044 15392 2676 3057 15393 2663 3044 15394 2677 3058 15395 2677 3058 15396 2663 3044 15397 2664 3045 15398 2677 3058 15399 2664 3045 15400 2678 3059 15401 2678 3059 15402 2664 3045 15403 151 151 15404 2678 3059 15405 151 151 15406 204 204 15407 279 284 15408 2444 2825 15409 2445 2826 15410 2445 2826 15411 2444 2825 15412 2665 3046 15413 2445 2826 15414 2665 3046 15415 2679 3060 15416 2679 3060 15417 2665 3046 15418 2666 3047 15419 2679 3060 15420 2666 3047 15421 2680 3061 15422 2680 3061 15423 2666 3047 15424 2667 3048 15425 2680 3061 15426 2667 3048 15427 2681 3062 15428 2681 3062 15429 2667 3048 15430 2668 3049 15431 2681 3062 15432 2668 3049 15433 2682 3063 15434 2682 3063 15435 2668 3049 15436 2669 3050 15437 2682 3063 15438 2669 3050 15439 2683 3064 15440 2683 3064 15441 2669 3050 15442 2670 3051 15443 2683 3064 15444 2670 3051 15445 2684 3065 15446 2684 3065 15447 2670 3051 15448 2671 3052 15449 2684 3065 15450 2671 3052 15451 2685 3066 15452 2685 3066 15453 2671 3052 15454 2672 3053 15455 2685 3066 15456 2672 3053 15457 2686 3067 15458 2686 3067 15459 2672 3053 15460 2673 3054 15461 2686 3067 15462 2673 3054 15463 2687 3068 15464 2687 3068 15465 2673 3054 15466 2674 3055 15467 2687 3068 15468 2674 3055 15469 2688 3069 15470 2688 3069 15471 2674 3055 15472 2675 3056 15473 2688 3069 15474 2675 3056 15475 2689 3070 15476 2689 3070 15477 2675 3056 15478 2676 3057 15479 2689 3070 15480 2676 3057 15481 2690 3071 15482 2690 3071 15483 2676 3057 15484 2677 3058 15485 2690 3071 15486 2677 3058 15487 2691 3072 15488 2691 3072 15489 2677 3058 15490 2678 3059 15491 2691 3072 15492 2678 3059 15493 2692 3073 15494 2692 3073 15495 2678 3059 15496 204 204 15497 2692 3073 15498 204 204 15499 201 201 15500 280 285 15501 2445 2826 15502 2446 2827 15503 2446 2827 15504 2445 2826 15505 2679 3060 15506 2446 2827 15507 2679 3060 15508 2693 3074 15509 2693 3074 15510 2679 3060 15511 2680 3061 15512 2693 3074 15513 2680 3061 15514 2694 3075 15515 2694 3075 15516 2680 3061 15517 2681 3062 15518 2694 3075 15519 2681 3062 15520 2695 3076 15521 2695 3076 15522 2681 3062 15523 2682 3063 15524 2695 3076 15525 2682 3063 15526 2696 3077 15527 2696 3077 15528 2682 3063 15529 2683 3064 15530 2696 3077 15531 2683 3064 15532 2697 3078 15533 2697 3078 15534 2683 3064 15535 2684 3065 15536 2697 3078 15537 2684 3065 15538 2698 3079 15539 2698 3079 15540 2684 3065 15541 2685 3066 15542 2698 3079 15543 2685 3066 15544 2699 3080 15545 2699 3080 15546 2685 3066 15547 2686 3067 15548 2699 3080 15549 2686 3067 15550 2700 3081 15551 2700 3081 15552 2686 3067 15553 2687 3068 15554 2700 3081 15555 2687 3068 15556 2701 3082 15557 2701 3082 15558 2687 3068 15559 2688 3069 15560 2701 3082 15561 2688 3069 15562 2702 3083 15563 2702 3083 15564 2688 3069 15565 2689 3070 15566 2702 3083 15567 2689 3070 15568 2703 3084 15569 2703 3084 15570 2689 3070 15571 2690 3071 15572 2703 3084 15573 2690 3071 15574 2704 3085 15575 2704 3085 15576 2690 3071 15577 2691 3072 15578 2704 3085 15579 2691 3072 15580 2705 3086 15581 2705 3086 15582 2691 3072 15583 2692 3073 15584 2705 3086 15585 2692 3073 15586 2407 2771 15587 2407 2771 15588 2692 3073 15589 201 201 15590 2407 2771 15591 201 201 15592 199 199 15593 281 286 15594 2446 2827 15595 2706 3087 15596 2706 3087 15597 2446 2827 15598 2693 3074 15599 2706 3087 15600 2693 3074 15601 2707 3088 15602 2707 3088 15603 2693 3074 15604 2694 3075 15605 2707 3088 15606 2694 3075 15607 2708 3089 15608 2708 3089 15609 2694 3075 15610 2695 3076 15611 2708 3089 15612 2695 3076 15613 2709 3090 15614 2709 3090 15615 2695 3076 15616 2696 3077 15617 2709 3090 15618 2696 3077 15619 2710 3091 15620 2710 3091 15621 2696 3077 15622 2697 3078 15623 2710 3091 15624 2697 3078 15625 2711 3092 15626 2711 3092 15627 2697 3078 15628 2698 3079 15629 2711 3092 15630 2698 3079 15631 2712 3093 15632 2712 3093 15633 2698 3079 15634 2699 3080 15635 2712 3093 15636 2699 3080 15637 2713 3094 15638 2713 3094 15639 2699 3080 15640 2700 3081 15641 2713 3094 15642 2700 3081 15643 2714 3095 15644 2714 3095 15645 2700 3081 15646 2701 3082 15647 2714 3095 15648 2701 3082 15649 2715 3096 15650 2715 3096 15651 2701 3082 15652 2702 3083 15653 2715 3096 15654 2702 3083 15655 2716 3097 15656 2716 3097 15657 2702 3083 15658 2703 3084 15659 2716 3097 15660 2703 3084 15661 2717 3098 15662 2717 3098 15663 2703 3084 15664 2704 3085 15665 2717 3098 15666 2704 3085 15667 2718 3099 15668 2718 3099 15669 2704 3085 15670 2705 3086 15671 2718 3099 15672 2705 3086 15673 2719 3100 15674 2719 3100 15675 2705 3086 15676 2407 2771 15677 2719 3100 15678 2407 2771 15679 2720 3101 15680 2720 3101 15681 2407 2771 15682 198 198 15683 2720 3101 15684 198 198 15685 196 196 15686 196 196 15687 2523 2904 15688 2720 3101 15689 2720 3101 15690 2523 2904 15691 2521 2902 15692 2720 3101 15693 2521 2902 15694 2719 3100 15695 2719 3100 15696 2521 2902 15697 2519 2900 15698 2719 3100 15699 2519 2900 15700 2718 3099 15701 2718 3099 15702 2519 2900 15703 2517 2898 15704 2718 3099 15705 2517 2898 15706 2717 3098 15707 2717 3098 15708 2517 2898 15709 2515 2896 15710 2717 3098 15711 2515 2896 15712 2716 3097 15713 2716 3097 15714 2515 2896 15715 2513 2894 15716 2716 3097 15717 2513 2894 15718 2715 3096 15719 2715 3096 15720 2513 2894 15721 2511 2892 15722 2715 3096 15723 2511 2892 15724 2714 3095 15725 2714 3095 15726 2511 2892 15727 2509 2890 15728 2714 3095 15729 2509 2890 15730 2713 3094 15731 2713 3094 15732 2509 2890 15733 2507 2888 15734 2713 3094 15735 2507 2888 15736 2712 3093 15737 2712 3093 15738 2507 2888 15739 2505 2886 15740 2712 3093 15741 2505 2886 15742 2711 3092 15743 2711 3092 15744 2505 2886 15745 2503 2884 15746 2711 3092 15747 2503 2884 15748 2710 3091 15749 2710 3091 15750 2503 2884 15751 2501 2882 15752 2710 3091 15753 2501 2882 15754 2709 3090 15755 2709 3090 15756 2501 2882 15757 2499 2880 15758 2709 3090 15759 2499 2880 15760 2708 3089 15761 2708 3089 15762 2499 2880 15763 2497 2878 15764 2708 3089 15765 2497 2878 15766 2707 3088 15767 2707 3088 15768 2497 2878 15769 2447 2828 15770 2707 3088 15771 2447 2828 15772 2706 3087 15773 2706 3087 15774 2447 2828 15775 282 287 15776 2706 3087 15777 282 287 15778 281 286 15779 196 196 15780 194 194 15781 2523 2904 15782 2523 2904 15783 194 194 15784 192 192 15785 2523 2904 15786 192 192 15787 2524 2905 15788 2524 2905 15789 192 192 15790 190 190 15791 2524 2905 15792 190 190 15793 188 188 15794 285 290 15795 2448 2829 15796 2449 2830 15797 2449 2830 15798 2448 2829 15799 2537 2918 15800 2449 2830 15801 2537 2918 15802 2538 2919 15803 2538 2919 15804 2537 2918 15805 2536 2917 15806 2538 2919 15807 2536 2917 15808 2540 2921 15809 2540 2921 15810 2536 2917 15811 2535 2916 15812 2540 2921 15813 2535 2916 15814 2542 2923 15815 2542 2923 15816 2535 2916 15817 2534 2915 15818 2542 2923 15819 2534 2915 15820 2544 2925 15821 2544 2925 15822 2534 2915 15823 2533 2914 15824 2544 2925 15825 2533 2914 15826 2546 2927 15827 2546 2927 15828 2533 2914 15829 2532 2913 15830 2546 2927 15831 2532 2913 15832 2548 2929 15833 2548 2929 15834 2532 2913 15835 2531 2912 15836 2548 2929 15837 2531 2912 15838 2550 2931 15839 2550 2931 15840 2531 2912 15841 2530 2911 15842 2550 2931 15843 2530 2911 15844 2552 2933 15845 2552 2933 15846 2530 2911 15847 2529 2910 15848 2552 2933 15849 2529 2910 15850 2554 2935 15851 2554 2935 15852 2529 2910 15853 2528 2909 15854 2554 2935 15855 2528 2909 15856 2556 2937 15857 2556 2937 15858 2528 2909 15859 2527 2908 15860 2556 2937 15861 2527 2908 15862 2558 2939 15863 2558 2939 15864 2527 2908 15865 2526 2907 15866 2558 2939 15867 2526 2907 15868 2560 2941 15869 2560 2941 15870 2526 2907 15871 2525 2906 15872 2560 2941 15873 2525 2906 15874 2562 2943 15875 2562 2943 15876 2525 2906 15877 2406 2770 15878 2562 2943 15879 2406 2770 15880 2564 2945 15881 2564 2945 15882 2406 2770 15883 186 186 15884 2564 2945 15885 186 186 15886 2565 2946 15887 2565 2946 15888 186 186 15889 184 184 15890 2565 2946 15891 184 184 15892 2579 2960 15893 184 184 15894 183 183 15895 2579 2960 15896 2579 2960 15897 183 183 15898 180 180 15899 2579 2960 15900 180 180 15901 2594 2975 15902 2594 2975 15903 180 180 15904 177 177 15905 2594 2975 15906 177 177 15907 175 175 15908 167 167 15909 318 349 15910 169 169 15911 169 169 15912 318 349 15913 2417 2790 15914 169 169 15915 2417 2790 15916 171 171 15917 171 171 15918 2417 2790 15919 2636 3017 15920 171 171 15921 2636 3017 15922 173 173 15923 173 173 15924 2636 3017 15925 2635 3016 15926 173 173 15927 2635 3016 15928 2405 2769 15929 2405 2769 15930 2635 3016 15931 2633 3014 15932 2405 2769 15933 2633 3014 15934 2595 2976 15935 2595 2976 15936 2633 3014 15937 2631 3012 15938 2595 2976 15939 2631 3012 15940 2596 2977 15941 2596 2977 15942 2631 3012 15943 2629 3010 15944 2596 2977 15945 2629 3010 15946 2597 2978 15947 2597 2978 15948 2629 3010 15949 2627 3008 15950 2597 2978 15951 2627 3008 15952 2598 2979 15953 2598 2979 15954 2627 3008 15955 2625 3006 15956 2598 2979 15957 2625 3006 15958 2599 2980 15959 2599 2980 15960 2625 3006 15961 2623 3004 15962 2599 2980 15963 2623 3004 15964 2600 2981 15965 2600 2981 15966 2623 3004 15967 2621 3002 15968 2600 2981 15969 2621 3002 15970 2601 2982 15971 2601 2982 15972 2621 3002 15973 2619 3000 15974 2601 2982 15975 2619 3000 15976 2602 2983 15977 2602 2983 15978 2619 3000 15979 2617 2998 15980 2602 2983 15981 2617 2998 15982 2603 2984 15983 2603 2984 15984 2617 2998 15985 2615 2996 15986 2603 2984 15987 2615 2996 15988 2604 2985 15989 2604 2985 15990 2615 2996 15991 2613 2994 15992 2604 2985 15993 2613 2994 15994 2605 2986 15995 2605 2986 15996 2613 2994 15997 2611 2992 15998 2605 2986 15999 2611 2992 16000 2606 2987 16001 2606 2987 16002 2611 2992 16003 2609 2990 16004 2606 2987 16005 2609 2990 16006 2607 2988 16007 2607 2988 16008 2609 2990 16009 2452 2833 16010 2607 2988 16011 2452 2833 16012 2608 2989 16013 2608 2989 16014 2452 2833 16015 258 258 16016 2608 2989 16017 258 258 16018 265 265 16019 2721 3102 16020 771 961 16021 773 963 16022 2722 3103 16023 756 946 16024 758 948 16025 408 454 16026 2723 3104 16027 409 455 16028 409 455 16029 2723 3104 16030 2724 3105 16031 409 455 16032 2724 3105 16033 410 456 16034 410 456 16035 2724 3105 16036 2725 3106 16037 410 456 16038 2725 3106 16039 412 458 16040 416 462 16041 415 461 16042 2726 3107 16043 2726 3107 16044 415 461 16045 414 460 16046 2726 3107 16047 414 460 16048 2725 3106 16049 2725 3106 16050 414 460 16051 413 459 16052 2725 3106 16053 413 459 16054 412 458 16055 495 3108 16056 424 3109 16057 2727 3110 16058 2727 3110 16059 424 3109 16060 423 3111 16061 2727 3110 16062 423 3111 16063 2728 3112 16064 2728 3112 16065 423 3111 16066 422 3113 16067 2728 3112 16068 422 3113 16069 2729 3114 16070 2729 3114 16071 422 3113 16072 421 3115 16073 2729 3114 16074 421 3115 16075 2730 3116 16076 2730 3116 16077 421 3115 16078 420 3117 16079 2730 3116 16080 420 3117 16081 2731 3118 16082 2731 3118 16083 420 3117 16084 419 465 16085 2731 3118 16086 419 465 16087 2732 3119 16088 2732 3119 16089 419 465 16090 418 464 16091 2732 3119 16092 418 464 16093 2733 3120 16094 2733 3120 16095 418 464 16096 417 463 16097 2733 3120 16098 417 463 16099 2734 3121 16100 2734 3121 16101 417 463 16102 416 462 16103 2734 3121 16104 416 462 16105 2735 3122 16106 2735 3122 16107 416 462 16108 2726 3107 16109 790 980 16110 801 992 16111 2727 3110 16112 2727 3110 16113 801 992 16114 496 991 16115 2727 3110 16116 496 991 16117 495 3108 16118 807 1001 16119 792 982 16120 2736 3123 16121 805 999 16122 807 1001 16123 2737 3124 16124 833 1027 16125 805 999 16126 2738 3125 16127 828 1022 16128 833 1027 16129 2739 3126 16130 814 1008 16131 828 1022 16132 2740 3127 16133 816 1010 16134 814 1008 16135 2741 3128 16136 823 1017 16137 816 1010 16138 2742 3129 16139 819 1013 16140 821 1015 16141 2743 3130 16142 812 1006 16143 819 1013 16144 2744 3131 16145 804 998 16146 810 1004 16147 2745 3132 16148 802 996 16149 804 998 16150 2746 3133 16151 798 988 16152 802 996 16153 2747 3134 16154 799 989 16155 798 988 16156 2748 3135 16157 799 989 16158 2748 3135 16159 2749 3136 16160 2749 3136 16161 2748 3135 16162 2750 3137 16163 2749 3136 16164 2750 3137 16165 2751 3138 16166 2751 3138 16167 2750 3137 16168 2752 3139 16169 2751 3138 16170 2752 3139 16171 2753 3140 16172 2753 3140 16173 2752 3139 16174 2754 3141 16175 2753 3140 16176 2754 3141 16177 2755 3142 16178 2755 3142 16179 2754 3141 16180 2756 3143 16181 2755 3142 16182 2756 3143 16183 2757 3144 16184 2757 3144 16185 2756 3143 16186 2758 3145 16187 2757 3144 16188 2758 3145 16189 2759 3146 16190 2759 3146 16191 2758 3145 16192 2760 3147 16193 2759 3146 16194 2760 3147 16195 2761 3148 16196 2761 3148 16197 2760 3147 16198 2762 3149 16199 2762 3149 16200 2760 3147 16201 2763 3150 16202 2762 3149 16203 2763 3150 16204 2764 3151 16205 2764 3151 16206 2763 3150 16207 2765 3152 16208 2764 3151 16209 2765 3152 16210 2766 3153 16211 2766 3153 16212 2765 3152 16213 2767 3154 16214 2766 3153 16215 2767 3154 16216 2768 3155 16217 2768 3155 16218 2767 3154 16219 2769 3156 16220 2768 3155 16221 2769 3156 16222 2770 3157 16223 790 980 16224 2727 3110 16225 2771 3158 16226 2771 3158 16227 2727 3110 16228 2728 3112 16229 2771 3158 16230 2728 3112 16231 2772 3159 16232 2772 3159 16233 2728 3112 16234 2729 3114 16235 2772 3159 16236 2729 3114 16237 2773 3160 16238 2773 3160 16239 2729 3114 16240 2730 3116 16241 2773 3160 16242 2730 3116 16243 2774 3161 16244 2774 3161 16245 2730 3116 16246 2731 3118 16247 2774 3161 16248 2731 3118 16249 2775 3162 16250 2775 3162 16251 2731 3118 16252 2732 3119 16253 2775 3162 16254 2732 3119 16255 2776 3163 16256 2776 3163 16257 2732 3119 16258 2733 3120 16259 2776 3163 16260 2733 3120 16261 2777 3164 16262 2777 3164 16263 2733 3120 16264 2734 3121 16265 2777 3164 16266 2734 3121 16267 2778 3165 16268 2778 3165 16269 2734 3121 16270 2735 3122 16271 2778 3165 16272 2735 3122 16273 2779 3166 16274 2779 3166 16275 2735 3122 16276 2726 3107 16277 2779 3166 16278 2726 3107 16279 2780 3167 16280 2780 3167 16281 2726 3107 16282 2725 3106 16283 2780 3167 16284 2725 3106 16285 2781 3168 16286 2781 3168 16287 2725 3106 16288 2724 3105 16289 2781 3168 16290 2724 3105 16291 2782 3169 16292 2782 3169 16293 2724 3105 16294 2723 3104 16295 2782 3169 16296 2723 3104 16297 2783 3170 16298 756 946 16299 2722 3103 16300 2783 3170 16301 2783 3170 16302 2722 3103 16303 2784 3171 16304 2783 3170 16305 2784 3171 16306 2782 3169 16307 2782 3169 16308 2784 3171 16309 2785 3172 16310 2782 3169 16311 2785 3172 16312 2781 3168 16313 2781 3168 16314 2785 3172 16315 2786 3173 16316 2781 3168 16317 2786 3173 16318 2780 3167 16319 2780 3167 16320 2786 3173 16321 2787 3174 16322 2780 3167 16323 2787 3174 16324 2779 3166 16325 2779 3166 16326 2787 3174 16327 2788 3175 16328 2779 3166 16329 2788 3175 16330 2778 3165 16331 2778 3165 16332 2788 3175 16333 2789 3176 16334 2778 3165 16335 2789 3176 16336 2777 3164 16337 2777 3164 16338 2789 3176 16339 2790 3177 16340 2777 3164 16341 2790 3177 16342 2776 3163 16343 2776 3163 16344 2790 3177 16345 2791 3178 16346 2776 3163 16347 2791 3178 16348 2775 3162 16349 2775 3162 16350 2791 3178 16351 2792 3179 16352 2775 3162 16353 2792 3179 16354 2774 3161 16355 2774 3161 16356 2792 3179 16357 2793 3180 16358 2774 3161 16359 2793 3180 16360 2773 3160 16361 2773 3160 16362 2793 3180 16363 2794 3181 16364 2773 3160 16365 2794 3181 16366 2772 3159 16367 2772 3159 16368 2794 3181 16369 2736 3123 16370 2772 3159 16371 2736 3123 16372 2771 3158 16373 2771 3158 16374 2736 3123 16375 792 982 16376 2771 3158 16377 792 982 16378 790 980 16379 805 999 16380 2737 3124 16381 2738 3125 16382 2738 3125 16383 2737 3124 16384 2795 3182 16385 2738 3125 16386 2795 3182 16387 2796 3183 16388 2796 3183 16389 2795 3182 16390 2797 3184 16391 2796 3183 16392 2797 3184 16393 2798 3185 16394 2798 3185 16395 2797 3184 16396 2799 3186 16397 2798 3185 16398 2799 3186 16399 2800 3187 16400 2800 3187 16401 2799 3186 16402 2801 3188 16403 2800 3187 16404 2801 3188 16405 2802 3189 16406 2802 3189 16407 2801 3188 16408 2803 3190 16409 2802 3189 16410 2803 3190 16411 2804 3191 16412 2804 3191 16413 2803 3190 16414 2805 3192 16415 2804 3191 16416 2805 3192 16417 2806 3193 16418 2806 3193 16419 2805 3192 16420 2807 3194 16421 2806 3193 16422 2807 3194 16423 2808 3195 16424 2808 3195 16425 2807 3194 16426 2809 3196 16427 2808 3195 16428 2809 3196 16429 2810 3197 16430 2810 3197 16431 2809 3196 16432 2811 3198 16433 2810 3197 16434 2811 3198 16435 2812 3199 16436 2812 3199 16437 2811 3198 16438 2813 3200 16439 2812 3199 16440 2813 3200 16441 2814 3201 16442 2814 3201 16443 2813 3200 16444 2815 3202 16445 2814 3201 16446 2815 3202 16447 2816 3203 16448 2816 3203 16449 2815 3202 16450 2817 3204 16451 2816 3203 16452 2817 3204 16453 2818 3205 16454 833 1027 16455 2738 3125 16456 2739 3126 16457 2739 3126 16458 2738 3125 16459 2796 3183 16460 2739 3126 16461 2796 3183 16462 2819 3206 16463 2819 3206 16464 2796 3183 16465 2798 3185 16466 2819 3206 16467 2798 3185 16468 2820 3207 16469 2820 3207 16470 2798 3185 16471 2800 3187 16472 2820 3207 16473 2800 3187 16474 2821 3208 16475 2821 3208 16476 2800 3187 16477 2802 3189 16478 2821 3208 16479 2802 3189 16480 2822 3209 16481 2822 3209 16482 2802 3189 16483 2804 3191 16484 2822 3209 16485 2804 3191 16486 2823 3210 16487 2823 3210 16488 2804 3191 16489 2806 3193 16490 2823 3210 16491 2806 3193 16492 2824 3211 16493 2824 3211 16494 2806 3193 16495 2808 3195 16496 2824 3211 16497 2808 3195 16498 2825 3212 16499 2825 3212 16500 2808 3195 16501 2810 3197 16502 2825 3212 16503 2810 3197 16504 2826 3213 16505 2826 3213 16506 2810 3197 16507 2812 3199 16508 2826 3213 16509 2812 3199 16510 2827 3214 16511 2827 3214 16512 2812 3199 16513 2814 3201 16514 2827 3214 16515 2814 3201 16516 2828 3215 16517 2828 3215 16518 2814 3201 16519 2816 3203 16520 2828 3215 16521 2816 3203 16522 2829 3216 16523 2829 3216 16524 2816 3203 16525 2818 3205 16526 2829 3216 16527 2818 3205 16528 2830 3217 16529 828 1022 16530 2739 3126 16531 2740 3127 16532 2740 3127 16533 2739 3126 16534 2819 3206 16535 2740 3127 16536 2819 3206 16537 2831 3218 16538 2831 3218 16539 2819 3206 16540 2820 3207 16541 2831 3218 16542 2820 3207 16543 2832 3219 16544 2832 3219 16545 2820 3207 16546 2821 3208 16547 2832 3219 16548 2821 3208 16549 2833 3220 16550 2833 3220 16551 2821 3208 16552 2822 3209 16553 2833 3220 16554 2822 3209 16555 2834 3221 16556 2834 3221 16557 2822 3209 16558 2823 3210 16559 2834 3221 16560 2823 3210 16561 2835 3222 16562 2835 3222 16563 2823 3210 16564 2824 3211 16565 2835 3222 16566 2824 3211 16567 2836 3223 16568 2836 3223 16569 2824 3211 16570 2825 3212 16571 2836 3223 16572 2825 3212 16573 2837 3224 16574 2837 3224 16575 2825 3212 16576 2826 3213 16577 2837 3224 16578 2826 3213 16579 2838 3225 16580 2838 3225 16581 2826 3213 16582 2827 3214 16583 2838 3225 16584 2827 3214 16585 2839 3226 16586 2839 3226 16587 2827 3214 16588 2828 3215 16589 2839 3226 16590 2828 3215 16591 2840 3227 16592 2840 3227 16593 2828 3215 16594 2829 3216 16595 2840 3227 16596 2829 3216 16597 2841 3228 16598 2841 3228 16599 2829 3216 16600 2830 3217 16601 2841 3228 16602 2830 3217 16603 2842 3229 16604 771 961 16605 2721 3102 16606 2843 3230 16607 2843 3230 16608 2721 3102 16609 2844 3231 16610 2843 3230 16611 2844 3231 16612 2845 3232 16613 2845 3232 16614 2844 3231 16615 2846 3233 16616 2845 3232 16617 2846 3233 16618 2847 3234 16619 2847 3234 16620 2846 3233 16621 2848 3235 16622 2847 3234 16623 2848 3235 16624 2849 3236 16625 2849 3236 16626 2848 3235 16627 2850 3237 16628 2849 3236 16629 2850 3237 16630 2851 3238 16631 2851 3238 16632 2850 3237 16633 2852 3239 16634 2851 3238 16635 2852 3239 16636 2853 3240 16637 2853 3240 16638 2852 3239 16639 2854 3241 16640 2853 3240 16641 2854 3241 16642 2855 3242 16643 2855 3242 16644 2854 3241 16645 2856 3243 16646 2855 3242 16647 2856 3243 16648 2857 3244 16649 2857 3244 16650 2856 3243 16651 2858 3245 16652 2857 3244 16653 2858 3245 16654 2859 3246 16655 2859 3246 16656 2858 3245 16657 2860 3247 16658 2859 3246 16659 2860 3247 16660 2861 3248 16661 2861 3248 16662 2860 3247 16663 2862 3249 16664 2861 3248 16665 2862 3249 16666 2863 3250 16667 2863 3250 16668 2862 3249 16669 2864 3251 16670 2863 3250 16671 2864 3251 16672 2865 3252 16673 2865 3252 16674 2864 3251 16675 2743 3130 16676 2865 3252 16677 2743 3130 16678 2866 3253 16679 2866 3253 16680 2743 3130 16681 821 1015 16682 2866 3253 16683 821 1015 16684 823 1017 16685 804 998 16686 2745 3132 16687 2746 3133 16688 2746 3133 16689 2745 3132 16690 2867 3254 16691 2746 3133 16692 2867 3254 16693 2868 3255 16694 2868 3255 16695 2867 3254 16696 2869 3256 16697 2868 3255 16698 2869 3256 16699 2870 3257 16700 2870 3257 16701 2869 3256 16702 2871 3258 16703 2870 3257 16704 2871 3258 16705 2872 3259 16706 2872 3259 16707 2871 3258 16708 2873 3260 16709 2872 3259 16710 2873 3260 16711 2874 3261 16712 2874 3261 16713 2873 3260 16714 2875 3262 16715 2874 3261 16716 2875 3262 16717 2876 3263 16718 2876 3263 16719 2875 3262 16720 2877 3264 16721 2876 3263 16722 2877 3264 16723 2878 3265 16724 2878 3265 16725 2877 3264 16726 2879 3266 16727 2878 3265 16728 2879 3266 16729 2880 3267 16730 2880 3267 16731 2879 3266 16732 2881 3268 16733 2880 3267 16734 2881 3268 16735 2882 3269 16736 2882 3269 16737 2881 3268 16738 2883 3270 16739 2882 3269 16740 2883 3270 16741 2884 3271 16742 2884 3271 16743 2883 3270 16744 2885 3272 16745 2884 3271 16746 2885 3272 16747 2886 3273 16748 2886 3273 16749 2885 3272 16750 2887 3274 16751 2886 3273 16752 2887 3274 16753 2888 3275 16754 2888 3275 16755 2887 3274 16756 2889 3276 16757 2888 3275 16758 2889 3276 16759 2890 3277 16760 802 996 16761 2746 3133 16762 2747 3134 16763 2747 3134 16764 2746 3133 16765 2868 3255 16766 2747 3134 16767 2868 3255 16768 2891 3278 16769 2891 3278 16770 2868 3255 16771 2870 3257 16772 2891 3278 16773 2870 3257 16774 2892 3279 16775 2892 3279 16776 2870 3257 16777 2872 3259 16778 2892 3279 16779 2872 3259 16780 2893 3280 16781 2893 3280 16782 2872 3259 16783 2874 3261 16784 2893 3280 16785 2874 3261 16786 2894 3281 16787 2894 3281 16788 2874 3261 16789 2876 3263 16790 2894 3281 16791 2876 3263 16792 2895 3282 16793 2895 3282 16794 2876 3263 16795 2878 3265 16796 2895 3282 16797 2878 3265 16798 2896 3283 16799 2896 3283 16800 2878 3265 16801 2880 3267 16802 2896 3283 16803 2880 3267 16804 2897 3284 16805 2897 3284 16806 2880 3267 16807 2882 3269 16808 2897 3284 16809 2882 3269 16810 2898 3285 16811 2898 3285 16812 2882 3269 16813 2884 3271 16814 2898 3285 16815 2884 3271 16816 2899 3286 16817 2899 3286 16818 2884 3271 16819 2886 3273 16820 2899 3286 16821 2886 3273 16822 2900 3287 16823 2900 3287 16824 2886 3273 16825 2888 3275 16826 2900 3287 16827 2888 3275 16828 2901 3288 16829 2901 3288 16830 2888 3275 16831 2890 3277 16832 2901 3288 16833 2890 3277 16834 2902 3289 16835 408 454 16836 750 940 16837 2723 3104 16838 2723 3104 16839 750 940 16840 752 942 16841 2723 3104 16842 752 942 16843 2783 3170 16844 2783 3170 16845 752 942 16846 754 944 16847 2783 3170 16848 754 944 16849 756 946 16850 807 1001 16851 2736 3123 16852 2737 3124 16853 2737 3124 16854 2736 3123 16855 2794 3181 16856 2737 3124 16857 2794 3181 16858 2795 3182 16859 2795 3182 16860 2794 3181 16861 2793 3180 16862 2795 3182 16863 2793 3180 16864 2797 3184 16865 2797 3184 16866 2793 3180 16867 2792 3179 16868 2797 3184 16869 2792 3179 16870 2799 3186 16871 2799 3186 16872 2792 3179 16873 2791 3178 16874 2799 3186 16875 2791 3178 16876 2801 3188 16877 2801 3188 16878 2791 3178 16879 2790 3177 16880 2801 3188 16881 2790 3177 16882 2803 3190 16883 2803 3190 16884 2790 3177 16885 2789 3176 16886 2803 3190 16887 2789 3176 16888 2805 3192 16889 2805 3192 16890 2789 3176 16891 2788 3175 16892 2805 3192 16893 2788 3175 16894 2807 3194 16895 2807 3194 16896 2788 3175 16897 2787 3174 16898 2807 3194 16899 2787 3174 16900 2809 3196 16901 2809 3196 16902 2787 3174 16903 2786 3173 16904 2809 3196 16905 2786 3173 16906 2811 3198 16907 2811 3198 16908 2786 3173 16909 2785 3172 16910 2811 3198 16911 2785 3172 16912 2813 3200 16913 2813 3200 16914 2785 3172 16915 2784 3171 16916 2813 3200 16917 2784 3171 16918 2815 3202 16919 2815 3202 16920 2784 3171 16921 2722 3103 16922 2815 3202 16923 2722 3103 16924 2817 3204 16925 2817 3204 16926 2722 3103 16927 758 948 16928 2817 3204 16929 758 948 16930 2818 3205 16931 2818 3205 16932 758 948 16933 764 954 16934 2818 3205 16935 764 954 16936 2830 3217 16937 2830 3217 16938 764 954 16939 763 953 16940 2830 3217 16941 763 953 16942 2842 3229 16943 2842 3229 16944 763 953 16945 761 951 16946 2842 3229 16947 761 951 16948 760 950 16949 814 1008 16950 2740 3127 16951 2741 3128 16952 2741 3128 16953 2740 3127 16954 2831 3218 16955 2741 3128 16956 2831 3218 16957 2903 3290 16958 2903 3290 16959 2831 3218 16960 2832 3219 16961 2903 3290 16962 2832 3219 16963 2904 3291 16964 2904 3291 16965 2832 3219 16966 2833 3220 16967 2904 3291 16968 2833 3220 16969 2905 3292 16970 2905 3292 16971 2833 3220 16972 2834 3221 16973 2905 3292 16974 2834 3221 16975 2906 3293 16976 2906 3293 16977 2834 3221 16978 2835 3222 16979 2906 3293 16980 2835 3222 16981 2907 3294 16982 2907 3294 16983 2835 3222 16984 2836 3223 16985 2907 3294 16986 2836 3223 16987 2908 3295 16988 2908 3295 16989 2836 3223 16990 2837 3224 16991 2908 3295 16992 2837 3224 16993 2909 3296 16994 2909 3296 16995 2837 3224 16996 2838 3225 16997 2909 3296 16998 2838 3225 16999 2910 3297 17000 2910 3297 17001 2838 3225 17002 2839 3226 17003 2910 3297 17004 2839 3226 17005 2911 3298 17006 2911 3298 17007 2839 3226 17008 2840 3227 17009 2911 3298 17010 2840 3227 17011 2912 3299 17012 2912 3299 17013 2840 3227 17014 2841 3228 17015 2912 3299 17016 2841 3228 17017 2913 3300 17018 2913 3300 17019 2841 3228 17020 2842 3229 17021 2913 3300 17022 2842 3229 17023 2914 3301 17024 2914 3301 17025 2842 3229 17026 760 950 17027 2914 3301 17028 760 950 17029 767 957 17030 816 1010 17031 2741 3128 17032 2742 3129 17033 2742 3129 17034 2741 3128 17035 2903 3290 17036 2742 3129 17037 2903 3290 17038 2915 3302 17039 2915 3302 17040 2903 3290 17041 2904 3291 17042 2915 3302 17043 2904 3291 17044 2916 3303 17045 2916 3303 17046 2904 3291 17047 2905 3292 17048 2916 3303 17049 2905 3292 17050 2917 3304 17051 2917 3304 17052 2905 3292 17053 2906 3293 17054 2917 3304 17055 2906 3293 17056 2918 3305 17057 2918 3305 17058 2906 3293 17059 2907 3294 17060 2918 3305 17061 2907 3294 17062 2919 3306 17063 2919 3306 17064 2907 3294 17065 2908 3295 17066 2919 3306 17067 2908 3295 17068 2920 3307 17069 2920 3307 17070 2908 3295 17071 2909 3296 17072 2920 3307 17073 2909 3296 17074 2921 3308 17075 2921 3308 17076 2909 3296 17077 2910 3297 17078 2921 3308 17079 2910 3297 17080 2922 3309 17081 2922 3309 17082 2910 3297 17083 2911 3298 17084 2922 3309 17085 2911 3298 17086 2923 3310 17087 2923 3310 17088 2911 3298 17089 2912 3299 17090 2923 3310 17091 2912 3299 17092 2924 3311 17093 2924 3311 17094 2912 3299 17095 2913 3300 17096 2924 3311 17097 2913 3300 17098 2925 3312 17099 2925 3312 17100 2913 3300 17101 2914 3301 17102 2925 3312 17103 2914 3301 17104 2926 3313 17105 2926 3313 17106 2914 3301 17107 767 957 17108 2926 3313 17109 767 957 17110 769 959 17111 823 1017 17112 2742 3129 17113 2866 3253 17114 2866 3253 17115 2742 3129 17116 2915 3302 17117 2866 3253 17118 2915 3302 17119 2865 3252 17120 2865 3252 17121 2915 3302 17122 2916 3303 17123 2865 3252 17124 2916 3303 17125 2863 3250 17126 2863 3250 17127 2916 3303 17128 2917 3304 17129 2863 3250 17130 2917 3304 17131 2861 3248 17132 2861 3248 17133 2917 3304 17134 2918 3305 17135 2861 3248 17136 2918 3305 17137 2859 3246 17138 2859 3246 17139 2918 3305 17140 2919 3306 17141 2859 3246 17142 2919 3306 17143 2857 3244 17144 2857 3244 17145 2919 3306 17146 2920 3307 17147 2857 3244 17148 2920 3307 17149 2855 3242 17150 2855 3242 17151 2920 3307 17152 2921 3308 17153 2855 3242 17154 2921 3308 17155 2853 3240 17156 2853 3240 17157 2921 3308 17158 2922 3309 17159 2853 3240 17160 2922 3309 17161 2851 3238 17162 2851 3238 17163 2922 3309 17164 2923 3310 17165 2851 3238 17166 2923 3310 17167 2849 3236 17168 2849 3236 17169 2923 3310 17170 2924 3311 17171 2849 3236 17172 2924 3311 17173 2847 3234 17174 2847 3234 17175 2924 3311 17176 2925 3312 17177 2847 3234 17178 2925 3312 17179 2845 3232 17180 2845 3232 17181 2925 3312 17182 2926 3313 17183 2845 3232 17184 2926 3313 17185 2843 3230 17186 2843 3230 17187 2926 3313 17188 769 959 17189 2843 3230 17190 769 959 17191 771 961 17192 819 1013 17193 2743 3130 17194 2744 3131 17195 2744 3131 17196 2743 3130 17197 2864 3251 17198 2744 3131 17199 2864 3251 17200 2927 3314 17201 2927 3314 17202 2864 3251 17203 2862 3249 17204 2927 3314 17205 2862 3249 17206 2928 3315 17207 2928 3315 17208 2862 3249 17209 2860 3247 17210 2928 3315 17211 2860 3247 17212 2929 3316 17213 2929 3316 17214 2860 3247 17215 2858 3245 17216 2929 3316 17217 2858 3245 17218 2930 3317 17219 2930 3317 17220 2858 3245 17221 2856 3243 17222 2930 3317 17223 2856 3243 17224 2931 3318 17225 2931 3318 17226 2856 3243 17227 2854 3241 17228 2931 3318 17229 2854 3241 17230 2932 3319 17231 2932 3319 17232 2854 3241 17233 2852 3239 17234 2932 3319 17235 2852 3239 17236 2933 3320 17237 2933 3320 17238 2852 3239 17239 2850 3237 17240 2933 3320 17241 2850 3237 17242 2934 3321 17243 2934 3321 17244 2850 3237 17245 2848 3235 17246 2934 3321 17247 2848 3235 17248 2935 3322 17249 2935 3322 17250 2848 3235 17251 2846 3233 17252 2935 3322 17253 2846 3233 17254 2936 3323 17255 2936 3323 17256 2846 3233 17257 2844 3231 17258 2936 3323 17259 2844 3231 17260 2937 3324 17261 2937 3324 17262 2844 3231 17263 2721 3102 17264 2937 3324 17265 2721 3102 17266 2938 3325 17267 2938 3325 17268 2721 3102 17269 773 963 17270 2938 3325 17271 773 963 17272 775 965 17273 812 1006 17274 2744 3131 17275 2939 3326 17276 2939 3326 17277 2744 3131 17278 2927 3314 17279 2939 3326 17280 2927 3314 17281 2940 3327 17282 2940 3327 17283 2927 3314 17284 2928 3315 17285 2940 3327 17286 2928 3315 17287 2941 3328 17288 2941 3328 17289 2928 3315 17290 2929 3316 17291 2941 3328 17292 2929 3316 17293 2942 3329 17294 2942 3329 17295 2929 3316 17296 2930 3317 17297 2942 3329 17298 2930 3317 17299 2943 3330 17300 2943 3330 17301 2930 3317 17302 2931 3318 17303 2943 3330 17304 2931 3318 17305 2944 3331 17306 2944 3331 17307 2931 3318 17308 2932 3319 17309 2944 3331 17310 2932 3319 17311 2945 3332 17312 2945 3332 17313 2932 3319 17314 2933 3320 17315 2945 3332 17316 2933 3320 17317 2946 3333 17318 2946 3333 17319 2933 3320 17320 2934 3321 17321 2946 3333 17322 2934 3321 17323 2947 3334 17324 2947 3334 17325 2934 3321 17326 2935 3322 17327 2947 3334 17328 2935 3322 17329 2948 3335 17330 2948 3335 17331 2935 3322 17332 2936 3323 17333 2948 3335 17334 2936 3323 17335 2949 3336 17336 2949 3336 17337 2936 3323 17338 2937 3324 17339 2949 3336 17340 2937 3324 17341 2950 3337 17342 2950 3337 17343 2937 3324 17344 2938 3325 17345 2950 3337 17346 2938 3325 17347 2951 3338 17348 2951 3338 17349 2938 3325 17350 775 965 17351 2951 3338 17352 775 965 17353 777 967 17354 777 967 17355 2889 3276 17356 2951 3338 17357 2951 3338 17358 2889 3276 17359 2887 3274 17360 2951 3338 17361 2887 3274 17362 2950 3337 17363 2950 3337 17364 2887 3274 17365 2885 3272 17366 2950 3337 17367 2885 3272 17368 2949 3336 17369 2949 3336 17370 2885 3272 17371 2883 3270 17372 2949 3336 17373 2883 3270 17374 2948 3335 17375 2948 3335 17376 2883 3270 17377 2881 3268 17378 2948 3335 17379 2881 3268 17380 2947 3334 17381 2947 3334 17382 2881 3268 17383 2879 3266 17384 2947 3334 17385 2879 3266 17386 2946 3333 17387 2946 3333 17388 2879 3266 17389 2877 3264 17390 2946 3333 17391 2877 3264 17392 2945 3332 17393 2945 3332 17394 2877 3264 17395 2875 3262 17396 2945 3332 17397 2875 3262 17398 2944 3331 17399 2944 3331 17400 2875 3262 17401 2873 3260 17402 2944 3331 17403 2873 3260 17404 2943 3330 17405 2943 3330 17406 2873 3260 17407 2871 3258 17408 2943 3330 17409 2871 3258 17410 2942 3329 17411 2942 3329 17412 2871 3258 17413 2869 3256 17414 2942 3329 17415 2869 3256 17416 2941 3328 17417 2941 3328 17418 2869 3256 17419 2867 3254 17420 2941 3328 17421 2867 3254 17422 2940 3327 17423 2940 3327 17424 2867 3254 17425 2745 3132 17426 2940 3327 17427 2745 3132 17428 2939 3326 17429 2939 3326 17430 2745 3132 17431 810 1004 17432 2939 3326 17433 810 1004 17434 812 1006 17435 777 967 17436 779 969 17437 2889 3276 17438 2889 3276 17439 779 969 17440 788 978 17441 2889 3276 17442 788 978 17443 2890 3277 17444 2890 3277 17445 788 978 17446 787 977 17447 2890 3277 17448 787 977 17449 2902 3289 17450 2902 3289 17451 787 977 17452 785 975 17453 2902 3289 17454 785 975 17455 783 973 17456 798 988 17457 2747 3134 17458 2748 3135 17459 2748 3135 17460 2747 3134 17461 2891 3278 17462 2748 3135 17463 2891 3278 17464 2750 3137 17465 2750 3137 17466 2891 3278 17467 2892 3279 17468 2750 3137 17469 2892 3279 17470 2752 3139 17471 2752 3139 17472 2892 3279 17473 2893 3280 17474 2752 3139 17475 2893 3280 17476 2754 3141 17477 2754 3141 17478 2893 3280 17479 2894 3281 17480 2754 3141 17481 2894 3281 17482 2756 3143 17483 2756 3143 17484 2894 3281 17485 2895 3282 17486 2756 3143 17487 2895 3282 17488 2758 3145 17489 2758 3145 17490 2895 3282 17491 2896 3283 17492 2758 3145 17493 2896 3283 17494 2760 3147 17495 2760 3147 17496 2896 3283 17497 2897 3284 17498 2760 3147 17499 2897 3284 17500 2763 3150 17501 2763 3150 17502 2897 3284 17503 2898 3285 17504 2763 3150 17505 2898 3285 17506 2765 3152 17507 2765 3152 17508 2898 3285 17509 2899 3286 17510 2765 3152 17511 2899 3286 17512 2767 3154 17513 2767 3154 17514 2899 3286 17515 2900 3287 17516 2767 3154 17517 2900 3287 17518 2769 3156 17519 2769 3156 17520 2900 3287 17521 2901 3288 17522 2769 3156 17523 2901 3288 17524 2952 3339 17525 2952 3339 17526 2901 3288 17527 2902 3289 17528 2952 3339 17529 2902 3289 17530 2953 3340 17531 2953 3340 17532 2902 3289 17533 783 973 17534 2953 3340 17535 783 973 17536 782 972 17537 2770 3157 17538 2769 3156 17539 2954 3341 17540 2954 3341 17541 2769 3156 17542 2952 3339 17543 2954 3341 17544 2952 3339 17545 2955 3342 17546 2955 3342 17547 2952 3339 17548 2953 3340 17549 2955 3342 17550 2953 3340 17551 2956 3343 17552 2956 3343 17553 2953 3340 17554 782 972 17555 2956 3343 17556 782 972 17557 737 927 17558 1338 1650 17559 1366 1678 17560 2957 3344 17561 1365 1677 17562 799 989 17563 2749 3136 17564 2958 3345 17565 2959 3346 17566 2960 3347 17567 2961 3348 17568 2962 3349 17569 2963 3350 17570 1505 1830 17571 1341 1653 17572 2964 3351 17573 2965 3352 17574 607 797 17575 606 796 17576 1316 1598 17577 644 3353 17578 642 3354 17579 642 3354 17580 640 3355 17581 1316 1598 17582 1316 1598 17583 640 3355 17584 638 3356 17585 1316 1598 17586 638 3356 17587 636 1599 17588 2966 3357 17589 2967 3358 17590 645 3359 17591 645 3359 17592 2967 3358 17593 632 3360 17594 2968 3361 17595 587 3362 17596 2967 3358 17597 2967 3358 17598 587 3362 17599 630 3363 17600 2967 3358 17601 630 3363 17602 632 3360 17603 2969 3364 17604 594 3365 17605 2968 3361 17606 2968 3361 17607 594 3365 17608 589 3366 17609 2968 3361 17610 589 3366 17611 587 3362 17612 602 792 17613 599 789 17614 2970 3367 17615 2970 3367 17616 599 789 17617 600 790 17618 2970 3367 17619 600 790 17620 2971 3368 17621 2971 3368 17622 600 790 17623 601 791 17624 2971 3368 17625 601 791 17626 2972 3369 17627 2972 3369 17628 601 791 17629 591 3370 17630 2972 3369 17631 591 3370 17632 593 3371 17633 2973 3372 17634 605 795 17635 2974 3373 17636 2974 3373 17637 605 795 17638 604 794 17639 2974 3373 17640 604 794 17641 2975 3374 17642 2975 3374 17643 604 794 17644 603 793 17645 2975 3374 17646 603 793 17647 2976 3375 17648 2976 3375 17649 603 793 17650 602 792 17651 2976 3375 17652 602 792 17653 2977 3376 17654 2977 3376 17655 602 792 17656 2970 3367 17657 2977 3376 17658 2970 3367 17659 2978 3377 17660 611 801 17661 610 800 17662 2979 3378 17663 2979 3378 17664 610 800 17665 609 799 17666 2979 3378 17667 609 799 17668 2965 3352 17669 2965 3352 17670 609 799 17671 608 798 17672 2965 3352 17673 608 798 17674 607 797 17675 595 785 17676 612 802 17677 2980 3379 17678 595 785 17679 2980 3379 17680 596 786 17681 596 786 17682 2980 3379 17683 2981 3380 17684 596 786 17685 2981 3380 17686 598 788 17687 598 788 17688 2981 3380 17689 746 936 17690 598 788 17691 746 936 17692 625 815 17693 1505 1830 17694 2964 3351 17695 1312 1594 17696 2982 3381 17697 2983 3382 17698 2984 3383 17699 2984 3383 17700 2983 3382 17701 2985 3384 17702 2984 3383 17703 2985 3384 17704 2986 3385 17705 2986 3385 17706 2985 3384 17707 2987 3386 17708 2986 3385 17709 2987 3386 17710 2964 3351 17711 2964 3351 17712 2987 3386 17713 2988 3387 17714 2964 3351 17715 2988 3387 17716 1312 1594 17717 2989 3388 17718 2969 3364 17719 2990 3389 17720 2990 3389 17721 2969 3364 17722 2968 3361 17723 2990 3389 17724 2968 3361 17725 2991 3390 17726 2991 3390 17727 2968 3361 17728 2967 3358 17729 2991 3390 17730 2967 3358 17731 2992 3391 17732 2992 3391 17733 2967 3358 17734 2966 3357 17735 2992 3391 17736 2966 3357 17737 1316 1598 17738 1316 1598 17739 2966 3357 17740 645 3359 17741 1316 1598 17742 645 3359 17743 644 3353 17744 2991 3390 17745 2993 3392 17746 2990 3389 17747 2990 3389 17748 2993 3392 17749 2994 3393 17750 2990 3389 17751 2994 3393 17752 2989 3388 17753 2989 3388 17754 2994 3393 17755 2995 3394 17756 2989 3388 17757 2995 3394 17758 2996 3395 17759 2978 3377 17760 2970 3367 17761 2996 3395 17762 2996 3395 17763 2970 3367 17764 2971 3368 17765 2996 3396 17766 2971 3396 17767 2989 3396 17768 2989 3388 17769 2971 3368 17770 2972 3369 17771 2989 3388 17772 2972 3369 17773 2969 3364 17774 2969 3364 17775 2972 3369 17776 593 3371 17777 2969 3364 17778 593 3371 17779 594 3365 17780 2963 3350 17781 2962 3349 17782 2997 3397 17783 2997 3397 17784 2962 3349 17785 2998 3398 17786 2997 3397 17787 2998 3398 17788 2999 3399 17789 2999 3399 17790 2998 3398 17791 3000 3400 17792 2999 3399 17793 3000 3400 17794 3001 3401 17795 3001 3401 17796 3000 3400 17797 3002 3402 17798 3001 3401 17799 3002 3402 17800 3003 3403 17801 3003 3403 17802 3002 3402 17803 3004 3404 17804 3003 3403 17805 3004 3404 17806 3005 3405 17807 3005 3405 17808 3004 3404 17809 3006 3406 17810 3005 3405 17811 3006 3406 17812 2982 3381 17813 2982 3381 17814 3006 3406 17815 3007 3407 17816 2982 3381 17817 3007 3407 17818 2983 3382 17819 3008 3408 17820 3009 3409 17821 3010 3410 17822 3010 3410 17823 3009 3409 17824 2973 3372 17825 1316 1598 17826 1312 1594 17827 2992 3391 17828 2992 3391 17829 1312 1594 17830 2988 3387 17831 2992 3391 17832 2988 3387 17833 2991 3390 17834 2991 3390 17835 2988 3387 17836 2987 3386 17837 2991 3390 17838 2987 3386 17839 2993 3392 17840 2993 3392 17841 2987 3386 17842 2985 3384 17843 2993 3392 17844 2985 3384 17845 2994 3393 17846 2994 3393 17847 2985 3384 17848 2983 3382 17849 2994 3393 17850 2983 3382 17851 2995 3394 17852 2995 3394 17853 2983 3382 17854 3007 3407 17855 2995 3394 17856 3007 3407 17857 2996 3395 17858 2996 3395 17859 3007 3407 17860 3006 3406 17861 2996 3395 17862 3006 3406 17863 2978 3377 17864 2978 3377 17865 3006 3406 17866 3004 3404 17867 2978 3377 17868 3004 3404 17869 2977 3376 17870 2977 3376 17871 3004 3404 17872 3002 3402 17873 2977 3376 17874 3002 3402 17875 2976 3375 17876 2976 3375 17877 3002 3402 17878 3000 3400 17879 2976 3375 17880 3000 3400 17881 2975 3374 17882 2975 3374 17883 3000 3400 17884 2998 3398 17885 2975 3374 17886 2998 3398 17887 2974 3373 17888 2974 3373 17889 2998 3398 17890 2962 3349 17891 2974 3373 17892 2962 3349 17893 2973 3372 17894 2973 3372 17895 2962 3349 17896 2961 3348 17897 2973 3372 17898 2961 3348 17899 3010 3410 17900 2960 3347 17901 2959 3346 17902 3011 3411 17903 3011 3411 17904 2959 3346 17905 3012 3412 17906 3011 3411 17907 3012 3412 17908 3013 3413 17909 3013 3413 17910 3012 3412 17911 3014 3414 17912 3013 3413 17913 3014 3414 17914 3015 3415 17915 3015 3415 17916 3014 3414 17917 3016 3416 17918 3015 3415 17919 3016 3416 17920 748 938 17921 2963 3350 17922 2958 3345 17923 2961 3348 17924 2961 3348 17925 2958 3345 17926 2960 3347 17927 2961 3348 17928 2960 3347 17929 3010 3410 17930 3010 3410 17931 2960 3347 17932 3011 3411 17933 3010 3410 17934 3011 3411 17935 3008 3408 17936 3008 3408 17937 3011 3411 17938 3013 3413 17939 612 802 17940 611 801 17941 2980 3379 17942 2980 3379 17943 611 801 17944 2979 3378 17945 2980 3379 17946 2979 3378 17947 3017 3417 17948 3017 3417 17949 2979 3378 17950 2965 3352 17951 748 938 17952 746 936 17953 3015 3415 17954 3015 3415 17955 746 936 17956 2981 3380 17957 3015 3415 17958 2981 3380 17959 3013 3413 17960 3013 3413 17961 2981 3380 17962 2980 3379 17963 3013 3413 17964 2980 3379 17965 3008 3408 17966 3008 3408 17967 2980 3379 17968 3017 3417 17969 3008 3408 17970 3017 3417 17971 3009 3409 17972 3009 3409 17973 3017 3417 17974 2965 3352 17975 3009 3409 17976 2965 3352 17977 2973 3372 17978 2973 3372 17979 2965 3352 17980 606 796 17981 2973 3372 17982 606 796 17983 605 795 17984 3018 3418 17985 3019 3419 17986 3020 3420 17987 3020 3420 17988 3019 3419 17989 3021 3421 17990 3020 3420 17991 3021 3421 17992 3022 3422 17993 3020 3420 17994 3022 3422 17995 3023 3423 17996 737 927 17997 744 934 17998 2956 3343 17999 2956 3343 18000 744 934 18001 3024 3424 18002 2956 3343 18003 3024 3424 18004 2955 3342 18005 2955 3342 18006 3024 3424 18007 3018 3418 18008 2955 3342 18009 3018 3418 18010 2954 3341 18011 2954 3341 18012 3018 3418 18013 3020 3420 18014 1338 1650 18015 2957 3344 18016 1340 1652 18017 3024 3424 18018 3025 3425 18019 3018 3418 18020 3018 3418 18021 3025 3425 18022 3026 3426 18023 3018 3418 18024 3026 3426 18025 3019 3419 18026 3019 3419 18027 3026 3426 18028 3027 3427 18029 3019 3419 18030 3027 3427 18031 3021 3421 18032 3021 3421 18033 3027 3427 18034 3028 3428 18035 3021 3421 18036 3028 3428 18037 3022 3422 18038 3022 3422 18039 3028 3428 18040 3029 3429 18041 3022 3422 18042 3029 3429 18043 3023 3423 18044 3023 3423 18045 3029 3429 18046 3030 3430 18047 3023 3423 18048 3030 3430 18049 3031 3431 18050 3031 3431 18051 3030 3430 18052 3032 3432 18053 3031 3431 18054 3032 3432 18055 3033 3433 18056 3033 3433 18057 3032 3432 18058 3034 3434 18059 3033 3433 18060 3034 3434 18061 3035 3435 18062 3035 3435 18063 3034 3434 18064 3036 3436 18065 3035 3435 18066 3036 3436 18067 3037 3437 18068 3037 3437 18069 3036 3436 18070 3038 3438 18071 3037 3437 18072 3038 3438 18073 3039 3439 18074 3039 3439 18075 3038 3438 18076 3040 3440 18077 3039 3439 18078 3040 3440 18079 3041 3441 18080 3041 3441 18081 3040 3440 18082 3042 3442 18083 3041 3441 18084 3042 3442 18085 3043 3443 18086 3043 3443 18087 3042 3442 18088 3044 3444 18089 3043 3443 18090 3044 3444 18091 2957 3344 18092 2957 3344 18093 3044 3444 18094 3045 3445 18095 2957 3344 18096 3045 3445 18097 1340 1652 18098 1366 1678 18099 1365 1677 18100 2957 3344 18101 2957 3344 18102 1365 1677 18103 2749 3136 18104 2957 3344 18105 2749 3136 18106 3043 3443 18107 3043 3443 18108 2749 3136 18109 2751 3138 18110 3043 3443 18111 2751 3138 18112 3041 3441 18113 3041 3441 18114 2751 3138 18115 2753 3140 18116 3041 3441 18117 2753 3140 18118 3039 3439 18119 3039 3439 18120 2753 3140 18121 2755 3142 18122 3039 3439 18123 2755 3142 18124 3037 3437 18125 3037 3437 18126 2755 3142 18127 2757 3144 18128 3037 3437 18129 2757 3144 18130 3035 3435 18131 3035 3435 18132 2757 3144 18133 2759 3146 18134 3035 3435 18135 2759 3146 18136 3033 3433 18137 3033 3433 18138 2759 3146 18139 2761 3148 18140 3033 3433 18141 2761 3148 18142 3031 3431 18143 3031 3431 18144 2761 3148 18145 2762 3149 18146 3031 3431 18147 2762 3149 18148 3023 3423 18149 3023 3423 18150 2762 3149 18151 2764 3151 18152 3023 3423 18153 2764 3151 18154 3020 3420 18155 3020 3420 18156 2764 3151 18157 2766 3153 18158 3020 3420 18159 2766 3153 18160 2768 3155 18161 3020 3420 18162 2768 3155 18163 2770 3157 18164 3020 3420 18165 2770 3157 18166 2954 3341 18167 744 934 18168 743 933 18169 3024 3424 18170 3024 3424 18171 743 933 18172 741 931 18173 3024 3424 18174 741 931 18175 3025 3425 18176 3025 3425 18177 741 931 18178 739 929 18179 3025 3425 18180 739 929 18181 749 939 18182 1341 1653 18183 1340 1652 18184 2964 3351 18185 2964 3351 18186 1340 1652 18187 3045 3445 18188 2964 3351 18189 3045 3445 18190 2986 3385 18191 2986 3385 18192 3045 3445 18193 3044 3444 18194 2986 3385 18195 3044 3444 18196 2984 3383 18197 2984 3383 18198 3044 3444 18199 3042 3442 18200 2984 3383 18201 3042 3442 18202 2982 3381 18203 2982 3381 18204 3042 3442 18205 3040 3440 18206 2982 3381 18207 3040 3440 18208 3005 3405 18209 3005 3405 18210 3040 3440 18211 3038 3438 18212 3005 3405 18213 3038 3438 18214 3003 3403 18215 3003 3403 18216 3038 3438 18217 3036 3436 18218 3003 3403 18219 3036 3436 18220 3001 3401 18221 3001 3401 18222 3036 3436 18223 3034 3434 18224 3001 3401 18225 3034 3434 18226 2999 3399 18227 2999 3399 18228 3034 3434 18229 3032 3432 18230 2999 3399 18231 3032 3432 18232 2997 3397 18233 2997 3397 18234 3032 3432 18235 3030 3430 18236 2997 3397 18237 3030 3430 18238 2963 3350 18239 2963 3350 18240 3030 3430 18241 3029 3429 18242 2963 3350 18243 3029 3429 18244 2958 3345 18245 2958 3345 18246 3029 3429 18247 3028 3428 18248 2958 3345 18249 3028 3428 18250 2959 3346 18251 2959 3346 18252 3028 3428 18253 3027 3427 18254 2959 3346 18255 3027 3427 18256 3012 3412 18257 3012 3412 18258 3027 3427 18259 3026 3426 18260 3012 3412 18261 3026 3426 18262 3014 3414 18263 3014 3414 18264 3026 3426 18265 3025 3425 18266 3014 3414 18267 3025 3425 18268 3016 3416 18269 3016 3416 18270 3025 3425 18271 749 939 18272 3016 3416 18273 749 939 18274 748 938 18275</p>
        </triangles>
      </mesh>
    </geometry>
  </library_geometries>
  <library_visual_scenes>
    <visual_scene id="Scene" name="Scene">
      <node id="helice1_001" name="helice1.001" type="NODE">
        <matrix sid="transform">1 0 0 0 0 1 0 0 0 0 1 0 0 0 0 1</matrix>
        <instance_geometry url="#Helice_010-mesh" name="helice1.001">
          <bind_material>
            <technique_common>
              <instance_material symbol="green-material" target="#green-material">
                <bind_vertex_input semantic="UVMap" input_semantic="TEXCOORD" input_set="0" />
              </instance_material>
            </technique_common>
          </bind_material>
        </instance_geometry>
      </node>
    </visual_scene>
  </library_visual_scenes>
  <scene>
    <instance_visual_scene url="#Scene" />
  </scene>
<library_images><image id="flat_34ac00ff" name="flat_34ac00ff"><init_from>flat_34ac00ff.png</init_from></image></library_images></COLLADA>