<?xml version="1.0" encoding="utf-8"?>
<COLLADA xmlns="http://www.collada.org/2005/11/COLLADASchema" version="1.4.1" xmlns:xsi="http://www.w3.org/2001/XMLSchema-instance">
  <asset>
    <contributor>
      <author>Blender User</author>
      <authoring_tool>Blender 2.82.7</authoring_tool>
    </contributor>
    <created>2023-03-14T20:12:40</created>
    <modified>2023-03-14T20:12:40</modified>
    <unit name="meter" meter="1"/>
    <up_axis>Z_UP</up_axis>
  </asset>
  <library_effects>
    <effect id="Material_008-effect">
      <profile_COMMON>
        <technique sid="common">
          <lambert>
            <emission>
              <color sid="emission">0 0 0 1</color>
            </emission>
            <diffuse>
              <color sid="diffuse">0.8 0.8 0.8 1</color>
            </diffuse>
            <index_of_refraction>
              <float sid="ior">1.45</float>
            </index_of_refraction>
          </lambert>
        </technique>
      </profile_COMMON>
    </effect>
  </library_effects>
  <library_images/>
  <library_materials>
    <material id="Material_008-material" name="Material.008">
      <instance_effect url="#Material_008-effect"/>
    </material>
  </library_materials>
  <library_geometries>
    <geometry id="Helice_13-mesh" name="Helice 13">
      <mesh>
        <source id="Helice_13-mesh-positions">
          <float_array id="Helice_13-mesh-positions-array" count="9132">-167.1489 -1.505943 4.698944 -167.1439 0.46102 4.617111 -167.1361 -1.505943 4.529694 -167.1366 0.4822941 4.534195 -167.0857 -1.505562 4.208206 -167.0923 0.555047 4.240784 -167.0516 -1.505102 4.06015 -167.0337 0.613327 3.992096 -166.9452 -1.503105 3.708694 -166.9453 0.6757317 3.709091 -166.8401 -1.500401 3.437134 -166.7869 0.7550864 3.315506 -166.5848 -1.489471 2.911499 -166.7622 0.7651792 3.261734 -166.4164 -1.474259 2.620193 -166.5141 0.8432536 2.785324 -166.3522 -1.464999 2.516678 -166.4269 0.8609405 2.637421 -166.3066 -1.456267 2.445175 -166.2989 0.8741875 2.433212 -166.2648 -1.445965 2.380951 -166.3289 0.8729005 2.479797 -166.4028 0.8647695 2.5979 -166.0375 0.6468163 2.051514 -166.0207 0.5328031 2.028275 -166.1522 0.3581939 2.214081 -166.004 0.2300558 2.005402 -166.2619 0.8735466 2.376633 -166.2669 0.8737955 2.384155 -166.2937 0.8742581 2.42511 -166.2401 0.8717399 2.343582 -166.2038 0.8656755 2.289597 -166.1899 0.86201 2.269012 -166.1686 0.8544645 2.237854 -166.158 0.8496356 2.222427 -166.1303 0.8325901 2.182373 -166.1274 0.8304119 2.178314 -166.1033 0.807056 2.143845 -166.0849 0.7817268 2.117874 -166.0682 0.7498002 2.094284 -166.0535 0.7104702 2.073791 -166.1367 -0.9759541 2.191681 -166.152 -1.396088 2.213699 -166.1679 -1.406363 2.236862 -166.0197 -1.08353 2.026916 -166.0326 -1.172507 2.044708 -166.0471 -1.235124 2.064911 -166.0619 -1.278682 2.08551 -166.0789 -1.314599 2.109314 -166.0999 -1.34694 2.139069 -166.126 -1.375371 2.17627 -166.2017 -1.423805 2.286392 -166.237 -1.437456 2.338974 -166.0001 -0.1578698 1.999985 -166.0001 -0.5059428 1.999985 -166.0055 -0.8746293 2.007462 -166.64 0.8086271 3.014664 -166.5869 0.8244691 2.915237 -166.4461 -1.477724 2.669388 -166.4204 -1.474742 2.626648 -167.1341 -1.505943 5.130905 -167.1403 0.3380728 5.073166 -167.1489 0.4396939 4.69902 -166.681 -0.05833911 6.291214 -166.6946 -0.05083417 6.27179 -166.7117 -1.505943 6.246841 -166.9109 0.08268308 5.901306 -166.9174 -1.505943 5.887573 -167.0536 0.2037005 5.528244 -167.0536 -1.505943 5.528183 -167.0635 0.2145066 5.493256 -167.1341 0.3217044 5.130981 -166.4901 -0.158102 6.533691 -166.4111 -1.505943 6.621185 -166.4106 -0.198173 6.621765 -166.1591 -0.3328924 6.866058 -166.2063 -0.305131 6.823502 -166.1328 -0.3494511 6.88913 -166.0306 -0.434401 6.975296 -166.0449 -0.4184165 6.963531 -166.0001 -1.505943 6.999985 -166.0001 -0.5059428 6.999985 -166.0009 -0.4951515 6.999359 -166.003 -0.4845386 6.997635 -166.0074 -0.471736 6.99411 -166.0155 -0.4557219 6.987564 -166.0611 -0.4029441 6.950119 -166.0927 -0.3772235 6.923553 -166.2484 -0.281898 6.78447 -166.3501 -0.2288103 6.684921 -157.0803 -0.5059428 9.490509 -158.0847 -0.5059428 9.358262 -158.0847 -1.505943 9.358262 -162.6175 -0.5059428 8.355164 -162.6175 -1.505943 8.355164 -160.8007 -0.5059428 8.849381 -151.8471 -0.5059428 9.866242 -151.8471 -1.505943 9.866242 -138.4176 -0.5059428 10.53921 -134.188 -1.505943 10.84302 -134.188 -0.5059428 10.84302 -125.8194 -0.5059428 11.63387 -118.9885 -1.505943 12.44463 -118.9885 -0.5059428 12.44463 -112.4113 -0.5059428 13.1637 -107.6647 -1.505943 13.51329 -107.6647 -0.5059428 13.51329 -99.56854 -0.5059428 14.0453 -94.41339 -1.505943 14.46506 -94.41339 -0.5059428 14.46506 -89.52173 -0.5059428 14.90965 -86.32772 -1.505943 15.2979 -86.32772 -0.5059428 15.2979 -82.98889 -0.5059428 15.85597 -76.99258 -1.505943 16.89032 -76.99258 -0.5059428 16.89032 -74.14095 -0.5059428 17.12622 -72.32632 -1.505943 17.16544 -72.32632 -0.5059428 17.16544 -68.81868 -0.5059428 17.08438 -64.0998 -1.505943 16.85379 -64.0998 -0.5059428 16.85379 -55.49115 -1.505943 16.32114 -55.49115 -0.5059428 16.32114 -49.40152 -1.505943 15.57486 -49.40152 -0.5059428 15.57486 -54.05056 -0.5059428 16.19559 -30.31084 -1.505943 9.778565 -42.89711 -0.5059428 13.92975 -42.89711 -1.505943 13.92975 -43.67638 -0.5059428 14.16608 -48.94367 -0.5059428 15.48914 -24.62412 -0.5059428 8.293976 -25.97708 -0.5059428 8.563675 -25.97708 -1.505943 8.563675 -27.85927 -0.5059428 9.039673 -30.31084 -0.5059428 9.778565 -22.52826 -0.5059428 8.031357 -22.52826 -1.505943 8.031357 -19.04932 -1.505943 8.08043 -13.37617 -1.505943 8.934479 -15.09409 -0.5059428 8.633103 -19.04932 -0.5059428 8.08043 -8.546494 -0.5059428 9.60373 -12.52202 -0.5059428 9.081818 -13.37617 -0.5059428 8.934479 -8.546494 -1.505943 9.60373 -5.58931 -1.505943 9.637375 -5.58931 -0.5059428 9.637375 -3.493347 -1.505943 9.369996 -3.493347 -0.5059428 9.369996 -149.469 -0.5059428 -4.746567 -153.3392 -0.5059428 -3.982956 -152.5855 0.3940573 -4.148025 -160.3742 -0.5059428 -1.698395 -159.253 0.3492379 -2.185425 -157.309 -0.5059428 -2.899536 -156.738 0.3823257 -3.082733 -155.8073 -0.5059428 -3.359222 -155.8074 0.387969 -3.359238 -154.4076 0.3925672 -3.73027 -164.78 -0.5059428 0.9680634 -163.589 0.1442456 0.103012 -163.3093 -0.5059428 -0.08235168 -162.6274 0.2161707 -0.5090637 -160.3747 0.3201809 -1.698196 -5.108826 0.3940573 -8.596558 -5.108856 -0.5059428 -8.596543 -8.077576 0.3940573 -8.659287 -7.893768 -0.5059428 -8.65181 -12.32729 0.3940573 -8.939728 -12.32729 -0.5059428 -8.939728 -15.40086 0.3940573 -9.240632 -20.82488 -0.5059428 -9.863633 -20.82488 0.3940573 -9.863633 -36.12373 -0.5059428 -11.59865 -36.12373 0.3940573 -11.59865 -42.3635 -0.5059428 -12.19266 -52.2964 0.3940573 -12.53319 -51.4884 0.3940573 -12.53078 -51.26066 -0.5059428 -12.52951 -46.93719 0.3940573 -12.44087 -42.3635 0.3940573 -12.19266 -52.2964 -0.5059428 -12.53319 -72.07907 -0.5059428 -12.54289 -72.07907 0.3940573 -12.54289 -78.18749 -0.5059428 -12.41728 -78.18749 0.3940573 -12.41728 -90.14032 -0.5059428 -11.69405 -90.14032 0.3940573 -11.69405 -95.39663 -0.5059428 -11.43666 -102.4417 0.3940573 -11.04491 -103.5639 -0.5059428 -10.95151 -103.5639 0.3940573 -10.95151 -104.2293 -0.5059428 -10.89038 -111.2573 0.3940573 -10.08997 -116.0441 -0.5059428 -9.529786 -124.5923 0.3940573 -8.637482 -122.7586 -0.5059428 -8.823166 -124.5923 -0.5059428 -8.637482 -124.7035 0.3940573 -8.625992 -129.5174 -0.5059428 -8.066178 -149.469 0.3940573 -4.746567 -135.6402 0.3940573 -7.089447 -135.6402 -0.5059428 -7.089447 -133.9455 0.3940573 -7.382217 -129.3315 0.3940573 -8.091019 -18.84519 1.494057 -4.94162 -15.50739 1.494057 -8.246369 -22.9431 1.494057 -4.968674 -26.77692 1.494057 -9.523804 -23.37079 1.494057 -4.941589 -26.8393 1.494057 -4.515732 -17.92613 1.494057 -4.870956 -12.88483 1.494057 -4.177658 -11.30933 1.494057 -3.901459 -145.2378 1.494057 -4.447189 -152.3774 1.494057 -3.169922 -142.0563 1.494057 -2.721161 -6.488068 1.494057 -7.609604 -8.119355 1.494057 -7.660171 -7.660522 1.494057 -6.427887 -8.660325 1.494057 -5.000015 -9.340149 1.494057 -3.572571 -133.7783 1.494057 -6.396301 -130.9439 1.494057 -1.936645 -129.1997 1.494057 -7.099625 -42.45765 1.494057 -11.19685 -35.11514 1.494057 -2.332077 -33.46184 1.494057 -10.28186 -31.34551 1.494057 -3.484116 -28.26656 1.494057 -4.241745 -124.6006 1.494057 -7.631317 -127.2411 1.494057 -1.591782 -111.1366 1.494057 -9.097275 -73.5897 1.494057 4.137939 -71.43276 1.494057 -11.54054 -75.31024 1.494057 3.999313 -76.19998 1.494057 -11.49368 -117.8159 1.494057 -0.5084076 -111.5267 1.494057 0.1904144 -102.3642 1.494057 -10.04784 -98.57518 1.494057 1.083298 -93.20021 1.494057 -10.53673 -96.89761 1.494057 1.215057 -80.97146 1.494057 -11.2612 -87.55702 1.494057 2.045715 -80.34416 1.494057 3.125427 -70.80768 1.494057 4.146408 -61.31141 1.494057 3.680054 -51.49336 1.494057 -11.53079 -57.715 1.494057 3.451263 -55.28322 1.494057 3.254196 -52.33536 1.494057 2.888458 -51.40906 1.494057 2.725021 -46.97372 1.494057 -11.44154 -47.24891 1.494057 1.665573 -40.02907 1.494057 -0.6997833 -21.90767 -1.505943 -8.882111 -11.74886 -1.505943 -7.787399 -8.660325 -1.505943 -5.000015 -7.660522 -1.505943 -6.427887 -7.937103 -1.505943 -7.552673 -6.600952 -1.505943 -7.511902 -9.397004 -1.505943 3.420197 -8.660325 -1.505943 4.999985 -7.660522 -1.505943 6.427872 -6.427948 -1.505943 7.660431 -5.000076 -1.505943 8.660248 -42.69155 -1.505943 -11.11322 -33.67839 -1.505943 -10.2068 -9.84816 -1.505943 -1.736496 -9.397004 -1.505943 -3.420212 -10.00008 -1.505943 -1.52588e-5 -9.84816 -1.505943 1.736465 -156.9639 -1.505943 -1.855118 -153.097 -1.505943 -2.910233 -147.4511 -1.505943 -3.977432 -137.9088 -1.505943 -5.57341 -129.3706 -1.505943 -6.975998 -122.649 -1.505943 -7.728653 -115.9215 -1.505943 -8.436631 -104.1255 -1.505943 -9.795258 -95.34732 -1.505943 -10.3378 -83.07368 -1.505943 -11.02475 -78.42537 -1.505943 -11.30461 -73.77831 -1.505943 -11.43837 -51.26742 -1.505943 -11.42953 -162.153 -1.505943 0.4895172 -164.1027 -1.505943 1.834793 -166.9043 -1.505943 4.317718 -159.8447 -1.505943 -0.7312164 8.660172 1.494057 4.999985 8.660172 4.494057 4.999985 7.66037 4.494057 6.427872 5.023163 0.2411489 -8.646805 4.999664 0.2350287 -8.660416 4.999924 4.494057 -8.660264 -8.660325 4.494057 -5.000015 -7.660522 4.494057 -6.427887 -5.023315 0.2411489 8.64679 -4.999817 0.2350287 8.660401 -5.000076 4.494057 8.660248 -5.1996 -1.39528 -8.541962 -5.181229 -1.371289 -8.553116 -5.000076 -4.505943 -8.660264 -5.21907 -1.41344 -8.530076 -5.39241 -1.473989 -8.421586 -5.332779 -1.462651 -8.459458 -5.444443 -1.480705 -8.388031 -5.299637 -1.453685 -8.480256 -5.281021 -1.447355 -8.491868 -5.251587 -1.43439 -8.510102 -5.245087 -1.430872 -8.514115 -5.232437 -1.423149 -8.521882 -5.165421 -1.341927 -8.562684 -5.151062 -1.302352 -8.57132 -5.133881 -1.222 -8.58162 -5.114761 -0.973964 -8.593033 -5.134521 1.203893 -8.581238 -5.153473 1.292704 -8.56987 -5.000076 4.494057 -8.660264 -5.167877 1.332037 -8.561188 -5.180801 1.356827 -8.553376 -5.19191 1.373005 -8.546647 -5.196945 1.379279 -8.54358 -5.207474 1.390701 -8.537171 -5.217087 1.399546 -8.531296 -5.240677 1.41656 -8.516816 -5.261948 1.427938 -8.503708 -5.279572 1.435493 -8.492768 -5.314285 1.446909 -8.4711 -5.346039 1.454631 -8.451081 -5.426987 1.467808 -8.399338 -5.547104 1.478265 -8.320496 -6.427948 4.494057 -7.660461 -6.427948 -4.505943 -7.660461 -6.427933 -1.505769 -7.660477 -5.627136 -1.493669 -8.266587 -7.660522 -4.505943 -6.427887 -8.660325 -4.505943 -5.000015 -9.397004 -4.505943 -3.420212 -9.84816 -4.505943 -1.736496 -10.00008 -4.505943 -1.52588e-5 -9.84816 -4.505943 1.736465 -9.397004 -4.505943 3.420197 -8.660325 -4.505943 4.999985 -7.660522 -4.505943 6.427872 -6.427948 -4.505943 7.660431 -5.000076 -4.505943 8.660248 -3.519196 -0.4121099 9.360321 -3.505051 -0.4428368 9.365616 -3.420273 4.494057 9.396912 -3.654037 -0.2708531 9.308503 -3.582611 -0.3311181 9.336228 -3.542908 -0.375864 9.351365 -4.496323 0.09246635 8.93216 -4.420441 0.06849527 8.969956 -4.162704 -0.0204215 9.092423 -3.846512 -0.1557111 9.230637 -4.892075 0.2064528 8.721711 -3.795959 -0.1821289 9.251542 -3.720734 -0.2257795 9.282059 -3.497116 -0.470182 9.368592 -3.493652 -0.4956789 9.369889 -3.420273 -4.505943 9.396912 -6.427948 4.494057 7.660431 -6.427155 0.5622459 7.661102 -5.994781 0.4700832 8.003952 -7.660522 4.494057 6.427872 -8.660325 4.494057 4.999985 -8.660111 1.017745 5.000381 -8.234406 0.9292216 5.674133 -7.660187 0.8130169 6.428268 -7.263733 0.7332277 6.873077 -9.397004 4.494057 3.420197 -9.84816 4.494057 1.736465 -9.848114 1.318485 1.73674 -9.651886 1.254505 2.615814 -9.396882 1.185811 3.420517 -9.084412 1.11097 4.180283 -10.00008 4.494057 -1.52588e-5 -9.84816 4.494057 -1.736496 -9.84816 1.472602 -1.73645 -9.980332 1.439719 -0.6282196 -10.00008 1.414426 1.67847e-4 -9.950242 1.36411 0.9970703 -9.397004 4.494057 -3.420212 -9.397004 1.493903 -3.420197 -9.797348 1.478308 -2.003387 -6.427948 1.494032 -7.660461 5.199448 -1.39528 8.541947 5.181076 -1.371289 8.553101 4.999924 -4.505943 8.660248 5.218918 -1.41344 8.53006 5.392258 -1.473989 8.421555 5.332626 -1.462651 8.459443 5.44429 -1.480705 8.388001 5.299484 -1.453685 8.48024 5.280869 -1.447355 8.491852 5.251434 -1.43439 8.510087 5.244934 -1.430872 8.514084 5.232285 -1.423149 8.521866 5.165268 -1.341927 8.562653 5.150909 -1.302352 8.571305 5.133728 -1.222 8.581604 5.114593 -0.973964 8.593018 5.108704 -0.5059428 8.596528 5.108673 0.3940573 8.596543 5.134369 1.203893 8.581223 5.15332 1.292704 8.569855 4.999924 4.494057 8.660248 5.167725 1.332037 8.561173 5.180649 1.356827 8.55336 5.191742 1.373005 8.546616 5.196793 1.379279 8.543549 5.207321 1.390701 8.53714 5.216934 1.399546 8.531266 5.240524 1.41656 8.5168 5.261795 1.427938 8.503678 5.279419 1.435493 8.492737 5.314133 1.446909 8.47107 5.345886 1.454631 8.451066 5.426834 1.467808 8.399308 5.546951 1.478265 8.320481 6.427795 4.494057 7.660431 7.66037 -1.505943 6.427872 6.6008 -1.505943 7.511871 6.427795 -4.505943 7.660431 6.42778 -1.505769 7.660446 5.626984 -1.493669 8.266556 7.66037 -4.505943 6.427872 8.660172 -4.505943 4.999985 8.660172 -1.505943 4.999985 9.396851 -4.505943 3.420197 9.396851 -1.505943 3.420197 9.848008 -4.505943 1.736465 9.848008 -1.505943 1.736465 9.999924 -4.505943 -1.52588e-5 9.999924 -1.505943 -1.52588e-5 9.848008 -4.505943 -1.736496 9.848008 -1.505943 -1.736496 9.396851 -4.505943 -3.420212 9.396851 -1.505943 -3.420212 8.660172 -4.505943 -5.000015 8.660172 -1.505943 -5.000015 7.66037 -4.505943 -6.427887 7.66037 -1.505943 -6.427887 6.427795 -4.505943 -7.660461 6.427795 -1.505943 -7.660461 4.999924 -4.505943 -8.660264 4.999924 -1.505943 -8.660264 3.519043 -0.4121099 -9.360337 3.504898 -0.4428368 -9.365647 3.42012 4.494057 -9.396943 3.653885 -0.2708531 -9.308533 3.582458 -0.3311181 -9.336258 3.542755 -0.375864 -9.351395 4.49617 0.09246635 -8.93219 4.420288 0.06849527 -8.969986 4.162552 -0.0204215 -9.092453 3.846359 -0.1557111 -9.230668 4.891907 0.2064528 -8.721726 3.795807 -0.1821289 -9.251572 3.720581 -0.2257795 -9.282074 3.496948 -0.470182 -9.368622 3.4935 -0.4956789 -9.369904 3.493195 -0.5059428 -9.370026 3.493195 -1.505943 -9.370026 3.42012 -4.505943 -9.396943 6.427795 4.494057 -7.660461 6.427002 0.5622459 -7.661118 5.994629 0.4700832 -8.003983 7.66037 4.494057 -6.427887 8.660172 4.494057 -5.000015 8.659958 1.017745 -5.000397 8.234253 0.9292216 -5.674149 7.660034 0.8130169 -6.428284 7.26358 0.7332277 -6.873093 9.396851 4.494057 -3.420212 9.848008 4.494057 -1.736496 9.847962 1.318485 -1.736755 9.651734 1.254505 -2.615845 9.396729 1.185811 -3.420532 9.084259 1.11097 -4.180313 9.999924 4.494057 -1.52588e-5 9.848008 4.494057 1.736465 9.848008 1.472602 1.73642 9.980179 1.439719 0.6281891 9.999924 1.414426 -1.98364e-4 9.950089 1.36411 -0.9971008 9.396851 4.494057 3.420197 9.339982 1.494057 3.572556 9.396851 1.493903 3.420181 9.797196 1.478308 2.003372 6.427795 1.494032 7.660446 6.487915 1.494057 7.609589 7.66037 1.494057 6.427872 1.736404 -4.505943 -9.848084 1.736404 4.494057 -9.848084 -7.62939e-5 -4.505943 -10.00002 -7.62939e-5 4.494057 -10.00002 -1.736557 -4.505943 -9.848084 -1.736557 4.494057 -9.848084 -3.420273 -4.505943 -9.396943 -3.420273 4.494057 -9.396943 -1.736557 -4.505943 9.848069 -1.736557 4.494057 9.848069 -7.62939e-5 -4.505943 9.999985 -7.62939e-5 4.494057 9.999985 1.736404 -4.505943 9.848069 1.736404 4.494057 9.848069 3.42012 -4.505943 9.396912 3.42012 4.494057 9.396912 0.3472138 -4.505943 -1.96962 0.68396 -4.505943 -1.879395 0.9999237 -4.505943 -1.732056 1.285492 -4.505943 -1.532104 1.532013 -4.505943 -1.285583 1.731979 -4.505943 -1.000015 1.879303 -4.505943 -0.6840515 1.969543 -4.505943 -0.3473053 1.999924 -4.505943 -1.52588e-5 1.969543 -4.505943 0.34729 1.879303 -4.505943 0.684021 1.731979 -4.505943 0.9999848 1.532013 -4.505943 1.285568 1.285492 -4.505943 1.532074 0.9999237 -4.505943 1.73204 0.68396 -4.505943 1.879379 0.3472138 -4.505943 1.969604 -7.62939e-5 -4.505943 1.999985 -0.3473663 -4.505943 1.969604 -0.6841126 -4.505943 1.879379 -1.000076 -4.505943 1.73204 -1.285645 -4.505943 1.532074 -1.532166 -4.505943 1.285568 -1.732132 -4.505943 0.9999848 -1.879456 -4.505943 0.684021 -1.969696 -4.505943 0.34729 -2.000076 -4.505943 -1.52588e-5 -1.969696 -4.505943 -0.3473053 -1.879456 -4.505943 -0.6840515 -1.732132 -4.505943 -1.000015 -1.532166 -4.505943 -1.285583 -1.285645 -4.505943 -1.532104 -1.000076 -4.505943 -1.732056 -0.6841126 -4.505943 -1.879395 -0.3473663 -4.505943 -1.96962 -7.62939e-5 -4.505943 -2.000015 -7.62939e-5 4.494057 1.999985 0.3472138 4.494057 1.969604 0.68396 4.494057 1.879379 0.9999237 4.494057 1.73204 1.285492 4.494057 1.532074 1.532013 4.494057 1.285568 1.731979 4.494057 0.9999848 1.879303 4.494057 0.684021 1.969543 4.494057 0.34729 1.999924 4.494057 -1.52588e-5 1.969543 4.494057 -0.3473053 1.879303 4.494057 -0.6840515 1.731979 4.494057 -1.000015 1.532013 4.494057 -1.285583 1.285492 4.494057 -1.532104 0.9999237 4.494057 -1.732056 0.68396 4.494057 -1.879395 0.3472138 4.494057 -1.96962 -7.62939e-5 4.494057 -2.000015 -0.3473663 4.494057 -1.96962 -0.6841126 4.494057 -1.879395 -1.000076 4.494057 -1.732056 -1.285645 4.494057 -1.532104 -1.532166 4.494057 -1.285583 -1.732132 4.494057 -1.000015 -1.879456 4.494057 -0.6840515 -1.969696 4.494057 -0.3473053 -2.000076 4.494057 -1.52588e-5 -1.969696 4.494057 0.34729 -1.879456 4.494057 0.684021 -1.732132 4.494057 0.9999848 -1.532166 4.494057 1.285568 -1.285645 4.494057 1.532074 -1.000076 4.494057 1.73204 -0.6841126 4.494057 1.879379 -0.3473663 4.494057 1.969604 166.4163 -1.474259 -2.620224 166.514 0.8432536 -2.785339 166.3521 -1.464999 -2.516708 166.4268 0.8609405 -2.637451 166.3065 -1.456267 -2.445206 166.2987 0.8741875 -2.433243 166.2646 -1.445965 -2.380966 166.3287 0.8729005 -2.479828 166.4026 0.8647695 -2.597931 166.0373 0.6468163 -2.051544 166.0205 0.5328031 -2.028305 166.1521 0.3581939 -2.214096 166.0039 0.2300558 -2.005417 166.2618 0.8739672 -2.377624 166.2667 0.8737955 -2.384171 166.2935 0.8742581 -2.42514 166.2399 0.8717399 -2.343613 166.2037 0.8656755 -2.289612 166.1897 0.86201 -2.269043 166.1685 0.8544645 -2.237884 166.1579 0.8496356 -2.222458 166.1301 0.8325901 -2.182388 166.1273 0.8304119 -2.178345 166.1031 0.807056 -2.14386 166.0848 0.7817268 -2.117889 166.068 0.7498002 -2.094315 166.0533 0.7104702 -2.073822 166.1366 -0.9759541 -2.191711 166.1518 -1.396088 -2.21373 166.1678 -1.406363 -2.236877 166.0195 -1.08353 -2.026947 166.0324 -1.172507 -2.044739 166.047 -1.235124 -2.064926 166.0617 -1.278682 -2.085525 166.0787 -1.314599 -2.109329 166.0998 -1.34694 -2.139099 166.1259 -1.375371 -2.1763 166.2015 -1.423805 -2.286407 166.2368 -1.437456 -2.338989 165.9999 -0.1578698 -2.000015 165.9999 -0.5059428 -2 166.0054 -0.8746293 -2.007492 166.4202 -1.474742 -2.626678 166.446 -1.477724 -2.669403 166.5867 0.8244691 -2.915268 166.5847 -1.489471 -2.91153 166.6399 0.8086271 -3.014694 167.1487 -1.505943 -4.698959 167.1438 0.46102 -4.617142 167.136 -1.505943 -4.529724 167.1364 0.4822941 -4.53421 167.0855 -1.505562 -4.208237 167.0921 0.555047 -4.240799 167.0514 -1.505102 -4.060181 167.0336 0.613327 -3.992111 166.945 -1.503105 -3.708725 166.9452 0.6757317 -3.709106 166.8399 -1.500401 -3.437164 166.7867 0.7550864 -3.315536 166.7621 0.7651792 -3.261749 167.134 -1.505943 -5.13092 167.1401 0.3380728 -5.073196 167.1487 0.4396939 -4.699051 166.6808 -0.05833911 -6.291244 166.6944 -0.05083417 -6.271805 166.7116 -1.505943 -6.246872 166.9107 0.08268308 -5.901321 166.9172 -1.505943 -5.887588 167.0535 0.2037005 -5.528259 167.0535 -1.505943 -5.528198 167.0634 0.2145066 -5.493286 167.1339 0.3217044 -5.130997 166.4899 -0.158102 -6.533722 166.411 -1.505943 -6.621216 166.4104 -0.198173 -6.621796 166.1589 -0.3328924 -6.866074 166.2062 -0.305131 -6.823517 166.1326 -0.3494511 -6.88916 166.0304 -0.434401 -6.975311 166.0448 -0.4184165 -6.963547 165.9999 -1.505943 -7.000015 165.9999 -0.5059428 -7.000015 166.0007 -0.4951515 -6.99939 166.0028 -0.4845386 -6.99765 166.0072 -0.471736 -6.994125 166.0153 -0.4557219 -6.987579 166.061 -0.4029441 -6.950134 166.0926 -0.3772235 -6.923569 166.2482 -0.281898 -6.784485 166.3499 -0.2288103 -6.684937 157.0802 -0.5059428 -9.49054 158.0845 -0.5059428 -9.358277 158.0845 -1.505943 -9.358277 162.6173 -0.5059428 -8.355179 162.6173 -1.505943 -8.355179 160.8006 -0.5059428 -8.849411 151.8469 -0.5059428 -9.866272 151.8469 -1.505943 -9.866272 138.4174 -0.5059428 -10.53925 134.1878 -1.505943 -10.84305 134.1878 -0.5059428 -10.84305 125.8192 -0.5059428 -11.6339 118.9883 -1.505943 -12.44466 118.9883 -0.5059428 -12.44466 112.4111 -0.5059428 -13.16371 107.6646 -1.505943 -13.51331 107.6646 -0.5059428 -13.51331 99.56839 -0.5059428 -14.04532 94.41324 -1.505943 -14.46507 94.41324 -0.5059428 -14.46507 89.52158 -0.5059428 -14.90967 86.32756 -1.505943 -15.29793 86.32756 -0.5059428 -15.29793 82.98873 -0.5059428 -15.85599 76.99242 -1.505943 -16.89035 76.99242 -0.5059428 -16.89035 74.1408 -0.5059428 -17.12624 72.32617 -1.505943 -17.16547 72.32617 -0.5059428 -17.16547 68.81853 -0.5059428 -17.08441 64.09964 -1.505943 -16.85381 64.09964 -0.5059428 -16.85381 55.491 -1.505943 -16.32115 55.491 -0.5059428 -16.32115 49.40137 -1.505943 -15.57489 49.40137 -0.5059428 -15.57489 54.05041 -0.5059428 -16.1956 30.31068 -1.505943 -9.77858 42.89696 -0.5059428 -13.92978 42.89696 -1.505943 -13.92978 43.67622 -0.5059428 -14.16609 48.94351 -0.5059428 -15.48915 24.62396 -0.5059428 -8.293992 25.97691 -0.5059428 -8.563706 25.97691 -1.505943 -8.563706 27.85912 -0.5059428 -9.039704 30.31068 -0.5059428 -9.77858 22.52811 -0.5059428 -8.031388 22.52811 -1.505943 -8.031388 19.04916 -1.505943 -8.08046 13.37602 -1.505943 -8.93451 15.09393 -0.5059428 -8.633133 19.04916 -0.5059428 -8.08046 8.546341 -0.5059428 -9.60376 12.52187 -0.5059428 -9.081833 13.37602 -0.5059428 -8.93451 8.546341 -1.505943 -9.60376 5.589157 -1.505943 -9.637406 5.589157 -0.5059428 -9.637406 149.4688 -0.5059428 4.746551 153.3391 -0.5059428 3.982941 152.5853 0.3940573 4.14801 160.3741 -0.5059428 1.698379 159.2528 0.3492379 2.185394 157.3089 -0.5059428 2.899521 156.7378 0.3823257 3.082718 155.8072 -0.5059428 3.359207 155.8072 0.387969 3.359207 154.4075 0.3925672 3.730255 164.7799 -0.5059428 -0.9680786 163.5888 0.1442456 -0.1030426 163.3092 -0.5059428 0.08232116 162.6273 0.2161707 0.5090332 160.3746 0.3201809 1.698181 8.077424 0.3940573 8.659256 7.893616 -0.5059428 8.651795 12.32713 0.3940573 8.939698 12.32713 -0.5059428 8.939698 15.40071 0.3940573 9.240601 20.82472 -0.5059428 9.863602 20.82472 0.3940573 9.863602 36.12358 -0.5059428 11.59862 36.12358 0.3940573 11.59862 42.36336 -0.5059428 12.19264 52.29625 0.3940573 12.53317 51.48825 0.3940573 12.53075 51.2605 -0.5059428 12.52948 46.93704 0.3940573 12.44086 42.36336 0.3940573 12.19264 52.29625 -0.5059428 12.53317 72.07892 -0.5059428 12.54286 72.07892 0.3940573 12.54286 78.18733 -0.5059428 12.41725 78.18733 0.3940573 12.41725 90.14017 -0.5059428 11.69402 90.14017 0.3940573 11.69402 95.39649 -0.5059428 11.43663 102.4415 0.3940573 11.04489 103.5637 -0.5059428 10.95149 103.5637 0.3940573 10.95149 104.2291 -0.5059428 10.89037 111.2572 0.3940573 10.08994 116.0439 -0.5059428 9.529755 124.5922 0.3940573 8.637467 122.7585 -0.5059428 8.823136 124.5922 -0.5059428 8.637467 149.4688 0.3940573 4.746551 135.64 0.3940573 7.089416 135.64 -0.5059428 7.089416 133.9453 0.3940573 7.382202 129.5172 -0.5059428 8.066147 129.3313 0.3940573 8.091004 124.7034 0.3940573 8.625977 18.84503 1.494057 4.941605 15.50723 1.494057 8.246354 22.94295 1.494057 4.968643 26.77676 1.494057 9.523774 23.37064 1.494057 4.941574 26.83914 1.494057 4.515717 17.92598 1.494057 4.870926 12.88467 1.494057 4.177628 11.30917 1.494057 3.901428 145.2377 1.494057 4.447159 152.3772 1.494057 3.169891 142.0562 1.494057 2.721146 8.119202 1.494057 7.660141 133.7781 1.494057 6.396286 130.9437 1.494057 1.93663 129.1995 1.494057 7.099594 42.45749 1.494057 11.19682 35.11499 1.494057 2.332062 33.46168 1.494057 10.28183 31.34535 1.494057 3.484085 28.2664 1.494057 4.24173 124.6004 1.494057 7.631287 127.2409 1.494057 1.591766 111.1364 1.494057 9.09726 73.58954 1.494057 -4.137955 71.4326 1.494057 11.54053 75.31008 1.494057 -3.999329 76.19983 1.494057 11.49367 117.8157 1.494057 0.5083923 111.5266 1.494057 -0.1904449 102.364 1.494057 10.04782 98.57501 1.494057 -1.083328 93.20005 1.494057 10.53671 96.89746 1.494057 -1.215073 80.9713 1.494057 11.26117 87.55686 1.494057 -2.045746 80.34401 1.494057 -3.125458 70.80753 1.494057 -4.146423 61.31126 1.494057 -3.680084 51.49321 1.494057 11.53076 57.71484 1.494057 -3.451294 55.28308 1.494057 -3.254227 52.3352 1.494057 -2.888489 51.4089 1.494057 -2.725052 46.97357 1.494057 11.44153 47.24875 1.494057 -1.665604 40.02891 1.494057 0.6997528 21.90752 -1.505943 8.882081 11.74869 -1.505943 7.787384 7.936951 -1.505943 7.552643 42.69139 -1.505943 11.11319 33.67824 -1.505943 10.20679 156.9638 -1.505943 1.855087 153.0969 -1.505943 2.910217 147.4509 -1.505943 3.977417 137.9087 -1.505943 5.573395 129.3705 -1.505943 6.975983 122.6488 -1.505943 7.728622 115.9214 -1.505943 8.4366 104.1253 -1.505943 9.795228 95.34717 -1.505943 10.33777 83.07352 -1.505943 11.02473 78.42522 -1.505943 11.30458 73.77816 -1.505943 11.43834 51.26727 -1.505943 11.4295 162.1529 -1.505943 -0.4895325 164.1025 -1.505943 -1.834824 166.9042 -1.505943 -4.317749 159.8446 -1.505943 0.7311859 -81.23299 1.422214 6.471954 -162.2968 1.302859 0.5118561 -163.2784 1.144747 2.03125 -161.4778 1.190581 2.289581 -164.855 0.7890954 4.114136 -164.812 1.031406 2.35672 -165.8637 0.1999073 6.133011 -166.004 0.05538654 6.41391 -166.0902 -0.05839109 6.586426 -166.181 -0.2276692 6.768219 -163.5237 -0.3788095 8.024796 -163.5284 -0.4191065 8.03801 -4.468857 -0.1589808 9.330964 -4.511642 0.05538654 9.008378 -6.188675 0.4540715 8.068757 -8.185181 0.7890954 6.528549 -11.50279 1.190581 3.051849 -10.93091 1.422214 -0.3316193 -12.00647 0.7890954 6.031723 -8.290329 0.4540715 8.022644 -6.163834 0.1999073 8.827378 -6.153549 0.05538654 9.141221 -4.476791 -0.4583607 9.527115 -163.5313 -0.4570088 8.045884 -163.4988 -0.4589648 8.05777 -165.5244 0.4540715 5.45401 -155.9522 1.422214 0.01048278 -157.3871 1.473172 -1.795059 -158.6201 1.422214 -0.4450684 -159.1725 1.44194 -1.102692 -159.7554 1.425941 -0.8446045 -13.47166 1.422214 -0.7748261 -16.31119 1.422214 -1.217102 -19.06981 1.422214 -1.495911 -22.74858 1.422214 -1.521118 -26.2509 1.422214 -1.11322 -30.4195 1.422214 -0.1575622 -35.91449 -0.4576292 11.62794 -34.62602 1.422214 1.139969 -38.92674 1.422214 2.572571 -46.40502 1.422214 5.017395 -50.75421 1.422214 6.115402 -54.9558 1.422214 6.691696 -61.10888 1.422214 7.127151 -69.21945 1.422214 7.545853 -73.73613 1.422214 7.587891 -77.27114 1.422214 7.202698 -98.83904 1.422214 4.526245 -111.5558 1.422214 3.655136 -118.2323 1.422214 2.919434 -124.7596 1.422214 2.14592 -131.2367 1.422214 1.503952 -137.7725 1.422214 1.014069 -151.3768 1.422214 0.3304901 -155.7369 1.486831 -2.325333 -156.4433 1.48217 -2.109619 -6.136566 -0.4570088 9.659562 -4.443451 -0.4570088 9.522507 -6.103241 -0.4602428 9.658951 -8.430771 -0.4669685 9.609787 -12.52197 -0.4936428 9.081574 -15.09407 -0.4936013 8.633088 -8.343628 0.1999073 8.779816 -12.3826 0.1999073 8.256989 -12.25609 0.4540715 7.508575 -14.95195 0.1999073 7.80896 -14.82295 0.4540715 7.060974 -19.63643 0.1999073 7.196075 -8.402085 -0.4570088 9.610398 -12.52136 -0.4570088 9.077988 -15.09346 -0.4570088 8.629502 -19.65662 -0.460588 8.029725 -19.6906 -0.4570088 8.026947 -22.243 -0.4634252 8.009568 -22.21097 -0.4570088 8.006775 -24.62476 -0.4570088 8.290223 -24.62413 -0.4936957 8.293808 -27.85933 -0.4936018 9.039475 -27.86031 -0.4570088 9.035965 -31.62981 -0.4586692 10.20082 -31.66342 -0.4570088 10.21153 -35.88025 -0.4570088 11.6163 -43.67747 -0.4570088 14.16241 -43.67642 -0.4936304 14.16589 -48.94372 -0.4936175 15.48885 -48.94442 -0.4570088 15.48526 -54.05058 -0.4935794 16.19545 -60.58517 -0.4577322 16.65602 -54.05092 -0.4570088 16.19183 -60.54917 -0.4570088 16.65379 -68.81884 -0.4570088 17.08054 -74.14093 -0.4935417 17.12608 -68.81869 -0.4936428 17.08418 -14.56842 0.7890954 5.584946 -14.05482 1.190581 2.60675 -17.16161 0.7890954 5.180222 -16.76337 1.190581 2.184433 -19.48962 0.7890954 4.944015 -19.29303 1.190581 1.928284 -22.38501 0.7890954 4.922211 -22.55527 1.190581 1.904892 -25.1512 0.7890954 5.245956 -25.66618 1.190581 2.268036 -28.68881 0.7890954 6.059662 -29.49927 1.190581 3.148209 -32.62254 0.7890954 7.274704 -33.56074 1.190581 4.401886 -36.86651 0.7890954 8.688492 -37.8313 1.190581 5.824493 -44.56048 0.7890954 11.20181 -45.42425 1.190581 8.305726 -49.53032 0.7890954 12.45187 -50.10345 1.190581 9.484574 -54.34386 0.7890954 13.11626 -54.63043 1.190581 10.10773 -60.73037 0.7890954 13.56964 -60.90762 1.190581 10.5527 -68.94853 0.7890954 13.99377 -69.0754 1.190581 10.9743 -74.00979 0.7890954 14.03574 -73.88163 1.190581 11.0163 -78.32068 0.7890954 13.5704 -77.8292 1.190581 10.58849 -82.41996 0.7890954 12.81548 -89.52172 -0.4936786 14.90941 -82.98885 -0.493669 15.85583 -78.78813 -0.4580135 16.62468 -81.86412 1.190581 9.84488 -84.8679 1.422214 5.862534 -88.52902 1.422214 5.414444 -99.56851 -0.4936633 14.04506 -112.4113 -0.4936428 13.16345 -4.486282 -0.05839109 9.199555 -6.147232 -0.05839109 9.33397 -8.379212 -0.05839109 9.285416 -8.365662 0.05538654 9.093033 -12.46707 -0.05839109 8.75676 -12.43494 0.05538654 8.566605 -15.03809 -0.05839109 8.308457 -15.00531 0.05538654 8.118409 -19.6694 -0.05839109 7.701858 -19.65686 0.05538654 7.509415 -22.22933 -0.05839109 7.681519 -22.24019 0.05538654 7.488968 -24.68027 -0.05839109 7.969208 -24.71314 0.05538654 7.779175 -27.94768 -0.05839109 8.722107 -27.99939 0.05538654 8.536332 -31.76456 -0.05839109 9.901856 -31.82443 0.05538654 9.718522 -35.98425 -0.05839109 11.30757 -36.04581 0.05538654 11.12482 -43.77058 -0.05839109 13.85022 -43.82571 0.05538654 13.66541 -49.0062 -0.05839109 15.16539 -49.04278 0.05538654 14.97604 -54.08181 -0.05839109 15.86752 -54.1001 0.05538654 15.67554 -60.56827 -0.05839109 16.32857 -60.57958 0.05538654 16.13606 -68.83252 -0.05839109 16.75504 -68.84062 0.05538654 16.56236 -74.12698 -0.05839109 16.79697 -74.1188 0.05538654 16.60428 -78.77013 -0.05839109 16.29732 -78.73877 0.05538654 16.10704 -82.92827 -0.05839109 15.53203 -82.89279 0.05538654 15.34247 -89.48745 -0.05839109 14.58177 -89.4674 0.05538654 14.38997 -99.54335 -0.05839109 13.71658 -99.52861 0.05538654 13.52431 -112.3818 -0.05839109 12.83534 -112.3645 0.05538654 12.64328 -119.3437 -0.05839109 12.06946 -119.3205 0.05538654 11.87802 -125.7828 -0.05839109 11.30624 -157.0803 -0.493619 9.490342 -151.7498 -0.4936428 9.869965 -138.4176 -0.4936705 10.53897 -125.8193 -0.4936686 11.63364 -119.3835 -0.4936428 12.39648 -160.8008 -0.4934945 8.849427 -85.35495 1.190581 9.259263 -88.88584 1.190581 8.827301 -99.10124 1.190581 7.947678 -111.8633 1.190581 7.0728 -118.6461 1.190581 6.325851 -125.1405 1.190581 5.556168 -131.5277 1.190581 4.92305 -138.0044 1.190581 4.437698 -151.5109 1.190581 3.759338 -156.3577 1.190581 3.417908 -159.4039 1.190581 2.895737 -160.6857 1.39246 -0.3948517 -160.7999 -0.4570088 8.845887 -157.0799 -0.4570088 9.486725 -151.7497 -0.4570088 9.866318 -138.4173 -0.4570088 10.53534 -125.8189 -0.4570088 11.63 -119.383 -0.4570088 12.39287 -112.411 -0.4570088 13.15982 -99.56824 -0.4570088 14.04141 -89.52133 -0.4570088 14.90579 -82.98818 -0.4570088 15.85225 -78.82311 -0.4570088 16.61878 -74.1408 -0.4570088 17.12245 -4.44455 -0.4191065 9.514206 -6.136841 -0.4191065 9.6512 -8.40149 -0.4191065 9.602051 -12.51997 -0.4191065 9.069733 -15.09203 -0.4191065 8.621247 -19.69005 -0.4191065 8.018601 -22.21144 -0.4191065 7.998428 -24.62619 -0.4191065 8.281968 -27.86255 -0.4191065 9.027894 -31.66603 -0.4191065 10.20358 -35.88292 -0.4191065 11.60838 -43.67986 -0.4191065 14.15439 -48.94601 -0.4191065 15.47705 -54.05171 -0.4191065 16.1835 -60.54966 -0.4191065 16.64545 -68.8192 -0.4191065 17.07217 -74.14044 -0.4191065 17.11409 -78.82175 -0.4191065 16.61052 -82.98665 -0.4191065 15.84402 -89.52046 -0.4191065 14.89746 -99.5676 -0.4191065 14.03307 -112.4102 -0.4191065 13.15149 -119.382 -0.4191065 12.38455 -125.818 -0.4191065 11.62169 -138.4168 -0.4191065 10.52699 -151.7493 -0.4191065 9.857956 -157.0789 -0.4191065 9.478425 -160.798 -0.4191065 8.837738 -4.446396 -0.3788095 9.500306 -6.137299 -0.3788095 9.637177 -8.400513 -0.3788095 9.588044 -12.51764 -0.3788095 9.055893 -15.08965 -0.3788095 8.607422 -19.68913 -0.3788095 8.004593 -22.21222 -0.3788095 7.984405 -24.62859 -0.3788095 8.268143 -27.86632 -0.3788095 9.014389 -31.67038 -0.3788095 10.19025 -35.88739 -0.3788095 11.59508 -43.68387 -0.3788095 14.14095 -48.94867 -0.3788095 15.46327 -54.05304 -0.3788095 16.16953 -60.55047 -0.3788095 16.63144 -68.81979 -0.3788095 17.05815 -74.13984 -0.3788095 17.10007 -78.81947 -0.3788095 16.59667 -82.98406 -0.3788095 15.83023 -89.519 -0.3788095 14.8835 -99.56652 -0.3788095 14.01909 -112.409 -0.3788095 13.13751 -119.3803 -0.3788095 12.37064 -125.8165 -0.3788095 11.60774 -138.4158 -0.3788095 10.51298 -151.7488 -0.3788095 9.843934 -157.0772 -0.3788095 9.464493 -160.7948 -0.3788095 8.824067 -4.449203 -0.3347621 9.479081 -6.138 -0.3347621 9.615784 -8.399003 -0.3347621 9.566681 -12.51407 -0.3347621 9.03479 -15.08601 -0.3347621 8.586319 -19.68774 -0.3347621 7.983231 -22.21344 -0.3347621 7.963028 -24.63223 -0.3347621 8.24704 -27.87206 -0.3347621 8.99376 -31.67703 -0.3347621 10.16989 -35.89422 -0.3347621 11.57478 -43.68999 -0.3347621 14.12042 -48.95273 -0.3347621 15.44225 -54.05507 -0.3347621 16.14821 -60.55173 -0.3347621 16.61006 -68.82068 -0.3347621 17.03676 -74.13893 -0.3347621 17.07868 -78.81599 -0.3347621 16.57553 -82.98013 -0.3347621 15.80919 -89.51678 -0.3347621 14.86221 -99.56488 -0.3347621 13.99773 -112.407 -0.3347621 13.11618 -119.3777 -0.3347621 12.34938 -125.8141 -0.3347621 11.58647 -138.4144 -0.3347621 10.49162 -151.748 -0.3347621 9.822541 -157.0747 -0.3347621 9.443222 -160.7899 -0.3347621 8.803223 -163.5165 -0.3347621 8.004624 -4.453384 -0.2851944 9.447632 -6.139038 -0.2851944 9.584076 -8.396775 -0.2851944 9.53505 -12.50877 -0.2851944 9.00351 -15.08061 -0.2851944 8.555054 -19.68568 -0.2851944 7.951569 -22.21523 -0.2851944 7.931366 -24.63763 -0.2851944 8.21579 -27.88057 -0.2851944 8.963196 -31.68688 -0.2851944 10.13972 -35.90436 -0.2851944 11.54472 -43.69906 -0.2851944 14.09003 -48.95874 -0.2851944 15.4111 -54.05808 -0.2851944 16.11664 -60.5536 -0.2851944 16.57839 -68.82202 -0.2851944 17.00507 -74.13759 -0.2851944 17.04698 -78.81082 -0.2851944 16.54424 -82.97429 -0.2851944 15.778 -89.51348 -0.2851944 14.83066 -99.56246 -0.2851944 13.96609 -112.4042 -0.2851944 13.08458 -119.3739 -0.2851944 12.31789 -125.8106 -0.2851944 11.55493 -138.4122 -0.2851944 10.45998 -151.7467 -0.2851944 9.790833 -157.0709 -0.2851944 9.411728 -160.7827 -0.2851944 8.772339 -163.5059 -0.2851944 7.974747 -166.2021 -0.2851944 6.810287 -4.459564 -0.2276692 9.401017 -6.140579 -0.2276692 9.537079 -8.393479 -0.2276692 9.488144 -12.50095 -0.2276692 8.957139 -15.07263 -0.2276692 8.508728 -19.68262 -0.2276692 7.904648 -22.21787 -0.2276692 7.884415 -24.64565 -0.2276692 8.169449 -27.89317 -0.2276692 8.917893 -31.70148 -0.2276692 10.09503 -35.91937 -0.2276692 11.50017 -43.7125 -0.2276692 14.04497 -48.96766 -0.2276692 15.36493 -54.06254 -0.2276692 16.06982 -60.55635 -0.2276692 16.53145 -68.82399 -0.2276692 16.95808 -74.13559 -0.2276692 17 -78.80318 -0.2276692 16.49783 -82.96565 -0.2276692 15.73178 -89.50859 -0.2276692 14.78389 -99.55887 -0.2276692 13.91922 -112.4 -0.2276692 13.03775 -119.3682 -0.2276692 12.27121 -125.8053 -0.2276692 11.50821 -138.4091 -0.2276692 10.41306 -151.7449 -0.2276692 9.743851 -157.0654 -0.2276692 9.365036 -160.7719 -0.2276692 8.726563 -163.4901 -0.2276692 7.93045 -6.142883 -0.1589808 9.466446 -8.38852 -0.1589808 9.417649 -12.48917 -0.1589808 8.887467 -15.06062 -0.1589808 8.439087 -19.67803 -0.1589808 7.834122 -22.22185 -0.1589808 7.813858 -24.65769 -0.1589808 8.099823 -27.91213 -0.1589808 8.849808 -31.72342 -0.1589808 10.02786 -35.94192 -0.1589808 11.4332 -43.7327 -0.1589808 13.97725 -48.98106 -0.1589808 15.29555 -54.06924 -0.1589808 15.99948 -60.5605 -0.1589808 16.46091 -68.82695 -0.1589808 16.88748 -74.13259 -0.1589808 16.9294 -78.79168 -0.1589808 16.42812 -82.95265 -0.1589808 15.66232 -89.50124 -0.1589808 14.71361 -99.55347 -0.1589808 13.84875 -112.3936 -0.1589808 12.96738 -119.3597 -0.1589808 12.20105 -125.7975 -0.1589808 11.43797 -138.4043 -0.1589808 10.34254 -151.7421 -0.1589808 9.673233 -157.057 -0.1589808 9.294861 -160.7558 -0.1589808 8.657761 -163.4663 -0.1589808 7.863892 -166.1495 -0.1589808 6.705002 -138.3953 -0.05839109 10.2103 -151.7369 -0.05839109 9.540787 -157.0414 -0.05839109 9.163224 -160.7255 -0.05839109 8.528702 -163.4218 -0.05839109 7.739044 -125.7614 0.05538654 11.11458 -132.002 0.05538654 10.49588 -138.3823 0.05538654 10.01788 -151.7294 0.05538654 9.348084 -157.0186 0.05538654 8.971726 -160.6815 0.05538654 8.340943 -163.357 0.05538654 7.557404 -22.25787 0.1999073 7.175461 -24.76665 0.1999073 7.469757 -28.0836 0.1999073 8.233826 -31.92192 0.1999073 9.420029 -36.14606 0.1999073 10.82724 -43.91545 0.1999073 13.3645 -49.10232 0.1999073 14.66774 -54.12987 0.1999073 15.36295 -60.598 0.1999073 15.82259 -68.8538 0.1999073 16.24863 -74.10549 0.1999073 16.29056 -78.6877 0.1999073 15.79721 -82.83505 0.1999073 15.03381 -89.43476 0.1999073 14.07767 -99.50461 0.1999073 13.21121 -112.3363 0.1999073 12.33054 -119.2826 0.1999073 11.5663 -125.7265 0.1999073 10.80252 -131.9754 0.1999073 10.18301 -138.3611 0.1999073 9.704606 -151.7171 0.1999073 9.034302 -156.9815 0.1999073 8.659928 -160.6097 0.1999073 8.035233 -163.2515 0.1999073 7.261658 -17.35896 0.4540715 6.664963 -19.58705 0.4540715 6.438644 -22.30063 0.4540715 6.417633 -24.89598 0.4540715 6.721832 -28.28716 0.4540715 7.502594 -32.15755 0.4540715 8.698502 -36.38837 0.4540715 10.10793 -44.13239 0.4540715 12.63713 -49.24627 0.4540715 13.92249 -54.20184 0.4540715 14.60733 -60.64252 0.4540715 15.06486 -68.88566 0.4540715 15.49026 -74.0733 0.4540715 15.5322 -78.56427 0.4540715 15.04828 -82.69544 0.4540715 14.28773 -89.35582 0.4540715 13.32274 -99.44661 0.4540715 12.45441 -112.2683 0.4540715 11.57455 -119.1911 0.4540715 10.8128 -125.6422 0.4540715 10.04817 -131.911 0.4540715 9.426712 -138.3098 0.4540715 8.947297 -151.6875 0.4540715 8.275849 -156.8918 0.4540715 7.906204 -160.4364 0.4540715 7.296265 -162.9965 0.4540715 6.546753 -89.20008 0.7890954 11.83307 -99.33216 0.7890954 10.96098 -112.1341 0.7890954 10.08278 -119.0105 0.7890954 9.325943 -125.476 0.7890954 8.559632 -131.784 0.7890954 7.934311 -138.2086 0.7890954 7.452927 -151.6289 0.7890954 6.77919 -156.7148 0.7890954 6.418884 -160.0942 0.7890954 5.838028 -162.4932 0.7890954 5.136032 81.23284 1.422214 -6.47197 162.2967 1.302859 -0.5118713 163.2783 1.144747 -2.03128 161.4776 1.190581 -2.289612 164.8549 0.7890954 -4.114151 164.8119 1.031406 -2.35675 165.8635 0.1999073 -6.133041 166.0039 0.05538654 -6.41394 166.0901 -0.05839109 -6.586456 166.1809 -0.2276692 -6.768249 163.5236 -0.3788095 -8.024811 163.5283 -0.4191065 -8.038025 4.468704 -0.1589808 -9.330979 4.51149 0.05538654 -9.008393 6.188522 0.4540715 -8.068772 8.185029 0.7890954 -6.528564 11.50264 1.190581 -3.051865 10.93076 1.422214 0.331604 12.00632 0.7890954 -6.031738 8.290177 0.4540715 -8.022675 6.163666 0.1999073 -8.827393 6.153397 0.05538654 -9.141236 4.476639 -0.4583607 -9.527146 163.5311 -0.4570088 -8.045914 163.4986 -0.4589648 -8.057801 165.5243 0.4540715 -5.454041 155.9521 1.422214 -0.01049804 157.3869 1.473172 1.795029 158.6199 1.422214 0.4450531 159.1723 1.44194 1.102661 159.7552 1.425941 0.844574 13.47151 1.422214 0.7747955 16.31104 1.422214 1.217072 19.06966 1.422214 1.49588 22.74843 1.422214 1.521088 26.25075 1.422214 1.113205 30.41934 1.422214 0.1575317 35.91434 -0.4576292 -11.62798 34.62587 1.422214 -1.139999 38.92659 1.422214 -2.572601 46.40486 1.422214 -5.017426 50.75406 1.422214 -6.115417 54.95566 1.422214 -6.691727 61.10873 1.422214 -7.127182 69.2193 1.422214 -7.545883 73.73598 1.422214 -7.587921 77.271 1.422214 -7.202713 98.83887 1.422214 -4.526276 111.5557 1.422214 -3.655167 118.2321 1.422214 -2.919449 124.7594 1.422214 -2.145935 131.2365 1.422214 -1.503983 137.7724 1.422214 -1.014099 151.3766 1.422214 -0.3305054 155.7368 1.486831 2.325302 156.4432 1.48217 2.109589 6.136414 -0.4570088 -9.659592 4.443283 -0.4570088 -9.522538 6.103073 -0.4602428 -9.658967 8.430619 -0.4669685 -9.609803 12.52182 -0.4936428 -9.081604 15.09392 -0.4936013 -8.633118 8.343476 0.1999073 -8.779831 12.38245 0.1999073 -8.257019 12.25594 0.4540715 -7.508591 14.9518 0.1999073 -7.80899 14.8228 0.4540715 -7.060989 19.63628 0.1999073 -7.196091 8.401932 -0.4570088 -9.610413 12.52121 -0.4570088 -9.078003 15.09331 -0.4570088 -8.629517 19.65646 -0.460588 -8.029755 19.69045 -0.4570088 -8.026963 22.24284 -0.4634252 -8.009598 22.21082 -0.4570088 -8.006806 24.6246 -0.4570088 -8.290238 24.62398 -0.4936957 -8.293839 27.85918 -0.4936018 -9.039505 27.86015 -0.4570088 -9.035981 31.62965 -0.4586692 -10.20085 31.66327 -0.4570088 -10.21156 35.8801 -0.4570088 -11.61633 43.67732 -0.4570088 -14.16243 43.67627 -0.4936304 -14.16592 48.94357 -0.4936175 -15.48886 48.94426 -0.4570088 -15.48529 54.05043 -0.4935794 -16.19548 60.58502 -0.4577322 -16.65605 54.05076 -0.4570088 -16.19185 60.54901 -0.4570088 -16.65382 68.81868 -0.4570088 -17.08055 74.14078 -0.4935417 -17.12611 68.81855 -0.4936428 -17.0842 14.56827 0.7890954 -5.584976 14.05466 1.190581 -2.606766 17.16145 0.7890954 -5.180252 16.76321 1.190581 -2.184463 19.48947 0.7890954 -4.944046 19.29288 1.190581 -1.928314 22.38486 0.7890954 -4.922241 22.55512 1.190581 -1.904907 25.15105 0.7890954 -5.245972 25.66603 1.190581 -2.268051 28.68866 0.7890954 -6.059677 29.49912 1.190581 -3.148239 32.62239 0.7890954 -7.274734 33.56059 1.190581 -4.401916 36.86636 0.7890954 -8.688523 37.83115 1.190581 -5.824509 44.56033 0.7890954 -11.20183 45.4241 1.190581 -8.305756 49.53017 0.7890954 -12.45189 50.1033 1.190581 -9.484604 54.34372 0.7890954 -13.11629 54.63028 1.190581 -10.10774 60.73021 0.7890954 -13.56967 60.90747 1.190581 -10.55273 68.94838 0.7890954 -13.9938 69.07524 1.190581 -10.97432 74.00963 0.7890954 -14.03577 73.88147 1.190581 -11.01631 78.32053 0.7890954 -13.57043 77.82904 1.190581 -10.58852 82.4198 0.7890954 -12.81551 89.52158 -0.4936786 -14.90944 82.9887 -0.493669 -15.85587 78.78798 -0.4580135 -16.62471 81.86397 1.190581 -9.84491 84.86774 1.422214 -5.862564 88.52887 1.422214 -5.414474 99.56836 -0.4936633 -14.04507 112.4111 -0.4936428 -13.16347 4.48613 -0.05839109 -9.19957 6.147079 -0.05839109 -9.333985 8.379059 -0.05839109 -9.285447 8.365509 0.05538654 -9.093064 12.46692 -0.05839109 -8.756775 12.43477 0.05538654 -8.566636 15.03793 -0.05839109 -8.308472 15.00516 0.05538654 -8.118424 19.66925 -0.05839109 -7.701874 19.65671 0.05538654 -7.50943 22.22917 -0.05839109 -7.681534 22.24004 0.05538654 -7.488998 24.68012 -0.05839109 -7.969223 24.71298 0.05538654 -7.779205 27.94753 -0.05839109 -8.722138 27.99924 0.05538654 -8.536347 31.76441 -0.05839109 -9.901871 31.82428 0.05538654 -9.718552 35.9841 -0.05839109 -11.3076 36.04565 0.05538654 -11.12483 43.77043 -0.05839109 -13.85023 43.82555 0.05538654 -13.66544 49.00604 -0.05839109 -15.16542 49.04262 0.05538654 -14.97607 54.08165 -0.05839109 -15.86754 54.09994 0.05538654 -15.67555 60.56811 -0.05839109 -16.3286 60.57944 0.05538654 -16.13608 68.83237 -0.05839109 -16.75507 68.84047 0.05538654 -16.56238 74.12682 -0.05839109 -16.79698 74.11864 0.05538654 -16.60431 78.76998 -0.05839109 -16.29735 78.73862 0.05538654 -16.10706 82.92812 -0.05839109 -15.53204 82.89264 0.05538654 -15.34248 89.48731 -0.05839109 -14.58179 89.46726 0.05538654 -14.38998 99.54319 -0.05839109 -13.71661 99.52845 0.05538654 -13.52432 112.3816 -0.05839109 -12.83537 112.3643 0.05538654 -12.6433 119.3436 -0.05839109 -12.06949 119.3203 0.05538654 -11.87804 125.7826 -0.05839109 -11.30626 157.0801 -0.493619 -9.490372 151.7497 -0.4936428 -9.86998 138.4174 -0.4936705 -10.539 125.8192 -0.4936686 -11.63365 119.3833 -0.4936428 -12.39651 160.8006 -0.4934945 -8.849442 85.3548 1.190581 -9.259278 88.88568 1.190581 -8.827332 99.10108 1.190581 -7.947693 111.8632 1.190581 -7.072815 118.6459 1.190581 -6.325882 125.1404 1.190581 -5.556198 131.5275 1.190581 -4.92308 138.0042 1.190581 -4.437714 151.5107 1.190581 -3.759369 156.3575 1.190581 -3.417938 159.4037 1.190581 -2.895752 160.6855 1.39246 0.3948364 160.7998 -0.4570088 -8.845902 157.0797 -0.4570088 -9.486756 151.7495 -0.4570088 -9.866333 138.4172 -0.4570088 -10.53535 125.8188 -0.4570088 -11.63004 119.3829 -0.4570088 -12.39288 112.4108 -0.4570088 -13.15984 99.56809 -0.4570088 -14.04144 89.52118 -0.4570088 -14.90581 82.98802 -0.4570088 -15.85228 78.82295 -0.4570088 -16.61879 74.14064 -0.4570088 -17.12247 4.444397 -0.4191065 -9.514237 6.136688 -0.4191065 -9.65123 8.401337 -0.4191065 -9.602066 12.51982 -0.4191065 -9.069764 15.09187 -0.4191065 -8.621277 19.6899 -0.4191065 -8.018616 22.21129 -0.4191065 -7.998444 24.62604 -0.4191065 -8.281998 27.8624 -0.4191065 -9.027924 31.66586 -0.4191065 -10.2036 35.88277 -0.4191065 -11.6084 43.67972 -0.4191065 -14.15442 48.94585 -0.4191065 -15.47707 54.05156 -0.4191065 -16.18352 60.5495 -0.4191065 -16.64546 68.81905 -0.4191065 -17.07219 74.14028 -0.4191065 -17.11411 78.8216 -0.4191065 -16.61054 82.9865 -0.4191065 -15.84405 89.5203 -0.4191065 -14.89749 99.56745 -0.4191065 -14.0331 112.4101 -0.4191065 -13.1515 119.3819 -0.4191065 -12.38458 125.8178 -0.4191065 -11.62172 138.4166 -0.4191065 -10.52701 151.7492 -0.4191065 -9.857972 157.0787 -0.4191065 -9.47844 160.7978 -0.4191065 -8.837754 4.446243 -0.3788095 -9.500321 6.137146 -0.3788095 -9.637207 8.400345 -0.3788095 -9.588074 12.51747 -0.3788095 -9.055924 15.08949 -0.3788095 -8.607453 19.68898 -0.3788095 -8.004609 22.21207 -0.3788095 -7.984436 24.62842 -0.3788095 -8.268174 27.86617 -0.3788095 -9.014405 31.67023 -0.3788095 -10.19026 35.88724 -0.3788095 -11.59511 43.68371 -0.3788095 -14.14096 48.94852 -0.3788095 -15.4633 54.05289 -0.3788095 -16.16956 60.55032 -0.3788095 -16.63146 68.81963 -0.3788095 -17.05818 74.13968 -0.3788095 -17.1001 78.81931 -0.3788095 -16.5967 82.9839 -0.3788095 -15.83026 89.51883 -0.3788095 -14.88353 99.56638 -0.3788095 -14.0191 112.4088 -0.3788095 -13.13753 119.3802 -0.3788095 -12.37065 125.8163 -0.3788095 -11.60777 138.4156 -0.3788095 -10.51302 151.7487 -0.3788095 -9.843964 157.0771 -0.3788095 -9.464509 160.7946 -0.3788095 -8.824097 4.449051 -0.3347621 -9.479096 6.137848 -0.3347621 -9.615799 8.39885 -0.3347621 -9.566712 12.51392 -0.3347621 -9.034806 15.08586 -0.3347621 -8.58635 19.68759 -0.3347621 -7.983246 22.21327 -0.3347621 -7.963058 24.63208 -0.3347621 -8.247071 27.8719 -0.3347621 -8.993775 31.67688 -0.3347621 -10.16991 35.89407 -0.3347621 -11.57481 43.68983 -0.3347621 -14.12045 48.95257 -0.3347621 -15.44228 54.05492 -0.3347621 -16.14824 60.55157 -0.3347621 -16.61008 68.82053 -0.3347621 -17.03677 74.13878 -0.3347621 -17.07871 78.81583 -0.3347621 -16.57556 82.97998 -0.3347621 -15.8092 89.51663 -0.3347621 -14.86223 99.56473 -0.3347621 -13.99776 112.4069 -0.3347621 -13.11621 119.3776 -0.3347621 -12.3494 125.8139 -0.3347621 -11.58649 138.4142 -0.3347621 -10.49164 151.7478 -0.3347621 -9.822556 157.0745 -0.3347621 -9.443253 160.7898 -0.3347621 -8.803254 163.5164 -0.3347621 -8.004654 4.453217 -0.2851944 -9.447648 6.138885 -0.2851944 -9.584092 8.396622 -0.2851944 -9.535065 12.50862 -0.2851944 -9.003525 15.08046 -0.2851944 -8.555085 19.68553 -0.2851944 -7.951584 22.21507 -0.2851944 -7.931381 24.63748 -0.2851944 -8.215806 27.8804 -0.2851944 -8.963212 31.68672 -0.2851944 -10.13976 35.9042 -0.2851944 -11.54475 43.69891 -0.2851944 -14.09004 48.95859 -0.2851944 -15.41112 54.05792 -0.2851944 -16.11665 60.55345 -0.2851944 -16.57842 68.82186 -0.2851944 -17.00508 74.13744 -0.2851944 -17.047 78.81067 -0.2851944 -16.54427 82.97414 -0.2851944 -15.77803 89.51334 -0.2851944 -14.83069 99.56232 -0.2851944 -13.96613 112.404 -0.2851944 -13.08461 119.3738 -0.2851944 -12.3179 125.8104 -0.2851944 -11.55496 138.4121 -0.2851944 -10.45999 151.7466 -0.2851944 -9.790863 157.0708 -0.2851944 -9.411744 160.7825 -0.2851944 -8.772355 163.5057 -0.2851944 -7.974762 166.2019 -0.2851944 -6.810303 4.459412 -0.2276692 -9.401032 6.140427 -0.2276692 -9.537095 8.393326 -0.2276692 -9.48816 12.50078 -0.2276692 -8.957169 15.07248 -0.2276692 -8.508744 19.68247 -0.2276692 -7.904663 22.21771 -0.2276692 -7.88443 24.64549 -0.2276692 -8.16948 27.89302 -0.2276692 -8.917923 31.70133 -0.2276692 -10.09506 35.91922 -0.2276692 -11.50018 43.71234 -0.2276692 -14.04498 48.96751 -0.2276692 -15.36496 54.06239 -0.2276692 -16.06986 60.5562 -0.2276692 -16.53148 68.82384 -0.2276692 -16.9581 74.13544 -0.2276692 -17.00003 78.80303 -0.2276692 -16.49786 82.96549 -0.2276692 -15.73181 89.50843 -0.2276692 -14.78392 99.55872 -0.2276692 -13.91923 112.3998 -0.2276692 -13.03778 119.3681 -0.2276692 -12.27122 125.8052 -0.2276692 -11.50824 138.4089 -0.2276692 -10.41309 151.7447 -0.2276692 -9.743882 157.0652 -0.2276692 -9.365052 160.7718 -0.2276692 -8.726578 163.4899 -0.2276692 -7.930481 6.142731 -0.1589808 -9.466477 8.388352 -0.1589808 -9.417664 12.48901 -0.1589808 -8.887482 15.06046 -0.1589808 -8.439103 19.67787 -0.1589808 -7.834152 22.2217 -0.1589808 -7.813873 24.65753 -0.1589808 -8.099839 27.91197 -0.1589808 -8.849839 31.72325 -0.1589808 -10.02788 35.94177 -0.1589808 -11.43321 43.73254 -0.1589808 -13.97726 48.98091 -0.1589808 -15.29558 54.06909 -0.1589808 -15.9995 60.56035 -0.1589808 -16.46092 68.8268 -0.1589808 -16.8875 74.13245 -0.1589808 -16.92941 78.79152 -0.1589808 -16.42813 82.95249 -0.1589808 -15.66234 89.50107 -0.1589808 -14.71362 99.55332 -0.1589808 -13.84879 112.3935 -0.1589808 -12.96739 119.3596 -0.1589808 -12.20108 125.7973 -0.1589808 -11.438 138.4041 -0.1589808 -10.34257 151.742 -0.1589808 -9.673264 157.0569 -0.1589808 -9.294877 160.7556 -0.1589808 -8.657776 163.4662 -0.1589808 -7.863922 166.1493 -0.1589808 -6.705032 138.3952 -0.05839109 -10.21033 151.7368 -0.05839109 -9.540802 157.0412 -0.05839109 -9.163254 160.7254 -0.05839109 -8.528733 163.4216 -0.05839109 -7.739075 125.7612 0.05538654 -11.11461 132.0018 0.05538654 -10.49591 138.3821 0.05538654 -10.01791 151.7292 0.05538654 -9.348099 157.0184 0.05538654 -8.971756 160.6813 0.05538654 -8.340973 163.3568 0.05538654 -7.557434 22.25772 0.1999073 -7.175491 24.7665 0.1999073 -7.469788 28.08345 0.1999073 -8.233841 31.92177 0.1999073 -9.42006 36.1459 0.1999073 -10.82726 43.9153 0.1999073 -13.36453 49.10217 0.1999073 -14.66775 54.12971 0.1999073 -15.36296 60.59785 0.1999073 -15.82262 68.85364 0.1999073 -16.24864 74.10533 0.1999073 -16.29057 78.68755 0.1999073 -15.79724 82.83489 0.1999073 -15.03384 89.4346 0.1999073 -14.07768 99.50446 0.1999073 -13.21124 112.3362 0.1999073 -12.33055 119.2825 0.1999073 -11.56633 125.7264 0.1999073 -10.80254 131.9752 0.1999073 -10.18303 138.3609 0.1999073 -9.704621 151.717 0.1999073 -9.034333 156.9813 0.1999073 -8.659943 160.6096 0.1999073 -8.035264 163.2513 0.1999073 -7.261688 17.35881 0.4540715 -6.664978 19.5869 0.4540715 -6.438675 22.30048 0.4540715 -6.417664 24.89583 0.4540715 -6.721863 28.28699 0.4540715 -7.502624 32.15739 0.4540715 -8.698533 36.38821 0.4540715 -10.10794 44.13225 0.4540715 -12.63716 49.24611 0.4540715 -13.9225 54.20169 0.4540715 -14.60735 60.64236 0.4540715 -15.0649 68.8855 0.4540715 -15.49028 74.07314 0.4540715 -15.53223 78.5641 0.4540715 -15.04831 82.69528 0.4540715 -14.28775 89.35569 0.4540715 -13.32277 99.44647 0.4540715 -12.45442 112.2682 0.4540715 -11.57457 119.191 0.4540715 -10.81284 125.6421 0.4540715 -10.0482 131.9109 0.4540715 -9.426728 138.3096 0.4540715 -8.947327 151.6873 0.4540715 -8.275879 156.8916 0.4540715 -7.906235 160.4362 0.4540715 -7.29628 162.9963 0.4540715 -6.546783 89.19992 0.7890954 -11.83308 99.332 0.7890954 -10.961 112.1339 0.7890954 -10.08279 119.0103 0.7890954 -9.325959 125.4758 0.7890954 -8.559662 131.7838 0.7890954 -7.934326 138.2084 0.7890954 -7.452942 151.6288 0.7890954 -6.779205 156.7147 0.7890954 -6.418915 160.0941 0.7890954 -5.838058 162.493 0.7890954 -5.136047 33.5511 -1.206984 11.28574 83.14545 -1.206984 12.10876 122.7571 -1.206984 8.809632 167.0446 -1.505601 -4.164276 7.928757 -1.505601 7.760468 7.903656 -1.487082 8.397019 7.897018 -1.43422 8.565613 7.897537 -1.444205 8.552201 7.898178 -1.453425 8.536194 7.898987 -1.462365 8.515671 7.900406 -1.473294 8.479554 7.900513 -1.473906 8.477005 7.89415 -1.206984 8.638215 7.894623 -1.303903 8.626358 7.89502 -1.348664 8.616074 7.895401 -1.376397 8.606385 7.895782 -1.395812 8.59697 7.896149 -1.410705 8.587449 7.896545 -1.422977 8.577393 164.7715 -1.206984 -0.9788208 164.6721 -1.473906 -1.105942 164.6737 -1.473294 -1.103943 164.696 -1.462365 -1.075455 164.7086 -1.453425 -1.05928 164.7185 -1.444205 -1.046646 164.7267 -1.43422 -1.036072 164.734 -1.422977 -1.026794 164.7402 -1.410705 -1.01886 164.7461 -1.395812 -1.011353 164.7519 -1.376397 -1.003937 164.7578 -1.348664 -0.9962921 164.7642 -1.303903 -0.9881744 164.6229 -1.487082 -1.169022 164.2306 -1.505601 -1.670959 162.2608 -1.505601 -0.3117828 159.9313 -1.505601 0.9202423 157.029 -1.505601 2.052567 153.1427 -1.505601 3.113098 147.4855 -1.505601 4.182495 137.9445 -1.505601 5.778244 129.3982 -1.505601 7.182098 122.6696 -1.505601 7.935562 104.145 -1.505601 10.00229 83.0873 -1.505601 11.23225 78.43541 -1.505601 11.51231 73.77991 -1.505601 11.64632 51.26599 -1.505601 11.63748 21.8837 -1.505601 9.0887 11.73189 -1.505601 7.994705 162.5916 -1.487082 0.2326507 162.6332 -1.473906 0.3010712 162.6345 -1.473294 0.3032532 162.6533 -1.462365 0.334137 162.6639 -1.453425 0.3516846 162.6722 -1.444205 0.365387 162.6792 -1.43422 0.3768616 162.6853 -1.422977 0.3869324 162.6905 -1.410705 0.3955383 162.6955 -1.395812 0.4036713 162.7004 -1.376397 0.4117279 162.7054 -1.348664 0.4200134 162.7108 -1.303903 0.4288178 162.7169 -1.206984 0.4389496 160.1968 -1.487082 1.499298 160.2302 -1.473906 1.572067 160.2312 -1.473294 1.574387 160.2463 -1.462365 1.607239 160.2549 -1.453425 1.6259 160.2616 -1.444205 1.640472 160.2671 -1.43422 1.652664 160.2721 -1.422977 1.663376 160.2763 -1.410705 1.672531 160.2802 -1.395812 1.681198 160.2841 -1.376397 1.689758 160.2882 -1.348664 1.698578 160.2925 -1.303903 1.707931 160.2974 -1.206984 1.718719 157.2289 -1.487082 2.657455 157.254 -1.473906 2.733459 157.2548 -1.473294 2.735886 157.2662 -1.462365 2.770203 157.2726 -1.453425 2.789703 157.2776 -1.444205 2.804916 157.2819 -1.43422 2.817657 157.2855 -1.422977 2.828842 157.2887 -1.410705 2.838409 157.2917 -1.395812 2.847458 157.2946 -1.376397 2.8564 157.2977 -1.348664 2.865616 157.3009 -1.303903 2.875381 157.3047 -1.206984 2.886642 95.35648 -1.505601 10.54555 104.2051 -1.487082 10.63649 95.38504 -1.487082 11.18195 104.2126 -1.473906 10.71617 95.38864 -1.473906 11.26192 104.2129 -1.473294 10.71872 95.38877 -1.473294 11.26447 104.2163 -1.462365 10.7547 95.39038 -1.462365 11.30058 104.2182 -1.453425 10.77515 95.3913 -1.453425 11.32109 104.2197 -1.444205 10.79109 95.392 -1.444205 11.3371 104.221 -1.43422 10.80446 95.39261 -1.43422 11.35051 104.2221 -1.422977 10.81619 95.39313 -1.422977 11.36227 104.2231 -1.410705 10.82622 95.39359 -1.410705 11.37234 104.224 -1.395812 10.83569 95.39402 -1.395812 11.38185 104.2249 -1.376397 10.84508 95.39444 -1.376397 11.39127 104.2258 -1.348664 10.85474 95.39487 -1.348664 11.40095 104.2267 -1.303903 10.86499 95.39533 -1.303903 11.41124 104.2278 -1.206984 10.8768 95.39588 -1.206984 11.4231 83.14466 -1.303903 12.09692 83.14398 -1.348664 12.08665 83.14334 -1.376397 12.07697 83.14272 -1.395812 12.06758 83.14208 -1.410705 12.05807 83.14142 -1.422977 12.04802 83.14063 -1.43422 12.03627 83.13974 -1.444205 12.02287 83.13869 -1.453425 12.00688 83.13733 -1.462365 11.98639 83.13494 -1.473294 11.95033 83.13477 -1.473906 11.94777 83.12946 -1.487082 11.8679 78.4666 -1.487082 12.14861 73.7853 -1.487082 12.28336 78.47051 -1.473906 12.22856 73.78597 -1.473906 12.36339 78.47064 -1.473294 12.23111 73.786 -1.473294 12.36595 78.47241 -1.462365 12.26721 73.7863 -1.462365 12.4021 78.47342 -1.453425 12.28772 73.78647 -1.453425 12.42262 78.4742 -1.444205 12.30373 73.78661 -1.444205 12.43864 78.47486 -1.43422 12.31714 73.78672 -1.43422 12.45207 78.47544 -1.422977 12.3289 73.78682 -1.422977 12.46385 78.47592 -1.410705 12.33896 73.78691 -1.410705 12.47392 78.4764 -1.395812 12.34848 73.78699 -1.395812 12.48344 78.47686 -1.376397 12.35788 73.78707 -1.376397 12.49287 78.47733 -1.348664 12.36757 73.78714 -1.348664 12.50256 78.47783 -1.303903 12.37787 73.78723 -1.303903 12.51286 78.47841 -1.206984 12.38971 73.78733 -1.206984 12.52473 51.26207 -1.487082 12.27452 51.26158 -1.473906 12.35457 51.26156 -1.473294 12.35712 51.26134 -1.462365 12.39326 51.26121 -1.453425 12.4138 51.26111 -1.444205 12.42982 51.26103 -1.43422 12.44324 51.26095 -1.422977 12.45503 51.26089 -1.410705 12.4651 51.26083 -1.395812 12.47462 51.26079 -1.376397 12.48404 51.26073 -1.348664 12.49374 51.26066 -1.303903 12.50404 51.26059 -1.206984 12.5159 42.67683 -1.505601 11.32066 42.63225 -1.487082 11.95616 42.62665 -1.473906 12.036 42.62646 -1.473294 12.03854 42.62395 -1.462365 12.0746 42.6225 -1.453425 12.09509 42.62138 -1.444205 12.11107 42.62044 -1.43422 12.12447 42.61961 -1.422977 12.13621 42.61891 -1.410705 12.14627 42.61824 -1.395812 12.15576 42.61758 -1.376397 12.16516 42.61691 -1.348664 12.17483 42.61619 -1.303903 12.18512 42.61536 -1.206984 12.19694 33.55249 -1.303903 11.27396 33.55369 -1.348664 11.26373 33.55482 -1.376397 11.2541 33.55592 -1.395812 11.24474 33.55705 -1.410705 11.23529 33.55823 -1.422977 11.22528 33.5596 -1.43422 11.21358 33.56117 -1.444205 11.20024 33.56305 -1.453425 11.18434 33.56544 -1.462365 11.16394 33.56969 -1.473294 11.12805 33.56998 -1.473906 11.1255 33.57934 -1.487082 11.04602 33.6539 -1.505601 10.41333 21.81076 -1.487082 9.721558 11.68039 -1.487082 8.629731 21.80159 -1.473906 9.801072 11.67392 -1.473906 8.709534 21.8013 -1.473294 9.803605 11.67371 -1.473294 8.712067 21.79717 -1.462365 9.839524 11.67079 -1.462365 8.748108 21.79482 -1.453425 9.85991 11.66913 -1.453425 8.76857 21.79297 -1.444205 9.87584 11.66783 -1.444205 8.784546 21.79144 -1.43422 9.889176 11.66675 -1.43422 8.797928 21.79009 -1.422977 9.900879 11.6658 -1.422977 8.809678 21.78894 -1.410705 9.910874 11.66498 -1.410705 8.819718 21.78784 -1.395812 9.92035 11.66421 -1.395812 8.829209 21.78676 -1.376397 9.929703 11.66345 -1.376397 8.838593 21.78566 -1.348664 9.939332 11.66267 -1.348664 8.848267 21.78447 -1.303903 9.94957 11.66183 -1.303903 8.858536 21.78311 -1.206984 9.96135 11.66087 -1.206984 8.870362 153.283 -1.487082 3.734558 153.3006 -1.473906 3.812637 153.3012 -1.473294 3.815124 153.3091 -1.462365 3.850388 153.3137 -1.453425 3.870422 153.3172 -1.444205 3.886047 153.3202 -1.43422 3.899139 153.3227 -1.422977 3.910645 153.3249 -1.410705 3.920456 153.3271 -1.395812 3.929749 153.3291 -1.376397 3.93895 153.3313 -1.348664 3.94841 153.3336 -1.303903 3.95845 153.3361 -1.206984 3.970016 147.5914 -1.487082 4.810684 147.6047 -1.473906 4.889618 147.6051 -1.473294 4.892136 147.6111 -1.462365 4.92778 147.6146 -1.453425 4.948013 147.6172 -1.444205 4.963821 147.6194 -1.43422 4.977066 147.6214 -1.422977 4.988678 147.6231 -1.410705 4.998611 147.6247 -1.395812 5.007996 147.6262 -1.376397 5.017288 147.6278 -1.348664 5.026855 147.6295 -1.303903 5.037003 147.6315 -1.206984 5.048706 138.0544 -1.487082 6.405746 138.0683 -1.473906 6.484589 138.0687 -1.473294 6.487106 138.0749 -1.462365 6.522705 138.0785 -1.453425 6.542938 138.0812 -1.444205 6.558716 138.0836 -1.43422 6.571945 138.0856 -1.422977 6.583542 138.0873 -1.410705 6.593475 138.089 -1.395812 6.602844 138.0906 -1.376397 6.612137 138.0923 -1.348664 6.621689 138.094 -1.303903 6.631836 138.0961 -1.206984 6.643509 129.4832 -1.487082 7.813461 129.4939 -1.473906 7.892792 129.4942 -1.473294 7.895309 129.499 -1.462365 7.931137 129.5018 -1.453425 7.951492 129.5039 -1.444205 7.967361 129.5057 -1.43422 7.980667 129.5073 -1.422977 7.992355 129.5086 -1.410705 8.002335 129.5099 -1.395812 8.011765 129.5112 -1.376397 8.021103 129.5124 -1.348664 8.030716 129.5138 -1.303903 8.040925 129.5154 -1.206984 8.052689 122.733 -1.487082 8.569458 122.741 -1.473906 8.649094 122.7413 -1.473294 8.651642 122.7449 -1.462365 8.687607 122.7469 -1.453425 8.708039 122.7485 -1.444205 8.723984 122.7499 -1.43422 8.737336 122.751 -1.422977 8.74907 122.752 -1.410705 8.759079 122.753 -1.395812 8.768555 122.7539 -1.376397 8.777939 122.7549 -1.348664 8.787583 122.7559 -1.303903 8.797837 115.9446 -1.505601 8.643296 116.0155 -1.487082 9.276383 116.0244 -1.473906 9.355927 116.0247 -1.473294 9.35846 116.0287 -1.462365 9.394379 116.031 -1.453425 9.414795 116.0328 -1.444205 9.43071 116.0343 -1.43422 9.444062 116.0356 -1.422977 9.455765 116.0367 -1.410705 9.465775 116.0378 -1.395812 9.475235 116.0388 -1.376397 9.484604 116.0399 -1.348664 9.494233 116.041 -1.303903 9.504471 116.0424 -1.206984 9.516266 -93.24684 1.216232 -11.51915 -26.67017 1.216232 -10.50153 -8.078263 1.216232 -8.642853 -8.078812 1.307747 -8.629822 -8.07927 1.348599 -8.619034 -8.079667 1.372912 -8.609467 -8.089661 1.479629 -8.370499 -8.08548 1.466154 -8.47017 -8.083741 1.455323 -8.511795 -8.082779 1.446366 -8.535035 -8.082047 1.437278 -8.552567 -8.081437 1.427613 -8.566895 -8.080918 1.416755 -8.579377 -8.08046 1.40443 -8.590394 -8.080063 1.390551 -8.600052 -26.69975 1.479629 -10.23054 -33.37839 1.479629 -10.98788 -42.40662 1.479629 -11.90596 -46.94775 1.479629 -12.15202 -51.48984 1.479629 -12.24173 -71.4292 1.479629 -12.25148 -76.2211 1.479629 -12.20431 -93.23392 1.479629 -11.24687 -102.4193 1.479629 -10.75665 -124.6738 1.479629 -8.338486 -129.2933 1.479629 -7.804367 -133.8972 1.479629 -7.097244 -145.3535 1.479629 -5.148651 -152.5249 1.479629 -3.865387 -145.3698 1.466154 -5.247086 -152.5457 1.466154 -3.962967 -145.3766 1.455323 -5.288193 -152.5543 1.455323 -4.003723 -145.3803 1.446366 -5.311127 -152.5591 1.446366 -4.026459 -145.3832 1.437278 -5.328461 -152.5628 1.437278 -4.04364 -145.3855 1.427613 -5.34259 -152.5658 1.427613 -4.057663 -145.3876 1.416755 -5.354919 -152.5684 1.416755 -4.069885 -152.5694 1.411557 -4.074768 -145.3893 1.40443 -5.365814 -152.5707 1.40443 -4.080673 -145.3909 1.390551 -5.375336 -152.5727 1.390551 -4.090118 -145.3925 1.372912 -5.384644 -152.5746 1.372912 -4.099335 -145.394 1.348599 -5.394073 -152.5766 1.348599 -4.108704 -15.43164 1.479629 -8.953293 -15.42102 1.466154 -9.052491 -15.41658 1.455323 -9.093903 -15.41411 1.446366 -9.117035 -15.41223 1.437278 -9.134491 -15.41071 1.427613 -9.148743 -15.40938 1.416755 -9.161164 -15.4082 1.40443 -9.172135 -15.40717 1.390551 -9.181748 -15.40617 1.372912 -9.191117 -15.40515 1.348599 -9.200623 -15.40399 1.307747 -9.21138 -15.4026 1.216232 -9.224335 -26.67159 1.307747 -10.48857 -26.67276 1.348599 -10.47781 -26.6738 1.372912 -10.46831 -26.67482 1.390551 -10.45894 -26.67587 1.40443 -10.44934 -26.67706 1.416755 -10.43837 -26.67842 1.427613 -10.42595 -26.67998 1.437278 -10.4117 -26.68189 1.446366 -10.39424 -26.6844 1.455323 -10.37114 -26.68894 1.466154 -10.32971 -33.36668 1.466154 -11.08696 -42.39946 1.466154 -12.00546 -33.36178 1.455323 -11.12833 -42.39647 1.455323 -12.04701 -33.35907 1.446366 -11.15143 -42.3948 1.446366 -12.07021 -33.35699 1.437278 -11.16887 -42.39353 1.437278 -12.08772 -33.35531 1.427613 -11.18309 -42.39251 1.427613 -12.10202 -33.35385 1.416755 -11.19551 -42.39161 1.416755 -12.11449 -33.35255 1.40443 -11.20645 -42.39081 1.40443 -12.12549 -33.35142 1.390551 -11.21605 -42.39013 1.390551 -12.13512 -33.35031 1.372912 -11.22542 -42.38945 1.372912 -12.14452 -33.3492 1.348599 -11.23491 -42.38876 1.348599 -12.15407 -33.34793 1.307747 -11.24565 -42.38798 1.307747 -12.16484 -33.34639 1.216232 -11.25859 -42.38705 1.216232 -12.17784 -46.9441 1.466154 -12.25171 -46.94258 1.455323 -12.29333 -46.94173 1.446366 -12.31657 -46.94108 1.437278 -12.33412 -46.94057 1.427613 -12.34845 -46.94011 1.416755 -12.36095 -46.9397 1.40443 -12.37196 -46.93935 1.390551 -12.38162 -46.93901 1.372912 -12.39104 -46.93866 1.348599 -12.40059 -46.93826 1.307747 -12.41139 -46.93779 1.216232 -12.42442 -51.48934 1.466154 -12.34148 -51.48913 1.455323 -12.38315 -51.48902 1.446366 -12.40639 -51.48894 1.437278 -12.42395 -51.48886 1.427613 -12.43829 -51.48881 1.416755 -12.45079 -51.48875 1.40443 -12.46181 -51.4887 1.390551 -12.47148 -51.48865 1.372912 -12.4809 -51.48861 1.348599 -12.49046 -51.48855 1.307747 -12.50128 -51.48849 1.216232 -12.51431 -81.03256 1.216232 -12.24283 -93.24623 1.307747 -11.50613 -81.03174 1.307747 -12.22983 -93.24571 1.348599 -11.49535 -81.03108 1.348599 -12.21904 -93.24526 1.372912 -11.48578 -81.03047 1.372912 -12.20949 -93.24481 1.390551 -11.47638 -81.02989 1.390551 -12.20009 -93.24436 1.40443 -11.46672 -81.02929 1.40443 -12.19044 -93.24384 1.416755 -11.4557 -81.02861 1.416755 -12.17943 -93.24324 1.427613 -11.44322 -81.02783 1.427613 -12.16696 -93.24256 1.437278 -11.42891 -81.02694 1.437278 -12.15265 -93.24172 1.446366 -11.41136 -81.02585 1.446366 -12.13513 -93.24063 1.455323 -11.38814 -81.02441 1.455323 -12.11192 -93.23865 1.466154 -11.34653 -81.02182 1.466154 -12.07034 -81.01562 1.479629 -11.97078 -124.684 1.466154 -8.437714 -129.3065 1.466154 -7.903259 -124.6883 1.455323 -8.479157 -129.312 1.455323 -7.94455 -124.6907 1.446366 -8.502289 -129.315 1.446366 -7.96759 -124.6925 1.437278 -8.519745 -129.3174 1.437278 -7.985001 -124.694 1.427613 -8.534012 -129.3193 1.427613 -7.999207 -124.6953 1.416755 -8.546433 -129.3209 1.416755 -8.011597 -124.6964 1.40443 -8.557404 -129.3224 1.40443 -8.022538 -124.6974 1.390551 -8.567017 -129.3236 1.390551 -8.032105 -124.6984 1.372912 -8.576386 -129.3249 1.372912 -8.041443 -124.6994 1.348599 -8.585907 -129.3261 1.348599 -8.050934 -124.7005 1.307747 -8.596665 -129.3276 1.307747 -8.061646 -124.7018 1.216232 -8.60962 -129.3293 1.216232 -8.07457 -133.9138 1.466154 -7.195602 -133.9208 1.455323 -7.236664 -133.9247 1.446366 -7.259598 -133.9276 1.437278 -7.276901 -133.93 1.427613 -7.291031 -133.9321 1.416755 -7.30336 -133.934 1.40443 -7.314224 -133.9356 1.390551 -7.323761 -133.9372 1.372912 -7.333054 -133.9388 1.348599 -7.342483 -133.9406 1.307747 -7.353134 -133.9427 1.216232 -7.365982 -71.42871 1.466154 -12.35124 -71.4285 1.455323 -12.3929 -71.42838 1.446366 -12.41615 -71.42829 1.437278 -12.43372 -71.42823 1.427613 -12.44804 -71.42816 1.416755 -12.46054 -71.4281 1.40443 -12.47157 -71.42805 1.390551 -12.48123 -71.428 1.372912 -12.49066 -71.42796 1.348599 -12.50023 -71.4279 1.307747 -12.51103 -71.42784 1.216232 -12.52406 -76.22407 1.466154 -12.30403 -76.22531 1.455323 -12.34567 -76.226 1.446366 -12.36891 -76.22652 1.437278 -12.38646 -76.22695 1.427613 -12.40079 -76.22732 1.416755 -12.41328 -76.22765 1.40443 -12.4243 -76.22793 1.390551 -12.43396 -76.22821 1.372912 -12.44337 -76.2285 1.348599 -12.45294 -76.22882 1.307747 -12.46374 -76.2292 1.216232 -12.47678 -102.427 1.466154 -10.85611 -102.4302 1.455323 -10.89764 -102.432 1.446366 -10.92082 -102.4334 1.437278 -10.93834 -102.4345 1.427613 -10.95262 -102.4355 1.416755 -10.96509 -102.4363 1.40443 -10.97607 -102.4371 1.390551 -10.98572 -102.4378 1.372912 -10.9951 -102.4385 1.348599 -11.00464 -102.4394 1.307747 -11.01543 -102.4404 1.216232 -11.02841 -111.2224 1.479629 -9.803025 -111.2345 1.466154 -9.902054 -111.2395 1.455323 -9.943406 -111.2423 1.446366 -9.966492 -111.2444 1.437278 -9.983933 -111.2462 1.427613 -9.998154 -111.2477 1.416755 -10.01056 -111.249 1.40443 -10.0215 -111.2502 1.390551 -10.0311 -111.2513 1.372912 -10.04045 -111.2525 1.348599 -10.04996 -111.2538 1.307747 -10.06068 -111.2553 1.216232 -10.07362 -145.3958 1.307747 -5.404739 -145.3979 1.216232 -5.417603 -152.5782 1.32105 -4.116348 -152.5789 1.307747 -4.119278 -152.5816 1.216232 -4.132019 -156.6311 1.483142 -2.71257 -160.7649 1.316102 -1.455322 -160.7674 1.30033 -1.461746 -162.7129 1.209743 -0.4036713 -162.7101 1.225546 -0.3972626 -162.7068 1.23943 -0.3903198 -160.762 1.329969 -1.448303 -160.62 1.418886 -1.147537 -165.4613 0.9047432 1.569763 -166.0637 0.9149141 2.603332 -166.1397 0.9134169 2.519913 -166.1879 0.9080267 2.466064 -166.2208 0.8996277 2.428192 -166.2538 0.8816738 2.38826 -166.2444 0.8884373 2.399994 -164.5746 1.067725 0.8764496 -164.571 1.081493 0.8833008 -164.5668 1.093752 0.8907471 -164.562 1.104631 0.898819 -164.5565 1.11432 0.9076691 -164.5501 1.122971 0.9174347 -165.4615 0.9021087 1.569046 -164.5843 0.9591608 0.8467407 -164.5789 0.7607255 0.8228912 -160.7346 1.386508 -1.387283 -162.6664 1.30204 -0.3164063 -160.7193 1.39848 -1.354691 -162.6567 1.307592 -0.2996216 -160.6983 1.407917 -1.310425 -162.6316 1.316751 -0.2571259 -162.5379 1.326579 -0.1011199 -165.4114 1.026793 1.651093 -165.3887 1.038258 1.679947 -164.4838 1.158065 1.010391 -164.3739 1.166737 1.156921 -164.5131 1.149199 0.9702911 -164.5245 1.143755 0.9543915 -164.5343 1.137606 0.9405365 -164.5428 1.130702 0.9283142 -160.7587 1.342239 -1.440628 -162.7031 1.251704 -0.3827667 -160.755 1.353152 -1.432159 -162.6988 1.262609 -0.3744812 -160.7509 1.362898 -1.422775 -162.694 1.272334 -0.3653412 -160.7462 1.371629 -1.412308 -162.6884 1.281032 -0.3551941 -160.7408 1.379467 -1.400574 -162.6821 1.288822 -0.3438263 -162.6748 1.295801 -0.3309937 -163.6651 1.100505 0.1955871 -164.5777 1.051459 0.869812 -163.6607 1.139586 0.2073211 -162.7172 1.170676 -0.4152374 -160.7714 1.261371 -1.47316 -162.7198 1.117254 -0.4255982 -160.7743 1.208139 -1.483063 -162.7179 0.9193597 -0.4450073 -160.7751 1.011092 -1.499908 -164.5821 1.012689 0.8579712 -156.7347 1.321968 -3.049103 -156.7314 1.360544 -3.037689 -154.6627 1.378502 -3.613571 -156.7295 1.375904 -3.031311 -156.7274 1.389808 -3.024139 -156.725 1.402169 -3.016174 -156.7373 1.26914 -3.058762 -158.7758 1.252567 -2.34996 -158.773 1.305482 -2.340286 -158.7693 1.344251 -2.328918 -158.7671 1.359963 -2.322464 -158.7646 1.373791 -2.315384 -158.7618 1.386041 -2.307617 -156.7225 1.412814 -3.007706 -158.7587 1.396952 -2.299026 -156.7196 1.422588 -2.998077 -158.7552 1.406713 -2.289474 -156.7163 1.431386 -2.987305 -158.7512 1.41548 -2.278824 -156.7126 1.439331 -2.975189 -158.7467 1.423371 -2.266846 -156.7083 1.446522 -2.961472 -158.7416 1.430488 -2.253265 -156.6979 1.458947 -2.927734 -158.729 1.442684 -2.219925 -156.6837 1.469112 -2.881821 -158.7116 1.45248 -2.174591 -158.6472 1.464954 -2.007538 -33.55125 -1.206984 -11.28577 -83.1456 -1.206984 -12.10878 -122.7573 -1.206984 -8.809662 -167.0447 -1.505601 4.164246 -7.928909 -1.505601 -7.760483 -7.903809 -1.487082 -8.397049 -7.897171 -1.43422 -8.565644 -7.89769 -1.444205 -8.552216 -7.898331 -1.453425 -8.53621 -7.899139 -1.462365 -8.515702 -7.900558 -1.473294 -8.479584 -7.900665 -1.473906 -8.477021 -7.894302 -1.206984 -8.638245 -7.894775 -1.303903 -8.626389 -7.895172 -1.348664 -8.616105 -7.895554 -1.376397 -8.6064 -7.895935 -1.395812 -8.596985 -7.896301 -1.410705 -8.587479 -7.896698 -1.422977 -8.577408 -164.7716 -1.206984 0.9788056 -164.6723 -1.473906 1.105926 -164.6739 -1.473294 1.103912 -164.6961 -1.462365 1.075439 -164.7088 -1.453425 1.05925 -164.7186 -1.444205 1.046631 -164.7269 -1.43422 1.036056 -164.7342 -1.422977 1.026764 -164.7404 -1.410705 1.018829 -164.7462 -1.395812 1.011322 -164.752 -1.376397 1.003906 -164.758 -1.348664 0.9962616 -164.7643 -1.303903 0.9881439 -164.623 -1.487082 1.168991 -164.2307 -1.505601 1.670929 -162.261 -1.505601 0.3117676 -159.9314 -1.505601 -0.9202576 -157.0292 -1.505601 -2.052597 -153.1428 -1.505601 -3.113129 -147.4856 -1.505601 -4.182526 -137.9447 -1.505601 -5.778275 -129.3984 -1.505601 -7.182129 -122.6697 -1.505601 -7.935593 -104.1451 -1.505601 -10.0023 -83.08745 -1.505601 -11.23228 -78.43556 -1.505601 -11.51234 -73.78006 -1.505601 -11.64635 -51.26613 -1.505601 -11.63751 -21.88385 -1.505601 -9.088715 -11.73204 -1.505601 -7.99472 -162.5918 -1.487082 -0.2326812 -162.6333 -1.473906 -0.3010864 -162.6347 -1.473294 -0.3032684 -162.6534 -1.462365 -0.3341675 -162.6641 -1.453425 -0.3517151 -162.6724 -1.444205 -0.3654022 -162.6794 -1.43422 -0.3768768 -162.6855 -1.422977 -0.3869476 -162.6907 -1.410705 -0.3955536 -162.6957 -1.395812 -0.4037018 -162.7005 -1.376397 -0.4117432 -162.7056 -1.348664 -0.420044 -162.7109 -1.303903 -0.428833 -162.7171 -1.206984 -0.4389801 -160.197 -1.487082 -1.499329 -160.2303 -1.473906 -1.572082 -160.2314 -1.473294 -1.574402 -160.2465 -1.462365 -1.607269 -160.255 -1.453425 -1.625931 -160.2617 -1.444205 -1.640488 -160.2673 -1.43422 -1.652695 -160.2722 -1.422977 -1.663406 -160.2764 -1.410705 -1.672562 -160.2804 -1.395812 -1.681213 -160.2843 -1.376397 -1.689774 -160.2883 -1.348664 -1.698593 -160.2926 -1.303903 -1.707962 -160.2976 -1.206984 -1.718735 -157.2291 -1.487082 -2.657471 -157.2542 -1.473906 -2.733475 -157.255 -1.473294 -2.735901 -157.2663 -1.462365 -2.770218 -157.2728 -1.453425 -2.789719 -157.2778 -1.444205 -2.804932 -157.282 -1.43422 -2.817688 -157.2857 -1.422977 -2.828873 -157.2889 -1.410705 -2.838425 -157.2918 -1.395812 -2.847473 -157.2948 -1.376397 -2.856415 -157.2978 -1.348664 -2.865631 -157.3011 -1.303903 -2.875412 -157.3048 -1.206984 -2.886673 -95.35663 -1.505601 -10.54556 -104.2052 -1.487082 -10.63652 -95.3852 -1.487082 -11.18198 -104.2128 -1.473906 -10.7162 -95.38879 -1.473906 -11.26193 -104.213 -1.473294 -10.71875 -95.38891 -1.473294 -11.2645 -104.2164 -1.462365 -10.75473 -95.39053 -1.462365 -11.3006 -104.2184 -1.453425 -10.77518 -95.39145 -1.453425 -11.32111 -104.2199 -1.444205 -10.79112 -95.39217 -1.444205 -11.33711 -104.2211 -1.43422 -10.80449 -95.39277 -1.43422 -11.35052 -104.2223 -1.422977 -10.81621 -95.3933 -1.422977 -11.3623 -104.2232 -1.410705 -10.82625 -95.39376 -1.410705 -11.37236 -104.2241 -1.395812 -10.83572 -95.39418 -1.395812 -11.38188 -104.225 -1.376397 -10.84511 -95.3946 -1.376397 -11.39128 -104.2259 -1.348664 -10.85477 -95.39504 -1.348664 -11.40099 -104.2269 -1.303903 -10.86501 -95.3955 -1.303903 -11.41127 -104.228 -1.206984 -10.87682 -95.39602 -1.206984 -11.42311 -83.14481 -1.303903 -12.09695 -83.14414 -1.348664 -12.08667 -83.1435 -1.376397 -12.077 -83.14286 -1.395812 -12.0676 -83.14223 -1.410705 -12.05809 -83.14157 -1.422977 -12.04805 -83.14079 -1.43422 -12.03629 -83.1399 -1.444205 -12.02289 -83.13884 -1.453425 -12.0069 -83.13748 -1.462365 -11.98642 -83.13509 -1.473294 -11.95035 -83.13491 -1.473906 -11.9478 -83.12962 -1.487082 -11.86793 -78.46675 -1.487082 -12.14864 -73.78545 -1.487082 -12.28337 -78.47067 -1.473906 -12.22858 -73.78612 -1.473906 -12.36342 -78.4708 -1.473294 -12.23114 -73.78614 -1.473294 -12.36597 -78.47257 -1.462365 -12.26724 -73.78645 -1.462365 -12.40211 -78.47357 -1.453425 -12.28775 -73.78663 -1.453425 -12.42265 -78.47435 -1.444205 -12.30376 -73.78676 -1.444205 -12.43867 -78.47501 -1.43422 -12.31715 -73.78688 -1.43422 -12.4521 -78.47559 -1.422977 -12.32892 -73.78697 -1.422977 -12.46388 -78.47608 -1.410705 -12.33899 -73.78706 -1.410705 -12.47395 -78.47654 -1.395812 -12.3485 -73.78714 -1.395812 -12.48347 -78.47701 -1.376397 -12.35791 -73.78722 -1.376397 -12.49289 -78.47749 -1.348664 -12.3676 -73.7873 -1.348664 -12.50259 -78.47799 -1.303903 -12.37788 -73.78739 -1.303903 -12.51289 -78.47857 -1.206984 -12.38972 -73.78749 -1.206984 -12.52475 -51.26222 -1.487082 -12.27455 -51.26173 -1.473906 -12.35458 -51.26171 -1.473294 -12.35715 -51.2615 -1.462365 -12.3933 -51.26137 -1.453425 -12.41382 -51.26127 -1.444205 -12.42984 -51.26118 -1.43422 -12.44327 -51.26111 -1.422977 -12.45505 -51.26105 -1.410705 -12.46512 -51.26099 -1.395812 -12.47464 -51.26093 -1.376397 -12.48407 -51.26088 -1.348664 -12.49377 -51.26081 -1.303903 -12.50406 -51.26073 -1.206984 -12.51593 -42.67699 -1.505601 -11.32069 -42.63241 -1.487082 -11.95618 -42.6268 -1.473906 -12.03603 -42.62662 -1.473294 -12.03857 -42.6241 -1.462365 -12.07463 -42.62266 -1.453425 -12.09511 -42.62154 -1.444205 -12.1111 -42.6206 -1.43422 -12.1245 -42.61977 -1.422977 -12.13625 -42.61906 -1.410705 -12.14629 -42.6184 -1.395812 -12.15579 -42.61774 -1.376397 -12.16519 -42.61706 -1.348664 -12.17487 -42.61634 -1.303903 -12.18513 -42.61552 -1.206984 -12.19698 -33.55264 -1.303903 -11.27399 -33.55385 -1.348664 -11.26376 -33.55498 -1.376397 -11.25412 -33.55609 -1.395812 -11.24477 -33.5572 -1.410705 -11.23531 -33.55838 -1.422977 -11.22531 -33.55975 -1.43422 -11.21361 -33.56132 -1.444205 -11.20027 -33.5632 -1.453425 -11.18436 -33.56561 -1.462365 -11.16397 -33.56984 -1.473294 -11.12807 -33.57013 -1.473906 -11.12553 -33.5795 -1.487082 -11.04604 -33.65405 -1.505601 -10.41336 -21.81091 -1.487082 -9.721573 -11.68054 -1.487082 -8.629761 -21.80174 -1.473906 -9.801102 -11.67407 -1.473906 -8.709549 -21.80145 -1.473294 -9.803635 -11.67387 -1.473294 -8.712098 -21.79732 -1.462365 -9.839539 -11.67094 -1.462365 -8.748124 -21.79497 -1.453425 -9.85994 -11.66928 -1.453425 -8.768601 -21.79312 -1.444205 -9.875855 -11.66798 -1.444205 -8.784577 -21.7916 -1.43422 -9.889191 -11.6669 -1.43422 -8.797959 -21.79024 -1.422977 -9.900895 -11.66595 -1.422977 -8.809693 -21.78909 -1.410705 -9.910904 -11.66513 -1.410705 -8.819733 -21.788 -1.395812 -9.920365 -11.66437 -1.395812 -8.829224 -21.78693 -1.376397 -9.929718 -11.6636 -1.376397 -8.838624 -21.78581 -1.348664 -9.939362 -11.66283 -1.348664 -8.848298 -21.78464 -1.303903 -9.949585 -11.66199 -1.303903 -8.858551 -21.78328 -1.206984 -9.96138 -11.66103 -1.206984 -8.870377 -153.2831 -1.487082 -3.734573 -153.3008 -1.473906 -3.812653 -153.3013 -1.473294 -3.815155 -153.3093 -1.462365 -3.850403 -153.3138 -1.453425 -3.870438 -153.3173 -1.444205 -3.886078 -153.3203 -1.43422 -3.89917 -153.3229 -1.422977 -3.91066 -153.3251 -1.410705 -3.920486 -153.3272 -1.395812 -3.929779 -153.3293 -1.376397 -3.938965 -153.3314 -1.348664 -3.948425 -153.3337 -1.303903 -3.958481 -153.3363 -1.206984 -3.970047 -147.5915 -1.487082 -4.810699 -147.6049 -1.473906 -4.889633 -147.6053 -1.473294 -4.892151 -147.6113 -1.462365 -4.927795 -147.6147 -1.453425 -4.948044 -147.6174 -1.444205 -4.963852 -147.6196 -1.43422 -4.977081 -147.6215 -1.422977 -4.988693 -147.6232 -1.410705 -4.998627 -147.6248 -1.395812 -5.008026 -147.6264 -1.376397 -5.017319 -147.628 -1.348664 -5.026886 -147.6297 -1.303903 -5.037033 -147.6317 -1.206984 -5.048737 -138.0546 -1.487082 -6.405777 -138.0684 -1.473906 -6.484619 -138.0688 -1.473294 -6.487137 -138.0751 -1.462365 -6.522736 -138.0786 -1.453425 -6.542953 -138.0814 -1.444205 -6.558746 -138.0837 -1.43422 -6.571976 -138.0857 -1.422977 -6.583572 -138.0875 -1.410705 -6.593491 -138.0891 -1.395812 -6.602875 -138.0907 -1.376397 -6.612152 -138.0924 -1.348664 -6.621704 -138.0942 -1.303903 -6.631851 -138.0962 -1.206984 -6.643539 -129.4834 -1.487082 -7.813477 -129.494 -1.473906 -7.892807 -129.4944 -1.473294 -7.89534 -129.4992 -1.462365 -7.931168 -129.5019 -1.453425 -7.951508 -129.5041 -1.444205 -7.967392 -129.5059 -1.43422 -7.980698 -129.5074 -1.422977 -7.992371 -129.5088 -1.410705 -8.00235 -129.51 -1.395812 -8.011795 -129.5113 -1.376397 -8.021134 -129.5126 -1.348664 -8.030747 -129.514 -1.303903 -8.040955 -129.5156 -1.206984 -8.052704 -122.7332 -1.487082 -8.569474 -122.7412 -1.473906 -8.649125 -122.7414 -1.473294 -8.651658 -122.745 -1.462365 -8.687638 -122.7471 -1.453425 -8.708069 -122.7487 -1.444205 -8.723999 -122.75 -1.43422 -8.737366 -122.7512 -1.422977 -8.749085 -122.7522 -1.410705 -8.75911 -122.7531 -1.395812 -8.768586 -122.7541 -1.376397 -8.777955 -122.7551 -1.348664 -8.787613 -122.7561 -1.303903 -8.797852 -115.9447 -1.505601 -8.643311 -116.0156 -1.487082 -9.276398 -116.0246 -1.473906 -9.355942 -116.0248 -1.473294 -9.35849 -116.0289 -1.462365 -9.39441 -116.0312 -1.453425 -9.414811 -116.0329 -1.444205 -9.430741 -116.0344 -1.43422 -9.444077 -116.0358 -1.422977 -9.45578 -116.0369 -1.410705 -9.46579 -116.0379 -1.395812 -9.475266 -116.039 -1.376397 -9.48462 -116.0401 -1.348664 -9.494263 -116.0412 -1.303903 -9.504502 -116.0425 -1.206984 -9.516282 93.24668 1.216232 11.51913 26.67001 1.216232 10.5015 8.07811 1.216232 8.642823 8.07866 1.307747 8.629807 8.079102 1.348599 8.619004 8.079514 1.372912 8.609436 8.089509 1.479629 8.370484 8.085328 1.466154 8.470154 8.083588 1.455323 8.51178 8.082627 1.446366 8.535004 8.081894 1.437278 8.552552 8.081284 1.427613 8.566864 8.080765 1.416755 8.579361 8.080307 1.40443 8.590378 8.079895 1.390551 8.600022 26.6996 1.479629 10.23053 33.37823 1.479629 10.98787 42.40646 1.479629 11.90594 46.94758 1.479629 12.15199 51.48968 1.479629 12.2417 71.42905 1.479629 12.25146 76.22095 1.479629 12.20428 93.23377 1.479629 11.24686 102.4191 1.479629 10.75662 124.6736 1.479629 8.338456 129.2932 1.479629 7.804337 133.897 1.479629 7.097214 145.3534 1.479629 5.148621 152.5248 1.479629 3.865356 145.3696 1.466154 5.247055 152.5455 1.466154 3.962952 145.3764 1.455323 5.288162 152.5542 1.455323 4.003693 145.3802 1.446366 5.311096 152.559 1.446366 4.026443 145.3831 1.437278 5.32843 152.5626 1.437278 4.04361 145.3854 1.427613 5.342575 152.5656 1.427613 4.057632 145.3874 1.416755 5.354904 152.5682 1.416755 4.069855 152.5693 1.411557 4.074738 145.3892 1.40443 5.365784 152.5705 1.40443 4.080643 145.3908 1.390551 5.37532 152.5725 1.390551 4.090103 145.3923 1.372912 5.384613 152.5745 1.372912 4.099319 145.3939 1.348599 5.394058 152.5765 1.348599 4.108673 15.43149 1.479629 8.953263 15.42087 1.466154 9.05246 15.41643 1.455323 9.093888 15.41396 1.446366 9.117005 15.41208 1.437278 9.134476 15.41055 1.427613 9.148713 15.40923 1.416755 9.161149 15.40805 1.40443 9.172104 15.40701 1.390551 9.181717 15.40601 1.372912 9.191086 15.405 1.348599 9.200608 15.40384 1.307747 9.21135 15.40245 1.216232 9.224305 26.67143 1.307747 10.48854 26.67261 1.348599 10.4778 26.67365 1.372912 10.46829 26.67467 1.390551 10.45892 26.67572 1.40443 10.44931 26.67691 1.416755 10.43835 26.67827 1.427613 10.42593 26.67983 1.437278 10.41168 26.68173 1.446366 10.39423 26.68425 1.455323 10.37111 26.68878 1.466154 10.3297 33.36653 1.466154 11.08694 42.39931 1.466154 12.00545 33.36163 1.455323 11.12831 42.39632 1.455323 12.047 33.35892 1.446366 11.1514 42.39464 1.446366 12.07019 33.35684 1.437278 11.16884 42.39339 1.437278 12.08771 33.35516 1.427613 11.18307 42.39235 1.427613 12.10199 33.3537 1.416755 11.19548 42.39146 1.416755 12.11446 33.3524 1.40443 11.20644 42.39067 1.40443 12.12546 33.35127 1.390551 11.21603 42.38997 1.390551 12.1351 33.35016 1.372912 11.22539 42.3893 1.372912 12.1445 33.34904 1.348599 11.23489 42.38861 1.348599 12.15404 33.34778 1.307747 11.24562 42.38783 1.307747 12.16483 33.34624 1.216232 11.25856 42.3869 1.216232 12.17783 46.94395 1.466154 12.25169 46.94243 1.455323 12.29332 46.94157 1.446366 12.31656 46.94093 1.437278 12.33411 46.94041 1.427613 12.34842 46.93996 1.416755 12.36092 46.93956 1.40443 12.37193 46.93919 1.390551 12.38159 46.93886 1.372912 12.39101 46.93851 1.348599 12.40057 46.93811 1.307747 12.41138 46.93764 1.216232 12.42439 51.4892 1.466154 12.34146 51.48898 1.455323 12.38312 51.48888 1.446366 12.40637 51.48878 1.437278 12.42393 51.48871 1.427613 12.43826 51.48865 1.416755 12.45076 51.4886 1.40443 12.46179 51.48854 1.390551 12.47145 51.48849 1.372912 12.48088 51.48845 1.348599 12.49045 51.4884 1.307747 12.50125 51.48833 1.216232 12.51428 81.0324 1.216232 12.24281 93.24607 1.307747 11.50612 81.03159 1.307747 12.2298 93.24555 1.348599 11.49532 81.03092 1.348599 12.21901 93.24512 1.372912 11.48576 81.03032 1.372912 12.20946 93.24466 1.390551 11.47635 81.02974 1.390551 12.20006 93.2442 1.40443 11.46671 81.02915 1.40443 12.19041 93.24369 1.416755 11.45569 81.02846 1.416755 12.17941 93.24308 1.427613 11.44319 81.02768 1.427613 12.16693 93.2424 1.437278 11.42888 81.02678 1.437278 12.15263 93.24158 1.446366 11.41135 81.0257 1.446366 12.1351 93.24048 1.455323 11.38812 81.02425 1.455323 12.11189 93.2385 1.466154 11.34651 81.02167 1.466154 12.07031 81.01548 1.479629 11.97075 124.6839 1.466154 8.437699 129.3063 1.466154 7.903229 124.6882 1.455323 8.479126 129.3118 1.455323 7.944519 124.6906 1.446366 8.502259 129.3149 1.446366 7.967575 124.6924 1.437278 8.51973 129.3172 1.437278 7.984985 124.6939 1.427613 8.533982 129.3191 1.427613 7.999191 124.6951 1.416755 8.546418 129.3207 1.416755 8.011582 124.6963 1.40443 8.557389 129.3222 1.40443 8.022507 124.6973 1.390551 8.567002 129.3235 1.390551 8.03209 124.6982 1.372912 8.576371 129.3247 1.372912 8.041428 124.6992 1.348599 8.585892 129.326 1.348599 8.050919 124.7003 1.307747 8.596634 129.3274 1.307747 8.061631 124.7017 1.216232 8.609604 129.3291 1.216232 8.07454 133.9137 1.466154 7.195572 133.9207 1.455323 7.236649 133.9245 1.446366 7.259567 133.9275 1.437278 7.276886 133.9299 1.427613 7.291016 133.932 1.416755 7.303329 133.9338 1.40443 7.314209 133.9354 1.390551 7.32373 133.937 1.372912 7.333023 133.9386 1.348599 7.342453 133.9404 1.307747 7.353119 133.9426 1.216232 7.365967 71.42855 1.466154 12.35123 71.42835 1.455323 12.39288 71.42823 1.446366 12.41614 71.42813 1.437278 12.4337 71.42807 1.427613 12.44803 71.428 1.416755 12.46053 71.42795 1.40443 12.47156 71.42789 1.390551 12.48122 71.42786 1.372912 12.49063 71.42781 1.348599 12.5002 71.42775 1.307747 12.51102 71.42769 1.216232 12.52405 76.22391 1.466154 12.304 76.22516 1.455323 12.34564 76.22585 1.446366 12.36888 76.22637 1.437278 12.38644 76.22679 1.427613 12.40077 76.22716 1.416755 12.41325 76.2275 1.40443 12.42429 76.22777 1.390551 12.43394 76.22806 1.372912 12.44336 76.22835 1.348599 12.45293 76.22867 1.307747 12.46373 76.22905 1.216232 12.47675 102.4269 1.466154 10.85609 102.4301 1.455323 10.89761 102.4319 1.446366 10.92081 102.4332 1.437278 10.93831 102.4343 1.427613 10.95261 102.4353 1.416755 10.96506 102.4362 1.40443 10.97606 102.4369 1.390551 10.98569 102.4376 1.372912 10.99509 102.4384 1.348599 11.00462 102.4392 1.307747 11.0154 102.4402 1.216232 11.0284 111.2223 1.479629 9.803009 111.2343 1.466154 9.902039 111.2394 1.455323 9.94339 111.2422 1.446366 9.966477 111.2443 1.437278 9.983902 111.246 1.427613 9.998124 111.2475 1.416755 10.01053 111.2488 1.40443 10.02148 111.25 1.390551 10.03108 111.2511 1.372912 10.04042 111.2523 1.348599 10.04993 111.2536 1.307747 10.06065 111.2552 1.216232 10.07359 145.3956 1.307747 5.404724 145.3977 1.216232 5.417572 152.5781 1.32105 4.116318 152.5787 1.307747 4.119247 152.5814 1.216232 4.131989 156.6309 1.483142 2.712555 160.7647 1.316102 1.455292 160.7672 1.30033 1.461731 162.7127 1.209743 0.403656 162.7099 1.225546 0.3972321 162.7067 1.23943 0.3902893 160.7618 1.329969 1.448288 160.6199 1.418886 1.147507 165.4611 0.9047432 -1.569794 166.0636 0.9149141 -2.603348 166.1396 0.9134169 -2.519928 166.1877 0.9080267 -2.466095 166.2207 0.8996277 -2.428223 166.2536 0.8816738 -2.388275 166.2442 0.8884373 -2.400024 164.5744 1.067725 -0.8764801 164.5709 1.081493 -0.8833313 164.5667 1.093752 -0.8907623 164.5619 1.104631 -0.8988342 164.5563 1.11432 -0.9076843 164.5499 1.122971 -0.91745 165.4613 0.9021087 -1.569077 164.5841 0.9591608 -0.8467712 164.5787 0.7607255 -0.8229218 160.7345 1.386508 1.387268 162.6663 1.30204 0.3163757 160.7192 1.39848 1.35466 162.6565 1.307592 0.2995911 160.6981 1.407917 1.31041 162.6314 1.316751 0.2570953 162.5378 1.326579 0.1010894 165.4112 1.026793 -1.651108 165.3886 1.038258 -1.679962 164.4837 1.158065 -1.010406 164.3737 1.166737 -1.156952 164.513 1.149199 -0.9703064 164.5244 1.143755 -0.954422 164.5341 1.137606 -0.9405518 164.5426 1.130702 -0.9283295 160.7586 1.342239 1.440598 162.703 1.251704 0.3827362 160.7549 1.353152 1.432129 162.6987 1.262609 0.3744507 160.7507 1.362898 1.422745 162.6938 1.272334 0.3653107 160.746 1.371629 1.412292 162.6883 1.281032 0.3551636 160.7406 1.379467 1.400543 162.682 1.288822 0.3437958 162.6747 1.295801 0.3309784 163.6649 1.100505 -0.1956176 164.5775 1.051459 -0.8698273 163.6605 1.139586 -0.2073364 162.717 1.170676 0.4152222 160.7713 1.261371 1.473145 162.7196 1.117254 0.4255676 160.7741 1.208139 1.483032 162.7178 0.9193597 0.4449921 160.775 1.011092 1.499893 164.5819 1.012689 -0.8580017 156.7345 1.321968 3.049072 156.7313 1.360544 3.037674 154.6625 1.378502 3.613556 156.7294 1.375904 3.031296 156.7273 1.389808 3.024109 156.7249 1.402169 3.016159 156.7371 1.26914 3.058731 158.7757 1.252567 2.349945 158.7729 1.305482 2.340256 158.7692 1.344251 2.328903 158.767 1.359963 2.322433 158.7645 1.373791 2.315369 158.7617 1.386041 2.307587 156.7223 1.412814 3.007675 158.7586 1.396952 2.298996 156.7194 1.422588 2.998047 158.755 1.406713 2.289459 156.7161 1.431386 2.987289 158.7511 1.41548 2.278793 156.7124 1.439331 2.975174 158.7466 1.423371 2.266815 156.7082 1.446522 2.961456 158.7415 1.430488 2.25325 156.6977 1.458947 2.927704 158.7288 1.442684 2.21991 156.6835 1.469112 2.881805 158.7115 1.45248 2.174576 158.6471 1.464954 2.007523</float_array>
          <technique_common>
            <accessor source="#Helice_13-mesh-positions-array" count="3044" stride="3">
              <param name="X" type="float"/>
              <param name="Y" type="float"/>
              <param name="Z" type="float"/>
            </accessor>
          </technique_common>
        </source>
        <source id="Helice_13-mesh-normals">
          <float_array id="Helice_13-mesh-normals-array" count="17541">-0.9971649 -6.22725e-4 -0.07524555 -0.9960723 -5.75882e-5 -0.08854353 -0.9879121 1.29708e-4 -0.1550157 -0.9887727 -8.20274e-4 -0.1494256 -0.9745265 4.38647e-4 -0.2242722 -0.9734191 8.52226e-4 -0.2290297 -0.9571105 -0.001245796 -0.2897206 -0.9545374 1.18099e-5 -0.2980912 -0.9325355 1.20244e-5 -0.3610785 -0.9277593 0.001757264 -0.373175 -0.8995572 -0.002329707 -0.4367969 -0.9084966 -0.006610631 -0.4178403 -0.8499736 0.001718997 -0.5268226 -0.8612363 -0.001262307 -0.5082031 -0.8430578 8.64694e-4 -0.5378224 -0.8411306 -1.78009e-4 -0.5408322 -0.8378019 1.38541e-4 -0.5459744 -0.8476225 -1.99621e-4 -0.5306 -0.8536415 -0.001128792 -0.52086 -0.815142 -0.002340555 -0.5792565 -0.8155968 -0.001045703 -0.5786198 -0.8357493 -0.004986107 -0.5490886 -0.8371183 -0.005464494 -0.5469948 -0.8339019 -0.00361073 -0.5519008 -0.8304647 -0.001411139 -0.5570695 -0.8279315 -8.15257e-4 -0.5608288 -0.8259283 -2.31915e-4 -0.5637751 -0.8236891 -5.20837e-5 -0.5670418 -0.8220804 8.0237e-5 -0.5693715 -0.8196043 -0.001175582 -0.5729289 -0.8190671 -4.10816e-4 -0.5736976 -0.8172864 -9.86158e-4 -0.5762309 -0.8162462 -0.001430153 -0.5777026 -0.8151951 -0.002136349 -0.5791826 -0.8149942 -0.002130925 -0.5794652 -0.8392743 -1.27705e-4 -0.5437083 -0.8304458 2.57859e-4 -0.5570994 -0.8280715 -2.0415e-4 -0.5606225 -0.8237295 2.47937e-4 -0.5669829 -0.8146655 0.001804709 -0.5799283 -0.8143696 0.002358078 -0.5803418 -0.8147938 0.001896023 -0.5797477 -0.8153272 0.001340627 -0.578999 -0.8165034 8.55689e-4 -0.5773401 -0.8187549 1.0209e-4 -0.5741432 -0.821583 -5.13134e-5 -0.5700889 -0.826497 7.67861e-4 -0.5629407 -0.8306235 0.002776205 -0.5568277 -0.8343454 0.005181908 -0.5512177 -0.8153335 -2.32519e-4 -0.5789917 -0.8150812 0 -0.579347 -0.8145587 2.80063e-4 -0.5800812 -0.8145964 2.31341e-4 -0.5800282 -0.8148402 0.001255691 -0.5796845 -0.8962535 -0.00161302 -0.4435392 -0.8819695 -1.462e-5 -0.4713064 -0.8676748 4.72613e-5 -0.4971323 -0.8724273 -0.001150608 -0.4887427 -0.8563804 6.56356e-4 -0.5163451 -0.8537585 0.001082897 -0.5206683 -0.9994146 -0.002239942 0.03413879 -0.9997347 0 0.023036 -0.9981836 0 -0.06024783 -0.8189771 -1.64718e-4 0.5738264 -0.8633596 0.001505732 0.5045872 -0.8678506 -7.41011e-4 0.4968248 -0.9338843 7.55274e-4 0.3575746 -0.9350618 -2.15717e-5 0.3544851 -0.9622027 1.53401e-5 0.2723347 -0.9800856 -0.001597225 0.1985693 -0.9815418 -1.131e-5 0.1912479 -0.9943913 1.79492e-5 0.1057648 -0.7861834 -0.002244353 0.6179894 -0.7797469 -0.005022764 0.6260747 -0.7423833 9.98653e-6 0.6699755 -0.6722977 -0.01012808 0.7402116 -0.6642359 -0.01319104 0.7474066 -0.6484561 -0.02085459 0.7609665 -0.6776506 0 0.7353841 -0.670594 -0.004422187 0.7418114 -0.6612375 -0.0130304 0.7500635 -0.655505 -0.0160368 0.7550205 -0.6511545 -0.01973891 0.7586886 -0.648243 -0.02129775 0.7611357 -0.6491547 -0.02092337 0.7603686 -0.6522158 -0.01907384 0.7577934 -0.6583083 -0.01579767 0.7525827 -0.6823973 -0.006663143 0.7309511 -0.7000788 -0.002148389 0.7140624 -0.7219555 -1.66683e-5 0.6919395 -0.1305484 0 0.991442 -0.3718996 0 0.928273 -0.2160683 0 0.9763783 -0.1820844 -0.1495057 0.9718505 -0.2624933 0 0.9649339 -0.07148414 -0.05987495 0.995643 -0.08116954 0 0.9967003 -0.05004888 0 0.9987469 -0.05509477 0.06957465 0.9960543 -0.07164341 0 0.9974303 -0.09408229 0 0.9955645 -0.104366 0.09010654 0.9904487 -0.1178633 0 0.9930299 -0.1086801 0 0.9940769 -0.09350854 -0.09745925 0.990837 -0.07345253 0 0.9972988 -0.06557029 0 0.997848 -0.07155263 0.04930162 0.9962177 -0.08115559 0 0.9967015 -0.09051543 0 0.9958951 -0.1022824 0.05884033 0.9930137 -0.1206659 0 0.9926933 -0.1648594 0 0.9863171 -0.1681438 0.01131361 0.9856976 -0.1699869 0 0.9854463 -0.08244323 0 0.9965959 -0.05872207 -0.06750029 0.9959897 -0.02160549 0 0.9997666 0.02310186 0 0.9997332 0.03780514 -0.05171877 0.9979459 0.04880726 0 0.9988082 0.06175619 0 0.9980913 0.1216388 0 0.9925745 0.1320538 -0.06606262 0.9890388 0.08682221 0 0.9962239 0.3132218 0 0.94968 0.2902175 0 0.9569607 0.245024 -0.03800785 0.9687717 0.2435178 -0.02838671 0.9694809 0.1840344 0 0.9829199 0.1954929 0 0.9807052 0.2451773 0 0.9694783 0.2695931 0.0496605 0.961693 0.2885735 0 0.9574579 0.3132219 0 0.94968 0.1237221 0.09890276 0.9873759 0.1525414 0 0.9882971 -0.01410406 0 0.9999006 -0.1487323 0.04224324 0.9879749 -0.1383877 0 0.9903782 -0.1300851 -0.03488332 0.9908891 -0.1699859 0 0.9854466 -0.172793 0 0.9849582 -0.1372588 0 0.9905353 -0.01137685 0 0.9999353 -0.01137685 0 0.9999353 0.1265434 0 0.9919611 -0.1935415 -0.01782131 -0.9809303 -0.364361 -0.05181407 -0.9298153 -0.3362108 0.02197372 -0.9415305 -0.2926876 -0.009034335 -0.9561655 -0.2848175 -4.39572e-5 -0.9585818 -0.2450142 -4.02317e-5 -0.9695196 -0.2559874 -0.03269267 -0.9661272 -0.2234629 0.008385241 -0.9746764 -0.6457917 0 -0.7635138 -0.6230657 0.1113429 -0.7742041 -0.5811126 -0.01795244 -0.8136252 -0.5374588 0.009291708 -0.8432389 -0.4813889 -0.06205064 -0.8743081 -0.4668228 -7.25083e-5 -0.884351 -0.3983942 0 -0.9172143 0.02112483 -1.76641e-5 -0.9997769 0.01984125 -0.004253625 -0.9997941 0.06584644 0.005158424 -0.9978165 0.06480455 0 -0.9978981 0.09743487 0 -0.9952419 0.1080153 0.0367285 -0.9934706 0.1141096 0 -0.9934682 0.1126858 0 -0.9936307 0.1126859 0 -0.9936307 0.09476894 0 -0.9954993 0.002984762 -6.52149e-4 -0.9999954 0.01974982 0.003590583 -0.9997985 0.03770291 -0.08304309 -0.9958326 0.05419069 0 -0.9985306 0.09476858 0 -0.9954993 0.003549993 0 -0.9999938 4.90539e-4 0 -1 4.90646e-4 0 -0.9999999 -0.02055931 0 -0.9997887 -0.02055901 0 -0.9997887 -0.06039708 0 -0.9981745 -0.0603969 0 -0.9981744 -0.04890847 0 -0.9988033 -0.05268347 0.02217471 -0.9983651 -0.05927205 -0.02964365 -0.9978017 -0.08294135 0 -0.9965544 -0.09147489 0 -0.9958074 -0.1112757 0.01478326 -0.9936797 -0.114399 -0.009861648 -0.993386 -0.1081828 -0.0428155 -0.9932086 -0.1046556 -0.00805664 -0.9944759 -0.1007451 0 -0.9949123 -0.1028018 0 -0.9947019 -0.1152268 -0.001552402 -0.9933381 -0.1886096 0 -0.9820522 -0.1670396 0 -0.9859502 -0.1670397 0 -0.9859502 -0.1702371 0 -0.9854032 -0.1574843 -0.02461087 -0.9872149 -0.1518363 0.004085838 -0.9883973 -0.1148306 -0.003697395 -0.9933783 0 1 0 0 1 0 0 1 0 0 1 0 0 1 -1.46466e-7 0 1 0 0 1 0 0 1 0 0 1 0 0 1 0 0 1 0 0 1 0 0 1 0 0 1 0 0 1 0 0 1 0 0 -1 0 0 -1 1.32513e-7 0 -1 0 0 -1 0 0 -1 0 0 -1 0 0 -1 0 0 -1 0 0 -1 1.39365e-7 0 -1 0 0 -1 0 0 -1 -3.29207e-7 0 -1 0 0 -1 0 0 -1 0 0 -1 0 0 -1 0 0 -1 0 0 -1 0 0 -1 1.35649e-7 0 -1 0 0 -1 0 0 -1 0 0 -1 0 0 -1 0 0 -1 0 0 -1 0 0 -1 0 0 -1 0 0 -1 -2.87321e-7 0 -1 0 0 -1 3.63795e-7 0 -1 -5.01026e-7 0 -1 6.21346e-7 0.8191563 0 0.5735704 0.5012142 4.14707e-7 -0.8653233 -0.8191534 0 -0.5735745 -0.5012142 3.98602e-7 0.8653233 -0.5183067 -7.19322e-4 -0.8551946 -0.5204164 -9.08699e-4 -0.8539121 -0.535737 -0.002852678 -0.84438 -0.5416024 -0.003906071 -0.8406258 -0.5311203 -0.00215733 -0.8472939 -0.5287998 -0.001841604 -0.8487446 -0.5261531 -0.001509428 -0.8503887 -0.5247073 -0.001357853 -0.8512817 -0.5227146 -0.001132607 -0.852507 -0.5221006 -0.001063883 -0.8528832 -0.516918 -6.12784e-4 -0.8560348 -0.5145632 -4.43485e-4 -0.8574523 -0.5129611 -3.44376e-4 -0.8584119 -0.5105568 -2.11465e-4 -0.8598441 -0.5071924 -6.31502e-5 -0.8618329 -0.5053905 2.76692e-6 -0.8628908 -0.5131556 3.54629e-4 -0.8582956 -0.5152635 4.88943e-4 -0.8570318 -0.5164679 5.80381e-4 -0.8563064 -0.517464 6.50827e-4 -0.8557049 -0.5194184 8.21642e-4 -0.8545197 -0.5193477 8.09797e-4 -0.8545627 -0.5208489 9.44778e-4 -0.8536484 -0.5225437 0.00111258 -0.8526118 -0.5241034 0.001278162 -0.8516537 -0.526934 0.001606106 -0.8499047 -0.5290616 0.001874268 -0.8485814 -0.5328957 0.002420723 -0.8461775 -0.5382074 0.003255486 -0.8428062 -0.5484018 0.005265176 -0.8361985 -0.573535 0.01175045 -0.8190969 -0.7151082 -0.006625294 -0.6989825 -0.6514796 -3.48457e-7 -0.7586662 -0.5735749 -1.27652e-6 -0.8191533 -0.6031636 -0.02135574 -0.7973316 -0.5532693 -0.006310641 -0.8329786 -0.7071067 0 -0.7071068 -0.8191533 0 -0.5735746 -0.8191534 0 -0.5735746 -0.9063068 0 -0.4226204 -0.9063068 0 -0.4226204 -0.9659249 0 -0.2588225 -0.9659249 0 -0.2588224 -0.996195 0 -0.08715242 -0.996195 0 -0.08715236 -0.996195 0 0.08715242 -0.996195 0 0.08715236 -0.9659255 0 0.2588203 -0.9659255 0 0.2588202 -0.9063053 0 0.4226238 -0.9063053 0 0.4226238 -0.8191562 0 0.5735706 -0.8191562 0 0.5735704 -0.7071024 0 0.7071112 -0.7071024 0 0.7071112 -0.5735805 0 0.8191493 -0.5735804 0 0.8191493 -0.3503956 8.0151e-5 0.9366018 -0.3615383 4.37695e-4 0.9323572 -0.3560249 2.25147e-4 0.9344765 -0.3531533 1.43628e-4 0.9355655 -0.4423974 0.01346838 0.8967182 -0.4265814 0.009154319 0.9044029 -0.3991578 0.003803014 0.9168744 -0.4226135 6.74408e-6 0.9063101 -0.488264 0.03026199 0.8721711 -0.4648799 0.02018815 0.8851436 -0.3812892 0.001894295 0.9244539 -0.3752565 0.001332819 0.9269201 -0.3680903 8.07064e-4 0.9297897 -0.3507709 8.87905e-5 0.9364614 -0.3503736 7.68721e-5 0.9366101 -0.3348281 -1.67732e-4 0.9422793 -0.4261403 0 0.9046571 -0.4226123 -0.002162396 0.906308 -0.3456418 0 0.9383665 -0.5735805 2.40728e-5 0.8191493 -0.6179112 0.02457308 0.7858638 -0.5517786 3.75868e-4 0.8339905 -0.8191565 1.53134e-5 0.5735702 -0.8438379 0.02248752 0.5361268 -0.7956156 -7.10664e-6 0.6058019 -0.7071023 1.18903e-5 0.7071114 -0.7439939 0.02555388 0.6676975 -0.6856693 -1.41408e-5 0.7279132 -0.9659255 8.36048e-6 0.2588202 -0.9753919 0.02227795 0.2193495 -0.9532803 -6.147e-6 0.3020874 -0.9063052 7.27663e-6 0.4226239 -0.9237843 0.02319383 0.3822103 -0.8881681 -2.07976e-6 0.4595187 -0.9961951 -1.19087e-6 -0.08715236 -0.9928674 0.01782709 -0.117884 -0.9995067 -1.97025e-6 -0.03140604 -0.9961951 4.97432e-6 0.08715236 -0.9984902 0.02052932 0.0509507 -0.9906024 -2.8154e-6 0.1367734 -0.9028285 0.004726767 -0.4299749 -0.9369065 -1.95452e-6 -0.3495802 -0.965925 -1.45889e-6 -0.2588225 -0.9623128 0.007842838 -0.2718324 -0.9823612 -2.90393e-6 -0.1869936 -0.5996515 0 -0.8002613 -0.6458514 0 -0.7634632 -0.7071052 0.0021829 -0.7071051 -0.7098833 0 -0.7043194 0.5183067 -7.19322e-4 0.8551946 0.5204535 -9.08675e-4 0.8538896 0.5358858 -0.002876222 0.8442857 0.5416024 -0.003902316 0.8406258 0.5311203 -0.002156376 0.8472939 0.5287622 -0.001842081 0.8487682 0.5261557 -0.001509726 0.8503869 0.5234642 -0.001198351 0.8520469 0.5234726 -0.001207172 0.8520417 0.5220504 -0.001064062 0.852914 0.5163508 -5.72098e-4 0.8563771 0.5151398 -4.81394e-4 0.8571061 0.5129847 -3.43799e-4 0.8583978 0.5103597 -2.00707e-4 0.859961 0.5074929 -7.49993e-5 0.861656 0.5053718 2.80795e-6 0.8629018 0.5131881 3.54621e-4 0.8582763 0.5152325 4.89565e-4 0.8570503 0.5165315 5.78088e-4 0.8562681 0.5186395 7.51072e-4 0.8549927 0.5185093 7.28251e-4 0.8550717 0.5192919 8.02743e-4 0.8545966 0.5208489 9.41564e-4 0.8536484 0.5221801 0.001072227 0.8528345 0.5245226 0.001323342 0.8513956 0.526934 0.00160253 0.8499047 0.5290442 0.001870274 0.8485924 0.5326182 0.002376735 0.8463522 0.5383167 0.003272891 0.8427363 0.5483298 0.0052464 0.8362458 0.5735408 0.01175194 0.8190927 0.7151033 -0.006624758 0.6989875 0.6514796 -5.22686e-7 0.7586662 0.5735807 -1.27651e-6 0.8191492 0.6031638 -0.02135163 0.7973315 0.5532702 -0.006306231 0.8329781 0.7071024 0 0.7071112 0.8191562 0 0.5735706 0.8191562 0 0.5735704 0.9063053 0 0.4226238 0.9063053 0 0.4226238 0.9659255 0 0.2588203 0.9659255 0 0.2588202 0.996195 0 0.08715242 0.996195 0 0.08715236 0.996195 0 -0.08715242 0.996195 0 -0.08715236 0.9659249 0 -0.2588225 0.9659249 0 -0.2588224 0.9063068 0 -0.4226204 0.9063068 0 -0.4226204 0.8191533 0 -0.5735746 0.8191534 0 -0.5735746 0.7071067 0 -0.7071068 0.7071068 0 -0.7071068 0.5735746 0 -0.8191534 0.5735746 0 -0.8191535 0.3511741 9.70758e-5 -0.9363102 0.3615558 4.3777e-4 -0.9323505 0.3560137 2.25148e-4 -0.9344808 0.3526733 1.28948e-4 -0.9357466 0.442382 0.0134685 -0.8967255 0.4265828 0.0091542 -0.9044022 0.3991576 0.003803014 -0.9168745 0.4226202 6.74405e-6 -0.906307 0.4882252 0.03023636 -0.8721938 0.4649165 0.02019965 -0.8851241 0.3812892 0.001894295 -0.9244539 0.3751036 0.001318454 -0.9269821 0.3682719 8.17044e-4 -0.9297178 0.3503637 7.78992e-5 -0.9366137 0.3482621 3.98117e-5 -0.9373972 0.3622594 2.86825e-4 -0.9320774 0.4261478 0 -0.9046536 0.4226195 -0.002162694 -0.9063047 0.3456418 0 -0.9383665 0.5735749 2.08725e-5 -0.8191532 0.6179261 0.02458214 -0.7858519 0.5517697 3.75871e-4 -0.8339965 0.8191536 1.25988e-5 -0.5735744 0.8438376 0.02248787 -0.5361274 0.7956156 -7.10664e-6 -0.6058019 0.7071067 1.1593e-5 -0.7071069 0.7439943 0.02555161 -0.6676973 0.6856696 -1.68845e-5 -0.727913 0.965925 7.1161e-6 -0.2588224 0.9753927 0.02228015 -0.2193461 0.9532786 -6.14711e-6 -0.3020927 0.9063068 7.27658e-6 -0.4226204 0.9237869 0.0231958 -0.3822041 0.8881648 -4.15959e-6 -0.4595251 0.996195 -1.19352e-6 0.08715236 0.9928674 0.01782739 0.117884 0.9995067 -1.97025e-6 0.03140604 0.996195 4.97432e-6 -0.08715236 0.9984903 0.02052873 -0.0509507 0.990602 -2.81546e-6 -0.1367762 0.9028306 0.004722177 0.4299708 0.9368757 -1.95446e-6 0.3496626 0.9659256 -1.45887e-6 0.2588203 0.9623128 0.007844567 0.2718324 0.9823632 -2.90377e-6 0.186983 0.5996515 4.09802e-6 0.8002613 0.6458514 3.78459e-6 0.7634632 0.7071008 0.002186238 0.7071095 0.7098833 0 0.7043194 0.2588142 0 -0.9659271 0.08716106 0 -0.9961943 -0.08716106 0 -0.9961943 -0.2588142 0 -0.9659271 -0.4226205 0 -0.9063068 -0.5054585 0 -0.862851 -0.5090791 1.29171e-4 -0.8607197 -0.2588224 0 0.9659249 -0.08715236 0 0.9961951 0.08715236 0 0.9961951 0.2588224 0 0.9659249 0.4226133 0 0.9063102 0.5054585 0 0.862851 0.5090854 1.29303e-4 0.8607161 0 -1 -3.43248e-7 0 -1 0 0 -1 0 0 -1 1.37299e-7 0 -1 -2.05951e-7 0 -1 1.37301e-6 0 -1 0 0 -1 -2.74595e-6 0 -1 0 0 -1 2.74605e-6 0 -1 -1.80206e-7 0 -1 -3.68994e-7 0 -1 2.74608e-6 0 -1 0 0 -1 0 0 -1 2.05949e-7 0 -1 -1.373e-6 0 -1 1.373e-7 0 -1 0 0 -1 -6.86499e-7 0 -1 0 0 -1 -3.43256e-7 0 -1 0 0 -1 3.43248e-7 0 -1 0 0 -1 0 0 -1 -1.373e-7 0 -1 -1.37301e-6 0 -1 0 0 -1 2.74606e-6 0 -1 0 0 -1 -2.74593e-6 0 -1 1.80206e-7 0 -1 3.68994e-7 0 -1 -2.74596e-6 0 -1 0 0 -1 0 0 -1 -2.05951e-7 0 -1 1.37296e-6 0 -1 -1.37299e-7 0 -1 6.86498e-7 0 -1 0 0 -1 3.43254e-7 -0.0871452 0 -0.9961956 -0.2588039 0 -0.9659299 -0.4226243 0 -0.9063051 -0.5735946 0 -0.8191395 -0.7070849 0 -0.7071287 -0.8191538 0 -0.573574 -0.9063218 0 -0.4225883 -0.9659161 0 -0.2588557 -0.996196 0 -0.08714139 -0.9961956 0 0.0871452 -0.965919 0 0.2588447 -0.9063218 0 0.4225883 -0.8191395 0 0.5735946 -0.7071068 0 0.7071068 -0.5735651 0 0.8191599 -0.4226243 0 0.9063051 -0.2588039 0 0.9659299 -0.08718866 0 0.9961919 0.08718866 0 0.9961919 0.2588039 0 0.9659299 0.4226243 0 0.9063051 0.5735651 0 0.8191599 0.7071068 0 0.7071068 0.8191395 0 0.5735946 0.9063218 0 0.4225883 0.965919 0 0.2588447 0.9961956 0 0.0871452 0.996196 0 -0.08714139 0.9659161 0 -0.2588557 0.9063218 0 -0.4225883 0.8191538 0 -0.573574 0.7070849 0 -0.7071287 0.5735946 0 -0.8191395 0.4226243 0 -0.9063051 0.2588039 0 -0.9659299 0.0871452 0 -0.9961956 0 1 -2.05949e-7 0 1 1.37301e-6 0 1 0 0 1 -2.74606e-6 0 1 0 0 1 2.74593e-6 0 1 -1.80206e-7 0 1 -3.68994e-7 0 1 2.74596e-6 0 1 0 0 1 0 0 1 2.05951e-7 0 1 -1.37295e-6 0 1 1.37299e-7 0 1 0 0 1 -6.86498e-7 0 1 0 0 1 -3.43254e-7 0 1 0 0 1 3.43248e-7 0 1 0 0 1 0 0 1 -1.37299e-7 0 1 2.05951e-7 0 1 -1.37301e-6 0 1 0 0 1 2.74595e-6 0 1 0 0 1 -2.74605e-6 0 1 1.80206e-7 0 1 3.68994e-7 0 1 -2.74608e-6 0 1 0 0 1 0 0 1 1.373e-6 0 1 -1.373e-7 0 1 0 0 1 6.86499e-7 0 1 0 0 1 3.43256e-7 0 1 0 0 1 -3.43248e-7 0 1 0 0 1 1.373e-7 0.8499737 0.001692175 0.5268226 0.861291 -0.001271963 0.5081106 0.8432165 8.26428e-4 0.5375735 0.8410054 -1.48319e-4 0.5410268 0.8377695 1.17196e-4 0.5460242 0.8475742 -1.99609e-4 0.530677 0.8536415 -0.001093506 0.52086 0.8152318 -0.001971304 0.5791317 0.8156005 -0.001161992 0.5786144 0.7998418 0.02061504 0.5998568 0.8372104 -0.00576657 0.5468505 0.8411933 -0.007472038 0.540683 0.8305408 -0.001587212 0.5569558 0.827148 -4.26963e-4 0.5619843 0.8259254 -2.57683e-4 0.5637794 0.824456 -5.21325e-5 0.5659262 0.821887 4.00945e-5 0.5696507 0.8214337 3.94162e-4 0.570304 0.8190202 -4.56255e-4 0.5737647 0.8172852 -9.86161e-4 0.5762326 0.8161069 -0.00143063 0.5778993 0.8150039 -0.002196967 0.5794513 0.8149549 -0.002316236 0.5795198 0.8392869 -1.277e-4 0.5436888 0.8304833 2.71427e-4 0.5570434 0.8280441 -2.17676e-4 0.5606629 0.8232845 0 0.5676289 0.8145953 0.001921713 0.5800267 0.8143951 0.002358675 0.5803061 0.8146482 0.002002835 0.5799521 0.8153411 0.001375913 0.5789792 0.8167793 7.33373e-4 0.57695 0.818745 1.02088e-4 0.5741575 0.8215739 -1.02626e-4 0.5701022 0.8265016 8.44637e-4 0.5629339 0.830745 0.002776563 0.5566464 0.8341929 0.005224883 0.5514479 0.8153492 -3.10024e-4 0.5789693 0.8150056 8.34848e-5 0.5794532 0.8145428 2.56707e-4 0.5801035 0.8145577 2.94952e-4 0.5800824 0.8148065 0.001191794 0.5797318 0.8537583 0.001082897 0.5206685 0.8561629 7.30275e-4 0.5167055 0.8724526 -0.001139521 0.4886977 0.8677117 3.54453e-5 0.4970679 0.88197 -1.462e-5 0.4713058 0.9971711 -6.39926e-4 0.075163 0.9960577 -3.45458e-5 0.08870851 0.987912 1.17917e-4 0.1550161 0.9887726 -8.07847e-4 0.1494259 0.9745045 4.14268e-4 0.2243675 0.9734187 8.52226e-4 0.2290313 0.9571104 -0.001235961 0.2897207 0.9545367 -2.36199e-5 0.2980934 0.9325535 0 0.361032 0.927742 0.001757323 0.3732182 0.899547 -0.002352893 0.436818 0.9085412 -0.006539642 0.4177443 0.8962429 -0.00161314 0.443561 0.9994158 -0.002249538 -0.03410345 0.9997357 -1.04777e-5 -0.02299523 0.9982059 0 0.05987679 0.8192103 -1.92058e-4 -0.5734933 0.8633721 0.001530051 -0.5045655 0.8678751 -7.22876e-4 -0.4967821 0.9338706 7.43274e-4 -0.3576104 0.9350752 -9.93273e-6 -0.3544494 0.9622821 0 -0.272054 0.9800782 -0.001608133 -0.1986055 0.9815427 0 -0.1912431 0.9943603 1.79533e-5 -0.1060542 0.78618 -0.002244353 -0.6179935 0.779717 -0.005034327 -0.6261119 0.7423138 2.10277e-5 -0.6700524 0.6722884 -0.01003783 -0.7402213 0.6642636 -0.01334667 -0.7473793 0.6481664 -0.02111595 -0.761206 0.6776506 0 -0.7353841 0.6694895 -0.005473494 -0.7428014 0.6631555 -0.01122456 -0.7483975 0.6548973 -0.01661533 -0.7555353 0.6507797 -0.01962935 -0.7590129 0.6487272 -0.02119535 -0.760726 0.6491576 -0.02092349 -0.7603663 0.6522085 -0.01907414 -0.7577997 0.658297 -0.01580303 -0.7525926 0.6822918 -0.006762802 -0.7310488 0.7001323 -0.002148568 -0.7140099 0.7219527 0 -0.6919424 0.1305612 0 -0.9914403 0.371896 0 -0.9282745 0.2160697 0 -0.976378 0.1820795 -0.1495281 -0.971848 0.2625029 0 -0.9649313 0.07148432 -0.05989247 -0.995642 0.08117198 0 -0.9967002 0.05004888 0 -0.9987469 0.05509465 0.06957453 -0.9960543 0.07164287 0 -0.9974305 0.09408235 0 -0.9955645 0.104366 0.09010654 -0.9904487 0.1178633 0 -0.9930299 0.1086777 0 -0.994077 0.0935074 -0.09745007 -0.990838 0.07345277 0 -0.9972988 0.06557029 0 -0.997848 0.07155269 0.04930162 -0.9962177 0.08115559 0 -0.9967015 0.09051525 0 -0.9958951 0.102284 0.05884957 -0.993013 0.1206703 0 -0.9926927 0.1648551 0 -0.9863178 0.1681438 0.01132655 -0.9856974 0.1699894 0 -0.985446 0.08243817 0 -0.9965963 0.05872237 -0.06748515 -0.9959907 0.02161395 0 -0.9997664 -0.0231018 0 -0.9997332 -0.03780698 -0.0517252 -0.9979455 -0.04881048 0 -0.9988082 -0.06175619 0 -0.9980913 -0.1216363 0 -0.9925748 -0.1320505 -0.06605607 -0.9890397 -0.08682268 0 -0.9962238 -0.3132229 0 -0.9496797 -0.2902004 0 -0.956966 -0.2450242 -0.03799426 -0.9687722 -0.2435182 -0.02837413 -0.9694813 -0.184063 0 -0.9829145 -0.1955056 0 -0.9807026 -0.2451755 0 -0.9694787 -0.2695892 0.04965698 -0.9616944 -0.288568 0 -0.9574595 -0.313223 0 -0.9496797 -0.1237147 0.09892952 -0.9873741 -0.1525421 0 -0.9882971 0.01410406 0 -0.9999006 0.1487323 0.04224324 -0.9879749 0.1383877 0 -0.9903782 0.1300889 -0.0348649 -0.9908891 0.1699688 0 -0.9854494 0.172793 0 -0.9849582 0.1372588 0 -0.9905353 0.01137685 0 -0.9999353 0.01137685 0 -0.9999353 -0.1265434 0 -0.9919611 0.1935406 -0.01782125 0.9809304 0.36436 -0.05178147 0.9298174 0.336214 0.02198654 0.941529 0.2926903 -0.009028971 0.9561647 0.2848117 -1.75835e-5 0.9585836 0.2450142 -2.01159e-5 0.9695196 0.2559944 -0.03269809 0.9661251 0.2234632 0.008385241 0.9746764 0.6457917 5.48688e-5 0.7635138 0.6230664 0.1113817 0.774198 0.5811067 -0.01797848 0.8136289 0.5374584 0.009251773 0.8432396 0.4813961 -0.06205099 0.8743039 0.4668278 -4.35049e-5 0.8843483 0.398384 0 0.9172187 -0.02111983 -1.76641e-5 0.999777 -0.01984125 -0.004236698 0.9997942 -0.06584638 0.005175352 0.9978165 -0.06480145 0 0.9978983 -0.09743416 0 0.995242 -0.1080156 0.03672826 0.9934706 -0.1141093 0 0.9934683 -0.1126859 0 0.9936307 -0.1126858 0 0.9936307 -0.09477114 0 0.9954991 -0.003000497 -6.47313e-4 0.9999954 -0.01974707 0.003590106 0.9997986 -0.03770124 -0.08305126 0.995832 -0.05419021 0 0.9985306 -0.09477114 0 0.9954991 -0.003566324 0 0.9999937 -4.89789e-4 0 1 -4.89789e-4 0 0.9999999 0.02055931 0 0.9997887 0.02055901 0 0.9997887 0.06039708 0 0.9981745 0.0603969 0 0.9981744 0.04890835 0 0.9988033 0.05268228 0.02216786 0.9983654 0.05927014 -0.02964478 0.9978018 0.08294188 0 0.9965544 0.09147387 0 0.9958075 0.1112776 0.01478755 0.9936794 0.1144003 -0.009861648 0.9933859 0.1081818 -0.04282313 0.9932084 0.1046553 -0.008072972 0.9944759 0.1007379 0 0.9949131 0.1886096 0 0.9820522 0.1670386 0 0.9859504 0.1702461 0 0.9854016 0.1574839 -0.02461898 0.9872146 0.1518368 0.004060387 0.9883973 0.1152291 -0.00363487 0.9933323 0.1148313 -0.001510262 0.993384 0.1027715 0 0.994705 0 1 0 0 1 0 0 1 0 0 1 1.46465e-7 0 1 0 0 1 0 0 1 0 0 1 0 0 1 0 0 1 0 0 1 0 0 1 0 0 1 0 0 -1 0 0 -1 0 0 -1 0 0 -1 0 0 -1 0 0 -1 0 0 -1 -1.32512e-7 0 -1 0 0 -1 0 0 -1 0 0 -1 0 0 -1 0 0 -1 0 0 -1 1.25367e-7 0 -1 -1.80922e-7 0 -1 0 0 -1 0 0 -1 -1.35649e-7 0 -1 0 0 -1 0 0 -1 0 0 -1 0 0 -1 3.29193e-7 0 -1 0 0 -1 0 0 -1 0 0 -1 0 0 -1 0 0 -1 -1.27496e-7 0 -1 0 0 -1 2.59304e-7 0 -1 0 0 -1 -8.0437e-7 0 -1 6.65468e-7 0 -1 5.00994e-7 0 -1 -6.21396e-7 -0.003090023 0.9997822 0.02064269 -0.03681486 0.9961249 0.07987493 -0.1079547 0.9851928 0.1331951 -0.1526125 0.9391797 0.3076542 -0.178691 0.913784 0.3647853 -0.2474142 0.8327711 0.4952561 -0.3225401 0.6927835 0.6449953 -0.3417638 0.4963881 0.7979952 -0.3661911 0.3605028 0.8578705 0.1045975 0.7324762 0.6727094 0.05971843 0.8928518 0.4463737 0.02306193 0.9522997 0.3042919 -0.03293061 0.9689157 0.2451899 -0.01605057 0.9943899 0.1045528 -0.009786069 0.9986562 0.05089402 -0.005909681 0.999181 0.04003089 -0.02486705 0.9993346 0.02668637 -0.01324719 0.9997347 0.0188474 -0.002510905 0.9999439 0.01029735 -1.58917e-4 0.9999997 9.5068e-4 -0.01336902 0.9959191 0.08925473 -0.01647156 0.9969537 0.07623624 -0.02541601 0.9975588 0.06504118 -0.02304643 0.9892312 0.1445356 -0.02119153 0.9863997 0.1629928 -0.01389491 0.9865936 0.1626042 -0.009490728 0.9827414 0.1847419 -0.00495553 0.9741463 0.2258638 0.02705699 0.9234157 0.3828468 0.03584289 0.8957999 0.4430101 0.1601665 0.07183295 0.9844729 -0.3799539 0.2442633 0.8921719 -0.3858482 0.1744112 0.905926 -0.3894804 0.07050371 0.9183323 -0.1305443 0.9560124 0.2626758 -0.1215645 0.96232 0.2432328 -0.005572855 0.9994518 0.03263664 -0.004417717 0.9994226 0.03369092 -0.01031708 0.9991999 0.03863996 -0.01174378 0.9997029 0.02136403 -0.0035941 0.9997833 0.02050173 -0.00357455 0.9997836 0.02049183 -0.002835631 0.9997835 0.02061927 -0.003288209 0.9997718 0.02111119 -0.001564621 0.9997918 0.0203498 -0.002093017 0.9997834 0.02070921 -1.37559e-4 0.9997829 0.02083665 -1.42818e-4 0.9997828 0.02084255 0.001314699 0.9997836 0.02076041 0.002394914 0.9997857 0.02056372 0.002537965 0.9997832 0.02067142 0.003922224 0.9997836 0.02043193 0.00458604 0.9997894 0.02000451 0.3131357 -0.02344262 0.9494191 0.004972517 0.9997835 0.02020812 0.006081461 0.9997835 0.01989936 0.006115436 0.9997848 0.01982605 0.006564676 0.9997832 0.01976269 0.006573975 0.9997837 0.01973539 0.006476461 0.9997837 0.01976835 0.006473004 0.999783 0.01979982 0.005128502 0.9997841 0.02013832 0.005099892 0.999783 0.02020072 0.003614842 0.9997836 0.02048784 0.002860724 0.9997785 0.02085697 0.002562165 0.9997835 0.0206514 0.001680314 0.9997836 0.02073544 0.001479506 0.9997804 0.02090626 0.0013206 0.9997837 0.02075964 0.001020312 0.9997837 0.02077722 0.001065075 0.9997866 0.02063184 -6.44132e-5 0.9997762 0.02115941 1.93854e-4 0.999783 0.02082818 -0.001671791 0.9997833 0.02074915 -0.002290427 0.9997765 0.02102017 -0.001419246 0.9997844 0.02071934 -0.002301394 0.9997829 0.02071195 -0.002278506 0.9997836 0.0206775 -0.002375364 0.9997836 0.0206657 -0.002471745 0.9997794 0.02085816 -0.001907765 0.9997885 0.02048379 -0.00205183 0.9997836 0.020702 -0.001465022 0.9997836 0.02075195 -0.00157684 0.9997775 0.02103829 -8.80012e-4 0.9997949 0.02023935 -0.001046061 0.9997828 0.02081882 0.002806484 0.9998017 0.01971799 -0.001921653 0.9996207 0.02747595 0.001902043 0.9996109 0.02782773 -1.00046e-4 0.9995998 0.0282914 0.04672491 0.8152384 0.5772376 0.141277 -0.4051033 0.9032896 0.1607211 0.1527376 0.9751102 -0.009755492 -0.5145148 0.8574261 -0.02075755 -0.09308707 0.9954416 -0.1267861 0.2263507 0.9657592 -0.128149 0.02014482 0.9915503 -0.1699518 0.02018964 0.9852455 -0.1699227 0.1463378 0.9745315 -0.1727926 0.001418173 0.9849572 0.02552288 0.9274834 0.3729922 0.01593124 0.948235 0.3171696 -0.006935715 0.9481071 0.3178757 -0.006972372 0.9481399 0.3177769 -0.04082411 0.9480882 0.3153765 -0.04084545 0.9481789 0.315101 -0.05454587 0.9482486 0.312809 -0.05454611 0.9482495 0.3128063 -0.04122245 0.9481704 0.3150773 0.126531 0.01409232 0.9918626 0.1043224 -0.5984154 0.7943651 0.07370078 0.396875 0.914909 0.06752717 0.5371905 0.8407536 -0.01858341 -0.3670279 0.9300244 -0.02169573 0.001222729 0.9997639 -0.1240923 0.299435 0.9460126 -0.1275557 0.09873056 0.9869052 -0.1709322 0.09880208 0.9803165 -0.1709322 0.09891331 0.9803052 -0.1297561 0.09883767 0.9866076 -0.1178644 -0.4212371 0.8992594 -0.007025778 0.5705061 0.8212633 -0.00722891 0.4291537 0.9032025 0.1153382 -0.1482377 0.982203 0.1243195 0.01378643 0.9921465 0.1954756 0.01365822 0.9806135 0.06459414 -0.9577152 0.2803735 0.2451419 0.01685321 0.9693408 -0.1383882 0.001354396 0.9903771 -0.1107314 -0.5821849 0.8054808 -0.01033335 0.6806186 0.7325651 -0.007316112 0.4945061 0.8691434 0.1168631 -0.2986665 0.9471755 0.1167172 0.09858894 0.9882598 0.2235057 0.09857964 0.9697048 0.2234926 0.09897422 0.9696676 0.2937549 0.09901821 0.9507384 0.2904164 -0.1816291 0.9395048 0.3045021 0.2679342 0.9140514 0.2885329 0.01677793 0.957323 0.2663717 -0.4002193 0.8768527 0.2988271 0.3258937 0.8969369 0.2973963 0.3387838 0.8926259 0.2533822 0.5776746 0.7759443 0.2042809 0.744732 0.6353296 0.3088501 0.09875357 0.9459701 0.2424077 0.09867703 0.9651433 0.2423958 0.09909653 0.9651032 0.136383 0.09915292 0.9856817 0.06596207 0.876596 0.4766849 0.1839843 0.02374726 0.9826422 0.243528 0.02392852 0.9695987 0.2435867 0.01540118 0.9697569 0.2901831 0.01540732 0.9568472 0.04944586 0.7651174 0.6419895 0.08681666 0.01120126 0.9961614 0.132335 0.01131415 0.9911406 0.1363923 0.09870839 0.9857251 0.07056379 0.09880268 0.9926021 0.06492483 -0.3181125 0.9458273 0.04589509 0.4548625 0.8893783 0.001787185 0.9744352 0.2246617 0.02309894 0.01612985 0.9996031 0.04880106 0.0161463 0.998678 -0.02846872 0.9914388 0.1274317 -0.02751654 0.9912751 0.1289059 -0.02262437 0.9912906 0.1297349 -0.02262651 0.9912909 0.1297323 -0.02030992 0.9912887 0.1301317 -0.02029329 0.9912865 0.1301513 -0.0132997 0.9912825 0.1310803 -0.01327532 0.9912797 0.1311041 -9.93361e-4 0.9912622 0.1319025 -9.4613e-4 0.9912559 0.1319504 0.01533555 0.9912595 0.1310321 0.01529175 0.9912647 0.1309987 0.02956396 0.9912649 0.1285305 0.0295028 0.9912729 0.1284825 0.03887969 0.9912841 0.1258741 0.03884655 0.9912885 0.1258494 0.0416221 0.9912905 0.1249432 0.04162079 0.9912907 0.1249423 0.04089367 0.99129 0.125187 0.04091882 0.9912852 0.125218 0.0321533 0.9912747 0.1278312 0.03222179 0.9912639 0.1278977 0.01803129 0.991266 0.1306391 0.01797366 0.9912759 0.1305726 0.009328067 0.9912859 0.1313979 0.00931257 0.9912896 0.131371 0.006787598 0.9912904 0.1315193 0.006788849 0.99129 0.1315225 0.001092314 0.991281 0.1317602 0.001152038 0.9912685 0.1318548 -0.01416254 0.9912544 0.1312033 -0.01421004 0.9912645 0.1311215 -0.02385538 0.9912878 0.1295355 -0.02719742 0.9975985 0.06369858 -0.01157373 0.9977294 0.06634831 -0.01157158 0.9977296 0.06634724 -0.01036638 0.9977289 0.06655502 -0.01037836 0.9977283 0.06656205 -0.006775677 0.9977272 0.06704086 -0.006789267 0.9977266 0.06704932 -4.62256e-4 0.9977219 0.06746149 -4.83885e-4 0.9977204 0.06748318 0.00780493 0.9977214 0.06701546 0.007820606 0.9977226 0.06699633 0.01507157 0.9977228 0.06574243 0.01508849 0.9977247 0.06570947 0.01985895 0.9977277 0.06438165 0.01986682 0.9977289 0.06436175 0.02128505 0.9977294 0.0638985 0.02128547 0.9977295 0.06389737 0.0209288 0.9977293 0.06401741 0.02092671 0.997728 0.06403911 0.01650065 0.9977254 0.06535899 0.01647925 0.9977223 0.06541091 0.009165525 0.9977228 0.06682348 0.009192109 0.9977256 0.06677752 0.004755795 0.9977282 0.06720036 0.004762589 0.9977291 0.06718558 0.003472268 0.9977294 0.06726133 0.00347191 0.9977293 0.06726247 6.27122e-4 0.9977271 0.06738197 5.89187e-4 0.9977236 0.06743371 -0.007311403 0.9977196 0.06709855 -0.007267415 0.9977226 0.06705933 -0.02361625 -0.9863393 0.1630252 -0.1648481 0.01156753 0.9862512 -0.1801196 0.01149839 0.9835775 -0.1259459 -0.6715986 0.7301322 -0.03940665 0.9023605 0.4291768 -0.08243793 0.01107221 0.9965347 -0.02160435 0.01105767 0.9997055 -0.01113808 0.9977288 0.06643354 -0.003577649 0.9997659 0.02133911 -0.00252062 0.9997848 0.02059483 -0.001848697 0.9997822 0.02078849 -0.0017789 0.9997852 0.02064955 -0.001628696 0.9997837 0.02073734 -0.00143069 0.9997836 0.02075266 -0.03978002 -0.8857954 0.4623681 -0.09049737 0.02013337 0.9956933 -0.1206422 0.01991033 0.9924964 -0.03127372 0.8896353 0.4555996 -0.06555652 0.02005875 0.9976473 -0.08113992 0.01981675 0.9965058 0.06278234 0.8657803 0.4964706 0.08725786 0.8610941 0.5009024 0.04102694 0.8609882 0.5069677 0.04101276 0.8610236 0.5069087 -0.01106339 0.8609489 0.5085712 -0.01107561 0.8610254 0.5084414 -0.06525099 0.8609091 0.5045571 -0.06522852 0.8611113 0.504215 -0.08728611 0.8612752 0.500586 -0.08728551 0.861281 0.5005761 -0.06603002 0.8610982 0.5041329 -0.06606674 0.8608074 0.5046245 -0.004042088 0.8609157 0.5087317 -0.004027903 0.8608247 0.5088858 0.05931669 0.8608772 0.5053436 0.05928885 0.8609519 0.5052195 0.1142256 0.8609421 0.495713 0.1141768 0.8610385 0.4955566 0.1501045 0.8611762 0.4856379 0.1500512 0.8612636 0.4854995 0.1605921 0.8612905 0.4820674 0.1606066 0.861267 0.4821044 0.1577457 0.8612585 0.4830633 0.1577714 0.8612141 0.4831342 0.123879 0.8610755 0.4931563 0.1239494 0.860933 0.4933873 0.06970435 0.8609552 0.5038826 0.06966435 0.8610818 0.5036715 0.03603333 0.8612193 0.5069547 0.03602838 0.8612449 0.5069116 0.02618873 0.8612564 0.5074954 0.02618849 0.8612579 0.5074931 0.004025995 0.8611398 0.5083524 0.004038751 0.8610076 0.5085762 -0.0544486 0.8608235 0.5059825 -0.05444109 0.8609154 0.505827 -0.09198945 0.8612319 0.4998177 -0.09198045 0.8612769 0.4997416 -0.07290124 0.861087 0.5032044 -0.07289862 0.8611007 0.5031814 -0.04356384 0.8612365 0.5063338 -0.04356211 0.8612551 0.5063025 -0.03479903 0.8612595 0.5069725 -0.03480285 0.8612134 0.5070508 -0.05557519 0.8612201 0.5051845 -0.0555709 0.8612551 0.5051254 -0.05981135 0.8612707 0.5046141 -0.0687561 0.2513349 0.9654551 -0.04983252 0.09287095 0.9944304 -0.05010622 0.01998764 0.9985439 -0.07162934 0.01993417 0.9972321 -0.01649594 -0.9816746 0.1898498 -0.09406596 0.0187788 0.9953889 -0.1176854 0.01898646 0.9928695 -0.1172543 0.101547 0.9878966 -0.102241 0.3545578 0.9294275 -0.1086583 0.02005803 0.9938769 -0.07343739 0.0199356 0.9971006 -0.04967767 0.9561716 0.2885622 -0.1305357 0.01344335 0.9913525 -0.07160633 0.01368588 0.9973391 -0.01114588 0.9977282 0.06644016 -0.008183538 0.9977286 0.06686407 -0.008179605 0.9977288 0.06686109 -0.00578159 0.9977287 0.06711179 -0.005778133 0.9977293 0.0671038 -0.004602789 0.9977294 0.06719404 -0.004607141 0.9977285 0.06720638 -0.00737822 0.9977286 0.06695717 -0.007372677 0.9977292 0.06694877 -0.007925689 0.9977295 0.06688147 -0.007926523 0.9977294 0.06688278 -0.006643176 0.9977291 0.06702637 -0.006643891 0.997729 0.06702697 -0.005034148 0.9977293 0.06716412 -0.005033016 0.9977295 0.06716239 -0.003380358 0.9977288 0.06727427 -0.00337851 0.9977293 0.06726849 -0.004701137 0.9977274 0.06721681 -0.004738092 0.9977242 0.06726032 -0.01135063 0.9977236 0.066473 -0.01139938 0.9977213 0.06650125 -0.01946133 0.9977208 0.06461083 -0.01886844 0.9977358 0.06455552 4.28062e-4 0.9971747 0.07511633 -0.01589596 0.9973981 0.0703172 -0.389779 0.02494543 0.9205706 -0.2501739 -0.7399222 0.6244424 -0.1859449 0.7230897 0.6652563 -0.2624915 -0.00390619 0.9649265 -0.1841523 -0.003992199 0.9828896 -0.3887614 0.1193659 0.9135735 -0.3055178 -0.6039125 0.7361716 -0.1833392 0.7580267 0.6259251 -0.2789972 0.09916937 0.9551576 -0.1689333 0.09889084 0.980654 -0.168935 0.09865581 0.9806773 -0.07068705 0.09888041 0.9925856 -0.07068735 0.09911948 0.9925617 -0.04987031 0.09913742 0.9938233 -0.04987144 0.09875702 0.9938611 -0.08613973 0.09877836 0.9913742 -0.08613806 0.09910917 0.9913414 -0.1171278 0.0991826 0.9881519 -0.1171299 0.09887218 0.9881826 -0.1088076 0.09891968 0.9891288 -0.108807 0.09903526 0.9891173 -0.06814742 0.09903866 0.9927474 -0.06814646 0.09926998 0.9927244 -0.08529436 0.09928524 0.9913967 -0.08529716 0.09867632 0.9914573 -0.1426758 0.09854567 0.9848514 -0.1426723 0.09888571 0.9848179 -0.1801071 0.09902042 0.9786503 -0.1656914 -0.3510746 0.9215709 -0.04562103 0.904475 0.4240801 -0.1060004 0.0987516 0.9894504 0.007836818 0.09888422 0.9950681 0.007836103 0.09908813 0.9950479 0.05124503 0.09913527 0.9937536 0.04545402 0.4146298 0.9088543 0.05718523 -0.3775623 0.9242168 0.1567008 0.2373381 0.9587052 0.1586006 0.2156093 0.9635136 0.07878994 0.2154495 0.9733313 0.0787943 0.2153089 0.973362 -0.02118718 0.2152389 0.9763315 -0.02118813 0.2153285 0.9763119 -0.1251775 0.215241 0.968505 -0.1251724 0.2155058 0.9684467 -0.1677328 0.2156552 0.9619556 -0.167728 0.215856 0.9619114 -0.1269017 0.2156648 0.9681863 -0.1269137 0.2150792 0.968315 -0.007815659 0.2151606 0.9765475 -0.007812857 0.2149594 0.9765918 0.1138994 0.2150048 0.9699484 0.1138772 0.2155407 0.9698321 0.2193168 0.2155396 0.9515476 0.2193114 0.2156296 0.9515284 0.2883657 0.2157256 0.9329029 0.2883819 0.2155181 0.9329459 0.3086256 0.2155882 0.9264298 0.3086486 0.2152901 0.9264914 0.3031302 0.2153007 0.9283091 0.3031035 0.2156741 0.9282312 0.2378687 0.215543 0.9470796 0.2378959 0.2150905 0.9471757 0.1338518 0.2151418 0.9673663 0.1338413 0.2154284 0.9673041 0.06924396 0.2155479 0.9740351 0.06924748 0.2153988 0.9740679 0.05032497 0.2154091 0.9752264 0.0503214 0.2156272 0.9751783 0.007690668 0.2154967 0.9764743 0.007691979 0.2153571 0.9765052 -0.1044458 0.2152583 0.9709557 -0.1044476 0.2151824 0.9709724 -0.1767484 0.2154086 0.9603953 -0.17674 0.2155937 0.9603553 -0.1400074 0.2154034 0.9664364 -0.1400008 0.2156667 0.9663787 -0.08369803 0.2158045 0.9728429 -0.08370131 0.215614 0.9728848 -0.06687206 0.2156854 0.9741705 -0.0668751 0.2154544 0.9742213 -0.1067733 0.2155546 0.9706369 -0.1067702 0.2157765 0.9705878 -0.1149343 0.2158059 0.9696484 -0.1149393 0.2155722 0.9696998 -0.08452814 0.215555 0.9728264 -0.08452934 0.2154895 0.9728407 -0.04893988 0.2154815 0.9752808 -0.04893893 0.21559 0.9752569 -0.06936728 0.2154443 0.9740493 -0.06936907 0.2151904 0.9741052 -0.1657842 0.215273 0.9623789 -0.1657881 0.2152246 0.9623891 -0.2745029 0.2152169 0.9371926 -0.2745119 0.2150216 0.9372347 -0.3828545 0.2154573 0.8983322 -0.3734316 0.3086895 0.8747913 0.1524319 0.3299378 0.9316146 0.1525852 0.328523 0.9320893 0.0762158 0.3282702 0.941504 0.07620513 0.3284739 0.9414339 -0.02049416 0.3283792 0.9443237 -0.02049851 0.3287111 0.9442082 -0.1210691 0.3285413 0.9366979 -0.1210639 0.3286949 0.9366447 -0.1622199 0.3289072 0.9303252 -0.1622261 0.3287594 0.9303764 -0.1227419 0.32852 0.9364876 -0.122748 0.3283496 0.9365466 -0.007555723 0.3284803 0.9444806 -0.007557213 0.3285171 0.9444679 0.1101447 0.3285456 0.9380437 0.110155 0.3283742 0.9381026 0.2121399 0.3283728 0.9204173 0.2121481 0.3282976 0.9204422 0.2789338 0.3284891 0.9023807 0.278907 0.3287251 0.902303 0.2984924 0.3287488 0.8960059 0.2984716 0.3289197 0.8959501 0.2931349 0.3289385 0.8977034 0.2931682 0.3286446 0.8978003 0.2300775 0.3285146 0.9160473 0.2300838 0.3284427 0.9160714 0.1294555 0.3284488 0.9356082 0.1294392 0.3287427 0.9355072 0.06696599 0.3289284 0.9419776 0.06696957 0.3288044 0.9420205 0.04866838 0.3288167 0.9431389 0.04866617 0.3289022 0.9431093 0.007438957 0.3287446 0.9443897 0.007441163 0.3285512 0.9444569 -0.1010245 0.3283208 0.9391484 -0.101018 0.3285615 0.9390649 -0.170923 0.3289706 0.9287431 -0.1709251 0.328917 0.9287616 -0.1354111 0.3286434 0.9346964 -0.1354067 0.3287379 0.9346639 -0.08094763 0.3289268 0.9408797 -0.08095663 0.3285675 0.9410045 -0.06468164 0.328554 0.9422678 -0.06467658 0.328805 0.9421806 -0.1032645 0.3288493 0.9387198 -0.1032755 0.3285039 0.9388394 -0.1111725 0.3285541 0.9379196 -0.1111605 0.3288915 0.9378027 -0.08175128 0.3287599 0.9408686 -0.08174628 0.3289473 0.9408035 -0.04732805 0.3289648 0.9431555 -0.04732948 0.3288604 0.9431919 -0.06708675 0.3286708 0.9420589 -0.06709057 0.3284341 0.9421412 -0.1603569 0.3282973 0.9308633 -0.1603419 0.3285889 0.930763 -0.2654684 0.3286919 0.9063598 -0.2655028 0.3282942 0.906494 -0.3710235 0.3283254 0.868645 -0.3570048 0.4218139 0.8334391 0.1454522 0.4304134 0.8908356 0.1445075 0.4370028 0.887776 0.07258194 0.4367029 0.896673 0.07258498 0.4366598 0.8966938 -0.01952755 0.4365423 0.8994718 -0.01953071 0.4368317 0.8993312 -0.1153199 0.4366623 0.8922038 -0.1153142 0.4367743 0.8921496 -0.1545017 0.4370358 0.886075 -0.15449 0.4372127 0.8859898 -0.116892 0.4369314 0.8918672 -0.1169215 0.4363588 0.8921438 -0.007198512 0.436545 0.8996537 -0.007196247 0.4364522 0.8996987 0.1049212 0.4365642 0.8935342 0.1049084 0.436734 0.8934528 0.202048 0.4367023 0.876623 0.2020288 0.4368534 0.8765522 0.265621 0.4370496 0.8593214 0.2655997 0.4371868 0.8592582 0.2842456 0.4372352 0.8532468 0.2842435 0.4372481 0.8532407 0.2791682 0.4372257 0.8549263 0.2791819 0.4371347 0.8549683 0.219119 0.4369008 0.8724131 0.2191456 0.4366903 0.8725119 0.1232937 0.436755 0.8910914 0.1232841 0.4368712 0.8910357 0.06377959 0.4371137 0.8971421 0.06377512 0.4372137 0.8970937 0.0463466 0.43722 0.8981596 0.04634845 0.4371668 0.8981854 0.007086217 0.4369837 0.8994416 0.007089972 0.4367454 0.8995572 -0.09623062 0.4364657 0.8945599 -0.0962193 0.4367389 0.8944277 -0.1627777 0.4372453 0.8844886 -0.1627879 0.437106 0.8845555 -0.1289739 0.4368154 0.8902573 -0.1289792 0.4367224 0.8903023 -0.07710051 0.4369362 0.8961821 -0.07708412 0.4373904 0.895962 -0.06158655 0.4373776 0.8971666 -0.06159079 0.4372289 0.8972389 -0.09833943 0.4372071 0.8939684 -0.09834152 0.4371692 0.8939866 -0.105863 0.4372032 0.8931105 -0.1058714 0.4370365 0.8931912 -0.07786327 0.4369404 0.8961141 -0.07785671 0.4371129 0.8960305 -0.04507511 0.4371346 0.8982659 -0.04507589 0.4370996 0.8982828 -0.06388962 0.4370026 0.8971884 -0.06389099 0.4369495 0.8972141 -0.152715 0.4368218 0.8864902 -0.1527362 0.436512 0.8866392 -0.2528707 0.4366411 0.8633661 -0.252879 0.4365831 0.863393 -0.3549439 0.436517 0.8267211 -0.3311015 0.5463165 0.769357 0.134543 0.541303 0.8299936 0.1350514 0.5389144 0.8314641 0.06798237 0.5385694 0.8398342 0.06797677 0.5386297 0.839796 -0.01829499 0.538504 0.8424244 -0.01829409 0.5384392 0.8424659 -0.1080358 0.5382425 0.8358369 -0.1080001 0.5387877 0.8354903 -0.1446816 0.5390762 0.8297374 -0.1446783 0.5391139 0.8297135 -0.1094706 0.5387999 0.8352909 -0.1095045 0.5383045 0.8356058 -0.006739497 0.5385003 0.8425984 -0.006731569 0.538129 0.8428356 0.09828633 0.5382161 0.8370563 0.09827017 0.5383731 0.8369573 0.18927 0.5383483 0.821193 0.1892095 0.5387151 0.8209664 0.2487542 0.5389655 0.8047594 0.2487244 0.5391091 0.8046724 0.2661883 0.5391435 0.7990421 0.2662163 0.5390127 0.799121 0.2614581 0.5390139 0.8006896 0.2614893 0.5388646 0.8007798 0.2052444 0.5386241 0.8171651 0.2052786 0.538421 0.8172903 0.1154907 0.5384489 0.8347064 0.1154748 0.5386025 0.8346095 0.05973714 0.5388337 0.8402916 0.05972045 0.5391278 0.8401041 0.04340237 0.5391443 0.8410944 0.04340797 0.5390132 0.8411781 0.00663954 0.5387979 0.842409 0.006643772 0.5385434 0.8425717 -0.09014874 0.5381804 0.8379948 -0.09013545 0.5384153 0.8378452 -0.1524624 0.5389141 0.8284485 -0.1524361 0.5391712 0.8282861 -0.1207828 0.5388116 0.8337227 -0.1207834 0.5388028 0.8337285 -0.07219827 0.5390466 0.839176 -0.07219821 0.5390494 0.8391742 -0.05768179 0.5390553 0.8402929 -0.05768281 0.5390247 0.8403125 -0.09209841 0.5390369 0.8372318 -0.09209817 0.5390378 0.8372313 -0.09913915 0.5390831 0.8363975 -0.09913158 0.5392078 0.8363182 -0.07290834 0.5390979 0.8390817 -0.07291626 0.5389392 0.8391829 -0.0422157 0.5389474 0.8412809 -0.04220986 0.5391561 0.8411474 -0.05983072 0.5389707 0.8401971 -0.05984598 0.5385119 0.8404901 -0.1430546 0.5384289 0.8304395 -0.1430616 0.538349 0.83049 -0.2368499 0.5384806 0.8086661 -0.2368794 0.5383138 0.8087686 -0.3331564 0.5382899 0.7741129 -0.3223994 0.5820861 0.7464814 -0.3398547 0.5690395 0.7487943 -0.3698217 0.567392 0.7357298 0.1221151 0.6304309 0.76658 0.1215106 0.6327691 0.7647474 0.0624985 0.6323998 0.772117 0.06249266 0.6324487 0.7720773 -0.01681864 0.6323215 0.7745237 -0.0168215 0.6324313 0.7744338 -0.09932637 0.6322274 0.7683897 -0.09929221 0.6326431 0.768052 -0.1329945 0.6329216 0.7627076 -0.1330103 0.6327676 0.7628327 -0.1006481 0.6324619 0.7680247 -0.1006814 0.6320708 0.7683423 -0.006187617 0.6322513 0.7747387 -0.006183683 0.6321291 0.7748384 0.09035116 0.6322097 0.7695114 0.09032893 0.6323738 0.7693791 0.1739811 0.6323543 0.7548899 0.1739473 0.632512 0.7547655 0.2286818 0.6327375 0.7398297 0.2286607 0.6328166 0.7397685 0.2447192 0.6328423 0.7345905 0.244718 0.6328469 0.7345869 0.2403458 0.632843 0.7360324 0.2403731 0.6327394 0.7361125 0.1886836 0.6325112 0.7512177 0.1887191 0.6323482 0.7513461 0.1061701 0.6323681 0.7673582 0.1061446 0.6325688 0.7671962 0.05490469 0.6328059 0.7723615 0.05490422 0.6328106 0.7723577 0.03990346 0.6328247 0.7732662 0.03990066 0.6328793 0.7732217 0.006106495 0.6326733 0.7743947 0.006112396 0.6324201 0.7746016 -0.08288377 0.6321012 0.7704404 -0.08286923 0.6323236 0.7702594 -0.1401404 0.6328609 0.7614774 -0.1401423 0.6328501 0.7614861 -0.1110465 0.6325521 0.7665159 -0.1110417 0.6325945 0.7664816 -0.06637197 0.6328131 0.7714548 -0.0663734 0.632789 0.7714744 -0.05302834 0.6327904 0.7725054 -0.05302917 0.632771 0.7725211 -0.08466643 0.6328002 0.7696723 -0.08466339 0.6328436 0.7696371 -0.09113842 0.63286 0.7688836 -0.09114331 0.6327945 0.768937 -0.06703531 0.632687 0.7715009 -0.06702309 0.6328789 0.7713445 -0.03880435 0.6328759 0.7732802 -0.03880572 0.6328285 0.773319 -0.05500346 0.6326549 0.7724781 -0.05501157 0.6324469 0.7726479 -0.1315083 0.6323701 0.7634224 -0.1315302 0.6321804 0.7635757 -0.2177599 0.6323001 0.7434899 -0.2177476 0.6323521 0.7434493 -0.3072345 0.6321087 0.7113689 -0.3071931 0.6322539 0.7112577 -0.3421922 0.6327929 0.6946061 -0.3448343 0.6352892 0.6910116 0.1129268 0.6926562 0.7123728 0.105985 0.7169979 0.6889712 0.05626916 0.7166177 0.6951928 0.05625766 0.7166873 0.6951218 -0.01514673 0.7165769 0.6973437 -0.01515144 0.716678 0.6972397 -0.08943885 0.7164956 0.6918343 -0.08941143 0.7167784 0.6915449 -0.1197315 0.7170377 0.6866741 -0.1197257 0.7170828 0.686628 -0.0905953 0.7167981 0.6913704 -0.09063911 0.7163744 0.6918038 -0.005566477 0.7165485 0.6975152 -0.005557835 0.7163621 0.6977066 0.08134812 0.7164436 0.6928861 0.08133476 0.7165227 0.6928058 0.1566616 0.716508 0.6797599 0.1565949 0.7167505 0.6795195 0.2058662 0.7169616 0.666022 0.2058501 0.7170092 0.6659757 0.2203008 0.717049 0.6612929 0.2202947 0.7170664 0.6612761 0.2163608 0.7170621 0.6625783 0.2163965 0.7169563 0.6626812 0.1698803 0.7167291 0.6763432 0.1699326 0.716539 0.6765314 0.09559428 0.7165642 0.6909396 0.09556597 0.7167305 0.690771 0.04943203 0.7169441 0.6953759 0.04942387 0.717032 0.6952859 0.0359205 0.7170487 0.6960969 0.03592121 0.7170444 0.6961014 0.005501389 0.7168596 0.6971958 0.005509853 0.7166289 0.6974329 -0.07463681 0.7163451 0.6937429 -0.07462608 0.716482 0.6936026 -0.1261723 0.7169834 0.6855767 -0.1261615 0.7170559 0.6855028 -0.09997779 0.7167642 0.6901112 -0.09997427 0.7167935 0.6900814 -0.05975037 0.7170136 0.6944937 -0.05974483 0.7170878 0.6944176 -0.04773181 0.7170858 0.6953486 -0.04773962 0.716953 0.6954849 -0.07622671 0.7169522 0.6929424 -0.0762133 0.7170936 0.6927976 -0.08203548 0.717128 0.6920965 -0.0820381 0.7171031 0.6921221 -0.06034332 0.7169868 0.6944701 -0.06033867 0.7170449 0.6944105 -0.0349335 0.7170459 0.6961501 -0.03493177 0.7170829 0.696112 -0.04951131 0.7169203 0.6953948 -0.04952162 0.7167016 0.6956194 -0.1183986 0.7166203 0.6873406 -0.118415 0.7164908 0.6874728 -0.1960673 0.716538 0.6694258 -0.1960813 0.7164749 0.6694893 -0.2766653 0.7163244 0.6405746 -0.2765545 0.7166185 0.6402934 -0.307073 0.7170531 0.6257324 -0.303829 0.7336061 0.6078734 0.08990657 0.8067562 0.5840047 0.1038219 0.7963693 0.5958333 0.04880368 0.7962309 0.6030212 0.04879838 0.7962524 0.6029933 -0.01314562 0.7961537 0.6049517 -0.01315653 0.7962698 0.6047986 -0.07759445 0.796117 0.6001473 -0.07756567 0.796396 0.5997809 -0.103837 0.7966119 0.595506 -0.1038369 0.7966139 0.5955034 -0.07856893 0.7963745 0.5996789 -0.0786159 0.7959591 0.600224 -0.004820227 0.7961021 0.6051432 -0.004809379 0.7959879 0.6052935 0.07056695 0.7960616 0.6010876 0.07053917 0.796167 0.6009513 0.1358826 0.7961528 0.5896412 0.1358225 0.7963125 0.5894393 0.1785579 0.7964952 0.5776786 0.1785297 0.7965565 0.5776028 0.1910625 0.7965931 0.5735282 0.1910493 0.7966206 0.5734944 0.187645 0.7966086 0.574634 0.1876856 0.7965162 0.5747485 0.1473529 0.7963325 0.586636 0.1474114 0.7961733 0.5868371 0.08291447 0.7962031 0.5993213 0.08288156 0.7963448 0.5991374 0.04287016 0.7965186 0.6030923 0.04285794 0.7966093 0.6029735 0.03115147 0.7966235 0.6036726 0.0311532 0.7966051 0.603697 0.004777014 0.7964509 0.6046844 0.004791378 0.7962224 0.6049852 -0.06475472 0.7959777 0.6018527 -0.06473946 0.7961603 0.6016125 -0.1094248 0.7965673 0.5945643 -0.1094185 0.7966024 0.5945187 -0.08671784 0.7963573 0.5985776 -0.08671545 0.7963731 0.5985569 -0.05182343 0.7965505 0.602347 -0.05181908 0.7966004 0.6022811 -0.04139721 0.7966008 0.6030868 -0.04139965 0.7965649 0.603134 -0.0661059 0.796572 0.6009187 -0.06610351 0.7965955 0.6008878 -0.07115381 0.7966065 0.6002961 -0.07115668 0.79658 0.600331 -0.05234098 0.7965007 0.6023679 -0.05233788 0.7965347 0.6023234 -0.03030037 0.7965459 0.6038184 -0.03029924 0.7965687 0.6037883 -0.04294186 0.7964377 0.603194 -0.04294759 0.7963014 0.6033735 -0.1026962 0.7962288 0.5962157 -0.1027173 0.7960909 0.5963963 -0.1700601 0.7961989 0.5806436 -0.1700887 0.7961037 0.5807656 -0.2400168 0.7959837 0.5556995 -0.2399553 0.7961297 0.555517 -0.2699767 0.7965871 0.5408897 -0.2699881 0.7968995 0.5404238 -0.0598104 0.8612802 0.504598 -0.05013275 0.8612673 0.5056734 -0.03372853 0.9209747 0.3881597 -0.03796219 0.8612734 0.506722 -0.02546983 0.8612464 0.507549 -0.02546864 0.861266 0.5075159 -0.03609073 0.8611658 0.5070415 -0.03609621 0.8610244 0.5072813 -0.08633196 0.8609789 0.5012607 -0.08634859 0.8608875 0.5014147 -0.1429698 0.8609597 0.4881681 -0.1429836 0.8609145 0.4882438 -0.2018076 0.8608112 0.4672024 -0.2017456 0.8609294 0.4670109 -0.226131 0.8612743 0.4550511 -0.2247667 0.8674637 0.4438318 0.03357231 0.9038905 0.4264447 0.02999538 0.9082865 0.4172719 -0.009116172 0.9081709 0.4185004 -0.009129703 0.9082111 0.4184131 -0.05371767 0.9081258 0.4152373 -0.05370521 0.9082869 0.4148863 -0.07181948 0.9084039 0.411879 -0.07181906 0.9084093 0.4118673 -0.05431014 0.9082785 0.414826 -0.05433273 0.908068 0.4152835 -0.003313481 0.908144 0.4186449 -0.003293335 0.9080765 0.4187917 0.04880344 0.9081137 0.41587 0.04877018 0.9081711 0.4157484 0.09398615 0.908165 0.4079252 0.09392887 0.9082443 0.4077618 0.1234963 0.9083418 0.3995795 0.1234592 0.9083865 0.3994894 0.1321428 0.9084038 0.3966621 0.1321417 0.908405 0.3966599 0.1297898 0.9083995 0.397448 0.1298279 0.9083502 0.3975483 0.1019498 0.9082503 0.4058173 0.1020112 0.9081601 0.4060038 0.05735021 0.9081765 0.4146403 0.05731111 0.9082614 0.4144597 0.02964794 0.9083588 0.4171395 0.0296368 0.9083987 0.4170534 0.02154624 0.9084061 0.4175332 0.02154731 0.908401 0.4175446 0.003321647 0.9083162 0.4182711 0.003341674 0.9082011 0.4185208 -0.04481768 0.9080703 0.4164132 -0.04481303 0.9081574 0.4162234 -0.07569122 0.9083787 0.4112408 -0.07568496 0.9084079 0.4111773 -0.05998617 0.9082736 0.4140542 -0.05998587 0.908277 0.4140467 -0.03584527 0.9083766 0.4166139 -0.03584277 0.9084009 0.4165613 -0.02862966 0.9084042 0.4171119 -0.02863264 0.9083697 0.4171867 -0.04572749 0.9083738 0.4156515 -0.04572427 0.9083998 0.4155952 -0.04921132 0.9084079 0.4151788 -0.04921317 0.9083961 0.4152044 -0.04125082 0.9083896 0.416085 -0.04125154 0.9083845 0.4160962 -0.03123688 0.908392 0.4169514 -0.03123694 0.9083953 0.4169441 -0.02095788 0.9083762 0.4176287 -0.02095675 0.9084022 0.4175721 -0.02968609 0.9083315 0.4171963 -0.02968609 0.9082205 0.417438 -0.07103645 0.908184 0.4124994 -0.07104575 0.9081206 0.4126372 -0.1176456 0.9081732 0.4017225 -0.1176586 0.9081359 0.401803 -0.1660886 0.9080731 0.384471 -0.1660445 0.9081538 0.3842993 -0.1871214 0.9084054 0.3738787 -0.1665931 0.9278758 0.3336066 -0.04298561 0.960404 0.275275 -0.03210604 0.9481886 0.316082 -0.002500534 0.9480941 0.3179802 -0.002463042 0.9480533 0.3181021 0.03705483 0.9480753 0.3158802 0.03701347 0.9481069 0.3157903 0.07137429 0.9481033 0.3098481 0.07130616 0.9481527 0.3097129 0.09378701 0.9482122 0.3034762 0.09375005 0.9482372 0.3034093 0.1003586 0.9482479 0.3012543 0.1003566 0.9482491 0.3012512 0.09857517 0.948246 0.3018488 0.09860879 0.9482182 0.3019247 0.07744145 0.9481591 0.3082163 0.07750862 0.9481024 0.3083739 0.04354935 0.948113 0.3149369 0.04350256 0.9481647 0.3147876 0.02251297 0.948223 0.3168067 0.02250134 0.9482424 0.3167493 0.01636457 0.948247 0.3171117 0.01636523 0.9482457 0.3171158 0.002536416 0.9481949 0.3176793 0.002569317 0.9481293 0.3178747 -0.0340538 0.9480503 0.3162927 -0.03406524 0.9481005 0.316141 -0.05748951 0.9482339 0.3123261 -0.05749028 0.9482489 0.3122801 -0.04556137 0.948169 0.3144833 -0.04556107 0.9481762 0.3144618 -0.02722436 0.9482355 0.316399 -0.0272243 0.9482449 0.3163709 -0.02174216 0.9482462 0.316791 -0.02174234 0.948229 0.3168425 -0.03473091 0.9482316 0.3156752 -0.03473132 0.9482439 0.3156381 -0.03737372 0.9482501 0.3153174 -0.0373739 0.9482489 0.3153209 -0.03132742 0.948244 0.3159939 -0.03132712 0.9482412 0.3160018 -0.023723 0.9482458 0.3166501 -0.02372366 0.948249 0.3166406 -0.01591753 0.9482371 0.3171641 -0.01591777 0.9482447 0.3171415 -0.02253425 0.9482015 0.3168694 -0.02251857 0.948143 0.3170454 -0.0539419 0.948122 0.313297 -0.05393493 0.9480769 0.3134345 -0.08935117 0.9481085 0.305134 -0.0893507 0.9480895 0.3051931 -0.1261809 0.9480467 0.2920379 -0.1261579 0.9481056 0.2918559 -0.1356079 0.948226 0.2871896 -0.1348963 0.9495419 0.2831491 -0.004568159 0.9642477 0.2649636 -0.0143935 0.9758847 0.2178116 -0.02810674 0.975805 0.2168287 -0.02816283 0.9758516 0.2166117 -0.03749823 0.9758848 0.2150415 -0.03750008 0.9758859 0.2150365 -0.03368169 0.97588 0.2156937 -0.03366875 0.9758735 0.2157252 -0.02206861 0.9758632 0.217265 -0.02204799 0.9758552 0.2173026 -0.001692771 0.9758089 0.218619 -0.001646995 0.9757904 0.218702 0.02545487 0.9758007 0.2171753 0.02541041 0.9758151 0.2171157 0.04904633 0.9758142 0.2130285 0.0489791 0.9758373 0.2129384 0.06446564 0.9758667 0.2086343 0.06442761 0.9758796 0.2085863 0.0689907 0.9758848 0.2070968 0.06898927 0.9758853 0.2070952 0.06777119 0.9758836 0.2075048 0.06780165 0.9758699 0.2075597 0.05325806 0.9758411 0.2118908 0.05332499 0.9758132 0.2120027 0.02992284 0.9758186 0.2165242 0.02987027 0.9758448 0.2164137 0.01547151 0.9758727 0.2177915 0.01545828 0.9758821 0.2177503 0.01125013 0.9758844 0.2179985 0.01125085 0.9758837 0.2180011 0.001765191 0.9758589 0.2183948 0.001811861 0.9758259 0.2185422 -0.02343225 0.9757875 0.2174621 -0.02346068 0.9758133 0.2173429 -0.03952771 0.9758777 0.2147103 -0.03953427 0.9758858 0.214672 -0.03132444 0.9758465 0.2162 -0.03132498 0.9758485 0.2161911 -0.01871764 0.9758773 0.2175163 -0.01871955 0.9758836 0.2174879 -0.01494431 0.9758841 0.2177777 -0.01494216 0.975875 0.2178182 -0.02387928 0.9758763 0.2170144 -0.02388232 0.9758823 0.2169873 -0.02569276 0.975885 0.2167683 -0.02569246 0.9758841 0.2167721 -0.02153575 0.9758819 0.2172347 -0.02153527 0.9758808 0.2172398 -0.01630949 0.9758829 0.2176847 -0.01631033 0.9758842 0.217679 -0.01094383 0.9758781 0.218042 -0.0109452 0.9758827 0.2180213 -0.01547241 0.9758619 0.21784 -0.01544213 0.9758329 0.2179716 -0.03706449 0.9758235 0.2153949 -0.03703981 0.9758016 0.2154977 -0.06141602 0.9758183 0.2097778 -0.06140226 0.9758073 0.2098333 -0.08678698 0.9757857 0.2007744 -0.08680474 0.9758151 0.2006241 -0.09689307 0.9758848 0.1956031 -0.08575201 0.9668613 0.2404702 -0.00351864 0.9997885 0.02026879 -0.003773927 0.9997835 0.02046108 -0.01221835 0.9977287 0.06624406 -0.01220637 0.9977295 0.06623381 -0.02386766 0.9912909 0.1295099 -0.02179157 0.9912878 0.1298985 -0.01842606 0.99171 0.1271685 -0.01599395 0.9912883 0.1307359 -0.01129496 0.991288 0.1312273 -0.01129823 0.99129 0.1312111 -0.009012997 0.9912902 0.1313865 -0.009008705 0.9912868 0.1314124 -0.01441013 0.9912874 0.1309262 -0.01441609 0.9912898 0.1309077 -0.0155 0.9912908 0.1307765 -0.01549911 0.9912905 0.1307787 -0.01299196 0.9912896 0.131058 -0.01299118 0.9912891 0.1310612 -0.009840309 0.9912899 0.1313298 -0.009841322 0.9912904 0.1313264 -0.006603896 0.9912882 0.1315455 -0.006606161 0.9912899 0.1315324 -0.009310901 0.9912822 0.1314268 -0.009264349 0.9912711 0.131514 -0.02233731 0.9912678 0.1299588 -0.02228957 0.9912593 0.130032 -0.03703784 0.9912658 0.1265715 -0.03700727 0.9912614 0.1266147 -0.05240535 0.9912537 0.1211197 -0.04459822 0.9898074 0.1352494 -0.04441809 0.989797 0.1353843 -0.05982011 0.9960899 0.06501156 0.003090023 0.9997822 -0.02064275 0.03681463 0.9961249 -0.07987499 0.1079552 0.9851924 -0.1331982 0.152607 0.9391852 -0.3076401 0.1787153 0.9137703 -0.3648077 0.2472383 0.8330322 -0.4949048 0.3227898 0.6922575 -0.645435 0.3417628 0.4963859 -0.797997 0.3662797 0.3599175 -0.8580785 -0.1045832 0.732463 -0.6727261 -0.05966877 0.8928219 -0.4464403 -0.02304702 0.9522914 -0.3043187 0.03293073 0.9689158 -0.2451897 0.01605021 0.9943901 -0.1045506 0.009786963 0.9986561 -0.05089408 0.005910277 0.999181 -0.04003083 0.02486711 0.9993346 -0.02668637 0.01324582 0.9997346 -0.01884639 0.002510845 0.9999439 -0.01029741 1.58906e-4 0.9999996 -9.51267e-4 0.01336932 0.995919 -0.08925652 0.01647245 0.9969538 -0.07623517 0.02541512 0.9975588 -0.06504249 0.02304649 0.9892312 -0.1445356 0.02119153 0.9863997 -0.1629928 0.01389491 0.9865936 -0.1626045 0.009490549 0.9827414 -0.1847419 0.004955053 0.9741343 -0.2259156 -0.02705651 0.923418 -0.3828412 -0.03584915 0.8957639 -0.4430824 -0.1601647 0.07115262 -0.9845226 0.3799545 0.2442601 -0.8921724 0.3858063 0.1750415 -0.9058223 0.3894463 0.07259845 -0.9181836 0.1305382 0.9560167 -0.2626631 0.1215894 0.9623034 -0.2432862 0.005572974 0.9994518 -0.03263711 0.004417419 0.9994226 -0.03369128 0.01031696 0.9991999 -0.03864109 0.01174408 0.9997028 -0.02136415 0.00359416 0.9997834 -0.02050179 0.00357443 0.9997836 -0.02049189 0.002835631 0.9997834 -0.02061927 0.003288209 0.9997718 -0.02111119 0.001564979 0.9997918 -0.02034991 0.002093017 0.9997834 -0.02070909 1.37482e-4 0.9997829 -0.02083653 1.42816e-4 0.9997828 -0.02084255 -0.001313924 0.9997836 -0.02076035 -0.002394855 0.9997857 -0.02056366 -0.002537965 0.9997832 -0.02067142 -0.003922224 0.9997836 -0.02043199 -0.0045861 0.9997894 -0.02000445 -0.3131358 -0.02358543 -0.9494155 -0.004972636 0.9997835 -0.02020812 -0.006081342 0.9997836 -0.01989936 -0.006115436 0.9997848 -0.01982599 -0.006564736 0.9997832 -0.01976263 -0.006573975 0.9997837 -0.01973545 -0.006476461 0.9997836 -0.01976829 -0.006473004 0.999783 -0.01979982 -0.005128502 0.9997841 -0.02013838 -0.005099833 0.9997829 -0.02020084 -0.003614842 0.9997836 -0.02048772 -0.002860844 0.9997784 -0.02085709 -0.002562165 0.9997835 -0.0206514 -0.001680314 0.9997837 -0.02073538 -0.001479506 0.9997804 -0.02090632 -0.0013206 0.9997836 -0.02075964 -0.001020312 0.9997837 -0.02077728 -0.001065075 0.9997866 -0.02063167 6.44128e-5 0.9997762 -0.02115929 -1.93854e-4 0.999783 -0.02082812 0.001671731 0.9997833 -0.02074903 0.002290546 0.9997765 -0.02102023 0.001419246 0.9997844 -0.0207194 0.002301454 0.9997829 -0.02071195 0.002278566 0.9997837 -0.02067756 0.002375423 0.9997836 -0.0206657 0.002471745 0.9997794 -0.02085804 0.001907765 0.9997884 -0.02048397 0.00205177 0.9997836 -0.02070182 0.001465022 0.9997836 -0.02075183 0.00157684 0.9997774 -0.02103817 8.79977e-4 0.9997948 -0.02023923 0.001046121 0.9997828 -0.02081894 -0.002806425 0.9998016 -0.01971805 0.001921653 0.9996207 -0.02747619 -0.001902163 0.9996109 -0.02782773 9.99846e-5 0.9995997 -0.028292 -0.04674333 0.8150683 -0.5774763 -0.1411929 -0.4060519 -0.9028768 -0.1607199 0.1528223 -0.9750972 0.009756922 -0.5143015 -0.8575541 0.0207591 -0.09269851 -0.9954779 0.1267787 0.2267171 -0.9656742 0.1281412 0.01890504 -0.9915758 0.1699369 0.01896041 -0.9852726 0.1699233 0.1463378 -0.9745314 0.1727926 0.001417994 -0.9849572 -0.02552318 0.9274829 -0.3729937 -0.01593142 0.9482351 -0.3171694 0.006935656 0.948107 -0.3178759 0.006970226 0.9481381 -0.3177827 0.04082351 0.9480862 -0.3153823 0.04084604 0.9481807 -0.3150951 0.0545448 0.9482505 -0.3128033 0.05454516 0.9482513 -0.3128008 0.04122275 0.9481723 -0.3150715 -0.1265282 0.01556497 -0.991841 -0.1043192 -0.5985134 -0.7942917 -0.07368749 0.3970353 -0.9148406 -0.06765913 0.5345656 -0.8424143 0.01854062 -0.3707777 -0.9285366 0.021703 0.001243889 -0.9997637 0.1240881 0.2994351 -0.9460131 0.1275506 0.099132 -0.9868657 0.1709254 0.09920483 -0.980277 0.1709252 0.09932637 -0.9802647 0.1297479 0.09926176 -0.9865661 0.1180503 -0.418143 -0.9006779 0.007016479 0.5728361 -0.81964 0.007223606 0.429132 -0.9032129 -0.1153321 -0.1482377 -0.9822037 -0.1243148 0.01253336 -0.9921637 -0.1954901 0.01247322 -0.9806264 -0.06459742 -0.9577108 -0.2803879 -0.2451413 0.01685059 -0.969341 0.1383879 0.001393139 -0.9903771 0.1107303 -0.5821958 -0.8054731 0.01033306 0.6806185 -0.7325652 0.007316172 0.4945061 -0.8691434 -0.1168631 -0.2986665 -0.9471755 -0.1167072 0.09899485 -0.9882203 -0.2234967 0.09898084 -0.969666 -0.2234836 0.09937638 -0.9696285 -0.2937461 0.09943461 -0.9506976 -0.2904204 -0.1816288 -0.9395036 -0.3045016 0.2679342 -0.9140515 -0.2885267 0.01689863 -0.9573227 -0.2663248 -0.4005597 -0.8767115 -0.2988533 0.3256505 -0.8970165 -0.2976504 0.3365429 -0.8933886 -0.2533807 0.5776749 -0.7759447 -0.2042809 0.744732 -0.6353296 -0.3088375 0.09910553 -0.9459373 -0.2423963 0.09905511 -0.9651074 -0.242408 0.09868055 -0.9651428 -0.1363926 0.09867489 -0.9857284 -0.06593137 0.8767263 -0.4764496 -0.1840058 0.02391272 -0.9826343 -0.2435248 0.02404242 -0.9695966 -0.2435929 0.01414662 -0.9697744 -0.2901725 0.01407617 -0.9568709 -0.04946243 0.7649123 -0.6422326 -0.08681839 0.009921312 -0.9961748 -0.1323333 0.009998679 -0.9911549 -0.1363837 0.09910935 -0.985686 -0.07056343 0.09921288 -0.9925612 -0.06489676 -0.3187443 -0.9456165 -0.04590529 0.4544126 -0.8896078 -0.001787722 0.97444 -0.224641 -0.02309775 0.01738893 -0.999582 -0.04880309 0.01739305 -0.998657 0.02846801 0.9914385 -0.1274338 0.02751731 0.991275 -0.1289058 0.02262359 0.9912906 -0.1297349 0.02262657 0.9912909 -0.1297317 0.0203098 0.9912889 -0.1301309 0.02029246 0.9912864 -0.1301515 0.0132997 0.9912825 -0.1310805 0.01327538 0.9912797 -0.1311041 9.93333e-4 0.9912622 -0.1319023 9.4675e-4 0.9912559 -0.1319497 -0.01533478 0.9912596 -0.1310316 -0.01529175 0.9912647 -0.1309986 -0.02956402 0.9912648 -0.1285307 -0.02950346 0.9912728 -0.1284831 -0.03888028 0.991284 -0.1258744 -0.03884661 0.9912885 -0.1258494 -0.04162204 0.9912905 -0.1249432 -0.04162019 0.9912908 -0.1249418 -0.04089331 0.9912901 -0.1251865 -0.04091924 0.991285 -0.1252185 -0.03215342 0.9912747 -0.1278315 -0.03222191 0.9912637 -0.1278986 -0.01803165 0.991266 -0.1306393 -0.01797324 0.9912759 -0.1305723 -0.009328007 0.991286 -0.1313971 -0.009312927 0.9912895 -0.1313712 -0.006787598 0.9912904 -0.1315193 -0.006788551 0.99129 -0.1315217 -0.001092374 0.9912812 -0.1317598 -0.001151978 0.9912685 -0.1318541 0.01416242 0.9912545 -0.1312023 0.01420956 0.9912644 -0.1311221 0.02385532 0.9912879 -0.129535 0.02719825 0.9975985 -0.06369847 0.01157331 0.9977294 -0.06634837 0.0115717 0.9977295 -0.06634753 0.01036643 0.997729 -0.06655538 0.01037794 0.9977284 -0.06656211 0.006775677 0.9977272 -0.06704092 0.006789267 0.9977266 -0.06704938 4.62257e-4 0.9977219 -0.06746143 4.84203e-4 0.9977204 -0.06748348 -0.007804691 0.9977214 -0.0670157 -0.007820606 0.9977226 -0.06699633 -0.0150718 0.9977229 -0.06574243 -0.01508873 0.9977247 -0.06570935 -0.01985895 0.9977277 -0.06438171 -0.01986682 0.9977288 -0.06436163 -0.02128505 0.9977295 -0.06389856 -0.02128535 0.9977295 -0.06389766 -0.02092891 0.9977293 -0.06401771 -0.02092683 0.997728 -0.06403905 -0.01650047 0.9977254 -0.06535917 -0.01647913 0.9977225 -0.06541055 -0.009165704 0.9977228 -0.06682324 -0.00919193 0.9977256 -0.06677794 -0.004755795 0.9977282 -0.06720072 -0.004762768 0.9977291 -0.06718552 -0.003472268 0.9977294 -0.06726139 -0.003471791 0.9977293 -0.0672627 -6.27124e-4 0.997727 -0.06738215 -5.8919e-4 0.9977236 -0.06743413 0.007311642 0.9977197 -0.06709861 0.007267117 0.9977226 -0.06705921 0.02361589 -0.9863396 -0.1630237 0.1648465 0.01009881 -0.9862676 0.1801115 0.01033401 -0.9835919 0.1259379 -0.6716623 -0.730075 0.03940743 0.9023591 -0.4291797 0.08243447 0.0098899 -0.9965474 0.02161264 0.009871602 -0.9997178 0.01113784 0.9977288 -0.06643342 0.00357753 0.9997659 -0.02133905 0.00252062 0.9997847 -0.02059483 0.001848697 0.9997822 -0.02078855 0.0017789 0.9997852 -0.02064943 0.001628577 0.9997836 -0.02073758 0.00143069 0.9997837 -0.02075266 0.03976958 -0.8858631 -0.4622392 0.09049934 0.01861429 -0.9957225 0.1206498 0.01855766 -0.9925218 0.031273 0.8896399 -0.4555907 0.06555753 0.01998239 -0.9976487 0.08113968 0.0199368 -0.9965034 -0.06276988 0.865768 -0.4964935 -0.08716481 0.8610976 -0.5009125 -0.041027 0.860988 -0.5069679 -0.04101276 0.8610236 -0.5069087 0.01105958 0.8609489 -0.5085712 0.01107174 0.8610254 -0.5084414 0.06525301 0.8609092 -0.5045568 0.06523209 0.861096 -0.5042406 0.08729052 0.8612608 -0.5006099 0.08728778 0.8612812 -0.5005754 0.06603002 0.8610982 -0.5041329 0.06606674 0.8608074 -0.5046245 0.004042088 0.8609157 -0.5087317 0.004025042 0.8608068 -0.5089162 -0.05932009 0.8608602 -0.5053722 -0.05929237 0.8609341 -0.5052493 -0.1142345 0.8609248 -0.4957411 -0.1141684 0.8610545 -0.4955309 -0.1500959 0.8611898 -0.4856167 -0.150061 0.861248 -0.4855242 -0.1606032 0.8612725 -0.4820958 -0.1605954 0.861285 -0.4820759 -0.1577358 0.8612757 -0.4830358 -0.1577823 0.8611947 -0.483165 -0.1238889 0.8610559 -0.4931879 -0.1239499 0.8609314 -0.49339 -0.06970292 0.8609552 -0.5038827 -0.06966251 0.8610834 -0.5036693 -0.03603446 0.8612192 -0.5069547 -0.03602612 0.8612636 -0.5068799 -0.02618718 0.8612743 -0.5074651 -0.02618688 0.8612764 -0.5074616 -0.004024326 0.8611568 -0.5083237 -0.00404042 0.8609903 -0.5086055 0.05445039 0.8608043 -0.506015 0.05443853 0.8609378 -0.5057892 0.09198611 0.8612483 -0.4997899 0.09198111 0.8612749 -0.4997451 0.07289993 0.8610921 -0.5031959 0.07289928 0.8610978 -0.5031862 0.04356312 0.8612378 -0.5063318 0.04355949 0.8612728 -0.5062724 0.03479731 0.8612747 -0.5069468 0.03480076 0.8612312 -0.5070207 0.05557233 0.8612343 -0.5051608 0.0555672 0.8612755 -0.5050911 0.0598089 0.8612902 -0.5045812 0.06873273 0.2524576 -0.9651638 0.04982608 0.09423673 -0.9943022 0.05010765 0.01998805 -0.9985438 0.07162874 0.01993417 -0.9972321 0.0164963 -0.9816733 -0.1898568 0.09406381 0.01996123 -0.9953661 0.1176854 0.01994496 -0.9928506 0.1172543 0.101547 -0.9878966 0.1022331 0.3547025 -0.9293732 0.1086555 0.01987057 -0.9938809 0.0734387 0.01980555 -0.997103 0.04969471 0.9561429 -0.2886547 0.1305486 0.01405411 -0.9913423 0.07160609 0.01392179 -0.9973359 0.01114612 0.9977282 -0.06643986 0.008183598 0.9977285 -0.06686472 0.008179366 0.9977288 -0.06686109 0.00578159 0.9977287 -0.06711179 0.005778253 0.9977293 -0.0671041 0.004602789 0.9977293 -0.0671941 0.0046072 0.9977285 -0.06720691 0.007378399 0.9977287 -0.06695747 0.007372498 0.9977293 -0.06694859 0.007925689 0.9977295 -0.06688117 0.007926523 0.9977295 -0.06688261 0.006642997 0.9977292 -0.06702589 0.00664395 0.9977291 -0.06702715 0.005034208 0.9977293 -0.06716442 0.005033195 0.9977294 -0.06716257 0.003380417 0.9977288 -0.06727463 0.003378391 0.9977293 -0.06726813 0.004701077 0.9977273 -0.06721639 0.004738092 0.9977242 -0.06726008 0.01135063 0.9977236 -0.06647294 0.01139956 0.9977213 -0.06650078 0.01946061 0.9977208 -0.06461125 0.01886814 0.9977358 -0.06455564 -4.26369e-4 0.9971749 -0.07511472 0.01589637 0.997398 -0.07031786 0.389783 0.02390629 -0.9205964 0.2501269 -0.7400312 -0.624332 0.1859729 0.7229937 -0.6653528 0.2625024 -0.003255188 -0.964926 0.1841491 -0.003105044 -0.9828934 0.3888425 0.1176333 -0.9137636 0.3062555 -0.6014246 -0.7378998 0.1828398 0.7595421 -0.6242319 0.2789912 0.09916907 -0.9551594 0.1689353 0.09899997 -0.9806426 0.1689341 0.09887284 -0.9806556 0.07068467 0.09888088 -0.9925857 0.0706849 0.09908109 -0.9925658 0.04987031 0.09913742 -0.9938233 0.04987025 0.09921783 -0.9938153 0.08613699 0.09923237 -0.9913292 0.08614027 0.09871995 -0.99138 0.1171308 0.09873986 -0.9881957 0.1171272 0.09931546 -0.9881386 0.108803 0.09932911 -0.9890884 0.108805 0.09903544 -0.9891176 0.06814867 0.09903866 -0.9927473 0.06814908 0.09888762 -0.9927623 0.08529657 0.09883779 -0.9914413 0.08529514 0.09912383 -0.9914128 0.1426706 0.09904217 -0.9848025 0.1426715 0.09888547 -0.984818 0.1801044 0.0990206 -0.9786508 0.1663627 -0.3420015 -0.9248559 0.0453391 0.9057146 -0.4214563 0.1059928 0.09914791 -0.9894117 -0.00783652 0.09929746 -0.995027 -0.007838547 0.0990833 -0.9950484 -0.05124324 0.099123 -0.993755 -0.04545825 0.4144277 -0.9089463 -0.05717849 -0.3778172 -0.924113 -0.1566798 0.2377876 -0.9585973 -0.1586128 0.215674 -0.9634971 -0.07878869 0.2154785 -0.9733249 -0.07879436 0.2153071 -0.9733623 0.02119398 0.2152389 -0.9763314 0.02119493 0.2153285 -0.9763118 0.1251775 0.215241 -0.968505 0.1251792 0.2151392 -0.9685274 0.1677467 0.2152873 -0.9620357 0.1677417 0.2154791 -0.9619936 0.1269124 0.2153009 -0.9682658 0.126917 0.215069 -0.9683168 0.007810175 0.2151606 -0.9765475 0.007812201 0.2153341 -0.9765092 -0.1138832 0.2153907 -0.9698647 -0.1138931 0.2151647 -0.9699137 -0.2193335 0.2152009 -0.9516204 -0.219331 0.2152346 -0.9516134 -0.2883907 0.2153958 -0.9329714 -0.2883608 0.2158014 -0.9328868 -0.3086138 0.2157569 -0.9263944 -0.3086213 0.215669 -0.9264123 -0.3031036 0.2156664 -0.9282329 -0.3031268 0.215354 -0.9282979 -0.2378886 0.2152327 -0.9471451 -0.2378733 0.2154709 -0.9470948 -0.1338381 0.2155051 -0.9672875 -0.133841 0.2154279 -0.9673043 -0.06924623 0.2155627 -0.9740317 -0.06924128 0.2157732 -0.9739854 -0.05031883 0.2157825 -0.9751442 -0.05032169 0.2156269 -0.9751784 -0.007690668 0.2154984 -0.9764739 -0.007691979 0.2153576 -0.976505 0.1044483 0.2151787 -0.9709731 0.1044465 0.215222 -0.9709637 0.1767409 0.2154976 -0.9603767 0.176739 0.2155496 -0.9603655 0.1400097 0.2154033 -0.9664362 0.1400119 0.2153264 -0.966453 0.08370357 0.2154328 -0.9729248 0.08370012 0.2156507 -0.9728768 0.0668739 0.2156562 -0.9741767 0.06687659 0.2154253 -0.9742277 0.1067771 0.2153943 -0.970672 0.1067757 0.2154558 -0.9706585 0.1149414 0.2154594 -0.9697245 0.1149377 0.2156305 -0.9696871 0.08452939 0.215555 -0.9728263 0.08453148 0.2154299 -0.9728538 0.04893988 0.2154815 -0.9752808 0.04893928 0.2155623 -0.975263 0.06936347 0.215515 -0.974034 0.06936365 0.2155047 -0.9740362 0.1657807 0.2154715 -0.9623351 0.1657854 0.2153253 -0.9623669 0.2744979 0.2152172 -0.937194 0.2744939 0.2152839 -0.9371798 0.3828572 0.2154575 -0.8983311 0.3734315 0.3086895 -0.8747913 -0.1524686 0.3295992 -0.9317284 -0.1525517 0.3288369 -0.9319841 -0.07620686 0.3285889 -0.9413936 -0.07621335 0.3284723 -0.9414338 0.02050036 0.3283791 -0.9443235 0.02050101 0.3283992 -0.9443165 0.1210782 0.3282629 -0.9367943 0.121062 0.3287382 -0.9366297 0.1622163 0.3289682 -0.9303041 0.1622253 0.3287577 -0.930377 0.1227449 0.3285199 -0.9364873 0.1227513 0.3283408 -0.9365492 0.007556259 0.3284806 -0.9444805 0.007552027 0.3281984 -0.9445786 -0.1101627 0.328242 -0.9381479 -0.1101569 0.3283432 -0.9381131 -0.2121444 0.3283253 -0.9204333 -0.2121199 0.328584 -0.9203466 -0.2789021 0.3287707 -0.9022879 -0.2788994 0.3288056 -0.902276 -0.2984796 0.3288553 -0.8959711 -0.2985061 0.3286324 -0.8960441 -0.2931699 0.3286268 -0.8978062 -0.2931372 0.328917 -0.8977106 -0.2300555 0.328751 -0.9159679 -0.2301111 0.3281486 -0.91617 -0.1294685 0.3281695 -0.9357044 -0.129454 0.3284332 -0.9356139 -0.06697386 0.3286101 -0.9420881 -0.0669673 0.3288289 -0.9420122 -0.04866784 0.3288264 -0.9431356 -0.0486738 0.3285751 -0.9432229 -0.007439851 0.3284223 -0.9445017 -0.007442057 0.3282307 -0.9445683 0.1010369 0.3279811 -0.9392657 0.1010282 0.3282907 -0.9391585 0.1709364 0.3287072 -0.9288339 0.1709274 0.3288789 -0.9287747 0.1354107 0.3286434 -0.9346966 0.135405 0.3287867 -0.9346469 0.08094739 0.3289268 -0.9408798 0.08094942 0.3288519 -0.9409059 0.06467503 0.3288751 -0.9421563 0.0646761 0.3288304 -0.9421718 0.1032623 0.3288499 -0.9387198 0.1032603 0.3289137 -0.9386976 0.1111583 0.3288986 -0.9378004 0.1111584 0.3288916 -0.9378029 0.08175075 0.3288097 -0.9408512 0.0817539 0.3286951 -0.940891 0.04733318 0.3286792 -0.9432548 0.04733532 0.3285254 -0.9433084 0.06709372 0.3283716 -0.9421628 0.06709283 0.3284646 -0.9421304 0.1603483 0.3284692 -0.9308043 0.160358 0.3282508 -0.9308796 0.2654895 0.3284665 -0.9064355 0.2655078 0.3282937 -0.9064927 0.370991 0.3285564 -0.8685715 0.3570033 0.4218123 -0.8334404 -0.1454389 0.4304037 -0.8908424 -0.1444926 0.4370015 -0.887779 -0.07258975 0.4367039 -0.896672 -0.07257443 0.4369109 -0.8965723 0.01952451 0.4367942 -0.8993496 0.01952481 0.4368261 -0.8993341 0.115322 0.4366282 -0.8922202 0.1153039 0.4369906 -0.892045 0.1544834 0.4372448 -0.8859751 0.154485 0.4372131 -0.8859906 0.1168953 0.4369245 -0.8918702 0.1169242 0.4363654 -0.8921402 0.007192671 0.4365451 -0.8996537 0.007190942 0.4364545 -0.8996976 -0.1049233 0.4365406 -0.8935455 -0.104906 0.4367644 -0.8934382 -0.202035 0.4367769 -0.8765888 -0.2020249 0.4368537 -0.8765528 -0.2656207 0.4370496 -0.8593214 -0.2656 0.4371867 -0.8592581 -0.2842483 0.4372348 -0.853246 -0.284246 0.4372478 -0.8532401 -0.2791668 0.4372258 -0.8549265 -0.2792193 0.4368892 -0.8550816 -0.2191483 0.4366676 -0.8725225 -0.2191458 0.4366899 -0.872512 -0.1232932 0.436755 -0.8910914 -0.1232845 0.4368712 -0.8910356 -0.06377738 0.4371138 -0.8971421 -0.06377333 0.4372046 -0.8970983 -0.04634839 0.43722 -0.8981595 -0.04634177 0.4374331 -0.8980561 -0.007085204 0.437235 -0.8993194 -0.007092714 0.4367461 -0.8995569 0.09623199 0.4364389 -0.8945728 0.09622007 0.4367401 -0.8944271 0.1627772 0.4372454 -0.8844887 0.1627724 0.4373127 -0.8844562 0.1289581 0.437045 -0.8901469 0.1289632 0.4369514 -0.8901921 0.0770924 0.43716 -0.8960737 0.07709205 0.4371656 -0.896071 0.06159383 0.4371629 -0.8972707 0.06160002 0.4369553 -0.8973715 0.09834897 0.4370273 -0.8940551 0.09834516 0.4371316 -0.8940047 0.1058653 0.4371262 -0.893148 0.1058583 0.4372709 -0.893078 0.0778532 0.4371796 -0.8959982 0.07784658 0.4373515 -0.895915 0.04506957 0.4373611 -0.8981559 0.04506957 0.4373639 -0.8981545 0.06388467 0.4372156 -0.897085 0.06389772 0.436692 -0.8973391 0.1527281 0.4366215 -0.8865867 0.1527409 0.4364436 -0.886672 0.2528878 0.4365521 -0.8634061 0.2529273 0.4362275 -0.8635586 0.3550118 0.4361639 -0.8268783 0.3310078 0.5466924 -0.7691303 -0.1345312 0.541292 -0.8300027 -0.1350417 0.5388855 -0.8314843 -0.06798261 0.5385555 -0.839843 -0.06797611 0.5386293 -0.8397963 0.0182892 0.5385039 -0.8424246 0.01829159 0.5386236 -0.842348 0.1080242 0.5384227 -0.8357223 0.1079999 0.5387877 -0.8354903 0.144677 0.5390766 -0.829738 0.1446738 0.5391142 -0.8297141 0.1094732 0.5387998 -0.8352907 0.1095072 0.5383043 -0.8356055 0.006734728 0.5384997 -0.8425989 0.006730616 0.5383123 -0.8427187 -0.09827041 0.5384219 -0.8369259 -0.09825676 0.5385524 -0.8368434 -0.1892404 0.5385288 -0.8210815 -0.1892184 0.5386616 -0.8209996 -0.248767 0.5388957 -0.8048022 -0.2487617 0.5389231 -0.8047855 -0.2662289 0.5389568 -0.7991544 -0.2662121 0.5390334 -0.7991083 -0.2614583 0.5390143 -0.8006892 -0.261443 0.5390887 -0.8006442 -0.20521 0.5388443 -0.8170287 -0.2052552 0.5385746 -0.8171952 -0.1154735 0.5386455 -0.8345819 -0.1154609 0.5387641 -0.8345071 -0.05972737 0.5390039 -0.840183 -0.05972987 0.5389642 -0.8402083 -0.04340797 0.5389717 -0.8412048 -0.04340684 0.5389971 -0.8411886 -0.006642162 0.5387975 -0.8424091 -0.006642818 0.5387255 -0.8424552 0.0901342 0.538397 -0.8378571 0.09013378 0.5383959 -0.837858 0.1524653 0.5389125 -0.828449 0.1524612 0.5389539 -0.8284228 0.1207981 0.5386444 -0.8338286 0.120801 0.5386066 -0.8338526 0.0722081 0.5388463 -0.8393037 0.07220023 0.5390133 -0.8391972 0.05768167 0.5390553 -0.8402929 0.05768305 0.5390253 -0.8403122 0.09209984 0.5390353 -0.8372327 0.09209614 0.5390896 -0.8371981 0.09913778 0.5391138 -0.836378 0.09914422 0.5390087 -0.8364449 0.07291954 0.5388936 -0.8392118 0.07291734 0.5389392 -0.8391827 0.04221552 0.5389468 -0.8412814 0.04221552 0.538949 -0.8412799 0.05983734 0.5387836 -0.8403165 0.05983978 0.5387025 -0.8403682 0.1430383 0.538574 -0.8303483 0.1430404 0.5385447 -0.8303668 0.2368149 0.5386751 -0.8085468 0.2368102 0.5387051 -0.8085282 0.3330957 0.5385451 -0.7739615 0.3223652 0.5822014 -0.7464063 0.3398547 0.5690395 -0.7487943 0.3697443 0.5672956 -0.735843 -0.1220823 0.630573 -0.7664684 -0.1215091 0.632788 -0.764732 -0.06249725 0.63241 -0.7721087 -0.06249266 0.6324481 -0.7720778 0.01681864 0.6323215 -0.7745235 0.0168215 0.632431 -0.774434 0.09932637 0.6322274 -0.7683897 0.09930104 0.6325369 -0.7681384 0.1330038 0.6328217 -0.7627887 0.1329969 0.6328918 -0.7627318 0.1006376 0.6325845 -0.7679252 0.1006814 0.6320708 -0.7683423 0.006187617 0.632251 -0.7747391 0.006183683 0.6321288 -0.7748388 -0.09035116 0.6322097 -0.7695114 -0.0903455 0.6322536 -0.7694758 -0.1740034 0.6322357 -0.754984 -0.1739646 0.6324192 -0.7548392 -0.2286984 0.6326738 -0.739879 -0.2286648 0.6328011 -0.7397805 -0.2447189 0.6328423 -0.7345906 -0.244687 0.6329581 -0.7345015 -0.2403178 0.6329481 -0.7359512 -0.2403808 0.6327096 -0.7361357 -0.1886882 0.6324888 -0.7512356 -0.1887434 0.632233 -0.7514368 -0.1061823 0.6322609 -0.7674447 -0.1061567 0.6324611 -0.7672835 -0.05491316 0.6326869 -0.7724583 -0.05490481 0.6328064 -0.7723611 -0.03990185 0.6328296 -0.7732623 -0.03989928 0.632879 -0.7732221 -0.006106197 0.6326727 -0.7743952 -0.006115615 0.632296 -0.7747027 0.0828917 0.6319832 -0.7705363 0.08287 0.6323105 -0.7702701 0.1401386 0.6328753 -0.7614657 0.1401382 0.63288 -0.7614618 0.1110439 0.6325698 -0.7665017 0.1110398 0.6326138 -0.7664659 0.06636941 0.63285 -0.7714247 0.06636589 0.6329101 -0.7713758 0.05302131 0.6329157 -0.7724031 0.05302846 0.632771 -0.7725211 0.08466958 0.6327826 -0.7696865 0.08466804 0.632808 -0.7696658 0.09113812 0.6328399 -0.7689002 0.09114027 0.6328153 -0.7689203 0.06703484 0.6327064 -0.771485 0.06703412 0.6327232 -0.7714713 0.03880828 0.6327558 -0.7733784 0.0388062 0.6328188 -0.7733269 0.05500632 0.6326442 -0.7724867 0.05501377 0.6324477 -0.7726471 0.1315083 0.6323701 -0.7634224 0.1315302 0.6321804 -0.7635757 0.2177709 0.6322587 -0.7435219 0.2177836 0.6321784 -0.7435864 0.3072879 0.6319386 -0.7114969 0.3072213 0.6321717 -0.7113186 0.3420974 0.6328317 -0.6946175 0.3448724 0.6352498 -0.6910288 -0.1129463 0.6925266 -0.7124957 -0.1059688 0.7169979 -0.6889737 -0.05626916 0.7166177 -0.6951928 -0.0562703 0.7166121 -0.6951984 0.0151484 0.7165014 -0.6974212 0.01515579 0.7166799 -0.6972376 0.08943581 0.7165039 -0.6918261 0.08940261 0.7168433 -0.6914789 0.1197236 0.7170984 -0.6866121 0.1197241 0.7170956 -0.6866149 0.09059393 0.7168081 -0.6913601 0.09064692 0.7162984 -0.6918814 0.005567133 0.7164736 -0.697592 0.005562126 0.7163614 -0.6977074 -0.081353 0.7164433 -0.6928858 -0.081326 0.7165957 -0.6927314 -0.1566456 0.7165759 -0.679692 -0.1565981 0.7167502 -0.6795192 -0.2058662 0.7169616 -0.666022 -0.2058336 0.717058 -0.6659282 -0.220285 0.7170917 -0.6612518 -0.220294 0.7170653 -0.6612775 -0.216364 0.7170534 -0.6625868 -0.2163936 0.7169654 -0.6626723 -0.1698784 0.716742 -0.6763301 -0.1699382 0.7165247 -0.6765453 -0.09559386 0.7165644 -0.6909396 -0.09555369 0.7168034 -0.690697 -0.04942655 0.7170198 -0.6952983 -0.04941838 0.7171074 -0.6952084 -0.03591549 0.7171214 -0.6960222 -0.03592091 0.7170444 -0.6961014 -0.005504131 0.7168596 -0.6971958 -0.005509257 0.7167029 -0.6973569 0.07463026 0.7164095 -0.6936771 0.07461738 0.7165635 -0.6935194 0.1261591 0.7170552 -0.685504 0.1261477 0.7171271 -0.685431 0.09996479 0.7168555 -0.6900184 0.09996426 0.7168624 -0.6900113 0.05974471 0.7170878 -0.6944176 0.05975103 0.7170051 -0.6945024 0.04773634 0.7170099 -0.6954267 0.04773539 0.7170227 -0.6954135 0.07621848 0.7170369 -0.6928556 0.07621932 0.7170307 -0.692862 0.08204376 0.7170479 -0.6921786 0.08203947 0.7170911 -0.6921343 0.06034117 0.7170102 -0.694446 0.06033974 0.717033 -0.6944227 0.03493314 0.7170509 -0.6961448 0.03493177 0.717083 -0.6961119 0.04951292 0.7169284 -0.6953864 0.04952365 0.7167016 -0.6956194 0.1183983 0.7166203 -0.6873407 0.118422 0.7164506 -0.6875135 0.1960559 0.7165652 -0.6694001 0.196078 0.7164754 -0.6694898 0.2766659 0.7163258 -0.6405726 0.2765762 0.7165686 -0.6403399 0.3070394 0.717123 -0.6256687 0.3038999 0.7334365 -0.6080427 -0.08989602 0.8067454 -0.5840212 -0.1037977 0.7963705 -0.5958358 -0.04880911 0.7962313 -0.6030202 -0.04879444 0.7962858 -0.6029496 0.0131486 0.7961872 -0.6049075 0.01315337 0.7962354 -0.604844 0.07760041 0.7960798 -0.600196 0.07756787 0.7963958 -0.5997808 0.1038376 0.7966121 -0.5955058 0.1038383 0.7966074 -0.5955117 0.0785675 0.7963709 -0.5996838 0.07861006 0.7959924 -0.6001806 0.004823565 0.7961359 -0.6050986 0.004809617 0.7959883 -0.605293 -0.07056748 0.79606 -0.6010898 -0.07053893 0.796167 -0.6009513 -0.1358853 0.7961524 -0.589641 -0.1358255 0.7963122 -0.589439 -0.1785576 0.7964923 -0.5776827 -0.1785225 0.7965694 -0.5775871 -0.1910576 0.7966035 -0.5735155 -0.1910637 0.7965902 -0.5735319 -0.1876583 0.7965758 -0.574675 -0.1876846 0.7965165 -0.5747486 -0.1473544 0.7963323 -0.5866359 -0.1474153 0.7961674 -0.5868444 -0.08291184 0.796206 -0.5993176 -0.08288139 0.7963351 -0.5991503 -0.04287064 0.7965164 -0.6030952 -0.04286289 0.7965731 -0.6030208 -0.03115361 0.7965891 -0.6037179 -0.03115534 0.7965734 -0.6037386 -0.004777312 0.796418 -0.6047277 -0.004789769 0.7962222 -0.6049855 0.0647543 0.7959822 -0.6018467 0.06474238 0.7961239 -0.6016603 0.1094337 0.7965317 -0.5946105 0.1094208 0.7966021 -0.5945184 0.08671766 0.7963577 -0.5985772 0.08671641 0.7963678 -0.598564 0.05182296 0.7965467 -0.6023519 0.05181849 0.7965976 -0.602285 0.04139786 0.7966003 -0.6030872 0.04140222 0.7965363 -0.6031714 0.06610888 0.7965442 -0.6009551 0.06610405 0.7965894 -0.6008958 0.07115375 0.796606 -0.6002966 0.07115346 0.7966115 -0.6002894 0.05233752 0.7965298 -0.6023296 0.05233657 0.7965397 -0.6023169 0.03030049 0.7965459 -0.6038184 0.03029781 0.796602 -0.6037445 0.04294019 0.7964723 -0.6031485 0.04294896 0.7962651 -0.6034213 0.1027024 0.796202 -0.5962505 0.1027233 0.7960651 -0.5964298 0.1700701 0.7961636 -0.580689 0.1700846 0.7961173 -0.5807483 0.2400054 0.7960081 -0.5556696 0.2399548 0.7961282 -0.5555192 0.2699667 0.7965877 -0.5408937 0.269973 0.796925 -0.5403935 0.05981206 0.8612654 -0.5046232 0.05013549 0.8612499 -0.5057027 0.03372901 0.9209702 -0.3881704 0.03796184 0.861276 -0.5067174 0.02547043 0.861247 -0.5075482 0.02546942 0.8612646 -0.5075181 0.03608906 0.8611645 -0.5070437 0.03609478 0.8610244 -0.5072813 0.08633476 0.8609704 -0.5012749 0.08634722 0.8608924 -0.5014068 0.142967 0.8609671 -0.4881558 0.1429895 0.8609018 -0.4882643 0.2018075 0.86081 -0.4672044 0.2017452 0.8609285 -0.4670131 0.2261422 0.8612723 -0.4550493 0.2247868 0.8674531 -0.4438423 -0.03356683 0.9038971 -0.4264311 -0.02999484 0.908286 -0.4172732 0.009113371 0.9081711 -0.4184999 0.009128987 0.9082188 -0.4183964 0.05371588 0.9081335 -0.4152207 0.05370378 0.9082859 -0.4148887 0.07182192 0.9084026 -0.4118816 0.07182198 0.9084015 -0.4118838 0.05431222 0.908271 -0.4148421 0.0543341 0.9080682 -0.4152831 0.003311097 0.9081438 -0.4186453 0.003290712 0.9080766 -0.4187913 -0.04880344 0.9081137 -0.41587 -0.04877012 0.9081714 -0.4157481 -0.09398436 0.9081652 -0.4079253 -0.09392708 0.9082445 -0.4077618 -0.1234973 0.9083426 -0.3995774 -0.1234614 0.9083855 -0.3994914 -0.1321414 0.908404 -0.3966621 -0.1321401 0.9084051 -0.39666 -0.1297906 0.9083997 -0.3974477 -0.129828 0.9083511 -0.3975464 -0.1019499 0.9082503 -0.4058173 -0.1020061 0.9081674 -0.4059885 -0.0573461 0.9081854 -0.4146212 -0.05731159 0.9082606 -0.4144613 -0.02964782 0.9083592 -0.4171386 -0.02963882 0.9083907 -0.4170706 -0.02154707 0.9083993 -0.4175484 -0.02154678 0.9084005 -0.4175456 -0.00332266 0.9083163 -0.4182708 -0.003341555 0.9082092 -0.4185033 0.04481768 0.9080762 -0.4164002 0.04481351 0.9081491 -0.4162416 0.07569372 0.9083723 -0.4112545 0.07568818 0.9084001 -0.4111944 0.05998831 0.9082665 -0.4140695 0.05998653 0.9082779 -0.4140444 0.03584516 0.9083772 -0.4166126 0.03584343 0.908394 -0.4165762 0.02863097 0.9083954 -0.4171307 0.02863311 0.9083697 -0.4171866 0.04572749 0.9083746 -0.4156498 0.04572588 0.9083881 -0.4156203 0.04921281 0.9083984 -0.4151994 0.04921203 0.908405 -0.4151853 0.04124933 0.908396 -0.4160712 0.04124939 0.9083945 -0.4160745 0.03123569 0.9083998 -0.4169343 0.03123527 0.908405 -0.4169232 0.02095752 0.9083839 -0.4176117 0.02095693 0.9083958 -0.4175859 0.02968609 0.908324 -0.4172129 0.02968579 0.9082299 -0.4174173 0.07103341 0.9081923 -0.4124816 0.07104402 0.9081201 -0.4126386 0.1176472 0.9081704 -0.4017283 0.1176586 0.9081359 -0.401803 0.1660977 0.9080616 -0.3844943 0.1660398 0.9081592 -0.3842886 0.187126 0.9084046 -0.3738784 0.1666601 0.9278194 -0.3337299 0.04298561 0.960404 -0.275275 0.03210437 0.9481867 -0.3160877 0.002498745 0.9480921 -0.3179862 0.002463042 0.9480532 -0.3181023 -0.03705477 0.9480754 -0.3158796 -0.03701353 0.9481068 -0.3157905 -0.07137298 0.9481031 -0.309849 -0.07130807 0.9481504 -0.3097193 -0.09378993 0.9482101 -0.3034816 -0.09374964 0.9482373 -0.3034091 -0.1003575 0.948248 -0.3012544 -0.1003555 0.9482492 -0.3012513 -0.098576 0.9482457 -0.3018495 -0.09860879 0.9482188 -0.3019229 -0.07744032 0.9481595 -0.3082153 -0.07750803 0.9481024 -0.3083741 -0.04354906 0.9481135 -0.3149358 -0.04350274 0.9481644 -0.3147887 -0.02251368 0.9482231 -0.3168061 -0.02250212 0.9482424 -0.3167493 -0.01636397 0.948247 -0.3171119 -0.01636469 0.9482456 -0.3171162 -0.002536416 0.9481948 -0.3176797 -0.002570271 0.9481277 -0.3178797 0.03405332 0.9480486 -0.316298 0.03406524 0.9481005 -0.316141 0.05748957 0.948234 -0.3123258 0.05749028 0.948251 -0.312274 0.04556131 0.9481707 -0.3144784 0.04556125 0.9481739 -0.3144687 0.02722436 0.9482334 -0.3164052 0.02722436 0.9482468 -0.3163653 0.02174222 0.9482479 -0.3167857 0.0217424 0.948229 -0.3168423 0.03473001 0.9482319 -0.3156739 0.03473043 0.948244 -0.3156377 0.03737473 0.9482496 -0.3153188 0.03737467 0.948247 -0.3153264 0.03132808 0.9482417 -0.3160004 0.0313279 0.948241 -0.3160026 0.02372306 0.9482454 -0.3166514 0.0237233 0.9482474 -0.3166453 0.01591747 0.9482349 -0.3171709 0.01591789 0.9482442 -0.3171432 0.02253502 0.9482014 -0.3168694 0.02251923 0.9481412 -0.3170508 0.05394184 0.9481192 -0.3133056 0.05393457 0.9480797 -0.3134262 0.08934932 0.9481108 -0.3051272 0.08934819 0.9480904 -0.305191 0.1261801 0.9480473 -0.2920359 0.1261597 0.9481047 -0.2918581 0.1356086 0.948228 -0.2871831 0.1349292 0.9494989 -0.2832773 0.004568278 0.9642506 -0.2649528 0.01439225 0.9758852 -0.2178096 0.02810734 0.9758055 -0.2168266 0.02816283 0.9758515 -0.2166116 0.03749823 0.9758848 -0.2150415 0.03749918 0.9758853 -0.2150388 0.03368198 0.9758796 -0.2156957 0.03366899 0.9758731 -0.2157273 0.02206748 0.9758628 -0.2172673 0.02204799 0.9758552 -0.2173026 0.001692771 0.975809 -0.2186188 0.001646995 0.9757904 -0.2187021 -0.02545493 0.9758007 -0.2171753 -0.0254091 0.9758156 -0.2171138 -0.04904597 0.9758147 -0.2130264 -0.0489785 0.9758378 -0.2129361 -0.06446456 0.9758675 -0.2086316 -0.06442832 0.9758796 -0.2085858 -0.06899011 0.9758849 -0.2070973 -0.06898987 0.9758849 -0.2070969 -0.06777226 0.9758831 -0.207507 -0.06780076 0.9758703 -0.2075582 -0.05325716 0.9758415 -0.2118895 -0.05332487 0.9758133 -0.2120024 -0.0299229 0.9758187 -0.216524 -0.02987116 0.9758442 -0.216416 -0.01547211 0.9758722 -0.2177935 -0.01545834 0.9758821 -0.2177506 -0.01124972 0.9758843 -0.2179985 -0.01125091 0.9758833 -0.2180033 -0.001765906 0.9758586 -0.2183964 -0.001811861 0.9758259 -0.2185422 0.02343231 0.9757874 -0.2174625 0.02346086 0.9758132 -0.2173435 0.03952842 0.9758777 -0.21471 0.03953474 0.9758852 -0.2146744 0.03132408 0.9758459 -0.2162023 0.03132522 0.9758489 -0.216189 0.01871776 0.9758778 -0.2175136 0.01871949 0.9758836 -0.2174878 0.01494437 0.9758841 -0.2177774 0.01494216 0.975875 -0.2178181 0.02387869 0.9758763 -0.2170148 0.02388203 0.9758828 -0.2169849 0.02569252 0.9758855 -0.2167658 0.02569186 0.9758843 -0.2167714 0.02153629 0.9758818 -0.2172349 0.02153569 0.975881 -0.2172384 0.01630908 0.9758828 -0.2176849 0.01631021 0.9758845 -0.2176772 0.01094371 0.9758787 -0.2180393 0.01094508 0.9758832 -0.218019 0.01547235 0.9758623 -0.2178381 0.01544147 0.9758329 -0.2179719 0.03706586 0.9758227 -0.2153981 0.03703999 0.9758017 -0.2154971 0.06141614 0.9758176 -0.2097816 0.06140273 0.9758075 -0.2098322 0.08678603 0.9757865 -0.2007711 0.0868048 0.975815 -0.200624 0.09688985 0.9758857 -0.1956003 0.08575743 0.9668806 -0.2403911 0.003518521 0.9997885 -0.02026873 0.003773927 0.9997836 -0.0204612 0.01221829 0.9977287 -0.06624335 0.01220637 0.9977295 -0.06623381 0.02386778 0.9912908 -0.1295104 0.02179205 0.991288 -0.1298981 0.01842629 0.9917101 -0.1271682 0.01599353 0.9912881 -0.1307368 0.01129496 0.991288 -0.131228 0.01129847 0.99129 -0.1312112 0.009012997 0.9912903 -0.1313865 0.009008646 0.9912869 -0.1314122 0.01441013 0.9912874 -0.1309263 0.01441597 0.9912897 -0.1309084 0.01549971 0.9912907 -0.1307771 0.01549911 0.9912905 -0.1307787 0.01299232 0.9912896 -0.1310587 0.01299124 0.9912891 -0.1310616 0.009840369 0.9912899 -0.1313303 0.00984168 0.9912903 -0.1313263 0.006603837 0.9912881 -0.1315456 0.006606042 0.9912898 -0.1315333 0.009310424 0.9912824 -0.1314262 0.009264469 0.9912711 -0.1315143 0.02233755 0.9912678 -0.1299592 0.02228981 0.9912595 -0.1300302 0.03703832 0.9912658 -0.1265713 0.03700661 0.9912615 -0.1266146 0.05240535 0.9912537 -0.1211197 0.04459846 0.989807 -0.135252 0.04441803 0.9897965 -0.1353881 0.05981826 0.9960901 -0.0650106 -0.1126353 -0.02995103 0.9931849 0.06039273 -0.01207923 0.9981017 0.100719 -0.0193547 0.9947267 0.00568217 -0.9999742 0.004415214 0.64578 -0.005957007 0.7635003 -5.01388e-5 -0.9999987 0.001643061 3.18262e-5 -0.9999994 0.001204371 -0.001119434 -0.9998286 0.01848155 0.001222729 -0.999575 0.02912819 -0.002952635 -0.9948056 0.1017509 -0.01279729 -0.8023091 0.5967717 -0.009696125 -0.884423 0.4665855 -0.01065242 -0.8666694 0.4987692 -0.008193969 -0.9229434 0.3848487 -0.008640706 -0.9168839 0.3990605 -0.005983829 -0.9605597 0.2780094 -0.006426453 -0.9571919 0.2893829 -0.004124283 -0.9817513 0.1901248 -0.005766034 -0.9723709 0.2333704 -0.003154098 -0.9867164 0.1624218 -0.02022159 -0.04751431 0.9986659 -0.01961237 -0.1312423 0.9911563 -0.01998144 -0.1214954 0.9923909 -0.01969331 -0.2203412 0.9752241 -0.01962101 -0.2240529 0.9743795 -0.01933228 -0.3187075 0.947656 -0.01914805 -0.3300006 0.9437866 -0.01850473 -0.4331382 0.9011375 -0.01844167 -0.4365492 0.8994915 -0.01700937 -0.5602801 0.8281286 -0.01750314 -0.5388725 0.8422055 -0.01548087 -0.6572557 0.7535087 -0.01607269 -0.6339995 0.7731665 -0.01438647 -0.7212901 0.6924837 -0.0143209 -0.7236113 0.6900591 -0.01355242 -0.7614855 0.6480404 -0.01184087 -0.8238611 0.5666681 0.6454012 -0.05886435 0.7615723 0.1529436 -0.9723613 0.1764137 0.1625632 -0.9687312 0.1874389 0.1892482 -0.9571483 0.2192083 0.2213182 -0.9409922 0.2560316 0.2609329 -0.9166662 0.3027163 0.2843676 -0.9002423 0.3296952 0.3255545 -0.8665125 0.3783786 0.3446148 -0.8490489 0.4004457 0.3892399 -0.8019767 0.4531288 0.4095615 -0.7778838 0.4766092 0.4496038 -0.7231697 0.5242919 0.484988 -0.6670993 0.565478 0.5029754 -0.6341459 0.5872605 0.5325727 -0.5738468 0.6221466 0.5478928 -0.5378904 0.6406928 0.5673426 -0.4878447 0.6634229 0.5844667 -0.4355595 0.684607 0.6028988 -0.371087 0.7062632 0.6122835 -0.330019 0.7184681 0.6247662 -0.2684485 0.7332139 0.6314055 -0.2238583 0.7424383 0.6355394 -0.1951153 0.7470072 0.6423603 -0.1211975 0.7567592 0.6401234 -0.1402055 0.7553704 0.6441833 -0.09488272 0.7589632 0.1063111 -0.9866926 0.1230278 0.1245989 -0.9817358 0.1437708 0.1352078 -0.9784778 0.1558852 0.004010736 -0.9999818 0.004527449 0.006709158 -0.9999479 0.007711827 0.01183485 -0.9998242 0.01453971 0.01762843 -0.9995778 0.02310031 0.03029954 -0.9989109 0.03548324 0.08454912 -0.9917306 0.09654957 0.001264035 -0.9999983 0.00138247 0.001682639 -0.9999983 6.8793e-4 0.001090466 -0.9999987 0.001231193 0.001092195 -0.9999986 0.001232922 9.35185e-4 -0.9999986 0.00135535 7.69879e-4 -0.9999987 0.001455605 5.98459e-4 -0.9999987 0.001533508 4.33337e-4 -0.9999988 0.00158751 3.05495e-4 -0.9999986 0.001616477 2.7119e-4 -0.9999987 0.001621246 2.66497e-4 -0.9999988 0.001623034 1.82977e-4 -0.9999986 0.00163412 1.72053e-4 -0.9999988 0.00163424 1.01456e-4 -0.9999988 0.001641988 9.87921e-5 -0.9999987 0.001641273 4.73064e-5 -0.9999988 0.001642882 -6.45119e-7 -0.9999987 0.001643657 -6.06199e-5 -0.9999987 0.001643478 -1.76119e-4 -0.9999986 0.00163424 -1.01053e-4 -0.9999988 0.001641035 9.35262e-4 -0.9999986 0.001355051 0.01653212 -0.9995763 0.02395898 0.01653093 -0.9995763 0.02395612 0.09242379 -0.9866707 0.1339363 0.09238725 -0.9866813 0.1338831 0.1331144 -0.9721432 0.1929203 0.133225 -0.9721053 0.1930348 0.1645293 -0.9571223 0.2384259 0.1646622 -0.9570522 0.2386158 0.2271186 -0.9165619 0.3291376 0.2268983 -0.9167373 0.3288006 0.2836739 -0.866338 0.4110811 0.2836406 -0.8663706 0.4110357 0.3393323 -0.801906 0.491732 0.3392224 -0.8020413 0.4915874 0.3923943 -0.7229769 0.5686222 0.3925216 -0.7227528 0.5688192 0.4395167 -0.6333684 0.6369221 0.4394534 -0.6335197 0.6368153 0.4787643 -0.5379825 0.6938009 0.4787614 -0.5380014 0.6937882 0.5111204 -0.4360501 0.7406864 0.5110431 -0.4363587 0.7405579 0.5362015 -0.3297575 0.7770123 0.5363125 -0.3291849 0.7771784 0.5535256 -0.2240575 0.8021271 0.5535662 -0.2237365 0.8021886 0.5637753 -0.1212303 0.8169827 0.5637684 -0.1213266 0.8169732 7.69671e-4 -0.9999987 0.001455008 0.01360893 -0.9995763 0.02573239 0.01360738 -0.9995765 0.02572649 0.07606548 -0.9866771 0.1438137 0.07604837 -0.9866836 0.143778 0.1093881 -0.9722427 0.2068299 0.1096914 -0.9720866 0.2074018 0.135582 -0.9570313 0.2563372 0.1355125 -0.9570773 0.2562021 0.1868737 -0.916653 0.3533068 0.1867873 -0.9167339 0.3531421 0.2335438 -0.8663135 0.4415407 0.233412 -0.8664746 0.4412943 0.2791094 -0.8022775 0.5276826 0.2795315 -0.8015952 0.5284953 0.3231281 -0.7227579 0.6109085 0.3229402 -0.7231393 0.6105566 0.3619123 -0.633116 0.6842395 0.3614919 -0.6342202 0.6834387 0.3941667 -0.5378637 0.7452083 0.394133 -0.5379831 0.7451398 0.4206457 -0.4365759 0.7952728 0.4207251 -0.4362195 0.7954263 0.4414564 -0.3294284 0.8346216 0.4413516 -0.330091 0.8344151 0.4556849 -0.2239408 0.8615115 0.4557299 -0.2234815 0.861607 0.4641073 -0.1212175 0.8774456 0.4641079 -0.1212688 0.8774382 5.98319e-4 -0.9999988 0.001532852 0.01057922 -0.9995764 0.02711552 0.01057749 -0.9995766 0.02710676 0.05913662 -0.9866803 0.1515421 0.05913358 -0.9866816 0.1515341 0.08513796 -0.9721931 0.2181566 0.0848639 -0.9723674 0.2174852 0.1053706 -0.9570722 0.2700182 0.1053407 -0.9570969 0.2699423 0.1453448 -0.9165984 0.3724545 0.1452332 -0.9167318 0.3721694 0.1814889 -0.8664755 0.4650613 0.1814491 -0.8665255 0.4649838 0.2173371 -0.8016281 0.5569174 0.2172234 -0.8018462 0.5566477 0.2511811 -0.7229311 0.6436449 0.2512614 -0.7227131 0.6438584 0.281082 -0.6341891 0.7202758 0.2810689 -0.6342354 0.7202401 0.3065212 -0.5376766 0.7854609 0.3063743 -0.5382988 0.785092 0.3271985 -0.4358399 0.838442 0.3271771 -0.4359756 0.8383796 0.34318 -0.3299797 0.8793981 0.3432093 -0.3297615 0.8794685 0.3543437 -0.2235696 0.9079963 0.3543346 -0.223695 0.907969 0.3608614 -0.1213229 0.9246945 0.360861 -0.1213193 0.9246951 1.01433e-4 -0.9999988 0.001640558 0.001793682 -0.9995773 0.02901756 0.001793801 -0.9995777 0.02900677 0.01003193 -0.9867044 0.1622157 0.01002711 -0.9867193 0.1621251 0.01436471 -0.9725333 0.2323204 0.01441156 -0.9723759 0.2329753 0.01787596 -0.9571523 0.2890329 0.01786482 -0.9572094 0.2888443 0.02464967 -0.9168203 0.3985387 0.02465146 -0.9168105 0.3985613 0.0308066 -0.8665803 0.4980859 0.03079342 -0.8667084 0.4978638 0.03685361 -0.8022522 0.5958467 0.03684067 -0.8024104 0.5956344 0.04262059 -0.7234389 0.6890715 0.04263341 -0.7232203 0.6893003 0.04773527 -0.6341035 0.7717735 0.04770588 -0.6346922 0.7712912 0.05202484 -0.5383744 0.8410984 0.05202436 -0.5383805 0.8410945 0.05554115 -0.4365571 0.8979606 0.05553919 -0.4366342 0.8979232 0.05827534 -0.3300749 0.9421543 0.05827504 -0.3300698 0.9421561 0.06016504 -0.2240975 0.9727079 0.06016486 -0.2241193 0.9727029 0.0612781 -0.1214362 0.990706 0.06127858 -0.1215357 0.9906938 0.05585277 0.03309124 0.9978905 0.05546927 -0.1215354 0.991036 0.05546951 -0.121547 0.9910346 0.05446302 -0.2240561 0.9730533 0.05446231 -0.2241233 0.9730378 0.05274444 -0.3304723 0.9423409 0.05275124 -0.3300687 0.9424819 0.05029302 -0.4359472 0.898566 0.05027461 -0.4366865 0.8982079 0.04707688 -0.538865 0.8410757 0.04709255 -0.5384077 0.8413676 0.04319089 -0.6345537 0.7716709 0.04318493 -0.6347149 0.7715389 0.0385915 -0.7232545 0.6895025 0.03859078 -0.7232761 0.6894799 0.03334987 -0.8024205 0.5958266 0.03334957 -0.8024086 0.5958425 0.02786833 -0.8667836 0.4979051 0.02787399 -0.8667246 0.4980076 0.02230548 -0.9168878 0.3985214 0.02231413 -0.9168179 0.3986817 0.01617807 -0.9571772 0.2890504 0.01617145 -0.9572173 0.2889181 0.01295626 -0.9727373 0.2315478 0.01304119 -0.9724099 0.2329139 0.009077727 -0.9867179 0.1621893 0.009076714 -0.9867211 0.1621703 0.001623868 -0.9995778 0.02901309 0.001623868 -0.9995777 0.02901375 9.187e-5 -0.9999987 0.001642405 9.18673e-5 -0.9999987 0.001641273 4.73049e-5 -0.9999988 0.001643478 8.36191e-4 -0.9995777 0.02905082 8.36207e-4 -0.9995776 0.02905064 0.004674017 -0.9867174 0.1623789 0.004674434 -0.9867124 0.1624095 0.006713807 -0.9723905 0.2332633 0.006684541 -0.9726286 0.2322695 0.008328735 -0.957186 0.2893539 0.00832802 -0.9571946 0.2893252 0.01148813 -0.9168342 0.3991028 0.01149177 -0.916765 0.3992616 0.0143494 -0.8667466 0.4985424 0.01435124 -0.8667017 0.4986203 0.0171687 -0.8024202 0.5965126 0.01716911 -0.8024067 0.5965306 0.01986652 -0.7233006 0.6902474 0.01986557 -0.7233551 0.6901904 0.02224576 -0.6341378 0.7729 0.02224248 -0.6342959 0.7727704 0.02423363 -0.5390358 0.8419342 0.02423965 -0.5385814 0.8422248 0.02588886 -0.4361034 0.8995241 0.02588242 -0.4368445 0.8991647 0.02715945 -0.3301132 0.9435506 0.027161 -0.3297773 0.943668 0.02803659 -0.2244594 0.9740801 0.02803534 -0.2242078 0.9741381 0.02855521 -0.1213885 0.9921943 0.02855795 -0.1215555 0.9921738 -6.45028e-7 -0.9999988 0.001644015 -1.1401e-5 -0.9995778 0.02905786 -1.13983e-5 -0.9995778 0.02905744 -6.37369e-5 -0.9867168 0.1624506 -6.35909e-5 -0.9867209 0.1624254 -9.09623e-5 -0.9726657 0.2322098 -9.16311e-5 -0.9723157 0.233671 -1.13518e-4 -0.9572086 0.2893987 -1.13515e-4 -0.9572097 0.2893956 -1.56654e-4 -0.9167886 0.3993728 -1.56259e-4 -0.9169008 0.3991152 -1.95292e-4 -0.8667399 0.4987603 -1.95288e-4 -0.866737 0.4987655 -2.33645e-4 -0.8024638 0.5967009 -2.34168e-4 -0.8021357 0.5971419 -2.70798e-4 -0.7233934 0.6904361 -2.70207e-4 -0.7238442 0.6899635 -3.02676e-4 -0.6343464 0.773049 -3.02675e-4 -0.6343514 0.7730449 -3.29846e-4 -0.5386494 0.8425299 -3.29915e-4 -0.5386454 0.8425325 -3.52212e-4 -0.4369012 0.8995095 -3.52873e-4 -0.4363338 0.8997849 -3.70281e-4 -0.3298261 0.9440417 -3.69493e-4 -0.3302898 0.9438796 -3.81487e-4 -0.2242458 0.9745326 -3.81598e-4 -0.2242467 0.9745324 -3.88588e-4 -0.1215773 0.9925819 -3.8935e-4 -0.121424 0.9926006 -6.06266e-5 -0.9999987 0.001644015 -0.001071572 -0.9995775 0.029051 -0.001071751 -0.9995774 0.02905285 -0.005990445 -0.9867095 0.1623839 -0.00599265 -0.9867016 0.1624316 -0.008616983 -0.9723114 0.2335301 -0.00859636 -0.9724338 0.2330209 -0.01067388 -0.9571715 0.2893248 -0.01067596 -0.9571574 0.2893714 -0.01472032 -0.9168356 0.3989936 -0.01471835 -0.9168559 0.398947 -0.01839435 -0.8666502 0.4985772 -0.01840245 -0.8665292 0.498787 -0.0220226 -0.8020046 0.5969119 -0.02200388 -0.8023545 0.5964421 -0.02544271 -0.7236955 0.6896504 -0.02546519 -0.7231628 0.690208 -0.02850675 -0.634168 0.7726697 -0.02849668 -0.6344885 0.7724069 -0.03106683 -0.5384785 0.8420664 -0.03107488 -0.5381578 0.842271 -0.03317779 -0.4361565 0.899259 -0.03317171 -0.4364183 0.8991323 -0.03480112 -0.3301636 0.943282 -0.03480499 -0.3299183 0.9433678 -0.03593105 -0.2241463 0.973893 -0.03592878 -0.2243346 0.9738497 -0.0365957 -0.1213691 0.9919327 -0.03659594 -0.1213472 0.9919354 -0.09972828 -0.07680654 0.9920459 -0.09928315 -0.1214592 0.9876187 -0.09928548 -0.1213648 0.9876301 -0.09748083 -0.2240911 0.9696807 -0.09747314 -0.2243491 0.9696219 -0.09442192 -0.3299481 0.9392651 -0.09442305 -0.32991 0.9392784 -0.08996868 -0.4369637 0.8949684 -0.0899949 -0.4364832 0.8952002 -0.08430057 -0.5382206 0.8385774 -0.08430254 -0.5382065 0.8385863 -0.07730394 -0.634592 0.7689715 -0.07731252 -0.6344969 0.7690492 -0.06905281 -0.7234742 0.6868894 -0.06908184 -0.7231878 0.6871879 -0.05968976 -0.8024375 0.5937435 -0.05969405 -0.8024029 0.5937896 -0.04992097 -0.8665537 0.496581 -0.04992413 -0.8665394 0.4966056 -0.03992116 -0.9169068 0.3970999 -0.03992784 -0.9168738 0.3971754 -0.02895879 -0.9571751 0.2880576 -0.02896273 -0.9571638 0.2880951 -0.02322983 -0.9726456 0.2311297 -0.0233193 -0.97245 0.2319422 -0.01625198 -0.9867131 0.1616576 -0.01625782 -0.9867039 0.1617132 -0.002906978 -0.9995777 0.02891492 -0.002908527 -0.9995774 0.02892404 -1.64506e-4 -0.9999988 0.001635849 -1.64557e-4 -0.9999987 0.00163567 -1.76173e-4 -0.9999986 0.001635015 -0.003113329 -0.9995778 0.02889096 -0.003114461 -0.9995775 0.02889692 -0.01740658 -0.9867182 0.1615059 -0.01740676 -0.9867181 0.1615074 -0.02502417 -0.9723494 0.2321863 -0.0250985 -0.972183 0.232874 -0.03100574 -0.9572251 0.2876781 -0.03101313 -0.9572041 0.2877474 -0.04280024 -0.9167722 0.3971107 -0.04279601 -0.9167872 0.3970764 -0.05340963 -0.8669372 0.4955475 -0.05344444 -0.8667565 0.4958597 -0.06395763 -0.8023632 0.5933992 -0.06396359 -0.8023134 0.593466 -0.07398045 -0.7234575 0.6863937 -0.07397478 -0.7234987 0.6863508 -0.08287763 -0.6339301 0.7689371 -0.0828402 -0.6343292 0.7686118 -0.09023612 -0.5393555 0.8372295 -0.09029644 -0.5384993 0.8377739 -0.09641891 -0.4363868 0.8945782 -0.09642803 -0.4362167 0.8946602 -0.1011632 -0.3298684 0.938591 -0.10115 -0.3301998 0.9384758 -0.1044272 -0.2244082 0.9688839 -0.1044318 -0.2242429 0.9689216 -0.1063678 -0.12144 0.9868832 -0.1063672 -0.1214686 0.9868797 -1.01077e-4 -0.9999988 0.001640558 -0.00178641 -0.9995777 0.02900493 -0.001787483 -0.9995775 0.02900958 -0.009988665 -0.9867227 0.1621071 -0.009992301 -0.9867153 0.1621512 -0.0144059 -0.9721769 0.2338047 -0.01435917 -0.9723753 0.2329814 -0.01779723 -0.9572171 0.2888233 -0.01780569 -0.9571846 0.2889305 -0.0245614 -0.9168118 0.3985638 -0.02455222 -0.9168707 0.3984287 -0.03067147 -0.8667855 0.4977373 -0.03068715 -0.8666574 0.4979593 -0.03671032 -0.8023669 0.595701 -0.03671842 -0.8022778 0.5958207 -0.04245775 -0.7235571 0.6889575 -0.04245543 -0.7236049 0.6889076 -0.04754739 -0.6343887 0.7715505 -0.04757022 -0.6339693 0.7718939 -0.05182832 -0.5385869 0.8409744 -0.05181711 -0.5388312 0.8408187 -0.05534851 -0.4362823 0.898106 -0.05533874 -0.4365409 0.8979811 -0.05805718 -0.3302603 0.9421027 -0.05806612 -0.3299853 0.9421986 -0.05994409 -0.2242803 0.9726793 -0.05995118 -0.2240319 0.9727361 -0.06105864 -0.1214869 0.9907134 -0.0610587 -0.1214904 0.9907128 0.6444571 -0.02754312 0.7641444 0.6433047 -0.01942318 0.7653639 0.5678566 -0.0194059 0.8228989 0.5794852 -0.07677805 0.8113582 0.4668607 0.0545969 0.8826439 0.4821456 -0.0273258 0.875665 0.3635168 -0.01273632 0.9315006 0.3647814 -0.019315 0.9308929 0.2926473 -0.01933008 0.9560251 4.33164e-4 -0.9999988 0.001588165 0.00766009 -0.9995766 0.02807092 0.007658541 -0.999577 0.02805691 0.04282939 -0.986685 0.1569031 0.04281538 -0.986694 0.15685 0.06147634 -0.9723693 0.2252079 0.06138718 -0.9724549 0.2248625 0.07631874 -0.9570847 0.2795791 0.07626289 -0.9571486 0.2793757 0.1052395 -0.9166805 0.385515 0.1051956 -0.9167477 0.3853667 0.1314932 -0.8664231 0.4816851 0.1314978 -0.8663997 0.481726 0.1573503 -0.801864 0.5764158 0.1571928 -0.8023149 0.5758309 0.1819569 -0.7229205 0.6665416 0.1817438 -0.7237052 0.6657478 0.2036771 -0.6339144 0.746102 0.2037582 -0.6335377 0.7463998 0.2219712 -0.5380949 0.8131314 0.2219412 -0.5382815 0.8130162 0.2369962 -0.4360384 0.8681609 0.2369315 -0.4365729 0.86791 0.2486013 -0.3300001 0.9106577 0.2486244 -0.3297314 0.9107487 0.2566745 -0.2237716 0.9402364 0.2566679 -0.2239412 0.9401979 0.2614111 -0.1213288 0.9575717 0.2614128 -0.1212604 0.95758 0.2623479 -0.0874108 0.9610062 0.2449704 -0.01889222 0.9693465 3.05409e-4 -0.9999986 0.001615524 0.005400002 -0.9995774 0.02856689 0.005399286 -0.9995777 0.02855658 0.03019511 -0.9867036 0.1597005 0.03018194 -0.986716 0.1596266 0.04340362 -0.9723412 0.229497 0.04332268 -0.9724162 0.2291945 0.05379068 -0.9571709 0.2844828 0.05378091 -0.9571864 0.2844326 0.07419615 -0.9167946 0.3924064 0.0742219 -0.9167374 0.3925348 0.09273469 -0.8665252 0.4904431 0.09265494 -0.8667755 0.4900156 0.1108911 -0.802352 0.5864592 0.1108845 -0.8023725 0.5864323 0.1282204 -0.7236949 0.6781041 0.1283285 -0.7231423 0.678673 0.1437332 -0.633642 0.760157 0.1436274 -0.6343509 0.7595856 0.1565382 -0.5386582 0.8278547 0.1565798 -0.5382978 0.8280811 0.1671308 -0.4368183 0.8838875 0.1671665 -0.4364253 0.8840749 0.1753866 -0.3299815 0.9275516 0.1753767 -0.3301581 0.9274905 0.1810691 -0.224106 0.9575962 0.1810725 -0.224005 0.9576193 0.1844214 -0.1213465 0.9753276 0.1844217 -0.1215024 0.9753081 0.1857649 -0.01889151 0.9824127 0.1928846 -0.08416295 0.9776053 2.71198e-4 -0.9999987 0.001621246 0.004793226 -0.9995778 0.02865892 0.004793345 -0.9995778 0.02865958 0.02679312 -0.9867213 0.160198 0.02679443 -0.9867196 0.1602082 0.03842711 -0.9724892 0.2297567 0.03846371 -0.9724392 0.2299626 0.04773962 -0.9572079 0.2854364 0.04775214 -0.9571828 0.2855183 0.0658825 -0.9167826 0.3939152 0.0658369 -0.9169033 0.3936417 0.08225083 -0.8668298 0.4917733 0.08228629 -0.8666977 0.4920004 0.09842228 -0.8025006 0.5884776 0.09840285 -0.8025928 0.5883551 0.1139222 -0.7232339 0.681142 0.1139381 -0.7231212 0.6812591 0.1274968 -0.6345337 0.7623069 0.1274494 -0.6348782 0.7620277 0.139007 -0.5384188 0.8311332 0.139016 -0.5383378 0.831184 0.148406 -0.4365968 0.8873326 0.1483684 -0.4370871 0.8870974 0.1557046 -0.3302621 0.9309582 0.1557204 -0.3299604 0.9310625 0.1607657 -0.2240586 0.9612243 0.160759 -0.22425 0.9611808 0.1637371 -0.1215708 0.9789846 0.163739 -0.1213928 0.9790064 0.1649546 -0.007223308 0.9862747 0.1668921 -0.04187524 0.9850856 2.66577e-4 -0.9999987 0.001621842 0.004710137 -0.9995777 0.02867442 0.004711031 -0.9995775 0.02868455 0.02632474 -0.9867197 0.1602852 0.02633589 -0.9867074 0.1603589 0.03777533 -0.972459 0.2299927 0.03793817 -0.9722211 0.2309696 0.04691272 -0.9571849 0.285651 0.04691773 -0.9571754 0.2856817 0.06467294 -0.9169242 0.3937861 0.06470251 -0.9168415 0.3939737 0.08084958 -0.8666704 0.4922862 0.08090037 -0.8664809 0.4926114 0.09668666 -0.8025266 0.5887297 0.09672939 -0.8023265 0.5889954 0.1119434 -0.7230776 0.6816359 0.1118303 -0.7237505 0.68094 0.1252176 -0.6348083 0.762456 0.1252943 -0.6342324 0.7629225 0.1365854 -0.5381842 0.8316864 0.1365898 -0.5381551 0.8317044 0.1457588 -0.4370652 0.8875406 0.1457862 -0.4366973 0.8877173 0.1529756 -0.3300154 0.9314979 0.1529777 -0.3299773 0.931511 0.1579301 -0.2242085 0.9616593 0.1579291 -0.2242021 0.9616611 0.1608561 -0.1214116 0.9794818 0.1608546 -0.1215206 0.9794686 0.1617661 -0.05979043 0.9850162 0.157502 -0.0193603 0.9873289 1.8295e-4 -0.9999987 0.001634955 0.003234267 -0.9995777 0.02888321 0.003234207 -0.9995778 0.02887809 0.01808303 -0.9867134 0.1614617 0.01808124 -0.9867166 0.1614419 0.02606171 -0.9721944 0.2327206 0.02591198 -0.9725163 0.2313888 0.03221595 -0.9571965 0.2876402 0.03221619 -0.9571944 0.2876474 0.04443037 -0.9168726 0.3966996 0.04443478 -0.9168601 0.3967279 0.05556088 -0.8664924 0.4960889 0.05550104 -0.8668134 0.4955344 0.06643545 -0.802344 0.5931531 0.06645464 -0.8022081 0.5933347 0.07681101 -0.7237105 0.6858157 0.07679915 -0.7238376 0.685683 0.08605742 -0.6342138 0.7683535 0.08608376 -0.6338976 0.7686114 0.09381008 -0.5381973 0.8375819 0.0937764 -0.5386762 0.8372778 0.1001358 -0.4366548 0.8940389 0.1001228 -0.4368954 0.8939228 0.1050704 -0.3300445 0.9380996 0.1050805 -0.3297666 0.9381962 0.1084729 -0.2242332 0.9684798 0.10847 -0.2243809 0.968446 0.1104826 -0.1215326 0.9864195 0.110483 -0.1214004 0.9864357 0.1112852 -0.01935929 0.9936 0.1150389 -0.05758434 0.9916905 1.72046e-4 -0.9999987 0.001635491 0.003041088 -0.9995778 0.02889692 0.003041088 -0.9995778 0.02889853 0.01700133 -0.9867173 0.1615551 0.01700019 -0.9867199 0.1615393 0.02435481 -0.9725415 0.2314519 0.02444654 -0.9723106 0.2324106 0.0302903 -0.9572021 0.287831 0.03029173 -0.9571959 0.2878514 0.04177874 -0.9168631 0.3970096 0.04176086 -0.9169434 0.3968262 0.05218774 -0.866802 0.4959141 0.05221235 -0.8666656 0.4961501 0.06248521 -0.8021996 0.5937772 0.0624324 -0.8025916 0.5932529 0.07221502 -0.7238067 0.6862134 0.07227295 -0.7232819 0.6867604 0.08093786 -0.6339445 0.7691317 0.08090275 -0.634379 0.768777 0.08817702 -0.5386599 0.8378965 0.08818119 -0.538618 0.8379229 0.09413629 -0.4369704 0.8945363 0.09414821 -0.4367465 0.8946444 0.09880071 -0.3298227 0.9388586 0.09879994 -0.3298595 0.9388458 0.1019886 -0.2243691 0.9691527 0.1019889 -0.2243126 0.9691658 0.103882 -0.1214079 0.9871519 0.1038825 -0.1215802 0.9871305 0.104639 -0.01935243 0.994322 0.1046392 -0.01935523 0.9943219 0.1143801 -0.01935255 0.9932487 0.113554 -0.1214962 0.9860752 0.1135536 -0.1215736 0.9860656 0.1114912 -0.2241551 0.968155 0.1114905 -0.224214 0.9681416 0.1079863 -0.3301835 0.9377195 0.1079964 -0.3299276 0.9378084 0.1029193 -0.4366446 0.8937277 0.1029152 -0.4367527 0.8936754 0.09639412 -0.5385324 0.837073 0.09638905 -0.5386267 0.8370129 0.08845269 -0.634203 0.7680904 0.08844083 -0.6343247 0.7679911 0.07896453 -0.7235881 0.6857004 0.07899582 -0.7233179 0.6859817 0.06828254 -0.8023374 0.5929523 0.068241 -0.8026292 0.5925619 0.05707806 -0.866645 0.4956495 0.05707794 -0.8666386 0.495661 0.04566758 -0.9168754 0.396553 0.04565191 -0.9169341 0.3964188 0.03311753 -0.957185 0.2875764 0.03311198 -0.9572 0.287527 0.02663385 -0.9725069 0.2313463 0.02672266 -0.9723602 0.2319514 0.01858782 -0.9867121 0.161412 0.01858335 -0.9867199 0.1613653 0.003324985 -0.9995777 0.02887296 0.003324627 -0.9995778 0.02886599 1.88113e-4 -0.9999986 0.001634776 1.88084e-4 -0.9999987 0.00163263 0.1143842 -0.01942855 0.9932466 0.09145742 -0.01943171 0.9956195 0.06166577 -0.04779839 0.9969517 0.05928492 -0.01931983 0.9980542 0.04889947 -0.01932162 0.9986169 9.87921e-5 -0.9999987 0.001641213 0.001746177 -0.9995778 0.02900522 0.001746118 -0.9995777 0.029006 0.009760975 -0.9867188 0.162145 0.009760439 -0.9867209 0.1621322 0.01393389 -0.9727589 0.2314 0.01401811 -0.9723969 0.2329117 0.01739495 -0.9571795 0.2889721 0.01739203 -0.9571993 0.2889065 0.02398389 -0.9168929 0.3984122 0.02398955 -0.9168498 0.3985111 0.02996462 -0.8667871 0.4977774 0.02996492 -0.8667864 0.4977786 0.0358588 -0.8024126 0.5956913 0.03585541 -0.8024548 0.5956348 0.04149335 -0.7232955 0.6892909 0.04149156 -0.7233394 0.6892449 0.04644018 -0.6345849 0.7714566 0.04645913 -0.6341618 0.7718034 0.05061519 -0.5389079 0.8408427 0.05060911 -0.5391039 0.8407174 0.05407756 -0.4359399 0.8983497 0.05407285 -0.4361548 0.8982456 0.05671381 -0.3304586 0.9421151 0.05671823 -0.330156 0.9422209 0.05855941 -0.2240645 0.9728135 0.05855751 -0.2244957 0.9727141 0.05964612 -0.1215283 0.9907943 0.05964434 -0.1214122 0.9908086 0.06008249 -0.01426476 0.9980915 0.02876061 -0.02731472 0.9992132 0.02055317 0.02424246 0.9994949 -3.92026e-4 -0.02680402 0.9996407 -4.89609e-4 -0.02390855 0.9997141 -0.003566503 -0.01936846 0.9998061 -0.03686141 -0.01935952 0.9991329 -0.037831 -0.007465422 0.9992563 -0.09473413 -0.02794569 0.9951104 -0.01984089 -0.007746577 0.9997732 -0.017879 -0.01937854 0.9996525 -0.06478917 -0.01937651 0.9977109 -0.06146448 -0.04022204 0.9972986 -0.1080874 0.004400789 0.9941317 -0.1071574 -0.007868885 0.994211 -0.1118239 -0.0143311 0.9936247 -0.1110077 -0.1214416 0.9863718 -0.1110069 -0.1214759 0.9863677 -0.108983 -0.2244035 0.9683831 -0.1089907 -0.2241238 0.968447 -0.1055765 -0.3298848 0.9380989 -0.1055718 -0.3299667 0.9380707 -0.1006265 -0.4363831 0.8941165 -0.1005898 -0.4370183 0.8938102 -0.09417301 -0.5393549 0.8367961 -0.0942527 -0.5382803 0.8374789 -0.08649194 -0.6339443 0.7685271 -0.08642971 -0.634613 0.767982 -0.07720762 -0.7234663 0.6860288 -0.07719993 -0.7235159 0.6859774 -0.06674528 -0.8023768 0.593074 -0.06673204 -0.80247 0.5929492 -0.05573928 -0.8669411 0.4952841 -0.05581104 -0.8665828 0.4959025 -0.04466837 -0.916777 0.3968939 -0.04462897 -0.9169228 0.3965615 -0.03235846 -0.9572266 0.2875245 -0.03237307 -0.9571847 0.2876622 -0.02611935 -0.9723697 0.2319807 -0.02596217 -0.9726759 0.2307113 -0.01816612 -0.9867193 0.1614161 -0.01816815 -0.9867158 0.161437 -0.003249645 -0.9995778 0.02887493 -0.003249526 -0.9995778 0.02887433 -1.83836e-4 -0.9999986 0.001633763 -1.83854e-4 -0.9999987 0.001633703 -0.05269169 0.01331567 -0.9985221 0.1126343 0.03021156 -0.9931771 0.02100408 0.01957583 -0.9995878 0.02130806 0.1410626 -0.9897714 0.02098697 0.1313417 -0.991115 0.02112281 0.2554889 -0.9665812 0.0206322 0.2226994 -0.9746689 0.01865065 0.5022379 -0.8645284 0.01939016 0.451628 -0.8919956 0.02022498 0.3663787 -0.930246 0.01967954 0.3954567 -0.9182738 0.02064871 0.3102904 -0.9504176 9.80349e-4 0.9997448 -0.02257323 0.003028869 0.9919043 -0.1269512 0.002950012 0.9909962 -0.1338578 0.005745649 0.9711687 -0.2383244 0.00582391 0.9678171 -0.2515876 0.007972836 0.9371541 -0.3488249 0.008114933 0.9331758 -0.3593288 0.01029032 0.8913657 -0.4531681 0.01037752 0.8879406 -0.4598411 0.01236397 0.832031 -0.5545914 0.01242744 0.829213 -0.5587947 0.01430267 0.7664439 -0.6421522 0.01449984 0.7546771 -0.6559363 0.01656466 0.6612737 -0.7499619 0.01651614 0.6666821 -0.7451592 0.01796841 0.5666638 -0.8237532 0.01792919 0.5714753 -0.8204234 0.01927965 0.4711258 -0.8818553 0.001605868 0.9997939 -0.02023977 6.2868e-4 0.9997942 -0.02028125 -0.005617201 0.9999589 -0.007134675 0.002286136 0.9997942 -0.02016055 0.00205338 0.9997941 -0.02018821 0.001097857 0.9997942 -0.02026289 4.00623e-4 0.9997941 -0.02028805 9.92106e-6 0.9997941 -0.02028971 -1.99454e-4 0.9997941 -0.02029061 -9.87578e-4 0.9997941 -0.02026909 -0.00108087 0.9997941 -0.0202611 -0.002186715 0.999794 -0.02018052 -0.002330243 0.9997942 -0.02015691 -0.003081202 0.9997941 -0.02005851 -0.003401994 0.9997942 -0.02000218 -0.003573417 0.9997941 -0.01997435 -0.003575682 0.999794 -0.01998275 -0.02358025 0.9909992 -0.131775 -0.02359372 0.9909893 -0.1318472 -0.04431968 0.9678304 -0.2476693 -0.04433816 0.9678057 -0.2477625 -0.0633459 0.9331026 -0.3539874 -0.06336653 0.9330624 -0.3540893 -0.08096736 0.8881071 -0.452449 -0.08096385 0.8881117 -0.4524407 -0.0985316 0.8289327 -0.5506018 -0.09851938 0.8289837 -0.5505272 -0.1155464 0.7548232 -0.645671 -0.1155889 0.7546134 -0.6459086 -0.1270608 0.6926131 -0.71003 -0.1311866 0.667148 -0.7332828 -0.1344277 0.6462941 -0.7511546 -0.1446192 0.570985 -0.8081222 -0.1446105 0.571027 -0.8080942 -0.1553401 0.471575 -0.868036 -0.1554216 0.4707284 -0.8684808 -0.1639577 0.3656944 -0.9161798 -0.1639096 0.3663747 -0.9159167 0.001605987 0.999794 -0.02023291 0.01059991 0.9909873 -0.1335368 0.01059663 0.9909943 -0.133485 0.01992452 0.9677834 -0.2509951 0.01992428 0.9677859 -0.2509852 0.02845609 0.9331084 -0.3584676 0.02844309 0.9331801 -0.3582818 0.03641408 0.8878422 -0.4587051 0.03639137 0.8880028 -0.458396 0.04424721 0.8290951 -0.5573542 0.04425436 0.8290233 -0.5574605 0.05193781 0.754516 -0.6542234 0.05193012 0.7545914 -0.654137 0.05899804 0.6664919 -0.7431742 0.0589739 0.666876 -0.7428315 0.06495517 0.571266 -0.8181907 0.06494343 0.5714596 -0.8180565 0.06981503 0.4709504 -0.8793928 0.06981235 0.4710008 -0.879366 0.07364338 0.3662167 -0.9276109 0.07365304 0.3658384 -0.9277594 0.07651519 0.2553782 -0.9638089 0.07650661 0.2559319 -0.9636627 0.07835191 0.140996 -0.9869048 0.07835179 0.1408951 -0.9869192 0.1125799 0.02981001 -0.9931955 0.111505 0.1409804 -0.983713 0.1115053 0.140946 -0.9837179 0.1088743 0.2560623 -0.9605095 0.108876 0.256018 -0.9605212 0.1048135 0.3660163 -0.9246871 0.1048166 0.3659546 -0.9247112 0.09933853 0.4712481 -0.8763888 0.09934711 0.4711173 -0.8764581 0.0924558 0.571088 -0.8156657 0.09241533 0.5716201 -0.8152974 0.08391052 0.6670569 -0.7402663 0.083916 0.6669978 -0.7403189 0.07388037 0.7547916 -0.6517909 0.07389187 0.754718 -0.6518748 0.0629574 0.8291782 -0.5554279 0.06296664 0.8291248 -0.5555065 0.0517686 0.8881056 -0.4567149 0.05177628 0.8880713 -0.4567807 0.04050672 0.9330875 -0.357361 0.04046928 0.9332236 -0.3570097 0.02833211 0.9678435 -0.2499524 0.02834755 0.9678078 -0.2500892 0.01507771 0.9909989 -0.133018 0.01507651 0.9910002 -0.133009 0.002285182 0.9997941 -0.02016055 0.002285182 0.9997941 -0.02016007 0.002053499 0.999794 -0.02019429 0.01354366 0.9909985 -0.1331868 0.01354789 0.9909923 -0.1332324 0.02546155 0.9678083 -0.2503975 0.02546745 0.967794 -0.2504523 0.03635573 0.9331914 -0.3575364 0.0363751 0.9331151 -0.3577334 0.04649543 0.88812 -0.4572538 0.04650539 0.8880635 -0.4573627 0.05659604 0.8288525 -0.5565973 0.05657273 0.8290148 -0.5563579 0.066325 0.7550806 -0.6522685 0.06636071 0.7547645 -0.6526308 0.07542598 0.6663894 -0.7417791 0.07539504 0.6667331 -0.7414733 0.0830236 0.5713569 -0.8164916 0.08305972 0.5708221 -0.8168618 0.0892024 0.4716257 -0.8772755 0.0892322 0.4710437 -0.877585 0.09414947 0.3657605 -0.9259348 0.09412759 0.3663319 -0.925711 0.09779137 0.2559303 -0.9617362 0.09779989 0.2555183 -0.9618449 0.1001484 0.1409461 -0.9849389 0.1001481 0.140942 -0.9849395 0.001097917 0.9997941 -0.02026271 0.007243871 0.9909971 -0.1336875 0.007244229 0.9909958 -0.1336973 0.01361697 0.9678101 -0.251313 0.01361799 0.9678059 -0.2513291 0.01945006 0.9331483 -0.3589652 0.01944887 0.933155 -0.3589478 0.02486842 0.8881077 -0.4589624 0.02487123 0.888075 -0.4590255 0.03024929 0.8290957 -0.5582879 0.03024429 0.829174 -0.5581719 0.03548645 0.7548441 -0.6549437 0.03547674 0.7550262 -0.6547344 0.04032045 0.6668242 -0.7441236 0.04032808 0.6666336 -0.7442939 0.0444191 0.5709274 -0.8197981 0.04440367 0.5714271 -0.8194507 0.04772436 0.4711719 -0.8807494 0.04772734 0.4710633 -0.8808074 0.05034321 0.3664273 -0.9290838 0.05035233 0.3658252 -0.9293206 0.05230557 0.2555738 -0.9653736 0.05230432 0.2557857 -0.9653176 0.05356454 0.1409793 -0.9885624 0.0535649 0.1410348 -0.9885545 4.00682e-4 0.9997942 -0.02028763 0.002643764 0.9909961 -0.1338649 0.002643883 0.990996 -0.1338664 0.004969954 0.9678056 -0.25165 0.004968881 0.9678359 -0.2515333 0.007099628 0.9331547 -0.3594049 0.007102251 0.9330813 -0.3595957 0.009077668 0.8880726 -0.4596136 0.009076356 0.8881233 -0.4595156 0.01103913 0.8291653 -0.5588947 0.01103663 0.8292857 -0.5587159 0.01294952 0.7550284 -0.6555642 0.0129528 0.7548158 -0.6558089 0.01472002 0.6666318 -0.7452418 0.01472258 0.6664079 -0.745442 0.01620489 0.5714331 -0.8204886 0.01620131 0.5717904 -0.8202399 0.01741993 0.4710645 -0.8819268 0.017421 0.4708482 -0.8820424 0.01837772 0.3658245 -0.9305025 0.01837778 0.366135 -0.9303802 0.01909202 0.2557881 -0.9665443 0.01909273 0.2559784 -0.966494 0.01955306 0.1410424 -0.9898105 0.01955211 0.1409564 -0.9898228 -0.05914109 -0.01112121 -0.9981877 -0.05855435 0.1409534 -0.9882832 -0.05855476 0.14091 -0.9882893 -0.05718094 0.2555728 -0.9650974 -0.05717706 0.2557539 -0.9650496 -0.05502885 0.3665135 -0.928784 -0.05503427 0.3663101 -0.9288639 -0.05218398 0.4706614 -0.8807694 -0.05217379 0.4709828 -0.8805982 -0.04852843 0.5716182 -0.8190834 -0.04854142 0.5713416 -0.8192756 -0.04407536 0.6668216 -0.7439128 -0.04405689 0.667185 -0.7435881 -0.03879576 0.7547875 -0.6548211 -0.03880262 0.7547221 -0.6548961 -0.03307384 0.8290241 -0.558234 -0.03305441 0.8292475 -0.5579033 -0.02717673 0.8881724 -0.4587062 -0.02719599 0.8880096 -0.45902 -0.02126383 0.9331371 -0.3588916 -0.02125841 0.9331737 -0.3587965 -0.01488405 0.9678167 -0.2512161 -0.01488214 0.9678247 -0.2511852 -0.007917046 0.9909998 -0.1336296 -0.007917582 0.990999 -0.1336348 -0.001200079 0.9997942 -0.02025502 -0.001199901 0.9997943 -0.02025401 -0.00233066 0.9997942 -0.02015793 -0.01537644 0.9909983 -0.1329886 -0.01537656 0.9909978 -0.1329925 -0.02890062 0.9678257 -0.2499566 -0.02890765 0.9678108 -0.2500131 -0.04128384 0.9331727 -0.3570497 -0.04130733 0.9330958 -0.357248 -0.05282258 0.8879812 -0.4568361 -0.05278372 0.8881531 -0.4565064 -0.06417894 0.8293232 -0.5550714 -0.06423145 0.8290318 -0.5555006 -0.07537227 0.7545773 -0.6518682 -0.07534241 0.7548049 -0.6516081 -0.08558446 0.6669216 -0.7401967 -0.08556801 0.6670807 -0.740055 -0.09426248 0.5713734 -0.815259 -0.094307 0.5708398 -0.8156274 -0.1013256 0.4709503 -0.8763213 -0.1013191 0.4710597 -0.8762632 -0.106875 0.366349 -0.9243194 -0.1068751 0.3663516 -0.9243184 -0.1110355 0.2559179 -0.9603006 -0.1110423 0.2557483 -0.960345 -0.1137164 0.140885 -0.9834735 -0.1137121 0.1409977 -0.9834578 -0.003080546 0.9997941 -0.02005642 -0.02032607 0.9909968 -0.1323335 -0.02032303 0.9909991 -0.1323177 -0.03821498 0.9677982 -0.2488097 -0.03821378 0.9678021 -0.2487949 -0.05460667 0.9330677 -0.355532 -0.05454796 0.9332142 -0.3551563 -0.06977307 0.8881194 -0.4542859 -0.06981664 0.8879792 -0.4545534 -0.08488649 0.8290569 -0.5526835 -0.08488368 0.8290783 -0.5526518 -0.09959137 0.7547403 -0.6484202 -0.09950959 0.7552084 -0.6478874 -0.1130878 0.6671465 -0.7362926 -0.1131805 0.66648 -0.7368817 -0.1246678 0.5706429 -0.8116801 -0.1245578 0.5716702 -0.8109738 -0.1339026 0.4711524 -0.8718288 -0.1339046 0.471109 -0.8718521 -0.1412431 0.3665218 -0.9196262 -0.1412797 0.3659494 -0.9198485 -0.1467578 0.2558103 -0.9555225 -0.1467716 0.2554959 -0.9556045 -0.1502937 0.1410022 -0.9785347 -0.1502942 0.1410003 -0.9785349 0.02112102 0.01999723 -0.9995769 0.06583404 0.01999574 -0.9976303 0.0790463 -0.04899334 -0.9956663 0.09741503 0.01992887 -0.9950444 0.1140869 0.01992911 -0.9932709 0.002286136 0.9997941 -0.02016067 0.01508378 0.9909991 -0.1330173 0.01508277 0.9910005 -0.1330059 0.0283432 0.9678454 -0.2499441 0.02835494 0.9678155 -0.2500584 0.04052293 0.933091 -0.3573501 0.04048901 0.9332037 -0.3570597 0.05179113 0.8881077 -0.4567083 0.05178207 0.8881413 -0.456644 0.06298327 0.8291964 -0.5553976 0.06303369 0.828876 -0.5558701 0.07390981 0.7547895 -0.65179 0.07387179 0.7551012 -0.6514333 0.08394485 0.6670663 -0.7402539 0.08400386 0.6664333 -0.7408172 0.09249299 0.5710868 -0.8156624 0.09246885 0.5714176 -0.8154333 0.09937971 0.4712603 -0.8763775 0.09935688 0.4716414 -0.876175 0.1048584 0.3660041 -0.9246869 0.1048671 0.3657956 -0.9247684 0.108919 0.2560642 -0.9605039 0.1089217 0.2559557 -0.9605326 0.11155 0.1409806 -0.9837079 0.1115497 0.1409622 -0.9837105 0.1126233 0.0303381 -0.9931746 0.1009124 0.06960028 -0.9924578 0.09474885 0.02065026 -0.995287 0.05409497 0.01954066 -0.9983446 0.05417984 0.02001303 -0.9983307 0.01974487 0.02001315 -0.9996047 0.01974618 0.02001953 -0.9996047 0.002985358 0.02002137 -0.9997951 9.92318e-6 0.9997942 -0.02028954 6.54566e-5 0.9909976 -0.1338801 6.55655e-5 0.9910003 -0.1338601 1.23199e-4 0.9678409 -0.2515633 1.23033e-4 0.9678193 -0.2516463 1.75867e-4 0.9330945 -0.3596313 1.76036e-4 0.9331712 -0.3594322 2.25087e-4 0.8881419 -0.4595693 2.25086e-4 0.8881397 -0.4595736 2.73644e-4 0.8293096 -0.5587894 2.73454e-4 0.8290303 -0.5592037 3.20771e-4 0.7548599 -0.6558861 3.20768e-4 0.7548532 -0.6558937 3.64555e-4 0.6664412 -0.7455575 3.6487e-4 0.6669493 -0.7451031 4.01806e-4 0.5718304 -0.8203718 4.01304e-4 0.5712203 -0.8207967 4.31414e-4 0.4708799 -0.8821972 4.31925e-4 0.4714661 -0.8818841 4.55808e-4 0.3661691 -0.9305483 4.55695e-4 0.3661708 -0.9305476 4.73508e-4 0.2559999 -0.9666767 4.72701e-4 0.255662 -0.9667661 4.84037e-4 0.1409694 -0.9900138 4.84167e-4 0.1409696 -0.9900138 4.88883e-4 0.0224713 -0.9997474 4.9041e-4 0.0225076 -0.9997466 -1.9973e-4 0.9997941 -0.02029234 -0.00131756 0.9909985 -0.1338667 -0.001318037 0.9909965 -0.1338811 -0.002477526 0.9678128 -0.2516592 -0.002477705 0.9678113 -0.2516651 -0.003538787 0.9331607 -0.3594425 -0.003540337 0.9331223 -0.359542 -0.004525482 0.8881216 -0.4595863 -0.004528224 0.8880193 -0.4597841 -0.005507409 0.8290077 -0.55921 -0.005505681 0.8291007 -0.5590722 -0.006459176 0.75482 -0.6559002 -0.006457149 0.7549414 -0.6557606 -0.007336795 0.6669197 -0.7450935 -0.007341921 0.666521 -0.7454502 -0.008083939 0.5711917 -0.8207769 -0.008082568 0.5713135 -0.8206922 -0.008684933 0.4714313 -0.8818601 -0.008689641 0.4709696 -0.8821067 -0.009166479 0.3661329 -0.9305174 -0.009165525 0.3662455 -0.9304731 -0.009522736 0.2556405 -0.9667251 -0.009521186 0.2557138 -0.9667057 -0.009750843 0.1409574 -0.9899677 -0.009749829 0.1410028 -0.9899612 -0.009843349 0.03068685 -0.9994806 -0.02055382 -0.02337199 -0.9995155 -9.87184e-4 0.9997942 -0.02026712 -0.006513714 0.9909968 -0.1337274 -0.006513178 0.990998 -0.1337186 -0.01224368 0.9678127 -0.2513739 -0.01224255 0.9678182 -0.2513527 -0.01749187 0.9331243 -0.3591285 -0.0174874 0.9331604 -0.3590347 -0.02236801 0.8880262 -0.4592486 -0.02237218 0.8879821 -0.4593336 -0.02719902 0.8291051 -0.5584307 -0.02718704 0.8292508 -0.5582149 -0.03190189 0.7549487 -0.6550075 -0.03192102 0.7546387 -0.6553637 -0.03626579 0.6665588 -0.7445698 -0.03624004 0.6670951 -0.7440906 -0.03992444 0.5713263 -0.8197514 -0.0399248 0.5713184 -0.819757 -0.04291218 0.4709995 -0.8810892 -0.04291403 0.4709371 -0.8811224 -0.04526495 0.366279 -0.9294034 -0.04526537 0.3662412 -0.9294184 -0.04702889 0.2557133 -0.9656081 -0.04702711 0.2557659 -0.9655944 -0.048159 0.1410046 -0.9888369 -0.04816234 0.1409043 -0.9888511 -0.04860097 0.04355233 -0.9978684 -0.0603969 0.002799749 -0.9981706 -0.001081585 0.9997941 -0.02026629 -0.007133662 0.9910008 -0.1336657 -0.007136762 0.9909946 -0.1337119 -0.01341223 0.967819 -0.2512898 -0.01341551 0.9678039 -0.2513477 -0.01916086 0.9331481 -0.3589813 -0.01916646 0.9331069 -0.3590882 -0.02448982 0.8881934 -0.4588168 -0.02449393 0.8881534 -0.4588939 -0.02980583 0.8290306 -0.5584084 -0.02981483 0.8289116 -0.5585846 -0.03496187 0.7548266 -0.6549921 -0.03495442 0.7549349 -0.6548676 -0.03971928 0.6668369 -0.7441445 -0.03973996 0.6664367 -0.7445018 -0.04373508 0.5716241 -0.8193494 -0.04373407 0.571656 -0.8193271 -0.04702889 0.4706799 -0.8810498 -0.04702824 0.4706915 -0.8810437 -0.04959213 0.3665375 -0.9290807 -0.04960435 0.3660225 -0.9292831 -0.05153352 0.2555681 -0.9654167 -0.05152577 0.2559726 -0.9653099 -0.0527693 0.1409653 -0.9886072 -0.05277127 0.1408556 -0.9886228 -0.05329197 0.02011293 -0.9983765 -0.08292442 0.02011728 -0.9963528 -0.002185285 0.9997942 -0.02017319 -0.01442366 0.9909913 -0.1331475 -0.01441735 0.9909984 -0.1330958 -0.02711069 0.9677945 -0.2502776 -0.02710366 0.967812 -0.2502108 -0.03873419 0.9330758 -0.3575883 -0.03870314 0.9331864 -0.3573029 -0.04949706 0.8881127 -0.4569531 -0.04948294 0.8881766 -0.4568303 -0.06025129 0.8288383 -0.5562346 -0.06022745 0.8289887 -0.5560132 -0.07062464 0.7549126 -0.6520118 -0.07063996 0.7547921 -0.6521495 -0.08029061 0.6664236 -0.7412375 -0.08028191 0.6664933 -0.7411758 -0.08836454 0.5715632 -0.8157863 -0.08836656 0.5715468 -0.8157976 -0.09501582 0.4706373 -0.8771958 -0.09498506 0.4711611 -0.876918 -0.1002151 0.3659908 -0.9252068 -0.1001938 0.3664736 -0.9250181 -0.1040992 0.2559117 -0.961079 -0.1041081 0.2556591 -0.9611451 -0.1066129 0.1408565 -0.9842729 -0.1066088 0.1410056 -0.984252 -0.1075275 0.05407387 -0.9927306 -0.1112657 0.02001845 -0.9935891 -0.1082149 0.020015 -0.9939261 -0.1071568 0.1409143 -0.9842057 -0.1071548 0.1409766 -0.984197 -0.1046314 0.25592 -0.9610189 -0.1046372 0.2557447 -0.9610649 -0.1007149 0.3662871 -0.9250353 -0.100708 0.3664228 -0.9249824 -0.09547275 0.4710991 -0.8768983 -0.09547626 0.4710541 -0.8769221 -0.08881968 0.5714741 -0.8157992 -0.08881419 0.5715598 -0.8157399 -0.0806595 0.6668307 -0.7408313 -0.0806849 0.6665735 -0.7410599 -0.07102715 0.7545677 -0.652367 -0.07099354 0.7548245 -0.6520735 -0.06047272 0.829368 -0.5554205 -0.06054049 0.8289414 -0.5560495 -0.04977303 0.8880003 -0.4571413 -0.04973387 0.8881813 -0.456794 -0.03890299 0.9331703 -0.3573231 -0.0389018 0.9331764 -0.3573073 -0.02723246 0.9678298 -0.2501282 -0.0272392 0.9678171 -0.2501762 -0.01448935 0.9909991 -0.1330825 -0.0144903 0.990998 -0.1330896 -0.002196073 0.9997942 -0.02017045 -0.002196252 0.9997941 -0.02017176 -0.108262 0.01926559 -0.9939357 -0.102768 0.02001667 -0.9945039 -0.1148367 0.02001607 -0.9931827 -0.114808 0.02016925 -0.993183 -0.15178 0.02017498 -0.9882084 -0.1518073 0.02002143 -0.9882074 -0.1702035 0.02002513 -0.9852055 -0.003402173 0.9997942 -0.02000236 -0.02244424 0.9910016 -0.1319555 -0.0224452 0.9910007 -0.1319621 -0.04220491 0.9678044 -0.2481399 -0.04219025 0.967828 -0.2480501 -0.06024855 0.9332225 -0.354212 -0.06028449 0.9331364 -0.3544326 -0.07711321 0.8879818 -0.4533672 -0.07705467 0.8881536 -0.4530407 -0.09373986 0.8291478 -0.5511142 -0.09380847 0.8288574 -0.5515391 -0.10991 0.7552183 -0.6461929 -0.1099863 0.7548393 -0.6466226 -0.1250296 0.6663308 -0.7350993 -0.1248942 0.6672596 -0.7342793 -0.1375432 0.5719593 -0.8086684 -0.1376506 0.5710412 -0.8092987 -0.1479095 0.4710829 -0.8695998 -0.1478418 0.471823 -0.8692099 -0.156049 0.3659542 -0.9174565 -0.1560625 0.36575 -0.9175356 -0.1621062 0.2557032 -0.9530674 -0.1621003 0.2558135 -0.9530388 -0.1660057 0.1409556 -0.9759988 -0.1660023 0.141092 -0.9759797 -0.1676617 0.01459532 -0.9857366 -0.1669978 0.02240937 -0.9857026 -0.1694741 0.2728347 -0.9470162 -0.170235 0.255643 -0.9516652 -0.1718711 0.2193092 -0.9603978 -0.174396 0.1410835 -0.974516 -0.1744044 0.1408288 -0.9745514 -0.1757437 0.06870943 -0.9820353 -0.1885718 0.02000868 -0.9818556 -0.008149683 0.9999583 0.004151046 -0.006991803 0.9997901 -0.01925736 -0.4524815 0.3981936 -0.7979364 -0.4359066 0.4819793 -0.7600536 -0.01983809 0.9992468 0.03335165 -0.6259987 0.4604569 -0.6293689 -0.05134713 0.9827836 0.1774825 -0.03284996 0.9781246 0.2054096 -0.01847815 0.9744148 0.2239964 -0.004472672 0.9707481 0.2400587 -0.1229114 0.9879317 0.09425377 -0.06873333 0.9878035 0.1397144 -0.156076 0.9869019 0.04080295 -0.1390849 0.9881477 0.06495845 -0.1088659 0.9890675 0.09946757 -0.2147972 0.9762066 -0.02971369 -0.2208498 0.9744734 -0.04033941 -0.1892834 0.9819058 0.005719244 -0.4195643 0.8552832 -0.3040667 -0.4251273 0.8582596 -0.2875019 -0.3725132 0.9012296 -0.2214031 -0.3783382 0.8947358 -0.2372935 -0.3649057 0.9071581 -0.2095422 -0.6072894 0.47513 -0.6367504 -0.5405104 0.6552994 -0.5276658 -0.5823068 0.5573069 -0.5918851 -0.5026936 0.72561 -0.4698823 -0.5481764 0.6413459 -0.5368223 -0.4478791 0.8041931 -0.3907401 -0.5063926 0.7217292 -0.4718831 -0.3834041 0.8729206 -0.3016802 -0.4577407 0.7931215 -0.4017859 -0.6693868 0.1805832 -0.7206324 -0.6669721 0.2410535 -0.7050117 -0.667346 0.2380874 -0.7056656 -0.6576159 0.3237168 -0.6802564 -0.6457426 0.38479 -0.6595098 -0.6477449 0.1013821 -0.7550817 -0.6447193 0.05999773 -0.7620613 -0.646487 0.07379508 -0.7593477 -0.6433266 0.02243655 -0.7652631 -0.6185472 -0.0805431 -0.7816087 -0.6186842 0.004710435 -0.7856256 -0.03766107 0.998785 0.03178238 -0.1859337 0.9473453 -0.2607021 -0.1656417 0.9610202 -0.2213665 -0.1270485 0.9806743 -0.1487842 -0.1223629 0.9826231 -0.1395679 -0.06626373 0.997177 -0.03531545 -0.06200248 0.9977471 -0.02562367 -0.02221244 0.99863 0.04737991 -0.2904807 0.9453858 -0.1478734 -0.2010123 0.9786791 -0.04220455 -0.03929126 0.9914646 0.1243153 -0.1304818 0.9912961 0.01751041 -0.1188645 0.9924432 0.03046196 -0.09176129 0.9936065 0.06577187 -0.0758444 0.993544 0.08436924 -0.06011259 0.9852377 0.1602916 -0.06188243 0.9857103 0.1566709 -0.1880307 0.9789847 -0.07895189 -0.2449036 0.9574956 -0.1523958 -0.2608983 0.9497956 -0.1726863 -0.2889565 0.9338076 -0.2109681 -0.3369547 0.9003098 -0.2755066 -0.4072617 0.8508002 -0.3320801 -0.3989291 0.8590056 -0.3208819 -0.4948161 -0.5489846 -0.6736267 -0.3588966 0.9039773 -0.2324183 -0.2833883 0.9487354 -0.1399725 -0.295704 0.9465547 -0.1288159 -0.290803 0.9496486 -0.1166241 -0.4161589 0.5590314 -0.7171441 -0.4145839 0.5646336 -0.7136589 -0.3886509 0.6435892 -0.6593508 -0.3869225 0.6485244 -0.6555206 -0.3558109 0.7230633 -0.5920963 -0.3534615 0.7282412 -0.587137 -0.3187307 0.7939473 -0.5177437 -0.3159972 0.7986879 -0.5120971 -0.2797272 0.8528389 -0.4409292 -0.2764046 0.8573811 -0.4341636 -0.2407836 0.8992598 -0.3651782 -0.2368825 0.9033736 -0.3574954 -0.1993659 0.9373369 -0.2857496 -0.5782307 0.293288 -0.7613354 -0.5611239 0.4026327 -0.7232061 -0.0342167 0.9944322 0.09966981 -0.04755938 0.997224 0.05729413 -0.08399218 0.9964583 0.004049301 -0.09089046 0.9958276 -0.008151888 -0.1551204 0.982436 -0.1037182 -0.1625972 0.9799181 -0.1154246 -0.2059378 0.9616361 -0.1812335 -0.2134191 0.9577721 -0.192678 -0.2459737 0.93836 -0.2428527 -0.2527175 0.9337497 -0.2534669 -0.2898795 0.9050462 -0.3112257 -0.2961632 0.8994392 -0.3213979 -0.336213 0.8595365 -0.3849129 -0.341908 0.8530587 -0.3941953 -0.3824157 0.8014059 -0.459899 -0.3874371 0.7940904 -0.4683086 -0.4264569 0.730687 -0.5331332 -0.4305311 0.7229794 -0.5403182 -0.4651095 0.6511763 -0.5997021 -0.4682238 0.6435355 -0.6054986 -0.4964051 0.568491 -0.6560487 -0.4997448 0.5584055 -0.6621469 -0.5209414 0.4850265 -0.7024025 -0.5234552 0.4751799 -0.7072473 -0.164844 0.9789902 -0.1200193 -0.4667294 0.2980802 -0.8326535 -0.4672528 0.2927629 -0.834245 -0.4757981 0.1897935 -0.8588333 -0.4759687 0.1850041 -0.8597832 -0.4789012 0.081236 -0.8741022 -0.4785626 0.07683765 -0.8746851 -0.4777662 0.01850634 -0.8782921 -0.4370707 0.4766147 -0.7627632 -0.4518074 0.4024791 -0.7961663 -0.5173998 0.3992468 -0.7569013 -0.5332319 0.2934009 -0.7934606 -0.5326195 0.2975091 -0.7923414 -0.5419057 0.1857357 -0.8196589 -0.6485842 0.1472727 -0.7467592 -0.619095 -0.1745417 -0.765674 -0.6318749 0.1839798 -0.752918 -0.6276673 0.2470732 -0.7382335 -0.5373804 0.007634043 -0.8433055 -0.5653555 0.05335843 -0.8231197 -0.5658261 0.07532817 -0.8210765 -0.5665225 0.08312249 -0.8198432 -0.5199083 -0.3013561 -0.7992997 -0.5868695 0.1885803 -0.7874144 -0.577543 0.2978183 -0.7600977 -0.6231899 0.2921156 -0.7254674 -0.609714 0.3959529 -0.6866369 -0.5082661 0.7134839 -0.4822928 -0.5701956 0.5858721 -0.5758741 -0.258676 0.2941756 -0.9200802 -0.2493047 0.3972635 -0.8831924 -0.2393411 0.4738006 -0.8474839 -0.2250036 0.5578352 -0.7988702 -0.2234351 0.02003473 -0.9745129 -0.2483121 0.07963281 -0.9654013 -0.2458827 0.1408506 -0.9590113 -0.2444247 0.1860772 -0.9516469 -0.2426138 0.2190734 -0.9450637 -0.2178994 -0.4827699 -0.8482058 -0.01951003 0.9997961 -0.005209922 -0.3240756 0.1852854 -0.9277093 -0.3240151 0.1867754 -0.9274315 -0.3161076 0.2934497 -0.9021992 -0.3159977 0.2947533 -0.9018126 -0.3044062 0.3964332 -0.866128 -0.3041504 0.3983902 -0.8653196 -0.2927088 0.473492 -0.8307388 -0.2922079 0.4765869 -0.8291438 -0.2767395 0.557262 -0.7828629 -0.2763898 0.5589526 -0.7817806 -0.2572454 0.6389777 -0.7249361 -0.2564473 0.6420798 -0.7224738 -0.2341058 0.7169731 -0.6566157 -0.2325609 0.7217379 -0.6519278 -0.2080526 0.7875795 -0.5800282 -0.206256 0.7919747 -0.5746603 -0.1808646 0.8466609 -0.5004531 -0.1784941 0.851271 -0.4934345 -0.1537469 0.8937524 -0.4213889 -0.1510909 0.8979038 -0.4134495 -0.1159508 0.9431286 -0.3115507 -0.1132174 0.9461997 -0.3031304 -0.07518219 0.9782628 -0.1932609 -0.07225412 0.980243 -0.1841276 -0.03337866 0.9968267 -0.07226663 -0.03088903 0.997561 -0.06259423 -1.59807e-4 0.9996791 0.02533209 -0.005575478 0.9999788 0.003349602 -0.001103281 0.9999751 -0.00697714 -0.02055537 0.9968765 -0.07625347 -0.03320121 0.9909859 -0.1297875 -0.05170047 0.9783163 -0.2005603 -0.06249433 0.967779 -0.2439226 -0.08275711 0.9431601 -0.3218699 -0.08943849 0.9329983 -0.3485901 -0.11141 0.8939125 -0.4341754 -0.1142022 0.8880918 -0.4452539 -0.1322384 0.8467856 -0.5152352 -0.1389305 0.8290485 -0.5416429 -0.1531091 0.7878907 -0.5964778 -0.1630691 0.7545286 -0.6356848 -0.1734189 0.7166197 -0.6755607 -0.1793352 0.6924671 -0.6988049 -0.1912655 0.6388561 -0.7451714 -0.1897338 0.6463376 -0.7390865 -0.08687829 0.9374641 -0.3370658 -0.1856293 0.5710099 -0.7996809 -0.1986577 0.4712504 -0.8593359 -0.2099028 0.3664074 -0.9064693 -0.2184783 0.2727797 -0.9369412 -0.2559604 0.05891329 -0.9648905 -0.2848661 0.02612346 -0.9582113 -0.3284942 0.02578836 -0.9441539 -0.3360997 0.005987584 -0.9418074 -0.3989664 0.04395067 -0.9159117 -0.01667261 0.9995656 0.02430897 -0.01641494 0.9997389 0.01589924 -0.04348772 0.9979804 -0.04630589 -0.04690432 0.9973058 -0.05640363 -0.09374159 0.9818516 -0.164863 -0.0975266 0.9798501 -0.174305 -0.1433568 0.9488525 -0.2812966 -0.1468952 0.9456695 -0.2900539 -0.1893526 0.9011393 -0.3899919 -0.1923199 0.8973304 -0.3972548 -0.2224375 0.8548948 -0.4686967 -0.2255822 0.8498724 -0.4762664 -0.2556512 0.7962396 -0.548311 -0.2582706 0.7909355 -0.554723 -0.2875894 0.7252607 -0.6255312 -0.2894911 0.7203893 -0.6302652 -0.3158551 0.6461693 -0.6947668 -0.3174232 0.6411263 -0.6987128 -0.3399038 0.5614649 -0.7544685 -0.3408522 0.5574912 -0.7569832 -0.3582466 0.4796298 -0.8010085 -0.3589177 0.4760411 -0.8028469 -0.3722429 0.4004172 -0.837318 -0.3726694 0.3974337 -0.8385487 -0.3857225 0.2962925 -0.8737443 -0.3859856 0.2932741 -0.874646 -0.3944178 0.1883174 -0.8994283 -0.3945566 0.1849037 -0.9000754 -0.3981761 0.07989108 -0.9138235 -0.3945984 0.03483593 -0.9181932 -0.4661743 -0.01628375 -0.884543 0.1126353 -0.02995103 -0.9931849 -0.06039273 -0.01210016 -0.9981014 -0.100727 -0.01935452 -0.9947259 -0.005679845 -0.9999741 -0.004411697 -0.6457803 -0.00590521 -0.7635005 5.01425e-5 -0.9999988 -0.00164318 -3.18362e-5 -0.9999994 -0.001204431 0.001119196 -0.9998286 -0.01848179 -0.001222789 -0.999575 -0.02912753 0.002952635 -0.9948056 -0.1017509 0.0127871 -0.8026338 -0.5963352 0.009696125 -0.8844231 -0.4665852 0.0106523 -0.8666688 -0.4987704 0.008193969 -0.9229435 -0.3848481 0.008648693 -0.9167751 -0.3993102 0.005987524 -0.9605315 -0.2781069 0.006426572 -0.9571919 -0.2893829 0.004124343 -0.9817513 -0.1901249 0.005715191 -0.9726858 -0.2320559 0.003154218 -0.9867115 -0.162452 0.02022743 -0.0475136 -0.9986658 0.01961821 -0.1312434 -0.9911561 0.01998692 -0.1214954 -0.9923908 0.01970028 -0.2199854 -0.9753043 0.01962107 -0.2240533 -0.9743794 0.01932996 -0.3191502 -0.947507 0.01914578 -0.3304633 -0.9436246 0.01850515 -0.4331381 -0.9011377 0.01844137 -0.4365492 -0.8994915 0.01700937 -0.5602802 -0.8281285 0.01751708 -0.5382592 -0.8425973 0.01548516 -0.6572587 -0.753506 0.01606303 -0.6345738 -0.7726954 0.01440018 -0.7206323 -0.6931679 0.01432973 -0.7231647 -0.690527 0.01352697 -0.7626678 -0.6466489 0.01184374 -0.8238631 -0.5666651 -0.6453935 -0.05910623 -0.7615601 -0.1521956 -0.9726343 -0.1755536 -0.1625562 -0.9687339 -0.1874307 -0.1893132 -0.9571166 -0.2192912 -0.221572 -0.9408539 -0.2563197 -0.2607778 -0.9167693 -0.3025375 -0.2843094 -0.9002862 -0.3296256 -0.3257836 -0.8663105 -0.378644 -0.344214 -0.849429 -0.3999838 -0.3895258 -0.8016498 -0.4534618 -0.4096736 -0.7777419 -0.4767445 -0.4492927 -0.72363 -0.5239234 -0.4848832 -0.6672846 -0.5653491 -0.5033069 -0.6335308 -0.5876402 -0.5320184 -0.5750693 -0.6214916 -0.5473449 -0.5392183 -0.6400448 -0.5674511 -0.4875464 -0.6635493 -0.5844667 -0.4355595 -0.684607 -0.6029719 -0.3708046 -0.706349 -0.6122815 -0.3300179 -0.7184703 -0.6249149 -0.2675946 -0.7333994 -0.631352 -0.2242209 -0.7423743 -0.6355869 -0.1947562 -0.7470605 -0.6423334 -0.121559 -0.756724 -0.6401504 -0.1398782 -0.7554083 -0.6441774 -0.09495991 -0.7589587 -0.1063783 -0.9866759 -0.1231028 -0.1241946 -0.981854 -0.1433124 -0.1351538 -0.9784948 -0.1558246 -0.004009962 -0.9999818 -0.004526555 -0.006709694 -0.9999479 -0.007712483 -0.01183551 -0.9998242 -0.01454049 -0.01762896 -0.9995778 -0.02310103 -0.03029328 -0.9989114 -0.03547638 -0.08457916 -0.9917248 -0.0965839 -0.001263916 -0.9999983 -0.001382291 -0.001682877 -0.9999983 -6.86838e-4 -0.001090288 -0.9999987 -0.001229763 -0.001092314 -0.9999987 -0.001232981 -9.35291e-4 -0.9999987 -0.001355528 -7.69899e-4 -0.9999987 -0.001455068 -5.98515e-4 -0.9999987 -0.001535117 -4.33299e-4 -0.9999988 -0.001587808 -3.05486e-4 -0.9999987 -0.001616418 -2.71166e-4 -0.9999987 -0.001621961 -2.66479e-4 -0.9999987 -0.001622915 -1.82967e-4 -0.9999986 -0.001634001 -1.72052e-4 -0.9999987 -0.001634299 -1.01464e-4 -0.9999988 -0.001641988 -9.87904e-5 -0.9999987 -0.001641094 -4.73058e-5 -0.9999988 -0.001642823 6.45118e-7 -0.9999987 -0.001643657 6.06198e-5 -0.9999987 -0.001643538 1.76135e-4 -0.9999986 -0.001634359 1.01046e-4 -0.9999988 -0.001640796 -9.3508e-4 -0.9999986 -0.001355767 -0.0165323 -0.9995763 -0.0239591 -0.01653122 -0.9995764 -0.02395623 -0.09243857 -0.9866662 -0.1339595 -0.09240114 -0.9866773 -0.1339033 -0.1320906 -0.9725905 -0.1913635 -0.1326133 -0.9723496 -0.192224 -0.1645985 -0.9570861 -0.2385239 -0.1646637 -0.9570508 -0.2386205 -0.2270225 -0.9166368 -0.3289948 -0.2270125 -0.9166496 -0.3289662 -0.2837684 -0.8662419 -0.4112182 -0.2836418 -0.8663742 -0.411027 -0.3395085 -0.8016678 -0.4919988 -0.3392243 -0.8020458 -0.4915786 -0.3922188 -0.7232719 -0.568368 -0.3925181 -0.7227539 -0.5688201 -0.4392809 -0.6338684 -0.6365872 -0.439231 -0.6339783 -0.6365121 -0.4787521 -0.5380233 -0.6937777 -0.4785828 -0.5384938 -0.6935294 -0.511236 -0.4356297 -0.740854 -0.5112886 -0.4354376 -0.7409305 -0.5361841 -0.3297828 -0.7770135 -0.5362361 -0.3295547 -0.7770743 -0.5535206 -0.2240784 -0.8021246 -0.5535658 -0.2237387 -0.8021883 -0.5637619 -0.1213942 -0.8169677 -0.5637748 -0.1212015 -0.8169873 -7.69714e-4 -0.9999987 -0.001455962 -0.01360857 -0.9995763 -0.02573174 -0.01360714 -0.9995765 -0.02572631 -0.07607525 -0.9866737 -0.1438323 -0.0760796 -0.9866727 -0.143837 -0.1093769 -0.9722439 -0.2068296 -0.1092346 -0.9723219 -0.2065381 -0.1355059 -0.9570805 -0.2561937 -0.1355125 -0.9570773 -0.2562021 -0.1868589 -0.9166667 -0.3532788 -0.186873 -0.9166541 -0.3533042 -0.2337321 -0.8660825 -0.4418942 -0.2334111 -0.866471 -0.4413018 -0.2792391 -0.8020648 -0.5279372 -0.2793846 -0.8018336 -0.5282112 -0.3231153 -0.7227904 -0.6108769 -0.3229437 -0.7231383 -0.6105558 -0.3615788 -0.6339997 -0.6835972 -0.3618158 -0.6333718 -0.6840538 -0.3940631 -0.5382097 -0.7450132 -0.3941262 -0.5379802 -0.7451456 -0.4208913 -0.4354806 -0.7957432 -0.4207278 -0.4362223 -0.7954232 -0.4414155 -0.3296948 -0.8345381 -0.4414026 -0.3297532 -0.8345217 -0.4557211 -0.2235645 -0.86159 -0.4556379 -0.2244052 -0.8614153 -0.4641088 -0.1213093 -0.8774321 -0.4641071 -0.1212701 -0.8774384 -5.9827e-4 -0.9999987 -0.001532673 -0.01057928 -0.9995764 -0.02711534 -0.01057797 -0.9995766 -0.02710789 -0.05914664 -0.9866752 -0.1515711 -0.05912667 -0.9866847 -0.1515164 -0.08482915 -0.9723933 -0.2173831 -0.0848639 -0.9723674 -0.2174852 -0.1053562 -0.9570842 -0.2699816 -0.1053393 -0.9570971 -0.2699424 -0.1453323 -0.9166114 -0.3724273 -0.1452314 -0.9167321 -0.3721695 -0.1815772 -0.8663269 -0.4653037 -0.1815316 -0.8664034 -0.465179 -0.2171011 -0.802111 -0.5563138 -0.2171242 -0.8020495 -0.5563934 -0.2511695 -0.7229617 -0.6436151 -0.2511551 -0.7229924 -0.6435861 -0.28118 -0.6338669 -0.720521 -0.2813863 -0.6331592 -0.7210626 -0.3064462 -0.5379896 -0.7852758 -0.306463 -0.5379163 -0.7853194 -0.3270666 -0.4365873 -0.8381044 -0.3271735 -0.4359706 -0.8383838 -0.3432508 -0.329428 -0.8795773 -0.3432123 -0.3297644 -0.8794662 -0.3542895 -0.2242355 -0.9078532 -0.3542997 -0.2240868 -0.9078859 -0.3608654 -0.1212095 -0.9247078 -0.3608703 -0.1211262 -0.9247168 -1.0144e-4 -0.9999988 -0.001640677 -0.001793682 -0.9995774 -0.02901697 -0.001793742 -0.9995777 -0.02900576 -0.01003187 -0.9867041 -0.1622174 -0.0100286 -0.9867146 -0.1621541 -0.01436871 -0.972536 -0.2323088 -0.01432448 -0.9727134 -0.2315673 -0.01787579 -0.9571528 -0.2890315 -0.01787132 -0.957175 -0.288958 -0.02464896 -0.9168184 -0.3985431 -0.02464991 -0.9168131 -0.3985553 -0.03080737 -0.8665657 -0.4981114 -0.03079259 -0.8667085 -0.4978638 -0.03684896 -0.8023054 -0.5957754 -0.03684294 -0.80238 -0.5956754 -0.04265087 -0.7229438 -0.6895892 -0.04260575 -0.7236812 -0.688818 -0.04770487 -0.6347271 -0.7712626 -0.04773455 -0.6341147 -0.7717643 -0.05202496 -0.5383138 -0.8411371 -0.05199944 -0.5389983 -0.8407003 -0.05554223 -0.4365403 -0.8979687 -0.05555397 -0.4360842 -0.8981896 -0.05827385 -0.3300578 -0.9421603 -0.05826526 -0.3305427 -0.9419909 -0.06016916 -0.2238218 -0.9727711 -0.06016671 -0.2241014 -0.9727068 -0.06127977 -0.1214408 -0.9907054 -0.06127971 -0.1213701 -0.990714 -0.05585306 0.03306907 -0.9978913 -0.05547046 -0.1213794 -0.991055 -0.05547034 -0.1213774 -0.9910554 -0.05445849 -0.224377 -0.9729796 -0.05446106 -0.2241362 -0.9730349 -0.05275279 -0.3299856 -0.9425109 -0.05274194 -0.3305743 -0.9423052 -0.0502792 -0.4365118 -0.8982927 -0.05028879 -0.4361266 -0.8984791 -0.04707658 -0.5388255 -0.8411011 -0.04707115 -0.5390069 -0.8409851 -0.04321634 -0.6339956 -0.7721283 -0.0432111 -0.6341203 -0.7720261 -0.03856658 -0.7237028 -0.6890333 -0.03856402 -0.7237309 -0.689004 -0.03334939 -0.8024262 -0.5958188 -0.03335064 -0.8023955 -0.5958603 -0.02786725 -0.8667935 -0.4978883 -0.02787315 -0.866733 -0.4979931 -0.02231913 -0.9167798 -0.3987691 -0.02231347 -0.9168268 -0.3986614 -0.01617234 -0.9572107 -0.2889398 -0.01617717 -0.9571819 -0.289035 -0.01302951 -0.9724477 -0.2327569 -0.01296973 -0.9727169 -0.2316329 -0.009078085 -0.986717 -0.1621951 -0.009078502 -0.9867165 -0.1621984 -0.001623868 -0.9995778 -0.02901309 -0.001623868 -0.9995778 -0.02901309 -9.18656e-5 -0.9999987 -0.001642286 -9.18721e-5 -0.9999987 -0.001641392 -4.7306e-5 -0.9999988 -0.001644432 -8.36188e-4 -0.9995776 -0.02905046 -8.36139e-4 -0.9995776 -0.02905136 -0.004674315 -0.9867128 -0.1624071 -0.004674077 -0.9867169 -0.1623821 -0.006677329 -0.9727101 -0.2319279 -0.006722152 -0.9723089 -0.2336027 -0.008327543 -0.9571872 -0.2893497 -0.008327186 -0.9571947 -0.2893253 -0.01148694 -0.9168288 -0.3991155 -0.0114842 -0.9168781 -0.3990023 -0.0143491 -0.8667547 -0.4985283 -0.01435166 -0.8666962 -0.4986298 -0.01718121 -0.8020951 -0.5969491 -0.01717102 -0.8024067 -0.5965306 -0.01986896 -0.7232992 -0.690249 -0.01986747 -0.7233551 -0.6901904 -0.0222342 -0.634718 -0.7724239 -0.0222429 -0.6342806 -0.7727829 -0.02424532 -0.5383976 -0.8423421 -0.02424222 -0.5385977 -0.8422143 -0.02588361 -0.4366843 -0.8992425 -0.02588725 -0.4362651 -0.8994458 -0.02715671 -0.3301336 -0.9435435 -0.02715599 -0.3302335 -0.9435086 -0.02803808 -0.2241494 -0.9741514 -0.02803838 -0.2242143 -0.9741365 -0.02855831 -0.1213885 -0.9921942 -0.02855855 -0.1213997 -0.9921928 6.45227e-7 -0.9999987 -0.001644015 1.14034e-5 -0.9995778 -0.02905857 1.13776e-5 -0.9995778 -0.02905744 6.36109e-5 -0.9867216 -0.1624204 6.37169e-5 -0.9867159 -0.1624556 9.16349e-5 -0.9723495 -0.2335309 9.09582e-5 -0.9726312 -0.2323549 1.13308e-4 -0.9572087 -0.2893986 1.1334e-4 -0.9572095 -0.2893959 1.56261e-4 -0.9168981 -0.3991213 1.56652e-4 -0.9167923 -0.3993644 1.95614e-4 -0.8667394 -0.4987612 1.95646e-4 -0.8667368 -0.4987659 2.34041e-4 -0.8024648 -0.5966995 2.34037e-4 -0.8024607 -0.5967049 2.70798e-4 -0.7233922 -0.6904373 2.70797e-4 -0.723398 -0.6904312 3.03178e-4 -0.6343501 -0.773046 3.03172e-4 -0.6343462 -0.7730491 3.30446e-4 -0.5386508 -0.8425291 3.30442e-4 -0.53865 -0.8425297 3.52873e-4 -0.4363286 -0.8997874 3.52149e-4 -0.4369035 -0.8995084 3.69498e-4 -0.33029 -0.9438795 3.69583e-4 -0.3302898 -0.9438796 3.81487e-4 -0.2242463 -0.9745324 3.82318e-4 -0.2239311 -0.9746049 3.89245e-4 -0.1214232 -0.9926007 3.88584e-4 -0.1215778 -0.9925819 6.06267e-5 -0.9999987 -0.001644015 0.001071572 -0.9995774 -0.02905106 0.00107181 -0.9995774 -0.02905362 0.005991756 -0.9867047 -0.1624134 0.00599128 -0.9867066 -0.1624015 0.008567631 -0.9726249 -0.2322226 0.008597731 -0.9724247 -0.2330591 0.01067399 -0.9571707 -0.2893273 0.0106759 -0.9571579 -0.2893698 0.0147292 -0.9167292 -0.3992376 0.01472771 -0.9167495 -0.3991911 0.01839476 -0.8666401 -0.4985948 0.01838773 -0.8667381 -0.4984245 0.02200549 -0.8023341 -0.5964694 0.02200418 -0.8023561 -0.5964398 0.02546036 -0.7232391 -0.6901283 0.02546364 -0.7231693 -0.6902013 0.02850538 -0.6341754 -0.7726637 0.02851349 -0.633932 -0.772863 0.03106731 -0.5384646 -0.8420753 0.03105932 -0.5387515 -0.841892 0.03316533 -0.4367464 -0.8989731 0.03317201 -0.4364305 -0.8991262 0.03480124 -0.3301538 -0.9432854 0.03480499 -0.3299183 -0.9433678 0.03593379 -0.2238388 -0.9739636 0.03593128 -0.2240189 -0.9739223 0.03659498 -0.1215248 -0.9919136 0.03659564 -0.1214965 -0.9919171 0.09972792 -0.07680648 -0.992046 0.09928268 -0.1214634 -0.9876182 0.0992822 -0.1215 -0.9876137 0.09747892 -0.2241014 -0.9696785 0.09748035 -0.2240557 -0.969689 0.09440642 -0.33039 -0.9391112 0.09442371 -0.3299353 -0.9392693 0.08999562 -0.4364588 -0.895212 0.08999395 -0.4364795 -0.8952022 0.08426588 -0.5387743 -0.8382253 0.08426594 -0.5387786 -0.8382224 0.07735097 -0.6340192 -0.7694392 0.07735574 -0.6339541 -0.7694922 0.06905144 -0.7234871 -0.6868758 0.069085 -0.7231696 -0.6872067 0.05968821 -0.8024397 -0.5937406 0.05969649 -0.8023852 -0.5938136 0.04988741 -0.8667469 -0.4962472 0.04988497 -0.8667652 -0.4962154 0.03994381 -0.9168067 -0.3973286 0.03995531 -0.9167578 -0.3974402 0.02894818 -0.9572064 -0.2879549 0.0289632 -0.9571637 -0.2880951 0.02335935 -0.9723554 -0.2323346 0.02331888 -0.972432 -0.2320177 0.01624906 -0.9867178 -0.1616288 0.01625472 -0.9867091 -0.1616818 0.002907037 -0.9995777 -0.02891552 0.002908587 -0.9995774 -0.02892476 1.64494e-4 -0.9999987 -0.00163573 1.6456e-4 -0.9999987 -0.001636683 1.76172e-4 -0.9999986 -0.001635015 0.003113329 -0.9995778 -0.02889096 0.003114342 -0.9995776 -0.02889621 0.01740312 -0.9867233 -0.1614759 0.01741033 -0.9867128 -0.1615384 0.0250203 -0.9723588 -0.2321475 0.02497321 -0.9724639 -0.2317121 0.03101766 -0.9571915 -0.2877888 0.03102344 -0.9571751 -0.2878431 0.04277396 -0.9168789 -0.3968672 0.04276907 -0.9168966 -0.3968269 0.05344825 -0.8667303 -0.4959051 0.05344271 -0.8667616 -0.495851 0.06395775 -0.8023559 -0.5934093 0.06396156 -0.8023214 -0.5934554 0.07397955 -0.7234568 -0.6863944 0.07402646 -0.7230378 -0.6868307 0.08282667 -0.63451 -0.7684639 0.08284002 -0.6343432 -0.7686002 0.09027922 -0.5387459 -0.8376172 0.09029626 -0.5384993 -0.8377739 0.09642243 -0.4363128 -0.8946139 0.09639686 -0.4367929 -0.8943822 0.1011423 -0.3303806 -0.9384131 0.1011501 -0.3301998 -0.9384758 0.1044359 -0.2240561 -0.9689645 0.1044391 -0.2239408 -0.9689908 0.1063657 -0.1215884 -0.9868651 0.1063687 -0.1214724 -0.9868791 1.01085e-4 -0.9999987 -0.001640677 0.001786351 -0.9995777 -0.02900421 0.001787424 -0.9995777 -0.02900892 0.009990513 -0.9867177 -0.1621372 0.009994149 -0.9867104 -0.1621813 0.01432943 -0.9724725 -0.2325767 0.01427835 -0.9726897 -0.2316702 0.01780366 -0.9571855 -0.2889276 0.0178045 -0.9571848 -0.2889295 0.02454459 -0.9169195 -0.3983167 0.02456897 -0.9167619 -0.398678 0.03067356 -0.8667858 -0.4977365 0.03068912 -0.8666573 -0.4979592 0.03671252 -0.8023684 -0.595699 0.03669172 -0.8026002 -0.595388 0.04248636 -0.7231128 -0.6894221 0.0424838 -0.7231612 -0.6893714 0.04754781 -0.634386 -0.7715528 0.04753816 -0.63454 -0.7714267 0.05182516 -0.5385875 -0.8409743 0.05184125 -0.5382174 -0.8412103 0.05533111 -0.4368532 -0.8978295 0.05534237 -0.4365407 -0.8979808 0.05806118 -0.330261 -0.9421022 0.05805599 -0.330445 -0.9420381 0.05994886 -0.2239648 -0.9727518 0.05994707 -0.224032 -0.9727364 0.06105476 -0.1214876 -0.9907134 0.06105452 -0.1214892 -0.9907133 -0.6444531 -0.02745455 -0.7641509 -0.6432991 -0.0194233 -0.7653687 -0.5678551 -0.01940566 -0.8228998 -0.5794886 -0.07682543 -0.8113512 -0.466861 0.05459755 -0.8826438 -0.4821385 -0.0272997 -0.8756696 -0.3635177 -0.01272261 -0.9315004 -0.3647832 -0.01928865 -0.9308927 -0.2926451 -0.01931607 -0.956026 -4.33148e-4 -0.9999987 -0.001588106 -0.007660269 -0.9995766 -0.02807146 -0.00765872 -0.999577 -0.02805757 -0.04283034 -0.9866843 -0.1569066 -0.04281538 -0.986694 -0.15685 -0.06147205 -0.9723733 -0.2251921 -0.06105136 -0.9727604 -0.2236291 -0.07631486 -0.9570903 -0.2795608 -0.0763061 -0.9570988 -0.2795339 -0.1052331 -0.9166912 -0.385491 -0.1051955 -0.9167478 -0.3853667 -0.1314409 -0.8665377 -0.4814935 -0.1313172 -0.8668055 -0.4810449 -0.1572735 -0.8020868 -0.5761265 -0.1573611 -0.8018394 -0.5764471 -0.1818898 -0.7231639 -0.6662958 -0.1819815 -0.7228351 -0.6666276 -0.203745 -0.6335753 -0.7463715 -0.203638 -0.6340906 -0.745963 -0.221973 -0.5381242 -0.8131116 -0.2218939 -0.5385795 -0.8128318 -0.237033 -0.435788 -0.8682765 -0.2370004 -0.4360116 -0.8681732 -0.2485985 -0.3300203 -0.9106511 -0.2486245 -0.3297314 -0.9107487 -0.2566615 -0.2239863 -0.9401889 -0.2566493 -0.2242482 -0.9401298 -0.261412 -0.1212622 -0.95758 -0.2614092 -0.1214106 -0.9575619 -0.2623496 -0.0873745 -0.9610092 -0.2449706 -0.01886659 -0.969347 -3.05385e-4 -0.9999987 -0.001615405 -0.00540018 -0.9995774 -0.02856755 -0.005399346 -0.9995776 -0.02855706 -0.0301935 -0.9867053 -0.1596909 -0.03018194 -0.986716 -0.1596266 -0.0431227 -0.9726907 -0.2280644 -0.04340666 -0.9723067 -0.2296422 -0.05381101 -0.9571366 -0.2845944 -0.05377382 -0.9571982 -0.2843946 -0.074193 -0.9168021 -0.3923892 -0.074175 -0.9168499 -0.3922811 -0.09265613 -0.8667707 -0.490024 -0.09265488 -0.8667755 -0.4900156 -0.1109156 -0.8022546 -0.586588 -0.1109109 -0.8022607 -0.5865804 -0.1283448 -0.7230467 -0.6787719 -0.1282985 -0.7232965 -0.6785144 -0.1436592 -0.6341188 -0.7597733 -0.1435974 -0.634559 -0.7594174 -0.1565573 -0.538464 -0.8279772 -0.1564795 -0.5391424 -0.8275504 -0.1671885 -0.4361788 -0.8841924 -0.1671344 -0.4368224 -0.8838847 -0.1753984 -0.3298368 -0.9276008 -0.175379 -0.330158 -0.9274901 -0.1810646 -0.2242601 -0.957561 -0.1810698 -0.224116 -0.9575937 -0.1844235 -0.1212994 -0.9753331 -0.1844201 -0.1215552 -0.9753019 -0.185765 -0.01885998 -0.9824132 -0.1928856 -0.08414691 -0.9776065 -2.71181e-4 -0.9999987 -0.001621127 -0.004793345 -0.9995778 -0.02865958 -0.004793405 -0.9995778 -0.02865976 -0.02679365 -0.986721 -0.1601995 -0.02679473 -0.9867199 -0.1602058 -0.03847134 -0.9724255 -0.230019 -0.03841918 -0.9725043 -0.2296941 -0.04773873 -0.9572103 -0.2854286 -0.04774874 -0.9571899 -0.2854955 -0.06585901 -0.9168437 -0.393777 -0.06588739 -0.9167686 -0.3939471 -0.08222389 -0.8669198 -0.491619 -0.08222544 -0.8669098 -0.4916364 -0.09848892 -0.8022001 -0.588876 -0.09843355 -0.8024585 -0.5885332 -0.1139043 -0.7233303 -0.6810427 -0.1139411 -0.723133 -0.681246 -0.1274791 -0.6346583 -0.762206 -0.1275472 -0.6341717 -0.7625995 -0.1389438 -0.5390169 -0.830756 -0.1389492 -0.5389716 -0.8307844 -0.1483952 -0.4367275 -0.88727 -0.1484238 -0.436377 -0.8874377 -0.1557024 -0.3302715 -0.9309552 -0.1557199 -0.3299626 -0.9310618 -0.1607589 -0.2241957 -0.9611935 -0.1607574 -0.2242501 -0.9611811 -0.1637362 -0.121543 -0.9789882 -0.1637365 -0.1215202 -0.978991 -0.1649547 -0.007207512 -0.9862749 -0.1668932 -0.04186904 -0.9850857 -2.66555e-4 -0.9999987 -0.001621723 -0.004710137 -0.9995777 -0.02867442 -0.004711151 -0.9995774 -0.02868551 -0.02632588 -0.9867182 -0.1602946 -0.02633446 -0.986709 -0.1603494 -0.03777402 -0.9724687 -0.2299517 -0.03769135 -0.9725667 -0.2295504 -0.04691547 -0.9571805 -0.2856649 -0.04691356 -0.9571848 -0.285651 -0.06471818 -0.9168 -0.3940678 -0.06473016 -0.9167629 -0.3941519 -0.08080655 -0.8668233 -0.4920242 -0.08083385 -0.8667176 -0.492206 -0.09668451 -0.8025367 -0.5887163 -0.09674566 -0.8022518 -0.5890946 -0.1118893 -0.7234001 -0.6813026 -0.1119163 -0.7232369 -0.6814713 -0.1253207 -0.6340165 -0.7630975 -0.1252943 -0.6342324 -0.7629225 -0.1365105 -0.5389176 -0.8312237 -0.1365155 -0.5388547 -0.8312637 -0.1458201 -0.4362729 -0.8879204 -0.1457994 -0.4365695 -0.887778 -0.1529651 -0.3302391 -0.9314203 -0.1529853 -0.3298708 -0.9315475 -0.1579281 -0.2242879 -0.9616411 -0.1579361 -0.2240568 -0.9616938 -0.1608545 -0.1215608 -0.9794636 -0.1608557 -0.121379 -0.9794859 -0.1617643 -0.05979788 -0.9850161 -0.1575024 -0.01937437 -0.9873285 -1.8295e-4 -0.9999987 -0.001634955 -0.003234386 -0.9995776 -0.02888393 -0.003234267 -0.9995777 -0.0288788 -0.01808267 -0.986714 -0.1614574 -0.0180791 -0.9867203 -0.1614199 -0.02595317 -0.972434 -0.2317298 -0.02601945 -0.9722834 -0.2323534 -0.0322141 -0.9572011 -0.2876255 -0.03220337 -0.9572293 -0.2875328 -0.04445707 -0.9167641 -0.3969473 -0.04443556 -0.9168556 -0.3967385 -0.05550777 -0.8667781 -0.4955954 -0.05555874 -0.8665176 -0.4960448 -0.0664314 -0.8023505 -0.5931448 -0.06640458 -0.8025427 -0.5928878 -0.07685625 -0.7233394 -0.686202 -0.07685971 -0.7233039 -0.6862392 -0.08605587 -0.6342309 -0.7683396 -0.08603155 -0.6344891 -0.768129 -0.09377217 -0.5387564 -0.8372266 -0.09377652 -0.5386762 -0.8372777 -0.1001349 -0.4366706 -0.8940312 -0.1001526 -0.4363064 -0.8942071 -0.1050678 -0.3300585 -0.938095 -0.1050567 -0.3303791 -0.9379834 -0.1084738 -0.2241961 -0.9684882 -0.1084761 -0.2240562 -0.9685205 -0.1104826 -0.1213787 -0.9864385 -0.1104826 -0.1215585 -0.9864163 -0.1112871 -0.01938271 -0.9935994 -0.1150358 -0.05756253 -0.9916921 -1.72053e-4 -0.9999988 -0.001635611 -0.003041088 -0.9995778 -0.02889806 -0.003041088 -0.9995778 -0.028898 -0.01699852 -0.9867215 -0.1615301 -0.01699984 -0.9867193 -0.1615427 -0.02448588 -0.9722452 -0.2326797 -0.02430444 -0.9726371 -0.2310549 -0.03028023 -0.9572337 -0.2877272 -0.03028994 -0.957201 -0.287835 -0.04177701 -0.9168722 -0.3969888 -0.04178291 -0.9168424 -0.397057 -0.05223202 -0.8665558 -0.4963396 -0.05218023 -0.8668479 -0.4958348 -0.06243425 -0.8025768 -0.5932727 -0.06247162 -0.8023031 -0.5936388 -0.07226574 -0.7233207 -0.6867204 -0.07227212 -0.7232733 -0.6867696 -0.08088988 -0.6345235 -0.7686592 -0.08090108 -0.634379 -0.7687771 -0.08817386 -0.538677 -0.8378858 -0.0881375 -0.5392456 -0.8375238 -0.09416782 -0.4363503 -0.8948357 -0.09417426 -0.4362379 -0.8948898 -0.09877914 -0.3304203 -0.9386507 -0.09878653 -0.3301993 -0.9387277 -0.1019958 -0.2240751 -0.96922 -0.1019941 -0.2242205 -0.9691865 -0.1038821 -0.1215842 -0.9871301 -0.103883 -0.121375 -0.9871557 -0.104637 -0.01935654 -0.9943222 -0.1046394 -0.01937782 -0.9943215 -0.1143801 -0.01938188 -0.9932481 -0.1135548 -0.1214671 -0.9860787 -0.1135549 -0.1213926 -0.9860879 -0.1114966 -0.223896 -0.9682145 -0.1114873 -0.2243193 -0.9681175 -0.1079896 -0.3300989 -0.9377489 -0.1079822 -0.3303166 -0.937673 -0.1029209 -0.4366359 -0.8937318 -0.1029406 -0.4362656 -0.8939104 -0.09639537 -0.5385258 -0.837077 -0.09635394 -0.5391499 -0.8366801 -0.08839267 -0.6348446 -0.7675671 -0.08843177 -0.6344213 -0.7679124 -0.07902646 -0.7230682 -0.6862414 -0.07899665 -0.7233179 -0.6859816 -0.06828498 -0.8023344 -0.5929561 -0.06829065 -0.8022925 -0.5930121 -0.05707937 -0.8666424 -0.495654 -0.05704474 -0.8668187 -0.4953498 -0.04566913 -0.9168695 -0.3965661 -0.04567587 -0.9168428 -0.396627 -0.03312045 -0.9571775 -0.2876009 -0.03311198 -0.9572 -0.287527 -0.0266093 -0.9725583 -0.2311329 -0.0265963 -0.9726252 -0.2308523 -0.01858794 -0.9867122 -0.1614114 -0.0185824 -0.9867215 -0.1613551 -0.003324925 -0.9995776 -0.02887231 -0.003324627 -0.9995778 -0.02886664 -1.88126e-4 -0.9999986 -0.001631915 -1.88098e-4 -0.9999986 -0.001634299 -0.1143829 -0.01942807 -0.9932467 -0.09145647 -0.01943397 -0.9956195 -0.06166565 -0.04779708 -0.9969518 -0.05928671 -0.01934236 -0.9980536 -0.04889899 -0.01934432 -0.9986164 -9.87925e-5 -0.9999987 -0.001641213 -0.001746177 -0.9995778 -0.02900516 -0.001746118 -0.9995778 -0.0290063 -0.009761035 -0.9867186 -0.1621453 -0.009761512 -0.9867168 -0.1621571 -0.01400834 -0.9724493 -0.2326936 -0.01394331 -0.9727166 -0.231577 -0.01738953 -0.9572126 -0.2888628 -0.01739203 -0.9571993 -0.2889065 -0.02399879 -0.9167839 -0.3986619 -0.02399015 -0.9168556 -0.3984978 -0.02996581 -0.8667896 -0.4977729 -0.02996665 -0.8667863 -0.4977785 -0.03586071 -0.8024148 -0.5956884 -0.03588211 -0.8021245 -0.5960779 -0.04146611 -0.723726 -0.6888406 -0.0414896 -0.7233395 -0.689245 -0.046467 -0.6339917 -0.7719426 -0.04643064 -0.6348127 -0.7712697 -0.0506193 -0.538865 -0.8408699 -0.05063426 -0.5384487 -0.8411357 -0.05406111 -0.4365209 -0.8980684 -0.05405396 -0.4367939 -0.8979361 -0.05672335 -0.3300039 -0.9422738 -0.05672085 -0.3301538 -0.9422215 -0.05855858 -0.2243854 -0.9727395 -0.05855894 -0.2241921 -0.9727841 -0.05964422 -0.1213786 -0.9908128 -0.05964452 -0.1214042 -0.9908096 -0.06008255 -0.01428687 -0.9980912 -0.02876061 -0.02733671 -0.9992126 -0.02055323 0.02422106 -0.9994954 3.91422e-4 -0.02682405 -0.9996402 4.90435e-4 -0.02388566 -0.9997147 0.003548145 -0.01936835 -0.9998062 0.03686177 -0.01935863 -0.9991329 0.03783243 -0.007444918 -0.9992564 0.0947321 -0.02792578 -0.9951111 0.01984089 -0.007747173 -0.9997732 0.01788282 -0.01935678 -0.9996528 0.06479257 -0.01935493 -0.9977111 0.06146049 -0.04024761 -0.9972978 0.1080874 0.004379153 -0.9941318 0.1071586 -0.007873177 -0.9942108 0.1118242 -0.01433384 -0.9936247 0.1110058 -0.1215935 -0.9863533 0.1110084 -0.1214696 -0.9863682 0.108993 -0.2240667 -0.96846 0.1089907 -0.2241238 -0.968447 0.105556 -0.3303791 -0.9379274 0.1055538 -0.3304585 -0.9378997 0.1006298 -0.4363257 -0.894144 0.1006171 -0.4365051 -0.8940579 0.09422039 -0.5387369 -0.8371888 0.09421259 -0.5388238 -0.8371338 0.08644092 -0.6344888 -0.7680833 0.08648204 -0.6340552 -0.7684367 0.07720732 -0.7234763 -0.6860183 0.07720303 -0.723497 -0.685997 0.06674712 -0.8023695 -0.5930837 0.06673079 -0.8024836 -0.5929309 0.05577939 -0.8667378 -0.4956352 0.05577158 -0.8667825 -0.4955582 0.04463958 -0.9168871 -0.3966427 0.04465544 -0.9168219 -0.3967917 0.03237056 -0.9571948 -0.2876288 0.03236269 -0.9572142 -0.2875651 0.02611345 -0.9723818 -0.2319309 0.02612352 -0.9723304 -0.2321451 0.01816278 -0.9867242 -0.1613863 0.01816469 -0.9867209 -0.1614067 0.003249645 -0.9995778 -0.02887493 0.003249645 -0.9995778 -0.02887499 1.83851e-4 -0.9999986 -0.001633882 1.83838e-4 -0.9999986 -0.001633584 0.05269062 0.01330441 0.9985224 -0.1126345 0.03021156 0.9931771 -0.02099913 0.01957571 0.9995879 -0.0213024 0.1409008 0.9897946 -0.02098733 0.1313417 0.991115 -0.02112275 0.2558187 0.966494 -0.02062755 0.2226979 0.9746693 -0.01865065 0.5022379 0.8645284 -0.01938933 0.4516683 0.8919753 -0.02022433 0.3663888 0.930242 -0.01966506 0.3961704 0.9179664 -0.02064406 0.3102861 0.9504191 -9.80359e-4 0.9997448 0.02257323 -0.003029346 0.9919013 0.1269747 -0.002950727 0.9909962 0.1338577 -0.005745172 0.9711847 0.2382588 -0.005823969 0.9678171 0.2515875 -0.007977783 0.93707 0.3490505 -0.008119881 0.9330965 0.3595345 -0.01029032 0.8913656 0.4531682 -0.01037347 0.888104 0.4595258 -0.01236706 0.8320333 0.5545878 -0.01243656 0.8289377 0.5592027 -0.01429295 0.7667987 0.6417286 -0.01448994 0.7550734 0.6554802 -0.01657205 0.6608951 0.7502954 -0.0165205 0.6666828 0.7451585 -0.01797276 0.5666665 0.8237513 -0.01793801 0.5708739 0.8208419 -0.01927947 0.4711139 0.8818617 -0.001605927 0.9997939 0.02023929 -6.28474e-4 0.9997942 0.02028083 0.005617201 0.9999588 0.007134675 -0.002286076 0.9997942 0.02016007 -0.00205332 0.9997941 0.02018779 -0.001097917 0.9997942 0.02026247 -4.00566e-4 0.9997941 0.0202887 -9.93578e-6 0.9997941 0.02028971 1.99445e-4 0.9997941 0.02029061 9.87666e-4 0.9997941 0.02026933 0.00108087 0.9997941 0.0202611 0.002186775 0.999794 0.02018094 0.002330243 0.9997942 0.02015697 0.003081083 0.9997941 0.02005833 0.003402113 0.9997942 0.02000254 0.003573358 0.9997941 0.01997417 0.003575682 0.999794 0.01998227 0.02357929 0.9909996 0.1317718 0.02358859 0.990993 0.13182 0.04432582 0.9678215 0.2477029 0.04435485 0.9677811 0.2478559 0.06334358 0.9331076 0.3539744 0.06333601 0.9331277 0.3539229 0.08093321 0.8882053 0.4522624 0.08103996 0.8878879 0.4528663 0.09847736 0.8291413 0.5502972 0.0985403 0.8289077 0.5506376 0.115545 0.7548331 0.6456597 0.1155682 0.7547221 0.6457853 0.1270655 0.6926308 0.710012 0.1312656 0.6666598 0.7337126 0.1344248 0.6462805 0.7511668 0.144564 0.5714355 0.8078135 0.1445491 0.5715269 0.8077517 0.1553937 0.4710025 0.8683372 0.1554351 0.4705657 0.8685667 0.1639118 0.3663502 0.9159261 0.1639291 0.366094 0.9160254 -0.001605987 0.999794 0.02023333 -0.01059961 0.9909873 0.1335368 -0.01059633 0.9909942 0.1334851 -0.01992398 0.9677835 0.2509949 -0.01991742 0.9678084 0.2508989 -0.02847254 0.9330283 0.3586747 -0.02845919 0.9331015 0.3584855 -0.03638923 0.8880047 0.4583925 -0.0363664 0.8881664 0.458081 -0.04427933 0.8288208 0.5577594 -0.0442866 0.8287484 0.5578665 -0.05190205 0.7549086 0.6537732 -0.05189406 0.7549859 0.6536845 -0.05899786 0.6664941 0.7431721 -0.05900841 0.6663659 0.7432863 -0.06498402 0.5707039 0.8185807 -0.06494408 0.571472 0.8180478 -0.06981641 0.4708959 0.8794219 -0.06981021 0.4710513 0.879339 -0.07364231 0.3662571 0.9275951 -0.07364058 0.3663029 0.9275771 -0.07651048 0.2556845 0.9637281 -0.07651156 0.2555961 0.9637514 -0.07835161 0.140836 0.9869278 -0.07835179 0.1408951 0.9869192 -0.1125798 0.02981001 0.9931955 -0.111505 0.1409802 0.983713 -0.1115053 0.140946 0.9837179 -0.1088845 0.2557258 0.960598 -0.108886 0.2556832 0.9606092 -0.1048135 0.3660189 0.9246861 -0.104798 0.3664005 0.9245367 -0.09933948 0.4712513 0.8763869 -0.09934353 0.4711957 0.8764163 -0.09240996 0.571686 0.8152518 -0.0924164 0.5716067 0.8153067 -0.083961 0.6665565 0.7407112 -0.08396726 0.6664893 0.7407709 -0.07388025 0.7547917 0.6517907 -0.07384181 0.7551112 0.6514251 -0.06295835 0.8291772 0.5554289 -0.06301337 0.8288446 0.5559191 -0.05176812 0.8881078 0.4567108 -0.05174177 0.888233 0.4564703 -0.04048401 0.9331671 0.3571557 -0.04049223 0.9331435 0.3572167 -0.02834117 0.9678219 0.2500352 -0.02833843 0.9678295 0.250006 -0.01507782 0.9909989 0.133018 -0.01507675 0.9910002 0.133009 -0.002285182 0.9997942 0.02016013 -0.002285182 0.9997941 0.02016055 -0.002053499 0.999794 0.02019387 -0.01354372 0.9909983 0.1331874 -0.01354789 0.9909923 0.1332324 -0.02546167 0.9678078 0.2503991 -0.02546739 0.967794 0.2504523 -0.03637588 0.9331144 0.3577349 -0.0363745 0.9331194 0.3577222 -0.04649478 0.8881221 0.4572501 -0.04651141 0.8880365 0.4574145 -0.0565555 0.8291283 0.5561903 -0.05660599 0.8287867 0.5566944 -0.06637245 0.7546642 0.6527455 -0.06636321 0.7547426 0.6526558 -0.07537996 0.666898 0.7413265 -0.07539385 0.6667332 0.7414734 -0.08302116 0.5713701 0.8164827 -0.08301347 0.5714972 0.8163944 -0.08923453 0.4710306 0.8775918 -0.08923369 0.4710437 0.8775849 -0.09413135 0.3662608 0.9257388 -0.09414577 0.365831 0.9259073 -0.09779876 0.2555928 0.9618253 -0.09779316 0.2558339 0.9617617 -0.1001497 0.1409507 0.9849381 -0.1001502 0.1409332 0.9849405 -0.001097857 0.9997941 0.02026319 -0.007243454 0.9909971 0.133688 -0.007243156 0.9909986 0.1336759 -0.01361715 0.9678099 0.2513139 -0.01361793 0.9678047 0.2513337 -0.01944947 0.9331516 0.3589566 -0.01944887 0.933155 0.3589478 -0.0248689 0.8880984 0.4589804 -0.02487182 0.8880748 0.4590258 -0.0302698 0.8288436 0.558661 -0.03026658 0.8288881 0.5585953 -0.03548824 0.7548317 0.6549578 -0.03547644 0.7550198 0.6547416 -0.04031997 0.6668338 0.7441149 -0.04032981 0.6666117 0.7443134 -0.04439556 0.5715681 0.8193528 -0.0443989 0.5714547 0.8194317 -0.04772216 0.471149 0.8807618 -0.0477249 0.4710471 0.8808161 -0.0503509 0.3659244 0.9292816 -0.0503444 0.3663386 0.9291188 -0.05230432 0.2559024 0.9652867 -0.05230432 0.2557857 0.9653176 -0.05356401 0.1409799 0.9885625 -0.05356276 0.1408751 0.9885774 -4.00682e-4 0.9997942 0.02028733 -0.002643465 0.9909985 0.1338468 -0.002643406 0.9909986 0.1338465 -0.004969894 0.9678055 0.2516505 -0.004969656 0.9678137 0.2516187 -0.007098317 0.933155 0.3594042 -0.007098317 0.9331607 0.3593896 -0.009077608 0.8880741 0.459611 -0.009076297 0.8881255 0.4595113 -0.011047 0.8288893 0.5593037 -0.01104474 0.829009 0.5591262 -0.01294916 0.7550258 0.6555674 -0.01295316 0.7548276 0.6557954 -0.0147196 0.6666256 0.7452474 -0.01471626 0.6669086 0.7449942 -0.01620739 0.5714341 0.8204879 -0.01620978 0.5711954 0.8206541 -0.01741993 0.4710614 0.8819284 -0.01741772 0.4714352 0.8817287 -0.0183773 0.366335 0.9303016 -0.01837778 0.3661419 0.9303776 -0.01909208 0.2557864 0.9665448 -0.01909083 0.2556354 0.9665848 -0.01955068 0.1408801 0.9898337 -0.01955157 0.1409589 0.9898224 0.05914127 -0.01113939 0.9981875 0.05855447 0.1409497 0.9882837 0.05855238 0.1410755 0.9882658 0.05717444 0.2559115 0.965008 0.05717682 0.2557972 0.9650382 0.05504161 0.3659454 0.9290072 0.0550341 0.3662689 0.9288802 0.0521636 0.4712859 0.8804366 0.05217379 0.4709828 0.8805982 0.04855334 0.5710133 0.8195039 0.04853922 0.5713665 0.8192585 0.04407483 0.6668125 0.7439211 0.04408395 0.6666524 0.744064 0.03876721 0.7552283 0.6543145 0.03877627 0.7550761 0.6544896 0.03307563 0.8290145 0.5582482 0.03307682 0.8289995 0.5582704 0.02719604 0.8880051 0.4590288 0.02717804 0.8881694 0.458712 0.02126228 0.9331398 0.3588846 0.02125847 0.9331705 0.3588049 0.01488369 0.9678171 0.2512139 0.01488202 0.9678238 0.2511887 0.007916867 0.9909996 0.1336304 0.007917284 0.9909992 0.1336332 0.00120002 0.9997942 0.02025502 0.001199841 0.9997942 0.02025395 0.00233066 0.9997942 0.02015793 0.01537412 0.9910007 0.1329711 0.01537752 0.9909972 0.1329968 0.02890932 0.9678073 0.2500268 0.02890974 0.9678049 0.250036 0.04128664 0.9331626 0.3570759 0.0412808 0.9331836 0.3570216 0.05277448 0.8881871 0.4564414 0.05279147 0.888118 0.4565736 0.06423312 0.8290075 0.5555365 0.0642296 0.8290318 0.5555006 0.07532668 0.7549064 0.6514925 0.07534241 0.7548049 0.6516081 0.08559381 0.6668425 0.7402667 0.08562707 0.6665304 0.7405439 0.09425294 0.5715286 0.8151513 0.09426617 0.5713678 0.8152624 0.1013239 0.4709728 0.8763094 0.1013269 0.4709322 0.8763309 0.1068694 0.3664787 0.9242686 0.1068701 0.3664601 0.9242759 0.111047 0.2555264 0.9604035 0.1110393 0.2557484 0.9603453 0.1137107 0.141019 0.9834549 0.1137171 0.1408584 0.9834772 0.003080606 0.9997941 0.02005678 0.02032673 0.9909963 0.1323381 0.02032363 0.9909985 0.132322 0.03821277 0.9678025 0.2487937 0.03820168 0.9678202 0.2487261 0.05456 0.9331863 0.3552278 0.05459606 0.933098 0.3554538 0.06977099 0.8881309 0.4542641 0.06976532 0.888154 0.4542195 0.08488255 0.8290744 0.5526577 0.08489704 0.8290191 0.5527386 0.09958761 0.7547671 0.6483895 0.09960079 0.7546986 0.6484673 0.1131655 0.6665793 0.7367943 0.1131182 0.6669197 0.7364934 0.1245747 0.5714949 0.8110949 0.1246291 0.5710188 0.8114218 0.133925 0.470925 0.8719484 0.1338868 0.4713632 0.8717174 0.1412508 0.3664325 0.9196606 0.1412826 0.3659492 0.919848 0.1467666 0.2556825 0.9555554 0.1467544 0.2559297 0.955491 0.1502982 0.1408263 0.9785594 0.1502919 0.1409658 0.9785403 -0.02111554 0.01999729 0.9995771 -0.06583428 0.01999574 0.9976303 -0.0790463 -0.04899334 0.9956663 -0.09741467 0.01992887 0.9950444 -0.1140869 0.01992911 0.9932709 -0.002286076 0.9997942 0.02016025 -0.01508384 0.990999 0.1330174 -0.01508265 0.9910006 0.1330051 -0.02835303 0.9678227 0.2500309 -0.02835583 0.9678147 0.2500615 -0.04050016 0.9331718 0.3571419 -0.04051148 0.9331243 0.3572646 -0.05179083 0.8881041 0.4567154 -0.05178105 0.8881413 0.4566439 -0.06298333 0.8291875 0.5554109 -0.0629875 0.8291533 0.5554615 -0.07390999 0.7547893 0.6517902 -0.07392007 0.7547178 0.6518719 -0.08399403 0.6665574 0.7407066 -0.08395576 0.666929 0.7403764 -0.09244632 0.5717052 0.8152343 -0.09246885 0.5714176 0.8154333 -0.09938007 0.4712548 0.8763804 -0.09938949 0.4710674 0.8764801 -0.1048563 0.3659998 0.9246888 -0.1048446 0.3663037 0.9245698 -0.108929 0.2557282 0.9605923 -0.1089322 0.2556041 0.9606249 -0.11155 0.1409808 0.9837078 -0.1115498 0.1409682 0.9837096 -0.112623 0.0303381 0.9931746 -0.1009145 0.06959414 0.9924581 -0.09475094 0.02064955 0.9952868 -0.05409193 0.01954013 0.9983448 -0.05417931 0.02003073 0.9983303 -0.0197454 0.02003163 0.9996044 -0.0197426 0.02001929 0.9996047 -0.003002583 0.02002137 0.999795 -9.9379e-6 0.9997941 0.02028954 -6.55507e-5 0.9910003 0.1338602 -6.55656e-5 0.9910002 0.1338602 -1.23241e-4 0.9678197 0.2516451 -1.23241e-4 0.9678182 0.2516506 -1.76037e-4 0.9331731 0.3594273 -1.76037e-4 0.9331738 0.3594257 -2.25086e-4 0.888139 0.4595752 -2.25086e-4 0.8881397 0.4595737 -2.73888e-4 0.8290339 0.5591984 -2.73843e-4 0.8290301 0.5592039 -3.21221e-4 0.754856 0.6558905 -3.21222e-4 0.7548589 0.6558871 -3.64874e-4 0.6669552 0.7450977 -3.64961e-4 0.6669487 0.7451036 -4.02016e-4 0.5712276 0.8207917 -4.02012e-4 0.5712206 0.8207966 -4.31931e-4 0.4714733 0.8818804 -4.31407e-4 0.4708725 0.8822012 -4.55007e-4 0.3661695 0.9305481 -4.55006e-4 0.3661683 0.9305486 -4.72845e-4 0.2556632 0.9667659 -4.73367e-4 0.2560005 0.9666766 -4.84943e-4 0.1409695 0.9900138 -4.84814e-4 0.1409696 0.9900138 -4.8958e-4 0.02248913 0.999747 -4.89706e-4 0.02248966 0.999747 1.99805e-4 0.9997941 0.02029281 0.001317977 0.9909986 0.1338659 0.001318514 0.9909964 0.1338829 0.002478241 0.9678125 0.2516602 0.002478599 0.9678124 0.2516608 0.003539919 0.9331579 0.3594494 0.003541529 0.9331228 0.3595406 0.004526913 0.88812 0.4595894 0.004525065 0.8881849 0.459464 0.005507349 0.8290105 0.559206 0.005505561 0.8290953 0.5590802 0.006458759 0.7548247 0.6558949 0.006464004 0.7545384 0.6562242 0.007339 0.6669188 0.7450944 0.007337749 0.6670414 0.7449845 0.008083939 0.5711828 0.8207831 0.008082568 0.5713135 0.8206922 0.008688032 0.4708428 0.8821744 0.00868684 0.4709734 0.8821047 0.0091632 0.3661388 0.9305152 0.009162664 0.3662455 0.9304732 0.009518325 0.255973 0.9666371 0.009521722 0.2557204 0.966704 0.009750306 0.1409553 0.9899681 0.009753286 0.1408407 0.9899843 0.009846746 0.03067094 0.999481 0.02055346 -0.02337199 0.9995155 9.87187e-4 0.9997942 0.020267 0.006513714 0.9909968 0.1337276 0.006513237 0.9909976 0.1337214 0.01224362 0.9678128 0.2513733 0.01224231 0.9678193 0.2513482 0.01749253 0.9331215 0.3591357 0.01748734 0.9331578 0.3590416 0.02235239 0.8881922 0.4589284 0.02235621 0.8881518 0.4590062 0.02719992 0.8290926 0.5584493 0.02720993 0.8289691 0.5586321 0.03192716 0.7545335 0.6554845 0.03189492 0.7550718 0.6548659 0.03624093 0.6670643 0.7441182 0.03626322 0.6666095 0.7445245 0.03992855 0.5712913 0.8197757 0.03992778 0.5713183 0.8197568 0.0429151 0.47099 0.8810941 0.0429157 0.470968 0.8811058 0.04526883 0.3662455 0.9294165 0.04526853 0.3662438 0.9294172 0.0470311 0.2557275 0.9656043 0.04703086 0.2557671 0.9655938 0.04816401 0.1408353 0.9888609 0.04815769 0.1410647 0.9888284 0.04859817 0.04354494 0.9978688 0.06039667 0.002781152 0.9981706 0.001081645 0.999794 0.02026671 0.007133841 0.991001 0.1336646 0.007135689 0.990997 0.1336942 0.01341211 0.9678207 0.2512835 0.01342064 0.9677808 0.2514368 0.01916152 0.9331475 0.3589826 0.01915627 0.9331799 0.3588987 0.02450835 0.8880129 0.4591652 0.02450865 0.8880159 0.4591591 0.02980494 0.8290339 0.5584034 0.02979403 0.8291721 0.5581989 0.03493475 0.755243 0.6545133 0.03497958 0.7545531 0.6553061 0.03972005 0.666849 0.7441336 0.03971588 0.6669379 0.7440542 0.04375666 0.5710417 0.8197541 0.04375505 0.5710948 0.8197172 0.04701066 0.4713013 0.8807186 0.04701358 0.4712075 0.8807685 0.04960471 0.365944 0.9293139 0.04960149 0.3660776 0.9292615 0.05152666 0.2559233 0.965323 0.0515322 0.2556244 0.9654018 0.05277115 0.1409532 0.9886089 0.0527696 0.1410222 0.9885991 0.05329167 0.02011293 0.9983764 0.08292704 0.02011948 0.9963525 0.002185225 0.9997941 0.02017331 0.01442098 0.9909943 0.1331256 0.01441735 0.9909986 0.1330937 0.02712154 0.9677695 0.2503733 0.02710109 0.9678158 0.2501961 0.03870958 0.9331621 0.3573656 0.03870558 0.9331775 0.3573259 0.04952681 0.88797 0.4572271 0.04951739 0.888011 0.4571484 0.06020909 0.8290981 0.5558518 0.0602231 0.829014 0.5559758 0.07067525 0.7545168 0.6524642 0.07064551 0.7547473 0.6522007 0.08024412 0.6669044 0.74081 0.08022695 0.6670778 0.7406557 0.08840566 0.5710221 0.8161607 0.08836424 0.5715409 0.8158019 0.09498691 0.4711308 0.8769341 0.09502124 0.4705581 0.8772379 0.100217 0.366004 0.9252014 0.1001946 0.3664707 0.9250192 0.1041112 0.2555743 0.9611673 0.1041049 0.2557327 0.9611259 0.106611 0.1409916 0.9842538 0.1066102 0.1410053 0.9842519 0.1075286 0.05407637 0.9927303 0.1112672 0.02001839 0.9935889 0.1082141 0.0200178 0.9939261 0.1071536 0.1410474 0.9841869 0.1071544 0.1410248 0.98419 0.1046426 0.2555304 0.9611213 0.1046375 0.2556948 0.9610781 0.1007075 0.3664284 0.9249801 0.1007069 0.3664228 0.9249824 0.09547805 0.4710065 0.8769475 0.09550547 0.4705212 0.877205 0.08882045 0.5714675 0.8158039 0.08881556 0.5715675 0.8157343 0.08065962 0.6668158 0.7408446 0.08062428 0.6671711 0.7405285 0.07097846 0.754953 0.6519263 0.07100164 0.7547743 0.6521309 0.06053012 0.829004 0.5559573 0.06052678 0.8290232 0.5559291 0.04973417 0.888174 0.456808 0.04976969 0.8880124 0.4571181 0.03890424 0.9331708 0.3573218 0.0389024 0.9331802 0.3572974 0.0272426 0.9678065 0.2502167 0.02723914 0.9678139 0.2501885 0.01448756 0.9910017 0.1330636 0.01449012 0.9909985 0.1330867 0.002196073 0.9997941 0.02017027 0.002196311 0.9997942 0.02017199 0.108261 0.01926475 0.9939358 0.1027573 0.02001518 0.9945051 0.1148396 0.02001595 0.9931824 0.1148078 0.02019709 0.9931825 0.1517769 0.02019482 0.9882085 0.1518075 0.02002149 0.9882073 0.170212 0.02002507 0.9852041 0.003402173 0.9997942 0.02000254 0.02244484 0.9910011 0.1319589 0.022444 0.9910012 0.1319585 0.04219377 0.9678236 0.2480669 0.04219543 0.9678186 0.2480866 0.06028342 0.9331405 0.354422 0.06029665 0.9331134 0.3544908 0.07703763 0.8882071 0.4529384 0.07703769 0.8882163 0.4529206 0.09376209 0.8290554 0.5512493 0.09373754 0.8291427 0.5511224 0.1099884 0.7548128 0.6466531 0.1099839 0.7548297 0.6466342 0.1249222 0.6670622 0.7344539 0.1249992 0.6665445 0.7349106 0.1376411 0.5711253 0.809241 0.1375774 0.5716734 0.8088647 0.1478883 0.4712939 0.869489 0.1479151 0.471006 0.8696405 0.1560488 0.3659629 0.917453 0.1560259 0.3662703 0.9173343 0.162089 0.2560622 0.952974 0.1621054 0.2556973 0.9530692 0.1660041 0.1410146 0.9759905 0.1660088 0.1408692 0.9760107 0.1676631 0.01457935 0.9857366 0.1669966 0.02241992 0.9857025 0.1694827 0.2726995 0.9470537 0.1702283 0.2558376 0.9516142 0.1718731 0.219309 0.9603975 0.1744045 0.1408402 0.9745497 0.1744044 0.1408288 0.9745514 0.1757436 0.06872713 0.982034 0.1885717 0.02003204 0.9818552 0.008149683 0.9999582 -0.004150986 0.006991803 0.9997901 0.01925748 0.4525148 0.398191 0.7979187 0.43608 0.4812961 0.760387 0.0198388 0.9992468 -0.03335213 0.6260853 0.4601335 0.6295192 0.05134338 0.982784 -0.1774809 0.03285098 0.9781251 -0.2054073 0.01848053 0.9744136 -0.2240015 0.004474282 0.9707514 -0.2400454 0.1229449 0.9879271 -0.0942592 0.06869715 0.987806 -0.1397147 0.1559749 0.9869174 -0.04081505 0.139102 0.9881459 -0.06494987 0.1088755 0.9890648 -0.09948348 0.2146735 0.9762356 0.0296545 0.2208106 0.9744827 0.04032713 0.1893177 0.9818987 -0.005805313 0.4234015 0.8564587 0.2953129 0.4257218 0.8578684 0.2877898 0.3723713 0.9013429 0.2211799 0.3794274 0.8940879 0.237995 0.3650819 0.9070308 0.2097867 0.6077423 0.4736498 0.6374207 0.5402917 0.6556585 0.5274437 0.582005 0.558072 0.5914609 0.503847 0.7237635 0.4714919 0.547797 0.6418798 0.5365714 0.4482275 0.8038809 0.3909828 0.5063968 0.7217271 0.4718817 0.3855983 0.8707717 0.3050751 0.458502 0.7923565 0.4024266 0.6692783 0.1810762 0.7206096 0.667101 0.2402089 0.705178 0.6673153 0.2380809 0.7056967 0.6575372 0.3239927 0.6802011 0.6448472 0.3885399 0.6581861 0.6477628 0.1011486 0.7550976 0.6447285 0.06040674 0.7620213 0.6464809 0.07365453 0.7593664 0.6433193 0.02243608 0.7652693 0.6185461 -0.08049267 0.7816148 0.6186829 0.004556834 0.7856277 0.03765988 0.9987851 -0.03177988 0.1858868 0.9473795 0.2606113 0.1656587 0.9610033 0.221427 0.127036 0.9806758 0.1487845 0.1223781 0.9826228 0.1395576 0.06626254 0.9971774 0.03530919 0.06200546 0.9977467 0.02563309 0.02221119 0.9986301 -0.04738003 0.2905803 0.9453396 0.1479737 0.2009488 0.9786943 0.04215639 0.03930133 0.9914642 -0.1243152 0.1304532 0.9912995 -0.01753216 0.1188649 0.9924432 -0.03046023 0.09177005 0.9936063 -0.06576329 0.07584679 0.9935439 -0.08436739 0.06011462 0.9852382 -0.1602873 0.06190586 0.98572 -0.1566008 0.187982 0.9789957 0.07893127 0.2447781 0.9575447 0.1522888 0.2610666 0.9497221 0.1728361 0.2889781 0.9337741 0.2110871 0.3371338 0.9001979 0.2756531 0.4064143 0.8515073 0.3313048 0.396701 0.8610618 0.3181211 0.4947527 -0.5491811 0.6735132 0.3594517 0.9036538 0.2328186 0.2833438 0.948751 0.1399571 0.2957054 0.9465591 0.1287801 0.2908004 0.9496427 0.1166788 0.4157665 0.5602951 0.7163851 0.414595 0.5645834 0.7136922 0.3891211 0.6424393 0.6601944 0.3864747 0.6496111 0.6547082 0.3560706 0.7226182 0.5924836 0.3534833 0.7282019 0.5871726 0.3191757 0.7932504 0.5185372 0.3157847 0.7989969 0.5117462 0.2795562 0.853093 0.4405461 0.2762066 0.8575758 0.4339054 0.2411119 0.8989291 0.3657752 0.2366387 0.9035946 0.3570982 0.1994668 0.9372759 0.285879 0.5782238 0.2932992 0.7613363 0.5610221 0.4032771 0.7229259 0.03421717 0.9944319 -0.09967219 0.04756021 0.9972237 -0.05729687 0.08397936 0.9964594 -0.004048407 0.09089934 0.9958267 0.008164584 0.1551601 0.9824267 0.1037456 0.1624933 0.9799494 0.1153056 0.2060196 0.9616059 0.1813014 0.2133932 0.957771 0.1927123 0.2463694 0.9381399 0.2433018 0.2526832 0.933768 0.2534333 0.2898796 0.9050461 0.3112257 0.2959344 0.8996248 0.3210889 0.3362207 0.859565 0.3848423 0.3421267 0.8528188 0.3945243 0.3824122 0.8014071 0.4598997 0.3876919 0.7937816 0.4686211 0.4261578 0.7311298 0.5327653 0.4307979 0.7225658 0.5406587 0.465085 0.6511493 0.5997505 0.4682182 0.6436156 0.6054179 0.4966526 0.5679593 0.656322 0.4994739 0.5590726 0.6617882 0.5213238 0.4836735 0.7030516 0.5234114 0.4752 0.7072663 0.1647854 0.9790103 0.1199365 0.4666906 0.2983916 0.8325637 0.4672014 0.2931075 0.8341529 0.4758349 0.1893073 0.8589202 0.4759625 0.1849745 0.8597931 0.4789008 0.08130466 0.8740959 0.478564 0.0768646 0.8746819 0.4777656 0.01850634 0.8782925 0.437039 0.4766228 0.7627763 0.4518225 0.4024606 0.7961671 0.5175725 0.3985564 0.7571471 0.5331217 0.2940767 0.7932845 0.5326165 0.2975132 0.7923418 0.5419812 0.1849301 0.819791 0.6486032 0.1469058 0.746815 0.6191317 -0.174316 0.7656956 0.6319382 0.1835076 0.7529803 0.6276822 0.2469961 0.7382466 0.5373794 0.007634043 0.8433061 0.5653633 0.05334901 0.8231149 0.5658403 0.07526046 0.821073 0.566521 0.08310431 0.8198462 0.5199174 -0.3012583 0.7993306 0.5868287 0.189001 0.7873442 0.5776656 0.2971027 0.7602845 0.6232336 0.2918236 0.7255474 0.6094794 0.3972252 0.6861102 0.508257 0.7134714 0.4823209 0.5698219 0.5869722 0.5751233 0.2586998 0.2938542 0.9201762 0.2493114 0.3972208 0.8832098 0.2392751 0.4742584 0.8472464 0.225111 0.5572971 0.7992153 0.2234351 0.02005457 0.9745126 0.2483116 0.07964944 0.9654002 0.2458829 0.1408506 0.9590113 0.2444313 0.1859366 0.9516727 0.2425861 0.2195699 0.9449557 0.2178707 -0.4829794 0.8480939 0.01950937 0.9997961 0.005209684 0.3240603 0.1854121 0.9276893 0.324009 0.1869491 0.9273986 0.3161063 0.2934514 0.902199 0.3160585 0.2941505 0.9019882 0.3043583 0.396794 0.8659796 0.3040853 0.3988683 0.8651221 0.292652 0.4738265 0.830568 0.2922449 0.4763665 0.8292574 0.2768068 0.5569494 0.7830615 0.2763736 0.5590644 0.7817063 0.257174 0.6392778 0.7246968 0.2564586 0.6420228 0.7225204 0.2341058 0.7169731 0.6566157 0.2326129 0.7215787 0.6520854 0.2081223 0.7873932 0.5802562 0.2061659 0.7922053 0.5743748 0.1807943 0.8467882 0.5002632 0.1787289 0.8508399 0.4940926 0.1536892 0.8938408 0.4212225 0.1512477 0.8976707 0.413898 0.1158918 0.9431928 0.3113783 0.1132074 0.9462057 0.3031156 0.07521027 0.9782435 0.1933472 0.07225221 0.9802441 0.1841228 0.03337734 0.9968268 0.07226502 0.03088653 0.9975614 0.0625897 1.60007e-4 0.9996791 -0.02533239 0.005575656 0.9999788 -0.003349602 0.001103222 0.9999751 0.006977021 0.02055507 0.9968767 0.07625222 0.03320026 0.9909866 0.1297822 0.05172276 0.9782985 0.2006415 0.06251496 0.9677565 0.244007 0.08269745 0.9432462 0.3216332 0.08939856 0.9330602 0.3484346 0.1114093 0.8939071 0.4341866 0.1143203 0.8878429 0.4457195 0.1321842 0.8469271 0.5150164 0.1390151 0.8288062 0.5419919 0.1532282 0.7875125 0.5969465 0.1630619 0.7545532 0.6356574 0.1733559 0.7168666 0.6753149 0.1792083 0.6930143 0.6982948 0.1911396 0.6394644 0.7446818 0.1898193 0.6459184 0.7394309 0.08687305 0.9374707 0.3370487 0.1855011 0.5718745 0.7990926 0.1987169 0.4707401 0.859602 0.2099167 0.3662463 0.9065312 0.2184695 0.272816 0.9369326 0.255968 0.05890661 0.9648888 0.2848601 0.02613317 0.9582129 0.3284859 0.02579623 0.9441566 0.3361026 0.005974829 0.9418064 0.3989565 0.04389506 0.9159186 0.01667237 0.9995656 -0.02430737 0.01641482 0.9997389 -0.01589852 0.04348826 0.9979805 0.04630041 0.04690247 0.997306 0.05639982 0.09373533 0.9818531 0.1648588 0.09757125 0.9798319 0.1743823 0.1433169 0.9488896 0.2811919 0.1469308 0.9456423 0.2901241 0.1893328 0.901133 0.3900162 0.1926209 0.8969784 0.3979034 0.2222818 0.8551465 0.4683111 0.225552 0.8498896 0.4762499 0.2558253 0.7958887 0.5487393 0.258022 0.7914297 0.5541335 0.2875943 0.7252596 0.6255303 0.2895096 0.7203509 0.6303007 0.316049 0.6455838 0.6952228 0.3174021 0.641169 0.6986833 0.3395613 0.5627534 0.7536623 0.3408075 0.5576885 0.7568579 0.3583784 0.4789448 0.8013595 0.3590894 0.4752581 0.8032339 0.3721413 0.4011017 0.8370355 0.3726365 0.3976224 0.8384739 0.3857585 0.2959765 0.8738356 0.3860145 0.2929266 0.8747496 0.3944252 0.1880685 0.8994772 0.3945285 0.185488 0.8999676 0.3981839 0.07996177 0.9138138 0.3946006 0.03483611 0.9181923 0.4661788 -0.01630061 0.8845404</float_array>
          <technique_common>
            <accessor source="#Helice_13-mesh-normals-array" count="5847" stride="3">
              <param name="X" type="float"/>
              <param name="Y" type="float"/>
              <param name="Z" type="float"/>
            </accessor>
          </technique_common>
        </source>
        <vertices id="Helice_13-mesh-vertices">
          <input semantic="POSITION" source="#Helice_13-mesh-positions"/>
        </vertices>
        <triangles material="Material_008-material" count="6088">
          <input semantic="VERTEX" source="#Helice_13-mesh-vertices" offset="0"/>
          <input semantic="NORMAL" source="#Helice_13-mesh-normals" offset="1"/>
          <p>0 0 1 0 2 0 2 1 1 1 3 1 2 2 3 2 4 2 4 3 3 3 5 3 4 4 5 4 6 4 6 5 5 5 7 5 6 6 7 6 8 6 8 7 7 7 9 7 8 8 9 8 10 8 10 9 9 9 11 9 10 10 11 10 12 10 12 11 11 11 13 11 14 12 15 12 16 12 16 13 15 13 17 13 16 14 17 14 18 14 19 15 20 15 21 15 21 16 20 16 18 16 21 17 18 17 22 17 22 18 18 18 17 18 23 19 24 19 25 19 25 20 24 20 26 20 27 21 25 21 28 21 28 22 25 22 29 22 27 23 30 23 25 23 25 24 30 24 31 24 25 25 31 25 32 25 32 26 33 26 25 26 25 27 33 27 34 27 25 28 34 28 35 28 35 29 36 29 25 29 25 30 36 30 37 30 25 31 37 31 38 31 38 32 39 32 25 32 25 33 39 33 40 33 25 34 40 34 23 34 19 35 29 35 20 35 20 36 29 36 25 36 20 37 25 37 41 37 42 38 43 38 41 38 41 39 44 39 45 39 45 40 46 40 41 40 41 41 46 41 47 41 41 42 47 42 48 42 48 43 49 43 41 43 41 44 49 44 50 44 41 45 50 45 42 45 43 46 51 46 41 46 41 47 51 47 52 47 41 48 52 48 20 48 26 49 53 49 25 49 25 50 53 50 54 50 25 51 54 51 41 51 41 52 54 52 55 52 41 53 55 53 44 53 13 54 56 54 12 54 12 55 56 55 57 55 12 56 57 56 58 56 58 57 57 57 15 57 58 58 15 58 59 58 59 59 15 59 14 59 60 60 61 60 0 60 0 61 61 61 62 61 0 62 62 62 1 62 63 63 64 63 65 63 65 64 64 64 66 64 65 65 66 65 67 65 67 66 66 66 68 66 67 67 68 67 69 67 69 68 68 68 70 68 69 69 70 69 60 69 60 70 70 70 71 70 60 71 71 71 61 71 63 72 65 72 72 72 72 73 65 73 73 73 72 74 73 74 74 74 75 75 76 75 73 75 75 76 73 76 77 76 78 77 79 77 73 77 80 78 81 78 73 78 73 79 81 79 82 79 73 80 82 80 83 80 83 81 84 81 73 81 73 82 84 82 85 82 73 83 85 83 78 83 79 84 86 84 73 84 73 85 86 85 87 85 73 86 87 86 77 86 76 87 88 87 73 87 73 88 88 88 89 88 73 89 89 89 74 89 90 90 91 90 92 90 93 91 81 91 94 91 94 91 81 91 80 91 92 92 91 92 94 92 94 93 91 93 95 93 94 94 95 94 93 94 90 95 92 95 96 95 96 96 92 96 97 96 96 97 97 97 98 97 98 98 97 98 99 98 98 99 99 99 100 99 100 100 99 100 101 100 101 101 99 101 102 101 101 102 102 102 103 102 103 103 102 103 104 103 104 104 102 104 105 104 104 105 105 105 106 105 106 106 105 106 107 106 107 107 105 107 108 107 107 108 108 108 109 108 109 109 108 109 110 109 110 110 108 110 111 110 110 111 111 111 112 111 112 112 111 112 113 112 113 113 111 113 114 113 113 114 114 114 115 114 115 115 114 115 116 115 116 116 114 116 117 116 116 117 117 117 118 117 118 118 117 118 119 118 119 119 117 119 120 119 119 120 120 120 121 120 121 121 120 121 122 121 121 121 122 121 123 121 124 122 125 122 122 122 122 123 125 123 126 123 122 124 126 124 123 124 127 125 128 125 129 125 129 126 128 126 130 126 129 127 130 127 124 127 124 128 130 128 131 128 124 129 131 129 125 129 132 130 133 130 134 130 134 131 133 131 135 131 134 132 135 132 127 132 127 133 135 133 136 133 127 134 136 134 128 134 132 135 134 135 137 135 137 136 134 136 138 136 137 137 138 137 139 137 140 138 141 138 139 138 139 139 141 139 142 139 139 137 142 137 137 137 143 140 144 140 140 140 140 141 144 141 145 141 140 142 145 142 141 142 140 143 146 143 143 143 143 144 146 144 147 144 143 145 147 145 148 145 148 146 147 146 149 146 148 146 149 146 150 146 151 147 152 147 153 147 154 148 155 148 156 148 156 149 155 149 157 149 156 150 157 150 158 150 158 151 157 151 159 151 158 152 159 152 152 152 152 153 159 153 160 153 152 154 160 154 153 154 54 155 53 155 161 155 161 156 53 156 162 156 161 157 162 157 163 157 163 158 162 158 164 158 163 159 164 159 154 159 154 160 164 160 165 160 154 161 165 161 155 161 166 162 167 162 168 162 168 163 167 163 169 163 168 164 169 164 170 164 170 165 169 165 171 165 170 166 171 166 172 166 172 167 171 167 173 167 172 168 173 168 174 168 174 169 173 169 175 169 174 170 175 170 176 170 176 171 175 171 177 171 178 172 179 172 180 172 180 173 179 173 181 173 180 174 181 174 177 174 177 175 181 175 182 175 177 176 182 176 176 176 180 177 183 177 178 177 178 178 183 178 184 178 178 179 184 179 185 179 185 180 184 180 186 180 185 181 186 181 187 181 187 182 186 182 188 182 187 183 188 183 189 183 189 184 188 184 190 184 189 185 190 185 191 185 191 186 190 186 192 186 191 187 192 187 193 187 193 188 192 188 194 188 193 189 194 189 195 189 195 190 194 190 196 190 195 191 196 191 197 191 196 192 198 192 197 192 197 193 198 193 199 193 197 194 199 194 200 194 200 195 199 195 201 195 153 196 202 196 151 196 151 197 202 197 203 197 151 198 203 198 204 198 204 199 203 199 205 199 204 200 205 200 201 200 201 201 205 201 206 201 201 202 206 202 200 202 207 203 208 203 209 203 209 203 208 203 210 203 209 203 210 203 211 203 211 204 210 204 212 204 207 203 213 203 208 203 208 203 213 203 214 203 208 205 214 205 215 205 216 203 217 203 218 203 219 206 220 206 221 206 221 203 220 203 208 203 221 207 208 207 222 207 222 203 208 203 215 203 222 203 215 203 223 203 216 208 218 208 224 208 224 203 218 203 225 203 224 203 225 203 226 203 227 209 228 209 229 209 229 203 228 203 230 203 229 203 230 203 210 203 210 210 230 210 231 210 210 203 231 203 212 203 226 203 225 203 232 203 232 203 225 203 233 203 232 211 233 211 234 211 235 203 236 203 237 203 237 203 236 203 238 203 233 212 239 212 234 212 234 203 239 203 240 203 234 203 240 203 241 203 241 203 240 203 242 203 241 203 242 203 243 203 243 213 242 213 244 213 243 203 244 203 245 203 245 203 244 203 246 203 245 203 246 203 238 203 238 214 246 214 247 214 238 203 247 203 237 203 235 215 248 215 236 215 236 203 248 203 249 203 236 203 249 203 250 203 250 203 249 203 251 203 250 203 251 203 252 203 252 203 253 203 250 203 250 216 253 216 254 216 250 217 254 217 255 217 255 203 254 203 256 203 255 218 256 218 227 218 227 203 256 203 257 203 227 203 257 203 228 203 258 219 259 219 260 219 260 220 259 220 261 220 261 221 259 221 262 221 261 221 262 221 263 221 264 222 265 222 140 222 140 223 265 223 266 223 140 224 266 224 146 224 146 225 266 225 267 225 146 226 267 226 147 226 147 221 267 221 268 221 147 221 268 221 149 221 269 227 270 227 271 227 271 228 270 228 258 228 271 221 258 221 272 221 272 221 258 221 260 221 273 221 274 221 111 221 111 221 108 221 273 221 273 229 108 229 105 229 273 221 105 221 102 221 94 230 80 230 73 230 127 221 120 221 117 221 275 221 276 221 273 221 273 231 276 231 277 231 273 232 277 232 278 232 278 221 279 221 273 221 273 233 279 233 280 233 273 234 280 234 281 234 281 221 282 221 273 221 273 235 282 235 283 235 273 236 283 236 284 236 284 221 285 221 273 221 273 237 285 237 286 237 273 238 286 238 271 238 271 239 286 239 287 239 271 240 287 240 269 240 102 221 99 221 288 221 288 221 99 221 97 221 288 241 97 241 289 241 289 242 97 242 92 242 289 221 92 221 290 221 290 221 92 221 94 221 120 221 127 221 122 221 122 221 127 221 129 221 122 221 129 221 124 221 140 221 139 221 264 221 264 243 139 243 138 243 264 221 138 221 274 221 274 244 138 244 134 244 274 221 134 221 111 221 111 245 134 245 127 245 111 221 127 221 114 221 114 221 127 221 117 221 102 246 288 246 273 246 273 221 288 221 291 221 273 247 291 247 275 247 73 221 65 221 94 221 94 248 65 248 67 248 94 249 67 249 69 249 2 221 290 221 0 221 0 250 290 250 94 250 0 251 94 251 60 251 60 252 94 252 69 252 292 253 293 253 294 253 295 254 296 254 297 254 222 255 298 255 299 255 300 256 301 256 302 256 303 257 304 257 305 257 303 258 305 258 306 258 307 259 308 259 305 259 307 260 305 260 309 260 308 261 310 261 305 261 305 262 310 262 311 262 305 263 311 263 312 263 312 264 313 264 305 264 305 265 313 265 314 265 305 266 314 266 306 266 304 267 315 267 305 267 305 268 315 268 316 268 305 269 316 269 317 269 317 270 318 270 305 270 305 271 318 271 167 271 305 272 167 272 166 272 319 273 320 273 321 273 321 274 320 274 322 274 321 275 322 275 323 275 323 276 324 276 321 276 321 277 324 277 325 277 321 278 325 278 326 278 326 279 327 279 321 279 321 280 327 280 328 280 321 281 328 281 329 281 329 282 330 282 321 282 321 283 330 283 331 283 321 284 331 284 332 284 332 285 333 285 321 285 321 286 333 286 334 286 321 287 334 287 335 287 261 288 263 288 336 288 336 289 263 289 337 289 336 290 337 290 305 290 305 291 337 291 338 291 305 292 338 292 309 292 336 293 339 293 261 293 261 294 339 294 340 294 261 295 340 295 260 295 260 296 340 296 341 296 260 297 341 297 272 297 272 298 341 298 342 298 272 299 342 299 271 299 271 300 342 300 343 300 271 301 343 301 273 301 273 302 343 302 344 302 273 303 344 303 274 303 274 304 344 304 345 304 274 305 345 305 264 305 264 306 345 306 346 306 264 307 346 307 265 307 265 308 346 308 347 308 265 309 347 309 266 309 266 310 347 310 348 310 266 311 348 311 267 311 267 312 348 312 349 312 267 313 349 313 268 313 350 314 351 314 352 314 353 315 354 315 352 315 352 316 354 316 355 316 352 317 355 317 350 317 356 318 357 318 352 318 352 319 357 319 358 319 352 320 358 320 359 320 302 321 301 321 352 321 352 322 301 322 360 322 352 323 360 323 356 323 359 324 361 324 352 324 352 325 361 325 362 325 352 326 362 326 353 326 351 327 363 327 352 327 352 328 363 328 364 328 352 329 364 329 150 329 268 330 349 330 149 330 149 331 349 331 365 331 149 332 365 332 150 332 366 333 367 333 302 333 302 334 367 334 368 334 302 335 368 335 300 335 369 336 370 336 371 336 371 337 372 337 369 337 369 338 372 338 373 338 369 339 373 339 366 339 366 340 373 340 374 340 366 341 374 341 367 341 375 342 376 342 377 342 377 343 378 343 375 343 375 344 378 344 379 344 375 345 379 345 370 345 370 346 379 346 380 346 370 347 380 347 371 347 381 348 382 348 383 348 383 349 384 349 381 349 381 350 384 350 385 350 381 351 385 351 376 351 376 352 385 352 386 352 376 353 386 353 377 353 298 296 222 296 387 296 222 354 223 354 387 354 387 355 223 355 388 355 387 356 388 356 382 356 382 357 388 357 389 357 382 358 389 358 383 358 334 359 390 359 335 359 335 360 390 360 219 360 335 361 219 361 299 361 299 362 219 362 221 362 299 295 221 295 222 295 391 363 392 363 393 363 391 364 393 364 394 364 395 365 396 365 393 365 395 366 393 366 397 366 396 367 398 367 393 367 393 368 398 368 399 368 393 369 399 369 400 369 400 370 401 370 393 370 393 371 401 371 402 371 393 372 402 372 394 372 392 373 403 373 393 373 393 374 403 374 404 374 393 375 404 375 405 375 405 376 406 376 393 376 393 377 406 377 407 377 393 378 407 378 408 378 409 379 410 379 411 379 411 380 410 380 412 380 411 381 412 381 413 381 413 382 414 382 411 382 411 383 414 383 415 383 411 384 415 384 416 384 416 385 417 385 411 385 411 386 417 386 418 386 411 387 418 387 419 387 419 388 420 388 411 388 411 389 420 389 421 389 411 390 421 390 422 390 422 391 423 391 411 391 411 392 423 392 424 392 411 393 424 393 425 393 426 394 427 394 428 394 428 395 427 395 429 395 428 396 429 396 393 396 393 397 429 397 430 397 393 398 430 398 397 398 428 399 431 399 426 399 426 400 431 400 432 400 426 401 432 401 433 401 433 402 432 402 434 402 433 403 434 403 435 403 435 404 434 404 436 404 435 405 436 405 437 405 437 406 436 406 438 406 437 407 438 407 439 407 439 408 438 408 440 408 439 409 440 409 441 409 441 410 440 410 442 410 441 411 442 411 443 411 443 412 442 412 444 412 443 413 444 413 445 413 445 414 444 414 446 414 445 415 446 415 447 415 447 416 446 416 448 416 447 417 448 417 449 417 449 418 448 418 450 418 449 419 450 419 451 419 452 420 453 420 454 420 455 421 456 421 454 421 454 422 456 422 457 422 454 423 457 423 452 423 458 424 459 424 454 424 454 425 459 425 460 425 454 426 460 426 461 426 297 427 296 427 454 427 454 428 296 428 462 428 454 429 462 429 458 429 461 430 463 430 454 430 454 431 463 431 464 431 454 432 464 432 455 432 453 433 465 433 454 433 454 434 465 434 466 434 454 435 466 435 467 435 451 436 450 436 468 436 468 437 450 437 469 437 468 438 469 438 467 438 470 439 471 439 297 439 297 440 471 440 472 440 297 441 472 441 295 441 473 442 474 442 475 442 475 443 476 443 473 443 473 444 476 444 477 444 473 445 477 445 470 445 470 446 477 446 478 446 470 447 478 447 471 447 479 448 480 448 481 448 481 449 482 449 479 449 479 450 482 450 483 450 479 451 483 451 474 451 474 452 483 452 484 452 474 453 484 453 475 453 485 454 486 454 487 454 487 455 488 455 485 455 485 456 488 456 489 456 485 457 489 457 480 457 480 458 489 458 490 458 480 459 490 459 481 459 293 402 292 402 491 402 292 460 492 460 491 460 491 461 492 461 493 461 491 462 493 462 486 462 486 463 493 463 494 463 486 464 494 464 487 464 424 465 495 465 425 465 425 466 495 466 496 466 425 467 496 467 294 467 294 468 496 468 497 468 294 401 497 401 292 401 467 438 469 438 454 438 454 469 469 469 498 469 454 469 498 469 499 469 499 470 498 470 500 470 499 470 500 470 501 470 501 471 500 471 502 471 501 471 502 471 503 471 503 472 502 472 504 472 503 472 504 472 505 472 505 473 504 473 305 473 505 473 305 473 321 473 321 474 305 474 166 474 321 475 166 475 319 475 150 332 365 332 352 332 352 476 365 476 506 476 352 476 506 476 507 476 507 477 506 477 508 477 507 477 508 477 509 477 509 478 508 478 510 478 509 478 510 478 511 478 511 479 510 479 512 479 511 479 512 479 513 479 513 480 512 480 393 480 513 480 393 480 411 480 411 481 393 481 408 481 411 482 408 482 409 482 514 483 498 483 515 483 515 484 498 484 469 484 515 221 469 221 516 221 516 485 469 485 450 485 516 221 450 221 517 221 517 221 450 221 448 221 517 221 448 221 518 221 518 486 448 486 446 486 518 221 446 221 519 221 519 487 446 487 444 487 519 488 444 488 520 488 520 489 444 489 442 489 520 490 442 490 521 490 521 491 442 491 440 491 521 492 440 492 522 492 522 493 440 493 438 493 522 221 438 221 523 221 523 494 438 494 436 494 523 495 436 495 524 495 524 496 436 496 434 496 524 221 434 221 525 221 525 497 434 497 432 497 525 221 432 221 526 221 526 498 432 498 431 498 526 499 431 499 527 499 527 500 431 500 428 500 527 221 428 221 528 221 528 221 428 221 393 221 528 221 393 221 529 221 529 501 393 501 512 501 529 502 512 502 530 502 530 503 512 503 510 503 530 504 510 504 531 504 531 221 510 221 508 221 531 221 508 221 532 221 532 505 508 505 506 505 532 506 506 506 533 506 533 507 506 507 365 507 533 221 365 221 534 221 534 508 365 508 349 508 534 221 349 221 535 221 535 221 349 221 348 221 535 221 348 221 536 221 536 509 348 509 347 509 536 221 347 221 537 221 537 498 347 498 346 498 537 510 346 510 538 510 538 511 346 511 345 511 538 512 345 512 539 512 539 513 345 513 344 513 539 514 344 514 540 514 540 515 344 515 343 515 540 221 343 221 541 221 541 516 343 516 342 516 541 517 342 517 542 517 542 518 342 518 341 518 542 221 341 221 543 221 543 519 341 519 340 519 543 221 340 221 544 221 544 520 340 520 339 520 544 521 339 521 545 521 545 522 339 522 336 522 545 221 336 221 546 221 546 221 336 221 305 221 546 221 305 221 547 221 547 489 305 489 504 489 547 523 504 523 548 523 548 524 504 524 502 524 548 525 502 525 549 525 549 221 502 221 500 221 549 221 500 221 514 221 514 508 500 508 498 508 531 526 550 526 530 526 530 526 550 526 551 526 530 527 551 527 529 527 529 527 551 527 552 527 529 528 552 528 528 528 528 528 552 528 553 528 528 529 553 529 527 529 527 529 553 529 554 529 527 530 554 530 526 530 526 530 554 530 555 530 526 531 555 531 525 531 525 531 555 531 556 531 525 532 556 532 524 532 524 532 556 532 557 532 524 533 557 533 523 533 523 533 557 533 558 533 523 534 558 534 522 534 522 534 558 534 559 534 522 535 559 535 521 535 521 535 559 535 560 535 521 536 560 536 520 536 520 536 560 536 561 536 520 537 561 537 519 537 519 537 561 537 562 537 519 538 562 538 518 538 518 538 562 538 563 538 518 539 563 539 517 539 517 539 563 539 564 539 517 540 564 540 516 540 516 540 564 540 565 540 516 541 565 541 515 541 515 541 565 541 566 541 515 542 566 542 514 542 514 542 566 542 567 542 514 543 567 543 549 543 549 543 567 543 568 543 549 544 568 544 548 544 548 544 568 544 569 544 548 545 569 545 547 545 547 545 569 545 570 545 547 546 570 546 546 546 546 546 570 546 571 546 546 547 571 547 545 547 545 547 571 547 572 547 545 548 572 548 544 548 544 548 572 548 573 548 544 549 573 549 543 549 543 549 573 549 574 549 543 550 574 550 542 550 542 550 574 550 575 550 542 551 575 551 541 551 541 551 575 551 576 551 541 552 576 552 540 552 540 552 576 552 577 552 540 553 577 553 539 553 539 553 577 553 578 553 539 554 578 554 538 554 538 554 578 554 579 554 538 555 579 555 537 555 537 555 579 555 580 555 537 556 580 556 536 556 536 556 580 556 581 556 536 557 581 557 535 557 535 557 581 557 582 557 535 558 582 558 534 558 534 558 582 558 583 558 534 559 583 559 533 559 533 559 583 559 584 559 533 560 584 560 532 560 532 560 584 560 585 560 532 561 585 561 531 561 531 561 585 561 550 561 555 203 294 203 556 203 556 562 294 562 293 562 556 563 293 563 557 563 557 564 293 564 491 564 557 565 491 565 558 565 558 566 491 566 486 566 558 567 486 567 559 567 559 568 486 568 485 568 559 203 485 203 560 203 560 569 485 569 480 569 560 570 480 570 561 570 561 571 480 571 479 571 561 203 479 203 562 203 562 572 479 572 474 572 562 203 474 203 563 203 563 573 474 573 473 573 563 574 473 574 564 574 564 575 473 575 470 575 564 203 470 203 565 203 565 203 470 203 297 203 565 203 297 203 566 203 566 576 297 576 454 576 566 577 454 577 567 577 567 578 454 578 499 578 567 579 499 579 568 579 568 203 499 203 501 203 568 203 501 203 569 203 569 580 501 580 503 580 569 581 503 581 570 581 570 582 503 582 505 582 570 203 505 203 571 203 571 583 505 583 321 583 571 203 321 203 572 203 572 203 321 203 335 203 572 203 335 203 573 203 573 584 335 584 299 584 573 203 299 203 574 203 574 585 299 585 298 585 574 586 298 586 575 586 575 587 298 587 387 587 575 588 387 588 576 588 576 589 387 589 382 589 576 590 382 590 577 590 577 591 382 591 381 591 577 203 381 203 578 203 578 592 381 592 376 592 578 593 376 593 579 593 579 594 376 594 375 594 579 203 375 203 580 203 580 595 375 595 370 595 580 203 370 203 581 203 581 562 370 562 369 562 581 596 369 596 582 596 582 597 369 597 366 597 582 203 366 203 583 203 583 203 366 203 302 203 583 203 302 203 584 203 584 598 302 598 352 598 584 599 352 599 585 599 585 600 352 600 507 600 585 601 507 601 550 601 550 203 507 203 509 203 550 203 509 203 551 203 551 602 509 602 511 602 551 603 511 603 552 603 552 604 511 604 513 604 552 203 513 203 553 203 553 580 513 580 411 580 553 203 411 203 554 203 554 203 411 203 425 203 554 203 425 203 555 203 555 605 425 605 294 605 586 606 587 606 588 606 588 607 587 607 589 607 588 608 589 608 590 608 591 609 592 609 593 609 593 610 592 610 590 610 593 611 590 611 594 611 594 612 590 612 589 612 595 613 596 613 597 613 597 614 596 614 598 614 599 615 597 615 600 615 600 616 597 616 601 616 599 617 602 617 597 617 597 618 602 618 603 618 597 619 603 619 604 619 604 620 605 620 597 620 597 621 605 621 606 621 597 622 606 622 607 622 607 623 608 623 597 623 597 624 608 624 609 624 597 625 609 625 610 625 610 626 611 626 597 626 597 627 611 627 612 627 597 628 612 628 595 628 591 629 601 629 592 629 592 630 601 630 597 630 592 631 597 631 613 631 614 632 615 632 613 632 613 633 616 633 617 633 617 634 618 634 613 634 613 635 618 635 619 635 613 636 619 636 620 636 620 637 621 637 613 637 613 638 621 638 622 638 613 639 622 639 614 639 615 640 623 640 613 640 613 641 623 641 624 641 613 642 624 642 592 642 598 643 625 643 597 643 597 644 625 644 626 644 597 645 626 645 613 645 613 646 626 646 627 646 613 647 627 647 616 647 586 648 628 648 587 648 587 649 628 649 629 649 587 650 629 650 630 650 630 651 629 651 631 651 630 652 631 652 632 652 633 653 634 653 635 653 635 654 634 654 636 654 635 655 636 655 637 655 637 656 636 656 638 656 637 657 638 657 639 657 639 658 638 658 640 658 639 659 640 659 641 659 641 660 640 660 642 660 641 661 642 661 643 661 643 662 642 662 644 662 643 663 644 663 631 663 631 664 644 664 645 664 631 665 645 665 632 665 646 666 647 666 633 666 633 667 647 667 648 667 633 668 648 668 634 668 649 669 650 669 651 669 651 670 650 670 652 670 651 671 652 671 653 671 653 672 652 672 654 672 653 673 654 673 655 673 655 674 654 674 656 674 655 675 656 675 646 675 646 676 656 676 657 676 646 677 657 677 647 677 649 678 651 678 658 678 658 679 651 679 659 679 658 680 659 680 660 680 661 681 662 681 659 681 661 682 659 682 663 682 664 683 665 683 659 683 666 684 667 684 659 684 659 685 667 685 668 685 659 686 668 686 669 686 669 687 670 687 659 687 659 688 670 688 671 688 659 689 671 689 664 689 665 690 672 690 659 690 659 691 672 691 673 691 659 692 673 692 663 692 662 693 674 693 659 693 659 694 674 694 675 694 659 695 675 695 660 695 676 696 677 696 678 696 679 697 667 697 680 697 680 697 667 697 666 697 678 698 677 698 680 698 680 699 677 699 681 699 680 700 681 700 679 700 676 701 678 701 682 701 682 702 678 702 683 702 682 703 683 703 684 703 684 704 683 704 685 704 684 705 685 705 686 705 686 706 685 706 687 706 687 707 685 707 688 707 687 708 688 708 689 708 689 709 688 709 690 709 690 710 688 710 691 710 690 711 691 711 692 711 692 712 691 712 693 712 693 713 691 713 694 713 693 714 694 714 695 714 695 715 694 715 696 715 696 716 694 716 697 716 696 717 697 717 698 717 698 718 697 718 699 718 699 719 697 719 700 719 699 720 700 720 701 720 701 721 700 721 702 721 702 722 700 722 703 722 702 723 703 723 704 723 704 724 703 724 705 724 705 725 703 725 706 725 705 726 706 726 707 726 707 727 706 727 708 727 707 727 708 727 709 727 710 728 711 728 708 728 708 729 711 729 712 729 708 730 712 730 709 730 713 731 714 731 715 731 715 732 714 732 716 732 715 733 716 733 710 733 710 734 716 734 717 734 710 735 717 735 711 735 718 736 719 736 720 736 720 737 719 737 721 737 720 738 721 738 713 738 713 739 721 739 722 739 713 740 722 740 714 740 718 741 720 741 723 741 723 742 720 742 724 742 723 743 724 743 725 743 726 744 727 744 725 744 725 745 727 745 728 745 725 743 728 743 723 743 729 746 730 746 726 746 726 747 730 747 731 747 726 748 731 748 727 748 726 749 732 749 729 749 729 750 732 750 733 750 729 751 733 751 734 751 734 752 733 752 468 752 734 752 468 752 467 752 735 753 736 753 737 753 738 754 739 754 740 754 740 755 739 755 741 755 740 756 741 756 742 756 742 757 741 757 743 757 742 758 743 758 736 758 736 759 743 759 744 759 736 760 744 760 737 760 626 761 625 761 745 761 745 762 625 762 746 762 745 763 746 763 747 763 747 764 746 764 748 764 747 765 748 765 738 765 738 766 748 766 749 766 738 767 749 767 739 767 408 768 407 768 750 768 750 769 407 769 751 769 750 770 751 770 752 770 752 771 751 771 753 771 752 772 753 772 754 772 754 773 753 773 755 773 754 774 755 774 756 774 756 775 755 775 757 775 756 776 757 776 758 776 758 777 757 777 759 777 760 778 761 778 762 778 762 779 761 779 763 779 762 780 763 780 759 780 759 781 763 781 764 781 759 782 764 782 758 782 762 783 765 783 760 783 760 784 765 784 766 784 760 785 766 785 767 785 767 786 766 786 768 786 767 787 768 787 769 787 769 788 768 788 770 788 769 789 770 789 771 789 771 790 770 790 772 790 771 791 772 791 773 791 773 792 772 792 774 792 773 793 774 793 775 793 775 794 774 794 776 794 775 795 776 795 777 795 777 796 776 796 778 796 777 797 778 797 779 797 779 798 778 798 780 798 779 799 780 799 781 799 737 800 782 800 735 800 735 801 782 801 783 801 735 801 783 801 784 801 784 802 783 802 785 802 784 803 785 803 786 803 786 804 785 804 787 804 786 805 787 805 781 805 781 806 787 806 788 806 781 807 788 807 779 807 789 203 790 203 791 203 791 203 790 203 792 203 791 203 792 203 793 203 793 808 792 808 794 808 789 203 795 203 790 203 790 203 795 203 796 203 790 809 796 809 797 809 798 203 799 203 800 203 496 810 801 810 497 810 497 203 801 203 790 203 497 811 790 811 292 811 292 203 790 203 797 203 292 203 797 203 492 203 798 812 800 812 802 812 802 203 800 203 803 203 802 203 803 203 804 203 805 813 806 813 807 813 807 203 806 203 808 203 807 203 808 203 792 203 792 814 808 814 809 814 792 203 809 203 794 203 804 203 803 203 810 203 810 203 803 203 811 203 810 203 811 203 812 203 813 203 814 203 815 203 815 203 814 203 816 203 811 212 817 212 812 212 812 203 817 203 818 203 812 203 818 203 819 203 819 203 818 203 820 203 819 203 820 203 821 203 821 815 820 815 822 815 821 203 822 203 823 203 823 203 822 203 824 203 823 203 824 203 816 203 816 816 824 816 825 816 816 203 825 203 815 203 813 817 826 817 814 817 814 203 826 203 827 203 814 203 827 203 828 203 828 203 827 203 829 203 828 203 829 203 830 203 830 818 831 818 828 818 828 203 831 203 832 203 828 819 832 819 833 819 833 203 832 203 834 203 833 820 834 820 805 820 805 203 834 203 835 203 805 203 835 203 806 203 836 821 837 821 433 821 443 822 445 822 726 822 726 823 445 823 447 823 726 824 447 824 732 824 732 825 447 825 449 825 732 826 449 826 733 826 733 221 449 221 451 221 733 221 451 221 468 221 433 827 837 827 426 827 426 221 837 221 838 221 426 221 838 221 427 221 839 221 840 221 437 221 437 828 840 828 836 828 437 221 836 221 435 221 435 221 836 221 433 221 439 829 441 829 697 829 841 221 842 221 439 221 439 830 842 830 843 830 439 831 843 831 844 831 844 221 845 221 439 221 439 832 845 832 846 832 439 833 846 833 847 833 847 834 848 834 439 834 439 835 848 835 849 835 439 836 849 836 850 836 850 221 851 221 439 221 439 837 851 837 852 837 439 838 852 838 437 838 437 839 852 839 853 839 437 840 853 840 839 840 697 841 694 841 439 841 439 221 694 221 691 221 439 842 691 842 688 842 680 843 666 843 659 843 713 221 706 221 703 221 688 844 685 844 854 844 854 845 685 845 683 845 854 221 683 221 855 221 855 846 683 846 678 846 855 221 678 221 856 221 856 847 678 847 680 847 706 221 713 221 708 221 708 221 713 221 715 221 708 221 715 221 710 221 726 221 725 221 443 221 443 848 725 848 724 848 443 221 724 221 441 221 441 849 724 849 720 849 441 850 720 850 697 850 697 851 720 851 713 851 697 221 713 221 700 221 700 221 713 221 703 221 688 221 854 221 439 221 439 221 854 221 857 221 439 852 857 852 841 852 659 221 651 221 680 221 680 853 651 853 653 853 680 854 653 854 655 854 635 221 856 221 633 221 633 221 856 221 680 221 633 855 680 855 646 855 646 856 680 856 655 856 858 857 247 857 246 857 859 858 860 858 861 858 862 859 863 859 3 859 71 860 70 860 864 860 68 861 66 861 865 861 64 862 63 862 866 862 74 863 89 863 867 863 77 864 87 864 868 864 86 865 79 865 869 865 361 866 359 866 870 866 356 867 871 867 357 867 368 868 872 868 300 868 367 869 374 869 873 869 380 870 379 870 874 870 386 871 385 871 875 871 875 872 385 872 384 872 384 873 383 873 215 873 383 874 389 874 215 874 215 875 389 875 388 875 215 876 388 876 223 876 379 877 378 877 874 877 874 878 378 878 377 878 874 879 377 879 386 879 371 880 876 880 372 880 372 881 876 881 873 881 372 882 873 882 373 882 373 883 873 883 374 883 872 884 368 884 877 884 878 885 360 885 301 885 871 886 356 886 879 886 364 887 363 887 880 887 78 888 85 888 881 888 881 889 85 889 84 889 83 890 82 890 882 890 61 891 883 891 62 891 62 892 883 892 1 892 884 893 885 893 886 893 886 894 885 894 887 894 886 895 887 895 888 895 384 896 215 896 875 896 875 897 215 897 214 897 875 898 214 898 889 898 889 899 214 899 213 899 889 900 213 900 890 900 890 901 213 901 207 901 890 902 207 902 891 902 891 903 207 903 209 903 891 904 209 904 892 904 892 905 209 905 211 905 892 906 211 906 893 906 211 907 212 907 893 907 893 908 212 908 231 908 893 909 231 909 894 909 895 910 128 910 136 910 231 911 230 911 894 911 894 912 230 912 228 912 894 913 228 913 896 913 896 914 228 914 257 914 896 915 257 915 897 915 897 916 257 916 256 916 897 917 256 917 898 917 898 918 256 918 254 918 898 919 254 919 899 919 899 920 254 920 253 920 899 921 253 921 900 921 253 922 252 922 900 922 900 923 252 923 251 923 900 924 251 924 901 924 251 925 249 925 901 925 901 926 249 926 248 926 901 927 248 927 902 927 902 928 248 928 235 928 902 929 235 929 903 929 903 930 235 930 237 930 903 931 237 931 904 931 905 932 240 932 906 932 906 933 240 933 239 933 906 934 239 934 907 934 907 935 239 935 233 935 907 936 233 936 908 936 908 937 233 937 225 937 908 938 225 938 909 938 909 939 225 939 218 939 909 940 218 940 910 940 910 941 218 941 217 941 910 942 217 942 911 942 911 943 217 943 912 943 911 944 912 944 884 944 884 945 912 945 913 945 884 946 913 946 885 946 914 947 880 947 915 947 915 948 880 948 363 948 915 949 363 949 351 949 148 950 916 950 143 950 143 951 916 951 917 951 143 952 917 952 144 952 144 953 917 953 918 953 144 954 918 954 145 954 145 955 918 955 919 955 145 956 919 956 141 956 301 957 300 957 878 957 878 958 300 958 872 958 878 959 872 959 920 959 920 960 872 960 877 960 920 961 877 961 921 961 921 962 877 962 922 962 921 963 922 963 923 963 923 964 922 964 924 964 923 965 924 965 925 965 150 966 364 966 148 966 148 967 364 967 880 967 148 968 880 968 916 968 916 969 880 969 914 969 916 970 914 970 917 970 917 971 914 971 926 971 917 972 926 972 918 972 918 973 926 973 927 973 918 974 927 974 919 974 919 975 927 975 928 975 919 976 928 976 929 976 929 977 928 977 930 977 929 978 930 978 931 978 931 979 930 979 932 979 931 980 932 980 933 980 934 981 132 981 137 981 132 982 934 982 133 982 133 983 934 983 935 983 133 984 935 984 135 984 141 985 919 985 142 985 142 986 919 986 929 986 142 987 929 987 137 987 137 988 929 988 931 988 137 989 931 989 934 989 934 990 931 990 933 990 934 991 933 991 935 991 935 992 933 992 936 992 935 993 936 993 937 993 937 994 936 994 938 994 937 995 938 995 939 995 135 996 935 996 136 996 136 997 935 997 937 997 136 998 937 998 895 998 895 999 937 999 939 999 895 1000 939 1000 940 1000 128 1001 895 1001 941 1001 941 1002 895 1002 940 1002 941 1003 940 1003 942 1003 942 1004 940 1004 943 1004 942 1005 943 1005 944 1005 944 1006 125 1006 942 1006 942 1007 125 1007 131 1007 942 1008 131 1008 941 1008 941 1009 131 1009 130 1009 941 1010 130 1010 128 1010 945 1011 123 1011 944 1011 944 1012 123 1012 126 1012 944 1013 126 1013 125 1013 943 1014 946 1014 944 1014 944 1015 946 1015 947 1015 944 1016 947 1016 945 1016 945 1017 947 1017 948 1017 949 1018 118 1018 950 1018 950 1019 118 1019 119 1019 950 1020 119 1020 121 1020 371 1021 380 1021 876 1021 876 1022 380 1022 874 1022 876 1023 874 1023 951 1023 951 1024 874 1024 952 1024 951 1025 952 1025 953 1025 953 1026 952 1026 954 1026 953 1027 954 1027 955 1027 955 1028 954 1028 956 1028 955 1029 956 1029 957 1029 957 1030 956 1030 958 1030 957 1031 958 1031 959 1031 959 1032 958 1032 960 1032 959 1033 960 1033 961 1033 961 1034 960 1034 962 1034 961 1035 962 1035 963 1035 963 1036 962 1036 964 1036 963 1037 964 1037 965 1037 965 1038 964 1038 966 1038 965 1039 966 1039 967 1039 967 1040 966 1040 968 1040 967 1041 968 1041 969 1041 969 1042 968 1042 970 1042 969 1043 970 1043 971 1043 971 1044 970 1044 972 1044 971 1045 972 1045 973 1045 973 1046 972 1046 974 1046 973 1047 974 1047 975 1047 975 1048 974 1048 976 1048 975 1049 976 1049 977 1049 977 1050 976 1050 978 1050 977 1051 978 1051 979 1051 979 1052 978 1052 980 1052 979 1053 980 1053 981 1053 386 1054 875 1054 874 1054 874 1055 875 1055 889 1055 874 1056 889 1056 952 1056 952 1057 889 1057 890 1057 952 1058 890 1058 954 1058 954 1059 890 1059 891 1059 954 1060 891 1060 956 1060 956 1061 891 1061 892 1061 956 1062 892 1062 958 1062 958 1063 892 1063 893 1063 958 1064 893 1064 960 1064 960 1065 893 1065 894 1065 960 1066 894 1066 962 1066 962 1067 894 1067 896 1067 962 1068 896 1068 964 1068 964 1069 896 1069 897 1069 964 1070 897 1070 966 1070 966 1071 897 1071 898 1071 966 1072 898 1072 968 1072 968 1073 898 1073 899 1073 968 1074 899 1074 970 1074 970 1075 899 1075 900 1075 970 1076 900 1076 972 1076 972 1077 900 1077 901 1077 972 1078 901 1078 974 1078 974 1079 901 1079 902 1079 974 1080 902 1080 976 1080 976 1081 902 1081 903 1081 976 1082 903 1082 978 1082 978 1083 903 1083 904 1083 978 1084 904 1084 980 1084 982 1085 112 1085 983 1085 983 1086 112 1086 113 1086 983 1087 113 1087 984 1087 984 1088 113 1088 115 1088 984 1089 115 1089 949 1089 949 1090 115 1090 116 1090 949 1091 116 1091 118 1091 985 1092 858 1092 986 1092 986 1093 858 1093 246 1093 986 1094 246 1094 987 1094 987 1095 246 1095 244 1095 987 1096 244 1096 905 1096 905 1097 244 1097 242 1097 905 1098 242 1098 240 1098 988 1099 109 1099 982 1099 982 1100 109 1100 110 1100 982 1101 110 1101 112 1101 989 1102 106 1102 988 1102 988 1103 106 1103 107 1103 988 1104 107 1104 109 1104 358 1105 357 1105 990 1105 990 1106 357 1106 871 1106 990 1107 871 1107 991 1107 991 1108 871 1108 879 1108 991 1109 879 1109 992 1109 992 1110 879 1110 993 1110 992 1111 993 1111 994 1111 994 1112 993 1112 995 1112 994 1113 995 1113 996 1113 996 1114 995 1114 997 1114 996 1115 997 1115 998 1115 998 1116 997 1116 999 1116 998 1117 999 1117 1000 1117 1000 1118 999 1118 1001 1118 1000 1119 1001 1119 1002 1119 1002 1120 1001 1120 1003 1120 1002 1121 1003 1121 1004 1121 1004 1122 1003 1122 1005 1122 1004 1123 1005 1123 1006 1123 1006 1124 1005 1124 1007 1124 1006 1125 1007 1125 1008 1125 1008 1126 1007 1126 1009 1126 1008 1127 1009 1127 1010 1127 1010 1128 1009 1128 1011 1128 1010 1129 1011 1129 1012 1129 1012 1130 1011 1130 1013 1130 1012 1131 1013 1131 1014 1131 1014 1132 1013 1132 1015 1132 1014 1133 1015 1133 1016 1133 1016 1134 1015 1134 1017 1134 1016 1135 1017 1135 1018 1135 1018 1136 1017 1136 1019 1136 1018 1137 1019 1137 1020 1137 1020 1138 1019 1138 1021 1138 1020 1139 1021 1139 1022 1139 1022 1140 1021 1140 1023 1140 1022 1141 1023 1141 1024 1141 1024 1142 1023 1142 1025 1142 1024 1143 1025 1143 1026 1143 1026 1144 1025 1144 1027 1144 1026 1145 1027 1145 1028 1145 1028 1146 1027 1146 1029 1146 1028 1147 1029 1147 1030 1147 1030 1148 1029 1148 1031 1148 1030 1149 1031 1149 1032 1149 1032 1150 1031 1150 1033 1150 1032 1151 1033 1151 1034 1151 1035 1152 96 1152 1036 1152 1036 1153 96 1153 98 1153 1036 1154 98 1154 1037 1154 1037 1155 98 1155 100 1155 1037 1156 100 1156 1038 1156 1038 1157 100 1157 101 1157 1038 1158 101 1158 1039 1158 1039 1159 101 1159 103 1159 1039 1160 103 1160 989 1160 989 1161 103 1161 104 1161 989 1162 104 1162 106 1162 1040 1163 91 1163 1035 1163 1035 1164 91 1164 90 1164 1035 1165 90 1165 96 1165 985 1166 986 1166 1041 1166 1041 1167 986 1167 987 1167 1041 1168 987 1168 1042 1168 1042 1169 987 1169 905 1169 1042 1170 905 1170 1043 1170 1043 1171 905 1171 906 1171 1043 1172 906 1172 1044 1172 1044 1173 906 1173 907 1173 1044 1174 907 1174 1045 1174 1045 1175 907 1175 908 1175 1045 1176 908 1176 1046 1176 1046 1177 908 1177 909 1177 1046 1178 909 1178 1047 1178 1047 1179 909 1179 910 1179 1047 1180 910 1180 1048 1180 1048 1181 910 1181 911 1181 1048 1182 911 1182 1049 1182 1049 1183 911 1183 884 1183 1049 1184 884 1184 1050 1184 1050 1185 884 1185 886 1185 1050 1186 886 1186 1051 1186 1051 1187 886 1187 888 1187 1051 1188 888 1188 861 1188 861 1189 888 1189 1052 1189 861 1190 1052 1190 859 1190 82 1191 81 1191 882 1191 882 1192 81 1192 93 1192 882 1193 93 1193 1040 1193 1040 1194 93 1194 95 1194 1040 1195 95 1195 91 1195 84 1196 83 1196 881 1196 881 1197 83 1197 882 1197 881 1198 882 1198 1053 1198 1053 1199 882 1199 1040 1199 1053 1200 1040 1200 1054 1200 1054 1201 1040 1201 1035 1201 1054 1202 1035 1202 1055 1202 1055 1203 1035 1203 1036 1203 1055 1204 1036 1204 1056 1204 1056 1205 1036 1205 1037 1205 1056 1206 1037 1206 1057 1206 1057 1207 1037 1207 1038 1207 1057 1208 1038 1208 1058 1208 1058 1209 1038 1209 1039 1209 1058 1210 1039 1210 1059 1210 1059 1211 1039 1211 989 1211 1059 1212 989 1212 1060 1212 1060 1213 989 1213 988 1213 1060 1214 988 1214 1061 1214 1061 1215 988 1215 982 1215 1061 1216 982 1216 1062 1216 1062 1217 982 1217 983 1217 1062 1218 983 1218 1063 1218 1063 1219 983 1219 984 1219 1063 1220 984 1220 1064 1220 1064 1221 984 1221 949 1221 1064 1222 949 1222 948 1222 948 1223 949 1223 950 1223 948 1224 950 1224 945 1224 945 1225 950 1225 121 1225 945 1226 121 1226 123 1226 351 1227 350 1227 915 1227 915 1228 350 1228 1065 1228 915 1229 1065 1229 914 1229 914 1230 1065 1230 1066 1230 914 1231 1066 1231 926 1231 926 1232 1066 1232 1067 1232 926 1233 1067 1233 927 1233 927 1234 1067 1234 1068 1234 927 1235 1068 1235 928 1235 928 1236 1068 1236 1069 1236 928 1237 1069 1237 930 1237 930 1238 1069 1238 1070 1238 930 1239 1070 1239 932 1239 932 1240 1070 1240 1071 1240 932 1241 1071 1241 933 1241 933 1242 1071 1242 1072 1242 933 1243 1072 1243 936 1243 936 1244 1072 1244 1073 1244 936 1245 1073 1245 938 1245 938 1246 1073 1246 1074 1246 938 1247 1074 1247 939 1247 939 1248 1074 1248 1075 1248 939 1249 1075 1249 940 1249 940 1250 1075 1250 1076 1250 940 1251 1076 1251 943 1251 943 1252 1076 1252 1077 1252 943 1253 1077 1253 946 1253 946 1254 1077 1254 1078 1254 946 1255 1078 1255 947 1255 947 1256 1078 1256 1079 1256 947 1257 1079 1257 948 1257 948 1258 1079 1258 1080 1258 948 1259 1080 1259 1064 1259 1064 1260 1080 1260 1081 1260 1064 1261 1081 1261 1063 1261 1063 1262 1081 1262 1082 1262 1063 1263 1082 1263 1062 1263 1062 1264 1082 1264 1083 1264 1062 1265 1083 1265 1061 1265 1061 1266 1083 1266 1084 1266 1061 1267 1084 1267 1060 1267 1060 1268 1084 1268 1085 1268 1060 1269 1085 1269 1059 1269 1059 1270 1085 1270 1086 1270 1059 1271 1086 1271 1058 1271 1058 1272 1086 1272 1087 1272 1058 1273 1087 1273 1057 1273 1057 1274 1087 1274 1088 1274 1057 1275 1088 1275 1056 1275 1056 1276 1088 1276 1089 1276 1056 1277 1089 1277 1055 1277 1055 1278 1089 1278 1090 1278 1055 1279 1090 1279 1054 1279 1054 1280 1090 1280 1091 1280 1054 1281 1091 1281 1053 1281 1053 1282 1091 1282 1092 1282 1053 1283 1092 1283 881 1283 881 1284 1092 1284 869 1284 881 1285 869 1285 78 1285 78 1286 869 1286 79 1286 350 1287 355 1287 1065 1287 1065 1288 355 1288 1093 1288 1065 1289 1093 1289 1066 1289 1066 1290 1093 1290 1094 1290 1066 1291 1094 1291 1067 1291 1067 1292 1094 1292 1095 1292 1067 1293 1095 1293 1068 1293 1068 1294 1095 1294 1096 1294 1068 1295 1096 1295 1069 1295 1069 1296 1096 1296 1097 1296 1069 1297 1097 1297 1070 1297 1070 1298 1097 1298 1098 1298 1070 1299 1098 1299 1071 1299 1071 1300 1098 1300 1099 1300 1071 1301 1099 1301 1072 1301 1072 1302 1099 1302 1100 1302 1072 1303 1100 1303 1073 1303 1073 1304 1100 1304 1101 1304 1073 1305 1101 1305 1074 1305 1074 1306 1101 1306 1102 1306 1074 1307 1102 1307 1075 1307 1075 1308 1102 1308 1103 1308 1075 1309 1103 1309 1076 1309 1076 1310 1103 1310 1104 1310 1076 1311 1104 1311 1077 1311 1077 1312 1104 1312 1105 1312 1077 1313 1105 1313 1078 1313 1078 1314 1105 1314 1106 1314 1078 1315 1106 1315 1079 1315 1079 1316 1106 1316 1107 1316 1079 1317 1107 1317 1080 1317 1080 1318 1107 1318 1108 1318 1080 1319 1108 1319 1081 1319 1081 1320 1108 1320 1109 1320 1081 1321 1109 1321 1082 1321 1082 1322 1109 1322 1110 1322 1082 1323 1110 1323 1083 1323 1083 1324 1110 1324 1111 1324 1083 1325 1111 1325 1084 1325 1084 1326 1111 1326 1112 1326 1084 1327 1112 1327 1085 1327 1085 1328 1112 1328 1113 1328 1085 1329 1113 1329 1086 1329 1086 1330 1113 1330 1114 1330 1086 1331 1114 1331 1087 1331 1087 1332 1114 1332 1115 1332 1087 1333 1115 1333 1088 1333 1088 1334 1115 1334 1116 1334 1088 1335 1116 1335 1089 1335 1089 1336 1116 1336 1117 1336 1089 1337 1117 1337 1090 1337 1090 1338 1117 1338 1118 1338 1090 1339 1118 1339 1091 1339 1091 1340 1118 1340 1119 1340 1091 1341 1119 1341 1092 1341 1092 1342 1119 1342 1120 1342 1092 1343 1120 1343 869 1343 869 1344 1120 1344 868 1344 869 1345 868 1345 86 1345 86 1346 868 1346 87 1346 355 1347 354 1347 1093 1347 1093 1348 354 1348 1121 1348 1093 1349 1121 1349 1094 1349 1094 1350 1121 1350 1122 1350 1094 1351 1122 1351 1095 1351 1095 1352 1122 1352 1123 1352 1095 1353 1123 1353 1096 1353 1096 1354 1123 1354 1124 1354 1096 1355 1124 1355 1097 1355 1097 1356 1124 1356 1125 1356 1097 1357 1125 1357 1098 1357 1098 1358 1125 1358 1126 1358 1098 1359 1126 1359 1099 1359 1099 1360 1126 1360 1127 1360 1099 1361 1127 1361 1100 1361 1100 1362 1127 1362 1128 1362 1100 1363 1128 1363 1101 1363 1101 1364 1128 1364 1129 1364 1101 1365 1129 1365 1102 1365 1102 1366 1129 1366 1130 1366 1102 1367 1130 1367 1103 1367 1103 1368 1130 1368 1131 1368 1103 1369 1131 1369 1104 1369 1104 1370 1131 1370 1132 1370 1104 1371 1132 1371 1105 1371 1105 1372 1132 1372 1133 1372 1105 1373 1133 1373 1106 1373 1106 1374 1133 1374 1134 1374 1106 1375 1134 1375 1107 1375 1107 1376 1134 1376 1135 1376 1107 1377 1135 1377 1108 1377 1108 1378 1135 1378 1136 1378 1108 1379 1136 1379 1109 1379 1109 1380 1136 1380 1137 1380 1109 1381 1137 1381 1110 1381 1110 1382 1137 1382 1138 1382 1110 1383 1138 1383 1111 1383 1111 1384 1138 1384 1139 1384 1111 1385 1139 1385 1112 1385 1112 1386 1139 1386 1140 1386 1112 1387 1140 1387 1113 1387 1113 1388 1140 1388 1141 1388 1113 1389 1141 1389 1114 1389 1114 1390 1141 1390 1142 1390 1114 1391 1142 1391 1115 1391 1115 1392 1142 1392 1143 1392 1115 1393 1143 1393 1116 1393 1116 1394 1143 1394 1144 1394 1116 1395 1144 1395 1117 1395 1117 1396 1144 1396 1145 1396 1117 1397 1145 1397 1118 1397 1118 1398 1145 1398 1146 1398 1118 1399 1146 1399 1119 1399 1119 1400 1146 1400 1147 1400 1119 1401 1147 1401 1120 1401 1120 1402 1147 1402 1148 1402 1120 1403 1148 1403 868 1403 868 1404 1148 1404 1149 1404 868 1405 1149 1405 77 1405 77 1406 1149 1406 75 1406 354 1407 353 1407 1121 1407 1121 1408 353 1408 1150 1408 1121 1409 1150 1409 1122 1409 1122 1410 1150 1410 1151 1410 1122 1411 1151 1411 1123 1411 1123 1412 1151 1412 1152 1412 1123 1413 1152 1413 1124 1413 1124 1414 1152 1414 1153 1414 1124 1415 1153 1415 1125 1415 1125 1416 1153 1416 1154 1416 1125 1417 1154 1417 1126 1417 1126 1418 1154 1418 1155 1418 1126 1419 1155 1419 1127 1419 1127 1420 1155 1420 1156 1420 1127 1421 1156 1421 1128 1421 1128 1422 1156 1422 1157 1422 1128 1423 1157 1423 1129 1423 1129 1424 1157 1424 1158 1424 1129 1425 1158 1425 1130 1425 1130 1426 1158 1426 1159 1426 1130 1427 1159 1427 1131 1427 1131 1428 1159 1428 1160 1428 1131 1429 1160 1429 1132 1429 1132 1430 1160 1430 1161 1430 1132 1431 1161 1431 1133 1431 1133 1432 1161 1432 1162 1432 1133 1433 1162 1433 1134 1433 1134 1434 1162 1434 1163 1434 1134 1435 1163 1435 1135 1435 1135 1436 1163 1436 1164 1436 1135 1437 1164 1437 1136 1437 1136 1438 1164 1438 1165 1438 1136 1439 1165 1439 1137 1439 1137 1440 1165 1440 1166 1440 1137 1441 1166 1441 1138 1441 1138 1442 1166 1442 1167 1442 1138 1443 1167 1443 1139 1443 1139 1444 1167 1444 1168 1444 1139 1445 1168 1445 1140 1445 1140 1446 1168 1446 1169 1446 1140 1447 1169 1447 1141 1447 1141 1448 1169 1448 1170 1448 1141 1449 1170 1449 1142 1449 1142 1450 1170 1450 1171 1450 1142 1451 1171 1451 1143 1451 1143 1452 1171 1452 1172 1452 1143 1453 1172 1453 1144 1453 1144 1454 1172 1454 1173 1454 1144 1455 1173 1455 1145 1455 1145 1456 1173 1456 1174 1456 1145 1457 1174 1457 1146 1457 1146 1458 1174 1458 1175 1458 1146 1459 1175 1459 1147 1459 1147 1460 1175 1460 1176 1460 1147 1461 1176 1461 1148 1461 1148 1462 1176 1462 1177 1462 1148 1463 1177 1463 1149 1463 1149 1464 1177 1464 1178 1464 1149 1465 1178 1465 75 1465 75 1466 1178 1466 1179 1466 75 1467 1179 1467 76 1467 76 1468 1179 1468 88 1468 353 1469 362 1469 1150 1469 1150 1470 362 1470 1180 1470 1150 1471 1180 1471 1151 1471 1151 1472 1180 1472 1181 1472 1151 1473 1181 1473 1152 1473 1152 1474 1181 1474 1182 1474 1152 1475 1182 1475 1153 1475 1153 1476 1182 1476 1183 1476 1153 1477 1183 1477 1154 1477 1154 1478 1183 1478 1184 1478 1154 1479 1184 1479 1155 1479 1155 1480 1184 1480 1185 1480 1155 1481 1185 1481 1156 1481 1156 1482 1185 1482 1186 1482 1156 1483 1186 1483 1157 1483 1157 1484 1186 1484 1187 1484 1157 1485 1187 1485 1158 1485 1158 1486 1187 1486 1188 1486 1158 1487 1188 1487 1159 1487 1159 1488 1188 1488 1189 1488 1159 1489 1189 1489 1160 1489 1160 1490 1189 1490 1190 1490 1160 1491 1190 1491 1161 1491 1161 1492 1190 1492 1191 1492 1161 1493 1191 1493 1162 1493 1162 1494 1191 1494 1192 1494 1162 1495 1192 1495 1163 1495 1163 1496 1192 1496 1193 1496 1163 1497 1193 1497 1164 1497 1164 1498 1193 1498 1194 1498 1164 1499 1194 1499 1165 1499 1165 1500 1194 1500 1195 1500 1165 1501 1195 1501 1166 1501 1166 1502 1195 1502 1196 1502 1166 1503 1196 1503 1167 1503 1167 1504 1196 1504 1197 1504 1167 1505 1197 1505 1168 1505 1168 1506 1197 1506 1198 1506 1168 1507 1198 1507 1169 1507 1169 1508 1198 1508 1199 1508 1169 1509 1199 1509 1170 1509 1170 1510 1199 1510 1200 1510 1170 1511 1200 1511 1171 1511 1171 1512 1200 1512 1201 1512 1171 1513 1201 1513 1172 1513 1172 1514 1201 1514 1202 1514 1172 1515 1202 1515 1173 1515 1173 1516 1202 1516 1203 1516 1173 1517 1203 1517 1174 1517 1174 1518 1203 1518 1204 1518 1174 1519 1204 1519 1175 1519 1175 1520 1204 1520 1205 1520 1175 1521 1205 1521 1176 1521 1176 1522 1205 1522 1206 1522 1176 1523 1206 1523 1177 1523 1177 1524 1206 1524 1207 1524 1177 1525 1207 1525 1178 1525 1178 1526 1207 1526 1208 1526 1178 1527 1208 1527 1179 1527 1179 1528 1208 1528 867 1528 1179 1529 867 1529 88 1529 88 1530 867 1530 89 1530 362 1531 361 1531 1180 1531 1180 1532 361 1532 870 1532 1180 1533 870 1533 1181 1533 1181 1534 870 1534 1209 1534 1181 1535 1209 1535 1182 1535 1182 1536 1209 1536 1210 1536 1182 1537 1210 1537 1183 1537 1183 1538 1210 1538 1211 1538 1183 1539 1211 1539 1184 1539 1184 1540 1211 1540 1212 1540 1184 1541 1212 1541 1185 1541 1185 1542 1212 1542 1213 1542 1185 1543 1213 1543 1186 1543 1186 1544 1213 1544 1214 1544 1186 1545 1214 1545 1187 1545 1187 1546 1214 1546 1215 1546 1187 1547 1215 1547 1188 1547 1188 1548 1215 1548 1216 1548 1188 1549 1216 1549 1189 1549 1189 1550 1216 1550 1217 1550 1189 1551 1217 1551 1190 1551 1190 1552 1217 1552 1218 1552 1190 1553 1218 1553 1191 1553 1191 1554 1218 1554 1219 1554 1191 1555 1219 1555 1192 1555 1192 1556 1219 1556 1220 1556 1192 1557 1220 1557 1193 1557 1193 1558 1220 1558 1221 1558 1193 1559 1221 1559 1194 1559 1194 1560 1221 1560 1222 1560 1194 1561 1222 1561 1195 1561 1195 1562 1222 1562 1223 1562 1195 1563 1223 1563 1196 1563 1196 1564 1223 1564 1224 1564 1196 1565 1224 1565 1197 1565 1197 1566 1224 1566 1225 1566 1197 1567 1225 1567 1198 1567 1198 1568 1225 1568 1226 1568 1198 1569 1226 1569 1199 1569 1199 1570 1226 1570 1227 1570 1199 1571 1227 1571 1200 1571 1200 1572 1227 1572 1228 1572 1200 1573 1228 1573 1201 1573 1201 1574 1228 1574 1229 1574 1201 1575 1229 1575 1202 1575 1202 1576 1229 1576 1230 1576 1202 1577 1230 1577 1203 1577 1203 1578 1230 1578 1231 1578 1203 1579 1231 1579 1204 1579 1204 1580 1231 1580 1232 1580 1204 1581 1232 1581 1205 1581 1205 1582 1232 1582 1233 1582 1205 1583 1233 1583 1206 1583 1206 1584 1233 1584 1234 1584 1206 1585 1234 1585 1207 1585 1207 1586 1234 1586 1235 1586 1207 1587 1235 1587 1208 1587 1208 1588 1235 1588 1236 1588 1208 1589 1236 1589 867 1589 867 1590 1236 1590 1237 1590 867 1591 1237 1591 74 1591 74 1592 1237 1592 72 1592 359 1593 358 1593 870 1593 870 1594 358 1594 990 1594 870 1595 990 1595 1209 1595 1209 1596 990 1596 991 1596 1209 1597 991 1597 1210 1597 1210 1598 991 1598 992 1598 1210 1599 992 1599 1211 1599 1211 1600 992 1600 994 1600 1211 1601 994 1601 1212 1601 1212 1602 994 1602 996 1602 1212 1603 996 1603 1213 1603 1213 1604 996 1604 998 1604 1213 1605 998 1605 1214 1605 1214 1606 998 1606 1000 1606 1214 1607 1000 1607 1215 1607 1215 1608 1000 1608 1002 1608 1215 1609 1002 1609 1216 1609 1216 1610 1002 1610 1004 1610 1216 1611 1004 1611 1217 1611 1217 1612 1004 1612 1006 1612 1217 1613 1006 1613 1218 1613 1218 1614 1006 1614 1008 1614 1218 1615 1008 1615 1219 1615 1219 1616 1008 1616 1010 1616 1219 1617 1010 1617 1220 1617 1220 1618 1010 1618 1012 1618 1220 1619 1012 1619 1221 1619 1221 1620 1012 1620 1014 1620 1221 1621 1014 1621 1222 1621 1222 1622 1014 1622 1016 1622 1222 1623 1016 1623 1223 1623 1223 1624 1016 1624 1018 1624 1223 1625 1018 1625 1224 1625 1224 1626 1018 1626 1020 1626 1224 1627 1020 1627 1225 1627 1225 1628 1020 1628 1022 1628 1225 1629 1022 1629 1226 1629 1226 1630 1022 1630 1024 1630 1226 1631 1024 1631 1227 1631 1227 1632 1024 1632 1026 1632 1227 1633 1026 1633 1228 1633 1228 1634 1026 1634 1028 1634 1228 1635 1028 1635 1229 1635 1229 1636 1028 1636 1030 1636 1229 1637 1030 1637 1230 1637 1230 1638 1030 1638 1032 1638 1230 1639 1032 1639 1231 1639 1231 1640 1032 1640 1034 1640 1231 1641 1034 1641 1232 1641 1232 1642 1034 1642 1238 1642 1232 1643 1238 1643 1233 1643 1233 1644 1238 1644 1239 1644 1233 1645 1239 1645 1234 1645 1234 1646 1239 1646 1240 1646 1234 1647 1240 1647 1235 1647 1235 1648 1240 1648 1241 1648 1235 1649 1241 1649 1236 1649 1236 1650 1241 1650 1242 1650 1236 1651 1242 1651 1237 1651 1237 1652 1242 1652 866 1652 1237 1653 866 1653 72 1653 72 1654 866 1654 63 1654 1033 1655 1243 1655 1034 1655 1034 1656 1243 1656 1244 1656 1034 1657 1244 1657 1238 1657 1238 1658 1244 1658 1245 1658 1238 1659 1245 1659 1239 1659 1239 1660 1245 1660 1246 1660 1239 1661 1246 1661 1240 1661 1240 1662 1246 1662 1247 1662 1240 1663 1247 1663 1241 1663 1241 1664 1247 1664 1248 1664 1241 1665 1248 1665 1242 1665 1242 1666 1248 1666 1249 1666 1242 1667 1249 1667 866 1667 866 1668 1249 1668 865 1668 866 1669 865 1669 64 1669 64 1670 865 1670 66 1670 356 1671 360 1671 879 1671 879 1672 360 1672 878 1672 879 1673 878 1673 993 1673 993 1674 878 1674 920 1674 993 1675 920 1675 995 1675 995 1676 920 1676 921 1676 995 1677 921 1677 997 1677 997 1678 921 1678 923 1678 997 1679 923 1679 999 1679 999 1680 923 1680 925 1680 999 1681 925 1681 1001 1681 1001 1682 925 1682 1250 1682 1001 1683 1250 1683 1003 1683 1003 1684 1250 1684 1251 1684 1003 1685 1251 1685 1005 1685 1005 1686 1251 1686 1252 1686 1005 1687 1252 1687 1007 1687 1007 1688 1252 1688 1253 1688 1007 1689 1253 1689 1009 1689 1009 1690 1253 1690 1254 1690 1009 1691 1254 1691 1011 1691 1011 1692 1254 1692 1255 1692 1011 1693 1255 1693 1013 1693 1013 1694 1255 1694 1256 1694 1013 1695 1256 1695 1015 1695 1015 1696 1256 1696 1257 1696 1015 1697 1257 1697 1017 1697 1017 1698 1257 1698 1258 1698 1017 1699 1258 1699 1019 1699 1019 1700 1258 1700 1259 1700 1019 1701 1259 1701 1021 1701 1021 1702 1259 1702 1260 1702 1021 1703 1260 1703 1023 1703 1023 1704 1260 1704 1261 1704 1023 1705 1261 1705 1025 1705 1025 1706 1261 1706 1262 1706 1025 1707 1262 1707 1027 1707 1027 1708 1262 1708 1263 1708 1027 1709 1263 1709 1029 1709 1029 1710 1263 1710 1264 1710 1029 1711 1264 1711 1031 1711 1031 1712 1264 1712 1265 1712 1031 1713 1265 1713 1033 1713 1033 1714 1265 1714 1266 1714 1033 1715 1266 1715 1243 1715 1243 1716 1266 1716 1267 1716 1243 1717 1267 1717 1244 1717 1244 1718 1267 1718 1268 1718 1244 1719 1268 1719 1245 1719 1245 1720 1268 1720 1269 1720 1245 1721 1269 1721 1246 1721 1246 1722 1269 1722 1270 1722 1246 1723 1270 1723 1247 1723 1247 1724 1270 1724 1271 1724 1247 1725 1271 1725 1248 1725 1248 1726 1271 1726 1272 1726 1248 1727 1272 1727 1249 1727 1249 1728 1272 1728 1273 1728 1249 1729 1273 1729 865 1729 865 1730 1273 1730 864 1730 865 1731 864 1731 68 1731 68 1732 864 1732 70 1732 924 1733 1274 1733 925 1733 925 1734 1274 1734 1275 1734 925 1735 1275 1735 1250 1735 1250 1736 1275 1736 1276 1736 1250 1737 1276 1737 1251 1737 1251 1738 1276 1738 1277 1738 1251 1739 1277 1739 1252 1739 1252 1740 1277 1740 1278 1740 1252 1741 1278 1741 1253 1741 1253 1742 1278 1742 1279 1742 1253 1743 1279 1743 1254 1743 1254 1744 1279 1744 1280 1744 1254 1745 1280 1745 1255 1745 1255 1746 1280 1746 1281 1746 1255 1747 1281 1747 1256 1747 1256 1748 1281 1748 1282 1748 1256 1749 1282 1749 1257 1749 1257 1750 1282 1750 1283 1750 1257 1751 1283 1751 1258 1751 1258 1752 1283 1752 1284 1752 1258 1753 1284 1753 1259 1753 1259 1754 1284 1754 1285 1754 1259 1755 1285 1755 1260 1755 1260 1756 1285 1756 1286 1756 1260 1757 1286 1757 1261 1757 1261 1758 1286 1758 1287 1758 1261 1759 1287 1759 1262 1759 1262 1760 1287 1760 1288 1760 1262 1761 1288 1761 1263 1761 1263 1762 1288 1762 1289 1762 1263 1763 1289 1763 1264 1763 1264 1764 1289 1764 1290 1764 1264 1765 1290 1765 1265 1765 1265 1766 1290 1766 1291 1766 1265 1767 1291 1767 1266 1767 1266 1768 1291 1768 1292 1768 1266 1769 1292 1769 1267 1769 1267 1770 1292 1770 1293 1770 1267 1771 1293 1771 1268 1771 1268 1772 1293 1772 1294 1772 1268 1773 1294 1773 1269 1773 1269 1774 1294 1774 1295 1774 1269 1775 1295 1775 1270 1775 1270 1776 1295 1776 1296 1776 1270 1777 1296 1777 1271 1777 1271 1778 1296 1778 1297 1778 1271 1779 1297 1779 1272 1779 1272 1780 1297 1780 1298 1780 1272 1781 1298 1781 1273 1781 1273 1782 1298 1782 1299 1782 1273 1783 1299 1783 864 1783 864 1784 1299 1784 883 1784 864 1785 883 1785 71 1785 71 1786 883 1786 61 1786 368 1787 367 1787 877 1787 877 1788 367 1788 873 1788 877 1789 873 1789 922 1789 922 1790 873 1790 876 1790 922 1791 876 1791 924 1791 924 1792 876 1792 951 1792 924 1793 951 1793 1274 1793 1274 1794 951 1794 953 1794 1274 1795 953 1795 1275 1795 1275 1796 953 1796 955 1796 1275 1797 955 1797 1276 1797 1276 1798 955 1798 957 1798 1276 1799 957 1799 1277 1799 1277 1800 957 1800 959 1800 1277 1801 959 1801 1278 1801 1278 1802 959 1802 961 1802 1278 1803 961 1803 1279 1803 1279 1804 961 1804 963 1804 1279 1805 963 1805 1280 1805 1280 1806 963 1806 965 1806 1280 1807 965 1807 1281 1807 1281 1808 965 1808 967 1808 1281 1809 967 1809 1282 1809 1282 1810 967 1810 969 1810 1282 1811 969 1811 1283 1811 1283 1812 969 1812 971 1812 1283 1813 971 1813 1284 1813 1284 1814 971 1814 973 1814 1284 1815 973 1815 1285 1815 1285 1816 973 1816 975 1816 1285 1817 975 1817 1286 1817 1286 1818 975 1818 977 1818 1286 1819 977 1819 1287 1819 1287 1820 977 1820 979 1820 1287 1821 979 1821 1288 1821 1288 1822 979 1822 981 1822 1288 1823 981 1823 1289 1823 1289 1824 981 1824 1300 1824 1289 1825 1300 1825 1290 1825 1290 1826 1300 1826 1301 1826 1290 1827 1301 1827 1291 1827 1291 1828 1301 1828 1302 1828 1291 1829 1302 1829 1292 1829 1292 1830 1302 1830 1303 1830 1292 1831 1303 1831 1293 1831 1293 1832 1303 1832 1304 1832 1293 1833 1304 1833 1294 1833 1294 1834 1304 1834 1305 1834 1294 1835 1305 1835 1295 1835 1295 1836 1305 1836 1306 1836 1295 1837 1306 1837 1296 1837 1296 1838 1306 1838 1307 1838 1296 1839 1307 1839 1297 1839 1297 1840 1307 1840 1308 1840 1297 1841 1308 1841 1298 1841 1298 1842 1308 1842 1309 1842 1298 1843 1309 1843 1299 1843 1299 1844 1309 1844 1310 1844 1299 1845 1310 1845 883 1845 883 1846 1310 1846 862 1846 883 1847 862 1847 1 1847 1 1848 862 1848 3 1848 237 1849 247 1849 904 1849 904 1850 247 1850 858 1850 904 1851 858 1851 980 1851 980 1852 858 1852 985 1852 980 1853 985 1853 981 1853 981 1854 985 1854 1041 1854 981 1855 1041 1855 1300 1855 1300 1856 1041 1856 1042 1856 1300 1857 1042 1857 1301 1857 1301 1858 1042 1858 1043 1858 1301 1859 1043 1859 1302 1859 1302 1860 1043 1860 1044 1860 1302 1861 1044 1861 1303 1861 1303 1862 1044 1862 1045 1862 1303 1863 1045 1863 1304 1863 1304 1864 1045 1864 1046 1864 1304 1865 1046 1865 1305 1865 1305 1866 1046 1866 1047 1866 1305 1867 1047 1867 1306 1867 1306 1868 1047 1868 1048 1868 1306 1869 1048 1869 1307 1869 1307 1870 1048 1870 1049 1870 1307 1871 1049 1871 1308 1871 1308 1872 1049 1872 1050 1872 1308 1873 1050 1873 1309 1873 1309 1874 1050 1874 1051 1874 1309 1875 1051 1875 1310 1875 1310 1876 1051 1876 861 1876 1310 1877 861 1877 862 1877 862 1878 861 1878 860 1878 862 1879 860 1879 863 1879 863 1880 860 1880 859 1880 1311 1881 825 1881 824 1881 1312 1882 1313 1882 1314 1882 1315 1883 1316 1883 636 1883 657 1884 656 1884 1317 1884 654 1885 652 1885 1318 1885 650 1886 649 1886 1319 1886 660 1887 675 1887 1320 1887 663 1888 673 1888 1321 1888 672 1889 665 1889 1322 1889 463 1890 461 1890 1323 1890 458 1891 1324 1891 459 1891 472 1892 1325 1892 295 1892 471 1893 478 1893 1326 1893 484 1894 483 1894 1327 1894 490 1895 489 1895 1328 1895 1328 1896 489 1896 488 1896 488 1897 487 1897 797 1897 487 1898 494 1898 797 1898 797 1899 494 1899 493 1899 797 1900 493 1900 492 1900 483 1901 482 1901 1327 1901 1327 1902 482 1902 481 1902 1327 1903 481 1903 490 1903 475 1904 1329 1904 476 1904 476 1905 1329 1905 1326 1905 476 1906 1326 1906 477 1906 477 1907 1326 1907 478 1907 1325 1908 472 1908 1330 1908 1331 1909 462 1909 296 1909 1324 1910 458 1910 1332 1910 466 1911 465 1911 1333 1911 664 1912 671 1912 1334 1912 1334 1913 671 1913 670 1913 669 1914 668 1914 1335 1914 647 1915 1336 1915 648 1915 648 1916 1336 1916 634 1916 1337 1917 1338 1917 1339 1917 1339 1918 1338 1918 1340 1918 1339 1919 1340 1919 1341 1919 488 1920 797 1920 1328 1920 1328 1921 797 1921 796 1921 1328 1922 796 1922 1342 1922 1342 1923 796 1923 795 1923 1342 1924 795 1924 1343 1924 1343 1925 795 1925 789 1925 1343 1926 789 1926 1344 1926 1344 1927 789 1927 791 1927 1344 1928 791 1928 1345 1928 1345 1929 791 1929 793 1929 1345 1930 793 1930 1346 1930 793 1931 794 1931 1346 1931 1346 1932 794 1932 809 1932 1346 1933 809 1933 1347 1933 1348 1934 714 1934 722 1934 809 1935 808 1935 1347 1935 1347 1936 808 1936 806 1936 1347 1937 806 1937 1349 1937 1349 1938 806 1938 835 1938 1349 1939 835 1939 1350 1939 1350 1940 835 1940 834 1940 1350 1941 834 1941 1351 1941 1351 1942 834 1942 832 1942 1351 1943 832 1943 1352 1943 1352 1944 832 1944 831 1944 1352 1945 831 1945 1353 1945 831 1946 830 1946 1353 1946 1353 1947 830 1947 829 1947 1353 1948 829 1948 1354 1948 829 1949 827 1949 1354 1949 1354 1950 827 1950 826 1950 1354 1951 826 1951 1355 1951 1355 1952 826 1952 813 1952 1355 1953 813 1953 1356 1953 1356 1954 813 1954 815 1954 1356 1955 815 1955 1357 1955 1358 1956 818 1956 1359 1956 1359 1957 818 1957 817 1957 1359 1958 817 1958 1360 1958 1360 1959 817 1959 811 1959 1360 1960 811 1960 1361 1960 1361 1961 811 1961 803 1961 1361 1962 803 1962 1362 1962 1362 1963 803 1963 800 1963 1362 1964 800 1964 1363 1964 1363 1965 800 1965 799 1965 1363 1966 799 1966 1364 1966 1364 1967 799 1967 1365 1967 1364 1968 1365 1968 1337 1968 1337 1969 1365 1969 1366 1969 1337 1970 1366 1970 1338 1970 1367 1971 1333 1971 1368 1971 1368 1972 1333 1972 465 1972 1368 1973 465 1973 453 1973 734 1974 1369 1974 729 1974 729 1975 1369 1975 1370 1975 729 1976 1370 1976 730 1976 730 1977 1370 1977 1371 1977 730 1978 1371 1978 731 1978 731 1979 1371 1979 1372 1979 731 1980 1372 1980 727 1980 296 1981 295 1981 1331 1981 1331 1982 295 1982 1325 1982 1331 1983 1325 1983 1373 1983 1373 1984 1325 1984 1330 1984 1373 1985 1330 1985 1374 1985 1374 1986 1330 1986 1375 1986 1374 1987 1375 1987 1376 1987 1376 1988 1375 1988 1377 1988 1376 1989 1377 1989 1378 1989 467 1990 466 1990 734 1990 734 1991 466 1991 1333 1991 734 1992 1333 1992 1369 1992 1369 1993 1333 1993 1367 1993 1369 1994 1367 1994 1370 1994 1370 1995 1367 1995 1379 1995 1370 1996 1379 1996 1371 1996 1371 1997 1379 1997 1380 1997 1371 1998 1380 1998 1372 1998 1372 1999 1380 1999 1381 1999 1372 2000 1381 2000 1382 2000 1382 2001 1381 2001 1383 2001 1382 2002 1383 2002 1384 2002 1384 2003 1383 2003 1385 2003 1384 2004 1385 2004 1386 2004 1387 2005 718 2005 723 2005 718 2006 1387 2006 719 2006 719 2007 1387 2007 1388 2007 719 2008 1388 2008 721 2008 727 2009 1372 2009 728 2009 728 2010 1372 2010 1382 2010 728 2011 1382 2011 723 2011 723 2012 1382 2012 1384 2012 723 2013 1384 2013 1387 2013 1387 2014 1384 2014 1386 2014 1387 2015 1386 2015 1388 2015 1388 2016 1386 2016 1389 2016 1388 2017 1389 2017 1390 2017 1390 2018 1389 2018 1391 2018 1390 2019 1391 2019 1392 2019 721 2020 1388 2020 722 2020 722 2021 1388 2021 1390 2021 722 2022 1390 2022 1348 2022 1348 2023 1390 2023 1392 2023 1348 2024 1392 2024 1393 2024 714 2025 1348 2025 1394 2025 1394 2026 1348 2026 1393 2026 1394 2027 1393 2027 1395 2027 1395 2028 1393 2028 1396 2028 1395 2029 1396 2029 1397 2029 1397 2030 711 2030 1395 2030 1395 2031 711 2031 717 2031 1395 2032 717 2032 1394 2032 1394 2033 717 2033 716 2033 1394 2034 716 2034 714 2034 1398 2035 709 2035 1397 2035 1397 2036 709 2036 712 2036 1397 2037 712 2037 711 2037 1396 2038 1399 2038 1397 2038 1397 2039 1399 2039 1400 2039 1397 2040 1400 2040 1398 2040 1398 2041 1400 2041 1401 2041 1402 2042 704 2042 1403 2042 1403 2043 704 2043 705 2043 1403 2044 705 2044 707 2044 475 2045 484 2045 1329 2045 1329 2046 484 2046 1327 2046 1329 2047 1327 2047 1404 2047 1404 2048 1327 2048 1405 2048 1404 2049 1405 2049 1406 2049 1406 2050 1405 2050 1407 2050 1406 2051 1407 2051 1408 2051 1408 2052 1407 2052 1409 2052 1408 2053 1409 2053 1410 2053 1410 2054 1409 2054 1411 2054 1410 2055 1411 2055 1412 2055 1412 2056 1411 2056 1413 2056 1412 2057 1413 2057 1414 2057 1414 2058 1413 2058 1415 2058 1414 2059 1415 2059 1416 2059 1416 2060 1415 2060 1417 2060 1416 2061 1417 2061 1418 2061 1418 2062 1417 2062 1419 2062 1418 2063 1419 2063 1420 2063 1420 2064 1419 2064 1421 2064 1420 2065 1421 2065 1422 2065 1422 2066 1421 2066 1423 2066 1422 2067 1423 2067 1424 2067 1424 2068 1423 2068 1425 2068 1424 2069 1425 2069 1426 2069 1426 2070 1425 2070 1427 2070 1426 2071 1427 2071 1428 2071 1428 2072 1427 2072 1429 2072 1428 2073 1429 2073 1430 2073 1430 2074 1429 2074 1431 2074 1430 2075 1431 2075 1432 2075 1432 2076 1431 2076 1433 2076 1432 2077 1433 2077 1434 2077 490 2078 1328 2078 1327 2078 1327 2079 1328 2079 1342 2079 1327 2080 1342 2080 1405 2080 1405 2081 1342 2081 1343 2081 1405 2082 1343 2082 1407 2082 1407 2083 1343 2083 1344 2083 1407 2084 1344 2084 1409 2084 1409 2085 1344 2085 1345 2085 1409 2086 1345 2086 1411 2086 1411 2087 1345 2087 1346 2087 1411 2088 1346 2088 1413 2088 1413 2089 1346 2089 1347 2089 1413 2090 1347 2090 1415 2090 1415 2091 1347 2091 1349 2091 1415 2092 1349 2092 1417 2092 1417 2093 1349 2093 1350 2093 1417 2094 1350 2094 1419 2094 1419 2095 1350 2095 1351 2095 1419 2096 1351 2096 1421 2096 1421 2097 1351 2097 1352 2097 1421 2098 1352 2098 1423 2098 1423 2099 1352 2099 1353 2099 1423 2100 1353 2100 1425 2100 1425 2101 1353 2101 1354 2101 1425 2102 1354 2102 1427 2102 1427 2103 1354 2103 1355 2103 1427 2104 1355 2104 1429 2104 1429 2105 1355 2105 1356 2105 1429 2106 1356 2106 1431 2106 1431 2107 1356 2107 1357 2107 1431 2108 1357 2108 1433 2108 1435 2109 698 2109 1436 2109 1436 2110 698 2110 699 2110 1436 2111 699 2111 1437 2111 1437 2112 699 2112 701 2112 1437 2113 701 2113 1402 2113 1402 2114 701 2114 702 2114 1402 2115 702 2115 704 2115 1438 2116 1311 2116 1439 2116 1439 2117 1311 2117 824 2117 1439 2118 824 2118 1440 2118 1440 2119 824 2119 822 2119 1440 2120 822 2120 1358 2120 1358 2121 822 2121 820 2121 1358 2122 820 2122 818 2122 1441 2123 695 2123 1435 2123 1435 2124 695 2124 696 2124 1435 2125 696 2125 698 2125 1442 2126 692 2126 1441 2126 1441 2127 692 2127 693 2127 1441 2128 693 2128 695 2128 460 2129 459 2129 1443 2129 1443 2130 459 2130 1324 2130 1443 2131 1324 2131 1444 2131 1444 2132 1324 2132 1332 2132 1444 2133 1332 2133 1445 2133 1445 2134 1332 2134 1446 2134 1445 2135 1446 2135 1447 2135 1447 2136 1446 2136 1448 2136 1447 2137 1448 2137 1449 2137 1449 2138 1448 2138 1450 2138 1449 2139 1450 2139 1451 2139 1451 2140 1450 2140 1452 2140 1451 2141 1452 2141 1453 2141 1453 2142 1452 2142 1454 2142 1453 2143 1454 2143 1455 2143 1455 2144 1454 2144 1456 2144 1455 2145 1456 2145 1457 2145 1457 2146 1456 2146 1458 2146 1457 2147 1458 2147 1459 2147 1459 2148 1458 2148 1460 2148 1459 2149 1460 2149 1461 2149 1461 2150 1460 2150 1462 2150 1461 2151 1462 2151 1463 2151 1463 2152 1462 2152 1464 2152 1463 2153 1464 2153 1465 2153 1465 2154 1464 2154 1466 2154 1465 2155 1466 2155 1467 2155 1467 2156 1466 2156 1468 2156 1467 2157 1468 2157 1469 2157 1469 2158 1468 2158 1470 2158 1469 2159 1470 2159 1471 2159 1471 2160 1470 2160 1472 2160 1471 2161 1472 2161 1473 2161 1473 2162 1472 2162 1474 2162 1473 2163 1474 2163 1475 2163 1475 2164 1474 2164 1476 2164 1475 2165 1476 2165 1477 2165 1477 2166 1476 2166 1478 2166 1477 2167 1478 2167 1479 2167 1479 2168 1478 2168 1480 2168 1479 2169 1480 2169 1481 2169 1481 2170 1480 2170 1482 2170 1481 2171 1482 2171 1483 2171 1483 2172 1482 2172 1484 2172 1483 2173 1484 2173 1485 2173 1485 2174 1484 2174 1486 2174 1485 2175 1486 2175 1487 2175 1488 2176 682 2176 1489 2176 1489 2177 682 2177 684 2177 1489 2178 684 2178 1490 2178 1490 2179 684 2179 686 2179 1490 2180 686 2180 1491 2180 1491 2181 686 2181 687 2181 1491 2182 687 2182 1492 2182 1492 2183 687 2183 689 2183 1492 2184 689 2184 1442 2184 1442 2185 689 2185 690 2185 1442 2186 690 2186 692 2186 1493 2187 677 2187 1488 2187 1488 2188 677 2188 676 2188 1488 2189 676 2189 682 2189 1438 2190 1439 2190 1494 2190 1494 2191 1439 2191 1440 2191 1494 2192 1440 2192 1495 2192 1495 2193 1440 2193 1358 2193 1495 2194 1358 2194 1496 2194 1496 2195 1358 2195 1359 2195 1496 2196 1359 2196 1497 2196 1497 2197 1359 2197 1360 2197 1497 2198 1360 2198 1498 2198 1498 2199 1360 2199 1361 2199 1498 2200 1361 2200 1499 2200 1499 2201 1361 2201 1362 2201 1499 2202 1362 2202 1500 2202 1500 2203 1362 2203 1363 2203 1500 2204 1363 2204 1501 2204 1501 2205 1363 2205 1364 2205 1501 2206 1364 2206 1502 2206 1502 2207 1364 2207 1337 2207 1502 2208 1337 2208 1503 2208 1503 2209 1337 2209 1339 2209 1503 2210 1339 2210 1504 2210 1504 2211 1339 2211 1341 2211 1504 2212 1341 2212 1314 2212 1314 2213 1341 2213 1505 2213 1314 2214 1505 2214 1312 2214 668 2215 667 2215 1335 2215 1335 2216 667 2216 679 2216 1335 2217 679 2217 1493 2217 1493 2218 679 2218 681 2218 1493 2219 681 2219 677 2219 670 2220 669 2220 1334 2220 1334 2221 669 2221 1335 2221 1334 2222 1335 2222 1506 2222 1506 2223 1335 2223 1493 2223 1506 2224 1493 2224 1507 2224 1507 2225 1493 2225 1488 2225 1507 2226 1488 2226 1508 2226 1508 2227 1488 2227 1489 2227 1508 2228 1489 2228 1509 2228 1509 2229 1489 2229 1490 2229 1509 2230 1490 2230 1510 2230 1510 2231 1490 2231 1491 2231 1510 2232 1491 2232 1511 2232 1511 2233 1491 2233 1492 2233 1511 2234 1492 2234 1512 2234 1512 2235 1492 2235 1442 2235 1512 2236 1442 2236 1513 2236 1513 2237 1442 2237 1441 2237 1513 2238 1441 2238 1514 2238 1514 2239 1441 2239 1435 2239 1514 2240 1435 2240 1515 2240 1515 2241 1435 2241 1436 2241 1515 2242 1436 2242 1516 2242 1516 2243 1436 2243 1437 2243 1516 2244 1437 2244 1517 2244 1517 2245 1437 2245 1402 2245 1517 2246 1402 2246 1401 2246 1401 2247 1402 2247 1403 2247 1401 2248 1403 2248 1398 2248 1398 2249 1403 2249 707 2249 1398 2250 707 2250 709 2250 453 2251 452 2251 1368 2251 1368 2252 452 2252 1518 2252 1368 2253 1518 2253 1367 2253 1367 2254 1518 2254 1519 2254 1367 2255 1519 2255 1379 2255 1379 2256 1519 2256 1520 2256 1379 2257 1520 2257 1380 2257 1380 2258 1520 2258 1521 2258 1380 2259 1521 2259 1381 2259 1381 2260 1521 2260 1522 2260 1381 2261 1522 2261 1383 2261 1383 2262 1522 2262 1523 2262 1383 2263 1523 2263 1385 2263 1385 2264 1523 2264 1524 2264 1385 2265 1524 2265 1386 2265 1386 2266 1524 2266 1525 2266 1386 2267 1525 2267 1389 2267 1389 2268 1525 2268 1526 2268 1389 2269 1526 2269 1391 2269 1391 2270 1526 2270 1527 2270 1391 2271 1527 2271 1392 2271 1392 2272 1527 2272 1528 2272 1392 2273 1528 2273 1393 2273 1393 2274 1528 2274 1529 2274 1393 2275 1529 2275 1396 2275 1396 2276 1529 2276 1530 2276 1396 2277 1530 2277 1399 2277 1399 2278 1530 2278 1531 2278 1399 2279 1531 2279 1400 2279 1400 2280 1531 2280 1532 2280 1400 2281 1532 2281 1401 2281 1401 2282 1532 2282 1533 2282 1401 2283 1533 2283 1517 2283 1517 2284 1533 2284 1534 2284 1517 2285 1534 2285 1516 2285 1516 2286 1534 2286 1535 2286 1516 2287 1535 2287 1515 2287 1515 2288 1535 2288 1536 2288 1515 2289 1536 2289 1514 2289 1514 2290 1536 2290 1537 2290 1514 2291 1537 2291 1513 2291 1513 2292 1537 2292 1538 2292 1513 2293 1538 2293 1512 2293 1512 2294 1538 2294 1539 2294 1512 2295 1539 2295 1511 2295 1511 2296 1539 2296 1540 2296 1511 2297 1540 2297 1510 2297 1510 2298 1540 2298 1541 2298 1510 2299 1541 2299 1509 2299 1509 2300 1541 2300 1542 2300 1509 2301 1542 2301 1508 2301 1508 2302 1542 2302 1543 2302 1508 2303 1543 2303 1507 2303 1507 2304 1543 2304 1544 2304 1507 2305 1544 2305 1506 2305 1506 2306 1544 2306 1545 2306 1506 2307 1545 2307 1334 2307 1334 2308 1545 2308 1322 2308 1334 2309 1322 2309 664 2309 664 2310 1322 2310 665 2310 452 2311 457 2311 1518 2311 1518 2312 457 2312 1546 2312 1518 2313 1546 2313 1519 2313 1519 2314 1546 2314 1547 2314 1519 2315 1547 2315 1520 2315 1520 2316 1547 2316 1548 2316 1520 2317 1548 2317 1521 2317 1521 2318 1548 2318 1549 2318 1521 2319 1549 2319 1522 2319 1522 2320 1549 2320 1550 2320 1522 2321 1550 2321 1523 2321 1523 2322 1550 2322 1551 2322 1523 2323 1551 2323 1524 2323 1524 2324 1551 2324 1552 2324 1524 2325 1552 2325 1525 2325 1525 2326 1552 2326 1553 2326 1525 2327 1553 2327 1526 2327 1526 2328 1553 2328 1554 2328 1526 2329 1554 2329 1527 2329 1527 2330 1554 2330 1555 2330 1527 2331 1555 2331 1528 2331 1528 2332 1555 2332 1556 2332 1528 2333 1556 2333 1529 2333 1529 2334 1556 2334 1557 2334 1529 2335 1557 2335 1530 2335 1530 2336 1557 2336 1558 2336 1530 2337 1558 2337 1531 2337 1531 2338 1558 2338 1559 2338 1531 2339 1559 2339 1532 2339 1532 2340 1559 2340 1560 2340 1532 2341 1560 2341 1533 2341 1533 2342 1560 2342 1561 2342 1533 2343 1561 2343 1534 2343 1534 2344 1561 2344 1562 2344 1534 2345 1562 2345 1535 2345 1535 2346 1562 2346 1563 2346 1535 2347 1563 2347 1536 2347 1536 2348 1563 2348 1564 2348 1536 2349 1564 2349 1537 2349 1537 2350 1564 2350 1565 2350 1537 2351 1565 2351 1538 2351 1538 2352 1565 2352 1566 2352 1538 2353 1566 2353 1539 2353 1539 2354 1566 2354 1567 2354 1539 2355 1567 2355 1540 2355 1540 2356 1567 2356 1568 2356 1540 2357 1568 2357 1541 2357 1541 2358 1568 2358 1569 2358 1541 2359 1569 2359 1542 2359 1542 2360 1569 2360 1570 2360 1542 2361 1570 2361 1543 2361 1543 2362 1570 2362 1571 2362 1543 2363 1571 2363 1544 2363 1544 2364 1571 2364 1572 2364 1544 2365 1572 2365 1545 2365 1545 2366 1572 2366 1573 2366 1545 2367 1573 2367 1322 2367 1322 2368 1573 2368 1321 2368 1322 2369 1321 2369 672 2369 672 2370 1321 2370 673 2370 457 2371 456 2371 1546 2371 1546 2372 456 2372 1574 2372 1546 2373 1574 2373 1547 2373 1547 2374 1574 2374 1575 2374 1547 2375 1575 2375 1548 2375 1548 2376 1575 2376 1576 2376 1548 2377 1576 2377 1549 2377 1549 2378 1576 2378 1577 2378 1549 2379 1577 2379 1550 2379 1550 2380 1577 2380 1578 2380 1550 2381 1578 2381 1551 2381 1551 2382 1578 2382 1579 2382 1551 2383 1579 2383 1552 2383 1552 2384 1579 2384 1580 2384 1552 2385 1580 2385 1553 2385 1553 2386 1580 2386 1581 2386 1553 2387 1581 2387 1554 2387 1554 2388 1581 2388 1582 2388 1554 2389 1582 2389 1555 2389 1555 2390 1582 2390 1583 2390 1555 2391 1583 2391 1556 2391 1556 2392 1583 2392 1584 2392 1556 2393 1584 2393 1557 2393 1557 2394 1584 2394 1585 2394 1557 2395 1585 2395 1558 2395 1558 2396 1585 2396 1586 2396 1558 2397 1586 2397 1559 2397 1559 2398 1586 2398 1587 2398 1559 2399 1587 2399 1560 2399 1560 2400 1587 2400 1588 2400 1560 2401 1588 2401 1561 2401 1561 2402 1588 2402 1589 2402 1561 2403 1589 2403 1562 2403 1562 2404 1589 2404 1590 2404 1562 2405 1590 2405 1563 2405 1563 2406 1590 2406 1591 2406 1563 2407 1591 2407 1564 2407 1564 2408 1591 2408 1592 2408 1564 2409 1592 2409 1565 2409 1565 2410 1592 2410 1593 2410 1565 2411 1593 2411 1566 2411 1566 2412 1593 2412 1594 2412 1566 2413 1594 2413 1567 2413 1567 2414 1594 2414 1595 2414 1567 2415 1595 2415 1568 2415 1568 2416 1595 2416 1596 2416 1568 2417 1596 2417 1569 2417 1569 2418 1596 2418 1597 2418 1569 2419 1597 2419 1570 2419 1570 2420 1597 2420 1598 2420 1570 2421 1598 2421 1571 2421 1571 2422 1598 2422 1599 2422 1571 2423 1599 2423 1572 2423 1572 2424 1599 2424 1600 2424 1572 2425 1600 2425 1573 2425 1573 2426 1600 2426 1601 2426 1573 2427 1601 2427 1321 2427 1321 2428 1601 2428 1602 2428 1321 2429 1602 2429 663 2429 663 2430 1602 2430 661 2430 456 2431 455 2431 1574 2431 1574 2432 455 2432 1603 2432 1574 2433 1603 2433 1575 2433 1575 2434 1603 2434 1604 2434 1575 2435 1604 2435 1576 2435 1576 2436 1604 2436 1605 2436 1576 2437 1605 2437 1577 2437 1577 2438 1605 2438 1606 2438 1577 2439 1606 2439 1578 2439 1578 2440 1606 2440 1607 2440 1578 2441 1607 2441 1579 2441 1579 2442 1607 2442 1608 2442 1579 2443 1608 2443 1580 2443 1580 2444 1608 2444 1609 2444 1580 2445 1609 2445 1581 2445 1581 2446 1609 2446 1610 2446 1581 2447 1610 2447 1582 2447 1582 2448 1610 2448 1611 2448 1582 2449 1611 2449 1583 2449 1583 2450 1611 2450 1612 2450 1583 2451 1612 2451 1584 2451 1584 2452 1612 2452 1613 2452 1584 2453 1613 2453 1585 2453 1585 2454 1613 2454 1614 2454 1585 2455 1614 2455 1586 2455 1586 2456 1614 2456 1615 2456 1586 2457 1615 2457 1587 2457 1587 2458 1615 2458 1616 2458 1587 2459 1616 2459 1588 2459 1588 2460 1616 2460 1617 2460 1588 2461 1617 2461 1589 2461 1589 2462 1617 2462 1618 2462 1589 2463 1618 2463 1590 2463 1590 2464 1618 2464 1619 2464 1590 2465 1619 2465 1591 2465 1591 2466 1619 2466 1620 2466 1591 2467 1620 2467 1592 2467 1592 2468 1620 2468 1621 2468 1592 2469 1621 2469 1593 2469 1593 2470 1621 2470 1622 2470 1593 2471 1622 2471 1594 2471 1594 2472 1622 2472 1623 2472 1594 2473 1623 2473 1595 2473 1595 2474 1623 2474 1624 2474 1595 2475 1624 2475 1596 2475 1596 2476 1624 2476 1625 2476 1596 2477 1625 2477 1597 2477 1597 2478 1625 2478 1626 2478 1597 2479 1626 2479 1598 2479 1598 2480 1626 2480 1627 2480 1598 2481 1627 2481 1599 2481 1599 2482 1627 2482 1628 2482 1599 2483 1628 2483 1600 2483 1600 2484 1628 2484 1629 2484 1600 2485 1629 2485 1601 2485 1601 2486 1629 2486 1630 2486 1601 2487 1630 2487 1602 2487 1602 2488 1630 2488 1631 2488 1602 2489 1631 2489 661 2489 661 2490 1631 2490 1632 2490 661 2491 1632 2491 662 2491 662 2492 1632 2492 674 2492 455 2493 464 2493 1603 2493 1603 2494 464 2494 1633 2494 1603 2495 1633 2495 1604 2495 1604 2496 1633 2496 1634 2496 1604 2497 1634 2497 1605 2497 1605 2498 1634 2498 1635 2498 1605 2499 1635 2499 1606 2499 1606 2500 1635 2500 1636 2500 1606 2501 1636 2501 1607 2501 1607 2502 1636 2502 1637 2502 1607 2503 1637 2503 1608 2503 1608 2504 1637 2504 1638 2504 1608 2505 1638 2505 1609 2505 1609 2506 1638 2506 1639 2506 1609 2507 1639 2507 1610 2507 1610 2508 1639 2508 1640 2508 1610 2509 1640 2509 1611 2509 1611 2510 1640 2510 1641 2510 1611 2511 1641 2511 1612 2511 1612 2512 1641 2512 1642 2512 1612 2513 1642 2513 1613 2513 1613 2514 1642 2514 1643 2514 1613 2515 1643 2515 1614 2515 1614 2516 1643 2516 1644 2516 1614 2517 1644 2517 1615 2517 1615 2518 1644 2518 1645 2518 1615 2519 1645 2519 1616 2519 1616 2520 1645 2520 1646 2520 1616 2521 1646 2521 1617 2521 1617 2522 1646 2522 1647 2522 1617 2523 1647 2523 1618 2523 1618 2524 1647 2524 1648 2524 1618 2525 1648 2525 1619 2525 1619 2526 1648 2526 1649 2526 1619 2527 1649 2527 1620 2527 1620 2528 1649 2528 1650 2528 1620 2529 1650 2529 1621 2529 1621 2530 1650 2530 1651 2530 1621 2531 1651 2531 1622 2531 1622 2532 1651 2532 1652 2532 1622 2533 1652 2533 1623 2533 1623 2534 1652 2534 1653 2534 1623 2535 1653 2535 1624 2535 1624 2536 1653 2536 1654 2536 1624 2537 1654 2537 1625 2537 1625 2538 1654 2538 1655 2538 1625 2539 1655 2539 1626 2539 1626 2540 1655 2540 1656 2540 1626 2541 1656 2541 1627 2541 1627 2542 1656 2542 1657 2542 1627 2543 1657 2543 1628 2543 1628 2544 1657 2544 1658 2544 1628 2545 1658 2545 1629 2545 1629 2546 1658 2546 1659 2546 1629 2547 1659 2547 1630 2547 1630 2548 1659 2548 1660 2548 1630 2549 1660 2549 1631 2549 1631 2550 1660 2550 1661 2550 1631 2551 1661 2551 1632 2551 1632 2552 1661 2552 1320 2552 1632 2553 1320 2553 674 2553 674 2554 1320 2554 675 2554 464 2555 463 2555 1633 2555 1633 2556 463 2556 1323 2556 1633 2557 1323 2557 1634 2557 1634 2558 1323 2558 1662 2558 1634 2559 1662 2559 1635 2559 1635 2560 1662 2560 1663 2560 1635 2561 1663 2561 1636 2561 1636 2562 1663 2562 1664 2562 1636 2563 1664 2563 1637 2563 1637 2564 1664 2564 1665 2564 1637 2565 1665 2565 1638 2565 1638 2566 1665 2566 1666 2566 1638 2567 1666 2567 1639 2567 1639 2568 1666 2568 1667 2568 1639 2569 1667 2569 1640 2569 1640 2570 1667 2570 1668 2570 1640 2571 1668 2571 1641 2571 1641 2572 1668 2572 1669 2572 1641 2573 1669 2573 1642 2573 1642 2574 1669 2574 1670 2574 1642 2575 1670 2575 1643 2575 1643 2576 1670 2576 1671 2576 1643 2577 1671 2577 1644 2577 1644 2578 1671 2578 1672 2578 1644 2579 1672 2579 1645 2579 1645 2580 1672 2580 1673 2580 1645 2581 1673 2581 1646 2581 1646 2582 1673 2582 1674 2582 1646 2583 1674 2583 1647 2583 1647 2584 1674 2584 1675 2584 1647 2585 1675 2585 1648 2585 1648 2586 1675 2586 1676 2586 1648 2587 1676 2587 1649 2587 1649 2588 1676 2588 1677 2588 1649 2589 1677 2589 1650 2589 1650 2590 1677 2590 1678 2590 1650 2591 1678 2591 1651 2591 1651 2592 1678 2592 1679 2592 1651 2593 1679 2593 1652 2593 1652 2594 1679 2594 1680 2594 1652 2595 1680 2595 1653 2595 1653 2596 1680 2596 1681 2596 1653 2597 1681 2597 1654 2597 1654 2598 1681 2598 1682 2598 1654 2599 1682 2599 1655 2599 1655 2600 1682 2600 1683 2600 1655 2601 1683 2601 1656 2601 1656 2602 1683 2602 1684 2602 1656 2603 1684 2603 1657 2603 1657 2604 1684 2604 1685 2604 1657 2605 1685 2605 1658 2605 1658 2606 1685 2606 1686 2606 1658 2607 1686 2607 1659 2607 1659 2608 1686 2608 1687 2608 1659 2609 1687 2609 1660 2609 1660 2610 1687 2610 1688 2610 1660 2611 1688 2611 1661 2611 1661 2612 1688 2612 1689 2612 1661 2613 1689 2613 1320 2613 1320 2614 1689 2614 1690 2614 1320 2615 1690 2615 660 2615 660 2616 1690 2616 658 2616 461 2617 460 2617 1323 2617 1323 2618 460 2618 1443 2618 1323 2619 1443 2619 1662 2619 1662 2620 1443 2620 1444 2620 1662 2621 1444 2621 1663 2621 1663 2622 1444 2622 1445 2622 1663 2623 1445 2623 1664 2623 1664 2624 1445 2624 1447 2624 1664 2625 1447 2625 1665 2625 1665 2626 1447 2626 1449 2626 1665 2627 1449 2627 1666 2627 1666 2628 1449 2628 1451 2628 1666 2629 1451 2629 1667 2629 1667 2630 1451 2630 1453 2630 1667 2631 1453 2631 1668 2631 1668 2632 1453 2632 1455 2632 1668 2633 1455 2633 1669 2633 1669 2634 1455 2634 1457 2634 1669 2635 1457 2635 1670 2635 1670 2636 1457 2636 1459 2636 1670 2637 1459 2637 1671 2637 1671 2638 1459 2638 1461 2638 1671 2639 1461 2639 1672 2639 1672 2640 1461 2640 1463 2640 1672 2641 1463 2641 1673 2641 1673 2642 1463 2642 1465 2642 1673 2643 1465 2643 1674 2643 1674 2644 1465 2644 1467 2644 1674 2645 1467 2645 1675 2645 1675 2646 1467 2646 1469 2646 1675 2647 1469 2647 1676 2647 1676 2648 1469 2648 1471 2648 1676 2649 1471 2649 1677 2649 1677 2650 1471 2650 1473 2650 1677 2651 1473 2651 1678 2651 1678 2652 1473 2652 1475 2652 1678 2653 1475 2653 1679 2653 1679 2654 1475 2654 1477 2654 1679 2655 1477 2655 1680 2655 1680 2656 1477 2656 1479 2656 1680 2657 1479 2657 1681 2657 1681 2658 1479 2658 1481 2658 1681 2659 1481 2659 1682 2659 1682 2660 1481 2660 1483 2660 1682 2661 1483 2661 1683 2661 1683 2662 1483 2662 1485 2662 1683 2663 1485 2663 1684 2663 1684 2664 1485 2664 1487 2664 1684 2665 1487 2665 1685 2665 1685 2666 1487 2666 1691 2666 1685 2667 1691 2667 1686 2667 1686 2668 1691 2668 1692 2668 1686 2669 1692 2669 1687 2669 1687 2670 1692 2670 1693 2670 1687 2671 1693 2671 1688 2671 1688 2672 1693 2672 1694 2672 1688 2673 1694 2673 1689 2673 1689 2674 1694 2674 1695 2674 1689 2675 1695 2675 1690 2675 1690 2676 1695 2676 1319 2676 1690 2677 1319 2677 658 2677 658 2678 1319 2678 649 2678 1486 2679 1696 2679 1487 2679 1487 2680 1696 2680 1697 2680 1487 2681 1697 2681 1691 2681 1691 2682 1697 2682 1698 2682 1691 2683 1698 2683 1692 2683 1692 2684 1698 2684 1699 2684 1692 2685 1699 2685 1693 2685 1693 2686 1699 2686 1700 2686 1693 2687 1700 2687 1694 2687 1694 2688 1700 2688 1701 2688 1694 2689 1701 2689 1695 2689 1695 2690 1701 2690 1702 2690 1695 2691 1702 2691 1319 2691 1319 2692 1702 2692 1318 2692 1319 2693 1318 2693 650 2693 650 2694 1318 2694 652 2694 458 2695 462 2695 1332 2695 1332 2696 462 2696 1331 2696 1332 2697 1331 2697 1446 2697 1446 2698 1331 2698 1373 2698 1446 2699 1373 2699 1448 2699 1448 2700 1373 2700 1374 2700 1448 2701 1374 2701 1450 2701 1450 2702 1374 2702 1376 2702 1450 2703 1376 2703 1452 2703 1452 2704 1376 2704 1378 2704 1452 2705 1378 2705 1454 2705 1454 2706 1378 2706 1703 2706 1454 2707 1703 2707 1456 2707 1456 2708 1703 2708 1704 2708 1456 2709 1704 2709 1458 2709 1458 2710 1704 2710 1705 2710 1458 2711 1705 2711 1460 2711 1460 2712 1705 2712 1706 2712 1460 2713 1706 2713 1462 2713 1462 2714 1706 2714 1707 2714 1462 2715 1707 2715 1464 2715 1464 2716 1707 2716 1708 2716 1464 2717 1708 2717 1466 2717 1466 2718 1708 2718 1709 2718 1466 2719 1709 2719 1468 2719 1468 2720 1709 2720 1710 2720 1468 2721 1710 2721 1470 2721 1470 2722 1710 2722 1711 2722 1470 2723 1711 2723 1472 2723 1472 2724 1711 2724 1712 2724 1472 2725 1712 2725 1474 2725 1474 2726 1712 2726 1713 2726 1474 2727 1713 2727 1476 2727 1476 2728 1713 2728 1714 2728 1476 2729 1714 2729 1478 2729 1478 2730 1714 2730 1715 2730 1478 2731 1715 2731 1480 2731 1480 2732 1715 2732 1716 2732 1480 2733 1716 2733 1482 2733 1482 2734 1716 2734 1717 2734 1482 2735 1717 2735 1484 2735 1484 2736 1717 2736 1718 2736 1484 2737 1718 2737 1486 2737 1486 2738 1718 2738 1719 2738 1486 2739 1719 2739 1696 2739 1696 2740 1719 2740 1720 2740 1696 2741 1720 2741 1697 2741 1697 2742 1720 2742 1721 2742 1697 2743 1721 2743 1698 2743 1698 2744 1721 2744 1722 2744 1698 2745 1722 2745 1699 2745 1699 2746 1722 2746 1723 2746 1699 2747 1723 2747 1700 2747 1700 2748 1723 2748 1724 2748 1700 2749 1724 2749 1701 2749 1701 2750 1724 2750 1725 2750 1701 2751 1725 2751 1702 2751 1702 2752 1725 2752 1726 2752 1702 2753 1726 2753 1318 2753 1318 2754 1726 2754 1317 2754 1318 2755 1317 2755 654 2755 654 2756 1317 2756 656 2756 1377 2757 1727 2757 1378 2757 1378 2758 1727 2758 1728 2758 1378 2759 1728 2759 1703 2759 1703 2760 1728 2760 1729 2760 1703 2761 1729 2761 1704 2761 1704 2762 1729 2762 1730 2762 1704 2763 1730 2763 1705 2763 1705 2764 1730 2764 1731 2764 1705 2765 1731 2765 1706 2765 1706 2766 1731 2766 1732 2766 1706 2767 1732 2767 1707 2767 1707 2768 1732 2768 1733 2768 1707 2769 1733 2769 1708 2769 1708 2770 1733 2770 1734 2770 1708 2771 1734 2771 1709 2771 1709 2772 1734 2772 1735 2772 1709 2773 1735 2773 1710 2773 1710 2774 1735 2774 1736 2774 1710 2775 1736 2775 1711 2775 1711 2776 1736 2776 1737 2776 1711 2777 1737 2777 1712 2777 1712 2778 1737 2778 1738 2778 1712 2779 1738 2779 1713 2779 1713 2780 1738 2780 1739 2780 1713 2781 1739 2781 1714 2781 1714 2782 1739 2782 1740 2782 1714 2783 1740 2783 1715 2783 1715 2784 1740 2784 1741 2784 1715 2785 1741 2785 1716 2785 1716 2786 1741 2786 1742 2786 1716 2787 1742 2787 1717 2787 1717 2788 1742 2788 1743 2788 1717 2789 1743 2789 1718 2789 1718 2790 1743 2790 1744 2790 1718 2791 1744 2791 1719 2791 1719 2792 1744 2792 1745 2792 1719 2793 1745 2793 1720 2793 1720 2794 1745 2794 1746 2794 1720 2795 1746 2795 1721 2795 1721 2796 1746 2796 1747 2796 1721 2797 1747 2797 1722 2797 1722 2798 1747 2798 1748 2798 1722 2799 1748 2799 1723 2799 1723 2800 1748 2800 1749 2800 1723 2801 1749 2801 1724 2801 1724 2802 1749 2802 1750 2802 1724 2803 1750 2803 1725 2803 1725 2804 1750 2804 1751 2804 1725 2805 1751 2805 1726 2805 1726 2806 1751 2806 1752 2806 1726 2807 1752 2807 1317 2807 1317 2808 1752 2808 1336 2808 1317 2809 1336 2809 657 2809 657 2810 1336 2810 647 2810 472 2811 471 2811 1330 2811 1330 2812 471 2812 1326 2812 1330 2813 1326 2813 1375 2813 1375 2814 1326 2814 1329 2814 1375 2815 1329 2815 1377 2815 1377 2816 1329 2816 1404 2816 1377 2817 1404 2817 1727 2817 1727 2818 1404 2818 1406 2818 1727 2819 1406 2819 1728 2819 1728 2820 1406 2820 1408 2820 1728 2821 1408 2821 1729 2821 1729 2822 1408 2822 1410 2822 1729 2823 1410 2823 1730 2823 1730 2824 1410 2824 1412 2824 1730 2825 1412 2825 1731 2825 1731 2826 1412 2826 1414 2826 1731 2827 1414 2827 1732 2827 1732 2828 1414 2828 1416 2828 1732 2829 1416 2829 1733 2829 1733 2830 1416 2830 1418 2830 1733 2831 1418 2831 1734 2831 1734 2832 1418 2832 1420 2832 1734 2833 1420 2833 1735 2833 1735 2834 1420 2834 1422 2834 1735 2835 1422 2835 1736 2835 1736 2836 1422 2836 1424 2836 1736 2837 1424 2837 1737 2837 1737 2838 1424 2838 1426 2838 1737 2839 1426 2839 1738 2839 1738 2840 1426 2840 1428 2840 1738 2841 1428 2841 1739 2841 1739 2842 1428 2842 1430 2842 1739 2843 1430 2843 1740 2843 1740 2844 1430 2844 1432 2844 1740 2845 1432 2845 1741 2845 1741 2846 1432 2846 1434 2846 1741 2847 1434 2847 1742 2847 1742 2848 1434 2848 1753 2848 1742 2849 1753 2849 1743 2849 1743 2850 1753 2850 1754 2850 1743 2851 1754 2851 1744 2851 1744 2852 1754 2852 1755 2852 1744 2853 1755 2853 1745 2853 1745 2854 1755 2854 1756 2854 1745 2855 1756 2855 1746 2855 1746 2856 1756 2856 1757 2856 1746 2857 1757 2857 1747 2857 1747 2858 1757 2858 1758 2858 1747 2859 1758 2859 1748 2859 1748 2860 1758 2860 1759 2860 1748 2861 1759 2861 1749 2861 1749 2862 1759 2862 1760 2862 1749 2863 1760 2863 1750 2863 1750 2864 1760 2864 1761 2864 1750 2865 1761 2865 1751 2865 1751 2866 1761 2866 1762 2866 1751 2867 1762 2867 1752 2867 1752 2868 1762 2868 1763 2868 1752 2869 1763 2869 1336 2869 1336 2870 1763 2870 1315 2870 1336 2871 1315 2871 634 2871 634 2872 1315 2872 636 2872 815 2873 825 2873 1357 2873 1357 2874 825 2874 1311 2874 1357 2875 1311 2875 1433 2875 1433 2876 1311 2876 1438 2876 1433 2877 1438 2877 1434 2877 1434 2878 1438 2878 1494 2878 1434 2879 1494 2879 1753 2879 1753 2880 1494 2880 1495 2880 1753 2881 1495 2881 1754 2881 1754 2882 1495 2882 1496 2882 1754 2883 1496 2883 1755 2883 1755 2884 1496 2884 1497 2884 1755 2885 1497 2885 1756 2885 1756 2886 1497 2886 1498 2886 1756 2887 1498 2887 1757 2887 1757 2888 1498 2888 1499 2888 1757 2889 1499 2889 1758 2889 1758 2890 1499 2890 1500 2890 1758 2891 1500 2891 1759 2891 1759 2892 1500 2892 1501 2892 1759 2893 1501 2893 1760 2893 1760 2894 1501 2894 1502 2894 1760 2895 1502 2895 1761 2895 1761 2896 1502 2896 1503 2896 1761 2897 1503 2897 1762 2897 1762 2898 1503 2898 1504 2898 1762 2899 1504 2899 1763 2899 1763 2900 1504 2900 1314 2900 1763 2901 1314 2901 1315 2901 1315 2902 1314 2902 1313 2902 1315 2903 1313 2903 1316 2903 1316 2904 1313 2904 1312 2904 1764 2905 757 2905 755 2905 1765 2906 770 2906 768 2906 781 2907 780 2907 1766 2907 639 2908 1767 2908 637 2908 627 2909 626 2909 745 2909 838 2910 1768 2910 427 2910 427 2911 1768 2911 429 2911 429 2912 1768 2912 430 2912 430 2913 1768 2913 1769 2913 430 2914 1769 2914 397 2914 1770 2915 399 2915 1771 2915 1771 2916 399 2916 398 2916 1771 2917 398 2917 1772 2917 1772 2918 398 2918 396 2918 1772 2919 396 2919 1773 2919 1773 2920 396 2920 395 2920 1773 2921 395 2921 1774 2921 1774 2922 395 2922 397 2922 1774 2923 397 2923 1775 2923 1775 2924 397 2924 1769 2924 406 2925 405 2925 1776 2925 1776 2926 405 2926 404 2926 1776 2927 404 2927 1777 2927 1777 2928 404 2928 403 2928 1777 2929 403 2929 1778 2929 1778 2930 403 2930 392 2930 1778 2931 392 2931 1779 2931 1779 2932 392 2932 391 2932 1779 2933 391 2933 1780 2933 1780 2934 391 2934 394 2934 1780 2935 394 2935 1781 2935 1781 2936 394 2936 402 2936 1781 2937 402 2937 1782 2937 1782 2938 402 2938 401 2938 1782 2939 401 2939 1770 2939 1770 2940 401 2940 400 2940 1770 2941 400 2941 399 2941 1783 2942 617 2942 616 2942 1784 2943 586 2943 1785 2943 1785 2944 586 2944 588 2944 1785 2945 588 2945 1786 2945 1786 2946 588 2946 590 2946 1786 2947 590 2947 1787 2947 1787 2948 590 2948 592 2948 1787 2949 592 2949 1788 2949 1788 2950 592 2950 624 2950 1788 2951 624 2951 1789 2951 1789 2952 624 2952 623 2952 1789 2953 623 2953 1790 2953 1790 2954 623 2954 615 2954 1790 2955 615 2955 1791 2955 1791 2956 615 2956 614 2956 1791 2957 614 2957 1792 2957 1792 2958 614 2958 622 2958 1792 2959 622 2959 1793 2959 1793 2960 622 2960 621 2960 1793 2961 621 2961 1794 2961 1794 2962 621 2962 620 2962 1794 2963 620 2963 1795 2963 1795 2964 620 2964 619 2964 1795 2965 619 2965 1783 2965 1783 2966 619 2966 618 2966 1783 2967 618 2967 617 2967 1796 2968 629 2968 1784 2968 1784 2969 629 2969 628 2969 1784 2970 628 2970 586 2970 1767 2971 639 2971 1797 2971 639 2972 641 2972 1797 2972 1797 2973 641 2973 643 2973 1797 2974 643 2974 1796 2974 1796 2975 643 2975 631 2975 1796 2976 631 2976 629 2976 635 2977 637 2977 856 2977 856 2978 637 2978 1767 2978 856 2979 1767 2979 855 2979 855 2980 1767 2980 1797 2980 855 2981 1797 2981 854 2981 857 2982 854 2982 1798 2982 841 2983 857 2983 1799 2983 842 2984 841 2984 1800 2984 843 2985 842 2985 1801 2985 844 2986 843 2986 1802 2986 845 2987 844 2987 1803 2987 846 2988 845 2988 1804 2988 847 2989 846 2989 1805 2989 849 2990 848 2990 1806 2990 851 2991 850 2991 1807 2991 852 2992 851 2992 1808 2992 853 2993 852 2993 1809 2993 839 2994 853 2994 1810 2994 837 2995 836 2995 1811 2995 838 2996 837 2996 1812 2996 854 2997 1797 2997 1798 2997 1798 2998 1797 2998 1796 2998 1798 2999 1796 2999 1813 2999 1813 3000 1796 3000 1784 3000 1813 3001 1784 3001 1814 3001 1814 3002 1784 3002 1785 3002 1814 3003 1785 3003 1815 3003 1815 3004 1785 3004 1786 3004 1815 3005 1786 3005 1816 3005 1816 3006 1786 3006 1787 3006 1816 3007 1787 3007 1817 3007 1817 3008 1787 3008 1788 3008 1817 3009 1788 3009 1818 3009 1818 3010 1788 3010 1789 3010 1818 3011 1789 3011 1819 3011 1819 3012 1789 3012 1790 3012 1819 3013 1790 3013 1820 3013 1820 3014 1790 3014 1791 3014 1820 3015 1791 3015 1821 3015 1821 3016 1791 3016 1792 3016 1821 3017 1792 3017 1822 3017 1822 3018 1792 3018 1793 3018 1822 3019 1793 3019 1823 3019 1823 3020 1793 3020 1794 3020 1823 3021 1794 3021 1824 3021 1824 3022 1794 3022 1795 3022 1824 3023 1795 3023 1825 3023 1825 3024 1795 3024 1783 3024 1825 3025 1783 3025 1826 3025 857 3026 1798 3026 1799 3026 1799 3027 1798 3027 1813 3027 1799 3028 1813 3028 1827 3028 1827 3029 1813 3029 1814 3029 1827 3030 1814 3030 1828 3030 1828 3031 1814 3031 1815 3031 1828 3032 1815 3032 1829 3032 1829 3033 1815 3033 1816 3033 1829 3034 1816 3034 1830 3034 1830 3035 1816 3035 1817 3035 1830 3036 1817 3036 1831 3036 1831 3037 1817 3037 1818 3037 1831 3038 1818 3038 1832 3038 1832 3039 1818 3039 1819 3039 1832 3040 1819 3040 1833 3040 1833 3041 1819 3041 1820 3041 1833 3042 1820 3042 1834 3042 1834 3043 1820 3043 1821 3043 1834 3044 1821 3044 1835 3044 1835 3045 1821 3045 1822 3045 1835 3046 1822 3046 1836 3046 1836 3047 1822 3047 1823 3047 1836 3048 1823 3048 1837 3048 1837 3049 1823 3049 1824 3049 1837 3050 1824 3050 1838 3050 1838 3051 1824 3051 1825 3051 1838 3052 1825 3052 1839 3052 1839 3053 1825 3053 1826 3053 1839 3054 1826 3054 1840 3054 841 3055 1799 3055 1800 3055 1800 3056 1799 3056 1827 3056 1800 3057 1827 3057 1841 3057 1841 3058 1827 3058 1828 3058 1841 3059 1828 3059 1842 3059 1842 3060 1828 3060 1829 3060 1842 3061 1829 3061 1843 3061 1843 3062 1829 3062 1830 3062 1843 3063 1830 3063 1844 3063 1844 3064 1830 3064 1831 3064 1844 3065 1831 3065 1845 3065 1845 3066 1831 3066 1832 3066 1845 3067 1832 3067 1846 3067 1846 3068 1832 3068 1833 3068 1846 3069 1833 3069 1847 3069 1847 3070 1833 3070 1834 3070 1847 3071 1834 3071 1848 3071 1848 3072 1834 3072 1835 3072 1848 3073 1835 3073 1849 3073 1849 3074 1835 3074 1836 3074 1849 3075 1836 3075 1850 3075 1850 3076 1836 3076 1837 3076 1850 3077 1837 3077 1851 3077 1851 3078 1837 3078 1838 3078 1851 3079 1838 3079 1852 3079 1852 3080 1838 3080 1839 3080 1852 3081 1839 3081 1853 3081 1853 3082 1839 3082 1840 3082 1853 3083 1840 3083 1854 3083 849 3084 1806 3084 1855 3084 1855 3085 1806 3085 1856 3085 1855 3086 1856 3086 1857 3086 1857 3087 1856 3087 1858 3087 1857 3088 1858 3088 1859 3088 1859 3089 1858 3089 1860 3089 1859 3090 1860 3090 1861 3090 1861 3091 1860 3091 1862 3091 1861 3092 1862 3092 1863 3092 1863 3093 1862 3093 1864 3093 1863 3094 1864 3094 1865 3094 1865 3095 1864 3095 1866 3095 1865 3096 1866 3096 1867 3096 1867 3097 1866 3097 1868 3097 1867 3098 1868 3098 1869 3098 1869 3099 1868 3099 1870 3099 1869 3100 1870 3100 1871 3100 1871 3101 1870 3101 1872 3101 1871 3102 1872 3102 1873 3102 1873 3103 1872 3103 1874 3103 1873 3104 1874 3104 1875 3104 1875 3105 1874 3105 1876 3105 1875 3106 1876 3106 1877 3106 1877 3107 1876 3107 1878 3107 1877 3108 1878 3108 1879 3108 1879 3109 1878 3109 1880 3109 1879 3110 1880 3110 1881 3110 1881 3111 1880 3111 1882 3111 1881 3112 1882 3112 1883 3112 770 3113 1765 3113 1883 3113 1883 3114 1765 3114 1884 3114 1883 3115 1884 3115 1881 3115 1881 3116 1884 3116 1885 3116 1881 3117 1885 3117 1879 3117 1879 3118 1885 3118 1886 3118 1879 3119 1886 3119 1877 3119 1877 3120 1886 3120 1887 3120 1877 3121 1887 3121 1875 3121 1875 3122 1887 3122 1888 3122 1875 3123 1888 3123 1873 3123 1873 3124 1888 3124 1889 3124 1873 3125 1889 3125 1871 3125 1871 3126 1889 3126 1890 3126 1871 3127 1890 3127 1869 3127 1869 3128 1890 3128 1891 3128 1869 3129 1891 3129 1867 3129 1867 3130 1891 3130 1892 3130 1867 3131 1892 3131 1865 3131 1865 3132 1892 3132 1893 3132 1865 3133 1893 3133 1863 3133 1863 3134 1893 3134 1894 3134 1863 3135 1894 3135 1861 3135 1861 3136 1894 3136 1895 3136 1861 3137 1895 3137 1859 3137 1859 3138 1895 3138 1896 3138 1859 3139 1896 3139 1857 3139 1857 3140 1896 3140 1807 3140 1857 3141 1807 3141 1855 3141 1855 3142 1807 3142 850 3142 1855 3143 850 3143 849 3143 852 3144 1808 3144 1809 3144 1809 3145 1808 3145 1897 3145 1809 3146 1897 3146 1898 3146 1898 3147 1897 3147 1899 3147 1898 3148 1899 3148 1900 3148 1900 3149 1899 3149 1901 3149 1900 3150 1901 3150 1902 3150 1902 3151 1901 3151 1903 3151 1902 3152 1903 3152 1904 3152 1904 3153 1903 3153 1905 3153 1904 3154 1905 3154 1906 3154 1906 3155 1905 3155 1907 3155 1906 3156 1907 3156 1908 3156 1908 3157 1907 3157 1909 3157 1908 3158 1909 3158 1910 3158 1910 3159 1909 3159 1911 3159 1910 3160 1911 3160 1912 3160 1912 3161 1911 3161 1913 3161 1912 3162 1913 3162 1914 3162 1914 3163 1913 3163 1915 3163 1914 3164 1915 3164 1916 3164 1916 3165 1915 3165 1917 3165 1916 3166 1917 3166 1918 3166 1918 3167 1917 3167 1919 3167 1918 3168 1919 3168 1920 3168 1920 3169 1919 3169 1921 3169 1920 3170 1921 3170 1922 3170 1922 3171 1921 3171 1923 3171 1922 3172 1923 3172 1924 3172 853 3173 1809 3173 1810 3173 1810 3174 1809 3174 1898 3174 1810 3175 1898 3175 1925 3175 1925 3176 1898 3176 1900 3176 1925 3177 1900 3177 1926 3177 1926 3178 1900 3178 1902 3178 1926 3179 1902 3179 1927 3179 1927 3180 1902 3180 1904 3180 1927 3181 1904 3181 1928 3181 1928 3182 1904 3182 1906 3182 1928 3183 1906 3183 1929 3183 1929 3184 1906 3184 1908 3184 1929 3185 1908 3185 1930 3185 1930 3186 1908 3186 1910 3186 1930 3187 1910 3187 1931 3187 1931 3188 1910 3188 1912 3188 1931 3189 1912 3189 1932 3189 1932 3190 1912 3190 1914 3190 1932 3191 1914 3191 1933 3191 1933 3192 1914 3192 1916 3192 1933 3193 1916 3193 1934 3193 1934 3194 1916 3194 1918 3194 1934 3195 1918 3195 1935 3195 1935 3196 1918 3196 1920 3196 1935 3197 1920 3197 1936 3197 1936 3198 1920 3198 1922 3198 1936 3199 1922 3199 1937 3199 1937 3200 1922 3200 1924 3200 1937 3201 1924 3201 1938 3201 839 3202 1810 3202 1939 3202 1939 3203 1810 3203 1925 3203 1939 3204 1925 3204 1940 3204 1940 3205 1925 3205 1926 3205 1940 3206 1926 3206 1941 3206 1941 3207 1926 3207 1927 3207 1941 3208 1927 3208 1942 3208 1942 3209 1927 3209 1928 3209 1942 3210 1928 3210 1943 3210 1943 3211 1928 3211 1929 3211 1943 3212 1929 3212 1944 3212 1944 3213 1929 3213 1930 3213 1944 3214 1930 3214 1945 3214 1945 3215 1930 3215 1931 3215 1945 3216 1931 3216 1946 3216 1946 3217 1931 3217 1932 3217 1946 3218 1932 3218 1947 3218 1947 3219 1932 3219 1933 3219 1947 3220 1933 3220 1948 3220 1948 3221 1933 3221 1934 3221 1948 3222 1934 3222 1949 3222 1949 3223 1934 3223 1935 3223 1949 3224 1935 3224 1950 3224 1950 3225 1935 3225 1936 3225 1950 3226 1936 3226 1951 3226 1951 3227 1936 3227 1937 3227 1951 3228 1937 3228 1952 3228 1952 3229 1937 3229 1938 3229 1952 3230 1938 3230 1953 3230 757 3231 1764 3231 1953 3231 1953 3232 1764 3232 1954 3232 1953 3233 1954 3233 1952 3233 1952 3234 1954 3234 1955 3234 1952 3235 1955 3235 1951 3235 1951 3236 1955 3236 1956 3236 1951 3237 1956 3237 1950 3237 1950 3238 1956 3238 1957 3238 1950 3239 1957 3239 1949 3239 1949 3240 1957 3240 1958 3240 1949 3241 1958 3241 1948 3241 1948 3242 1958 3242 1959 3242 1948 3243 1959 3243 1947 3243 1947 3244 1959 3244 1960 3244 1947 3245 1960 3245 1946 3245 1946 3246 1960 3246 1961 3246 1946 3247 1961 3247 1945 3247 1945 3248 1961 3248 1962 3248 1945 3249 1962 3249 1944 3249 1944 3250 1962 3250 1963 3250 1944 3251 1963 3251 1943 3251 1943 3252 1963 3252 1964 3252 1943 3253 1964 3253 1942 3253 1942 3254 1964 3254 1965 3254 1942 3255 1965 3255 1941 3255 1941 3256 1965 3256 1966 3256 1941 3257 1966 3257 1940 3257 1940 3258 1966 3258 1967 3258 1940 3259 1967 3259 1939 3259 1939 3260 1967 3260 840 3260 1939 3261 840 3261 839 3261 837 3262 1811 3262 1812 3262 1812 3263 1811 3263 1968 3263 1812 3264 1968 3264 1969 3264 1969 3265 1968 3265 1970 3265 1969 3266 1970 3266 1971 3266 1971 3267 1970 3267 1972 3267 1971 3268 1972 3268 1973 3268 1973 3269 1972 3269 1974 3269 1973 3270 1974 3270 1975 3270 1975 3271 1974 3271 1976 3271 1975 3272 1976 3272 1977 3272 1977 3273 1976 3273 1978 3273 1977 3274 1978 3274 1979 3274 1979 3275 1978 3275 1980 3275 1979 3276 1980 3276 1981 3276 1981 3277 1980 3277 1982 3277 1981 3278 1982 3278 1983 3278 1983 3279 1982 3279 1984 3279 1983 3280 1984 3280 1985 3280 1985 3281 1984 3281 1986 3281 1985 3282 1986 3282 1987 3282 1987 3283 1986 3283 1988 3283 1987 3284 1988 3284 1989 3284 1989 3285 1988 3285 1990 3285 1989 3286 1990 3286 1991 3286 1991 3287 1990 3287 1992 3287 1991 3288 1992 3288 1993 3288 1993 3289 1992 3289 1994 3289 1993 3290 1994 3290 1995 3290 838 3291 1812 3291 1768 3291 1768 3292 1812 3292 1969 3292 1768 3293 1969 3293 1769 3293 1769 3294 1969 3294 1971 3294 1769 3295 1971 3295 1775 3295 1775 3296 1971 3296 1973 3296 1775 3297 1973 3297 1774 3297 1774 3298 1973 3298 1975 3298 1774 3299 1975 3299 1773 3299 1773 3300 1975 3300 1977 3300 1773 3301 1977 3301 1772 3301 1772 3302 1977 3302 1979 3302 1772 3303 1979 3303 1771 3303 1771 3304 1979 3304 1981 3304 1771 3305 1981 3305 1770 3305 1770 3306 1981 3306 1983 3306 1770 3307 1983 3307 1782 3307 1782 3308 1983 3308 1985 3308 1782 3309 1985 3309 1781 3309 1781 3310 1985 3310 1987 3310 1781 3311 1987 3311 1780 3311 1780 3312 1987 3312 1989 3312 1780 3313 1989 3313 1779 3313 1779 3314 1989 3314 1991 3314 1779 3315 1991 3315 1778 3315 1778 3316 1991 3316 1993 3316 1778 3317 1993 3317 1777 3317 1777 3318 1993 3318 1995 3318 1777 3319 1995 3319 1776 3319 616 3320 627 3320 1783 3320 1783 3321 627 3321 745 3321 1783 3322 745 3322 1826 3322 1826 3323 745 3323 747 3323 1826 3324 747 3324 1840 3324 1840 3325 747 3325 738 3325 1840 3326 738 3326 1854 3326 1854 3327 738 3327 740 3327 1854 3328 740 3328 742 3328 842 3329 1800 3329 1801 3329 1801 3330 1800 3330 1841 3330 1801 3331 1841 3331 1996 3331 1996 3332 1841 3332 1842 3332 1996 3333 1842 3333 1997 3333 1997 3334 1842 3334 1843 3334 1997 3335 1843 3335 1998 3335 1998 3336 1843 3336 1844 3336 1998 3337 1844 3337 1999 3337 1999 3338 1844 3338 1845 3338 1999 3339 1845 3339 2000 3339 2000 3340 1845 3340 1846 3340 2000 3341 1846 3341 2001 3341 2001 3342 1846 3342 1847 3342 2001 3343 1847 3343 2002 3343 2002 3344 1847 3344 1848 3344 2002 3345 1848 3345 2003 3345 2003 3346 1848 3346 1849 3346 2003 3347 1849 3347 2004 3347 2004 3348 1849 3348 1850 3348 2004 3349 1850 3349 2005 3349 2005 3350 1850 3350 1851 3350 2005 3351 1851 3351 2006 3351 2006 3352 1851 3352 1852 3352 2006 3353 1852 3353 2007 3353 2007 3354 1852 3354 1853 3354 2007 3355 1853 3355 2008 3355 2008 3356 1853 3356 1854 3356 2008 3357 1854 3357 2009 3357 2009 3358 1854 3358 742 3358 2009 3359 742 3359 736 3359 843 3360 1801 3360 1802 3360 1802 3361 1801 3361 1996 3361 1802 3362 1996 3362 2010 3362 2010 3363 1996 3363 1997 3363 2010 3364 1997 3364 2011 3364 2011 3365 1997 3365 1998 3365 2011 3366 1998 3366 2012 3366 2012 3367 1998 3367 1999 3367 2012 3368 1999 3368 2013 3368 2013 3369 1999 3369 2000 3369 2013 3370 2000 3370 2014 3370 2014 3371 2000 3371 2001 3371 2014 3372 2001 3372 2015 3372 2015 3373 2001 3373 2002 3373 2015 3374 2002 3374 2016 3374 2016 3375 2002 3375 2003 3375 2016 3376 2003 3376 2017 3376 2017 3377 2003 3377 2004 3377 2017 3378 2004 3378 2018 3378 2018 3379 2004 3379 2005 3379 2018 3380 2005 3380 2019 3380 2019 3381 2005 3381 2006 3381 2019 3382 2006 3382 2020 3382 2020 3383 2006 3383 2007 3383 2020 3384 2007 3384 2021 3384 2021 3385 2007 3385 2008 3385 2021 3386 2008 3386 2022 3386 2022 3387 2008 3387 2009 3387 2022 3388 2009 3388 2023 3388 2023 3389 2009 3389 736 3389 2023 3390 736 3390 735 3390 844 3391 1802 3391 1803 3391 1803 3392 1802 3392 2010 3392 1803 3393 2010 3393 2024 3393 2024 3394 2010 3394 2011 3394 2024 3395 2011 3395 2025 3395 2025 3396 2011 3396 2012 3396 2025 3397 2012 3397 2026 3397 2026 3398 2012 3398 2013 3398 2026 3399 2013 3399 2027 3399 2027 3400 2013 3400 2014 3400 2027 3401 2014 3401 2028 3401 2028 3402 2014 3402 2015 3402 2028 3403 2015 3403 2029 3403 2029 3404 2015 3404 2016 3404 2029 3405 2016 3405 2030 3405 2030 3406 2016 3406 2017 3406 2030 3407 2017 3407 2031 3407 2031 3408 2017 3408 2018 3408 2031 3409 2018 3409 2032 3409 2032 3410 2018 3410 2019 3410 2032 3411 2019 3411 2033 3411 2033 3412 2019 3412 2020 3412 2033 3413 2020 3413 2034 3413 2034 3414 2020 3414 2021 3414 2034 3415 2021 3415 2035 3415 2035 3416 2021 3416 2022 3416 2035 3417 2022 3417 2036 3417 2036 3418 2022 3418 2023 3418 2036 3419 2023 3419 2037 3419 2037 3420 2023 3420 735 3420 2037 3421 735 3421 784 3421 845 3422 1803 3422 1804 3422 1804 3423 1803 3423 2024 3423 1804 3424 2024 3424 2038 3424 2038 3425 2024 3425 2025 3425 2038 3426 2025 3426 2039 3426 2039 3427 2025 3427 2026 3427 2039 3428 2026 3428 2040 3428 2040 3429 2026 3429 2027 3429 2040 3430 2027 3430 2041 3430 2041 3431 2027 3431 2028 3431 2041 3432 2028 3432 2042 3432 2042 3433 2028 3433 2029 3433 2042 3434 2029 3434 2043 3434 2043 3435 2029 3435 2030 3435 2043 3436 2030 3436 2044 3436 2044 3437 2030 3437 2031 3437 2044 3438 2031 3438 2045 3438 2045 3439 2031 3439 2032 3439 2045 3440 2032 3440 2046 3440 2046 3441 2032 3441 2033 3441 2046 3442 2033 3442 2047 3442 2047 3443 2033 3443 2034 3443 2047 3444 2034 3444 2048 3444 2048 3445 2034 3445 2035 3445 2048 3446 2035 3446 2049 3446 2049 3447 2035 3447 2036 3447 2049 3448 2036 3448 2050 3448 2050 3449 2036 3449 2037 3449 2050 3450 2037 3450 2051 3450 2051 3451 2037 3451 784 3451 2051 3452 784 3452 786 3452 846 3453 1804 3453 1805 3453 1805 3454 1804 3454 2038 3454 1805 3455 2038 3455 2052 3455 2052 3456 2038 3456 2039 3456 2052 3457 2039 3457 2053 3457 2053 3458 2039 3458 2040 3458 2053 3459 2040 3459 2054 3459 2054 3460 2040 3460 2041 3460 2054 3461 2041 3461 2055 3461 2055 3462 2041 3462 2042 3462 2055 3463 2042 3463 2056 3463 2056 3464 2042 3464 2043 3464 2056 3465 2043 3465 2057 3465 2057 3466 2043 3466 2044 3466 2057 3467 2044 3467 2058 3467 2058 3468 2044 3468 2045 3468 2058 3469 2045 3469 2059 3469 2059 3470 2045 3470 2046 3470 2059 3471 2046 3471 2060 3471 2060 3472 2046 3472 2047 3472 2060 3473 2047 3473 2061 3473 2061 3474 2047 3474 2048 3474 2061 3475 2048 3475 2062 3475 2062 3476 2048 3476 2049 3476 2062 3477 2049 3477 2063 3477 2063 3478 2049 3478 2050 3478 2063 3479 2050 3479 2064 3479 2064 3480 2050 3480 2051 3480 2064 3481 2051 3481 1766 3481 1766 3482 2051 3482 786 3482 1766 3483 786 3483 781 3483 847 3484 1805 3484 2065 3484 2065 3485 1805 3485 2052 3485 2065 3486 2052 3486 2066 3486 2066 3487 2052 3487 2053 3487 2066 3488 2053 3488 2067 3488 2067 3489 2053 3489 2054 3489 2067 3490 2054 3490 2068 3490 2068 3491 2054 3491 2055 3491 2068 3492 2055 3492 2069 3492 2069 3493 2055 3493 2056 3493 2069 3494 2056 3494 2070 3494 2070 3495 2056 3495 2057 3495 2070 3496 2057 3496 2071 3496 2071 3497 2057 3497 2058 3497 2071 3498 2058 3498 2072 3498 2072 3499 2058 3499 2059 3499 2072 3500 2059 3500 2073 3500 2073 3501 2059 3501 2060 3501 2073 3502 2060 3502 2074 3502 2074 3503 2060 3503 2061 3503 2074 3504 2061 3504 2075 3504 2075 3505 2061 3505 2062 3505 2075 3506 2062 3506 2076 3506 2076 3507 2062 3507 2063 3507 2076 3508 2063 3508 2077 3508 2077 3509 2063 3509 2064 3509 2077 3510 2064 3510 2078 3510 2078 3511 2064 3511 1766 3511 2078 3512 1766 3512 2079 3512 2079 3513 1766 3513 780 3513 2079 3514 780 3514 778 3514 778 3515 1882 3515 2079 3515 2079 3516 1882 3516 1880 3516 2079 3517 1880 3517 2078 3517 2078 3518 1880 3518 1878 3518 2078 3519 1878 3519 2077 3519 2077 3520 1878 3520 1876 3520 2077 3521 1876 3521 2076 3521 2076 3522 1876 3522 1874 3522 2076 3523 1874 3523 2075 3523 2075 3524 1874 3524 1872 3524 2075 3525 1872 3525 2074 3525 2074 3526 1872 3526 1870 3526 2074 3527 1870 3527 2073 3527 2073 3528 1870 3528 1868 3528 2073 3529 1868 3529 2072 3529 2072 3530 1868 3530 1866 3530 2072 3531 1866 3531 2071 3531 2071 3532 1866 3532 1864 3532 2071 3533 1864 3533 2070 3533 2070 3534 1864 3534 1862 3534 2070 3535 1862 3535 2069 3535 2069 3536 1862 3536 1860 3536 2069 3537 1860 3537 2068 3537 2068 3538 1860 3538 1858 3538 2068 3539 1858 3539 2067 3539 2067 3540 1858 3540 1856 3540 2067 3541 1856 3541 2066 3541 2066 3542 1856 3542 1806 3542 2066 3543 1806 3543 2065 3543 2065 3544 1806 3544 848 3544 2065 3545 848 3545 847 3545 778 3546 776 3546 1882 3546 1882 3547 776 3547 774 3547 1882 3548 774 3548 1883 3548 1883 3549 774 3549 772 3549 1883 3550 772 3550 770 3550 851 3551 1807 3551 1808 3551 1808 3552 1807 3552 1896 3552 1808 3553 1896 3553 1897 3553 1897 3554 1896 3554 1895 3554 1897 3555 1895 3555 1899 3555 1899 3556 1895 3556 1894 3556 1899 3557 1894 3557 1901 3557 1901 3558 1894 3558 1893 3558 1901 3559 1893 3559 1903 3559 1903 3560 1893 3560 1892 3560 1903 3561 1892 3561 1905 3561 1905 3562 1892 3562 1891 3562 1905 3563 1891 3563 1907 3563 1907 3564 1891 3564 1890 3564 1907 3565 1890 3565 1909 3565 1909 3566 1890 3566 1889 3566 1909 3567 1889 3567 1911 3567 1911 3568 1889 3568 1888 3568 1911 3569 1888 3569 1913 3569 1913 3570 1888 3570 1887 3570 1913 3571 1887 3571 1915 3571 1915 3572 1887 3572 1886 3572 1915 3573 1886 3573 1917 3573 1917 3574 1886 3574 1885 3574 1917 3575 1885 3575 1919 3575 1919 3576 1885 3576 1884 3576 1919 3577 1884 3577 1921 3577 1921 3578 1884 3578 1765 3578 1921 3579 1765 3579 1923 3579 1923 3580 1765 3580 768 3580 1923 3581 768 3581 1924 3581 1924 3582 768 3582 766 3582 1924 3583 766 3583 1938 3583 766 3584 765 3584 1938 3584 1938 3585 765 3585 762 3585 1938 3586 762 3586 1953 3586 1953 3587 762 3587 759 3587 1953 3588 759 3588 757 3588 407 3589 406 3589 751 3589 751 3590 406 3590 1776 3590 751 3591 1776 3591 753 3591 753 3592 1776 3592 1995 3592 753 3593 1995 3593 755 3593 755 3594 1995 3594 1994 3594 755 3595 1994 3595 1764 3595 1764 3596 1994 3596 1992 3596 1764 3597 1992 3597 1954 3597 1954 3598 1992 3598 1990 3598 1954 3599 1990 3599 1955 3599 1955 3600 1990 3600 1988 3600 1955 3601 1988 3601 1956 3601 1956 3602 1988 3602 1986 3602 1956 3603 1986 3603 1957 3603 1957 3604 1986 3604 1984 3604 1957 3605 1984 3605 1958 3605 1958 3606 1984 3606 1982 3606 1958 3607 1982 3607 1959 3607 1959 3608 1982 3608 1980 3608 1959 3609 1980 3609 1960 3609 1960 3610 1980 3610 1978 3610 1960 3611 1978 3611 1961 3611 1961 3612 1978 3612 1976 3612 1961 3613 1976 3613 1962 3613 1962 3614 1976 3614 1974 3614 1962 3615 1974 3615 1963 3615 1963 3616 1974 3616 1972 3616 1963 3617 1972 3617 1964 3617 1964 3618 1972 3618 1970 3618 1964 3619 1970 3619 1965 3619 1965 3620 1970 3620 1968 3620 1965 3621 1968 3621 1966 3621 1966 3622 1968 3622 1811 3622 1966 3623 1811 3623 1967 3623 1967 3624 1811 3624 836 3624 1967 3625 836 3625 840 3625 2080 3626 189 3626 191 3626 2081 3627 174 3627 176 3627 166 3628 2082 3628 319 3628 319 3629 2082 3629 2083 3629 319 3630 2083 3630 320 3630 320 3631 2083 3631 2084 3631 320 3632 2084 3632 322 3632 326 3633 325 3633 2085 3633 2085 3634 325 3634 324 3634 2085 3635 324 3635 2084 3635 2084 3636 324 3636 323 3636 2084 3637 323 3637 322 3637 390 3638 334 3638 2086 3638 2086 3639 334 3639 333 3639 2086 3640 333 3640 2087 3640 2087 3641 333 3641 332 3641 2087 3642 332 3642 2088 3642 2088 3643 332 3643 331 3643 2088 3644 331 3644 2089 3644 2089 3645 331 3645 330 3645 2089 3646 330 3646 2090 3646 2090 3647 330 3647 329 3647 2090 3648 329 3648 2091 3648 2091 3649 329 3649 328 3649 2091 3650 328 3650 2092 3650 2092 3651 328 3651 327 3651 2092 3652 327 3652 2093 3652 2093 3653 327 3653 326 3653 2093 3654 326 3654 2094 3654 2094 3655 326 3655 2085 3655 208 3656 220 3656 2086 3656 2086 3657 220 3657 219 3657 2086 3658 219 3658 390 3658 229 3659 210 3659 2095 3659 227 3660 229 3660 2096 3660 255 3661 227 3661 2097 3661 250 3662 255 3662 2098 3662 236 3663 250 3663 2099 3663 238 3664 236 3664 2100 3664 245 3665 238 3665 2101 3665 241 3666 243 3666 2102 3666 234 3667 241 3667 2103 3667 226 3668 232 3668 2104 3668 224 3669 226 3669 2105 3669 216 3670 224 3670 2106 3670 217 3671 216 3671 2107 3671 217 3672 2107 3672 2108 3672 2108 3673 2107 3673 2109 3673 2108 3674 2109 3674 2110 3674 2110 3675 2109 3675 2111 3675 2110 3676 2111 3676 2112 3676 2112 3677 2111 3677 2113 3677 2112 3678 2113 3678 2114 3678 2114 3679 2113 3679 2115 3679 2114 3680 2115 3680 2116 3680 2116 3681 2115 3681 2117 3681 2116 3682 2117 3682 2118 3682 2118 3683 2117 3683 2119 3683 2118 3684 2119 3684 2120 3684 2120 3685 2119 3685 2121 3685 2121 3686 2119 3686 2122 3686 2121 3687 2122 3687 2123 3687 2123 3688 2122 3688 2124 3688 2123 3689 2124 3689 2125 3689 2125 3690 2124 3690 2126 3690 2125 3691 2126 3691 2127 3691 2127 3692 2126 3692 2128 3692 2127 3693 2128 3693 2129 3693 208 3694 2086 3694 2130 3694 2130 3695 2086 3695 2087 3695 2130 3696 2087 3696 2131 3696 2131 3697 2087 3697 2088 3697 2131 3698 2088 3698 2132 3698 2132 3699 2088 3699 2089 3699 2132 3700 2089 3700 2133 3700 2133 3701 2089 3701 2090 3701 2133 3702 2090 3702 2134 3702 2134 3703 2090 3703 2091 3703 2134 3704 2091 3704 2135 3704 2135 3705 2091 3705 2092 3705 2135 3706 2092 3706 2136 3706 2136 3707 2092 3707 2093 3707 2136 3708 2093 3708 2137 3708 2137 3709 2093 3709 2094 3709 2137 3710 2094 3710 2138 3710 2138 3711 2094 3711 2085 3711 2138 3712 2085 3712 2139 3712 2139 3713 2085 3713 2084 3713 2139 3714 2084 3714 2140 3714 2140 3715 2084 3715 2083 3715 2140 3716 2083 3716 2141 3716 2141 3717 2083 3717 2082 3717 2141 3718 2082 3718 2142 3718 174 3719 2081 3719 2142 3719 2142 3720 2081 3720 2143 3720 2142 3721 2143 3721 2141 3721 2141 3722 2143 3722 2144 3722 2141 3723 2144 3723 2140 3723 2140 3724 2144 3724 2145 3724 2140 3725 2145 3725 2139 3725 2139 3726 2145 3726 2146 3726 2139 3727 2146 3727 2138 3727 2138 3728 2146 3728 2147 3728 2138 3729 2147 3729 2137 3729 2137 3730 2147 3730 2148 3730 2137 3731 2148 3731 2136 3731 2136 3732 2148 3732 2149 3732 2136 3733 2149 3733 2135 3733 2135 3734 2149 3734 2150 3734 2135 3735 2150 3735 2134 3735 2134 3736 2150 3736 2151 3736 2134 3737 2151 3737 2133 3737 2133 3738 2151 3738 2152 3738 2133 3739 2152 3739 2132 3739 2132 3740 2152 3740 2153 3740 2132 3741 2153 3741 2131 3741 2131 3742 2153 3742 2095 3742 2131 3743 2095 3743 2130 3743 2130 3744 2095 3744 210 3744 2130 3745 210 3745 208 3745 227 3746 2096 3746 2097 3746 2097 3747 2096 3747 2154 3747 2097 3748 2154 3748 2155 3748 2155 3749 2154 3749 2156 3749 2155 3750 2156 3750 2157 3750 2157 3751 2156 3751 2158 3751 2157 3752 2158 3752 2159 3752 2159 3753 2158 3753 2160 3753 2159 3754 2160 3754 2161 3754 2161 3755 2160 3755 2162 3755 2161 3756 2162 3756 2163 3756 2163 3757 2162 3757 2164 3757 2163 3758 2164 3758 2165 3758 2165 3759 2164 3759 2166 3759 2165 3760 2166 3760 2167 3760 2167 3761 2166 3761 2168 3761 2167 3762 2168 3762 2169 3762 2169 3763 2168 3763 2170 3763 2169 3764 2170 3764 2171 3764 2171 3765 2170 3765 2172 3765 2171 3766 2172 3766 2173 3766 2173 3767 2172 3767 2174 3767 2173 3768 2174 3768 2175 3768 2175 3769 2174 3769 2176 3769 2175 3770 2176 3770 2177 3770 255 3771 2097 3771 2098 3771 2098 3772 2097 3772 2155 3772 2098 3773 2155 3773 2178 3773 2178 3774 2155 3774 2157 3774 2178 3775 2157 3775 2179 3775 2179 3776 2157 3776 2159 3776 2179 3777 2159 3777 2180 3777 2180 3778 2159 3778 2161 3778 2180 3779 2161 3779 2181 3779 2181 3780 2161 3780 2163 3780 2181 3781 2163 3781 2182 3781 2182 3782 2163 3782 2165 3782 2182 3783 2165 3783 2183 3783 2183 3784 2165 3784 2167 3784 2183 3785 2167 3785 2184 3785 2184 3786 2167 3786 2169 3786 2184 3787 2169 3787 2185 3787 2185 3788 2169 3788 2171 3788 2185 3789 2171 3789 2186 3789 2186 3790 2171 3790 2173 3790 2186 3791 2173 3791 2187 3791 2187 3792 2173 3792 2175 3792 2187 3793 2175 3793 2188 3793 2188 3794 2175 3794 2177 3794 2188 3795 2177 3795 2189 3795 250 3796 2098 3796 2099 3796 2099 3797 2098 3797 2178 3797 2099 3798 2178 3798 2190 3798 2190 3799 2178 3799 2179 3799 2190 3800 2179 3800 2191 3800 2191 3801 2179 3801 2180 3801 2191 3802 2180 3802 2192 3802 2192 3803 2180 3803 2181 3803 2192 3804 2181 3804 2193 3804 2193 3805 2181 3805 2182 3805 2193 3806 2182 3806 2194 3806 2194 3807 2182 3807 2183 3807 2194 3808 2183 3808 2195 3808 2195 3809 2183 3809 2184 3809 2195 3810 2184 3810 2196 3810 2196 3811 2184 3811 2185 3811 2196 3812 2185 3812 2197 3812 2197 3813 2185 3813 2186 3813 2197 3814 2186 3814 2198 3814 2198 3815 2186 3815 2187 3815 2198 3816 2187 3816 2199 3816 2199 3817 2187 3817 2188 3817 2199 3818 2188 3818 2200 3818 2200 3819 2188 3819 2189 3819 2200 3820 2189 3820 2201 3820 189 3821 2080 3821 2202 3821 2202 3822 2080 3822 2203 3822 2202 3823 2203 3823 2204 3823 2204 3824 2203 3824 2205 3824 2204 3825 2205 3825 2206 3825 2206 3826 2205 3826 2207 3826 2206 3827 2207 3827 2208 3827 2208 3828 2207 3828 2209 3828 2208 3829 2209 3829 2210 3829 2210 3830 2209 3830 2211 3830 2210 3831 2211 3831 2212 3831 2212 3832 2211 3832 2213 3832 2212 3833 2213 3833 2214 3833 2214 3834 2213 3834 2215 3834 2214 3835 2215 3835 2216 3835 2216 3836 2215 3836 2217 3836 2216 3837 2217 3837 2218 3837 2218 3838 2217 3838 2219 3838 2218 3839 2219 3839 2220 3839 2220 3840 2219 3840 2221 3840 2220 3841 2221 3841 2222 3841 2222 3842 2221 3842 2223 3842 2222 3843 2223 3843 2224 3843 2224 3844 2223 3844 2102 3844 2224 3845 2102 3845 2225 3845 2225 3846 2102 3846 243 3846 2225 3847 243 3847 245 3847 226 3848 2104 3848 2105 3848 2105 3849 2104 3849 2226 3849 2105 3850 2226 3850 2227 3850 2227 3851 2226 3851 2228 3851 2227 3852 2228 3852 2229 3852 2229 3853 2228 3853 2230 3853 2229 3854 2230 3854 2231 3854 2231 3855 2230 3855 2232 3855 2231 3856 2232 3856 2233 3856 2233 3857 2232 3857 2234 3857 2233 3858 2234 3858 2235 3858 2235 3859 2234 3859 2236 3859 2235 3860 2236 3860 2237 3860 2237 3861 2236 3861 2238 3861 2237 3862 2238 3862 2239 3862 2239 3863 2238 3863 2240 3863 2239 3864 2240 3864 2241 3864 2241 3865 2240 3865 2242 3865 2241 3866 2242 3866 2243 3866 2243 3867 2242 3867 2244 3867 2243 3868 2244 3868 2245 3868 2245 3869 2244 3869 2246 3869 2245 3870 2246 3870 2247 3870 2247 3871 2246 3871 2248 3871 2247 3872 2248 3872 2249 3872 224 3873 2105 3873 2106 3873 2106 3874 2105 3874 2227 3874 2106 3875 2227 3875 2250 3875 2250 3876 2227 3876 2229 3876 2250 3877 2229 3877 2251 3877 2251 3878 2229 3878 2231 3878 2251 3879 2231 3879 2252 3879 2252 3880 2231 3880 2233 3880 2252 3881 2233 3881 2253 3881 2253 3882 2233 3882 2235 3882 2253 3883 2235 3883 2254 3883 2254 3884 2235 3884 2237 3884 2254 3885 2237 3885 2255 3885 2255 3886 2237 3886 2239 3886 2255 3887 2239 3887 2256 3887 2256 3888 2239 3888 2241 3888 2256 3889 2241 3889 2257 3889 2257 3890 2241 3890 2243 3890 2257 3891 2243 3891 2258 3891 2258 3892 2243 3892 2245 3892 2258 3893 2245 3893 2259 3893 2259 3894 2245 3894 2247 3894 2259 3895 2247 3895 2260 3895 2260 3896 2247 3896 2249 3896 2260 3897 2249 3897 2261 3897 166 3898 168 3898 2082 3898 2082 3899 168 3899 170 3899 2082 3900 170 3900 2142 3900 2142 3901 170 3901 172 3901 2142 3902 172 3902 174 3902 229 3903 2095 3903 2096 3903 2096 3904 2095 3904 2153 3904 2096 3905 2153 3905 2154 3905 2154 3906 2153 3906 2152 3906 2154 3907 2152 3907 2156 3907 2156 3908 2152 3908 2151 3908 2156 3909 2151 3909 2158 3909 2158 3910 2151 3910 2150 3910 2158 3911 2150 3911 2160 3911 2160 3912 2150 3912 2149 3912 2160 3913 2149 3913 2162 3913 2162 3914 2149 3914 2148 3914 2162 3915 2148 3915 2164 3915 2164 3916 2148 3916 2147 3916 2164 3917 2147 3917 2166 3917 2166 3918 2147 3918 2146 3918 2166 3919 2146 3919 2168 3919 2168 3920 2146 3920 2145 3920 2168 3921 2145 3921 2170 3921 2170 3922 2145 3922 2144 3922 2170 3923 2144 3923 2172 3923 2172 3924 2144 3924 2143 3924 2172 3925 2143 3925 2174 3925 2174 3926 2143 3926 2081 3926 2174 3927 2081 3927 2176 3927 2176 3928 2081 3928 176 3928 2176 3929 176 3929 2177 3929 2177 3930 176 3930 182 3930 2177 3931 182 3931 2189 3931 2189 3932 182 3932 181 3932 2189 3933 181 3933 2201 3933 2201 3934 181 3934 179 3934 2201 3935 179 3935 178 3935 236 3936 2099 3936 2100 3936 2100 3937 2099 3937 2190 3937 2100 3938 2190 3938 2262 3938 2262 3939 2190 3939 2191 3939 2262 3940 2191 3940 2263 3940 2263 3941 2191 3941 2192 3941 2263 3942 2192 3942 2264 3942 2264 3943 2192 3943 2193 3943 2264 3944 2193 3944 2265 3944 2265 3945 2193 3945 2194 3945 2265 3946 2194 3946 2266 3946 2266 3947 2194 3947 2195 3947 2266 3948 2195 3948 2267 3948 2267 3949 2195 3949 2196 3949 2267 3950 2196 3950 2268 3950 2268 3951 2196 3951 2197 3951 2268 3952 2197 3952 2269 3952 2269 3953 2197 3953 2198 3953 2269 3954 2198 3954 2270 3954 2270 3955 2198 3955 2199 3955 2270 3956 2199 3956 2271 3956 2271 3957 2199 3957 2200 3957 2271 3958 2200 3958 2272 3958 2272 3959 2200 3959 2201 3959 2272 3960 2201 3960 2273 3960 2273 3961 2201 3961 178 3961 2273 3962 178 3962 185 3962 238 3963 2100 3963 2101 3963 2101 3964 2100 3964 2262 3964 2101 3965 2262 3965 2274 3965 2274 3966 2262 3966 2263 3966 2274 3967 2263 3967 2275 3967 2275 3968 2263 3968 2264 3968 2275 3969 2264 3969 2276 3969 2276 3970 2264 3970 2265 3970 2276 3971 2265 3971 2277 3971 2277 3972 2265 3972 2266 3972 2277 3973 2266 3973 2278 3973 2278 3974 2266 3974 2267 3974 2278 3975 2267 3975 2279 3975 2279 3976 2267 3976 2268 3976 2279 3977 2268 3977 2280 3977 2280 3978 2268 3978 2269 3978 2280 3979 2269 3979 2281 3979 2281 3980 2269 3980 2270 3980 2281 3981 2270 3981 2282 3981 2282 3982 2270 3982 2271 3982 2282 3983 2271 3983 2283 3983 2283 3984 2271 3984 2272 3984 2283 3985 2272 3985 2284 3985 2284 3986 2272 3986 2273 3986 2284 3987 2273 3987 2285 3987 2285 3988 2273 3988 185 3988 2285 3989 185 3989 187 3989 245 3990 2101 3990 2225 3990 2225 3991 2101 3991 2274 3991 2225 3992 2274 3992 2224 3992 2224 3993 2274 3993 2275 3993 2224 3994 2275 3994 2222 3994 2222 3995 2275 3995 2276 3995 2222 3996 2276 3996 2220 3996 2220 3997 2276 3997 2277 3997 2220 3998 2277 3998 2218 3998 2218 3999 2277 3999 2278 3999 2218 4000 2278 4000 2216 4000 2216 4001 2278 4001 2279 4001 2216 4002 2279 4002 2214 4002 2214 4003 2279 4003 2280 4003 2214 4004 2280 4004 2212 4004 2212 4005 2280 4005 2281 4005 2212 4006 2281 4006 2210 4006 2210 4007 2281 4007 2282 4007 2210 4008 2282 4008 2208 4008 2208 4009 2282 4009 2283 4009 2208 4010 2283 4010 2206 4010 2206 4011 2283 4011 2284 4011 2206 4012 2284 4012 2204 4012 2204 4013 2284 4013 2285 4013 2204 4014 2285 4014 2202 4014 2202 4015 2285 4015 187 4015 2202 4016 187 4016 189 4016 241 4017 2102 4017 2103 4017 2103 4018 2102 4018 2223 4018 2103 4019 2223 4019 2286 4019 2286 4020 2223 4020 2221 4020 2286 4021 2221 4021 2287 4021 2287 4022 2221 4022 2219 4022 2287 4023 2219 4023 2288 4023 2288 4024 2219 4024 2217 4024 2288 4025 2217 4025 2289 4025 2289 4026 2217 4026 2215 4026 2289 4027 2215 4027 2290 4027 2290 4028 2215 4028 2213 4028 2290 4029 2213 4029 2291 4029 2291 4030 2213 4030 2211 4030 2291 4031 2211 4031 2292 4031 2292 4032 2211 4032 2209 4032 2292 4033 2209 4033 2293 4033 2293 4034 2209 4034 2207 4034 2293 4035 2207 4035 2294 4035 2294 4036 2207 4036 2205 4036 2294 4037 2205 4037 2295 4037 2295 4038 2205 4038 2203 4038 2295 4039 2203 4039 2296 4039 2296 4040 2203 4040 2080 4040 2296 4041 2080 4041 2297 4041 2297 4042 2080 4042 191 4042 2297 4043 191 4043 193 4043 234 4044 2103 4044 2298 4044 2298 4045 2103 4045 2286 4045 2298 4046 2286 4046 2299 4046 2299 4047 2286 4047 2287 4047 2299 4048 2287 4048 2300 4048 2300 4049 2287 4049 2288 4049 2300 4050 2288 4050 2301 4050 2301 4051 2288 4051 2289 4051 2301 4052 2289 4052 2302 4052 2302 4053 2289 4053 2290 4053 2302 4054 2290 4054 2303 4054 2303 4055 2290 4055 2291 4055 2303 4056 2291 4056 2304 4056 2304 4057 2291 4057 2292 4057 2304 4058 2292 4058 2305 4058 2305 4059 2292 4059 2293 4059 2305 4060 2293 4060 2306 4060 2306 4061 2293 4061 2294 4061 2306 4062 2294 4062 2307 4062 2307 4063 2294 4063 2295 4063 2307 4064 2295 4064 2308 4064 2308 4065 2295 4065 2296 4065 2308 4066 2296 4066 2309 4066 2309 4067 2296 4067 2297 4067 2309 4068 2297 4068 2310 4068 2310 4069 2297 4069 193 4069 2310 4070 193 4070 195 4070 195 4071 2248 4071 2310 4071 2310 4072 2248 4072 2246 4072 2310 4073 2246 4073 2309 4073 2309 4074 2246 4074 2244 4074 2309 4075 2244 4075 2308 4075 2308 4076 2244 4076 2242 4076 2308 4077 2242 4077 2307 4077 2307 4078 2242 4078 2240 4078 2307 4079 2240 4079 2306 4079 2306 4080 2240 4080 2238 4080 2306 4081 2238 4081 2305 4081 2305 4082 2238 4082 2236 4082 2305 4083 2236 4083 2304 4083 2304 4084 2236 4084 2234 4084 2304 4085 2234 4085 2303 4085 2303 4086 2234 4086 2232 4086 2303 4087 2232 4087 2302 4087 2302 4088 2232 4088 2230 4088 2302 4089 2230 4089 2301 4089 2301 4090 2230 4090 2228 4090 2301 4091 2228 4091 2300 4091 2300 4092 2228 4092 2226 4092 2300 4093 2226 4093 2299 4093 2299 4094 2226 4094 2104 4094 2299 4095 2104 4095 2298 4095 2298 4096 2104 4096 232 4096 2298 4097 232 4097 234 4097 195 4098 197 4098 2248 4098 2248 4099 197 4099 200 4099 2248 4100 200 4100 2249 4100 2249 4101 200 4101 206 4101 2249 4102 206 4102 2261 4102 2261 4103 206 4103 205 4103 2261 4104 205 4104 203 4104 216 4105 2106 4105 2107 4105 2107 4106 2106 4106 2250 4106 2107 4107 2250 4107 2109 4107 2109 4108 2250 4108 2251 4108 2109 4109 2251 4109 2111 4109 2111 4110 2251 4110 2252 4110 2111 4111 2252 4111 2113 4111 2113 4112 2252 4112 2253 4112 2113 4113 2253 4113 2115 4113 2115 4114 2253 4114 2254 4114 2115 4115 2254 4115 2117 4115 2117 4116 2254 4116 2255 4116 2117 4117 2255 4117 2119 4117 2119 4118 2255 4118 2256 4118 2119 4119 2256 4119 2122 4119 2122 4120 2256 4120 2257 4120 2122 4121 2257 4121 2124 4121 2124 4122 2257 4122 2258 4122 2124 4123 2258 4123 2126 4123 2126 4124 2258 4124 2259 4124 2126 4125 2259 4125 2128 4125 2128 4126 2259 4126 2260 4126 2128 4127 2260 4127 2311 4127 2311 4128 2260 4128 2261 4128 2311 4129 2261 4129 2312 4129 2312 4130 2261 4130 203 4130 2312 4131 203 4131 202 4131 2129 4132 2128 4132 2313 4132 2313 4133 2128 4133 2311 4133 2313 4134 2311 4134 2314 4134 2314 4135 2311 4135 2312 4135 2314 4136 2312 4136 2315 4136 2315 4137 2312 4137 202 4137 2315 4138 202 4138 153 4138 885 4139 913 4139 2316 4139 912 4140 217 4140 2108 4140 2317 4141 2318 4141 2319 4141 2320 4142 2321 4142 2322 4142 1052 4143 888 4143 2323 4143 2324 4144 35 4144 34 4144 863 4145 11 4145 9 4145 9 4146 7 4146 863 4146 863 4147 7 4147 5 4147 863 4148 5 4148 3 4148 2325 4149 2326 4149 13 4149 13 4150 2326 4150 56 4150 2327 4151 15 4151 2326 4151 2326 4152 15 4152 57 4152 2326 4153 57 4153 56 4153 2328 4154 22 4154 2327 4154 2327 4155 22 4155 17 4155 2327 4156 17 4156 15 4156 27 4157 28 4157 2329 4157 2329 4158 28 4158 29 4158 2329 4159 29 4159 2330 4159 2330 4160 29 4160 19 4160 2330 4161 19 4161 21 4161 2331 4162 33 4162 2332 4162 2332 4163 33 4163 32 4163 2332 4164 32 4164 2333 4164 2333 4165 32 4165 31 4165 2333 4166 31 4166 2334 4166 2334 4167 31 4167 30 4167 2334 4168 30 4168 2335 4168 2335 4169 30 4169 27 4169 2335 4170 27 4170 2336 4170 39 4171 38 4171 2337 4171 2337 4172 38 4172 37 4172 2337 4173 37 4173 2324 4173 2324 4174 37 4174 36 4174 2324 4175 36 4175 35 4175 23 4176 40 4176 2338 4176 23 4177 2338 4177 24 4177 24 4178 2338 4178 2339 4178 24 4179 2339 4179 26 4179 26 4180 2339 4180 162 4180 26 4181 162 4181 53 4181 1052 4182 2323 4182 859 4182 2340 4183 2341 4183 2342 4183 2342 4184 2341 4184 2343 4184 2342 4185 2343 4185 2344 4185 2344 4186 2343 4186 2345 4186 2344 4187 2345 4187 2323 4187 2323 4188 2345 4188 2346 4188 2323 4189 2346 4189 859 4189 2347 4190 2328 4190 2348 4190 2348 4191 2328 4191 2327 4191 2348 4192 2327 4192 2349 4192 2349 4193 2327 4193 2326 4193 2349 4194 2326 4194 2350 4194 2350 4195 2326 4195 2325 4195 2350 4196 2325 4196 863 4196 863 4197 2325 4197 13 4197 863 4198 13 4198 11 4198 2349 4199 2351 4199 2348 4199 2348 4200 2351 4200 2352 4200 2348 4201 2352 4201 2347 4201 2347 4202 2352 4202 2353 4202 2347 4203 2353 4203 2354 4203 2336 4204 27 4204 2354 4204 2354 4205 27 4205 2329 4205 2354 4206 2329 4206 2347 4206 2347 4207 2329 4207 2330 4207 2347 4208 2330 4208 2328 4208 2328 4209 2330 4209 21 4209 2328 4210 21 4210 22 4210 2322 4211 2321 4211 2355 4211 2355 4212 2321 4212 2356 4212 2355 4213 2356 4213 2357 4213 2357 4214 2356 4214 2358 4214 2357 4215 2358 4215 2359 4215 2359 4216 2358 4216 2360 4216 2359 4217 2360 4217 2361 4217 2361 4218 2360 4218 2362 4218 2361 4219 2362 4219 2363 4219 2363 4220 2362 4220 2364 4220 2363 4221 2364 4221 2340 4221 2340 4222 2364 4222 2365 4222 2340 4223 2365 4223 2341 4223 2366 4224 2367 4224 2368 4224 2368 4225 2367 4225 2331 4225 863 4226 859 4226 2350 4226 2350 4227 859 4227 2346 4227 2350 4228 2346 4228 2349 4228 2349 4229 2346 4229 2345 4229 2349 4230 2345 4230 2351 4230 2351 4231 2345 4231 2343 4231 2351 4232 2343 4232 2352 4232 2352 4233 2343 4233 2341 4233 2352 4234 2341 4234 2353 4234 2353 4235 2341 4235 2365 4235 2353 4236 2365 4236 2354 4236 2354 4237 2365 4237 2364 4237 2354 4238 2364 4238 2336 4238 2336 4239 2364 4239 2362 4239 2336 4240 2362 4240 2335 4240 2335 4241 2362 4241 2360 4241 2335 4242 2360 4242 2334 4242 2334 4243 2360 4243 2358 4243 2334 4244 2358 4244 2333 4244 2333 4245 2358 4245 2356 4245 2333 4246 2356 4246 2332 4246 2332 4247 2356 4247 2321 4247 2332 4248 2321 4248 2331 4248 2331 4249 2321 4249 2320 4249 2331 4250 2320 4250 2368 4250 2319 4251 2318 4251 2369 4251 2369 4252 2318 4252 2370 4252 2369 4253 2370 4253 2371 4253 2371 4254 2370 4254 2372 4254 2371 4255 2372 4255 2373 4255 2373 4256 2372 4256 2374 4256 2373 4257 2374 4257 164 4257 2322 4258 2317 4258 2320 4258 2320 4259 2317 4259 2319 4259 2320 4260 2319 4260 2368 4260 2368 4261 2319 4261 2369 4261 2368 4262 2369 4262 2366 4262 2366 4263 2369 4263 2371 4263 40 4264 39 4264 2338 4264 2338 4265 39 4265 2337 4265 2338 4266 2337 4266 2375 4266 2375 4267 2337 4267 2324 4267 164 4268 162 4268 2373 4268 2373 4269 162 4269 2339 4269 2373 4270 2339 4270 2371 4270 2371 4271 2339 4271 2338 4271 2371 4272 2338 4272 2366 4272 2366 4273 2338 4273 2375 4273 2366 4274 2375 4274 2367 4274 2367 4275 2375 4275 2324 4275 2367 4276 2324 4276 2331 4276 2331 4277 2324 4277 34 4277 2331 4278 34 4278 33 4278 2376 4279 2377 4279 2378 4279 2378 4280 2377 4280 2379 4280 2378 4281 2379 4281 2380 4281 2378 4282 2380 4282 2381 4282 153 4283 160 4283 2315 4283 2315 4284 160 4284 2382 4284 2315 4285 2382 4285 2314 4285 2314 4286 2382 4286 2376 4286 2314 4287 2376 4287 2313 4287 2313 4288 2376 4288 2378 4288 885 4289 2316 4289 887 4289 2382 4290 2383 4290 2376 4290 2376 4291 2383 4291 2384 4291 2376 4292 2384 4292 2377 4292 2377 4293 2384 4293 2385 4293 2377 4294 2385 4294 2379 4294 2379 4295 2385 4295 2386 4295 2379 4296 2386 4296 2380 4296 2380 4297 2386 4297 2387 4297 2380 4298 2387 4298 2381 4298 2381 4299 2387 4299 2388 4299 2381 4300 2388 4300 2389 4300 2389 4301 2388 4301 2390 4301 2389 4302 2390 4302 2391 4302 2391 4303 2390 4303 2392 4303 2391 4304 2392 4304 2393 4304 2393 4305 2392 4305 2394 4305 2393 4306 2394 4306 2395 4306 2395 4307 2394 4307 2396 4307 2395 4308 2396 4308 2397 4308 2397 4309 2396 4309 2398 4309 2397 4310 2398 4310 2399 4310 2399 4311 2398 4311 2400 4311 2399 4312 2400 4312 2401 4312 2401 4313 2400 4313 2402 4313 2401 4314 2402 4314 2316 4314 2316 4315 2402 4315 2403 4315 2316 4316 2403 4316 887 4316 913 4317 912 4317 2316 4317 2316 4318 912 4318 2108 4318 2316 4319 2108 4319 2401 4319 2401 4320 2108 4320 2110 4320 2401 4321 2110 4321 2399 4321 2399 4322 2110 4322 2112 4322 2399 4323 2112 4323 2397 4323 2397 4324 2112 4324 2114 4324 2397 4325 2114 4325 2395 4325 2395 4326 2114 4326 2116 4326 2395 4327 2116 4327 2393 4327 2393 4328 2116 4328 2118 4328 2393 4329 2118 4329 2391 4329 2391 4330 2118 4330 2120 4330 2391 4331 2120 4331 2389 4331 2389 4332 2120 4332 2121 4332 2389 4333 2121 4333 2381 4333 2381 4334 2121 4334 2123 4334 2381 4335 2123 4335 2378 4335 2378 4336 2123 4336 2125 4336 2378 4337 2125 4337 2127 4337 2378 4338 2127 4338 2129 4338 2378 4339 2129 4339 2313 4339 160 4340 159 4340 2382 4340 2382 4341 159 4341 157 4341 2382 4342 157 4342 2383 4342 2383 4343 157 4343 155 4343 2383 4344 155 4344 165 4344 888 4345 887 4345 2323 4345 2323 4346 887 4346 2403 4346 2323 4347 2403 4347 2344 4347 2344 4348 2403 4348 2402 4348 2344 4349 2402 4349 2342 4349 2342 4350 2402 4350 2400 4350 2342 4351 2400 4351 2340 4351 2340 4352 2400 4352 2398 4352 2340 4353 2398 4353 2363 4353 2363 4354 2398 4354 2396 4354 2363 4355 2396 4355 2361 4355 2361 4356 2396 4356 2394 4356 2361 4357 2394 4357 2359 4357 2359 4358 2394 4358 2392 4358 2359 4359 2392 4359 2357 4359 2357 4360 2392 4360 2390 4360 2357 4361 2390 4361 2355 4361 2355 4362 2390 4362 2388 4362 2355 4363 2388 4363 2322 4363 2322 4364 2388 4364 2387 4364 2322 4365 2387 4365 2317 4365 2317 4366 2387 4366 2386 4366 2317 4367 2386 4367 2318 4367 2318 4368 2386 4368 2385 4368 2318 4369 2385 4369 2370 4369 2370 4370 2385 4370 2384 4370 2370 4371 2384 4371 2372 4371 2372 4372 2384 4372 2383 4372 2372 4373 2383 4373 2374 4373 2374 4374 2383 4374 165 4374 2374 4375 165 4375 164 4375 2404 4376 175 4376 173 4376 2405 4377 188 4377 186 4377 199 4378 198 4378 2406 4378 6 4379 2407 4379 4 4379 55 4380 54 4380 161 4380 262 4381 2408 4381 263 4381 263 4382 2408 4382 337 4382 337 4383 2408 4383 338 4383 338 4384 2408 4384 2409 4384 338 4385 2409 4385 309 4385 2410 4386 311 4386 2411 4386 2411 4387 311 4387 310 4387 2411 4388 310 4388 2412 4388 2412 4389 310 4389 308 4389 2412 4390 308 4390 2413 4390 2413 4391 308 4391 307 4391 2413 4392 307 4392 2414 4392 2414 4393 307 4393 309 4393 2414 4394 309 4394 2415 4394 2415 4395 309 4395 2409 4395 318 4396 317 4396 2416 4396 2416 4397 317 4397 316 4397 2416 4398 316 4398 2417 4398 2417 4399 316 4399 315 4399 2417 4400 315 4400 2418 4400 2418 4401 315 4401 304 4401 2418 4402 304 4402 2419 4402 2419 4403 304 4403 303 4403 2419 4404 303 4404 2420 4404 2420 4405 303 4405 306 4405 2420 4406 306 4406 2421 4406 2421 4407 306 4407 314 4407 2421 4408 314 4408 2422 4408 2422 4409 314 4409 313 4409 2422 4410 313 4410 2410 4410 2410 4411 313 4411 312 4411 2410 4412 312 4412 311 4412 2423 4413 45 4413 44 4413 2424 4414 14 4414 2425 4414 2425 4415 14 4415 16 4415 2425 4416 16 4416 2426 4416 2426 4417 16 4417 18 4417 2426 4418 18 4418 2427 4418 2427 4419 18 4419 20 4419 2427 4420 20 4420 2428 4420 2428 4421 20 4421 52 4421 2428 4422 52 4422 2429 4422 2429 4423 52 4423 51 4423 2429 4424 51 4424 2430 4424 2430 4425 51 4425 43 4425 2430 4426 43 4426 2431 4426 2431 4427 43 4427 42 4427 2431 4428 42 4428 2432 4428 2432 4429 42 4429 50 4429 2432 4430 50 4430 2433 4430 2433 4431 50 4431 49 4431 2433 4432 49 4432 2434 4432 2434 4433 49 4433 48 4433 2434 4434 48 4434 2435 4434 2435 4435 48 4435 47 4435 2435 4436 47 4436 2423 4436 2423 4437 47 4437 46 4437 2423 4438 46 4438 45 4438 2436 4439 58 4439 2424 4439 2424 4440 58 4440 59 4440 2424 4441 59 4441 14 4441 2407 4442 6 4442 2437 4442 6 4443 8 4443 2437 4443 2437 4444 8 4444 10 4444 2437 4445 10 4445 2436 4445 2436 4446 10 4446 12 4446 2436 4447 12 4447 58 4447 2 4448 4 4448 290 4448 290 4449 4 4449 2407 4449 290 4450 2407 4450 289 4450 289 4451 2407 4451 2437 4451 289 4452 2437 4452 288 4452 291 4453 288 4453 2438 4453 275 4454 291 4454 2439 4454 276 4455 275 4455 2440 4455 277 4456 276 4456 2441 4456 278 4457 277 4457 2442 4457 279 4458 278 4458 2443 4458 280 4459 279 4459 2444 4459 281 4460 280 4460 2445 4460 283 4461 282 4461 2446 4461 285 4462 284 4462 2447 4462 286 4463 285 4463 2448 4463 287 4464 286 4464 2449 4464 269 4465 287 4465 2450 4465 259 4466 258 4466 2451 4466 262 4467 259 4467 2452 4467 288 4468 2437 4468 2438 4468 2438 4469 2437 4469 2436 4469 2438 4470 2436 4470 2453 4470 2453 4471 2436 4471 2424 4471 2453 4472 2424 4472 2454 4472 2454 4473 2424 4473 2425 4473 2454 4474 2425 4474 2455 4474 2455 4475 2425 4475 2426 4475 2455 4476 2426 4476 2456 4476 2456 4477 2426 4477 2427 4477 2456 4478 2427 4478 2457 4478 2457 4479 2427 4479 2428 4479 2457 4480 2428 4480 2458 4480 2458 4481 2428 4481 2429 4481 2458 4482 2429 4482 2459 4482 2459 4483 2429 4483 2430 4483 2459 4484 2430 4484 2460 4484 2460 4485 2430 4485 2431 4485 2460 4486 2431 4486 2461 4486 2461 4487 2431 4487 2432 4487 2461 4488 2432 4488 2462 4488 2462 4489 2432 4489 2433 4489 2462 4490 2433 4490 2463 4490 2463 4491 2433 4491 2434 4491 2463 4492 2434 4492 2464 4492 2464 4493 2434 4493 2435 4493 2464 4494 2435 4494 2465 4494 2465 4495 2435 4495 2423 4495 2465 4496 2423 4496 2466 4496 291 4497 2438 4497 2439 4497 2439 4498 2438 4498 2453 4498 2439 4499 2453 4499 2467 4499 2467 4500 2453 4500 2454 4500 2467 4501 2454 4501 2468 4501 2468 4502 2454 4502 2455 4502 2468 4503 2455 4503 2469 4503 2469 4504 2455 4504 2456 4504 2469 4505 2456 4505 2470 4505 2470 4506 2456 4506 2457 4506 2470 4507 2457 4507 2471 4507 2471 4508 2457 4508 2458 4508 2471 4509 2458 4509 2472 4509 2472 4510 2458 4510 2459 4510 2472 4511 2459 4511 2473 4511 2473 4512 2459 4512 2460 4512 2473 4513 2460 4513 2474 4513 2474 4514 2460 4514 2461 4514 2474 4515 2461 4515 2475 4515 2475 4516 2461 4516 2462 4516 2475 4517 2462 4517 2476 4517 2476 4518 2462 4518 2463 4518 2476 4519 2463 4519 2477 4519 2477 4520 2463 4520 2464 4520 2477 4521 2464 4521 2478 4521 2478 4522 2464 4522 2465 4522 2478 4523 2465 4523 2479 4523 2479 4524 2465 4524 2466 4524 2479 4525 2466 4525 2480 4525 275 4526 2439 4526 2440 4526 2440 4527 2439 4527 2467 4527 2440 4528 2467 4528 2481 4528 2481 4529 2467 4529 2468 4529 2481 4530 2468 4530 2482 4530 2482 4531 2468 4531 2469 4531 2482 4532 2469 4532 2483 4532 2483 4533 2469 4533 2470 4533 2483 4534 2470 4534 2484 4534 2484 4535 2470 4535 2471 4535 2484 4536 2471 4536 2485 4536 2485 4537 2471 4537 2472 4537 2485 4538 2472 4538 2486 4538 2486 4539 2472 4539 2473 4539 2486 4540 2473 4540 2487 4540 2487 4541 2473 4541 2474 4541 2487 4542 2474 4542 2488 4542 2488 4543 2474 4543 2475 4543 2488 4544 2475 4544 2489 4544 2489 4545 2475 4545 2476 4545 2489 4546 2476 4546 2490 4546 2490 4547 2476 4547 2477 4547 2490 4548 2477 4548 2491 4548 2491 4549 2477 4549 2478 4549 2491 4550 2478 4550 2492 4550 2492 4551 2478 4551 2479 4551 2492 4552 2479 4552 2493 4552 2493 4553 2479 4553 2480 4553 2493 4554 2480 4554 2494 4554 283 4555 2446 4555 2495 4555 2495 4556 2446 4556 2496 4556 2495 4557 2496 4557 2497 4557 2497 4558 2496 4558 2498 4558 2497 4559 2498 4559 2499 4559 2499 4560 2498 4560 2500 4560 2499 4561 2500 4561 2501 4561 2501 4562 2500 4562 2502 4562 2501 4563 2502 4563 2503 4563 2503 4564 2502 4564 2504 4564 2503 4565 2504 4565 2505 4565 2505 4566 2504 4566 2506 4566 2505 4567 2506 4567 2507 4567 2507 4568 2506 4568 2508 4568 2507 4569 2508 4569 2509 4569 2509 4570 2508 4570 2510 4570 2509 4571 2510 4571 2511 4571 2511 4572 2510 4572 2512 4572 2511 4573 2512 4573 2513 4573 2513 4574 2512 4574 2514 4574 2513 4575 2514 4575 2515 4575 2515 4576 2514 4576 2516 4576 2515 4577 2516 4577 2517 4577 2517 4578 2516 4578 2518 4578 2517 4579 2518 4579 2519 4579 2519 4580 2518 4580 2520 4580 2519 4581 2520 4581 2521 4581 2521 4582 2520 4582 2522 4582 2521 4583 2522 4583 2523 4583 188 4584 2405 4584 2523 4584 2523 4585 2405 4585 2524 4585 2523 4586 2524 4586 2521 4586 2521 4587 2524 4587 2525 4587 2521 4588 2525 4588 2519 4588 2519 4589 2525 4589 2526 4589 2519 4590 2526 4590 2517 4590 2517 4591 2526 4591 2527 4591 2517 4592 2527 4592 2515 4592 2515 4593 2527 4593 2528 4593 2515 4594 2528 4594 2513 4594 2513 4595 2528 4595 2529 4595 2513 4596 2529 4596 2511 4596 2511 4597 2529 4597 2530 4597 2511 4598 2530 4598 2509 4598 2509 4599 2530 4599 2531 4599 2509 4600 2531 4600 2507 4600 2507 4601 2531 4601 2532 4601 2507 4602 2532 4602 2505 4602 2505 4603 2532 4603 2533 4603 2505 4604 2533 4604 2503 4604 2503 4605 2533 4605 2534 4605 2503 4606 2534 4606 2501 4606 2501 4607 2534 4607 2535 4607 2501 4608 2535 4608 2499 4608 2499 4609 2535 4609 2536 4609 2499 4610 2536 4610 2497 4610 2497 4611 2536 4611 2447 4611 2497 4612 2447 4612 2495 4612 2495 4613 2447 4613 284 4613 2495 4614 284 4614 283 4614 286 4615 2448 4615 2449 4615 2449 4616 2448 4616 2537 4616 2449 4617 2537 4617 2538 4617 2538 4618 2537 4618 2539 4618 2538 4619 2539 4619 2540 4619 2540 4620 2539 4620 2541 4620 2540 4621 2541 4621 2542 4621 2542 4622 2541 4622 2543 4622 2542 4623 2543 4623 2544 4623 2544 4624 2543 4624 2545 4624 2544 4625 2545 4625 2546 4625 2546 4626 2545 4626 2547 4626 2546 4627 2547 4627 2548 4627 2548 4628 2547 4628 2549 4628 2548 4629 2549 4629 2550 4629 2550 4630 2549 4630 2551 4630 2550 4631 2551 4631 2552 4631 2552 4632 2551 4632 2553 4632 2552 4633 2553 4633 2554 4633 2554 4634 2553 4634 2555 4634 2554 4635 2555 4635 2556 4635 2556 4636 2555 4636 2557 4636 2556 4637 2557 4637 2558 4637 2558 4638 2557 4638 2559 4638 2558 4639 2559 4639 2560 4639 2560 4640 2559 4640 2561 4640 2560 4641 2561 4641 2562 4641 2562 4642 2561 4642 2563 4642 2562 4643 2563 4643 2564 4643 287 4644 2449 4644 2450 4644 2450 4645 2449 4645 2538 4645 2450 4646 2538 4646 2565 4646 2565 4647 2538 4647 2540 4647 2565 4648 2540 4648 2566 4648 2566 4649 2540 4649 2542 4649 2566 4650 2542 4650 2567 4650 2567 4651 2542 4651 2544 4651 2567 4652 2544 4652 2568 4652 2568 4653 2544 4653 2546 4653 2568 4654 2546 4654 2569 4654 2569 4655 2546 4655 2548 4655 2569 4656 2548 4656 2570 4656 2570 4657 2548 4657 2550 4657 2570 4658 2550 4658 2571 4658 2571 4659 2550 4659 2552 4659 2571 4660 2552 4660 2572 4660 2572 4661 2552 4661 2554 4661 2572 4662 2554 4662 2573 4662 2573 4663 2554 4663 2556 4663 2573 4664 2556 4664 2574 4664 2574 4665 2556 4665 2558 4665 2574 4666 2558 4666 2575 4666 2575 4667 2558 4667 2560 4667 2575 4668 2560 4668 2576 4668 2576 4669 2560 4669 2562 4669 2576 4670 2562 4670 2577 4670 2577 4671 2562 4671 2564 4671 2577 4672 2564 4672 2578 4672 269 4673 2450 4673 2579 4673 2579 4674 2450 4674 2565 4674 2579 4675 2565 4675 2580 4675 2580 4676 2565 4676 2566 4676 2580 4677 2566 4677 2581 4677 2581 4678 2566 4678 2567 4678 2581 4679 2567 4679 2582 4679 2582 4680 2567 4680 2568 4680 2582 4681 2568 4681 2583 4681 2583 4682 2568 4682 2569 4682 2583 4683 2569 4683 2584 4683 2584 4684 2569 4684 2570 4684 2584 4685 2570 4685 2585 4685 2585 4686 2570 4686 2571 4686 2585 4687 2571 4687 2586 4687 2586 4688 2571 4688 2572 4688 2586 4689 2572 4689 2587 4689 2587 4690 2572 4690 2573 4690 2587 4691 2573 4691 2588 4691 2588 4692 2573 4692 2574 4692 2588 4693 2574 4693 2589 4693 2589 4694 2574 4694 2575 4694 2589 4695 2575 4695 2590 4695 2590 4696 2575 4696 2576 4696 2590 4697 2576 4697 2591 4697 2591 4698 2576 4698 2577 4698 2591 4699 2577 4699 2592 4699 2592 4700 2577 4700 2578 4700 2592 4701 2578 4701 2593 4701 175 4702 2404 4702 2593 4702 2593 4703 2404 4703 2594 4703 2593 4704 2594 4704 2592 4704 2592 4705 2594 4705 2595 4705 2592 4706 2595 4706 2591 4706 2591 4707 2595 4707 2596 4707 2591 4708 2596 4708 2590 4708 2590 4709 2596 4709 2597 4709 2590 4710 2597 4710 2589 4710 2589 4711 2597 4711 2598 4711 2589 4712 2598 4712 2588 4712 2588 4713 2598 4713 2599 4713 2588 4714 2599 4714 2587 4714 2587 4715 2599 4715 2600 4715 2587 4716 2600 4716 2586 4716 2586 4717 2600 4717 2601 4717 2586 4718 2601 4718 2585 4718 2585 4719 2601 4719 2602 4719 2585 4720 2602 4720 2584 4720 2584 4721 2602 4721 2603 4721 2584 4722 2603 4722 2583 4722 2583 4723 2603 4723 2604 4723 2583 4724 2604 4724 2582 4724 2582 4725 2604 4725 2605 4725 2582 4726 2605 4726 2581 4726 2581 4727 2605 4727 2606 4727 2581 4728 2606 4728 2580 4728 2580 4729 2606 4729 2607 4729 2580 4730 2607 4730 2579 4730 2579 4731 2607 4731 270 4731 2579 4732 270 4732 269 4732 259 4733 2451 4733 2452 4733 2452 4734 2451 4734 2608 4734 2452 4735 2608 4735 2609 4735 2609 4736 2608 4736 2610 4736 2609 4737 2610 4737 2611 4737 2611 4738 2610 4738 2612 4738 2611 4739 2612 4739 2613 4739 2613 4740 2612 4740 2614 4740 2613 4741 2614 4741 2615 4741 2615 4742 2614 4742 2616 4742 2615 4743 2616 4743 2617 4743 2617 4744 2616 4744 2618 4744 2617 4745 2618 4745 2619 4745 2619 4746 2618 4746 2620 4746 2619 4747 2620 4747 2621 4747 2621 4748 2620 4748 2622 4748 2621 4749 2622 4749 2623 4749 2623 4750 2622 4750 2624 4750 2623 4751 2624 4751 2625 4751 2625 4752 2624 4752 2626 4752 2625 4753 2626 4753 2627 4753 2627 4754 2626 4754 2628 4754 2627 4755 2628 4755 2629 4755 2629 4756 2628 4756 2630 4756 2629 4757 2630 4757 2631 4757 2631 4758 2630 4758 2632 4758 2631 4759 2632 4759 2633 4759 2633 4760 2632 4760 2634 4760 2633 4761 2634 4761 2635 4761 262 4762 2452 4762 2408 4762 2408 4763 2452 4763 2609 4763 2408 4764 2609 4764 2409 4764 2409 4765 2609 4765 2611 4765 2409 4766 2611 4766 2415 4766 2415 4767 2611 4767 2613 4767 2415 4768 2613 4768 2414 4768 2414 4769 2613 4769 2615 4769 2414 4770 2615 4770 2413 4770 2413 4771 2615 4771 2617 4771 2413 4772 2617 4772 2412 4772 2412 4773 2617 4773 2619 4773 2412 4774 2619 4774 2411 4774 2411 4775 2619 4775 2621 4775 2411 4776 2621 4776 2410 4776 2410 4777 2621 4777 2623 4777 2410 4778 2623 4778 2422 4778 2422 4779 2623 4779 2625 4779 2422 4780 2625 4780 2421 4780 2421 4781 2625 4781 2627 4781 2421 4782 2627 4782 2420 4782 2420 4783 2627 4783 2629 4783 2420 4784 2629 4784 2419 4784 2419 4785 2629 4785 2631 4785 2419 4786 2631 4786 2418 4786 2418 4787 2631 4787 2633 4787 2418 4788 2633 4788 2417 4788 2417 4789 2633 4789 2635 4789 2417 4790 2635 4790 2416 4790 44 4791 55 4791 2423 4791 2423 4792 55 4792 161 4792 2423 4793 161 4793 2466 4793 2466 4794 161 4794 163 4794 2466 4795 163 4795 2480 4795 2480 4796 163 4796 154 4796 2480 4797 154 4797 2494 4797 2494 4798 154 4798 156 4798 2494 4799 156 4799 158 4799 276 4800 2440 4800 2441 4800 2441 4801 2440 4801 2481 4801 2441 4802 2481 4802 2636 4802 2636 4803 2481 4803 2482 4803 2636 4804 2482 4804 2637 4804 2637 4805 2482 4805 2483 4805 2637 4806 2483 4806 2638 4806 2638 4807 2483 4807 2484 4807 2638 4808 2484 4808 2639 4808 2639 4809 2484 4809 2485 4809 2639 4810 2485 4810 2640 4810 2640 4811 2485 4811 2486 4811 2640 4812 2486 4812 2641 4812 2641 4813 2486 4813 2487 4813 2641 4814 2487 4814 2642 4814 2642 4815 2487 4815 2488 4815 2642 4816 2488 4816 2643 4816 2643 4817 2488 4817 2489 4817 2643 4818 2489 4818 2644 4818 2644 4819 2489 4819 2490 4819 2644 4820 2490 4820 2645 4820 2645 4821 2490 4821 2491 4821 2645 4822 2491 4822 2646 4822 2646 4823 2491 4823 2492 4823 2646 4824 2492 4824 2647 4824 2647 4825 2492 4825 2493 4825 2647 4826 2493 4826 2648 4826 2648 4827 2493 4827 2494 4827 2648 4828 2494 4828 2649 4828 2649 4829 2494 4829 158 4829 2649 4830 158 4830 152 4830 277 4831 2441 4831 2442 4831 2442 4832 2441 4832 2636 4832 2442 4833 2636 4833 2650 4833 2650 4834 2636 4834 2637 4834 2650 4835 2637 4835 2651 4835 2651 4836 2637 4836 2638 4836 2651 4837 2638 4837 2652 4837 2652 4838 2638 4838 2639 4838 2652 4839 2639 4839 2653 4839 2653 4840 2639 4840 2640 4840 2653 4841 2640 4841 2654 4841 2654 4842 2640 4842 2641 4842 2654 4843 2641 4843 2655 4843 2655 4844 2641 4844 2642 4844 2655 4845 2642 4845 2656 4845 2656 4846 2642 4846 2643 4846 2656 4847 2643 4847 2657 4847 2657 4848 2643 4848 2644 4848 2657 4849 2644 4849 2658 4849 2658 4850 2644 4850 2645 4850 2658 4851 2645 4851 2659 4851 2659 4852 2645 4852 2646 4852 2659 4853 2646 4853 2660 4853 2660 4854 2646 4854 2647 4854 2660 4855 2647 4855 2661 4855 2661 4856 2647 4856 2648 4856 2661 4857 2648 4857 2662 4857 2662 4858 2648 4858 2649 4858 2662 4859 2649 4859 2663 4859 2663 4860 2649 4860 152 4860 2663 4861 152 4861 151 4861 278 4862 2442 4862 2443 4862 2443 4863 2442 4863 2650 4863 2443 4864 2650 4864 2664 4864 2664 4865 2650 4865 2651 4865 2664 4866 2651 4866 2665 4866 2665 4867 2651 4867 2652 4867 2665 4868 2652 4868 2666 4868 2666 4869 2652 4869 2653 4869 2666 4870 2653 4870 2667 4870 2667 4871 2653 4871 2654 4871 2667 4872 2654 4872 2668 4872 2668 4873 2654 4873 2655 4873 2668 4874 2655 4874 2669 4874 2669 4875 2655 4875 2656 4875 2669 4876 2656 4876 2670 4876 2670 4877 2656 4877 2657 4877 2670 4878 2657 4878 2671 4878 2671 4879 2657 4879 2658 4879 2671 4880 2658 4880 2672 4880 2672 4881 2658 4881 2659 4881 2672 4882 2659 4882 2673 4882 2673 4883 2659 4883 2660 4883 2673 4884 2660 4884 2674 4884 2674 4885 2660 4885 2661 4885 2674 4886 2661 4886 2675 4886 2675 4887 2661 4887 2662 4887 2675 4888 2662 4888 2676 4888 2676 4889 2662 4889 2663 4889 2676 4890 2663 4890 2677 4890 2677 4891 2663 4891 151 4891 2677 4892 151 4892 204 4892 279 4893 2443 4893 2444 4893 2444 4894 2443 4894 2664 4894 2444 4895 2664 4895 2678 4895 2678 4896 2664 4896 2665 4896 2678 4897 2665 4897 2679 4897 2679 4898 2665 4898 2666 4898 2679 4899 2666 4899 2680 4899 2680 4900 2666 4900 2667 4900 2680 4901 2667 4901 2681 4901 2681 4902 2667 4902 2668 4902 2681 4903 2668 4903 2682 4903 2682 4904 2668 4904 2669 4904 2682 4905 2669 4905 2683 4905 2683 4906 2669 4906 2670 4906 2683 4907 2670 4907 2684 4907 2684 4908 2670 4908 2671 4908 2684 4909 2671 4909 2685 4909 2685 4910 2671 4910 2672 4910 2685 4911 2672 4911 2686 4911 2686 4912 2672 4912 2673 4912 2686 4913 2673 4913 2687 4913 2687 4914 2673 4914 2674 4914 2687 4915 2674 4915 2688 4915 2688 4916 2674 4916 2675 4916 2688 4917 2675 4917 2689 4917 2689 4918 2675 4918 2676 4918 2689 4919 2676 4919 2690 4919 2690 4920 2676 4920 2677 4920 2690 4921 2677 4921 2691 4921 2691 4922 2677 4922 204 4922 2691 4923 204 4923 201 4923 280 4924 2444 4924 2445 4924 2445 4925 2444 4925 2678 4925 2445 4926 2678 4926 2692 4926 2692 4927 2678 4927 2679 4927 2692 4928 2679 4928 2693 4928 2693 4929 2679 4929 2680 4929 2693 4930 2680 4930 2694 4930 2694 4931 2680 4931 2681 4931 2694 4932 2681 4932 2695 4932 2695 4933 2681 4933 2682 4933 2695 4934 2682 4934 2696 4934 2696 4935 2682 4935 2683 4935 2696 4936 2683 4936 2697 4936 2697 4937 2683 4937 2684 4937 2697 4938 2684 4938 2698 4938 2698 4939 2684 4939 2685 4939 2698 4940 2685 4940 2699 4940 2699 4941 2685 4941 2686 4941 2699 4942 2686 4942 2700 4942 2700 4943 2686 4943 2687 4943 2700 4944 2687 4944 2701 4944 2701 4945 2687 4945 2688 4945 2701 4946 2688 4946 2702 4946 2702 4947 2688 4947 2689 4947 2702 4948 2689 4948 2703 4948 2703 4949 2689 4949 2690 4949 2703 4950 2690 4950 2704 4950 2704 4951 2690 4951 2691 4951 2704 4952 2691 4952 2406 4952 2406 4953 2691 4953 201 4953 2406 4954 201 4954 199 4954 281 4955 2445 4955 2705 4955 2705 4956 2445 4956 2692 4956 2705 4957 2692 4957 2706 4957 2706 4958 2692 4958 2693 4958 2706 4959 2693 4959 2707 4959 2707 4960 2693 4960 2694 4960 2707 4961 2694 4961 2708 4961 2708 4962 2694 4962 2695 4962 2708 4963 2695 4963 2709 4963 2709 4964 2695 4964 2696 4964 2709 4965 2696 4965 2710 4965 2710 4966 2696 4966 2697 4966 2710 4967 2697 4967 2711 4967 2711 4968 2697 4968 2698 4968 2711 4969 2698 4969 2712 4969 2712 4970 2698 4970 2699 4970 2712 4971 2699 4971 2713 4971 2713 4972 2699 4972 2700 4972 2713 4973 2700 4973 2714 4973 2714 4974 2700 4974 2701 4974 2714 4975 2701 4975 2715 4975 2715 4976 2701 4976 2702 4976 2715 4977 2702 4977 2716 4977 2716 4978 2702 4978 2703 4978 2716 4979 2703 4979 2717 4979 2717 4980 2703 4980 2704 4980 2717 4981 2704 4981 2718 4981 2718 4982 2704 4982 2406 4982 2718 4983 2406 4983 2719 4983 2719 4984 2406 4984 198 4984 2719 4985 198 4985 196 4985 196 4986 2522 4986 2719 4986 2719 4987 2522 4987 2520 4987 2719 4988 2520 4988 2718 4988 2718 4989 2520 4989 2518 4989 2718 4990 2518 4990 2717 4990 2717 4991 2518 4991 2516 4991 2717 4992 2516 4992 2716 4992 2716 4993 2516 4993 2514 4993 2716 4994 2514 4994 2715 4994 2715 4995 2514 4995 2512 4995 2715 4996 2512 4996 2714 4996 2714 4997 2512 4997 2510 4997 2714 4998 2510 4998 2713 4998 2713 4999 2510 4999 2508 4999 2713 5000 2508 5000 2712 5000 2712 5001 2508 5001 2506 5001 2712 5002 2506 5002 2711 5002 2711 5003 2506 5003 2504 5003 2711 5004 2504 5004 2710 5004 2710 5005 2504 5005 2502 5005 2710 5006 2502 5006 2709 5006 2709 5007 2502 5007 2500 5007 2709 5008 2500 5008 2708 5008 2708 5009 2500 5009 2498 5009 2708 5010 2498 5010 2707 5010 2707 5011 2498 5011 2496 5011 2707 5012 2496 5012 2706 5012 2706 5013 2496 5013 2446 5013 2706 5014 2446 5014 2705 5014 2705 5015 2446 5015 282 5015 2705 5016 282 5016 281 5016 196 5017 194 5017 2522 5017 2522 5018 194 5018 192 5018 2522 5019 192 5019 2523 5019 2523 5020 192 5020 190 5020 2523 5021 190 5021 188 5021 285 5022 2447 5022 2448 5022 2448 5023 2447 5023 2536 5023 2448 5024 2536 5024 2537 5024 2537 5025 2536 5025 2535 5025 2537 5026 2535 5026 2539 5026 2539 5027 2535 5027 2534 5027 2539 5028 2534 5028 2541 5028 2541 5029 2534 5029 2533 5029 2541 5030 2533 5030 2543 5030 2543 5031 2533 5031 2532 5031 2543 5032 2532 5032 2545 5032 2545 5033 2532 5033 2531 5033 2545 5034 2531 5034 2547 5034 2547 5035 2531 5035 2530 5035 2547 5036 2530 5036 2549 5036 2549 5037 2530 5037 2529 5037 2549 5038 2529 5038 2551 5038 2551 5039 2529 5039 2528 5039 2551 5040 2528 5040 2553 5040 2553 5041 2528 5041 2527 5041 2553 5042 2527 5042 2555 5042 2555 5043 2527 5043 2526 5043 2555 5044 2526 5044 2557 5044 2557 5045 2526 5045 2525 5045 2557 5046 2525 5046 2559 5046 2559 5047 2525 5047 2524 5047 2559 5048 2524 5048 2561 5048 2561 5049 2524 5049 2405 5049 2561 5050 2405 5050 2563 5050 2563 5051 2405 5051 186 5051 2563 5052 186 5052 2564 5052 2564 5053 186 5053 184 5053 2564 5054 184 5054 2578 5054 184 5055 183 5055 2578 5055 2578 5056 183 5056 180 5056 2578 5057 180 5057 2593 5057 2593 5058 180 5058 177 5058 2593 5059 177 5059 175 5059 167 5060 318 5060 169 5060 169 5061 318 5061 2416 5061 169 5062 2416 5062 171 5062 171 5063 2416 5063 2635 5063 171 5064 2635 5064 173 5064 173 5065 2635 5065 2634 5065 173 5066 2634 5066 2404 5066 2404 5067 2634 5067 2632 5067 2404 5068 2632 5068 2594 5068 2594 5069 2632 5069 2630 5069 2594 5070 2630 5070 2595 5070 2595 5071 2630 5071 2628 5071 2595 5072 2628 5072 2596 5072 2596 5073 2628 5073 2626 5073 2596 5074 2626 5074 2597 5074 2597 5075 2626 5075 2624 5075 2597 5076 2624 5076 2598 5076 2598 5077 2624 5077 2622 5077 2598 5078 2622 5078 2599 5078 2599 5079 2622 5079 2620 5079 2599 5080 2620 5080 2600 5080 2600 5081 2620 5081 2618 5081 2600 5082 2618 5082 2601 5082 2601 5083 2618 5083 2616 5083 2601 5084 2616 5084 2602 5084 2602 5085 2616 5085 2614 5085 2602 5086 2614 5086 2603 5086 2603 5087 2614 5087 2612 5087 2603 5088 2612 5088 2604 5088 2604 5089 2612 5089 2610 5089 2604 5090 2610 5090 2605 5090 2605 5091 2610 5091 2608 5091 2605 5092 2608 5092 2606 5092 2606 5093 2608 5093 2451 5093 2606 5094 2451 5094 2607 5094 2607 5095 2451 5095 258 5095 2607 5096 258 5096 270 5096 2720 5097 771 5097 773 5097 2721 5098 756 5098 758 5098 408 5099 2722 5099 409 5099 409 5100 2722 5100 2723 5100 409 5101 2723 5101 410 5101 410 5102 2723 5102 2724 5102 410 5103 2724 5103 412 5103 416 5104 415 5104 2725 5104 2725 5105 415 5105 414 5105 2725 5106 414 5106 2724 5106 2724 5107 414 5107 413 5107 2724 5108 413 5108 412 5108 495 5109 424 5109 2726 5109 2726 5110 424 5110 423 5110 2726 5111 423 5111 2727 5111 2727 5112 423 5112 422 5112 2727 5113 422 5113 2728 5113 2728 5114 422 5114 421 5114 2728 5115 421 5115 2729 5115 2729 5116 421 5116 420 5116 2729 5117 420 5117 2730 5117 2730 5118 420 5118 419 5118 2730 5119 419 5119 2731 5119 2731 5120 419 5120 418 5120 2731 5121 418 5121 2732 5121 2732 5122 418 5122 417 5122 2732 5123 417 5123 2733 5123 2733 5124 417 5124 416 5124 2733 5125 416 5125 2734 5125 2734 5126 416 5126 2725 5126 790 5127 801 5127 2726 5127 2726 5128 801 5128 496 5128 2726 5129 496 5129 495 5129 807 5130 792 5130 2735 5130 805 5131 807 5131 2736 5131 833 5132 805 5132 2737 5132 828 5133 833 5133 2738 5133 814 5134 828 5134 2739 5134 816 5135 814 5135 2740 5135 823 5136 816 5136 2741 5136 819 5137 821 5137 2742 5137 812 5138 819 5138 2743 5138 804 5139 810 5139 2744 5139 802 5140 804 5140 2745 5140 798 5141 802 5141 2746 5141 799 5142 798 5142 2747 5142 799 5143 2747 5143 2748 5143 2748 5144 2747 5144 2749 5144 2748 5145 2749 5145 2750 5145 2750 5146 2749 5146 2751 5146 2750 5147 2751 5147 2752 5147 2752 5148 2751 5148 2753 5148 2752 5149 2753 5149 2754 5149 2754 5150 2753 5150 2755 5150 2754 5151 2755 5151 2756 5151 2756 5152 2755 5152 2757 5152 2756 5153 2757 5153 2758 5153 2758 5154 2757 5154 2759 5154 2758 5155 2759 5155 2760 5155 2760 5156 2759 5156 2761 5156 2761 5157 2759 5157 2762 5157 2761 5158 2762 5158 2763 5158 2763 5159 2762 5159 2764 5159 2763 5160 2764 5160 2765 5160 2765 5161 2764 5161 2766 5161 2765 5162 2766 5162 2767 5162 2767 5163 2766 5163 2768 5163 2767 5164 2768 5164 2769 5164 790 5165 2726 5165 2770 5165 2770 5166 2726 5166 2727 5166 2770 5167 2727 5167 2771 5167 2771 5168 2727 5168 2728 5168 2771 5169 2728 5169 2772 5169 2772 5170 2728 5170 2729 5170 2772 5171 2729 5171 2773 5171 2773 5172 2729 5172 2730 5172 2773 5173 2730 5173 2774 5173 2774 5174 2730 5174 2731 5174 2774 5175 2731 5175 2775 5175 2775 5176 2731 5176 2732 5176 2775 5177 2732 5177 2776 5177 2776 5178 2732 5178 2733 5178 2776 5179 2733 5179 2777 5179 2777 5180 2733 5180 2734 5180 2777 5181 2734 5181 2778 5181 2778 5182 2734 5182 2725 5182 2778 5183 2725 5183 2779 5183 2779 5184 2725 5184 2724 5184 2779 5185 2724 5185 2780 5185 2780 5186 2724 5186 2723 5186 2780 5187 2723 5187 2781 5187 2781 5188 2723 5188 2722 5188 2781 5189 2722 5189 2782 5189 756 5190 2721 5190 2782 5190 2782 5191 2721 5191 2783 5191 2782 5192 2783 5192 2781 5192 2781 5193 2783 5193 2784 5193 2781 5194 2784 5194 2780 5194 2780 5195 2784 5195 2785 5195 2780 5196 2785 5196 2779 5196 2779 5197 2785 5197 2786 5197 2779 5198 2786 5198 2778 5198 2778 5199 2786 5199 2787 5199 2778 5200 2787 5200 2777 5200 2777 5201 2787 5201 2788 5201 2777 5202 2788 5202 2776 5202 2776 5203 2788 5203 2789 5203 2776 5204 2789 5204 2775 5204 2775 5205 2789 5205 2790 5205 2775 5206 2790 5206 2774 5206 2774 5207 2790 5207 2791 5207 2774 5208 2791 5208 2773 5208 2773 5209 2791 5209 2792 5209 2773 5210 2792 5210 2772 5210 2772 5211 2792 5211 2793 5211 2772 5212 2793 5212 2771 5212 2771 5213 2793 5213 2735 5213 2771 5214 2735 5214 2770 5214 2770 5215 2735 5215 792 5215 2770 5216 792 5216 790 5216 805 5217 2736 5217 2737 5217 2737 5218 2736 5218 2794 5218 2737 5219 2794 5219 2795 5219 2795 5220 2794 5220 2796 5220 2795 5221 2796 5221 2797 5221 2797 5222 2796 5222 2798 5222 2797 5223 2798 5223 2799 5223 2799 5224 2798 5224 2800 5224 2799 5225 2800 5225 2801 5225 2801 5226 2800 5226 2802 5226 2801 5227 2802 5227 2803 5227 2803 5228 2802 5228 2804 5228 2803 5229 2804 5229 2805 5229 2805 5230 2804 5230 2806 5230 2805 5231 2806 5231 2807 5231 2807 5232 2806 5232 2808 5232 2807 5233 2808 5233 2809 5233 2809 5234 2808 5234 2810 5234 2809 5235 2810 5235 2811 5235 2811 5236 2810 5236 2812 5236 2811 5237 2812 5237 2813 5237 2813 5238 2812 5238 2814 5238 2813 5239 2814 5239 2815 5239 2815 5240 2814 5240 2816 5240 2815 5241 2816 5241 2817 5241 833 5242 2737 5242 2738 5242 2738 5243 2737 5243 2795 5243 2738 5244 2795 5244 2818 5244 2818 5245 2795 5245 2797 5245 2818 5246 2797 5246 2819 5246 2819 5247 2797 5247 2799 5247 2819 5248 2799 5248 2820 5248 2820 5249 2799 5249 2801 5249 2820 5250 2801 5250 2821 5250 2821 5251 2801 5251 2803 5251 2821 5252 2803 5252 2822 5252 2822 5253 2803 5253 2805 5253 2822 5254 2805 5254 2823 5254 2823 5255 2805 5255 2807 5255 2823 5256 2807 5256 2824 5256 2824 5257 2807 5257 2809 5257 2824 5258 2809 5258 2825 5258 2825 5259 2809 5259 2811 5259 2825 5260 2811 5260 2826 5260 2826 5261 2811 5261 2813 5261 2826 5262 2813 5262 2827 5262 2827 5263 2813 5263 2815 5263 2827 5264 2815 5264 2828 5264 2828 5265 2815 5265 2817 5265 2828 5266 2817 5266 2829 5266 828 5267 2738 5267 2739 5267 2739 5268 2738 5268 2818 5268 2739 5269 2818 5269 2830 5269 2830 5270 2818 5270 2819 5270 2830 5271 2819 5271 2831 5271 2831 5272 2819 5272 2820 5272 2831 5273 2820 5273 2832 5273 2832 5274 2820 5274 2821 5274 2832 5275 2821 5275 2833 5275 2833 5276 2821 5276 2822 5276 2833 5277 2822 5277 2834 5277 2834 5278 2822 5278 2823 5278 2834 5279 2823 5279 2835 5279 2835 5280 2823 5280 2824 5280 2835 5281 2824 5281 2836 5281 2836 5282 2824 5282 2825 5282 2836 5283 2825 5283 2837 5283 2837 5284 2825 5284 2826 5284 2837 5285 2826 5285 2838 5285 2838 5286 2826 5286 2827 5286 2838 5287 2827 5287 2839 5287 2839 5288 2827 5288 2828 5288 2839 5289 2828 5289 2840 5289 2840 5290 2828 5290 2829 5290 2840 5291 2829 5291 2841 5291 771 5292 2720 5292 2842 5292 2842 5293 2720 5293 2843 5293 2842 5294 2843 5294 2844 5294 2844 5295 2843 5295 2845 5295 2844 5296 2845 5296 2846 5296 2846 5297 2845 5297 2847 5297 2846 5298 2847 5298 2848 5298 2848 5299 2847 5299 2849 5299 2848 5300 2849 5300 2850 5300 2850 5301 2849 5301 2851 5301 2850 5302 2851 5302 2852 5302 2852 5303 2851 5303 2853 5303 2852 5304 2853 5304 2854 5304 2854 5305 2853 5305 2855 5305 2854 5306 2855 5306 2856 5306 2856 5307 2855 5307 2857 5307 2856 5308 2857 5308 2858 5308 2858 5309 2857 5309 2859 5309 2858 5310 2859 5310 2860 5310 2860 5311 2859 5311 2861 5311 2860 5312 2861 5312 2862 5312 2862 5313 2861 5313 2863 5313 2862 5314 2863 5314 2864 5314 2864 5315 2863 5315 2742 5315 2864 5316 2742 5316 2865 5316 2865 5317 2742 5317 821 5317 2865 5318 821 5318 823 5318 804 5319 2744 5319 2745 5319 2745 5320 2744 5320 2866 5320 2745 5321 2866 5321 2867 5321 2867 5322 2866 5322 2868 5322 2867 5323 2868 5323 2869 5323 2869 5324 2868 5324 2870 5324 2869 5325 2870 5325 2871 5325 2871 5326 2870 5326 2872 5326 2871 5327 2872 5327 2873 5327 2873 5328 2872 5328 2874 5328 2873 5329 2874 5329 2875 5329 2875 5330 2874 5330 2876 5330 2875 5331 2876 5331 2877 5331 2877 5332 2876 5332 2878 5332 2877 5333 2878 5333 2879 5333 2879 5334 2878 5334 2880 5334 2879 5335 2880 5335 2881 5335 2881 5336 2880 5336 2882 5336 2881 5337 2882 5337 2883 5337 2883 5338 2882 5338 2884 5338 2883 5339 2884 5339 2885 5339 2885 5340 2884 5340 2886 5340 2885 5341 2886 5341 2887 5341 2887 5342 2886 5342 2888 5342 2887 5343 2888 5343 2889 5343 802 5344 2745 5344 2746 5344 2746 5345 2745 5345 2867 5345 2746 5346 2867 5346 2890 5346 2890 5347 2867 5347 2869 5347 2890 5348 2869 5348 2891 5348 2891 5349 2869 5349 2871 5349 2891 5350 2871 5350 2892 5350 2892 5351 2871 5351 2873 5351 2892 5352 2873 5352 2893 5352 2893 5353 2873 5353 2875 5353 2893 5354 2875 5354 2894 5354 2894 5355 2875 5355 2877 5355 2894 5356 2877 5356 2895 5356 2895 5357 2877 5357 2879 5357 2895 5358 2879 5358 2896 5358 2896 5359 2879 5359 2881 5359 2896 5360 2881 5360 2897 5360 2897 5361 2881 5361 2883 5361 2897 5362 2883 5362 2898 5362 2898 5363 2883 5363 2885 5363 2898 5364 2885 5364 2899 5364 2899 5365 2885 5365 2887 5365 2899 5366 2887 5366 2900 5366 2900 5367 2887 5367 2889 5367 2900 5368 2889 5368 2901 5368 408 5369 750 5369 2722 5369 2722 5370 750 5370 752 5370 2722 5371 752 5371 2782 5371 2782 5372 752 5372 754 5372 2782 5373 754 5373 756 5373 807 5374 2735 5374 2736 5374 2736 5375 2735 5375 2793 5375 2736 5376 2793 5376 2794 5376 2794 5377 2793 5377 2792 5377 2794 5378 2792 5378 2796 5378 2796 5379 2792 5379 2791 5379 2796 5380 2791 5380 2798 5380 2798 5381 2791 5381 2790 5381 2798 5382 2790 5382 2800 5382 2800 5383 2790 5383 2789 5383 2800 5384 2789 5384 2802 5384 2802 5385 2789 5385 2788 5385 2802 5386 2788 5386 2804 5386 2804 5387 2788 5387 2787 5387 2804 5388 2787 5388 2806 5388 2806 5389 2787 5389 2786 5389 2806 5390 2786 5390 2808 5390 2808 5391 2786 5391 2785 5391 2808 5392 2785 5392 2810 5392 2810 5393 2785 5393 2784 5393 2810 5394 2784 5394 2812 5394 2812 5395 2784 5395 2783 5395 2812 5396 2783 5396 2814 5396 2814 5397 2783 5397 2721 5397 2814 5398 2721 5398 2816 5398 2816 5399 2721 5399 758 5399 2816 5400 758 5400 2817 5400 2817 5401 758 5401 764 5401 2817 5402 764 5402 2829 5402 2829 5403 764 5403 763 5403 2829 5404 763 5404 2841 5404 2841 5405 763 5405 761 5405 2841 5406 761 5406 760 5406 814 5407 2739 5407 2740 5407 2740 5408 2739 5408 2830 5408 2740 5409 2830 5409 2902 5409 2902 5410 2830 5410 2831 5410 2902 5411 2831 5411 2903 5411 2903 5412 2831 5412 2832 5412 2903 5413 2832 5413 2904 5413 2904 5414 2832 5414 2833 5414 2904 5415 2833 5415 2905 5415 2905 5416 2833 5416 2834 5416 2905 5417 2834 5417 2906 5417 2906 5418 2834 5418 2835 5418 2906 5419 2835 5419 2907 5419 2907 5420 2835 5420 2836 5420 2907 5421 2836 5421 2908 5421 2908 5422 2836 5422 2837 5422 2908 5423 2837 5423 2909 5423 2909 5424 2837 5424 2838 5424 2909 5425 2838 5425 2910 5425 2910 5426 2838 5426 2839 5426 2910 5427 2839 5427 2911 5427 2911 5428 2839 5428 2840 5428 2911 5429 2840 5429 2912 5429 2912 5430 2840 5430 2841 5430 2912 5431 2841 5431 2913 5431 2913 5432 2841 5432 760 5432 2913 5433 760 5433 767 5433 816 5434 2740 5434 2741 5434 2741 5435 2740 5435 2902 5435 2741 5436 2902 5436 2914 5436 2914 5437 2902 5437 2903 5437 2914 5438 2903 5438 2915 5438 2915 5439 2903 5439 2904 5439 2915 5440 2904 5440 2916 5440 2916 5441 2904 5441 2905 5441 2916 5442 2905 5442 2917 5442 2917 5443 2905 5443 2906 5443 2917 5444 2906 5444 2918 5444 2918 5445 2906 5445 2907 5445 2918 5446 2907 5446 2919 5446 2919 5447 2907 5447 2908 5447 2919 5448 2908 5448 2920 5448 2920 5449 2908 5449 2909 5449 2920 5450 2909 5450 2921 5450 2921 5451 2909 5451 2910 5451 2921 5452 2910 5452 2922 5452 2922 5453 2910 5453 2911 5453 2922 5454 2911 5454 2923 5454 2923 5455 2911 5455 2912 5455 2923 5456 2912 5456 2924 5456 2924 5457 2912 5457 2913 5457 2924 5458 2913 5458 2925 5458 2925 5459 2913 5459 767 5459 2925 5460 767 5460 769 5460 823 5461 2741 5461 2865 5461 2865 5462 2741 5462 2914 5462 2865 5463 2914 5463 2864 5463 2864 5464 2914 5464 2915 5464 2864 5465 2915 5465 2862 5465 2862 5466 2915 5466 2916 5466 2862 5467 2916 5467 2860 5467 2860 5468 2916 5468 2917 5468 2860 5469 2917 5469 2858 5469 2858 5470 2917 5470 2918 5470 2858 5471 2918 5471 2856 5471 2856 5472 2918 5472 2919 5472 2856 5473 2919 5473 2854 5473 2854 5474 2919 5474 2920 5474 2854 5475 2920 5475 2852 5475 2852 5476 2920 5476 2921 5476 2852 5477 2921 5477 2850 5477 2850 5478 2921 5478 2922 5478 2850 5479 2922 5479 2848 5479 2848 5480 2922 5480 2923 5480 2848 5481 2923 5481 2846 5481 2846 5482 2923 5482 2924 5482 2846 5483 2924 5483 2844 5483 2844 5484 2924 5484 2925 5484 2844 5485 2925 5485 2842 5485 2842 5486 2925 5486 769 5486 2842 5487 769 5487 771 5487 819 5488 2742 5488 2743 5488 2743 5489 2742 5489 2863 5489 2743 5490 2863 5490 2926 5490 2926 5491 2863 5491 2861 5491 2926 5492 2861 5492 2927 5492 2927 5493 2861 5493 2859 5493 2927 5494 2859 5494 2928 5494 2928 5495 2859 5495 2857 5495 2928 5496 2857 5496 2929 5496 2929 5497 2857 5497 2855 5497 2929 5498 2855 5498 2930 5498 2930 5499 2855 5499 2853 5499 2930 5500 2853 5500 2931 5500 2931 5501 2853 5501 2851 5501 2931 5502 2851 5502 2932 5502 2932 5503 2851 5503 2849 5503 2932 5504 2849 5504 2933 5504 2933 5505 2849 5505 2847 5505 2933 5506 2847 5506 2934 5506 2934 5507 2847 5507 2845 5507 2934 5508 2845 5508 2935 5508 2935 5509 2845 5509 2843 5509 2935 5510 2843 5510 2936 5510 2936 5511 2843 5511 2720 5511 2936 5512 2720 5512 2937 5512 2937 5513 2720 5513 773 5513 2937 5514 773 5514 775 5514 812 5515 2743 5515 2938 5515 2938 5516 2743 5516 2926 5516 2938 5517 2926 5517 2939 5517 2939 5518 2926 5518 2927 5518 2939 5519 2927 5519 2940 5519 2940 5520 2927 5520 2928 5520 2940 5521 2928 5521 2941 5521 2941 5522 2928 5522 2929 5522 2941 5523 2929 5523 2942 5523 2942 5524 2929 5524 2930 5524 2942 5525 2930 5525 2943 5525 2943 5526 2930 5526 2931 5526 2943 5527 2931 5527 2944 5527 2944 5528 2931 5528 2932 5528 2944 5529 2932 5529 2945 5529 2945 5530 2932 5530 2933 5530 2945 5531 2933 5531 2946 5531 2946 5532 2933 5532 2934 5532 2946 5533 2934 5533 2947 5533 2947 5534 2934 5534 2935 5534 2947 5535 2935 5535 2948 5535 2948 5536 2935 5536 2936 5536 2948 5537 2936 5537 2949 5537 2949 5538 2936 5538 2937 5538 2949 5539 2937 5539 2950 5539 2950 5540 2937 5540 775 5540 2950 5541 775 5541 777 5541 777 5542 2888 5542 2950 5542 2950 5543 2888 5543 2886 5543 2950 5544 2886 5544 2949 5544 2949 5545 2886 5545 2884 5545 2949 5546 2884 5546 2948 5546 2948 5547 2884 5547 2882 5547 2948 5548 2882 5548 2947 5548 2947 5549 2882 5549 2880 5549 2947 5550 2880 5550 2946 5550 2946 5551 2880 5551 2878 5551 2946 5552 2878 5552 2945 5552 2945 5553 2878 5553 2876 5553 2945 5554 2876 5554 2944 5554 2944 5555 2876 5555 2874 5555 2944 5556 2874 5556 2943 5556 2943 5557 2874 5557 2872 5557 2943 5558 2872 5558 2942 5558 2942 5559 2872 5559 2870 5559 2942 5560 2870 5560 2941 5560 2941 5561 2870 5561 2868 5561 2941 5562 2868 5562 2940 5562 2940 5563 2868 5563 2866 5563 2940 5564 2866 5564 2939 5564 2939 5565 2866 5565 2744 5565 2939 5566 2744 5566 2938 5566 2938 5567 2744 5567 810 5567 2938 5568 810 5568 812 5568 777 5569 779 5569 2888 5569 2888 5570 779 5570 788 5570 2888 5571 788 5571 2889 5571 2889 5572 788 5572 787 5572 2889 5573 787 5573 2901 5573 2901 5574 787 5574 785 5574 2901 5575 785 5575 783 5575 798 5576 2746 5576 2747 5576 2747 5577 2746 5577 2890 5577 2747 5578 2890 5578 2749 5578 2749 5579 2890 5579 2891 5579 2749 5580 2891 5580 2751 5580 2751 5581 2891 5581 2892 5581 2751 5582 2892 5582 2753 5582 2753 5583 2892 5583 2893 5583 2753 5584 2893 5584 2755 5584 2755 5585 2893 5585 2894 5585 2755 5586 2894 5586 2757 5586 2757 5587 2894 5587 2895 5587 2757 5588 2895 5588 2759 5588 2759 5589 2895 5589 2896 5589 2759 5590 2896 5590 2762 5590 2762 5591 2896 5591 2897 5591 2762 5592 2897 5592 2764 5592 2764 5593 2897 5593 2898 5593 2764 5594 2898 5594 2766 5594 2766 5595 2898 5595 2899 5595 2766 5596 2899 5596 2768 5596 2768 5597 2899 5597 2900 5597 2768 5598 2900 5598 2951 5598 2951 5599 2900 5599 2901 5599 2951 5600 2901 5600 2952 5600 2952 5601 2901 5601 783 5601 2952 5602 783 5602 782 5602 2769 5603 2768 5603 2953 5603 2953 5604 2768 5604 2951 5604 2953 5605 2951 5605 2954 5605 2954 5606 2951 5606 2952 5606 2954 5607 2952 5607 2955 5607 2955 5608 2952 5608 782 5608 2955 5609 782 5609 737 5609 1338 5610 1366 5610 2956 5610 1365 5611 799 5611 2748 5611 2957 5612 2958 5612 2959 5612 2960 5613 2961 5613 2962 5613 1505 5614 1341 5614 2963 5614 2964 5615 607 5615 606 5615 1316 5616 644 5616 642 5616 642 5617 640 5617 1316 5617 1316 5618 640 5618 638 5618 1316 5619 638 5619 636 5619 2965 5620 2966 5620 645 5620 645 5621 2966 5621 632 5621 2967 5622 587 5622 2966 5622 2966 5623 587 5623 630 5623 2966 5624 630 5624 632 5624 2968 5625 594 5625 2967 5625 2967 5626 594 5626 589 5626 2967 5627 589 5627 587 5627 599 5628 600 5628 2969 5628 2969 5629 600 5629 601 5629 2969 5630 601 5630 2970 5630 2970 5631 601 5631 591 5631 2970 5632 591 5632 593 5632 2971 5633 605 5633 2972 5633 2972 5634 605 5634 604 5634 2972 5635 604 5635 2973 5635 2973 5636 604 5636 603 5636 2973 5637 603 5637 2974 5637 2974 5638 603 5638 602 5638 2974 5639 602 5639 2975 5639 2975 5640 602 5640 599 5640 2975 5641 599 5641 2976 5641 611 5642 610 5642 2977 5642 2977 5643 610 5643 609 5643 2977 5644 609 5644 2964 5644 2964 5645 609 5645 608 5645 2964 5646 608 5646 607 5646 595 5647 612 5647 2978 5647 595 5648 2978 5648 596 5648 596 5649 2978 5649 2979 5649 596 5650 2979 5650 598 5650 598 5651 2979 5651 746 5651 598 5652 746 5652 625 5652 1505 5653 2963 5653 1312 5653 2980 5654 2981 5654 2982 5654 2982 5655 2981 5655 2983 5655 2982 5656 2983 5656 2984 5656 2984 5657 2983 5657 2985 5657 2984 5658 2985 5658 2963 5658 2963 5659 2985 5659 2986 5659 2963 5660 2986 5660 1312 5660 2987 5661 2968 5661 2988 5661 2988 5662 2968 5662 2967 5662 2988 5663 2967 5663 2989 5663 2989 5664 2967 5664 2966 5664 2989 5665 2966 5665 2990 5665 2990 5666 2966 5666 2965 5666 2990 5667 2965 5667 1316 5667 1316 5668 2965 5668 645 5668 1316 5669 645 5669 644 5669 2989 5670 2991 5670 2988 5670 2988 5671 2991 5671 2992 5671 2988 5672 2992 5672 2987 5672 2987 5673 2992 5673 2993 5673 2987 5674 2993 5674 2994 5674 2976 5675 599 5675 2994 5675 2994 5676 599 5676 2969 5676 2994 5677 2969 5677 2987 5677 2987 5678 2969 5678 2970 5678 2987 5679 2970 5679 2968 5679 2968 5680 2970 5680 593 5680 2968 5681 593 5681 594 5681 2962 5682 2961 5682 2995 5682 2995 5683 2961 5683 2996 5683 2995 5684 2996 5684 2997 5684 2997 5685 2996 5685 2998 5685 2997 5686 2998 5686 2999 5686 2999 5687 2998 5687 3000 5687 2999 5688 3000 5688 3001 5688 3001 5689 3000 5689 3002 5689 3001 5690 3002 5690 3003 5690 3003 5691 3002 5691 3004 5691 3003 5692 3004 5692 2980 5692 2980 5693 3004 5693 3005 5693 2980 5694 3005 5694 2981 5694 3006 5695 3007 5695 3008 5695 3008 5696 3007 5696 2971 5696 1316 5697 1312 5697 2990 5697 2990 5698 1312 5698 2986 5698 2990 5699 2986 5699 2989 5699 2989 5700 2986 5700 2985 5700 2989 5701 2985 5701 2991 5701 2991 5702 2985 5702 2983 5702 2991 5703 2983 5703 2992 5703 2992 5704 2983 5704 2981 5704 2992 5705 2981 5705 2993 5705 2993 5706 2981 5706 3005 5706 2993 5707 3005 5707 2994 5707 2994 5708 3005 5708 3004 5708 2994 5709 3004 5709 2976 5709 2976 5710 3004 5710 3002 5710 2976 5711 3002 5711 2975 5711 2975 5712 3002 5712 3000 5712 2975 5713 3000 5713 2974 5713 2974 5714 3000 5714 2998 5714 2974 5715 2998 5715 2973 5715 2973 5716 2998 5716 2996 5716 2973 5717 2996 5717 2972 5717 2972 5718 2996 5718 2961 5718 2972 5719 2961 5719 2971 5719 2971 5720 2961 5720 2960 5720 2971 5721 2960 5721 3008 5721 2959 5722 2958 5722 3009 5722 3009 5723 2958 5723 3010 5723 3009 5724 3010 5724 3011 5724 3011 5725 3010 5725 3012 5725 3011 5726 3012 5726 3013 5726 3013 5727 3012 5727 3014 5727 3013 5728 3014 5728 748 5728 2962 5729 2957 5729 2960 5729 2960 5730 2957 5730 2959 5730 2960 5731 2959 5731 3008 5731 3008 5732 2959 5732 3009 5732 3008 5733 3009 5733 3006 5733 3006 5734 3009 5734 3011 5734 612 5735 611 5735 2978 5735 2978 5736 611 5736 2977 5736 2978 5737 2977 5737 3015 5737 3015 5738 2977 5738 2964 5738 748 5739 746 5739 3013 5739 3013 5740 746 5740 2979 5740 3013 5741 2979 5741 3011 5741 3011 5742 2979 5742 2978 5742 3011 5743 2978 5743 3006 5743 3006 5744 2978 5744 3015 5744 3006 5745 3015 5745 3007 5745 3007 5746 3015 5746 2964 5746 3007 5747 2964 5747 2971 5747 2971 5748 2964 5748 606 5748 2971 5749 606 5749 605 5749 3016 5750 3017 5750 3018 5750 3018 5751 3017 5751 3019 5751 3018 5752 3019 5752 3020 5752 3018 5753 3020 5753 3021 5753 737 5754 744 5754 2955 5754 2955 5755 744 5755 3022 5755 2955 5756 3022 5756 2954 5756 2954 5757 3022 5757 3016 5757 2954 5758 3016 5758 2953 5758 2953 5759 3016 5759 3018 5759 1338 5760 2956 5760 1340 5760 3022 5761 3023 5761 3016 5761 3016 5762 3023 5762 3024 5762 3016 5763 3024 5763 3017 5763 3017 5764 3024 5764 3025 5764 3017 5765 3025 5765 3019 5765 3019 5766 3025 5766 3026 5766 3019 5767 3026 5767 3020 5767 3020 5768 3026 5768 3027 5768 3020 5769 3027 5769 3021 5769 3021 5770 3027 5770 3028 5770 3021 5771 3028 5771 3029 5771 3029 5772 3028 5772 3030 5772 3029 5773 3030 5773 3031 5773 3031 5774 3030 5774 3032 5774 3031 5775 3032 5775 3033 5775 3033 5776 3032 5776 3034 5776 3033 5777 3034 5777 3035 5777 3035 5778 3034 5778 3036 5778 3035 5779 3036 5779 3037 5779 3037 5780 3036 5780 3038 5780 3037 5781 3038 5781 3039 5781 3039 5782 3038 5782 3040 5782 3039 5783 3040 5783 3041 5783 3041 5784 3040 5784 3042 5784 3041 5785 3042 5785 2956 5785 2956 5786 3042 5786 3043 5786 2956 5787 3043 5787 1340 5787 1366 5788 1365 5788 2956 5788 2956 5789 1365 5789 2748 5789 2956 5790 2748 5790 3041 5790 3041 5791 2748 5791 2750 5791 3041 5792 2750 5792 3039 5792 3039 5793 2750 5793 2752 5793 3039 5794 2752 5794 3037 5794 3037 5795 2752 5795 2754 5795 3037 5796 2754 5796 3035 5796 3035 5797 2754 5797 2756 5797 3035 5798 2756 5798 3033 5798 3033 5799 2756 5799 2758 5799 3033 5800 2758 5800 3031 5800 3031 5801 2758 5801 2760 5801 3031 5802 2760 5802 3029 5802 3029 5803 2760 5803 2761 5803 3029 5804 2761 5804 3021 5804 3021 5805 2761 5805 2763 5805 3021 5806 2763 5806 3018 5806 3018 5807 2763 5807 2765 5807 3018 5808 2765 5808 2767 5808 3018 5809 2767 5809 2769 5809 3018 5810 2769 5810 2953 5810 744 5811 743 5811 3022 5811 3022 5812 743 5812 741 5812 3022 5813 741 5813 3023 5813 3023 5814 741 5814 739 5814 3023 5815 739 5815 749 5815 1341 5816 1340 5816 2963 5816 2963 5817 1340 5817 3043 5817 2963 5818 3043 5818 2984 5818 2984 5819 3043 5819 3042 5819 2984 5820 3042 5820 2982 5820 2982 5821 3042 5821 3040 5821 2982 5822 3040 5822 2980 5822 2980 5823 3040 5823 3038 5823 2980 5824 3038 5824 3003 5824 3003 5825 3038 5825 3036 5825 3003 5826 3036 5826 3001 5826 3001 5827 3036 5827 3034 5827 3001 5828 3034 5828 2999 5828 2999 5829 3034 5829 3032 5829 2999 5830 3032 5830 2997 5830 2997 5831 3032 5831 3030 5831 2997 5832 3030 5832 2995 5832 2995 5833 3030 5833 3028 5833 2995 5834 3028 5834 2962 5834 2962 5835 3028 5835 3027 5835 2962 5836 3027 5836 2957 5836 2957 5837 3027 5837 3026 5837 2957 5838 3026 5838 2958 5838 2958 5839 3026 5839 3025 5839 2958 5840 3025 5840 3010 5840 3010 5841 3025 5841 3024 5841 3010 5842 3024 5842 3012 5842 3012 5843 3024 5843 3023 5843 3012 5844 3023 5844 3014 5844 3014 5845 3023 5845 749 5845 3014 5846 749 5846 748 5846</p>
        </triangles>
      </mesh>
    </geometry>
  </library_geometries>
  <library_visual_scenes>
    <visual_scene id="Scene" name="Scene">
      <node id="Helice_13" name="Helice 13" type="NODE">
        <matrix sid="transform">0.001000001 0 0 0 0 0.001 0 0 0 0 10e-4 0 0 0 0 1</matrix>
        <instance_geometry url="#Helice_13-mesh" name="Helice 13">
          <bind_material>
            <technique_common>
              <instance_material symbol="Material_008-material" target="#Material_008-material"/>
            </technique_common>
          </bind_material>
        </instance_geometry>
      </node>
    </visual_scene>
  </library_visual_scenes>
  <scene>
    <instance_visual_scene url="#Scene"/>
  </scene>
</COLLADA>