<?xml version="1.0" encoding="utf-8"?>
<COLLADA xmlns="http://www.collada.org/2005/11/COLLADASchema" version="1.4.1" xmlns:xsi="http://www.w3.org/2001/XMLSchema-instance">
  <asset>
    <contributor>
      <author>Blender User</author>
      <authoring_tool>Blender 3.4.1 commit date:2022-12-19, commit time:17:00, hash:55485cb379f7</authoring_tool>
    </contributor>
    <created>2022-12-20T17:09:58</created>
    <modified>2022-12-20T17:09:58</modified>
    <unit name="meter" meter="1"/>
    <up_axis>Z_UP</up_axis>
  </asset>
  <library_effects>
    <effect id="Bark7-effect">
      <profile_COMMON>
        <newparam sid="Wood065_1K_Color_jpg-surface">
          <surface type="2D">
            <init_from>Wood065_1K_Color_jpg</init_from>
          </surface>
        </newparam>
        <newparam sid="Wood065_1K_Color_jpg-sampler">
          <sampler2D>
            <source>Wood065_1K_Color_jpg-surface</source>
          </sampler2D>
        </newparam>
        <technique sid="common">
          <lambert>
            <emission>
              <color sid="emission">0.25 0.25 0.25 1</color>
            </emission>
            <diffuse>
              <texture texture="Wood065_1K_Color_jpg-sampler" texcoord="Mesh-mesh-map-0"/>
            </diffuse>
            <index_of_refraction>
              <float sid="ior">1.45</float>
            </index_of_refraction>
          </lambert>
        </technique>
      </profile_COMMON>
    </effect>
    <effect id="Bark_End-effect">
      <profile_COMMON>
        <technique sid="common">
          <lambert>
            <emission>
              <color sid="emission">0 0 0 1</color>
            </emission>
            <diffuse>
              <color sid="diffuse">0.5 0.5 0.5 1</color>
            </diffuse>
            <index_of_refraction>
              <float sid="ior">1.45</float>
            </index_of_refraction>
          </lambert>
        </technique>
      </profile_COMMON>
    </effect>
    <effect id="Bark7_001-effect">
      <profile_COMMON>
        <newparam sid="Wood065_1K_Color_jpg-surface">
          <surface type="2D">
            <init_from>Wood065_1K_Color_jpg</init_from>
          </surface>
        </newparam>
        <newparam sid="Wood065_1K_Color_jpg-sampler">
          <sampler2D>
            <source>Wood065_1K_Color_jpg-surface</source>
          </sampler2D>
        </newparam>
        <technique sid="common">
          <lambert>
            <emission>
              <color sid="emission">0.25 0.25 0.25 1</color>
            </emission>
            <diffuse>
              <texture texture="Wood065_1K_Color_jpg-sampler" texcoord="Mesh_005-mesh-map-0"/>
            </diffuse>
            <index_of_refraction>
              <float sid="ior">1.45</float>
            </index_of_refraction>
          </lambert>
        </technique>
      </profile_COMMON>
    </effect>
    <effect id="Bark_End_001-effect">
      <profile_COMMON>
        <technique sid="common">
          <lambert>
            <emission>
              <color sid="emission">0 0 0 1</color>
            </emission>
            <diffuse>
              <color sid="diffuse">0.5 0.5 0.5 1</color>
            </diffuse>
            <index_of_refraction>
              <float sid="ior">1.45</float>
            </index_of_refraction>
          </lambert>
        </technique>
      </profile_COMMON>
    </effect>
    <effect id="Bark7_002-effect">
      <profile_COMMON>
        <newparam sid="Wood065_1K_Color_jpg-surface">
          <surface type="2D">
            <init_from>Wood065_1K_Color_jpg</init_from>
          </surface>
        </newparam>
        <newparam sid="Wood065_1K_Color_jpg-sampler">
          <sampler2D>
            <source>Wood065_1K_Color_jpg-surface</source>
          </sampler2D>
        </newparam>
        <technique sid="common">
          <lambert>
            <emission>
              <color sid="emission">0.25 0.25 0.25 1</color>
            </emission>
            <diffuse>
              <texture texture="Wood065_1K_Color_jpg-sampler" texcoord="Mesh_010-mesh-map-0"/>
            </diffuse>
            <index_of_refraction>
              <float sid="ior">1.45</float>
            </index_of_refraction>
          </lambert>
        </technique>
      </profile_COMMON>
    </effect>
    <effect id="Bark_End_002-effect">
      <profile_COMMON>
        <technique sid="common">
          <lambert>
            <emission>
              <color sid="emission">0 0 0 1</color>
            </emission>
            <diffuse>
              <color sid="diffuse">0.5 0.5 0.5 1</color>
            </diffuse>
            <index_of_refraction>
              <float sid="ior">1.45</float>
            </index_of_refraction>
          </lambert>
        </technique>
      </profile_COMMON>
    </effect>
  </library_effects>
  <library_images>
    <image id="Wood065_1K_Color_jpg" name="Wood065_1K_Color_jpg">
      <init_from>Wood065_1K_Color.jpg</init_from>
    </image>
  </library_images>
  <library_materials>
    <material id="Bark7-material" name="Bark7">
      <instance_effect url="#Bark7-effect"/>
    </material>
    <material id="Bark_End-material" name="Bark_End">
      <instance_effect url="#Bark_End-effect"/>
    </material>
    <material id="Bark7_001-material" name="Bark7.001">
      <instance_effect url="#Bark7_001-effect"/>
    </material>
    <material id="Bark_End_001-material" name="Bark_End.001">
      <instance_effect url="#Bark_End_001-effect"/>
    </material>
    <material id="Bark7_002-material" name="Bark7.002">
      <instance_effect url="#Bark7_002-effect"/>
    </material>
    <material id="Bark_End_002-material" name="Bark_End.002">
      <instance_effect url="#Bark_End_002-effect"/>
    </material>
  </library_materials>
  <library_geometries>
    <geometry id="Mesh-mesh" name="Mesh">
      <mesh>
        <source id="Mesh-mesh-positions">
          <float_array id="Mesh-mesh-positions-array" count="273">54.58913 47.25333 422.5171 -7.892288 47.25293 -345.6211 29.69081 29.16333 422.5171 -32.79124 29.16291 -345.6211 39.20164 -0.1069297 422.5171 -23.28038 -0.1073112 -345.6211 69.97722 -0.1069297 422.5171 7.495804 -0.1073112 -345.6211 79.48805 29.16333 422.5171 17.00603 29.16294 -345.6211 31.14143 54.25357 294.4939 -7.892288 68.94864 166.4709 -7.892288 77.03995 38.448 -7.892288 79.94593 -89.57508 -7.892288 76.88019 -217.5981 -32.79124 58.79022 -180.5227 -32.79124 61.8559 -147.0016 -32.79124 58.94995 38.448 -32.79124 50.85865 166.4709 6.242508 36.16358 294.4942 -23.28038 29.51999 -180.5227 -23.28038 32.58563 -147.0016 -23.28038 29.67969 38.448 -23.28038 21.58841 166.4709 15.75273 6.893314 294.4942 7.495804 29.51999 -217.5981 7.495804 32.5857 -28.4541 7.495804 29.67972 38.448 7.495804 21.58841 166.4709 46.52952 6.893314 294.4942 17.00603 58.79022 -217.5981 17.00664 61.85593 -28.4541 17.00664 58.94995 38.448 17.00664 50.85865 166.4709 56.04039 36.16358 294.4942 -199.9393 8.38654 -247.5037 -199.9393 6.996128 -269.5016 -204.2523 21.66181 -247.5037 -204.2523 20.2714 -269.5017 -159.597 33.28183 -224.3685 -159.597 34.41165 -206.493 -156.0921 22.49445 -224.3685 -156.0921 23.62427 -206.493 -62.16658 19.95087 -165.9553 -62.16658 16.88523 -188.1776 -71.67681 49.22113 -165.9553 -71.67681 46.15546 -188.1776 147.0956 20.13654 -212.2989 119.7004 21.99164 -225.8383 144.4057 1.451313 -206.8562 117.0105 3.306446 -220.3955 83.98632 26.34272 -150.1172 111.3815 24.48758 -136.578 86.67629 45.0279 -155.5598 114.0721 43.17279 -142.0206 84.74413 54.18283 -79.6084 57.34831 56.03794 -93.14771 82.05416 35.49762 -74.16541 54.65895 37.35276 -87.70471 60.04133 39.67646 -54.65185 43.48372 38.39472 -30.22754 63.51338 52.58634 -52.29809 46.95518 51.30463 -27.87378 204.2523 28.94559 -108.5219 194.5186 30.14307 -125.6787 200.8435 16.88431 -106.588 191.1098 18.08179 -123.7449 148.0095 32.95166 -98.15686 157.7438 31.75419 -81.00012 151.419 45.01294 -100.0907 161.152 43.81546 -82.93384 122.8762 50.9224 -60.20972 113.1425 52.11991 -77.36658 119.4672 38.86112 -58.27588 109.7341 40.0586 -75.43286 -77.96212 39.16828 -185.6879 -99.44969 39.06482 -194.4175 -77.78237 24.97919 -181.0052 -99.26998 24.87568 -189.7351 -136.2143 19.01468 -392.4349 -119.4587 19.72794 -406.7383 -139.0093 32.62805 -393.7398 -122.2537 33.34131 -408.043 -127.6974 36.9419 -343.5624 -141.3125 36.36231 -331.9396 -125.4264 25.87977 -342.5021 -139.0421 25.30018 -330.8794 -109.0601 7.334049 -234.6649 -92.13335 6.411442 -249.3575 -115.2228 37.34983 -237.5417 -98.29598 36.42722 -252.2342</float_array>
          <technique_common>
            <accessor source="#Mesh-mesh-positions-array" count="91" stride="3">
              <param name="X" type="float"/>
              <param name="Y" type="float"/>
              <param name="Z" type="float"/>
            </accessor>
          </technique_common>
        </source>
        <source id="Mesh-mesh-normals">
          <float_array id="Mesh-mesh-normals-array" count="579">-0.5777444 0.7952017 -0.1840267 -0.9495939 -0.3085544 0.0553708 0 -0.9742518 0.225463 0.5777531 0.7951956 -0.1840254 0.9486365 -0.3082224 0.07132935 0.9341512 -0.3035365 -0.1876893 0.904366 -0.2938574 -0.3094676 0.9508718 -0.3089687 -0.01952743 -0.8493839 -0.03122025 -0.5268514 0.9510471 -0.3090058 0.005008459 0.5866039 0.8073973 -0.06328958 0.585603 0.8060199 -0.08602958 0.5870156 0.8079636 0.0510649 0.5569851 0.8303087 0.0188471 0.5876811 0.8088609 -0.0193696 0 -0.9985085 -0.05459803 0 -0.9934767 -0.1140357 1.02037e-6 -0.9980088 -0.06307619 0.06024378 -0.9980612 -0.0156393 0.1090604 -0.9899041 0.09053069 -0.9395074 -0.305256 0.1553861 -0.9216725 -0.2994818 0.2466382 -0.9508716 -0.3089692 -0.01952743 -0.9510419 -0.3090243 -0.00484234 0.1750165 0.05686467 -0.9829221 -0.5811156 0.7998459 0.1501708 -0.5671646 0.7806419 0.2625313 -0.5870152 0.8079638 0.0510649 -0.6063853 0.7950734 0.01245862 -0.6516599 0.755359 -0.06908136 -0.6297714 -0.2046061 0.7493492 0.6624656 0.2152408 -0.7175031 -0.2213838 0.9732446 -0.06151509 0.3631634 0.1179963 -0.9242237 -0.3984825 -0.1294724 0.9079916 -0.3971996 -0.1290527 0.9086132 -0.09726077 -0.9859216 0.1360111 0.2765988 -0.9590717 0.06061828 -0.2829195 0.950145 -0.131077 0.2688928 -0.9591674 0.08771979 -0.3999884 -0.129969 0.9072582 -0.3985421 -0.1294921 0.9079626 -0.1193087 0.99088 -0.06262886 -0.9043031 0.00584501 -0.4268511 -0.1783605 -0.956755 0.2297986 0.1783568 0.9567549 -0.2298019 -0.9046242 0.006099104 -0.4261665 0.9046294 -0.006093323 0.4261556 0.1238867 0.9855351 -0.1156414 0.9042973 -0.005878567 0.4268628 0.9044927 -0.006014883 0.4264469 -0.01996564 -0.9951848 -0.09596085 0.1444121 0.9885855 0.04294049 0.8105804 -0.2633834 0.523057 -0.1238898 -0.9855347 0.1156404 -0.6992431 0.7036441 -0.1262706 -0.9495938 -0.3085543 0.05537074 0.2081238 -0.962724 0.1727631 0.5777528 0.7951959 -0.1840252 0.9486364 -0.3082227 0.07132935 0.9341516 -0.3035353 -0.187689 0.9043658 -0.2938582 -0.3094673 0.9508718 -0.3089686 -0.01952743 -0.7673596 0.2493398 -0.590753 0.9510412 -0.3090237 0.005005657 0.5866042 0.8073971 -0.06328958 0.5856034 0.8060197 -0.08602941 0.5870155 0.8079637 0.0510649 0.5874199 0.80852 0.03511905 0.6082134 0.7936694 -0.01286602 0 -0.9985084 -0.05459803 0 -0.9934766 -0.1140357 0 -0.9980087 -0.06307595 0.010185 -0.9990062 -0.04339295 9.91187e-7 -0.999058 -0.04339534 0.002877712 -0.9990538 -0.04339569 -0.06230145 -0.9979264 0.01617467 -0.9395012 -0.3052736 0.1553885 -0.9216789 -0.2994633 0.2466375 -0.9508715 -0.3089693 -0.01952737 -0.9510418 -0.3090244 -0.004842281 0.1750174 0.05686885 -0.9829216 -0.5811265 0.7998384 0.1501691 -0.5671629 0.7806429 0.2625316 -0.587015 0.807964 0.05106496 -0.587683 0.808883 0.01836067 -0.5572546 0.8301036 -0.01987838 -0.6297662 -0.2046172 0.7493506 0.6624734 0.2152255 -0.7175005 -0.2213841 0.9732447 -0.06151354 0.3631646 0.1179941 -0.9242235 -0.3971998 -0.1290546 0.9086129 -0.3984832 -0.1294727 0.9079912 -0.08361238 -0.9945139 0.06285834 0.2765978 -0.959072 0.06061953 -0.2688966 0.9591662 -0.08772057 0.2829156 -0.9501464 0.1310756 -0.3972945 -0.1290856 0.908567 -0.3999851 -0.1299598 0.907261 -0.3985366 -0.1294901 0.9079654 -0.1032958 0.9853189 -0.1359292 -0.9043014 0.005851566 -0.4268547 -0.1783602 -0.956755 0.2297991 0.1783595 0.9567553 -0.2297985 -0.904631 0.006065607 -0.4261524 -0.9044325 0.005957126 -0.4265751 0.9044297 -0.005974411 0.426581 0.9046225 -0.006127893 0.4261698 0.9043914 -0.005941987 0.4266627 0.1238866 0.985535 -0.1156415 0.9043052 -0.005849123 0.4268465 0.0124123 -0.9989811 -0.04339212 0.08536785 0.9956877 -0.03631007 0.8675411 0.01987344 0.4969685 -0.1238901 -0.9855347 0.1156403 -0.4509254 -0.0156508 -0.8924244 -0.509001 0.005851149 -0.860746 -0.2765759 -0.9567559 0.0901333 0.2765807 0.9567553 -0.09012508 -0.5096459 0.006122469 -0.8603625 0.5096499 -0.006101369 0.8603603 0.1674343 0.985535 -0.02620387 0.509004 -0.00583297 0.8607445 -0.01734185 -0.9980584 -0.05982214 0.03835612 0.9961934 0.07828015 0.3361693 -0.2556588 0.9064375 -0.1674321 -0.9855352 0.02621054 -0.3739763 0.2627449 -0.8894419 -0.5092652 0.00597608 -0.860589 -0.5092648 0.005977094 -0.8605891 -0.5089902 0.005874752 -0.8607524 -0.276574 -0.9567555 0.09014362 0.2765791 0.9567548 -0.09013539 -0.5096594 0.00608772 -0.8603547 0.509659 -0.006079912 0.860355 0.5093835 -0.00598067 0.860519 0.1674348 0.985535 -0.0261982 0.5089982 -0.005843162 0.8607478 -0.01761108 -0.9977753 -0.0643 0.0346437 0.9981476 0.05001407 0.3917465 0.03667855 0.9193418 -0.1674335 -0.9855353 0.02619874 0.979285 -0.0365529 -0.199161 0.979285 -0.03655248 -0.1991603 0.979285 -0.03655266 -0.1991605 -0.9788212 -0.2032821 -0.0241959 0.9757528 0.2071036 0.07081568 -0.09659111 0.9932889 -0.06361949 0.9392765 0.1639539 -0.301461 0.9402989 0.1644994 -0.2979564 -0.9494531 -0.1695458 0.2641838 -0.1666136 -0.9773378 -0.1305784 0.1330491 -0.9853463 0.1067267 0.01483923 0.9988645 -0.0452708 0.01359325 0.9988811 -0.04529768 0.01407247 0.998875 -0.04528588 0.1295397 -0.9690611 0.2100955 0.1295478 -0.9690616 0.2100885 0.1295391 -0.9690611 0.210096 -0.9254781 -0.1569735 0.3447459 -0.02960246 0.9994468 0.01516228 0.9392247 0.1638799 -0.3016627 0.9413146 0.1650463 -0.294426 0.9403052 0.1645029 -0.2979347 -0.9788346 -0.203215 -0.02421599 0.9757494 0.2071207 0.07081073 -0.09659337 0.9932886 -0.06361919 0.9392804 0.1639335 -0.3014602 -0.9494397 -0.1696133 0.2641887 -0.1020524 -0.9804146 -0.1684414 0.133051 -0.9853461 0.1067265 0.01515316 0.9988601 -0.04526555 0.01467388 0.9988669 -0.04527378 0.01385921 0.9988778 -0.04529058 -0.07169216 -0.9795305 0.1880968 -0.07169997 -0.9795305 0.1880936 -0.07170516 -0.9795306 0.1880915 -0.9782683 0.03766727 0.2038933 -0.978268 0.03766834 0.2038946 -0.9782679 0.0376684 0.2038947 0.03660416 0.9991182 -0.02056872 0 0 -1 -1.34e-6 0 1 -0.9508846 -0.3089292 0.01952648 0.4044926 -0.3089638 -0.8607714 2.1681e-6 0 1 0 0 1 -0.950883 -0.3089341 0.01952636 0.4044914 -0.308958 -0.8607739 0.8177983 -0.3089731 -0.4855324 0.8177979 -0.3089775 -0.4855301 -0.6309885 -0.2013568 -0.7492056 -0.6309818 -0.2013642 -0.7492093</float_array>
          <technique_common>
            <accessor source="#Mesh-mesh-normals-array" count="193" stride="3">
              <param name="X" type="float"/>
              <param name="Y" type="float"/>
              <param name="Z" type="float"/>
            </accessor>
          </technique_common>
        </source>
        <source id="Mesh-mesh-map">
          <float_array id="Mesh-mesh-map-array" count="996">0.1684858 0.9407755 0.07958501 0.9377512 0.07776498 0.9168365 0.07776498 0.9168365 0.07435685 0.8964943 0.1901839 0.8966719 0.07435685 0.8964943 0.0740078 0.8759198 0.1646939 0.8750294 0.1668485 0.8540061 0.07798159 0.8557252 0.0800234 0.8349485 0.1646939 0.8750294 0.0740078 0.8759198 0.07798159 0.8557252 0.6128314 0.8755692 0.5242347 0.8757917 0.5240254 0.8550307 0.4319483 0.8757719 0.4313213 0.8543636 0.5240254 0.8550307 0.3423395 0.8753976 0.3415119 0.8546709 0.4313213 0.8543636 0.04312515 0.5946549 0.04190981 0.6470493 0.02888822 0.6439313 0.2959262 0.8753824 0.1646939 0.8750294 0.1668485 0.8540061 0.5240254 0.8550307 0.5190282 0.8348711 0.6088994 0.8335526 0.4313213 0.8543636 0.4279326 0.8336577 0.5190282 0.8348711 0.3415119 0.8546709 0.3409872 0.8337094 0.4279326 0.8336577 0.2958977 0.8541808 0.2544642 0.832884 0.3409872 0.8337094 0.1668485 0.8540061 0.1680813 0.832884 0.2544642 0.832884 0.6089535 0.8964258 0.519437 0.8959797 0.5242347 0.8757917 0.519437 0.8959797 0.4289461 0.8965572 0.4319483 0.8757719 0.3419442 0.8961957 0.3423395 0.8753976 0.4319483 0.8757719 0.3419442 0.8961957 0.2140173 0.8967598 0.2959262 0.8753824 0.2140173 0.8967598 0.1901839 0.8966719 0.1646939 0.8750294 0.606518 0.9173466 0.5164837 0.9168713 0.519437 0.8959797 0.5164837 0.9168713 0.4264195 0.9171165 0.4289461 0.8965572 0.4264195 0.9171165 0.3411663 0.9172148 0.3419442 0.8961957 0.3411663 0.9172148 0.2149065 0.918192 0.2140173 0.8967598 0.8493584 0.7056617 0.8474362 0.677541 0.8675438 0.6737957 0.5194678 0.9377663 0.5164837 0.9168713 0.606518 0.9173466 0.4279381 0.9379144 0.4264195 0.9171165 0.5164837 0.9168713 0.4279381 0.9379144 0.3408815 0.9383078 0.3411663 0.9172148 0.2544782 0.9388965 0.2149065 0.918192 0.3411663 0.9172148 0.1684858 0.9407755 0.1924632 0.9177338 0.2149065 0.918192 0.8336026 0.6108571 0.839215 0.570086 0.8488615 0.5718265 0.8599888 0.6076906 0.8522816 0.607959 0.8611514 0.5635985 0.8252052 0.602142 0.829582 0.5586154 0.839215 0.570086 0.8675438 0.6737957 0.8474362 0.677541 0.8522816 0.607959 0.8135669 0.6747056 0.8336026 0.6108571 0.8408972 0.613185 0.8474362 0.677541 0.8330643 0.681753 0.8408972 0.613185 0.8522816 0.607959 0.8408972 0.613185 0.8488615 0.5718265 0.7881864 0.6894428 0.8021696 0.6643027 0.8135669 0.6747056 0.8493584 0.7056617 0.8259226 0.7110759 0.8330643 0.681753 0.8259226 0.7110759 0.80549 0.7050197 0.8135669 0.6747056 0.8021696 0.6643027 0.8252052 0.602142 0.8336026 0.6108571 0.03912723 0.694444 0.03569126 0.7492863 0.02220237 0.7479931 0.09416025 0.6961865 0.09131234 0.7518216 0.07037675 0.7508159 0.03912723 0.694444 0.05985391 0.6955455 0.05681514 0.750553 0.04190981 0.6470493 0.03912723 0.694444 0.02592509 0.6923859 0.06262767 0.6489074 0.07574605 0.6468107 0.07325333 0.6950647 0.04190981 0.6470493 0.06262767 0.6489074 0.05985391 0.6955455 0.05985391 0.6955455 0.07325333 0.6950647 0.07037675 0.7508159 0.1091635 0.5974177 0.09658539 0.6478907 0.07574605 0.6468107 0.04312515 0.5946549 0.06904476 0.5567339 0.06262767 0.6489074 0.06904476 0.5567339 0.09012609 0.5556175 0.07574605 0.6468107 0.09658539 0.6478907 0.09416025 0.6961865 0.07325333 0.6950647 0.1924632 0.9177338 0.1684858 0.9407755 0.07776498 0.9168365 0.1924632 0.9177338 0.07776498 0.9168365 0.1901839 0.8966719 0.1901839 0.8966719 0.07435685 0.8964943 0.1646939 0.8750294 0.1680813 0.832884 0.1668485 0.8540061 0.0800234 0.8349485 0.1668485 0.8540061 0.1646939 0.8750294 0.07798159 0.8557252 0.6128218 0.8543792 0.6128314 0.8755692 0.5240254 0.8550307 0.5242347 0.8757917 0.4319483 0.8757719 0.5240254 0.8550307 0.4319483 0.8757719 0.3423395 0.8753976 0.4313213 0.8543636 0.02220237 0.5921772 0.04312515 0.5946549 0.02888822 0.6439313 0.2958977 0.8541808 0.2959262 0.8753824 0.1668485 0.8540061 0.6128218 0.8543792 0.5240254 0.8550307 0.6088994 0.8335526 0.5240254 0.8550307 0.4313213 0.8543636 0.5190282 0.8348711 0.4313213 0.8543636 0.3415119 0.8546709 0.4279326 0.8336577 0.3415119 0.8546709 0.2958977 0.8541808 0.3409872 0.8337094 0.2958977 0.8541808 0.1668485 0.8540061 0.2544642 0.832884 0.6128314 0.8755692 0.6089535 0.8964258 0.5242347 0.8757917 0.5242347 0.8757917 0.519437 0.8959797 0.4319483 0.8757719 0.4289461 0.8965572 0.3419442 0.8961957 0.4319483 0.8757719 0.3423395 0.8753976 0.3419442 0.8961957 0.2959262 0.8753824 0.2959262 0.8753824 0.2140173 0.8967598 0.1646939 0.8750294 0.6089535 0.8964258 0.606518 0.9173466 0.519437 0.8959797 0.519437 0.8959797 0.5164837 0.9168713 0.4289461 0.8965572 0.4289461 0.8965572 0.4264195 0.9171165 0.3419442 0.8961957 0.3419442 0.8961957 0.3411663 0.9172148 0.2140173 0.8967598 0.8705106 0.7028608 0.8493584 0.7056617 0.8675438 0.6737957 0.6088641 0.9382736 0.5194678 0.9377663 0.606518 0.9173466 0.5194678 0.9377663 0.4279381 0.9379144 0.5164837 0.9168713 0.4264195 0.9171165 0.4279381 0.9379144 0.3411663 0.9172148 0.3408815 0.9383078 0.2544782 0.9388965 0.3411663 0.9172148 0.2544782 0.9388965 0.1684858 0.9407755 0.2149065 0.918192 0.8408972 0.613185 0.8336026 0.6108571 0.8488615 0.5718265 0.8705106 0.5655182 0.8599888 0.6076906 0.8611514 0.5635985 0.8336026 0.6108571 0.8252052 0.602142 0.839215 0.570086 0.8599888 0.6076906 0.8675438 0.6737957 0.8522816 0.607959 0.8330643 0.681753 0.8135669 0.6747056 0.8408972 0.613185 0.8522816 0.607959 0.8474362 0.677541 0.8408972 0.613185 0.8611514 0.5635985 0.8522816 0.607959 0.8488615 0.5718265 0.80549 0.7050197 0.7881864 0.6894428 0.8135669 0.6747056 0.8474362 0.677541 0.8493584 0.7056617 0.8330643 0.681753 0.8330643 0.681753 0.8259226 0.7110759 0.8135669 0.6747056 0.8135669 0.6747056 0.8021696 0.6643027 0.8336026 0.6108571 0.02592509 0.6923859 0.03912723 0.694444 0.02220237 0.7479931 0.07325333 0.6950647 0.09416025 0.6961865 0.07037675 0.7508159 0.03569126 0.7492863 0.03912723 0.694444 0.05681514 0.750553 0.02888822 0.6439313 0.04190981 0.6470493 0.02592509 0.6923859 0.05985391 0.6955455 0.06262767 0.6489074 0.07325333 0.6950647 0.03912723 0.694444 0.04190981 0.6470493 0.05985391 0.6955455 0.05681514 0.750553 0.05985391 0.6955455 0.07037675 0.7508159 0.09012609 0.5556175 0.1091635 0.5974177 0.07574605 0.6468107 0.04190981 0.6470493 0.04312515 0.5946549 0.06262767 0.6489074 0.06262767 0.6489074 0.06904476 0.5567339 0.07574605 0.6468107 0.07574605 0.6468107 0.09658539 0.6478907 0.07325333 0.6950647 0.7331423 0.9538678 0.6952877 0.9520902 0.6975253 0.9437205 0.6647621 0.951839 0.6292632 0.9513697 0.6296986 0.9426263 0.6657245 0.9432832 0.6296986 0.9426263 0.6300368 0.9291169 0.6647621 0.951839 0.6646433 0.9652249 0.6290667 0.9650276 0.6952877 0.9520902 0.6647621 0.951839 0.6657245 0.9432832 0.6946281 0.9655271 0.6966784 0.9738349 0.6653573 0.9738565 0.6952877 0.9520902 0.6946281 0.9655271 0.6646433 0.9652249 0.6646433 0.9652249 0.6653573 0.9738565 0.6292992 0.9737753 0.7349101 0.9448297 0.6975253 0.9437205 0.6969044 0.9301459 0.7331423 0.9538678 0.7501788 0.9647154 0.6946281 0.9655271 0.7501788 0.9647154 0.7518205 0.9738565 0.6966784 0.9738349 0.6975253 0.9437205 0.6657245 0.9432832 0.6659894 0.9298554 0.7349101 0.9448297 0.7331423 0.9538678 0.6975253 0.9437205 0.6657245 0.9432832 0.6647621 0.951839 0.6296986 0.9426263 0.6659894 0.9298554 0.6657245 0.9432832 0.6300368 0.9291169 0.6292632 0.9513697 0.6647621 0.951839 0.6290667 0.9650276 0.6975253 0.9437205 0.6952877 0.9520902 0.6657245 0.9432832 0.6646433 0.9652249 0.6946281 0.9655271 0.6653573 0.9738565 0.6647621 0.951839 0.6952877 0.9520902 0.6646433 0.9652249 0.6290667 0.9650276 0.6646433 0.9652249 0.6292992 0.9737753 0.7521429 0.9343059 0.7349101 0.9448297 0.6969044 0.9301459 0.6952877 0.9520902 0.7331423 0.9538678 0.6946281 0.9655271 0.6946281 0.9655271 0.7501788 0.9647154 0.6966784 0.9738349 0.6969044 0.9301459 0.6975253 0.9437205 0.6659894 0.9298554 0.7909092 0.9870781 0.7882301 0.9764841 0.8353413 0.9688491 0.8904072 0.9300116 0.9303706 0.9190655 0.9326572 0.9287458 0.9038789 0.9535375 0.9006424 0.9464651 0.945195 0.9368423 0.8950212 0.9187614 0.9371224 0.9055955 0.9303706 0.9190655 0.8428747 0.9870781 0.8353413 0.9688491 0.9006424 0.9464651 0.8241588 0.9377744 0.8904072 0.9300116 0.891322 0.9377788 0.8353413 0.9688491 0.8266572 0.9573044 0.891322 0.9377788 0.9006424 0.9464651 0.891322 0.9377788 0.9326572 0.9287458 0.7932124 0.9496225 0.7789352 0.9418245 0.8268851 0.9228634 0.7944555 0.9609568 0.8266572 0.9573044 0.8353413 0.9688491 0.7932124 0.9496225 0.8241588 0.9377744 0.8266572 0.9573044 0.8268851 0.9228634 0.8950212 0.9187614 0.8904072 0.9300116 0.8428747 0.9870781 0.7909092 0.9870781 0.8353413 0.9688491 0.891322 0.9377788 0.8904072 0.9300116 0.9326572 0.9287458 0.9471493 0.9462811 0.9038789 0.9535375 0.945195 0.9368423 0.8904072 0.9300116 0.8950212 0.9187614 0.9303706 0.9190655 0.9038789 0.9535375 0.8428747 0.9870781 0.9006424 0.9464651 0.8266572 0.9573044 0.8241588 0.9377744 0.891322 0.9377788 0.9006424 0.9464651 0.8353413 0.9688491 0.891322 0.9377788 0.945195 0.9368423 0.9006424 0.9464651 0.9326572 0.9287458 0.8241588 0.9377744 0.7932124 0.9496225 0.8268851 0.9228634 0.7882301 0.9764841 0.7944555 0.9609568 0.8353413 0.9688491 0.7944555 0.9609568 0.7932124 0.9496225 0.8266572 0.9573044 0.8241588 0.9377744 0.8268851 0.9228634 0.8904072 0.9300116 0.5448841 0.969991 0.524872 0.976493 0.5248725 0.9424468 0.3339868 0.975478 0.3274847 0.9554663 0.3615307 0.9554659 0.4221133 0.9446821 0.4226857 0.9542081 0.4076158 0.9542081 0.3854197 0.943513 0.3861937 0.9569231 0.3652626 0.9569231 0.5248725 0.9424468 0.5448841 0.9489491 0.5448841 0.969991 0.524872 0.976493 0.5125044 0.9594697 0.5248725 0.9424468 0.3615307 0.9554659 0.3550287 0.975478 0.3339868 0.975478 0.3274847 0.9554663 0.3445081 0.9430983 0.3615307 0.9554659 0.4070432 0.9446821 0.4221133 0.9446821 0.4076158 0.9542081 0.3644887 0.943513 0.3854197 0.943513 0.3652626 0.9569231 0.4390564 0.9425453 0.439556 0.9512016 0.4260447 0.9512016 0.4255452 0.9425453 0.4390564 0.9425453 0.4260447 0.9512016 0.4036111 0.9450069 0.4041836 0.9545331 0.3891139 0.9545331 0.3885412 0.9450069 0.4036111 0.9450069 0.3891139 0.9545331</float_array>
          <technique_common>
            <accessor source="#Mesh-mesh-map-array" count="498" stride="2">
              <param name="S" type="float"/>
              <param name="T" type="float"/>
            </accessor>
          </technique_common>
        </source>
        <vertices id="Mesh-mesh-vertices">
          <input semantic="POSITION" source="#Mesh-mesh-positions"/>
        </vertices>
        <triangles material="Bark7-material" count="152">
          <input semantic="VERTEX" source="#Mesh-mesh-vertices" offset="0"/>
          <input semantic="NORMAL" source="#Mesh-mesh-normals" offset="1"/>
          <input semantic="TEXCOORD" source="#Mesh-mesh-map" offset="2" set="0"/>
          <p>14 0 0 1 0 1 3 0 2 3 1 3 5 1 4 20 1 5 5 2 6 7 2 7 25 2 8 30 3 9 9 3 10 1 3 11 25 4 12 7 4 13 9 4 14 6 5 15 29 5 16 34 5 17 28 6 18 33 6 19 34 6 20 27 7 21 32 7 22 33 7 23 31 8 24 56 8 25 58 8 26 26 9 27 25 9 28 30 9 29 34 10 30 10 10 31 0 10 32 33 11 33 11 11 34 10 11 35 32 12 36 12 12 37 11 12 38 31 13 39 13 13 40 12 13 41 30 14 42 14 14 43 13 14 44 4 15 45 24 15 46 29 15 47 24 16 48 23 16 49 28 16 50 22 17 51 27 17 52 28 17 53 22 18 54 21 18 55 26 18 56 21 19 57 20 19 58 25 19 59 2 20 60 19 20 61 24 20 62 19 21 63 18 21 64 23 21 65 18 22 66 17 22 67 22 22 68 17 23 69 16 23 70 21 23 71 20 24 72 44 24 73 46 24 74 10 25 75 19 25 76 2 25 77 11 26 78 18 26 79 19 26 80 11 27 81 12 27 82 17 27 83 13 28 84 16 28 85 17 28 86 14 29 87 15 29 88 16 29 89 40 30 90 37 30 91 35 30 92 39 31 93 41 31 94 36 31 95 39 32 96 38 32 97 37 32 98 46 33 99 44 33 100 41 33 101 45 34 102 40 35 103 42 35 104 44 36 105 43 36 106 42 36 107 41 37 108 42 37 109 35 37 110 15 38 111 46 38 112 45 38 113 20 39 114 21 39 115 43 39 116 21 40 117 16 40 118 45 41 119 46 42 120 39 42 121 40 42 122 53 43 123 48 43 124 50 43 125 51 44 126 50 44 127 49 44 128 53 45 129 54 45 130 47 45 131 56 46 132 53 46 133 51 46 134 55 47 135 57 47 136 52 47 137 56 48 138 55 48 139 54 48 140 54 49 141 52 50 142 49 49 143 26 51 144 58 51 145 57 51 146 31 52 147 32 52 148 55 52 149 32 53 150 27 53 151 57 53 152 58 54 153 51 54 154 52 54 155 15 55 156 14 55 157 3 55 158 15 56 159 3 56 160 20 56 161 20 57 162 5 57 163 25 57 164 14 58 165 30 58 166 1 58 167 30 59 168 25 59 169 9 59 170 8 60 171 6 60 172 34 60 173 29 61 174 28 61 175 34 61 176 28 62 177 27 62 178 33 62 179 26 63 180 31 63 181 58 63 182 31 64 183 26 64 184 30 64 185 8 65 186 34 65 187 0 65 188 34 66 189 33 66 190 10 66 191 33 67 192 32 67 193 11 67 194 32 68 195 31 68 196 12 68 197 31 69 198 30 69 199 13 69 200 6 70 201 4 70 202 29 70 203 29 71 204 24 71 205 28 71 206 23 72 207 22 72 208 28 72 209 27 73 210 22 74 211 26 75 212 26 76 213 21 76 214 25 76 215 4 77 216 2 77 217 24 77 218 24 78 219 19 78 220 23 78 221 23 79 222 18 79 223 22 79 224 22 80 225 17 80 226 21 80 227 15 81 228 20 81 229 46 81 230 0 82 231 10 82 232 2 82 233 10 83 234 11 83 235 19 83 236 18 84 237 11 84 238 17 84 239 12 85 240 13 85 241 17 85 242 13 86 243 14 86 244 16 86 245 42 87 246 40 87 247 35 87 248 38 88 249 39 88 250 36 88 251 40 89 252 39 89 253 37 89 254 39 90 255 46 90 256 41 90 257 43 91 258 45 92 259 42 91 260 41 93 261 44 93 262 42 93 263 36 94 264 41 94 265 35 94 266 16 95 267 15 95 268 45 95 269 44 96 270 20 96 271 43 96 272 43 97 273 21 98 274 45 99 275 45 100 276 46 100 277 40 100 278 51 101 279 53 101 280 50 101 281 52 102 282 51 102 283 49 102 284 48 103 285 53 103 286 47 103 287 58 104 288 56 104 289 51 105 290 54 106 291 55 107 292 52 108 293 53 109 294 56 109 295 54 109 296 47 110 297 54 110 298 49 110 299 27 73 300 26 75 301 57 111 302 56 112 303 31 112 304 55 112 305 55 113 306 32 113 307 57 113 308 57 114 309 58 114 310 52 114 311 61 115 312 72 115 313 74 115 314 69 116 315 64 116 316 66 116 317 67 117 318 66 117 319 65 117 320 69 118 321 70 118 322 63 118 323 72 119 324 69 119 325 67 119 326 71 120 327 73 120 328 68 120 329 72 121 330 71 121 331 70 121 332 70 122 333 68 122 334 65 122 335 59 123 336 74 123 337 73 123 338 61 124 339 62 124 340 71 124 341 62 125 342 60 125 343 73 125 344 74 126 345 67 126 346 68 126 347 59 127 348 61 127 349 74 127 350 67 128 351 69 129 352 66 130 353 68 131 354 67 131 355 65 131 356 64 132 357 69 132 358 63 132 359 74 133 360 72 133 361 67 133 362 70 134 363 71 134 364 68 135 365 69 136 366 72 136 367 70 136 368 63 137 369 70 137 370 65 137 371 60 138 372 59 138 373 73 138 374 72 139 375 61 139 376 71 139 377 71 140 378 62 140 379 73 140 380 73 141 381 74 141 382 68 141 383 75 142 384 77 143 385 88 144 386 84 145 387 81 145 388 79 145 389 83 146 390 85 146 391 80 146 392 83 147 393 82 147 394 81 147 395 90 148 396 88 149 397 85 148 398 89 150 399 84 150 400 86 150 401 88 151 402 87 151 403 86 151 404 85 152 405 86 152 406 79 152 407 76 153 408 75 154 409 90 155 410 78 156 411 87 157 412 88 158 413 76 159 414 89 159 415 87 159 416 90 160 417 83 160 418 84 160 419 90 161 420 75 162 421 88 163 422 86 164 423 84 164 424 79 164 425 82 165 426 83 165 427 80 165 428 84 166 429 83 166 430 81 166 431 83 167 432 90 167 433 85 167 434 87 168 435 89 168 436 86 168 437 85 169 438 88 169 439 86 169 440 80 170 441 85 170 442 79 170 443 89 171 444 76 172 445 90 173 446 77 174 447 78 175 448 88 176 449 78 177 450 76 178 451 87 179 452 89 180 453 90 180 454 84 180 455</p>
        </triangles>
        <triangles material="Bark_End-material" count="14">
          <input semantic="VERTEX" source="#Mesh-mesh-vertices" offset="0"/>
          <input semantic="NORMAL" source="#Mesh-mesh-normals" offset="1"/>
          <input semantic="TEXCOORD" source="#Mesh-mesh-map" offset="2" set="0"/>
          <p>3 181 456 1 181 457 7 181 458 0 182 459 2 182 460 6 182 461 38 183 462 36 183 463 35 183 464 50 184 465 48 184 466 47 184 467 7 181 468 5 181 469 3 181 470 1 181 471 9 181 472 7 181 473 6 185 474 8 185 475 0 185 476 2 186 477 4 186 478 6 186 479 37 187 480 38 187 481 35 187 482 49 188 483 50 188 484 47 188 485 66 189 486 64 189 487 63 189 488 65 190 489 66 190 490 63 190 491 82 191 492 80 191 493 79 191 494 81 192 495 82 192 496 79 192 497</p>
        </triangles>
      </mesh>
    </geometry>
    <geometry id="Mesh_001-mesh" name="Mesh.001">
      <mesh>
        <source id="Mesh_001-mesh-positions">
          <float_array id="Mesh_001-mesh-positions-array" count="126">-7.030762 100.387 184.2784 -7.031006 100.3868 -190.3217 -50.68921 75.18077 184.2784 -50.68945 75.18058 -190.3217 -50.68921 24.76835 184.2784 -50.68945 24.76817 -190.3217 -7.030762 -0.437851 184.2784 -7.031006 -0.4380417 -190.3217 36.62744 24.76836 184.2784 36.62744 24.76818 -190.3217 36.62744 75.18077 184.2784 36.62744 75.18058 -190.3217 7.031006 91.82347 -3.021667 -36.62768 66.61724 -3.021606 -36.62768 16.20483 -3.021606 7.031006 -9.001366 -3.021606 50.68945 16.20484 -3.021606 50.68945 66.61724 -3.021667 -7.030762 100.387 284.7142 -50.68921 75.18081 284.7142 -50.68921 24.76841 284.7142 -7.030762 -0.4378052 284.7142 36.62744 24.76841 284.7142 36.62744 75.18081 284.7142 -1.132568 100.3871 317.1929 -44.79101 75.18083 317.1929 -44.79101 24.76842 317.1929 -1.132568 -0.4377823 317.1929 42.52588 24.76842 317.1929 42.52588 75.18083 317.1929 26.11426 35.92498 -190.3218 21.20776 63.06408 -190.3217 29.521 30.9871 317.1929 -3.575195 16.03792 317.1929 -29.76587 30.6527 317.1929 -32.07056 59.69623 317.1929 -2.191162 83.25656 317.1929 26.10303 66.68139 317.1929 -6.876465 82.38595 -190.3217 -32.91064 69.32873 -190.3217 -34.35376 34.66949 -190.3217 -6.628174 19.68448 -190.3217</float_array>
          <technique_common>
            <accessor source="#Mesh_001-mesh-positions-array" count="42" stride="3">
              <param name="X" type="float"/>
              <param name="Y" type="float"/>
              <param name="Z" type="float"/>
            </accessor>
          </technique_common>
        </source>
        <source id="Mesh_001-mesh-normals">
          <float_array id="Mesh_001-mesh-normals-array" count="249">-0.4985193 0.8634608 0.07690423 -0.9971936 0 0.07486546 -0.499998 -0.8660265 -4.30973e-5 -0.4999989 -0.8660237 -0.002056479 0.4985194 -0.8634606 -0.07690477 0.499999 0.8660236 0.002055764 0.5000001 0.8660253 4.23858e-5 0.9971936 0 -0.07486677 0.500002 -0.8660244 4.09859e-7 0.9971936 0 0.07486677 0.4999992 0.8660236 -0.002056717 0.5000001 0.8660253 4.59678e-6 0.5000004 0.8660253 4.5968e-6 0.4985191 -0.8634606 0.07690572 -0.499998 -0.8660266 -3.78792e-6 -0.4999976 -0.8660268 -3.78784e-6 -0.4999995 -0.8660252 0.001002907 -0.9971938 0 -0.0748642 -0.4985175 0.8634617 -0.07690507 0.497953 0.8624762 -0.09043163 -0.5000001 0.8660253 -2.89311e-7 -1 0 0 1 0 0 -0.4999998 -0.8660251 9.59177e-4 -0.5 -0.8660254 4.09857e-7 0.5000022 0.8660241 -3.35568e-4 0.5000019 0.8660244 0 -0.4979511 0.8624776 0.09042829 0.9839061 0 -0.1786866 0.4979508 -0.8624774 -0.0904324 -0.497951 -0.8624775 0.09042948 -0.9839074 0 0.1786795 -0.4985173 0.8634617 0.07690477 -0.9971936 0 0.07486546 -0.4999976 -0.8660268 5.32228e-6 -0.499998 -0.8660266 -9.05545e-5 -0.4999966 -0.8660249 -0.002056002 0.4985192 -0.8634608 -0.07690483 0.5000001 0.8660254 4.25147e-5 0.4999992 0.8660235 0.002055883 0.5000003 0.8660253 4.25146e-5 0.9971936 0 -0.07486671 0.5000023 -0.8660242 4.09859e-7 0.9971936 0 0.07486671 0.500002 0.8660243 -1.39693e-4 0.5000013 0.8660222 -0.002057194 0.5000002 0.8660254 4.12117e-6 0.4985213 -0.8634595 0.07690513 -0.4999995 -0.8660252 0.001003324 -0.4999978 -0.8660267 -3.3436e-6 -0.4999994 -0.8660252 0.001099228 -0.9971938 0 -0.0748642 -0.4985195 0.8634605 -0.07690453 0.4979521 0.8624764 -0.09043371 -0.4999997 0.8660256 0 -0.4999995 -0.8660252 9.11335e-4 -0.4999995 -0.8660253 9.59274e-4 -0.4999998 -0.8660255 5.06294e-7 0.4999957 0.8660257 -0.002013683 0.5000023 0.8660242 -2.89312e-7 -0.4979525 0.8624769 0.09042668 0.9839061 0 -0.1786866 0.4979536 -0.8624761 -0.0904287 -0.4979514 -0.8624773 0.09042924 -0.9839074 0 0.1786796 0 0 -1 5.34848e-7 0 1 0 0 1 1.94441e-6 0 1 -8.65831e-7 0 -1 5.61416e-7 0 -1 -9.93883e-7 0 -1 -4.53847e-6 2.63193e-6 -1 -2.6866e-6 0 1 8.40505e-7 0 1 -2.97911e-6 0 1 -1.24398e-6 0 1 -1.04093e-6 0 -1 -2.04334e-6 2.95384e-6 -1 1.10555e-5 0 -1 6.24406e-7 0 -1 1.17254e-6 0 -1 1.82181e-6 -7.38783e-6 -1</float_array>
          <technique_common>
            <accessor source="#Mesh_001-mesh-normals-array" count="83" stride="3">
              <param name="X" type="float"/>
              <param name="Y" type="float"/>
              <param name="Z" type="float"/>
            </accessor>
          </technique_common>
        </source>
        <source id="Mesh_001-mesh-map">
          <float_array id="Mesh_001-mesh-map-array" count="480">0.9394145 0.2795349 0.9427039 0.3703705 0.5931621 0.3712689 0.5931621 0.3712689 0.9427039 0.3703705 0.9388119 0.4612337 0.5928007 0.4650499 0.9388119 0.4612337 0.9325619 0.5525996 0.5922928 0 0.9361467 0.003518879 0.9314317 0.09576267 0.9334608 0.1883662 0.9394145 0.2795349 0.5926598 0.2776167 0.9314317 0.09576267 0.9334608 0.1883662 0.5921738 0.1846964 0.2499503 0.09502619 0.06238257 0.09281581 0.06703358 4.09848e-4 0.2499503 0.09502619 0.5921188 0.09230148 0.5921738 0.1846964 0.248986 0.187105 0.5921738 0.1846964 0.5926598 0.2776167 0.5922928 0 0.5921188 0.09230148 0.2499503 0.09502619 0.5928007 0.4650499 0.5922057 0.5585215 0.2509216 0.5529068 0.5931621 0.3712689 0.5928007 0.4650499 0.2488932 0.4608831 0.2472398 0.2779374 0.5926598 0.2776167 0.5931621 0.3712689 0.06142944 0.1862158 0.06386917 0.2797111 0.00441128 0.2750502 0.2472398 0.2779374 0.2467545 0.3696531 0.06697571 0.3705912 0.2467545 0.3696531 0.2488932 0.4608831 0.06750524 0.4618931 0.248986 0.187105 0.06142944 0.1862158 0.06238257 0.09281581 0.2509216 0.5529068 0.06309425 0.5523365 0.06750524 0.4618931 0.2472398 0.2779374 0.06386917 0.2797111 0.06142944 0.1862158 0.06386917 0.2797111 0.06697571 0.3705912 0.007803142 0.3685097 0.06142944 0.1862158 0 0.1843039 0.001687884 0.09445255 0.06238257 0.09281581 0.001687884 0.09445255 0.008123934 0.004722893 0.06309425 0.5523365 0.002511382 0.5571518 0.007111549 0.4640052 0.06697571 0.3705912 0.06750524 0.4618931 0.007111549 0.4640052 0.5926598 0.2776167 0.9394145 0.2795349 0.5931621 0.3712689 0.5928007 0.4650499 0.5931621 0.3712689 0.9388119 0.4612337 0.5922057 0.5585215 0.5928007 0.4650499 0.9325619 0.5525996 0.5921188 0.09230148 0.5922928 0 0.9314317 0.09576267 0.5921738 0.1846964 0.9334608 0.1883662 0.5926598 0.2776167 0.5921188 0.09230148 0.9314317 0.09576267 0.5921738 0.1846964 0.2489129 0.002050042 0.2499503 0.09502619 0.06703358 4.09848e-4 0.248986 0.187105 0.2499503 0.09502619 0.5921738 0.1846964 0.2472398 0.2779374 0.248986 0.187105 0.5926598 0.2776167 0.2489129 0.002050042 0.5922928 0 0.2499503 0.09502619 0.2488932 0.4608831 0.5928007 0.4650499 0.2509216 0.5529068 0.2467545 0.3696531 0.5931621 0.3712689 0.2488932 0.4608831 0.2467545 0.3696531 0.2472398 0.2779374 0.5931621 0.3712689 0 0.1843039 0.06142944 0.1862158 0.00441128 0.2750502 0.06386917 0.2797111 0.2472398 0.2779374 0.06697571 0.3705912 0.06697571 0.3705912 0.2467545 0.3696531 0.06750524 0.4618931 0.2499503 0.09502619 0.248986 0.187105 0.06238257 0.09281581 0.2488932 0.4608831 0.2509216 0.5529068 0.06750524 0.4618931 0.248986 0.187105 0.2472398 0.2779374 0.06142944 0.1862158 0.00441128 0.2750502 0.06386917 0.2797111 0.007803142 0.3685097 0.06238257 0.09281581 0.06142944 0.1862158 0.001687884 0.09445255 0.06703358 4.09848e-4 0.06238257 0.09281581 0.008123934 0.004722893 0.06750524 0.4618931 0.06309425 0.5523365 0.007111549 0.4640052 0.007803142 0.3685097 0.06697571 0.3705912 0.007111549 0.4640052 0.1428608 0.6310688 0.2267284 0.5877586 0.2229545 0.6905582 0.3593018 0.693696 0.358605 0.5862022 0.4444702 0.6505475 0.4142214 0.6944991 0.3403418 0.7175892 0.3593018 0.693696 0.4326626 0.5576848 0.4186556 0.5858222 0.358605 0.5862022 0.1697092 0.6874282 0.1073113 0.6361662 0.1428608 0.6310688 0.2457927 0.5562139 0.2569792 0.6369114 0.2267284 0.5877586 0.2229545 0.6905582 0.1697092 0.6874282 0.1428608 0.6310688 0.2267284 0.5877586 0.2569792 0.6369114 0.2229545 0.6905582 0.1428608 0.6310688 0.1599296 0.5835347 0.2267284 0.5877586 0.4444702 0.6505475 0.4142214 0.6944991 0.3593018 0.693696 0.358605 0.5862022 0.4186556 0.5858222 0.4444702 0.6505475 0.3593018 0.693696 0.3205006 0.6396824 0.358605 0.5862022 0.4326627 0.7175892 0.4444702 0.6505475 0.4788232 0.637637 0.3403418 0.7175892 0.3205006 0.6396824 0.3593018 0.693696 0.4142214 0.6944991 0.4444702 0.6505475 0.4326627 0.7175892 0.3403418 0.7175892 0.2941812 0.637637 0.3205006 0.6396824 0.3403418 0.7175892 0.4142214 0.6944991 0.4326627 0.7175892 0.3205006 0.6396824 0.2941812 0.637637 0.3403416 0.5576848 0.4186556 0.5858222 0.4788232 0.637637 0.4444702 0.6505475 0.358605 0.5862022 0.3205006 0.6396824 0.3403416 0.5576848 0.4326626 0.5576848 0.4788232 0.637637 0.4186556 0.5858222 0.358605 0.5862022 0.3403416 0.5576848 0.4326626 0.5576848 0.1534719 0.7161183 0.2229545 0.6905582 0.2457929 0.7161183 0.1073113 0.6361662 0.1599296 0.5835347 0.1428608 0.6310688 0.1697092 0.6874282 0.2229545 0.6905582 0.1534719 0.7161183 0.1073113 0.6361662 0.1534717 0.5562139 0.1599296 0.5835347 0.1073113 0.6361662 0.1697092 0.6874282 0.1534719 0.7161183 0.2267284 0.5877586 0.1534717 0.5562139 0.2457927 0.5562139 0.2569792 0.6369114 0.2457929 0.7161183 0.2229545 0.6905582 0.2267284 0.5877586 0.1599296 0.5835347 0.1534717 0.5562139 0.2919533 0.6361661 0.2457929 0.7161183 0.2569792 0.6369114 0.2569792 0.6369114 0.2457927 0.5562139 0.2919533 0.6361661</float_array>
          <technique_common>
            <accessor source="#Mesh_001-mesh-map-array" count="240" stride="2">
              <param name="S" type="float"/>
              <param name="T" type="float"/>
            </accessor>
          </technique_common>
        </source>
        <vertices id="Mesh_001-mesh-vertices">
          <input semantic="POSITION" source="#Mesh_001-mesh-positions"/>
        </vertices>
        <triangles material="Bark7-material" count="48">
          <input semantic="VERTEX" source="#Mesh_001-mesh-vertices" offset="0"/>
          <input semantic="NORMAL" source="#Mesh_001-mesh-normals" offset="1"/>
          <input semantic="TEXCOORD" source="#Mesh_001-mesh-map" offset="2" set="0"/>
          <p>1 0 0 3 0 1 13 0 2 13 1 3 3 1 4 5 1 5 14 2 6 5 3 7 7 3 8 15 4 9 7 4 10 9 4 11 11 5 12 1 5 13 12 6 14 9 7 15 11 7 16 17 7 17 8 8 18 22 8 19 21 8 20 8 9 21 16 9 22 17 9 23 10 10 24 17 11 25 12 12 26 15 13 27 16 13 28 8 13 29 14 14 30 15 15 31 6 16 32 13 17 33 14 17 34 4 17 35 0 18 36 12 18 37 13 18 38 23 19 39 18 19 40 24 19 41 0 20 42 2 20 43 19 20 44 2 21 45 4 21 46 20 21 47 10 22 48 23 22 49 22 22 50 6 23 51 21 24 52 20 24 53 0 25 54 18 26 55 23 26 56 18 27 57 19 27 58 25 27 59 23 28 60 29 28 61 28 28 62 22 29 63 28 29 64 27 29 65 21 30 66 27 30 67 26 30 68 19 31 69 20 31 70 26 31 71 12 32 72 1 32 73 13 32 74 14 33 75 13 33 76 5 33 77 15 34 78 14 35 79 7 36 80 16 37 81 15 37 82 9 37 83 17 38 84 11 39 85 12 40 86 16 41 87 9 41 88 17 41 89 6 42 90 8 42 91 21 42 92 10 43 93 8 43 94 17 43 95 0 44 96 10 45 97 12 46 98 6 47 99 15 47 100 8 47 101 4 48 102 14 49 103 6 50 104 2 51 105 13 51 106 4 51 107 2 52 108 0 52 109 13 52 110 29 53 111 23 53 112 24 53 113 18 54 114 0 54 115 19 54 116 19 21 117 2 21 118 20 21 119 8 22 120 10 22 121 22 22 122 4 55 123 6 56 124 20 57 125 10 58 126 0 59 127 23 59 128 24 60 129 18 60 130 25 60 131 22 61 132 23 61 133 28 61 134 21 62 135 22 62 136 27 62 137 20 63 138 21 63 139 26 63 140 25 64 141 19 64 142 26 64 143</p>
        </triangles>
        <triangles material="Bark_End-material" count="32">
          <input semantic="VERTEX" source="#Mesh_001-mesh-vertices" offset="0"/>
          <input semantic="NORMAL" source="#Mesh_001-mesh-normals" offset="1"/>
          <input semantic="TEXCOORD" source="#Mesh_001-mesh-map" offset="2" set="0"/>
          <p>31 65 144 41 65 145 39 65 146 33 66 147 37 66 148 35 66 149 34 67 150 27 67 151 33 67 152 24 68 153 36 68 154 37 68 155 38 65 156 11 65 157 31 65 158 7 69 159 40 69 160 41 69 161 39 70 162 38 70 163 31 70 164 41 71 165 40 71 166 39 71 167 31 72 168 30 72 169 41 72 170 35 73 171 34 73 172 33 73 173 37 74 174 36 74 175 35 74 176 33 67 177 32 67 178 37 67 179 26 67 180 35 67 181 25 67 182 27 67 183 32 67 184 33 67 185 34 67 186 35 67 187 26 67 188 27 67 189 28 67 190 32 67 191 27 67 192 34 67 193 26 67 194 32 75 195 28 75 196 29 75 197 36 67 198 25 67 199 35 67 200 37 67 201 32 67 202 29 67 203 24 67 204 25 67 205 36 67 206 37 76 207 29 76 208 24 76 209 1 77 210 39 77 211 3 77 212 11 78 213 30 78 214 31 78 215 38 65 216 39 65 217 1 65 218 11 79 219 9 79 220 30 79 221 11 80 222 38 80 223 1 80 224 41 65 225 9 65 226 7 65 227 40 81 228 3 81 229 39 81 230 41 82 231 30 82 232 9 82 233 5 65 234 3 65 235 40 65 236 40 65 237 7 65 238 5 65 239</p>
        </triangles>
      </mesh>
    </geometry>
    <geometry id="Mesh_002-mesh" name="Mesh.002">
      <mesh>
        <source id="Mesh_002-mesh-positions">
          <float_array id="Mesh_002-mesh-positions-array" count="177">17.50525 30.24217 354.4144 17.50525 30.24185 -299.1051 -3.677856 14.85148 354.4144 -3.677856 14.85115 -299.1051 4.413452 -10.05118 354.4144 4.413452 -10.0515 -299.1051 30.59705 -10.05118 354.4144 30.59705 -10.0515 -299.1051 38.68884 14.85148 354.4144 38.68884 14.85116 -299.1051 17.50525 36.19786 245.4943 17.50525 48.70021 136.5745 17.50525 55.58415 27.65466 17.50525 58.0565 -81.26538 17.50525 55.44822 -190.1853 -3.677856 40.0576 -158.6421 -3.677856 42.66578 -130.1229 -3.677856 40.19346 27.65466 -3.677856 33.30952 136.5745 -3.677856 20.80717 245.4945 4.413452 15.15495 -158.6421 4.413452 17.76313 -130.1229 4.413452 15.29081 27.65466 4.413452 8.406888 136.5745 4.413452 -4.095478 245.4945 30.59705 15.15493 -190.1853 30.59705 17.7632 -29.26465 30.59705 15.29083 27.65466 30.59705 8.406888 136.5745 30.59705 -4.095478 245.4945 38.68884 40.05757 -190.1853 38.68884 42.66584 -29.26465 38.68884 40.19346 27.65466 38.68884 33.30952 136.5745 38.68884 20.80719 245.4945 -145.8844 -2.825077 -215.6284 -145.8844 -4.007999 -234.3439 -149.5548 8.469311 -215.6284 -149.5548 7.286388 -234.344 -111.5626 18.35544 -195.9453 -111.5626 19.31668 -180.7373 -108.5807 9.177717 -195.9453 -108.5807 10.13896 -180.7373 -28.67004 7.013683 -146.2483 -28.67004 4.405468 -165.1548 -36.76086 31.91633 -146.2483 -36.76086 29.30813 -165.1548 149.3666 7.171627 -185.6769 126.059 8.749937 -197.1958 147.0785 -8.725439 -181.0461 123.7704 -7.147129 -192.5652 95.6742 12.45176 -132.7736 118.9823 10.87345 -121.2546 97.96277 28.34881 -137.404 121.2709 26.7705 -125.8851 96.31922 36.13768 -72.78589 73.01111 37.71595 -84.30481 94.03015 20.24061 -68.15503 70.72303 21.81891 -79.67407</float_array>
          <technique_common>
            <accessor source="#Mesh_002-mesh-positions-array" count="59" stride="3">
              <param name="X" type="float"/>
              <param name="Y" type="float"/>
              <param name="Z" type="float"/>
            </accessor>
          </technique_common>
        </source>
        <source id="Mesh_002-mesh-normals">
          <float_array id="Mesh_002-mesh-normals-array" count="381">-0.5777536 0.7951953 -0.1840252 -0.9495982 -0.3085411 0.05536848 0 -0.9742518 0.2254632 0.5777446 0.7952014 -0.1840268 0.9486289 -0.3082444 0.07133448 0.9509161 -0.3089877 -0.01689535 0.9504539 -0.308838 -0.0354498 0.9508703 -0.3089731 -0.01952767 -0.8493818 -0.03121769 -0.5268549 0.9510398 -0.309028 0.005008816 0.5872081 0.8082288 0.0441935 0.585265 0.8055528 0.09246528 0.5870163 0.8079632 0.05106472 0.5569851 0.8303088 0.01884698 0.5876718 0.8088676 -0.01936978 0 -0.9985085 -0.05459809 0 -0.9934767 -0.114036 7.68919e-7 -0.9980088 -0.06307601 0.0602445 -0.9980612 -0.01563924 0.1090604 -0.9899041 0.09053021 -0.9509213 -0.3089712 -0.0168944 -0.9504594 -0.3088212 -0.03544789 -0.9508759 -0.3089563 -0.0195266 -0.951046 -0.3090115 -0.004842102 0.175019 0.05686318 -0.9829217 -0.5872175 0.808222 0.04419308 -0.5852738 0.8055465 0.0924645 -0.5870251 0.8079567 0.05106431 -0.6063948 0.7950661 0.01245838 -0.6516676 0.7553526 -0.06907963 -0.6297541 -0.2046546 0.7493505 0.6624737 0.215242 -0.7174953 -0.2213832 0.9732448 -0.06151407 0.3631611 0.1179903 -0.9242253 -0.398483 -0.1294679 0.907992 -0.3971987 -0.1290525 0.9086136 -0.09726065 -0.9859216 0.1360111 0.2766033 -0.9590703 0.06061929 -0.2829216 0.9501447 -0.1310749 0.2688955 -0.9591667 0.08771914 -0.3999896 -0.1299636 0.9072583 -0.3985845 -0.1295012 0.9079427 -0.1193074 0.9908801 -0.06262987 -0.9044967 0.005999445 -0.4264387 -0.9043027 0.005852222 -0.4268516 -0.1783571 -0.956755 0.2298012 0.1783556 0.9567551 -0.2298026 -0.9046249 0.006100118 -0.4261651 -0.9044316 0.005949616 -0.4265772 -0.9044899 0.005992472 -0.4264528 0.9046217 -0.006113708 0.4261717 0.904431 -0.005946815 0.4265787 0.1238847 0.9855351 -0.1156428 0.9043021 -0.005853652 0.426853 -0.01996511 -0.995185 -0.09596025 0.1444113 0.9885856 0.04294079 0.8105795 -0.2633876 0.5230563 -0.1238865 -0.9855349 0.1156421 -0.6992517 0.7036357 -0.1262692 -0.9495983 -0.3085412 0.05536848 0.208126 -0.9627234 0.1727632 0.5777435 0.7952024 -0.1840268 0.9486289 -0.3082447 0.07133448 0.9509161 -0.3089874 -0.01689529 0.9504541 -0.3088372 -0.0354498 0.9508703 -0.3089731 -0.01952767 -0.7673563 0.2493421 -0.590756 0.9510398 -0.3090282 0.005008816 0.5872086 0.8082283 0.04419368 0.5852639 0.8055536 0.09246504 0.5870161 0.8079633 0.05106472 0.5874205 0.8085195 0.03511929 0.6082103 0.7936717 -0.01286411 0 -0.9985085 -0.05459809 0 -0.9980088 -0.06307584 0.01018482 -0.9990062 -0.04339301 7.64118e-7 -0.999058 -0.04339545 0.002877652 -0.9990538 -0.04339569 -0.06230211 -0.9979263 0.01617479 -0.9509215 -0.3089708 -0.0168944 -0.9504594 -0.3088209 -0.03544795 -0.9508758 -0.3089563 -0.01952654 -0.951046 -0.3090115 -0.004842102 0.1750205 0.05686712 -0.9829212 -0.5872175 0.8082219 0.0441932 -0.5852732 0.8055468 0.0924645 -0.5870249 0.8079568 0.05106431 -0.5876928 0.8088759 0.01836049 -0.5572646 0.8300971 -0.01987808 -0.6297708 -0.2046176 0.7493466 0.6624574 0.2152755 -0.7175003 -0.2213828 0.9732449 -0.06151503 0.36316 0.1179934 -0.9242253 -0.3971998 -0.1290494 0.9086136 -0.3985245 -0.1294814 0.9079718 -0.08361268 -0.9945138 0.06285971 0.2766038 -0.9590703 0.06061846 -0.2688995 0.9591656 -0.0877192 0.2829182 -0.9501456 0.1310757 -0.3973191 -0.1291559 0.9085463 -0.3999876 -0.1299552 0.9072606 -0.3985388 -0.129486 0.907965 -0.1032955 0.9853192 -0.1359272 -0.9044968 0.005996406 -0.4264383 -0.9044383 0.005955278 -0.426563 -0.9043023 0.005853652 -0.4268525 -0.1783561 -0.9567551 0.229802 0.1783577 0.9567553 -0.2297996 -0.9046313 0.006068468 -0.4261516 0.9043933 -0.005916655 0.4266589 0.9046249 -0.00609982 0.4261652 0.9043926 -0.005921959 0.4266605 0.1238858 0.985535 -0.1156418 0.9043101 -0.005821406 0.4268363 0.01241225 -0.9989811 -0.04339212 0.08536636 0.9956878 -0.03631138 0.8675396 0.01984953 0.496972 -0.1238895 -0.985535 0.1156383 0 0 -1 -2.99538e-6 0 1 -0.9508596 -0.3090061 0.01953083 0.404483 -0.308964 -0.8607757 -1.49764e-6 0 -1 1.85122e-6 0 1 0 0 1 -0.9508603 -0.3090038 0.01953071 0.4044831 -0.3089618 -0.8607765</float_array>
          <technique_common>
            <accessor source="#Mesh_002-mesh-normals-array" count="127" stride="3">
              <param name="X" type="float"/>
              <param name="Y" type="float"/>
              <param name="Z" type="float"/>
            </accessor>
          </technique_common>
        </source>
        <source id="Mesh_002-mesh-map">
          <float_array id="Mesh_002-mesh-map-array" count="684">0.6875616 0.7220772 0.7763009 0.7256068 0.7779471 0.7465953 0.7779471 0.7465953 0.7812302 0.7668871 0.6653284 0.7661029 0.7812302 0.7668871 0.781499 0.7874547 0.6909986 0.7877443 0.6885123 0.8086526 0.7774063 0.8075841 0.7752709 0.8283985 0.6909986 0.7877443 0.781499 0.7874547 0.7774063 0.8075841 0.3371178 0.7856684 0.3387186 0.8065114 0.250861 0.8065361 0.4252669 0.7861298 0.4268109 0.807114 0.3387186 0.8065114 0.513558 0.7863737 0.5143234 0.8072782 0.4268109 0.807114 0.6604549 0.8617409 0.7119662 0.8715105 0.7075794 0.8847363 0.5596877 0.7866527 0.6909986 0.7877443 0.6885123 0.8086526 0.3387186 0.8065114 0.3396099 0.8274687 0.2515779 0.8275873 0.4268109 0.807114 0.4276396 0.8281739 0.3396099 0.8274687 0.5143234 0.8072782 0.5145974 0.828307 0.4276396 0.8281739 0.5597768 0.807882 0.600935 0.8294645 0.5145974 0.828307 0.6885123 0.8086526 0.6872628 0.829979 0.600935 0.8294645 0.2498375 0.7642699 0.3372613 0.764752 0.3371178 0.7856684 0.3372613 0.764752 0.4253215 0.7650244 0.4252669 0.7861298 0.5137631 0.7655462 0.513558 0.7863737 0.4252669 0.7861298 0.5137631 0.7655462 0.6418128 0.7658814 0.5596877 0.7866527 0.6418128 0.7658814 0.6653284 0.7661029 0.6909986 0.7877443 0.2511135 0.7431589 0.339005 0.7439232 0.3372613 0.764752 0.339005 0.7439232 0.4270612 0.7440598 0.4253215 0.7650244 0.4270612 0.7440598 0.5146253 0.7447241 0.5137631 0.7655462 0.5146253 0.7447241 0.6408856 0.7444534 0.6418128 0.7658814 0.02079856 0.9195479 0.04706728 0.9270654 0.04337012 0.9480237 0.2520108 0.7221159 0.3400698 0.7229745 0.339005 0.7439232 0.3400698 0.7229745 0.4280667 0.7229986 0.4270612 0.7440598 0.4280667 0.7229986 0.5149872 0.7235048 0.5146253 0.7447241 0.6013733 0.7234333 0.6408856 0.7444534 0.5146253 0.7447241 0.6875616 0.7220772 0.6633563 0.7450474 0.6408856 0.7444534 0.1001118 0.9726645 0.141091 0.9776073 0.1395868 0.9873306 0.1083213 0.9639186 0.1088549 0.9562351 0.1531213 0.9583061 0.1083213 0.9639186 0.1525424 0.967851 0.141091 0.9776073 0.04337012 0.9480237 0.04706728 0.9270654 0.1088549 0.9562351 0.03455996 0.9611888 0.1001118 0.9726645 0.09833317 0.9800018 0.03578186 0.9960966 0.02993547 0.981943 0.09833317 0.9800018 0.1042098 0.9906401 0.09833317 0.9800018 0.1395868 0.9873306 0.01548993 0.9390701 0.04337012 0.9480237 0.03455996 0.9611888 0.007377386 1 0 0.978085 0.02993547 0.981943 0 0.978085 0.003170013 0.95769 0.03455996 0.9611888 0.04337012 0.9480237 0.1083213 0.9639186 0.1001118 0.9726645 0.7596973 0.8747422 0.8147771 0.8783027 0.8133897 0.8915709 0.7574836 0.8878714 0.8133897 0.8915709 0.8119894 0.912112 0.7596973 0.8747422 0.7613487 0.8540892 0.8163003 0.8574829 0.7119662 0.8715105 0.7596973 0.8747422 0.7574836 0.8878714 0.7117058 0.9193252 0.7085649 0.9063272 0.7563587 0.9086079 0.7119662 0.8715105 0.7159081 0.8506167 0.7613487 0.8540892 0.7569769 0.9220868 0.7563587 0.9086079 0.8119894 0.912112 0.6544419 0.8807563 0.7075794 0.8847363 0.7085649 0.9063272 0.6604549 0.8617409 0.62722 0.8308284 0.7159081 0.8506167 0.6199194 0.9255295 0.6161154 0.9050855 0.7085649 0.9063272 0.7075794 0.8847363 0.7574836 0.8878714 0.7563587 0.9086079 0.6633563 0.7450474 0.6875616 0.7220772 0.7779471 0.7465953 0.6633563 0.7450474 0.7779471 0.7465953 0.6653284 0.7661029 0.6653284 0.7661029 0.7812302 0.7668871 0.6909986 0.7877443 0.6872628 0.829979 0.6885123 0.8086526 0.7752709 0.8283985 0.6885123 0.8086526 0.6909986 0.7877443 0.7774063 0.8075841 0.2497765 0.7854126 0.3371178 0.7856684 0.250861 0.8065361 0.3371178 0.7856684 0.4252669 0.7861298 0.3387186 0.8065114 0.4252669 0.7861298 0.513558 0.7863737 0.4268109 0.807114 0.6544419 0.8807563 0.6604549 0.8617409 0.7075794 0.8847363 0.5597768 0.807882 0.5596877 0.7866527 0.6885123 0.8086526 0.250861 0.8065361 0.3387186 0.8065114 0.2515779 0.8275873 0.3387186 0.8065114 0.4268109 0.807114 0.3396099 0.8274687 0.4268109 0.807114 0.5143234 0.8072782 0.4276396 0.8281739 0.5143234 0.8072782 0.5597768 0.807882 0.5145974 0.828307 0.5597768 0.807882 0.6885123 0.8086526 0.600935 0.8294645 0.2497765 0.7854126 0.2498375 0.7642699 0.3371178 0.7856684 0.3371178 0.7856684 0.3372613 0.764752 0.4252669 0.7861298 0.4253215 0.7650244 0.5137631 0.7655462 0.4252669 0.7861298 0.513558 0.7863737 0.5137631 0.7655462 0.5596877 0.7866527 0.5596877 0.7866527 0.6418128 0.7658814 0.6909986 0.7877443 0.2498375 0.7642699 0.2511135 0.7431589 0.3372613 0.764752 0.3372613 0.764752 0.339005 0.7439232 0.4253215 0.7650244 0.4253215 0.7650244 0.4270612 0.7440598 0.5137631 0.7655462 0.5137631 0.7655462 0.5146253 0.7447241 0.6418128 0.7658814 0.01548993 0.9390701 0.02079856 0.9195479 0.04337012 0.9480237 0.2511135 0.7431589 0.2520108 0.7221159 0.339005 0.7439232 0.339005 0.7439232 0.3400698 0.7229745 0.4270612 0.7440598 0.4270612 0.7440598 0.4280667 0.7229986 0.5146253 0.7447241 0.5149872 0.7235048 0.6013733 0.7234333 0.5146253 0.7447241 0.6013733 0.7234333 0.6875616 0.7220772 0.6408856 0.7444534 0.09833317 0.9800018 0.1001118 0.9726645 0.1395868 0.9873306 0.1525424 0.967851 0.1083213 0.9639186 0.1531213 0.9583061 0.1001118 0.9726645 0.1083213 0.9639186 0.141091 0.9776073 0.1083213 0.9639186 0.04337012 0.9480237 0.1088549 0.9562351 0.02993547 0.981943 0.03455996 0.9611888 0.09833317 0.9800018 0.1042098 0.9906401 0.03578186 0.9960966 0.09833317 0.9800018 0.14768 1 0.1042098 0.9906401 0.1395868 0.9873306 0.003170013 0.95769 0.01548993 0.9390701 0.03455996 0.9611888 0.03578186 0.9960966 0.007377386 1 0.02993547 0.981943 0.02993547 0.981943 0 0.978085 0.03455996 0.9611888 0.03455996 0.9611888 0.04337012 0.9480237 0.1001118 0.9726645 0.7574836 0.8878714 0.7596973 0.8747422 0.8133897 0.8915709 0.7563587 0.9086079 0.7574836 0.8878714 0.8119894 0.912112 0.8147771 0.8783027 0.7596973 0.8747422 0.8163003 0.8574829 0.7075794 0.8847363 0.7119662 0.8715105 0.7574836 0.8878714 0.7569769 0.9220868 0.7117058 0.9193252 0.7563587 0.9086079 0.7596973 0.8747422 0.7119662 0.8715105 0.7613487 0.8540892 0.8117088 0.9255295 0.7569769 0.9220868 0.8119894 0.912112 0.6161154 0.9050855 0.6544419 0.8807563 0.7085649 0.9063272 0.7119662 0.8715105 0.6604549 0.8617409 0.7159081 0.8506167 0.7117058 0.9193252 0.6199194 0.9255295 0.7085649 0.9063272 0.7085649 0.9063272 0.7075794 0.8847363 0.7563587 0.9086079 0.5911646 0.973181 0.584662 0.9531694 0.6187084 0.9531693 0.575202 0.9419583 0.5817041 0.96197 0.5646811 0.9743383 0.1723366 0.9445168 0.1729091 0.954043 0.1578392 0.954043 0.7739633 0.9272736 0.7747374 0.9406838 0.7538064 0.9406838 0.6187084 0.9531693 0.6122064 0.973181 0.5911646 0.973181 0.584662 0.9531694 0.6016852 0.9408011 0.6187084 0.9531693 0.5646811 0.9743383 0.5541601 0.9419583 0.575202 0.9419583 0.5541601 0.9419583 0.5646811 0.9743383 0.5476582 0.9619705 0.1572667 0.9445168 0.1723366 0.9445168 0.1578392 0.954043 0.7530319 0.9272738 0.7739633 0.9272736 0.7538064 0.9406838</float_array>
          <technique_common>
            <accessor source="#Mesh_002-mesh-map-array" count="342" stride="2">
              <param name="S" type="float"/>
              <param name="T" type="float"/>
            </accessor>
          </technique_common>
        </source>
        <vertices id="Mesh_002-mesh-vertices">
          <input semantic="POSITION" source="#Mesh_002-mesh-positions"/>
        </vertices>
        <triangles material="Bark7-material" count="104">
          <input semantic="VERTEX" source="#Mesh_002-mesh-vertices" offset="0"/>
          <input semantic="NORMAL" source="#Mesh_002-mesh-normals" offset="1"/>
          <input semantic="TEXCOORD" source="#Mesh_002-mesh-map" offset="2" set="0"/>
          <p>14 0 0 1 0 1 3 0 2 3 1 3 5 1 4 20 1 5 5 2 6 7 2 7 25 2 8 30 3 9 9 3 10 1 3 11 25 4 12 7 4 13 9 4 14 29 5 15 34 5 16 8 5 17 28 6 18 33 6 19 34 6 20 27 7 21 32 7 22 33 7 23 31 8 24 56 8 25 58 8 26 26 9 27 25 9 28 30 9 29 34 10 30 10 10 31 0 10 32 33 11 33 11 11 34 10 11 35 32 12 36 12 12 37 11 12 38 31 13 39 13 13 40 12 13 41 30 14 42 14 14 43 13 14 44 4 15 45 24 15 46 29 15 47 24 16 48 23 16 49 28 16 50 22 17 51 27 17 52 28 17 53 22 18 54 21 18 55 26 18 56 21 19 57 20 19 58 25 19 59 2 20 60 19 20 61 24 20 62 19 21 63 18 21 64 23 21 65 18 22 66 17 22 67 22 22 68 17 23 69 16 23 70 21 23 71 20 24 72 44 24 73 46 24 74 0 25 75 10 25 76 19 25 77 10 26 78 11 26 79 18 26 80 11 27 81 12 27 82 17 27 83 13 28 84 16 28 85 17 28 86 14 29 87 15 29 88 16 29 89 40 30 90 37 30 91 35 30 92 39 31 93 41 31 94 36 31 95 39 32 96 38 32 97 37 32 98 46 33 99 44 33 100 41 33 101 45 34 102 40 35 103 42 35 104 44 36 105 43 36 106 42 36 107 41 37 108 42 37 109 35 37 110 15 38 111 46 38 112 45 38 113 20 39 114 21 39 115 43 39 116 21 40 117 16 40 118 45 41 119 46 42 120 39 42 121 40 42 122 53 43 123 48 44 124 50 44 125 51 45 126 50 45 127 49 45 128 53 46 129 54 46 130 47 46 131 56 47 132 53 48 133 51 49 134 55 50 135 57 50 136 52 51 137 56 52 138 55 52 139 54 52 140 54 53 141 52 53 142 49 53 143 26 54 144 58 54 145 57 54 146 31 55 147 32 55 148 55 55 149 32 56 150 27 56 151 57 56 152 58 57 153 51 57 154 52 57 155 15 58 156 14 58 157 3 58 158 15 59 159 3 59 160 20 59 161 20 60 162 5 60 163 25 60 164 14 61 165 30 61 166 1 61 167 30 62 168 25 62 169 9 62 170 6 63 171 29 63 172 8 63 173 29 64 174 28 64 175 34 64 176 28 65 177 27 65 178 33 65 179 26 66 180 31 66 181 58 66 182 31 67 183 26 67 184 30 67 185 8 68 186 34 68 187 0 68 188 34 69 189 33 69 190 10 69 191 33 70 192 32 70 193 11 70 194 32 71 195 31 71 196 12 71 197 31 72 198 30 72 199 13 72 200 6 73 201 4 73 202 29 73 203 29 16 204 24 16 205 28 16 206 23 74 207 22 74 208 28 74 209 27 75 210 22 76 211 26 77 212 26 78 213 21 78 214 25 78 215 4 79 216 2 79 217 24 79 218 24 80 219 19 80 220 23 80 221 23 81 222 18 81 223 22 81 224 22 82 225 17 82 226 21 82 227 15 83 228 20 83 229 46 83 230 2 84 231 0 84 232 19 84 233 19 85 234 10 85 235 18 85 236 18 86 237 11 86 238 17 86 239 12 87 240 13 87 241 17 87 242 13 88 243 14 88 244 16 88 245 42 89 246 40 89 247 35 89 248 38 90 249 39 90 250 36 90 251 40 91 252 39 91 253 37 91 254 39 92 255 46 92 256 41 92 257 43 93 258 45 94 259 42 93 260 41 95 261 44 95 262 42 95 263 36 96 264 41 96 265 35 96 266 16 97 267 15 97 268 45 97 269 44 98 270 20 98 271 43 98 272 43 99 273 21 100 274 45 101 275 45 102 276 46 102 277 40 102 278 51 103 279 53 104 280 50 105 281 52 106 282 51 106 283 49 106 284 48 107 285 53 107 286 47 107 287 58 108 288 56 108 289 51 108 290 54 109 291 55 110 292 52 111 293 53 112 294 56 112 295 54 112 296 47 113 297 54 113 298 49 113 299 27 75 300 26 77 301 57 114 302 56 115 303 31 115 304 55 115 305 55 116 306 32 116 307 57 116 308 57 117 309 58 117 310 52 117 311</p>
        </triangles>
        <triangles material="Bark_End-material" count="10">
          <input semantic="VERTEX" source="#Mesh_002-mesh-vertices" offset="0"/>
          <input semantic="NORMAL" source="#Mesh_002-mesh-normals" offset="1"/>
          <input semantic="TEXCOORD" source="#Mesh_002-mesh-map" offset="2" set="0"/>
          <p>3 118 312 1 118 313 7 118 314 0 119 315 2 119 316 4 119 317 38 120 318 36 120 319 35 120 320 50 121 321 48 121 322 47 121 323 7 118 324 5 118 325 3 118 326 1 122 327 9 122 328 7 122 329 4 123 330 8 123 331 0 123 332 8 124 333 4 124 334 6 124 335 37 125 336 38 125 337 35 125 338 49 126 339 50 126 340 47 126 341</p>
        </triangles>
      </mesh>
    </geometry>
    <geometry id="Mesh_003-mesh" name="Mesh.003">
      <mesh>
        <source id="Mesh_003-mesh-positions">
          <float_array id="Mesh_003-mesh-positions-array" count="702">-4.901298 13.10076 -311.8712 9.336111 24.52472 -310.7656 21.89155 26.23525 -53.56409 1.111709 10.18523 -50.54986 1.965608 47.8581 -47.88995 15.8145 4.640368 299.3257 20.27973 22.41926 82.30048 -20.52826 22.72399 82.39997 -0.3377387 3.718627 81.68524 16.43844 18.64837 287.52 3.441456 18.79253 316.0828 15.8145 32.9447 299.3257 28.18754 18.79253 282.5684 0.08921056 57.46969 83.01532 -16.28454 53.6382 104.2434 14.8258 53.52769 104.2072 -15.13145 63.64162 217.2967 -1.547949 49.69618 125.4354 -14.46597 63.64163 238.8655 1.033958 63.64162 223.852 -7.048744 71.66416 220.5744 -7.048744 55.61909 220.5744 24.85168 20.8704 207.3829 6.821304 39.73994 218.2834 -11.20906 20.87039 229.1839 6.821304 2.00084 218.2834 9.621154 27.63994 -314.8063 11.05265 -2.308102 -310.2447 25.5751 12.23108 -313.1797 -5.818594 20.80305 -254.1642 9.827288 13.02452 -300.0987 -2.92724 11.7697 -308.9683 22.78045 12.57259 -308.7996 10.5171 -0.1824256 -307.0023 -18.81423 31.80808 -44.87579 6.016473 46.82343 -171.9449 6.359124 11.52461 -168.1334 27.90862 40.93033 -178.0084 27.06418 15.85487 -255.5911 11.45494 0.7390058 -250.8814 9.790653 35.91892 -258.874 -10.55232 33.66484 -165.7241 36.66504 32.78169 -175.892 39.91611 -0.5433565 -266.2273 31.68434 16.53455 -172.2378 28.84179 31.99323 -155.6028 47.19042 -0.02218061 -272.199 44.22953 5.263796 -271.154 52.52022 3.645347 -268.8091 48.2068 -2.161803 -263.8823 39.91073 7.157524 -223.3745 44.17519 18.71664 -225.2772 36.08632 21.43831 -234.1065 31.82187 9.879198 -232.2037 -0.5897353 56.66891 163.8594 -0.589734 72.71399 163.8594 10.7063 64.69145 165.6757 -11.88577 64.69145 162.0431 -16.25908 17.01579 -46.94897 -19.84453 24.95497 29.06336 -1.594562 24.22363 -313.745 -2.786829 11.69403 -314.0828 10.67381 -0.5790033 -312.2911 9.48387 24.31531 -316.0828 22.9445 12.04228 -314.2911 22.33636 1.110337 -311.3054 14.91067 41.09082 -51.47027 21.85114 23.18083 26.76685 0.6297284 5.227324 26.75128 1.376889 46.91974 29.0788 -18.45369 22.30064 140.6137 20.25426 22.22446 135.1385 0.8469175 3.397135 137.7099 0.5443653 43.19585 148.6475 -17.89669 39.85811 88.18653 17.55908 39.64378 88.11646 16.48253 8.29667 81.80738 -17.05127 8.56708 81.89557 9.10114 18.68441 300.5172 23.46377 18.68441 280.4255 16.28245 10.42898 290.4714 16.28245 26.93984 290.4714 25.09428 8.178409 286.7578 -6.701474 6.718227 226.4589 -6.701474 35.02256 226.4589 20.34408 35.02256 210.108 -0.8991047 69.42783 124.4364 -9.814021 56.56707 88.34027 9.583152 56.42894 88.29529 -14.63363 62.45304 129.2893 12.29087 50.65405 120.1284 -14.97748 50.68169 120.1374 12.42613 62.42541 130.1884 -1.308395 55.45064 135.0414 -12.61166 69.65854 234.2927 -18.23609 63.64163 232.0119 -6.987239 63.64163 236.5735 -12.61166 57.62473 234.2927 -13.54837 57.62472 217.9387 -7.160005 70.70836 162.6746 -1.424319 69.65853 222.8552 9.784046 58.67454 165.399 20.34408 6.718227 210.108 6.534718 8.17841 311.8933 6.534716 29.40665 311.8933 25.09428 29.40666 286.7578 29.14007 19.38408 267.1528 13.25423 37.07429 284.968 -2.631611 19.38408 302.783 13.25423 1.693872 284.968 -0.588932 1.760472 -310.3243 -1.865684 33.95633 -256.764 24.04461 3.860263 -251.8397 21.19474 23.56924 -314.7271 9.729552 32.25551 -298.5365 11.39819 -2.744003 -292.547 27.87931 13.41121 -296.5764 -6.751575 16.10031 -294.5071 -0.3725339 12.49184 -302.3621 10.32183 2.984468 -300.7982 9.382407 22.63788 -303.7918 20.07677 13.1305 -302.2279 19.12412 21.73741 -310.2319 -0.1566497 21.13524 -310.3585 0.7290909 2.604883 -307.536 20.00986 3.207051 -307.4094 -7.420428 18.73752 -165.9457 18.67794 42.53718 -176.1906 -11.19293 45.20718 -44.97455 18.69598 12.77289 -53.48584 -16.14696 36.85438 -117.2079 3.097943 50.94068 -123.1461 2.543182 13.86134 -124.1882 23.26656 29.77516 -125.4385 -5.31415 46.34676 -167.66 22.24212 11.09925 -170.7449 -1.550808 6.412728 -251.9213 21.86306 29.08652 -258.9859 27.06621 15.89867 -223.1562 10.13717 6.156641 -203.3697 8.865833 40.2387 -211.4623 -5.839717 26.79569 -206.1382 33.85537 38.7596 -177.7812 34.63527 32.96891 -165.3296 36.04043 24.77916 -173.6183 38.61653 28.88109 -193.7283 27.64516 41.30723 -160.7001 30.4498 33.44616 -203.7397 34.19887 13.54069 -192.8358 30.51576 21.04883 -160.2655 42.21556 -1.098786 -269.8378 51.67916 1.841012 -272.2197 45.44925 2.989885 -273.5969 48.44546 -2.247659 -268.4607 40.00926 2.228463 -268.7619 34.96778 4.859671 -227.3476 49.44411 6.442725 -271.7283 52.44527 -0.1992058 -265.2444 31.76428 17.10808 -235.3282 42.97398 -2.268 -264.3383 41.36446 22.19834 -230.2018 43.89759 13.02558 -222.0843 45.64001 0.7887911 -251.256 49.94256 8.300625 -255.3628 41.71422 10.25984 -259.7106 37.41167 2.748006 -255.604 -10.96351 58.67454 162.3197 -12.67317 69.65853 218.2936 5.980537 70.70836 165.0441 -0.5491153 57.62472 223.2101 -1.725381 55.88154 197.2502 -1.725379 71.92663 197.2502 7.598259 63.90409 200.3398 -11.04902 63.90409 194.1603 -17.29584 10.63683 27.91449 -12.53061 42.17986 39.54217 0.8673136 2.401926 -312.6869 -0.008138597 21.07319 -315.5308 18.74209 9.2381 26.17004 14.95807 41.24369 38.41229 20.18281 2.663645 -312.8431 19.27336 21.33385 -315.687 -14.0212 8.147292 139.8063 -15.90314 39.77212 135.6393 15.92673 39.73783 133.012 15.74172 8.079689 135.6965 10.21987 11.89844 300.9557 10.21987 25.52645 300.9557 22.10239 25.52645 284.5784 22.10239 11.89844 284.5784 6.765607 67.66341 126.0525 -8.666138 67.69795 125.4715 -13.83619 57.20123 133.332 11.32172 57.19432 134.0996 -7.068014 68.0986 232.3993 -15.27083 68.0986 229.0729 -15.65982 59.18466 228.9151 -6.679035 59.18466 232.5571 25.16861 6.116423 271.6068 1.339849 6.116422 298.3294 1.339849 32.65173 298.3294 25.16861 32.65173 271.6068 -1.956141 2.493186 -292.6639 -2.889288 29.03515 -296.8676 24.33535 0.768687 -293.9274 22.76555 26.726 -298.7079 2.130749 19.52676 -305.1352 2.81071 5.301442 -302.9684 17.61211 5.763711 -302.8713 16.93215 19.98904 -305.038 -13.2107 21.713 -119.3505 17.98978 44.8767 -135.6109 -9.599463 49.76907 -118.295 21.46077 14.93301 -136.5113 -1.636415 39.54195 -208.6295 26.43739 6.834147 -202.3397 -2.372413 12.2504 -204.2856 22.65178 31.60691 -213.3942 35.92313 33.28872 -198.7786 32.34753 38.49308 -167.3046 34.17496 25.98646 -165.9023 38.16383 21.77964 -190.9578 42.15114 1.308889 -271.0229 44.35853 -2.19227 -267.5822 49.14999 4.023059 -273.1131 51.37358 -0.4316415 -268.7566 37.46146 6.842535 -258.4063 40.49461 0.04163002 -252.7414 46.94844 11.30938 -258.9016 49.80398 3.903715 -251.8844 -9.740552 57.88718 194.6666 -7.695666 69.92099 195.199 4.244907 69.92099 199.3012 6.28979 57.88718 199.8336</float_array>
          <technique_common>
            <accessor source="#Mesh_003-mesh-positions-array" count="234" stride="3">
              <param name="X" type="float"/>
              <param name="Y" type="float"/>
              <param name="Z" type="float"/>
            </accessor>
          </technique_common>
        </source>
        <source id="Mesh_003-mesh-normals">
          <float_array id="Mesh_003-mesh-normals-array" count="2847">-0.9350131 -0.3510023 -0.05047589 -0.9367647 -0.3466772 -0.04782032 -0.9405167 -0.3371443 -0.04197949 -0.9547854 0.2585384 -0.1467747 -0.9546673 0.2591351 -0.1464909 -0.6864432 0.09007638 -0.721583 -0.6766881 0.07931679 -0.731985 -0.6893385 0.0933116 -0.7184048 -0.7733528 -0.3667677 -0.5171142 -0.7474543 -0.3732985 -0.5495092 -0.7778669 -0.3655243 -0.5111899 0.3288156 -0.9436019 0.03867691 0.3334596 -0.9423289 0.02865165 0.3252878 -0.944484 0.04623693 -0.2874344 -0.9569617 0.04007399 -0.2814112 -0.958123 0.05299115 -0.276524 -0.9589152 0.06337469 -0.3082625 -0.9011506 -0.304798 -0.280329 -0.8979371 -0.3393005 -0.3565375 -0.9024487 -0.2418001 0.3710483 -0.8774324 -0.3040322 0.3437881 -0.8761818 -0.3378095 0.2935911 -0.8698534 -0.3964335 0.9756721 -0.2189964 0.01022821 0.9883139 -0.14996 0.02734446 0.9729488 -0.2309073 0.007240653 0.9294294 0.3657265 0.04904496 0.9103252 0.4119747 0.03981184 0.9064512 0.4205926 0.03805583 0.9101503 0.4140403 0.01404172 0.9314758 0.363803 6.49647e-4 0.9058248 0.4233291 0.01655185 0.9757354 -0.2187249 -0.009994924 0.9732754 -0.2294837 -0.00850296 0.9729205 -0.2309912 -0.008293509 -0.3900123 -0.917942 -0.07261431 -0.4472476 -0.8926266 -0.05645775 -0.4584705 -0.887116 -0.05319815 0.05160331 -0.9982984 -0.02715796 0.1237092 -0.9913636 -0.04352474 0.1377925 -0.989359 -0.04671138 0.1485853 -0.9878133 -0.04633998 0.2033199 -0.977346 -0.05878889 0.2139236 -0.9749317 -0.06119585 -0.3057982 -0.9485886 -0.08165287 -0.3646461 -0.9288737 -0.06501412 -0.3762902 -0.9244493 -0.06163811 0.4656201 0.8838539 0.04472339 0.4215354 0.9051477 0.05491518 0.4722024 0.8804325 0.04316836 -0.1744375 0.9831121 0.05533808 -0.08717745 0.9953349 0.04133617 -0.1850149 0.9810802 0.05702042 -0.2068383 0.9782955 0.01248461 -0.2940131 0.9553968 0.02781128 -0.195253 0.9806971 0.01046258 0.3934655 0.9193394 -4.18044e-4 0.455739 0.8900304 0.0121659 0.4663498 0.8844841 0.01435011 -0.1133608 -0.9716671 0.2073948 -0.113183 -0.9724926 0.2035874 -0.1139007 -0.9690148 0.2191732 0.4649182 -0.8787286 0.1081072 0.4643903 -0.8786206 0.1112094 0.4667413 -0.8790398 0.09716761 0.4186428 0.7147986 0.5601796 0.4131833 0.7384488 0.5328912 0.4092441 0.7536442 0.5143344 0.7685182 0.5038109 0.3944041 0.765715 0.4991225 0.4056567 0.7609773 0.4914528 0.423542 0.9669239 -0.2537682 0.02568852 0.9736045 -0.2257061 0.03392881 0.9652218 -0.2603523 0.02374202 0.9776032 0.2084294 -0.02914005 0.9508832 0.3090684 0.01726567 0.9841988 0.1709881 -0.04599905 0.9849232 0.1728268 0.007570445 0.9746034 0.2223632 0.02651274 0.9878082 0.155672 0.001050055 0.9550613 -0.296246 0.009821951 0.9635841 -0.2674002 0.001685917 0.9657064 -0.2596365 -4.917e-4 -0.9701249 0.2302224 -0.07652139 -0.9361433 0.3512893 -0.01522022 -0.921419 0.3885455 0.004440367 -0.9826303 -0.1854901 -0.005584657 -0.9736782 -0.2271357 -0.01897579 -0.9710798 -0.2377032 -0.02239108 -0.9672629 -0.2495207 0.04628145 -0.9560683 -0.2911124 0.03445154 -0.9532952 -0.3003629 0.03178834 -0.9875613 0.1519567 0.04039704 -0.9890931 0.1425119 0.03721779 -0.9895255 0.1397252 0.03627991 -0.2813315 -0.9589846 -0.03465825 -0.2883651 -0.9569796 -0.03218203 -0.290631 -0.9563205 -0.03138262 0.2248778 -0.9743312 -0.01043266 0.2532072 -0.9672258 -0.01898592 0.2627057 -0.9646283 -0.02186578 0.2691544 -0.9630942 -0.002365052 0.2919145 -0.9563955 -0.009681761 0.2984331 -0.9543578 -0.01178687 -0.298767 -0.9542971 0.007436811 -0.2829508 -0.9591327 0.001892745 -0.2786011 -0.960407 3.79893e-4 -0.8276856 0.391497 0.4020779 -0.827641 0.3904437 0.4031924 -0.8279021 0.3974699 0.395722 -0.8433136 -0.3849423 0.3750222 -0.8433648 -0.3857699 0.3740556 -0.8436602 -0.3910592 0.3678454 0.9268985 0.1473426 0.34518 0.9222565 0.1571538 0.3531938 0.9311063 0.1381001 0.3375936 0.9217861 -0.1559578 0.3549474 0.9263852 -0.1463846 0.3469615 0.9306011 -0.1372697 0.3393211 0.5179587 0.8388748 0.1673564 0.5186733 0.8391413 0.1637682 0.521607 0.8401401 0.14863 -0.03785365 0.9630162 0.2667711 -0.0375663 0.9642758 0.2622233 -0.03652018 0.9686499 0.2457307 0.7717784 -0.4941019 0.400277 0.7690384 -0.4897235 0.410793 0.7764161 -0.5017662 0.3813253 0.4302866 -0.7226228 0.5409896 0.4346519 -0.7004629 0.566065 0.4269089 -0.7377752 0.5229117 0.9624513 -0.2677688 0.04458165 0.9622026 -0.2685067 0.04550349 0.9612502 -0.2712905 0.0489853 0.9632551 0.2607553 0.06439369 0.9629638 0.2615573 0.06548792 0.9644393 0.257435 0.0598694 -0.2816207 -0.4991032 0.8195035 -0.1916829 -0.4357196 0.8794351 -0.3384022 -0.5365471 0.7730467 -0.3000622 0.5014462 0.811489 -0.2077859 0.4383581 0.8744526 -0.1573657 0.4019045 0.9020581 -0.2611476 0.9318445 -0.2519279 -0.4158508 0.8889489 -0.1919326 -0.2272527 0.937443 -0.2637363 -0.2339343 0.9326879 -0.2745326 -0.2418901 0.9313709 -0.2720984 -0.2328222 0.9328665 -0.2748708 0.2649669 0.9292725 -0.2573815 0.250562 0.9318379 -0.2624821 0.2485554 0.9321768 -0.2631859 0.2825214 0.9278759 -0.2433677 0.4484843 0.8775277 -0.1697265 0.4714576 0.8675403 -0.1584348 -0.9949769 0.07599186 0.06516391 -0.9915442 0.1197374 0.05003118 -0.9962176 0.01733124 0.08514893 -0.9958586 -0.0358631 0.08354395 -0.9932186 -0.0518797 0.1040455 -0.9966238 -0.03023535 0.07633423 -0.7279354 0.6622966 -0.1774073 -0.7174784 0.671027 -0.1869425 -0.7300878 0.6604554 -0.1754155 -0.8854662 0.4299511 -0.1763288 -0.8891037 0.4314929 -0.1526708 -0.8646842 0.4207994 -0.274316 0.9754855 0.2106801 0.0635764 0.94112 0.3175328 0.1160439 0.9875581 0.1531755 0.03558552 0.8983684 0.4279392 -0.09900617 0.895563 0.4268877 -0.1254346 0.8814777 0.4211343 -0.2136422 0.7546713 0.6416881 -0.1367765 0.7363834 0.6586826 -0.1545208 0.7308146 0.6636148 -0.1597671 0.9848771 -0.1189622 0.1259574 0.9834629 -0.1240623 0.131944 0.9830043 -0.1256683 0.1338292 -0.8907724 0.4167071 -0.1813281 -0.861895 0.4835779 -0.1526092 -0.8534327 0.5006534 -0.1449096 -0.9521244 -0.2600801 -0.1606789 -0.9582168 -0.2302551 -0.1697148 -0.9505616 -0.2670144 -0.1585432 -0.9412164 -0.2988656 -0.1574522 -0.9145726 -0.3619388 -0.1804363 -0.901431 -0.3889108 -0.1901854 -0.895272 0.4130647 -0.1669302 -0.8784521 0.4433599 -0.1781967 -0.9041078 0.3959876 -0.1605717 -0.2798745 0.8545953 0.4374213 -0.3174195 0.8630816 0.3928549 -0.4030376 0.8712016 0.280301 0.3099482 0.8570434 0.4115931 0.3303252 0.865734 0.3760187 0.1788147 0.7749742 0.6061686 0.192739 -0.86536 0.4626057 0.1945618 -0.8660688 0.4605113 0.1548847 -0.8491984 0.5048496 -0.2147589 -0.852697 0.476221 -0.2165904 -0.8534322 0.4740698 -0.2394713 -0.8620592 0.4466626 0.9291529 -0.2643809 0.2584142 0.9344696 -0.2334926 0.2687896 0.9277921 -0.2714173 0.2559973 0.8466865 0.4867722 0.2148833 0.8745958 0.4193961 0.243288 0.8809859 0.4014262 0.2504416 0.7586827 0.4130619 0.5037664 0.7544606 0.4433586 0.4839655 0.752069 0.4577436 0.4741972 0.7850518 -0.2988593 0.5425649 0.7819406 -0.3619347 0.5075157 0.7850642 -0.26622 0.5592862 0.3026123 0.9495062 0.08284825 0.2951508 0.9522068 0.07866567 0.2934021 0.9528275 0.07768642 -0.3031711 0.9513368 -0.0551871 -0.3113334 0.9484206 -0.05974787 -0.313277 0.9477112 -0.06083548 -0.3762032 0.9262099 0.02462649 -0.4182823 0.9080073 -0.02372056 -0.4369596 0.8983114 -0.04585814 0.2527972 0.9262103 0.2796929 0.3166649 0.9080082 0.2743074 0.2187403 0.9341375 0.2820281 -0.2593196 -0.9634638 -0.06701517 -0.235151 -0.9705341 -0.05260807 -0.2673821 -0.960909 -0.07183784 0.2609275 -0.9633357 0.06245934 0.2372418 -0.970339 0.04646062 0.2689369 -0.960762 0.06789189 0.2187505 -0.9370788 0.2720875 0.2810949 -0.9221585 0.2657245 0.3162972 -0.9118835 0.2615811 -0.3464771 -0.9370777 0.04288315 -0.3867816 -0.9221573 -0.005105614 -0.3208084 -0.9443654 0.07249891 0.9458621 -0.3157447 -0.07516831 0.9495167 -0.3067085 -0.06594043 0.9498464 -0.3056352 -0.06617385 0.9688431 0.2439488 -0.04280543 0.9524527 0.3001507 -0.05238008 0.948338 0.3125475 -0.0544914 0.9480435 0.3123237 -0.06056135 0.949799 0.3065733 -0.06240856 0.947697 0.3134427 -0.06020116 0.9474422 -0.3104853 -0.07715207 0.947475 -0.3131336 -0.06510305 0.3275464 0.9446038 0.02090781 0.2695045 0.9621207 0.04112523 0.3367565 0.9415534 0.008515357 -0.2633123 0.9616733 0.07649415 -0.2847343 0.9558205 0.07303243 -0.2921592 0.9540042 0.0672239 -0.2849931 0.956413 0.06366425 0.3495267 0.9369167 0.004279315 -0.9498016 0.3009642 0.08542644 -0.9766076 0.1870994 0.1059784 -0.9448978 0.3168248 0.08240437 -0.9499194 -0.3033672 0.07497757 -0.9466488 -0.3139823 0.07260298 -0.9462317 -0.3153055 0.07230567 -0.9420046 -0.3194697 0.1027932 -0.9427841 -0.3169408 0.1034742 -0.9397688 0.3216133 0.1157564 -0.9401192 0.3204957 0.1160104 -0.3211799 -0.9469528 0.01113432 -0.3057623 -0.9520846 0.006671905 0.2968434 -0.9542411 -0.0361678 0.3136022 -0.9488977 -0.03531056 0.3045798 -0.9517471 -0.03753221 0.3131616 -0.9490731 -0.03450042 0.313446 -0.9489753 -0.03460586 -0.3196879 -0.9471179 0.02770364 -0.3156256 -0.9485221 0.02619802 -0.3151977 -0.9486688 0.02603948 0.1381656 0.3413196 -0.9297372 0.1190857 0.3138334 -0.9419806 0.1438856 0.3495242 -0.9258131 -0.1948978 0.3680503 -0.9091501 -0.1925687 0.3979825 -0.8969544 -0.195589 0.3585433 -0.9127933 -0.2906918 0.918356 -0.268553 -0.2840765 0.9188886 -0.2737597 -0.3037775 0.9171034 -0.2581487 0.3478383 0.9082827 -0.2324458 0.355155 0.9038254 -0.2386732 0.3254527 0.9211543 -0.2134369 -0.2258713 -0.7864832 -0.5748274 -0.2881241 -0.8508728 -0.4393179 -0.2082254 -0.7657646 -0.6084791 0.1936725 -0.7096897 -0.677371 0.1252533 -0.6304 -0.766099 0.1131124 -0.6153975 -0.7800587 0.274362 -0.9607007 -0.04218733 0.2689211 -0.9624346 -0.0374332 0.2590575 -0.9654314 -0.02883696 -0.351482 -0.9361947 -2.14029e-4 -0.3451 -0.938552 -0.005114674 -0.329769 -0.943912 -0.01681029 0.3982849 -0.255476 -0.8809661 0.4193993 -0.2669094 -0.8676772 0.3919103 -0.2520183 -0.8848125 0.3933241 0.01909911 -0.9192015 0.410247 0.03298968 -0.9113776 0.4133052 0.03549212 -0.9099006 0.9292507 0.3352066 -0.1553375 0.9295796 0.3346032 -0.1546689 0.9304963 0.3329113 -0.1527971 0.949628 -0.2921475 -0.1133865 0.9494317 -0.2931295 -0.1124926 0.9490413 -0.2950565 -0.110736 -0.9624127 -0.2699298 0.02999758 -0.9706338 -0.2400335 0.01593673 -0.9564732 -0.2888635 0.04143619 -0.9575723 0.2866269 -0.03000664 -0.9525777 0.3020605 -0.03681665 -0.95883 0.282575 -0.02822357 -0.9582332 0.2857704 -0.01115161 -0.9585583 0.2846994 -0.01060307 -0.9477216 -0.314418 0.05445271 0.9290684 0.3695086 0.01718425 0.928574 0.3709146 0.01313543 0.9294095 0.3685046 0.02006322 0.9596959 -0.2793828 0.0304805 0.9596539 -0.2794927 0.03079479 0.8531435 -0.3793214 -0.3581361 0.8464799 -0.3565686 -0.3953868 0.8611002 -0.4195967 -0.2871324 0.8353982 0.3417946 -0.430449 0.8311062 0.3073853 -0.4634402 0.8190795 0.2457633 -0.5183719 -0.92984 -0.3679456 0.003676652 -0.9294961 -0.3687834 0.005999088 -0.9292083 -0.3694717 0.007920742 -0.9599357 0.2745454 -0.05611181 -0.9597606 0.2749369 -0.05717945 -0.9596152 0.2752574 -0.05807125 -0.8560002 0.2614408 -0.4459959 -0.8484768 0.228364 -0.4774276 -0.865269 0.3229734 -0.383403 -0.8121928 -0.4557402 -0.364203 -0.8069913 -0.4322877 -0.4023588 -0.7941401 -0.3897078 -0.4663363 -0.3300667 0.9389627 -0.09697991 -0.3345675 0.9382693 -0.08783757 -0.3382344 0.9376271 -0.08032929 0.2811411 0.9581689 -0.05359244 0.2872238 0.9570236 -0.0401051 0.276535 0.9588899 -0.0637077 0.3301885 0.8146842 -0.4767237 0.299483 0.8015477 -0.5175244 0.3751873 0.8303369 -0.412038 -0.3771178 0.7880386 -0.4865977 -0.3453916 0.777372 -0.5257352 -0.2953445 0.7571781 -0.582626 -0.9855344 -0.167138 -0.02805447 -0.9846507 -0.1720265 -0.02949476 -0.9844977 -0.1728583 -0.02973991 -0.9157447 0.4017503 0.002885937 -0.8779637 0.4778999 0.02813071 -0.868628 0.4943168 0.03371226 -0.8720292 0.4894434 0.003209531 -0.8889448 0.4579443 0.008012115 -0.8692185 0.4944224 0.002440989 -0.98219 -0.1804047 -0.05250716 -0.9849297 -0.1660304 -0.04845273 -0.9853841 -0.1635193 -0.04774439 0.3243029 0.9338127 -0.1510686 0.4598242 0.8686276 -0.1845209 0.2755326 0.9512421 -0.1386373 -0.1067873 0.9792747 -0.1720978 -0.1103347 0.9790199 -0.1713074 -0.1063205 0.9793072 -0.1722016 -0.08151727 0.9928624 -0.08706003 -0.1157808 0.9900245 -0.08028936 -0.07517731 0.9932531 -0.08829879 0.3110519 0.9489881 -0.0516566 0.3290379 0.9425383 -0.05792921 0.30528 0.9509676 -0.04964846 -0.4486247 -0.8891261 0.0905025 -0.4436635 -0.891758 0.08905291 -0.4348304 -0.8949319 0.1000977 0.02271556 -0.9896767 0.1415063 0.007092416 -0.9890795 0.1472125 -0.001743853 -0.9886205 0.1504215 0.02216702 -0.9950699 0.0966677 0.07370758 -0.9946767 0.07201129 0.09613025 -0.9934872 0.06117475 -0.4488461 -0.8936049 0.002747893 -0.4591787 -0.8883248 0.00582987 -0.4628813 -0.8863932 0.006938874 0.1088225 0.9568969 -0.2692695 0.1126154 0.9569115 -0.2676536 0.1139818 0.9569128 -0.2670695 0.1853318 0.9822393 -0.02929556 0.2128919 0.9760044 -0.04574489 0.1678522 0.9856309 -0.01890754 0.3894537 0.9197983 0.04792934 0.4679104 0.8837467 0.00718379 0.3395364 0.9377773 0.07272422 0.3259479 0.9210582 -0.213096 0.2626019 0.9339874 -0.2422968 0.2511512 0.9358017 -0.2473828 0.9700109 -0.2416615 0.02605259 0.9655184 -0.258248 0.03289937 0.9641731 -0.2629745 0.03485506 0.9329634 0.3599702 -7.90561e-4 0.9314556 0.3638455 -0.002647519 0.9309593 0.3651084 -0.003253519 0.9394487 0.3425333 -0.01034921 0.9526237 0.3029662 -0.02682596 0.9307286 0.3657104 -5.52099e-4 0.9849749 -0.1695966 -0.03258073 0.9737201 -0.2276395 -0.007034599 0.9697632 -0.244048 2.68806e-4 -0.3956741 -0.914892 0.08009296 -0.3727746 -0.9236095 0.08935689 -0.4038247 -0.9116109 0.07675546 0.2642978 -0.9616057 0.0739001 0.2500708 -0.9650098 0.07887232 0.2456204 -0.9660245 0.08041954 0.2043271 -0.9732833 0.1047388 0.07171458 -0.9951235 0.06772321 0.2473456 -0.961893 0.1165424 -0.4111608 -0.9066828 0.09419757 -0.4043462 -0.9099124 0.09254008 0.4694154 0.8799125 -0.07350641 0.4112397 0.9099705 -0.05325067 0.4903588 0.8677573 -0.08090549 -0.1988725 0.9738249 -0.1100681 -0.2443413 0.9651876 -0.09332889 -0.185145 0.9759551 -0.1150353 -0.170512 0.9807062 -0.09560996 -0.1082118 0.9878715 -0.1113563 -0.1816201 0.978986 -0.09274023 0.4980325 0.865162 -0.05881005 0.5172991 0.8533034 -0.06538289 0.4913564 0.869121 -0.05654668 -0.9744939 -0.1974039 -0.1067399 -0.9782272 -0.1804161 -0.1025757 -0.9792366 -0.1755505 -0.1013795 -0.9189181 0.3787586 -0.1101437 -0.8952673 0.4270415 -0.127013 -0.9246773 0.3658064 -0.1056302 -0.9262521 0.3409758 -0.1606009 -0.943448 0.3005829 -0.1398421 -0.9199626 0.354412 -0.1675139 -0.9688146 -0.2328311 -0.08478218 -0.9740179 -0.2115945 -0.08072906 -0.975853 -0.2035675 -0.07919198 0.9915876 -0.03540486 0.1245014 0.9928306 -0.02485156 0.1169181 0.9934185 -0.019279 0.1129071 0.8785745 0.4764746 -0.032848 0.8981705 0.4396278 -0.004171788 0.9043231 0.4268119 0.005604147 0.8825309 0.4468463 0.1465188 0.8859753 0.4371737 0.1546838 0.8894823 0.4267701 0.1633663 0.9746096 -0.05296623 0.2175562 0.976602 -0.04522591 0.2102461 0.9816988 -0.02290695 0.1890577 -0.5755714 -0.8116653 0.09958487 -0.6426194 -0.7655815 0.03042173 -0.5459579 -0.8280039 0.1278265 -0.9744547 -0.1297118 -0.1833383 -0.9740568 -0.1224344 -0.1903243 -0.9745655 -0.1325102 -0.1807298 -0.7857916 -0.3579621 -0.5043755 -0.7797309 -0.3489339 -0.5198701 -0.8036713 -0.3866363 -0.4523547 -0.3825964 -0.9126654 -0.1437423 -0.381577 -0.9138282 -0.1389854 -0.3916958 -0.90064 -0.1882079 0.6642622 -0.728545 0.1672664 0.6169835 -0.7532186 0.22802 0.5085091 -0.7881271 0.3468058 0.510419 -0.8401375 0.1834161 0.5076977 -0.8421526 0.1817203 0.5120695 -0.8389073 0.1844442 0.8785701 -0.4423306 0.1801613 0.8741205 -0.4528239 0.1756812 0.8815473 -0.4350917 0.1832199 0.8788647 -0.4028649 0.2555326 0.881335 -0.4003909 0.2508705 0.8897299 -0.3916411 0.2345164 0.9017552 0.3342185 0.2741088 0.88695 0.4063128 0.2196126 0.8778418 0.4377081 0.1944364 0.9524316 -0.08434939 0.2928471 0.960867 -0.1828622 0.2080774 0.9350634 -0.007962942 0.3543912 0.863006 -0.08704537 0.4976382 0.862815 -0.08761209 0.49787 0.85931 -0.09782499 0.5020127 0.7923351 0.4169477 0.4453762 0.7895765 0.4068557 0.4593884 0.7795022 0.3748161 0.5018859 -0.6662075 0.6156916 -0.4208223 -0.6501238 0.6249966 -0.4321094 -0.6744273 0.6107498 -0.4148886 -0.2153742 0.8938506 -0.3932495 -0.1483078 0.8995226 -0.4109308 -0.2436563 0.8901157 -0.3851306 -0.145889 0.6281853 -0.7642641 -0.1712589 0.5792279 -0.7969727 -0.1037324 0.7016575 -0.704923 -0.6623206 0.3256902 -0.6747276 -0.6445426 0.3156307 -0.6963779 -0.6262099 0.3053005 -0.7173931 0.7320687 0.6725288 -0.1085383 0.7477838 0.6580206 -0.08847844 0.7528857 0.6530525 -0.08176648 0.9815607 0.1031034 0.1609612 0.9819898 0.1138253 0.1507982 0.9820368 0.1176428 0.1475261 0.9487171 -0.2689603 -0.1661211 0.9432325 -0.2678093 -0.1964451 0.9581605 -0.2706732 -0.09308326 0.7364459 0.4147611 -0.5344352 0.7044988 0.4044505 -0.5831819 0.7957217 0.4318293 -0.4246773 0.5079342 -0.7940793 0.3338279 0.5767927 -0.7573707 0.3061043 0.600436 -0.7429965 0.2956904 0.05897647 -0.9746723 0.2157219 0.01920032 -0.9744514 0.2237765 -6.65128e-5 -0.973768 0.2275433 0.004140555 -0.9999837 0.003927946 0.007594525 -0.9999711 3.35375e-4 -0.009627282 -0.9997872 0.01824659 0.4682248 -0.8833906 -0.01966333 0.4685029 -0.8832332 -0.02010941 0.4302325 -0.9018606 0.0393393 0.7806102 -0.564271 0.2687861 0.8290622 -0.4820147 0.2834039 0.7693767 -0.5810726 0.265357 0.3242158 -0.9259957 0.1934329 0.4126377 -0.8756759 0.2508428 0.2958379 -0.9390611 0.1750553 0.2125713 -0.9431567 0.2554783 0.1022419 -0.9720904 0.2111563 0.2265332 -0.9384097 0.2609023 0.7350304 -0.596103 0.3230969 0.6252372 -0.7207922 0.2992275 0.7473242 -0.5793029 0.3254457 0.8217114 0.5671468 -0.05599182 0.8559396 0.5167751 -0.01763153 0.859776 0.5105062 -0.01298934 0.9841535 0.0113272 0.1769567 0.9859628 0.03737545 0.162728 0.9861847 0.04182052 0.1602837 0.9826816 0.05630338 0.1765415 0.9834964 0.08751314 0.1583551 0.7652707 0.6372332 -0.09107458 0.8050255 0.5909603 -0.05196124 0.8091008 0.5857322 -0.04768407 -0.3620658 0.7221679 -0.5893913 0.1252552 0.9203159 -0.3705806 0.1907133 0.9244593 -0.3301569 0.2630974 0.9221875 -0.2834612 0.1376487 0.930723 -0.3388326 0.1215313 0.9305505 -0.3454071 0.09078019 0.9352067 -0.3422681 -0.08691954 0.9083253 -0.4091333 -0.1158863 0.9006969 -0.4187068 -0.6312721 0.6403986 -0.4374761 -0.5827949 0.6887348 -0.4312708 -0.5753579 0.6956385 -0.4301751 -0.8301005 -0.5366007 -0.151634 -0.8310796 -0.5214506 -0.1933807 -0.8216014 -0.5674694 -0.05431205 -0.9285866 -0.06683039 -0.3650488 -0.9222462 -0.119112 -0.3677968 -0.9141404 -0.1669564 -0.3694225 -0.974486 -0.0984078 -0.2017254 -0.9750484 -0.1131575 -0.1909872 -0.9743663 -0.09575128 -0.2035732 -0.8030969 -0.5933105 -0.05493855 -0.7095394 -0.703671 0.03743153 -0.8144828 -0.5761958 -0.06794452 -0.1841673 -0.9815801 0.05082291 -0.1574236 -0.9856595 0.0607708 -0.1962379 -0.9794626 0.04630029 0.1717606 -0.9837981 0.0513789 0.1492681 -0.9878915 0.04230338 0.1816049 -0.9818125 0.05535441 0.2000129 -0.9796985 -0.01363402 0.2334449 -0.9723696 -9.1053e-4 0.1921699 -0.9812213 -0.01660174 -0.1945431 -0.9807099 -0.01900357 -0.225346 -0.9738641 -0.02842408 -0.1873874 -0.9821422 -0.01682138 0.2951691 0.9528869 -0.06986993 0.2465424 0.9657372 -0.0810467 0.2400576 0.9672459 -0.08250981 -0.2320621 0.9701438 -0.07048535 -0.2722302 0.9591708 -0.07669425 -0.2782481 0.957368 -0.07761913 -0.2980922 0.9543774 0.01746493 -0.3188257 0.9477352 0.01217186 -0.3219366 0.946693 0.01137363 0.3043897 0.9518355 0.03682535 0.2887767 0.9568311 0.03290092 0.2864701 0.9575439 0.0323221 0.9863223 -0.1550138 0.05602854 0.9848463 -0.1634434 0.05800122 0.9846806 -0.1643627 0.05821621 0.7054334 0.7077708 -0.037741 0.7746504 0.6323508 -0.007019102 0.7864999 0.6175892 -0.001320004 0.7935795 0.6056676 0.05829703 0.8540809 0.5132647 0.0842936 0.8634697 0.4965408 0.08869868 0.9821995 -0.162235 0.09467798 0.9737678 -0.2115663 0.08376091 0.9831973 -0.1551266 0.09622299 -0.7696539 0.6382977 0.0144596 -0.6857152 0.7273925 -0.02636104 -0.7874277 0.615941 0.02396661 -0.9850112 -0.1383559 0.1030091 -0.9919782 -0.08832657 0.09043037 -0.983713 -0.1459587 0.1049044 -0.9872605 -0.1574113 0.02320206 -0.9786573 -0.2031869 0.03074342 -0.9883668 -0.1504808 0.02206081 -0.8627229 0.5056695 0.002717733 -0.8001968 0.5989564 0.0306009 -0.787746 0.6149706 0.03559964 -0.9350157 -0.350996 -0.05047261 -0.9305685 -0.3616477 -0.05703717 -0.9367672 -0.346671 -0.04781681 -0.954773 0.2586013 -0.1467449 -0.9548318 0.2583031 -0.146887 -0.9547729 0.2586013 -0.146745 -0.6743251 0.07674187 -0.7344362 -0.7402488 -0.3749461 -0.5580746 0.3288128 -0.9436024 0.03868758 0.3369911 -0.9412744 0.02096772 0.3334556 -0.9423301 0.02866178 -0.2923083 -0.9558684 0.02952224 -0.2313424 -0.888334 -0.3966653 0.4199321 -0.8753502 -0.2396225 0.9894061 -0.1421976 0.02924805 0.931807 0.3594558 0.05027282 0.9340445 0.3571552 -0.001100003 0.9760707 -0.2172139 -0.01020401 -0.3784603 -0.92251 -0.0757845 0.04053592 -0.9988743 -0.02463835 0.1382564 -0.9894192 -0.0439862 -0.2929202 -0.9523332 -0.08520287 0.4164392 0.9074331 0.05606913 -0.07677686 0.9962596 0.03965282 -0.3026117 0.9526624 0.02933406 0.3866482 0.9222256 -0.001772284 -0.1126011 -0.9750415 0.1913515 0.4625547 -0.8781864 0.1217866 0.424149 0.6868771 0.5901674 0.7729746 0.5115422 0.3752798 0.9750722 -0.2189652 0.03589481 0.9403716 0.3387103 0.03125423 0.9692259 0.2437113 0.03472942 0.9527617 -0.3034867 0.01187556 -0.9779767 0.1836777 -0.09911626 -0.9845528 -0.1750738 -0.002251982 -0.9695669 -0.2398748 0.04899191 -0.986882 0.1559535 0.04174274 -0.278842 -0.9596794 -0.03553283 0.2159577 -0.9763721 -0.007750451 0.2626226 -0.9648987 -2.74837e-4 -0.8276852 0.3914781 0.4020971 -0.8273778 0.3849465 0.4089773 -0.827641 0.3904246 0.4032113 -0.8429883 -0.3801075 0.3806431 0.9136778 0.1743534 0.3671427 0.9131792 -0.1729644 0.3690356 0.5149772 0.837673 0.1819407 -0.03885018 0.9584509 0.2825998 0.764149 -0.4821422 0.4285038 0.439217 -0.6729495 0.5951701 0.9634696 -0.2646992 0.04075115 0.9618565 0.2645565 0.06958502 -0.1423462 -0.3990144 0.9058285 -0.3582791 0.538578 0.7626074 -0.4375044 0.880468 -0.182664 -0.2435653 0.9310848 -0.2715827 0.2678461 0.9287315 -0.2563519 0.2458763 0.9343512 -0.2579393 -0.988797 0.143294 0.04180026 -0.9913595 -0.06123191 0.1160046 -0.7139367 0.6739057 -0.1901202 -0.8971676 0.434709 -0.07822054 0.8121976 0.537676 0.2263615 0.902573 0.4292384 -0.0334149 0.758081 0.6383762 -0.1333754 0.9855974 -0.1162698 0.1227974 -0.8976863 0.3980663 -0.1889516 -0.9595245 -0.2231232 -0.17184 -0.9528716 -0.2662268 -0.1454616 -0.8699328 0.4577444 -0.1835399 -0.1619387 0.8115168 0.5614413 0.4134029 0.8858114 0.2107993 0.2240009 -0.8766039 0.4258983 -0.1868286 -0.8406875 0.5082712 0.9355612 -0.2262659 0.2711628 0.8388205 0.5033114 0.207504 0.760594 0.3959839 0.5144837 0.7793005 -0.3889072 0.4913674 0.3043622 0.9488604 0.08383023 -0.3012288 0.9520159 -0.05410343 -0.3533913 0.9341374 0.05002224 0.3454856 0.8983125 0.2714304 -0.2278021 -0.9725117 -0.04824185 0.2299182 -0.9723234 0.04153358 0.1797057 -0.9443662 0.2754605 -0.409156 -0.911882 -0.03259772 0.97113 0.2349535 -0.04127258 0.9501295 0.3054752 -0.06276059 0.9476963 -0.3096528 -0.07737606 0.2614725 0.9642081 0.04399031 -0.2610251 0.9622746 0.0767703 -0.2840858 0.9567041 0.06334459 0.3514583 0.936197 0.003519058 -0.9498021 0.3009644 0.08541935 -0.9788275 0.1737154 0.1082577 -0.9766085 0.1870993 0.10597 -0.9503537 -0.3019237 0.07529908 -0.9420452 -0.319339 0.1028283 -0.9419078 -0.3197825 0.1027088 -0.9426879 -0.3172539 0.1033901 -0.9398777 0.3212667 0.1158353 -0.9401577 0.3203725 0.1160384 -0.3230545 -0.9463083 0.01168262 0.2953135 -0.954732 -0.03573328 -0.3197836 -0.9470846 0.02773952 -0.3202108 -0.9469355 0.02789801 -0.3158071 -0.9484598 0.02626562 0.1145281 0.3072412 -0.944715 -0.191637 0.4091719 -0.8921063 -0.2721405 0.9196814 -0.283065 0.3747025 0.8912893 -0.2553457 -0.2973834 -0.8590968 -0.4165525 0.210072 -0.7272815 -0.6534 0.2743422 -0.9607071 -0.04216998 0.2851064 -0.9571053 -0.05161243 0.2689011 -0.9624409 -0.03741604 -0.3651583 -0.930888 0.01035231 0.4235034 -0.2691282 -0.8649943 0.3933459 0.01911675 -0.9191918 0.3882454 0.01496082 -0.9214347 0.4102675 0.03300833 -0.9113677 0.9292466 0.335214 -0.155346 0.9282047 0.3371135 -0.1574501 0.9295591 0.3346407 -0.1547108 0.9496287 -0.2921448 -0.1133886 0.9499748 -0.2903902 -0.1149845 0.9494394 -0.2930916 -0.1125267 -0.9730083 -0.2304854 0.01146346 -0.957584 0.2865894 -0.02999114 -0.9512065 0.3061293 -0.03861683 -0.9525759 0.3020656 -0.03681856 -0.9583268 0.2854629 -0.01099383 -0.9586637 0.2843506 -0.01042419 -0.94397 -0.3245928 0.05966806 0.9290679 0.3695101 0.01718074 0.92821 0.3719155 0.01025396 0.9285735 0.3709161 0.01313185 0.959639 -0.2795315 0.03090727 0.8303734 -0.3139765 -0.4603248 0.8382956 0.4021607 -0.3681405 -0.9298453 -0.3679326 0.003641366 -0.9301257 -0.3672373 0.001721203 -0.9295078 -0.3687551 0.00591886 -0.959931 0.2745558 -0.0561403 -0.9600898 0.2741991 -0.05516058 -0.9597632 0.274931 -0.05716341 -0.8299881 0.1665146 -0.5323464 -0.8173717 -0.4953128 -0.2942261 -0.3264141 0.9394503 -0.1043411 0.291809 0.9560112 -0.0298385 0.2529611 0.7782586 -0.5747385 -0.4252461 0.8006383 -0.4220713 -0.9856723 -0.1663607 -0.02782547 -0.9203369 0.3911263 -5.5672e-4 -0.8915897 0.4527588 0.008793115 -0.9817013 -0.1828466 -0.05319589 0.5008701 0.8434321 -0.1942974 -0.1070001 0.9792598 -0.1720501 -0.1111074 0.9789629 -0.1711344 -0.1105474 0.9790044 -0.1712596 -0.08151692 0.9928621 -0.08706337 -0.1215329 0.9894272 -0.07914388 -0.1158271 0.9900196 -0.08028292 0.333383 0.9409155 -0.059448 -0.4504606 -0.88815 0.0909655 0.0324288 -0.9899099 0.1379376 -0.008346915 -0.9937742 0.1111005 -0.445623 -0.895219 0.001790404 0.1086922 0.9568961 -0.2693247 0.1080746 0.9568921 -0.2695873 0.1126174 0.9569115 -0.2676526 0.2238545 0.9732177 -0.05231231 0.5018638 0.8648743 -0.0111941 0.3425109 0.9168416 -0.2051534 0.971221 -0.2369565 0.02411496 0.932972 0.3599485 -7.79775e-4 0.9335225 0.3585188 -9.56036e-5 0.9314962 0.3637421 -0.002598404 0.9567493 0.2890893 -0.03253275 0.9869439 -0.1564421 -0.03830903 -0.3642288 -0.9266772 0.0927723 0.2685326 -0.960545 0.07241237 0.0377925 -0.9975948 0.05810707 0.3895743 0.919855 -0.04581207 -0.2572786 0.9622777 -0.0884841 -0.1704625 0.9807139 -0.09561777 -0.09642201 0.9887585 -0.1142783 -0.1082107 0.9878709 -0.1113626 0.5227006 0.8498607 -0.06723684 -0.9732865 -0.2026011 -0.1080102 -0.8886101 0.4394504 -0.1313601 -0.9487106 0.2868947 -0.1328151 -0.9665664 -0.2414163 -0.08641499 0.9908791 -0.04085528 0.1284112 0.8727146 0.4865213 -0.04082119 0.878834 0.4567036 0.1381041 0.965495 -0.08387082 0.2465467 -0.6634516 -0.7481849 0.007164776 -0.7500485 -0.3081231 -0.5852243 -0.3716498 -0.9235383 -0.09462314 0.7146139 -0.693183 0.09393864 0.5104019 -0.8401504 0.1834049 0.5066452 -0.8429273 0.181064 0.5077147 -0.84214 0.1817309 0.8714908 -0.4588538 0.1730816 0.8684251 -0.4128648 0.2745555 0.9073578 0.2854501 0.3085778 0.9585543 -0.2358593 0.1598252 0.8660184 -0.07795876 0.4938976 0.802518 0.465689 0.3729597 -0.6408375 0.6301578 -0.4384387 -0.1158871 0.9006977 -0.4187051 -0.2064407 0.5047972 -0.8381898 -0.6799112 0.3356889 -0.6519462 0.7261838 0.6776734 -0.1158271 0.9272209 -0.2641972 -0.2654456 0.5686716 0.3554214 -0.7418143 0.4832051 -0.8055546 0.3429208 0.08047795 -0.9741218 0.2112113 0.02152085 -0.9996683 -0.01415216 0.5169188 -0.8499988 -0.1014754 0.8364909 -0.4676616 0.2856144 0.4281278 -0.865231 0.2609252 0.08301603 -0.9756169 0.2031747 0.6006499 -0.743764 0.293317 0.8170014 0.5734104 -0.06090319 0.9837868 0.007197737 0.1791976 0.9825084 0.05233889 0.1787119 0.759792 0.6430191 -0.09613841 -0.4649081 0.637397 -0.6144799 0.2772829 0.9200782 -0.2767136 0.1118532 0.936123 -0.3334108 -0.640827 0.6301319 -0.4384914 -0.8300647 -0.5016824 -0.2435315 -0.931103 -0.03609597 -0.3629661 -0.6876908 -0.7238169 0.05630761 -0.146757 -0.9870536 0.06471097 0.1394653 -0.9894841 0.03835141 0.2420253 -0.9702671 0.00237441 -0.2332608 -0.9719248 -0.03085184 0.3025009 0.9507095 -0.06815272 -0.2256833 0.971719 -0.06949371 -0.2949221 0.9553467 0.01827013 0.3066573 0.9510852 0.03739631 0.9865325 -0.1537755 0.05573868 0.6949651 0.7178121 -0.04206299 0.7825332 0.6202712 0.05390322 0.9723936 -0.2183793 0.08222603 -0.6715401 0.7402458 -0.03271245 -0.9926354 -0.08228993 0.08890014 -0.977219 -0.2098318 0.03183859 -0.8733084 0.4871611 -0.002589523 0.6701622 0.2592601 0.6954616 0.6718007 0.2617291 0.6929514 0.6819839 0.277338 0.6767435 0.6722313 -0.2565628 0.6944643 0.6737331 -0.2587743 0.6921846 0.6611568 -0.2405224 0.7106481 0.8606696 -0.1608154 0.4831006 0.8616363 -0.1658273 0.4796711 0.859866 -0.156767 0.4858545 0.8618828 0.1671386 0.4787724 0.8608936 0.1619647 0.4823169 0.860087 0.1578688 0.485106 -0.748243 -0.5721163 0.3358802 -0.7479323 -0.5705773 0.3391737 -0.7392135 -0.5368528 0.4066355 0.3004506 -0.570577 0.764311 0.3029667 -0.5721154 0.7621648 0.2472075 -0.5368567 0.8066434 0.3188832 0.5817226 0.7482729 0.3189383 0.5817555 0.7482239 0.2472113 0.5368554 0.8066431 -0.7499923 0.5817535 0.3147612 -0.749987 0.5817212 0.3148334 -0.7392153 0.5368512 0.4066346 0.2540193 0.1255623 -0.9590142 0.251478 0.1279999 -0.9593617 0.2048363 0.1719346 -0.963577 0.2627277 -0.3769803 -0.8881781 0.2620507 -0.3776997 -0.8880723 0.30659 -0.3289431 -0.8931959 -0.2260244 -0.3995059 -0.8884302 -0.2252488 -0.4002116 -0.8883094 -0.1780806 -0.4418862 -0.8792178 -0.2487513 0.1011344 -0.9632729 -0.2463242 0.103864 -0.9636061 -0.2915084 0.05218631 -0.9551438 -0.06991493 -0.8856021 -0.4591525 -0.0533455 -0.8907274 -0.4513967 -0.008523344 -0.9029564 -0.4296478 -0.3206683 -0.5071967 -0.7999521 -0.3163704 -0.4692937 -0.824423 -0.3244865 -0.5460318 -0.7723717 0.1635919 -0.2921708 -0.9422706 0.1491007 -0.2861103 -0.9465252 0.1068928 -0.2681234 -0.9574361 0.359735 -0.7688769 -0.5286012 0.361755 -0.7664346 -0.5307651 0.3932374 -0.7259746 -0.5642032 0.6591975 0.2430174 0.7116188 0.6840265 -0.2741865 0.6759657 0.8627009 -0.1715468 0.47573 0.8629527 0.1729447 0.4747661 -0.7527962 -0.6089003 0.2500766 0.3659969 -0.6088952 0.7037705 0.4038705 0.6292334 0.6640437 -0.7523019 0.6292353 0.1952047 0.2996495 0.0809884 -0.9506057 0.2172566 -0.4239038 -0.879264 -0.2724542 -0.3560049 -0.8938844 -0.202537 0.1522485 -0.9673671 -0.1148363 -0.8700505 -0.4794005 -0.3108825 -0.4264156 -0.8494244 0.2078865 -0.3103242 -0.9276218 0.3306558 -0.8021422 -0.497227</float_array>
          <technique_common>
            <accessor source="#Mesh_003-mesh-normals-array" count="949" stride="3">
              <param name="X" type="float"/>
              <param name="Y" type="float"/>
              <param name="Z" type="float"/>
            </accessor>
          </technique_common>
        </source>
        <source id="Mesh_003-mesh-map">
          <float_array id="Mesh_003-mesh-map-array" count="2784">0.08207046 0.008604347 0.101451 0.03785413 0.07950156 0.03650486 0.07950156 0.03650486 0.06260687 0.006816864 0.08207046 0.008604347 0.7875504 0.001446962 0.8032495 0.005849838 0.7879145 0.006814718 0.7879145 0.006814718 0.7724261 0.01465421 0.7875504 0.001446962 0.8335431 0.04134255 0.8164604 0.04379093 0.8293339 0.03413158 0.8335431 0.04134255 0.8439185 0.02617156 0.8471617 0.0340715 0.8335431 0.04134255 0.8504341 0.04278159 0.8398036 0.05079758 0.8335431 0.04134255 0.8283452 0.05677098 0.8209326 0.0507819 0.1518984 0.416279 0.1714106 0.2998303 0.1737512 0.4145033 0.1714106 0.2998303 0.1998938 0.4161543 0.1737512 0.4145033 0.1998938 0.4161543 0.1793739 0.5419269 0.1737512 0.4145033 0.1793739 0.5419269 0.1518984 0.416279 0.1737512 0.4145033 0.1240356 0.422723 0.09180617 0.315056 0.1185443 0.3053958 0.1185443 0.3053958 0.1518984 0.416279 0.1240356 0.422723 0.1240356 0.422723 0.1570213 0.542324 0.1281608 0.5447656 0.1281608 0.5447656 0.094576 0.4295126 0.1240356 0.422723 0.001750588 0.4199615 0.02665442 0.3078877 0.02487874 0.4258648 0.02487874 0.4258648 0.04583537 0.3164812 0.04610222 0.4309517 0.04610222 0.4309517 0.02343219 0.5476536 0.02487874 0.4258648 0.02343219 0.5476536 0.001750588 0.4199615 0.02487874 0.4258648 0.148007 0.9751592 0.1258195 0.970402 0.1463888 0.9511277 0.1463888 0.9511277 0.1674898 0.9555537 0.148007 0.9751592 0.7069045 0.037476 0.7234307 0.035806 0.7311773 0.05037027 0.7311773 0.05037027 0.7421593 0.03928577 0.7579475 0.05037027 0.1579825 0.6299923 0.1793739 0.5419269 0.1810913 0.6299731 0.1810913 0.6299731 0.2107363 0.5588474 0.208732 0.6385057 0.208732 0.6385057 0.182341 0.7141464 0.1810913 0.6299731 0.182341 0.7141464 0.1579825 0.6299923 0.1810913 0.6299731 0.08006346 0.6329125 0.04621589 0.5648502 0.07606983 0.548893 0.07606983 0.548893 0.1030331 0.6316549 0.08006346 0.6329125 0.08006346 0.6329125 0.1088641 0.7221021 0.08530128 0.7240911 0.08530128 0.7240911 0.05308949 0.6429228 0.08006346 0.6329125 0.1304711 0.6307898 0.09893089 0.5474739 0.1281608 0.5447656 0.1281608 0.5447656 0.1579825 0.6299923 0.1304711 0.6307898 0.1304711 0.6307898 0.1587191 0.7156903 0.1337952 0.7189471 0.1337952 0.7189471 0.1030331 0.6316549 0.1304711 0.6307898 0.08694922 0.9964835 0.1047895 0.9778228 0.1072319 1 0.1047895 0.9778228 0.1267149 0.9934988 0.1072319 1 0.7579475 0.05037027 0.7458384 0.02872985 0.7708268 0.03557974 0.7458384 0.02872985 0.7675283 0.01624125 0.7708268 0.03557974 0.03988587 0.9683575 0.0593611 0.9582498 0.06258189 0.9826426 0.06258189 0.9826426 0.08294254 0.9734367 0.08694922 0.9964835 0.7446307 0.002337515 0.7482113 0.01772344 0.7303565 0.01100558 0.7303565 0.01100558 0.7171661 7.89042e-4 0.7446307 0.002337515 0.1863543 0.9492418 0.1667692 0.9312452 0.1881706 0.9245519 0.1863543 0.9492418 0.2099685 0.9315438 0.2039051 0.9559897 0.7027053 0.01654011 0.7172396 0.009497761 0.710479 0.01882451 0.7027053 0.01654011 0.7114562 0.03026396 0.7069045 0.037476 0.2829108 0.07229751 0.2521726 0.001720011 0.3010582 0.06891232 0.3010582 0.06891232 0.323545 0.1204496 0.2829108 0.07229751 0.323545 0.1204496 0.2744593 0.08749651 0.2829108 0.07229751 0.2829108 0.07229751 0.2128291 0.03169012 0.2236543 0.006067574 0.3174504 0.04498738 0.3531592 0.08767747 0.3276227 0.07513386 0.3531592 0.08767747 0.3499382 0.1130911 0.3276227 0.07513386 0.3276227 0.07513386 0.335771 0.1154199 0.3010582 0.06891232 0.3010582 0.06891232 0.3174504 0.04498738 0.3276227 0.07513386 0.4402975 0.08446419 0.403719 0.07484441 0.4537743 0.05655437 0.4537743 0.05655437 0.4662172 0.08389192 0.4402975 0.08446419 0.4402975 0.08446419 0.4285327 0.1192486 0.4137867 0.1167059 0.4137867 0.1167059 0.4131959 0.09369248 0.4402975 0.08446419 0.3698813 0.2590335 0.3537908 0.2231448 0.364669 0.2200708 0.3698813 0.2590335 0.3742939 0.2192844 0.3791752 0.2580461 0.3698813 0.2590335 0.381158 0.2764918 0.3746238 0.2834832 0.3698813 0.2590335 0.3656032 0.2791385 0.3602157 0.2616135 0.3818536 0.1013182 0.370459 0.07206314 0.3882716 0.06250268 0.3818536 0.1013182 0.403719 0.07484441 0.4131959 0.09369248 0.3818536 0.1013182 0.4044335 0.1183832 0.3823022 0.11769 0.3818536 0.1013182 0.3598408 0.1155856 0.3531592 0.08767747 0.4012433 0.260282 0.4116419 0.2237721 0.4107989 0.2618237 0.4116419 0.2237721 0.4211106 0.2631722 0.4107989 0.2618237 0.4107989 0.2618237 0.4149565 0.2810197 0.4054857 0.2850931 0.4107989 0.2618237 0.3987514 0.2778261 0.4012433 0.260282 0.3509654 0.2655618 0.3336827 0.2320921 0.3438113 0.2274402 0.3438113 0.2274402 0.3602157 0.2616135 0.3509654 0.2655618 0.3509654 0.2655618 0.3656032 0.2791385 0.3607845 0.2876867 0.3509654 0.2655618 0.3511753 0.285556 0.3416348 0.2699643 0.3791752 0.2580461 0.3878103 0.2209401 0.3900956 0.2592713 0.3900956 0.2592713 0.4015479 0.222917 0.4012433 0.260282 0.3900956 0.2592713 0.3987514 0.2778261 0.3898004 0.2830908 0.3900956 0.2592713 0.381158 0.2764918 0.3791752 0.2580461 0.1869333 0.8290265 0.1587191 0.7156903 0.182341 0.7141464 0.182341 0.7141464 0.2106676 0.8319674 0.1869333 0.8290265 0.2106676 0.8319674 0.1881706 0.9245519 0.1869333 0.8290265 0.1881706 0.9245519 0.1636094 0.8337957 0.1869333 0.8290265 0.02118682 0.8452987 0.03435665 0.743018 0.04600119 0.8528748 0.03435665 0.743018 0.07060712 0.8610908 0.04600119 0.8528748 0.07060712 0.8610908 0.0593611 0.9582498 0.04600119 0.8528748 0.04600119 0.8528748 0.03500699 0.9431896 0.02118682 0.8452987 0.07060712 0.8610908 0.08530128 0.7240911 0.09438794 0.8630346 0.08530128 0.7240911 0.1177284 0.8581229 0.09438794 0.8630346 0.09438794 0.8630346 0.1258195 0.970402 0.1047895 0.9778228 0.09438794 0.8630346 0.08294254 0.9734367 0.07060712 0.8610908 0.1406851 0.8460199 0.1088641 0.7221021 0.1337952 0.7189471 0.1337952 0.7189471 0.1636094 0.8337957 0.1406851 0.8460199 0.1406851 0.8460199 0.1667692 0.9312452 0.1463888 0.9511277 0.1463888 0.9511277 0.1177284 0.8581229 0.1406851 0.8460199 0.8188205 0.0164538 0.8140893 0.03461408 0.8134429 0.01822018 0.8134429 0.01822018 0.8070425 7.90404e-4 0.8188205 0.0164538 0.06260687 0.006816864 0.0393235 0.03042048 0.04329919 0.004166603 0.04329919 0.004166603 0.01766538 0.02656495 0.02396547 7.904e-4 0.7724261 0.03478825 0.7763124 0.01710855 0.7764086 0.03300386 0.7724261 0.03478825 0.7859166 0.04551076 0.7840683 0.0500164 0.1225941 0.009594142 0.1435544 0.03560703 0.1231943 0.03752404 0.1231943 0.03752404 0.1022543 0.00987035 0.1225941 0.009594142 0.8031725 0.04928153 0.7859166 0.04551076 0.8016909 0.0449472 0.8031725 0.04928153 0.8140893 0.03461408 0.818597 0.03659194 0.1611345 0.005604267 0.1858732 0.02822768 0.1636808 0.03177565 0.1636808 0.03177565 0.1421142 0.008395254 0.1611345 0.005604267 0.1006523 0.1021574 0.07315313 0.1772899 0.07667756 0.100391 0.07667756 0.100391 0.05099368 0.1747469 0.05471563 0.09759718 0.05471563 0.09759718 0.07950156 0.03650486 0.07667756 0.100391 0.07667756 0.100391 0.101451 0.03785413 0.1006523 0.1021574 0.9194388 0.04240638 0.9091103 0.02868193 0.9240285 0.03583163 0.9240285 0.03583163 0.9325548 0.05033141 0.9194388 0.04240638 0.9194388 0.04240638 0.9254475 0.05677098 0.9134746 0.05178922 0.9194388 0.04240638 0.9026775 0.04442703 0.905964 0.03605067 0.8471617 0.0340715 0.860123 0.02256119 0.8617976 0.03119397 0.8617976 0.03119397 0.8763443 0.02147948 0.8764688 0.03002375 0.8617976 0.03119397 0.8763977 0.03910958 0.8637849 0.04218053 0.8617976 0.03119397 0.8504341 0.04278159 0.8471617 0.0340715 0.8764688 0.03002375 0.8928025 0.02411592 0.891223 0.03264105 0.8928025 0.02411592 0.905964 0.03605067 0.891223 0.03264105 0.891223 0.03264105 0.9026775 0.04442703 0.8891393 0.04335761 0.891223 0.03264105 0.8763977 0.03910958 0.8764688 0.03002375 0.07058477 0.4320662 0.09893089 0.5474739 0.07606983 0.548893 0.07606983 0.548893 0.04610222 0.4309517 0.07058477 0.4320662 0.04610222 0.4309517 0.06802529 0.3188442 0.07058477 0.4320662 0.06802529 0.3188442 0.094576 0.4295126 0.07058477 0.4320662 0.01076024 0.222328 0.03430283 0.1689739 0.03037846 0.2318146 0.03037846 0.2318146 0.05099368 0.1747469 0.04741168 0.2402545 0.04741168 0.2402545 0.02665442 0.3078877 0.03037846 0.2318146 0.03037846 0.2318146 0.002875328 0.2867079 0.01076024 0.222328 0.1173037 0.2345989 0.09764629 0.1780438 0.1200832 0.1781094 0.1200832 0.1781094 0.1420441 0.2290439 0.1173037 0.2345989 0.1173037 0.2345989 0.1465969 0.2836314 0.1185443 0.3053958 0.1185443 0.3053958 0.09320461 0.2403807 0.1173037 0.2345989 0.6582617 0.1185312 0.6662769 0.06968539 0.676922 0.08038252 0.6662769 0.06968539 0.6919891 0.05766505 0.676922 0.08038252 0.676922 0.08038252 0.6931202 0.07119613 0.6851879 0.08597111 0.676922 0.08038252 0.6698663 0.1168375 0.6582617 0.1185312 0.1640446 0.09665584 0.1435544 0.03560703 0.1636808 0.03177565 0.1636808 0.03177565 0.1868596 0.09207272 0.1640446 0.09665584 0.1868596 0.09207272 0.161794 0.1475272 0.1640446 0.09665584 0.161794 0.1475272 0.143981 0.1018603 0.1640446 0.09665584 0.1006523 0.1021574 0.1231943 0.03752404 0.1232624 0.1029511 0.1231943 0.03752404 0.143981 0.1018603 0.1232624 0.1029511 0.143981 0.1018603 0.1200832 0.1781094 0.1232624 0.1029511 0.1200832 0.1781094 0.1006523 0.1021574 0.1232624 0.1029511 0.01421856 0.0908904 0.0393235 0.03042048 0.0360856 0.09349066 0.0360856 0.09349066 0.05890399 0.03434383 0.05471563 0.09759718 0.05471563 0.09759718 0.03430283 0.1689739 0.0360856 0.09349066 0.0360856 0.09349066 0.009128272 0.1622309 0.01421856 0.0908904 0.06921404 0.2426545 0.09180617 0.315056 0.06802529 0.3188442 0.06921404 0.2426545 0.04583537 0.3164812 0.04741168 0.2402545 0.04741168 0.2402545 0.07315313 0.1772899 0.06921404 0.2426545 0.07315313 0.1772899 0.09320461 0.2403807 0.06921404 0.2426545 0.5521315 0.08297413 0.5692469 0.1070844 0.5579065 0.111214 0.5579065 0.111214 0.5415912 0.08507752 0.5521315 0.08297413 0.5521315 0.08297413 0.5427975 0.06803321 0.5523894 0.06629818 0.5523894 0.06629818 0.5646012 0.07949537 0.5521315 0.08297413 0.6096245 0.2229937 0.6156849 0.2060906 0.6152986 0.2236942 0.6152986 0.2236942 0.6231027 0.2086684 0.6200652 0.2262731 0.6200652 0.2262731 0.6150496 0.2303996 0.6152986 0.2236942 0.6152986 0.2236942 0.6095537 0.2288002 0.6096245 0.2229937 0.5715084 0.05691689 0.594708 0.07005202 0.5786868 0.07608789 0.594708 0.07005202 0.5838972 0.108815 0.5786868 0.07608789 0.5786868 0.07608789 0.5692469 0.1070844 0.5646012 0.07949537 0.5786868 0.07608789 0.5631523 0.06699442 0.5715084 0.05691689 0.5539419 0.04852825 0.5320726 0.01321554 0.5586418 0 0.5539419 0.04852825 0.5821958 0.01711946 0.5715084 0.05691689 0.5539419 0.04852825 0.5631523 0.06699442 0.5523894 0.06629818 0.5523894 0.06629818 0.5382182 0.05534279 0.5539419 0.04852825 0.6200652 0.2262731 0.6315557 0.2114107 0.6270581 0.2312005 0.6270581 0.2312005 0.6398807 0.2131224 0.6343215 0.2352896 0.6270581 0.2312005 0.6310511 0.2385267 0.6251506 0.2363325 0.6270581 0.2312005 0.6198075 0.231142 0.6200652 0.2262731 0.5901734 0.2332341 0.5766951 0.2164395 0.5839979 0.2114233 0.5839979 0.2114233 0.5958463 0.227879 0.5901734 0.2332341 0.5901734 0.2332341 0.5971833 0.2331991 0.592577 0.2387726 0.592577 0.2387726 0.5839783 0.2380472 0.5901734 0.2332341 0.6021771 0.2247716 0.5915464 0.2064825 0.599532 0.204223 0.599532 0.204223 0.6096245 0.2229937 0.6021771 0.2247716 0.6021771 0.2247716 0.6095537 0.2288002 0.6031395 0.232084 0.6031395 0.232084 0.5958463 0.227879 0.6021771 0.2247716 0.5819632 0.1576364 0.5838972 0.108815 0.5935071 0.1585649 0.5935071 0.1585649 0.6026744 0.1201381 0.6037587 0.162427 0.6037587 0.162427 0.599532 0.204223 0.5935071 0.1585649 0.5935071 0.1585649 0.5915464 0.2064825 0.5819632 0.1576364 0.5725587 0.1621237 0.5492545 0.1185734 0.5579065 0.111214 0.5579065 0.111214 0.5819632 0.1576364 0.5725587 0.1621237 0.5725587 0.1621237 0.5915464 0.2064825 0.5839979 0.2114233 0.5839979 0.2114233 0.5646269 0.1691175 0.5725587 0.1621237 0.6390681 0.1674321 0.6397438 0.125245 0.6582617 0.1185312 0.6582617 0.1185312 0.6494852 0.1656488 0.6390681 0.1674321 0.6390681 0.1674321 0.6398807 0.2131224 0.6315557 0.2114107 0.6315557 0.2114107 0.6290544 0.1683413 0.6390681 0.1674321 0.6037587 0.162427 0.6217655 0.1488054 0.6159631 0.1664814 0.6217655 0.1488054 0.6290544 0.1683413 0.6159631 0.1664814 0.6290544 0.1683413 0.6156849 0.2060906 0.6159631 0.1664814 0.6159631 0.1664814 0.6080521 0.2041509 0.6037587 0.162427 0.3679061 0.1648613 0.3823022 0.11769 0.3841564 0.1660836 0.3841564 0.1660836 0.4044335 0.1183832 0.4007777 0.1686664 0.4007777 0.1686664 0.3878103 0.2209401 0.3841564 0.1660836 0.3841564 0.1660836 0.3742939 0.2192844 0.3679061 0.1648613 0.3371872 0.175492 0.31143 0.1284626 0.323545 0.1204496 0.323545 0.1204496 0.347594 0.1705759 0.3371872 0.175492 0.3371872 0.175492 0.3537908 0.2231448 0.3438113 0.2274402 0.3438113 0.2274402 0.3260573 0.180476 0.3371872 0.175492 0.4101825 0.1699424 0.4044335 0.1183832 0.4137867 0.1167059 0.4137867 0.1167059 0.4229277 0.1719889 0.4101825 0.1699424 0.4101825 0.1699424 0.4226974 0.2240291 0.4116419 0.2237721 0.4101825 0.1699424 0.4015479 0.222917 0.4007777 0.1686664 0.347594 0.1705759 0.3499382 0.1130911 0.358731 0.1665714 0.358731 0.1665714 0.3598408 0.1155856 0.3679061 0.1648613 0.3679061 0.1648613 0.364669 0.2200708 0.358731 0.1665714 0.364669 0.2200708 0.347594 0.1705759 0.358731 0.1665714 0.08207046 0.008604347 0.1022543 0.00987035 0.101451 0.03785413 0.07950156 0.03650486 0.05890399 0.03434383 0.06260687 0.006816864 0.7875504 0.001446962 0.8070425 7.90404e-4 0.8032495 0.005849838 0.7879145 0.006814718 0.7763124 0.01710855 0.7724261 0.01465421 0.8335431 0.04134255 0.8209326 0.0507819 0.8164604 0.04379093 0.8335431 0.04134255 0.8293339 0.03413158 0.8439185 0.02617156 0.8335431 0.04134255 0.8471617 0.0340715 0.8504341 0.04278159 0.8335431 0.04134255 0.8398036 0.05079758 0.8283452 0.05677098 0.1518984 0.416279 0.1465969 0.2836314 0.1714106 0.2998303 0.1714106 0.2998303 0.1956645 0.2823083 0.1998938 0.4161543 0.1998938 0.4161543 0.2107363 0.5588474 0.1793739 0.5419269 0.1793739 0.5419269 0.1570213 0.542324 0.1518984 0.416279 0.1240356 0.422723 0.094576 0.4295126 0.09180617 0.315056 0.1185443 0.3053958 0.1465969 0.2836314 0.1518984 0.416279 0.1240356 0.422723 0.1518984 0.416279 0.1570213 0.542324 0.1281608 0.5447656 0.09893089 0.5474739 0.094576 0.4295126 0.001750588 0.4199615 0.002875328 0.2867079 0.02665442 0.3078877 0.02487874 0.4258648 0.02665442 0.3078877 0.04583537 0.3164812 0.04610222 0.4309517 0.04621589 0.5648502 0.02343219 0.5476536 0.02343219 0.5476536 0 0.5620411 0.001750588 0.4199615 0.148007 0.9751592 0.1267149 0.9934988 0.1258195 0.970402 0.1463888 0.9511277 0.1667692 0.9312452 0.1674898 0.9555537 0.7069045 0.037476 0.7114562 0.03026396 0.7234307 0.035806 0.7311773 0.05037027 0.7234307 0.035806 0.7421593 0.03928577 0.1579825 0.6299923 0.1570213 0.542324 0.1793739 0.5419269 0.1810913 0.6299731 0.1793739 0.5419269 0.2107363 0.5588474 0.208732 0.6385057 0.2107363 0.7094483 0.182341 0.7141464 0.182341 0.7141464 0.1587191 0.7156903 0.1579825 0.6299923 0.08006346 0.6329125 0.05308949 0.6429228 0.04621589 0.5648502 0.07606983 0.548893 0.09893089 0.5474739 0.1030331 0.6316549 0.08006346 0.6329125 0.1030331 0.6316549 0.1088641 0.7221021 0.08530128 0.7240911 0.05688881 0.7178862 0.05308949 0.6429228 0.1304711 0.6307898 0.1030331 0.6316549 0.09893089 0.5474739 0.1281608 0.5447656 0.1570213 0.542324 0.1579825 0.6299923 0.1304711 0.6307898 0.1579825 0.6299923 0.1587191 0.7156903 0.1337952 0.7189471 0.1088641 0.7221021 0.1030331 0.6316549 0.08694922 0.9964835 0.08294254 0.9734367 0.1047895 0.9778228 0.1047895 0.9778228 0.1258195 0.970402 0.1267149 0.9934988 0.7579475 0.05037027 0.7421593 0.03928577 0.7458384 0.02872985 0.7458384 0.02872985 0.7482113 0.01772344 0.7675283 0.01624125 0.03988587 0.9683575 0.03500699 0.9431896 0.0593611 0.9582498 0.06258189 0.9826426 0.0593611 0.9582498 0.08294254 0.9734367 0.7446307 0.002337515 0.7675283 0.01624125 0.7482113 0.01772344 0.7303565 0.01100558 0.7172396 0.009497761 0.7171661 7.89042e-4 0.1863543 0.9492418 0.1674898 0.9555537 0.1667692 0.9312452 0.1863543 0.9492418 0.1881706 0.9245519 0.2099685 0.9315438 0.7027053 0.01654011 0.7171661 7.89042e-4 0.7172396 0.009497761 0.7027053 0.01654011 0.710479 0.01882451 0.7114562 0.03026396 0.2829108 0.07229751 0.2236543 0.006067574 0.2521726 0.001720011 0.3010582 0.06891232 0.335771 0.1154199 0.323545 0.1204496 0.323545 0.1204496 0.31143 0.1284626 0.2744593 0.08749651 0.2829108 0.07229751 0.2744593 0.08749651 0.2128291 0.03169012 0.3174504 0.04498738 0.370459 0.07206314 0.3531592 0.08767747 0.3531592 0.08767747 0.3598408 0.1155856 0.3499382 0.1130911 0.3276227 0.07513386 0.3499382 0.1130911 0.335771 0.1154199 0.3010582 0.06891232 0.2521726 0.001720011 0.3174504 0.04498738 0.4402975 0.08446419 0.4131959 0.09369248 0.403719 0.07484441 0.4537743 0.05655437 0.529886 0.02932947 0.4662172 0.08389192 0.4402975 0.08446419 0.4662172 0.08389192 0.4285327 0.1192486 0.4137867 0.1167059 0.4044335 0.1183832 0.4131959 0.09369248 0.3698813 0.2590335 0.3602157 0.2616135 0.3537908 0.2231448 0.3698813 0.2590335 0.364669 0.2200708 0.3742939 0.2192844 0.3698813 0.2590335 0.3791752 0.2580461 0.381158 0.2764918 0.3698813 0.2590335 0.3746238 0.2834832 0.3656032 0.2791385 0.3818536 0.1013182 0.3531592 0.08767747 0.370459 0.07206314 0.3818536 0.1013182 0.3882716 0.06250268 0.403719 0.07484441 0.3818536 0.1013182 0.4131959 0.09369248 0.4044335 0.1183832 0.3818536 0.1013182 0.3823022 0.11769 0.3598408 0.1155856 0.4012433 0.260282 0.4015479 0.222917 0.4116419 0.2237721 0.4116419 0.2237721 0.4226974 0.2240291 0.4211106 0.2631722 0.4107989 0.2618237 0.4211106 0.2631722 0.4149565 0.2810197 0.4107989 0.2618237 0.4054857 0.2850931 0.3987514 0.2778261 0.3509654 0.2655618 0.3416348 0.2699643 0.3336827 0.2320921 0.3438113 0.2274402 0.3537908 0.2231448 0.3602157 0.2616135 0.3509654 0.2655618 0.3602157 0.2616135 0.3656032 0.2791385 0.3509654 0.2655618 0.3607845 0.2876867 0.3511753 0.285556 0.3791752 0.2580461 0.3742939 0.2192844 0.3878103 0.2209401 0.3900956 0.2592713 0.3878103 0.2209401 0.4015479 0.222917 0.3900956 0.2592713 0.4012433 0.260282 0.3987514 0.2778261 0.3900956 0.2592713 0.3898004 0.2830908 0.381158 0.2764918 0.1869333 0.8290265 0.1636094 0.8337957 0.1587191 0.7156903 0.182341 0.7141464 0.2107363 0.7094483 0.2106676 0.8319674 0.2106676 0.8319674 0.2099685 0.9315438 0.1881706 0.9245519 0.1881706 0.9245519 0.1667692 0.9312452 0.1636094 0.8337957 0.02118682 0.8452987 0.004974365 0.7240039 0.03435665 0.743018 0.03435665 0.743018 0.05688881 0.7178862 0.07060712 0.8610908 0.07060712 0.8610908 0.08294254 0.9734367 0.0593611 0.9582498 0.04600119 0.8528748 0.0593611 0.9582498 0.03500699 0.9431896 0.07060712 0.8610908 0.05688881 0.7178862 0.08530128 0.7240911 0.08530128 0.7240911 0.1088641 0.7221021 0.1177284 0.8581229 0.09438794 0.8630346 0.1177284 0.8581229 0.1258195 0.970402 0.09438794 0.8630346 0.1047895 0.9778228 0.08294254 0.9734367 0.1406851 0.8460199 0.1177284 0.8581229 0.1088641 0.7221021 0.1337952 0.7189471 0.1587191 0.7156903 0.1636094 0.8337957 0.1406851 0.8460199 0.1636094 0.8337957 0.1667692 0.9312452 0.1463888 0.9511277 0.1258195 0.970402 0.1177284 0.8581229 0.8188205 0.0164538 0.818597 0.03659194 0.8140893 0.03461408 0.8134429 0.01822018 0.8032495 0.005849838 0.8070425 7.90404e-4 0.06260687 0.006816864 0.05890399 0.03434383 0.0393235 0.03042048 0.04329919 0.004166603 0.0393235 0.03042048 0.01766538 0.02656495 0.7724261 0.03478825 0.7724261 0.01465421 0.7763124 0.01710855 0.7724261 0.03478825 0.7764086 0.03300386 0.7859166 0.04551076 0.1225941 0.009594142 0.1421142 0.008395254 0.1435544 0.03560703 0.1231943 0.03752404 0.101451 0.03785413 0.1022543 0.00987035 0.8031725 0.04928153 0.7840683 0.0500164 0.7859166 0.04551076 0.8031725 0.04928153 0.8016909 0.0449472 0.8140893 0.03461408 0.1611345 0.005604267 0.1804057 0.002435266 0.1858732 0.02822768 0.1636808 0.03177565 0.1435544 0.03560703 0.1421142 0.008395254 0.1006523 0.1021574 0.09764629 0.1780438 0.07315313 0.1772899 0.07667756 0.100391 0.07315313 0.1772899 0.05099368 0.1747469 0.05471563 0.09759718 0.05890399 0.03434383 0.07950156 0.03650486 0.07667756 0.100391 0.07950156 0.03650486 0.101451 0.03785413 0.9194388 0.04240638 0.905964 0.03605067 0.9091103 0.02868193 0.9240285 0.03583163 0.9376248 0.04386472 0.9325548 0.05033141 0.9194388 0.04240638 0.9325548 0.05033141 0.9254475 0.05677098 0.9194388 0.04240638 0.9134746 0.05178922 0.9026775 0.04442703 0.8471617 0.0340715 0.8439185 0.02617156 0.860123 0.02256119 0.8617976 0.03119397 0.860123 0.02256119 0.8763443 0.02147948 0.8617976 0.03119397 0.8764688 0.03002375 0.8763977 0.03910958 0.8617976 0.03119397 0.8637849 0.04218053 0.8504341 0.04278159 0.8764688 0.03002375 0.8763443 0.02147948 0.8928025 0.02411592 0.8928025 0.02411592 0.9091103 0.02868193 0.905964 0.03605067 0.891223 0.03264105 0.905964 0.03605067 0.9026775 0.04442703 0.891223 0.03264105 0.8891393 0.04335761 0.8763977 0.03910958 0.07058477 0.4320662 0.094576 0.4295126 0.09893089 0.5474739 0.07606983 0.548893 0.04621589 0.5648502 0.04610222 0.4309517 0.04610222 0.4309517 0.04583537 0.3164812 0.06802529 0.3188442 0.06802529 0.3188442 0.09180617 0.315056 0.094576 0.4295126 0.01076024 0.222328 0.009128272 0.1622309 0.03430283 0.1689739 0.03037846 0.2318146 0.03430283 0.1689739 0.05099368 0.1747469 0.04741168 0.2402545 0.04583537 0.3164812 0.02665442 0.3078877 0.03037846 0.2318146 0.02665442 0.3078877 0.002875328 0.2867079 0.1173037 0.2345989 0.09320461 0.2403807 0.09764629 0.1780438 0.1200832 0.1781094 0.1461088 0.1795547 0.1420441 0.2290439 0.1173037 0.2345989 0.1420441 0.2290439 0.1465969 0.2836314 0.1185443 0.3053958 0.09180617 0.315056 0.09320461 0.2403807 0.6582617 0.1185312 0.6397438 0.125245 0.6662769 0.06968539 0.6662769 0.06968539 0.7014185 0.01585716 0.6919891 0.05766505 0.676922 0.08038252 0.6919891 0.05766505 0.6931202 0.07119613 0.676922 0.08038252 0.6851879 0.08597111 0.6698663 0.1168375 0.1640446 0.09665584 0.143981 0.1018603 0.1435544 0.03560703 0.1636808 0.03177565 0.1858732 0.02822768 0.1868596 0.09207272 0.1868596 0.09207272 0.1868984 0.1638829 0.161794 0.1475272 0.161794 0.1475272 0.1461088 0.1795547 0.143981 0.1018603 0.1006523 0.1021574 0.101451 0.03785413 0.1231943 0.03752404 0.1231943 0.03752404 0.1435544 0.03560703 0.143981 0.1018603 0.143981 0.1018603 0.1461088 0.1795547 0.1200832 0.1781094 0.1200832 0.1781094 0.09764629 0.1780438 0.1006523 0.1021574 0.01421856 0.0908904 0.01766538 0.02656495 0.0393235 0.03042048 0.0360856 0.09349066 0.0393235 0.03042048 0.05890399 0.03434383 0.05471563 0.09759718 0.05099368 0.1747469 0.03430283 0.1689739 0.0360856 0.09349066 0.03430283 0.1689739 0.009128272 0.1622309 0.06921404 0.2426545 0.09320461 0.2403807 0.09180617 0.315056 0.06921404 0.2426545 0.06802529 0.3188442 0.04583537 0.3164812 0.04741168 0.2402545 0.05099368 0.1747469 0.07315313 0.1772899 0.07315313 0.1772899 0.09764629 0.1780438 0.09320461 0.2403807 0.5521315 0.08297413 0.5646012 0.07949537 0.5692469 0.1070844 0.5579065 0.111214 0.5492545 0.1185734 0.5415912 0.08507752 0.5521315 0.08297413 0.5415912 0.08507752 0.5427975 0.06803321 0.5523894 0.06629818 0.5631523 0.06699442 0.5646012 0.07949537 0.6096245 0.2229937 0.6080521 0.2041509 0.6156849 0.2060906 0.6152986 0.2236942 0.6156849 0.2060906 0.6231027 0.2086684 0.6200652 0.2262731 0.6198075 0.231142 0.6150496 0.2303996 0.6152986 0.2236942 0.6150496 0.2303996 0.6095537 0.2288002 0.5715084 0.05691689 0.5821958 0.01711946 0.594708 0.07005202 0.594708 0.07005202 0.6026744 0.1201381 0.5838972 0.108815 0.5786868 0.07608789 0.5838972 0.108815 0.5692469 0.1070844 0.5786868 0.07608789 0.5646012 0.07949537 0.5631523 0.06699442 0.5539419 0.04852825 0.5382182 0.05534279 0.5320726 0.01321554 0.5539419 0.04852825 0.5586418 0 0.5821958 0.01711946 0.5539419 0.04852825 0.5715084 0.05691689 0.5631523 0.06699442 0.5523894 0.06629818 0.5427975 0.06803321 0.5382182 0.05534279 0.6200652 0.2262731 0.6231027 0.2086684 0.6315557 0.2114107 0.6270581 0.2312005 0.6315557 0.2114107 0.6398807 0.2131224 0.6270581 0.2312005 0.6343215 0.2352896 0.6310511 0.2385267 0.6270581 0.2312005 0.6251506 0.2363325 0.6198075 0.231142 0.5901734 0.2332341 0.5839783 0.2380472 0.5766951 0.2164395 0.5839979 0.2114233 0.5915464 0.2064825 0.5958463 0.227879 0.5901734 0.2332341 0.5958463 0.227879 0.5971833 0.2331991 0.592577 0.2387726 0.5873827 0.2411428 0.5839783 0.2380472 0.6021771 0.2247716 0.5958463 0.227879 0.5915464 0.2064825 0.599532 0.204223 0.6080521 0.2041509 0.6096245 0.2229937 0.6021771 0.2247716 0.6096245 0.2229937 0.6095537 0.2288002 0.6031395 0.232084 0.5971833 0.2331991 0.5958463 0.227879 0.5819632 0.1576364 0.5692469 0.1070844 0.5838972 0.108815 0.5935071 0.1585649 0.5838972 0.108815 0.6026744 0.1201381 0.6037587 0.162427 0.6080521 0.2041509 0.599532 0.204223 0.5935071 0.1585649 0.599532 0.204223 0.5915464 0.2064825 0.5725587 0.1621237 0.5646269 0.1691175 0.5492545 0.1185734 0.5579065 0.111214 0.5692469 0.1070844 0.5819632 0.1576364 0.5725587 0.1621237 0.5819632 0.1576364 0.5915464 0.2064825 0.5839979 0.2114233 0.5766951 0.2164395 0.5646269 0.1691175 0.6390681 0.1674321 0.6290544 0.1683413 0.6397438 0.125245 0.6582617 0.1185312 0.6698663 0.1168375 0.6494852 0.1656488 0.6390681 0.1674321 0.6494852 0.1656488 0.6398807 0.2131224 0.6315557 0.2114107 0.6231027 0.2086684 0.6290544 0.1683413 0.6037587 0.162427 0.6026744 0.1201381 0.6217655 0.1488054 0.6217655 0.1488054 0.6397438 0.125245 0.6290544 0.1683413 0.6290544 0.1683413 0.6231027 0.2086684 0.6156849 0.2060906 0.6159631 0.1664814 0.6156849 0.2060906 0.6080521 0.2041509 0.3679061 0.1648613 0.3598408 0.1155856 0.3823022 0.11769 0.3841564 0.1660836 0.3823022 0.11769 0.4044335 0.1183832 0.4007777 0.1686664 0.4015479 0.222917 0.3878103 0.2209401 0.3841564 0.1660836 0.3878103 0.2209401 0.3742939 0.2192844 0.3371872 0.175492 0.3260573 0.180476 0.31143 0.1284626 0.323545 0.1204496 0.335771 0.1154199 0.347594 0.1705759 0.3371872 0.175492 0.347594 0.1705759 0.3537908 0.2231448 0.3438113 0.2274402 0.3336827 0.2320921 0.3260573 0.180476 0.4101825 0.1699424 0.4007777 0.1686664 0.4044335 0.1183832 0.4137867 0.1167059 0.4285327 0.1192486 0.4229277 0.1719889 0.4101825 0.1699424 0.4229277 0.1719889 0.4226974 0.2240291 0.4101825 0.1699424 0.4116419 0.2237721 0.4015479 0.222917 0.347594 0.1705759 0.335771 0.1154199 0.3499382 0.1130911 0.358731 0.1665714 0.3499382 0.1130911 0.3598408 0.1155856 0.3679061 0.1648613 0.3742939 0.2192844 0.364669 0.2200708 0.364669 0.2200708 0.3537908 0.2231448 0.347594 0.1705759 0.7239326 0.02264171 0.7114562 0.03026396 0.710479 0.01882451 0.7239326 0.02264171 0.7172396 0.009497761 0.7303565 0.01100558 0.7303565 0.01100558 0.7458384 0.02872985 0.7239326 0.02264171 0.7458384 0.02872985 0.7234307 0.035806 0.7239326 0.02264171 0.5224174 0.04918605 0.5337771 0.05975979 0.5228371 0.06018114 0.5337771 0.05975979 0.5232641 0.07117581 0.5228371 0.06018114 0.5232641 0.07117581 0.5118902 0.06060242 0.5228371 0.06018114 0.5118902 0.06060242 0.5224174 0.04918605 0.5228371 0.06018114 0.8721644 0.06111782 0.886892 0.0694034 0.8766667 0.07681828 0.8721644 0.06111782 0.8639174 0.07665717 0.8568251 0.06598383 0.8721644 0.06111782 0.8568251 0.05301702 0.8673058 0.04551196 0.8721644 0.06111782 0.8797848 0.04572266 0.8871532 0.05634456 0.7041923 0.05236655 0.6988185 0.0450375 0.7039215 0.04363471 0.7041923 0.05236655 0.7080139 0.0449801 0.7100082 0.05194067 0.7041923 0.05236655 0.7085409 0.05801683 0.7032877 0.05987399 0.7041923 0.05236655 0.697201 0.05712312 0.697201 0.0515564 0.7239326 0.02264171 0.7234307 0.035806 0.7114562 0.03026396 0.7239326 0.02264171 0.710479 0.01882451 0.7172396 0.009497761 0.7303565 0.01100558 0.7482113 0.01772344 0.7458384 0.02872985 0.7458384 0.02872985 0.7421593 0.03928577 0.7234307 0.035806 0.5224174 0.04918605 0.5327438 0.04876786 0.5337771 0.05975979 0.5337771 0.05975979 0.5335919 0.07079857 0.5232641 0.07117581 0.5232641 0.07117581 0.512696 0.07105153 0.5118902 0.06060242 0.5118902 0.06060242 0.5118902 0.05012232 0.5224174 0.04918605 0.8721644 0.06111782 0.8871532 0.05634456 0.886892 0.0694034 0.8721644 0.06111782 0.8766667 0.07681828 0.8639174 0.07665717 0.8721644 0.06111782 0.8568251 0.06598383 0.8568251 0.05301702 0.8721644 0.06111782 0.8673058 0.04551196 0.8797848 0.04572266 0.7041923 0.05236655 0.697201 0.0515564 0.6988185 0.0450375 0.7041923 0.05236655 0.7039215 0.04363471 0.7080139 0.0449801 0.7041923 0.05236655 0.7100082 0.05194067 0.7085409 0.05801683 0.7041923 0.05236655 0.7032877 0.05987399 0.697201 0.05712312</float_array>
          <technique_common>
            <accessor source="#Mesh_003-mesh-map-array" count="1392" stride="2">
              <param name="S" type="float"/>
              <param name="T" type="float"/>
            </accessor>
          </technique_common>
        </source>
        <vertices id="Mesh_003-mesh-vertices">
          <input semantic="POSITION" source="#Mesh_003-mesh-positions"/>
        </vertices>
        <triangles material="Bark7-material" count="432">
          <input semantic="VERTEX" source="#Mesh_003-mesh-vertices" offset="0"/>
          <input semantic="NORMAL" source="#Mesh_003-mesh-normals" offset="1"/>
          <input semantic="TEXCOORD" source="#Mesh_003-mesh-map" offset="2" set="0"/>
          <p>0 0 0 202 1 1 117 2 2 117 3 3 60 4 4 0 4 5 0 5 6 177 6 7 61 7 8 61 8 9 110 9 10 0 10 11 1 11 12 177 12 13 63 13 14 1 14 15 181 15 16 122 16 17 1 17 18 209 18 19 120 19 20 1 20 21 206 21 22 123 22 23 129 23 24 133 24 25 2 25 26 133 26 27 66 27 28 2 28 29 66 29 30 67 30 31 2 31 32 67 32 33 129 33 34 2 34 35 3 35 36 210 36 37 132 37 38 132 38 39 129 39 40 3 40 41 3 41 42 178 42 43 68 43 44 68 44 45 58 45 46 3 46 47 66 47 48 131 48 49 4 49 50 4 50 51 212 51 52 128 52 53 128 53 54 69 54 55 4 55 56 69 56 57 66 57 58 4 58 59 5 59 60 199 60 61 109 61 62 109 62 63 82 63 64 5 64 65 82 65 66 80 66 67 5 67 68 5 68 69 186 69 70 103 70 71 76 71 72 67 72 73 6 73 74 6 74 75 179 75 76 75 76 77 75 77 78 71 78 79 6 79 80 71 80 81 76 81 82 6 82 83 7 83 84 175 84 85 59 85 86 59 86 87 77 87 88 7 88 89 7 89 90 182 90 91 70 91 92 70 92 93 74 93 94 7 94 95 8 95 96 174 96 97 68 97 98 68 98 99 76 99 100 8 100 101 8 101 102 185 102 103 72 103 104 72 104 105 77 105 106 8 106 107 104 107 108 108 108 109 10 109 110 108 110 111 103 111 112 10 112 113 103 113 114 78 114 115 10 115 116 78 116 117 104 117 118 10 118 119 105 119 120 107 120 121 11 121 122 11 122 123 200 123 124 104 124 125 11 125 126 187 126 127 81 127 128 81 128 129 105 129 130 11 130 131 12 131 132 198 132 133 106 133 134 12 134 135 201 135 136 105 136 137 12 137 138 188 138 139 79 139 140 12 140 141 189 141 142 82 142 143 13 143 144 175 144 145 87 145 146 87 146 147 86 147 148 13 148 149 86 149 150 88 150 151 13 151 152 13 152 153 179 153 154 69 154 155 74 155 156 91 156 157 14 157 158 91 158 159 89 159 160 14 160 161 14 161 162 191 162 163 87 163 164 87 164 165 74 165 166 14 166 167 15 167 168 184 168 169 75 169 170 75 170 171 88 171 172 15 172 173 15 173 174 190 174 175 92 175 176 92 176 177 90 177 178 15 178 179 16 179 180 231 180 181 173 181 182 16 182 183 230 183 184 98 184 185 16 185 186 196 186 187 95 187 188 16 188 189 195 189 190 167 190 191 17 191 192 183 192 193 73 193 194 17 194 195 184 195 196 90 196 197 17 197 198 193 198 199 93 199 200 17 200 201 192 201 202 91 202 203 169 203 204 172 204 205 19 205 206 172 206 207 100 207 208 19 208 209 19 209 210 194 210 211 96 211 212 19 212 213 197 213 214 169 214 215 20 215 216 232 216 217 171 217 218 171 218 219 167 219 220 20 220 221 20 221 222 195 222 223 94 223 224 20 224 225 194 225 226 100 226 227 98 227 228 170 228 229 21 229 230 21 230 231 233 231 232 169 232 233 21 233 234 197 234 235 97 235 236 21 236 237 196 237 238 98 238 239 22 239 240 185 240 241 71 241 242 71 242 243 85 243 244 22 244 245 85 245 246 106 246 247 22 247 248 106 248 249 102 249 250 22 239 251 85 250 252 73 251 253 23 252 254 73 253 255 84 254 256 23 255 257 84 254 258 107 256 259 23 255 260 23 252 261 201 257 262 85 250 263 84 258 264 70 259 265 24 260 266 70 261 267 83 262 268 24 263 269 24 264 270 199 265 271 108 265 272 24 266 273 200 267 274 84 266 275 25 268 276 182 269 277 72 104 278 72 270 279 102 271 280 25 272 281 25 272 282 198 273 283 109 274 284 109 275 285 83 276 286 25 277 287 26 278 288 181 279 289 63 280 290 63 281 291 60 282 292 26 283 293 60 284 294 114 285 295 26 286 296 26 287 297 205 288 298 113 289 299 27 290 300 176 291 301 62 292 302 27 293 303 180 294 304 65 295 305 27 296 306 204 297 307 115 298 308 115 299 309 110 300 310 27 301 311 28 302 312 180 303 313 64 304 314 28 305 315 181 306 316 113 307 317 28 308 318 205 309 319 116 310 320 116 311 321 65 312 322 28 313 323 136 314 324 141 315 325 29 316 326 29 317 327 214 318 328 111 319 329 111 320 330 117 321 331 29 320 332 29 316 333 202 322 334 136 314 335 31 323 336 176 324 337 61 325 338 61 326 339 123 327 340 31 326 341 31 328 342 206 329 343 118 330 344 31 331 345 207 332 346 124 333 347 122 334 348 64 335 349 32 336 350 32 337 351 180 338 352 125 339 353 32 340 354 208 341 355 121 342 356 32 343 357 209 344 358 122 345 359 125 346 360 62 347 361 33 348 362 62 349 363 124 350 364 33 351 365 33 352 366 207 353 367 119 354 368 33 355 369 208 356 370 125 357 371 34 358 372 174 359 373 59 360 374 59 361 375 128 362 376 34 363 377 128 364 378 130 365 379 34 366 380 130 367 381 58 368 382 34 369 383 127 370 384 140 371 385 35 372 386 35 373 387 214 374 388 134 375 389 134 376 390 131 377 391 35 378 392 35 379 393 211 380 394 127 381 395 36 382 396 216 383 397 139 384 398 139 385 399 135 386 400 36 387 401 36 388 402 213 389 403 132 390 404 132 391 405 126 392 406 36 393 407 147 394 408 127 395 409 37 396 410 127 397 411 146 398 412 37 399 413 37 400 414 219 401 415 142 402 416 37 403 417 218 404 418 147 405 419 38 406 420 204 407 421 116 408 422 116 409 423 137 410 424 38 411 425 137 412 426 138 413 427 38 414 428 138 415 429 112 416 430 38 417 431 136 418 432 115 419 433 39 420 434 115 421 435 112 422 436 39 423 437 112 424 438 139 425 439 39 426 440 139 384 441 136 427 442 39 428 443 137 429 444 114 430 445 40 431 446 40 432 447 203 433 448 111 434 449 111 435 450 140 436 451 40 437 452 40 438 453 217 439 454 137 440 455 41 441 456 210 442 457 130 443 458 41 444 459 212 445 460 134 446 461 134 447 462 141 448 463 41 449 464 141 450 465 126 451 466 41 452 467 42 453 468 221 454 469 145 455 470 145 456 471 142 457 472 42 458 473 42 459 474 219 460 475 143 461 476 143 462 477 144 463 478 42 464 479 159 465 480 165 466 481 43 467 482 43 468 483 226 469 484 154 470 485 154 471 486 150 472 487 43 473 488 43 474 489 223 475 490 159 476 491 149 477 492 135 478 493 44 479 494 135 480 495 148 481 496 44 482 497 44 483 498 221 484 499 144 485 500 44 486 501 220 487 502 149 488 503 45 489 504 211 490 505 133 491 506 45 492 507 213 493 508 149 494 509 45 495 510 220 496 511 143 497 512 143 498 513 146 499 514 45 500 515 154 501 516 164 502 517 47 503 518 47 504 519 228 505 520 156 506 521 47 507 522 224 508 523 152 509 524 47 510 525 222 511 526 154 512 527 48 513 528 228 514 529 163 515 530 163 516 531 157 517 532 48 518 533 48 519 534 225 520 535 151 521 536 151 522 537 156 523 538 48 524 539 49 525 540 229 526 541 162 527 542 162 528 543 159 529 544 49 530 545 49 531 546 223 532 547 153 533 548 153 534 549 157 535 550 49 536 551 161 537 552 148 538 553 50 539 554 50 540 555 215 541 556 155 542 557 155 543 558 162 544 559 50 545 560 50 546 561 229 547 562 161 548 563 51 549 564 218 550 565 145 551 566 145 552 567 161 553 568 51 554 569 51 555 570 229 556 571 163 516 572 163 557 573 160 558 574 51 559 575 52 560 576 217 561 577 147 562 578 147 563 579 160 564 580 52 565 581 52 566 582 228 567 583 164 568 584 164 569 585 158 570 586 52 571 587 155 572 588 138 573 589 53 574 590 138 575 591 158 576 592 53 577 593 158 578 594 165 579 595 53 580 596 53 581 597 227 582 598 155 583 599 166 584 600 93 585 601 54 586 602 54 587 603 193 588 604 101 589 605 101 590 606 170 591 607 54 592 608 54 593 609 230 594 610 166 595 611 55 596 612 190 597 613 86 598 614 86 599 615 99 600 616 55 601 617 55 602 618 231 603 619 171 604 620 171 605 621 168 606 622 55 607 623 56 608 624 193 609 625 92 610 626 92 611 627 168 612 628 56 613 629 56 614 630 232 615 631 172 616 632 56 617 633 233 618 634 101 619 635 99 620 636 89 621 637 57 622 638 57 623 639 192 624 640 166 625 641 166 626 642 173 627 643 57 628 644 173 629 645 99 630 646 57 631 647 0 632 648 110 633 649 202 634 650 117 635 651 203 636 652 60 637 653 0 5 654 60 638 655 177 6 656 61 8 657 176 639 658 110 9 659 1 640 660 123 641 661 177 642 662 1 14 663 63 643 664 181 15 665 1 17 666 122 644 667 209 18 668 1 20 669 120 645 670 206 21 671 129 23 672 213 646 673 133 24 674 133 26 675 211 647 676 66 27 677 66 29 678 179 648 679 67 30 680 67 32 681 178 649 682 129 33 683 3 35 684 58 650 685 210 36 686 132 38 687 213 651 688 129 39 689 3 41 690 129 652 691 178 42 692 68 44 693 174 653 694 58 45 695 66 47 696 211 654 697 131 48 698 4 50 699 131 655 700 212 51 701 128 53 702 175 656 703 69 54 704 69 56 705 179 657 706 66 57 707 5 59 708 103 658 709 199 60 710 109 62 711 198 659 712 82 63 713 82 65 714 189 660 715 80 66 716 5 68 717 80 661 718 186 69 719 76 71 720 178 662 721 67 72 722 6 74 723 67 663 724 179 75 725 75 77 726 184 664 727 71 78 728 71 80 729 185 665 730 76 81 731 7 83 732 74 666 733 175 84 734 59 86 735 174 667 736 77 87 737 7 89 738 77 668 739 182 90 740 70 92 741 183 669 742 74 93 743 8 95 744 77 670 745 174 96 746 68 98 747 178 671 748 76 99 749 8 101 750 76 672 751 185 102 752 72 104 753 182 269 754 77 105 755 104 673 756 200 674 757 108 675 758 108 110 759 199 676 760 103 111 761 103 113 762 186 677 763 78 114 764 78 116 765 187 678 766 104 117 767 105 119 768 201 679 769 107 120 770 11 122 771 107 680 772 200 123 773 11 125 774 104 681 775 187 126 776 81 128 777 188 682 778 105 129 779 12 131 780 82 683 781 198 132 782 12 134 783 106 684 784 201 135 785 12 137 786 105 685 787 188 138 788 12 140 789 79 686 790 189 141 791 13 143 792 69 687 793 175 144 794 87 146 795 191 688 796 86 147 797 86 149 798 190 689 799 88 150 800 13 152 801 88 690 802 179 153 803 74 155 804 183 691 805 91 156 806 91 158 807 192 692 808 89 159 809 14 161 810 89 693 811 191 162 812 87 164 813 175 694 814 74 165 815 15 167 816 90 695 817 184 168 818 75 170 819 179 696 820 88 171 821 15 173 822 88 697 823 190 174 824 92 176 825 193 698 826 90 177 827 16 179 828 167 699 829 231 180 830 16 182 831 173 700 832 230 183 833 16 185 834 98 701 835 196 186 836 16 188 837 95 702 838 195 189 839 17 191 840 91 703 841 183 192 842 17 194 843 73 704 844 184 195 845 17 197 846 90 705 847 193 198 848 17 200 849 93 706 850 192 201 851 169 203 852 233 707 853 172 204 854 172 206 855 232 708 856 100 207 857 19 209 858 100 709 859 194 210 860 19 212 861 96 710 862 197 213 863 20 215 864 100 711 865 232 216 866 171 218 867 231 712 868 167 219 869 20 221 870 167 713 871 195 222 872 20 224 873 94 714 874 194 225 875 98 227 876 230 715 877 170 228 878 21 230 879 170 716 880 233 231 881 21 233 882 169 717 883 197 234 884 21 236 885 97 718 886 196 237 887 22 239 888 102 249 889 185 240 890 71 242 891 184 719 892 85 243 893 85 245 894 201 720 895 106 246 896 106 248 897 198 721 898 102 249 899 85 250 900 184 722 901 73 251 902 73 253 903 183 723 904 84 254 905 84 254 906 200 724 907 107 256 908 23 252 909 107 725 910 201 257 911 84 726 912 183 727 913 70 728 914 70 261 915 182 729 916 83 262 917 24 730 918 83 731 919 199 732 920 24 733 921 108 734 922 200 734 923 25 268 924 83 735 925 182 269 926 72 270 927 185 736 928 102 271 929 25 272 930 102 271 931 198 273 932 109 737 933 199 738 934 83 739 935 26 278 936 113 740 937 181 279 938 63 281 939 177 741 940 60 282 941 60 284 942 203 742 943 114 285 944 26 287 945 114 743 946 205 288 947 27 290 948 110 744 949 176 291 950 27 293 951 62 745 952 180 294 953 27 746 954 65 747 955 204 748 956 115 299 957 202 749 958 110 300 959 28 302 960 65 750 961 180 303 962 28 751 963 64 752 964 181 753 965 28 754 966 113 755 967 205 756 968 116 757 969 204 758 970 65 759 971 136 314 972 216 760 973 141 315 974 29 761 975 141 762 976 214 763 977 111 764 978 203 765 979 117 765 980 29 316 981 117 766 982 202 322 983 31 767 984 124 768 985 176 769 986 61 770 987 177 770 988 123 770 989 31 328 990 123 771 991 206 329 992 31 331 993 118 772 994 207 332 995 122 773 996 181 774 997 64 775 998 32 776 999 64 777 1000 180 778 1001 32 340 1002 125 779 1003 208 341 1004 32 343 1005 121 780 1006 209 344 1007 125 346 1008 180 781 1009 62 347 1010 62 349 1011 176 782 1012 124 350 1013 33 352 1014 124 783 1015 207 353 1016 33 355 1017 119 784 1018 208 356 1019 34 358 1020 58 785 1021 174 359 1022 59 361 1023 175 786 1024 128 362 1025 128 364 1026 212 787 1027 130 365 1028 130 367 1029 210 788 1030 58 368 1031 127 370 1032 217 789 1033 140 371 1034 35 790 1035 140 791 1036 214 792 1037 134 793 1038 212 794 1039 131 795 1040 35 379 1041 131 796 1042 211 380 1043 36 382 1044 126 797 1045 216 383 1046 139 385 1047 215 798 1048 135 386 1049 36 388 1050 135 799 1051 213 389 1052 132 391 1053 210 800 1054 126 392 1055 147 801 1056 217 802 1057 127 803 1058 127 397 1059 211 804 1060 146 398 1061 37 400 1062 146 805 1063 219 401 1064 37 403 1065 142 806 1066 218 404 1067 38 406 1068 112 807 1069 204 407 1070 116 808 1071 205 809 1072 137 810 1073 137 412 1074 217 811 1075 138 413 1076 138 415 1077 215 812 1078 112 416 1079 136 418 1080 202 813 1081 115 419 1082 115 421 1083 204 814 1084 112 422 1085 112 424 1086 215 815 1087 139 425 1088 139 384 1089 216 383 1090 136 427 1091 137 429 1092 205 816 1093 114 430 1094 40 432 1095 114 817 1096 203 433 1097 111 818 1098 214 819 1099 140 820 1100 40 438 1101 140 821 1102 217 439 1103 41 441 1104 126 822 1105 210 442 1106 41 444 1107 130 823 1108 212 445 1109 134 447 1110 214 824 1111 141 448 1112 141 450 1113 216 825 1114 126 451 1115 42 453 1116 144 826 1117 221 454 1118 145 456 1119 218 827 1120 142 457 1121 42 459 1122 142 828 1123 219 460 1124 143 462 1125 220 829 1126 144 463 1127 159 465 1128 227 830 1129 165 466 1130 43 468 1131 165 579 1132 226 469 1133 154 471 1134 222 831 1135 150 472 1136 43 474 1137 150 832 1138 223 475 1139 149 477 1140 213 833 1141 135 478 1142 135 834 1143 215 835 1144 148 836 1145 44 483 1146 148 837 1147 221 484 1148 44 486 1149 144 838 1150 220 487 1151 45 489 1152 146 839 1153 211 490 1154 45 492 1155 133 840 1156 213 493 1157 45 495 1158 149 841 1159 220 496 1160 143 498 1161 219 842 1162 146 499 1163 154 501 1164 226 843 1165 164 502 1166 47 504 1167 164 844 1168 228 505 1169 47 507 1170 156 845 1171 224 508 1172 47 510 1173 152 846 1174 222 511 1175 48 513 1176 156 847 1177 228 514 1178 163 516 1179 229 556 1180 157 517 1181 48 519 1182 157 848 1183 225 520 1184 151 522 1185 224 849 1186 156 523 1187 49 525 1188 157 850 1189 229 526 1190 162 528 1191 227 851 1192 159 529 1193 49 531 1194 159 852 1195 223 532 1196 153 534 1197 225 853 1198 157 535 1199 161 537 1200 221 854 1201 148 538 1202 50 540 1203 148 855 1204 215 541 1205 155 543 1206 227 856 1207 162 544 1208 50 546 1209 162 857 1210 229 547 1211 51 549 1212 160 858 1213 218 550 1214 145 552 1215 221 859 1216 161 553 1217 51 555 1218 161 860 1219 229 556 1220 163 557 1221 228 861 1222 160 558 1223 52 560 1224 158 862 1225 217 561 1226 147 563 1227 218 863 1228 160 564 1229 52 566 1230 160 864 1231 228 567 1232 164 569 1233 226 865 1234 158 570 1235 155 572 1236 215 866 1237 138 573 1238 138 575 1239 217 867 1240 158 576 1241 158 578 1242 226 469 1243 165 579 1244 53 581 1245 165 868 1246 227 582 1247 166 584 1248 192 869 1249 93 585 1250 54 587 1251 93 870 1252 193 588 1253 101 590 1254 233 871 1255 170 591 1256 54 593 1257 170 872 1258 230 594 1259 55 596 1260 168 873 1261 190 597 1262 86 599 1263 191 874 1264 99 600 1265 55 602 1266 99 875 1267 231 603 1268 171 605 1269 232 876 1270 168 606 1271 56 608 1272 101 877 1273 193 609 1274 92 611 1275 190 878 1276 168 612 1277 56 614 1278 168 879 1279 232 615 1280 56 617 1281 172 880 1282 233 618 1283 99 620 1284 191 881 1285 89 621 1286 57 623 1287 89 882 1288 192 624 1289 166 626 1290 230 883 1291 173 627 1292 173 629 1293 231 884 1294 99 630 1295</p>
        </triangles>
        <triangles material="Bark_End-material" count="32">
          <input semantic="VERTEX" source="#Mesh_003-mesh-vertices" offset="0"/>
          <input semantic="NORMAL" source="#Mesh_003-mesh-normals" offset="1"/>
          <input semantic="TEXCOORD" source="#Mesh_003-mesh-map" offset="2" set="0"/>
          <p>9 885 1296 189 886 1297 79 887 1298 9 888 1299 188 889 1300 81 890 1301 81 891 1302 78 892 1303 9 893 1304 78 894 1305 80 895 1306 9 896 1307 95 897 1308 97 898 1309 18 899 1310 97 900 1311 96 901 1312 18 902 1313 96 903 1314 94 904 1315 18 905 1316 94 906 1317 95 907 1318 18 908 1319 30 909 1320 207 910 1321 118 911 1322 30 912 1323 206 913 1324 120 914 1325 30 915 1326 209 916 1327 121 917 1328 30 918 1329 208 919 1330 119 920 1331 46 921 1332 223 922 1333 150 923 1334 46 924 1335 222 925 1336 152 926 1337 46 927 1338 224 928 1339 151 929 1340 46 930 1341 225 931 1342 153 932 1343 9 885 1344 80 933 1345 189 886 1346 9 888 1347 79 934 1348 188 889 1349 81 891 1350 187 935 1351 78 892 1352 78 894 1353 186 936 1354 80 895 1355 95 897 1356 196 937 1357 97 898 1358 97 900 1359 197 938 1360 96 901 1361 96 903 1362 194 939 1363 94 904 1364 94 906 1365 195 940 1366 95 907 1367 30 909 1368 119 941 1369 207 910 1370 30 912 1371 118 942 1372 206 913 1373 30 915 1374 120 943 1375 209 916 1376 30 918 1377 121 944 1378 208 919 1379 46 921 1380 153 945 1381 223 922 1382 46 924 1383 150 946 1384 222 925 1385 46 927 1386 152 947 1387 224 928 1388 46 930 1389 151 948 1390 225 931 1391</p>
        </triangles>
      </mesh>
    </geometry>
    <geometry id="Mesh_004-mesh" name="Mesh.004">
      <mesh>
        <source id="Mesh_004-mesh-positions">
          <float_array id="Mesh_004-mesh-positions-array" count="702">-68.44207 -4.040126 -249.8144 -73.26077 10.72859 -247.6707 4.686983 31.24023 2.086884 27.66732 17.27566 5.284332 -13.09811 11.15328 2.919769 44.61595 89.18317 181.8938 10.33848 35.49225 49.64877 18.70262 4.509597 55.03479 30.53075 21.74085 51.90909 35.64291 98.31389 189.4329 38.50931 82.93235 186.1066 30.91585 84.41725 181.6886 37.02248 90.66809 177.4758 -26.04468 13.0622 58.69052 -11.04826 1.997461 79.2182 -19.2824 28.72484 74.73657 -34.72772 11.44328 220.0695 -4.285984 17.66009 95.26419 -43.64258 7.632576 264.8872 -35.63068 26.38301 224.0449 -42.44806 16.92171 222.7023 -27.91035 20.90458 221.4121 29.25396 73.27032 154.1743 21.82784 60.24648 155.9381 30.53657 52.20547 158.774 37.96269 65.2293 157.0101 -78.16418 11.36037 -249.4517 -51.03328 2.853141 -262.0091 -60.75541 18.25364 -261.6464 -52.51282 -4.344467 -210.6169 -57.37694 8.862592 -245.122 -65.08771 -2.551122 -248.7913 -59.0508 16.98983 -256.9101 -50.87775 3.710121 -258.0307 7.724118 0.7850152 -47.2955 -32.90925 15.17665 -145.8283 11.6179 7.388844 -144.2844 -26.32205 28.54574 -161.3377 -41.02022 18.32574 -225.5156 -30.0238 2.200865 -224.3529 -63.50924 11.78041 -211.7794 -15.6335 1.67886 -134.3429 -16.26179 32.63375 -166.8587 -23.45294 22.65148 -184.1886 4.402414 24.97466 -161.2906 1.533303 30.8689 -138.4399 -21.23706 23.64594 139.2606 -34.31977 19.00907 141.1468 -28.41445 31.20286 140.1592 -27.14238 11.45214 140.2482 30.63199 37.88953 113.8294 24.02112 24.02456 117.4864 12.62655 34.29618 114.4774 19.23744 48.16115 110.8205 9.882225 -2.8113 6.117096 -13.84097 13.53596 -60.27432 32.53179 14.10921 -51.55856 10.9667 26.86016 -64.53739 23.53917 3.21717 7.600342 12.4944 0.4645267 23.60474 -77.64734 1.962651 -246.595 -68.13526 -3.300878 -253.096 -53.7715 2.83377 -262.6542 -76.32408 9.905405 -252.2157 -61.96032 16.04005 -261.774 -51.53417 12.30255 -264.8872 -10.93134 24.16404 2.804199 4.092385 34.64856 19.79254 28.58722 19.76875 21.84494 -18.1392 14.04464 23.03146 24.03536 11.60318 89.8483 17.39645 38.44019 82.90747 31.78375 26.63383 85.79709 8.948982 23.25931 97.58106 4.899973 3.129582 61.04538 -6.712019 32.81246 56.38867 25.03184 33.04234 49.74591 28.02458 9.569388 54.28857 37.17748 95.59333 191.9859 35.16983 95.27761 183.059 40.85691 96.99145 187.1823 31.4904 93.8795 187.8626 41.59001 92.21154 179.4362 29.6084 28.04759 115.7685 17.23791 26.03568 117.5378 12.51656 43.45501 111.255 -32.78229 13.08925 101.0211 -19.90964 4.28091 63.93558 -26.74003 22.99296 62.58893 -23.58231 3.857042 106.6027 -9.76623 27.77486 88.00464 -4.24541 6.395851 93.38043 -26.73057 26.94857 103.1681 -17.53059 17.71637 108.7498 -47.34211 9.122639 254.5145 -41.21256 5.254746 252.7966 -41.8409 15.6507 255.5629 -35.71134 11.7828 253.8449 -29.3645 14.39991 219.975 -32.31472 13.81855 140.8059 -40.94501 22.61755 223.9241 -23.45675 32.10923 139.3245 34.78337 73.4439 155.7888 44.21686 84.96336 184.3001 32.43005 82.83527 185.7553 32.82666 87.19074 177.6731 36.58811 83.62059 169.0565 29.25106 72.38648 171.0129 37.13134 66.43502 174.2256 44.46841 77.66912 172.2692 -57.31512 -4.46946 -255.9917 -63.6234 2.72376 -207.1406 -29.88988 12.54176 -227.7447 -71.8983 18.63128 -255.4476 -75.1147 12.7624 -236.8243 -43.00381 2.923689 -250.9554 -54.19055 20.1693 -251.3019 -63.92797 -4.483208 -236.4776 -60.95106 0.6798127 -243.8251 -49.64768 5.660347 -251.1746 -67.45236 11.24322 -242.9337 -56.14897 16.22376 -250.2832 -68.19904 17.17914 -252.0103 -72.72673 2.523428 -245.9212 -55.93947 -2.740432 -253.6911 -51.4118 11.9153 -259.7802 2.228412 0.3250954 -137.2517 -28.85127 22.48656 -155.8717 -9.221655 4.469022 -53.06619 27.98986 24.45532 -59.46075 1.212735 4.252237 -90.50547 -20.78391 17.55161 -107.0909 29.93959 12.22268 -98.25705 9.740736 28.01762 -110.51 -31.00149 7.834568 -136.7907 12.39067 17.42155 -153.0833 -38.52909 -5.745144 -217.8179 -55.02371 18.44217 -219.5618 -28.39187 17.54559 -198.4302 -11.88574 2.938106 -187.1473 -47.91751 11.54247 -179.6649 -35.86015 -2.62381 -175.487 -22.92457 32.28463 -164.3067 -8.764556 33.15922 -154.9988 -6.948024 30.04608 -166.6385 -21.10804 29.1715 -175.9463 -14.37796 31.55137 -144.4118 -30.58502 24.64733 -178.252 -10.0743 22.70999 -178.688 11.19801 28.1321 -143.9052 -22.28805 14.02342 139.6682 -40.31668 12.2216 221.1579 -33.05414 25.35882 141.0162 -30.09062 26.41355 223.1717 -22.37409 27.39371 179.3102 -35.82055 22.92034 181.0474 -29.61939 33.63269 181.766 -28.57526 16.68136 178.5915 37.10829 55.76899 157.9636 23.6442 53.90815 158.4344 24.04521 67.83051 153.7097 27.15423 46.83316 112.0524 31.28761 51.94301 137.1769 24.30611 38.61242 139.8335 14.37631 47.66159 136.9357 21.35782 60.99219 134.279 25.48053 3.619792 -45.83539 -6.8671 22.74621 -65.30368 -5.07353 -0.3268882 3.626312 21.60412 29.80355 2.377106 8.935625 -3.357823 -12.49429 -11.47938 9.334817 -19.04785 28.67939 15.10726 -13.83093 8.264389 27.7999 -20.38446 24.98647 6.133912 24.15424 -6.293636 1.72451 25.72092 -58.90816 -3.54159 -258.0925 -75.81861 1.775067 -250.269 22.04106 32.29747 19.46253 -17.93704 29.19823 25.25867 -54.27297 10.97704 -264.6064 -71.19139 16.26783 -256.7722 30.33728 16.03636 88.12082 14.35927 10.98665 93.25394 5.998558 33.35931 86.00669 27.69628 36.42523 83.76371 41.13743 93.30702 188.4933 33.25819 91.50765 189.4653 32.70737 92.44356 182.8647 39.24285 95.52857 183.3231 -32.02857 20.51922 101.2318 -29.72308 6.816056 102.7425 -18.2286 6.670909 109.6042 -20.6455 27.60504 105.9632 -44.31009 15.40291 247.1524 -43.8519 7.82204 245.1352 -35.43033 9.529929 244.4552 -35.93198 17.82978 246.6638 41.37226 84.48096 170.8567 43.76021 69.53662 173.3676 30.36668 67.6298 173.7913 31.93977 78.46382 168.5485 -50.68165 -5.283996 -243.7724 -74.73992 2.480706 -232.889 -43.3537 13.59105 -254.6056 -67.46176 20.58442 -244.2922 -67.64392 4.52731 -243.2374 -54.75672 0.4863684 -249.2021 -51.28093 11.73723 -253.8767 -64.16812 15.77816 -247.9118 20.96414 4.326117 -90.52558 -13.39559 26.90659 -121.0935 -16.85612 9.495809 -96.56961 28.78067 23.27883 -113.0551 -47.85739 4.054238 -173.6683 -10.9215 13.80553 -191.308 -20.88366 -4.369812 -181.2652 -39.4679 17.84705 -187.8672 -25.82597 28.95366 -173.515 -15.91309 32.8814 -154.2481 -0.8591337 30.76359 -155.0646 -13.02324 27.49449 -174.7504 -23.60596 19.56316 178.237 -33.80558 18.03739 179.7397 -34.47391 28.92164 181.9208 -24.50383 34.10591 180.8177 30.35854 42.3696 138.5948 17.51661 40.45017 139.6836 15.46385 55.94338 134.2481 27.98886 60.44606 135.6986 23.69856 1.989139 -10.64038 -6.923953 21.0281 -20.4707 -5.995122 -0.9153557 -16.32065 23.62054 26.78226 -18.32565</float_array>
          <technique_common>
            <accessor source="#Mesh_004-mesh-positions-array" count="234" stride="3">
              <param name="X" type="float"/>
              <param name="Y" type="float"/>
              <param name="Z" type="float"/>
            </accessor>
          </technique_common>
        </source>
        <source id="Mesh_004-mesh-normals">
          <float_array id="Mesh_004-mesh-normals-array" count="3009">-0.06229478 -0.9978085 -0.0223059 -0.06232565 -0.9978086 -0.02221518 -0.06622737 -0.9977469 -0.01073169 -0.5040642 -0.8521425 0.1406146 -0.5042266 -0.8519945 0.1409289 -0.5051391 -0.8511595 0.1426963 -0.5929715 -0.7704718 -0.2340048 -0.5898481 -0.7677863 -0.2501672 -0.593856 -0.7712186 -0.2292531 -0.1668688 -0.9569902 -0.2373284 -0.175229 -0.945911 -0.2730333 -0.1654722 -0.9586756 -0.2314307 0.8280065 -0.07529437 -0.5556403 0.824022 -0.07233387 -0.5619213 0.8332194 -0.07922774 -0.5472372 0.6389877 -0.7130027 -0.2886554 0.6470941 -0.7077056 -0.2835881 0.655992 -0.7017332 -0.27793 0.4063339 -0.75617 -0.5129328 0.3983664 -0.7430102 -0.5378105 0.4274796 -0.790684 -0.4382696 0.5765011 -0.06037807 -0.8148626 0.567395 -0.07247745 -0.82025 0.506802 -0.1480903 -0.8492473 0.08525085 0.9869182 -0.1368386 0.08471518 0.9870067 -0.1365326 0.0861572 0.9867675 -0.1373564 -0.406844 0.89252 -0.1946436 -0.403794 0.8934665 -0.196642 -0.4123551 0.8907728 -0.1910159 -0.3505403 0.9032645 -0.2474563 -0.3473868 0.9036489 -0.2504823 -0.4125808 0.8918268 -0.1855316 0.1058769 0.9805259 -0.1654059 0.1060105 0.9804891 -0.1655384 0.08619993 0.9855135 -0.1460577 0.9518641 -0.3019663 0.05264115 0.9482003 -0.3114354 0.06264388 0.9381695 -0.3348933 0.08766162 0.9084497 0.4176107 0.01790183 0.9053584 0.4245238 0.01028859 0.900277 0.4353142 -0.00171554 0.8979544 0.428995 -0.09819018 0.8924269 0.4406731 -0.09685873 0.8918351 0.4390932 -0.1087545 0.9614893 -0.2737022 -0.02500861 0.9622869 -0.2710355 -0.02332079 0.9574677 -0.2866229 -0.03320896 -0.9621943 0.2194329 -0.1613425 -0.9492285 0.2866839 -0.1295285 -0.9312955 0.3509256 -0.09767383 -0.8419051 -0.5389377 0.02724474 -0.859954 -0.5103647 0.002659201 -0.8199694 -0.5697885 0.05469399 -0.7779545 -0.6277225 -0.02741444 -0.7548958 -0.6542801 -0.04527789 -0.7101936 -0.6997371 -0.07741564 -0.9515075 0.08934587 -0.2943654 -0.9526246 0.1193383 -0.2797586 -0.9525364 0.1563118 -0.2612299 0.9101855 0.1497095 0.3861987 0.9122822 0.1837972 0.3660051 0.9091473 0.1380758 0.3929205 0.9961128 -0.06453543 0.05995482 0.9949626 -0.07513964 0.06636005 0.9964426 -0.06119984 0.05793935 0.8152343 0.4063015 -0.4126889 0.8528829 0.3405558 -0.395743 0.7892273 0.4461239 -0.4220117 0.7060583 0.6572517 -0.2636324 0.6532542 0.6431477 -0.3995249 0.6072665 0.6247676 -0.4908086 0.152913 0.9872055 -0.04520028 0.139023 0.9889867 -0.05077362 0.1286916 0.9901637 -0.05490344 -0.1979986 0.9799246 -0.02333533 -0.2139695 0.9768322 -0.004022181 -0.1747575 0.9832823 -0.05114519 -0.2212912 0.9751907 -0.005773961 -0.3086335 0.9478589 0.07942998 -0.1743857 0.9833992 -0.05015814 0.1912851 0.9748177 -0.1146321 0.1707558 0.977994 -0.119876 0.1640272 0.9789351 -0.1215784 0.07270383 -0.9936839 0.08547842 -0.01177144 -0.9975734 0.06862038 0.1415128 -0.9849921 0.09881687 0.4628899 -0.8851349 0.04763489 0.425199 -0.904261 0.0389592 0.4795896 -0.8759796 0.05151462 0.4963147 -0.8617737 0.1049664 0.5720785 -0.8126996 0.1106591 0.4808685 -0.8706339 0.1037404 0.1414683 -0.9711978 0.1917336 0.164661 -0.9704992 0.1761198 0.1716288 -0.9701396 0.1713849 0.9714687 -0.2278121 -0.06595772 0.9667273 -0.2504046 -0.05230635 0.9639565 -0.262207 -0.04511618 0.8989458 0.428828 -0.08945894 0.9022529 0.4225354 -0.08604389 0.9066117 0.4080599 -0.1074362 0.9207298 0.3790083 -0.09278762 0.9256095 0.3682516 -0.08739471 0.9870876 -0.1567757 -0.03285896 0.9814315 -0.1913399 -0.01346504 0.979162 -0.2029638 -0.006898999 -0.06108266 -0.585704 0.8082202 -0.133206 -0.5952652 0.7924113 -0.03765594 -0.5819123 0.8123794 0.408784 -0.5396601 0.7359774 0.3713879 -0.5592462 0.7411577 0.4217705 -0.5325341 0.7338373 0.4201152 -0.3031918 0.8553233 0.4876438 -0.3111844 0.8157008 0.5193461 -0.3143706 0.7946389 -0.06989151 -0.4006198 0.9135748 -0.1088196 -0.4195979 0.9011636 -0.04695188 -0.3890894 0.9200027 -0.922237 0.3200674 -0.2168774 -0.9607517 -0.08172547 0.2650986 -0.9493046 -0.1207108 0.2902579 -0.9445967 -0.1348405 0.2992578 -0.9231441 -0.1016847 0.3707633 -0.8549964 -0.2283034 0.4656811 -0.8218044 -0.2755143 0.4987279 -0.9277034 0.2479624 -0.2790719 -0.9241967 0.248751 -0.2897991 -0.9300423 0.2474009 -0.2716878 0.05245471 0.7465003 -0.6633144 0.08862894 0.7560589 -0.6484751 0.1047277 0.7599298 -0.641513 -0.599123 0.6127086 -0.5154028 -0.5756958 0.6354282 -0.5145926 -0.5616139 0.6484926 -0.5138552 -0.5344929 0.5765838 -0.6179551 -0.5499316 0.5557669 -0.6234569 -0.565227 0.5342099 -0.6286002 0.007804751 0.7675316 -0.6409637 0.002629876 0.7685201 -0.6398204 0.0172466 0.7656704 -0.6430019 -0.7243605 -0.6573284 -0.2078971 -0.7001903 -0.690353 -0.182061 -0.7338731 -0.6432016 -0.2184537 -0.7867781 -0.60344 -0.1297707 -0.8500128 -0.4960536 -0.1772255 -0.7773967 -0.6167995 -0.1233413 -0.9873557 0.0862447 -0.1330062 -0.9879999 0.003563463 -0.1544138 -0.9875422 -0.007445394 -0.1571788 -0.974285 0.02576202 -0.2238418 -0.9753232 0.04031395 -0.2170703 -0.9755823 0.04462277 -0.2150536 0.2457644 -0.954892 0.1666773 0.2445779 -0.9548267 0.1687834 0.2367097 -0.9542555 0.1826612 0.2566785 -0.9469161 0.1935619 0.292315 -0.9229931 0.2502716 0.2464678 -0.9527564 0.1775081 -0.2650608 -0.9641451 -0.0129286 -0.3465853 -0.9342708 -0.08376634 -0.2497127 -0.96832 1.10578e-4 -0.05011725 -0.9982123 -0.03256523 -0.04700291 -0.9988793 -0.00556606 -0.05928081 -0.9917328 -0.1138064 -0.235668 0.9627232 0.132758 -0.2459931 0.9562082 0.1585983 -0.2110478 0.9747779 0.07257324 -0.4416996 0.8971434 -0.005946159 -0.4510115 0.8913748 -0.04516142 -0.4678153 0.8748559 -0.1256024 -0.6029989 0.7965613 -0.04339063 -0.7084025 0.6945257 -0.125698 -0.7395995 0.6554727 -0.1528007 -0.0550698 0.9984565 -0.007202506 -0.005273938 0.998808 0.04852682 0.009297668 0.9978565 0.06477731 -0.1749451 -0.9710308 -0.1627681 -0.2727759 -0.9484573 -0.1613141 -0.2806811 -0.9461806 -0.1611227 0.4978829 -0.8663997 -0.03826892 0.4832204 -0.8746296 -0.03900218 0.4818817 -0.875365 -0.03906822 0.4883432 -0.8709627 -0.0542671 0.5406985 -0.839711 -0.05030661 0.5462675 -0.8361253 -0.04986482 -0.1840598 -0.9611175 -0.2058523 -0.2469254 -0.9423075 -0.2260186 -0.1736395 -0.963777 -0.2024434 0.02072918 -0.2348259 0.9718164 0.007973134 -0.2679318 0.9634049 -0.02051323 -0.34048 0.940028 -0.2345962 0.6032009 0.762308 -0.2486774 0.6076736 0.7542495 -0.08893829 0.5485193 0.8313944 0.6631919 0.5732086 0.4812572 0.6658938 0.493018 0.5599275 0.6580804 0.3889677 0.6446971 0.7420899 -0.07188975 0.6664342 0.7284222 -0.03107464 0.6844234 0.7523155 -0.1060284 0.6502149 0.01652318 0.9849725 0.1719193 -0.05388653 0.983811 0.1709159 0.02167463 0.9848657 0.1719593 -0.5892744 0.8072804 0.03246897 -0.6865533 0.7266517 0.02493852 -0.5783176 0.8151342 0.03324311 -0.5758892 0.8008607 0.1642377 -0.593137 0.7904645 0.1528217 -0.5951457 0.7892132 0.1514729 0.06329244 0.933204 0.3537293 0.177421 0.9197348 0.3501566 0.05062323 0.9339361 0.3538373 -0.9557198 0.2720069 -0.1123031 -0.9648401 0.2370011 -0.1136403 -0.9546044 0.2759613 -0.1121418 -0.9236816 -0.3315934 -0.1919853 -0.9163124 -0.3492894 -0.1958788 -0.9156781 -0.3507682 -0.1962022 -0.9091392 -0.3630264 -0.2041516 -0.8488963 -0.4691636 -0.2434349 -0.8423302 -0.4790199 -0.2470221 -0.958137 0.2808755 -0.05552065 -0.9240799 0.3793218 -0.04681164 -0.9622724 0.2661034 -0.05675315 0.9689775 -0.2287956 0.09346252 0.9779345 -0.1765433 0.1116984 0.9674222 -0.2363304 0.09078752 0.9347286 0.3073442 0.1783871 0.9487355 0.2684118 0.1669017 0.9329832 0.311847 0.1797049 0.9057996 0.2761348 0.3213672 0.858537 0.3995367 0.3213795 0.8525725 0.4123699 0.3210474 0.9469568 -0.2685834 0.1764538 0.92438 -0.3609274 0.1235033 0.9495884 -0.2531433 0.1849341 0.1472743 0.8077862 -0.5707818 0.1824975 0.8018033 -0.5690397 0.187709 0.8008272 -0.5687188 -0.6493262 0.7410383 -0.1709904 -0.6995365 0.6988483 -0.1491979 -0.7084158 0.6907176 -0.1451085 -0.7153235 0.6892062 -0.1153571 -0.7303362 0.6746113 -0.1072788 -0.7334269 0.6715185 -0.1055839 0.09775078 0.783203 -0.6140343 0.1481087 0.7748856 -0.6145048 0.1551227 0.7735612 -0.614443 -0.9283411 0.3055093 0.2117713 -0.9458653 0.2263327 0.2326208 -0.9498472 0.202157 0.2385854 -0.8796135 -0.1923299 0.4350739 -0.8988419 -0.1185664 0.4219306 -0.9038771 -0.0947206 0.4171741 -0.8909642 -0.05843752 0.4502978 -0.9039575 0.0118156 0.4274593 -0.9068468 0.03274285 0.4201868 -0.8916783 0.4247839 0.1564238 -0.9184724 0.3499796 0.1841814 -0.9252539 0.3270137 0.1922687 -0.2178231 -0.7576338 0.6152595 -0.2183843 -0.7575464 0.6151682 -0.2174957 -0.7576842 0.6153131 0.486961 -0.7868072 0.3792143 0.5334599 -0.762159 0.3667894 0.4765104 -0.7919355 0.3818063 0.4552463 -0.7448081 0.4878646 0.4268326 -0.7564675 0.4955513 0.4621732 -0.7418224 0.4858967 -0.1968948 -0.6850494 0.7013843 -0.1736245 -0.6879783 0.7046563 -0.203517 -0.68414 0.7003809 0.9618391 -0.1153858 -0.2480963 0.9610552 -0.1261137 -0.2459032 0.9620646 -0.111963 -0.2487892 0.8510612 0.2593963 -0.4565178 0.8529555 0.2537744 -0.4561421 0.850428 0.261253 -0.456639 0.8094213 0.2382064 -0.5367448 0.8056803 0.2492226 -0.537371 0.8108031 0.2340447 -0.5364899 0.9453629 -0.1174148 -0.3041425 0.9452015 -0.1217088 -0.3029541 0.9454094 -0.1160755 -0.3045123 -0.7551881 0.1463707 -0.6389575 -0.773143 0.1653605 -0.6122955 -0.7768926 0.169446 -0.6064042 -0.866991 -0.1834382 -0.4633326 -0.8801872 -0.1675953 -0.4440523 -0.8604875 -0.1909049 -0.4723525 -0.9747839 0.02834314 0.2213441 -0.9757518 0.03307276 0.216367 -0.9723473 0.01732039 0.2328966 -0.6794617 0.7248813 0.1134858 -0.6792104 0.7253201 0.1121796 -0.6856139 0.7127883 0.1478734 0.3274094 -0.7185826 -0.6135489 0.1925941 -0.7107044 -0.6766142 0.166801 -0.7074658 -0.6867821 0.1869373 -0.2307447 -0.9548882 0.07098573 -0.2779659 -0.9579646 0.04185146 -0.2890801 -0.9563897 0.7896021 -0.1554342 -0.5936068 0.7919737 -0.1601915 -0.589166 0.7975746 -0.1717123 -0.5782643 0.5246064 -0.7740433 -0.3544647 0.5248711 -0.7724214 -0.3575971 0.5264081 -0.7618206 -0.3775233 -0.2268555 0.1867347 -0.9558593 -0.2039862 0.2074513 -0.9567412 -0.2324485 0.1816108 -0.9555026 -0.449957 0.3000343 -0.8411411 -0.4502832 0.3266823 -0.8309776 -0.4502953 0.3302462 -0.8295611 -0.05016827 0.987118 -0.1519252 -0.05021375 0.9871441 -0.1517408 -0.0504412 0.9872738 -0.1508185 0.3859373 0.8290596 -0.4046145 0.3862851 0.8289592 -0.4044879 0.3924514 0.8271557 -0.4022379 -0.06637495 -0.9947776 0.07753634 -0.07955104 -0.9937516 0.07829147 -0.05994951 -0.9952146 0.07716345 -0.4577431 -0.8527671 0.2515152 -0.4455835 -0.8592034 0.251446 -0.4622544 -0.850326 0.2515285 -0.4760245 -0.8528816 0.2144616 -0.4770359 -0.8523467 0.2143408 -0.4756029 -0.8531041 0.2145122 -0.06310594 -0.997837 0.01841491 -0.07180333 -0.9969581 0.03031384 -0.07904946 -0.9960584 0.040237 -0.05082589 0.9889757 -0.1390821 -0.05370002 0.9885597 -0.1409476 -0.04878973 0.9892634 -0.1377599 0.3884576 0.8211887 -0.4180312 0.2461302 0.6517566 -0.7173795 0.2133129 0.6496018 -0.7297365 0.3153645 0.6536631 -0.6879461 -0.2716274 0.8674842 -0.4167611 -0.2675544 0.848164 -0.4572008 -0.2602559 0.8152005 -0.5174121 0.05957317 -0.9864062 0.1531463 0.06122863 -0.9861449 0.1541731 0.06264215 -0.9859189 0.1550483 -0.3980399 -0.8263126 0.3984618 -0.3986961 -0.8262254 0.3979864 -0.3994676 -0.8261222 0.3974266 -0.5826372 -0.8072029 0.09464418 -0.575322 -0.815625 0.06132519 -0.5966991 -0.784112 0.1706416 -0.03834664 -0.9872101 -0.1547448 -0.07414382 -0.9818826 -0.1743828 -0.1295049 -0.9703029 -0.2043057 -0.8592563 0.06259095 0.5077018 -0.8559703 0.05988883 0.5135447 -0.8510692 0.05591934 0.5220673 -0.64758 0.7073807 0.283289 -0.6391034 0.7128617 0.2887478 -0.6561535 0.7016842 0.2776727 -0.7697431 0.6290666 -0.1084944 -0.7883012 0.6021503 -0.1264762 -0.7224902 0.6882106 -0.06613767 -0.9845694 -0.1168597 0.1302573 -0.9882956 -0.1062752 0.1094423 -0.9979542 -0.06062698 0.02029418 0.2146629 -0.9718725 -0.09687066 0.2928115 -0.954617 -0.05447959 0.1662652 -0.9784715 -0.1222681 -0.1602842 -0.9791568 -0.1247441 -0.1419522 -0.982955 -0.1168299 -0.1687374 -0.9772642 -0.1283835 -0.2098276 -0.9763103 -0.05282616 -0.2447717 -0.9675568 -0.06261575 -0.1962156 -0.979335 -0.04901498 0.1215339 -0.9916115 -0.04400372 0.0413168 -0.9967613 -0.06899356 0.1601194 -0.9865861 -0.03177458 -0.6627652 0.7218875 0.1990497 -0.5830551 0.8067225 0.09615433 -0.683308 0.6934188 0.228606 -0.8916283 0.2445577 0.3810389 -0.8881393 0.2784231 0.3656353 -0.8920141 0.2398319 0.3831341 -0.9504812 0.09629446 0.2954877 -0.944342 -0.01183354 0.3287523 -0.9503746 0.1108668 0.2906833 -0.6834849 0.6999129 0.2072929 -0.6551427 0.7367069 0.1674848 -0.6923417 0.6870996 0.2203566 0.5092328 -0.8416056 -0.1799504 0.5274477 -0.8254446 -0.2010974 0.5319974 -0.8211932 -0.2064477 0.8337659 -0.284157 -0.4733809 0.8187059 -0.3973627 -0.4145161 0.8146614 -0.4165912 -0.4034583 0.886247 -0.3409231 -0.3135886 0.8873671 -0.3342108 -0.3176204 0.8875581 -0.3330291 -0.3183273 0.5653669 -0.8102284 -0.1545651 0.5408576 -0.8308741 -0.1308492 0.5348832 -0.8356045 -0.1251603 -0.713917 0.6895419 0.1218791 -0.82918 0.5465984 0.1170074 -0.8765262 0.4678845 0.1130756 -0.6715513 0.668669 0.3192189 -0.6336466 0.744099 0.2116808 -0.6865369 0.6237026 0.373714 -0.5340434 0.7901024 0.3008919 -0.4973655 0.8401013 0.2164661 -0.5482234 0.7655504 0.3367252 -0.7234548 0.6903427 -0.006346762 -0.6840448 0.7294319 -0.003431797 -0.6696406 0.7426815 -0.002401113 0.3020427 0.9370231 -0.1753796 0.3898154 0.904253 -0.1742714 0.4265828 0.8876861 -0.1733223 0.4364041 0.8818593 -0.178538 0.459228 0.8702054 -0.1784721 0.4702691 0.864304 -0.1783974 0.05143159 0.9971272 0.05560851 0.04043781 0.997648 0.05534827 0.03174006 0.9979742 0.05513775 0.02112478 0.9996522 0.01579034 0.0274049 0.9995934 0.007873058 0.0171529 0.9996367 0.02079546 0.5446747 -0.7926622 -0.273891 0.552747 -0.782606 -0.2863546 0.5569037 -0.7772386 -0.2928455 0.8853822 -0.130411 -0.4461966 0.8860828 -0.148526 -0.439087 0.8862448 -0.1546895 -0.4366249 0.8778222 -0.1719581 -0.4470555 0.8755428 -0.2274589 -0.426248 0.8746697 -0.23905 -0.4216729 0.5286011 -0.8177696 -0.2276706 0.5451245 -0.8012335 -0.2467069 0.5499446 -0.7961733 -0.2523269 -0.4657651 0.844546 0.264206 -0.4906689 0.8172767 0.3021635 -0.45139 0.8586493 0.2428346 -0.8989566 0.1928445 0.3933042 -0.8985438 0.1441587 0.4145328 -0.8985286 0.2090098 0.3859549 -0.8740068 0.2397209 0.4226657 -0.8666244 0.2990748 0.399395 -0.8749091 0.2294676 0.4264724 -0.450966 0.8610635 0.2349457 -0.441343 0.8691302 0.2232243 -0.4543759 0.8581162 0.2391216 -0.04719829 -0.9954643 0.08260321 -0.009397268 -0.9964628 0.08350843 -0.06199872 -0.9946842 0.08221614 -0.3775487 -0.9091261 0.1759177 -0.3408415 -0.922743 0.1799238 -0.3899537 -0.9041519 0.1744868 -0.4014692 -0.8702052 0.2855967 -0.4250925 -0.8589389 0.2855177 -0.3952004 -0.8730738 0.2855849 -0.05513709 -0.989484 0.133722 -0.06112778 -0.9890487 0.1343361 -0.05325818 -0.989613 0.1335284 0.2468738 0.8552436 -0.4556445 0.2464361 0.8552663 -0.4558389 0.2449478 0.8553417 -0.456499 -0.1758189 0.9438011 -0.2798699 -0.1655005 0.94597 -0.2788376 -0.1560993 0.9478498 -0.2778738 -0.0536046 0.9983977 -0.01812469 -0.04592484 0.9987765 -0.0183444 -0.04076629 0.9989976 -0.01849132 0.2765529 0.938266 -0.2077873 0.2714788 0.939498 -0.2089089 0.2663294 0.9407191 -0.2100392 0.2986302 0.8183076 -0.4911139 0.2919337 0.815612 -0.4995516 0.3508419 0.8362239 -0.421473 -0.1868321 0.9086681 -0.3733846 -0.1976839 0.91937 -0.3401174 -0.1514761 0.8675857 -0.4736561 -0.2553648 0.8066071 -0.5330798 -0.2617151 0.813172 -0.5198621 -0.2428202 0.7932369 -0.5584027 0.2568725 0.7146857 -0.6505697 0.2542312 0.7119044 -0.6546439 0.2614185 0.7194399 -0.6434802 0.8120614 0.4292287 -0.395372 0.7456627 0.308804 -0.5904467 0.6827325 0.5452206 -0.4864266 0.7581167 0.1018989 -0.6441084 0.481589 0.6875051 -0.5435152 0.520901 0.662388 -0.5384277 0.541749 0.6481511 -0.5351712 0.497815 0.8035159 -0.3264082 0.4964592 0.8037862 -0.3278052 0.4875826 0.8054694 -0.3368716 -0.06569719 0.9835734 0.168129 -0.08012765 0.9845137 0.1559244 -0.1078243 0.9853311 0.1322745 0.2505874 0.9679892 0.01425534 0.2672396 0.963514 0.01496386 0.2805501 0.9597137 0.01553249 0.2604413 0.9645053 -0.04358947 0.2779396 0.9594929 -0.0460757 0.2893187 0.956044 -0.04769128 -0.01766335 0.9898572 0.1409642 -0.01542311 0.9897276 0.1421323 -0.01164299 0.9894946 0.1441012 0.9858117 -0.09143382 0.1407672 0.9876189 -0.06048911 0.1447413 0.9849995 -0.1016779 0.1394187 0.9632503 0.2641858 0.04852503 0.9514836 0.3031107 0.05294418 0.9662918 0.2530752 0.04725801 0.965956 0.2586699 0.004350602 0.9554328 0.2950737 0.008928656 0.9672852 0.2536643 0.003724277 0.9923947 -0.1131556 0.04846245 0.9871451 -0.15368 0.04389846 0.9931065 -0.1063843 0.04921501 -0.9816767 0.1840776 -0.04925733 -0.9924203 0.110985 -0.05276793 -0.9933354 0.1022734 -0.05315005 -0.9038407 -0.4274709 0.0184583 -0.9294088 -0.3686285 0.01768016 -0.9322884 -0.3612884 0.01757943 -0.9321001 -0.3621858 0.003299772 -0.9247848 -0.3804807 0.002741694 -0.9241306 -0.3820674 0.002692997 -0.9733 0.2231747 -0.05366665 -0.9788027 0.1970778 -0.05572861 -0.1831392 0.9724946 -0.143925 -0.06445527 0.9908134 -0.1188887 -0.05348187 0.9917504 -0.1164943 -0.7568206 0.646034 -0.09931206 -0.7818138 0.6146405 -0.1048066 -0.7862886 0.6087332 -0.1058024 -0.7776428 0.6256918 -0.06149411 -0.7062984 0.7030074 -0.08320617 -0.7860102 0.6154202 -0.05870324 -0.1820322 0.9818847 -0.05259913 -0.1090563 0.9922017 -0.06035488 -0.1880525 0.9807845 -0.05194151 -0.410908 -0.8981155 0.1566625 -0.4857755 -0.8646884 0.1278129 -0.3960247 -0.9038146 0.1621221 0.4593055 -0.8475641 0.265845 0.3537966 -0.9029888 0.2438019 0.4757252 -0.8374379 0.2690413 0.4790226 -0.8664994 0.1404144 0.5018059 -0.8542724 0.1356826 0.50426 -0.8529086 0.1351629 -0.2441856 -0.9648382 0.09726643 -0.3904077 -0.9142963 0.107908 -0.4038453 -0.9083362 0.1087862 0.9925937 -0.09437364 0.07649451 0.9906674 -0.1123292 0.07720392 0.993174 -0.08826994 0.07624912 0.9319521 0.3461675 -0.1078585 0.9268318 0.3596056 -0.1080129 0.9336326 0.3416271 -0.1078012 0.9235389 0.3166593 -0.2163397 0.9225315 0.3193269 -0.2167166 0.9237061 0.3162145 -0.2162762 0.9948837 -0.09691935 0.02851814 0.9952244 -0.09353876 0.02791076 0.9947918 -0.09781128 0.02867805 -0.1527481 -0.8435996 0.5147891 0.1394065 -0.894155 0.4255029 0.1984022 -0.8939457 0.4018678 0.6140385 -0.7181555 0.3274285 0.6041468 -0.7264397 0.3275547 0.6163454 -0.7161939 0.327391 0.5997244 -0.675647 0.4287562 0.549126 -0.7139571 0.434426 0.6111388 -0.6663476 0.4271888 -0.232817 -0.8136126 0.5327576 -0.2361338 -0.8124111 0.5331313 -0.2367611 -0.812183 0.5332008 -0.9778293 0.03269076 0.2068362 -0.9719826 0.01278883 0.2347048 -0.9822931 0.05157321 0.1801126 -0.799424 -0.4526474 0.3950085 -0.8365486 -0.3748384 0.3996032 -0.8550804 -0.3288145 0.4008973 -0.8880449 -0.3762919 0.2641607 -0.9111596 -0.3231486 0.2556625 -0.9186701 -0.3038647 0.2524113 -0.991627 0.1179887 0.0524851 -0.9970828 0.03851342 0.06589829 -0.9974554 0.01270329 0.07015299 0.206596 0.9195552 -0.3342701 0.207181 0.9194989 -0.3340629 0.2076308 0.9194555 -0.3339028 -0.4703221 0.8515582 -0.2316161 -0.540449 0.8076276 -0.2359079 -0.5674629 0.7885009 -0.237176 -0.5630615 0.7528783 -0.3407875 -0.6025755 0.7232705 -0.3373169 -0.6116268 0.7160717 -0.3363837 0.1831716 0.8500864 -0.4937624 0.2112084 0.848408 -0.4853813 0.2174623 0.8479322 -0.4834471 0.397063 -0.910244 0.1174609 0.3990358 -0.9091801 0.1190053 0.3909841 -0.9134702 0.112711 -0.1181766 -0.9844123 0.1302562 -0.1043787 -0.9844016 0.1416289 -0.1764954 -0.9809358 0.08132964 -0.1700885 -0.9847215 0.03733295 -0.1701951 -0.9847066 0.03723752 -0.1698397 -0.9847558 0.03755557 0.3715213 -0.927536 0.04060763 0.3645118 -0.9305796 0.03395658 0.3970451 -0.9154873 0.06510329 -0.7312482 0.6628044 0.1611411 -0.6794125 0.7209192 0.1366534 -0.7405746 0.6512275 0.1656863 -0.9218758 -0.3691841 0.1176779 -0.9412515 -0.3180288 0.1135932 -0.9196218 -0.3746318 0.118097 -0.8913259 -0.4533275 0.005686044 -0.8841014 -0.4672242 0.0081532 -0.8926853 -0.4506504 0.005212903 -0.8153221 0.5780736 0.03287613 -0.9075207 0.4122983 0.08010172 -0.7911109 0.6112617 0.02242183 0.7831479 -0.6169764 -0.07758462 0.6818019 -0.7312954 -0.01879823 0.6575783 -0.7533618 -0.006067276 0.9889801 0.1480183 0.003030896 0.9429526 0.3281691 -0.05608457 0.9312644 0.3582856 -0.06616789 0.8945265 0.4412439 0.071599 0.9010016 0.4265753 0.078929 0.9027939 0.4223747 0.08101147 0.9221554 -0.3841108 0.04570019 0.8705044 -0.4844331 0.08687186 0.8502353 -0.5167227 0.1004875 0.1659767 0.9860586 -0.01184505 0.2205212 0.975341 0.008972883 0.2437343 0.9696767 0.01791405 -0.1129971 0.9908339 0.07402628 -0.1881896 0.9810891 0.04526579 -0.2259203 0.973667 0.03053879 -0.2666401 0.9636169 -0.01859247 -0.3637982 0.9313083 0.01777112 -0.2232429 0.9741559 -0.03439694 0.09027391 0.9951292 -0.03960448 0.1288496 0.9914662 -0.01981818 0.1434594 0.98958 -0.01228183 -0.06229799 -0.9978085 -0.02229583 -0.05795282 -0.9977041 -0.03504592 -0.06232881 -0.9978086 -0.02220499 -0.5040547 -0.852151 0.1405963 -0.5032219 -0.8529074 0.1389847 -0.5042172 -0.852003 0.1409106 -0.5890715 -0.7671076 -0.254049 -0.1773031 -0.9428886 -0.2820014 0.8280188 -0.07530498 -0.5556206 0.8185576 -0.06833475 -0.5703456 0.8240351 -0.07234293 -0.5619012 0.6298117 -0.7188384 -0.2942936 0.3734458 -0.7014402 -0.6070585 0.6310109 0.01707333 -0.7755862 0.08516699 0.9869321 -0.1367908 0.08364266 0.9871829 -0.1359192 0.08467257 0.9870138 -0.1365083 -0.3980024 0.8952242 -0.2004188 -0.2980412 0.9073643 -0.2964144 0.1058641 0.980529 -0.165396 0.1243555 0.9751161 -0.1835333 0.1060339 0.9804831 -0.1655588 0.9603345 -0.2775331 0.027076 0.908451 0.4176077 0.01790791 0.9129671 0.4069634 0.02953082 0.9053606 0.4245188 0.01029253 0.9044477 0.4181976 -0.0841735 0.9661219 -0.2576575 -0.0148769 -0.9690275 0.1597054 -0.1883615 -0.8786332 -0.4768282 -0.02527242 -0.8198212 -0.5725653 0.007888376 -0.9492263 0.0581054 -0.3091816 0.9127079 0.1968916 0.3580479 0.9946892 -0.07746773 0.06776589 0.8666378 0.3134084 -0.3882195 0.7462242 0.6565926 -0.1097072 0.1645909 0.9855303 -0.04049569 -0.2350338 0.9717448 0.02171039 -0.3705393 0.9178872 0.1420696 0.1997684 0.9733701 -0.1124432 -0.06021207 -0.9964572 0.05871522 0.4116945 -0.9106156 0.03587692 0.592106 -0.7980298 0.1120669 0.1316677 -0.9712646 0.1982643 0.9738475 -0.2149248 -0.07367962 0.9018116 0.4173266 -0.1121352 0.9887995 -0.1437588 -0.04011291 -0.156043 -0.5976198 0.7864484 0.3603492 -0.5647708 0.7424167 0.3828465 -0.2981347 0.8743822 -0.128175 -0.4287556 0.8942818 -0.9219304 0.3207547 -0.2171654 -0.9221128 0.3203454 -0.2169952 -0.9607483 -0.08173972 0.2651065 -0.9627715 -0.07393383 0.2600094 -0.9493005 -0.120725 0.2902656 -0.9422902 -0.05153572 0.330807 -0.9277119 0.2479618 -0.2790443 -0.92207 0.2492006 -0.2961183 -0.9241905 0.248753 -0.2898172 0.03662467 0.7419449 -0.6694599 -0.5991272 0.6127027 -0.5154048 -0.6105521 0.6011475 -0.5156043 -0.5756647 0.6354547 -0.5145946 -0.5210744 0.5939608 -0.6129372 -0.006094217 0.7701359 -0.6378508 -0.6909589 -0.7020053 -0.1725238 -0.861742 -0.4715835 -0.1871088 -0.986294 0.1036924 -0.1283431 -0.9738577 0.02061569 -0.2262219 0.2497117 -0.9550694 0.1596454 0.3148324 -0.9048139 0.2866925 -0.3749967 -0.9205811 -0.1091248 -0.04019761 -0.9978154 0.05242705 -0.2901388 0.9169952 0.2737504 -0.4273467 0.9027435 0.04928529 -0.5807335 0.8136327 -0.02739226 -0.08737587 0.9952243 -0.04352182 -0.1671226 -0.9724001 -0.1628131 0.4992609 -0.8656094 -0.03819912 0.4813134 -0.8748356 -0.0547735 -0.252972 -0.9402431 -0.2279213 0.04731231 -0.1645931 0.9852262 -0.3877227 0.643294 0.6601848 0.6529996 0.6420766 0.4016582 0.7134422 0.009112298 0.7006549 -0.05931764 0.9835181 0.170803 -0.6958234 0.7178068 0.0241509 -0.5725885 0.8027808 0.1663895 0.1880089 0.9178474 0.3495839 -0.9657353 0.2332613 -0.1137737 -0.9242908 -0.3300853 -0.1916514 -0.9154526 -0.3496993 -0.1991407 -0.9195591 0.3902754 -0.04578697 0.9788842 -0.1696276 0.1140714 0.9501168 0.2642588 0.1656671 0.9112518 0.2581435 0.3209084 0.9208162 -0.3720858 0.1168324 0.1413354 0.8086903 -0.5710029 -0.6400113 0.7482171 -0.1748051 -0.7123162 0.6920473 -0.1169454 0.08992612 0.7843089 -0.6138183 -0.921571 0.3296757 0.2049905 -0.879617 -0.1923156 0.4350733 -0.8731531 -0.2131923 0.4383524 -0.8988325 -0.118597 0.4219417 -0.8871789 -0.07491856 0.4553031 -0.8811974 0.4493803 0.1467941 -0.2177311 -0.7576479 0.6152747 -0.2186196 -0.75751 0.6151293 0.543883 -0.7562041 0.3637947 0.4196413 -0.7592719 0.4974008 -0.1968717 -0.6850513 0.7013888 -0.166941 -0.6887435 0.7055233 -0.1736485 -0.6879753 0.7046533 0.9618371 -0.1154119 -0.2480918 0.9607793 -0.129556 -0.2451907 0.9610497 -0.1261863 -0.2458873 0.8510766 0.2593522 -0.4565143 0.8535898 0.2518692 -0.4560117 0.85297 0.2537299 -0.4561398 0.8040297 0.2539728 -0.5376189 0.9453636 -0.1173972 -0.3041474 0.9451422 -0.1231682 -0.3025492 0.9452022 -0.1216911 -0.3029591 -0.7484729 0.1394909 -0.6483291 -0.8870648 -0.1589291 -0.4334256 -0.9776529 0.04311758 0.2057567 -0.6727893 0.7354061 0.080823 0.3642007 -0.7179189 -0.593254 0.2254548 -0.2139716 -0.9504665 0.7831503 -0.1428226 -0.6052085 0.5229313 -0.7833138 -0.3360989 -0.2001541 0.2108864 -0.9567996 -0.4499546 0.3000097 -0.841151 -0.4498214 0.2934774 -0.8435234 -0.4502808 0.3266581 -0.8309883 -0.05011981 0.9870902 -0.1521221 -0.04991561 0.9869722 -0.1529522 -0.05017668 0.9871228 -0.1518916 0.385888 0.8290736 -0.4046328 0.3802695 0.8306766 -0.406659 0.3862793 0.8289607 -0.4044904 -0.08545911 -0.9932346 0.07862585 -0.4577375 -0.8527703 0.2515143 -0.4413635 -0.8613889 0.251411 -0.4455776 -0.8592064 0.251446 -0.4761858 -0.8527963 0.2144423 -0.4776605 -0.8520155 0.2142663 -0.4772393 -0.852239 0.2143165 -0.06310397 -0.9978372 0.01841235 -0.05575102 -0.9984098 0.008364737 -0.07183182 -0.996955 0.03034824 -0.05084443 0.988973 -0.1390949 -0.05575454 0.988255 -0.1422798 -0.05371904 0.9885569 -0.1409595 0.388765 0.8211584 -0.4178048 0.1440556 0.6425301 -0.7525976 -0.2769367 0.894404 -0.3512089 0.05957353 -0.9864063 0.1531462 0.0581606 -0.9866264 0.1522685 0.06122869 -0.9861449 0.1541734 -0.3978087 -0.8263435 0.3986282 -0.3972669 -0.8264164 0.3990175 -0.3986968 -0.8262253 0.3979856 -0.5565954 -0.8306865 -0.01271748 -0.03833079 -0.9872118 -0.1547372 0.0187838 -0.9922378 -0.1229282 -0.07413166 -0.981886 -0.1743689 -0.8639144 0.06648075 0.4992316 -0.6302691 0.7184184 0.2943402 -0.8271925 0.536345 -0.1675915 -0.9623683 -0.1614541 0.2185864 0.3433218 -0.9388548 -0.02611607 -0.1602342 -0.9791674 -0.1247246 -0.1322355 -0.9847986 -0.1126298 -0.1419454 -0.9829561 -0.1168288 -0.2575364 -0.9639986 -0.06619393 0.003646314 -0.9967456 -0.08052957 -0.5559356 0.8287348 0.06429761 -0.887479 0.2837042 0.3631708 -0.9427318 -0.025267 0.3325935 -0.6472446 0.7459685 0.1568617 0.5048711 -0.8452799 -0.1749488 0.8351846 -0.2597099 -0.4847862 0.8862485 -0.3409132 -0.3135951 0.8859826 -0.3424562 -0.3126641 0.8873556 -0.334282 -0.3175776 0.570805 -0.8053627 -0.1599141 -0.6834513 0.719657 0.1224265 -0.6198333 0.7642014 0.1783341 -0.4855116 0.8530828 0.1911237 -0.7431654 0.6690616 -0.007862627 0.2739467 0.9456133 -0.1754102 0.4253187 0.887261 -0.1785279 0.06065762 0.9965965 0.05582177 0.03072243 0.9995212 0.003688991 0.5402514 -0.7979763 -0.2671371 0.8850783 -0.1244381 -0.4484995 0.8779095 -0.1594589 -0.4514953 0.5233367 -0.8227869 -0.2216767 -0.5038703 0.8011869 0.3228223 -0.897874 0.1284464 0.4210985 -0.8649454 0.3094562 0.3951032 -0.4379138 0.8719174 0.2190695 0.003812551 -0.9964756 0.08379656 -0.3296625 -0.9265709 0.1810778 -0.4327266 -0.8551411 0.2854498 -0.06336867 -0.9888766 0.1345646 0.2469933 0.8552374 -0.4555912 0.2483494 0.8551661 -0.4549875 0.2464683 0.8552646 -0.4558246 -0.1758074 0.9438041 -0.2798674 -0.1882941 0.9410327 -0.2810746 -0.1654884 0.945972 -0.2788383 -0.05917906 0.9980858 -0.01796448 0.2821846 0.9368649 -0.2065337 0.2314015 0.7875209 -0.5711954 -0.2222305 0.9397314 -0.2598434 -0.2827662 0.8338896 -0.4739953 0.2445299 0.701571 -0.6693305 0.8121008 0.4291953 -0.3953275 0.7456733 0.3088201 -0.5904248 0.6636372 0.5895125 -0.4605007 0.6827386 0.5452344 -0.4864028 0.4815723 0.6875103 -0.5435236 0.4309399 0.716775 -0.5482012 0.5208877 0.662401 -0.5384245 0.497811 0.8035167 -0.3264129 0.5072813 0.8015313 -0.316565 0.4964553 0.8037864 -0.3278102 -0.03173267 0.9799822 0.1965398 0.2505819 0.9679905 0.0142529 0.2432496 0.9698637 0.01393932 0.267234 0.9635155 0.0149641 0.2500979 0.9673041 -0.04211878 -0.02402782 0.9901908 0.1376404 0.9879746 -0.05114746 0.1459118 0.9479247 0.313856 0.05415856 0.9537463 0.3004594 0.00960946 0.9860118 -0.1610167 0.04306107 -0.9006594 -0.43413 0.018543 -0.9327415 -0.3605305 0.003349959 -0.9726521 0.2260338 -0.05344772 -0.2018803 0.9682045 -0.1477313 -0.7532179 0.65035 -0.09852886 -0.6952419 0.7135781 -0.08628445 -0.1031413 0.9927966 -0.06096625 -0.4932709 -0.8608784 0.1247895 0.3420991 -0.9081776 0.2412089 0.4765039 -0.8678039 0.1409274 -0.2299762 -0.9684366 0.09613287 0.9925922 -0.09438705 0.07649707 0.9899731 -0.1181458 0.07742601 0.9906659 -0.1123428 0.07720261 0.9319579 0.3461527 -0.1078565 0.9251938 0.3637862 -0.1080564 0.9268375 0.3595908 -0.1080129 0.92342 0.3169753 -0.2163847 0.9222429 0.3200871 -0.2168232 0.9225128 0.3193761 -0.2167234 0.9948999 -0.09676057 0.02848947 0.995328 -0.09248781 0.02772104 0.9952354 -0.09342694 0.02789032 -0.2370014 -0.8129655 0.5319 0.6020414 -0.7281766 0.3275744 0.5374304 -0.7221802 0.4354589 -0.2328661 -0.8135949 0.5327633 -0.232059 -0.8138859 0.532671 -0.2360035 -0.8124583 0.5331171 -0.9684917 0.002470314 0.2490339 -0.7826212 -0.4833284 0.3922979 -0.888051 -0.3762834 0.2641522 -0.8802178 -0.3925976 0.2666154 -0.9111641 -0.3231386 0.255659 -0.9882375 0.1452751 0.04777008 0.206286 0.9195851 -0.3343793 0.2073211 0.9194854 -0.3340129 -0.4703041 0.8515701 -0.2316085 -0.4477174 0.8641054 -0.2299371 -0.5404307 0.80764 -0.2359074 -0.5538246 0.7593948 -0.3414644 0.1761752 0.8503904 -0.4957807 0.4055424 -0.9056116 0.1241094 -0.1181738 -0.9844128 0.1302555 -0.04433202 -0.9807183 0.1903324 -0.1043789 -0.9844011 0.1416319 -0.1701142 -0.9847179 0.03730994 -0.1705405 -0.9846585 0.03692829 -0.1701852 -0.984708 0.03724628 0.3393716 -0.9405953 0.01035964 -0.6713114 0.7291572 0.1329314 -0.9432646 -0.312183 0.1131097 -0.8826486 -0.4699541 0.00864011 -0.9241583 0.3710732 0.09075272 0.8029615 -0.5891268 -0.09045839 0.9926856 0.1201298 0.01201051 0.89276 0.4451168 0.06964838 0.9369243 -0.3481273 0.03130835 0.1455714 0.9891543 -0.01956564 -0.08614748 0.9927256 0.08411085 -0.4071355 0.9127175 0.03446131 0.07253819 0.9961786 -0.04864716 0.01699954 0.9147512 -0.4036602 0.01008844 0.918356 -0.3956267 0.04190903 0.9007961 -0.4322155 -0.6720965 0.6674917 -0.3205329 -0.6638882 0.6803196 -0.3105123 -0.645664 0.706896 -0.2888184 -0.6394833 0.2275539 0.7343571 -0.5819347 0.2076369 0.7862817 -0.6924919 0.2458603 0.6782387 0.5487875 0.5901136 0.5921134 0.6298995 0.4690859 0.6190194 0.4169394 0.7358646 0.5335398 0.7249421 -0.6482892 0.2327666 0.728204 -0.6490212 0.2202057 0.7143361 -0.6454097 0.2705005 0.5483681 0.6195409 0.5616596 0.5457208 0.6092945 0.5752817 0.5388438 0.5844441 0.6066899 -0.7569637 0.5942412 0.2718148 -0.7543715 0.5892431 0.2893375 -0.7438241 0.5710438 0.347325 -0.533284 -0.8459343 0.001861393 -0.5379931 -0.8426534 -0.02233159 -0.5199001 -0.8518972 0.06304961 -0.5980232 0.1919676 -0.7781496 -0.5889354 0.1975021 -0.783676 -0.6438868 0.1627471 -0.7476117 -0.1685215 -0.02920991 -0.9852651 -0.1747921 -0.01403033 -0.9845054 -0.2006925 0.04996693 -0.9783792 -0.2531666 -0.5653129 -0.7850657 -0.2625681 -0.5714825 -0.7774739 -0.211602 -0.5371758 -0.8164967 -0.6998845 -0.372265 -0.6095741 -0.6940623 -0.3835597 -0.6092287 -0.6589945 -0.446315 -0.6054166 -0.03576374 0.939343 -0.3411096 -0.695193 0.6280194 -0.3497119 -0.5133275 0.1838455 0.8382696 0.7208845 0.2804039 0.6337975 0.7381576 -0.6506659 0.1782057 0.5543997 0.6449241 0.5260362 -0.764306 0.6109343 0.2063872 -0.5492866 -0.8308609 -0.08918774 -0.5410673 0.2253997 -0.8102106 -0.1409342 -0.09463441 -0.9854856 -0.302434 -0.596807 -0.743206 -0.7314904 -0.3054084 -0.609629</float_array>
          <technique_common>
            <accessor source="#Mesh_004-mesh-normals-array" count="1003" stride="3">
              <param name="X" type="float"/>
              <param name="Y" type="float"/>
              <param name="Z" type="float"/>
            </accessor>
          </technique_common>
        </source>
        <source id="Mesh_004-mesh-map">
          <float_array id="Mesh_004-mesh-map-array" count="2784">0.2832065 0.9323514 0.2411391 0.889419 0.2879285 0.8880323 0.2879285 0.8880323 0.32145 0.9361708 0.2832065 0.9323514 0.7029815 0.880436 0.719062 0.9054142 0.6947068 0.8871724 0.6947068 0.8871724 0.6647127 0.868043 0.7029815 0.880436 0.9319683 0.9242281 0.916152 0.8977036 0.9410207 0.9094494 0.9319683 0.9242281 0.9657057 0.9266375 0.9550393 0.9415686 0.9319683 0.9242281 0.9416026 0.9551858 0.9198467 0.9444133 0.9319683 0.9242281 0.9022465 0.930792 0.9093695 0.9130628 0.131496 0.06994545 0.08789932 0.1434898 0.07679122 0.07172733 0.07679122 0.07172733 0.03496158 0.1477833 0.02195513 0.07462918 0.02195513 0.07462918 0.0728814 0.01452898 0.07679122 0.07172733 0.07679122 0.07172733 0.1299651 0.01521754 0.131496 0.06994545 0.1772902 0.06374943 0.2256785 0.1160501 0.1803545 0.1249079 0.1803545 0.1249079 0.131496 0.06994545 0.1772902 0.06374943 0.1772902 0.06374943 0.1299651 0.01521754 0.1748532 0.01015394 0.1772902 0.06374943 0.2201328 0.006548583 0.225498 0.05914324 0.3672133 0.07456713 0.3987416 0.153454 0.3600465 0.1466163 0.3672133 0.07456713 0.3242516 0.1362647 0.322167 0.07317388 0.3672133 0.07456713 0.3250886 0.00323379 0.3794404 0.008636295 0.3794404 0.008636295 0.4089072 0.07780128 0.3672133 0.07456713 0.4645361 0.5247317 0.4719622 0.4988659 0.4786425 0.527688 0.4786425 0.527688 0.4714114 0.5688535 0.4645361 0.5247317 0.4645361 0.5247317 0.4501683 0.5606876 0.4504455 0.5245063 0.4645361 0.5247317 0.4475894 0.5069187 0.4587491 0.4949109 0.7723523 0.7909861 0.8068711 0.8881071 0.749933 0.8850362 0.7723523 0.7909861 0.6788616 0.8660873 0.7180743 0.7687514 0.7180743 0.7687514 0.7967595 0.6857028 0.7723523 0.7909861 0.7967595 0.6857028 0.8194558 0.7924803 0.7723523 0.7909861 0.9783927 0.7790534 0.9399395 0.8946747 0.9329479 0.793208 0.9329479 0.793208 0.8972491 0.8860552 0.8995356 0.7902832 0.8995356 0.7902832 0.9238407 0.6802845 0.9329479 0.793208 0.9238407 0.6802845 0.9783927 0.7790534 0.9329479 0.793208 0.8596898 0.7909868 0.8972491 0.8860552 0.8519639 0.885797 0.8519639 0.885797 0.8194558 0.7924803 0.8596898 0.7909868 0.8596898 0.7909868 0.8298955 0.6841689 0.8640578 0.6828944 0.8640578 0.6828944 0.8995356 0.7902832 0.8596898 0.7909868 0.5151281 0.5193622 0.5152124 0.5819517 0.4971424 0.522805 0.4971424 0.522805 0.4933618 0.5798268 0.4786425 0.527688 0.4971424 0.522805 0.4719622 0.4988659 0.4821836 0.4826236 0.4971424 0.522805 0.5020247 0.491856 0.5151281 0.5193622 0.5290403 0.5172904 0.5634745 0.5499727 0.5492573 0.5672231 0.5492573 0.5672231 0.5151281 0.5193622 0.5290403 0.5172904 0.5290403 0.5172904 0.5020247 0.491856 0.5101374 0.4846365 0.5290403 0.5172904 0.5275371 0.4913717 0.5431542 0.5117169 0.4358972 0.5321534 0.4501683 0.5606876 0.4382759 0.5699364 0.4382759 0.5699364 0.4211792 0.5402858 0.4358972 0.5321534 0.4358972 0.5321534 0.4226477 0.5147297 0.4336438 0.5079543 0.4358972 0.5321534 0.4475894 0.5069187 0.4504455 0.5245063 0.5271206 0.1257647 0.5117465 0 0.5647177 0.1194561 0.5647177 0.1194561 0.5972206 0.2346405 0.5271206 0.1257647 0.5972206 0.2346405 0.505506 0.1512746 0.5271206 0.1257647 0.5271206 0.1257647 0.4264883 0.05730175 0.4647999 0.02741247 0.6201999 0.1387882 0.6962612 0.1032038 0.6707597 0.1544322 0.6707597 0.1544322 0.645599 0.2289061 0.6201999 0.1387882 0.6201999 0.1387882 0.619882 0.228954 0.5647177 0.1194561 0.5647177 0.1194561 0.6112709 0.05894142 0.6201999 0.1387882 0.8122207 0.1650465 0.7532506 0.1154444 0.8413457 0.09676367 0.8413457 0.09676367 0.8632062 0.1647613 0.8122207 0.1650465 0.8122207 0.1650465 0.7884381 0.2440233 0.7608711 0.2363281 0.7608711 0.2363281 0.7591868 0.1641909 0.8122207 0.1650465 0.6644139 0.6043859 0.6424412 0.472168 0.6589602 0.4657628 0.6589602 0.4657628 0.6823784 0.5987299 0.6644139 0.6043859 0.6644139 0.6043859 0.6862092 0.6800465 0.6735748 0.7128822 0.6644139 0.6043859 0.6579138 0.6901339 0.6479642 0.6114124 0.710166 0.1654102 0.6962612 0.1032038 0.7220498 0.1145381 0.710166 0.1654102 0.7532506 0.1154444 0.7591868 0.1641909 0.710166 0.1654102 0.7404378 0.2341124 0.7041866 0.2316671 0.710166 0.1654102 0.6662569 0.2309393 0.6707597 0.1544322 0.7229847 0.6015001 0.7399145 0.4739862 0.7396088 0.6079537 0.7396088 0.6079537 0.7611905 0.4777795 0.7589306 0.6143926 0.7396088 0.6079537 0.7451969 0.6926342 0.7267957 0.7143498 0.7396088 0.6079537 0.7169833 0.6809782 0.7229847 0.6015001 0.6128435 0.6182439 0.6260409 0.4779082 0.6316911 0.6163823 0.6260409 0.4779082 0.6479642 0.6114124 0.6316911 0.6163823 0.6316911 0.6163823 0.6579138 0.6901339 0.6500784 0.7215512 0.6316911 0.6163823 0.6304001 0.6953778 0.6128435 0.6182439 0.6823784 0.5987299 0.7014629 0.4643177 0.703683 0.5985897 0.703683 0.5985897 0.7238467 0.4690806 0.7229847 0.6015001 0.703683 0.5985897 0.7169833 0.6809782 0.7020568 0.7069343 0.703683 0.5985897 0.6862092 0.6800465 0.6823784 0.5987299 0.4378831 0.6349472 0.4637962 0.7054437 0.4443796 0.7142755 0.4443796 0.7142755 0.4209567 0.6497753 0.4378831 0.6349472 0.4378831 0.6349472 0.422926 0.5842608 0.4382759 0.5699364 0.4382759 0.5699364 0.4517534 0.6250168 0.4378831 0.6349472 0.5726842 0.6295019 0.6191079 0.683097 0.5960743 0.6992135 0.5960743 0.6992135 0.5528981 0.6412405 0.5726842 0.6295019 0.5726842 0.6295019 0.5355452 0.5772422 0.5492573 0.5672231 0.5492573 0.5672231 0.5903195 0.6103603 0.5726842 0.6295019 0.5528981 0.6412405 0.5490895 0.7162877 0.5309137 0.6450862 0.5309137 0.6450862 0.5255273 0.7158263 0.5079737 0.6414535 0.5079737 0.6414535 0.5152124 0.5819517 0.5309137 0.6450862 0.5309137 0.6450862 0.5355452 0.5772422 0.5528981 0.6412405 0.5079737 0.6414535 0.4940445 0.709323 0.4794042 0.6314877 0.4794042 0.6314877 0.4637962 0.7054437 0.4517534 0.6250168 0.4517534 0.6250168 0.4714114 0.5688535 0.4794042 0.6314877 0.4794042 0.6314877 0.4933618 0.5798268 0.5079737 0.6414535 0.7128822 0.9631287 0.7215499 0.9317542 0.7328699 0.9334881 0.7215499 0.9317542 0.7316942 0.9024395 0.7328699 0.9334881 0.32145 0.9361708 0.3596266 0.9071465 0.3527981 0.9471733 0.3527981 0.9471733 0.3967356 0.9244418 0.3860585 0.9619332 0.6647127 0.868043 0.633821 0.8801336 0.6290858 0.8726133 0.6290858 0.8726133 0.6129999 0.8965271 0.6045191 0.8919177 0.2030246 0.9407112 0.1686255 0.9079229 0.2012016 0.8976718 0.2012016 0.8976718 0.2406368 0.9335462 0.2030246 0.9407112 0.6064037 0.9280171 0.6129999 0.8965271 0.6142997 0.9269223 0.6064037 0.9280171 0.6308953 0.9556464 0.6261784 0.9631287 0.09177637 0.9586315 0.129581 0.9172201 0.1329481 0.9555347 0.129581 0.9172201 0.1703751 0.9488027 0.1329481 0.9555347 0.2434776 0.7991529 0.3006075 0.6763859 0.293637 0.7989349 0.293637 0.7989349 0.3426192 0.6872986 0.3360854 0.8050851 0.3360854 0.8050851 0.2879285 0.8880323 0.293637 0.7989349 0.2879285 0.8880323 0.2434776 0.7991529 0.293637 0.7989349 0.8808459 0.9096727 0.8504627 0.8908772 0.8846777 0.8930307 0.8846777 0.8930307 0.9093695 0.9130628 0.8808459 0.9096727 0.8808459 0.9096727 0.9022465 0.930792 0.8766422 0.9320495 0.8808459 0.9096727 0.8503265 0.9257007 0.8495929 0.9076706 0.7433512 0.9419806 0.7627792 0.9101784 0.771617 0.9259909 0.771617 0.9259909 0.7915648 0.8973864 0.7977828 0.9138974 0.771617 0.9259909 0.8029743 0.9317644 0.7826367 0.946059 0.771617 0.9259909 0.7571072 0.9551858 0.7433512 0.9419806 0.7977828 0.9138974 0.8193783 0.8923815 0.8220916 0.910196 0.8193783 0.8923815 0.8495929 0.9076706 0.8220916 0.910196 0.8220916 0.910196 0.8503265 0.9257007 0.8260587 0.9323937 0.8220916 0.910196 0.8029743 0.9317644 0.7977828 0.9138974 0.2238108 0.2246708 0.2763792 0.1226348 0.281716 0.2327002 0.281716 0.2327002 0.3242516 0.1362647 0.3359305 0.2565031 0.3359305 0.2565031 0.2951574 0.3734352 0.281716 0.2327002 0.281716 0.2327002 0.2336014 0.3615316 0.2238108 0.2246708 0.4081436 0.6080369 0.3675193 0.7048727 0.3750686 0.5820087 0.3750686 0.5820087 0.3426192 0.6872986 0.3511221 0.5523517 0.3511221 0.5523517 0.3767842 0.4442837 0.3750686 0.5820087 0.3750686 0.5820087 0.4210625 0.4844695 0.4081436 0.6080369 0.2104333 0.5244169 0.2498393 0.672788 0.2074168 0.6755534 0.2074168 0.6755534 0.1751967 0.5460446 0.2104333 0.5244169 0.2104333 0.5244169 0.1589481 0.4216145 0.1939943 0.3797895 0.1939943 0.3797895 0.2522982 0.5157563 0.2104333 0.5244169 0.08117717 0.6729562 0.03155463 0.6136603 0.05826485 0.6196122 0.03155463 0.6136603 0.06573277 0.5536175 0.05826485 0.6196122 0.05826485 0.6196122 0.07784026 0.5830845 0.07680737 0.619634 0.05826485 0.6196122 0.08531743 0.6491277 0.08117717 0.6729562 0.1255002 0.7292497 0.1675478 0.8138298 0.1283265 0.8246014 0.1283265 0.8246014 0.1686255 0.9079229 0.129581 0.9172201 0.129581 0.9172201 0.08037775 0.8292236 0.1283265 0.8246014 0.08037775 0.8292236 0.1255002 0.7292497 0.1283265 0.8246014 0.2011896 0.804921 0.2411391 0.889419 0.2012016 0.8976718 0.2012016 0.8976718 0.1675478 0.8138298 0.2011896 0.804921 0.2011896 0.804921 0.1696954 0.6840726 0.2074168 0.6755534 0.2074168 0.6755534 0.2434776 0.7991529 0.2011896 0.804921 0.4046818 0.8332366 0.3596266 0.9071465 0.3648731 0.8197745 0.3648731 0.8197745 0.3290455 0.8923898 0.3360854 0.8050851 0.3360854 0.8050851 0.3675193 0.7048727 0.3648731 0.8197745 0.3648731 0.8197745 0.4074879 0.7187028 0.4046818 0.8332366 0.2522982 0.5157563 0.2951574 0.3734352 0.3062478 0.5269972 0.3062478 0.5269972 0.3503952 0.4062628 0.3511221 0.5523517 0.3511221 0.5523517 0.3006075 0.6763859 0.3062478 0.5269972 0.3062478 0.5269972 0.2498393 0.672788 0.2522982 0.5157563 0.09743517 0.6163668 0.1218078 0.6343564 0.1015941 0.6486386 0.1015941 0.6486386 0.07680737 0.619634 0.09743517 0.6163668 0.09743517 0.6163668 0.07784026 0.5830845 0.09690266 0.5743644 0.09690266 0.5743644 0.1212929 0.6031923 0.09743517 0.6163668 0.1132681 0.6800346 0.1696954 0.6840726 0.1255002 0.7292497 0.1132681 0.6800346 0.07675492 0.7182129 0.08117717 0.6729562 0.08117717 0.6729562 0.1015941 0.6486386 0.1132681 0.6800346 0.1015941 0.6486386 0.1417835 0.6435281 0.1132681 0.6800346 0.1378074 0.520377 0.1751967 0.5460446 0.1472232 0.574679 0.1751967 0.5460446 0.1417835 0.6435281 0.1472232 0.574679 0.1417835 0.6435281 0.1212929 0.6031923 0.1472232 0.574679 0.1472232 0.574679 0.1188438 0.5642652 0.1378074 0.520377 0.1019815 0.5153982 0.03624927 0.4803115 0.0990433 0.427089 0.0990433 0.427089 0.1378074 0.520377 0.1019815 0.5153982 0.1019815 0.5153982 0.1188438 0.5642652 0.09690266 0.5743644 0.09690266 0.5743644 0.06573277 0.5536175 0.1019815 0.5153982 0.6715533 0.3340022 0.7041866 0.2316671 0.701081 0.3361662 0.701081 0.3361662 0.7404378 0.2341124 0.7278094 0.3417667 0.7278094 0.3417667 0.7014629 0.4643177 0.701081 0.3361662 0.701081 0.3361662 0.6766431 0.4621553 0.6715533 0.3340022 0.620844 0.3502689 0.5742918 0.2449367 0.5972206 0.2346405 0.5972206 0.2346405 0.6377604 0.3440863 0.620844 0.3502689 0.620844 0.3502689 0.6424412 0.472168 0.6260409 0.4779082 0.6260409 0.4779082 0.5999749 0.3554505 0.620844 0.3502689 0.7430189 0.3465296 0.7404378 0.2341124 0.7608711 0.2363281 0.7608711 0.2363281 0.7668556 0.352308 0.7430189 0.3465296 0.7668556 0.352308 0.7399145 0.4739862 0.7430189 0.3465296 0.7430189 0.3465296 0.7238467 0.4690806 0.7278094 0.3417667 0.6377604 0.3440863 0.645599 0.2289061 0.6546412 0.3376143 0.6546412 0.3376143 0.6662569 0.2309393 0.6715533 0.3340022 0.6546412 0.3376143 0.6766431 0.4621553 0.6589602 0.4657628 0.6589602 0.4657628 0.6377604 0.3440863 0.6546412 0.3376143 0.5453552 0.7993383 0.5269119 0.8918566 0.5131746 0.7956759 0.5131746 0.7956759 0.4935162 0.8899571 0.4821164 0.7932996 0.4821164 0.7932996 0.4940445 0.709323 0.5131746 0.7956759 0.5131746 0.7956759 0.5255273 0.7158263 0.5453552 0.7993383 0.5681737 0.7966219 0.6149278 0.8760187 0.5858496 0.8901782 0.5681737 0.7966219 0.5611967 0.8935667 0.5453552 0.7993383 0.5453552 0.7993383 0.5490895 0.7162877 0.5681737 0.7966219 0.5490895 0.7162877 0.5894689 0.7891652 0.5681737 0.7966219 0.6460824 0.7613682 0.6379989 0.8384655 0.6189589 0.7768161 0.6379989 0.8384655 0.5894689 0.7891652 0.6189589 0.7768161 0.6189589 0.7768161 0.5715025 0.7104325 0.5960743 0.6992135 0.5960743 0.6992135 0.6460824 0.7613682 0.6189589 0.7768161 0.4568911 0.7991718 0.4935162 0.8899571 0.4613055 0.8942901 0.4613055 0.8942901 0.4317248 0.808066 0.4568911 0.7991718 0.4568911 0.7991718 0.4237782 0.7272051 0.4443796 0.7142755 0.4443796 0.7142755 0.4821164 0.7932996 0.4568911 0.7991718 0.225498 0.05914324 0.2642284 0.009849965 0.2733573 0.06514334 0.2733573 0.06514334 0.3250886 0.00323379 0.322167 0.07317388 0.322167 0.07317388 0.2763792 0.1226348 0.2733573 0.06514334 0.2733573 0.06514334 0.2256785 0.1160501 0.225498 0.05914324 0.4021119 0.2994306 0.3767842 0.4442837 0.3656794 0.2836536 0.3656794 0.2836536 0.3503952 0.4062628 0.3359305 0.2565031 0.3359305 0.2565031 0.3600465 0.1466163 0.3656794 0.2836536 0.3656794 0.2836536 0.3987416 0.153454 0.4021119 0.2994306 0.1843691 0.2418404 0.2336014 0.3615316 0.1939943 0.3797895 0.1939943 0.3797895 0.1485006 0.2656778 0.1843691 0.2418404 0.1843691 0.2418404 0.1379972 0.1369543 0.1803545 0.1249079 0.1803545 0.1249079 0.2238108 0.2246708 0.1843691 0.2418404 0.09316664 0.2835941 0.1589481 0.4216145 0.0990433 0.427089 0.0990433 0.427089 0.03533488 0.2908552 0.09316664 0.2835941 0.03533488 0.2908552 0.08789932 0.1434898 0.09316664 0.2835941 0.08789932 0.1434898 0.1485006 0.2656778 0.09316664 0.2835941 0.2832065 0.9323514 0.2406368 0.9335462 0.2411391 0.889419 0.2879285 0.8880323 0.3290455 0.8923898 0.32145 0.9361708 0.7029815 0.880436 0.7316942 0.9024395 0.719062 0.9054142 0.6947068 0.8871724 0.6632329 0.8767473 0.6647127 0.868043 0.9319683 0.9242281 0.9093695 0.9130628 0.916152 0.8977036 0.9319683 0.9242281 0.9410207 0.9094494 0.9657057 0.9266375 0.9319683 0.9242281 0.9550393 0.9415686 0.9416026 0.9551858 0.9319683 0.9242281 0.9198467 0.9444133 0.9022465 0.930792 0.131496 0.06994545 0.1379972 0.1369543 0.08789932 0.1434898 0.07679122 0.07172733 0.08789932 0.1434898 0.03496158 0.1477833 0.02195513 0.07462918 0 0.001865923 0.0728814 0.01452898 0.07679122 0.07172733 0.0728814 0.01452898 0.1299651 0.01521754 0.1772902 0.06374943 0.225498 0.05914324 0.2256785 0.1160501 0.1803545 0.1249079 0.1379972 0.1369543 0.131496 0.06994545 0.1772902 0.06374943 0.131496 0.06994545 0.1299651 0.01521754 0.1772902 0.06374943 0.1748532 0.01015394 0.2201328 0.006548583 0.3672133 0.07456713 0.4089072 0.07780128 0.3987416 0.153454 0.3672133 0.07456713 0.3600465 0.1466163 0.3242516 0.1362647 0.3672133 0.07456713 0.322167 0.07317388 0.3250886 0.00323379 0.3794404 0.008636295 0.427803 0.003868639 0.4089072 0.07780128 0.4645361 0.5247317 0.4587491 0.4949109 0.4719622 0.4988659 0.4786425 0.527688 0.4933618 0.5798268 0.4714114 0.5688535 0.4645361 0.5247317 0.4714114 0.5688535 0.4501683 0.5606876 0.4645361 0.5247317 0.4504455 0.5245063 0.4475894 0.5069187 0.7723523 0.7909861 0.8194558 0.7924803 0.8068711 0.8881071 0.7723523 0.7909861 0.749933 0.8850362 0.6788616 0.8660873 0.7180743 0.7687514 0.7575761 0.675031 0.7967595 0.6857028 0.7967595 0.6857028 0.8298955 0.6841689 0.8194558 0.7924803 0.9783927 0.7790534 1 0.8946226 0.9399395 0.8946747 0.9329479 0.793208 0.9399395 0.8946747 0.8972491 0.8860552 0.8995356 0.7902832 0.8988032 0.6818818 0.9238407 0.6802845 0.9238407 0.6802845 0.9552895 0.6723233 0.9783927 0.7790534 0.8596898 0.7909868 0.8995356 0.7902832 0.8972491 0.8860552 0.8519639 0.885797 0.8068711 0.8881071 0.8194558 0.7924803 0.8596898 0.7909868 0.8194558 0.7924803 0.8298955 0.6841689 0.8640578 0.6828944 0.8988032 0.6818818 0.8995356 0.7902832 0.5151281 0.5193622 0.5355452 0.5772422 0.5152124 0.5819517 0.4971424 0.522805 0.5152124 0.5819517 0.4933618 0.5798268 0.4971424 0.522805 0.4786425 0.527688 0.4719622 0.4988659 0.4971424 0.522805 0.4821836 0.4826236 0.5020247 0.491856 0.5290403 0.5172904 0.5431542 0.5117169 0.5634745 0.5499727 0.5492573 0.5672231 0.5355452 0.5772422 0.5151281 0.5193622 0.5290403 0.5172904 0.5151281 0.5193622 0.5020247 0.491856 0.5290403 0.5172904 0.5101374 0.4846365 0.5275371 0.4913717 0.4358972 0.5321534 0.4504455 0.5245063 0.4501683 0.5606876 0.4382759 0.5699364 0.422926 0.5842608 0.4211792 0.5402858 0.4358972 0.5321534 0.4211792 0.5402858 0.4226477 0.5147297 0.4358972 0.5321534 0.4336438 0.5079543 0.4475894 0.5069187 0.5271206 0.1257647 0.4647999 0.02741247 0.5117465 0 0.5647177 0.1194561 0.619882 0.228954 0.5972206 0.2346405 0.5972206 0.2346405 0.5742918 0.2449367 0.505506 0.1512746 0.5271206 0.1257647 0.505506 0.1512746 0.4264883 0.05730175 0.6201999 0.1387882 0.6112709 0.05894142 0.6962612 0.1032038 0.6707597 0.1544322 0.6662569 0.2309393 0.645599 0.2289061 0.6201999 0.1387882 0.645599 0.2289061 0.619882 0.228954 0.5647177 0.1194561 0.5117465 0 0.6112709 0.05894142 0.8122207 0.1650465 0.7591868 0.1641909 0.7532506 0.1154444 0.8413457 0.09676367 0.9442812 0.07204389 0.8632062 0.1647613 0.8122207 0.1650465 0.8632062 0.1647613 0.7884381 0.2440233 0.7608711 0.2363281 0.7404378 0.2341124 0.7591868 0.1641909 0.6644139 0.6043859 0.6479642 0.6114124 0.6424412 0.472168 0.6589602 0.4657628 0.6766431 0.4621553 0.6823784 0.5987299 0.6644139 0.6043859 0.6823784 0.5987299 0.6862092 0.6800465 0.6644139 0.6043859 0.6735748 0.7128822 0.6579138 0.6901339 0.710166 0.1654102 0.6707597 0.1544322 0.6962612 0.1032038 0.710166 0.1654102 0.7220498 0.1145381 0.7532506 0.1154444 0.710166 0.1654102 0.7591868 0.1641909 0.7404378 0.2341124 0.710166 0.1654102 0.7041866 0.2316671 0.6662569 0.2309393 0.7229847 0.6015001 0.7238467 0.4690806 0.7399145 0.4739862 0.7396088 0.6079537 0.7399145 0.4739862 0.7611905 0.4777795 0.7396088 0.6079537 0.7589306 0.6143926 0.7451969 0.6926342 0.7396088 0.6079537 0.7267957 0.7143498 0.7169833 0.6809782 0.6128435 0.6182439 0.6061535 0.4814341 0.6260409 0.4779082 0.6260409 0.4779082 0.6424412 0.472168 0.6479642 0.6114124 0.6316911 0.6163823 0.6479642 0.6114124 0.6579138 0.6901339 0.6316911 0.6163823 0.6500784 0.7215512 0.6304001 0.6953778 0.6823784 0.5987299 0.6766431 0.4621553 0.7014629 0.4643177 0.703683 0.5985897 0.7014629 0.4643177 0.7238467 0.4690806 0.703683 0.5985897 0.7229847 0.6015001 0.7169833 0.6809782 0.703683 0.5985897 0.7020568 0.7069343 0.6862092 0.6800465 0.4378831 0.6349472 0.4517534 0.6250168 0.4637962 0.7054437 0.4443796 0.7142755 0.4237782 0.7272051 0.4209567 0.6497753 0.4378831 0.6349472 0.4209567 0.6497753 0.422926 0.5842608 0.4382759 0.5699364 0.4501683 0.5606876 0.4517534 0.6250168 0.5726842 0.6295019 0.5903195 0.6103603 0.6191079 0.683097 0.5960743 0.6992135 0.5715025 0.7104325 0.5528981 0.6412405 0.5726842 0.6295019 0.5528981 0.6412405 0.5355452 0.5772422 0.5492573 0.5672231 0.5634745 0.5499727 0.5903195 0.6103603 0.5528981 0.6412405 0.5715025 0.7104325 0.5490895 0.7162877 0.5309137 0.6450862 0.5490895 0.7162877 0.5255273 0.7158263 0.5079737 0.6414535 0.4933618 0.5798268 0.5152124 0.5819517 0.5309137 0.6450862 0.5152124 0.5819517 0.5355452 0.5772422 0.5079737 0.6414535 0.5255273 0.7158263 0.4940445 0.709323 0.4794042 0.6314877 0.4940445 0.709323 0.4637962 0.7054437 0.4517534 0.6250168 0.4501683 0.5606876 0.4714114 0.5688535 0.4794042 0.6314877 0.4714114 0.5688535 0.4933618 0.5798268 0.7128822 0.9631287 0.7063821 0.9571302 0.7215499 0.9317542 0.7215499 0.9317542 0.719062 0.9054142 0.7316942 0.9024395 0.32145 0.9361708 0.3290455 0.8923898 0.3596266 0.9071465 0.3527981 0.9471733 0.3596266 0.9071465 0.3967356 0.9244418 0.6647127 0.868043 0.6632329 0.8767473 0.633821 0.8801336 0.6290858 0.8726133 0.633821 0.8801336 0.6129999 0.8965271 0.2030246 0.9407112 0.1703751 0.9488027 0.1686255 0.9079229 0.2012016 0.8976718 0.2411391 0.889419 0.2406368 0.9335462 0.6064037 0.9280171 0.6045191 0.8919177 0.6129999 0.8965271 0.6064037 0.9280171 0.6142997 0.9269223 0.6308953 0.9556464 0.09177637 0.9586315 0.08354848 0.9199724 0.129581 0.9172201 0.129581 0.9172201 0.1686255 0.9079229 0.1703751 0.9488027 0.2434776 0.7991529 0.2498393 0.672788 0.3006075 0.6763859 0.293637 0.7989349 0.3006075 0.6763859 0.3426192 0.6872986 0.3360854 0.8050851 0.3290455 0.8923898 0.2879285 0.8880323 0.2879285 0.8880323 0.2411391 0.889419 0.2434776 0.7991529 0.8808459 0.9096727 0.8495929 0.9076706 0.8504627 0.8908772 0.8846777 0.8930307 0.916152 0.8977036 0.9093695 0.9130628 0.8808459 0.9096727 0.9093695 0.9130628 0.9022465 0.930792 0.8808459 0.9096727 0.8766422 0.9320495 0.8503265 0.9257007 0.7433512 0.9419806 0.7336403 0.9266958 0.7627792 0.9101784 0.771617 0.9259909 0.7627792 0.9101784 0.7915648 0.8973864 0.771617 0.9259909 0.7977828 0.9138974 0.8029743 0.9317644 0.771617 0.9259909 0.7826367 0.946059 0.7571072 0.9551858 0.7977828 0.9138974 0.7915648 0.8973864 0.8193783 0.8923815 0.8193783 0.8923815 0.8504627 0.8908772 0.8495929 0.9076706 0.8220916 0.910196 0.8495929 0.9076706 0.8503265 0.9257007 0.8220916 0.910196 0.8260587 0.9323937 0.8029743 0.9317644 0.2238108 0.2246708 0.2256785 0.1160501 0.2763792 0.1226348 0.281716 0.2327002 0.2763792 0.1226348 0.3242516 0.1362647 0.3359305 0.2565031 0.3503952 0.4062628 0.2951574 0.3734352 0.281716 0.2327002 0.2951574 0.3734352 0.2336014 0.3615316 0.4081436 0.6080369 0.4074879 0.7187028 0.3675193 0.7048727 0.3750686 0.5820087 0.3675193 0.7048727 0.3426192 0.6872986 0.3511221 0.5523517 0.3503952 0.4062628 0.3767842 0.4442837 0.3750686 0.5820087 0.3767842 0.4442837 0.4210625 0.4844695 0.2104333 0.5244169 0.2522982 0.5157563 0.2498393 0.672788 0.2074168 0.6755534 0.1696954 0.6840726 0.1751967 0.5460446 0.2104333 0.5244169 0.1751967 0.5460446 0.1589481 0.4216145 0.1939943 0.3797895 0.2336014 0.3615316 0.2522982 0.5157563 0.08117717 0.6729562 0.07675492 0.7182129 0.03155463 0.6136603 0.03155463 0.6136603 0.03624927 0.4803115 0.06573277 0.5536175 0.05826485 0.6196122 0.06573277 0.5536175 0.07784026 0.5830845 0.05826485 0.6196122 0.07680737 0.619634 0.08531743 0.6491277 0.1255002 0.7292497 0.1696954 0.6840726 0.1675478 0.8138298 0.1283265 0.8246014 0.1675478 0.8138298 0.1686255 0.9079229 0.129581 0.9172201 0.08354848 0.9199724 0.08037775 0.8292236 0.08037775 0.8292236 0.07675492 0.7182129 0.1255002 0.7292497 0.2011896 0.804921 0.2434776 0.7991529 0.2411391 0.889419 0.2012016 0.8976718 0.1686255 0.9079229 0.1675478 0.8138298 0.2011896 0.804921 0.1675478 0.8138298 0.1696954 0.6840726 0.2074168 0.6755534 0.2498393 0.672788 0.2434776 0.7991529 0.4046818 0.8332366 0.3967356 0.9244418 0.3596266 0.9071465 0.3648731 0.8197745 0.3596266 0.9071465 0.3290455 0.8923898 0.3360854 0.8050851 0.3426192 0.6872986 0.3675193 0.7048727 0.3648731 0.8197745 0.3675193 0.7048727 0.4074879 0.7187028 0.2522982 0.5157563 0.2336014 0.3615316 0.2951574 0.3734352 0.3062478 0.5269972 0.2951574 0.3734352 0.3503952 0.4062628 0.3511221 0.5523517 0.3426192 0.6872986 0.3006075 0.6763859 0.3062478 0.5269972 0.3006075 0.6763859 0.2498393 0.672788 0.09743517 0.6163668 0.1212929 0.6031923 0.1218078 0.6343564 0.1015941 0.6486386 0.08531743 0.6491277 0.07680737 0.619634 0.09743517 0.6163668 0.07680737 0.619634 0.07784026 0.5830845 0.09690266 0.5743644 0.1188438 0.5642652 0.1212929 0.6031923 0.1132681 0.6800346 0.1417835 0.6435281 0.1696954 0.6840726 0.1132681 0.6800346 0.1255002 0.7292497 0.07675492 0.7182129 0.08117717 0.6729562 0.08531743 0.6491277 0.1015941 0.6486386 0.1015941 0.6486386 0.1218078 0.6343564 0.1417835 0.6435281 0.1378074 0.520377 0.1589481 0.4216145 0.1751967 0.5460446 0.1751967 0.5460446 0.1696954 0.6840726 0.1417835 0.6435281 0.1417835 0.6435281 0.1218078 0.6343564 0.1212929 0.6031923 0.1472232 0.574679 0.1212929 0.6031923 0.1188438 0.5642652 0.1019815 0.5153982 0.06573277 0.5536175 0.03624927 0.4803115 0.0990433 0.427089 0.1589481 0.4216145 0.1378074 0.520377 0.1019815 0.5153982 0.1378074 0.520377 0.1188438 0.5642652 0.09690266 0.5743644 0.07784026 0.5830845 0.06573277 0.5536175 0.6715533 0.3340022 0.6662569 0.2309393 0.7041866 0.2316671 0.701081 0.3361662 0.7041866 0.2316671 0.7404378 0.2341124 0.7278094 0.3417667 0.7238467 0.4690806 0.7014629 0.4643177 0.701081 0.3361662 0.7014629 0.4643177 0.6766431 0.4621553 0.620844 0.3502689 0.5999749 0.3554505 0.5742918 0.2449367 0.5972206 0.2346405 0.619882 0.228954 0.6377604 0.3440863 0.620844 0.3502689 0.6377604 0.3440863 0.6424412 0.472168 0.6260409 0.4779082 0.6061535 0.4814341 0.5999749 0.3554505 0.7430189 0.3465296 0.7278094 0.3417667 0.7404378 0.2341124 0.7608711 0.2363281 0.7884381 0.2440233 0.7668556 0.352308 0.7668556 0.352308 0.7611905 0.4777795 0.7399145 0.4739862 0.7430189 0.3465296 0.7399145 0.4739862 0.7238467 0.4690806 0.6377604 0.3440863 0.619882 0.228954 0.645599 0.2289061 0.6546412 0.3376143 0.645599 0.2289061 0.6662569 0.2309393 0.6546412 0.3376143 0.6715533 0.3340022 0.6766431 0.4621553 0.6589602 0.4657628 0.6424412 0.472168 0.6377604 0.3440863 0.5453552 0.7993383 0.5611967 0.8935667 0.5269119 0.8918566 0.5131746 0.7956759 0.5269119 0.8918566 0.4935162 0.8899571 0.4821164 0.7932996 0.4637962 0.7054437 0.4940445 0.709323 0.5131746 0.7956759 0.4940445 0.709323 0.5255273 0.7158263 0.5681737 0.7966219 0.5894689 0.7891652 0.6149278 0.8760187 0.5681737 0.7966219 0.5858496 0.8901782 0.5611967 0.8935667 0.5453552 0.7993383 0.5255273 0.7158263 0.5490895 0.7162877 0.5490895 0.7162877 0.5715025 0.7104325 0.5894689 0.7891652 0.6460824 0.7613682 0.6876088 0.8388919 0.6379989 0.8384655 0.6379989 0.8384655 0.6149278 0.8760187 0.5894689 0.7891652 0.6189589 0.7768161 0.5894689 0.7891652 0.5715025 0.7104325 0.5960743 0.6992135 0.6191079 0.683097 0.6460824 0.7613682 0.4568911 0.7991718 0.4821164 0.7932996 0.4935162 0.8899571 0.4613055 0.8942901 0.4206191 0.8954162 0.4317248 0.808066 0.4568911 0.7991718 0.4317248 0.808066 0.4237782 0.7272051 0.4443796 0.7142755 0.4637962 0.7054437 0.4821164 0.7932996 0.225498 0.05914324 0.2201328 0.006548583 0.2642284 0.009849965 0.2733573 0.06514334 0.2642284 0.009849965 0.3250886 0.00323379 0.322167 0.07317388 0.3242516 0.1362647 0.2763792 0.1226348 0.2733573 0.06514334 0.2763792 0.1226348 0.2256785 0.1160501 0.4021119 0.2994306 0.4210625 0.4844695 0.3767842 0.4442837 0.3656794 0.2836536 0.3767842 0.4442837 0.3503952 0.4062628 0.3359305 0.2565031 0.3242516 0.1362647 0.3600465 0.1466163 0.3656794 0.2836536 0.3600465 0.1466163 0.3987416 0.153454 0.1843691 0.2418404 0.2238108 0.2246708 0.2336014 0.3615316 0.1939943 0.3797895 0.1589481 0.4216145 0.1485006 0.2656778 0.1843691 0.2418404 0.1485006 0.2656778 0.1379972 0.1369543 0.1803545 0.1249079 0.2256785 0.1160501 0.2238108 0.2246708 0.09316664 0.2835941 0.1485006 0.2656778 0.1589481 0.4216145 0.0990433 0.427089 0.03624927 0.4803115 0.03533488 0.2908552 0.03533488 0.2908552 0.03496158 0.1477833 0.08789932 0.1434898 0.08789932 0.1434898 0.1379972 0.1369543 0.1485006 0.2656778 0.04130488 0.8564001 0.05717831 0.8367851 0.05792099 0.8572738 0.05717831 0.8367851 0.07444697 0.8498251 0.05792099 0.8572738 0.05792099 0.8572738 0.07832741 0.861128 0.05832773 0.8690582 0.05832773 0.8690582 0.04130488 0.8564001 0.05792099 0.8572738 0.02713763 0.7192221 0.05220705 0.7443141 0.02458268 0.7424581 0.05220705 0.7443141 0.0297091 0.7654659 0.02458268 0.7424581 0.0297091 0.7654659 0.00450468 0.7410237 0.02458268 0.7424581 0.00450468 0.7410237 0.02713763 0.7192221 0.02458268 0.7424581 0.04115808 0.8019896 0.02542346 0.7762402 0.0518586 0.7759827 0.04115808 0.8019896 0.07356798 0.788089 0.0732522 0.809681 0.04115808 0.8019896 0.05815666 0.8284556 0.03118944 0.8284556 0.04115808 0.8019896 0.01001185 0.8167444 0.009781777 0.7947503 0.04130488 0.8564001 0.04312855 0.8409531 0.05717831 0.8367851 0.05717831 0.8367851 0.06889647 0.8326045 0.07444697 0.8498251 0.05792099 0.8572738 0.07444697 0.8498251 0.07832741 0.861128 0.05832773 0.8690582 0.03912729 0.8690582 0.04130488 0.8564001 0.02713763 0.7192221 0.06893098 0.7120527 0.05220705 0.7443141 0.05220705 0.7443141 0.07045084 0.7744842 0.0297091 0.7654659 0.0297091 0.7654659 0 0.7798565 0.00450468 0.7410237 0.00450468 0.7410237 0 0.7022634 0.02713763 0.7192221 0.04115808 0.8019896 0.009781777 0.7947503 0.02542346 0.7762402 0.04115808 0.8019896 0.0518586 0.7759827 0.07356798 0.788089 0.04115808 0.8019896 0.0732522 0.809681 0.05815666 0.8284556 0.04115808 0.8019896 0.03118944 0.8284556 0.01001185 0.8167444</float_array>
          <technique_common>
            <accessor source="#Mesh_004-mesh-map-array" count="1392" stride="2">
              <param name="S" type="float"/>
              <param name="T" type="float"/>
            </accessor>
          </technique_common>
        </source>
        <vertices id="Mesh_004-mesh-vertices">
          <input semantic="POSITION" source="#Mesh_004-mesh-positions"/>
        </vertices>
        <triangles material="Bark7-material" count="440">
          <input semantic="VERTEX" source="#Mesh_004-mesh-vertices" offset="0"/>
          <input semantic="NORMAL" source="#Mesh_004-mesh-normals" offset="1"/>
          <input semantic="TEXCOORD" source="#Mesh_004-mesh-map" offset="2" set="0"/>
          <p>0 0 0 202 1 1 117 2 2 117 3 3 60 4 4 0 5 5 0 6 6 177 7 7 61 8 8 61 9 9 110 10 10 0 11 11 1 12 12 177 13 13 63 14 14 1 15 15 181 16 16 122 17 17 1 18 18 209 19 19 120 20 20 1 21 21 206 22 22 123 23 23 169 24 24 173 25 25 2 26 26 2 27 27 231 28 28 66 29 29 66 30 30 67 31 31 2 32 32 2 33 33 178 34 34 169 35 35 3 36 36 230 37 37 172 38 38 172 39 39 169 40 40 3 41 41 3 42 42 178 43 43 68 44 44 3 45 45 174 46 46 58 47 47 4 48 48 231 49 49 171 50 50 4 51 51 232 52 52 168 53 53 4 54 54 175 55 55 69 56 56 69 57 57 66 58 58 4 59 59 5 60 60 186 61 61 103 62 62 103 63 63 109 64 64 5 65 65 5 66 66 198 67 67 82 68 68 5 69 69 189 70 70 80 71 71 6 72 72 178 73 73 67 74 74 6 75 75 179 76 76 75 77 77 75 78 78 71 79 79 6 80 80 71 81 81 76 82 82 6 83 83 74 84 84 59 85 85 7 86 86 7 87 87 174 88 88 77 89 89 77 90 90 70 91 91 7 92 92 70 93 93 74 94 94 7 95 95 8 96 96 174 97 97 68 98 98 68 44 99 76 99 100 8 100 101 8 101 102 185 102 103 72 103 104 72 104 105 77 105 106 8 106 107 104 107 108 108 108 109 10 109 110 10 110 111 199 111 112 103 112 113 10 113 114 186 114 115 78 115 116 10 116 117 187 117 118 104 118 119 11 119 120 201 119 121 107 119 122 107 120 123 104 121 124 11 122 125 11 123 126 187 124 127 81 125 128 11 126 129 188 127 130 105 128 131 12 129 132 198 130 133 106 131 134 106 132 135 105 133 136 12 134 137 12 135 138 188 136 139 79 137 140 12 138 141 189 139 142 82 140 143 13 141 144 175 142 145 87 143 146 87 144 147 86 145 148 13 146 149 86 147 150 88 148 151 13 149 152 13 150 153 179 151 154 69 152 155 14 153 156 183 154 157 91 155 158 91 156 159 89 157 160 14 158 161 14 159 162 191 160 163 87 161 164 87 162 165 74 163 166 14 164 167 15 165 168 184 166 169 75 167 170 75 168 171 88 169 172 15 170 173 15 171 174 190 172 175 92 173 176 92 174 177 90 175 178 15 176 179 16 177 180 223 178 181 157 179 182 157 180 183 98 181 184 16 182 185 16 183 186 196 184 187 95 185 188 16 186 189 195 187 190 151 188 191 17 189 192 183 190 193 73 191 194 17 192 195 184 193 196 90 194 197 17 195 198 193 196 199 93 197 200 17 198 201 192 199 202 91 200 203 153 201 204 156 202 205 19 203 206 19 204 207 224 205 208 100 206 209 19 207 210 194 208 211 96 209 212 19 210 213 197 211 214 153 212 215 100 213 216 155 214 217 20 215 218 155 216 219 151 217 220 20 218 221 20 219 222 195 220 223 94 221 224 20 222 225 194 223 226 100 224 227 98 225 228 154 226 229 21 227 230 21 228 231 225 229 232 153 230 233 21 231 234 197 232 235 97 233 236 21 234 237 196 235 238 98 236 239 22 237 240 229 238 241 165 239 242 165 240 243 160 241 244 22 242 245 22 243 246 201 244 247 106 245 248 106 246 249 102 247 250 22 248 251 23 249 252 228 250 253 164 251 254 164 252 255 159 253 256 23 254 257 23 255 258 200 256 259 107 257 260 107 258 261 160 259 262 23 260 263 159 261 264 163 262 265 24 263 266 24 264 267 226 265 268 158 266 269 158 267 270 108 268 271 24 269 272 24 270 273 200 271 274 159 272 275 158 273 276 162 274 277 25 275 278 25 276 279 229 277 280 102 278 281 102 279 282 109 280 283 25 281 284 25 282 285 199 283 286 158 284 287 113 285 288 63 286 289 26 287 290 63 288 291 60 289 292 26 290 293 60 291 294 114 292 295 26 293 296 26 294 297 205 295 298 113 296 299 110 297 300 62 298 301 27 299 302 27 300 303 180 301 304 65 302 305 27 303 306 204 304 307 115 305 308 115 306 309 110 307 310 27 308 311 28 309 312 180 310 313 64 311 314 28 312 315 181 313 316 113 314 317 113 315 318 116 316 319 28 317 320 116 318 321 65 319 322 28 320 323 136 321 324 141 322 325 29 323 326 29 324 327 214 325 328 111 326 329 111 327 330 117 328 331 29 329 332 117 330 333 136 331 334 29 332 335 31 333 336 176 334 337 61 335 338 61 336 339 123 336 340 31 336 341 31 337 342 206 338 343 118 339 344 31 340 345 207 341 346 124 342 347 122 343 348 64 344 349 32 345 350 32 346 351 180 347 352 125 348 353 32 349 354 208 350 355 121 351 356 32 352 357 209 353 358 122 354 359 125 355 360 62 356 361 33 357 362 62 358 363 124 359 364 33 360 365 33 361 366 207 362 367 119 363 368 33 364 369 208 365 370 125 366 371 166 367 372 170 368 373 34 369 374 34 370 375 232 371 376 128 372 377 128 373 378 130 374 379 34 375 380 34 376 381 210 377 382 166 378 383 127 379 384 140 380 385 35 381 386 35 382 387 214 383 388 134 384 389 134 385 390 131 386 391 35 387 392 35 388 393 211 389 394 127 390 395 36 391 396 216 392 397 139 393 398 139 394 399 135 395 400 36 396 401 36 397 402 213 398 403 132 399 404 132 400 405 126 401 406 36 402 407 147 403 408 127 404 409 37 405 410 127 406 411 146 407 412 37 408 413 37 409 414 219 410 415 142 411 416 37 412 417 218 413 418 147 414 419 138 415 420 112 416 421 38 417 422 38 418 423 204 419 424 116 420 425 116 421 426 137 422 427 38 423 428 137 424 429 138 425 430 38 426 431 39 427 432 202 428 433 115 429 434 115 430 435 112 431 436 39 432 437 39 433 438 215 434 439 139 435 440 139 436 441 136 437 442 39 438 443 137 439 444 114 440 445 40 441 446 40 442 447 203 443 448 111 444 449 111 445 450 140 446 451 40 447 452 40 448 453 217 449 454 137 450 455 126 451 456 130 452 457 41 453 458 41 454 459 212 455 460 134 456 461 134 457 462 141 458 463 41 459 464 41 460 465 216 461 466 126 462 467 42 463 468 221 464 469 145 465 470 145 466 471 142 467 472 42 468 473 42 469 474 219 470 475 143 471 476 143 472 477 144 473 478 42 474 479 43 475 480 215 476 481 138 477 482 43 478 483 217 479 484 147 480 485 147 481 486 145 482 487 43 483 488 145 484 489 148 485 490 43 486 491 149 487 492 135 487 493 44 487 494 135 488 495 148 489 496 44 490 497 148 491 498 144 492 499 44 493 500 44 494 501 220 495 502 149 496 503 45 497 504 211 498 505 133 499 506 133 500 507 149 501 508 45 502 509 45 503 510 220 504 511 143 505 512 143 506 513 146 507 514 45 508 515 150 509 516 93 510 517 46 511 518 46 512 519 193 513 520 101 514 521 101 515 522 154 516 523 46 517 524 46 518 525 222 519 526 150 520 527 47 521 528 190 522 529 86 523 530 86 524 531 99 525 532 47 526 533 47 527 534 223 528 535 155 529 536 155 530 537 152 531 538 47 521 539 48 532 540 193 533 541 92 534 542 92 535 543 152 536 544 48 537 545 152 538 546 156 539 547 48 540 548 48 541 549 225 542 550 101 543 551 99 544 552 89 545 553 49 546 554 49 547 555 192 548 556 150 549 557 49 550 558 222 551 559 157 552 560 157 553 561 99 554 562 49 555 563 83 556 564 72 557 565 50 558 566 50 559 567 185 560 568 161 561 569 161 562 570 162 563 571 50 564 572 50 565 573 226 566 574 83 567 575 51 568 576 183 569 577 70 570 578 51 571 579 182 572 580 83 573 581 83 574 582 163 575 583 51 576 584 163 577 585 84 578 586 51 579 587 85 580 588 73 581 589 52 582 590 73 583 591 84 584 592 52 585 593 52 586 594 227 587 595 164 588 596 164 589 597 85 590 598 52 591 599 53 592 600 185 593 601 71 594 602 71 595 603 85 596 604 53 597 605 53 598 606 228 599 607 165 600 608 165 601 609 161 602 610 53 603 611 58 604 612 59 605 613 54 606 614 54 607 615 175 608 616 168 609 617 168 610 618 170 611 619 54 612 620 54 613 621 230 614 622 58 615 623 167 616 624 131 617 625 55 618 626 55 619 627 212 620 628 128 621 629 128 622 630 171 623 631 55 624 632 55 625 633 231 626 634 167 627 635 56 628 636 210 629 637 132 630 638 132 631 639 129 632 640 56 633 641 56 634 642 233 635 643 172 636 644 172 637 645 166 638 646 56 639 647 57 640 648 213 641 649 133 642 650 133 643 651 167 644 652 57 645 653 167 646 654 173 647 655 57 648 656 173 649 657 129 650 658 57 651 659 0 652 660 110 653 661 202 654 662 117 655 663 203 656 664 60 657 665 0 6 666 60 658 667 177 7 668 61 9 669 176 659 670 110 10 671 1 660 672 123 661 673 177 662 674 1 15 675 63 663 676 181 16 677 1 18 678 122 664 679 209 19 680 1 21 681 120 665 682 206 22 683 169 666 684 233 667 685 173 668 686 2 27 687 173 669 688 231 28 689 66 30 690 179 670 691 67 31 692 2 671 693 67 672 694 178 673 695 3 36 696 58 674 697 230 37 698 172 675 699 233 676 700 169 677 701 3 42 702 169 678 703 178 43 704 3 45 705 68 679 706 174 46 707 4 48 708 66 680 709 231 49 710 4 51 711 171 681 712 232 52 713 4 54 714 168 682 715 175 55 716 69 57 717 179 683 718 66 58 719 5 60 720 80 684 721 186 61 722 103 63 723 199 685 724 109 64 725 5 66 726 109 686 727 198 67 728 5 69 729 82 687 730 189 70 731 6 72 732 76 688 733 178 73 734 6 75 735 67 689 736 179 76 737 75 78 738 184 690 739 71 79 740 71 81 741 185 691 742 76 82 743 74 84 744 175 692 745 59 85 746 7 87 747 59 693 748 174 88 749 77 90 750 182 694 751 70 91 752 70 93 753 183 695 754 74 94 755 8 96 756 77 696 757 174 97 758 68 44 759 178 43 760 76 99 761 8 101 762 76 697 763 185 102 764 72 104 765 182 698 766 77 105 767 104 107 768 200 699 769 108 108 770 10 110 771 108 700 772 199 111 773 10 113 774 103 701 775 186 114 776 10 116 777 78 702 778 187 117 779 11 703 780 105 703 781 201 704 782 107 705 783 200 706 784 104 707 785 11 123 786 104 708 787 187 124 788 11 709 789 81 710 790 188 711 791 12 129 792 82 712 793 198 130 794 106 713 795 201 714 796 105 715 797 12 135 798 105 716 799 188 136 800 12 138 801 79 717 802 189 139 803 13 141 804 69 718 805 175 142 806 87 144 807 191 719 808 86 145 809 86 147 810 190 720 811 88 148 812 13 150 813 88 721 814 179 151 815 14 153 816 74 722 817 183 154 818 91 156 819 192 723 820 89 157 821 14 159 822 89 724 823 191 160 824 87 162 825 175 725 826 74 163 827 15 165 828 90 726 829 184 166 830 75 168 831 179 727 832 88 169 833 15 171 834 88 728 835 190 172 836 92 174 837 193 729 838 90 175 839 16 177 840 151 730 841 223 178 842 157 180 843 222 731 844 98 181 845 16 183 846 98 732 847 196 184 848 16 186 849 95 733 850 195 187 851 17 189 852 91 734 853 183 190 854 17 192 855 73 735 856 184 193 857 17 195 858 90 736 859 193 196 860 17 198 861 93 737 862 192 199 863 153 201 864 225 738 865 156 202 866 19 204 867 156 739 868 224 205 869 19 207 870 100 740 871 194 208 872 19 210 873 96 741 874 197 211 875 100 213 876 224 742 877 155 214 878 155 216 879 223 743 880 151 217 881 20 219 882 151 744 883 195 220 884 20 222 885 94 745 886 194 223 887 98 225 888 222 746 889 154 226 890 21 228 891 154 747 892 225 229 893 21 231 894 153 748 895 197 232 896 21 234 897 97 749 898 196 235 899 22 237 900 102 750 901 229 238 902 165 240 903 228 751 904 160 241 905 22 243 906 160 752 907 201 244 908 106 246 909 198 753 910 102 247 911 23 249 912 160 754 913 228 250 914 164 755 915 227 756 916 159 757 917 23 255 918 159 758 919 200 256 920 107 258 921 201 759 922 160 259 923 159 760 924 227 761 925 163 761 926 24 264 927 163 762 928 226 265 929 158 267 930 199 763 931 108 268 932 24 764 933 108 765 934 200 766 935 158 767 936 226 768 937 162 769 938 25 770 939 162 771 940 229 772 941 102 279 942 198 773 943 109 280 944 25 774 945 109 775 946 199 776 947 113 285 948 181 777 949 63 286 950 63 288 951 177 778 952 60 289 953 60 291 954 203 779 955 114 292 956 26 294 957 114 780 958 205 295 959 110 297 960 176 781 961 62 298 962 27 300 963 62 782 964 180 301 965 27 303 966 65 783 967 204 304 968 115 306 969 202 784 970 110 307 971 28 309 972 65 785 973 180 310 974 28 786 975 64 787 976 181 788 977 113 789 978 205 790 979 116 791 980 116 792 981 204 793 982 65 794 983 136 321 984 216 795 985 141 322 986 29 796 987 141 797 988 214 798 989 111 799 990 203 800 991 117 801 992 117 802 993 202 803 994 136 804 995 31 805 996 124 806 997 176 807 998 61 808 999 177 808 1000 123 808 1001 31 337 1002 123 809 1003 206 338 1004 31 340 1005 118 810 1006 207 341 1007 122 811 1008 181 812 1009 64 813 1010 32 814 1011 64 815 1012 180 816 1013 32 349 1014 125 817 1015 208 350 1016 32 818 1017 121 819 1018 209 820 1019 125 355 1020 180 821 1021 62 356 1022 62 358 1023 176 822 1024 124 359 1025 33 361 1026 124 823 1027 207 362 1028 33 364 1029 119 824 1030 208 365 1031 166 367 1032 230 825 1033 170 368 1034 34 826 1035 170 827 1036 232 828 1037 128 373 1038 212 829 1039 130 374 1040 34 376 1041 130 830 1042 210 377 1043 127 379 1044 217 831 1045 140 380 1046 35 382 1047 140 832 1048 214 383 1049 134 385 1050 212 833 1051 131 386 1052 35 388 1053 131 834 1054 211 389 1055 36 391 1056 126 835 1057 216 392 1058 139 394 1059 215 836 1060 135 395 1061 36 837 1062 135 838 1063 213 839 1064 132 400 1065 210 840 1066 126 401 1067 147 403 1068 217 841 1069 127 404 1070 127 406 1071 211 842 1072 146 407 1073 37 409 1074 146 843 1075 219 410 1076 37 412 1077 142 844 1078 218 413 1079 138 415 1080 215 845 1081 112 416 1082 38 418 1083 112 846 1084 204 419 1085 116 421 1086 205 847 1087 137 422 1088 137 424 1089 217 848 1090 138 425 1091 39 427 1092 136 849 1093 202 428 1094 115 430 1095 204 850 1096 112 431 1097 39 433 1098 112 851 1099 215 434 1100 139 436 1101 216 852 1102 136 437 1103 137 439 1104 205 853 1105 114 440 1106 40 442 1107 114 854 1108 203 443 1109 111 445 1110 214 855 1111 140 446 1112 40 448 1113 140 856 1114 217 449 1115 126 451 1116 210 857 1117 130 452 1118 41 454 1119 130 858 1120 212 455 1121 134 457 1122 214 859 1123 141 458 1124 41 460 1125 141 860 1126 216 461 1127 42 861 1128 144 862 1129 221 863 1130 145 864 1131 218 865 1132 142 866 1133 42 469 1134 142 867 1135 219 470 1136 143 472 1137 220 868 1138 144 473 1139 43 475 1140 148 869 1141 215 476 1142 43 478 1143 138 870 1144 217 479 1145 147 481 1146 218 871 1147 145 482 1148 145 484 1149 221 872 1150 148 485 1151 149 873 1152 213 873 1153 135 873 1154 135 874 1155 215 875 1156 148 876 1157 148 877 1158 221 878 1159 144 879 1160 44 880 1161 144 881 1162 220 882 1163 45 497 1164 146 883 1165 211 498 1166 133 884 1167 213 885 1168 149 886 1169 45 503 1170 149 887 1171 220 504 1172 143 506 1173 219 888 1174 146 507 1175 150 509 1176 192 889 1177 93 510 1178 46 512 1179 93 890 1180 193 513 1181 101 515 1182 225 891 1183 154 516 1184 46 518 1185 154 892 1186 222 519 1187 47 521 1188 152 531 1189 190 522 1190 86 524 1191 191 893 1192 99 525 1193 47 527 1194 99 894 1195 223 528 1196 155 530 1197 224 895 1198 152 531 1199 48 532 1200 101 896 1201 193 533 1202 92 535 1203 190 897 1204 152 536 1205 152 538 1206 224 898 1207 156 539 1208 48 541 1209 156 899 1210 225 542 1211 99 544 1212 191 900 1213 89 545 1214 49 547 1215 89 901 1216 192 548 1217 49 550 1218 150 902 1219 222 551 1220 157 553 1221 223 903 1222 99 554 1223 83 904 1224 182 905 1225 72 906 1226 50 907 1227 72 908 1228 185 909 1229 161 910 1230 229 911 1231 162 912 1232 50 913 1233 162 914 1234 226 915 1235 51 568 1236 84 916 1237 183 569 1238 51 571 1239 70 917 1240 182 572 1241 83 574 1242 226 918 1243 163 575 1244 163 919 1245 227 920 1246 84 921 1247 85 580 1248 184 922 1249 73 581 1250 73 583 1251 183 923 1252 84 584 1253 52 924 1254 84 925 1255 227 926 1256 164 589 1257 228 927 1258 85 590 1259 53 928 1260 161 928 1261 185 929 1262 71 930 1263 184 931 1264 85 932 1265 53 598 1266 85 933 1267 228 599 1268 165 601 1269 229 934 1270 161 602 1271 58 604 1272 174 935 1273 59 605 1274 54 936 1275 59 937 1276 175 938 1277 168 939 1278 232 940 1279 170 941 1280 54 613 1281 170 942 1282 230 614 1283 167 616 1284 211 943 1285 131 617 1286 55 619 1287 131 944 1288 212 620 1289 128 622 1290 232 945 1291 171 623 1292 55 625 1293 171 946 1294 231 626 1295 56 628 1296 166 947 1297 210 629 1298 132 631 1299 213 948 1300 129 632 1301 56 634 1302 129 949 1303 233 635 1304 172 637 1305 230 950 1306 166 638 1307 57 640 1308 129 951 1309 213 641 1310 133 643 1311 211 952 1312 167 644 1313 167 646 1314 231 953 1315 173 647 1316 173 649 1317 233 954 1318 129 650 1319</p>
        </triangles>
        <triangles material="Bark_End-material" count="24">
          <input semantic="VERTEX" source="#Mesh_004-mesh-vertices" offset="0"/>
          <input semantic="NORMAL" source="#Mesh_004-mesh-normals" offset="1"/>
          <input semantic="TEXCOORD" source="#Mesh_004-mesh-map" offset="2" set="0"/>
          <p>80 955 1320 79 956 1321 9 957 1322 79 958 1323 81 959 1324 9 960 1325 9 961 1326 187 962 1327 78 963 1328 78 964 1329 80 965 1330 9 966 1331 95 967 1332 97 968 1333 18 969 1334 97 970 1335 96 971 1336 18 972 1337 96 973 1338 94 974 1339 18 975 1340 94 976 1341 95 977 1342 18 978 1343 30 979 1344 207 980 1345 118 981 1346 30 982 1347 206 983 1348 120 984 1349 30 985 1350 209 986 1351 121 987 1352 30 988 1353 208 989 1354 119 990 1355 80 955 1356 189 991 1357 79 956 1358 79 958 1359 188 992 1360 81 959 1361 9 961 1362 81 993 1363 187 962 1364 78 964 1365 186 994 1366 80 965 1367 95 967 1368 196 995 1369 97 968 1370 97 970 1371 197 996 1372 96 971 1373 96 973 1374 194 997 1375 94 974 1376 94 976 1377 195 998 1378 95 977 1379 30 979 1380 119 999 1381 207 980 1382 30 982 1383 118 1000 1384 206 983 1385 30 985 1386 120 1001 1387 209 986 1388 30 988 1389 121 1002 1390 208 989 1391</p>
        </triangles>
      </mesh>
    </geometry>
    <geometry id="Mesh_005-mesh" name="Mesh.005">
      <mesh>
        <source id="Mesh_005-mesh-positions">
          <float_array id="Mesh_005-mesh-positions-array" count="702">-68.44207 -4.040126 -249.8144 -73.26077 10.72859 -247.6707 4.686983 31.24023 2.086884 27.66732 17.27566 5.284332 -13.09811 11.15328 2.919769 44.61595 89.18317 181.8938 10.33848 35.49225 49.64877 18.70262 4.509597 55.03479 30.53075 21.74085 51.90909 35.64291 98.31389 189.4329 38.50931 82.93235 186.1066 30.91585 84.41725 181.6886 37.02248 90.66809 177.4758 -26.04468 13.0622 58.69052 -11.04826 1.997461 79.2182 -19.2824 28.72484 74.73657 -34.72772 11.44328 220.0695 -4.285984 17.66009 95.26419 -43.64258 7.632576 264.8872 -35.63068 26.38301 224.0449 -42.44806 16.92171 222.7023 -27.91035 20.90458 221.4121 29.25396 73.27032 154.1743 21.82784 60.24648 155.9381 30.53657 52.20547 158.774 37.96269 65.2293 157.0101 -78.16418 11.36037 -249.4517 -51.03328 2.853141 -262.0091 -60.75541 18.25364 -261.6464 -52.51282 -4.344467 -210.6169 -57.37694 8.862592 -245.122 -65.08771 -2.551122 -248.7913 -59.0508 16.98983 -256.9101 -50.87775 3.710121 -258.0307 7.724118 0.7850152 -47.2955 -32.90925 15.17665 -145.8283 11.6179 7.388844 -144.2844 -26.32205 28.54574 -161.3377 -41.02022 18.32574 -225.5156 -30.0238 2.200865 -224.3529 -63.50924 11.78041 -211.7794 -15.6335 1.67886 -134.3429 -16.26179 32.63375 -166.8587 -23.45294 22.65148 -184.1886 4.402414 24.97466 -161.2906 1.533303 30.8689 -138.4399 -21.23706 23.64594 139.2606 -34.31977 19.00907 141.1468 -28.41445 31.20286 140.1592 -27.14238 11.45214 140.2482 30.63199 37.88953 113.8294 24.02112 24.02456 117.4864 12.62655 34.29618 114.4774 19.23744 48.16115 110.8205 9.882225 -2.8113 6.117096 -13.84097 13.53596 -60.27432 32.53179 14.10921 -51.55856 10.9667 26.86016 -64.53739 23.53917 3.21717 7.600342 12.4944 0.4645267 23.60474 -77.64734 1.962651 -246.595 -68.13526 -3.300878 -253.096 -53.7715 2.83377 -262.6542 -76.32408 9.905405 -252.2157 -61.96032 16.04005 -261.774 -51.53417 12.30255 -264.8872 -10.93134 24.16404 2.804199 4.092385 34.64856 19.79254 28.58722 19.76875 21.84494 -18.1392 14.04464 23.03146 24.03536 11.60318 89.8483 17.39645 38.44019 82.90747 31.78375 26.63383 85.79709 8.948982 23.25931 97.58106 4.899973 3.129582 61.04538 -6.712019 32.81246 56.38867 25.03184 33.04234 49.74591 28.02458 9.569388 54.28857 37.17748 95.59333 191.9859 35.16983 95.27761 183.059 40.85691 96.99145 187.1823 31.4904 93.8795 187.8626 41.59001 92.21154 179.4362 29.6084 28.04759 115.7685 17.23791 26.03568 117.5378 12.51656 43.45501 111.255 -32.78229 13.08925 101.0211 -19.90964 4.28091 63.93558 -26.74003 22.99296 62.58893 -23.58231 3.857042 106.6027 -9.76623 27.77486 88.00464 -4.24541 6.395851 93.38043 -26.73057 26.94857 103.1681 -17.53059 17.71637 108.7498 -47.34211 9.122639 254.5145 -41.21256 5.254746 252.7966 -41.8409 15.6507 255.5629 -35.71134 11.7828 253.8449 -29.3645 14.39991 219.975 -32.31472 13.81855 140.8059 -40.94501 22.61755 223.9241 -23.45675 32.10923 139.3245 34.78337 73.4439 155.7888 44.21686 84.96336 184.3001 32.43005 82.83527 185.7553 32.82666 87.19074 177.6731 36.58811 83.62059 169.0565 29.25106 72.38648 171.0129 37.13134 66.43502 174.2256 44.46841 77.66912 172.2692 -57.31512 -4.46946 -255.9917 -63.6234 2.72376 -207.1406 -29.88988 12.54176 -227.7447 -71.8983 18.63128 -255.4476 -75.1147 12.7624 -236.8243 -43.00381 2.923689 -250.9554 -54.19055 20.1693 -251.3019 -63.92797 -4.483208 -236.4776 -60.95106 0.6798127 -243.8251 -49.64768 5.660347 -251.1746 -67.45236 11.24322 -242.9337 -56.14897 16.22376 -250.2832 -68.19904 17.17914 -252.0103 -72.72673 2.523428 -245.9212 -55.93947 -2.740432 -253.6911 -51.4118 11.9153 -259.7802 2.228412 0.3250954 -137.2517 -28.85127 22.48656 -155.8717 -9.221655 4.469022 -53.06619 27.98986 24.45532 -59.46075 1.212735 4.252237 -90.50547 -20.78391 17.55161 -107.0909 29.93959 12.22268 -98.25705 9.740736 28.01762 -110.51 -31.00149 7.834568 -136.7907 12.39067 17.42155 -153.0833 -38.52909 -5.745144 -217.8179 -55.02371 18.44217 -219.5618 -28.39187 17.54559 -198.4302 -11.88574 2.938106 -187.1473 -47.91751 11.54247 -179.6649 -35.86015 -2.62381 -175.487 -22.92457 32.28463 -164.3067 -8.764556 33.15922 -154.9988 -6.948024 30.04608 -166.6385 -21.10804 29.1715 -175.9463 -14.37796 31.55137 -144.4118 -30.58502 24.64733 -178.252 -10.0743 22.70999 -178.688 11.19801 28.1321 -143.9052 -22.28805 14.02342 139.6682 -40.31668 12.2216 221.1579 -33.05414 25.35882 141.0162 -30.09062 26.41355 223.1717 -22.37409 27.39371 179.3102 -35.82055 22.92034 181.0474 -29.61939 33.63269 181.766 -28.57526 16.68136 178.5915 37.10829 55.76899 157.9636 23.6442 53.90815 158.4344 24.04521 67.83051 153.7097 27.15423 46.83316 112.0524 31.28761 51.94301 137.1769 24.30611 38.61242 139.8335 14.37631 47.66159 136.9357 21.35782 60.99219 134.279 25.48053 3.619792 -45.83539 -6.8671 22.74621 -65.30368 -5.07353 -0.3268882 3.626312 21.60412 29.80355 2.377106 8.935625 -3.357823 -12.49429 -11.47938 9.334817 -19.04785 28.67939 15.10726 -13.83093 8.264389 27.7999 -20.38446 24.98647 6.133912 24.15424 -6.293636 1.72451 25.72092 -58.90816 -3.54159 -258.0925 -75.81861 1.775067 -250.269 22.04106 32.29747 19.46253 -17.93704 29.19823 25.25867 -54.27297 10.97704 -264.6064 -71.19139 16.26783 -256.7722 30.33728 16.03636 88.12082 14.35927 10.98665 93.25394 5.998558 33.35931 86.00669 27.69628 36.42523 83.76371 41.13743 93.30702 188.4933 33.25819 91.50765 189.4653 32.70737 92.44356 182.8647 39.24285 95.52857 183.3231 -32.02857 20.51922 101.2318 -29.72308 6.816056 102.7425 -18.2286 6.670909 109.6042 -20.6455 27.60504 105.9632 -44.31009 15.40291 247.1524 -43.8519 7.82204 245.1352 -35.43033 9.529929 244.4552 -35.93198 17.82978 246.6638 41.37226 84.48096 170.8567 43.76021 69.53662 173.3676 30.36668 67.6298 173.7913 31.93977 78.46382 168.5485 -50.68165 -5.283996 -243.7724 -74.73992 2.480706 -232.889 -43.3537 13.59105 -254.6056 -67.46176 20.58442 -244.2922 -67.64392 4.52731 -243.2374 -54.75672 0.4863684 -249.2021 -51.28093 11.73723 -253.8767 -64.16812 15.77816 -247.9118 20.96414 4.326117 -90.52558 -13.39559 26.90659 -121.0935 -16.85612 9.495809 -96.56961 28.78067 23.27883 -113.0551 -47.85739 4.054238 -173.6683 -10.9215 13.80553 -191.308 -20.88366 -4.369812 -181.2652 -39.4679 17.84705 -187.8672 -25.82597 28.95366 -173.515 -15.91309 32.8814 -154.2481 -0.8591337 30.76359 -155.0646 -13.02324 27.49449 -174.7504 -23.60596 19.56316 178.237 -33.80558 18.03739 179.7397 -34.47391 28.92164 181.9208 -24.50383 34.10591 180.8177 30.35854 42.3696 138.5948 17.51661 40.45017 139.6836 15.46385 55.94338 134.2481 27.98886 60.44606 135.6986 23.69856 1.989139 -10.64038 -6.923953 21.0281 -20.4707 -5.995122 -0.9153557 -16.32065 23.62054 26.78226 -18.32565</float_array>
          <technique_common>
            <accessor source="#Mesh_005-mesh-positions-array" count="234" stride="3">
              <param name="X" type="float"/>
              <param name="Y" type="float"/>
              <param name="Z" type="float"/>
            </accessor>
          </technique_common>
        </source>
        <source id="Mesh_005-mesh-normals">
          <float_array id="Mesh_005-mesh-normals-array" count="3009">-0.06229478 -0.9978085 -0.0223059 -0.06232565 -0.9978086 -0.02221518 -0.06622737 -0.9977469 -0.01073169 -0.5040642 -0.8521425 0.1406146 -0.5042266 -0.8519945 0.1409289 -0.5051391 -0.8511595 0.1426963 -0.5929715 -0.7704718 -0.2340048 -0.5898481 -0.7677863 -0.2501672 -0.593856 -0.7712186 -0.2292531 -0.1668688 -0.9569902 -0.2373284 -0.175229 -0.945911 -0.2730333 -0.1654722 -0.9586756 -0.2314307 0.8280065 -0.07529437 -0.5556403 0.824022 -0.07233387 -0.5619213 0.8332194 -0.07922774 -0.5472372 0.6389877 -0.7130027 -0.2886554 0.6470941 -0.7077056 -0.2835881 0.655992 -0.7017332 -0.27793 0.4063339 -0.75617 -0.5129328 0.3983664 -0.7430102 -0.5378105 0.4274796 -0.790684 -0.4382696 0.5765011 -0.06037807 -0.8148626 0.567395 -0.07247745 -0.82025 0.506802 -0.1480903 -0.8492473 0.08525085 0.9869182 -0.1368386 0.08471518 0.9870067 -0.1365326 0.0861572 0.9867675 -0.1373564 -0.406844 0.89252 -0.1946436 -0.403794 0.8934665 -0.196642 -0.4123551 0.8907728 -0.1910159 -0.3505403 0.9032645 -0.2474563 -0.3473868 0.9036489 -0.2504823 -0.4125808 0.8918268 -0.1855316 0.1058769 0.9805259 -0.1654059 0.1060105 0.9804891 -0.1655384 0.08619993 0.9855135 -0.1460577 0.9518641 -0.3019663 0.05264115 0.9482003 -0.3114354 0.06264388 0.9381695 -0.3348933 0.08766162 0.9084497 0.4176107 0.01790183 0.9053584 0.4245238 0.01028859 0.900277 0.4353142 -0.00171554 0.8979544 0.428995 -0.09819018 0.8924269 0.4406731 -0.09685873 0.8918351 0.4390932 -0.1087545 0.9614893 -0.2737022 -0.02500861 0.9622869 -0.2710355 -0.02332079 0.9574677 -0.2866229 -0.03320896 -0.9621943 0.2194329 -0.1613425 -0.9492285 0.2866839 -0.1295285 -0.9312955 0.3509256 -0.09767383 -0.8419051 -0.5389377 0.02724474 -0.859954 -0.5103647 0.002659201 -0.8199694 -0.5697885 0.05469399 -0.7779545 -0.6277225 -0.02741444 -0.7548958 -0.6542801 -0.04527789 -0.7101936 -0.6997371 -0.07741564 -0.9515075 0.08934587 -0.2943654 -0.9526246 0.1193383 -0.2797586 -0.9525364 0.1563118 -0.2612299 0.9101855 0.1497095 0.3861987 0.9122822 0.1837972 0.3660051 0.9091473 0.1380758 0.3929205 0.9961128 -0.06453543 0.05995482 0.9949626 -0.07513964 0.06636005 0.9964426 -0.06119984 0.05793935 0.8152343 0.4063015 -0.4126889 0.8528829 0.3405558 -0.395743 0.7892273 0.4461239 -0.4220117 0.7060583 0.6572517 -0.2636324 0.6532542 0.6431477 -0.3995249 0.6072665 0.6247676 -0.4908086 0.152913 0.9872055 -0.04520028 0.139023 0.9889867 -0.05077362 0.1286916 0.9901637 -0.05490344 -0.1979986 0.9799246 -0.02333533 -0.2139695 0.9768322 -0.004022181 -0.1747575 0.9832823 -0.05114519 -0.2212912 0.9751907 -0.005773961 -0.3086335 0.9478589 0.07942998 -0.1743857 0.9833992 -0.05015814 0.1912851 0.9748177 -0.1146321 0.1707558 0.977994 -0.119876 0.1640272 0.9789351 -0.1215784 0.07270383 -0.9936839 0.08547842 -0.01177144 -0.9975734 0.06862038 0.1415128 -0.9849921 0.09881687 0.4628899 -0.8851349 0.04763489 0.425199 -0.904261 0.0389592 0.4795896 -0.8759796 0.05151462 0.4963147 -0.8617737 0.1049664 0.5720785 -0.8126996 0.1106591 0.4808685 -0.8706339 0.1037404 0.1414683 -0.9711978 0.1917336 0.164661 -0.9704992 0.1761198 0.1716288 -0.9701396 0.1713849 0.9714687 -0.2278121 -0.06595772 0.9667273 -0.2504046 -0.05230635 0.9639565 -0.262207 -0.04511618 0.8989458 0.428828 -0.08945894 0.9022529 0.4225354 -0.08604389 0.9066117 0.4080599 -0.1074362 0.9207298 0.3790083 -0.09278762 0.9256095 0.3682516 -0.08739471 0.9870876 -0.1567757 -0.03285896 0.9814315 -0.1913399 -0.01346504 0.979162 -0.2029638 -0.006898999 -0.06108266 -0.585704 0.8082202 -0.133206 -0.5952652 0.7924113 -0.03765594 -0.5819123 0.8123794 0.408784 -0.5396601 0.7359774 0.3713879 -0.5592462 0.7411577 0.4217705 -0.5325341 0.7338373 0.4201152 -0.3031918 0.8553233 0.4876438 -0.3111844 0.8157008 0.5193461 -0.3143706 0.7946389 -0.06989151 -0.4006198 0.9135748 -0.1088196 -0.4195979 0.9011636 -0.04695188 -0.3890894 0.9200027 -0.922237 0.3200674 -0.2168774 -0.9607517 -0.08172547 0.2650986 -0.9493046 -0.1207108 0.2902579 -0.9445967 -0.1348405 0.2992578 -0.9231441 -0.1016847 0.3707633 -0.8549964 -0.2283034 0.4656811 -0.8218044 -0.2755143 0.4987279 -0.9277034 0.2479624 -0.2790719 -0.9241967 0.248751 -0.2897991 -0.9300423 0.2474009 -0.2716878 0.05245471 0.7465003 -0.6633144 0.08862894 0.7560589 -0.6484751 0.1047277 0.7599298 -0.641513 -0.599123 0.6127086 -0.5154028 -0.5756958 0.6354282 -0.5145926 -0.5616139 0.6484926 -0.5138552 -0.5344929 0.5765838 -0.6179551 -0.5499316 0.5557669 -0.6234569 -0.565227 0.5342099 -0.6286002 0.007804751 0.7675316 -0.6409637 0.002629876 0.7685201 -0.6398204 0.0172466 0.7656704 -0.6430019 -0.7243605 -0.6573284 -0.2078971 -0.7001903 -0.690353 -0.182061 -0.7338731 -0.6432016 -0.2184537 -0.7867781 -0.60344 -0.1297707 -0.8500128 -0.4960536 -0.1772255 -0.7773967 -0.6167995 -0.1233413 -0.9873557 0.0862447 -0.1330062 -0.9879999 0.003563463 -0.1544138 -0.9875422 -0.007445394 -0.1571788 -0.974285 0.02576202 -0.2238418 -0.9753232 0.04031395 -0.2170703 -0.9755823 0.04462277 -0.2150536 0.2457644 -0.954892 0.1666773 0.2445779 -0.9548267 0.1687834 0.2367097 -0.9542555 0.1826612 0.2566785 -0.9469161 0.1935619 0.292315 -0.9229931 0.2502716 0.2464678 -0.9527564 0.1775081 -0.2650608 -0.9641451 -0.0129286 -0.3465853 -0.9342708 -0.08376634 -0.2497127 -0.96832 1.10578e-4 -0.05011725 -0.9982123 -0.03256523 -0.04700291 -0.9988793 -0.00556606 -0.05928081 -0.9917328 -0.1138064 -0.235668 0.9627232 0.132758 -0.2459931 0.9562082 0.1585983 -0.2110478 0.9747779 0.07257324 -0.4416996 0.8971434 -0.005946159 -0.4510115 0.8913748 -0.04516142 -0.4678153 0.8748559 -0.1256024 -0.6029989 0.7965613 -0.04339063 -0.7084025 0.6945257 -0.125698 -0.7395995 0.6554727 -0.1528007 -0.0550698 0.9984565 -0.007202506 -0.005273938 0.998808 0.04852682 0.009297668 0.9978565 0.06477731 -0.1749451 -0.9710308 -0.1627681 -0.2727759 -0.9484573 -0.1613141 -0.2806811 -0.9461806 -0.1611227 0.4978829 -0.8663997 -0.03826892 0.4832204 -0.8746296 -0.03900218 0.4818817 -0.875365 -0.03906822 0.4883432 -0.8709627 -0.0542671 0.5406985 -0.839711 -0.05030661 0.5462675 -0.8361253 -0.04986482 -0.1840598 -0.9611175 -0.2058523 -0.2469254 -0.9423075 -0.2260186 -0.1736395 -0.963777 -0.2024434 0.02072918 -0.2348259 0.9718164 0.007973134 -0.2679318 0.9634049 -0.02051323 -0.34048 0.940028 -0.2345962 0.6032009 0.762308 -0.2486774 0.6076736 0.7542495 -0.08893829 0.5485193 0.8313944 0.6631919 0.5732086 0.4812572 0.6658938 0.493018 0.5599275 0.6580804 0.3889677 0.6446971 0.7420899 -0.07188975 0.6664342 0.7284222 -0.03107464 0.6844234 0.7523155 -0.1060284 0.6502149 0.01652318 0.9849725 0.1719193 -0.05388653 0.983811 0.1709159 0.02167463 0.9848657 0.1719593 -0.5892744 0.8072804 0.03246897 -0.6865533 0.7266517 0.02493852 -0.5783176 0.8151342 0.03324311 -0.5758892 0.8008607 0.1642377 -0.593137 0.7904645 0.1528217 -0.5951457 0.7892132 0.1514729 0.06329244 0.933204 0.3537293 0.177421 0.9197348 0.3501566 0.05062323 0.9339361 0.3538373 -0.9557198 0.2720069 -0.1123031 -0.9648401 0.2370011 -0.1136403 -0.9546044 0.2759613 -0.1121418 -0.9236816 -0.3315934 -0.1919853 -0.9163124 -0.3492894 -0.1958788 -0.9156781 -0.3507682 -0.1962022 -0.9091392 -0.3630264 -0.2041516 -0.8488963 -0.4691636 -0.2434349 -0.8423302 -0.4790199 -0.2470221 -0.958137 0.2808755 -0.05552065 -0.9240799 0.3793218 -0.04681164 -0.9622724 0.2661034 -0.05675315 0.9689775 -0.2287956 0.09346252 0.9779345 -0.1765433 0.1116984 0.9674222 -0.2363304 0.09078752 0.9347286 0.3073442 0.1783871 0.9487355 0.2684118 0.1669017 0.9329832 0.311847 0.1797049 0.9057996 0.2761348 0.3213672 0.858537 0.3995367 0.3213795 0.8525725 0.4123699 0.3210474 0.9469568 -0.2685834 0.1764538 0.92438 -0.3609274 0.1235033 0.9495884 -0.2531433 0.1849341 0.1472743 0.8077862 -0.5707818 0.1824975 0.8018033 -0.5690397 0.187709 0.8008272 -0.5687188 -0.6493262 0.7410383 -0.1709904 -0.6995365 0.6988483 -0.1491979 -0.7084158 0.6907176 -0.1451085 -0.7153235 0.6892062 -0.1153571 -0.7303362 0.6746113 -0.1072788 -0.7334269 0.6715185 -0.1055839 0.09775078 0.783203 -0.6140343 0.1481087 0.7748856 -0.6145048 0.1551227 0.7735612 -0.614443 -0.9283411 0.3055093 0.2117713 -0.9458653 0.2263327 0.2326208 -0.9498472 0.202157 0.2385854 -0.8796135 -0.1923299 0.4350739 -0.8988419 -0.1185664 0.4219306 -0.9038771 -0.0947206 0.4171741 -0.8909642 -0.05843752 0.4502978 -0.9039575 0.0118156 0.4274593 -0.9068468 0.03274285 0.4201868 -0.8916783 0.4247839 0.1564238 -0.9184724 0.3499796 0.1841814 -0.9252539 0.3270137 0.1922687 -0.2178231 -0.7576338 0.6152595 -0.2183843 -0.7575464 0.6151682 -0.2174957 -0.7576842 0.6153131 0.486961 -0.7868072 0.3792143 0.5334599 -0.762159 0.3667894 0.4765104 -0.7919355 0.3818063 0.4552463 -0.7448081 0.4878646 0.4268326 -0.7564675 0.4955513 0.4621732 -0.7418224 0.4858967 -0.1968948 -0.6850494 0.7013843 -0.1736245 -0.6879783 0.7046563 -0.203517 -0.68414 0.7003809 0.9618391 -0.1153858 -0.2480963 0.9610552 -0.1261137 -0.2459032 0.9620646 -0.111963 -0.2487892 0.8510612 0.2593963 -0.4565178 0.8529555 0.2537744 -0.4561421 0.850428 0.261253 -0.456639 0.8094213 0.2382064 -0.5367448 0.8056803 0.2492226 -0.537371 0.8108031 0.2340447 -0.5364899 0.9453629 -0.1174148 -0.3041425 0.9452015 -0.1217088 -0.3029541 0.9454094 -0.1160755 -0.3045123 -0.7551881 0.1463707 -0.6389575 -0.773143 0.1653605 -0.6122955 -0.7768926 0.169446 -0.6064042 -0.866991 -0.1834382 -0.4633326 -0.8801872 -0.1675953 -0.4440523 -0.8604875 -0.1909049 -0.4723525 -0.9747839 0.02834314 0.2213441 -0.9757518 0.03307276 0.216367 -0.9723473 0.01732039 0.2328966 -0.6794617 0.7248813 0.1134858 -0.6792104 0.7253201 0.1121796 -0.6856139 0.7127883 0.1478734 0.3274094 -0.7185826 -0.6135489 0.1925941 -0.7107044 -0.6766142 0.166801 -0.7074658 -0.6867821 0.1869373 -0.2307447 -0.9548882 0.07098573 -0.2779659 -0.9579646 0.04185146 -0.2890801 -0.9563897 0.7896021 -0.1554342 -0.5936068 0.7919737 -0.1601915 -0.589166 0.7975746 -0.1717123 -0.5782643 0.5246064 -0.7740433 -0.3544647 0.5248711 -0.7724214 -0.3575971 0.5264081 -0.7618206 -0.3775233 -0.2268555 0.1867347 -0.9558593 -0.2039862 0.2074513 -0.9567412 -0.2324485 0.1816108 -0.9555026 -0.449957 0.3000343 -0.8411411 -0.4502832 0.3266823 -0.8309776 -0.4502953 0.3302462 -0.8295611 -0.05016827 0.987118 -0.1519252 -0.05021375 0.9871441 -0.1517408 -0.0504412 0.9872738 -0.1508185 0.3859373 0.8290596 -0.4046145 0.3862851 0.8289592 -0.4044879 0.3924514 0.8271557 -0.4022379 -0.06637495 -0.9947776 0.07753634 -0.07955104 -0.9937516 0.07829147 -0.05994951 -0.9952146 0.07716345 -0.4577431 -0.8527671 0.2515152 -0.4455835 -0.8592034 0.251446 -0.4622544 -0.850326 0.2515285 -0.4760245 -0.8528816 0.2144616 -0.4770359 -0.8523467 0.2143408 -0.4756029 -0.8531041 0.2145122 -0.06310594 -0.997837 0.01841491 -0.07180333 -0.9969581 0.03031384 -0.07904946 -0.9960584 0.040237 -0.05082589 0.9889757 -0.1390821 -0.05370002 0.9885597 -0.1409476 -0.04878973 0.9892634 -0.1377599 0.3884576 0.8211887 -0.4180312 0.2461302 0.6517566 -0.7173795 0.2133129 0.6496018 -0.7297365 0.3153645 0.6536631 -0.6879461 -0.2716274 0.8674842 -0.4167611 -0.2675544 0.848164 -0.4572008 -0.2602559 0.8152005 -0.5174121 0.05957317 -0.9864062 0.1531463 0.06122863 -0.9861449 0.1541731 0.06264215 -0.9859189 0.1550483 -0.3980399 -0.8263126 0.3984618 -0.3986961 -0.8262254 0.3979864 -0.3994676 -0.8261222 0.3974266 -0.5826372 -0.8072029 0.09464418 -0.575322 -0.815625 0.06132519 -0.5966991 -0.784112 0.1706416 -0.03834664 -0.9872101 -0.1547448 -0.07414382 -0.9818826 -0.1743828 -0.1295049 -0.9703029 -0.2043057 -0.8592563 0.06259095 0.5077018 -0.8559703 0.05988883 0.5135447 -0.8510692 0.05591934 0.5220673 -0.64758 0.7073807 0.283289 -0.6391034 0.7128617 0.2887478 -0.6561535 0.7016842 0.2776727 -0.7697431 0.6290666 -0.1084944 -0.7883012 0.6021503 -0.1264762 -0.7224902 0.6882106 -0.06613767 -0.9845694 -0.1168597 0.1302573 -0.9882956 -0.1062752 0.1094423 -0.9979542 -0.06062698 0.02029418 0.2146629 -0.9718725 -0.09687066 0.2928115 -0.954617 -0.05447959 0.1662652 -0.9784715 -0.1222681 -0.1602842 -0.9791568 -0.1247441 -0.1419522 -0.982955 -0.1168299 -0.1687374 -0.9772642 -0.1283835 -0.2098276 -0.9763103 -0.05282616 -0.2447717 -0.9675568 -0.06261575 -0.1962156 -0.979335 -0.04901498 0.1215339 -0.9916115 -0.04400372 0.0413168 -0.9967613 -0.06899356 0.1601194 -0.9865861 -0.03177458 -0.6627652 0.7218875 0.1990497 -0.5830551 0.8067225 0.09615433 -0.683308 0.6934188 0.228606 -0.8916283 0.2445577 0.3810389 -0.8881393 0.2784231 0.3656353 -0.8920141 0.2398319 0.3831341 -0.9504812 0.09629446 0.2954877 -0.944342 -0.01183354 0.3287523 -0.9503746 0.1108668 0.2906833 -0.6834849 0.6999129 0.2072929 -0.6551427 0.7367069 0.1674848 -0.6923417 0.6870996 0.2203566 0.5092328 -0.8416056 -0.1799504 0.5274477 -0.8254446 -0.2010974 0.5319974 -0.8211932 -0.2064477 0.8337659 -0.284157 -0.4733809 0.8187059 -0.3973627 -0.4145161 0.8146614 -0.4165912 -0.4034583 0.886247 -0.3409231 -0.3135886 0.8873671 -0.3342108 -0.3176204 0.8875581 -0.3330291 -0.3183273 0.5653669 -0.8102284 -0.1545651 0.5408576 -0.8308741 -0.1308492 0.5348832 -0.8356045 -0.1251603 -0.713917 0.6895419 0.1218791 -0.82918 0.5465984 0.1170074 -0.8765262 0.4678845 0.1130756 -0.6715513 0.668669 0.3192189 -0.6336466 0.744099 0.2116808 -0.6865369 0.6237026 0.373714 -0.5340434 0.7901024 0.3008919 -0.4973655 0.8401013 0.2164661 -0.5482234 0.7655504 0.3367252 -0.7234548 0.6903427 -0.006346762 -0.6840448 0.7294319 -0.003431797 -0.6696406 0.7426815 -0.002401113 0.3020427 0.9370231 -0.1753796 0.3898154 0.904253 -0.1742714 0.4265828 0.8876861 -0.1733223 0.4364041 0.8818593 -0.178538 0.459228 0.8702054 -0.1784721 0.4702691 0.864304 -0.1783974 0.05143159 0.9971272 0.05560851 0.04043781 0.997648 0.05534827 0.03174006 0.9979742 0.05513775 0.02112478 0.9996522 0.01579034 0.0274049 0.9995934 0.007873058 0.0171529 0.9996367 0.02079546 0.5446747 -0.7926622 -0.273891 0.552747 -0.782606 -0.2863546 0.5569037 -0.7772386 -0.2928455 0.8853822 -0.130411 -0.4461966 0.8860828 -0.148526 -0.439087 0.8862448 -0.1546895 -0.4366249 0.8778222 -0.1719581 -0.4470555 0.8755428 -0.2274589 -0.426248 0.8746697 -0.23905 -0.4216729 0.5286011 -0.8177696 -0.2276706 0.5451245 -0.8012335 -0.2467069 0.5499446 -0.7961733 -0.2523269 -0.4657651 0.844546 0.264206 -0.4906689 0.8172767 0.3021635 -0.45139 0.8586493 0.2428346 -0.8989566 0.1928445 0.3933042 -0.8985438 0.1441587 0.4145328 -0.8985286 0.2090098 0.3859549 -0.8740068 0.2397209 0.4226657 -0.8666244 0.2990748 0.399395 -0.8749091 0.2294676 0.4264724 -0.450966 0.8610635 0.2349457 -0.441343 0.8691302 0.2232243 -0.4543759 0.8581162 0.2391216 -0.04719829 -0.9954643 0.08260321 -0.009397268 -0.9964628 0.08350843 -0.06199872 -0.9946842 0.08221614 -0.3775487 -0.9091261 0.1759177 -0.3408415 -0.922743 0.1799238 -0.3899537 -0.9041519 0.1744868 -0.4014692 -0.8702052 0.2855967 -0.4250925 -0.8589389 0.2855177 -0.3952004 -0.8730738 0.2855849 -0.05513709 -0.989484 0.133722 -0.06112778 -0.9890487 0.1343361 -0.05325818 -0.989613 0.1335284 0.2468738 0.8552436 -0.4556445 0.2464361 0.8552663 -0.4558389 0.2449478 0.8553417 -0.456499 -0.1758189 0.9438011 -0.2798699 -0.1655005 0.94597 -0.2788376 -0.1560993 0.9478498 -0.2778738 -0.0536046 0.9983977 -0.01812469 -0.04592484 0.9987765 -0.0183444 -0.04076629 0.9989976 -0.01849132 0.2765529 0.938266 -0.2077873 0.2714788 0.939498 -0.2089089 0.2663294 0.9407191 -0.2100392 0.2986302 0.8183076 -0.4911139 0.2919337 0.815612 -0.4995516 0.3508419 0.8362239 -0.421473 -0.1868321 0.9086681 -0.3733846 -0.1976839 0.91937 -0.3401174 -0.1514761 0.8675857 -0.4736561 -0.2553648 0.8066071 -0.5330798 -0.2617151 0.813172 -0.5198621 -0.2428202 0.7932369 -0.5584027 0.2568725 0.7146857 -0.6505697 0.2542312 0.7119044 -0.6546439 0.2614185 0.7194399 -0.6434802 0.8120614 0.4292287 -0.395372 0.7456627 0.308804 -0.5904467 0.6827325 0.5452206 -0.4864266 0.7581167 0.1018989 -0.6441084 0.481589 0.6875051 -0.5435152 0.520901 0.662388 -0.5384277 0.541749 0.6481511 -0.5351712 0.497815 0.8035159 -0.3264082 0.4964592 0.8037862 -0.3278052 0.4875826 0.8054694 -0.3368716 -0.06569719 0.9835734 0.168129 -0.08012765 0.9845137 0.1559244 -0.1078243 0.9853311 0.1322745 0.2505874 0.9679892 0.01425534 0.2672396 0.963514 0.01496386 0.2805501 0.9597137 0.01553249 0.2604413 0.9645053 -0.04358947 0.2779396 0.9594929 -0.0460757 0.2893187 0.956044 -0.04769128 -0.01766335 0.9898572 0.1409642 -0.01542311 0.9897276 0.1421323 -0.01164299 0.9894946 0.1441012 0.9858117 -0.09143382 0.1407672 0.9876189 -0.06048911 0.1447413 0.9849995 -0.1016779 0.1394187 0.9632503 0.2641858 0.04852503 0.9514836 0.3031107 0.05294418 0.9662918 0.2530752 0.04725801 0.965956 0.2586699 0.004350602 0.9554328 0.2950737 0.008928656 0.9672852 0.2536643 0.003724277 0.9923947 -0.1131556 0.04846245 0.9871451 -0.15368 0.04389846 0.9931065 -0.1063843 0.04921501 -0.9816767 0.1840776 -0.04925733 -0.9924203 0.110985 -0.05276793 -0.9933354 0.1022734 -0.05315005 -0.9038407 -0.4274709 0.0184583 -0.9294088 -0.3686285 0.01768016 -0.9322884 -0.3612884 0.01757943 -0.9321001 -0.3621858 0.003299772 -0.9247848 -0.3804807 0.002741694 -0.9241306 -0.3820674 0.002692997 -0.9733 0.2231747 -0.05366665 -0.9788027 0.1970778 -0.05572861 -0.1831392 0.9724946 -0.143925 -0.06445527 0.9908134 -0.1188887 -0.05348187 0.9917504 -0.1164943 -0.7568206 0.646034 -0.09931206 -0.7818138 0.6146405 -0.1048066 -0.7862886 0.6087332 -0.1058024 -0.7776428 0.6256918 -0.06149411 -0.7062984 0.7030074 -0.08320617 -0.7860102 0.6154202 -0.05870324 -0.1820322 0.9818847 -0.05259913 -0.1090563 0.9922017 -0.06035488 -0.1880525 0.9807845 -0.05194151 -0.410908 -0.8981155 0.1566625 -0.4857755 -0.8646884 0.1278129 -0.3960247 -0.9038146 0.1621221 0.4593055 -0.8475641 0.265845 0.3537966 -0.9029888 0.2438019 0.4757252 -0.8374379 0.2690413 0.4790226 -0.8664994 0.1404144 0.5018059 -0.8542724 0.1356826 0.50426 -0.8529086 0.1351629 -0.2441856 -0.9648382 0.09726643 -0.3904077 -0.9142963 0.107908 -0.4038453 -0.9083362 0.1087862 0.9925937 -0.09437364 0.07649451 0.9906674 -0.1123292 0.07720392 0.993174 -0.08826994 0.07624912 0.9319521 0.3461675 -0.1078585 0.9268318 0.3596056 -0.1080129 0.9336326 0.3416271 -0.1078012 0.9235389 0.3166593 -0.2163397 0.9225315 0.3193269 -0.2167166 0.9237061 0.3162145 -0.2162762 0.9948837 -0.09691935 0.02851814 0.9952244 -0.09353876 0.02791076 0.9947918 -0.09781128 0.02867805 -0.1527481 -0.8435996 0.5147891 0.1394065 -0.894155 0.4255029 0.1984022 -0.8939457 0.4018678 0.6140385 -0.7181555 0.3274285 0.6041468 -0.7264397 0.3275547 0.6163454 -0.7161939 0.327391 0.5997244 -0.675647 0.4287562 0.549126 -0.7139571 0.434426 0.6111388 -0.6663476 0.4271888 -0.232817 -0.8136126 0.5327576 -0.2361338 -0.8124111 0.5331313 -0.2367611 -0.812183 0.5332008 -0.9778293 0.03269076 0.2068362 -0.9719826 0.01278883 0.2347048 -0.9822931 0.05157321 0.1801126 -0.799424 -0.4526474 0.3950085 -0.8365486 -0.3748384 0.3996032 -0.8550804 -0.3288145 0.4008973 -0.8880449 -0.3762919 0.2641607 -0.9111596 -0.3231486 0.2556625 -0.9186701 -0.3038647 0.2524113 -0.991627 0.1179887 0.0524851 -0.9970828 0.03851342 0.06589829 -0.9974554 0.01270329 0.07015299 0.206596 0.9195552 -0.3342701 0.207181 0.9194989 -0.3340629 0.2076308 0.9194555 -0.3339028 -0.4703221 0.8515582 -0.2316161 -0.540449 0.8076276 -0.2359079 -0.5674629 0.7885009 -0.237176 -0.5630615 0.7528783 -0.3407875 -0.6025755 0.7232705 -0.3373169 -0.6116268 0.7160717 -0.3363837 0.1831716 0.8500864 -0.4937624 0.2112084 0.848408 -0.4853813 0.2174623 0.8479322 -0.4834471 0.397063 -0.910244 0.1174609 0.3990358 -0.9091801 0.1190053 0.3909841 -0.9134702 0.112711 -0.1181766 -0.9844123 0.1302562 -0.1043787 -0.9844016 0.1416289 -0.1764954 -0.9809358 0.08132964 -0.1700885 -0.9847215 0.03733295 -0.1701951 -0.9847066 0.03723752 -0.1698397 -0.9847558 0.03755557 0.3715213 -0.927536 0.04060763 0.3645118 -0.9305796 0.03395658 0.3970451 -0.9154873 0.06510329 -0.7312482 0.6628044 0.1611411 -0.6794125 0.7209192 0.1366534 -0.7405746 0.6512275 0.1656863 -0.9218758 -0.3691841 0.1176779 -0.9412515 -0.3180288 0.1135932 -0.9196218 -0.3746318 0.118097 -0.8913259 -0.4533275 0.005686044 -0.8841014 -0.4672242 0.0081532 -0.8926853 -0.4506504 0.005212903 -0.8153221 0.5780736 0.03287613 -0.9075207 0.4122983 0.08010172 -0.7911109 0.6112617 0.02242183 0.7831479 -0.6169764 -0.07758462 0.6818019 -0.7312954 -0.01879823 0.6575783 -0.7533618 -0.006067276 0.9889801 0.1480183 0.003030896 0.9429526 0.3281691 -0.05608457 0.9312644 0.3582856 -0.06616789 0.8945265 0.4412439 0.071599 0.9010016 0.4265753 0.078929 0.9027939 0.4223747 0.08101147 0.9221554 -0.3841108 0.04570019 0.8705044 -0.4844331 0.08687186 0.8502353 -0.5167227 0.1004875 0.1659767 0.9860586 -0.01184505 0.2205212 0.975341 0.008972883 0.2437343 0.9696767 0.01791405 -0.1129971 0.9908339 0.07402628 -0.1881896 0.9810891 0.04526579 -0.2259203 0.973667 0.03053879 -0.2666401 0.9636169 -0.01859247 -0.3637982 0.9313083 0.01777112 -0.2232429 0.9741559 -0.03439694 0.09027391 0.9951292 -0.03960448 0.1288496 0.9914662 -0.01981818 0.1434594 0.98958 -0.01228183 -0.06229799 -0.9978085 -0.02229583 -0.05795282 -0.9977041 -0.03504592 -0.06232881 -0.9978086 -0.02220499 -0.5040547 -0.852151 0.1405963 -0.5032219 -0.8529074 0.1389847 -0.5042172 -0.852003 0.1409106 -0.5890715 -0.7671076 -0.254049 -0.1773031 -0.9428886 -0.2820014 0.8280188 -0.07530498 -0.5556206 0.8185576 -0.06833475 -0.5703456 0.8240351 -0.07234293 -0.5619012 0.6298117 -0.7188384 -0.2942936 0.3734458 -0.7014402 -0.6070585 0.6310109 0.01707333 -0.7755862 0.08516699 0.9869321 -0.1367908 0.08364266 0.9871829 -0.1359192 0.08467257 0.9870138 -0.1365083 -0.3980024 0.8952242 -0.2004188 -0.2980412 0.9073643 -0.2964144 0.1058641 0.980529 -0.165396 0.1243555 0.9751161 -0.1835333 0.1060339 0.9804831 -0.1655588 0.9603345 -0.2775331 0.027076 0.908451 0.4176077 0.01790791 0.9129671 0.4069634 0.02953082 0.9053606 0.4245188 0.01029253 0.9044477 0.4181976 -0.0841735 0.9661219 -0.2576575 -0.0148769 -0.9690275 0.1597054 -0.1883615 -0.8786332 -0.4768282 -0.02527242 -0.8198212 -0.5725653 0.007888376 -0.9492263 0.0581054 -0.3091816 0.9127079 0.1968916 0.3580479 0.9946892 -0.07746773 0.06776589 0.8666378 0.3134084 -0.3882195 0.7462242 0.6565926 -0.1097072 0.1645909 0.9855303 -0.04049569 -0.2350338 0.9717448 0.02171039 -0.3705393 0.9178872 0.1420696 0.1997684 0.9733701 -0.1124432 -0.06021207 -0.9964572 0.05871522 0.4116945 -0.9106156 0.03587692 0.592106 -0.7980298 0.1120669 0.1316677 -0.9712646 0.1982643 0.9738475 -0.2149248 -0.07367962 0.9018116 0.4173266 -0.1121352 0.9887995 -0.1437588 -0.04011291 -0.156043 -0.5976198 0.7864484 0.3603492 -0.5647708 0.7424167 0.3828465 -0.2981347 0.8743822 -0.128175 -0.4287556 0.8942818 -0.9219304 0.3207547 -0.2171654 -0.9221128 0.3203454 -0.2169952 -0.9607483 -0.08173972 0.2651065 -0.9627715 -0.07393383 0.2600094 -0.9493005 -0.120725 0.2902656 -0.9422902 -0.05153572 0.330807 -0.9277119 0.2479618 -0.2790443 -0.92207 0.2492006 -0.2961183 -0.9241905 0.248753 -0.2898172 0.03662467 0.7419449 -0.6694599 -0.5991272 0.6127027 -0.5154048 -0.6105521 0.6011475 -0.5156043 -0.5756647 0.6354547 -0.5145946 -0.5210744 0.5939608 -0.6129372 -0.006094217 0.7701359 -0.6378508 -0.6909589 -0.7020053 -0.1725238 -0.861742 -0.4715835 -0.1871088 -0.986294 0.1036924 -0.1283431 -0.9738577 0.02061569 -0.2262219 0.2497117 -0.9550694 0.1596454 0.3148324 -0.9048139 0.2866925 -0.3749967 -0.9205811 -0.1091248 -0.04019761 -0.9978154 0.05242705 -0.2901388 0.9169952 0.2737504 -0.4273467 0.9027435 0.04928529 -0.5807335 0.8136327 -0.02739226 -0.08737587 0.9952243 -0.04352182 -0.1671226 -0.9724001 -0.1628131 0.4992609 -0.8656094 -0.03819912 0.4813134 -0.8748356 -0.0547735 -0.252972 -0.9402431 -0.2279213 0.04731231 -0.1645931 0.9852262 -0.3877227 0.643294 0.6601848 0.6529996 0.6420766 0.4016582 0.7134422 0.009112298 0.7006549 -0.05931764 0.9835181 0.170803 -0.6958234 0.7178068 0.0241509 -0.5725885 0.8027808 0.1663895 0.1880089 0.9178474 0.3495839 -0.9657353 0.2332613 -0.1137737 -0.9242908 -0.3300853 -0.1916514 -0.9154526 -0.3496993 -0.1991407 -0.9195591 0.3902754 -0.04578697 0.9788842 -0.1696276 0.1140714 0.9501168 0.2642588 0.1656671 0.9112518 0.2581435 0.3209084 0.9208162 -0.3720858 0.1168324 0.1413354 0.8086903 -0.5710029 -0.6400113 0.7482171 -0.1748051 -0.7123162 0.6920473 -0.1169454 0.08992612 0.7843089 -0.6138183 -0.921571 0.3296757 0.2049905 -0.879617 -0.1923156 0.4350733 -0.8731531 -0.2131923 0.4383524 -0.8988325 -0.118597 0.4219417 -0.8871789 -0.07491856 0.4553031 -0.8811974 0.4493803 0.1467941 -0.2177311 -0.7576479 0.6152747 -0.2186196 -0.75751 0.6151293 0.543883 -0.7562041 0.3637947 0.4196413 -0.7592719 0.4974008 -0.1968717 -0.6850513 0.7013888 -0.166941 -0.6887435 0.7055233 -0.1736485 -0.6879753 0.7046533 0.9618371 -0.1154119 -0.2480918 0.9607793 -0.129556 -0.2451907 0.9610497 -0.1261863 -0.2458873 0.8510766 0.2593522 -0.4565143 0.8535898 0.2518692 -0.4560117 0.85297 0.2537299 -0.4561398 0.8040297 0.2539728 -0.5376189 0.9453636 -0.1173972 -0.3041474 0.9451422 -0.1231682 -0.3025492 0.9452022 -0.1216911 -0.3029591 -0.7484729 0.1394909 -0.6483291 -0.8870648 -0.1589291 -0.4334256 -0.9776529 0.04311758 0.2057567 -0.6727893 0.7354061 0.080823 0.3642007 -0.7179189 -0.593254 0.2254548 -0.2139716 -0.9504665 0.7831503 -0.1428226 -0.6052085 0.5229313 -0.7833138 -0.3360989 -0.2001541 0.2108864 -0.9567996 -0.4499546 0.3000097 -0.841151 -0.4498214 0.2934774 -0.8435234 -0.4502808 0.3266581 -0.8309883 -0.05011981 0.9870902 -0.1521221 -0.04991561 0.9869722 -0.1529522 -0.05017668 0.9871228 -0.1518916 0.385888 0.8290736 -0.4046328 0.3802695 0.8306766 -0.406659 0.3862793 0.8289607 -0.4044904 -0.08545911 -0.9932346 0.07862585 -0.4577375 -0.8527703 0.2515143 -0.4413635 -0.8613889 0.251411 -0.4455776 -0.8592064 0.251446 -0.4761858 -0.8527963 0.2144423 -0.4776605 -0.8520155 0.2142663 -0.4772393 -0.852239 0.2143165 -0.06310397 -0.9978372 0.01841235 -0.05575102 -0.9984098 0.008364737 -0.07183182 -0.996955 0.03034824 -0.05084443 0.988973 -0.1390949 -0.05575454 0.988255 -0.1422798 -0.05371904 0.9885569 -0.1409595 0.388765 0.8211584 -0.4178048 0.1440556 0.6425301 -0.7525976 -0.2769367 0.894404 -0.3512089 0.05957353 -0.9864063 0.1531462 0.0581606 -0.9866264 0.1522685 0.06122869 -0.9861449 0.1541734 -0.3978087 -0.8263435 0.3986282 -0.3972669 -0.8264164 0.3990175 -0.3986968 -0.8262253 0.3979856 -0.5565954 -0.8306865 -0.01271748 -0.03833079 -0.9872118 -0.1547372 0.0187838 -0.9922378 -0.1229282 -0.07413166 -0.981886 -0.1743689 -0.8639144 0.06648075 0.4992316 -0.6302691 0.7184184 0.2943402 -0.8271925 0.536345 -0.1675915 -0.9623683 -0.1614541 0.2185864 0.3433218 -0.9388548 -0.02611607 -0.1602342 -0.9791674 -0.1247246 -0.1322355 -0.9847986 -0.1126298 -0.1419454 -0.9829561 -0.1168288 -0.2575364 -0.9639986 -0.06619393 0.003646314 -0.9967456 -0.08052957 -0.5559356 0.8287348 0.06429761 -0.887479 0.2837042 0.3631708 -0.9427318 -0.025267 0.3325935 -0.6472446 0.7459685 0.1568617 0.5048711 -0.8452799 -0.1749488 0.8351846 -0.2597099 -0.4847862 0.8862485 -0.3409132 -0.3135951 0.8859826 -0.3424562 -0.3126641 0.8873556 -0.334282 -0.3175776 0.570805 -0.8053627 -0.1599141 -0.6834513 0.719657 0.1224265 -0.6198333 0.7642014 0.1783341 -0.4855116 0.8530828 0.1911237 -0.7431654 0.6690616 -0.007862627 0.2739467 0.9456133 -0.1754102 0.4253187 0.887261 -0.1785279 0.06065762 0.9965965 0.05582177 0.03072243 0.9995212 0.003688991 0.5402514 -0.7979763 -0.2671371 0.8850783 -0.1244381 -0.4484995 0.8779095 -0.1594589 -0.4514953 0.5233367 -0.8227869 -0.2216767 -0.5038703 0.8011869 0.3228223 -0.897874 0.1284464 0.4210985 -0.8649454 0.3094562 0.3951032 -0.4379138 0.8719174 0.2190695 0.003812551 -0.9964756 0.08379656 -0.3296625 -0.9265709 0.1810778 -0.4327266 -0.8551411 0.2854498 -0.06336867 -0.9888766 0.1345646 0.2469933 0.8552374 -0.4555912 0.2483494 0.8551661 -0.4549875 0.2464683 0.8552646 -0.4558246 -0.1758074 0.9438041 -0.2798674 -0.1882941 0.9410327 -0.2810746 -0.1654884 0.945972 -0.2788383 -0.05917906 0.9980858 -0.01796448 0.2821846 0.9368649 -0.2065337 0.2314015 0.7875209 -0.5711954 -0.2222305 0.9397314 -0.2598434 -0.2827662 0.8338896 -0.4739953 0.2445299 0.701571 -0.6693305 0.8121008 0.4291953 -0.3953275 0.7456733 0.3088201 -0.5904248 0.6636372 0.5895125 -0.4605007 0.6827386 0.5452344 -0.4864028 0.4815723 0.6875103 -0.5435236 0.4309399 0.716775 -0.5482012 0.5208877 0.662401 -0.5384245 0.497811 0.8035167 -0.3264129 0.5072813 0.8015313 -0.316565 0.4964553 0.8037864 -0.3278102 -0.03173267 0.9799822 0.1965398 0.2505819 0.9679905 0.0142529 0.2432496 0.9698637 0.01393932 0.267234 0.9635155 0.0149641 0.2500979 0.9673041 -0.04211878 -0.02402782 0.9901908 0.1376404 0.9879746 -0.05114746 0.1459118 0.9479247 0.313856 0.05415856 0.9537463 0.3004594 0.00960946 0.9860118 -0.1610167 0.04306107 -0.9006594 -0.43413 0.018543 -0.9327415 -0.3605305 0.003349959 -0.9726521 0.2260338 -0.05344772 -0.2018803 0.9682045 -0.1477313 -0.7532179 0.65035 -0.09852886 -0.6952419 0.7135781 -0.08628445 -0.1031413 0.9927966 -0.06096625 -0.4932709 -0.8608784 0.1247895 0.3420991 -0.9081776 0.2412089 0.4765039 -0.8678039 0.1409274 -0.2299762 -0.9684366 0.09613287 0.9925922 -0.09438705 0.07649707 0.9899731 -0.1181458 0.07742601 0.9906659 -0.1123428 0.07720261 0.9319579 0.3461527 -0.1078565 0.9251938 0.3637862 -0.1080564 0.9268375 0.3595908 -0.1080129 0.92342 0.3169753 -0.2163847 0.9222429 0.3200871 -0.2168232 0.9225128 0.3193761 -0.2167234 0.9948999 -0.09676057 0.02848947 0.995328 -0.09248781 0.02772104 0.9952354 -0.09342694 0.02789032 -0.2370014 -0.8129655 0.5319 0.6020414 -0.7281766 0.3275744 0.5374304 -0.7221802 0.4354589 -0.2328661 -0.8135949 0.5327633 -0.232059 -0.8138859 0.532671 -0.2360035 -0.8124583 0.5331171 -0.9684917 0.002470314 0.2490339 -0.7826212 -0.4833284 0.3922979 -0.888051 -0.3762834 0.2641522 -0.8802178 -0.3925976 0.2666154 -0.9111641 -0.3231386 0.255659 -0.9882375 0.1452751 0.04777008 0.206286 0.9195851 -0.3343793 0.2073211 0.9194854 -0.3340129 -0.4703041 0.8515701 -0.2316085 -0.4477174 0.8641054 -0.2299371 -0.5404307 0.80764 -0.2359074 -0.5538246 0.7593948 -0.3414644 0.1761752 0.8503904 -0.4957807 0.4055424 -0.9056116 0.1241094 -0.1181738 -0.9844128 0.1302555 -0.04433202 -0.9807183 0.1903324 -0.1043789 -0.9844011 0.1416319 -0.1701142 -0.9847179 0.03730994 -0.1705405 -0.9846585 0.03692829 -0.1701852 -0.984708 0.03724628 0.3393716 -0.9405953 0.01035964 -0.6713114 0.7291572 0.1329314 -0.9432646 -0.312183 0.1131097 -0.8826486 -0.4699541 0.00864011 -0.9241583 0.3710732 0.09075272 0.8029615 -0.5891268 -0.09045839 0.9926856 0.1201298 0.01201051 0.89276 0.4451168 0.06964838 0.9369243 -0.3481273 0.03130835 0.1455714 0.9891543 -0.01956564 -0.08614748 0.9927256 0.08411085 -0.4071355 0.9127175 0.03446131 0.07253819 0.9961786 -0.04864716 0.01699954 0.9147512 -0.4036602 0.01008844 0.918356 -0.3956267 0.04190903 0.9007961 -0.4322155 -0.6720965 0.6674917 -0.3205329 -0.6638882 0.6803196 -0.3105123 -0.645664 0.706896 -0.2888184 -0.6394833 0.2275539 0.7343571 -0.5819347 0.2076369 0.7862817 -0.6924919 0.2458603 0.6782387 0.5487875 0.5901136 0.5921134 0.6298995 0.4690859 0.6190194 0.4169394 0.7358646 0.5335398 0.7249421 -0.6482892 0.2327666 0.728204 -0.6490212 0.2202057 0.7143361 -0.6454097 0.2705005 0.5483681 0.6195409 0.5616596 0.5457208 0.6092945 0.5752817 0.5388438 0.5844441 0.6066899 -0.7569637 0.5942412 0.2718148 -0.7543715 0.5892431 0.2893375 -0.7438241 0.5710438 0.347325 -0.533284 -0.8459343 0.001861393 -0.5379931 -0.8426534 -0.02233159 -0.5199001 -0.8518972 0.06304961 -0.5980232 0.1919676 -0.7781496 -0.5889354 0.1975021 -0.783676 -0.6438868 0.1627471 -0.7476117 -0.1685215 -0.02920991 -0.9852651 -0.1747921 -0.01403033 -0.9845054 -0.2006925 0.04996693 -0.9783792 -0.2531666 -0.5653129 -0.7850657 -0.2625681 -0.5714825 -0.7774739 -0.211602 -0.5371758 -0.8164967 -0.6998845 -0.372265 -0.6095741 -0.6940623 -0.3835597 -0.6092287 -0.6589945 -0.446315 -0.6054166 -0.03576374 0.939343 -0.3411096 -0.695193 0.6280194 -0.3497119 -0.5133275 0.1838455 0.8382696 0.7208845 0.2804039 0.6337975 0.7381576 -0.6506659 0.1782057 0.5543997 0.6449241 0.5260362 -0.764306 0.6109343 0.2063872 -0.5492866 -0.8308609 -0.08918774 -0.5410673 0.2253997 -0.8102106 -0.1409342 -0.09463441 -0.9854856 -0.302434 -0.596807 -0.743206 -0.7314904 -0.3054084 -0.609629</float_array>
          <technique_common>
            <accessor source="#Mesh_005-mesh-normals-array" count="1003" stride="3">
              <param name="X" type="float"/>
              <param name="Y" type="float"/>
              <param name="Z" type="float"/>
            </accessor>
          </technique_common>
        </source>
        <source id="Mesh_005-mesh-map">
          <float_array id="Mesh_005-mesh-map-array" count="2784">0.2832065 0.9323514 0.2411391 0.889419 0.2879285 0.8880323 0.2879285 0.8880323 0.32145 0.9361708 0.2832065 0.9323514 0.7029815 0.880436 0.719062 0.9054142 0.6947068 0.8871724 0.6947068 0.8871724 0.6647127 0.868043 0.7029815 0.880436 0.9319683 0.9242281 0.916152 0.8977036 0.9410207 0.9094494 0.9319683 0.9242281 0.9657057 0.9266375 0.9550393 0.9415686 0.9319683 0.9242281 0.9416026 0.9551858 0.9198467 0.9444133 0.9319683 0.9242281 0.9022465 0.930792 0.9093695 0.9130628 0.131496 0.06994545 0.08789932 0.1434898 0.07679122 0.07172733 0.07679122 0.07172733 0.03496158 0.1477833 0.02195513 0.07462918 0.02195513 0.07462918 0.0728814 0.01452898 0.07679122 0.07172733 0.07679122 0.07172733 0.1299651 0.01521754 0.131496 0.06994545 0.1772902 0.06374943 0.2256785 0.1160501 0.1803545 0.1249079 0.1803545 0.1249079 0.131496 0.06994545 0.1772902 0.06374943 0.1772902 0.06374943 0.1299651 0.01521754 0.1748532 0.01015394 0.1772902 0.06374943 0.2201328 0.006548583 0.225498 0.05914324 0.3672133 0.07456713 0.3987416 0.153454 0.3600465 0.1466163 0.3672133 0.07456713 0.3242516 0.1362647 0.322167 0.07317388 0.3672133 0.07456713 0.3250886 0.00323379 0.3794404 0.008636295 0.3794404 0.008636295 0.4089072 0.07780128 0.3672133 0.07456713 0.4645361 0.5247317 0.4719622 0.4988659 0.4786425 0.527688 0.4786425 0.527688 0.4714114 0.5688535 0.4645361 0.5247317 0.4645361 0.5247317 0.4501683 0.5606876 0.4504455 0.5245063 0.4645361 0.5247317 0.4475894 0.5069187 0.4587491 0.4949109 0.7723523 0.7909861 0.8068711 0.8881071 0.749933 0.8850362 0.7723523 0.7909861 0.6788616 0.8660873 0.7180743 0.7687514 0.7180743 0.7687514 0.7967595 0.6857028 0.7723523 0.7909861 0.7967595 0.6857028 0.8194558 0.7924803 0.7723523 0.7909861 0.9783927 0.7790534 0.9399395 0.8946747 0.9329479 0.793208 0.9329479 0.793208 0.8972491 0.8860552 0.8995356 0.7902832 0.8995356 0.7902832 0.9238407 0.6802845 0.9329479 0.793208 0.9238407 0.6802845 0.9783927 0.7790534 0.9329479 0.793208 0.8596898 0.7909868 0.8972491 0.8860552 0.8519639 0.885797 0.8519639 0.885797 0.8194558 0.7924803 0.8596898 0.7909868 0.8596898 0.7909868 0.8298955 0.6841689 0.8640578 0.6828944 0.8640578 0.6828944 0.8995356 0.7902832 0.8596898 0.7909868 0.5151281 0.5193622 0.5152124 0.5819517 0.4971424 0.522805 0.4971424 0.522805 0.4933618 0.5798268 0.4786425 0.527688 0.4971424 0.522805 0.4719622 0.4988659 0.4821836 0.4826236 0.4971424 0.522805 0.5020247 0.491856 0.5151281 0.5193622 0.5290403 0.5172904 0.5634745 0.5499727 0.5492573 0.5672231 0.5492573 0.5672231 0.5151281 0.5193622 0.5290403 0.5172904 0.5290403 0.5172904 0.5020247 0.491856 0.5101374 0.4846365 0.5290403 0.5172904 0.5275371 0.4913717 0.5431542 0.5117169 0.4358972 0.5321534 0.4501683 0.5606876 0.4382759 0.5699364 0.4382759 0.5699364 0.4211792 0.5402858 0.4358972 0.5321534 0.4358972 0.5321534 0.4226477 0.5147297 0.4336438 0.5079543 0.4358972 0.5321534 0.4475894 0.5069187 0.4504455 0.5245063 0.5271206 0.1257647 0.5117465 0 0.5647177 0.1194561 0.5647177 0.1194561 0.5972206 0.2346405 0.5271206 0.1257647 0.5972206 0.2346405 0.505506 0.1512746 0.5271206 0.1257647 0.5271206 0.1257647 0.4264883 0.05730175 0.4647999 0.02741247 0.6201999 0.1387882 0.6962612 0.1032038 0.6707597 0.1544322 0.6707597 0.1544322 0.645599 0.2289061 0.6201999 0.1387882 0.6201999 0.1387882 0.619882 0.228954 0.5647177 0.1194561 0.5647177 0.1194561 0.6112709 0.05894142 0.6201999 0.1387882 0.8122207 0.1650465 0.7532506 0.1154444 0.8413457 0.09676367 0.8413457 0.09676367 0.8632062 0.1647613 0.8122207 0.1650465 0.8122207 0.1650465 0.7884381 0.2440233 0.7608711 0.2363281 0.7608711 0.2363281 0.7591868 0.1641909 0.8122207 0.1650465 0.6644139 0.6043859 0.6424412 0.472168 0.6589602 0.4657628 0.6589602 0.4657628 0.6823784 0.5987299 0.6644139 0.6043859 0.6644139 0.6043859 0.6862092 0.6800465 0.6735748 0.7128822 0.6644139 0.6043859 0.6579138 0.6901339 0.6479642 0.6114124 0.710166 0.1654102 0.6962612 0.1032038 0.7220498 0.1145381 0.710166 0.1654102 0.7532506 0.1154444 0.7591868 0.1641909 0.710166 0.1654102 0.7404378 0.2341124 0.7041866 0.2316671 0.710166 0.1654102 0.6662569 0.2309393 0.6707597 0.1544322 0.7229847 0.6015001 0.7399145 0.4739862 0.7396088 0.6079537 0.7396088 0.6079537 0.7611905 0.4777795 0.7589306 0.6143926 0.7396088 0.6079537 0.7451969 0.6926342 0.7267957 0.7143498 0.7396088 0.6079537 0.7169833 0.6809782 0.7229847 0.6015001 0.6128435 0.6182439 0.6260409 0.4779082 0.6316911 0.6163823 0.6260409 0.4779082 0.6479642 0.6114124 0.6316911 0.6163823 0.6316911 0.6163823 0.6579138 0.6901339 0.6500784 0.7215512 0.6316911 0.6163823 0.6304001 0.6953778 0.6128435 0.6182439 0.6823784 0.5987299 0.7014629 0.4643177 0.703683 0.5985897 0.703683 0.5985897 0.7238467 0.4690806 0.7229847 0.6015001 0.703683 0.5985897 0.7169833 0.6809782 0.7020568 0.7069343 0.703683 0.5985897 0.6862092 0.6800465 0.6823784 0.5987299 0.4378831 0.6349472 0.4637962 0.7054437 0.4443796 0.7142755 0.4443796 0.7142755 0.4209567 0.6497753 0.4378831 0.6349472 0.4378831 0.6349472 0.422926 0.5842608 0.4382759 0.5699364 0.4382759 0.5699364 0.4517534 0.6250168 0.4378831 0.6349472 0.5726842 0.6295019 0.6191079 0.683097 0.5960743 0.6992135 0.5960743 0.6992135 0.5528981 0.6412405 0.5726842 0.6295019 0.5726842 0.6295019 0.5355452 0.5772422 0.5492573 0.5672231 0.5492573 0.5672231 0.5903195 0.6103603 0.5726842 0.6295019 0.5528981 0.6412405 0.5490895 0.7162877 0.5309137 0.6450862 0.5309137 0.6450862 0.5255273 0.7158263 0.5079737 0.6414535 0.5079737 0.6414535 0.5152124 0.5819517 0.5309137 0.6450862 0.5309137 0.6450862 0.5355452 0.5772422 0.5528981 0.6412405 0.5079737 0.6414535 0.4940445 0.709323 0.4794042 0.6314877 0.4794042 0.6314877 0.4637962 0.7054437 0.4517534 0.6250168 0.4517534 0.6250168 0.4714114 0.5688535 0.4794042 0.6314877 0.4794042 0.6314877 0.4933618 0.5798268 0.5079737 0.6414535 0.7128822 0.9631287 0.7215499 0.9317542 0.7328699 0.9334881 0.7215499 0.9317542 0.7316942 0.9024395 0.7328699 0.9334881 0.32145 0.9361708 0.3596266 0.9071465 0.3527981 0.9471733 0.3527981 0.9471733 0.3967356 0.9244418 0.3860585 0.9619332 0.6647127 0.868043 0.633821 0.8801336 0.6290858 0.8726133 0.6290858 0.8726133 0.6129999 0.8965271 0.6045191 0.8919177 0.2030246 0.9407112 0.1686255 0.9079229 0.2012016 0.8976718 0.2012016 0.8976718 0.2406368 0.9335462 0.2030246 0.9407112 0.6064037 0.9280171 0.6129999 0.8965271 0.6142997 0.9269223 0.6064037 0.9280171 0.6308953 0.9556464 0.6261784 0.9631287 0.09177637 0.9586315 0.129581 0.9172201 0.1329481 0.9555347 0.129581 0.9172201 0.1703751 0.9488027 0.1329481 0.9555347 0.2434776 0.7991529 0.3006075 0.6763859 0.293637 0.7989349 0.293637 0.7989349 0.3426192 0.6872986 0.3360854 0.8050851 0.3360854 0.8050851 0.2879285 0.8880323 0.293637 0.7989349 0.2879285 0.8880323 0.2434776 0.7991529 0.293637 0.7989349 0.8808459 0.9096727 0.8504627 0.8908772 0.8846777 0.8930307 0.8846777 0.8930307 0.9093695 0.9130628 0.8808459 0.9096727 0.8808459 0.9096727 0.9022465 0.930792 0.8766422 0.9320495 0.8808459 0.9096727 0.8503265 0.9257007 0.8495929 0.9076706 0.7433512 0.9419806 0.7627792 0.9101784 0.771617 0.9259909 0.771617 0.9259909 0.7915648 0.8973864 0.7977828 0.9138974 0.771617 0.9259909 0.8029743 0.9317644 0.7826367 0.946059 0.771617 0.9259909 0.7571072 0.9551858 0.7433512 0.9419806 0.7977828 0.9138974 0.8193783 0.8923815 0.8220916 0.910196 0.8193783 0.8923815 0.8495929 0.9076706 0.8220916 0.910196 0.8220916 0.910196 0.8503265 0.9257007 0.8260587 0.9323937 0.8220916 0.910196 0.8029743 0.9317644 0.7977828 0.9138974 0.2238108 0.2246708 0.2763792 0.1226348 0.281716 0.2327002 0.281716 0.2327002 0.3242516 0.1362647 0.3359305 0.2565031 0.3359305 0.2565031 0.2951574 0.3734352 0.281716 0.2327002 0.281716 0.2327002 0.2336014 0.3615316 0.2238108 0.2246708 0.4081436 0.6080369 0.3675193 0.7048727 0.3750686 0.5820087 0.3750686 0.5820087 0.3426192 0.6872986 0.3511221 0.5523517 0.3511221 0.5523517 0.3767842 0.4442837 0.3750686 0.5820087 0.3750686 0.5820087 0.4210625 0.4844695 0.4081436 0.6080369 0.2104333 0.5244169 0.2498393 0.672788 0.2074168 0.6755534 0.2074168 0.6755534 0.1751967 0.5460446 0.2104333 0.5244169 0.2104333 0.5244169 0.1589481 0.4216145 0.1939943 0.3797895 0.1939943 0.3797895 0.2522982 0.5157563 0.2104333 0.5244169 0.08117717 0.6729562 0.03155463 0.6136603 0.05826485 0.6196122 0.03155463 0.6136603 0.06573277 0.5536175 0.05826485 0.6196122 0.05826485 0.6196122 0.07784026 0.5830845 0.07680737 0.619634 0.05826485 0.6196122 0.08531743 0.6491277 0.08117717 0.6729562 0.1255002 0.7292497 0.1675478 0.8138298 0.1283265 0.8246014 0.1283265 0.8246014 0.1686255 0.9079229 0.129581 0.9172201 0.129581 0.9172201 0.08037775 0.8292236 0.1283265 0.8246014 0.08037775 0.8292236 0.1255002 0.7292497 0.1283265 0.8246014 0.2011896 0.804921 0.2411391 0.889419 0.2012016 0.8976718 0.2012016 0.8976718 0.1675478 0.8138298 0.2011896 0.804921 0.2011896 0.804921 0.1696954 0.6840726 0.2074168 0.6755534 0.2074168 0.6755534 0.2434776 0.7991529 0.2011896 0.804921 0.4046818 0.8332366 0.3596266 0.9071465 0.3648731 0.8197745 0.3648731 0.8197745 0.3290455 0.8923898 0.3360854 0.8050851 0.3360854 0.8050851 0.3675193 0.7048727 0.3648731 0.8197745 0.3648731 0.8197745 0.4074879 0.7187028 0.4046818 0.8332366 0.2522982 0.5157563 0.2951574 0.3734352 0.3062478 0.5269972 0.3062478 0.5269972 0.3503952 0.4062628 0.3511221 0.5523517 0.3511221 0.5523517 0.3006075 0.6763859 0.3062478 0.5269972 0.3062478 0.5269972 0.2498393 0.672788 0.2522982 0.5157563 0.09743517 0.6163668 0.1218078 0.6343564 0.1015941 0.6486386 0.1015941 0.6486386 0.07680737 0.619634 0.09743517 0.6163668 0.09743517 0.6163668 0.07784026 0.5830845 0.09690266 0.5743644 0.09690266 0.5743644 0.1212929 0.6031923 0.09743517 0.6163668 0.1132681 0.6800346 0.1696954 0.6840726 0.1255002 0.7292497 0.1132681 0.6800346 0.07675492 0.7182129 0.08117717 0.6729562 0.08117717 0.6729562 0.1015941 0.6486386 0.1132681 0.6800346 0.1015941 0.6486386 0.1417835 0.6435281 0.1132681 0.6800346 0.1378074 0.520377 0.1751967 0.5460446 0.1472232 0.574679 0.1751967 0.5460446 0.1417835 0.6435281 0.1472232 0.574679 0.1417835 0.6435281 0.1212929 0.6031923 0.1472232 0.574679 0.1472232 0.574679 0.1188438 0.5642652 0.1378074 0.520377 0.1019815 0.5153982 0.03624927 0.4803115 0.0990433 0.427089 0.0990433 0.427089 0.1378074 0.520377 0.1019815 0.5153982 0.1019815 0.5153982 0.1188438 0.5642652 0.09690266 0.5743644 0.09690266 0.5743644 0.06573277 0.5536175 0.1019815 0.5153982 0.6715533 0.3340022 0.7041866 0.2316671 0.701081 0.3361662 0.701081 0.3361662 0.7404378 0.2341124 0.7278094 0.3417667 0.7278094 0.3417667 0.7014629 0.4643177 0.701081 0.3361662 0.701081 0.3361662 0.6766431 0.4621553 0.6715533 0.3340022 0.620844 0.3502689 0.5742918 0.2449367 0.5972206 0.2346405 0.5972206 0.2346405 0.6377604 0.3440863 0.620844 0.3502689 0.620844 0.3502689 0.6424412 0.472168 0.6260409 0.4779082 0.6260409 0.4779082 0.5999749 0.3554505 0.620844 0.3502689 0.7430189 0.3465296 0.7404378 0.2341124 0.7608711 0.2363281 0.7608711 0.2363281 0.7668556 0.352308 0.7430189 0.3465296 0.7668556 0.352308 0.7399145 0.4739862 0.7430189 0.3465296 0.7430189 0.3465296 0.7238467 0.4690806 0.7278094 0.3417667 0.6377604 0.3440863 0.645599 0.2289061 0.6546412 0.3376143 0.6546412 0.3376143 0.6662569 0.2309393 0.6715533 0.3340022 0.6546412 0.3376143 0.6766431 0.4621553 0.6589602 0.4657628 0.6589602 0.4657628 0.6377604 0.3440863 0.6546412 0.3376143 0.5453552 0.7993383 0.5269119 0.8918566 0.5131746 0.7956759 0.5131746 0.7956759 0.4935162 0.8899571 0.4821164 0.7932996 0.4821164 0.7932996 0.4940445 0.709323 0.5131746 0.7956759 0.5131746 0.7956759 0.5255273 0.7158263 0.5453552 0.7993383 0.5681737 0.7966219 0.6149278 0.8760187 0.5858496 0.8901782 0.5681737 0.7966219 0.5611967 0.8935667 0.5453552 0.7993383 0.5453552 0.7993383 0.5490895 0.7162877 0.5681737 0.7966219 0.5490895 0.7162877 0.5894689 0.7891652 0.5681737 0.7966219 0.6460824 0.7613682 0.6379989 0.8384655 0.6189589 0.7768161 0.6379989 0.8384655 0.5894689 0.7891652 0.6189589 0.7768161 0.6189589 0.7768161 0.5715025 0.7104325 0.5960743 0.6992135 0.5960743 0.6992135 0.6460824 0.7613682 0.6189589 0.7768161 0.4568911 0.7991718 0.4935162 0.8899571 0.4613055 0.8942901 0.4613055 0.8942901 0.4317248 0.808066 0.4568911 0.7991718 0.4568911 0.7991718 0.4237782 0.7272051 0.4443796 0.7142755 0.4443796 0.7142755 0.4821164 0.7932996 0.4568911 0.7991718 0.225498 0.05914324 0.2642284 0.009849965 0.2733573 0.06514334 0.2733573 0.06514334 0.3250886 0.00323379 0.322167 0.07317388 0.322167 0.07317388 0.2763792 0.1226348 0.2733573 0.06514334 0.2733573 0.06514334 0.2256785 0.1160501 0.225498 0.05914324 0.4021119 0.2994306 0.3767842 0.4442837 0.3656794 0.2836536 0.3656794 0.2836536 0.3503952 0.4062628 0.3359305 0.2565031 0.3359305 0.2565031 0.3600465 0.1466163 0.3656794 0.2836536 0.3656794 0.2836536 0.3987416 0.153454 0.4021119 0.2994306 0.1843691 0.2418404 0.2336014 0.3615316 0.1939943 0.3797895 0.1939943 0.3797895 0.1485006 0.2656778 0.1843691 0.2418404 0.1843691 0.2418404 0.1379972 0.1369543 0.1803545 0.1249079 0.1803545 0.1249079 0.2238108 0.2246708 0.1843691 0.2418404 0.09316664 0.2835941 0.1589481 0.4216145 0.0990433 0.427089 0.0990433 0.427089 0.03533488 0.2908552 0.09316664 0.2835941 0.03533488 0.2908552 0.08789932 0.1434898 0.09316664 0.2835941 0.08789932 0.1434898 0.1485006 0.2656778 0.09316664 0.2835941 0.2832065 0.9323514 0.2406368 0.9335462 0.2411391 0.889419 0.2879285 0.8880323 0.3290455 0.8923898 0.32145 0.9361708 0.7029815 0.880436 0.7316942 0.9024395 0.719062 0.9054142 0.6947068 0.8871724 0.6632329 0.8767473 0.6647127 0.868043 0.9319683 0.9242281 0.9093695 0.9130628 0.916152 0.8977036 0.9319683 0.9242281 0.9410207 0.9094494 0.9657057 0.9266375 0.9319683 0.9242281 0.9550393 0.9415686 0.9416026 0.9551858 0.9319683 0.9242281 0.9198467 0.9444133 0.9022465 0.930792 0.131496 0.06994545 0.1379972 0.1369543 0.08789932 0.1434898 0.07679122 0.07172733 0.08789932 0.1434898 0.03496158 0.1477833 0.02195513 0.07462918 0 0.001865923 0.0728814 0.01452898 0.07679122 0.07172733 0.0728814 0.01452898 0.1299651 0.01521754 0.1772902 0.06374943 0.225498 0.05914324 0.2256785 0.1160501 0.1803545 0.1249079 0.1379972 0.1369543 0.131496 0.06994545 0.1772902 0.06374943 0.131496 0.06994545 0.1299651 0.01521754 0.1772902 0.06374943 0.1748532 0.01015394 0.2201328 0.006548583 0.3672133 0.07456713 0.4089072 0.07780128 0.3987416 0.153454 0.3672133 0.07456713 0.3600465 0.1466163 0.3242516 0.1362647 0.3672133 0.07456713 0.322167 0.07317388 0.3250886 0.00323379 0.3794404 0.008636295 0.427803 0.003868639 0.4089072 0.07780128 0.4645361 0.5247317 0.4587491 0.4949109 0.4719622 0.4988659 0.4786425 0.527688 0.4933618 0.5798268 0.4714114 0.5688535 0.4645361 0.5247317 0.4714114 0.5688535 0.4501683 0.5606876 0.4645361 0.5247317 0.4504455 0.5245063 0.4475894 0.5069187 0.7723523 0.7909861 0.8194558 0.7924803 0.8068711 0.8881071 0.7723523 0.7909861 0.749933 0.8850362 0.6788616 0.8660873 0.7180743 0.7687514 0.7575761 0.675031 0.7967595 0.6857028 0.7967595 0.6857028 0.8298955 0.6841689 0.8194558 0.7924803 0.9783927 0.7790534 1 0.8946226 0.9399395 0.8946747 0.9329479 0.793208 0.9399395 0.8946747 0.8972491 0.8860552 0.8995356 0.7902832 0.8988032 0.6818818 0.9238407 0.6802845 0.9238407 0.6802845 0.9552895 0.6723233 0.9783927 0.7790534 0.8596898 0.7909868 0.8995356 0.7902832 0.8972491 0.8860552 0.8519639 0.885797 0.8068711 0.8881071 0.8194558 0.7924803 0.8596898 0.7909868 0.8194558 0.7924803 0.8298955 0.6841689 0.8640578 0.6828944 0.8988032 0.6818818 0.8995356 0.7902832 0.5151281 0.5193622 0.5355452 0.5772422 0.5152124 0.5819517 0.4971424 0.522805 0.5152124 0.5819517 0.4933618 0.5798268 0.4971424 0.522805 0.4786425 0.527688 0.4719622 0.4988659 0.4971424 0.522805 0.4821836 0.4826236 0.5020247 0.491856 0.5290403 0.5172904 0.5431542 0.5117169 0.5634745 0.5499727 0.5492573 0.5672231 0.5355452 0.5772422 0.5151281 0.5193622 0.5290403 0.5172904 0.5151281 0.5193622 0.5020247 0.491856 0.5290403 0.5172904 0.5101374 0.4846365 0.5275371 0.4913717 0.4358972 0.5321534 0.4504455 0.5245063 0.4501683 0.5606876 0.4382759 0.5699364 0.422926 0.5842608 0.4211792 0.5402858 0.4358972 0.5321534 0.4211792 0.5402858 0.4226477 0.5147297 0.4358972 0.5321534 0.4336438 0.5079543 0.4475894 0.5069187 0.5271206 0.1257647 0.4647999 0.02741247 0.5117465 0 0.5647177 0.1194561 0.619882 0.228954 0.5972206 0.2346405 0.5972206 0.2346405 0.5742918 0.2449367 0.505506 0.1512746 0.5271206 0.1257647 0.505506 0.1512746 0.4264883 0.05730175 0.6201999 0.1387882 0.6112709 0.05894142 0.6962612 0.1032038 0.6707597 0.1544322 0.6662569 0.2309393 0.645599 0.2289061 0.6201999 0.1387882 0.645599 0.2289061 0.619882 0.228954 0.5647177 0.1194561 0.5117465 0 0.6112709 0.05894142 0.8122207 0.1650465 0.7591868 0.1641909 0.7532506 0.1154444 0.8413457 0.09676367 0.9442812 0.07204389 0.8632062 0.1647613 0.8122207 0.1650465 0.8632062 0.1647613 0.7884381 0.2440233 0.7608711 0.2363281 0.7404378 0.2341124 0.7591868 0.1641909 0.6644139 0.6043859 0.6479642 0.6114124 0.6424412 0.472168 0.6589602 0.4657628 0.6766431 0.4621553 0.6823784 0.5987299 0.6644139 0.6043859 0.6823784 0.5987299 0.6862092 0.6800465 0.6644139 0.6043859 0.6735748 0.7128822 0.6579138 0.6901339 0.710166 0.1654102 0.6707597 0.1544322 0.6962612 0.1032038 0.710166 0.1654102 0.7220498 0.1145381 0.7532506 0.1154444 0.710166 0.1654102 0.7591868 0.1641909 0.7404378 0.2341124 0.710166 0.1654102 0.7041866 0.2316671 0.6662569 0.2309393 0.7229847 0.6015001 0.7238467 0.4690806 0.7399145 0.4739862 0.7396088 0.6079537 0.7399145 0.4739862 0.7611905 0.4777795 0.7396088 0.6079537 0.7589306 0.6143926 0.7451969 0.6926342 0.7396088 0.6079537 0.7267957 0.7143498 0.7169833 0.6809782 0.6128435 0.6182439 0.6061535 0.4814341 0.6260409 0.4779082 0.6260409 0.4779082 0.6424412 0.472168 0.6479642 0.6114124 0.6316911 0.6163823 0.6479642 0.6114124 0.6579138 0.6901339 0.6316911 0.6163823 0.6500784 0.7215512 0.6304001 0.6953778 0.6823784 0.5987299 0.6766431 0.4621553 0.7014629 0.4643177 0.703683 0.5985897 0.7014629 0.4643177 0.7238467 0.4690806 0.703683 0.5985897 0.7229847 0.6015001 0.7169833 0.6809782 0.703683 0.5985897 0.7020568 0.7069343 0.6862092 0.6800465 0.4378831 0.6349472 0.4517534 0.6250168 0.4637962 0.7054437 0.4443796 0.7142755 0.4237782 0.7272051 0.4209567 0.6497753 0.4378831 0.6349472 0.4209567 0.6497753 0.422926 0.5842608 0.4382759 0.5699364 0.4501683 0.5606876 0.4517534 0.6250168 0.5726842 0.6295019 0.5903195 0.6103603 0.6191079 0.683097 0.5960743 0.6992135 0.5715025 0.7104325 0.5528981 0.6412405 0.5726842 0.6295019 0.5528981 0.6412405 0.5355452 0.5772422 0.5492573 0.5672231 0.5634745 0.5499727 0.5903195 0.6103603 0.5528981 0.6412405 0.5715025 0.7104325 0.5490895 0.7162877 0.5309137 0.6450862 0.5490895 0.7162877 0.5255273 0.7158263 0.5079737 0.6414535 0.4933618 0.5798268 0.5152124 0.5819517 0.5309137 0.6450862 0.5152124 0.5819517 0.5355452 0.5772422 0.5079737 0.6414535 0.5255273 0.7158263 0.4940445 0.709323 0.4794042 0.6314877 0.4940445 0.709323 0.4637962 0.7054437 0.4517534 0.6250168 0.4501683 0.5606876 0.4714114 0.5688535 0.4794042 0.6314877 0.4714114 0.5688535 0.4933618 0.5798268 0.7128822 0.9631287 0.7063821 0.9571302 0.7215499 0.9317542 0.7215499 0.9317542 0.719062 0.9054142 0.7316942 0.9024395 0.32145 0.9361708 0.3290455 0.8923898 0.3596266 0.9071465 0.3527981 0.9471733 0.3596266 0.9071465 0.3967356 0.9244418 0.6647127 0.868043 0.6632329 0.8767473 0.633821 0.8801336 0.6290858 0.8726133 0.633821 0.8801336 0.6129999 0.8965271 0.2030246 0.9407112 0.1703751 0.9488027 0.1686255 0.9079229 0.2012016 0.8976718 0.2411391 0.889419 0.2406368 0.9335462 0.6064037 0.9280171 0.6045191 0.8919177 0.6129999 0.8965271 0.6064037 0.9280171 0.6142997 0.9269223 0.6308953 0.9556464 0.09177637 0.9586315 0.08354848 0.9199724 0.129581 0.9172201 0.129581 0.9172201 0.1686255 0.9079229 0.1703751 0.9488027 0.2434776 0.7991529 0.2498393 0.672788 0.3006075 0.6763859 0.293637 0.7989349 0.3006075 0.6763859 0.3426192 0.6872986 0.3360854 0.8050851 0.3290455 0.8923898 0.2879285 0.8880323 0.2879285 0.8880323 0.2411391 0.889419 0.2434776 0.7991529 0.8808459 0.9096727 0.8495929 0.9076706 0.8504627 0.8908772 0.8846777 0.8930307 0.916152 0.8977036 0.9093695 0.9130628 0.8808459 0.9096727 0.9093695 0.9130628 0.9022465 0.930792 0.8808459 0.9096727 0.8766422 0.9320495 0.8503265 0.9257007 0.7433512 0.9419806 0.7336403 0.9266958 0.7627792 0.9101784 0.771617 0.9259909 0.7627792 0.9101784 0.7915648 0.8973864 0.771617 0.9259909 0.7977828 0.9138974 0.8029743 0.9317644 0.771617 0.9259909 0.7826367 0.946059 0.7571072 0.9551858 0.7977828 0.9138974 0.7915648 0.8973864 0.8193783 0.8923815 0.8193783 0.8923815 0.8504627 0.8908772 0.8495929 0.9076706 0.8220916 0.910196 0.8495929 0.9076706 0.8503265 0.9257007 0.8220916 0.910196 0.8260587 0.9323937 0.8029743 0.9317644 0.2238108 0.2246708 0.2256785 0.1160501 0.2763792 0.1226348 0.281716 0.2327002 0.2763792 0.1226348 0.3242516 0.1362647 0.3359305 0.2565031 0.3503952 0.4062628 0.2951574 0.3734352 0.281716 0.2327002 0.2951574 0.3734352 0.2336014 0.3615316 0.4081436 0.6080369 0.4074879 0.7187028 0.3675193 0.7048727 0.3750686 0.5820087 0.3675193 0.7048727 0.3426192 0.6872986 0.3511221 0.5523517 0.3503952 0.4062628 0.3767842 0.4442837 0.3750686 0.5820087 0.3767842 0.4442837 0.4210625 0.4844695 0.2104333 0.5244169 0.2522982 0.5157563 0.2498393 0.672788 0.2074168 0.6755534 0.1696954 0.6840726 0.1751967 0.5460446 0.2104333 0.5244169 0.1751967 0.5460446 0.1589481 0.4216145 0.1939943 0.3797895 0.2336014 0.3615316 0.2522982 0.5157563 0.08117717 0.6729562 0.07675492 0.7182129 0.03155463 0.6136603 0.03155463 0.6136603 0.03624927 0.4803115 0.06573277 0.5536175 0.05826485 0.6196122 0.06573277 0.5536175 0.07784026 0.5830845 0.05826485 0.6196122 0.07680737 0.619634 0.08531743 0.6491277 0.1255002 0.7292497 0.1696954 0.6840726 0.1675478 0.8138298 0.1283265 0.8246014 0.1675478 0.8138298 0.1686255 0.9079229 0.129581 0.9172201 0.08354848 0.9199724 0.08037775 0.8292236 0.08037775 0.8292236 0.07675492 0.7182129 0.1255002 0.7292497 0.2011896 0.804921 0.2434776 0.7991529 0.2411391 0.889419 0.2012016 0.8976718 0.1686255 0.9079229 0.1675478 0.8138298 0.2011896 0.804921 0.1675478 0.8138298 0.1696954 0.6840726 0.2074168 0.6755534 0.2498393 0.672788 0.2434776 0.7991529 0.4046818 0.8332366 0.3967356 0.9244418 0.3596266 0.9071465 0.3648731 0.8197745 0.3596266 0.9071465 0.3290455 0.8923898 0.3360854 0.8050851 0.3426192 0.6872986 0.3675193 0.7048727 0.3648731 0.8197745 0.3675193 0.7048727 0.4074879 0.7187028 0.2522982 0.5157563 0.2336014 0.3615316 0.2951574 0.3734352 0.3062478 0.5269972 0.2951574 0.3734352 0.3503952 0.4062628 0.3511221 0.5523517 0.3426192 0.6872986 0.3006075 0.6763859 0.3062478 0.5269972 0.3006075 0.6763859 0.2498393 0.672788 0.09743517 0.6163668 0.1212929 0.6031923 0.1218078 0.6343564 0.1015941 0.6486386 0.08531743 0.6491277 0.07680737 0.619634 0.09743517 0.6163668 0.07680737 0.619634 0.07784026 0.5830845 0.09690266 0.5743644 0.1188438 0.5642652 0.1212929 0.6031923 0.1132681 0.6800346 0.1417835 0.6435281 0.1696954 0.6840726 0.1132681 0.6800346 0.1255002 0.7292497 0.07675492 0.7182129 0.08117717 0.6729562 0.08531743 0.6491277 0.1015941 0.6486386 0.1015941 0.6486386 0.1218078 0.6343564 0.1417835 0.6435281 0.1378074 0.520377 0.1589481 0.4216145 0.1751967 0.5460446 0.1751967 0.5460446 0.1696954 0.6840726 0.1417835 0.6435281 0.1417835 0.6435281 0.1218078 0.6343564 0.1212929 0.6031923 0.1472232 0.574679 0.1212929 0.6031923 0.1188438 0.5642652 0.1019815 0.5153982 0.06573277 0.5536175 0.03624927 0.4803115 0.0990433 0.427089 0.1589481 0.4216145 0.1378074 0.520377 0.1019815 0.5153982 0.1378074 0.520377 0.1188438 0.5642652 0.09690266 0.5743644 0.07784026 0.5830845 0.06573277 0.5536175 0.6715533 0.3340022 0.6662569 0.2309393 0.7041866 0.2316671 0.701081 0.3361662 0.7041866 0.2316671 0.7404378 0.2341124 0.7278094 0.3417667 0.7238467 0.4690806 0.7014629 0.4643177 0.701081 0.3361662 0.7014629 0.4643177 0.6766431 0.4621553 0.620844 0.3502689 0.5999749 0.3554505 0.5742918 0.2449367 0.5972206 0.2346405 0.619882 0.228954 0.6377604 0.3440863 0.620844 0.3502689 0.6377604 0.3440863 0.6424412 0.472168 0.6260409 0.4779082 0.6061535 0.4814341 0.5999749 0.3554505 0.7430189 0.3465296 0.7278094 0.3417667 0.7404378 0.2341124 0.7608711 0.2363281 0.7884381 0.2440233 0.7668556 0.352308 0.7668556 0.352308 0.7611905 0.4777795 0.7399145 0.4739862 0.7430189 0.3465296 0.7399145 0.4739862 0.7238467 0.4690806 0.6377604 0.3440863 0.619882 0.228954 0.645599 0.2289061 0.6546412 0.3376143 0.645599 0.2289061 0.6662569 0.2309393 0.6546412 0.3376143 0.6715533 0.3340022 0.6766431 0.4621553 0.6589602 0.4657628 0.6424412 0.472168 0.6377604 0.3440863 0.5453552 0.7993383 0.5611967 0.8935667 0.5269119 0.8918566 0.5131746 0.7956759 0.5269119 0.8918566 0.4935162 0.8899571 0.4821164 0.7932996 0.4637962 0.7054437 0.4940445 0.709323 0.5131746 0.7956759 0.4940445 0.709323 0.5255273 0.7158263 0.5681737 0.7966219 0.5894689 0.7891652 0.6149278 0.8760187 0.5681737 0.7966219 0.5858496 0.8901782 0.5611967 0.8935667 0.5453552 0.7993383 0.5255273 0.7158263 0.5490895 0.7162877 0.5490895 0.7162877 0.5715025 0.7104325 0.5894689 0.7891652 0.6460824 0.7613682 0.6876088 0.8388919 0.6379989 0.8384655 0.6379989 0.8384655 0.6149278 0.8760187 0.5894689 0.7891652 0.6189589 0.7768161 0.5894689 0.7891652 0.5715025 0.7104325 0.5960743 0.6992135 0.6191079 0.683097 0.6460824 0.7613682 0.4568911 0.7991718 0.4821164 0.7932996 0.4935162 0.8899571 0.4613055 0.8942901 0.4206191 0.8954162 0.4317248 0.808066 0.4568911 0.7991718 0.4317248 0.808066 0.4237782 0.7272051 0.4443796 0.7142755 0.4637962 0.7054437 0.4821164 0.7932996 0.225498 0.05914324 0.2201328 0.006548583 0.2642284 0.009849965 0.2733573 0.06514334 0.2642284 0.009849965 0.3250886 0.00323379 0.322167 0.07317388 0.3242516 0.1362647 0.2763792 0.1226348 0.2733573 0.06514334 0.2763792 0.1226348 0.2256785 0.1160501 0.4021119 0.2994306 0.4210625 0.4844695 0.3767842 0.4442837 0.3656794 0.2836536 0.3767842 0.4442837 0.3503952 0.4062628 0.3359305 0.2565031 0.3242516 0.1362647 0.3600465 0.1466163 0.3656794 0.2836536 0.3600465 0.1466163 0.3987416 0.153454 0.1843691 0.2418404 0.2238108 0.2246708 0.2336014 0.3615316 0.1939943 0.3797895 0.1589481 0.4216145 0.1485006 0.2656778 0.1843691 0.2418404 0.1485006 0.2656778 0.1379972 0.1369543 0.1803545 0.1249079 0.2256785 0.1160501 0.2238108 0.2246708 0.09316664 0.2835941 0.1485006 0.2656778 0.1589481 0.4216145 0.0990433 0.427089 0.03624927 0.4803115 0.03533488 0.2908552 0.03533488 0.2908552 0.03496158 0.1477833 0.08789932 0.1434898 0.08789932 0.1434898 0.1379972 0.1369543 0.1485006 0.2656778 0.04130488 0.8564001 0.05717831 0.8367851 0.05792099 0.8572738 0.05717831 0.8367851 0.07444697 0.8498251 0.05792099 0.8572738 0.05792099 0.8572738 0.07832741 0.861128 0.05832773 0.8690582 0.05832773 0.8690582 0.04130488 0.8564001 0.05792099 0.8572738 0.02713763 0.7192221 0.05220705 0.7443141 0.02458268 0.7424581 0.05220705 0.7443141 0.0297091 0.7654659 0.02458268 0.7424581 0.0297091 0.7654659 0.00450468 0.7410237 0.02458268 0.7424581 0.00450468 0.7410237 0.02713763 0.7192221 0.02458268 0.7424581 0.04115808 0.8019896 0.02542346 0.7762402 0.0518586 0.7759827 0.04115808 0.8019896 0.07356798 0.788089 0.0732522 0.809681 0.04115808 0.8019896 0.05815666 0.8284556 0.03118944 0.8284556 0.04115808 0.8019896 0.01001185 0.8167444 0.009781777 0.7947503 0.04130488 0.8564001 0.04312855 0.8409531 0.05717831 0.8367851 0.05717831 0.8367851 0.06889647 0.8326045 0.07444697 0.8498251 0.05792099 0.8572738 0.07444697 0.8498251 0.07832741 0.861128 0.05832773 0.8690582 0.03912729 0.8690582 0.04130488 0.8564001 0.02713763 0.7192221 0.06893098 0.7120527 0.05220705 0.7443141 0.05220705 0.7443141 0.07045084 0.7744842 0.0297091 0.7654659 0.0297091 0.7654659 0 0.7798565 0.00450468 0.7410237 0.00450468 0.7410237 0 0.7022634 0.02713763 0.7192221 0.04115808 0.8019896 0.009781777 0.7947503 0.02542346 0.7762402 0.04115808 0.8019896 0.0518586 0.7759827 0.07356798 0.788089 0.04115808 0.8019896 0.0732522 0.809681 0.05815666 0.8284556 0.04115808 0.8019896 0.03118944 0.8284556 0.01001185 0.8167444</float_array>
          <technique_common>
            <accessor source="#Mesh_005-mesh-map-array" count="1392" stride="2">
              <param name="S" type="float"/>
              <param name="T" type="float"/>
            </accessor>
          </technique_common>
        </source>
        <vertices id="Mesh_005-mesh-vertices">
          <input semantic="POSITION" source="#Mesh_005-mesh-positions"/>
        </vertices>
        <triangles material="Bark7_001-material" count="440">
          <input semantic="VERTEX" source="#Mesh_005-mesh-vertices" offset="0"/>
          <input semantic="NORMAL" source="#Mesh_005-mesh-normals" offset="1"/>
          <input semantic="TEXCOORD" source="#Mesh_005-mesh-map" offset="2" set="0"/>
          <p>0 0 0 202 1 1 117 2 2 117 3 3 60 4 4 0 5 5 0 6 6 177 7 7 61 8 8 61 9 9 110 10 10 0 11 11 1 12 12 177 13 13 63 14 14 1 15 15 181 16 16 122 17 17 1 18 18 209 19 19 120 20 20 1 21 21 206 22 22 123 23 23 169 24 24 173 25 25 2 26 26 2 27 27 231 28 28 66 29 29 66 30 30 67 31 31 2 32 32 2 33 33 178 34 34 169 35 35 3 36 36 230 37 37 172 38 38 172 39 39 169 40 40 3 41 41 3 42 42 178 43 43 68 44 44 3 45 45 174 46 46 58 47 47 4 48 48 231 49 49 171 50 50 4 51 51 232 52 52 168 53 53 4 54 54 175 55 55 69 56 56 69 57 57 66 58 58 4 59 59 5 60 60 186 61 61 103 62 62 103 63 63 109 64 64 5 65 65 5 66 66 198 67 67 82 68 68 5 69 69 189 70 70 80 71 71 6 72 72 178 73 73 67 74 74 6 75 75 179 76 76 75 77 77 75 78 78 71 79 79 6 80 80 71 81 81 76 82 82 6 83 83 74 84 84 59 85 85 7 86 86 7 87 87 174 88 88 77 89 89 77 90 90 70 91 91 7 92 92 70 93 93 74 94 94 7 95 95 8 96 96 174 97 97 68 98 98 68 44 99 76 99 100 8 100 101 8 101 102 185 102 103 72 103 104 72 104 105 77 105 106 8 106 107 104 107 108 108 108 109 10 109 110 10 110 111 199 111 112 103 112 113 10 113 114 186 114 115 78 115 116 10 116 117 187 117 118 104 118 119 11 119 120 201 119 121 107 119 122 107 120 123 104 121 124 11 122 125 11 123 126 187 124 127 81 125 128 11 126 129 188 127 130 105 128 131 12 129 132 198 130 133 106 131 134 106 132 135 105 133 136 12 134 137 12 135 138 188 136 139 79 137 140 12 138 141 189 139 142 82 140 143 13 141 144 175 142 145 87 143 146 87 144 147 86 145 148 13 146 149 86 147 150 88 148 151 13 149 152 13 150 153 179 151 154 69 152 155 14 153 156 183 154 157 91 155 158 91 156 159 89 157 160 14 158 161 14 159 162 191 160 163 87 161 164 87 162 165 74 163 166 14 164 167 15 165 168 184 166 169 75 167 170 75 168 171 88 169 172 15 170 173 15 171 174 190 172 175 92 173 176 92 174 177 90 175 178 15 176 179 16 177 180 223 178 181 157 179 182 157 180 183 98 181 184 16 182 185 16 183 186 196 184 187 95 185 188 16 186 189 195 187 190 151 188 191 17 189 192 183 190 193 73 191 194 17 192 195 184 193 196 90 194 197 17 195 198 193 196 199 93 197 200 17 198 201 192 199 202 91 200 203 153 201 204 156 202 205 19 203 206 19 204 207 224 205 208 100 206 209 19 207 210 194 208 211 96 209 212 19 210 213 197 211 214 153 212 215 100 213 216 155 214 217 20 215 218 155 216 219 151 217 220 20 218 221 20 219 222 195 220 223 94 221 224 20 222 225 194 223 226 100 224 227 98 225 228 154 226 229 21 227 230 21 228 231 225 229 232 153 230 233 21 231 234 197 232 235 97 233 236 21 234 237 196 235 238 98 236 239 22 237 240 229 238 241 165 239 242 165 240 243 160 241 244 22 242 245 22 243 246 201 244 247 106 245 248 106 246 249 102 247 250 22 248 251 23 249 252 228 250 253 164 251 254 164 252 255 159 253 256 23 254 257 23 255 258 200 256 259 107 257 260 107 258 261 160 259 262 23 260 263 159 261 264 163 262 265 24 263 266 24 264 267 226 265 268 158 266 269 158 267 270 108 268 271 24 269 272 24 270 273 200 271 274 159 272 275 158 273 276 162 274 277 25 275 278 25 276 279 229 277 280 102 278 281 102 279 282 109 280 283 25 281 284 25 282 285 199 283 286 158 284 287 113 285 288 63 286 289 26 287 290 63 288 291 60 289 292 26 290 293 60 291 294 114 292 295 26 293 296 26 294 297 205 295 298 113 296 299 110 297 300 62 298 301 27 299 302 27 300 303 180 301 304 65 302 305 27 303 306 204 304 307 115 305 308 115 306 309 110 307 310 27 308 311 28 309 312 180 310 313 64 311 314 28 312 315 181 313 316 113 314 317 113 315 318 116 316 319 28 317 320 116 318 321 65 319 322 28 320 323 136 321 324 141 322 325 29 323 326 29 324 327 214 325 328 111 326 329 111 327 330 117 328 331 29 329 332 117 330 333 136 331 334 29 332 335 31 333 336 176 334 337 61 335 338 61 336 339 123 336 340 31 336 341 31 337 342 206 338 343 118 339 344 31 340 345 207 341 346 124 342 347 122 343 348 64 344 349 32 345 350 32 346 351 180 347 352 125 348 353 32 349 354 208 350 355 121 351 356 32 352 357 209 353 358 122 354 359 125 355 360 62 356 361 33 357 362 62 358 363 124 359 364 33 360 365 33 361 366 207 362 367 119 363 368 33 364 369 208 365 370 125 366 371 166 367 372 170 368 373 34 369 374 34 370 375 232 371 376 128 372 377 128 373 378 130 374 379 34 375 380 34 376 381 210 377 382 166 378 383 127 379 384 140 380 385 35 381 386 35 382 387 214 383 388 134 384 389 134 385 390 131 386 391 35 387 392 35 388 393 211 389 394 127 390 395 36 391 396 216 392 397 139 393 398 139 394 399 135 395 400 36 396 401 36 397 402 213 398 403 132 399 404 132 400 405 126 401 406 36 402 407 147 403 408 127 404 409 37 405 410 127 406 411 146 407 412 37 408 413 37 409 414 219 410 415 142 411 416 37 412 417 218 413 418 147 414 419 138 415 420 112 416 421 38 417 422 38 418 423 204 419 424 116 420 425 116 421 426 137 422 427 38 423 428 137 424 429 138 425 430 38 426 431 39 427 432 202 428 433 115 429 434 115 430 435 112 431 436 39 432 437 39 433 438 215 434 439 139 435 440 139 436 441 136 437 442 39 438 443 137 439 444 114 440 445 40 441 446 40 442 447 203 443 448 111 444 449 111 445 450 140 446 451 40 447 452 40 448 453 217 449 454 137 450 455 126 451 456 130 452 457 41 453 458 41 454 459 212 455 460 134 456 461 134 457 462 141 458 463 41 459 464 41 460 465 216 461 466 126 462 467 42 463 468 221 464 469 145 465 470 145 466 471 142 467 472 42 468 473 42 469 474 219 470 475 143 471 476 143 472 477 144 473 478 42 474 479 43 475 480 215 476 481 138 477 482 43 478 483 217 479 484 147 480 485 147 481 486 145 482 487 43 483 488 145 484 489 148 485 490 43 486 491 149 487 492 135 487 493 44 487 494 135 488 495 148 489 496 44 490 497 148 491 498 144 492 499 44 493 500 44 494 501 220 495 502 149 496 503 45 497 504 211 498 505 133 499 506 133 500 507 149 501 508 45 502 509 45 503 510 220 504 511 143 505 512 143 506 513 146 507 514 45 508 515 150 509 516 93 510 517 46 511 518 46 512 519 193 513 520 101 514 521 101 515 522 154 516 523 46 517 524 46 518 525 222 519 526 150 520 527 47 521 528 190 522 529 86 523 530 86 524 531 99 525 532 47 526 533 47 527 534 223 528 535 155 529 536 155 530 537 152 531 538 47 521 539 48 532 540 193 533 541 92 534 542 92 535 543 152 536 544 48 537 545 152 538 546 156 539 547 48 540 548 48 541 549 225 542 550 101 543 551 99 544 552 89 545 553 49 546 554 49 547 555 192 548 556 150 549 557 49 550 558 222 551 559 157 552 560 157 553 561 99 554 562 49 555 563 83 556 564 72 557 565 50 558 566 50 559 567 185 560 568 161 561 569 161 562 570 162 563 571 50 564 572 50 565 573 226 566 574 83 567 575 51 568 576 183 569 577 70 570 578 51 571 579 182 572 580 83 573 581 83 574 582 163 575 583 51 576 584 163 577 585 84 578 586 51 579 587 85 580 588 73 581 589 52 582 590 73 583 591 84 584 592 52 585 593 52 586 594 227 587 595 164 588 596 164 589 597 85 590 598 52 591 599 53 592 600 185 593 601 71 594 602 71 595 603 85 596 604 53 597 605 53 598 606 228 599 607 165 600 608 165 601 609 161 602 610 53 603 611 58 604 612 59 605 613 54 606 614 54 607 615 175 608 616 168 609 617 168 610 618 170 611 619 54 612 620 54 613 621 230 614 622 58 615 623 167 616 624 131 617 625 55 618 626 55 619 627 212 620 628 128 621 629 128 622 630 171 623 631 55 624 632 55 625 633 231 626 634 167 627 635 56 628 636 210 629 637 132 630 638 132 631 639 129 632 640 56 633 641 56 634 642 233 635 643 172 636 644 172 637 645 166 638 646 56 639 647 57 640 648 213 641 649 133 642 650 133 643 651 167 644 652 57 645 653 167 646 654 173 647 655 57 648 656 173 649 657 129 650 658 57 651 659 0 652 660 110 653 661 202 654 662 117 655 663 203 656 664 60 657 665 0 6 666 60 658 667 177 7 668 61 9 669 176 659 670 110 10 671 1 660 672 123 661 673 177 662 674 1 15 675 63 663 676 181 16 677 1 18 678 122 664 679 209 19 680 1 21 681 120 665 682 206 22 683 169 666 684 233 667 685 173 668 686 2 27 687 173 669 688 231 28 689 66 30 690 179 670 691 67 31 692 2 671 693 67 672 694 178 673 695 3 36 696 58 674 697 230 37 698 172 675 699 233 676 700 169 677 701 3 42 702 169 678 703 178 43 704 3 45 705 68 679 706 174 46 707 4 48 708 66 680 709 231 49 710 4 51 711 171 681 712 232 52 713 4 54 714 168 682 715 175 55 716 69 57 717 179 683 718 66 58 719 5 60 720 80 684 721 186 61 722 103 63 723 199 685 724 109 64 725 5 66 726 109 686 727 198 67 728 5 69 729 82 687 730 189 70 731 6 72 732 76 688 733 178 73 734 6 75 735 67 689 736 179 76 737 75 78 738 184 690 739 71 79 740 71 81 741 185 691 742 76 82 743 74 84 744 175 692 745 59 85 746 7 87 747 59 693 748 174 88 749 77 90 750 182 694 751 70 91 752 70 93 753 183 695 754 74 94 755 8 96 756 77 696 757 174 97 758 68 44 759 178 43 760 76 99 761 8 101 762 76 697 763 185 102 764 72 104 765 182 698 766 77 105 767 104 107 768 200 699 769 108 108 770 10 110 771 108 700 772 199 111 773 10 113 774 103 701 775 186 114 776 10 116 777 78 702 778 187 117 779 11 703 780 105 703 781 201 704 782 107 705 783 200 706 784 104 707 785 11 123 786 104 708 787 187 124 788 11 709 789 81 710 790 188 711 791 12 129 792 82 712 793 198 130 794 106 713 795 201 714 796 105 715 797 12 135 798 105 716 799 188 136 800 12 138 801 79 717 802 189 139 803 13 141 804 69 718 805 175 142 806 87 144 807 191 719 808 86 145 809 86 147 810 190 720 811 88 148 812 13 150 813 88 721 814 179 151 815 14 153 816 74 722 817 183 154 818 91 156 819 192 723 820 89 157 821 14 159 822 89 724 823 191 160 824 87 162 825 175 725 826 74 163 827 15 165 828 90 726 829 184 166 830 75 168 831 179 727 832 88 169 833 15 171 834 88 728 835 190 172 836 92 174 837 193 729 838 90 175 839 16 177 840 151 730 841 223 178 842 157 180 843 222 731 844 98 181 845 16 183 846 98 732 847 196 184 848 16 186 849 95 733 850 195 187 851 17 189 852 91 734 853 183 190 854 17 192 855 73 735 856 184 193 857 17 195 858 90 736 859 193 196 860 17 198 861 93 737 862 192 199 863 153 201 864 225 738 865 156 202 866 19 204 867 156 739 868 224 205 869 19 207 870 100 740 871 194 208 872 19 210 873 96 741 874 197 211 875 100 213 876 224 742 877 155 214 878 155 216 879 223 743 880 151 217 881 20 219 882 151 744 883 195 220 884 20 222 885 94 745 886 194 223 887 98 225 888 222 746 889 154 226 890 21 228 891 154 747 892 225 229 893 21 231 894 153 748 895 197 232 896 21 234 897 97 749 898 196 235 899 22 237 900 102 750 901 229 238 902 165 240 903 228 751 904 160 241 905 22 243 906 160 752 907 201 244 908 106 246 909 198 753 910 102 247 911 23 249 912 160 754 913 228 250 914 164 755 915 227 756 916 159 757 917 23 255 918 159 758 919 200 256 920 107 258 921 201 759 922 160 259 923 159 760 924 227 761 925 163 761 926 24 264 927 163 762 928 226 265 929 158 267 930 199 763 931 108 268 932 24 764 933 108 765 934 200 766 935 158 767 936 226 768 937 162 769 938 25 770 939 162 771 940 229 772 941 102 279 942 198 773 943 109 280 944 25 774 945 109 775 946 199 776 947 113 285 948 181 777 949 63 286 950 63 288 951 177 778 952 60 289 953 60 291 954 203 779 955 114 292 956 26 294 957 114 780 958 205 295 959 110 297 960 176 781 961 62 298 962 27 300 963 62 782 964 180 301 965 27 303 966 65 783 967 204 304 968 115 306 969 202 784 970 110 307 971 28 309 972 65 785 973 180 310 974 28 786 975 64 787 976 181 788 977 113 789 978 205 790 979 116 791 980 116 792 981 204 793 982 65 794 983 136 321 984 216 795 985 141 322 986 29 796 987 141 797 988 214 798 989 111 799 990 203 800 991 117 801 992 117 802 993 202 803 994 136 804 995 31 805 996 124 806 997 176 807 998 61 808 999 177 808 1000 123 808 1001 31 337 1002 123 809 1003 206 338 1004 31 340 1005 118 810 1006 207 341 1007 122 811 1008 181 812 1009 64 813 1010 32 814 1011 64 815 1012 180 816 1013 32 349 1014 125 817 1015 208 350 1016 32 818 1017 121 819 1018 209 820 1019 125 355 1020 180 821 1021 62 356 1022 62 358 1023 176 822 1024 124 359 1025 33 361 1026 124 823 1027 207 362 1028 33 364 1029 119 824 1030 208 365 1031 166 367 1032 230 825 1033 170 368 1034 34 826 1035 170 827 1036 232 828 1037 128 373 1038 212 829 1039 130 374 1040 34 376 1041 130 830 1042 210 377 1043 127 379 1044 217 831 1045 140 380 1046 35 382 1047 140 832 1048 214 383 1049 134 385 1050 212 833 1051 131 386 1052 35 388 1053 131 834 1054 211 389 1055 36 391 1056 126 835 1057 216 392 1058 139 394 1059 215 836 1060 135 395 1061 36 837 1062 135 838 1063 213 839 1064 132 400 1065 210 840 1066 126 401 1067 147 403 1068 217 841 1069 127 404 1070 127 406 1071 211 842 1072 146 407 1073 37 409 1074 146 843 1075 219 410 1076 37 412 1077 142 844 1078 218 413 1079 138 415 1080 215 845 1081 112 416 1082 38 418 1083 112 846 1084 204 419 1085 116 421 1086 205 847 1087 137 422 1088 137 424 1089 217 848 1090 138 425 1091 39 427 1092 136 849 1093 202 428 1094 115 430 1095 204 850 1096 112 431 1097 39 433 1098 112 851 1099 215 434 1100 139 436 1101 216 852 1102 136 437 1103 137 439 1104 205 853 1105 114 440 1106 40 442 1107 114 854 1108 203 443 1109 111 445 1110 214 855 1111 140 446 1112 40 448 1113 140 856 1114 217 449 1115 126 451 1116 210 857 1117 130 452 1118 41 454 1119 130 858 1120 212 455 1121 134 457 1122 214 859 1123 141 458 1124 41 460 1125 141 860 1126 216 461 1127 42 861 1128 144 862 1129 221 863 1130 145 864 1131 218 865 1132 142 866 1133 42 469 1134 142 867 1135 219 470 1136 143 472 1137 220 868 1138 144 473 1139 43 475 1140 148 869 1141 215 476 1142 43 478 1143 138 870 1144 217 479 1145 147 481 1146 218 871 1147 145 482 1148 145 484 1149 221 872 1150 148 485 1151 149 873 1152 213 873 1153 135 873 1154 135 874 1155 215 875 1156 148 876 1157 148 877 1158 221 878 1159 144 879 1160 44 880 1161 144 881 1162 220 882 1163 45 497 1164 146 883 1165 211 498 1166 133 884 1167 213 885 1168 149 886 1169 45 503 1170 149 887 1171 220 504 1172 143 506 1173 219 888 1174 146 507 1175 150 509 1176 192 889 1177 93 510 1178 46 512 1179 93 890 1180 193 513 1181 101 515 1182 225 891 1183 154 516 1184 46 518 1185 154 892 1186 222 519 1187 47 521 1188 152 531 1189 190 522 1190 86 524 1191 191 893 1192 99 525 1193 47 527 1194 99 894 1195 223 528 1196 155 530 1197 224 895 1198 152 531 1199 48 532 1200 101 896 1201 193 533 1202 92 535 1203 190 897 1204 152 536 1205 152 538 1206 224 898 1207 156 539 1208 48 541 1209 156 899 1210 225 542 1211 99 544 1212 191 900 1213 89 545 1214 49 547 1215 89 901 1216 192 548 1217 49 550 1218 150 902 1219 222 551 1220 157 553 1221 223 903 1222 99 554 1223 83 904 1224 182 905 1225 72 906 1226 50 907 1227 72 908 1228 185 909 1229 161 910 1230 229 911 1231 162 912 1232 50 913 1233 162 914 1234 226 915 1235 51 568 1236 84 916 1237 183 569 1238 51 571 1239 70 917 1240 182 572 1241 83 574 1242 226 918 1243 163 575 1244 163 919 1245 227 920 1246 84 921 1247 85 580 1248 184 922 1249 73 581 1250 73 583 1251 183 923 1252 84 584 1253 52 924 1254 84 925 1255 227 926 1256 164 589 1257 228 927 1258 85 590 1259 53 928 1260 161 928 1261 185 929 1262 71 930 1263 184 931 1264 85 932 1265 53 598 1266 85 933 1267 228 599 1268 165 601 1269 229 934 1270 161 602 1271 58 604 1272 174 935 1273 59 605 1274 54 936 1275 59 937 1276 175 938 1277 168 939 1278 232 940 1279 170 941 1280 54 613 1281 170 942 1282 230 614 1283 167 616 1284 211 943 1285 131 617 1286 55 619 1287 131 944 1288 212 620 1289 128 622 1290 232 945 1291 171 623 1292 55 625 1293 171 946 1294 231 626 1295 56 628 1296 166 947 1297 210 629 1298 132 631 1299 213 948 1300 129 632 1301 56 634 1302 129 949 1303 233 635 1304 172 637 1305 230 950 1306 166 638 1307 57 640 1308 129 951 1309 213 641 1310 133 643 1311 211 952 1312 167 644 1313 167 646 1314 231 953 1315 173 647 1316 173 649 1317 233 954 1318 129 650 1319</p>
        </triangles>
        <triangles material="Bark_End_001-material" count="24">
          <input semantic="VERTEX" source="#Mesh_005-mesh-vertices" offset="0"/>
          <input semantic="NORMAL" source="#Mesh_005-mesh-normals" offset="1"/>
          <input semantic="TEXCOORD" source="#Mesh_005-mesh-map" offset="2" set="0"/>
          <p>80 955 1320 79 956 1321 9 957 1322 79 958 1323 81 959 1324 9 960 1325 9 961 1326 187 962 1327 78 963 1328 78 964 1329 80 965 1330 9 966 1331 95 967 1332 97 968 1333 18 969 1334 97 970 1335 96 971 1336 18 972 1337 96 973 1338 94 974 1339 18 975 1340 94 976 1341 95 977 1342 18 978 1343 30 979 1344 207 980 1345 118 981 1346 30 982 1347 206 983 1348 120 984 1349 30 985 1350 209 986 1351 121 987 1352 30 988 1353 208 989 1354 119 990 1355 80 955 1356 189 991 1357 79 956 1358 79 958 1359 188 992 1360 81 959 1361 9 961 1362 81 993 1363 187 962 1364 78 964 1365 186 994 1366 80 965 1367 95 967 1368 196 995 1369 97 968 1370 97 970 1371 197 996 1372 96 971 1373 96 973 1374 194 997 1375 94 974 1376 94 976 1377 195 998 1378 95 977 1379 30 979 1380 119 999 1381 207 980 1382 30 982 1383 118 1000 1384 206 983 1385 30 985 1386 120 1001 1387 209 986 1388 30 988 1389 121 1002 1390 208 989 1391</p>
        </triangles>
      </mesh>
    </geometry>
    <geometry id="Mesh_006-mesh" name="Mesh.006">
      <mesh>
        <source id="Mesh_006-mesh-positions">
          <float_array id="Mesh_006-mesh-positions-array" count="702">-4.901298 13.10076 -311.8712 9.336111 24.52472 -310.7656 21.89155 26.23525 -53.56409 1.111709 10.18523 -50.54986 1.965608 47.8581 -47.88995 15.8145 4.640368 299.3257 20.27973 22.41926 82.30048 -20.52826 22.72399 82.39997 -0.3377387 3.718627 81.68524 16.43844 18.64837 287.52 3.441456 18.79253 316.0828 15.8145 32.9447 299.3257 28.18754 18.79253 282.5684 0.08921056 57.46969 83.01532 -16.28454 53.6382 104.2434 14.8258 53.52769 104.2072 -15.13145 63.64162 217.2967 -1.547949 49.69618 125.4354 -14.46597 63.64163 238.8655 1.033958 63.64162 223.852 -7.048744 71.66416 220.5744 -7.048744 55.61909 220.5744 24.85168 20.8704 207.3829 6.821304 39.73994 218.2834 -11.20906 20.87039 229.1839 6.821304 2.00084 218.2834 9.621154 27.63994 -314.8063 11.05265 -2.308102 -310.2447 25.5751 12.23108 -313.1797 -5.818594 20.80305 -254.1642 9.827288 13.02452 -300.0987 -2.92724 11.7697 -308.9683 22.78045 12.57259 -308.7996 10.5171 -0.1824256 -307.0023 -18.81423 31.80808 -44.87579 6.016473 46.82343 -171.9449 6.359124 11.52461 -168.1334 27.90862 40.93033 -178.0084 27.06418 15.85487 -255.5911 11.45494 0.7390058 -250.8814 9.790653 35.91892 -258.874 -10.55232 33.66484 -165.7241 36.66504 32.78169 -175.892 39.91611 -0.5433565 -266.2273 31.68434 16.53455 -172.2378 28.84179 31.99323 -155.6028 47.19042 -0.02218061 -272.199 44.22953 5.263796 -271.154 52.52022 3.645347 -268.8091 48.2068 -2.161803 -263.8823 39.91073 7.157524 -223.3745 44.17519 18.71664 -225.2772 36.08632 21.43831 -234.1065 31.82187 9.879198 -232.2037 -0.5897353 56.66891 163.8594 -0.589734 72.71399 163.8594 10.7063 64.69145 165.6757 -11.88577 64.69145 162.0431 -16.25908 17.01579 -46.94897 -19.84453 24.95497 29.06336 -1.594562 24.22363 -313.745 -2.786829 11.69403 -314.0828 10.67381 -0.5790033 -312.2911 9.48387 24.31531 -316.0828 22.9445 12.04228 -314.2911 22.33636 1.110337 -311.3054 14.91067 41.09082 -51.47027 21.85114 23.18083 26.76685 0.6297284 5.227324 26.75128 1.376889 46.91974 29.0788 -18.45369 22.30064 140.6137 20.25426 22.22446 135.1385 0.8469175 3.397135 137.7099 0.5443653 43.19585 148.6475 -17.89669 39.85811 88.18653 17.55908 39.64378 88.11646 16.48253 8.29667 81.80738 -17.05127 8.56708 81.89557 9.10114 18.68441 300.5172 23.46377 18.68441 280.4255 16.28245 10.42898 290.4714 16.28245 26.93984 290.4714 25.09428 8.178409 286.7578 -6.701474 6.718227 226.4589 -6.701474 35.02256 226.4589 20.34408 35.02256 210.108 -0.8991047 69.42783 124.4364 -9.814021 56.56707 88.34027 9.583152 56.42894 88.29529 -14.63363 62.45304 129.2893 12.29087 50.65405 120.1284 -14.97748 50.68169 120.1374 12.42613 62.42541 130.1884 -1.308395 55.45064 135.0414 -12.61166 69.65854 234.2927 -18.23609 63.64163 232.0119 -6.987239 63.64163 236.5735 -12.61166 57.62473 234.2927 -13.54837 57.62472 217.9387 -7.160005 70.70836 162.6746 -1.424319 69.65853 222.8552 9.784046 58.67454 165.399 20.34408 6.718227 210.108 6.534718 8.17841 311.8933 6.534716 29.40665 311.8933 25.09428 29.40666 286.7578 29.14007 19.38408 267.1528 13.25423 37.07429 284.968 -2.631611 19.38408 302.783 13.25423 1.693872 284.968 -0.588932 1.760472 -310.3243 -1.865684 33.95633 -256.764 24.04461 3.860263 -251.8397 21.19474 23.56924 -314.7271 9.729552 32.25551 -298.5365 11.39819 -2.744003 -292.547 27.87931 13.41121 -296.5764 -6.751575 16.10031 -294.5071 -0.3725339 12.49184 -302.3621 10.32183 2.984468 -300.7982 9.382407 22.63788 -303.7918 20.07677 13.1305 -302.2279 19.12412 21.73741 -310.2319 -0.1566497 21.13524 -310.3585 0.7290909 2.604883 -307.536 20.00986 3.207051 -307.4094 -7.420428 18.73752 -165.9457 18.67794 42.53718 -176.1906 -11.19293 45.20718 -44.97455 18.69598 12.77289 -53.48584 -16.14696 36.85438 -117.2079 3.097943 50.94068 -123.1461 2.543182 13.86134 -124.1882 23.26656 29.77516 -125.4385 -5.31415 46.34676 -167.66 22.24212 11.09925 -170.7449 -1.550808 6.412728 -251.9213 21.86306 29.08652 -258.9859 27.06621 15.89867 -223.1562 10.13717 6.156641 -203.3697 8.865833 40.2387 -211.4623 -5.839717 26.79569 -206.1382 33.85537 38.7596 -177.7812 34.63527 32.96891 -165.3296 36.04043 24.77916 -173.6183 38.61653 28.88109 -193.7283 27.64516 41.30723 -160.7001 30.4498 33.44616 -203.7397 34.19887 13.54069 -192.8358 30.51576 21.04883 -160.2655 42.21556 -1.098786 -269.8378 51.67916 1.841012 -272.2197 45.44925 2.989885 -273.5969 48.44546 -2.247659 -268.4607 40.00926 2.228463 -268.7619 34.96778 4.859671 -227.3476 49.44411 6.442725 -271.7283 52.44527 -0.1992058 -265.2444 31.76428 17.10808 -235.3282 42.97398 -2.268 -264.3383 41.36446 22.19834 -230.2018 43.89759 13.02558 -222.0843 45.64001 0.7887911 -251.256 49.94256 8.300625 -255.3628 41.71422 10.25984 -259.7106 37.41167 2.748006 -255.604 -10.96351 58.67454 162.3197 -12.67317 69.65853 218.2936 5.980537 70.70836 165.0441 -0.5491153 57.62472 223.2101 -1.725381 55.88154 197.2502 -1.725379 71.92663 197.2502 7.598259 63.90409 200.3398 -11.04902 63.90409 194.1603 -17.29584 10.63683 27.91449 -12.53061 42.17986 39.54217 0.8673136 2.401926 -312.6869 -0.008138597 21.07319 -315.5308 18.74209 9.2381 26.17004 14.95807 41.24369 38.41229 20.18281 2.663645 -312.8431 19.27336 21.33385 -315.687 -14.0212 8.147292 139.8063 -15.90314 39.77212 135.6393 15.92673 39.73783 133.012 15.74172 8.079689 135.6965 10.21987 11.89844 300.9557 10.21987 25.52645 300.9557 22.10239 25.52645 284.5784 22.10239 11.89844 284.5784 6.765607 67.66341 126.0525 -8.666138 67.69795 125.4715 -13.83619 57.20123 133.332 11.32172 57.19432 134.0996 -7.068014 68.0986 232.3993 -15.27083 68.0986 229.0729 -15.65982 59.18466 228.9151 -6.679035 59.18466 232.5571 25.16861 6.116423 271.6068 1.339849 6.116422 298.3294 1.339849 32.65173 298.3294 25.16861 32.65173 271.6068 -1.956141 2.493186 -292.6639 -2.889288 29.03515 -296.8676 24.33535 0.768687 -293.9274 22.76555 26.726 -298.7079 2.130749 19.52676 -305.1352 2.81071 5.301442 -302.9684 17.61211 5.763711 -302.8713 16.93215 19.98904 -305.038 -13.2107 21.713 -119.3505 17.98978 44.8767 -135.6109 -9.599463 49.76907 -118.295 21.46077 14.93301 -136.5113 -1.636415 39.54195 -208.6295 26.43739 6.834147 -202.3397 -2.372413 12.2504 -204.2856 22.65178 31.60691 -213.3942 35.92313 33.28872 -198.7786 32.34753 38.49308 -167.3046 34.17496 25.98646 -165.9023 38.16383 21.77964 -190.9578 42.15114 1.308889 -271.0229 44.35853 -2.19227 -267.5822 49.14999 4.023059 -273.1131 51.37358 -0.4316415 -268.7566 37.46146 6.842535 -258.4063 40.49461 0.04163002 -252.7414 46.94844 11.30938 -258.9016 49.80398 3.903715 -251.8844 -9.740552 57.88718 194.6666 -7.695666 69.92099 195.199 4.244907 69.92099 199.3012 6.28979 57.88718 199.8336</float_array>
          <technique_common>
            <accessor source="#Mesh_006-mesh-positions-array" count="234" stride="3">
              <param name="X" type="float"/>
              <param name="Y" type="float"/>
              <param name="Z" type="float"/>
            </accessor>
          </technique_common>
        </source>
        <source id="Mesh_006-mesh-normals">
          <float_array id="Mesh_006-mesh-normals-array" count="2847">-0.9350131 -0.3510023 -0.05047589 -0.9367647 -0.3466772 -0.04782032 -0.9405167 -0.3371443 -0.04197949 -0.9547854 0.2585384 -0.1467747 -0.9546673 0.2591351 -0.1464909 -0.6864432 0.09007638 -0.721583 -0.6766881 0.07931679 -0.731985 -0.6893385 0.0933116 -0.7184048 -0.7733528 -0.3667677 -0.5171142 -0.7474543 -0.3732985 -0.5495092 -0.7778669 -0.3655243 -0.5111899 0.3288156 -0.9436019 0.03867691 0.3334596 -0.9423289 0.02865165 0.3252878 -0.944484 0.04623693 -0.2874344 -0.9569617 0.04007399 -0.2814112 -0.958123 0.05299115 -0.276524 -0.9589152 0.06337469 -0.3082625 -0.9011506 -0.304798 -0.280329 -0.8979371 -0.3393005 -0.3565375 -0.9024487 -0.2418001 0.3710483 -0.8774324 -0.3040322 0.3437881 -0.8761818 -0.3378095 0.2935911 -0.8698534 -0.3964335 0.9756721 -0.2189964 0.01022821 0.9883139 -0.14996 0.02734446 0.9729488 -0.2309073 0.007240653 0.9294294 0.3657265 0.04904496 0.9103252 0.4119747 0.03981184 0.9064512 0.4205926 0.03805583 0.9101503 0.4140403 0.01404172 0.9314758 0.363803 6.49647e-4 0.9058248 0.4233291 0.01655185 0.9757354 -0.2187249 -0.009994924 0.9732754 -0.2294837 -0.00850296 0.9729205 -0.2309912 -0.008293509 -0.3900123 -0.917942 -0.07261431 -0.4472476 -0.8926266 -0.05645775 -0.4584705 -0.887116 -0.05319815 0.05160331 -0.9982984 -0.02715796 0.1237092 -0.9913636 -0.04352474 0.1377925 -0.989359 -0.04671138 0.1485853 -0.9878133 -0.04633998 0.2033199 -0.977346 -0.05878889 0.2139236 -0.9749317 -0.06119585 -0.3057982 -0.9485886 -0.08165287 -0.3646461 -0.9288737 -0.06501412 -0.3762902 -0.9244493 -0.06163811 0.4656201 0.8838539 0.04472339 0.4215354 0.9051477 0.05491518 0.4722024 0.8804325 0.04316836 -0.1744375 0.9831121 0.05533808 -0.08717745 0.9953349 0.04133617 -0.1850149 0.9810802 0.05702042 -0.2068383 0.9782955 0.01248461 -0.2940131 0.9553968 0.02781128 -0.195253 0.9806971 0.01046258 0.3934655 0.9193394 -4.18044e-4 0.455739 0.8900304 0.0121659 0.4663498 0.8844841 0.01435011 -0.1133608 -0.9716671 0.2073948 -0.113183 -0.9724926 0.2035874 -0.1139007 -0.9690148 0.2191732 0.4649182 -0.8787286 0.1081072 0.4643903 -0.8786206 0.1112094 0.4667413 -0.8790398 0.09716761 0.4186428 0.7147986 0.5601796 0.4131833 0.7384488 0.5328912 0.4092441 0.7536442 0.5143344 0.7685182 0.5038109 0.3944041 0.765715 0.4991225 0.4056567 0.7609773 0.4914528 0.423542 0.9669239 -0.2537682 0.02568852 0.9736045 -0.2257061 0.03392881 0.9652218 -0.2603523 0.02374202 0.9776032 0.2084294 -0.02914005 0.9508832 0.3090684 0.01726567 0.9841988 0.1709881 -0.04599905 0.9849232 0.1728268 0.007570445 0.9746034 0.2223632 0.02651274 0.9878082 0.155672 0.001050055 0.9550613 -0.296246 0.009821951 0.9635841 -0.2674002 0.001685917 0.9657064 -0.2596365 -4.917e-4 -0.9701249 0.2302224 -0.07652139 -0.9361433 0.3512893 -0.01522022 -0.921419 0.3885455 0.004440367 -0.9826303 -0.1854901 -0.005584657 -0.9736782 -0.2271357 -0.01897579 -0.9710798 -0.2377032 -0.02239108 -0.9672629 -0.2495207 0.04628145 -0.9560683 -0.2911124 0.03445154 -0.9532952 -0.3003629 0.03178834 -0.9875613 0.1519567 0.04039704 -0.9890931 0.1425119 0.03721779 -0.9895255 0.1397252 0.03627991 -0.2813315 -0.9589846 -0.03465825 -0.2883651 -0.9569796 -0.03218203 -0.290631 -0.9563205 -0.03138262 0.2248778 -0.9743312 -0.01043266 0.2532072 -0.9672258 -0.01898592 0.2627057 -0.9646283 -0.02186578 0.2691544 -0.9630942 -0.002365052 0.2919145 -0.9563955 -0.009681761 0.2984331 -0.9543578 -0.01178687 -0.298767 -0.9542971 0.007436811 -0.2829508 -0.9591327 0.001892745 -0.2786011 -0.960407 3.79893e-4 -0.8276856 0.391497 0.4020779 -0.827641 0.3904437 0.4031924 -0.8279021 0.3974699 0.395722 -0.8433136 -0.3849423 0.3750222 -0.8433648 -0.3857699 0.3740556 -0.8436602 -0.3910592 0.3678454 0.9268985 0.1473426 0.34518 0.9222565 0.1571538 0.3531938 0.9311063 0.1381001 0.3375936 0.9217861 -0.1559578 0.3549474 0.9263852 -0.1463846 0.3469615 0.9306011 -0.1372697 0.3393211 0.5179587 0.8388748 0.1673564 0.5186733 0.8391413 0.1637682 0.521607 0.8401401 0.14863 -0.03785365 0.9630162 0.2667711 -0.0375663 0.9642758 0.2622233 -0.03652018 0.9686499 0.2457307 0.7717784 -0.4941019 0.400277 0.7690384 -0.4897235 0.410793 0.7764161 -0.5017662 0.3813253 0.4302866 -0.7226228 0.5409896 0.4346519 -0.7004629 0.566065 0.4269089 -0.7377752 0.5229117 0.9624513 -0.2677688 0.04458165 0.9622026 -0.2685067 0.04550349 0.9612502 -0.2712905 0.0489853 0.9632551 0.2607553 0.06439369 0.9629638 0.2615573 0.06548792 0.9644393 0.257435 0.0598694 -0.2816207 -0.4991032 0.8195035 -0.1916829 -0.4357196 0.8794351 -0.3384022 -0.5365471 0.7730467 -0.3000622 0.5014462 0.811489 -0.2077859 0.4383581 0.8744526 -0.1573657 0.4019045 0.9020581 -0.2611476 0.9318445 -0.2519279 -0.4158508 0.8889489 -0.1919326 -0.2272527 0.937443 -0.2637363 -0.2339343 0.9326879 -0.2745326 -0.2418901 0.9313709 -0.2720984 -0.2328222 0.9328665 -0.2748708 0.2649669 0.9292725 -0.2573815 0.250562 0.9318379 -0.2624821 0.2485554 0.9321768 -0.2631859 0.2825214 0.9278759 -0.2433677 0.4484843 0.8775277 -0.1697265 0.4714576 0.8675403 -0.1584348 -0.9949769 0.07599186 0.06516391 -0.9915442 0.1197374 0.05003118 -0.9962176 0.01733124 0.08514893 -0.9958586 -0.0358631 0.08354395 -0.9932186 -0.0518797 0.1040455 -0.9966238 -0.03023535 0.07633423 -0.7279354 0.6622966 -0.1774073 -0.7174784 0.671027 -0.1869425 -0.7300878 0.6604554 -0.1754155 -0.8854662 0.4299511 -0.1763288 -0.8891037 0.4314929 -0.1526708 -0.8646842 0.4207994 -0.274316 0.9754855 0.2106801 0.0635764 0.94112 0.3175328 0.1160439 0.9875581 0.1531755 0.03558552 0.8983684 0.4279392 -0.09900617 0.895563 0.4268877 -0.1254346 0.8814777 0.4211343 -0.2136422 0.7546713 0.6416881 -0.1367765 0.7363834 0.6586826 -0.1545208 0.7308146 0.6636148 -0.1597671 0.9848771 -0.1189622 0.1259574 0.9834629 -0.1240623 0.131944 0.9830043 -0.1256683 0.1338292 -0.8907724 0.4167071 -0.1813281 -0.861895 0.4835779 -0.1526092 -0.8534327 0.5006534 -0.1449096 -0.9521244 -0.2600801 -0.1606789 -0.9582168 -0.2302551 -0.1697148 -0.9505616 -0.2670144 -0.1585432 -0.9412164 -0.2988656 -0.1574522 -0.9145726 -0.3619388 -0.1804363 -0.901431 -0.3889108 -0.1901854 -0.895272 0.4130647 -0.1669302 -0.8784521 0.4433599 -0.1781967 -0.9041078 0.3959876 -0.1605717 -0.2798745 0.8545953 0.4374213 -0.3174195 0.8630816 0.3928549 -0.4030376 0.8712016 0.280301 0.3099482 0.8570434 0.4115931 0.3303252 0.865734 0.3760187 0.1788147 0.7749742 0.6061686 0.192739 -0.86536 0.4626057 0.1945618 -0.8660688 0.4605113 0.1548847 -0.8491984 0.5048496 -0.2147589 -0.852697 0.476221 -0.2165904 -0.8534322 0.4740698 -0.2394713 -0.8620592 0.4466626 0.9291529 -0.2643809 0.2584142 0.9344696 -0.2334926 0.2687896 0.9277921 -0.2714173 0.2559973 0.8466865 0.4867722 0.2148833 0.8745958 0.4193961 0.243288 0.8809859 0.4014262 0.2504416 0.7586827 0.4130619 0.5037664 0.7544606 0.4433586 0.4839655 0.752069 0.4577436 0.4741972 0.7850518 -0.2988593 0.5425649 0.7819406 -0.3619347 0.5075157 0.7850642 -0.26622 0.5592862 0.3026123 0.9495062 0.08284825 0.2951508 0.9522068 0.07866567 0.2934021 0.9528275 0.07768642 -0.3031711 0.9513368 -0.0551871 -0.3113334 0.9484206 -0.05974787 -0.313277 0.9477112 -0.06083548 -0.3762032 0.9262099 0.02462649 -0.4182823 0.9080073 -0.02372056 -0.4369596 0.8983114 -0.04585814 0.2527972 0.9262103 0.2796929 0.3166649 0.9080082 0.2743074 0.2187403 0.9341375 0.2820281 -0.2593196 -0.9634638 -0.06701517 -0.235151 -0.9705341 -0.05260807 -0.2673821 -0.960909 -0.07183784 0.2609275 -0.9633357 0.06245934 0.2372418 -0.970339 0.04646062 0.2689369 -0.960762 0.06789189 0.2187505 -0.9370788 0.2720875 0.2810949 -0.9221585 0.2657245 0.3162972 -0.9118835 0.2615811 -0.3464771 -0.9370777 0.04288315 -0.3867816 -0.9221573 -0.005105614 -0.3208084 -0.9443654 0.07249891 0.9458621 -0.3157447 -0.07516831 0.9495167 -0.3067085 -0.06594043 0.9498464 -0.3056352 -0.06617385 0.9688431 0.2439488 -0.04280543 0.9524527 0.3001507 -0.05238008 0.948338 0.3125475 -0.0544914 0.9480435 0.3123237 -0.06056135 0.949799 0.3065733 -0.06240856 0.947697 0.3134427 -0.06020116 0.9474422 -0.3104853 -0.07715207 0.947475 -0.3131336 -0.06510305 0.3275464 0.9446038 0.02090781 0.2695045 0.9621207 0.04112523 0.3367565 0.9415534 0.008515357 -0.2633123 0.9616733 0.07649415 -0.2847343 0.9558205 0.07303243 -0.2921592 0.9540042 0.0672239 -0.2849931 0.956413 0.06366425 0.3495267 0.9369167 0.004279315 -0.9498016 0.3009642 0.08542644 -0.9766076 0.1870994 0.1059784 -0.9448978 0.3168248 0.08240437 -0.9499194 -0.3033672 0.07497757 -0.9466488 -0.3139823 0.07260298 -0.9462317 -0.3153055 0.07230567 -0.9420046 -0.3194697 0.1027932 -0.9427841 -0.3169408 0.1034742 -0.9397688 0.3216133 0.1157564 -0.9401192 0.3204957 0.1160104 -0.3211799 -0.9469528 0.01113432 -0.3057623 -0.9520846 0.006671905 0.2968434 -0.9542411 -0.0361678 0.3136022 -0.9488977 -0.03531056 0.3045798 -0.9517471 -0.03753221 0.3131616 -0.9490731 -0.03450042 0.313446 -0.9489753 -0.03460586 -0.3196879 -0.9471179 0.02770364 -0.3156256 -0.9485221 0.02619802 -0.3151977 -0.9486688 0.02603948 0.1381656 0.3413196 -0.9297372 0.1190857 0.3138334 -0.9419806 0.1438856 0.3495242 -0.9258131 -0.1948978 0.3680503 -0.9091501 -0.1925687 0.3979825 -0.8969544 -0.195589 0.3585433 -0.9127933 -0.2906918 0.918356 -0.268553 -0.2840765 0.9188886 -0.2737597 -0.3037775 0.9171034 -0.2581487 0.3478383 0.9082827 -0.2324458 0.355155 0.9038254 -0.2386732 0.3254527 0.9211543 -0.2134369 -0.2258713 -0.7864832 -0.5748274 -0.2881241 -0.8508728 -0.4393179 -0.2082254 -0.7657646 -0.6084791 0.1936725 -0.7096897 -0.677371 0.1252533 -0.6304 -0.766099 0.1131124 -0.6153975 -0.7800587 0.274362 -0.9607007 -0.04218733 0.2689211 -0.9624346 -0.0374332 0.2590575 -0.9654314 -0.02883696 -0.351482 -0.9361947 -2.14029e-4 -0.3451 -0.938552 -0.005114674 -0.329769 -0.943912 -0.01681029 0.3982849 -0.255476 -0.8809661 0.4193993 -0.2669094 -0.8676772 0.3919103 -0.2520183 -0.8848125 0.3933241 0.01909911 -0.9192015 0.410247 0.03298968 -0.9113776 0.4133052 0.03549212 -0.9099006 0.9292507 0.3352066 -0.1553375 0.9295796 0.3346032 -0.1546689 0.9304963 0.3329113 -0.1527971 0.949628 -0.2921475 -0.1133865 0.9494317 -0.2931295 -0.1124926 0.9490413 -0.2950565 -0.110736 -0.9624127 -0.2699298 0.02999758 -0.9706338 -0.2400335 0.01593673 -0.9564732 -0.2888635 0.04143619 -0.9575723 0.2866269 -0.03000664 -0.9525777 0.3020605 -0.03681665 -0.95883 0.282575 -0.02822357 -0.9582332 0.2857704 -0.01115161 -0.9585583 0.2846994 -0.01060307 -0.9477216 -0.314418 0.05445271 0.9290684 0.3695086 0.01718425 0.928574 0.3709146 0.01313543 0.9294095 0.3685046 0.02006322 0.9596959 -0.2793828 0.0304805 0.9596539 -0.2794927 0.03079479 0.8531435 -0.3793214 -0.3581361 0.8464799 -0.3565686 -0.3953868 0.8611002 -0.4195967 -0.2871324 0.8353982 0.3417946 -0.430449 0.8311062 0.3073853 -0.4634402 0.8190795 0.2457633 -0.5183719 -0.92984 -0.3679456 0.003676652 -0.9294961 -0.3687834 0.005999088 -0.9292083 -0.3694717 0.007920742 -0.9599357 0.2745454 -0.05611181 -0.9597606 0.2749369 -0.05717945 -0.9596152 0.2752574 -0.05807125 -0.8560002 0.2614408 -0.4459959 -0.8484768 0.228364 -0.4774276 -0.865269 0.3229734 -0.383403 -0.8121928 -0.4557402 -0.364203 -0.8069913 -0.4322877 -0.4023588 -0.7941401 -0.3897078 -0.4663363 -0.3300667 0.9389627 -0.09697991 -0.3345675 0.9382693 -0.08783757 -0.3382344 0.9376271 -0.08032929 0.2811411 0.9581689 -0.05359244 0.2872238 0.9570236 -0.0401051 0.276535 0.9588899 -0.0637077 0.3301885 0.8146842 -0.4767237 0.299483 0.8015477 -0.5175244 0.3751873 0.8303369 -0.412038 -0.3771178 0.7880386 -0.4865977 -0.3453916 0.777372 -0.5257352 -0.2953445 0.7571781 -0.582626 -0.9855344 -0.167138 -0.02805447 -0.9846507 -0.1720265 -0.02949476 -0.9844977 -0.1728583 -0.02973991 -0.9157447 0.4017503 0.002885937 -0.8779637 0.4778999 0.02813071 -0.868628 0.4943168 0.03371226 -0.8720292 0.4894434 0.003209531 -0.8889448 0.4579443 0.008012115 -0.8692185 0.4944224 0.002440989 -0.98219 -0.1804047 -0.05250716 -0.9849297 -0.1660304 -0.04845273 -0.9853841 -0.1635193 -0.04774439 0.3243029 0.9338127 -0.1510686 0.4598242 0.8686276 -0.1845209 0.2755326 0.9512421 -0.1386373 -0.1067873 0.9792747 -0.1720978 -0.1103347 0.9790199 -0.1713074 -0.1063205 0.9793072 -0.1722016 -0.08151727 0.9928624 -0.08706003 -0.1157808 0.9900245 -0.08028936 -0.07517731 0.9932531 -0.08829879 0.3110519 0.9489881 -0.0516566 0.3290379 0.9425383 -0.05792921 0.30528 0.9509676 -0.04964846 -0.4486247 -0.8891261 0.0905025 -0.4436635 -0.891758 0.08905291 -0.4348304 -0.8949319 0.1000977 0.02271556 -0.9896767 0.1415063 0.007092416 -0.9890795 0.1472125 -0.001743853 -0.9886205 0.1504215 0.02216702 -0.9950699 0.0966677 0.07370758 -0.9946767 0.07201129 0.09613025 -0.9934872 0.06117475 -0.4488461 -0.8936049 0.002747893 -0.4591787 -0.8883248 0.00582987 -0.4628813 -0.8863932 0.006938874 0.1088225 0.9568969 -0.2692695 0.1126154 0.9569115 -0.2676536 0.1139818 0.9569128 -0.2670695 0.1853318 0.9822393 -0.02929556 0.2128919 0.9760044 -0.04574489 0.1678522 0.9856309 -0.01890754 0.3894537 0.9197983 0.04792934 0.4679104 0.8837467 0.00718379 0.3395364 0.9377773 0.07272422 0.3259479 0.9210582 -0.213096 0.2626019 0.9339874 -0.2422968 0.2511512 0.9358017 -0.2473828 0.9700109 -0.2416615 0.02605259 0.9655184 -0.258248 0.03289937 0.9641731 -0.2629745 0.03485506 0.9329634 0.3599702 -7.90561e-4 0.9314556 0.3638455 -0.002647519 0.9309593 0.3651084 -0.003253519 0.9394487 0.3425333 -0.01034921 0.9526237 0.3029662 -0.02682596 0.9307286 0.3657104 -5.52099e-4 0.9849749 -0.1695966 -0.03258073 0.9737201 -0.2276395 -0.007034599 0.9697632 -0.244048 2.68806e-4 -0.3956741 -0.914892 0.08009296 -0.3727746 -0.9236095 0.08935689 -0.4038247 -0.9116109 0.07675546 0.2642978 -0.9616057 0.0739001 0.2500708 -0.9650098 0.07887232 0.2456204 -0.9660245 0.08041954 0.2043271 -0.9732833 0.1047388 0.07171458 -0.9951235 0.06772321 0.2473456 -0.961893 0.1165424 -0.4111608 -0.9066828 0.09419757 -0.4043462 -0.9099124 0.09254008 0.4694154 0.8799125 -0.07350641 0.4112397 0.9099705 -0.05325067 0.4903588 0.8677573 -0.08090549 -0.1988725 0.9738249 -0.1100681 -0.2443413 0.9651876 -0.09332889 -0.185145 0.9759551 -0.1150353 -0.170512 0.9807062 -0.09560996 -0.1082118 0.9878715 -0.1113563 -0.1816201 0.978986 -0.09274023 0.4980325 0.865162 -0.05881005 0.5172991 0.8533034 -0.06538289 0.4913564 0.869121 -0.05654668 -0.9744939 -0.1974039 -0.1067399 -0.9782272 -0.1804161 -0.1025757 -0.9792366 -0.1755505 -0.1013795 -0.9189181 0.3787586 -0.1101437 -0.8952673 0.4270415 -0.127013 -0.9246773 0.3658064 -0.1056302 -0.9262521 0.3409758 -0.1606009 -0.943448 0.3005829 -0.1398421 -0.9199626 0.354412 -0.1675139 -0.9688146 -0.2328311 -0.08478218 -0.9740179 -0.2115945 -0.08072906 -0.975853 -0.2035675 -0.07919198 0.9915876 -0.03540486 0.1245014 0.9928306 -0.02485156 0.1169181 0.9934185 -0.019279 0.1129071 0.8785745 0.4764746 -0.032848 0.8981705 0.4396278 -0.004171788 0.9043231 0.4268119 0.005604147 0.8825309 0.4468463 0.1465188 0.8859753 0.4371737 0.1546838 0.8894823 0.4267701 0.1633663 0.9746096 -0.05296623 0.2175562 0.976602 -0.04522591 0.2102461 0.9816988 -0.02290695 0.1890577 -0.5755714 -0.8116653 0.09958487 -0.6426194 -0.7655815 0.03042173 -0.5459579 -0.8280039 0.1278265 -0.9744547 -0.1297118 -0.1833383 -0.9740568 -0.1224344 -0.1903243 -0.9745655 -0.1325102 -0.1807298 -0.7857916 -0.3579621 -0.5043755 -0.7797309 -0.3489339 -0.5198701 -0.8036713 -0.3866363 -0.4523547 -0.3825964 -0.9126654 -0.1437423 -0.381577 -0.9138282 -0.1389854 -0.3916958 -0.90064 -0.1882079 0.6642622 -0.728545 0.1672664 0.6169835 -0.7532186 0.22802 0.5085091 -0.7881271 0.3468058 0.510419 -0.8401375 0.1834161 0.5076977 -0.8421526 0.1817203 0.5120695 -0.8389073 0.1844442 0.8785701 -0.4423306 0.1801613 0.8741205 -0.4528239 0.1756812 0.8815473 -0.4350917 0.1832199 0.8788647 -0.4028649 0.2555326 0.881335 -0.4003909 0.2508705 0.8897299 -0.3916411 0.2345164 0.9017552 0.3342185 0.2741088 0.88695 0.4063128 0.2196126 0.8778418 0.4377081 0.1944364 0.9524316 -0.08434939 0.2928471 0.960867 -0.1828622 0.2080774 0.9350634 -0.007962942 0.3543912 0.863006 -0.08704537 0.4976382 0.862815 -0.08761209 0.49787 0.85931 -0.09782499 0.5020127 0.7923351 0.4169477 0.4453762 0.7895765 0.4068557 0.4593884 0.7795022 0.3748161 0.5018859 -0.6662075 0.6156916 -0.4208223 -0.6501238 0.6249966 -0.4321094 -0.6744273 0.6107498 -0.4148886 -0.2153742 0.8938506 -0.3932495 -0.1483078 0.8995226 -0.4109308 -0.2436563 0.8901157 -0.3851306 -0.145889 0.6281853 -0.7642641 -0.1712589 0.5792279 -0.7969727 -0.1037324 0.7016575 -0.704923 -0.6623206 0.3256902 -0.6747276 -0.6445426 0.3156307 -0.6963779 -0.6262099 0.3053005 -0.7173931 0.7320687 0.6725288 -0.1085383 0.7477838 0.6580206 -0.08847844 0.7528857 0.6530525 -0.08176648 0.9815607 0.1031034 0.1609612 0.9819898 0.1138253 0.1507982 0.9820368 0.1176428 0.1475261 0.9487171 -0.2689603 -0.1661211 0.9432325 -0.2678093 -0.1964451 0.9581605 -0.2706732 -0.09308326 0.7364459 0.4147611 -0.5344352 0.7044988 0.4044505 -0.5831819 0.7957217 0.4318293 -0.4246773 0.5079342 -0.7940793 0.3338279 0.5767927 -0.7573707 0.3061043 0.600436 -0.7429965 0.2956904 0.05897647 -0.9746723 0.2157219 0.01920032 -0.9744514 0.2237765 -6.65128e-5 -0.973768 0.2275433 0.004140555 -0.9999837 0.003927946 0.007594525 -0.9999711 3.35375e-4 -0.009627282 -0.9997872 0.01824659 0.4682248 -0.8833906 -0.01966333 0.4685029 -0.8832332 -0.02010941 0.4302325 -0.9018606 0.0393393 0.7806102 -0.564271 0.2687861 0.8290622 -0.4820147 0.2834039 0.7693767 -0.5810726 0.265357 0.3242158 -0.9259957 0.1934329 0.4126377 -0.8756759 0.2508428 0.2958379 -0.9390611 0.1750553 0.2125713 -0.9431567 0.2554783 0.1022419 -0.9720904 0.2111563 0.2265332 -0.9384097 0.2609023 0.7350304 -0.596103 0.3230969 0.6252372 -0.7207922 0.2992275 0.7473242 -0.5793029 0.3254457 0.8217114 0.5671468 -0.05599182 0.8559396 0.5167751 -0.01763153 0.859776 0.5105062 -0.01298934 0.9841535 0.0113272 0.1769567 0.9859628 0.03737545 0.162728 0.9861847 0.04182052 0.1602837 0.9826816 0.05630338 0.1765415 0.9834964 0.08751314 0.1583551 0.7652707 0.6372332 -0.09107458 0.8050255 0.5909603 -0.05196124 0.8091008 0.5857322 -0.04768407 -0.3620658 0.7221679 -0.5893913 0.1252552 0.9203159 -0.3705806 0.1907133 0.9244593 -0.3301569 0.2630974 0.9221875 -0.2834612 0.1376487 0.930723 -0.3388326 0.1215313 0.9305505 -0.3454071 0.09078019 0.9352067 -0.3422681 -0.08691954 0.9083253 -0.4091333 -0.1158863 0.9006969 -0.4187068 -0.6312721 0.6403986 -0.4374761 -0.5827949 0.6887348 -0.4312708 -0.5753579 0.6956385 -0.4301751 -0.8301005 -0.5366007 -0.151634 -0.8310796 -0.5214506 -0.1933807 -0.8216014 -0.5674694 -0.05431205 -0.9285866 -0.06683039 -0.3650488 -0.9222462 -0.119112 -0.3677968 -0.9141404 -0.1669564 -0.3694225 -0.974486 -0.0984078 -0.2017254 -0.9750484 -0.1131575 -0.1909872 -0.9743663 -0.09575128 -0.2035732 -0.8030969 -0.5933105 -0.05493855 -0.7095394 -0.703671 0.03743153 -0.8144828 -0.5761958 -0.06794452 -0.1841673 -0.9815801 0.05082291 -0.1574236 -0.9856595 0.0607708 -0.1962379 -0.9794626 0.04630029 0.1717606 -0.9837981 0.0513789 0.1492681 -0.9878915 0.04230338 0.1816049 -0.9818125 0.05535441 0.2000129 -0.9796985 -0.01363402 0.2334449 -0.9723696 -9.1053e-4 0.1921699 -0.9812213 -0.01660174 -0.1945431 -0.9807099 -0.01900357 -0.225346 -0.9738641 -0.02842408 -0.1873874 -0.9821422 -0.01682138 0.2951691 0.9528869 -0.06986993 0.2465424 0.9657372 -0.0810467 0.2400576 0.9672459 -0.08250981 -0.2320621 0.9701438 -0.07048535 -0.2722302 0.9591708 -0.07669425 -0.2782481 0.957368 -0.07761913 -0.2980922 0.9543774 0.01746493 -0.3188257 0.9477352 0.01217186 -0.3219366 0.946693 0.01137363 0.3043897 0.9518355 0.03682535 0.2887767 0.9568311 0.03290092 0.2864701 0.9575439 0.0323221 0.9863223 -0.1550138 0.05602854 0.9848463 -0.1634434 0.05800122 0.9846806 -0.1643627 0.05821621 0.7054334 0.7077708 -0.037741 0.7746504 0.6323508 -0.007019102 0.7864999 0.6175892 -0.001320004 0.7935795 0.6056676 0.05829703 0.8540809 0.5132647 0.0842936 0.8634697 0.4965408 0.08869868 0.9821995 -0.162235 0.09467798 0.9737678 -0.2115663 0.08376091 0.9831973 -0.1551266 0.09622299 -0.7696539 0.6382977 0.0144596 -0.6857152 0.7273925 -0.02636104 -0.7874277 0.615941 0.02396661 -0.9850112 -0.1383559 0.1030091 -0.9919782 -0.08832657 0.09043037 -0.983713 -0.1459587 0.1049044 -0.9872605 -0.1574113 0.02320206 -0.9786573 -0.2031869 0.03074342 -0.9883668 -0.1504808 0.02206081 -0.8627229 0.5056695 0.002717733 -0.8001968 0.5989564 0.0306009 -0.787746 0.6149706 0.03559964 -0.9350157 -0.350996 -0.05047261 -0.9305685 -0.3616477 -0.05703717 -0.9367672 -0.346671 -0.04781681 -0.954773 0.2586013 -0.1467449 -0.9548318 0.2583031 -0.146887 -0.9547729 0.2586013 -0.146745 -0.6743251 0.07674187 -0.7344362 -0.7402488 -0.3749461 -0.5580746 0.3288128 -0.9436024 0.03868758 0.3369911 -0.9412744 0.02096772 0.3334556 -0.9423301 0.02866178 -0.2923083 -0.9558684 0.02952224 -0.2313424 -0.888334 -0.3966653 0.4199321 -0.8753502 -0.2396225 0.9894061 -0.1421976 0.02924805 0.931807 0.3594558 0.05027282 0.9340445 0.3571552 -0.001100003 0.9760707 -0.2172139 -0.01020401 -0.3784603 -0.92251 -0.0757845 0.04053592 -0.9988743 -0.02463835 0.1382564 -0.9894192 -0.0439862 -0.2929202 -0.9523332 -0.08520287 0.4164392 0.9074331 0.05606913 -0.07677686 0.9962596 0.03965282 -0.3026117 0.9526624 0.02933406 0.3866482 0.9222256 -0.001772284 -0.1126011 -0.9750415 0.1913515 0.4625547 -0.8781864 0.1217866 0.424149 0.6868771 0.5901674 0.7729746 0.5115422 0.3752798 0.9750722 -0.2189652 0.03589481 0.9403716 0.3387103 0.03125423 0.9692259 0.2437113 0.03472942 0.9527617 -0.3034867 0.01187556 -0.9779767 0.1836777 -0.09911626 -0.9845528 -0.1750738 -0.002251982 -0.9695669 -0.2398748 0.04899191 -0.986882 0.1559535 0.04174274 -0.278842 -0.9596794 -0.03553283 0.2159577 -0.9763721 -0.007750451 0.2626226 -0.9648987 -2.74837e-4 -0.8276852 0.3914781 0.4020971 -0.8273778 0.3849465 0.4089773 -0.827641 0.3904246 0.4032113 -0.8429883 -0.3801075 0.3806431 0.9136778 0.1743534 0.3671427 0.9131792 -0.1729644 0.3690356 0.5149772 0.837673 0.1819407 -0.03885018 0.9584509 0.2825998 0.764149 -0.4821422 0.4285038 0.439217 -0.6729495 0.5951701 0.9634696 -0.2646992 0.04075115 0.9618565 0.2645565 0.06958502 -0.1423462 -0.3990144 0.9058285 -0.3582791 0.538578 0.7626074 -0.4375044 0.880468 -0.182664 -0.2435653 0.9310848 -0.2715827 0.2678461 0.9287315 -0.2563519 0.2458763 0.9343512 -0.2579393 -0.988797 0.143294 0.04180026 -0.9913595 -0.06123191 0.1160046 -0.7139367 0.6739057 -0.1901202 -0.8971676 0.434709 -0.07822054 0.8121976 0.537676 0.2263615 0.902573 0.4292384 -0.0334149 0.758081 0.6383762 -0.1333754 0.9855974 -0.1162698 0.1227974 -0.8976863 0.3980663 -0.1889516 -0.9595245 -0.2231232 -0.17184 -0.9528716 -0.2662268 -0.1454616 -0.8699328 0.4577444 -0.1835399 -0.1619387 0.8115168 0.5614413 0.4134029 0.8858114 0.2107993 0.2240009 -0.8766039 0.4258983 -0.1868286 -0.8406875 0.5082712 0.9355612 -0.2262659 0.2711628 0.8388205 0.5033114 0.207504 0.760594 0.3959839 0.5144837 0.7793005 -0.3889072 0.4913674 0.3043622 0.9488604 0.08383023 -0.3012288 0.9520159 -0.05410343 -0.3533913 0.9341374 0.05002224 0.3454856 0.8983125 0.2714304 -0.2278021 -0.9725117 -0.04824185 0.2299182 -0.9723234 0.04153358 0.1797057 -0.9443662 0.2754605 -0.409156 -0.911882 -0.03259772 0.97113 0.2349535 -0.04127258 0.9501295 0.3054752 -0.06276059 0.9476963 -0.3096528 -0.07737606 0.2614725 0.9642081 0.04399031 -0.2610251 0.9622746 0.0767703 -0.2840858 0.9567041 0.06334459 0.3514583 0.936197 0.003519058 -0.9498021 0.3009644 0.08541935 -0.9788275 0.1737154 0.1082577 -0.9766085 0.1870993 0.10597 -0.9503537 -0.3019237 0.07529908 -0.9420452 -0.319339 0.1028283 -0.9419078 -0.3197825 0.1027088 -0.9426879 -0.3172539 0.1033901 -0.9398777 0.3212667 0.1158353 -0.9401577 0.3203725 0.1160384 -0.3230545 -0.9463083 0.01168262 0.2953135 -0.954732 -0.03573328 -0.3197836 -0.9470846 0.02773952 -0.3202108 -0.9469355 0.02789801 -0.3158071 -0.9484598 0.02626562 0.1145281 0.3072412 -0.944715 -0.191637 0.4091719 -0.8921063 -0.2721405 0.9196814 -0.283065 0.3747025 0.8912893 -0.2553457 -0.2973834 -0.8590968 -0.4165525 0.210072 -0.7272815 -0.6534 0.2743422 -0.9607071 -0.04216998 0.2851064 -0.9571053 -0.05161243 0.2689011 -0.9624409 -0.03741604 -0.3651583 -0.930888 0.01035231 0.4235034 -0.2691282 -0.8649943 0.3933459 0.01911675 -0.9191918 0.3882454 0.01496082 -0.9214347 0.4102675 0.03300833 -0.9113677 0.9292466 0.335214 -0.155346 0.9282047 0.3371135 -0.1574501 0.9295591 0.3346407 -0.1547108 0.9496287 -0.2921448 -0.1133886 0.9499748 -0.2903902 -0.1149845 0.9494394 -0.2930916 -0.1125267 -0.9730083 -0.2304854 0.01146346 -0.957584 0.2865894 -0.02999114 -0.9512065 0.3061293 -0.03861683 -0.9525759 0.3020656 -0.03681856 -0.9583268 0.2854629 -0.01099383 -0.9586637 0.2843506 -0.01042419 -0.94397 -0.3245928 0.05966806 0.9290679 0.3695101 0.01718074 0.92821 0.3719155 0.01025396 0.9285735 0.3709161 0.01313185 0.959639 -0.2795315 0.03090727 0.8303734 -0.3139765 -0.4603248 0.8382956 0.4021607 -0.3681405 -0.9298453 -0.3679326 0.003641366 -0.9301257 -0.3672373 0.001721203 -0.9295078 -0.3687551 0.00591886 -0.959931 0.2745558 -0.0561403 -0.9600898 0.2741991 -0.05516058 -0.9597632 0.274931 -0.05716341 -0.8299881 0.1665146 -0.5323464 -0.8173717 -0.4953128 -0.2942261 -0.3264141 0.9394503 -0.1043411 0.291809 0.9560112 -0.0298385 0.2529611 0.7782586 -0.5747385 -0.4252461 0.8006383 -0.4220713 -0.9856723 -0.1663607 -0.02782547 -0.9203369 0.3911263 -5.5672e-4 -0.8915897 0.4527588 0.008793115 -0.9817013 -0.1828466 -0.05319589 0.5008701 0.8434321 -0.1942974 -0.1070001 0.9792598 -0.1720501 -0.1111074 0.9789629 -0.1711344 -0.1105474 0.9790044 -0.1712596 -0.08151692 0.9928621 -0.08706337 -0.1215329 0.9894272 -0.07914388 -0.1158271 0.9900196 -0.08028292 0.333383 0.9409155 -0.059448 -0.4504606 -0.88815 0.0909655 0.0324288 -0.9899099 0.1379376 -0.008346915 -0.9937742 0.1111005 -0.445623 -0.895219 0.001790404 0.1086922 0.9568961 -0.2693247 0.1080746 0.9568921 -0.2695873 0.1126174 0.9569115 -0.2676526 0.2238545 0.9732177 -0.05231231 0.5018638 0.8648743 -0.0111941 0.3425109 0.9168416 -0.2051534 0.971221 -0.2369565 0.02411496 0.932972 0.3599485 -7.79775e-4 0.9335225 0.3585188 -9.56036e-5 0.9314962 0.3637421 -0.002598404 0.9567493 0.2890893 -0.03253275 0.9869439 -0.1564421 -0.03830903 -0.3642288 -0.9266772 0.0927723 0.2685326 -0.960545 0.07241237 0.0377925 -0.9975948 0.05810707 0.3895743 0.919855 -0.04581207 -0.2572786 0.9622777 -0.0884841 -0.1704625 0.9807139 -0.09561777 -0.09642201 0.9887585 -0.1142783 -0.1082107 0.9878709 -0.1113626 0.5227006 0.8498607 -0.06723684 -0.9732865 -0.2026011 -0.1080102 -0.8886101 0.4394504 -0.1313601 -0.9487106 0.2868947 -0.1328151 -0.9665664 -0.2414163 -0.08641499 0.9908791 -0.04085528 0.1284112 0.8727146 0.4865213 -0.04082119 0.878834 0.4567036 0.1381041 0.965495 -0.08387082 0.2465467 -0.6634516 -0.7481849 0.007164776 -0.7500485 -0.3081231 -0.5852243 -0.3716498 -0.9235383 -0.09462314 0.7146139 -0.693183 0.09393864 0.5104019 -0.8401504 0.1834049 0.5066452 -0.8429273 0.181064 0.5077147 -0.84214 0.1817309 0.8714908 -0.4588538 0.1730816 0.8684251 -0.4128648 0.2745555 0.9073578 0.2854501 0.3085778 0.9585543 -0.2358593 0.1598252 0.8660184 -0.07795876 0.4938976 0.802518 0.465689 0.3729597 -0.6408375 0.6301578 -0.4384387 -0.1158871 0.9006977 -0.4187051 -0.2064407 0.5047972 -0.8381898 -0.6799112 0.3356889 -0.6519462 0.7261838 0.6776734 -0.1158271 0.9272209 -0.2641972 -0.2654456 0.5686716 0.3554214 -0.7418143 0.4832051 -0.8055546 0.3429208 0.08047795 -0.9741218 0.2112113 0.02152085 -0.9996683 -0.01415216 0.5169188 -0.8499988 -0.1014754 0.8364909 -0.4676616 0.2856144 0.4281278 -0.865231 0.2609252 0.08301603 -0.9756169 0.2031747 0.6006499 -0.743764 0.293317 0.8170014 0.5734104 -0.06090319 0.9837868 0.007197737 0.1791976 0.9825084 0.05233889 0.1787119 0.759792 0.6430191 -0.09613841 -0.4649081 0.637397 -0.6144799 0.2772829 0.9200782 -0.2767136 0.1118532 0.936123 -0.3334108 -0.640827 0.6301319 -0.4384914 -0.8300647 -0.5016824 -0.2435315 -0.931103 -0.03609597 -0.3629661 -0.6876908 -0.7238169 0.05630761 -0.146757 -0.9870536 0.06471097 0.1394653 -0.9894841 0.03835141 0.2420253 -0.9702671 0.00237441 -0.2332608 -0.9719248 -0.03085184 0.3025009 0.9507095 -0.06815272 -0.2256833 0.971719 -0.06949371 -0.2949221 0.9553467 0.01827013 0.3066573 0.9510852 0.03739631 0.9865325 -0.1537755 0.05573868 0.6949651 0.7178121 -0.04206299 0.7825332 0.6202712 0.05390322 0.9723936 -0.2183793 0.08222603 -0.6715401 0.7402458 -0.03271245 -0.9926354 -0.08228993 0.08890014 -0.977219 -0.2098318 0.03183859 -0.8733084 0.4871611 -0.002589523 0.6701622 0.2592601 0.6954616 0.6718007 0.2617291 0.6929514 0.6819839 0.277338 0.6767435 0.6722313 -0.2565628 0.6944643 0.6737331 -0.2587743 0.6921846 0.6611568 -0.2405224 0.7106481 0.8606696 -0.1608154 0.4831006 0.8616363 -0.1658273 0.4796711 0.859866 -0.156767 0.4858545 0.8618828 0.1671386 0.4787724 0.8608936 0.1619647 0.4823169 0.860087 0.1578688 0.485106 -0.748243 -0.5721163 0.3358802 -0.7479323 -0.5705773 0.3391737 -0.7392135 -0.5368528 0.4066355 0.3004506 -0.570577 0.764311 0.3029667 -0.5721154 0.7621648 0.2472075 -0.5368567 0.8066434 0.3188832 0.5817226 0.7482729 0.3189383 0.5817555 0.7482239 0.2472113 0.5368554 0.8066431 -0.7499923 0.5817535 0.3147612 -0.749987 0.5817212 0.3148334 -0.7392153 0.5368512 0.4066346 0.2540193 0.1255623 -0.9590142 0.251478 0.1279999 -0.9593617 0.2048363 0.1719346 -0.963577 0.2627277 -0.3769803 -0.8881781 0.2620507 -0.3776997 -0.8880723 0.30659 -0.3289431 -0.8931959 -0.2260244 -0.3995059 -0.8884302 -0.2252488 -0.4002116 -0.8883094 -0.1780806 -0.4418862 -0.8792178 -0.2487513 0.1011344 -0.9632729 -0.2463242 0.103864 -0.9636061 -0.2915084 0.05218631 -0.9551438 -0.06991493 -0.8856021 -0.4591525 -0.0533455 -0.8907274 -0.4513967 -0.008523344 -0.9029564 -0.4296478 -0.3206683 -0.5071967 -0.7999521 -0.3163704 -0.4692937 -0.824423 -0.3244865 -0.5460318 -0.7723717 0.1635919 -0.2921708 -0.9422706 0.1491007 -0.2861103 -0.9465252 0.1068928 -0.2681234 -0.9574361 0.359735 -0.7688769 -0.5286012 0.361755 -0.7664346 -0.5307651 0.3932374 -0.7259746 -0.5642032 0.6591975 0.2430174 0.7116188 0.6840265 -0.2741865 0.6759657 0.8627009 -0.1715468 0.47573 0.8629527 0.1729447 0.4747661 -0.7527962 -0.6089003 0.2500766 0.3659969 -0.6088952 0.7037705 0.4038705 0.6292334 0.6640437 -0.7523019 0.6292353 0.1952047 0.2996495 0.0809884 -0.9506057 0.2172566 -0.4239038 -0.879264 -0.2724542 -0.3560049 -0.8938844 -0.202537 0.1522485 -0.9673671 -0.1148363 -0.8700505 -0.4794005 -0.3108825 -0.4264156 -0.8494244 0.2078865 -0.3103242 -0.9276218 0.3306558 -0.8021422 -0.497227</float_array>
          <technique_common>
            <accessor source="#Mesh_006-mesh-normals-array" count="949" stride="3">
              <param name="X" type="float"/>
              <param name="Y" type="float"/>
              <param name="Z" type="float"/>
            </accessor>
          </technique_common>
        </source>
        <source id="Mesh_006-mesh-map">
          <float_array id="Mesh_006-mesh-map-array" count="2784">0.08207046 0.008604347 0.101451 0.03785413 0.07950156 0.03650486 0.07950156 0.03650486 0.06260687 0.006816864 0.08207046 0.008604347 0.7875504 0.001446962 0.8032495 0.005849838 0.7879145 0.006814718 0.7879145 0.006814718 0.7724261 0.01465421 0.7875504 0.001446962 0.8335431 0.04134255 0.8164604 0.04379093 0.8293339 0.03413158 0.8335431 0.04134255 0.8439185 0.02617156 0.8471617 0.0340715 0.8335431 0.04134255 0.8504341 0.04278159 0.8398036 0.05079758 0.8335431 0.04134255 0.8283452 0.05677098 0.8209326 0.0507819 0.1518984 0.416279 0.1714106 0.2998303 0.1737512 0.4145033 0.1714106 0.2998303 0.1998938 0.4161543 0.1737512 0.4145033 0.1998938 0.4161543 0.1793739 0.5419269 0.1737512 0.4145033 0.1793739 0.5419269 0.1518984 0.416279 0.1737512 0.4145033 0.1240356 0.422723 0.09180617 0.315056 0.1185443 0.3053958 0.1185443 0.3053958 0.1518984 0.416279 0.1240356 0.422723 0.1240356 0.422723 0.1570213 0.542324 0.1281608 0.5447656 0.1281608 0.5447656 0.094576 0.4295126 0.1240356 0.422723 0.001750588 0.4199615 0.02665442 0.3078877 0.02487874 0.4258648 0.02487874 0.4258648 0.04583537 0.3164812 0.04610222 0.4309517 0.04610222 0.4309517 0.02343219 0.5476536 0.02487874 0.4258648 0.02343219 0.5476536 0.001750588 0.4199615 0.02487874 0.4258648 0.148007 0.9751592 0.1258195 0.970402 0.1463888 0.9511277 0.1463888 0.9511277 0.1674898 0.9555537 0.148007 0.9751592 0.7069045 0.037476 0.7234307 0.035806 0.7311773 0.05037027 0.7311773 0.05037027 0.7421593 0.03928577 0.7579475 0.05037027 0.1579825 0.6299923 0.1793739 0.5419269 0.1810913 0.6299731 0.1810913 0.6299731 0.2107363 0.5588474 0.208732 0.6385057 0.208732 0.6385057 0.182341 0.7141464 0.1810913 0.6299731 0.182341 0.7141464 0.1579825 0.6299923 0.1810913 0.6299731 0.08006346 0.6329125 0.04621589 0.5648502 0.07606983 0.548893 0.07606983 0.548893 0.1030331 0.6316549 0.08006346 0.6329125 0.08006346 0.6329125 0.1088641 0.7221021 0.08530128 0.7240911 0.08530128 0.7240911 0.05308949 0.6429228 0.08006346 0.6329125 0.1304711 0.6307898 0.09893089 0.5474739 0.1281608 0.5447656 0.1281608 0.5447656 0.1579825 0.6299923 0.1304711 0.6307898 0.1304711 0.6307898 0.1587191 0.7156903 0.1337952 0.7189471 0.1337952 0.7189471 0.1030331 0.6316549 0.1304711 0.6307898 0.08694922 0.9964835 0.1047895 0.9778228 0.1072319 1 0.1047895 0.9778228 0.1267149 0.9934988 0.1072319 1 0.7579475 0.05037027 0.7458384 0.02872985 0.7708268 0.03557974 0.7458384 0.02872985 0.7675283 0.01624125 0.7708268 0.03557974 0.03988587 0.9683575 0.0593611 0.9582498 0.06258189 0.9826426 0.06258189 0.9826426 0.08294254 0.9734367 0.08694922 0.9964835 0.7446307 0.002337515 0.7482113 0.01772344 0.7303565 0.01100558 0.7303565 0.01100558 0.7171661 7.89042e-4 0.7446307 0.002337515 0.1863543 0.9492418 0.1667692 0.9312452 0.1881706 0.9245519 0.1863543 0.9492418 0.2099685 0.9315438 0.2039051 0.9559897 0.7027053 0.01654011 0.7172396 0.009497761 0.710479 0.01882451 0.7027053 0.01654011 0.7114562 0.03026396 0.7069045 0.037476 0.2829108 0.07229751 0.2521726 0.001720011 0.3010582 0.06891232 0.3010582 0.06891232 0.323545 0.1204496 0.2829108 0.07229751 0.323545 0.1204496 0.2744593 0.08749651 0.2829108 0.07229751 0.2829108 0.07229751 0.2128291 0.03169012 0.2236543 0.006067574 0.3174504 0.04498738 0.3531592 0.08767747 0.3276227 0.07513386 0.3531592 0.08767747 0.3499382 0.1130911 0.3276227 0.07513386 0.3276227 0.07513386 0.335771 0.1154199 0.3010582 0.06891232 0.3010582 0.06891232 0.3174504 0.04498738 0.3276227 0.07513386 0.4402975 0.08446419 0.403719 0.07484441 0.4537743 0.05655437 0.4537743 0.05655437 0.4662172 0.08389192 0.4402975 0.08446419 0.4402975 0.08446419 0.4285327 0.1192486 0.4137867 0.1167059 0.4137867 0.1167059 0.4131959 0.09369248 0.4402975 0.08446419 0.3698813 0.2590335 0.3537908 0.2231448 0.364669 0.2200708 0.3698813 0.2590335 0.3742939 0.2192844 0.3791752 0.2580461 0.3698813 0.2590335 0.381158 0.2764918 0.3746238 0.2834832 0.3698813 0.2590335 0.3656032 0.2791385 0.3602157 0.2616135 0.3818536 0.1013182 0.370459 0.07206314 0.3882716 0.06250268 0.3818536 0.1013182 0.403719 0.07484441 0.4131959 0.09369248 0.3818536 0.1013182 0.4044335 0.1183832 0.3823022 0.11769 0.3818536 0.1013182 0.3598408 0.1155856 0.3531592 0.08767747 0.4012433 0.260282 0.4116419 0.2237721 0.4107989 0.2618237 0.4116419 0.2237721 0.4211106 0.2631722 0.4107989 0.2618237 0.4107989 0.2618237 0.4149565 0.2810197 0.4054857 0.2850931 0.4107989 0.2618237 0.3987514 0.2778261 0.4012433 0.260282 0.3509654 0.2655618 0.3336827 0.2320921 0.3438113 0.2274402 0.3438113 0.2274402 0.3602157 0.2616135 0.3509654 0.2655618 0.3509654 0.2655618 0.3656032 0.2791385 0.3607845 0.2876867 0.3509654 0.2655618 0.3511753 0.285556 0.3416348 0.2699643 0.3791752 0.2580461 0.3878103 0.2209401 0.3900956 0.2592713 0.3900956 0.2592713 0.4015479 0.222917 0.4012433 0.260282 0.3900956 0.2592713 0.3987514 0.2778261 0.3898004 0.2830908 0.3900956 0.2592713 0.381158 0.2764918 0.3791752 0.2580461 0.1869333 0.8290265 0.1587191 0.7156903 0.182341 0.7141464 0.182341 0.7141464 0.2106676 0.8319674 0.1869333 0.8290265 0.2106676 0.8319674 0.1881706 0.9245519 0.1869333 0.8290265 0.1881706 0.9245519 0.1636094 0.8337957 0.1869333 0.8290265 0.02118682 0.8452987 0.03435665 0.743018 0.04600119 0.8528748 0.03435665 0.743018 0.07060712 0.8610908 0.04600119 0.8528748 0.07060712 0.8610908 0.0593611 0.9582498 0.04600119 0.8528748 0.04600119 0.8528748 0.03500699 0.9431896 0.02118682 0.8452987 0.07060712 0.8610908 0.08530128 0.7240911 0.09438794 0.8630346 0.08530128 0.7240911 0.1177284 0.8581229 0.09438794 0.8630346 0.09438794 0.8630346 0.1258195 0.970402 0.1047895 0.9778228 0.09438794 0.8630346 0.08294254 0.9734367 0.07060712 0.8610908 0.1406851 0.8460199 0.1088641 0.7221021 0.1337952 0.7189471 0.1337952 0.7189471 0.1636094 0.8337957 0.1406851 0.8460199 0.1406851 0.8460199 0.1667692 0.9312452 0.1463888 0.9511277 0.1463888 0.9511277 0.1177284 0.8581229 0.1406851 0.8460199 0.8188205 0.0164538 0.8140893 0.03461408 0.8134429 0.01822018 0.8134429 0.01822018 0.8070425 7.90404e-4 0.8188205 0.0164538 0.06260687 0.006816864 0.0393235 0.03042048 0.04329919 0.004166603 0.04329919 0.004166603 0.01766538 0.02656495 0.02396547 7.904e-4 0.7724261 0.03478825 0.7763124 0.01710855 0.7764086 0.03300386 0.7724261 0.03478825 0.7859166 0.04551076 0.7840683 0.0500164 0.1225941 0.009594142 0.1435544 0.03560703 0.1231943 0.03752404 0.1231943 0.03752404 0.1022543 0.00987035 0.1225941 0.009594142 0.8031725 0.04928153 0.7859166 0.04551076 0.8016909 0.0449472 0.8031725 0.04928153 0.8140893 0.03461408 0.818597 0.03659194 0.1611345 0.005604267 0.1858732 0.02822768 0.1636808 0.03177565 0.1636808 0.03177565 0.1421142 0.008395254 0.1611345 0.005604267 0.1006523 0.1021574 0.07315313 0.1772899 0.07667756 0.100391 0.07667756 0.100391 0.05099368 0.1747469 0.05471563 0.09759718 0.05471563 0.09759718 0.07950156 0.03650486 0.07667756 0.100391 0.07667756 0.100391 0.101451 0.03785413 0.1006523 0.1021574 0.9194388 0.04240638 0.9091103 0.02868193 0.9240285 0.03583163 0.9240285 0.03583163 0.9325548 0.05033141 0.9194388 0.04240638 0.9194388 0.04240638 0.9254475 0.05677098 0.9134746 0.05178922 0.9194388 0.04240638 0.9026775 0.04442703 0.905964 0.03605067 0.8471617 0.0340715 0.860123 0.02256119 0.8617976 0.03119397 0.8617976 0.03119397 0.8763443 0.02147948 0.8764688 0.03002375 0.8617976 0.03119397 0.8763977 0.03910958 0.8637849 0.04218053 0.8617976 0.03119397 0.8504341 0.04278159 0.8471617 0.0340715 0.8764688 0.03002375 0.8928025 0.02411592 0.891223 0.03264105 0.8928025 0.02411592 0.905964 0.03605067 0.891223 0.03264105 0.891223 0.03264105 0.9026775 0.04442703 0.8891393 0.04335761 0.891223 0.03264105 0.8763977 0.03910958 0.8764688 0.03002375 0.07058477 0.4320662 0.09893089 0.5474739 0.07606983 0.548893 0.07606983 0.548893 0.04610222 0.4309517 0.07058477 0.4320662 0.04610222 0.4309517 0.06802529 0.3188442 0.07058477 0.4320662 0.06802529 0.3188442 0.094576 0.4295126 0.07058477 0.4320662 0.01076024 0.222328 0.03430283 0.1689739 0.03037846 0.2318146 0.03037846 0.2318146 0.05099368 0.1747469 0.04741168 0.2402545 0.04741168 0.2402545 0.02665442 0.3078877 0.03037846 0.2318146 0.03037846 0.2318146 0.002875328 0.2867079 0.01076024 0.222328 0.1173037 0.2345989 0.09764629 0.1780438 0.1200832 0.1781094 0.1200832 0.1781094 0.1420441 0.2290439 0.1173037 0.2345989 0.1173037 0.2345989 0.1465969 0.2836314 0.1185443 0.3053958 0.1185443 0.3053958 0.09320461 0.2403807 0.1173037 0.2345989 0.6582617 0.1185312 0.6662769 0.06968539 0.676922 0.08038252 0.6662769 0.06968539 0.6919891 0.05766505 0.676922 0.08038252 0.676922 0.08038252 0.6931202 0.07119613 0.6851879 0.08597111 0.676922 0.08038252 0.6698663 0.1168375 0.6582617 0.1185312 0.1640446 0.09665584 0.1435544 0.03560703 0.1636808 0.03177565 0.1636808 0.03177565 0.1868596 0.09207272 0.1640446 0.09665584 0.1868596 0.09207272 0.161794 0.1475272 0.1640446 0.09665584 0.161794 0.1475272 0.143981 0.1018603 0.1640446 0.09665584 0.1006523 0.1021574 0.1231943 0.03752404 0.1232624 0.1029511 0.1231943 0.03752404 0.143981 0.1018603 0.1232624 0.1029511 0.143981 0.1018603 0.1200832 0.1781094 0.1232624 0.1029511 0.1200832 0.1781094 0.1006523 0.1021574 0.1232624 0.1029511 0.01421856 0.0908904 0.0393235 0.03042048 0.0360856 0.09349066 0.0360856 0.09349066 0.05890399 0.03434383 0.05471563 0.09759718 0.05471563 0.09759718 0.03430283 0.1689739 0.0360856 0.09349066 0.0360856 0.09349066 0.009128272 0.1622309 0.01421856 0.0908904 0.06921404 0.2426545 0.09180617 0.315056 0.06802529 0.3188442 0.06921404 0.2426545 0.04583537 0.3164812 0.04741168 0.2402545 0.04741168 0.2402545 0.07315313 0.1772899 0.06921404 0.2426545 0.07315313 0.1772899 0.09320461 0.2403807 0.06921404 0.2426545 0.5521315 0.08297413 0.5692469 0.1070844 0.5579065 0.111214 0.5579065 0.111214 0.5415912 0.08507752 0.5521315 0.08297413 0.5521315 0.08297413 0.5427975 0.06803321 0.5523894 0.06629818 0.5523894 0.06629818 0.5646012 0.07949537 0.5521315 0.08297413 0.6096245 0.2229937 0.6156849 0.2060906 0.6152986 0.2236942 0.6152986 0.2236942 0.6231027 0.2086684 0.6200652 0.2262731 0.6200652 0.2262731 0.6150496 0.2303996 0.6152986 0.2236942 0.6152986 0.2236942 0.6095537 0.2288002 0.6096245 0.2229937 0.5715084 0.05691689 0.594708 0.07005202 0.5786868 0.07608789 0.594708 0.07005202 0.5838972 0.108815 0.5786868 0.07608789 0.5786868 0.07608789 0.5692469 0.1070844 0.5646012 0.07949537 0.5786868 0.07608789 0.5631523 0.06699442 0.5715084 0.05691689 0.5539419 0.04852825 0.5320726 0.01321554 0.5586418 0 0.5539419 0.04852825 0.5821958 0.01711946 0.5715084 0.05691689 0.5539419 0.04852825 0.5631523 0.06699442 0.5523894 0.06629818 0.5523894 0.06629818 0.5382182 0.05534279 0.5539419 0.04852825 0.6200652 0.2262731 0.6315557 0.2114107 0.6270581 0.2312005 0.6270581 0.2312005 0.6398807 0.2131224 0.6343215 0.2352896 0.6270581 0.2312005 0.6310511 0.2385267 0.6251506 0.2363325 0.6270581 0.2312005 0.6198075 0.231142 0.6200652 0.2262731 0.5901734 0.2332341 0.5766951 0.2164395 0.5839979 0.2114233 0.5839979 0.2114233 0.5958463 0.227879 0.5901734 0.2332341 0.5901734 0.2332341 0.5971833 0.2331991 0.592577 0.2387726 0.592577 0.2387726 0.5839783 0.2380472 0.5901734 0.2332341 0.6021771 0.2247716 0.5915464 0.2064825 0.599532 0.204223 0.599532 0.204223 0.6096245 0.2229937 0.6021771 0.2247716 0.6021771 0.2247716 0.6095537 0.2288002 0.6031395 0.232084 0.6031395 0.232084 0.5958463 0.227879 0.6021771 0.2247716 0.5819632 0.1576364 0.5838972 0.108815 0.5935071 0.1585649 0.5935071 0.1585649 0.6026744 0.1201381 0.6037587 0.162427 0.6037587 0.162427 0.599532 0.204223 0.5935071 0.1585649 0.5935071 0.1585649 0.5915464 0.2064825 0.5819632 0.1576364 0.5725587 0.1621237 0.5492545 0.1185734 0.5579065 0.111214 0.5579065 0.111214 0.5819632 0.1576364 0.5725587 0.1621237 0.5725587 0.1621237 0.5915464 0.2064825 0.5839979 0.2114233 0.5839979 0.2114233 0.5646269 0.1691175 0.5725587 0.1621237 0.6390681 0.1674321 0.6397438 0.125245 0.6582617 0.1185312 0.6582617 0.1185312 0.6494852 0.1656488 0.6390681 0.1674321 0.6390681 0.1674321 0.6398807 0.2131224 0.6315557 0.2114107 0.6315557 0.2114107 0.6290544 0.1683413 0.6390681 0.1674321 0.6037587 0.162427 0.6217655 0.1488054 0.6159631 0.1664814 0.6217655 0.1488054 0.6290544 0.1683413 0.6159631 0.1664814 0.6290544 0.1683413 0.6156849 0.2060906 0.6159631 0.1664814 0.6159631 0.1664814 0.6080521 0.2041509 0.6037587 0.162427 0.3679061 0.1648613 0.3823022 0.11769 0.3841564 0.1660836 0.3841564 0.1660836 0.4044335 0.1183832 0.4007777 0.1686664 0.4007777 0.1686664 0.3878103 0.2209401 0.3841564 0.1660836 0.3841564 0.1660836 0.3742939 0.2192844 0.3679061 0.1648613 0.3371872 0.175492 0.31143 0.1284626 0.323545 0.1204496 0.323545 0.1204496 0.347594 0.1705759 0.3371872 0.175492 0.3371872 0.175492 0.3537908 0.2231448 0.3438113 0.2274402 0.3438113 0.2274402 0.3260573 0.180476 0.3371872 0.175492 0.4101825 0.1699424 0.4044335 0.1183832 0.4137867 0.1167059 0.4137867 0.1167059 0.4229277 0.1719889 0.4101825 0.1699424 0.4101825 0.1699424 0.4226974 0.2240291 0.4116419 0.2237721 0.4101825 0.1699424 0.4015479 0.222917 0.4007777 0.1686664 0.347594 0.1705759 0.3499382 0.1130911 0.358731 0.1665714 0.358731 0.1665714 0.3598408 0.1155856 0.3679061 0.1648613 0.3679061 0.1648613 0.364669 0.2200708 0.358731 0.1665714 0.364669 0.2200708 0.347594 0.1705759 0.358731 0.1665714 0.08207046 0.008604347 0.1022543 0.00987035 0.101451 0.03785413 0.07950156 0.03650486 0.05890399 0.03434383 0.06260687 0.006816864 0.7875504 0.001446962 0.8070425 7.90404e-4 0.8032495 0.005849838 0.7879145 0.006814718 0.7763124 0.01710855 0.7724261 0.01465421 0.8335431 0.04134255 0.8209326 0.0507819 0.8164604 0.04379093 0.8335431 0.04134255 0.8293339 0.03413158 0.8439185 0.02617156 0.8335431 0.04134255 0.8471617 0.0340715 0.8504341 0.04278159 0.8335431 0.04134255 0.8398036 0.05079758 0.8283452 0.05677098 0.1518984 0.416279 0.1465969 0.2836314 0.1714106 0.2998303 0.1714106 0.2998303 0.1956645 0.2823083 0.1998938 0.4161543 0.1998938 0.4161543 0.2107363 0.5588474 0.1793739 0.5419269 0.1793739 0.5419269 0.1570213 0.542324 0.1518984 0.416279 0.1240356 0.422723 0.094576 0.4295126 0.09180617 0.315056 0.1185443 0.3053958 0.1465969 0.2836314 0.1518984 0.416279 0.1240356 0.422723 0.1518984 0.416279 0.1570213 0.542324 0.1281608 0.5447656 0.09893089 0.5474739 0.094576 0.4295126 0.001750588 0.4199615 0.002875328 0.2867079 0.02665442 0.3078877 0.02487874 0.4258648 0.02665442 0.3078877 0.04583537 0.3164812 0.04610222 0.4309517 0.04621589 0.5648502 0.02343219 0.5476536 0.02343219 0.5476536 0 0.5620411 0.001750588 0.4199615 0.148007 0.9751592 0.1267149 0.9934988 0.1258195 0.970402 0.1463888 0.9511277 0.1667692 0.9312452 0.1674898 0.9555537 0.7069045 0.037476 0.7114562 0.03026396 0.7234307 0.035806 0.7311773 0.05037027 0.7234307 0.035806 0.7421593 0.03928577 0.1579825 0.6299923 0.1570213 0.542324 0.1793739 0.5419269 0.1810913 0.6299731 0.1793739 0.5419269 0.2107363 0.5588474 0.208732 0.6385057 0.2107363 0.7094483 0.182341 0.7141464 0.182341 0.7141464 0.1587191 0.7156903 0.1579825 0.6299923 0.08006346 0.6329125 0.05308949 0.6429228 0.04621589 0.5648502 0.07606983 0.548893 0.09893089 0.5474739 0.1030331 0.6316549 0.08006346 0.6329125 0.1030331 0.6316549 0.1088641 0.7221021 0.08530128 0.7240911 0.05688881 0.7178862 0.05308949 0.6429228 0.1304711 0.6307898 0.1030331 0.6316549 0.09893089 0.5474739 0.1281608 0.5447656 0.1570213 0.542324 0.1579825 0.6299923 0.1304711 0.6307898 0.1579825 0.6299923 0.1587191 0.7156903 0.1337952 0.7189471 0.1088641 0.7221021 0.1030331 0.6316549 0.08694922 0.9964835 0.08294254 0.9734367 0.1047895 0.9778228 0.1047895 0.9778228 0.1258195 0.970402 0.1267149 0.9934988 0.7579475 0.05037027 0.7421593 0.03928577 0.7458384 0.02872985 0.7458384 0.02872985 0.7482113 0.01772344 0.7675283 0.01624125 0.03988587 0.9683575 0.03500699 0.9431896 0.0593611 0.9582498 0.06258189 0.9826426 0.0593611 0.9582498 0.08294254 0.9734367 0.7446307 0.002337515 0.7675283 0.01624125 0.7482113 0.01772344 0.7303565 0.01100558 0.7172396 0.009497761 0.7171661 7.89042e-4 0.1863543 0.9492418 0.1674898 0.9555537 0.1667692 0.9312452 0.1863543 0.9492418 0.1881706 0.9245519 0.2099685 0.9315438 0.7027053 0.01654011 0.7171661 7.89042e-4 0.7172396 0.009497761 0.7027053 0.01654011 0.710479 0.01882451 0.7114562 0.03026396 0.2829108 0.07229751 0.2236543 0.006067574 0.2521726 0.001720011 0.3010582 0.06891232 0.335771 0.1154199 0.323545 0.1204496 0.323545 0.1204496 0.31143 0.1284626 0.2744593 0.08749651 0.2829108 0.07229751 0.2744593 0.08749651 0.2128291 0.03169012 0.3174504 0.04498738 0.370459 0.07206314 0.3531592 0.08767747 0.3531592 0.08767747 0.3598408 0.1155856 0.3499382 0.1130911 0.3276227 0.07513386 0.3499382 0.1130911 0.335771 0.1154199 0.3010582 0.06891232 0.2521726 0.001720011 0.3174504 0.04498738 0.4402975 0.08446419 0.4131959 0.09369248 0.403719 0.07484441 0.4537743 0.05655437 0.529886 0.02932947 0.4662172 0.08389192 0.4402975 0.08446419 0.4662172 0.08389192 0.4285327 0.1192486 0.4137867 0.1167059 0.4044335 0.1183832 0.4131959 0.09369248 0.3698813 0.2590335 0.3602157 0.2616135 0.3537908 0.2231448 0.3698813 0.2590335 0.364669 0.2200708 0.3742939 0.2192844 0.3698813 0.2590335 0.3791752 0.2580461 0.381158 0.2764918 0.3698813 0.2590335 0.3746238 0.2834832 0.3656032 0.2791385 0.3818536 0.1013182 0.3531592 0.08767747 0.370459 0.07206314 0.3818536 0.1013182 0.3882716 0.06250268 0.403719 0.07484441 0.3818536 0.1013182 0.4131959 0.09369248 0.4044335 0.1183832 0.3818536 0.1013182 0.3823022 0.11769 0.3598408 0.1155856 0.4012433 0.260282 0.4015479 0.222917 0.4116419 0.2237721 0.4116419 0.2237721 0.4226974 0.2240291 0.4211106 0.2631722 0.4107989 0.2618237 0.4211106 0.2631722 0.4149565 0.2810197 0.4107989 0.2618237 0.4054857 0.2850931 0.3987514 0.2778261 0.3509654 0.2655618 0.3416348 0.2699643 0.3336827 0.2320921 0.3438113 0.2274402 0.3537908 0.2231448 0.3602157 0.2616135 0.3509654 0.2655618 0.3602157 0.2616135 0.3656032 0.2791385 0.3509654 0.2655618 0.3607845 0.2876867 0.3511753 0.285556 0.3791752 0.2580461 0.3742939 0.2192844 0.3878103 0.2209401 0.3900956 0.2592713 0.3878103 0.2209401 0.4015479 0.222917 0.3900956 0.2592713 0.4012433 0.260282 0.3987514 0.2778261 0.3900956 0.2592713 0.3898004 0.2830908 0.381158 0.2764918 0.1869333 0.8290265 0.1636094 0.8337957 0.1587191 0.7156903 0.182341 0.7141464 0.2107363 0.7094483 0.2106676 0.8319674 0.2106676 0.8319674 0.2099685 0.9315438 0.1881706 0.9245519 0.1881706 0.9245519 0.1667692 0.9312452 0.1636094 0.8337957 0.02118682 0.8452987 0.004974365 0.7240039 0.03435665 0.743018 0.03435665 0.743018 0.05688881 0.7178862 0.07060712 0.8610908 0.07060712 0.8610908 0.08294254 0.9734367 0.0593611 0.9582498 0.04600119 0.8528748 0.0593611 0.9582498 0.03500699 0.9431896 0.07060712 0.8610908 0.05688881 0.7178862 0.08530128 0.7240911 0.08530128 0.7240911 0.1088641 0.7221021 0.1177284 0.8581229 0.09438794 0.8630346 0.1177284 0.8581229 0.1258195 0.970402 0.09438794 0.8630346 0.1047895 0.9778228 0.08294254 0.9734367 0.1406851 0.8460199 0.1177284 0.8581229 0.1088641 0.7221021 0.1337952 0.7189471 0.1587191 0.7156903 0.1636094 0.8337957 0.1406851 0.8460199 0.1636094 0.8337957 0.1667692 0.9312452 0.1463888 0.9511277 0.1258195 0.970402 0.1177284 0.8581229 0.8188205 0.0164538 0.818597 0.03659194 0.8140893 0.03461408 0.8134429 0.01822018 0.8032495 0.005849838 0.8070425 7.90404e-4 0.06260687 0.006816864 0.05890399 0.03434383 0.0393235 0.03042048 0.04329919 0.004166603 0.0393235 0.03042048 0.01766538 0.02656495 0.7724261 0.03478825 0.7724261 0.01465421 0.7763124 0.01710855 0.7724261 0.03478825 0.7764086 0.03300386 0.7859166 0.04551076 0.1225941 0.009594142 0.1421142 0.008395254 0.1435544 0.03560703 0.1231943 0.03752404 0.101451 0.03785413 0.1022543 0.00987035 0.8031725 0.04928153 0.7840683 0.0500164 0.7859166 0.04551076 0.8031725 0.04928153 0.8016909 0.0449472 0.8140893 0.03461408 0.1611345 0.005604267 0.1804057 0.002435266 0.1858732 0.02822768 0.1636808 0.03177565 0.1435544 0.03560703 0.1421142 0.008395254 0.1006523 0.1021574 0.09764629 0.1780438 0.07315313 0.1772899 0.07667756 0.100391 0.07315313 0.1772899 0.05099368 0.1747469 0.05471563 0.09759718 0.05890399 0.03434383 0.07950156 0.03650486 0.07667756 0.100391 0.07950156 0.03650486 0.101451 0.03785413 0.9194388 0.04240638 0.905964 0.03605067 0.9091103 0.02868193 0.9240285 0.03583163 0.9376248 0.04386472 0.9325548 0.05033141 0.9194388 0.04240638 0.9325548 0.05033141 0.9254475 0.05677098 0.9194388 0.04240638 0.9134746 0.05178922 0.9026775 0.04442703 0.8471617 0.0340715 0.8439185 0.02617156 0.860123 0.02256119 0.8617976 0.03119397 0.860123 0.02256119 0.8763443 0.02147948 0.8617976 0.03119397 0.8764688 0.03002375 0.8763977 0.03910958 0.8617976 0.03119397 0.8637849 0.04218053 0.8504341 0.04278159 0.8764688 0.03002375 0.8763443 0.02147948 0.8928025 0.02411592 0.8928025 0.02411592 0.9091103 0.02868193 0.905964 0.03605067 0.891223 0.03264105 0.905964 0.03605067 0.9026775 0.04442703 0.891223 0.03264105 0.8891393 0.04335761 0.8763977 0.03910958 0.07058477 0.4320662 0.094576 0.4295126 0.09893089 0.5474739 0.07606983 0.548893 0.04621589 0.5648502 0.04610222 0.4309517 0.04610222 0.4309517 0.04583537 0.3164812 0.06802529 0.3188442 0.06802529 0.3188442 0.09180617 0.315056 0.094576 0.4295126 0.01076024 0.222328 0.009128272 0.1622309 0.03430283 0.1689739 0.03037846 0.2318146 0.03430283 0.1689739 0.05099368 0.1747469 0.04741168 0.2402545 0.04583537 0.3164812 0.02665442 0.3078877 0.03037846 0.2318146 0.02665442 0.3078877 0.002875328 0.2867079 0.1173037 0.2345989 0.09320461 0.2403807 0.09764629 0.1780438 0.1200832 0.1781094 0.1461088 0.1795547 0.1420441 0.2290439 0.1173037 0.2345989 0.1420441 0.2290439 0.1465969 0.2836314 0.1185443 0.3053958 0.09180617 0.315056 0.09320461 0.2403807 0.6582617 0.1185312 0.6397438 0.125245 0.6662769 0.06968539 0.6662769 0.06968539 0.7014185 0.01585716 0.6919891 0.05766505 0.676922 0.08038252 0.6919891 0.05766505 0.6931202 0.07119613 0.676922 0.08038252 0.6851879 0.08597111 0.6698663 0.1168375 0.1640446 0.09665584 0.143981 0.1018603 0.1435544 0.03560703 0.1636808 0.03177565 0.1858732 0.02822768 0.1868596 0.09207272 0.1868596 0.09207272 0.1868984 0.1638829 0.161794 0.1475272 0.161794 0.1475272 0.1461088 0.1795547 0.143981 0.1018603 0.1006523 0.1021574 0.101451 0.03785413 0.1231943 0.03752404 0.1231943 0.03752404 0.1435544 0.03560703 0.143981 0.1018603 0.143981 0.1018603 0.1461088 0.1795547 0.1200832 0.1781094 0.1200832 0.1781094 0.09764629 0.1780438 0.1006523 0.1021574 0.01421856 0.0908904 0.01766538 0.02656495 0.0393235 0.03042048 0.0360856 0.09349066 0.0393235 0.03042048 0.05890399 0.03434383 0.05471563 0.09759718 0.05099368 0.1747469 0.03430283 0.1689739 0.0360856 0.09349066 0.03430283 0.1689739 0.009128272 0.1622309 0.06921404 0.2426545 0.09320461 0.2403807 0.09180617 0.315056 0.06921404 0.2426545 0.06802529 0.3188442 0.04583537 0.3164812 0.04741168 0.2402545 0.05099368 0.1747469 0.07315313 0.1772899 0.07315313 0.1772899 0.09764629 0.1780438 0.09320461 0.2403807 0.5521315 0.08297413 0.5646012 0.07949537 0.5692469 0.1070844 0.5579065 0.111214 0.5492545 0.1185734 0.5415912 0.08507752 0.5521315 0.08297413 0.5415912 0.08507752 0.5427975 0.06803321 0.5523894 0.06629818 0.5631523 0.06699442 0.5646012 0.07949537 0.6096245 0.2229937 0.6080521 0.2041509 0.6156849 0.2060906 0.6152986 0.2236942 0.6156849 0.2060906 0.6231027 0.2086684 0.6200652 0.2262731 0.6198075 0.231142 0.6150496 0.2303996 0.6152986 0.2236942 0.6150496 0.2303996 0.6095537 0.2288002 0.5715084 0.05691689 0.5821958 0.01711946 0.594708 0.07005202 0.594708 0.07005202 0.6026744 0.1201381 0.5838972 0.108815 0.5786868 0.07608789 0.5838972 0.108815 0.5692469 0.1070844 0.5786868 0.07608789 0.5646012 0.07949537 0.5631523 0.06699442 0.5539419 0.04852825 0.5382182 0.05534279 0.5320726 0.01321554 0.5539419 0.04852825 0.5586418 0 0.5821958 0.01711946 0.5539419 0.04852825 0.5715084 0.05691689 0.5631523 0.06699442 0.5523894 0.06629818 0.5427975 0.06803321 0.5382182 0.05534279 0.6200652 0.2262731 0.6231027 0.2086684 0.6315557 0.2114107 0.6270581 0.2312005 0.6315557 0.2114107 0.6398807 0.2131224 0.6270581 0.2312005 0.6343215 0.2352896 0.6310511 0.2385267 0.6270581 0.2312005 0.6251506 0.2363325 0.6198075 0.231142 0.5901734 0.2332341 0.5839783 0.2380472 0.5766951 0.2164395 0.5839979 0.2114233 0.5915464 0.2064825 0.5958463 0.227879 0.5901734 0.2332341 0.5958463 0.227879 0.5971833 0.2331991 0.592577 0.2387726 0.5873827 0.2411428 0.5839783 0.2380472 0.6021771 0.2247716 0.5958463 0.227879 0.5915464 0.2064825 0.599532 0.204223 0.6080521 0.2041509 0.6096245 0.2229937 0.6021771 0.2247716 0.6096245 0.2229937 0.6095537 0.2288002 0.6031395 0.232084 0.5971833 0.2331991 0.5958463 0.227879 0.5819632 0.1576364 0.5692469 0.1070844 0.5838972 0.108815 0.5935071 0.1585649 0.5838972 0.108815 0.6026744 0.1201381 0.6037587 0.162427 0.6080521 0.2041509 0.599532 0.204223 0.5935071 0.1585649 0.599532 0.204223 0.5915464 0.2064825 0.5725587 0.1621237 0.5646269 0.1691175 0.5492545 0.1185734 0.5579065 0.111214 0.5692469 0.1070844 0.5819632 0.1576364 0.5725587 0.1621237 0.5819632 0.1576364 0.5915464 0.2064825 0.5839979 0.2114233 0.5766951 0.2164395 0.5646269 0.1691175 0.6390681 0.1674321 0.6290544 0.1683413 0.6397438 0.125245 0.6582617 0.1185312 0.6698663 0.1168375 0.6494852 0.1656488 0.6390681 0.1674321 0.6494852 0.1656488 0.6398807 0.2131224 0.6315557 0.2114107 0.6231027 0.2086684 0.6290544 0.1683413 0.6037587 0.162427 0.6026744 0.1201381 0.6217655 0.1488054 0.6217655 0.1488054 0.6397438 0.125245 0.6290544 0.1683413 0.6290544 0.1683413 0.6231027 0.2086684 0.6156849 0.2060906 0.6159631 0.1664814 0.6156849 0.2060906 0.6080521 0.2041509 0.3679061 0.1648613 0.3598408 0.1155856 0.3823022 0.11769 0.3841564 0.1660836 0.3823022 0.11769 0.4044335 0.1183832 0.4007777 0.1686664 0.4015479 0.222917 0.3878103 0.2209401 0.3841564 0.1660836 0.3878103 0.2209401 0.3742939 0.2192844 0.3371872 0.175492 0.3260573 0.180476 0.31143 0.1284626 0.323545 0.1204496 0.335771 0.1154199 0.347594 0.1705759 0.3371872 0.175492 0.347594 0.1705759 0.3537908 0.2231448 0.3438113 0.2274402 0.3336827 0.2320921 0.3260573 0.180476 0.4101825 0.1699424 0.4007777 0.1686664 0.4044335 0.1183832 0.4137867 0.1167059 0.4285327 0.1192486 0.4229277 0.1719889 0.4101825 0.1699424 0.4229277 0.1719889 0.4226974 0.2240291 0.4101825 0.1699424 0.4116419 0.2237721 0.4015479 0.222917 0.347594 0.1705759 0.335771 0.1154199 0.3499382 0.1130911 0.358731 0.1665714 0.3499382 0.1130911 0.3598408 0.1155856 0.3679061 0.1648613 0.3742939 0.2192844 0.364669 0.2200708 0.364669 0.2200708 0.3537908 0.2231448 0.347594 0.1705759 0.7239326 0.02264171 0.7114562 0.03026396 0.710479 0.01882451 0.7239326 0.02264171 0.7172396 0.009497761 0.7303565 0.01100558 0.7303565 0.01100558 0.7458384 0.02872985 0.7239326 0.02264171 0.7458384 0.02872985 0.7234307 0.035806 0.7239326 0.02264171 0.5224174 0.04918605 0.5337771 0.05975979 0.5228371 0.06018114 0.5337771 0.05975979 0.5232641 0.07117581 0.5228371 0.06018114 0.5232641 0.07117581 0.5118902 0.06060242 0.5228371 0.06018114 0.5118902 0.06060242 0.5224174 0.04918605 0.5228371 0.06018114 0.8721644 0.06111782 0.886892 0.0694034 0.8766667 0.07681828 0.8721644 0.06111782 0.8639174 0.07665717 0.8568251 0.06598383 0.8721644 0.06111782 0.8568251 0.05301702 0.8673058 0.04551196 0.8721644 0.06111782 0.8797848 0.04572266 0.8871532 0.05634456 0.7041923 0.05236655 0.6988185 0.0450375 0.7039215 0.04363471 0.7041923 0.05236655 0.7080139 0.0449801 0.7100082 0.05194067 0.7041923 0.05236655 0.7085409 0.05801683 0.7032877 0.05987399 0.7041923 0.05236655 0.697201 0.05712312 0.697201 0.0515564 0.7239326 0.02264171 0.7234307 0.035806 0.7114562 0.03026396 0.7239326 0.02264171 0.710479 0.01882451 0.7172396 0.009497761 0.7303565 0.01100558 0.7482113 0.01772344 0.7458384 0.02872985 0.7458384 0.02872985 0.7421593 0.03928577 0.7234307 0.035806 0.5224174 0.04918605 0.5327438 0.04876786 0.5337771 0.05975979 0.5337771 0.05975979 0.5335919 0.07079857 0.5232641 0.07117581 0.5232641 0.07117581 0.512696 0.07105153 0.5118902 0.06060242 0.5118902 0.06060242 0.5118902 0.05012232 0.5224174 0.04918605 0.8721644 0.06111782 0.8871532 0.05634456 0.886892 0.0694034 0.8721644 0.06111782 0.8766667 0.07681828 0.8639174 0.07665717 0.8721644 0.06111782 0.8568251 0.06598383 0.8568251 0.05301702 0.8721644 0.06111782 0.8673058 0.04551196 0.8797848 0.04572266 0.7041923 0.05236655 0.697201 0.0515564 0.6988185 0.0450375 0.7041923 0.05236655 0.7039215 0.04363471 0.7080139 0.0449801 0.7041923 0.05236655 0.7100082 0.05194067 0.7085409 0.05801683 0.7041923 0.05236655 0.7032877 0.05987399 0.697201 0.05712312</float_array>
          <technique_common>
            <accessor source="#Mesh_006-mesh-map-array" count="1392" stride="2">
              <param name="S" type="float"/>
              <param name="T" type="float"/>
            </accessor>
          </technique_common>
        </source>
        <vertices id="Mesh_006-mesh-vertices">
          <input semantic="POSITION" source="#Mesh_006-mesh-positions"/>
        </vertices>
        <triangles material="Bark7_001-material" count="432">
          <input semantic="VERTEX" source="#Mesh_006-mesh-vertices" offset="0"/>
          <input semantic="NORMAL" source="#Mesh_006-mesh-normals" offset="1"/>
          <input semantic="TEXCOORD" source="#Mesh_006-mesh-map" offset="2" set="0"/>
          <p>0 0 0 202 1 1 117 2 2 117 3 3 60 4 4 0 4 5 0 5 6 177 6 7 61 7 8 61 8 9 110 9 10 0 10 11 1 11 12 177 12 13 63 13 14 1 14 15 181 15 16 122 16 17 1 17 18 209 18 19 120 19 20 1 20 21 206 21 22 123 22 23 129 23 24 133 24 25 2 25 26 133 26 27 66 27 28 2 28 29 66 29 30 67 30 31 2 31 32 67 32 33 129 33 34 2 34 35 3 35 36 210 36 37 132 37 38 132 38 39 129 39 40 3 40 41 3 41 42 178 42 43 68 43 44 68 44 45 58 45 46 3 46 47 66 47 48 131 48 49 4 49 50 4 50 51 212 51 52 128 52 53 128 53 54 69 54 55 4 55 56 69 56 57 66 57 58 4 58 59 5 59 60 199 60 61 109 61 62 109 62 63 82 63 64 5 64 65 82 65 66 80 66 67 5 67 68 5 68 69 186 69 70 103 70 71 76 71 72 67 72 73 6 73 74 6 74 75 179 75 76 75 76 77 75 77 78 71 78 79 6 79 80 71 80 81 76 81 82 6 82 83 7 83 84 175 84 85 59 85 86 59 86 87 77 87 88 7 88 89 7 89 90 182 90 91 70 91 92 70 92 93 74 93 94 7 94 95 8 95 96 174 96 97 68 97 98 68 98 99 76 99 100 8 100 101 8 101 102 185 102 103 72 103 104 72 104 105 77 105 106 8 106 107 104 107 108 108 108 109 10 109 110 108 110 111 103 111 112 10 112 113 103 113 114 78 114 115 10 115 116 78 116 117 104 117 118 10 118 119 105 119 120 107 120 121 11 121 122 11 122 123 200 123 124 104 124 125 11 125 126 187 126 127 81 127 128 81 128 129 105 129 130 11 130 131 12 131 132 198 132 133 106 133 134 12 134 135 201 135 136 105 136 137 12 137 138 188 138 139 79 139 140 12 140 141 189 141 142 82 142 143 13 143 144 175 144 145 87 145 146 87 146 147 86 147 148 13 148 149 86 149 150 88 150 151 13 151 152 13 152 153 179 153 154 69 154 155 74 155 156 91 156 157 14 157 158 91 158 159 89 159 160 14 160 161 14 161 162 191 162 163 87 163 164 87 164 165 74 165 166 14 166 167 15 167 168 184 168 169 75 169 170 75 170 171 88 171 172 15 172 173 15 173 174 190 174 175 92 175 176 92 176 177 90 177 178 15 178 179 16 179 180 231 180 181 173 181 182 16 182 183 230 183 184 98 184 185 16 185 186 196 186 187 95 187 188 16 188 189 195 189 190 167 190 191 17 191 192 183 192 193 73 193 194 17 194 195 184 195 196 90 196 197 17 197 198 193 198 199 93 199 200 17 200 201 192 201 202 91 202 203 169 203 204 172 204 205 19 205 206 172 206 207 100 207 208 19 208 209 19 209 210 194 210 211 96 211 212 19 212 213 197 213 214 169 214 215 20 215 216 232 216 217 171 217 218 171 218 219 167 219 220 20 220 221 20 221 222 195 222 223 94 223 224 20 224 225 194 225 226 100 226 227 98 227 228 170 228 229 21 229 230 21 230 231 233 231 232 169 232 233 21 233 234 197 234 235 97 235 236 21 236 237 196 237 238 98 238 239 22 239 240 185 240 241 71 241 242 71 242 243 85 243 244 22 244 245 85 245 246 106 246 247 22 247 248 106 248 249 102 249 250 22 239 251 85 250 252 73 251 253 23 252 254 73 253 255 84 254 256 23 255 257 84 254 258 107 256 259 23 255 260 23 252 261 201 257 262 85 250 263 84 258 264 70 259 265 24 260 266 70 261 267 83 262 268 24 263 269 24 264 270 199 265 271 108 265 272 24 266 273 200 267 274 84 266 275 25 268 276 182 269 277 72 104 278 72 270 279 102 271 280 25 272 281 25 272 282 198 273 283 109 274 284 109 275 285 83 276 286 25 277 287 26 278 288 181 279 289 63 280 290 63 281 291 60 282 292 26 283 293 60 284 294 114 285 295 26 286 296 26 287 297 205 288 298 113 289 299 27 290 300 176 291 301 62 292 302 27 293 303 180 294 304 65 295 305 27 296 306 204 297 307 115 298 308 115 299 309 110 300 310 27 301 311 28 302 312 180 303 313 64 304 314 28 305 315 181 306 316 113 307 317 28 308 318 205 309 319 116 310 320 116 311 321 65 312 322 28 313 323 136 314 324 141 315 325 29 316 326 29 317 327 214 318 328 111 319 329 111 320 330 117 321 331 29 320 332 29 316 333 202 322 334 136 314 335 31 323 336 176 324 337 61 325 338 61 326 339 123 327 340 31 326 341 31 328 342 206 329 343 118 330 344 31 331 345 207 332 346 124 333 347 122 334 348 64 335 349 32 336 350 32 337 351 180 338 352 125 339 353 32 340 354 208 341 355 121 342 356 32 343 357 209 344 358 122 345 359 125 346 360 62 347 361 33 348 362 62 349 363 124 350 364 33 351 365 33 352 366 207 353 367 119 354 368 33 355 369 208 356 370 125 357 371 34 358 372 174 359 373 59 360 374 59 361 375 128 362 376 34 363 377 128 364 378 130 365 379 34 366 380 130 367 381 58 368 382 34 369 383 127 370 384 140 371 385 35 372 386 35 373 387 214 374 388 134 375 389 134 376 390 131 377 391 35 378 392 35 379 393 211 380 394 127 381 395 36 382 396 216 383 397 139 384 398 139 385 399 135 386 400 36 387 401 36 388 402 213 389 403 132 390 404 132 391 405 126 392 406 36 393 407 147 394 408 127 395 409 37 396 410 127 397 411 146 398 412 37 399 413 37 400 414 219 401 415 142 402 416 37 403 417 218 404 418 147 405 419 38 406 420 204 407 421 116 408 422 116 409 423 137 410 424 38 411 425 137 412 426 138 413 427 38 414 428 138 415 429 112 416 430 38 417 431 136 418 432 115 419 433 39 420 434 115 421 435 112 422 436 39 423 437 112 424 438 139 425 439 39 426 440 139 384 441 136 427 442 39 428 443 137 429 444 114 430 445 40 431 446 40 432 447 203 433 448 111 434 449 111 435 450 140 436 451 40 437 452 40 438 453 217 439 454 137 440 455 41 441 456 210 442 457 130 443 458 41 444 459 212 445 460 134 446 461 134 447 462 141 448 463 41 449 464 141 450 465 126 451 466 41 452 467 42 453 468 221 454 469 145 455 470 145 456 471 142 457 472 42 458 473 42 459 474 219 460 475 143 461 476 143 462 477 144 463 478 42 464 479 159 465 480 165 466 481 43 467 482 43 468 483 226 469 484 154 470 485 154 471 486 150 472 487 43 473 488 43 474 489 223 475 490 159 476 491 149 477 492 135 478 493 44 479 494 135 480 495 148 481 496 44 482 497 44 483 498 221 484 499 144 485 500 44 486 501 220 487 502 149 488 503 45 489 504 211 490 505 133 491 506 45 492 507 213 493 508 149 494 509 45 495 510 220 496 511 143 497 512 143 498 513 146 499 514 45 500 515 154 501 516 164 502 517 47 503 518 47 504 519 228 505 520 156 506 521 47 507 522 224 508 523 152 509 524 47 510 525 222 511 526 154 512 527 48 513 528 228 514 529 163 515 530 163 516 531 157 517 532 48 518 533 48 519 534 225 520 535 151 521 536 151 522 537 156 523 538 48 524 539 49 525 540 229 526 541 162 527 542 162 528 543 159 529 544 49 530 545 49 531 546 223 532 547 153 533 548 153 534 549 157 535 550 49 536 551 161 537 552 148 538 553 50 539 554 50 540 555 215 541 556 155 542 557 155 543 558 162 544 559 50 545 560 50 546 561 229 547 562 161 548 563 51 549 564 218 550 565 145 551 566 145 552 567 161 553 568 51 554 569 51 555 570 229 556 571 163 516 572 163 557 573 160 558 574 51 559 575 52 560 576 217 561 577 147 562 578 147 563 579 160 564 580 52 565 581 52 566 582 228 567 583 164 568 584 164 569 585 158 570 586 52 571 587 155 572 588 138 573 589 53 574 590 138 575 591 158 576 592 53 577 593 158 578 594 165 579 595 53 580 596 53 581 597 227 582 598 155 583 599 166 584 600 93 585 601 54 586 602 54 587 603 193 588 604 101 589 605 101 590 606 170 591 607 54 592 608 54 593 609 230 594 610 166 595 611 55 596 612 190 597 613 86 598 614 86 599 615 99 600 616 55 601 617 55 602 618 231 603 619 171 604 620 171 605 621 168 606 622 55 607 623 56 608 624 193 609 625 92 610 626 92 611 627 168 612 628 56 613 629 56 614 630 232 615 631 172 616 632 56 617 633 233 618 634 101 619 635 99 620 636 89 621 637 57 622 638 57 623 639 192 624 640 166 625 641 166 626 642 173 627 643 57 628 644 173 629 645 99 630 646 57 631 647 0 632 648 110 633 649 202 634 650 117 635 651 203 636 652 60 637 653 0 5 654 60 638 655 177 6 656 61 8 657 176 639 658 110 9 659 1 640 660 123 641 661 177 642 662 1 14 663 63 643 664 181 15 665 1 17 666 122 644 667 209 18 668 1 20 669 120 645 670 206 21 671 129 23 672 213 646 673 133 24 674 133 26 675 211 647 676 66 27 677 66 29 678 179 648 679 67 30 680 67 32 681 178 649 682 129 33 683 3 35 684 58 650 685 210 36 686 132 38 687 213 651 688 129 39 689 3 41 690 129 652 691 178 42 692 68 44 693 174 653 694 58 45 695 66 47 696 211 654 697 131 48 698 4 50 699 131 655 700 212 51 701 128 53 702 175 656 703 69 54 704 69 56 705 179 657 706 66 57 707 5 59 708 103 658 709 199 60 710 109 62 711 198 659 712 82 63 713 82 65 714 189 660 715 80 66 716 5 68 717 80 661 718 186 69 719 76 71 720 178 662 721 67 72 722 6 74 723 67 663 724 179 75 725 75 77 726 184 664 727 71 78 728 71 80 729 185 665 730 76 81 731 7 83 732 74 666 733 175 84 734 59 86 735 174 667 736 77 87 737 7 89 738 77 668 739 182 90 740 70 92 741 183 669 742 74 93 743 8 95 744 77 670 745 174 96 746 68 98 747 178 671 748 76 99 749 8 101 750 76 672 751 185 102 752 72 104 753 182 269 754 77 105 755 104 673 756 200 674 757 108 675 758 108 110 759 199 676 760 103 111 761 103 113 762 186 677 763 78 114 764 78 116 765 187 678 766 104 117 767 105 119 768 201 679 769 107 120 770 11 122 771 107 680 772 200 123 773 11 125 774 104 681 775 187 126 776 81 128 777 188 682 778 105 129 779 12 131 780 82 683 781 198 132 782 12 134 783 106 684 784 201 135 785 12 137 786 105 685 787 188 138 788 12 140 789 79 686 790 189 141 791 13 143 792 69 687 793 175 144 794 87 146 795 191 688 796 86 147 797 86 149 798 190 689 799 88 150 800 13 152 801 88 690 802 179 153 803 74 155 804 183 691 805 91 156 806 91 158 807 192 692 808 89 159 809 14 161 810 89 693 811 191 162 812 87 164 813 175 694 814 74 165 815 15 167 816 90 695 817 184 168 818 75 170 819 179 696 820 88 171 821 15 173 822 88 697 823 190 174 824 92 176 825 193 698 826 90 177 827 16 179 828 167 699 829 231 180 830 16 182 831 173 700 832 230 183 833 16 185 834 98 701 835 196 186 836 16 188 837 95 702 838 195 189 839 17 191 840 91 703 841 183 192 842 17 194 843 73 704 844 184 195 845 17 197 846 90 705 847 193 198 848 17 200 849 93 706 850 192 201 851 169 203 852 233 707 853 172 204 854 172 206 855 232 708 856 100 207 857 19 209 858 100 709 859 194 210 860 19 212 861 96 710 862 197 213 863 20 215 864 100 711 865 232 216 866 171 218 867 231 712 868 167 219 869 20 221 870 167 713 871 195 222 872 20 224 873 94 714 874 194 225 875 98 227 876 230 715 877 170 228 878 21 230 879 170 716 880 233 231 881 21 233 882 169 717 883 197 234 884 21 236 885 97 718 886 196 237 887 22 239 888 102 249 889 185 240 890 71 242 891 184 719 892 85 243 893 85 245 894 201 720 895 106 246 896 106 248 897 198 721 898 102 249 899 85 250 900 184 722 901 73 251 902 73 253 903 183 723 904 84 254 905 84 254 906 200 724 907 107 256 908 23 252 909 107 725 910 201 257 911 84 726 912 183 727 913 70 728 914 70 261 915 182 729 916 83 262 917 24 730 918 83 731 919 199 732 920 24 733 921 108 734 922 200 734 923 25 268 924 83 735 925 182 269 926 72 270 927 185 736 928 102 271 929 25 272 930 102 271 931 198 273 932 109 737 933 199 738 934 83 739 935 26 278 936 113 740 937 181 279 938 63 281 939 177 741 940 60 282 941 60 284 942 203 742 943 114 285 944 26 287 945 114 743 946 205 288 947 27 290 948 110 744 949 176 291 950 27 293 951 62 745 952 180 294 953 27 746 954 65 747 955 204 748 956 115 299 957 202 749 958 110 300 959 28 302 960 65 750 961 180 303 962 28 751 963 64 752 964 181 753 965 28 754 966 113 755 967 205 756 968 116 757 969 204 758 970 65 759 971 136 314 972 216 760 973 141 315 974 29 761 975 141 762 976 214 763 977 111 764 978 203 765 979 117 765 980 29 316 981 117 766 982 202 322 983 31 767 984 124 768 985 176 769 986 61 770 987 177 770 988 123 770 989 31 328 990 123 771 991 206 329 992 31 331 993 118 772 994 207 332 995 122 773 996 181 774 997 64 775 998 32 776 999 64 777 1000 180 778 1001 32 340 1002 125 779 1003 208 341 1004 32 343 1005 121 780 1006 209 344 1007 125 346 1008 180 781 1009 62 347 1010 62 349 1011 176 782 1012 124 350 1013 33 352 1014 124 783 1015 207 353 1016 33 355 1017 119 784 1018 208 356 1019 34 358 1020 58 785 1021 174 359 1022 59 361 1023 175 786 1024 128 362 1025 128 364 1026 212 787 1027 130 365 1028 130 367 1029 210 788 1030 58 368 1031 127 370 1032 217 789 1033 140 371 1034 35 790 1035 140 791 1036 214 792 1037 134 793 1038 212 794 1039 131 795 1040 35 379 1041 131 796 1042 211 380 1043 36 382 1044 126 797 1045 216 383 1046 139 385 1047 215 798 1048 135 386 1049 36 388 1050 135 799 1051 213 389 1052 132 391 1053 210 800 1054 126 392 1055 147 801 1056 217 802 1057 127 803 1058 127 397 1059 211 804 1060 146 398 1061 37 400 1062 146 805 1063 219 401 1064 37 403 1065 142 806 1066 218 404 1067 38 406 1068 112 807 1069 204 407 1070 116 808 1071 205 809 1072 137 810 1073 137 412 1074 217 811 1075 138 413 1076 138 415 1077 215 812 1078 112 416 1079 136 418 1080 202 813 1081 115 419 1082 115 421 1083 204 814 1084 112 422 1085 112 424 1086 215 815 1087 139 425 1088 139 384 1089 216 383 1090 136 427 1091 137 429 1092 205 816 1093 114 430 1094 40 432 1095 114 817 1096 203 433 1097 111 818 1098 214 819 1099 140 820 1100 40 438 1101 140 821 1102 217 439 1103 41 441 1104 126 822 1105 210 442 1106 41 444 1107 130 823 1108 212 445 1109 134 447 1110 214 824 1111 141 448 1112 141 450 1113 216 825 1114 126 451 1115 42 453 1116 144 826 1117 221 454 1118 145 456 1119 218 827 1120 142 457 1121 42 459 1122 142 828 1123 219 460 1124 143 462 1125 220 829 1126 144 463 1127 159 465 1128 227 830 1129 165 466 1130 43 468 1131 165 579 1132 226 469 1133 154 471 1134 222 831 1135 150 472 1136 43 474 1137 150 832 1138 223 475 1139 149 477 1140 213 833 1141 135 478 1142 135 834 1143 215 835 1144 148 836 1145 44 483 1146 148 837 1147 221 484 1148 44 486 1149 144 838 1150 220 487 1151 45 489 1152 146 839 1153 211 490 1154 45 492 1155 133 840 1156 213 493 1157 45 495 1158 149 841 1159 220 496 1160 143 498 1161 219 842 1162 146 499 1163 154 501 1164 226 843 1165 164 502 1166 47 504 1167 164 844 1168 228 505 1169 47 507 1170 156 845 1171 224 508 1172 47 510 1173 152 846 1174 222 511 1175 48 513 1176 156 847 1177 228 514 1178 163 516 1179 229 556 1180 157 517 1181 48 519 1182 157 848 1183 225 520 1184 151 522 1185 224 849 1186 156 523 1187 49 525 1188 157 850 1189 229 526 1190 162 528 1191 227 851 1192 159 529 1193 49 531 1194 159 852 1195 223 532 1196 153 534 1197 225 853 1198 157 535 1199 161 537 1200 221 854 1201 148 538 1202 50 540 1203 148 855 1204 215 541 1205 155 543 1206 227 856 1207 162 544 1208 50 546 1209 162 857 1210 229 547 1211 51 549 1212 160 858 1213 218 550 1214 145 552 1215 221 859 1216 161 553 1217 51 555 1218 161 860 1219 229 556 1220 163 557 1221 228 861 1222 160 558 1223 52 560 1224 158 862 1225 217 561 1226 147 563 1227 218 863 1228 160 564 1229 52 566 1230 160 864 1231 228 567 1232 164 569 1233 226 865 1234 158 570 1235 155 572 1236 215 866 1237 138 573 1238 138 575 1239 217 867 1240 158 576 1241 158 578 1242 226 469 1243 165 579 1244 53 581 1245 165 868 1246 227 582 1247 166 584 1248 192 869 1249 93 585 1250 54 587 1251 93 870 1252 193 588 1253 101 590 1254 233 871 1255 170 591 1256 54 593 1257 170 872 1258 230 594 1259 55 596 1260 168 873 1261 190 597 1262 86 599 1263 191 874 1264 99 600 1265 55 602 1266 99 875 1267 231 603 1268 171 605 1269 232 876 1270 168 606 1271 56 608 1272 101 877 1273 193 609 1274 92 611 1275 190 878 1276 168 612 1277 56 614 1278 168 879 1279 232 615 1280 56 617 1281 172 880 1282 233 618 1283 99 620 1284 191 881 1285 89 621 1286 57 623 1287 89 882 1288 192 624 1289 166 626 1290 230 883 1291 173 627 1292 173 629 1293 231 884 1294 99 630 1295</p>
        </triangles>
        <triangles material="Bark_End_001-material" count="32">
          <input semantic="VERTEX" source="#Mesh_006-mesh-vertices" offset="0"/>
          <input semantic="NORMAL" source="#Mesh_006-mesh-normals" offset="1"/>
          <input semantic="TEXCOORD" source="#Mesh_006-mesh-map" offset="2" set="0"/>
          <p>9 885 1296 189 886 1297 79 887 1298 9 888 1299 188 889 1300 81 890 1301 81 891 1302 78 892 1303 9 893 1304 78 894 1305 80 895 1306 9 896 1307 95 897 1308 97 898 1309 18 899 1310 97 900 1311 96 901 1312 18 902 1313 96 903 1314 94 904 1315 18 905 1316 94 906 1317 95 907 1318 18 908 1319 30 909 1320 207 910 1321 118 911 1322 30 912 1323 206 913 1324 120 914 1325 30 915 1326 209 916 1327 121 917 1328 30 918 1329 208 919 1330 119 920 1331 46 921 1332 223 922 1333 150 923 1334 46 924 1335 222 925 1336 152 926 1337 46 927 1338 224 928 1339 151 929 1340 46 930 1341 225 931 1342 153 932 1343 9 885 1344 80 933 1345 189 886 1346 9 888 1347 79 934 1348 188 889 1349 81 891 1350 187 935 1351 78 892 1352 78 894 1353 186 936 1354 80 895 1355 95 897 1356 196 937 1357 97 898 1358 97 900 1359 197 938 1360 96 901 1361 96 903 1362 194 939 1363 94 904 1364 94 906 1365 195 940 1366 95 907 1367 30 909 1368 119 941 1369 207 910 1370 30 912 1371 118 942 1372 206 913 1373 30 915 1374 120 943 1375 209 916 1376 30 918 1377 121 944 1378 208 919 1379 46 921 1380 153 945 1381 223 922 1382 46 924 1383 150 946 1384 222 925 1385 46 927 1386 152 947 1387 224 928 1388 46 930 1389 151 948 1390 225 931 1391</p>
        </triangles>
      </mesh>
    </geometry>
    <geometry id="Mesh_007-mesh" name="Mesh.007">
      <mesh>
        <source id="Mesh_007-mesh-positions">
          <float_array id="Mesh_007-mesh-positions-array" count="177">17.50525 30.24217 354.4144 17.50525 30.24185 -299.1051 -3.677856 14.85148 354.4144 -3.677856 14.85115 -299.1051 4.413452 -10.05118 354.4144 4.413452 -10.0515 -299.1051 30.59705 -10.05118 354.4144 30.59705 -10.0515 -299.1051 38.68884 14.85148 354.4144 38.68884 14.85116 -299.1051 17.50525 36.19786 245.4943 17.50525 48.70021 136.5745 17.50525 55.58415 27.65466 17.50525 58.0565 -81.26538 17.50525 55.44822 -190.1853 -3.677856 40.0576 -158.6421 -3.677856 42.66578 -130.1229 -3.677856 40.19346 27.65466 -3.677856 33.30952 136.5745 -3.677856 20.80717 245.4945 4.413452 15.15495 -158.6421 4.413452 17.76313 -130.1229 4.413452 15.29081 27.65466 4.413452 8.406888 136.5745 4.413452 -4.095478 245.4945 30.59705 15.15493 -190.1853 30.59705 17.7632 -29.26465 30.59705 15.29083 27.65466 30.59705 8.406888 136.5745 30.59705 -4.095478 245.4945 38.68884 40.05757 -190.1853 38.68884 42.66584 -29.26465 38.68884 40.19346 27.65466 38.68884 33.30952 136.5745 38.68884 20.80719 245.4945 -145.8844 -2.825077 -215.6284 -145.8844 -4.007999 -234.3439 -149.5548 8.469311 -215.6284 -149.5548 7.286388 -234.344 -111.5626 18.35544 -195.9453 -111.5626 19.31668 -180.7373 -108.5807 9.177717 -195.9453 -108.5807 10.13896 -180.7373 -28.67004 7.013683 -146.2483 -28.67004 4.405468 -165.1548 -36.76086 31.91633 -146.2483 -36.76086 29.30813 -165.1548 149.3666 7.171627 -185.6769 126.059 8.749937 -197.1958 147.0785 -8.725439 -181.0461 123.7704 -7.147129 -192.5652 95.6742 12.45176 -132.7736 118.9823 10.87345 -121.2546 97.96277 28.34881 -137.404 121.2709 26.7705 -125.8851 96.31922 36.13768 -72.78589 73.01111 37.71595 -84.30481 94.03015 20.24061 -68.15503 70.72303 21.81891 -79.67407</float_array>
          <technique_common>
            <accessor source="#Mesh_007-mesh-positions-array" count="59" stride="3">
              <param name="X" type="float"/>
              <param name="Y" type="float"/>
              <param name="Z" type="float"/>
            </accessor>
          </technique_common>
        </source>
        <source id="Mesh_007-mesh-normals">
          <float_array id="Mesh_007-mesh-normals-array" count="381">-0.5777536 0.7951953 -0.1840252 -0.9495982 -0.3085411 0.05536848 0 -0.9742518 0.2254632 0.5777446 0.7952014 -0.1840268 0.9486289 -0.3082444 0.07133448 0.9509161 -0.3089877 -0.01689535 0.9504539 -0.308838 -0.0354498 0.9508703 -0.3089731 -0.01952767 -0.8493818 -0.03121769 -0.5268549 0.9510398 -0.309028 0.005008816 0.5872081 0.8082288 0.0441935 0.585265 0.8055528 0.09246528 0.5870163 0.8079632 0.05106472 0.5569851 0.8303088 0.01884698 0.5876718 0.8088676 -0.01936978 0 -0.9985085 -0.05459809 0 -0.9934767 -0.114036 7.68919e-7 -0.9980088 -0.06307601 0.0602445 -0.9980612 -0.01563924 0.1090604 -0.9899041 0.09053021 -0.9509213 -0.3089712 -0.0168944 -0.9504594 -0.3088212 -0.03544789 -0.9508759 -0.3089563 -0.0195266 -0.951046 -0.3090115 -0.004842102 0.175019 0.05686318 -0.9829217 -0.5872175 0.808222 0.04419308 -0.5852738 0.8055465 0.0924645 -0.5870251 0.8079567 0.05106431 -0.6063948 0.7950661 0.01245838 -0.6516676 0.7553526 -0.06907963 -0.6297541 -0.2046546 0.7493505 0.6624737 0.215242 -0.7174953 -0.2213832 0.9732448 -0.06151407 0.3631611 0.1179903 -0.9242253 -0.398483 -0.1294679 0.907992 -0.3971987 -0.1290525 0.9086136 -0.09726065 -0.9859216 0.1360111 0.2766033 -0.9590703 0.06061929 -0.2829216 0.9501447 -0.1310749 0.2688955 -0.9591667 0.08771914 -0.3999896 -0.1299636 0.9072583 -0.3985845 -0.1295012 0.9079427 -0.1193074 0.9908801 -0.06262987 -0.9044967 0.005999445 -0.4264387 -0.9043027 0.005852222 -0.4268516 -0.1783571 -0.956755 0.2298012 0.1783556 0.9567551 -0.2298026 -0.9046249 0.006100118 -0.4261651 -0.9044316 0.005949616 -0.4265772 -0.9044899 0.005992472 -0.4264528 0.9046217 -0.006113708 0.4261717 0.904431 -0.005946815 0.4265787 0.1238847 0.9855351 -0.1156428 0.9043021 -0.005853652 0.426853 -0.01996511 -0.995185 -0.09596025 0.1444113 0.9885856 0.04294079 0.8105795 -0.2633876 0.5230563 -0.1238865 -0.9855349 0.1156421 -0.6992517 0.7036357 -0.1262692 -0.9495983 -0.3085412 0.05536848 0.208126 -0.9627234 0.1727632 0.5777435 0.7952024 -0.1840268 0.9486289 -0.3082447 0.07133448 0.9509161 -0.3089874 -0.01689529 0.9504541 -0.3088372 -0.0354498 0.9508703 -0.3089731 -0.01952767 -0.7673563 0.2493421 -0.590756 0.9510398 -0.3090282 0.005008816 0.5872086 0.8082283 0.04419368 0.5852639 0.8055536 0.09246504 0.5870161 0.8079633 0.05106472 0.5874205 0.8085195 0.03511929 0.6082103 0.7936717 -0.01286411 0 -0.9985085 -0.05459809 0 -0.9980088 -0.06307584 0.01018482 -0.9990062 -0.04339301 7.64118e-7 -0.999058 -0.04339545 0.002877652 -0.9990538 -0.04339569 -0.06230211 -0.9979263 0.01617479 -0.9509215 -0.3089708 -0.0168944 -0.9504594 -0.3088209 -0.03544795 -0.9508758 -0.3089563 -0.01952654 -0.951046 -0.3090115 -0.004842102 0.1750205 0.05686712 -0.9829212 -0.5872175 0.8082219 0.0441932 -0.5852732 0.8055468 0.0924645 -0.5870249 0.8079568 0.05106431 -0.5876928 0.8088759 0.01836049 -0.5572646 0.8300971 -0.01987808 -0.6297708 -0.2046176 0.7493466 0.6624574 0.2152755 -0.7175003 -0.2213828 0.9732449 -0.06151503 0.36316 0.1179934 -0.9242253 -0.3971998 -0.1290494 0.9086136 -0.3985245 -0.1294814 0.9079718 -0.08361268 -0.9945138 0.06285971 0.2766038 -0.9590703 0.06061846 -0.2688995 0.9591656 -0.0877192 0.2829182 -0.9501456 0.1310757 -0.3973191 -0.1291559 0.9085463 -0.3999876 -0.1299552 0.9072606 -0.3985388 -0.129486 0.907965 -0.1032955 0.9853192 -0.1359272 -0.9044968 0.005996406 -0.4264383 -0.9044383 0.005955278 -0.426563 -0.9043023 0.005853652 -0.4268525 -0.1783561 -0.9567551 0.229802 0.1783577 0.9567553 -0.2297996 -0.9046313 0.006068468 -0.4261516 0.9043933 -0.005916655 0.4266589 0.9046249 -0.00609982 0.4261652 0.9043926 -0.005921959 0.4266605 0.1238858 0.985535 -0.1156418 0.9043101 -0.005821406 0.4268363 0.01241225 -0.9989811 -0.04339212 0.08536636 0.9956878 -0.03631138 0.8675396 0.01984953 0.496972 -0.1238895 -0.985535 0.1156383 0 0 -1 -2.99538e-6 0 1 -0.9508596 -0.3090061 0.01953083 0.404483 -0.308964 -0.8607757 -1.49764e-6 0 -1 1.85122e-6 0 1 0 0 1 -0.9508603 -0.3090038 0.01953071 0.4044831 -0.3089618 -0.8607765</float_array>
          <technique_common>
            <accessor source="#Mesh_007-mesh-normals-array" count="127" stride="3">
              <param name="X" type="float"/>
              <param name="Y" type="float"/>
              <param name="Z" type="float"/>
            </accessor>
          </technique_common>
        </source>
        <source id="Mesh_007-mesh-map">
          <float_array id="Mesh_007-mesh-map-array" count="684">0.6875616 0.7220772 0.7763009 0.7256068 0.7779471 0.7465953 0.7779471 0.7465953 0.7812302 0.7668871 0.6653284 0.7661029 0.7812302 0.7668871 0.781499 0.7874547 0.6909986 0.7877443 0.6885123 0.8086526 0.7774063 0.8075841 0.7752709 0.8283985 0.6909986 0.7877443 0.781499 0.7874547 0.7774063 0.8075841 0.3371178 0.7856684 0.3387186 0.8065114 0.250861 0.8065361 0.4252669 0.7861298 0.4268109 0.807114 0.3387186 0.8065114 0.513558 0.7863737 0.5143234 0.8072782 0.4268109 0.807114 0.6604549 0.8617409 0.7119662 0.8715105 0.7075794 0.8847363 0.5596877 0.7866527 0.6909986 0.7877443 0.6885123 0.8086526 0.3387186 0.8065114 0.3396099 0.8274687 0.2515779 0.8275873 0.4268109 0.807114 0.4276396 0.8281739 0.3396099 0.8274687 0.5143234 0.8072782 0.5145974 0.828307 0.4276396 0.8281739 0.5597768 0.807882 0.600935 0.8294645 0.5145974 0.828307 0.6885123 0.8086526 0.6872628 0.829979 0.600935 0.8294645 0.2498375 0.7642699 0.3372613 0.764752 0.3371178 0.7856684 0.3372613 0.764752 0.4253215 0.7650244 0.4252669 0.7861298 0.5137631 0.7655462 0.513558 0.7863737 0.4252669 0.7861298 0.5137631 0.7655462 0.6418128 0.7658814 0.5596877 0.7866527 0.6418128 0.7658814 0.6653284 0.7661029 0.6909986 0.7877443 0.2511135 0.7431589 0.339005 0.7439232 0.3372613 0.764752 0.339005 0.7439232 0.4270612 0.7440598 0.4253215 0.7650244 0.4270612 0.7440598 0.5146253 0.7447241 0.5137631 0.7655462 0.5146253 0.7447241 0.6408856 0.7444534 0.6418128 0.7658814 0.02079856 0.9195479 0.04706728 0.9270654 0.04337012 0.9480237 0.2520108 0.7221159 0.3400698 0.7229745 0.339005 0.7439232 0.3400698 0.7229745 0.4280667 0.7229986 0.4270612 0.7440598 0.4280667 0.7229986 0.5149872 0.7235048 0.5146253 0.7447241 0.6013733 0.7234333 0.6408856 0.7444534 0.5146253 0.7447241 0.6875616 0.7220772 0.6633563 0.7450474 0.6408856 0.7444534 0.1001118 0.9726645 0.141091 0.9776073 0.1395868 0.9873306 0.1083213 0.9639186 0.1088549 0.9562351 0.1531213 0.9583061 0.1083213 0.9639186 0.1525424 0.967851 0.141091 0.9776073 0.04337012 0.9480237 0.04706728 0.9270654 0.1088549 0.9562351 0.03455996 0.9611888 0.1001118 0.9726645 0.09833317 0.9800018 0.03578186 0.9960966 0.02993547 0.981943 0.09833317 0.9800018 0.1042098 0.9906401 0.09833317 0.9800018 0.1395868 0.9873306 0.01548993 0.9390701 0.04337012 0.9480237 0.03455996 0.9611888 0.007377386 1 0 0.978085 0.02993547 0.981943 0 0.978085 0.003170013 0.95769 0.03455996 0.9611888 0.04337012 0.9480237 0.1083213 0.9639186 0.1001118 0.9726645 0.7596973 0.8747422 0.8147771 0.8783027 0.8133897 0.8915709 0.7574836 0.8878714 0.8133897 0.8915709 0.8119894 0.912112 0.7596973 0.8747422 0.7613487 0.8540892 0.8163003 0.8574829 0.7119662 0.8715105 0.7596973 0.8747422 0.7574836 0.8878714 0.7117058 0.9193252 0.7085649 0.9063272 0.7563587 0.9086079 0.7119662 0.8715105 0.7159081 0.8506167 0.7613487 0.8540892 0.7569769 0.9220868 0.7563587 0.9086079 0.8119894 0.912112 0.6544419 0.8807563 0.7075794 0.8847363 0.7085649 0.9063272 0.6604549 0.8617409 0.62722 0.8308284 0.7159081 0.8506167 0.6199194 0.9255295 0.6161154 0.9050855 0.7085649 0.9063272 0.7075794 0.8847363 0.7574836 0.8878714 0.7563587 0.9086079 0.6633563 0.7450474 0.6875616 0.7220772 0.7779471 0.7465953 0.6633563 0.7450474 0.7779471 0.7465953 0.6653284 0.7661029 0.6653284 0.7661029 0.7812302 0.7668871 0.6909986 0.7877443 0.6872628 0.829979 0.6885123 0.8086526 0.7752709 0.8283985 0.6885123 0.8086526 0.6909986 0.7877443 0.7774063 0.8075841 0.2497765 0.7854126 0.3371178 0.7856684 0.250861 0.8065361 0.3371178 0.7856684 0.4252669 0.7861298 0.3387186 0.8065114 0.4252669 0.7861298 0.513558 0.7863737 0.4268109 0.807114 0.6544419 0.8807563 0.6604549 0.8617409 0.7075794 0.8847363 0.5597768 0.807882 0.5596877 0.7866527 0.6885123 0.8086526 0.250861 0.8065361 0.3387186 0.8065114 0.2515779 0.8275873 0.3387186 0.8065114 0.4268109 0.807114 0.3396099 0.8274687 0.4268109 0.807114 0.5143234 0.8072782 0.4276396 0.8281739 0.5143234 0.8072782 0.5597768 0.807882 0.5145974 0.828307 0.5597768 0.807882 0.6885123 0.8086526 0.600935 0.8294645 0.2497765 0.7854126 0.2498375 0.7642699 0.3371178 0.7856684 0.3371178 0.7856684 0.3372613 0.764752 0.4252669 0.7861298 0.4253215 0.7650244 0.5137631 0.7655462 0.4252669 0.7861298 0.513558 0.7863737 0.5137631 0.7655462 0.5596877 0.7866527 0.5596877 0.7866527 0.6418128 0.7658814 0.6909986 0.7877443 0.2498375 0.7642699 0.2511135 0.7431589 0.3372613 0.764752 0.3372613 0.764752 0.339005 0.7439232 0.4253215 0.7650244 0.4253215 0.7650244 0.4270612 0.7440598 0.5137631 0.7655462 0.5137631 0.7655462 0.5146253 0.7447241 0.6418128 0.7658814 0.01548993 0.9390701 0.02079856 0.9195479 0.04337012 0.9480237 0.2511135 0.7431589 0.2520108 0.7221159 0.339005 0.7439232 0.339005 0.7439232 0.3400698 0.7229745 0.4270612 0.7440598 0.4270612 0.7440598 0.4280667 0.7229986 0.5146253 0.7447241 0.5149872 0.7235048 0.6013733 0.7234333 0.5146253 0.7447241 0.6013733 0.7234333 0.6875616 0.7220772 0.6408856 0.7444534 0.09833317 0.9800018 0.1001118 0.9726645 0.1395868 0.9873306 0.1525424 0.967851 0.1083213 0.9639186 0.1531213 0.9583061 0.1001118 0.9726645 0.1083213 0.9639186 0.141091 0.9776073 0.1083213 0.9639186 0.04337012 0.9480237 0.1088549 0.9562351 0.02993547 0.981943 0.03455996 0.9611888 0.09833317 0.9800018 0.1042098 0.9906401 0.03578186 0.9960966 0.09833317 0.9800018 0.14768 1 0.1042098 0.9906401 0.1395868 0.9873306 0.003170013 0.95769 0.01548993 0.9390701 0.03455996 0.9611888 0.03578186 0.9960966 0.007377386 1 0.02993547 0.981943 0.02993547 0.981943 0 0.978085 0.03455996 0.9611888 0.03455996 0.9611888 0.04337012 0.9480237 0.1001118 0.9726645 0.7574836 0.8878714 0.7596973 0.8747422 0.8133897 0.8915709 0.7563587 0.9086079 0.7574836 0.8878714 0.8119894 0.912112 0.8147771 0.8783027 0.7596973 0.8747422 0.8163003 0.8574829 0.7075794 0.8847363 0.7119662 0.8715105 0.7574836 0.8878714 0.7569769 0.9220868 0.7117058 0.9193252 0.7563587 0.9086079 0.7596973 0.8747422 0.7119662 0.8715105 0.7613487 0.8540892 0.8117088 0.9255295 0.7569769 0.9220868 0.8119894 0.912112 0.6161154 0.9050855 0.6544419 0.8807563 0.7085649 0.9063272 0.7119662 0.8715105 0.6604549 0.8617409 0.7159081 0.8506167 0.7117058 0.9193252 0.6199194 0.9255295 0.7085649 0.9063272 0.7085649 0.9063272 0.7075794 0.8847363 0.7563587 0.9086079 0.5911646 0.973181 0.584662 0.9531694 0.6187084 0.9531693 0.575202 0.9419583 0.5817041 0.96197 0.5646811 0.9743383 0.1723366 0.9445168 0.1729091 0.954043 0.1578392 0.954043 0.7739633 0.9272736 0.7747374 0.9406838 0.7538064 0.9406838 0.6187084 0.9531693 0.6122064 0.973181 0.5911646 0.973181 0.584662 0.9531694 0.6016852 0.9408011 0.6187084 0.9531693 0.5646811 0.9743383 0.5541601 0.9419583 0.575202 0.9419583 0.5541601 0.9419583 0.5646811 0.9743383 0.5476582 0.9619705 0.1572667 0.9445168 0.1723366 0.9445168 0.1578392 0.954043 0.7530319 0.9272738 0.7739633 0.9272736 0.7538064 0.9406838</float_array>
          <technique_common>
            <accessor source="#Mesh_007-mesh-map-array" count="342" stride="2">
              <param name="S" type="float"/>
              <param name="T" type="float"/>
            </accessor>
          </technique_common>
        </source>
        <vertices id="Mesh_007-mesh-vertices">
          <input semantic="POSITION" source="#Mesh_007-mesh-positions"/>
        </vertices>
        <triangles material="Bark7_001-material" count="104">
          <input semantic="VERTEX" source="#Mesh_007-mesh-vertices" offset="0"/>
          <input semantic="NORMAL" source="#Mesh_007-mesh-normals" offset="1"/>
          <input semantic="TEXCOORD" source="#Mesh_007-mesh-map" offset="2" set="0"/>
          <p>14 0 0 1 0 1 3 0 2 3 1 3 5 1 4 20 1 5 5 2 6 7 2 7 25 2 8 30 3 9 9 3 10 1 3 11 25 4 12 7 4 13 9 4 14 29 5 15 34 5 16 8 5 17 28 6 18 33 6 19 34 6 20 27 7 21 32 7 22 33 7 23 31 8 24 56 8 25 58 8 26 26 9 27 25 9 28 30 9 29 34 10 30 10 10 31 0 10 32 33 11 33 11 11 34 10 11 35 32 12 36 12 12 37 11 12 38 31 13 39 13 13 40 12 13 41 30 14 42 14 14 43 13 14 44 4 15 45 24 15 46 29 15 47 24 16 48 23 16 49 28 16 50 22 17 51 27 17 52 28 17 53 22 18 54 21 18 55 26 18 56 21 19 57 20 19 58 25 19 59 2 20 60 19 20 61 24 20 62 19 21 63 18 21 64 23 21 65 18 22 66 17 22 67 22 22 68 17 23 69 16 23 70 21 23 71 20 24 72 44 24 73 46 24 74 0 25 75 10 25 76 19 25 77 10 26 78 11 26 79 18 26 80 11 27 81 12 27 82 17 27 83 13 28 84 16 28 85 17 28 86 14 29 87 15 29 88 16 29 89 40 30 90 37 30 91 35 30 92 39 31 93 41 31 94 36 31 95 39 32 96 38 32 97 37 32 98 46 33 99 44 33 100 41 33 101 45 34 102 40 35 103 42 35 104 44 36 105 43 36 106 42 36 107 41 37 108 42 37 109 35 37 110 15 38 111 46 38 112 45 38 113 20 39 114 21 39 115 43 39 116 21 40 117 16 40 118 45 41 119 46 42 120 39 42 121 40 42 122 53 43 123 48 44 124 50 44 125 51 45 126 50 45 127 49 45 128 53 46 129 54 46 130 47 46 131 56 47 132 53 48 133 51 49 134 55 50 135 57 50 136 52 51 137 56 52 138 55 52 139 54 52 140 54 53 141 52 53 142 49 53 143 26 54 144 58 54 145 57 54 146 31 55 147 32 55 148 55 55 149 32 56 150 27 56 151 57 56 152 58 57 153 51 57 154 52 57 155 15 58 156 14 58 157 3 58 158 15 59 159 3 59 160 20 59 161 20 60 162 5 60 163 25 60 164 14 61 165 30 61 166 1 61 167 30 62 168 25 62 169 9 62 170 6 63 171 29 63 172 8 63 173 29 64 174 28 64 175 34 64 176 28 65 177 27 65 178 33 65 179 26 66 180 31 66 181 58 66 182 31 67 183 26 67 184 30 67 185 8 68 186 34 68 187 0 68 188 34 69 189 33 69 190 10 69 191 33 70 192 32 70 193 11 70 194 32 71 195 31 71 196 12 71 197 31 72 198 30 72 199 13 72 200 6 73 201 4 73 202 29 73 203 29 16 204 24 16 205 28 16 206 23 74 207 22 74 208 28 74 209 27 75 210 22 76 211 26 77 212 26 78 213 21 78 214 25 78 215 4 79 216 2 79 217 24 79 218 24 80 219 19 80 220 23 80 221 23 81 222 18 81 223 22 81 224 22 82 225 17 82 226 21 82 227 15 83 228 20 83 229 46 83 230 2 84 231 0 84 232 19 84 233 19 85 234 10 85 235 18 85 236 18 86 237 11 86 238 17 86 239 12 87 240 13 87 241 17 87 242 13 88 243 14 88 244 16 88 245 42 89 246 40 89 247 35 89 248 38 90 249 39 90 250 36 90 251 40 91 252 39 91 253 37 91 254 39 92 255 46 92 256 41 92 257 43 93 258 45 94 259 42 93 260 41 95 261 44 95 262 42 95 263 36 96 264 41 96 265 35 96 266 16 97 267 15 97 268 45 97 269 44 98 270 20 98 271 43 98 272 43 99 273 21 100 274 45 101 275 45 102 276 46 102 277 40 102 278 51 103 279 53 104 280 50 105 281 52 106 282 51 106 283 49 106 284 48 107 285 53 107 286 47 107 287 58 108 288 56 108 289 51 108 290 54 109 291 55 110 292 52 111 293 53 112 294 56 112 295 54 112 296 47 113 297 54 113 298 49 113 299 27 75 300 26 77 301 57 114 302 56 115 303 31 115 304 55 115 305 55 116 306 32 116 307 57 116 308 57 117 309 58 117 310 52 117 311</p>
        </triangles>
        <triangles material="Bark_End_001-material" count="10">
          <input semantic="VERTEX" source="#Mesh_007-mesh-vertices" offset="0"/>
          <input semantic="NORMAL" source="#Mesh_007-mesh-normals" offset="1"/>
          <input semantic="TEXCOORD" source="#Mesh_007-mesh-map" offset="2" set="0"/>
          <p>3 118 312 1 118 313 7 118 314 0 119 315 2 119 316 4 119 317 38 120 318 36 120 319 35 120 320 50 121 321 48 121 322 47 121 323 7 118 324 5 118 325 3 118 326 1 122 327 9 122 328 7 122 329 4 123 330 8 123 331 0 123 332 8 124 333 4 124 334 6 124 335 37 125 336 38 125 337 35 125 338 49 126 339 50 126 340 47 126 341</p>
        </triangles>
      </mesh>
    </geometry>
    <geometry id="Mesh_008-mesh" name="Mesh.008">
      <mesh>
        <source id="Mesh_008-mesh-positions">
          <float_array id="Mesh_008-mesh-positions-array" count="126">-7.030762 100.387 184.2784 -7.031006 100.3868 -190.3217 -50.68921 75.18077 184.2784 -50.68945 75.18058 -190.3217 -50.68921 24.76835 184.2784 -50.68945 24.76817 -190.3217 -7.030762 -0.437851 184.2784 -7.031006 -0.4380417 -190.3217 36.62744 24.76836 184.2784 36.62744 24.76818 -190.3217 36.62744 75.18077 184.2784 36.62744 75.18058 -190.3217 7.031006 91.82347 -3.021667 -36.62768 66.61724 -3.021606 -36.62768 16.20483 -3.021606 7.031006 -9.001366 -3.021606 50.68945 16.20484 -3.021606 50.68945 66.61724 -3.021667 -7.030762 100.387 284.7142 -50.68921 75.18081 284.7142 -50.68921 24.76841 284.7142 -7.030762 -0.4378052 284.7142 36.62744 24.76841 284.7142 36.62744 75.18081 284.7142 -1.132568 100.3871 317.1929 -44.79101 75.18083 317.1929 -44.79101 24.76842 317.1929 -1.132568 -0.4377823 317.1929 42.52588 24.76842 317.1929 42.52588 75.18083 317.1929 26.11426 35.92498 -190.3218 21.20776 63.06408 -190.3217 29.521 30.9871 317.1929 -3.575195 16.03792 317.1929 -29.76587 30.6527 317.1929 -32.07056 59.69623 317.1929 -2.191162 83.25656 317.1929 26.10303 66.68139 317.1929 -6.876465 82.38595 -190.3217 -32.91064 69.32873 -190.3217 -34.35376 34.66949 -190.3217 -6.628174 19.68448 -190.3217</float_array>
          <technique_common>
            <accessor source="#Mesh_008-mesh-positions-array" count="42" stride="3">
              <param name="X" type="float"/>
              <param name="Y" type="float"/>
              <param name="Z" type="float"/>
            </accessor>
          </technique_common>
        </source>
        <source id="Mesh_008-mesh-normals">
          <float_array id="Mesh_008-mesh-normals-array" count="249">-0.4985193 0.8634608 0.07690423 -0.9971936 0 0.07486546 -0.499998 -0.8660265 -4.30973e-5 -0.4999989 -0.8660237 -0.002056479 0.4985194 -0.8634606 -0.07690477 0.499999 0.8660236 0.002055764 0.5000001 0.8660253 4.23858e-5 0.9971936 0 -0.07486677 0.500002 -0.8660244 4.09859e-7 0.9971936 0 0.07486677 0.4999992 0.8660236 -0.002056717 0.5000001 0.8660253 4.59678e-6 0.5000004 0.8660253 4.5968e-6 0.4985191 -0.8634606 0.07690572 -0.499998 -0.8660266 -3.78792e-6 -0.4999976 -0.8660268 -3.78784e-6 -0.4999995 -0.8660252 0.001002907 -0.9971938 0 -0.0748642 -0.4985175 0.8634617 -0.07690507 0.497953 0.8624762 -0.09043163 -0.5000001 0.8660253 -2.89311e-7 -1 0 0 1 0 0 -0.4999998 -0.8660251 9.59177e-4 -0.5 -0.8660254 4.09857e-7 0.5000022 0.8660241 -3.35568e-4 0.5000019 0.8660244 0 -0.4979511 0.8624776 0.09042829 0.9839061 0 -0.1786866 0.4979508 -0.8624774 -0.0904324 -0.497951 -0.8624775 0.09042948 -0.9839074 0 0.1786795 -0.4985173 0.8634617 0.07690477 -0.9971936 0 0.07486546 -0.4999976 -0.8660268 5.32228e-6 -0.499998 -0.8660266 -9.05545e-5 -0.4999966 -0.8660249 -0.002056002 0.4985192 -0.8634608 -0.07690483 0.5000001 0.8660254 4.25147e-5 0.4999992 0.8660235 0.002055883 0.5000003 0.8660253 4.25146e-5 0.9971936 0 -0.07486671 0.5000023 -0.8660242 4.09859e-7 0.9971936 0 0.07486671 0.500002 0.8660243 -1.39693e-4 0.5000013 0.8660222 -0.002057194 0.5000002 0.8660254 4.12117e-6 0.4985213 -0.8634595 0.07690513 -0.4999995 -0.8660252 0.001003324 -0.4999978 -0.8660267 -3.3436e-6 -0.4999994 -0.8660252 0.001099228 -0.9971938 0 -0.0748642 -0.4985195 0.8634605 -0.07690453 0.4979521 0.8624764 -0.09043371 -0.4999997 0.8660256 0 -0.4999995 -0.8660252 9.11335e-4 -0.4999995 -0.8660253 9.59274e-4 -0.4999998 -0.8660255 5.06294e-7 0.4999957 0.8660257 -0.002013683 0.5000023 0.8660242 -2.89312e-7 -0.4979525 0.8624769 0.09042668 0.9839061 0 -0.1786866 0.4979536 -0.8624761 -0.0904287 -0.4979514 -0.8624773 0.09042924 -0.9839074 0 0.1786796 0 0 -1 5.34848e-7 0 1 0 0 1 1.94441e-6 0 1 -8.65831e-7 0 -1 5.61416e-7 0 -1 -9.93883e-7 0 -1 -4.53847e-6 2.63193e-6 -1 -2.6866e-6 0 1 8.40505e-7 0 1 -2.97911e-6 0 1 -1.24398e-6 0 1 -1.04093e-6 0 -1 -2.04334e-6 2.95384e-6 -1 1.10555e-5 0 -1 6.24406e-7 0 -1 1.17254e-6 0 -1 1.82181e-6 -7.38783e-6 -1</float_array>
          <technique_common>
            <accessor source="#Mesh_008-mesh-normals-array" count="83" stride="3">
              <param name="X" type="float"/>
              <param name="Y" type="float"/>
              <param name="Z" type="float"/>
            </accessor>
          </technique_common>
        </source>
        <source id="Mesh_008-mesh-map">
          <float_array id="Mesh_008-mesh-map-array" count="480">0.9394145 0.2795349 0.9427039 0.3703705 0.5931621 0.3712689 0.5931621 0.3712689 0.9427039 0.3703705 0.9388119 0.4612337 0.5928007 0.4650499 0.9388119 0.4612337 0.9325619 0.5525996 0.5922928 0 0.9361467 0.003518879 0.9314317 0.09576267 0.9334608 0.1883662 0.9394145 0.2795349 0.5926598 0.2776167 0.9314317 0.09576267 0.9334608 0.1883662 0.5921738 0.1846964 0.2499503 0.09502619 0.06238257 0.09281581 0.06703358 4.09848e-4 0.2499503 0.09502619 0.5921188 0.09230148 0.5921738 0.1846964 0.248986 0.187105 0.5921738 0.1846964 0.5926598 0.2776167 0.5922928 0 0.5921188 0.09230148 0.2499503 0.09502619 0.5928007 0.4650499 0.5922057 0.5585215 0.2509216 0.5529068 0.5931621 0.3712689 0.5928007 0.4650499 0.2488932 0.4608831 0.2472398 0.2779374 0.5926598 0.2776167 0.5931621 0.3712689 0.06142944 0.1862158 0.06386917 0.2797111 0.00441128 0.2750502 0.2472398 0.2779374 0.2467545 0.3696531 0.06697571 0.3705912 0.2467545 0.3696531 0.2488932 0.4608831 0.06750524 0.4618931 0.248986 0.187105 0.06142944 0.1862158 0.06238257 0.09281581 0.2509216 0.5529068 0.06309425 0.5523365 0.06750524 0.4618931 0.2472398 0.2779374 0.06386917 0.2797111 0.06142944 0.1862158 0.06386917 0.2797111 0.06697571 0.3705912 0.007803142 0.3685097 0.06142944 0.1862158 0 0.1843039 0.001687884 0.09445255 0.06238257 0.09281581 0.001687884 0.09445255 0.008123934 0.004722893 0.06309425 0.5523365 0.002511382 0.5571518 0.007111549 0.4640052 0.06697571 0.3705912 0.06750524 0.4618931 0.007111549 0.4640052 0.5926598 0.2776167 0.9394145 0.2795349 0.5931621 0.3712689 0.5928007 0.4650499 0.5931621 0.3712689 0.9388119 0.4612337 0.5922057 0.5585215 0.5928007 0.4650499 0.9325619 0.5525996 0.5921188 0.09230148 0.5922928 0 0.9314317 0.09576267 0.5921738 0.1846964 0.9334608 0.1883662 0.5926598 0.2776167 0.5921188 0.09230148 0.9314317 0.09576267 0.5921738 0.1846964 0.2489129 0.002050042 0.2499503 0.09502619 0.06703358 4.09848e-4 0.248986 0.187105 0.2499503 0.09502619 0.5921738 0.1846964 0.2472398 0.2779374 0.248986 0.187105 0.5926598 0.2776167 0.2489129 0.002050042 0.5922928 0 0.2499503 0.09502619 0.2488932 0.4608831 0.5928007 0.4650499 0.2509216 0.5529068 0.2467545 0.3696531 0.5931621 0.3712689 0.2488932 0.4608831 0.2467545 0.3696531 0.2472398 0.2779374 0.5931621 0.3712689 0 0.1843039 0.06142944 0.1862158 0.00441128 0.2750502 0.06386917 0.2797111 0.2472398 0.2779374 0.06697571 0.3705912 0.06697571 0.3705912 0.2467545 0.3696531 0.06750524 0.4618931 0.2499503 0.09502619 0.248986 0.187105 0.06238257 0.09281581 0.2488932 0.4608831 0.2509216 0.5529068 0.06750524 0.4618931 0.248986 0.187105 0.2472398 0.2779374 0.06142944 0.1862158 0.00441128 0.2750502 0.06386917 0.2797111 0.007803142 0.3685097 0.06238257 0.09281581 0.06142944 0.1862158 0.001687884 0.09445255 0.06703358 4.09848e-4 0.06238257 0.09281581 0.008123934 0.004722893 0.06750524 0.4618931 0.06309425 0.5523365 0.007111549 0.4640052 0.007803142 0.3685097 0.06697571 0.3705912 0.007111549 0.4640052 0.1428608 0.6310688 0.2267284 0.5877586 0.2229545 0.6905582 0.3593018 0.693696 0.358605 0.5862022 0.4444702 0.6505475 0.4142214 0.6944991 0.3403418 0.7175892 0.3593018 0.693696 0.4326626 0.5576848 0.4186556 0.5858222 0.358605 0.5862022 0.1697092 0.6874282 0.1073113 0.6361662 0.1428608 0.6310688 0.2457927 0.5562139 0.2569792 0.6369114 0.2267284 0.5877586 0.2229545 0.6905582 0.1697092 0.6874282 0.1428608 0.6310688 0.2267284 0.5877586 0.2569792 0.6369114 0.2229545 0.6905582 0.1428608 0.6310688 0.1599296 0.5835347 0.2267284 0.5877586 0.4444702 0.6505475 0.4142214 0.6944991 0.3593018 0.693696 0.358605 0.5862022 0.4186556 0.5858222 0.4444702 0.6505475 0.3593018 0.693696 0.3205006 0.6396824 0.358605 0.5862022 0.4326627 0.7175892 0.4444702 0.6505475 0.4788232 0.637637 0.3403418 0.7175892 0.3205006 0.6396824 0.3593018 0.693696 0.4142214 0.6944991 0.4444702 0.6505475 0.4326627 0.7175892 0.3403418 0.7175892 0.2941812 0.637637 0.3205006 0.6396824 0.3403418 0.7175892 0.4142214 0.6944991 0.4326627 0.7175892 0.3205006 0.6396824 0.2941812 0.637637 0.3403416 0.5576848 0.4186556 0.5858222 0.4788232 0.637637 0.4444702 0.6505475 0.358605 0.5862022 0.3205006 0.6396824 0.3403416 0.5576848 0.4326626 0.5576848 0.4788232 0.637637 0.4186556 0.5858222 0.358605 0.5862022 0.3403416 0.5576848 0.4326626 0.5576848 0.1534719 0.7161183 0.2229545 0.6905582 0.2457929 0.7161183 0.1073113 0.6361662 0.1599296 0.5835347 0.1428608 0.6310688 0.1697092 0.6874282 0.2229545 0.6905582 0.1534719 0.7161183 0.1073113 0.6361662 0.1534717 0.5562139 0.1599296 0.5835347 0.1073113 0.6361662 0.1697092 0.6874282 0.1534719 0.7161183 0.2267284 0.5877586 0.1534717 0.5562139 0.2457927 0.5562139 0.2569792 0.6369114 0.2457929 0.7161183 0.2229545 0.6905582 0.2267284 0.5877586 0.1599296 0.5835347 0.1534717 0.5562139 0.2919533 0.6361661 0.2457929 0.7161183 0.2569792 0.6369114 0.2569792 0.6369114 0.2457927 0.5562139 0.2919533 0.6361661</float_array>
          <technique_common>
            <accessor source="#Mesh_008-mesh-map-array" count="240" stride="2">
              <param name="S" type="float"/>
              <param name="T" type="float"/>
            </accessor>
          </technique_common>
        </source>
        <vertices id="Mesh_008-mesh-vertices">
          <input semantic="POSITION" source="#Mesh_008-mesh-positions"/>
        </vertices>
        <triangles material="Bark7_001-material" count="48">
          <input semantic="VERTEX" source="#Mesh_008-mesh-vertices" offset="0"/>
          <input semantic="NORMAL" source="#Mesh_008-mesh-normals" offset="1"/>
          <input semantic="TEXCOORD" source="#Mesh_008-mesh-map" offset="2" set="0"/>
          <p>1 0 0 3 0 1 13 0 2 13 1 3 3 1 4 5 1 5 14 2 6 5 3 7 7 3 8 15 4 9 7 4 10 9 4 11 11 5 12 1 5 13 12 6 14 9 7 15 11 7 16 17 7 17 8 8 18 22 8 19 21 8 20 8 9 21 16 9 22 17 9 23 10 10 24 17 11 25 12 12 26 15 13 27 16 13 28 8 13 29 14 14 30 15 15 31 6 16 32 13 17 33 14 17 34 4 17 35 0 18 36 12 18 37 13 18 38 23 19 39 18 19 40 24 19 41 0 20 42 2 20 43 19 20 44 2 21 45 4 21 46 20 21 47 10 22 48 23 22 49 22 22 50 6 23 51 21 24 52 20 24 53 0 25 54 18 26 55 23 26 56 18 27 57 19 27 58 25 27 59 23 28 60 29 28 61 28 28 62 22 29 63 28 29 64 27 29 65 21 30 66 27 30 67 26 30 68 19 31 69 20 31 70 26 31 71 12 32 72 1 32 73 13 32 74 14 33 75 13 33 76 5 33 77 15 34 78 14 35 79 7 36 80 16 37 81 15 37 82 9 37 83 17 38 84 11 39 85 12 40 86 16 41 87 9 41 88 17 41 89 6 42 90 8 42 91 21 42 92 10 43 93 8 43 94 17 43 95 0 44 96 10 45 97 12 46 98 6 47 99 15 47 100 8 47 101 4 48 102 14 49 103 6 50 104 2 51 105 13 51 106 4 51 107 2 52 108 0 52 109 13 52 110 29 53 111 23 53 112 24 53 113 18 54 114 0 54 115 19 54 116 19 21 117 2 21 118 20 21 119 8 22 120 10 22 121 22 22 122 4 55 123 6 56 124 20 57 125 10 58 126 0 59 127 23 59 128 24 60 129 18 60 130 25 60 131 22 61 132 23 61 133 28 61 134 21 62 135 22 62 136 27 62 137 20 63 138 21 63 139 26 63 140 25 64 141 19 64 142 26 64 143</p>
        </triangles>
        <triangles material="Bark_End_001-material" count="32">
          <input semantic="VERTEX" source="#Mesh_008-mesh-vertices" offset="0"/>
          <input semantic="NORMAL" source="#Mesh_008-mesh-normals" offset="1"/>
          <input semantic="TEXCOORD" source="#Mesh_008-mesh-map" offset="2" set="0"/>
          <p>31 65 144 41 65 145 39 65 146 33 66 147 37 66 148 35 66 149 34 67 150 27 67 151 33 67 152 24 68 153 36 68 154 37 68 155 38 65 156 11 65 157 31 65 158 7 69 159 40 69 160 41 69 161 39 70 162 38 70 163 31 70 164 41 71 165 40 71 166 39 71 167 31 72 168 30 72 169 41 72 170 35 73 171 34 73 172 33 73 173 37 74 174 36 74 175 35 74 176 33 67 177 32 67 178 37 67 179 26 67 180 35 67 181 25 67 182 27 67 183 32 67 184 33 67 185 34 67 186 35 67 187 26 67 188 27 67 189 28 67 190 32 67 191 27 67 192 34 67 193 26 67 194 32 75 195 28 75 196 29 75 197 36 67 198 25 67 199 35 67 200 37 67 201 32 67 202 29 67 203 24 67 204 25 67 205 36 67 206 37 76 207 29 76 208 24 76 209 1 77 210 39 77 211 3 77 212 11 78 213 30 78 214 31 78 215 38 65 216 39 65 217 1 65 218 11 79 219 9 79 220 30 79 221 11 80 222 38 80 223 1 80 224 41 65 225 9 65 226 7 65 227 40 81 228 3 81 229 39 81 230 41 82 231 30 82 232 9 82 233 5 65 234 3 65 235 40 65 236 40 65 237 7 65 238 5 65 239</p>
        </triangles>
      </mesh>
    </geometry>
    <geometry id="Mesh_009-mesh" name="Mesh.009">
      <mesh>
        <source id="Mesh_009-mesh-positions">
          <float_array id="Mesh_009-mesh-positions-array" count="273">54.58913 47.25333 422.5171 -7.892288 47.25293 -345.6211 29.69081 29.16333 422.5171 -32.79124 29.16291 -345.6211 39.20164 -0.1069297 422.5171 -23.28038 -0.1073112 -345.6211 69.97722 -0.1069297 422.5171 7.495804 -0.1073112 -345.6211 79.48805 29.16333 422.5171 17.00603 29.16294 -345.6211 31.14143 54.25357 294.4939 -7.892288 68.94864 166.4709 -7.892288 77.03995 38.448 -7.892288 79.94593 -89.57508 -7.892288 76.88019 -217.5981 -32.79124 58.79022 -180.5227 -32.79124 61.8559 -147.0016 -32.79124 58.94995 38.448 -32.79124 50.85865 166.4709 6.242508 36.16358 294.4942 -23.28038 29.51999 -180.5227 -23.28038 32.58563 -147.0016 -23.28038 29.67969 38.448 -23.28038 21.58841 166.4709 15.75273 6.893314 294.4942 7.495804 29.51999 -217.5981 7.495804 32.5857 -28.4541 7.495804 29.67972 38.448 7.495804 21.58841 166.4709 46.52952 6.893314 294.4942 17.00603 58.79022 -217.5981 17.00664 61.85593 -28.4541 17.00664 58.94995 38.448 17.00664 50.85865 166.4709 56.04039 36.16358 294.4942 -199.9393 8.38654 -247.5037 -199.9393 6.996128 -269.5016 -204.2523 21.66181 -247.5037 -204.2523 20.2714 -269.5017 -159.597 33.28183 -224.3685 -159.597 34.41165 -206.493 -156.0921 22.49445 -224.3685 -156.0921 23.62427 -206.493 -62.16658 19.95087 -165.9553 -62.16658 16.88523 -188.1776 -71.67681 49.22113 -165.9553 -71.67681 46.15546 -188.1776 147.0956 20.13654 -212.2989 119.7004 21.99164 -225.8383 144.4057 1.451313 -206.8562 117.0105 3.306446 -220.3955 83.98632 26.34272 -150.1172 111.3815 24.48758 -136.578 86.67629 45.0279 -155.5598 114.0721 43.17279 -142.0206 84.74413 54.18283 -79.6084 57.34831 56.03794 -93.14771 82.05416 35.49762 -74.16541 54.65895 37.35276 -87.70471 60.04133 39.67646 -54.65185 43.48372 38.39472 -30.22754 63.51338 52.58634 -52.29809 46.95518 51.30463 -27.87378 204.2523 28.94559 -108.5219 194.5186 30.14307 -125.6787 200.8435 16.88431 -106.588 191.1098 18.08179 -123.7449 148.0095 32.95166 -98.15686 157.7438 31.75419 -81.00012 151.419 45.01294 -100.0907 161.152 43.81546 -82.93384 122.8762 50.9224 -60.20972 113.1425 52.11991 -77.36658 119.4672 38.86112 -58.27588 109.7341 40.0586 -75.43286 -77.96212 39.16828 -185.6879 -99.44969 39.06482 -194.4175 -77.78237 24.97919 -181.0052 -99.26998 24.87568 -189.7351 -136.2143 19.01468 -392.4349 -119.4587 19.72794 -406.7383 -139.0093 32.62805 -393.7398 -122.2537 33.34131 -408.043 -127.6974 36.9419 -343.5624 -141.3125 36.36231 -331.9396 -125.4264 25.87977 -342.5021 -139.0421 25.30018 -330.8794 -109.0601 7.334049 -234.6649 -92.13335 6.411442 -249.3575 -115.2228 37.34983 -237.5417 -98.29598 36.42722 -252.2342</float_array>
          <technique_common>
            <accessor source="#Mesh_009-mesh-positions-array" count="91" stride="3">
              <param name="X" type="float"/>
              <param name="Y" type="float"/>
              <param name="Z" type="float"/>
            </accessor>
          </technique_common>
        </source>
        <source id="Mesh_009-mesh-normals">
          <float_array id="Mesh_009-mesh-normals-array" count="579">-0.5777444 0.7952017 -0.1840267 -0.9495939 -0.3085544 0.0553708 0 -0.9742518 0.225463 0.5777531 0.7951956 -0.1840254 0.9486365 -0.3082224 0.07132935 0.9341512 -0.3035365 -0.1876893 0.904366 -0.2938574 -0.3094676 0.9508718 -0.3089687 -0.01952743 -0.8493839 -0.03122025 -0.5268514 0.9510471 -0.3090058 0.005008459 0.5866039 0.8073973 -0.06328958 0.585603 0.8060199 -0.08602958 0.5870156 0.8079636 0.0510649 0.5569851 0.8303087 0.0188471 0.5876811 0.8088609 -0.0193696 0 -0.9985085 -0.05459803 0 -0.9934767 -0.1140357 1.02037e-6 -0.9980088 -0.06307619 0.06024378 -0.9980612 -0.0156393 0.1090604 -0.9899041 0.09053069 -0.9395074 -0.305256 0.1553861 -0.9216725 -0.2994818 0.2466382 -0.9508716 -0.3089692 -0.01952743 -0.9510419 -0.3090243 -0.00484234 0.1750165 0.05686467 -0.9829221 -0.5811156 0.7998459 0.1501708 -0.5671646 0.7806419 0.2625313 -0.5870152 0.8079638 0.0510649 -0.6063853 0.7950734 0.01245862 -0.6516599 0.755359 -0.06908136 -0.6297714 -0.2046061 0.7493492 0.6624656 0.2152408 -0.7175031 -0.2213838 0.9732446 -0.06151509 0.3631634 0.1179963 -0.9242237 -0.3984825 -0.1294724 0.9079916 -0.3971996 -0.1290527 0.9086132 -0.09726077 -0.9859216 0.1360111 0.2765988 -0.9590717 0.06061828 -0.2829195 0.950145 -0.131077 0.2688928 -0.9591674 0.08771979 -0.3999884 -0.129969 0.9072582 -0.3985421 -0.1294921 0.9079626 -0.1193087 0.99088 -0.06262886 -0.9043031 0.00584501 -0.4268511 -0.1783605 -0.956755 0.2297986 0.1783568 0.9567549 -0.2298019 -0.9046242 0.006099104 -0.4261665 0.9046294 -0.006093323 0.4261556 0.1238867 0.9855351 -0.1156414 0.9042973 -0.005878567 0.4268628 0.9044927 -0.006014883 0.4264469 -0.01996564 -0.9951848 -0.09596085 0.1444121 0.9885855 0.04294049 0.8105804 -0.2633834 0.523057 -0.1238898 -0.9855347 0.1156404 -0.6992431 0.7036441 -0.1262706 -0.9495938 -0.3085543 0.05537074 0.2081238 -0.962724 0.1727631 0.5777528 0.7951959 -0.1840252 0.9486364 -0.3082227 0.07132935 0.9341516 -0.3035353 -0.187689 0.9043658 -0.2938582 -0.3094673 0.9508718 -0.3089686 -0.01952743 -0.7673596 0.2493398 -0.590753 0.9510412 -0.3090237 0.005005657 0.5866042 0.8073971 -0.06328958 0.5856034 0.8060197 -0.08602941 0.5870155 0.8079637 0.0510649 0.5874199 0.80852 0.03511905 0.6082134 0.7936694 -0.01286602 0 -0.9985084 -0.05459803 0 -0.9934766 -0.1140357 0 -0.9980087 -0.06307595 0.010185 -0.9990062 -0.04339295 9.91187e-7 -0.999058 -0.04339534 0.002877712 -0.9990538 -0.04339569 -0.06230145 -0.9979264 0.01617467 -0.9395012 -0.3052736 0.1553885 -0.9216789 -0.2994633 0.2466375 -0.9508715 -0.3089693 -0.01952737 -0.9510418 -0.3090244 -0.004842281 0.1750174 0.05686885 -0.9829216 -0.5811265 0.7998384 0.1501691 -0.5671629 0.7806429 0.2625316 -0.587015 0.807964 0.05106496 -0.587683 0.808883 0.01836067 -0.5572546 0.8301036 -0.01987838 -0.6297662 -0.2046172 0.7493506 0.6624734 0.2152255 -0.7175005 -0.2213841 0.9732447 -0.06151354 0.3631646 0.1179941 -0.9242235 -0.3971998 -0.1290546 0.9086129 -0.3984832 -0.1294727 0.9079912 -0.08361238 -0.9945139 0.06285834 0.2765978 -0.959072 0.06061953 -0.2688966 0.9591662 -0.08772057 0.2829156 -0.9501464 0.1310756 -0.3972945 -0.1290856 0.908567 -0.3999851 -0.1299598 0.907261 -0.3985366 -0.1294901 0.9079654 -0.1032958 0.9853189 -0.1359292 -0.9043014 0.005851566 -0.4268547 -0.1783602 -0.956755 0.2297991 0.1783595 0.9567553 -0.2297985 -0.904631 0.006065607 -0.4261524 -0.9044325 0.005957126 -0.4265751 0.9044297 -0.005974411 0.426581 0.9046225 -0.006127893 0.4261698 0.9043914 -0.005941987 0.4266627 0.1238866 0.985535 -0.1156415 0.9043052 -0.005849123 0.4268465 0.0124123 -0.9989811 -0.04339212 0.08536785 0.9956877 -0.03631007 0.8675411 0.01987344 0.4969685 -0.1238901 -0.9855347 0.1156403 -0.4509254 -0.0156508 -0.8924244 -0.509001 0.005851149 -0.860746 -0.2765759 -0.9567559 0.0901333 0.2765807 0.9567553 -0.09012508 -0.5096459 0.006122469 -0.8603625 0.5096499 -0.006101369 0.8603603 0.1674343 0.985535 -0.02620387 0.509004 -0.00583297 0.8607445 -0.01734185 -0.9980584 -0.05982214 0.03835612 0.9961934 0.07828015 0.3361693 -0.2556588 0.9064375 -0.1674321 -0.9855352 0.02621054 -0.3739763 0.2627449 -0.8894419 -0.5092652 0.00597608 -0.860589 -0.5092648 0.005977094 -0.8605891 -0.5089902 0.005874752 -0.8607524 -0.276574 -0.9567555 0.09014362 0.2765791 0.9567548 -0.09013539 -0.5096594 0.00608772 -0.8603547 0.509659 -0.006079912 0.860355 0.5093835 -0.00598067 0.860519 0.1674348 0.985535 -0.0261982 0.5089982 -0.005843162 0.8607478 -0.01761108 -0.9977753 -0.0643 0.0346437 0.9981476 0.05001407 0.3917465 0.03667855 0.9193418 -0.1674335 -0.9855353 0.02619874 0.979285 -0.0365529 -0.199161 0.979285 -0.03655248 -0.1991603 0.979285 -0.03655266 -0.1991605 -0.9788212 -0.2032821 -0.0241959 0.9757528 0.2071036 0.07081568 -0.09659111 0.9932889 -0.06361949 0.9392765 0.1639539 -0.301461 0.9402989 0.1644994 -0.2979564 -0.9494531 -0.1695458 0.2641838 -0.1666136 -0.9773378 -0.1305784 0.1330491 -0.9853463 0.1067267 0.01483923 0.9988645 -0.0452708 0.01359325 0.9988811 -0.04529768 0.01407247 0.998875 -0.04528588 0.1295397 -0.9690611 0.2100955 0.1295478 -0.9690616 0.2100885 0.1295391 -0.9690611 0.210096 -0.9254781 -0.1569735 0.3447459 -0.02960246 0.9994468 0.01516228 0.9392247 0.1638799 -0.3016627 0.9413146 0.1650463 -0.294426 0.9403052 0.1645029 -0.2979347 -0.9788346 -0.203215 -0.02421599 0.9757494 0.2071207 0.07081073 -0.09659337 0.9932886 -0.06361919 0.9392804 0.1639335 -0.3014602 -0.9494397 -0.1696133 0.2641887 -0.1020524 -0.9804146 -0.1684414 0.133051 -0.9853461 0.1067265 0.01515316 0.9988601 -0.04526555 0.01467388 0.9988669 -0.04527378 0.01385921 0.9988778 -0.04529058 -0.07169216 -0.9795305 0.1880968 -0.07169997 -0.9795305 0.1880936 -0.07170516 -0.9795306 0.1880915 -0.9782683 0.03766727 0.2038933 -0.978268 0.03766834 0.2038946 -0.9782679 0.0376684 0.2038947 0.03660416 0.9991182 -0.02056872 0 0 -1 -1.34e-6 0 1 -0.9508846 -0.3089292 0.01952648 0.4044926 -0.3089638 -0.8607714 2.1681e-6 0 1 0 0 1 -0.950883 -0.3089341 0.01952636 0.4044914 -0.308958 -0.8607739 0.8177983 -0.3089731 -0.4855324 0.8177979 -0.3089775 -0.4855301 -0.6309885 -0.2013568 -0.7492056 -0.6309818 -0.2013642 -0.7492093</float_array>
          <technique_common>
            <accessor source="#Mesh_009-mesh-normals-array" count="193" stride="3">
              <param name="X" type="float"/>
              <param name="Y" type="float"/>
              <param name="Z" type="float"/>
            </accessor>
          </technique_common>
        </source>
        <source id="Mesh_009-mesh-map">
          <float_array id="Mesh_009-mesh-map-array" count="996">0.1684858 0.9407755 0.07958501 0.9377512 0.07776498 0.9168365 0.07776498 0.9168365 0.07435685 0.8964943 0.1901839 0.8966719 0.07435685 0.8964943 0.0740078 0.8759198 0.1646939 0.8750294 0.1668485 0.8540061 0.07798159 0.8557252 0.0800234 0.8349485 0.1646939 0.8750294 0.0740078 0.8759198 0.07798159 0.8557252 0.6128314 0.8755692 0.5242347 0.8757917 0.5240254 0.8550307 0.4319483 0.8757719 0.4313213 0.8543636 0.5240254 0.8550307 0.3423395 0.8753976 0.3415119 0.8546709 0.4313213 0.8543636 0.04312515 0.5946549 0.04190981 0.6470493 0.02888822 0.6439313 0.2959262 0.8753824 0.1646939 0.8750294 0.1668485 0.8540061 0.5240254 0.8550307 0.5190282 0.8348711 0.6088994 0.8335526 0.4313213 0.8543636 0.4279326 0.8336577 0.5190282 0.8348711 0.3415119 0.8546709 0.3409872 0.8337094 0.4279326 0.8336577 0.2958977 0.8541808 0.2544642 0.832884 0.3409872 0.8337094 0.1668485 0.8540061 0.1680813 0.832884 0.2544642 0.832884 0.6089535 0.8964258 0.519437 0.8959797 0.5242347 0.8757917 0.519437 0.8959797 0.4289461 0.8965572 0.4319483 0.8757719 0.3419442 0.8961957 0.3423395 0.8753976 0.4319483 0.8757719 0.3419442 0.8961957 0.2140173 0.8967598 0.2959262 0.8753824 0.2140173 0.8967598 0.1901839 0.8966719 0.1646939 0.8750294 0.606518 0.9173466 0.5164837 0.9168713 0.519437 0.8959797 0.5164837 0.9168713 0.4264195 0.9171165 0.4289461 0.8965572 0.4264195 0.9171165 0.3411663 0.9172148 0.3419442 0.8961957 0.3411663 0.9172148 0.2149065 0.918192 0.2140173 0.8967598 0.8493584 0.7056617 0.8474362 0.677541 0.8675438 0.6737957 0.5194678 0.9377663 0.5164837 0.9168713 0.606518 0.9173466 0.4279381 0.9379144 0.4264195 0.9171165 0.5164837 0.9168713 0.4279381 0.9379144 0.3408815 0.9383078 0.3411663 0.9172148 0.2544782 0.9388965 0.2149065 0.918192 0.3411663 0.9172148 0.1684858 0.9407755 0.1924632 0.9177338 0.2149065 0.918192 0.8336026 0.6108571 0.839215 0.570086 0.8488615 0.5718265 0.8599888 0.6076906 0.8522816 0.607959 0.8611514 0.5635985 0.8252052 0.602142 0.829582 0.5586154 0.839215 0.570086 0.8675438 0.6737957 0.8474362 0.677541 0.8522816 0.607959 0.8135669 0.6747056 0.8336026 0.6108571 0.8408972 0.613185 0.8474362 0.677541 0.8330643 0.681753 0.8408972 0.613185 0.8522816 0.607959 0.8408972 0.613185 0.8488615 0.5718265 0.7881864 0.6894428 0.8021696 0.6643027 0.8135669 0.6747056 0.8493584 0.7056617 0.8259226 0.7110759 0.8330643 0.681753 0.8259226 0.7110759 0.80549 0.7050197 0.8135669 0.6747056 0.8021696 0.6643027 0.8252052 0.602142 0.8336026 0.6108571 0.03912723 0.694444 0.03569126 0.7492863 0.02220237 0.7479931 0.09416025 0.6961865 0.09131234 0.7518216 0.07037675 0.7508159 0.03912723 0.694444 0.05985391 0.6955455 0.05681514 0.750553 0.04190981 0.6470493 0.03912723 0.694444 0.02592509 0.6923859 0.06262767 0.6489074 0.07574605 0.6468107 0.07325333 0.6950647 0.04190981 0.6470493 0.06262767 0.6489074 0.05985391 0.6955455 0.05985391 0.6955455 0.07325333 0.6950647 0.07037675 0.7508159 0.1091635 0.5974177 0.09658539 0.6478907 0.07574605 0.6468107 0.04312515 0.5946549 0.06904476 0.5567339 0.06262767 0.6489074 0.06904476 0.5567339 0.09012609 0.5556175 0.07574605 0.6468107 0.09658539 0.6478907 0.09416025 0.6961865 0.07325333 0.6950647 0.1924632 0.9177338 0.1684858 0.9407755 0.07776498 0.9168365 0.1924632 0.9177338 0.07776498 0.9168365 0.1901839 0.8966719 0.1901839 0.8966719 0.07435685 0.8964943 0.1646939 0.8750294 0.1680813 0.832884 0.1668485 0.8540061 0.0800234 0.8349485 0.1668485 0.8540061 0.1646939 0.8750294 0.07798159 0.8557252 0.6128218 0.8543792 0.6128314 0.8755692 0.5240254 0.8550307 0.5242347 0.8757917 0.4319483 0.8757719 0.5240254 0.8550307 0.4319483 0.8757719 0.3423395 0.8753976 0.4313213 0.8543636 0.02220237 0.5921772 0.04312515 0.5946549 0.02888822 0.6439313 0.2958977 0.8541808 0.2959262 0.8753824 0.1668485 0.8540061 0.6128218 0.8543792 0.5240254 0.8550307 0.6088994 0.8335526 0.5240254 0.8550307 0.4313213 0.8543636 0.5190282 0.8348711 0.4313213 0.8543636 0.3415119 0.8546709 0.4279326 0.8336577 0.3415119 0.8546709 0.2958977 0.8541808 0.3409872 0.8337094 0.2958977 0.8541808 0.1668485 0.8540061 0.2544642 0.832884 0.6128314 0.8755692 0.6089535 0.8964258 0.5242347 0.8757917 0.5242347 0.8757917 0.519437 0.8959797 0.4319483 0.8757719 0.4289461 0.8965572 0.3419442 0.8961957 0.4319483 0.8757719 0.3423395 0.8753976 0.3419442 0.8961957 0.2959262 0.8753824 0.2959262 0.8753824 0.2140173 0.8967598 0.1646939 0.8750294 0.6089535 0.8964258 0.606518 0.9173466 0.519437 0.8959797 0.519437 0.8959797 0.5164837 0.9168713 0.4289461 0.8965572 0.4289461 0.8965572 0.4264195 0.9171165 0.3419442 0.8961957 0.3419442 0.8961957 0.3411663 0.9172148 0.2140173 0.8967598 0.8705106 0.7028608 0.8493584 0.7056617 0.8675438 0.6737957 0.6088641 0.9382736 0.5194678 0.9377663 0.606518 0.9173466 0.5194678 0.9377663 0.4279381 0.9379144 0.5164837 0.9168713 0.4264195 0.9171165 0.4279381 0.9379144 0.3411663 0.9172148 0.3408815 0.9383078 0.2544782 0.9388965 0.3411663 0.9172148 0.2544782 0.9388965 0.1684858 0.9407755 0.2149065 0.918192 0.8408972 0.613185 0.8336026 0.6108571 0.8488615 0.5718265 0.8705106 0.5655182 0.8599888 0.6076906 0.8611514 0.5635985 0.8336026 0.6108571 0.8252052 0.602142 0.839215 0.570086 0.8599888 0.6076906 0.8675438 0.6737957 0.8522816 0.607959 0.8330643 0.681753 0.8135669 0.6747056 0.8408972 0.613185 0.8522816 0.607959 0.8474362 0.677541 0.8408972 0.613185 0.8611514 0.5635985 0.8522816 0.607959 0.8488615 0.5718265 0.80549 0.7050197 0.7881864 0.6894428 0.8135669 0.6747056 0.8474362 0.677541 0.8493584 0.7056617 0.8330643 0.681753 0.8330643 0.681753 0.8259226 0.7110759 0.8135669 0.6747056 0.8135669 0.6747056 0.8021696 0.6643027 0.8336026 0.6108571 0.02592509 0.6923859 0.03912723 0.694444 0.02220237 0.7479931 0.07325333 0.6950647 0.09416025 0.6961865 0.07037675 0.7508159 0.03569126 0.7492863 0.03912723 0.694444 0.05681514 0.750553 0.02888822 0.6439313 0.04190981 0.6470493 0.02592509 0.6923859 0.05985391 0.6955455 0.06262767 0.6489074 0.07325333 0.6950647 0.03912723 0.694444 0.04190981 0.6470493 0.05985391 0.6955455 0.05681514 0.750553 0.05985391 0.6955455 0.07037675 0.7508159 0.09012609 0.5556175 0.1091635 0.5974177 0.07574605 0.6468107 0.04190981 0.6470493 0.04312515 0.5946549 0.06262767 0.6489074 0.06262767 0.6489074 0.06904476 0.5567339 0.07574605 0.6468107 0.07574605 0.6468107 0.09658539 0.6478907 0.07325333 0.6950647 0.7331423 0.9538678 0.6952877 0.9520902 0.6975253 0.9437205 0.6647621 0.951839 0.6292632 0.9513697 0.6296986 0.9426263 0.6657245 0.9432832 0.6296986 0.9426263 0.6300368 0.9291169 0.6647621 0.951839 0.6646433 0.9652249 0.6290667 0.9650276 0.6952877 0.9520902 0.6647621 0.951839 0.6657245 0.9432832 0.6946281 0.9655271 0.6966784 0.9738349 0.6653573 0.9738565 0.6952877 0.9520902 0.6946281 0.9655271 0.6646433 0.9652249 0.6646433 0.9652249 0.6653573 0.9738565 0.6292992 0.9737753 0.7349101 0.9448297 0.6975253 0.9437205 0.6969044 0.9301459 0.7331423 0.9538678 0.7501788 0.9647154 0.6946281 0.9655271 0.7501788 0.9647154 0.7518205 0.9738565 0.6966784 0.9738349 0.6975253 0.9437205 0.6657245 0.9432832 0.6659894 0.9298554 0.7349101 0.9448297 0.7331423 0.9538678 0.6975253 0.9437205 0.6657245 0.9432832 0.6647621 0.951839 0.6296986 0.9426263 0.6659894 0.9298554 0.6657245 0.9432832 0.6300368 0.9291169 0.6292632 0.9513697 0.6647621 0.951839 0.6290667 0.9650276 0.6975253 0.9437205 0.6952877 0.9520902 0.6657245 0.9432832 0.6646433 0.9652249 0.6946281 0.9655271 0.6653573 0.9738565 0.6647621 0.951839 0.6952877 0.9520902 0.6646433 0.9652249 0.6290667 0.9650276 0.6646433 0.9652249 0.6292992 0.9737753 0.7521429 0.9343059 0.7349101 0.9448297 0.6969044 0.9301459 0.6952877 0.9520902 0.7331423 0.9538678 0.6946281 0.9655271 0.6946281 0.9655271 0.7501788 0.9647154 0.6966784 0.9738349 0.6969044 0.9301459 0.6975253 0.9437205 0.6659894 0.9298554 0.7909092 0.9870781 0.7882301 0.9764841 0.8353413 0.9688491 0.8904072 0.9300116 0.9303706 0.9190655 0.9326572 0.9287458 0.9038789 0.9535375 0.9006424 0.9464651 0.945195 0.9368423 0.8950212 0.9187614 0.9371224 0.9055955 0.9303706 0.9190655 0.8428747 0.9870781 0.8353413 0.9688491 0.9006424 0.9464651 0.8241588 0.9377744 0.8904072 0.9300116 0.891322 0.9377788 0.8353413 0.9688491 0.8266572 0.9573044 0.891322 0.9377788 0.9006424 0.9464651 0.891322 0.9377788 0.9326572 0.9287458 0.7932124 0.9496225 0.7789352 0.9418245 0.8268851 0.9228634 0.7944555 0.9609568 0.8266572 0.9573044 0.8353413 0.9688491 0.7932124 0.9496225 0.8241588 0.9377744 0.8266572 0.9573044 0.8268851 0.9228634 0.8950212 0.9187614 0.8904072 0.9300116 0.8428747 0.9870781 0.7909092 0.9870781 0.8353413 0.9688491 0.891322 0.9377788 0.8904072 0.9300116 0.9326572 0.9287458 0.9471493 0.9462811 0.9038789 0.9535375 0.945195 0.9368423 0.8904072 0.9300116 0.8950212 0.9187614 0.9303706 0.9190655 0.9038789 0.9535375 0.8428747 0.9870781 0.9006424 0.9464651 0.8266572 0.9573044 0.8241588 0.9377744 0.891322 0.9377788 0.9006424 0.9464651 0.8353413 0.9688491 0.891322 0.9377788 0.945195 0.9368423 0.9006424 0.9464651 0.9326572 0.9287458 0.8241588 0.9377744 0.7932124 0.9496225 0.8268851 0.9228634 0.7882301 0.9764841 0.7944555 0.9609568 0.8353413 0.9688491 0.7944555 0.9609568 0.7932124 0.9496225 0.8266572 0.9573044 0.8241588 0.9377744 0.8268851 0.9228634 0.8904072 0.9300116 0.5448841 0.969991 0.524872 0.976493 0.5248725 0.9424468 0.3339868 0.975478 0.3274847 0.9554663 0.3615307 0.9554659 0.4221133 0.9446821 0.4226857 0.9542081 0.4076158 0.9542081 0.3854197 0.943513 0.3861937 0.9569231 0.3652626 0.9569231 0.5248725 0.9424468 0.5448841 0.9489491 0.5448841 0.969991 0.524872 0.976493 0.5125044 0.9594697 0.5248725 0.9424468 0.3615307 0.9554659 0.3550287 0.975478 0.3339868 0.975478 0.3274847 0.9554663 0.3445081 0.9430983 0.3615307 0.9554659 0.4070432 0.9446821 0.4221133 0.9446821 0.4076158 0.9542081 0.3644887 0.943513 0.3854197 0.943513 0.3652626 0.9569231 0.4390564 0.9425453 0.439556 0.9512016 0.4260447 0.9512016 0.4255452 0.9425453 0.4390564 0.9425453 0.4260447 0.9512016 0.4036111 0.9450069 0.4041836 0.9545331 0.3891139 0.9545331 0.3885412 0.9450069 0.4036111 0.9450069 0.3891139 0.9545331</float_array>
          <technique_common>
            <accessor source="#Mesh_009-mesh-map-array" count="498" stride="2">
              <param name="S" type="float"/>
              <param name="T" type="float"/>
            </accessor>
          </technique_common>
        </source>
        <vertices id="Mesh_009-mesh-vertices">
          <input semantic="POSITION" source="#Mesh_009-mesh-positions"/>
        </vertices>
        <triangles material="Bark7_001-material" count="152">
          <input semantic="VERTEX" source="#Mesh_009-mesh-vertices" offset="0"/>
          <input semantic="NORMAL" source="#Mesh_009-mesh-normals" offset="1"/>
          <input semantic="TEXCOORD" source="#Mesh_009-mesh-map" offset="2" set="0"/>
          <p>14 0 0 1 0 1 3 0 2 3 1 3 5 1 4 20 1 5 5 2 6 7 2 7 25 2 8 30 3 9 9 3 10 1 3 11 25 4 12 7 4 13 9 4 14 6 5 15 29 5 16 34 5 17 28 6 18 33 6 19 34 6 20 27 7 21 32 7 22 33 7 23 31 8 24 56 8 25 58 8 26 26 9 27 25 9 28 30 9 29 34 10 30 10 10 31 0 10 32 33 11 33 11 11 34 10 11 35 32 12 36 12 12 37 11 12 38 31 13 39 13 13 40 12 13 41 30 14 42 14 14 43 13 14 44 4 15 45 24 15 46 29 15 47 24 16 48 23 16 49 28 16 50 22 17 51 27 17 52 28 17 53 22 18 54 21 18 55 26 18 56 21 19 57 20 19 58 25 19 59 2 20 60 19 20 61 24 20 62 19 21 63 18 21 64 23 21 65 18 22 66 17 22 67 22 22 68 17 23 69 16 23 70 21 23 71 20 24 72 44 24 73 46 24 74 10 25 75 19 25 76 2 25 77 11 26 78 18 26 79 19 26 80 11 27 81 12 27 82 17 27 83 13 28 84 16 28 85 17 28 86 14 29 87 15 29 88 16 29 89 40 30 90 37 30 91 35 30 92 39 31 93 41 31 94 36 31 95 39 32 96 38 32 97 37 32 98 46 33 99 44 33 100 41 33 101 45 34 102 40 35 103 42 35 104 44 36 105 43 36 106 42 36 107 41 37 108 42 37 109 35 37 110 15 38 111 46 38 112 45 38 113 20 39 114 21 39 115 43 39 116 21 40 117 16 40 118 45 41 119 46 42 120 39 42 121 40 42 122 53 43 123 48 43 124 50 43 125 51 44 126 50 44 127 49 44 128 53 45 129 54 45 130 47 45 131 56 46 132 53 46 133 51 46 134 55 47 135 57 47 136 52 47 137 56 48 138 55 48 139 54 48 140 54 49 141 52 50 142 49 49 143 26 51 144 58 51 145 57 51 146 31 52 147 32 52 148 55 52 149 32 53 150 27 53 151 57 53 152 58 54 153 51 54 154 52 54 155 15 55 156 14 55 157 3 55 158 15 56 159 3 56 160 20 56 161 20 57 162 5 57 163 25 57 164 14 58 165 30 58 166 1 58 167 30 59 168 25 59 169 9 59 170 8 60 171 6 60 172 34 60 173 29 61 174 28 61 175 34 61 176 28 62 177 27 62 178 33 62 179 26 63 180 31 63 181 58 63 182 31 64 183 26 64 184 30 64 185 8 65 186 34 65 187 0 65 188 34 66 189 33 66 190 10 66 191 33 67 192 32 67 193 11 67 194 32 68 195 31 68 196 12 68 197 31 69 198 30 69 199 13 69 200 6 70 201 4 70 202 29 70 203 29 71 204 24 71 205 28 71 206 23 72 207 22 72 208 28 72 209 27 73 210 22 74 211 26 75 212 26 76 213 21 76 214 25 76 215 4 77 216 2 77 217 24 77 218 24 78 219 19 78 220 23 78 221 23 79 222 18 79 223 22 79 224 22 80 225 17 80 226 21 80 227 15 81 228 20 81 229 46 81 230 0 82 231 10 82 232 2 82 233 10 83 234 11 83 235 19 83 236 18 84 237 11 84 238 17 84 239 12 85 240 13 85 241 17 85 242 13 86 243 14 86 244 16 86 245 42 87 246 40 87 247 35 87 248 38 88 249 39 88 250 36 88 251 40 89 252 39 89 253 37 89 254 39 90 255 46 90 256 41 90 257 43 91 258 45 92 259 42 91 260 41 93 261 44 93 262 42 93 263 36 94 264 41 94 265 35 94 266 16 95 267 15 95 268 45 95 269 44 96 270 20 96 271 43 96 272 43 97 273 21 98 274 45 99 275 45 100 276 46 100 277 40 100 278 51 101 279 53 101 280 50 101 281 52 102 282 51 102 283 49 102 284 48 103 285 53 103 286 47 103 287 58 104 288 56 104 289 51 105 290 54 106 291 55 107 292 52 108 293 53 109 294 56 109 295 54 109 296 47 110 297 54 110 298 49 110 299 27 73 300 26 75 301 57 111 302 56 112 303 31 112 304 55 112 305 55 113 306 32 113 307 57 113 308 57 114 309 58 114 310 52 114 311 61 115 312 72 115 313 74 115 314 69 116 315 64 116 316 66 116 317 67 117 318 66 117 319 65 117 320 69 118 321 70 118 322 63 118 323 72 119 324 69 119 325 67 119 326 71 120 327 73 120 328 68 120 329 72 121 330 71 121 331 70 121 332 70 122 333 68 122 334 65 122 335 59 123 336 74 123 337 73 123 338 61 124 339 62 124 340 71 124 341 62 125 342 60 125 343 73 125 344 74 126 345 67 126 346 68 126 347 59 127 348 61 127 349 74 127 350 67 128 351 69 129 352 66 130 353 68 131 354 67 131 355 65 131 356 64 132 357 69 132 358 63 132 359 74 133 360 72 133 361 67 133 362 70 134 363 71 134 364 68 135 365 69 136 366 72 136 367 70 136 368 63 137 369 70 137 370 65 137 371 60 138 372 59 138 373 73 138 374 72 139 375 61 139 376 71 139 377 71 140 378 62 140 379 73 140 380 73 141 381 74 141 382 68 141 383 75 142 384 77 143 385 88 144 386 84 145 387 81 145 388 79 145 389 83 146 390 85 146 391 80 146 392 83 147 393 82 147 394 81 147 395 90 148 396 88 149 397 85 148 398 89 150 399 84 150 400 86 150 401 88 151 402 87 151 403 86 151 404 85 152 405 86 152 406 79 152 407 76 153 408 75 154 409 90 155 410 78 156 411 87 157 412 88 158 413 76 159 414 89 159 415 87 159 416 90 160 417 83 160 418 84 160 419 90 161 420 75 162 421 88 163 422 86 164 423 84 164 424 79 164 425 82 165 426 83 165 427 80 165 428 84 166 429 83 166 430 81 166 431 83 167 432 90 167 433 85 167 434 87 168 435 89 168 436 86 168 437 85 169 438 88 169 439 86 169 440 80 170 441 85 170 442 79 170 443 89 171 444 76 172 445 90 173 446 77 174 447 78 175 448 88 176 449 78 177 450 76 178 451 87 179 452 89 180 453 90 180 454 84 180 455</p>
        </triangles>
        <triangles material="Bark_End_001-material" count="14">
          <input semantic="VERTEX" source="#Mesh_009-mesh-vertices" offset="0"/>
          <input semantic="NORMAL" source="#Mesh_009-mesh-normals" offset="1"/>
          <input semantic="TEXCOORD" source="#Mesh_009-mesh-map" offset="2" set="0"/>
          <p>3 181 456 1 181 457 7 181 458 0 182 459 2 182 460 6 182 461 38 183 462 36 183 463 35 183 464 50 184 465 48 184 466 47 184 467 7 181 468 5 181 469 3 181 470 1 181 471 9 181 472 7 181 473 6 185 474 8 185 475 0 185 476 2 186 477 4 186 478 6 186 479 37 187 480 38 187 481 35 187 482 49 188 483 50 188 484 47 188 485 66 189 486 64 189 487 63 189 488 65 190 489 66 190 490 63 190 491 82 191 492 80 191 493 79 191 494 81 192 495 82 192 496 79 192 497</p>
        </triangles>
      </mesh>
    </geometry>
    <geometry id="Mesh_010-mesh" name="Mesh.010">
      <mesh>
        <source id="Mesh_010-mesh-positions">
          <float_array id="Mesh_010-mesh-positions-array" count="702">-68.44207 -4.040126 -249.8144 -73.26077 10.72859 -247.6707 4.686983 31.24023 2.086884 27.66732 17.27566 5.284332 -13.09811 11.15328 2.919769 44.61595 89.18317 181.8938 10.33848 35.49225 49.64877 18.70262 4.509597 55.03479 30.53075 21.74085 51.90909 35.64291 98.31389 189.4329 38.50931 82.93235 186.1066 30.91585 84.41725 181.6886 37.02248 90.66809 177.4758 -26.04468 13.0622 58.69052 -11.04826 1.997461 79.2182 -19.2824 28.72484 74.73657 -34.72772 11.44328 220.0695 -4.285984 17.66009 95.26419 -43.64258 7.632576 264.8872 -35.63068 26.38301 224.0449 -42.44806 16.92171 222.7023 -27.91035 20.90458 221.4121 29.25396 73.27032 154.1743 21.82784 60.24648 155.9381 30.53657 52.20547 158.774 37.96269 65.2293 157.0101 -78.16418 11.36037 -249.4517 -51.03328 2.853141 -262.0091 -60.75541 18.25364 -261.6464 -52.51282 -4.344467 -210.6169 -57.37694 8.862592 -245.122 -65.08771 -2.551122 -248.7913 -59.0508 16.98983 -256.9101 -50.87775 3.710121 -258.0307 7.724118 0.7850152 -47.2955 -32.90925 15.17665 -145.8283 11.6179 7.388844 -144.2844 -26.32205 28.54574 -161.3377 -41.02022 18.32574 -225.5156 -30.0238 2.200865 -224.3529 -63.50924 11.78041 -211.7794 -15.6335 1.67886 -134.3429 -16.26179 32.63375 -166.8587 -23.45294 22.65148 -184.1886 4.402414 24.97466 -161.2906 1.533303 30.8689 -138.4399 -21.23706 23.64594 139.2606 -34.31977 19.00907 141.1468 -28.41445 31.20286 140.1592 -27.14238 11.45214 140.2482 30.63199 37.88953 113.8294 24.02112 24.02456 117.4864 12.62655 34.29618 114.4774 19.23744 48.16115 110.8205 9.882225 -2.8113 6.117096 -13.84097 13.53596 -60.27432 32.53179 14.10921 -51.55856 10.9667 26.86016 -64.53739 23.53917 3.21717 7.600342 12.4944 0.4645267 23.60474 -77.64734 1.962651 -246.595 -68.13526 -3.300878 -253.096 -53.7715 2.83377 -262.6542 -76.32408 9.905405 -252.2157 -61.96032 16.04005 -261.774 -51.53417 12.30255 -264.8872 -10.93134 24.16404 2.804199 4.092385 34.64856 19.79254 28.58722 19.76875 21.84494 -18.1392 14.04464 23.03146 24.03536 11.60318 89.8483 17.39645 38.44019 82.90747 31.78375 26.63383 85.79709 8.948982 23.25931 97.58106 4.899973 3.129582 61.04538 -6.712019 32.81246 56.38867 25.03184 33.04234 49.74591 28.02458 9.569388 54.28857 37.17748 95.59333 191.9859 35.16983 95.27761 183.059 40.85691 96.99145 187.1823 31.4904 93.8795 187.8626 41.59001 92.21154 179.4362 29.6084 28.04759 115.7685 17.23791 26.03568 117.5378 12.51656 43.45501 111.255 -32.78229 13.08925 101.0211 -19.90964 4.28091 63.93558 -26.74003 22.99296 62.58893 -23.58231 3.857042 106.6027 -9.76623 27.77486 88.00464 -4.24541 6.395851 93.38043 -26.73057 26.94857 103.1681 -17.53059 17.71637 108.7498 -47.34211 9.122639 254.5145 -41.21256 5.254746 252.7966 -41.8409 15.6507 255.5629 -35.71134 11.7828 253.8449 -29.3645 14.39991 219.975 -32.31472 13.81855 140.8059 -40.94501 22.61755 223.9241 -23.45675 32.10923 139.3245 34.78337 73.4439 155.7888 44.21686 84.96336 184.3001 32.43005 82.83527 185.7553 32.82666 87.19074 177.6731 36.58811 83.62059 169.0565 29.25106 72.38648 171.0129 37.13134 66.43502 174.2256 44.46841 77.66912 172.2692 -57.31512 -4.46946 -255.9917 -63.6234 2.72376 -207.1406 -29.88988 12.54176 -227.7447 -71.8983 18.63128 -255.4476 -75.1147 12.7624 -236.8243 -43.00381 2.923689 -250.9554 -54.19055 20.1693 -251.3019 -63.92797 -4.483208 -236.4776 -60.95106 0.6798127 -243.8251 -49.64768 5.660347 -251.1746 -67.45236 11.24322 -242.9337 -56.14897 16.22376 -250.2832 -68.19904 17.17914 -252.0103 -72.72673 2.523428 -245.9212 -55.93947 -2.740432 -253.6911 -51.4118 11.9153 -259.7802 2.228412 0.3250954 -137.2517 -28.85127 22.48656 -155.8717 -9.221655 4.469022 -53.06619 27.98986 24.45532 -59.46075 1.212735 4.252237 -90.50547 -20.78391 17.55161 -107.0909 29.93959 12.22268 -98.25705 9.740736 28.01762 -110.51 -31.00149 7.834568 -136.7907 12.39067 17.42155 -153.0833 -38.52909 -5.745144 -217.8179 -55.02371 18.44217 -219.5618 -28.39187 17.54559 -198.4302 -11.88574 2.938106 -187.1473 -47.91751 11.54247 -179.6649 -35.86015 -2.62381 -175.487 -22.92457 32.28463 -164.3067 -8.764556 33.15922 -154.9988 -6.948024 30.04608 -166.6385 -21.10804 29.1715 -175.9463 -14.37796 31.55137 -144.4118 -30.58502 24.64733 -178.252 -10.0743 22.70999 -178.688 11.19801 28.1321 -143.9052 -22.28805 14.02342 139.6682 -40.31668 12.2216 221.1579 -33.05414 25.35882 141.0162 -30.09062 26.41355 223.1717 -22.37409 27.39371 179.3102 -35.82055 22.92034 181.0474 -29.61939 33.63269 181.766 -28.57526 16.68136 178.5915 37.10829 55.76899 157.9636 23.6442 53.90815 158.4344 24.04521 67.83051 153.7097 27.15423 46.83316 112.0524 31.28761 51.94301 137.1769 24.30611 38.61242 139.8335 14.37631 47.66159 136.9357 21.35782 60.99219 134.279 25.48053 3.619792 -45.83539 -6.8671 22.74621 -65.30368 -5.07353 -0.3268882 3.626312 21.60412 29.80355 2.377106 8.935625 -3.357823 -12.49429 -11.47938 9.334817 -19.04785 28.67939 15.10726 -13.83093 8.264389 27.7999 -20.38446 24.98647 6.133912 24.15424 -6.293636 1.72451 25.72092 -58.90816 -3.54159 -258.0925 -75.81861 1.775067 -250.269 22.04106 32.29747 19.46253 -17.93704 29.19823 25.25867 -54.27297 10.97704 -264.6064 -71.19139 16.26783 -256.7722 30.33728 16.03636 88.12082 14.35927 10.98665 93.25394 5.998558 33.35931 86.00669 27.69628 36.42523 83.76371 41.13743 93.30702 188.4933 33.25819 91.50765 189.4653 32.70737 92.44356 182.8647 39.24285 95.52857 183.3231 -32.02857 20.51922 101.2318 -29.72308 6.816056 102.7425 -18.2286 6.670909 109.6042 -20.6455 27.60504 105.9632 -44.31009 15.40291 247.1524 -43.8519 7.82204 245.1352 -35.43033 9.529929 244.4552 -35.93198 17.82978 246.6638 41.37226 84.48096 170.8567 43.76021 69.53662 173.3676 30.36668 67.6298 173.7913 31.93977 78.46382 168.5485 -50.68165 -5.283996 -243.7724 -74.73992 2.480706 -232.889 -43.3537 13.59105 -254.6056 -67.46176 20.58442 -244.2922 -67.64392 4.52731 -243.2374 -54.75672 0.4863684 -249.2021 -51.28093 11.73723 -253.8767 -64.16812 15.77816 -247.9118 20.96414 4.326117 -90.52558 -13.39559 26.90659 -121.0935 -16.85612 9.495809 -96.56961 28.78067 23.27883 -113.0551 -47.85739 4.054238 -173.6683 -10.9215 13.80553 -191.308 -20.88366 -4.369812 -181.2652 -39.4679 17.84705 -187.8672 -25.82597 28.95366 -173.515 -15.91309 32.8814 -154.2481 -0.8591337 30.76359 -155.0646 -13.02324 27.49449 -174.7504 -23.60596 19.56316 178.237 -33.80558 18.03739 179.7397 -34.47391 28.92164 181.9208 -24.50383 34.10591 180.8177 30.35854 42.3696 138.5948 17.51661 40.45017 139.6836 15.46385 55.94338 134.2481 27.98886 60.44606 135.6986 23.69856 1.989139 -10.64038 -6.923953 21.0281 -20.4707 -5.995122 -0.9153557 -16.32065 23.62054 26.78226 -18.32565</float_array>
          <technique_common>
            <accessor source="#Mesh_010-mesh-positions-array" count="234" stride="3">
              <param name="X" type="float"/>
              <param name="Y" type="float"/>
              <param name="Z" type="float"/>
            </accessor>
          </technique_common>
        </source>
        <source id="Mesh_010-mesh-normals">
          <float_array id="Mesh_010-mesh-normals-array" count="3009">-0.06229478 -0.9978085 -0.0223059 -0.06232565 -0.9978086 -0.02221518 -0.06622737 -0.9977469 -0.01073169 -0.5040642 -0.8521425 0.1406146 -0.5042266 -0.8519945 0.1409289 -0.5051391 -0.8511595 0.1426963 -0.5929715 -0.7704718 -0.2340048 -0.5898481 -0.7677863 -0.2501672 -0.593856 -0.7712186 -0.2292531 -0.1668688 -0.9569902 -0.2373284 -0.175229 -0.945911 -0.2730333 -0.1654722 -0.9586756 -0.2314307 0.8280065 -0.07529437 -0.5556403 0.824022 -0.07233387 -0.5619213 0.8332194 -0.07922774 -0.5472372 0.6389877 -0.7130027 -0.2886554 0.6470941 -0.7077056 -0.2835881 0.655992 -0.7017332 -0.27793 0.4063339 -0.75617 -0.5129328 0.3983664 -0.7430102 -0.5378105 0.4274796 -0.790684 -0.4382696 0.5765011 -0.06037807 -0.8148626 0.567395 -0.07247745 -0.82025 0.506802 -0.1480903 -0.8492473 0.08525085 0.9869182 -0.1368386 0.08471518 0.9870067 -0.1365326 0.0861572 0.9867675 -0.1373564 -0.406844 0.89252 -0.1946436 -0.403794 0.8934665 -0.196642 -0.4123551 0.8907728 -0.1910159 -0.3505403 0.9032645 -0.2474563 -0.3473868 0.9036489 -0.2504823 -0.4125808 0.8918268 -0.1855316 0.1058769 0.9805259 -0.1654059 0.1060105 0.9804891 -0.1655384 0.08619993 0.9855135 -0.1460577 0.9518641 -0.3019663 0.05264115 0.9482003 -0.3114354 0.06264388 0.9381695 -0.3348933 0.08766162 0.9084497 0.4176107 0.01790183 0.9053584 0.4245238 0.01028859 0.900277 0.4353142 -0.00171554 0.8979544 0.428995 -0.09819018 0.8924269 0.4406731 -0.09685873 0.8918351 0.4390932 -0.1087545 0.9614893 -0.2737022 -0.02500861 0.9622869 -0.2710355 -0.02332079 0.9574677 -0.2866229 -0.03320896 -0.9621943 0.2194329 -0.1613425 -0.9492285 0.2866839 -0.1295285 -0.9312955 0.3509256 -0.09767383 -0.8419051 -0.5389377 0.02724474 -0.859954 -0.5103647 0.002659201 -0.8199694 -0.5697885 0.05469399 -0.7779545 -0.6277225 -0.02741444 -0.7548958 -0.6542801 -0.04527789 -0.7101936 -0.6997371 -0.07741564 -0.9515075 0.08934587 -0.2943654 -0.9526246 0.1193383 -0.2797586 -0.9525364 0.1563118 -0.2612299 0.9101855 0.1497095 0.3861987 0.9122822 0.1837972 0.3660051 0.9091473 0.1380758 0.3929205 0.9961128 -0.06453543 0.05995482 0.9949626 -0.07513964 0.06636005 0.9964426 -0.06119984 0.05793935 0.8152343 0.4063015 -0.4126889 0.8528829 0.3405558 -0.395743 0.7892273 0.4461239 -0.4220117 0.7060583 0.6572517 -0.2636324 0.6532542 0.6431477 -0.3995249 0.6072665 0.6247676 -0.4908086 0.152913 0.9872055 -0.04520028 0.139023 0.9889867 -0.05077362 0.1286916 0.9901637 -0.05490344 -0.1979986 0.9799246 -0.02333533 -0.2139695 0.9768322 -0.004022181 -0.1747575 0.9832823 -0.05114519 -0.2212912 0.9751907 -0.005773961 -0.3086335 0.9478589 0.07942998 -0.1743857 0.9833992 -0.05015814 0.1912851 0.9748177 -0.1146321 0.1707558 0.977994 -0.119876 0.1640272 0.9789351 -0.1215784 0.07270383 -0.9936839 0.08547842 -0.01177144 -0.9975734 0.06862038 0.1415128 -0.9849921 0.09881687 0.4628899 -0.8851349 0.04763489 0.425199 -0.904261 0.0389592 0.4795896 -0.8759796 0.05151462 0.4963147 -0.8617737 0.1049664 0.5720785 -0.8126996 0.1106591 0.4808685 -0.8706339 0.1037404 0.1414683 -0.9711978 0.1917336 0.164661 -0.9704992 0.1761198 0.1716288 -0.9701396 0.1713849 0.9714687 -0.2278121 -0.06595772 0.9667273 -0.2504046 -0.05230635 0.9639565 -0.262207 -0.04511618 0.8989458 0.428828 -0.08945894 0.9022529 0.4225354 -0.08604389 0.9066117 0.4080599 -0.1074362 0.9207298 0.3790083 -0.09278762 0.9256095 0.3682516 -0.08739471 0.9870876 -0.1567757 -0.03285896 0.9814315 -0.1913399 -0.01346504 0.979162 -0.2029638 -0.006898999 -0.06108266 -0.585704 0.8082202 -0.133206 -0.5952652 0.7924113 -0.03765594 -0.5819123 0.8123794 0.408784 -0.5396601 0.7359774 0.3713879 -0.5592462 0.7411577 0.4217705 -0.5325341 0.7338373 0.4201152 -0.3031918 0.8553233 0.4876438 -0.3111844 0.8157008 0.5193461 -0.3143706 0.7946389 -0.06989151 -0.4006198 0.9135748 -0.1088196 -0.4195979 0.9011636 -0.04695188 -0.3890894 0.9200027 -0.922237 0.3200674 -0.2168774 -0.9607517 -0.08172547 0.2650986 -0.9493046 -0.1207108 0.2902579 -0.9445967 -0.1348405 0.2992578 -0.9231441 -0.1016847 0.3707633 -0.8549964 -0.2283034 0.4656811 -0.8218044 -0.2755143 0.4987279 -0.9277034 0.2479624 -0.2790719 -0.9241967 0.248751 -0.2897991 -0.9300423 0.2474009 -0.2716878 0.05245471 0.7465003 -0.6633144 0.08862894 0.7560589 -0.6484751 0.1047277 0.7599298 -0.641513 -0.599123 0.6127086 -0.5154028 -0.5756958 0.6354282 -0.5145926 -0.5616139 0.6484926 -0.5138552 -0.5344929 0.5765838 -0.6179551 -0.5499316 0.5557669 -0.6234569 -0.565227 0.5342099 -0.6286002 0.007804751 0.7675316 -0.6409637 0.002629876 0.7685201 -0.6398204 0.0172466 0.7656704 -0.6430019 -0.7243605 -0.6573284 -0.2078971 -0.7001903 -0.690353 -0.182061 -0.7338731 -0.6432016 -0.2184537 -0.7867781 -0.60344 -0.1297707 -0.8500128 -0.4960536 -0.1772255 -0.7773967 -0.6167995 -0.1233413 -0.9873557 0.0862447 -0.1330062 -0.9879999 0.003563463 -0.1544138 -0.9875422 -0.007445394 -0.1571788 -0.974285 0.02576202 -0.2238418 -0.9753232 0.04031395 -0.2170703 -0.9755823 0.04462277 -0.2150536 0.2457644 -0.954892 0.1666773 0.2445779 -0.9548267 0.1687834 0.2367097 -0.9542555 0.1826612 0.2566785 -0.9469161 0.1935619 0.292315 -0.9229931 0.2502716 0.2464678 -0.9527564 0.1775081 -0.2650608 -0.9641451 -0.0129286 -0.3465853 -0.9342708 -0.08376634 -0.2497127 -0.96832 1.10578e-4 -0.05011725 -0.9982123 -0.03256523 -0.04700291 -0.9988793 -0.00556606 -0.05928081 -0.9917328 -0.1138064 -0.235668 0.9627232 0.132758 -0.2459931 0.9562082 0.1585983 -0.2110478 0.9747779 0.07257324 -0.4416996 0.8971434 -0.005946159 -0.4510115 0.8913748 -0.04516142 -0.4678153 0.8748559 -0.1256024 -0.6029989 0.7965613 -0.04339063 -0.7084025 0.6945257 -0.125698 -0.7395995 0.6554727 -0.1528007 -0.0550698 0.9984565 -0.007202506 -0.005273938 0.998808 0.04852682 0.009297668 0.9978565 0.06477731 -0.1749451 -0.9710308 -0.1627681 -0.2727759 -0.9484573 -0.1613141 -0.2806811 -0.9461806 -0.1611227 0.4978829 -0.8663997 -0.03826892 0.4832204 -0.8746296 -0.03900218 0.4818817 -0.875365 -0.03906822 0.4883432 -0.8709627 -0.0542671 0.5406985 -0.839711 -0.05030661 0.5462675 -0.8361253 -0.04986482 -0.1840598 -0.9611175 -0.2058523 -0.2469254 -0.9423075 -0.2260186 -0.1736395 -0.963777 -0.2024434 0.02072918 -0.2348259 0.9718164 0.007973134 -0.2679318 0.9634049 -0.02051323 -0.34048 0.940028 -0.2345962 0.6032009 0.762308 -0.2486774 0.6076736 0.7542495 -0.08893829 0.5485193 0.8313944 0.6631919 0.5732086 0.4812572 0.6658938 0.493018 0.5599275 0.6580804 0.3889677 0.6446971 0.7420899 -0.07188975 0.6664342 0.7284222 -0.03107464 0.6844234 0.7523155 -0.1060284 0.6502149 0.01652318 0.9849725 0.1719193 -0.05388653 0.983811 0.1709159 0.02167463 0.9848657 0.1719593 -0.5892744 0.8072804 0.03246897 -0.6865533 0.7266517 0.02493852 -0.5783176 0.8151342 0.03324311 -0.5758892 0.8008607 0.1642377 -0.593137 0.7904645 0.1528217 -0.5951457 0.7892132 0.1514729 0.06329244 0.933204 0.3537293 0.177421 0.9197348 0.3501566 0.05062323 0.9339361 0.3538373 -0.9557198 0.2720069 -0.1123031 -0.9648401 0.2370011 -0.1136403 -0.9546044 0.2759613 -0.1121418 -0.9236816 -0.3315934 -0.1919853 -0.9163124 -0.3492894 -0.1958788 -0.9156781 -0.3507682 -0.1962022 -0.9091392 -0.3630264 -0.2041516 -0.8488963 -0.4691636 -0.2434349 -0.8423302 -0.4790199 -0.2470221 -0.958137 0.2808755 -0.05552065 -0.9240799 0.3793218 -0.04681164 -0.9622724 0.2661034 -0.05675315 0.9689775 -0.2287956 0.09346252 0.9779345 -0.1765433 0.1116984 0.9674222 -0.2363304 0.09078752 0.9347286 0.3073442 0.1783871 0.9487355 0.2684118 0.1669017 0.9329832 0.311847 0.1797049 0.9057996 0.2761348 0.3213672 0.858537 0.3995367 0.3213795 0.8525725 0.4123699 0.3210474 0.9469568 -0.2685834 0.1764538 0.92438 -0.3609274 0.1235033 0.9495884 -0.2531433 0.1849341 0.1472743 0.8077862 -0.5707818 0.1824975 0.8018033 -0.5690397 0.187709 0.8008272 -0.5687188 -0.6493262 0.7410383 -0.1709904 -0.6995365 0.6988483 -0.1491979 -0.7084158 0.6907176 -0.1451085 -0.7153235 0.6892062 -0.1153571 -0.7303362 0.6746113 -0.1072788 -0.7334269 0.6715185 -0.1055839 0.09775078 0.783203 -0.6140343 0.1481087 0.7748856 -0.6145048 0.1551227 0.7735612 -0.614443 -0.9283411 0.3055093 0.2117713 -0.9458653 0.2263327 0.2326208 -0.9498472 0.202157 0.2385854 -0.8796135 -0.1923299 0.4350739 -0.8988419 -0.1185664 0.4219306 -0.9038771 -0.0947206 0.4171741 -0.8909642 -0.05843752 0.4502978 -0.9039575 0.0118156 0.4274593 -0.9068468 0.03274285 0.4201868 -0.8916783 0.4247839 0.1564238 -0.9184724 0.3499796 0.1841814 -0.9252539 0.3270137 0.1922687 -0.2178231 -0.7576338 0.6152595 -0.2183843 -0.7575464 0.6151682 -0.2174957 -0.7576842 0.6153131 0.486961 -0.7868072 0.3792143 0.5334599 -0.762159 0.3667894 0.4765104 -0.7919355 0.3818063 0.4552463 -0.7448081 0.4878646 0.4268326 -0.7564675 0.4955513 0.4621732 -0.7418224 0.4858967 -0.1968948 -0.6850494 0.7013843 -0.1736245 -0.6879783 0.7046563 -0.203517 -0.68414 0.7003809 0.9618391 -0.1153858 -0.2480963 0.9610552 -0.1261137 -0.2459032 0.9620646 -0.111963 -0.2487892 0.8510612 0.2593963 -0.4565178 0.8529555 0.2537744 -0.4561421 0.850428 0.261253 -0.456639 0.8094213 0.2382064 -0.5367448 0.8056803 0.2492226 -0.537371 0.8108031 0.2340447 -0.5364899 0.9453629 -0.1174148 -0.3041425 0.9452015 -0.1217088 -0.3029541 0.9454094 -0.1160755 -0.3045123 -0.7551881 0.1463707 -0.6389575 -0.773143 0.1653605 -0.6122955 -0.7768926 0.169446 -0.6064042 -0.866991 -0.1834382 -0.4633326 -0.8801872 -0.1675953 -0.4440523 -0.8604875 -0.1909049 -0.4723525 -0.9747839 0.02834314 0.2213441 -0.9757518 0.03307276 0.216367 -0.9723473 0.01732039 0.2328966 -0.6794617 0.7248813 0.1134858 -0.6792104 0.7253201 0.1121796 -0.6856139 0.7127883 0.1478734 0.3274094 -0.7185826 -0.6135489 0.1925941 -0.7107044 -0.6766142 0.166801 -0.7074658 -0.6867821 0.1869373 -0.2307447 -0.9548882 0.07098573 -0.2779659 -0.9579646 0.04185146 -0.2890801 -0.9563897 0.7896021 -0.1554342 -0.5936068 0.7919737 -0.1601915 -0.589166 0.7975746 -0.1717123 -0.5782643 0.5246064 -0.7740433 -0.3544647 0.5248711 -0.7724214 -0.3575971 0.5264081 -0.7618206 -0.3775233 -0.2268555 0.1867347 -0.9558593 -0.2039862 0.2074513 -0.9567412 -0.2324485 0.1816108 -0.9555026 -0.449957 0.3000343 -0.8411411 -0.4502832 0.3266823 -0.8309776 -0.4502953 0.3302462 -0.8295611 -0.05016827 0.987118 -0.1519252 -0.05021375 0.9871441 -0.1517408 -0.0504412 0.9872738 -0.1508185 0.3859373 0.8290596 -0.4046145 0.3862851 0.8289592 -0.4044879 0.3924514 0.8271557 -0.4022379 -0.06637495 -0.9947776 0.07753634 -0.07955104 -0.9937516 0.07829147 -0.05994951 -0.9952146 0.07716345 -0.4577431 -0.8527671 0.2515152 -0.4455835 -0.8592034 0.251446 -0.4622544 -0.850326 0.2515285 -0.4760245 -0.8528816 0.2144616 -0.4770359 -0.8523467 0.2143408 -0.4756029 -0.8531041 0.2145122 -0.06310594 -0.997837 0.01841491 -0.07180333 -0.9969581 0.03031384 -0.07904946 -0.9960584 0.040237 -0.05082589 0.9889757 -0.1390821 -0.05370002 0.9885597 -0.1409476 -0.04878973 0.9892634 -0.1377599 0.3884576 0.8211887 -0.4180312 0.2461302 0.6517566 -0.7173795 0.2133129 0.6496018 -0.7297365 0.3153645 0.6536631 -0.6879461 -0.2716274 0.8674842 -0.4167611 -0.2675544 0.848164 -0.4572008 -0.2602559 0.8152005 -0.5174121 0.05957317 -0.9864062 0.1531463 0.06122863 -0.9861449 0.1541731 0.06264215 -0.9859189 0.1550483 -0.3980399 -0.8263126 0.3984618 -0.3986961 -0.8262254 0.3979864 -0.3994676 -0.8261222 0.3974266 -0.5826372 -0.8072029 0.09464418 -0.575322 -0.815625 0.06132519 -0.5966991 -0.784112 0.1706416 -0.03834664 -0.9872101 -0.1547448 -0.07414382 -0.9818826 -0.1743828 -0.1295049 -0.9703029 -0.2043057 -0.8592563 0.06259095 0.5077018 -0.8559703 0.05988883 0.5135447 -0.8510692 0.05591934 0.5220673 -0.64758 0.7073807 0.283289 -0.6391034 0.7128617 0.2887478 -0.6561535 0.7016842 0.2776727 -0.7697431 0.6290666 -0.1084944 -0.7883012 0.6021503 -0.1264762 -0.7224902 0.6882106 -0.06613767 -0.9845694 -0.1168597 0.1302573 -0.9882956 -0.1062752 0.1094423 -0.9979542 -0.06062698 0.02029418 0.2146629 -0.9718725 -0.09687066 0.2928115 -0.954617 -0.05447959 0.1662652 -0.9784715 -0.1222681 -0.1602842 -0.9791568 -0.1247441 -0.1419522 -0.982955 -0.1168299 -0.1687374 -0.9772642 -0.1283835 -0.2098276 -0.9763103 -0.05282616 -0.2447717 -0.9675568 -0.06261575 -0.1962156 -0.979335 -0.04901498 0.1215339 -0.9916115 -0.04400372 0.0413168 -0.9967613 -0.06899356 0.1601194 -0.9865861 -0.03177458 -0.6627652 0.7218875 0.1990497 -0.5830551 0.8067225 0.09615433 -0.683308 0.6934188 0.228606 -0.8916283 0.2445577 0.3810389 -0.8881393 0.2784231 0.3656353 -0.8920141 0.2398319 0.3831341 -0.9504812 0.09629446 0.2954877 -0.944342 -0.01183354 0.3287523 -0.9503746 0.1108668 0.2906833 -0.6834849 0.6999129 0.2072929 -0.6551427 0.7367069 0.1674848 -0.6923417 0.6870996 0.2203566 0.5092328 -0.8416056 -0.1799504 0.5274477 -0.8254446 -0.2010974 0.5319974 -0.8211932 -0.2064477 0.8337659 -0.284157 -0.4733809 0.8187059 -0.3973627 -0.4145161 0.8146614 -0.4165912 -0.4034583 0.886247 -0.3409231 -0.3135886 0.8873671 -0.3342108 -0.3176204 0.8875581 -0.3330291 -0.3183273 0.5653669 -0.8102284 -0.1545651 0.5408576 -0.8308741 -0.1308492 0.5348832 -0.8356045 -0.1251603 -0.713917 0.6895419 0.1218791 -0.82918 0.5465984 0.1170074 -0.8765262 0.4678845 0.1130756 -0.6715513 0.668669 0.3192189 -0.6336466 0.744099 0.2116808 -0.6865369 0.6237026 0.373714 -0.5340434 0.7901024 0.3008919 -0.4973655 0.8401013 0.2164661 -0.5482234 0.7655504 0.3367252 -0.7234548 0.6903427 -0.006346762 -0.6840448 0.7294319 -0.003431797 -0.6696406 0.7426815 -0.002401113 0.3020427 0.9370231 -0.1753796 0.3898154 0.904253 -0.1742714 0.4265828 0.8876861 -0.1733223 0.4364041 0.8818593 -0.178538 0.459228 0.8702054 -0.1784721 0.4702691 0.864304 -0.1783974 0.05143159 0.9971272 0.05560851 0.04043781 0.997648 0.05534827 0.03174006 0.9979742 0.05513775 0.02112478 0.9996522 0.01579034 0.0274049 0.9995934 0.007873058 0.0171529 0.9996367 0.02079546 0.5446747 -0.7926622 -0.273891 0.552747 -0.782606 -0.2863546 0.5569037 -0.7772386 -0.2928455 0.8853822 -0.130411 -0.4461966 0.8860828 -0.148526 -0.439087 0.8862448 -0.1546895 -0.4366249 0.8778222 -0.1719581 -0.4470555 0.8755428 -0.2274589 -0.426248 0.8746697 -0.23905 -0.4216729 0.5286011 -0.8177696 -0.2276706 0.5451245 -0.8012335 -0.2467069 0.5499446 -0.7961733 -0.2523269 -0.4657651 0.844546 0.264206 -0.4906689 0.8172767 0.3021635 -0.45139 0.8586493 0.2428346 -0.8989566 0.1928445 0.3933042 -0.8985438 0.1441587 0.4145328 -0.8985286 0.2090098 0.3859549 -0.8740068 0.2397209 0.4226657 -0.8666244 0.2990748 0.399395 -0.8749091 0.2294676 0.4264724 -0.450966 0.8610635 0.2349457 -0.441343 0.8691302 0.2232243 -0.4543759 0.8581162 0.2391216 -0.04719829 -0.9954643 0.08260321 -0.009397268 -0.9964628 0.08350843 -0.06199872 -0.9946842 0.08221614 -0.3775487 -0.9091261 0.1759177 -0.3408415 -0.922743 0.1799238 -0.3899537 -0.9041519 0.1744868 -0.4014692 -0.8702052 0.2855967 -0.4250925 -0.8589389 0.2855177 -0.3952004 -0.8730738 0.2855849 -0.05513709 -0.989484 0.133722 -0.06112778 -0.9890487 0.1343361 -0.05325818 -0.989613 0.1335284 0.2468738 0.8552436 -0.4556445 0.2464361 0.8552663 -0.4558389 0.2449478 0.8553417 -0.456499 -0.1758189 0.9438011 -0.2798699 -0.1655005 0.94597 -0.2788376 -0.1560993 0.9478498 -0.2778738 -0.0536046 0.9983977 -0.01812469 -0.04592484 0.9987765 -0.0183444 -0.04076629 0.9989976 -0.01849132 0.2765529 0.938266 -0.2077873 0.2714788 0.939498 -0.2089089 0.2663294 0.9407191 -0.2100392 0.2986302 0.8183076 -0.4911139 0.2919337 0.815612 -0.4995516 0.3508419 0.8362239 -0.421473 -0.1868321 0.9086681 -0.3733846 -0.1976839 0.91937 -0.3401174 -0.1514761 0.8675857 -0.4736561 -0.2553648 0.8066071 -0.5330798 -0.2617151 0.813172 -0.5198621 -0.2428202 0.7932369 -0.5584027 0.2568725 0.7146857 -0.6505697 0.2542312 0.7119044 -0.6546439 0.2614185 0.7194399 -0.6434802 0.8120614 0.4292287 -0.395372 0.7456627 0.308804 -0.5904467 0.6827325 0.5452206 -0.4864266 0.7581167 0.1018989 -0.6441084 0.481589 0.6875051 -0.5435152 0.520901 0.662388 -0.5384277 0.541749 0.6481511 -0.5351712 0.497815 0.8035159 -0.3264082 0.4964592 0.8037862 -0.3278052 0.4875826 0.8054694 -0.3368716 -0.06569719 0.9835734 0.168129 -0.08012765 0.9845137 0.1559244 -0.1078243 0.9853311 0.1322745 0.2505874 0.9679892 0.01425534 0.2672396 0.963514 0.01496386 0.2805501 0.9597137 0.01553249 0.2604413 0.9645053 -0.04358947 0.2779396 0.9594929 -0.0460757 0.2893187 0.956044 -0.04769128 -0.01766335 0.9898572 0.1409642 -0.01542311 0.9897276 0.1421323 -0.01164299 0.9894946 0.1441012 0.9858117 -0.09143382 0.1407672 0.9876189 -0.06048911 0.1447413 0.9849995 -0.1016779 0.1394187 0.9632503 0.2641858 0.04852503 0.9514836 0.3031107 0.05294418 0.9662918 0.2530752 0.04725801 0.965956 0.2586699 0.004350602 0.9554328 0.2950737 0.008928656 0.9672852 0.2536643 0.003724277 0.9923947 -0.1131556 0.04846245 0.9871451 -0.15368 0.04389846 0.9931065 -0.1063843 0.04921501 -0.9816767 0.1840776 -0.04925733 -0.9924203 0.110985 -0.05276793 -0.9933354 0.1022734 -0.05315005 -0.9038407 -0.4274709 0.0184583 -0.9294088 -0.3686285 0.01768016 -0.9322884 -0.3612884 0.01757943 -0.9321001 -0.3621858 0.003299772 -0.9247848 -0.3804807 0.002741694 -0.9241306 -0.3820674 0.002692997 -0.9733 0.2231747 -0.05366665 -0.9788027 0.1970778 -0.05572861 -0.1831392 0.9724946 -0.143925 -0.06445527 0.9908134 -0.1188887 -0.05348187 0.9917504 -0.1164943 -0.7568206 0.646034 -0.09931206 -0.7818138 0.6146405 -0.1048066 -0.7862886 0.6087332 -0.1058024 -0.7776428 0.6256918 -0.06149411 -0.7062984 0.7030074 -0.08320617 -0.7860102 0.6154202 -0.05870324 -0.1820322 0.9818847 -0.05259913 -0.1090563 0.9922017 -0.06035488 -0.1880525 0.9807845 -0.05194151 -0.410908 -0.8981155 0.1566625 -0.4857755 -0.8646884 0.1278129 -0.3960247 -0.9038146 0.1621221 0.4593055 -0.8475641 0.265845 0.3537966 -0.9029888 0.2438019 0.4757252 -0.8374379 0.2690413 0.4790226 -0.8664994 0.1404144 0.5018059 -0.8542724 0.1356826 0.50426 -0.8529086 0.1351629 -0.2441856 -0.9648382 0.09726643 -0.3904077 -0.9142963 0.107908 -0.4038453 -0.9083362 0.1087862 0.9925937 -0.09437364 0.07649451 0.9906674 -0.1123292 0.07720392 0.993174 -0.08826994 0.07624912 0.9319521 0.3461675 -0.1078585 0.9268318 0.3596056 -0.1080129 0.9336326 0.3416271 -0.1078012 0.9235389 0.3166593 -0.2163397 0.9225315 0.3193269 -0.2167166 0.9237061 0.3162145 -0.2162762 0.9948837 -0.09691935 0.02851814 0.9952244 -0.09353876 0.02791076 0.9947918 -0.09781128 0.02867805 -0.1527481 -0.8435996 0.5147891 0.1394065 -0.894155 0.4255029 0.1984022 -0.8939457 0.4018678 0.6140385 -0.7181555 0.3274285 0.6041468 -0.7264397 0.3275547 0.6163454 -0.7161939 0.327391 0.5997244 -0.675647 0.4287562 0.549126 -0.7139571 0.434426 0.6111388 -0.6663476 0.4271888 -0.232817 -0.8136126 0.5327576 -0.2361338 -0.8124111 0.5331313 -0.2367611 -0.812183 0.5332008 -0.9778293 0.03269076 0.2068362 -0.9719826 0.01278883 0.2347048 -0.9822931 0.05157321 0.1801126 -0.799424 -0.4526474 0.3950085 -0.8365486 -0.3748384 0.3996032 -0.8550804 -0.3288145 0.4008973 -0.8880449 -0.3762919 0.2641607 -0.9111596 -0.3231486 0.2556625 -0.9186701 -0.3038647 0.2524113 -0.991627 0.1179887 0.0524851 -0.9970828 0.03851342 0.06589829 -0.9974554 0.01270329 0.07015299 0.206596 0.9195552 -0.3342701 0.207181 0.9194989 -0.3340629 0.2076308 0.9194555 -0.3339028 -0.4703221 0.8515582 -0.2316161 -0.540449 0.8076276 -0.2359079 -0.5674629 0.7885009 -0.237176 -0.5630615 0.7528783 -0.3407875 -0.6025755 0.7232705 -0.3373169 -0.6116268 0.7160717 -0.3363837 0.1831716 0.8500864 -0.4937624 0.2112084 0.848408 -0.4853813 0.2174623 0.8479322 -0.4834471 0.397063 -0.910244 0.1174609 0.3990358 -0.9091801 0.1190053 0.3909841 -0.9134702 0.112711 -0.1181766 -0.9844123 0.1302562 -0.1043787 -0.9844016 0.1416289 -0.1764954 -0.9809358 0.08132964 -0.1700885 -0.9847215 0.03733295 -0.1701951 -0.9847066 0.03723752 -0.1698397 -0.9847558 0.03755557 0.3715213 -0.927536 0.04060763 0.3645118 -0.9305796 0.03395658 0.3970451 -0.9154873 0.06510329 -0.7312482 0.6628044 0.1611411 -0.6794125 0.7209192 0.1366534 -0.7405746 0.6512275 0.1656863 -0.9218758 -0.3691841 0.1176779 -0.9412515 -0.3180288 0.1135932 -0.9196218 -0.3746318 0.118097 -0.8913259 -0.4533275 0.005686044 -0.8841014 -0.4672242 0.0081532 -0.8926853 -0.4506504 0.005212903 -0.8153221 0.5780736 0.03287613 -0.9075207 0.4122983 0.08010172 -0.7911109 0.6112617 0.02242183 0.7831479 -0.6169764 -0.07758462 0.6818019 -0.7312954 -0.01879823 0.6575783 -0.7533618 -0.006067276 0.9889801 0.1480183 0.003030896 0.9429526 0.3281691 -0.05608457 0.9312644 0.3582856 -0.06616789 0.8945265 0.4412439 0.071599 0.9010016 0.4265753 0.078929 0.9027939 0.4223747 0.08101147 0.9221554 -0.3841108 0.04570019 0.8705044 -0.4844331 0.08687186 0.8502353 -0.5167227 0.1004875 0.1659767 0.9860586 -0.01184505 0.2205212 0.975341 0.008972883 0.2437343 0.9696767 0.01791405 -0.1129971 0.9908339 0.07402628 -0.1881896 0.9810891 0.04526579 -0.2259203 0.973667 0.03053879 -0.2666401 0.9636169 -0.01859247 -0.3637982 0.9313083 0.01777112 -0.2232429 0.9741559 -0.03439694 0.09027391 0.9951292 -0.03960448 0.1288496 0.9914662 -0.01981818 0.1434594 0.98958 -0.01228183 -0.06229799 -0.9978085 -0.02229583 -0.05795282 -0.9977041 -0.03504592 -0.06232881 -0.9978086 -0.02220499 -0.5040547 -0.852151 0.1405963 -0.5032219 -0.8529074 0.1389847 -0.5042172 -0.852003 0.1409106 -0.5890715 -0.7671076 -0.254049 -0.1773031 -0.9428886 -0.2820014 0.8280188 -0.07530498 -0.5556206 0.8185576 -0.06833475 -0.5703456 0.8240351 -0.07234293 -0.5619012 0.6298117 -0.7188384 -0.2942936 0.3734458 -0.7014402 -0.6070585 0.6310109 0.01707333 -0.7755862 0.08516699 0.9869321 -0.1367908 0.08364266 0.9871829 -0.1359192 0.08467257 0.9870138 -0.1365083 -0.3980024 0.8952242 -0.2004188 -0.2980412 0.9073643 -0.2964144 0.1058641 0.980529 -0.165396 0.1243555 0.9751161 -0.1835333 0.1060339 0.9804831 -0.1655588 0.9603345 -0.2775331 0.027076 0.908451 0.4176077 0.01790791 0.9129671 0.4069634 0.02953082 0.9053606 0.4245188 0.01029253 0.9044477 0.4181976 -0.0841735 0.9661219 -0.2576575 -0.0148769 -0.9690275 0.1597054 -0.1883615 -0.8786332 -0.4768282 -0.02527242 -0.8198212 -0.5725653 0.007888376 -0.9492263 0.0581054 -0.3091816 0.9127079 0.1968916 0.3580479 0.9946892 -0.07746773 0.06776589 0.8666378 0.3134084 -0.3882195 0.7462242 0.6565926 -0.1097072 0.1645909 0.9855303 -0.04049569 -0.2350338 0.9717448 0.02171039 -0.3705393 0.9178872 0.1420696 0.1997684 0.9733701 -0.1124432 -0.06021207 -0.9964572 0.05871522 0.4116945 -0.9106156 0.03587692 0.592106 -0.7980298 0.1120669 0.1316677 -0.9712646 0.1982643 0.9738475 -0.2149248 -0.07367962 0.9018116 0.4173266 -0.1121352 0.9887995 -0.1437588 -0.04011291 -0.156043 -0.5976198 0.7864484 0.3603492 -0.5647708 0.7424167 0.3828465 -0.2981347 0.8743822 -0.128175 -0.4287556 0.8942818 -0.9219304 0.3207547 -0.2171654 -0.9221128 0.3203454 -0.2169952 -0.9607483 -0.08173972 0.2651065 -0.9627715 -0.07393383 0.2600094 -0.9493005 -0.120725 0.2902656 -0.9422902 -0.05153572 0.330807 -0.9277119 0.2479618 -0.2790443 -0.92207 0.2492006 -0.2961183 -0.9241905 0.248753 -0.2898172 0.03662467 0.7419449 -0.6694599 -0.5991272 0.6127027 -0.5154048 -0.6105521 0.6011475 -0.5156043 -0.5756647 0.6354547 -0.5145946 -0.5210744 0.5939608 -0.6129372 -0.006094217 0.7701359 -0.6378508 -0.6909589 -0.7020053 -0.1725238 -0.861742 -0.4715835 -0.1871088 -0.986294 0.1036924 -0.1283431 -0.9738577 0.02061569 -0.2262219 0.2497117 -0.9550694 0.1596454 0.3148324 -0.9048139 0.2866925 -0.3749967 -0.9205811 -0.1091248 -0.04019761 -0.9978154 0.05242705 -0.2901388 0.9169952 0.2737504 -0.4273467 0.9027435 0.04928529 -0.5807335 0.8136327 -0.02739226 -0.08737587 0.9952243 -0.04352182 -0.1671226 -0.9724001 -0.1628131 0.4992609 -0.8656094 -0.03819912 0.4813134 -0.8748356 -0.0547735 -0.252972 -0.9402431 -0.2279213 0.04731231 -0.1645931 0.9852262 -0.3877227 0.643294 0.6601848 0.6529996 0.6420766 0.4016582 0.7134422 0.009112298 0.7006549 -0.05931764 0.9835181 0.170803 -0.6958234 0.7178068 0.0241509 -0.5725885 0.8027808 0.1663895 0.1880089 0.9178474 0.3495839 -0.9657353 0.2332613 -0.1137737 -0.9242908 -0.3300853 -0.1916514 -0.9154526 -0.3496993 -0.1991407 -0.9195591 0.3902754 -0.04578697 0.9788842 -0.1696276 0.1140714 0.9501168 0.2642588 0.1656671 0.9112518 0.2581435 0.3209084 0.9208162 -0.3720858 0.1168324 0.1413354 0.8086903 -0.5710029 -0.6400113 0.7482171 -0.1748051 -0.7123162 0.6920473 -0.1169454 0.08992612 0.7843089 -0.6138183 -0.921571 0.3296757 0.2049905 -0.879617 -0.1923156 0.4350733 -0.8731531 -0.2131923 0.4383524 -0.8988325 -0.118597 0.4219417 -0.8871789 -0.07491856 0.4553031 -0.8811974 0.4493803 0.1467941 -0.2177311 -0.7576479 0.6152747 -0.2186196 -0.75751 0.6151293 0.543883 -0.7562041 0.3637947 0.4196413 -0.7592719 0.4974008 -0.1968717 -0.6850513 0.7013888 -0.166941 -0.6887435 0.7055233 -0.1736485 -0.6879753 0.7046533 0.9618371 -0.1154119 -0.2480918 0.9607793 -0.129556 -0.2451907 0.9610497 -0.1261863 -0.2458873 0.8510766 0.2593522 -0.4565143 0.8535898 0.2518692 -0.4560117 0.85297 0.2537299 -0.4561398 0.8040297 0.2539728 -0.5376189 0.9453636 -0.1173972 -0.3041474 0.9451422 -0.1231682 -0.3025492 0.9452022 -0.1216911 -0.3029591 -0.7484729 0.1394909 -0.6483291 -0.8870648 -0.1589291 -0.4334256 -0.9776529 0.04311758 0.2057567 -0.6727893 0.7354061 0.080823 0.3642007 -0.7179189 -0.593254 0.2254548 -0.2139716 -0.9504665 0.7831503 -0.1428226 -0.6052085 0.5229313 -0.7833138 -0.3360989 -0.2001541 0.2108864 -0.9567996 -0.4499546 0.3000097 -0.841151 -0.4498214 0.2934774 -0.8435234 -0.4502808 0.3266581 -0.8309883 -0.05011981 0.9870902 -0.1521221 -0.04991561 0.9869722 -0.1529522 -0.05017668 0.9871228 -0.1518916 0.385888 0.8290736 -0.4046328 0.3802695 0.8306766 -0.406659 0.3862793 0.8289607 -0.4044904 -0.08545911 -0.9932346 0.07862585 -0.4577375 -0.8527703 0.2515143 -0.4413635 -0.8613889 0.251411 -0.4455776 -0.8592064 0.251446 -0.4761858 -0.8527963 0.2144423 -0.4776605 -0.8520155 0.2142663 -0.4772393 -0.852239 0.2143165 -0.06310397 -0.9978372 0.01841235 -0.05575102 -0.9984098 0.008364737 -0.07183182 -0.996955 0.03034824 -0.05084443 0.988973 -0.1390949 -0.05575454 0.988255 -0.1422798 -0.05371904 0.9885569 -0.1409595 0.388765 0.8211584 -0.4178048 0.1440556 0.6425301 -0.7525976 -0.2769367 0.894404 -0.3512089 0.05957353 -0.9864063 0.1531462 0.0581606 -0.9866264 0.1522685 0.06122869 -0.9861449 0.1541734 -0.3978087 -0.8263435 0.3986282 -0.3972669 -0.8264164 0.3990175 -0.3986968 -0.8262253 0.3979856 -0.5565954 -0.8306865 -0.01271748 -0.03833079 -0.9872118 -0.1547372 0.0187838 -0.9922378 -0.1229282 -0.07413166 -0.981886 -0.1743689 -0.8639144 0.06648075 0.4992316 -0.6302691 0.7184184 0.2943402 -0.8271925 0.536345 -0.1675915 -0.9623683 -0.1614541 0.2185864 0.3433218 -0.9388548 -0.02611607 -0.1602342 -0.9791674 -0.1247246 -0.1322355 -0.9847986 -0.1126298 -0.1419454 -0.9829561 -0.1168288 -0.2575364 -0.9639986 -0.06619393 0.003646314 -0.9967456 -0.08052957 -0.5559356 0.8287348 0.06429761 -0.887479 0.2837042 0.3631708 -0.9427318 -0.025267 0.3325935 -0.6472446 0.7459685 0.1568617 0.5048711 -0.8452799 -0.1749488 0.8351846 -0.2597099 -0.4847862 0.8862485 -0.3409132 -0.3135951 0.8859826 -0.3424562 -0.3126641 0.8873556 -0.334282 -0.3175776 0.570805 -0.8053627 -0.1599141 -0.6834513 0.719657 0.1224265 -0.6198333 0.7642014 0.1783341 -0.4855116 0.8530828 0.1911237 -0.7431654 0.6690616 -0.007862627 0.2739467 0.9456133 -0.1754102 0.4253187 0.887261 -0.1785279 0.06065762 0.9965965 0.05582177 0.03072243 0.9995212 0.003688991 0.5402514 -0.7979763 -0.2671371 0.8850783 -0.1244381 -0.4484995 0.8779095 -0.1594589 -0.4514953 0.5233367 -0.8227869 -0.2216767 -0.5038703 0.8011869 0.3228223 -0.897874 0.1284464 0.4210985 -0.8649454 0.3094562 0.3951032 -0.4379138 0.8719174 0.2190695 0.003812551 -0.9964756 0.08379656 -0.3296625 -0.9265709 0.1810778 -0.4327266 -0.8551411 0.2854498 -0.06336867 -0.9888766 0.1345646 0.2469933 0.8552374 -0.4555912 0.2483494 0.8551661 -0.4549875 0.2464683 0.8552646 -0.4558246 -0.1758074 0.9438041 -0.2798674 -0.1882941 0.9410327 -0.2810746 -0.1654884 0.945972 -0.2788383 -0.05917906 0.9980858 -0.01796448 0.2821846 0.9368649 -0.2065337 0.2314015 0.7875209 -0.5711954 -0.2222305 0.9397314 -0.2598434 -0.2827662 0.8338896 -0.4739953 0.2445299 0.701571 -0.6693305 0.8121008 0.4291953 -0.3953275 0.7456733 0.3088201 -0.5904248 0.6636372 0.5895125 -0.4605007 0.6827386 0.5452344 -0.4864028 0.4815723 0.6875103 -0.5435236 0.4309399 0.716775 -0.5482012 0.5208877 0.662401 -0.5384245 0.497811 0.8035167 -0.3264129 0.5072813 0.8015313 -0.316565 0.4964553 0.8037864 -0.3278102 -0.03173267 0.9799822 0.1965398 0.2505819 0.9679905 0.0142529 0.2432496 0.9698637 0.01393932 0.267234 0.9635155 0.0149641 0.2500979 0.9673041 -0.04211878 -0.02402782 0.9901908 0.1376404 0.9879746 -0.05114746 0.1459118 0.9479247 0.313856 0.05415856 0.9537463 0.3004594 0.00960946 0.9860118 -0.1610167 0.04306107 -0.9006594 -0.43413 0.018543 -0.9327415 -0.3605305 0.003349959 -0.9726521 0.2260338 -0.05344772 -0.2018803 0.9682045 -0.1477313 -0.7532179 0.65035 -0.09852886 -0.6952419 0.7135781 -0.08628445 -0.1031413 0.9927966 -0.06096625 -0.4932709 -0.8608784 0.1247895 0.3420991 -0.9081776 0.2412089 0.4765039 -0.8678039 0.1409274 -0.2299762 -0.9684366 0.09613287 0.9925922 -0.09438705 0.07649707 0.9899731 -0.1181458 0.07742601 0.9906659 -0.1123428 0.07720261 0.9319579 0.3461527 -0.1078565 0.9251938 0.3637862 -0.1080564 0.9268375 0.3595908 -0.1080129 0.92342 0.3169753 -0.2163847 0.9222429 0.3200871 -0.2168232 0.9225128 0.3193761 -0.2167234 0.9948999 -0.09676057 0.02848947 0.995328 -0.09248781 0.02772104 0.9952354 -0.09342694 0.02789032 -0.2370014 -0.8129655 0.5319 0.6020414 -0.7281766 0.3275744 0.5374304 -0.7221802 0.4354589 -0.2328661 -0.8135949 0.5327633 -0.232059 -0.8138859 0.532671 -0.2360035 -0.8124583 0.5331171 -0.9684917 0.002470314 0.2490339 -0.7826212 -0.4833284 0.3922979 -0.888051 -0.3762834 0.2641522 -0.8802178 -0.3925976 0.2666154 -0.9111641 -0.3231386 0.255659 -0.9882375 0.1452751 0.04777008 0.206286 0.9195851 -0.3343793 0.2073211 0.9194854 -0.3340129 -0.4703041 0.8515701 -0.2316085 -0.4477174 0.8641054 -0.2299371 -0.5404307 0.80764 -0.2359074 -0.5538246 0.7593948 -0.3414644 0.1761752 0.8503904 -0.4957807 0.4055424 -0.9056116 0.1241094 -0.1181738 -0.9844128 0.1302555 -0.04433202 -0.9807183 0.1903324 -0.1043789 -0.9844011 0.1416319 -0.1701142 -0.9847179 0.03730994 -0.1705405 -0.9846585 0.03692829 -0.1701852 -0.984708 0.03724628 0.3393716 -0.9405953 0.01035964 -0.6713114 0.7291572 0.1329314 -0.9432646 -0.312183 0.1131097 -0.8826486 -0.4699541 0.00864011 -0.9241583 0.3710732 0.09075272 0.8029615 -0.5891268 -0.09045839 0.9926856 0.1201298 0.01201051 0.89276 0.4451168 0.06964838 0.9369243 -0.3481273 0.03130835 0.1455714 0.9891543 -0.01956564 -0.08614748 0.9927256 0.08411085 -0.4071355 0.9127175 0.03446131 0.07253819 0.9961786 -0.04864716 0.01699954 0.9147512 -0.4036602 0.01008844 0.918356 -0.3956267 0.04190903 0.9007961 -0.4322155 -0.6720965 0.6674917 -0.3205329 -0.6638882 0.6803196 -0.3105123 -0.645664 0.706896 -0.2888184 -0.6394833 0.2275539 0.7343571 -0.5819347 0.2076369 0.7862817 -0.6924919 0.2458603 0.6782387 0.5487875 0.5901136 0.5921134 0.6298995 0.4690859 0.6190194 0.4169394 0.7358646 0.5335398 0.7249421 -0.6482892 0.2327666 0.728204 -0.6490212 0.2202057 0.7143361 -0.6454097 0.2705005 0.5483681 0.6195409 0.5616596 0.5457208 0.6092945 0.5752817 0.5388438 0.5844441 0.6066899 -0.7569637 0.5942412 0.2718148 -0.7543715 0.5892431 0.2893375 -0.7438241 0.5710438 0.347325 -0.533284 -0.8459343 0.001861393 -0.5379931 -0.8426534 -0.02233159 -0.5199001 -0.8518972 0.06304961 -0.5980232 0.1919676 -0.7781496 -0.5889354 0.1975021 -0.783676 -0.6438868 0.1627471 -0.7476117 -0.1685215 -0.02920991 -0.9852651 -0.1747921 -0.01403033 -0.9845054 -0.2006925 0.04996693 -0.9783792 -0.2531666 -0.5653129 -0.7850657 -0.2625681 -0.5714825 -0.7774739 -0.211602 -0.5371758 -0.8164967 -0.6998845 -0.372265 -0.6095741 -0.6940623 -0.3835597 -0.6092287 -0.6589945 -0.446315 -0.6054166 -0.03576374 0.939343 -0.3411096 -0.695193 0.6280194 -0.3497119 -0.5133275 0.1838455 0.8382696 0.7208845 0.2804039 0.6337975 0.7381576 -0.6506659 0.1782057 0.5543997 0.6449241 0.5260362 -0.764306 0.6109343 0.2063872 -0.5492866 -0.8308609 -0.08918774 -0.5410673 0.2253997 -0.8102106 -0.1409342 -0.09463441 -0.9854856 -0.302434 -0.596807 -0.743206 -0.7314904 -0.3054084 -0.609629</float_array>
          <technique_common>
            <accessor source="#Mesh_010-mesh-normals-array" count="1003" stride="3">
              <param name="X" type="float"/>
              <param name="Y" type="float"/>
              <param name="Z" type="float"/>
            </accessor>
          </technique_common>
        </source>
        <source id="Mesh_010-mesh-map">
          <float_array id="Mesh_010-mesh-map-array" count="2784">0.2832065 0.9323514 0.2411391 0.889419 0.2879285 0.8880323 0.2879285 0.8880323 0.32145 0.9361708 0.2832065 0.9323514 0.7029815 0.880436 0.719062 0.9054142 0.6947068 0.8871724 0.6947068 0.8871724 0.6647127 0.868043 0.7029815 0.880436 0.9319683 0.9242281 0.916152 0.8977036 0.9410207 0.9094494 0.9319683 0.9242281 0.9657057 0.9266375 0.9550393 0.9415686 0.9319683 0.9242281 0.9416026 0.9551858 0.9198467 0.9444133 0.9319683 0.9242281 0.9022465 0.930792 0.9093695 0.9130628 0.131496 0.06994545 0.08789932 0.1434898 0.07679122 0.07172733 0.07679122 0.07172733 0.03496158 0.1477833 0.02195513 0.07462918 0.02195513 0.07462918 0.0728814 0.01452898 0.07679122 0.07172733 0.07679122 0.07172733 0.1299651 0.01521754 0.131496 0.06994545 0.1772902 0.06374943 0.2256785 0.1160501 0.1803545 0.1249079 0.1803545 0.1249079 0.131496 0.06994545 0.1772902 0.06374943 0.1772902 0.06374943 0.1299651 0.01521754 0.1748532 0.01015394 0.1772902 0.06374943 0.2201328 0.006548583 0.225498 0.05914324 0.3672133 0.07456713 0.3987416 0.153454 0.3600465 0.1466163 0.3672133 0.07456713 0.3242516 0.1362647 0.322167 0.07317388 0.3672133 0.07456713 0.3250886 0.00323379 0.3794404 0.008636295 0.3794404 0.008636295 0.4089072 0.07780128 0.3672133 0.07456713 0.4645361 0.5247317 0.4719622 0.4988659 0.4786425 0.527688 0.4786425 0.527688 0.4714114 0.5688535 0.4645361 0.5247317 0.4645361 0.5247317 0.4501683 0.5606876 0.4504455 0.5245063 0.4645361 0.5247317 0.4475894 0.5069187 0.4587491 0.4949109 0.7723523 0.7909861 0.8068711 0.8881071 0.749933 0.8850362 0.7723523 0.7909861 0.6788616 0.8660873 0.7180743 0.7687514 0.7180743 0.7687514 0.7967595 0.6857028 0.7723523 0.7909861 0.7967595 0.6857028 0.8194558 0.7924803 0.7723523 0.7909861 0.9783927 0.7790534 0.9399395 0.8946747 0.9329479 0.793208 0.9329479 0.793208 0.8972491 0.8860552 0.8995356 0.7902832 0.8995356 0.7902832 0.9238407 0.6802845 0.9329479 0.793208 0.9238407 0.6802845 0.9783927 0.7790534 0.9329479 0.793208 0.8596898 0.7909868 0.8972491 0.8860552 0.8519639 0.885797 0.8519639 0.885797 0.8194558 0.7924803 0.8596898 0.7909868 0.8596898 0.7909868 0.8298955 0.6841689 0.8640578 0.6828944 0.8640578 0.6828944 0.8995356 0.7902832 0.8596898 0.7909868 0.5151281 0.5193622 0.5152124 0.5819517 0.4971424 0.522805 0.4971424 0.522805 0.4933618 0.5798268 0.4786425 0.527688 0.4971424 0.522805 0.4719622 0.4988659 0.4821836 0.4826236 0.4971424 0.522805 0.5020247 0.491856 0.5151281 0.5193622 0.5290403 0.5172904 0.5634745 0.5499727 0.5492573 0.5672231 0.5492573 0.5672231 0.5151281 0.5193622 0.5290403 0.5172904 0.5290403 0.5172904 0.5020247 0.491856 0.5101374 0.4846365 0.5290403 0.5172904 0.5275371 0.4913717 0.5431542 0.5117169 0.4358972 0.5321534 0.4501683 0.5606876 0.4382759 0.5699364 0.4382759 0.5699364 0.4211792 0.5402858 0.4358972 0.5321534 0.4358972 0.5321534 0.4226477 0.5147297 0.4336438 0.5079543 0.4358972 0.5321534 0.4475894 0.5069187 0.4504455 0.5245063 0.5271206 0.1257647 0.5117465 0 0.5647177 0.1194561 0.5647177 0.1194561 0.5972206 0.2346405 0.5271206 0.1257647 0.5972206 0.2346405 0.505506 0.1512746 0.5271206 0.1257647 0.5271206 0.1257647 0.4264883 0.05730175 0.4647999 0.02741247 0.6201999 0.1387882 0.6962612 0.1032038 0.6707597 0.1544322 0.6707597 0.1544322 0.645599 0.2289061 0.6201999 0.1387882 0.6201999 0.1387882 0.619882 0.228954 0.5647177 0.1194561 0.5647177 0.1194561 0.6112709 0.05894142 0.6201999 0.1387882 0.8122207 0.1650465 0.7532506 0.1154444 0.8413457 0.09676367 0.8413457 0.09676367 0.8632062 0.1647613 0.8122207 0.1650465 0.8122207 0.1650465 0.7884381 0.2440233 0.7608711 0.2363281 0.7608711 0.2363281 0.7591868 0.1641909 0.8122207 0.1650465 0.6644139 0.6043859 0.6424412 0.472168 0.6589602 0.4657628 0.6589602 0.4657628 0.6823784 0.5987299 0.6644139 0.6043859 0.6644139 0.6043859 0.6862092 0.6800465 0.6735748 0.7128822 0.6644139 0.6043859 0.6579138 0.6901339 0.6479642 0.6114124 0.710166 0.1654102 0.6962612 0.1032038 0.7220498 0.1145381 0.710166 0.1654102 0.7532506 0.1154444 0.7591868 0.1641909 0.710166 0.1654102 0.7404378 0.2341124 0.7041866 0.2316671 0.710166 0.1654102 0.6662569 0.2309393 0.6707597 0.1544322 0.7229847 0.6015001 0.7399145 0.4739862 0.7396088 0.6079537 0.7396088 0.6079537 0.7611905 0.4777795 0.7589306 0.6143926 0.7396088 0.6079537 0.7451969 0.6926342 0.7267957 0.7143498 0.7396088 0.6079537 0.7169833 0.6809782 0.7229847 0.6015001 0.6128435 0.6182439 0.6260409 0.4779082 0.6316911 0.6163823 0.6260409 0.4779082 0.6479642 0.6114124 0.6316911 0.6163823 0.6316911 0.6163823 0.6579138 0.6901339 0.6500784 0.7215512 0.6316911 0.6163823 0.6304001 0.6953778 0.6128435 0.6182439 0.6823784 0.5987299 0.7014629 0.4643177 0.703683 0.5985897 0.703683 0.5985897 0.7238467 0.4690806 0.7229847 0.6015001 0.703683 0.5985897 0.7169833 0.6809782 0.7020568 0.7069343 0.703683 0.5985897 0.6862092 0.6800465 0.6823784 0.5987299 0.4378831 0.6349472 0.4637962 0.7054437 0.4443796 0.7142755 0.4443796 0.7142755 0.4209567 0.6497753 0.4378831 0.6349472 0.4378831 0.6349472 0.422926 0.5842608 0.4382759 0.5699364 0.4382759 0.5699364 0.4517534 0.6250168 0.4378831 0.6349472 0.5726842 0.6295019 0.6191079 0.683097 0.5960743 0.6992135 0.5960743 0.6992135 0.5528981 0.6412405 0.5726842 0.6295019 0.5726842 0.6295019 0.5355452 0.5772422 0.5492573 0.5672231 0.5492573 0.5672231 0.5903195 0.6103603 0.5726842 0.6295019 0.5528981 0.6412405 0.5490895 0.7162877 0.5309137 0.6450862 0.5309137 0.6450862 0.5255273 0.7158263 0.5079737 0.6414535 0.5079737 0.6414535 0.5152124 0.5819517 0.5309137 0.6450862 0.5309137 0.6450862 0.5355452 0.5772422 0.5528981 0.6412405 0.5079737 0.6414535 0.4940445 0.709323 0.4794042 0.6314877 0.4794042 0.6314877 0.4637962 0.7054437 0.4517534 0.6250168 0.4517534 0.6250168 0.4714114 0.5688535 0.4794042 0.6314877 0.4794042 0.6314877 0.4933618 0.5798268 0.5079737 0.6414535 0.7128822 0.9631287 0.7215499 0.9317542 0.7328699 0.9334881 0.7215499 0.9317542 0.7316942 0.9024395 0.7328699 0.9334881 0.32145 0.9361708 0.3596266 0.9071465 0.3527981 0.9471733 0.3527981 0.9471733 0.3967356 0.9244418 0.3860585 0.9619332 0.6647127 0.868043 0.633821 0.8801336 0.6290858 0.8726133 0.6290858 0.8726133 0.6129999 0.8965271 0.6045191 0.8919177 0.2030246 0.9407112 0.1686255 0.9079229 0.2012016 0.8976718 0.2012016 0.8976718 0.2406368 0.9335462 0.2030246 0.9407112 0.6064037 0.9280171 0.6129999 0.8965271 0.6142997 0.9269223 0.6064037 0.9280171 0.6308953 0.9556464 0.6261784 0.9631287 0.09177637 0.9586315 0.129581 0.9172201 0.1329481 0.9555347 0.129581 0.9172201 0.1703751 0.9488027 0.1329481 0.9555347 0.2434776 0.7991529 0.3006075 0.6763859 0.293637 0.7989349 0.293637 0.7989349 0.3426192 0.6872986 0.3360854 0.8050851 0.3360854 0.8050851 0.2879285 0.8880323 0.293637 0.7989349 0.2879285 0.8880323 0.2434776 0.7991529 0.293637 0.7989349 0.8808459 0.9096727 0.8504627 0.8908772 0.8846777 0.8930307 0.8846777 0.8930307 0.9093695 0.9130628 0.8808459 0.9096727 0.8808459 0.9096727 0.9022465 0.930792 0.8766422 0.9320495 0.8808459 0.9096727 0.8503265 0.9257007 0.8495929 0.9076706 0.7433512 0.9419806 0.7627792 0.9101784 0.771617 0.9259909 0.771617 0.9259909 0.7915648 0.8973864 0.7977828 0.9138974 0.771617 0.9259909 0.8029743 0.9317644 0.7826367 0.946059 0.771617 0.9259909 0.7571072 0.9551858 0.7433512 0.9419806 0.7977828 0.9138974 0.8193783 0.8923815 0.8220916 0.910196 0.8193783 0.8923815 0.8495929 0.9076706 0.8220916 0.910196 0.8220916 0.910196 0.8503265 0.9257007 0.8260587 0.9323937 0.8220916 0.910196 0.8029743 0.9317644 0.7977828 0.9138974 0.2238108 0.2246708 0.2763792 0.1226348 0.281716 0.2327002 0.281716 0.2327002 0.3242516 0.1362647 0.3359305 0.2565031 0.3359305 0.2565031 0.2951574 0.3734352 0.281716 0.2327002 0.281716 0.2327002 0.2336014 0.3615316 0.2238108 0.2246708 0.4081436 0.6080369 0.3675193 0.7048727 0.3750686 0.5820087 0.3750686 0.5820087 0.3426192 0.6872986 0.3511221 0.5523517 0.3511221 0.5523517 0.3767842 0.4442837 0.3750686 0.5820087 0.3750686 0.5820087 0.4210625 0.4844695 0.4081436 0.6080369 0.2104333 0.5244169 0.2498393 0.672788 0.2074168 0.6755534 0.2074168 0.6755534 0.1751967 0.5460446 0.2104333 0.5244169 0.2104333 0.5244169 0.1589481 0.4216145 0.1939943 0.3797895 0.1939943 0.3797895 0.2522982 0.5157563 0.2104333 0.5244169 0.08117717 0.6729562 0.03155463 0.6136603 0.05826485 0.6196122 0.03155463 0.6136603 0.06573277 0.5536175 0.05826485 0.6196122 0.05826485 0.6196122 0.07784026 0.5830845 0.07680737 0.619634 0.05826485 0.6196122 0.08531743 0.6491277 0.08117717 0.6729562 0.1255002 0.7292497 0.1675478 0.8138298 0.1283265 0.8246014 0.1283265 0.8246014 0.1686255 0.9079229 0.129581 0.9172201 0.129581 0.9172201 0.08037775 0.8292236 0.1283265 0.8246014 0.08037775 0.8292236 0.1255002 0.7292497 0.1283265 0.8246014 0.2011896 0.804921 0.2411391 0.889419 0.2012016 0.8976718 0.2012016 0.8976718 0.1675478 0.8138298 0.2011896 0.804921 0.2011896 0.804921 0.1696954 0.6840726 0.2074168 0.6755534 0.2074168 0.6755534 0.2434776 0.7991529 0.2011896 0.804921 0.4046818 0.8332366 0.3596266 0.9071465 0.3648731 0.8197745 0.3648731 0.8197745 0.3290455 0.8923898 0.3360854 0.8050851 0.3360854 0.8050851 0.3675193 0.7048727 0.3648731 0.8197745 0.3648731 0.8197745 0.4074879 0.7187028 0.4046818 0.8332366 0.2522982 0.5157563 0.2951574 0.3734352 0.3062478 0.5269972 0.3062478 0.5269972 0.3503952 0.4062628 0.3511221 0.5523517 0.3511221 0.5523517 0.3006075 0.6763859 0.3062478 0.5269972 0.3062478 0.5269972 0.2498393 0.672788 0.2522982 0.5157563 0.09743517 0.6163668 0.1218078 0.6343564 0.1015941 0.6486386 0.1015941 0.6486386 0.07680737 0.619634 0.09743517 0.6163668 0.09743517 0.6163668 0.07784026 0.5830845 0.09690266 0.5743644 0.09690266 0.5743644 0.1212929 0.6031923 0.09743517 0.6163668 0.1132681 0.6800346 0.1696954 0.6840726 0.1255002 0.7292497 0.1132681 0.6800346 0.07675492 0.7182129 0.08117717 0.6729562 0.08117717 0.6729562 0.1015941 0.6486386 0.1132681 0.6800346 0.1015941 0.6486386 0.1417835 0.6435281 0.1132681 0.6800346 0.1378074 0.520377 0.1751967 0.5460446 0.1472232 0.574679 0.1751967 0.5460446 0.1417835 0.6435281 0.1472232 0.574679 0.1417835 0.6435281 0.1212929 0.6031923 0.1472232 0.574679 0.1472232 0.574679 0.1188438 0.5642652 0.1378074 0.520377 0.1019815 0.5153982 0.03624927 0.4803115 0.0990433 0.427089 0.0990433 0.427089 0.1378074 0.520377 0.1019815 0.5153982 0.1019815 0.5153982 0.1188438 0.5642652 0.09690266 0.5743644 0.09690266 0.5743644 0.06573277 0.5536175 0.1019815 0.5153982 0.6715533 0.3340022 0.7041866 0.2316671 0.701081 0.3361662 0.701081 0.3361662 0.7404378 0.2341124 0.7278094 0.3417667 0.7278094 0.3417667 0.7014629 0.4643177 0.701081 0.3361662 0.701081 0.3361662 0.6766431 0.4621553 0.6715533 0.3340022 0.620844 0.3502689 0.5742918 0.2449367 0.5972206 0.2346405 0.5972206 0.2346405 0.6377604 0.3440863 0.620844 0.3502689 0.620844 0.3502689 0.6424412 0.472168 0.6260409 0.4779082 0.6260409 0.4779082 0.5999749 0.3554505 0.620844 0.3502689 0.7430189 0.3465296 0.7404378 0.2341124 0.7608711 0.2363281 0.7608711 0.2363281 0.7668556 0.352308 0.7430189 0.3465296 0.7668556 0.352308 0.7399145 0.4739862 0.7430189 0.3465296 0.7430189 0.3465296 0.7238467 0.4690806 0.7278094 0.3417667 0.6377604 0.3440863 0.645599 0.2289061 0.6546412 0.3376143 0.6546412 0.3376143 0.6662569 0.2309393 0.6715533 0.3340022 0.6546412 0.3376143 0.6766431 0.4621553 0.6589602 0.4657628 0.6589602 0.4657628 0.6377604 0.3440863 0.6546412 0.3376143 0.5453552 0.7993383 0.5269119 0.8918566 0.5131746 0.7956759 0.5131746 0.7956759 0.4935162 0.8899571 0.4821164 0.7932996 0.4821164 0.7932996 0.4940445 0.709323 0.5131746 0.7956759 0.5131746 0.7956759 0.5255273 0.7158263 0.5453552 0.7993383 0.5681737 0.7966219 0.6149278 0.8760187 0.5858496 0.8901782 0.5681737 0.7966219 0.5611967 0.8935667 0.5453552 0.7993383 0.5453552 0.7993383 0.5490895 0.7162877 0.5681737 0.7966219 0.5490895 0.7162877 0.5894689 0.7891652 0.5681737 0.7966219 0.6460824 0.7613682 0.6379989 0.8384655 0.6189589 0.7768161 0.6379989 0.8384655 0.5894689 0.7891652 0.6189589 0.7768161 0.6189589 0.7768161 0.5715025 0.7104325 0.5960743 0.6992135 0.5960743 0.6992135 0.6460824 0.7613682 0.6189589 0.7768161 0.4568911 0.7991718 0.4935162 0.8899571 0.4613055 0.8942901 0.4613055 0.8942901 0.4317248 0.808066 0.4568911 0.7991718 0.4568911 0.7991718 0.4237782 0.7272051 0.4443796 0.7142755 0.4443796 0.7142755 0.4821164 0.7932996 0.4568911 0.7991718 0.225498 0.05914324 0.2642284 0.009849965 0.2733573 0.06514334 0.2733573 0.06514334 0.3250886 0.00323379 0.322167 0.07317388 0.322167 0.07317388 0.2763792 0.1226348 0.2733573 0.06514334 0.2733573 0.06514334 0.2256785 0.1160501 0.225498 0.05914324 0.4021119 0.2994306 0.3767842 0.4442837 0.3656794 0.2836536 0.3656794 0.2836536 0.3503952 0.4062628 0.3359305 0.2565031 0.3359305 0.2565031 0.3600465 0.1466163 0.3656794 0.2836536 0.3656794 0.2836536 0.3987416 0.153454 0.4021119 0.2994306 0.1843691 0.2418404 0.2336014 0.3615316 0.1939943 0.3797895 0.1939943 0.3797895 0.1485006 0.2656778 0.1843691 0.2418404 0.1843691 0.2418404 0.1379972 0.1369543 0.1803545 0.1249079 0.1803545 0.1249079 0.2238108 0.2246708 0.1843691 0.2418404 0.09316664 0.2835941 0.1589481 0.4216145 0.0990433 0.427089 0.0990433 0.427089 0.03533488 0.2908552 0.09316664 0.2835941 0.03533488 0.2908552 0.08789932 0.1434898 0.09316664 0.2835941 0.08789932 0.1434898 0.1485006 0.2656778 0.09316664 0.2835941 0.2832065 0.9323514 0.2406368 0.9335462 0.2411391 0.889419 0.2879285 0.8880323 0.3290455 0.8923898 0.32145 0.9361708 0.7029815 0.880436 0.7316942 0.9024395 0.719062 0.9054142 0.6947068 0.8871724 0.6632329 0.8767473 0.6647127 0.868043 0.9319683 0.9242281 0.9093695 0.9130628 0.916152 0.8977036 0.9319683 0.9242281 0.9410207 0.9094494 0.9657057 0.9266375 0.9319683 0.9242281 0.9550393 0.9415686 0.9416026 0.9551858 0.9319683 0.9242281 0.9198467 0.9444133 0.9022465 0.930792 0.131496 0.06994545 0.1379972 0.1369543 0.08789932 0.1434898 0.07679122 0.07172733 0.08789932 0.1434898 0.03496158 0.1477833 0.02195513 0.07462918 0 0.001865923 0.0728814 0.01452898 0.07679122 0.07172733 0.0728814 0.01452898 0.1299651 0.01521754 0.1772902 0.06374943 0.225498 0.05914324 0.2256785 0.1160501 0.1803545 0.1249079 0.1379972 0.1369543 0.131496 0.06994545 0.1772902 0.06374943 0.131496 0.06994545 0.1299651 0.01521754 0.1772902 0.06374943 0.1748532 0.01015394 0.2201328 0.006548583 0.3672133 0.07456713 0.4089072 0.07780128 0.3987416 0.153454 0.3672133 0.07456713 0.3600465 0.1466163 0.3242516 0.1362647 0.3672133 0.07456713 0.322167 0.07317388 0.3250886 0.00323379 0.3794404 0.008636295 0.427803 0.003868639 0.4089072 0.07780128 0.4645361 0.5247317 0.4587491 0.4949109 0.4719622 0.4988659 0.4786425 0.527688 0.4933618 0.5798268 0.4714114 0.5688535 0.4645361 0.5247317 0.4714114 0.5688535 0.4501683 0.5606876 0.4645361 0.5247317 0.4504455 0.5245063 0.4475894 0.5069187 0.7723523 0.7909861 0.8194558 0.7924803 0.8068711 0.8881071 0.7723523 0.7909861 0.749933 0.8850362 0.6788616 0.8660873 0.7180743 0.7687514 0.7575761 0.675031 0.7967595 0.6857028 0.7967595 0.6857028 0.8298955 0.6841689 0.8194558 0.7924803 0.9783927 0.7790534 1 0.8946226 0.9399395 0.8946747 0.9329479 0.793208 0.9399395 0.8946747 0.8972491 0.8860552 0.8995356 0.7902832 0.8988032 0.6818818 0.9238407 0.6802845 0.9238407 0.6802845 0.9552895 0.6723233 0.9783927 0.7790534 0.8596898 0.7909868 0.8995356 0.7902832 0.8972491 0.8860552 0.8519639 0.885797 0.8068711 0.8881071 0.8194558 0.7924803 0.8596898 0.7909868 0.8194558 0.7924803 0.8298955 0.6841689 0.8640578 0.6828944 0.8988032 0.6818818 0.8995356 0.7902832 0.5151281 0.5193622 0.5355452 0.5772422 0.5152124 0.5819517 0.4971424 0.522805 0.5152124 0.5819517 0.4933618 0.5798268 0.4971424 0.522805 0.4786425 0.527688 0.4719622 0.4988659 0.4971424 0.522805 0.4821836 0.4826236 0.5020247 0.491856 0.5290403 0.5172904 0.5431542 0.5117169 0.5634745 0.5499727 0.5492573 0.5672231 0.5355452 0.5772422 0.5151281 0.5193622 0.5290403 0.5172904 0.5151281 0.5193622 0.5020247 0.491856 0.5290403 0.5172904 0.5101374 0.4846365 0.5275371 0.4913717 0.4358972 0.5321534 0.4504455 0.5245063 0.4501683 0.5606876 0.4382759 0.5699364 0.422926 0.5842608 0.4211792 0.5402858 0.4358972 0.5321534 0.4211792 0.5402858 0.4226477 0.5147297 0.4358972 0.5321534 0.4336438 0.5079543 0.4475894 0.5069187 0.5271206 0.1257647 0.4647999 0.02741247 0.5117465 0 0.5647177 0.1194561 0.619882 0.228954 0.5972206 0.2346405 0.5972206 0.2346405 0.5742918 0.2449367 0.505506 0.1512746 0.5271206 0.1257647 0.505506 0.1512746 0.4264883 0.05730175 0.6201999 0.1387882 0.6112709 0.05894142 0.6962612 0.1032038 0.6707597 0.1544322 0.6662569 0.2309393 0.645599 0.2289061 0.6201999 0.1387882 0.645599 0.2289061 0.619882 0.228954 0.5647177 0.1194561 0.5117465 0 0.6112709 0.05894142 0.8122207 0.1650465 0.7591868 0.1641909 0.7532506 0.1154444 0.8413457 0.09676367 0.9442812 0.07204389 0.8632062 0.1647613 0.8122207 0.1650465 0.8632062 0.1647613 0.7884381 0.2440233 0.7608711 0.2363281 0.7404378 0.2341124 0.7591868 0.1641909 0.6644139 0.6043859 0.6479642 0.6114124 0.6424412 0.472168 0.6589602 0.4657628 0.6766431 0.4621553 0.6823784 0.5987299 0.6644139 0.6043859 0.6823784 0.5987299 0.6862092 0.6800465 0.6644139 0.6043859 0.6735748 0.7128822 0.6579138 0.6901339 0.710166 0.1654102 0.6707597 0.1544322 0.6962612 0.1032038 0.710166 0.1654102 0.7220498 0.1145381 0.7532506 0.1154444 0.710166 0.1654102 0.7591868 0.1641909 0.7404378 0.2341124 0.710166 0.1654102 0.7041866 0.2316671 0.6662569 0.2309393 0.7229847 0.6015001 0.7238467 0.4690806 0.7399145 0.4739862 0.7396088 0.6079537 0.7399145 0.4739862 0.7611905 0.4777795 0.7396088 0.6079537 0.7589306 0.6143926 0.7451969 0.6926342 0.7396088 0.6079537 0.7267957 0.7143498 0.7169833 0.6809782 0.6128435 0.6182439 0.6061535 0.4814341 0.6260409 0.4779082 0.6260409 0.4779082 0.6424412 0.472168 0.6479642 0.6114124 0.6316911 0.6163823 0.6479642 0.6114124 0.6579138 0.6901339 0.6316911 0.6163823 0.6500784 0.7215512 0.6304001 0.6953778 0.6823784 0.5987299 0.6766431 0.4621553 0.7014629 0.4643177 0.703683 0.5985897 0.7014629 0.4643177 0.7238467 0.4690806 0.703683 0.5985897 0.7229847 0.6015001 0.7169833 0.6809782 0.703683 0.5985897 0.7020568 0.7069343 0.6862092 0.6800465 0.4378831 0.6349472 0.4517534 0.6250168 0.4637962 0.7054437 0.4443796 0.7142755 0.4237782 0.7272051 0.4209567 0.6497753 0.4378831 0.6349472 0.4209567 0.6497753 0.422926 0.5842608 0.4382759 0.5699364 0.4501683 0.5606876 0.4517534 0.6250168 0.5726842 0.6295019 0.5903195 0.6103603 0.6191079 0.683097 0.5960743 0.6992135 0.5715025 0.7104325 0.5528981 0.6412405 0.5726842 0.6295019 0.5528981 0.6412405 0.5355452 0.5772422 0.5492573 0.5672231 0.5634745 0.5499727 0.5903195 0.6103603 0.5528981 0.6412405 0.5715025 0.7104325 0.5490895 0.7162877 0.5309137 0.6450862 0.5490895 0.7162877 0.5255273 0.7158263 0.5079737 0.6414535 0.4933618 0.5798268 0.5152124 0.5819517 0.5309137 0.6450862 0.5152124 0.5819517 0.5355452 0.5772422 0.5079737 0.6414535 0.5255273 0.7158263 0.4940445 0.709323 0.4794042 0.6314877 0.4940445 0.709323 0.4637962 0.7054437 0.4517534 0.6250168 0.4501683 0.5606876 0.4714114 0.5688535 0.4794042 0.6314877 0.4714114 0.5688535 0.4933618 0.5798268 0.7128822 0.9631287 0.7063821 0.9571302 0.7215499 0.9317542 0.7215499 0.9317542 0.719062 0.9054142 0.7316942 0.9024395 0.32145 0.9361708 0.3290455 0.8923898 0.3596266 0.9071465 0.3527981 0.9471733 0.3596266 0.9071465 0.3967356 0.9244418 0.6647127 0.868043 0.6632329 0.8767473 0.633821 0.8801336 0.6290858 0.8726133 0.633821 0.8801336 0.6129999 0.8965271 0.2030246 0.9407112 0.1703751 0.9488027 0.1686255 0.9079229 0.2012016 0.8976718 0.2411391 0.889419 0.2406368 0.9335462 0.6064037 0.9280171 0.6045191 0.8919177 0.6129999 0.8965271 0.6064037 0.9280171 0.6142997 0.9269223 0.6308953 0.9556464 0.09177637 0.9586315 0.08354848 0.9199724 0.129581 0.9172201 0.129581 0.9172201 0.1686255 0.9079229 0.1703751 0.9488027 0.2434776 0.7991529 0.2498393 0.672788 0.3006075 0.6763859 0.293637 0.7989349 0.3006075 0.6763859 0.3426192 0.6872986 0.3360854 0.8050851 0.3290455 0.8923898 0.2879285 0.8880323 0.2879285 0.8880323 0.2411391 0.889419 0.2434776 0.7991529 0.8808459 0.9096727 0.8495929 0.9076706 0.8504627 0.8908772 0.8846777 0.8930307 0.916152 0.8977036 0.9093695 0.9130628 0.8808459 0.9096727 0.9093695 0.9130628 0.9022465 0.930792 0.8808459 0.9096727 0.8766422 0.9320495 0.8503265 0.9257007 0.7433512 0.9419806 0.7336403 0.9266958 0.7627792 0.9101784 0.771617 0.9259909 0.7627792 0.9101784 0.7915648 0.8973864 0.771617 0.9259909 0.7977828 0.9138974 0.8029743 0.9317644 0.771617 0.9259909 0.7826367 0.946059 0.7571072 0.9551858 0.7977828 0.9138974 0.7915648 0.8973864 0.8193783 0.8923815 0.8193783 0.8923815 0.8504627 0.8908772 0.8495929 0.9076706 0.8220916 0.910196 0.8495929 0.9076706 0.8503265 0.9257007 0.8220916 0.910196 0.8260587 0.9323937 0.8029743 0.9317644 0.2238108 0.2246708 0.2256785 0.1160501 0.2763792 0.1226348 0.281716 0.2327002 0.2763792 0.1226348 0.3242516 0.1362647 0.3359305 0.2565031 0.3503952 0.4062628 0.2951574 0.3734352 0.281716 0.2327002 0.2951574 0.3734352 0.2336014 0.3615316 0.4081436 0.6080369 0.4074879 0.7187028 0.3675193 0.7048727 0.3750686 0.5820087 0.3675193 0.7048727 0.3426192 0.6872986 0.3511221 0.5523517 0.3503952 0.4062628 0.3767842 0.4442837 0.3750686 0.5820087 0.3767842 0.4442837 0.4210625 0.4844695 0.2104333 0.5244169 0.2522982 0.5157563 0.2498393 0.672788 0.2074168 0.6755534 0.1696954 0.6840726 0.1751967 0.5460446 0.2104333 0.5244169 0.1751967 0.5460446 0.1589481 0.4216145 0.1939943 0.3797895 0.2336014 0.3615316 0.2522982 0.5157563 0.08117717 0.6729562 0.07675492 0.7182129 0.03155463 0.6136603 0.03155463 0.6136603 0.03624927 0.4803115 0.06573277 0.5536175 0.05826485 0.6196122 0.06573277 0.5536175 0.07784026 0.5830845 0.05826485 0.6196122 0.07680737 0.619634 0.08531743 0.6491277 0.1255002 0.7292497 0.1696954 0.6840726 0.1675478 0.8138298 0.1283265 0.8246014 0.1675478 0.8138298 0.1686255 0.9079229 0.129581 0.9172201 0.08354848 0.9199724 0.08037775 0.8292236 0.08037775 0.8292236 0.07675492 0.7182129 0.1255002 0.7292497 0.2011896 0.804921 0.2434776 0.7991529 0.2411391 0.889419 0.2012016 0.8976718 0.1686255 0.9079229 0.1675478 0.8138298 0.2011896 0.804921 0.1675478 0.8138298 0.1696954 0.6840726 0.2074168 0.6755534 0.2498393 0.672788 0.2434776 0.7991529 0.4046818 0.8332366 0.3967356 0.9244418 0.3596266 0.9071465 0.3648731 0.8197745 0.3596266 0.9071465 0.3290455 0.8923898 0.3360854 0.8050851 0.3426192 0.6872986 0.3675193 0.7048727 0.3648731 0.8197745 0.3675193 0.7048727 0.4074879 0.7187028 0.2522982 0.5157563 0.2336014 0.3615316 0.2951574 0.3734352 0.3062478 0.5269972 0.2951574 0.3734352 0.3503952 0.4062628 0.3511221 0.5523517 0.3426192 0.6872986 0.3006075 0.6763859 0.3062478 0.5269972 0.3006075 0.6763859 0.2498393 0.672788 0.09743517 0.6163668 0.1212929 0.6031923 0.1218078 0.6343564 0.1015941 0.6486386 0.08531743 0.6491277 0.07680737 0.619634 0.09743517 0.6163668 0.07680737 0.619634 0.07784026 0.5830845 0.09690266 0.5743644 0.1188438 0.5642652 0.1212929 0.6031923 0.1132681 0.6800346 0.1417835 0.6435281 0.1696954 0.6840726 0.1132681 0.6800346 0.1255002 0.7292497 0.07675492 0.7182129 0.08117717 0.6729562 0.08531743 0.6491277 0.1015941 0.6486386 0.1015941 0.6486386 0.1218078 0.6343564 0.1417835 0.6435281 0.1378074 0.520377 0.1589481 0.4216145 0.1751967 0.5460446 0.1751967 0.5460446 0.1696954 0.6840726 0.1417835 0.6435281 0.1417835 0.6435281 0.1218078 0.6343564 0.1212929 0.6031923 0.1472232 0.574679 0.1212929 0.6031923 0.1188438 0.5642652 0.1019815 0.5153982 0.06573277 0.5536175 0.03624927 0.4803115 0.0990433 0.427089 0.1589481 0.4216145 0.1378074 0.520377 0.1019815 0.5153982 0.1378074 0.520377 0.1188438 0.5642652 0.09690266 0.5743644 0.07784026 0.5830845 0.06573277 0.5536175 0.6715533 0.3340022 0.6662569 0.2309393 0.7041866 0.2316671 0.701081 0.3361662 0.7041866 0.2316671 0.7404378 0.2341124 0.7278094 0.3417667 0.7238467 0.4690806 0.7014629 0.4643177 0.701081 0.3361662 0.7014629 0.4643177 0.6766431 0.4621553 0.620844 0.3502689 0.5999749 0.3554505 0.5742918 0.2449367 0.5972206 0.2346405 0.619882 0.228954 0.6377604 0.3440863 0.620844 0.3502689 0.6377604 0.3440863 0.6424412 0.472168 0.6260409 0.4779082 0.6061535 0.4814341 0.5999749 0.3554505 0.7430189 0.3465296 0.7278094 0.3417667 0.7404378 0.2341124 0.7608711 0.2363281 0.7884381 0.2440233 0.7668556 0.352308 0.7668556 0.352308 0.7611905 0.4777795 0.7399145 0.4739862 0.7430189 0.3465296 0.7399145 0.4739862 0.7238467 0.4690806 0.6377604 0.3440863 0.619882 0.228954 0.645599 0.2289061 0.6546412 0.3376143 0.645599 0.2289061 0.6662569 0.2309393 0.6546412 0.3376143 0.6715533 0.3340022 0.6766431 0.4621553 0.6589602 0.4657628 0.6424412 0.472168 0.6377604 0.3440863 0.5453552 0.7993383 0.5611967 0.8935667 0.5269119 0.8918566 0.5131746 0.7956759 0.5269119 0.8918566 0.4935162 0.8899571 0.4821164 0.7932996 0.4637962 0.7054437 0.4940445 0.709323 0.5131746 0.7956759 0.4940445 0.709323 0.5255273 0.7158263 0.5681737 0.7966219 0.5894689 0.7891652 0.6149278 0.8760187 0.5681737 0.7966219 0.5858496 0.8901782 0.5611967 0.8935667 0.5453552 0.7993383 0.5255273 0.7158263 0.5490895 0.7162877 0.5490895 0.7162877 0.5715025 0.7104325 0.5894689 0.7891652 0.6460824 0.7613682 0.6876088 0.8388919 0.6379989 0.8384655 0.6379989 0.8384655 0.6149278 0.8760187 0.5894689 0.7891652 0.6189589 0.7768161 0.5894689 0.7891652 0.5715025 0.7104325 0.5960743 0.6992135 0.6191079 0.683097 0.6460824 0.7613682 0.4568911 0.7991718 0.4821164 0.7932996 0.4935162 0.8899571 0.4613055 0.8942901 0.4206191 0.8954162 0.4317248 0.808066 0.4568911 0.7991718 0.4317248 0.808066 0.4237782 0.7272051 0.4443796 0.7142755 0.4637962 0.7054437 0.4821164 0.7932996 0.225498 0.05914324 0.2201328 0.006548583 0.2642284 0.009849965 0.2733573 0.06514334 0.2642284 0.009849965 0.3250886 0.00323379 0.322167 0.07317388 0.3242516 0.1362647 0.2763792 0.1226348 0.2733573 0.06514334 0.2763792 0.1226348 0.2256785 0.1160501 0.4021119 0.2994306 0.4210625 0.4844695 0.3767842 0.4442837 0.3656794 0.2836536 0.3767842 0.4442837 0.3503952 0.4062628 0.3359305 0.2565031 0.3242516 0.1362647 0.3600465 0.1466163 0.3656794 0.2836536 0.3600465 0.1466163 0.3987416 0.153454 0.1843691 0.2418404 0.2238108 0.2246708 0.2336014 0.3615316 0.1939943 0.3797895 0.1589481 0.4216145 0.1485006 0.2656778 0.1843691 0.2418404 0.1485006 0.2656778 0.1379972 0.1369543 0.1803545 0.1249079 0.2256785 0.1160501 0.2238108 0.2246708 0.09316664 0.2835941 0.1485006 0.2656778 0.1589481 0.4216145 0.0990433 0.427089 0.03624927 0.4803115 0.03533488 0.2908552 0.03533488 0.2908552 0.03496158 0.1477833 0.08789932 0.1434898 0.08789932 0.1434898 0.1379972 0.1369543 0.1485006 0.2656778 0.04130488 0.8564001 0.05717831 0.8367851 0.05792099 0.8572738 0.05717831 0.8367851 0.07444697 0.8498251 0.05792099 0.8572738 0.05792099 0.8572738 0.07832741 0.861128 0.05832773 0.8690582 0.05832773 0.8690582 0.04130488 0.8564001 0.05792099 0.8572738 0.02713763 0.7192221 0.05220705 0.7443141 0.02458268 0.7424581 0.05220705 0.7443141 0.0297091 0.7654659 0.02458268 0.7424581 0.0297091 0.7654659 0.00450468 0.7410237 0.02458268 0.7424581 0.00450468 0.7410237 0.02713763 0.7192221 0.02458268 0.7424581 0.04115808 0.8019896 0.02542346 0.7762402 0.0518586 0.7759827 0.04115808 0.8019896 0.07356798 0.788089 0.0732522 0.809681 0.04115808 0.8019896 0.05815666 0.8284556 0.03118944 0.8284556 0.04115808 0.8019896 0.01001185 0.8167444 0.009781777 0.7947503 0.04130488 0.8564001 0.04312855 0.8409531 0.05717831 0.8367851 0.05717831 0.8367851 0.06889647 0.8326045 0.07444697 0.8498251 0.05792099 0.8572738 0.07444697 0.8498251 0.07832741 0.861128 0.05832773 0.8690582 0.03912729 0.8690582 0.04130488 0.8564001 0.02713763 0.7192221 0.06893098 0.7120527 0.05220705 0.7443141 0.05220705 0.7443141 0.07045084 0.7744842 0.0297091 0.7654659 0.0297091 0.7654659 0 0.7798565 0.00450468 0.7410237 0.00450468 0.7410237 0 0.7022634 0.02713763 0.7192221 0.04115808 0.8019896 0.009781777 0.7947503 0.02542346 0.7762402 0.04115808 0.8019896 0.0518586 0.7759827 0.07356798 0.788089 0.04115808 0.8019896 0.0732522 0.809681 0.05815666 0.8284556 0.04115808 0.8019896 0.03118944 0.8284556 0.01001185 0.8167444</float_array>
          <technique_common>
            <accessor source="#Mesh_010-mesh-map-array" count="1392" stride="2">
              <param name="S" type="float"/>
              <param name="T" type="float"/>
            </accessor>
          </technique_common>
        </source>
        <vertices id="Mesh_010-mesh-vertices">
          <input semantic="POSITION" source="#Mesh_010-mesh-positions"/>
        </vertices>
        <triangles material="Bark7_002-material" count="440">
          <input semantic="VERTEX" source="#Mesh_010-mesh-vertices" offset="0"/>
          <input semantic="NORMAL" source="#Mesh_010-mesh-normals" offset="1"/>
          <input semantic="TEXCOORD" source="#Mesh_010-mesh-map" offset="2" set="0"/>
          <p>0 0 0 202 1 1 117 2 2 117 3 3 60 4 4 0 5 5 0 6 6 177 7 7 61 8 8 61 9 9 110 10 10 0 11 11 1 12 12 177 13 13 63 14 14 1 15 15 181 16 16 122 17 17 1 18 18 209 19 19 120 20 20 1 21 21 206 22 22 123 23 23 169 24 24 173 25 25 2 26 26 2 27 27 231 28 28 66 29 29 66 30 30 67 31 31 2 32 32 2 33 33 178 34 34 169 35 35 3 36 36 230 37 37 172 38 38 172 39 39 169 40 40 3 41 41 3 42 42 178 43 43 68 44 44 3 45 45 174 46 46 58 47 47 4 48 48 231 49 49 171 50 50 4 51 51 232 52 52 168 53 53 4 54 54 175 55 55 69 56 56 69 57 57 66 58 58 4 59 59 5 60 60 186 61 61 103 62 62 103 63 63 109 64 64 5 65 65 5 66 66 198 67 67 82 68 68 5 69 69 189 70 70 80 71 71 6 72 72 178 73 73 67 74 74 6 75 75 179 76 76 75 77 77 75 78 78 71 79 79 6 80 80 71 81 81 76 82 82 6 83 83 74 84 84 59 85 85 7 86 86 7 87 87 174 88 88 77 89 89 77 90 90 70 91 91 7 92 92 70 93 93 74 94 94 7 95 95 8 96 96 174 97 97 68 98 98 68 44 99 76 99 100 8 100 101 8 101 102 185 102 103 72 103 104 72 104 105 77 105 106 8 106 107 104 107 108 108 108 109 10 109 110 10 110 111 199 111 112 103 112 113 10 113 114 186 114 115 78 115 116 10 116 117 187 117 118 104 118 119 11 119 120 201 119 121 107 119 122 107 120 123 104 121 124 11 122 125 11 123 126 187 124 127 81 125 128 11 126 129 188 127 130 105 128 131 12 129 132 198 130 133 106 131 134 106 132 135 105 133 136 12 134 137 12 135 138 188 136 139 79 137 140 12 138 141 189 139 142 82 140 143 13 141 144 175 142 145 87 143 146 87 144 147 86 145 148 13 146 149 86 147 150 88 148 151 13 149 152 13 150 153 179 151 154 69 152 155 14 153 156 183 154 157 91 155 158 91 156 159 89 157 160 14 158 161 14 159 162 191 160 163 87 161 164 87 162 165 74 163 166 14 164 167 15 165 168 184 166 169 75 167 170 75 168 171 88 169 172 15 170 173 15 171 174 190 172 175 92 173 176 92 174 177 90 175 178 15 176 179 16 177 180 223 178 181 157 179 182 157 180 183 98 181 184 16 182 185 16 183 186 196 184 187 95 185 188 16 186 189 195 187 190 151 188 191 17 189 192 183 190 193 73 191 194 17 192 195 184 193 196 90 194 197 17 195 198 193 196 199 93 197 200 17 198 201 192 199 202 91 200 203 153 201 204 156 202 205 19 203 206 19 204 207 224 205 208 100 206 209 19 207 210 194 208 211 96 209 212 19 210 213 197 211 214 153 212 215 100 213 216 155 214 217 20 215 218 155 216 219 151 217 220 20 218 221 20 219 222 195 220 223 94 221 224 20 222 225 194 223 226 100 224 227 98 225 228 154 226 229 21 227 230 21 228 231 225 229 232 153 230 233 21 231 234 197 232 235 97 233 236 21 234 237 196 235 238 98 236 239 22 237 240 229 238 241 165 239 242 165 240 243 160 241 244 22 242 245 22 243 246 201 244 247 106 245 248 106 246 249 102 247 250 22 248 251 23 249 252 228 250 253 164 251 254 164 252 255 159 253 256 23 254 257 23 255 258 200 256 259 107 257 260 107 258 261 160 259 262 23 260 263 159 261 264 163 262 265 24 263 266 24 264 267 226 265 268 158 266 269 158 267 270 108 268 271 24 269 272 24 270 273 200 271 274 159 272 275 158 273 276 162 274 277 25 275 278 25 276 279 229 277 280 102 278 281 102 279 282 109 280 283 25 281 284 25 282 285 199 283 286 158 284 287 113 285 288 63 286 289 26 287 290 63 288 291 60 289 292 26 290 293 60 291 294 114 292 295 26 293 296 26 294 297 205 295 298 113 296 299 110 297 300 62 298 301 27 299 302 27 300 303 180 301 304 65 302 305 27 303 306 204 304 307 115 305 308 115 306 309 110 307 310 27 308 311 28 309 312 180 310 313 64 311 314 28 312 315 181 313 316 113 314 317 113 315 318 116 316 319 28 317 320 116 318 321 65 319 322 28 320 323 136 321 324 141 322 325 29 323 326 29 324 327 214 325 328 111 326 329 111 327 330 117 328 331 29 329 332 117 330 333 136 331 334 29 332 335 31 333 336 176 334 337 61 335 338 61 336 339 123 336 340 31 336 341 31 337 342 206 338 343 118 339 344 31 340 345 207 341 346 124 342 347 122 343 348 64 344 349 32 345 350 32 346 351 180 347 352 125 348 353 32 349 354 208 350 355 121 351 356 32 352 357 209 353 358 122 354 359 125 355 360 62 356 361 33 357 362 62 358 363 124 359 364 33 360 365 33 361 366 207 362 367 119 363 368 33 364 369 208 365 370 125 366 371 166 367 372 170 368 373 34 369 374 34 370 375 232 371 376 128 372 377 128 373 378 130 374 379 34 375 380 34 376 381 210 377 382 166 378 383 127 379 384 140 380 385 35 381 386 35 382 387 214 383 388 134 384 389 134 385 390 131 386 391 35 387 392 35 388 393 211 389 394 127 390 395 36 391 396 216 392 397 139 393 398 139 394 399 135 395 400 36 396 401 36 397 402 213 398 403 132 399 404 132 400 405 126 401 406 36 402 407 147 403 408 127 404 409 37 405 410 127 406 411 146 407 412 37 408 413 37 409 414 219 410 415 142 411 416 37 412 417 218 413 418 147 414 419 138 415 420 112 416 421 38 417 422 38 418 423 204 419 424 116 420 425 116 421 426 137 422 427 38 423 428 137 424 429 138 425 430 38 426 431 39 427 432 202 428 433 115 429 434 115 430 435 112 431 436 39 432 437 39 433 438 215 434 439 139 435 440 139 436 441 136 437 442 39 438 443 137 439 444 114 440 445 40 441 446 40 442 447 203 443 448 111 444 449 111 445 450 140 446 451 40 447 452 40 448 453 217 449 454 137 450 455 126 451 456 130 452 457 41 453 458 41 454 459 212 455 460 134 456 461 134 457 462 141 458 463 41 459 464 41 460 465 216 461 466 126 462 467 42 463 468 221 464 469 145 465 470 145 466 471 142 467 472 42 468 473 42 469 474 219 470 475 143 471 476 143 472 477 144 473 478 42 474 479 43 475 480 215 476 481 138 477 482 43 478 483 217 479 484 147 480 485 147 481 486 145 482 487 43 483 488 145 484 489 148 485 490 43 486 491 149 487 492 135 487 493 44 487 494 135 488 495 148 489 496 44 490 497 148 491 498 144 492 499 44 493 500 44 494 501 220 495 502 149 496 503 45 497 504 211 498 505 133 499 506 133 500 507 149 501 508 45 502 509 45 503 510 220 504 511 143 505 512 143 506 513 146 507 514 45 508 515 150 509 516 93 510 517 46 511 518 46 512 519 193 513 520 101 514 521 101 515 522 154 516 523 46 517 524 46 518 525 222 519 526 150 520 527 47 521 528 190 522 529 86 523 530 86 524 531 99 525 532 47 526 533 47 527 534 223 528 535 155 529 536 155 530 537 152 531 538 47 521 539 48 532 540 193 533 541 92 534 542 92 535 543 152 536 544 48 537 545 152 538 546 156 539 547 48 540 548 48 541 549 225 542 550 101 543 551 99 544 552 89 545 553 49 546 554 49 547 555 192 548 556 150 549 557 49 550 558 222 551 559 157 552 560 157 553 561 99 554 562 49 555 563 83 556 564 72 557 565 50 558 566 50 559 567 185 560 568 161 561 569 161 562 570 162 563 571 50 564 572 50 565 573 226 566 574 83 567 575 51 568 576 183 569 577 70 570 578 51 571 579 182 572 580 83 573 581 83 574 582 163 575 583 51 576 584 163 577 585 84 578 586 51 579 587 85 580 588 73 581 589 52 582 590 73 583 591 84 584 592 52 585 593 52 586 594 227 587 595 164 588 596 164 589 597 85 590 598 52 591 599 53 592 600 185 593 601 71 594 602 71 595 603 85 596 604 53 597 605 53 598 606 228 599 607 165 600 608 165 601 609 161 602 610 53 603 611 58 604 612 59 605 613 54 606 614 54 607 615 175 608 616 168 609 617 168 610 618 170 611 619 54 612 620 54 613 621 230 614 622 58 615 623 167 616 624 131 617 625 55 618 626 55 619 627 212 620 628 128 621 629 128 622 630 171 623 631 55 624 632 55 625 633 231 626 634 167 627 635 56 628 636 210 629 637 132 630 638 132 631 639 129 632 640 56 633 641 56 634 642 233 635 643 172 636 644 172 637 645 166 638 646 56 639 647 57 640 648 213 641 649 133 642 650 133 643 651 167 644 652 57 645 653 167 646 654 173 647 655 57 648 656 173 649 657 129 650 658 57 651 659 0 652 660 110 653 661 202 654 662 117 655 663 203 656 664 60 657 665 0 6 666 60 658 667 177 7 668 61 9 669 176 659 670 110 10 671 1 660 672 123 661 673 177 662 674 1 15 675 63 663 676 181 16 677 1 18 678 122 664 679 209 19 680 1 21 681 120 665 682 206 22 683 169 666 684 233 667 685 173 668 686 2 27 687 173 669 688 231 28 689 66 30 690 179 670 691 67 31 692 2 671 693 67 672 694 178 673 695 3 36 696 58 674 697 230 37 698 172 675 699 233 676 700 169 677 701 3 42 702 169 678 703 178 43 704 3 45 705 68 679 706 174 46 707 4 48 708 66 680 709 231 49 710 4 51 711 171 681 712 232 52 713 4 54 714 168 682 715 175 55 716 69 57 717 179 683 718 66 58 719 5 60 720 80 684 721 186 61 722 103 63 723 199 685 724 109 64 725 5 66 726 109 686 727 198 67 728 5 69 729 82 687 730 189 70 731 6 72 732 76 688 733 178 73 734 6 75 735 67 689 736 179 76 737 75 78 738 184 690 739 71 79 740 71 81 741 185 691 742 76 82 743 74 84 744 175 692 745 59 85 746 7 87 747 59 693 748 174 88 749 77 90 750 182 694 751 70 91 752 70 93 753 183 695 754 74 94 755 8 96 756 77 696 757 174 97 758 68 44 759 178 43 760 76 99 761 8 101 762 76 697 763 185 102 764 72 104 765 182 698 766 77 105 767 104 107 768 200 699 769 108 108 770 10 110 771 108 700 772 199 111 773 10 113 774 103 701 775 186 114 776 10 116 777 78 702 778 187 117 779 11 703 780 105 703 781 201 704 782 107 705 783 200 706 784 104 707 785 11 123 786 104 708 787 187 124 788 11 709 789 81 710 790 188 711 791 12 129 792 82 712 793 198 130 794 106 713 795 201 714 796 105 715 797 12 135 798 105 716 799 188 136 800 12 138 801 79 717 802 189 139 803 13 141 804 69 718 805 175 142 806 87 144 807 191 719 808 86 145 809 86 147 810 190 720 811 88 148 812 13 150 813 88 721 814 179 151 815 14 153 816 74 722 817 183 154 818 91 156 819 192 723 820 89 157 821 14 159 822 89 724 823 191 160 824 87 162 825 175 725 826 74 163 827 15 165 828 90 726 829 184 166 830 75 168 831 179 727 832 88 169 833 15 171 834 88 728 835 190 172 836 92 174 837 193 729 838 90 175 839 16 177 840 151 730 841 223 178 842 157 180 843 222 731 844 98 181 845 16 183 846 98 732 847 196 184 848 16 186 849 95 733 850 195 187 851 17 189 852 91 734 853 183 190 854 17 192 855 73 735 856 184 193 857 17 195 858 90 736 859 193 196 860 17 198 861 93 737 862 192 199 863 153 201 864 225 738 865 156 202 866 19 204 867 156 739 868 224 205 869 19 207 870 100 740 871 194 208 872 19 210 873 96 741 874 197 211 875 100 213 876 224 742 877 155 214 878 155 216 879 223 743 880 151 217 881 20 219 882 151 744 883 195 220 884 20 222 885 94 745 886 194 223 887 98 225 888 222 746 889 154 226 890 21 228 891 154 747 892 225 229 893 21 231 894 153 748 895 197 232 896 21 234 897 97 749 898 196 235 899 22 237 900 102 750 901 229 238 902 165 240 903 228 751 904 160 241 905 22 243 906 160 752 907 201 244 908 106 246 909 198 753 910 102 247 911 23 249 912 160 754 913 228 250 914 164 755 915 227 756 916 159 757 917 23 255 918 159 758 919 200 256 920 107 258 921 201 759 922 160 259 923 159 760 924 227 761 925 163 761 926 24 264 927 163 762 928 226 265 929 158 267 930 199 763 931 108 268 932 24 764 933 108 765 934 200 766 935 158 767 936 226 768 937 162 769 938 25 770 939 162 771 940 229 772 941 102 279 942 198 773 943 109 280 944 25 774 945 109 775 946 199 776 947 113 285 948 181 777 949 63 286 950 63 288 951 177 778 952 60 289 953 60 291 954 203 779 955 114 292 956 26 294 957 114 780 958 205 295 959 110 297 960 176 781 961 62 298 962 27 300 963 62 782 964 180 301 965 27 303 966 65 783 967 204 304 968 115 306 969 202 784 970 110 307 971 28 309 972 65 785 973 180 310 974 28 786 975 64 787 976 181 788 977 113 789 978 205 790 979 116 791 980 116 792 981 204 793 982 65 794 983 136 321 984 216 795 985 141 322 986 29 796 987 141 797 988 214 798 989 111 799 990 203 800 991 117 801 992 117 802 993 202 803 994 136 804 995 31 805 996 124 806 997 176 807 998 61 808 999 177 808 1000 123 808 1001 31 337 1002 123 809 1003 206 338 1004 31 340 1005 118 810 1006 207 341 1007 122 811 1008 181 812 1009 64 813 1010 32 814 1011 64 815 1012 180 816 1013 32 349 1014 125 817 1015 208 350 1016 32 818 1017 121 819 1018 209 820 1019 125 355 1020 180 821 1021 62 356 1022 62 358 1023 176 822 1024 124 359 1025 33 361 1026 124 823 1027 207 362 1028 33 364 1029 119 824 1030 208 365 1031 166 367 1032 230 825 1033 170 368 1034 34 826 1035 170 827 1036 232 828 1037 128 373 1038 212 829 1039 130 374 1040 34 376 1041 130 830 1042 210 377 1043 127 379 1044 217 831 1045 140 380 1046 35 382 1047 140 832 1048 214 383 1049 134 385 1050 212 833 1051 131 386 1052 35 388 1053 131 834 1054 211 389 1055 36 391 1056 126 835 1057 216 392 1058 139 394 1059 215 836 1060 135 395 1061 36 837 1062 135 838 1063 213 839 1064 132 400 1065 210 840 1066 126 401 1067 147 403 1068 217 841 1069 127 404 1070 127 406 1071 211 842 1072 146 407 1073 37 409 1074 146 843 1075 219 410 1076 37 412 1077 142 844 1078 218 413 1079 138 415 1080 215 845 1081 112 416 1082 38 418 1083 112 846 1084 204 419 1085 116 421 1086 205 847 1087 137 422 1088 137 424 1089 217 848 1090 138 425 1091 39 427 1092 136 849 1093 202 428 1094 115 430 1095 204 850 1096 112 431 1097 39 433 1098 112 851 1099 215 434 1100 139 436 1101 216 852 1102 136 437 1103 137 439 1104 205 853 1105 114 440 1106 40 442 1107 114 854 1108 203 443 1109 111 445 1110 214 855 1111 140 446 1112 40 448 1113 140 856 1114 217 449 1115 126 451 1116 210 857 1117 130 452 1118 41 454 1119 130 858 1120 212 455 1121 134 457 1122 214 859 1123 141 458 1124 41 460 1125 141 860 1126 216 461 1127 42 861 1128 144 862 1129 221 863 1130 145 864 1131 218 865 1132 142 866 1133 42 469 1134 142 867 1135 219 470 1136 143 472 1137 220 868 1138 144 473 1139 43 475 1140 148 869 1141 215 476 1142 43 478 1143 138 870 1144 217 479 1145 147 481 1146 218 871 1147 145 482 1148 145 484 1149 221 872 1150 148 485 1151 149 873 1152 213 873 1153 135 873 1154 135 874 1155 215 875 1156 148 876 1157 148 877 1158 221 878 1159 144 879 1160 44 880 1161 144 881 1162 220 882 1163 45 497 1164 146 883 1165 211 498 1166 133 884 1167 213 885 1168 149 886 1169 45 503 1170 149 887 1171 220 504 1172 143 506 1173 219 888 1174 146 507 1175 150 509 1176 192 889 1177 93 510 1178 46 512 1179 93 890 1180 193 513 1181 101 515 1182 225 891 1183 154 516 1184 46 518 1185 154 892 1186 222 519 1187 47 521 1188 152 531 1189 190 522 1190 86 524 1191 191 893 1192 99 525 1193 47 527 1194 99 894 1195 223 528 1196 155 530 1197 224 895 1198 152 531 1199 48 532 1200 101 896 1201 193 533 1202 92 535 1203 190 897 1204 152 536 1205 152 538 1206 224 898 1207 156 539 1208 48 541 1209 156 899 1210 225 542 1211 99 544 1212 191 900 1213 89 545 1214 49 547 1215 89 901 1216 192 548 1217 49 550 1218 150 902 1219 222 551 1220 157 553 1221 223 903 1222 99 554 1223 83 904 1224 182 905 1225 72 906 1226 50 907 1227 72 908 1228 185 909 1229 161 910 1230 229 911 1231 162 912 1232 50 913 1233 162 914 1234 226 915 1235 51 568 1236 84 916 1237 183 569 1238 51 571 1239 70 917 1240 182 572 1241 83 574 1242 226 918 1243 163 575 1244 163 919 1245 227 920 1246 84 921 1247 85 580 1248 184 922 1249 73 581 1250 73 583 1251 183 923 1252 84 584 1253 52 924 1254 84 925 1255 227 926 1256 164 589 1257 228 927 1258 85 590 1259 53 928 1260 161 928 1261 185 929 1262 71 930 1263 184 931 1264 85 932 1265 53 598 1266 85 933 1267 228 599 1268 165 601 1269 229 934 1270 161 602 1271 58 604 1272 174 935 1273 59 605 1274 54 936 1275 59 937 1276 175 938 1277 168 939 1278 232 940 1279 170 941 1280 54 613 1281 170 942 1282 230 614 1283 167 616 1284 211 943 1285 131 617 1286 55 619 1287 131 944 1288 212 620 1289 128 622 1290 232 945 1291 171 623 1292 55 625 1293 171 946 1294 231 626 1295 56 628 1296 166 947 1297 210 629 1298 132 631 1299 213 948 1300 129 632 1301 56 634 1302 129 949 1303 233 635 1304 172 637 1305 230 950 1306 166 638 1307 57 640 1308 129 951 1309 213 641 1310 133 643 1311 211 952 1312 167 644 1313 167 646 1314 231 953 1315 173 647 1316 173 649 1317 233 954 1318 129 650 1319</p>
        </triangles>
        <triangles material="Bark_End_002-material" count="24">
          <input semantic="VERTEX" source="#Mesh_010-mesh-vertices" offset="0"/>
          <input semantic="NORMAL" source="#Mesh_010-mesh-normals" offset="1"/>
          <input semantic="TEXCOORD" source="#Mesh_010-mesh-map" offset="2" set="0"/>
          <p>80 955 1320 79 956 1321 9 957 1322 79 958 1323 81 959 1324 9 960 1325 9 961 1326 187 962 1327 78 963 1328 78 964 1329 80 965 1330 9 966 1331 95 967 1332 97 968 1333 18 969 1334 97 970 1335 96 971 1336 18 972 1337 96 973 1338 94 974 1339 18 975 1340 94 976 1341 95 977 1342 18 978 1343 30 979 1344 207 980 1345 118 981 1346 30 982 1347 206 983 1348 120 984 1349 30 985 1350 209 986 1351 121 987 1352 30 988 1353 208 989 1354 119 990 1355 80 955 1356 189 991 1357 79 956 1358 79 958 1359 188 992 1360 81 959 1361 9 961 1362 81 993 1363 187 962 1364 78 964 1365 186 994 1366 80 965 1367 95 967 1368 196 995 1369 97 968 1370 97 970 1371 197 996 1372 96 971 1373 96 973 1374 194 997 1375 94 974 1376 94 976 1377 195 998 1378 95 977 1379 30 979 1380 119 999 1381 207 980 1382 30 982 1383 118 1000 1384 206 983 1385 30 985 1386 120 1001 1387 209 986 1388 30 988 1389 121 1002 1390 208 989 1391</p>
        </triangles>
      </mesh>
    </geometry>
    <geometry id="Mesh_011-mesh" name="Mesh.011">
      <mesh>
        <source id="Mesh_011-mesh-positions">
          <float_array id="Mesh_011-mesh-positions-array" count="702">-4.901298 13.10076 -311.8712 9.336111 24.52472 -310.7656 21.89155 26.23525 -53.56409 1.111709 10.18523 -50.54986 1.965608 47.8581 -47.88995 15.8145 4.640368 299.3257 20.27973 22.41926 82.30048 -20.52826 22.72399 82.39997 -0.3377387 3.718627 81.68524 16.43844 18.64837 287.52 3.441456 18.79253 316.0828 15.8145 32.9447 299.3257 28.18754 18.79253 282.5684 0.08921056 57.46969 83.01532 -16.28454 53.6382 104.2434 14.8258 53.52769 104.2072 -15.13145 63.64162 217.2967 -1.547949 49.69618 125.4354 -14.46597 63.64163 238.8655 1.033958 63.64162 223.852 -7.048744 71.66416 220.5744 -7.048744 55.61909 220.5744 24.85168 20.8704 207.3829 6.821304 39.73994 218.2834 -11.20906 20.87039 229.1839 6.821304 2.00084 218.2834 9.621154 27.63994 -314.8063 11.05265 -2.308102 -310.2447 25.5751 12.23108 -313.1797 -5.818594 20.80305 -254.1642 9.827288 13.02452 -300.0987 -2.92724 11.7697 -308.9683 22.78045 12.57259 -308.7996 10.5171 -0.1824256 -307.0023 -18.81423 31.80808 -44.87579 6.016473 46.82343 -171.9449 6.359124 11.52461 -168.1334 27.90862 40.93033 -178.0084 27.06418 15.85487 -255.5911 11.45494 0.7390058 -250.8814 9.790653 35.91892 -258.874 -10.55232 33.66484 -165.7241 36.66504 32.78169 -175.892 39.91611 -0.5433565 -266.2273 31.68434 16.53455 -172.2378 28.84179 31.99323 -155.6028 47.19042 -0.02218061 -272.199 44.22953 5.263796 -271.154 52.52022 3.645347 -268.8091 48.2068 -2.161803 -263.8823 39.91073 7.157524 -223.3745 44.17519 18.71664 -225.2772 36.08632 21.43831 -234.1065 31.82187 9.879198 -232.2037 -0.5897353 56.66891 163.8594 -0.589734 72.71399 163.8594 10.7063 64.69145 165.6757 -11.88577 64.69145 162.0431 -16.25908 17.01579 -46.94897 -19.84453 24.95497 29.06336 -1.594562 24.22363 -313.745 -2.786829 11.69403 -314.0828 10.67381 -0.5790033 -312.2911 9.48387 24.31531 -316.0828 22.9445 12.04228 -314.2911 22.33636 1.110337 -311.3054 14.91067 41.09082 -51.47027 21.85114 23.18083 26.76685 0.6297284 5.227324 26.75128 1.376889 46.91974 29.0788 -18.45369 22.30064 140.6137 20.25426 22.22446 135.1385 0.8469175 3.397135 137.7099 0.5443653 43.19585 148.6475 -17.89669 39.85811 88.18653 17.55908 39.64378 88.11646 16.48253 8.29667 81.80738 -17.05127 8.56708 81.89557 9.10114 18.68441 300.5172 23.46377 18.68441 280.4255 16.28245 10.42898 290.4714 16.28245 26.93984 290.4714 25.09428 8.178409 286.7578 -6.701474 6.718227 226.4589 -6.701474 35.02256 226.4589 20.34408 35.02256 210.108 -0.8991047 69.42783 124.4364 -9.814021 56.56707 88.34027 9.583152 56.42894 88.29529 -14.63363 62.45304 129.2893 12.29087 50.65405 120.1284 -14.97748 50.68169 120.1374 12.42613 62.42541 130.1884 -1.308395 55.45064 135.0414 -12.61166 69.65854 234.2927 -18.23609 63.64163 232.0119 -6.987239 63.64163 236.5735 -12.61166 57.62473 234.2927 -13.54837 57.62472 217.9387 -7.160005 70.70836 162.6746 -1.424319 69.65853 222.8552 9.784046 58.67454 165.399 20.34408 6.718227 210.108 6.534718 8.17841 311.8933 6.534716 29.40665 311.8933 25.09428 29.40666 286.7578 29.14007 19.38408 267.1528 13.25423 37.07429 284.968 -2.631611 19.38408 302.783 13.25423 1.693872 284.968 -0.588932 1.760472 -310.3243 -1.865684 33.95633 -256.764 24.04461 3.860263 -251.8397 21.19474 23.56924 -314.7271 9.729552 32.25551 -298.5365 11.39819 -2.744003 -292.547 27.87931 13.41121 -296.5764 -6.751575 16.10031 -294.5071 -0.3725339 12.49184 -302.3621 10.32183 2.984468 -300.7982 9.382407 22.63788 -303.7918 20.07677 13.1305 -302.2279 19.12412 21.73741 -310.2319 -0.1566497 21.13524 -310.3585 0.7290909 2.604883 -307.536 20.00986 3.207051 -307.4094 -7.420428 18.73752 -165.9457 18.67794 42.53718 -176.1906 -11.19293 45.20718 -44.97455 18.69598 12.77289 -53.48584 -16.14696 36.85438 -117.2079 3.097943 50.94068 -123.1461 2.543182 13.86134 -124.1882 23.26656 29.77516 -125.4385 -5.31415 46.34676 -167.66 22.24212 11.09925 -170.7449 -1.550808 6.412728 -251.9213 21.86306 29.08652 -258.9859 27.06621 15.89867 -223.1562 10.13717 6.156641 -203.3697 8.865833 40.2387 -211.4623 -5.839717 26.79569 -206.1382 33.85537 38.7596 -177.7812 34.63527 32.96891 -165.3296 36.04043 24.77916 -173.6183 38.61653 28.88109 -193.7283 27.64516 41.30723 -160.7001 30.4498 33.44616 -203.7397 34.19887 13.54069 -192.8358 30.51576 21.04883 -160.2655 42.21556 -1.098786 -269.8378 51.67916 1.841012 -272.2197 45.44925 2.989885 -273.5969 48.44546 -2.247659 -268.4607 40.00926 2.228463 -268.7619 34.96778 4.859671 -227.3476 49.44411 6.442725 -271.7283 52.44527 -0.1992058 -265.2444 31.76428 17.10808 -235.3282 42.97398 -2.268 -264.3383 41.36446 22.19834 -230.2018 43.89759 13.02558 -222.0843 45.64001 0.7887911 -251.256 49.94256 8.300625 -255.3628 41.71422 10.25984 -259.7106 37.41167 2.748006 -255.604 -10.96351 58.67454 162.3197 -12.67317 69.65853 218.2936 5.980537 70.70836 165.0441 -0.5491153 57.62472 223.2101 -1.725381 55.88154 197.2502 -1.725379 71.92663 197.2502 7.598259 63.90409 200.3398 -11.04902 63.90409 194.1603 -17.29584 10.63683 27.91449 -12.53061 42.17986 39.54217 0.8673136 2.401926 -312.6869 -0.008138597 21.07319 -315.5308 18.74209 9.2381 26.17004 14.95807 41.24369 38.41229 20.18281 2.663645 -312.8431 19.27336 21.33385 -315.687 -14.0212 8.147292 139.8063 -15.90314 39.77212 135.6393 15.92673 39.73783 133.012 15.74172 8.079689 135.6965 10.21987 11.89844 300.9557 10.21987 25.52645 300.9557 22.10239 25.52645 284.5784 22.10239 11.89844 284.5784 6.765607 67.66341 126.0525 -8.666138 67.69795 125.4715 -13.83619 57.20123 133.332 11.32172 57.19432 134.0996 -7.068014 68.0986 232.3993 -15.27083 68.0986 229.0729 -15.65982 59.18466 228.9151 -6.679035 59.18466 232.5571 25.16861 6.116423 271.6068 1.339849 6.116422 298.3294 1.339849 32.65173 298.3294 25.16861 32.65173 271.6068 -1.956141 2.493186 -292.6639 -2.889288 29.03515 -296.8676 24.33535 0.768687 -293.9274 22.76555 26.726 -298.7079 2.130749 19.52676 -305.1352 2.81071 5.301442 -302.9684 17.61211 5.763711 -302.8713 16.93215 19.98904 -305.038 -13.2107 21.713 -119.3505 17.98978 44.8767 -135.6109 -9.599463 49.76907 -118.295 21.46077 14.93301 -136.5113 -1.636415 39.54195 -208.6295 26.43739 6.834147 -202.3397 -2.372413 12.2504 -204.2856 22.65178 31.60691 -213.3942 35.92313 33.28872 -198.7786 32.34753 38.49308 -167.3046 34.17496 25.98646 -165.9023 38.16383 21.77964 -190.9578 42.15114 1.308889 -271.0229 44.35853 -2.19227 -267.5822 49.14999 4.023059 -273.1131 51.37358 -0.4316415 -268.7566 37.46146 6.842535 -258.4063 40.49461 0.04163002 -252.7414 46.94844 11.30938 -258.9016 49.80398 3.903715 -251.8844 -9.740552 57.88718 194.6666 -7.695666 69.92099 195.199 4.244907 69.92099 199.3012 6.28979 57.88718 199.8336</float_array>
          <technique_common>
            <accessor source="#Mesh_011-mesh-positions-array" count="234" stride="3">
              <param name="X" type="float"/>
              <param name="Y" type="float"/>
              <param name="Z" type="float"/>
            </accessor>
          </technique_common>
        </source>
        <source id="Mesh_011-mesh-normals">
          <float_array id="Mesh_011-mesh-normals-array" count="2847">-0.9350131 -0.3510023 -0.05047589 -0.9367647 -0.3466772 -0.04782032 -0.9405167 -0.3371443 -0.04197949 -0.9547854 0.2585384 -0.1467747 -0.9546673 0.2591351 -0.1464909 -0.6864432 0.09007638 -0.721583 -0.6766881 0.07931679 -0.731985 -0.6893385 0.0933116 -0.7184048 -0.7733528 -0.3667677 -0.5171142 -0.7474543 -0.3732985 -0.5495092 -0.7778669 -0.3655243 -0.5111899 0.3288156 -0.9436019 0.03867691 0.3334596 -0.9423289 0.02865165 0.3252878 -0.944484 0.04623693 -0.2874344 -0.9569617 0.04007399 -0.2814112 -0.958123 0.05299115 -0.276524 -0.9589152 0.06337469 -0.3082625 -0.9011506 -0.304798 -0.280329 -0.8979371 -0.3393005 -0.3565375 -0.9024487 -0.2418001 0.3710483 -0.8774324 -0.3040322 0.3437881 -0.8761818 -0.3378095 0.2935911 -0.8698534 -0.3964335 0.9756721 -0.2189964 0.01022821 0.9883139 -0.14996 0.02734446 0.9729488 -0.2309073 0.007240653 0.9294294 0.3657265 0.04904496 0.9103252 0.4119747 0.03981184 0.9064512 0.4205926 0.03805583 0.9101503 0.4140403 0.01404172 0.9314758 0.363803 6.49647e-4 0.9058248 0.4233291 0.01655185 0.9757354 -0.2187249 -0.009994924 0.9732754 -0.2294837 -0.00850296 0.9729205 -0.2309912 -0.008293509 -0.3900123 -0.917942 -0.07261431 -0.4472476 -0.8926266 -0.05645775 -0.4584705 -0.887116 -0.05319815 0.05160331 -0.9982984 -0.02715796 0.1237092 -0.9913636 -0.04352474 0.1377925 -0.989359 -0.04671138 0.1485853 -0.9878133 -0.04633998 0.2033199 -0.977346 -0.05878889 0.2139236 -0.9749317 -0.06119585 -0.3057982 -0.9485886 -0.08165287 -0.3646461 -0.9288737 -0.06501412 -0.3762902 -0.9244493 -0.06163811 0.4656201 0.8838539 0.04472339 0.4215354 0.9051477 0.05491518 0.4722024 0.8804325 0.04316836 -0.1744375 0.9831121 0.05533808 -0.08717745 0.9953349 0.04133617 -0.1850149 0.9810802 0.05702042 -0.2068383 0.9782955 0.01248461 -0.2940131 0.9553968 0.02781128 -0.195253 0.9806971 0.01046258 0.3934655 0.9193394 -4.18044e-4 0.455739 0.8900304 0.0121659 0.4663498 0.8844841 0.01435011 -0.1133608 -0.9716671 0.2073948 -0.113183 -0.9724926 0.2035874 -0.1139007 -0.9690148 0.2191732 0.4649182 -0.8787286 0.1081072 0.4643903 -0.8786206 0.1112094 0.4667413 -0.8790398 0.09716761 0.4186428 0.7147986 0.5601796 0.4131833 0.7384488 0.5328912 0.4092441 0.7536442 0.5143344 0.7685182 0.5038109 0.3944041 0.765715 0.4991225 0.4056567 0.7609773 0.4914528 0.423542 0.9669239 -0.2537682 0.02568852 0.9736045 -0.2257061 0.03392881 0.9652218 -0.2603523 0.02374202 0.9776032 0.2084294 -0.02914005 0.9508832 0.3090684 0.01726567 0.9841988 0.1709881 -0.04599905 0.9849232 0.1728268 0.007570445 0.9746034 0.2223632 0.02651274 0.9878082 0.155672 0.001050055 0.9550613 -0.296246 0.009821951 0.9635841 -0.2674002 0.001685917 0.9657064 -0.2596365 -4.917e-4 -0.9701249 0.2302224 -0.07652139 -0.9361433 0.3512893 -0.01522022 -0.921419 0.3885455 0.004440367 -0.9826303 -0.1854901 -0.005584657 -0.9736782 -0.2271357 -0.01897579 -0.9710798 -0.2377032 -0.02239108 -0.9672629 -0.2495207 0.04628145 -0.9560683 -0.2911124 0.03445154 -0.9532952 -0.3003629 0.03178834 -0.9875613 0.1519567 0.04039704 -0.9890931 0.1425119 0.03721779 -0.9895255 0.1397252 0.03627991 -0.2813315 -0.9589846 -0.03465825 -0.2883651 -0.9569796 -0.03218203 -0.290631 -0.9563205 -0.03138262 0.2248778 -0.9743312 -0.01043266 0.2532072 -0.9672258 -0.01898592 0.2627057 -0.9646283 -0.02186578 0.2691544 -0.9630942 -0.002365052 0.2919145 -0.9563955 -0.009681761 0.2984331 -0.9543578 -0.01178687 -0.298767 -0.9542971 0.007436811 -0.2829508 -0.9591327 0.001892745 -0.2786011 -0.960407 3.79893e-4 -0.8276856 0.391497 0.4020779 -0.827641 0.3904437 0.4031924 -0.8279021 0.3974699 0.395722 -0.8433136 -0.3849423 0.3750222 -0.8433648 -0.3857699 0.3740556 -0.8436602 -0.3910592 0.3678454 0.9268985 0.1473426 0.34518 0.9222565 0.1571538 0.3531938 0.9311063 0.1381001 0.3375936 0.9217861 -0.1559578 0.3549474 0.9263852 -0.1463846 0.3469615 0.9306011 -0.1372697 0.3393211 0.5179587 0.8388748 0.1673564 0.5186733 0.8391413 0.1637682 0.521607 0.8401401 0.14863 -0.03785365 0.9630162 0.2667711 -0.0375663 0.9642758 0.2622233 -0.03652018 0.9686499 0.2457307 0.7717784 -0.4941019 0.400277 0.7690384 -0.4897235 0.410793 0.7764161 -0.5017662 0.3813253 0.4302866 -0.7226228 0.5409896 0.4346519 -0.7004629 0.566065 0.4269089 -0.7377752 0.5229117 0.9624513 -0.2677688 0.04458165 0.9622026 -0.2685067 0.04550349 0.9612502 -0.2712905 0.0489853 0.9632551 0.2607553 0.06439369 0.9629638 0.2615573 0.06548792 0.9644393 0.257435 0.0598694 -0.2816207 -0.4991032 0.8195035 -0.1916829 -0.4357196 0.8794351 -0.3384022 -0.5365471 0.7730467 -0.3000622 0.5014462 0.811489 -0.2077859 0.4383581 0.8744526 -0.1573657 0.4019045 0.9020581 -0.2611476 0.9318445 -0.2519279 -0.4158508 0.8889489 -0.1919326 -0.2272527 0.937443 -0.2637363 -0.2339343 0.9326879 -0.2745326 -0.2418901 0.9313709 -0.2720984 -0.2328222 0.9328665 -0.2748708 0.2649669 0.9292725 -0.2573815 0.250562 0.9318379 -0.2624821 0.2485554 0.9321768 -0.2631859 0.2825214 0.9278759 -0.2433677 0.4484843 0.8775277 -0.1697265 0.4714576 0.8675403 -0.1584348 -0.9949769 0.07599186 0.06516391 -0.9915442 0.1197374 0.05003118 -0.9962176 0.01733124 0.08514893 -0.9958586 -0.0358631 0.08354395 -0.9932186 -0.0518797 0.1040455 -0.9966238 -0.03023535 0.07633423 -0.7279354 0.6622966 -0.1774073 -0.7174784 0.671027 -0.1869425 -0.7300878 0.6604554 -0.1754155 -0.8854662 0.4299511 -0.1763288 -0.8891037 0.4314929 -0.1526708 -0.8646842 0.4207994 -0.274316 0.9754855 0.2106801 0.0635764 0.94112 0.3175328 0.1160439 0.9875581 0.1531755 0.03558552 0.8983684 0.4279392 -0.09900617 0.895563 0.4268877 -0.1254346 0.8814777 0.4211343 -0.2136422 0.7546713 0.6416881 -0.1367765 0.7363834 0.6586826 -0.1545208 0.7308146 0.6636148 -0.1597671 0.9848771 -0.1189622 0.1259574 0.9834629 -0.1240623 0.131944 0.9830043 -0.1256683 0.1338292 -0.8907724 0.4167071 -0.1813281 -0.861895 0.4835779 -0.1526092 -0.8534327 0.5006534 -0.1449096 -0.9521244 -0.2600801 -0.1606789 -0.9582168 -0.2302551 -0.1697148 -0.9505616 -0.2670144 -0.1585432 -0.9412164 -0.2988656 -0.1574522 -0.9145726 -0.3619388 -0.1804363 -0.901431 -0.3889108 -0.1901854 -0.895272 0.4130647 -0.1669302 -0.8784521 0.4433599 -0.1781967 -0.9041078 0.3959876 -0.1605717 -0.2798745 0.8545953 0.4374213 -0.3174195 0.8630816 0.3928549 -0.4030376 0.8712016 0.280301 0.3099482 0.8570434 0.4115931 0.3303252 0.865734 0.3760187 0.1788147 0.7749742 0.6061686 0.192739 -0.86536 0.4626057 0.1945618 -0.8660688 0.4605113 0.1548847 -0.8491984 0.5048496 -0.2147589 -0.852697 0.476221 -0.2165904 -0.8534322 0.4740698 -0.2394713 -0.8620592 0.4466626 0.9291529 -0.2643809 0.2584142 0.9344696 -0.2334926 0.2687896 0.9277921 -0.2714173 0.2559973 0.8466865 0.4867722 0.2148833 0.8745958 0.4193961 0.243288 0.8809859 0.4014262 0.2504416 0.7586827 0.4130619 0.5037664 0.7544606 0.4433586 0.4839655 0.752069 0.4577436 0.4741972 0.7850518 -0.2988593 0.5425649 0.7819406 -0.3619347 0.5075157 0.7850642 -0.26622 0.5592862 0.3026123 0.9495062 0.08284825 0.2951508 0.9522068 0.07866567 0.2934021 0.9528275 0.07768642 -0.3031711 0.9513368 -0.0551871 -0.3113334 0.9484206 -0.05974787 -0.313277 0.9477112 -0.06083548 -0.3762032 0.9262099 0.02462649 -0.4182823 0.9080073 -0.02372056 -0.4369596 0.8983114 -0.04585814 0.2527972 0.9262103 0.2796929 0.3166649 0.9080082 0.2743074 0.2187403 0.9341375 0.2820281 -0.2593196 -0.9634638 -0.06701517 -0.235151 -0.9705341 -0.05260807 -0.2673821 -0.960909 -0.07183784 0.2609275 -0.9633357 0.06245934 0.2372418 -0.970339 0.04646062 0.2689369 -0.960762 0.06789189 0.2187505 -0.9370788 0.2720875 0.2810949 -0.9221585 0.2657245 0.3162972 -0.9118835 0.2615811 -0.3464771 -0.9370777 0.04288315 -0.3867816 -0.9221573 -0.005105614 -0.3208084 -0.9443654 0.07249891 0.9458621 -0.3157447 -0.07516831 0.9495167 -0.3067085 -0.06594043 0.9498464 -0.3056352 -0.06617385 0.9688431 0.2439488 -0.04280543 0.9524527 0.3001507 -0.05238008 0.948338 0.3125475 -0.0544914 0.9480435 0.3123237 -0.06056135 0.949799 0.3065733 -0.06240856 0.947697 0.3134427 -0.06020116 0.9474422 -0.3104853 -0.07715207 0.947475 -0.3131336 -0.06510305 0.3275464 0.9446038 0.02090781 0.2695045 0.9621207 0.04112523 0.3367565 0.9415534 0.008515357 -0.2633123 0.9616733 0.07649415 -0.2847343 0.9558205 0.07303243 -0.2921592 0.9540042 0.0672239 -0.2849931 0.956413 0.06366425 0.3495267 0.9369167 0.004279315 -0.9498016 0.3009642 0.08542644 -0.9766076 0.1870994 0.1059784 -0.9448978 0.3168248 0.08240437 -0.9499194 -0.3033672 0.07497757 -0.9466488 -0.3139823 0.07260298 -0.9462317 -0.3153055 0.07230567 -0.9420046 -0.3194697 0.1027932 -0.9427841 -0.3169408 0.1034742 -0.9397688 0.3216133 0.1157564 -0.9401192 0.3204957 0.1160104 -0.3211799 -0.9469528 0.01113432 -0.3057623 -0.9520846 0.006671905 0.2968434 -0.9542411 -0.0361678 0.3136022 -0.9488977 -0.03531056 0.3045798 -0.9517471 -0.03753221 0.3131616 -0.9490731 -0.03450042 0.313446 -0.9489753 -0.03460586 -0.3196879 -0.9471179 0.02770364 -0.3156256 -0.9485221 0.02619802 -0.3151977 -0.9486688 0.02603948 0.1381656 0.3413196 -0.9297372 0.1190857 0.3138334 -0.9419806 0.1438856 0.3495242 -0.9258131 -0.1948978 0.3680503 -0.9091501 -0.1925687 0.3979825 -0.8969544 -0.195589 0.3585433 -0.9127933 -0.2906918 0.918356 -0.268553 -0.2840765 0.9188886 -0.2737597 -0.3037775 0.9171034 -0.2581487 0.3478383 0.9082827 -0.2324458 0.355155 0.9038254 -0.2386732 0.3254527 0.9211543 -0.2134369 -0.2258713 -0.7864832 -0.5748274 -0.2881241 -0.8508728 -0.4393179 -0.2082254 -0.7657646 -0.6084791 0.1936725 -0.7096897 -0.677371 0.1252533 -0.6304 -0.766099 0.1131124 -0.6153975 -0.7800587 0.274362 -0.9607007 -0.04218733 0.2689211 -0.9624346 -0.0374332 0.2590575 -0.9654314 -0.02883696 -0.351482 -0.9361947 -2.14029e-4 -0.3451 -0.938552 -0.005114674 -0.329769 -0.943912 -0.01681029 0.3982849 -0.255476 -0.8809661 0.4193993 -0.2669094 -0.8676772 0.3919103 -0.2520183 -0.8848125 0.3933241 0.01909911 -0.9192015 0.410247 0.03298968 -0.9113776 0.4133052 0.03549212 -0.9099006 0.9292507 0.3352066 -0.1553375 0.9295796 0.3346032 -0.1546689 0.9304963 0.3329113 -0.1527971 0.949628 -0.2921475 -0.1133865 0.9494317 -0.2931295 -0.1124926 0.9490413 -0.2950565 -0.110736 -0.9624127 -0.2699298 0.02999758 -0.9706338 -0.2400335 0.01593673 -0.9564732 -0.2888635 0.04143619 -0.9575723 0.2866269 -0.03000664 -0.9525777 0.3020605 -0.03681665 -0.95883 0.282575 -0.02822357 -0.9582332 0.2857704 -0.01115161 -0.9585583 0.2846994 -0.01060307 -0.9477216 -0.314418 0.05445271 0.9290684 0.3695086 0.01718425 0.928574 0.3709146 0.01313543 0.9294095 0.3685046 0.02006322 0.9596959 -0.2793828 0.0304805 0.9596539 -0.2794927 0.03079479 0.8531435 -0.3793214 -0.3581361 0.8464799 -0.3565686 -0.3953868 0.8611002 -0.4195967 -0.2871324 0.8353982 0.3417946 -0.430449 0.8311062 0.3073853 -0.4634402 0.8190795 0.2457633 -0.5183719 -0.92984 -0.3679456 0.003676652 -0.9294961 -0.3687834 0.005999088 -0.9292083 -0.3694717 0.007920742 -0.9599357 0.2745454 -0.05611181 -0.9597606 0.2749369 -0.05717945 -0.9596152 0.2752574 -0.05807125 -0.8560002 0.2614408 -0.4459959 -0.8484768 0.228364 -0.4774276 -0.865269 0.3229734 -0.383403 -0.8121928 -0.4557402 -0.364203 -0.8069913 -0.4322877 -0.4023588 -0.7941401 -0.3897078 -0.4663363 -0.3300667 0.9389627 -0.09697991 -0.3345675 0.9382693 -0.08783757 -0.3382344 0.9376271 -0.08032929 0.2811411 0.9581689 -0.05359244 0.2872238 0.9570236 -0.0401051 0.276535 0.9588899 -0.0637077 0.3301885 0.8146842 -0.4767237 0.299483 0.8015477 -0.5175244 0.3751873 0.8303369 -0.412038 -0.3771178 0.7880386 -0.4865977 -0.3453916 0.777372 -0.5257352 -0.2953445 0.7571781 -0.582626 -0.9855344 -0.167138 -0.02805447 -0.9846507 -0.1720265 -0.02949476 -0.9844977 -0.1728583 -0.02973991 -0.9157447 0.4017503 0.002885937 -0.8779637 0.4778999 0.02813071 -0.868628 0.4943168 0.03371226 -0.8720292 0.4894434 0.003209531 -0.8889448 0.4579443 0.008012115 -0.8692185 0.4944224 0.002440989 -0.98219 -0.1804047 -0.05250716 -0.9849297 -0.1660304 -0.04845273 -0.9853841 -0.1635193 -0.04774439 0.3243029 0.9338127 -0.1510686 0.4598242 0.8686276 -0.1845209 0.2755326 0.9512421 -0.1386373 -0.1067873 0.9792747 -0.1720978 -0.1103347 0.9790199 -0.1713074 -0.1063205 0.9793072 -0.1722016 -0.08151727 0.9928624 -0.08706003 -0.1157808 0.9900245 -0.08028936 -0.07517731 0.9932531 -0.08829879 0.3110519 0.9489881 -0.0516566 0.3290379 0.9425383 -0.05792921 0.30528 0.9509676 -0.04964846 -0.4486247 -0.8891261 0.0905025 -0.4436635 -0.891758 0.08905291 -0.4348304 -0.8949319 0.1000977 0.02271556 -0.9896767 0.1415063 0.007092416 -0.9890795 0.1472125 -0.001743853 -0.9886205 0.1504215 0.02216702 -0.9950699 0.0966677 0.07370758 -0.9946767 0.07201129 0.09613025 -0.9934872 0.06117475 -0.4488461 -0.8936049 0.002747893 -0.4591787 -0.8883248 0.00582987 -0.4628813 -0.8863932 0.006938874 0.1088225 0.9568969 -0.2692695 0.1126154 0.9569115 -0.2676536 0.1139818 0.9569128 -0.2670695 0.1853318 0.9822393 -0.02929556 0.2128919 0.9760044 -0.04574489 0.1678522 0.9856309 -0.01890754 0.3894537 0.9197983 0.04792934 0.4679104 0.8837467 0.00718379 0.3395364 0.9377773 0.07272422 0.3259479 0.9210582 -0.213096 0.2626019 0.9339874 -0.2422968 0.2511512 0.9358017 -0.2473828 0.9700109 -0.2416615 0.02605259 0.9655184 -0.258248 0.03289937 0.9641731 -0.2629745 0.03485506 0.9329634 0.3599702 -7.90561e-4 0.9314556 0.3638455 -0.002647519 0.9309593 0.3651084 -0.003253519 0.9394487 0.3425333 -0.01034921 0.9526237 0.3029662 -0.02682596 0.9307286 0.3657104 -5.52099e-4 0.9849749 -0.1695966 -0.03258073 0.9737201 -0.2276395 -0.007034599 0.9697632 -0.244048 2.68806e-4 -0.3956741 -0.914892 0.08009296 -0.3727746 -0.9236095 0.08935689 -0.4038247 -0.9116109 0.07675546 0.2642978 -0.9616057 0.0739001 0.2500708 -0.9650098 0.07887232 0.2456204 -0.9660245 0.08041954 0.2043271 -0.9732833 0.1047388 0.07171458 -0.9951235 0.06772321 0.2473456 -0.961893 0.1165424 -0.4111608 -0.9066828 0.09419757 -0.4043462 -0.9099124 0.09254008 0.4694154 0.8799125 -0.07350641 0.4112397 0.9099705 -0.05325067 0.4903588 0.8677573 -0.08090549 -0.1988725 0.9738249 -0.1100681 -0.2443413 0.9651876 -0.09332889 -0.185145 0.9759551 -0.1150353 -0.170512 0.9807062 -0.09560996 -0.1082118 0.9878715 -0.1113563 -0.1816201 0.978986 -0.09274023 0.4980325 0.865162 -0.05881005 0.5172991 0.8533034 -0.06538289 0.4913564 0.869121 -0.05654668 -0.9744939 -0.1974039 -0.1067399 -0.9782272 -0.1804161 -0.1025757 -0.9792366 -0.1755505 -0.1013795 -0.9189181 0.3787586 -0.1101437 -0.8952673 0.4270415 -0.127013 -0.9246773 0.3658064 -0.1056302 -0.9262521 0.3409758 -0.1606009 -0.943448 0.3005829 -0.1398421 -0.9199626 0.354412 -0.1675139 -0.9688146 -0.2328311 -0.08478218 -0.9740179 -0.2115945 -0.08072906 -0.975853 -0.2035675 -0.07919198 0.9915876 -0.03540486 0.1245014 0.9928306 -0.02485156 0.1169181 0.9934185 -0.019279 0.1129071 0.8785745 0.4764746 -0.032848 0.8981705 0.4396278 -0.004171788 0.9043231 0.4268119 0.005604147 0.8825309 0.4468463 0.1465188 0.8859753 0.4371737 0.1546838 0.8894823 0.4267701 0.1633663 0.9746096 -0.05296623 0.2175562 0.976602 -0.04522591 0.2102461 0.9816988 -0.02290695 0.1890577 -0.5755714 -0.8116653 0.09958487 -0.6426194 -0.7655815 0.03042173 -0.5459579 -0.8280039 0.1278265 -0.9744547 -0.1297118 -0.1833383 -0.9740568 -0.1224344 -0.1903243 -0.9745655 -0.1325102 -0.1807298 -0.7857916 -0.3579621 -0.5043755 -0.7797309 -0.3489339 -0.5198701 -0.8036713 -0.3866363 -0.4523547 -0.3825964 -0.9126654 -0.1437423 -0.381577 -0.9138282 -0.1389854 -0.3916958 -0.90064 -0.1882079 0.6642622 -0.728545 0.1672664 0.6169835 -0.7532186 0.22802 0.5085091 -0.7881271 0.3468058 0.510419 -0.8401375 0.1834161 0.5076977 -0.8421526 0.1817203 0.5120695 -0.8389073 0.1844442 0.8785701 -0.4423306 0.1801613 0.8741205 -0.4528239 0.1756812 0.8815473 -0.4350917 0.1832199 0.8788647 -0.4028649 0.2555326 0.881335 -0.4003909 0.2508705 0.8897299 -0.3916411 0.2345164 0.9017552 0.3342185 0.2741088 0.88695 0.4063128 0.2196126 0.8778418 0.4377081 0.1944364 0.9524316 -0.08434939 0.2928471 0.960867 -0.1828622 0.2080774 0.9350634 -0.007962942 0.3543912 0.863006 -0.08704537 0.4976382 0.862815 -0.08761209 0.49787 0.85931 -0.09782499 0.5020127 0.7923351 0.4169477 0.4453762 0.7895765 0.4068557 0.4593884 0.7795022 0.3748161 0.5018859 -0.6662075 0.6156916 -0.4208223 -0.6501238 0.6249966 -0.4321094 -0.6744273 0.6107498 -0.4148886 -0.2153742 0.8938506 -0.3932495 -0.1483078 0.8995226 -0.4109308 -0.2436563 0.8901157 -0.3851306 -0.145889 0.6281853 -0.7642641 -0.1712589 0.5792279 -0.7969727 -0.1037324 0.7016575 -0.704923 -0.6623206 0.3256902 -0.6747276 -0.6445426 0.3156307 -0.6963779 -0.6262099 0.3053005 -0.7173931 0.7320687 0.6725288 -0.1085383 0.7477838 0.6580206 -0.08847844 0.7528857 0.6530525 -0.08176648 0.9815607 0.1031034 0.1609612 0.9819898 0.1138253 0.1507982 0.9820368 0.1176428 0.1475261 0.9487171 -0.2689603 -0.1661211 0.9432325 -0.2678093 -0.1964451 0.9581605 -0.2706732 -0.09308326 0.7364459 0.4147611 -0.5344352 0.7044988 0.4044505 -0.5831819 0.7957217 0.4318293 -0.4246773 0.5079342 -0.7940793 0.3338279 0.5767927 -0.7573707 0.3061043 0.600436 -0.7429965 0.2956904 0.05897647 -0.9746723 0.2157219 0.01920032 -0.9744514 0.2237765 -6.65128e-5 -0.973768 0.2275433 0.004140555 -0.9999837 0.003927946 0.007594525 -0.9999711 3.35375e-4 -0.009627282 -0.9997872 0.01824659 0.4682248 -0.8833906 -0.01966333 0.4685029 -0.8832332 -0.02010941 0.4302325 -0.9018606 0.0393393 0.7806102 -0.564271 0.2687861 0.8290622 -0.4820147 0.2834039 0.7693767 -0.5810726 0.265357 0.3242158 -0.9259957 0.1934329 0.4126377 -0.8756759 0.2508428 0.2958379 -0.9390611 0.1750553 0.2125713 -0.9431567 0.2554783 0.1022419 -0.9720904 0.2111563 0.2265332 -0.9384097 0.2609023 0.7350304 -0.596103 0.3230969 0.6252372 -0.7207922 0.2992275 0.7473242 -0.5793029 0.3254457 0.8217114 0.5671468 -0.05599182 0.8559396 0.5167751 -0.01763153 0.859776 0.5105062 -0.01298934 0.9841535 0.0113272 0.1769567 0.9859628 0.03737545 0.162728 0.9861847 0.04182052 0.1602837 0.9826816 0.05630338 0.1765415 0.9834964 0.08751314 0.1583551 0.7652707 0.6372332 -0.09107458 0.8050255 0.5909603 -0.05196124 0.8091008 0.5857322 -0.04768407 -0.3620658 0.7221679 -0.5893913 0.1252552 0.9203159 -0.3705806 0.1907133 0.9244593 -0.3301569 0.2630974 0.9221875 -0.2834612 0.1376487 0.930723 -0.3388326 0.1215313 0.9305505 -0.3454071 0.09078019 0.9352067 -0.3422681 -0.08691954 0.9083253 -0.4091333 -0.1158863 0.9006969 -0.4187068 -0.6312721 0.6403986 -0.4374761 -0.5827949 0.6887348 -0.4312708 -0.5753579 0.6956385 -0.4301751 -0.8301005 -0.5366007 -0.151634 -0.8310796 -0.5214506 -0.1933807 -0.8216014 -0.5674694 -0.05431205 -0.9285866 -0.06683039 -0.3650488 -0.9222462 -0.119112 -0.3677968 -0.9141404 -0.1669564 -0.3694225 -0.974486 -0.0984078 -0.2017254 -0.9750484 -0.1131575 -0.1909872 -0.9743663 -0.09575128 -0.2035732 -0.8030969 -0.5933105 -0.05493855 -0.7095394 -0.703671 0.03743153 -0.8144828 -0.5761958 -0.06794452 -0.1841673 -0.9815801 0.05082291 -0.1574236 -0.9856595 0.0607708 -0.1962379 -0.9794626 0.04630029 0.1717606 -0.9837981 0.0513789 0.1492681 -0.9878915 0.04230338 0.1816049 -0.9818125 0.05535441 0.2000129 -0.9796985 -0.01363402 0.2334449 -0.9723696 -9.1053e-4 0.1921699 -0.9812213 -0.01660174 -0.1945431 -0.9807099 -0.01900357 -0.225346 -0.9738641 -0.02842408 -0.1873874 -0.9821422 -0.01682138 0.2951691 0.9528869 -0.06986993 0.2465424 0.9657372 -0.0810467 0.2400576 0.9672459 -0.08250981 -0.2320621 0.9701438 -0.07048535 -0.2722302 0.9591708 -0.07669425 -0.2782481 0.957368 -0.07761913 -0.2980922 0.9543774 0.01746493 -0.3188257 0.9477352 0.01217186 -0.3219366 0.946693 0.01137363 0.3043897 0.9518355 0.03682535 0.2887767 0.9568311 0.03290092 0.2864701 0.9575439 0.0323221 0.9863223 -0.1550138 0.05602854 0.9848463 -0.1634434 0.05800122 0.9846806 -0.1643627 0.05821621 0.7054334 0.7077708 -0.037741 0.7746504 0.6323508 -0.007019102 0.7864999 0.6175892 -0.001320004 0.7935795 0.6056676 0.05829703 0.8540809 0.5132647 0.0842936 0.8634697 0.4965408 0.08869868 0.9821995 -0.162235 0.09467798 0.9737678 -0.2115663 0.08376091 0.9831973 -0.1551266 0.09622299 -0.7696539 0.6382977 0.0144596 -0.6857152 0.7273925 -0.02636104 -0.7874277 0.615941 0.02396661 -0.9850112 -0.1383559 0.1030091 -0.9919782 -0.08832657 0.09043037 -0.983713 -0.1459587 0.1049044 -0.9872605 -0.1574113 0.02320206 -0.9786573 -0.2031869 0.03074342 -0.9883668 -0.1504808 0.02206081 -0.8627229 0.5056695 0.002717733 -0.8001968 0.5989564 0.0306009 -0.787746 0.6149706 0.03559964 -0.9350157 -0.350996 -0.05047261 -0.9305685 -0.3616477 -0.05703717 -0.9367672 -0.346671 -0.04781681 -0.954773 0.2586013 -0.1467449 -0.9548318 0.2583031 -0.146887 -0.9547729 0.2586013 -0.146745 -0.6743251 0.07674187 -0.7344362 -0.7402488 -0.3749461 -0.5580746 0.3288128 -0.9436024 0.03868758 0.3369911 -0.9412744 0.02096772 0.3334556 -0.9423301 0.02866178 -0.2923083 -0.9558684 0.02952224 -0.2313424 -0.888334 -0.3966653 0.4199321 -0.8753502 -0.2396225 0.9894061 -0.1421976 0.02924805 0.931807 0.3594558 0.05027282 0.9340445 0.3571552 -0.001100003 0.9760707 -0.2172139 -0.01020401 -0.3784603 -0.92251 -0.0757845 0.04053592 -0.9988743 -0.02463835 0.1382564 -0.9894192 -0.0439862 -0.2929202 -0.9523332 -0.08520287 0.4164392 0.9074331 0.05606913 -0.07677686 0.9962596 0.03965282 -0.3026117 0.9526624 0.02933406 0.3866482 0.9222256 -0.001772284 -0.1126011 -0.9750415 0.1913515 0.4625547 -0.8781864 0.1217866 0.424149 0.6868771 0.5901674 0.7729746 0.5115422 0.3752798 0.9750722 -0.2189652 0.03589481 0.9403716 0.3387103 0.03125423 0.9692259 0.2437113 0.03472942 0.9527617 -0.3034867 0.01187556 -0.9779767 0.1836777 -0.09911626 -0.9845528 -0.1750738 -0.002251982 -0.9695669 -0.2398748 0.04899191 -0.986882 0.1559535 0.04174274 -0.278842 -0.9596794 -0.03553283 0.2159577 -0.9763721 -0.007750451 0.2626226 -0.9648987 -2.74837e-4 -0.8276852 0.3914781 0.4020971 -0.8273778 0.3849465 0.4089773 -0.827641 0.3904246 0.4032113 -0.8429883 -0.3801075 0.3806431 0.9136778 0.1743534 0.3671427 0.9131792 -0.1729644 0.3690356 0.5149772 0.837673 0.1819407 -0.03885018 0.9584509 0.2825998 0.764149 -0.4821422 0.4285038 0.439217 -0.6729495 0.5951701 0.9634696 -0.2646992 0.04075115 0.9618565 0.2645565 0.06958502 -0.1423462 -0.3990144 0.9058285 -0.3582791 0.538578 0.7626074 -0.4375044 0.880468 -0.182664 -0.2435653 0.9310848 -0.2715827 0.2678461 0.9287315 -0.2563519 0.2458763 0.9343512 -0.2579393 -0.988797 0.143294 0.04180026 -0.9913595 -0.06123191 0.1160046 -0.7139367 0.6739057 -0.1901202 -0.8971676 0.434709 -0.07822054 0.8121976 0.537676 0.2263615 0.902573 0.4292384 -0.0334149 0.758081 0.6383762 -0.1333754 0.9855974 -0.1162698 0.1227974 -0.8976863 0.3980663 -0.1889516 -0.9595245 -0.2231232 -0.17184 -0.9528716 -0.2662268 -0.1454616 -0.8699328 0.4577444 -0.1835399 -0.1619387 0.8115168 0.5614413 0.4134029 0.8858114 0.2107993 0.2240009 -0.8766039 0.4258983 -0.1868286 -0.8406875 0.5082712 0.9355612 -0.2262659 0.2711628 0.8388205 0.5033114 0.207504 0.760594 0.3959839 0.5144837 0.7793005 -0.3889072 0.4913674 0.3043622 0.9488604 0.08383023 -0.3012288 0.9520159 -0.05410343 -0.3533913 0.9341374 0.05002224 0.3454856 0.8983125 0.2714304 -0.2278021 -0.9725117 -0.04824185 0.2299182 -0.9723234 0.04153358 0.1797057 -0.9443662 0.2754605 -0.409156 -0.911882 -0.03259772 0.97113 0.2349535 -0.04127258 0.9501295 0.3054752 -0.06276059 0.9476963 -0.3096528 -0.07737606 0.2614725 0.9642081 0.04399031 -0.2610251 0.9622746 0.0767703 -0.2840858 0.9567041 0.06334459 0.3514583 0.936197 0.003519058 -0.9498021 0.3009644 0.08541935 -0.9788275 0.1737154 0.1082577 -0.9766085 0.1870993 0.10597 -0.9503537 -0.3019237 0.07529908 -0.9420452 -0.319339 0.1028283 -0.9419078 -0.3197825 0.1027088 -0.9426879 -0.3172539 0.1033901 -0.9398777 0.3212667 0.1158353 -0.9401577 0.3203725 0.1160384 -0.3230545 -0.9463083 0.01168262 0.2953135 -0.954732 -0.03573328 -0.3197836 -0.9470846 0.02773952 -0.3202108 -0.9469355 0.02789801 -0.3158071 -0.9484598 0.02626562 0.1145281 0.3072412 -0.944715 -0.191637 0.4091719 -0.8921063 -0.2721405 0.9196814 -0.283065 0.3747025 0.8912893 -0.2553457 -0.2973834 -0.8590968 -0.4165525 0.210072 -0.7272815 -0.6534 0.2743422 -0.9607071 -0.04216998 0.2851064 -0.9571053 -0.05161243 0.2689011 -0.9624409 -0.03741604 -0.3651583 -0.930888 0.01035231 0.4235034 -0.2691282 -0.8649943 0.3933459 0.01911675 -0.9191918 0.3882454 0.01496082 -0.9214347 0.4102675 0.03300833 -0.9113677 0.9292466 0.335214 -0.155346 0.9282047 0.3371135 -0.1574501 0.9295591 0.3346407 -0.1547108 0.9496287 -0.2921448 -0.1133886 0.9499748 -0.2903902 -0.1149845 0.9494394 -0.2930916 -0.1125267 -0.9730083 -0.2304854 0.01146346 -0.957584 0.2865894 -0.02999114 -0.9512065 0.3061293 -0.03861683 -0.9525759 0.3020656 -0.03681856 -0.9583268 0.2854629 -0.01099383 -0.9586637 0.2843506 -0.01042419 -0.94397 -0.3245928 0.05966806 0.9290679 0.3695101 0.01718074 0.92821 0.3719155 0.01025396 0.9285735 0.3709161 0.01313185 0.959639 -0.2795315 0.03090727 0.8303734 -0.3139765 -0.4603248 0.8382956 0.4021607 -0.3681405 -0.9298453 -0.3679326 0.003641366 -0.9301257 -0.3672373 0.001721203 -0.9295078 -0.3687551 0.00591886 -0.959931 0.2745558 -0.0561403 -0.9600898 0.2741991 -0.05516058 -0.9597632 0.274931 -0.05716341 -0.8299881 0.1665146 -0.5323464 -0.8173717 -0.4953128 -0.2942261 -0.3264141 0.9394503 -0.1043411 0.291809 0.9560112 -0.0298385 0.2529611 0.7782586 -0.5747385 -0.4252461 0.8006383 -0.4220713 -0.9856723 -0.1663607 -0.02782547 -0.9203369 0.3911263 -5.5672e-4 -0.8915897 0.4527588 0.008793115 -0.9817013 -0.1828466 -0.05319589 0.5008701 0.8434321 -0.1942974 -0.1070001 0.9792598 -0.1720501 -0.1111074 0.9789629 -0.1711344 -0.1105474 0.9790044 -0.1712596 -0.08151692 0.9928621 -0.08706337 -0.1215329 0.9894272 -0.07914388 -0.1158271 0.9900196 -0.08028292 0.333383 0.9409155 -0.059448 -0.4504606 -0.88815 0.0909655 0.0324288 -0.9899099 0.1379376 -0.008346915 -0.9937742 0.1111005 -0.445623 -0.895219 0.001790404 0.1086922 0.9568961 -0.2693247 0.1080746 0.9568921 -0.2695873 0.1126174 0.9569115 -0.2676526 0.2238545 0.9732177 -0.05231231 0.5018638 0.8648743 -0.0111941 0.3425109 0.9168416 -0.2051534 0.971221 -0.2369565 0.02411496 0.932972 0.3599485 -7.79775e-4 0.9335225 0.3585188 -9.56036e-5 0.9314962 0.3637421 -0.002598404 0.9567493 0.2890893 -0.03253275 0.9869439 -0.1564421 -0.03830903 -0.3642288 -0.9266772 0.0927723 0.2685326 -0.960545 0.07241237 0.0377925 -0.9975948 0.05810707 0.3895743 0.919855 -0.04581207 -0.2572786 0.9622777 -0.0884841 -0.1704625 0.9807139 -0.09561777 -0.09642201 0.9887585 -0.1142783 -0.1082107 0.9878709 -0.1113626 0.5227006 0.8498607 -0.06723684 -0.9732865 -0.2026011 -0.1080102 -0.8886101 0.4394504 -0.1313601 -0.9487106 0.2868947 -0.1328151 -0.9665664 -0.2414163 -0.08641499 0.9908791 -0.04085528 0.1284112 0.8727146 0.4865213 -0.04082119 0.878834 0.4567036 0.1381041 0.965495 -0.08387082 0.2465467 -0.6634516 -0.7481849 0.007164776 -0.7500485 -0.3081231 -0.5852243 -0.3716498 -0.9235383 -0.09462314 0.7146139 -0.693183 0.09393864 0.5104019 -0.8401504 0.1834049 0.5066452 -0.8429273 0.181064 0.5077147 -0.84214 0.1817309 0.8714908 -0.4588538 0.1730816 0.8684251 -0.4128648 0.2745555 0.9073578 0.2854501 0.3085778 0.9585543 -0.2358593 0.1598252 0.8660184 -0.07795876 0.4938976 0.802518 0.465689 0.3729597 -0.6408375 0.6301578 -0.4384387 -0.1158871 0.9006977 -0.4187051 -0.2064407 0.5047972 -0.8381898 -0.6799112 0.3356889 -0.6519462 0.7261838 0.6776734 -0.1158271 0.9272209 -0.2641972 -0.2654456 0.5686716 0.3554214 -0.7418143 0.4832051 -0.8055546 0.3429208 0.08047795 -0.9741218 0.2112113 0.02152085 -0.9996683 -0.01415216 0.5169188 -0.8499988 -0.1014754 0.8364909 -0.4676616 0.2856144 0.4281278 -0.865231 0.2609252 0.08301603 -0.9756169 0.2031747 0.6006499 -0.743764 0.293317 0.8170014 0.5734104 -0.06090319 0.9837868 0.007197737 0.1791976 0.9825084 0.05233889 0.1787119 0.759792 0.6430191 -0.09613841 -0.4649081 0.637397 -0.6144799 0.2772829 0.9200782 -0.2767136 0.1118532 0.936123 -0.3334108 -0.640827 0.6301319 -0.4384914 -0.8300647 -0.5016824 -0.2435315 -0.931103 -0.03609597 -0.3629661 -0.6876908 -0.7238169 0.05630761 -0.146757 -0.9870536 0.06471097 0.1394653 -0.9894841 0.03835141 0.2420253 -0.9702671 0.00237441 -0.2332608 -0.9719248 -0.03085184 0.3025009 0.9507095 -0.06815272 -0.2256833 0.971719 -0.06949371 -0.2949221 0.9553467 0.01827013 0.3066573 0.9510852 0.03739631 0.9865325 -0.1537755 0.05573868 0.6949651 0.7178121 -0.04206299 0.7825332 0.6202712 0.05390322 0.9723936 -0.2183793 0.08222603 -0.6715401 0.7402458 -0.03271245 -0.9926354 -0.08228993 0.08890014 -0.977219 -0.2098318 0.03183859 -0.8733084 0.4871611 -0.002589523 0.6701622 0.2592601 0.6954616 0.6718007 0.2617291 0.6929514 0.6819839 0.277338 0.6767435 0.6722313 -0.2565628 0.6944643 0.6737331 -0.2587743 0.6921846 0.6611568 -0.2405224 0.7106481 0.8606696 -0.1608154 0.4831006 0.8616363 -0.1658273 0.4796711 0.859866 -0.156767 0.4858545 0.8618828 0.1671386 0.4787724 0.8608936 0.1619647 0.4823169 0.860087 0.1578688 0.485106 -0.748243 -0.5721163 0.3358802 -0.7479323 -0.5705773 0.3391737 -0.7392135 -0.5368528 0.4066355 0.3004506 -0.570577 0.764311 0.3029667 -0.5721154 0.7621648 0.2472075 -0.5368567 0.8066434 0.3188832 0.5817226 0.7482729 0.3189383 0.5817555 0.7482239 0.2472113 0.5368554 0.8066431 -0.7499923 0.5817535 0.3147612 -0.749987 0.5817212 0.3148334 -0.7392153 0.5368512 0.4066346 0.2540193 0.1255623 -0.9590142 0.251478 0.1279999 -0.9593617 0.2048363 0.1719346 -0.963577 0.2627277 -0.3769803 -0.8881781 0.2620507 -0.3776997 -0.8880723 0.30659 -0.3289431 -0.8931959 -0.2260244 -0.3995059 -0.8884302 -0.2252488 -0.4002116 -0.8883094 -0.1780806 -0.4418862 -0.8792178 -0.2487513 0.1011344 -0.9632729 -0.2463242 0.103864 -0.9636061 -0.2915084 0.05218631 -0.9551438 -0.06991493 -0.8856021 -0.4591525 -0.0533455 -0.8907274 -0.4513967 -0.008523344 -0.9029564 -0.4296478 -0.3206683 -0.5071967 -0.7999521 -0.3163704 -0.4692937 -0.824423 -0.3244865 -0.5460318 -0.7723717 0.1635919 -0.2921708 -0.9422706 0.1491007 -0.2861103 -0.9465252 0.1068928 -0.2681234 -0.9574361 0.359735 -0.7688769 -0.5286012 0.361755 -0.7664346 -0.5307651 0.3932374 -0.7259746 -0.5642032 0.6591975 0.2430174 0.7116188 0.6840265 -0.2741865 0.6759657 0.8627009 -0.1715468 0.47573 0.8629527 0.1729447 0.4747661 -0.7527962 -0.6089003 0.2500766 0.3659969 -0.6088952 0.7037705 0.4038705 0.6292334 0.6640437 -0.7523019 0.6292353 0.1952047 0.2996495 0.0809884 -0.9506057 0.2172566 -0.4239038 -0.879264 -0.2724542 -0.3560049 -0.8938844 -0.202537 0.1522485 -0.9673671 -0.1148363 -0.8700505 -0.4794005 -0.3108825 -0.4264156 -0.8494244 0.2078865 -0.3103242 -0.9276218 0.3306558 -0.8021422 -0.497227</float_array>
          <technique_common>
            <accessor source="#Mesh_011-mesh-normals-array" count="949" stride="3">
              <param name="X" type="float"/>
              <param name="Y" type="float"/>
              <param name="Z" type="float"/>
            </accessor>
          </technique_common>
        </source>
        <source id="Mesh_011-mesh-map">
          <float_array id="Mesh_011-mesh-map-array" count="2784">0.08207046 0.008604347 0.101451 0.03785413 0.07950156 0.03650486 0.07950156 0.03650486 0.06260687 0.006816864 0.08207046 0.008604347 0.7875504 0.001446962 0.8032495 0.005849838 0.7879145 0.006814718 0.7879145 0.006814718 0.7724261 0.01465421 0.7875504 0.001446962 0.8335431 0.04134255 0.8164604 0.04379093 0.8293339 0.03413158 0.8335431 0.04134255 0.8439185 0.02617156 0.8471617 0.0340715 0.8335431 0.04134255 0.8504341 0.04278159 0.8398036 0.05079758 0.8335431 0.04134255 0.8283452 0.05677098 0.8209326 0.0507819 0.1518984 0.416279 0.1714106 0.2998303 0.1737512 0.4145033 0.1714106 0.2998303 0.1998938 0.4161543 0.1737512 0.4145033 0.1998938 0.4161543 0.1793739 0.5419269 0.1737512 0.4145033 0.1793739 0.5419269 0.1518984 0.416279 0.1737512 0.4145033 0.1240356 0.422723 0.09180617 0.315056 0.1185443 0.3053958 0.1185443 0.3053958 0.1518984 0.416279 0.1240356 0.422723 0.1240356 0.422723 0.1570213 0.542324 0.1281608 0.5447656 0.1281608 0.5447656 0.094576 0.4295126 0.1240356 0.422723 0.001750588 0.4199615 0.02665442 0.3078877 0.02487874 0.4258648 0.02487874 0.4258648 0.04583537 0.3164812 0.04610222 0.4309517 0.04610222 0.4309517 0.02343219 0.5476536 0.02487874 0.4258648 0.02343219 0.5476536 0.001750588 0.4199615 0.02487874 0.4258648 0.148007 0.9751592 0.1258195 0.970402 0.1463888 0.9511277 0.1463888 0.9511277 0.1674898 0.9555537 0.148007 0.9751592 0.7069045 0.037476 0.7234307 0.035806 0.7311773 0.05037027 0.7311773 0.05037027 0.7421593 0.03928577 0.7579475 0.05037027 0.1579825 0.6299923 0.1793739 0.5419269 0.1810913 0.6299731 0.1810913 0.6299731 0.2107363 0.5588474 0.208732 0.6385057 0.208732 0.6385057 0.182341 0.7141464 0.1810913 0.6299731 0.182341 0.7141464 0.1579825 0.6299923 0.1810913 0.6299731 0.08006346 0.6329125 0.04621589 0.5648502 0.07606983 0.548893 0.07606983 0.548893 0.1030331 0.6316549 0.08006346 0.6329125 0.08006346 0.6329125 0.1088641 0.7221021 0.08530128 0.7240911 0.08530128 0.7240911 0.05308949 0.6429228 0.08006346 0.6329125 0.1304711 0.6307898 0.09893089 0.5474739 0.1281608 0.5447656 0.1281608 0.5447656 0.1579825 0.6299923 0.1304711 0.6307898 0.1304711 0.6307898 0.1587191 0.7156903 0.1337952 0.7189471 0.1337952 0.7189471 0.1030331 0.6316549 0.1304711 0.6307898 0.08694922 0.9964835 0.1047895 0.9778228 0.1072319 1 0.1047895 0.9778228 0.1267149 0.9934988 0.1072319 1 0.7579475 0.05037027 0.7458384 0.02872985 0.7708268 0.03557974 0.7458384 0.02872985 0.7675283 0.01624125 0.7708268 0.03557974 0.03988587 0.9683575 0.0593611 0.9582498 0.06258189 0.9826426 0.06258189 0.9826426 0.08294254 0.9734367 0.08694922 0.9964835 0.7446307 0.002337515 0.7482113 0.01772344 0.7303565 0.01100558 0.7303565 0.01100558 0.7171661 7.89042e-4 0.7446307 0.002337515 0.1863543 0.9492418 0.1667692 0.9312452 0.1881706 0.9245519 0.1863543 0.9492418 0.2099685 0.9315438 0.2039051 0.9559897 0.7027053 0.01654011 0.7172396 0.009497761 0.710479 0.01882451 0.7027053 0.01654011 0.7114562 0.03026396 0.7069045 0.037476 0.2829108 0.07229751 0.2521726 0.001720011 0.3010582 0.06891232 0.3010582 0.06891232 0.323545 0.1204496 0.2829108 0.07229751 0.323545 0.1204496 0.2744593 0.08749651 0.2829108 0.07229751 0.2829108 0.07229751 0.2128291 0.03169012 0.2236543 0.006067574 0.3174504 0.04498738 0.3531592 0.08767747 0.3276227 0.07513386 0.3531592 0.08767747 0.3499382 0.1130911 0.3276227 0.07513386 0.3276227 0.07513386 0.335771 0.1154199 0.3010582 0.06891232 0.3010582 0.06891232 0.3174504 0.04498738 0.3276227 0.07513386 0.4402975 0.08446419 0.403719 0.07484441 0.4537743 0.05655437 0.4537743 0.05655437 0.4662172 0.08389192 0.4402975 0.08446419 0.4402975 0.08446419 0.4285327 0.1192486 0.4137867 0.1167059 0.4137867 0.1167059 0.4131959 0.09369248 0.4402975 0.08446419 0.3698813 0.2590335 0.3537908 0.2231448 0.364669 0.2200708 0.3698813 0.2590335 0.3742939 0.2192844 0.3791752 0.2580461 0.3698813 0.2590335 0.381158 0.2764918 0.3746238 0.2834832 0.3698813 0.2590335 0.3656032 0.2791385 0.3602157 0.2616135 0.3818536 0.1013182 0.370459 0.07206314 0.3882716 0.06250268 0.3818536 0.1013182 0.403719 0.07484441 0.4131959 0.09369248 0.3818536 0.1013182 0.4044335 0.1183832 0.3823022 0.11769 0.3818536 0.1013182 0.3598408 0.1155856 0.3531592 0.08767747 0.4012433 0.260282 0.4116419 0.2237721 0.4107989 0.2618237 0.4116419 0.2237721 0.4211106 0.2631722 0.4107989 0.2618237 0.4107989 0.2618237 0.4149565 0.2810197 0.4054857 0.2850931 0.4107989 0.2618237 0.3987514 0.2778261 0.4012433 0.260282 0.3509654 0.2655618 0.3336827 0.2320921 0.3438113 0.2274402 0.3438113 0.2274402 0.3602157 0.2616135 0.3509654 0.2655618 0.3509654 0.2655618 0.3656032 0.2791385 0.3607845 0.2876867 0.3509654 0.2655618 0.3511753 0.285556 0.3416348 0.2699643 0.3791752 0.2580461 0.3878103 0.2209401 0.3900956 0.2592713 0.3900956 0.2592713 0.4015479 0.222917 0.4012433 0.260282 0.3900956 0.2592713 0.3987514 0.2778261 0.3898004 0.2830908 0.3900956 0.2592713 0.381158 0.2764918 0.3791752 0.2580461 0.1869333 0.8290265 0.1587191 0.7156903 0.182341 0.7141464 0.182341 0.7141464 0.2106676 0.8319674 0.1869333 0.8290265 0.2106676 0.8319674 0.1881706 0.9245519 0.1869333 0.8290265 0.1881706 0.9245519 0.1636094 0.8337957 0.1869333 0.8290265 0.02118682 0.8452987 0.03435665 0.743018 0.04600119 0.8528748 0.03435665 0.743018 0.07060712 0.8610908 0.04600119 0.8528748 0.07060712 0.8610908 0.0593611 0.9582498 0.04600119 0.8528748 0.04600119 0.8528748 0.03500699 0.9431896 0.02118682 0.8452987 0.07060712 0.8610908 0.08530128 0.7240911 0.09438794 0.8630346 0.08530128 0.7240911 0.1177284 0.8581229 0.09438794 0.8630346 0.09438794 0.8630346 0.1258195 0.970402 0.1047895 0.9778228 0.09438794 0.8630346 0.08294254 0.9734367 0.07060712 0.8610908 0.1406851 0.8460199 0.1088641 0.7221021 0.1337952 0.7189471 0.1337952 0.7189471 0.1636094 0.8337957 0.1406851 0.8460199 0.1406851 0.8460199 0.1667692 0.9312452 0.1463888 0.9511277 0.1463888 0.9511277 0.1177284 0.8581229 0.1406851 0.8460199 0.8188205 0.0164538 0.8140893 0.03461408 0.8134429 0.01822018 0.8134429 0.01822018 0.8070425 7.90404e-4 0.8188205 0.0164538 0.06260687 0.006816864 0.0393235 0.03042048 0.04329919 0.004166603 0.04329919 0.004166603 0.01766538 0.02656495 0.02396547 7.904e-4 0.7724261 0.03478825 0.7763124 0.01710855 0.7764086 0.03300386 0.7724261 0.03478825 0.7859166 0.04551076 0.7840683 0.0500164 0.1225941 0.009594142 0.1435544 0.03560703 0.1231943 0.03752404 0.1231943 0.03752404 0.1022543 0.00987035 0.1225941 0.009594142 0.8031725 0.04928153 0.7859166 0.04551076 0.8016909 0.0449472 0.8031725 0.04928153 0.8140893 0.03461408 0.818597 0.03659194 0.1611345 0.005604267 0.1858732 0.02822768 0.1636808 0.03177565 0.1636808 0.03177565 0.1421142 0.008395254 0.1611345 0.005604267 0.1006523 0.1021574 0.07315313 0.1772899 0.07667756 0.100391 0.07667756 0.100391 0.05099368 0.1747469 0.05471563 0.09759718 0.05471563 0.09759718 0.07950156 0.03650486 0.07667756 0.100391 0.07667756 0.100391 0.101451 0.03785413 0.1006523 0.1021574 0.9194388 0.04240638 0.9091103 0.02868193 0.9240285 0.03583163 0.9240285 0.03583163 0.9325548 0.05033141 0.9194388 0.04240638 0.9194388 0.04240638 0.9254475 0.05677098 0.9134746 0.05178922 0.9194388 0.04240638 0.9026775 0.04442703 0.905964 0.03605067 0.8471617 0.0340715 0.860123 0.02256119 0.8617976 0.03119397 0.8617976 0.03119397 0.8763443 0.02147948 0.8764688 0.03002375 0.8617976 0.03119397 0.8763977 0.03910958 0.8637849 0.04218053 0.8617976 0.03119397 0.8504341 0.04278159 0.8471617 0.0340715 0.8764688 0.03002375 0.8928025 0.02411592 0.891223 0.03264105 0.8928025 0.02411592 0.905964 0.03605067 0.891223 0.03264105 0.891223 0.03264105 0.9026775 0.04442703 0.8891393 0.04335761 0.891223 0.03264105 0.8763977 0.03910958 0.8764688 0.03002375 0.07058477 0.4320662 0.09893089 0.5474739 0.07606983 0.548893 0.07606983 0.548893 0.04610222 0.4309517 0.07058477 0.4320662 0.04610222 0.4309517 0.06802529 0.3188442 0.07058477 0.4320662 0.06802529 0.3188442 0.094576 0.4295126 0.07058477 0.4320662 0.01076024 0.222328 0.03430283 0.1689739 0.03037846 0.2318146 0.03037846 0.2318146 0.05099368 0.1747469 0.04741168 0.2402545 0.04741168 0.2402545 0.02665442 0.3078877 0.03037846 0.2318146 0.03037846 0.2318146 0.002875328 0.2867079 0.01076024 0.222328 0.1173037 0.2345989 0.09764629 0.1780438 0.1200832 0.1781094 0.1200832 0.1781094 0.1420441 0.2290439 0.1173037 0.2345989 0.1173037 0.2345989 0.1465969 0.2836314 0.1185443 0.3053958 0.1185443 0.3053958 0.09320461 0.2403807 0.1173037 0.2345989 0.6582617 0.1185312 0.6662769 0.06968539 0.676922 0.08038252 0.6662769 0.06968539 0.6919891 0.05766505 0.676922 0.08038252 0.676922 0.08038252 0.6931202 0.07119613 0.6851879 0.08597111 0.676922 0.08038252 0.6698663 0.1168375 0.6582617 0.1185312 0.1640446 0.09665584 0.1435544 0.03560703 0.1636808 0.03177565 0.1636808 0.03177565 0.1868596 0.09207272 0.1640446 0.09665584 0.1868596 0.09207272 0.161794 0.1475272 0.1640446 0.09665584 0.161794 0.1475272 0.143981 0.1018603 0.1640446 0.09665584 0.1006523 0.1021574 0.1231943 0.03752404 0.1232624 0.1029511 0.1231943 0.03752404 0.143981 0.1018603 0.1232624 0.1029511 0.143981 0.1018603 0.1200832 0.1781094 0.1232624 0.1029511 0.1200832 0.1781094 0.1006523 0.1021574 0.1232624 0.1029511 0.01421856 0.0908904 0.0393235 0.03042048 0.0360856 0.09349066 0.0360856 0.09349066 0.05890399 0.03434383 0.05471563 0.09759718 0.05471563 0.09759718 0.03430283 0.1689739 0.0360856 0.09349066 0.0360856 0.09349066 0.009128272 0.1622309 0.01421856 0.0908904 0.06921404 0.2426545 0.09180617 0.315056 0.06802529 0.3188442 0.06921404 0.2426545 0.04583537 0.3164812 0.04741168 0.2402545 0.04741168 0.2402545 0.07315313 0.1772899 0.06921404 0.2426545 0.07315313 0.1772899 0.09320461 0.2403807 0.06921404 0.2426545 0.5521315 0.08297413 0.5692469 0.1070844 0.5579065 0.111214 0.5579065 0.111214 0.5415912 0.08507752 0.5521315 0.08297413 0.5521315 0.08297413 0.5427975 0.06803321 0.5523894 0.06629818 0.5523894 0.06629818 0.5646012 0.07949537 0.5521315 0.08297413 0.6096245 0.2229937 0.6156849 0.2060906 0.6152986 0.2236942 0.6152986 0.2236942 0.6231027 0.2086684 0.6200652 0.2262731 0.6200652 0.2262731 0.6150496 0.2303996 0.6152986 0.2236942 0.6152986 0.2236942 0.6095537 0.2288002 0.6096245 0.2229937 0.5715084 0.05691689 0.594708 0.07005202 0.5786868 0.07608789 0.594708 0.07005202 0.5838972 0.108815 0.5786868 0.07608789 0.5786868 0.07608789 0.5692469 0.1070844 0.5646012 0.07949537 0.5786868 0.07608789 0.5631523 0.06699442 0.5715084 0.05691689 0.5539419 0.04852825 0.5320726 0.01321554 0.5586418 0 0.5539419 0.04852825 0.5821958 0.01711946 0.5715084 0.05691689 0.5539419 0.04852825 0.5631523 0.06699442 0.5523894 0.06629818 0.5523894 0.06629818 0.5382182 0.05534279 0.5539419 0.04852825 0.6200652 0.2262731 0.6315557 0.2114107 0.6270581 0.2312005 0.6270581 0.2312005 0.6398807 0.2131224 0.6343215 0.2352896 0.6270581 0.2312005 0.6310511 0.2385267 0.6251506 0.2363325 0.6270581 0.2312005 0.6198075 0.231142 0.6200652 0.2262731 0.5901734 0.2332341 0.5766951 0.2164395 0.5839979 0.2114233 0.5839979 0.2114233 0.5958463 0.227879 0.5901734 0.2332341 0.5901734 0.2332341 0.5971833 0.2331991 0.592577 0.2387726 0.592577 0.2387726 0.5839783 0.2380472 0.5901734 0.2332341 0.6021771 0.2247716 0.5915464 0.2064825 0.599532 0.204223 0.599532 0.204223 0.6096245 0.2229937 0.6021771 0.2247716 0.6021771 0.2247716 0.6095537 0.2288002 0.6031395 0.232084 0.6031395 0.232084 0.5958463 0.227879 0.6021771 0.2247716 0.5819632 0.1576364 0.5838972 0.108815 0.5935071 0.1585649 0.5935071 0.1585649 0.6026744 0.1201381 0.6037587 0.162427 0.6037587 0.162427 0.599532 0.204223 0.5935071 0.1585649 0.5935071 0.1585649 0.5915464 0.2064825 0.5819632 0.1576364 0.5725587 0.1621237 0.5492545 0.1185734 0.5579065 0.111214 0.5579065 0.111214 0.5819632 0.1576364 0.5725587 0.1621237 0.5725587 0.1621237 0.5915464 0.2064825 0.5839979 0.2114233 0.5839979 0.2114233 0.5646269 0.1691175 0.5725587 0.1621237 0.6390681 0.1674321 0.6397438 0.125245 0.6582617 0.1185312 0.6582617 0.1185312 0.6494852 0.1656488 0.6390681 0.1674321 0.6390681 0.1674321 0.6398807 0.2131224 0.6315557 0.2114107 0.6315557 0.2114107 0.6290544 0.1683413 0.6390681 0.1674321 0.6037587 0.162427 0.6217655 0.1488054 0.6159631 0.1664814 0.6217655 0.1488054 0.6290544 0.1683413 0.6159631 0.1664814 0.6290544 0.1683413 0.6156849 0.2060906 0.6159631 0.1664814 0.6159631 0.1664814 0.6080521 0.2041509 0.6037587 0.162427 0.3679061 0.1648613 0.3823022 0.11769 0.3841564 0.1660836 0.3841564 0.1660836 0.4044335 0.1183832 0.4007777 0.1686664 0.4007777 0.1686664 0.3878103 0.2209401 0.3841564 0.1660836 0.3841564 0.1660836 0.3742939 0.2192844 0.3679061 0.1648613 0.3371872 0.175492 0.31143 0.1284626 0.323545 0.1204496 0.323545 0.1204496 0.347594 0.1705759 0.3371872 0.175492 0.3371872 0.175492 0.3537908 0.2231448 0.3438113 0.2274402 0.3438113 0.2274402 0.3260573 0.180476 0.3371872 0.175492 0.4101825 0.1699424 0.4044335 0.1183832 0.4137867 0.1167059 0.4137867 0.1167059 0.4229277 0.1719889 0.4101825 0.1699424 0.4101825 0.1699424 0.4226974 0.2240291 0.4116419 0.2237721 0.4101825 0.1699424 0.4015479 0.222917 0.4007777 0.1686664 0.347594 0.1705759 0.3499382 0.1130911 0.358731 0.1665714 0.358731 0.1665714 0.3598408 0.1155856 0.3679061 0.1648613 0.3679061 0.1648613 0.364669 0.2200708 0.358731 0.1665714 0.364669 0.2200708 0.347594 0.1705759 0.358731 0.1665714 0.08207046 0.008604347 0.1022543 0.00987035 0.101451 0.03785413 0.07950156 0.03650486 0.05890399 0.03434383 0.06260687 0.006816864 0.7875504 0.001446962 0.8070425 7.90404e-4 0.8032495 0.005849838 0.7879145 0.006814718 0.7763124 0.01710855 0.7724261 0.01465421 0.8335431 0.04134255 0.8209326 0.0507819 0.8164604 0.04379093 0.8335431 0.04134255 0.8293339 0.03413158 0.8439185 0.02617156 0.8335431 0.04134255 0.8471617 0.0340715 0.8504341 0.04278159 0.8335431 0.04134255 0.8398036 0.05079758 0.8283452 0.05677098 0.1518984 0.416279 0.1465969 0.2836314 0.1714106 0.2998303 0.1714106 0.2998303 0.1956645 0.2823083 0.1998938 0.4161543 0.1998938 0.4161543 0.2107363 0.5588474 0.1793739 0.5419269 0.1793739 0.5419269 0.1570213 0.542324 0.1518984 0.416279 0.1240356 0.422723 0.094576 0.4295126 0.09180617 0.315056 0.1185443 0.3053958 0.1465969 0.2836314 0.1518984 0.416279 0.1240356 0.422723 0.1518984 0.416279 0.1570213 0.542324 0.1281608 0.5447656 0.09893089 0.5474739 0.094576 0.4295126 0.001750588 0.4199615 0.002875328 0.2867079 0.02665442 0.3078877 0.02487874 0.4258648 0.02665442 0.3078877 0.04583537 0.3164812 0.04610222 0.4309517 0.04621589 0.5648502 0.02343219 0.5476536 0.02343219 0.5476536 0 0.5620411 0.001750588 0.4199615 0.148007 0.9751592 0.1267149 0.9934988 0.1258195 0.970402 0.1463888 0.9511277 0.1667692 0.9312452 0.1674898 0.9555537 0.7069045 0.037476 0.7114562 0.03026396 0.7234307 0.035806 0.7311773 0.05037027 0.7234307 0.035806 0.7421593 0.03928577 0.1579825 0.6299923 0.1570213 0.542324 0.1793739 0.5419269 0.1810913 0.6299731 0.1793739 0.5419269 0.2107363 0.5588474 0.208732 0.6385057 0.2107363 0.7094483 0.182341 0.7141464 0.182341 0.7141464 0.1587191 0.7156903 0.1579825 0.6299923 0.08006346 0.6329125 0.05308949 0.6429228 0.04621589 0.5648502 0.07606983 0.548893 0.09893089 0.5474739 0.1030331 0.6316549 0.08006346 0.6329125 0.1030331 0.6316549 0.1088641 0.7221021 0.08530128 0.7240911 0.05688881 0.7178862 0.05308949 0.6429228 0.1304711 0.6307898 0.1030331 0.6316549 0.09893089 0.5474739 0.1281608 0.5447656 0.1570213 0.542324 0.1579825 0.6299923 0.1304711 0.6307898 0.1579825 0.6299923 0.1587191 0.7156903 0.1337952 0.7189471 0.1088641 0.7221021 0.1030331 0.6316549 0.08694922 0.9964835 0.08294254 0.9734367 0.1047895 0.9778228 0.1047895 0.9778228 0.1258195 0.970402 0.1267149 0.9934988 0.7579475 0.05037027 0.7421593 0.03928577 0.7458384 0.02872985 0.7458384 0.02872985 0.7482113 0.01772344 0.7675283 0.01624125 0.03988587 0.9683575 0.03500699 0.9431896 0.0593611 0.9582498 0.06258189 0.9826426 0.0593611 0.9582498 0.08294254 0.9734367 0.7446307 0.002337515 0.7675283 0.01624125 0.7482113 0.01772344 0.7303565 0.01100558 0.7172396 0.009497761 0.7171661 7.89042e-4 0.1863543 0.9492418 0.1674898 0.9555537 0.1667692 0.9312452 0.1863543 0.9492418 0.1881706 0.9245519 0.2099685 0.9315438 0.7027053 0.01654011 0.7171661 7.89042e-4 0.7172396 0.009497761 0.7027053 0.01654011 0.710479 0.01882451 0.7114562 0.03026396 0.2829108 0.07229751 0.2236543 0.006067574 0.2521726 0.001720011 0.3010582 0.06891232 0.335771 0.1154199 0.323545 0.1204496 0.323545 0.1204496 0.31143 0.1284626 0.2744593 0.08749651 0.2829108 0.07229751 0.2744593 0.08749651 0.2128291 0.03169012 0.3174504 0.04498738 0.370459 0.07206314 0.3531592 0.08767747 0.3531592 0.08767747 0.3598408 0.1155856 0.3499382 0.1130911 0.3276227 0.07513386 0.3499382 0.1130911 0.335771 0.1154199 0.3010582 0.06891232 0.2521726 0.001720011 0.3174504 0.04498738 0.4402975 0.08446419 0.4131959 0.09369248 0.403719 0.07484441 0.4537743 0.05655437 0.529886 0.02932947 0.4662172 0.08389192 0.4402975 0.08446419 0.4662172 0.08389192 0.4285327 0.1192486 0.4137867 0.1167059 0.4044335 0.1183832 0.4131959 0.09369248 0.3698813 0.2590335 0.3602157 0.2616135 0.3537908 0.2231448 0.3698813 0.2590335 0.364669 0.2200708 0.3742939 0.2192844 0.3698813 0.2590335 0.3791752 0.2580461 0.381158 0.2764918 0.3698813 0.2590335 0.3746238 0.2834832 0.3656032 0.2791385 0.3818536 0.1013182 0.3531592 0.08767747 0.370459 0.07206314 0.3818536 0.1013182 0.3882716 0.06250268 0.403719 0.07484441 0.3818536 0.1013182 0.4131959 0.09369248 0.4044335 0.1183832 0.3818536 0.1013182 0.3823022 0.11769 0.3598408 0.1155856 0.4012433 0.260282 0.4015479 0.222917 0.4116419 0.2237721 0.4116419 0.2237721 0.4226974 0.2240291 0.4211106 0.2631722 0.4107989 0.2618237 0.4211106 0.2631722 0.4149565 0.2810197 0.4107989 0.2618237 0.4054857 0.2850931 0.3987514 0.2778261 0.3509654 0.2655618 0.3416348 0.2699643 0.3336827 0.2320921 0.3438113 0.2274402 0.3537908 0.2231448 0.3602157 0.2616135 0.3509654 0.2655618 0.3602157 0.2616135 0.3656032 0.2791385 0.3509654 0.2655618 0.3607845 0.2876867 0.3511753 0.285556 0.3791752 0.2580461 0.3742939 0.2192844 0.3878103 0.2209401 0.3900956 0.2592713 0.3878103 0.2209401 0.4015479 0.222917 0.3900956 0.2592713 0.4012433 0.260282 0.3987514 0.2778261 0.3900956 0.2592713 0.3898004 0.2830908 0.381158 0.2764918 0.1869333 0.8290265 0.1636094 0.8337957 0.1587191 0.7156903 0.182341 0.7141464 0.2107363 0.7094483 0.2106676 0.8319674 0.2106676 0.8319674 0.2099685 0.9315438 0.1881706 0.9245519 0.1881706 0.9245519 0.1667692 0.9312452 0.1636094 0.8337957 0.02118682 0.8452987 0.004974365 0.7240039 0.03435665 0.743018 0.03435665 0.743018 0.05688881 0.7178862 0.07060712 0.8610908 0.07060712 0.8610908 0.08294254 0.9734367 0.0593611 0.9582498 0.04600119 0.8528748 0.0593611 0.9582498 0.03500699 0.9431896 0.07060712 0.8610908 0.05688881 0.7178862 0.08530128 0.7240911 0.08530128 0.7240911 0.1088641 0.7221021 0.1177284 0.8581229 0.09438794 0.8630346 0.1177284 0.8581229 0.1258195 0.970402 0.09438794 0.8630346 0.1047895 0.9778228 0.08294254 0.9734367 0.1406851 0.8460199 0.1177284 0.8581229 0.1088641 0.7221021 0.1337952 0.7189471 0.1587191 0.7156903 0.1636094 0.8337957 0.1406851 0.8460199 0.1636094 0.8337957 0.1667692 0.9312452 0.1463888 0.9511277 0.1258195 0.970402 0.1177284 0.8581229 0.8188205 0.0164538 0.818597 0.03659194 0.8140893 0.03461408 0.8134429 0.01822018 0.8032495 0.005849838 0.8070425 7.90404e-4 0.06260687 0.006816864 0.05890399 0.03434383 0.0393235 0.03042048 0.04329919 0.004166603 0.0393235 0.03042048 0.01766538 0.02656495 0.7724261 0.03478825 0.7724261 0.01465421 0.7763124 0.01710855 0.7724261 0.03478825 0.7764086 0.03300386 0.7859166 0.04551076 0.1225941 0.009594142 0.1421142 0.008395254 0.1435544 0.03560703 0.1231943 0.03752404 0.101451 0.03785413 0.1022543 0.00987035 0.8031725 0.04928153 0.7840683 0.0500164 0.7859166 0.04551076 0.8031725 0.04928153 0.8016909 0.0449472 0.8140893 0.03461408 0.1611345 0.005604267 0.1804057 0.002435266 0.1858732 0.02822768 0.1636808 0.03177565 0.1435544 0.03560703 0.1421142 0.008395254 0.1006523 0.1021574 0.09764629 0.1780438 0.07315313 0.1772899 0.07667756 0.100391 0.07315313 0.1772899 0.05099368 0.1747469 0.05471563 0.09759718 0.05890399 0.03434383 0.07950156 0.03650486 0.07667756 0.100391 0.07950156 0.03650486 0.101451 0.03785413 0.9194388 0.04240638 0.905964 0.03605067 0.9091103 0.02868193 0.9240285 0.03583163 0.9376248 0.04386472 0.9325548 0.05033141 0.9194388 0.04240638 0.9325548 0.05033141 0.9254475 0.05677098 0.9194388 0.04240638 0.9134746 0.05178922 0.9026775 0.04442703 0.8471617 0.0340715 0.8439185 0.02617156 0.860123 0.02256119 0.8617976 0.03119397 0.860123 0.02256119 0.8763443 0.02147948 0.8617976 0.03119397 0.8764688 0.03002375 0.8763977 0.03910958 0.8617976 0.03119397 0.8637849 0.04218053 0.8504341 0.04278159 0.8764688 0.03002375 0.8763443 0.02147948 0.8928025 0.02411592 0.8928025 0.02411592 0.9091103 0.02868193 0.905964 0.03605067 0.891223 0.03264105 0.905964 0.03605067 0.9026775 0.04442703 0.891223 0.03264105 0.8891393 0.04335761 0.8763977 0.03910958 0.07058477 0.4320662 0.094576 0.4295126 0.09893089 0.5474739 0.07606983 0.548893 0.04621589 0.5648502 0.04610222 0.4309517 0.04610222 0.4309517 0.04583537 0.3164812 0.06802529 0.3188442 0.06802529 0.3188442 0.09180617 0.315056 0.094576 0.4295126 0.01076024 0.222328 0.009128272 0.1622309 0.03430283 0.1689739 0.03037846 0.2318146 0.03430283 0.1689739 0.05099368 0.1747469 0.04741168 0.2402545 0.04583537 0.3164812 0.02665442 0.3078877 0.03037846 0.2318146 0.02665442 0.3078877 0.002875328 0.2867079 0.1173037 0.2345989 0.09320461 0.2403807 0.09764629 0.1780438 0.1200832 0.1781094 0.1461088 0.1795547 0.1420441 0.2290439 0.1173037 0.2345989 0.1420441 0.2290439 0.1465969 0.2836314 0.1185443 0.3053958 0.09180617 0.315056 0.09320461 0.2403807 0.6582617 0.1185312 0.6397438 0.125245 0.6662769 0.06968539 0.6662769 0.06968539 0.7014185 0.01585716 0.6919891 0.05766505 0.676922 0.08038252 0.6919891 0.05766505 0.6931202 0.07119613 0.676922 0.08038252 0.6851879 0.08597111 0.6698663 0.1168375 0.1640446 0.09665584 0.143981 0.1018603 0.1435544 0.03560703 0.1636808 0.03177565 0.1858732 0.02822768 0.1868596 0.09207272 0.1868596 0.09207272 0.1868984 0.1638829 0.161794 0.1475272 0.161794 0.1475272 0.1461088 0.1795547 0.143981 0.1018603 0.1006523 0.1021574 0.101451 0.03785413 0.1231943 0.03752404 0.1231943 0.03752404 0.1435544 0.03560703 0.143981 0.1018603 0.143981 0.1018603 0.1461088 0.1795547 0.1200832 0.1781094 0.1200832 0.1781094 0.09764629 0.1780438 0.1006523 0.1021574 0.01421856 0.0908904 0.01766538 0.02656495 0.0393235 0.03042048 0.0360856 0.09349066 0.0393235 0.03042048 0.05890399 0.03434383 0.05471563 0.09759718 0.05099368 0.1747469 0.03430283 0.1689739 0.0360856 0.09349066 0.03430283 0.1689739 0.009128272 0.1622309 0.06921404 0.2426545 0.09320461 0.2403807 0.09180617 0.315056 0.06921404 0.2426545 0.06802529 0.3188442 0.04583537 0.3164812 0.04741168 0.2402545 0.05099368 0.1747469 0.07315313 0.1772899 0.07315313 0.1772899 0.09764629 0.1780438 0.09320461 0.2403807 0.5521315 0.08297413 0.5646012 0.07949537 0.5692469 0.1070844 0.5579065 0.111214 0.5492545 0.1185734 0.5415912 0.08507752 0.5521315 0.08297413 0.5415912 0.08507752 0.5427975 0.06803321 0.5523894 0.06629818 0.5631523 0.06699442 0.5646012 0.07949537 0.6096245 0.2229937 0.6080521 0.2041509 0.6156849 0.2060906 0.6152986 0.2236942 0.6156849 0.2060906 0.6231027 0.2086684 0.6200652 0.2262731 0.6198075 0.231142 0.6150496 0.2303996 0.6152986 0.2236942 0.6150496 0.2303996 0.6095537 0.2288002 0.5715084 0.05691689 0.5821958 0.01711946 0.594708 0.07005202 0.594708 0.07005202 0.6026744 0.1201381 0.5838972 0.108815 0.5786868 0.07608789 0.5838972 0.108815 0.5692469 0.1070844 0.5786868 0.07608789 0.5646012 0.07949537 0.5631523 0.06699442 0.5539419 0.04852825 0.5382182 0.05534279 0.5320726 0.01321554 0.5539419 0.04852825 0.5586418 0 0.5821958 0.01711946 0.5539419 0.04852825 0.5715084 0.05691689 0.5631523 0.06699442 0.5523894 0.06629818 0.5427975 0.06803321 0.5382182 0.05534279 0.6200652 0.2262731 0.6231027 0.2086684 0.6315557 0.2114107 0.6270581 0.2312005 0.6315557 0.2114107 0.6398807 0.2131224 0.6270581 0.2312005 0.6343215 0.2352896 0.6310511 0.2385267 0.6270581 0.2312005 0.6251506 0.2363325 0.6198075 0.231142 0.5901734 0.2332341 0.5839783 0.2380472 0.5766951 0.2164395 0.5839979 0.2114233 0.5915464 0.2064825 0.5958463 0.227879 0.5901734 0.2332341 0.5958463 0.227879 0.5971833 0.2331991 0.592577 0.2387726 0.5873827 0.2411428 0.5839783 0.2380472 0.6021771 0.2247716 0.5958463 0.227879 0.5915464 0.2064825 0.599532 0.204223 0.6080521 0.2041509 0.6096245 0.2229937 0.6021771 0.2247716 0.6096245 0.2229937 0.6095537 0.2288002 0.6031395 0.232084 0.5971833 0.2331991 0.5958463 0.227879 0.5819632 0.1576364 0.5692469 0.1070844 0.5838972 0.108815 0.5935071 0.1585649 0.5838972 0.108815 0.6026744 0.1201381 0.6037587 0.162427 0.6080521 0.2041509 0.599532 0.204223 0.5935071 0.1585649 0.599532 0.204223 0.5915464 0.2064825 0.5725587 0.1621237 0.5646269 0.1691175 0.5492545 0.1185734 0.5579065 0.111214 0.5692469 0.1070844 0.5819632 0.1576364 0.5725587 0.1621237 0.5819632 0.1576364 0.5915464 0.2064825 0.5839979 0.2114233 0.5766951 0.2164395 0.5646269 0.1691175 0.6390681 0.1674321 0.6290544 0.1683413 0.6397438 0.125245 0.6582617 0.1185312 0.6698663 0.1168375 0.6494852 0.1656488 0.6390681 0.1674321 0.6494852 0.1656488 0.6398807 0.2131224 0.6315557 0.2114107 0.6231027 0.2086684 0.6290544 0.1683413 0.6037587 0.162427 0.6026744 0.1201381 0.6217655 0.1488054 0.6217655 0.1488054 0.6397438 0.125245 0.6290544 0.1683413 0.6290544 0.1683413 0.6231027 0.2086684 0.6156849 0.2060906 0.6159631 0.1664814 0.6156849 0.2060906 0.6080521 0.2041509 0.3679061 0.1648613 0.3598408 0.1155856 0.3823022 0.11769 0.3841564 0.1660836 0.3823022 0.11769 0.4044335 0.1183832 0.4007777 0.1686664 0.4015479 0.222917 0.3878103 0.2209401 0.3841564 0.1660836 0.3878103 0.2209401 0.3742939 0.2192844 0.3371872 0.175492 0.3260573 0.180476 0.31143 0.1284626 0.323545 0.1204496 0.335771 0.1154199 0.347594 0.1705759 0.3371872 0.175492 0.347594 0.1705759 0.3537908 0.2231448 0.3438113 0.2274402 0.3336827 0.2320921 0.3260573 0.180476 0.4101825 0.1699424 0.4007777 0.1686664 0.4044335 0.1183832 0.4137867 0.1167059 0.4285327 0.1192486 0.4229277 0.1719889 0.4101825 0.1699424 0.4229277 0.1719889 0.4226974 0.2240291 0.4101825 0.1699424 0.4116419 0.2237721 0.4015479 0.222917 0.347594 0.1705759 0.335771 0.1154199 0.3499382 0.1130911 0.358731 0.1665714 0.3499382 0.1130911 0.3598408 0.1155856 0.3679061 0.1648613 0.3742939 0.2192844 0.364669 0.2200708 0.364669 0.2200708 0.3537908 0.2231448 0.347594 0.1705759 0.7239326 0.02264171 0.7114562 0.03026396 0.710479 0.01882451 0.7239326 0.02264171 0.7172396 0.009497761 0.7303565 0.01100558 0.7303565 0.01100558 0.7458384 0.02872985 0.7239326 0.02264171 0.7458384 0.02872985 0.7234307 0.035806 0.7239326 0.02264171 0.5224174 0.04918605 0.5337771 0.05975979 0.5228371 0.06018114 0.5337771 0.05975979 0.5232641 0.07117581 0.5228371 0.06018114 0.5232641 0.07117581 0.5118902 0.06060242 0.5228371 0.06018114 0.5118902 0.06060242 0.5224174 0.04918605 0.5228371 0.06018114 0.8721644 0.06111782 0.886892 0.0694034 0.8766667 0.07681828 0.8721644 0.06111782 0.8639174 0.07665717 0.8568251 0.06598383 0.8721644 0.06111782 0.8568251 0.05301702 0.8673058 0.04551196 0.8721644 0.06111782 0.8797848 0.04572266 0.8871532 0.05634456 0.7041923 0.05236655 0.6988185 0.0450375 0.7039215 0.04363471 0.7041923 0.05236655 0.7080139 0.0449801 0.7100082 0.05194067 0.7041923 0.05236655 0.7085409 0.05801683 0.7032877 0.05987399 0.7041923 0.05236655 0.697201 0.05712312 0.697201 0.0515564 0.7239326 0.02264171 0.7234307 0.035806 0.7114562 0.03026396 0.7239326 0.02264171 0.710479 0.01882451 0.7172396 0.009497761 0.7303565 0.01100558 0.7482113 0.01772344 0.7458384 0.02872985 0.7458384 0.02872985 0.7421593 0.03928577 0.7234307 0.035806 0.5224174 0.04918605 0.5327438 0.04876786 0.5337771 0.05975979 0.5337771 0.05975979 0.5335919 0.07079857 0.5232641 0.07117581 0.5232641 0.07117581 0.512696 0.07105153 0.5118902 0.06060242 0.5118902 0.06060242 0.5118902 0.05012232 0.5224174 0.04918605 0.8721644 0.06111782 0.8871532 0.05634456 0.886892 0.0694034 0.8721644 0.06111782 0.8766667 0.07681828 0.8639174 0.07665717 0.8721644 0.06111782 0.8568251 0.06598383 0.8568251 0.05301702 0.8721644 0.06111782 0.8673058 0.04551196 0.8797848 0.04572266 0.7041923 0.05236655 0.697201 0.0515564 0.6988185 0.0450375 0.7041923 0.05236655 0.7039215 0.04363471 0.7080139 0.0449801 0.7041923 0.05236655 0.7100082 0.05194067 0.7085409 0.05801683 0.7041923 0.05236655 0.7032877 0.05987399 0.697201 0.05712312</float_array>
          <technique_common>
            <accessor source="#Mesh_011-mesh-map-array" count="1392" stride="2">
              <param name="S" type="float"/>
              <param name="T" type="float"/>
            </accessor>
          </technique_common>
        </source>
        <vertices id="Mesh_011-mesh-vertices">
          <input semantic="POSITION" source="#Mesh_011-mesh-positions"/>
        </vertices>
        <triangles material="Bark7_002-material" count="432">
          <input semantic="VERTEX" source="#Mesh_011-mesh-vertices" offset="0"/>
          <input semantic="NORMAL" source="#Mesh_011-mesh-normals" offset="1"/>
          <input semantic="TEXCOORD" source="#Mesh_011-mesh-map" offset="2" set="0"/>
          <p>0 0 0 202 1 1 117 2 2 117 3 3 60 4 4 0 4 5 0 5 6 177 6 7 61 7 8 61 8 9 110 9 10 0 10 11 1 11 12 177 12 13 63 13 14 1 14 15 181 15 16 122 16 17 1 17 18 209 18 19 120 19 20 1 20 21 206 21 22 123 22 23 129 23 24 133 24 25 2 25 26 133 26 27 66 27 28 2 28 29 66 29 30 67 30 31 2 31 32 67 32 33 129 33 34 2 34 35 3 35 36 210 36 37 132 37 38 132 38 39 129 39 40 3 40 41 3 41 42 178 42 43 68 43 44 68 44 45 58 45 46 3 46 47 66 47 48 131 48 49 4 49 50 4 50 51 212 51 52 128 52 53 128 53 54 69 54 55 4 55 56 69 56 57 66 57 58 4 58 59 5 59 60 199 60 61 109 61 62 109 62 63 82 63 64 5 64 65 82 65 66 80 66 67 5 67 68 5 68 69 186 69 70 103 70 71 76 71 72 67 72 73 6 73 74 6 74 75 179 75 76 75 76 77 75 77 78 71 78 79 6 79 80 71 80 81 76 81 82 6 82 83 7 83 84 175 84 85 59 85 86 59 86 87 77 87 88 7 88 89 7 89 90 182 90 91 70 91 92 70 92 93 74 93 94 7 94 95 8 95 96 174 96 97 68 97 98 68 98 99 76 99 100 8 100 101 8 101 102 185 102 103 72 103 104 72 104 105 77 105 106 8 106 107 104 107 108 108 108 109 10 109 110 108 110 111 103 111 112 10 112 113 103 113 114 78 114 115 10 115 116 78 116 117 104 117 118 10 118 119 105 119 120 107 120 121 11 121 122 11 122 123 200 123 124 104 124 125 11 125 126 187 126 127 81 127 128 81 128 129 105 129 130 11 130 131 12 131 132 198 132 133 106 133 134 12 134 135 201 135 136 105 136 137 12 137 138 188 138 139 79 139 140 12 140 141 189 141 142 82 142 143 13 143 144 175 144 145 87 145 146 87 146 147 86 147 148 13 148 149 86 149 150 88 150 151 13 151 152 13 152 153 179 153 154 69 154 155 74 155 156 91 156 157 14 157 158 91 158 159 89 159 160 14 160 161 14 161 162 191 162 163 87 163 164 87 164 165 74 165 166 14 166 167 15 167 168 184 168 169 75 169 170 75 170 171 88 171 172 15 172 173 15 173 174 190 174 175 92 175 176 92 176 177 90 177 178 15 178 179 16 179 180 231 180 181 173 181 182 16 182 183 230 183 184 98 184 185 16 185 186 196 186 187 95 187 188 16 188 189 195 189 190 167 190 191 17 191 192 183 192 193 73 193 194 17 194 195 184 195 196 90 196 197 17 197 198 193 198 199 93 199 200 17 200 201 192 201 202 91 202 203 169 203 204 172 204 205 19 205 206 172 206 207 100 207 208 19 208 209 19 209 210 194 210 211 96 211 212 19 212 213 197 213 214 169 214 215 20 215 216 232 216 217 171 217 218 171 218 219 167 219 220 20 220 221 20 221 222 195 222 223 94 223 224 20 224 225 194 225 226 100 226 227 98 227 228 170 228 229 21 229 230 21 230 231 233 231 232 169 232 233 21 233 234 197 234 235 97 235 236 21 236 237 196 237 238 98 238 239 22 239 240 185 240 241 71 241 242 71 242 243 85 243 244 22 244 245 85 245 246 106 246 247 22 247 248 106 248 249 102 249 250 22 239 251 85 250 252 73 251 253 23 252 254 73 253 255 84 254 256 23 255 257 84 254 258 107 256 259 23 255 260 23 252 261 201 257 262 85 250 263 84 258 264 70 259 265 24 260 266 70 261 267 83 262 268 24 263 269 24 264 270 199 265 271 108 265 272 24 266 273 200 267 274 84 266 275 25 268 276 182 269 277 72 104 278 72 270 279 102 271 280 25 272 281 25 272 282 198 273 283 109 274 284 109 275 285 83 276 286 25 277 287 26 278 288 181 279 289 63 280 290 63 281 291 60 282 292 26 283 293 60 284 294 114 285 295 26 286 296 26 287 297 205 288 298 113 289 299 27 290 300 176 291 301 62 292 302 27 293 303 180 294 304 65 295 305 27 296 306 204 297 307 115 298 308 115 299 309 110 300 310 27 301 311 28 302 312 180 303 313 64 304 314 28 305 315 181 306 316 113 307 317 28 308 318 205 309 319 116 310 320 116 311 321 65 312 322 28 313 323 136 314 324 141 315 325 29 316 326 29 317 327 214 318 328 111 319 329 111 320 330 117 321 331 29 320 332 29 316 333 202 322 334 136 314 335 31 323 336 176 324 337 61 325 338 61 326 339 123 327 340 31 326 341 31 328 342 206 329 343 118 330 344 31 331 345 207 332 346 124 333 347 122 334 348 64 335 349 32 336 350 32 337 351 180 338 352 125 339 353 32 340 354 208 341 355 121 342 356 32 343 357 209 344 358 122 345 359 125 346 360 62 347 361 33 348 362 62 349 363 124 350 364 33 351 365 33 352 366 207 353 367 119 354 368 33 355 369 208 356 370 125 357 371 34 358 372 174 359 373 59 360 374 59 361 375 128 362 376 34 363 377 128 364 378 130 365 379 34 366 380 130 367 381 58 368 382 34 369 383 127 370 384 140 371 385 35 372 386 35 373 387 214 374 388 134 375 389 134 376 390 131 377 391 35 378 392 35 379 393 211 380 394 127 381 395 36 382 396 216 383 397 139 384 398 139 385 399 135 386 400 36 387 401 36 388 402 213 389 403 132 390 404 132 391 405 126 392 406 36 393 407 147 394 408 127 395 409 37 396 410 127 397 411 146 398 412 37 399 413 37 400 414 219 401 415 142 402 416 37 403 417 218 404 418 147 405 419 38 406 420 204 407 421 116 408 422 116 409 423 137 410 424 38 411 425 137 412 426 138 413 427 38 414 428 138 415 429 112 416 430 38 417 431 136 418 432 115 419 433 39 420 434 115 421 435 112 422 436 39 423 437 112 424 438 139 425 439 39 426 440 139 384 441 136 427 442 39 428 443 137 429 444 114 430 445 40 431 446 40 432 447 203 433 448 111 434 449 111 435 450 140 436 451 40 437 452 40 438 453 217 439 454 137 440 455 41 441 456 210 442 457 130 443 458 41 444 459 212 445 460 134 446 461 134 447 462 141 448 463 41 449 464 141 450 465 126 451 466 41 452 467 42 453 468 221 454 469 145 455 470 145 456 471 142 457 472 42 458 473 42 459 474 219 460 475 143 461 476 143 462 477 144 463 478 42 464 479 159 465 480 165 466 481 43 467 482 43 468 483 226 469 484 154 470 485 154 471 486 150 472 487 43 473 488 43 474 489 223 475 490 159 476 491 149 477 492 135 478 493 44 479 494 135 480 495 148 481 496 44 482 497 44 483 498 221 484 499 144 485 500 44 486 501 220 487 502 149 488 503 45 489 504 211 490 505 133 491 506 45 492 507 213 493 508 149 494 509 45 495 510 220 496 511 143 497 512 143 498 513 146 499 514 45 500 515 154 501 516 164 502 517 47 503 518 47 504 519 228 505 520 156 506 521 47 507 522 224 508 523 152 509 524 47 510 525 222 511 526 154 512 527 48 513 528 228 514 529 163 515 530 163 516 531 157 517 532 48 518 533 48 519 534 225 520 535 151 521 536 151 522 537 156 523 538 48 524 539 49 525 540 229 526 541 162 527 542 162 528 543 159 529 544 49 530 545 49 531 546 223 532 547 153 533 548 153 534 549 157 535 550 49 536 551 161 537 552 148 538 553 50 539 554 50 540 555 215 541 556 155 542 557 155 543 558 162 544 559 50 545 560 50 546 561 229 547 562 161 548 563 51 549 564 218 550 565 145 551 566 145 552 567 161 553 568 51 554 569 51 555 570 229 556 571 163 516 572 163 557 573 160 558 574 51 559 575 52 560 576 217 561 577 147 562 578 147 563 579 160 564 580 52 565 581 52 566 582 228 567 583 164 568 584 164 569 585 158 570 586 52 571 587 155 572 588 138 573 589 53 574 590 138 575 591 158 576 592 53 577 593 158 578 594 165 579 595 53 580 596 53 581 597 227 582 598 155 583 599 166 584 600 93 585 601 54 586 602 54 587 603 193 588 604 101 589 605 101 590 606 170 591 607 54 592 608 54 593 609 230 594 610 166 595 611 55 596 612 190 597 613 86 598 614 86 599 615 99 600 616 55 601 617 55 602 618 231 603 619 171 604 620 171 605 621 168 606 622 55 607 623 56 608 624 193 609 625 92 610 626 92 611 627 168 612 628 56 613 629 56 614 630 232 615 631 172 616 632 56 617 633 233 618 634 101 619 635 99 620 636 89 621 637 57 622 638 57 623 639 192 624 640 166 625 641 166 626 642 173 627 643 57 628 644 173 629 645 99 630 646 57 631 647 0 632 648 110 633 649 202 634 650 117 635 651 203 636 652 60 637 653 0 5 654 60 638 655 177 6 656 61 8 657 176 639 658 110 9 659 1 640 660 123 641 661 177 642 662 1 14 663 63 643 664 181 15 665 1 17 666 122 644 667 209 18 668 1 20 669 120 645 670 206 21 671 129 23 672 213 646 673 133 24 674 133 26 675 211 647 676 66 27 677 66 29 678 179 648 679 67 30 680 67 32 681 178 649 682 129 33 683 3 35 684 58 650 685 210 36 686 132 38 687 213 651 688 129 39 689 3 41 690 129 652 691 178 42 692 68 44 693 174 653 694 58 45 695 66 47 696 211 654 697 131 48 698 4 50 699 131 655 700 212 51 701 128 53 702 175 656 703 69 54 704 69 56 705 179 657 706 66 57 707 5 59 708 103 658 709 199 60 710 109 62 711 198 659 712 82 63 713 82 65 714 189 660 715 80 66 716 5 68 717 80 661 718 186 69 719 76 71 720 178 662 721 67 72 722 6 74 723 67 663 724 179 75 725 75 77 726 184 664 727 71 78 728 71 80 729 185 665 730 76 81 731 7 83 732 74 666 733 175 84 734 59 86 735 174 667 736 77 87 737 7 89 738 77 668 739 182 90 740 70 92 741 183 669 742 74 93 743 8 95 744 77 670 745 174 96 746 68 98 747 178 671 748 76 99 749 8 101 750 76 672 751 185 102 752 72 104 753 182 269 754 77 105 755 104 673 756 200 674 757 108 675 758 108 110 759 199 676 760 103 111 761 103 113 762 186 677 763 78 114 764 78 116 765 187 678 766 104 117 767 105 119 768 201 679 769 107 120 770 11 122 771 107 680 772 200 123 773 11 125 774 104 681 775 187 126 776 81 128 777 188 682 778 105 129 779 12 131 780 82 683 781 198 132 782 12 134 783 106 684 784 201 135 785 12 137 786 105 685 787 188 138 788 12 140 789 79 686 790 189 141 791 13 143 792 69 687 793 175 144 794 87 146 795 191 688 796 86 147 797 86 149 798 190 689 799 88 150 800 13 152 801 88 690 802 179 153 803 74 155 804 183 691 805 91 156 806 91 158 807 192 692 808 89 159 809 14 161 810 89 693 811 191 162 812 87 164 813 175 694 814 74 165 815 15 167 816 90 695 817 184 168 818 75 170 819 179 696 820 88 171 821 15 173 822 88 697 823 190 174 824 92 176 825 193 698 826 90 177 827 16 179 828 167 699 829 231 180 830 16 182 831 173 700 832 230 183 833 16 185 834 98 701 835 196 186 836 16 188 837 95 702 838 195 189 839 17 191 840 91 703 841 183 192 842 17 194 843 73 704 844 184 195 845 17 197 846 90 705 847 193 198 848 17 200 849 93 706 850 192 201 851 169 203 852 233 707 853 172 204 854 172 206 855 232 708 856 100 207 857 19 209 858 100 709 859 194 210 860 19 212 861 96 710 862 197 213 863 20 215 864 100 711 865 232 216 866 171 218 867 231 712 868 167 219 869 20 221 870 167 713 871 195 222 872 20 224 873 94 714 874 194 225 875 98 227 876 230 715 877 170 228 878 21 230 879 170 716 880 233 231 881 21 233 882 169 717 883 197 234 884 21 236 885 97 718 886 196 237 887 22 239 888 102 249 889 185 240 890 71 242 891 184 719 892 85 243 893 85 245 894 201 720 895 106 246 896 106 248 897 198 721 898 102 249 899 85 250 900 184 722 901 73 251 902 73 253 903 183 723 904 84 254 905 84 254 906 200 724 907 107 256 908 23 252 909 107 725 910 201 257 911 84 726 912 183 727 913 70 728 914 70 261 915 182 729 916 83 262 917 24 730 918 83 731 919 199 732 920 24 733 921 108 734 922 200 734 923 25 268 924 83 735 925 182 269 926 72 270 927 185 736 928 102 271 929 25 272 930 102 271 931 198 273 932 109 737 933 199 738 934 83 739 935 26 278 936 113 740 937 181 279 938 63 281 939 177 741 940 60 282 941 60 284 942 203 742 943 114 285 944 26 287 945 114 743 946 205 288 947 27 290 948 110 744 949 176 291 950 27 293 951 62 745 952 180 294 953 27 746 954 65 747 955 204 748 956 115 299 957 202 749 958 110 300 959 28 302 960 65 750 961 180 303 962 28 751 963 64 752 964 181 753 965 28 754 966 113 755 967 205 756 968 116 757 969 204 758 970 65 759 971 136 314 972 216 760 973 141 315 974 29 761 975 141 762 976 214 763 977 111 764 978 203 765 979 117 765 980 29 316 981 117 766 982 202 322 983 31 767 984 124 768 985 176 769 986 61 770 987 177 770 988 123 770 989 31 328 990 123 771 991 206 329 992 31 331 993 118 772 994 207 332 995 122 773 996 181 774 997 64 775 998 32 776 999 64 777 1000 180 778 1001 32 340 1002 125 779 1003 208 341 1004 32 343 1005 121 780 1006 209 344 1007 125 346 1008 180 781 1009 62 347 1010 62 349 1011 176 782 1012 124 350 1013 33 352 1014 124 783 1015 207 353 1016 33 355 1017 119 784 1018 208 356 1019 34 358 1020 58 785 1021 174 359 1022 59 361 1023 175 786 1024 128 362 1025 128 364 1026 212 787 1027 130 365 1028 130 367 1029 210 788 1030 58 368 1031 127 370 1032 217 789 1033 140 371 1034 35 790 1035 140 791 1036 214 792 1037 134 793 1038 212 794 1039 131 795 1040 35 379 1041 131 796 1042 211 380 1043 36 382 1044 126 797 1045 216 383 1046 139 385 1047 215 798 1048 135 386 1049 36 388 1050 135 799 1051 213 389 1052 132 391 1053 210 800 1054 126 392 1055 147 801 1056 217 802 1057 127 803 1058 127 397 1059 211 804 1060 146 398 1061 37 400 1062 146 805 1063 219 401 1064 37 403 1065 142 806 1066 218 404 1067 38 406 1068 112 807 1069 204 407 1070 116 808 1071 205 809 1072 137 810 1073 137 412 1074 217 811 1075 138 413 1076 138 415 1077 215 812 1078 112 416 1079 136 418 1080 202 813 1081 115 419 1082 115 421 1083 204 814 1084 112 422 1085 112 424 1086 215 815 1087 139 425 1088 139 384 1089 216 383 1090 136 427 1091 137 429 1092 205 816 1093 114 430 1094 40 432 1095 114 817 1096 203 433 1097 111 818 1098 214 819 1099 140 820 1100 40 438 1101 140 821 1102 217 439 1103 41 441 1104 126 822 1105 210 442 1106 41 444 1107 130 823 1108 212 445 1109 134 447 1110 214 824 1111 141 448 1112 141 450 1113 216 825 1114 126 451 1115 42 453 1116 144 826 1117 221 454 1118 145 456 1119 218 827 1120 142 457 1121 42 459 1122 142 828 1123 219 460 1124 143 462 1125 220 829 1126 144 463 1127 159 465 1128 227 830 1129 165 466 1130 43 468 1131 165 579 1132 226 469 1133 154 471 1134 222 831 1135 150 472 1136 43 474 1137 150 832 1138 223 475 1139 149 477 1140 213 833 1141 135 478 1142 135 834 1143 215 835 1144 148 836 1145 44 483 1146 148 837 1147 221 484 1148 44 486 1149 144 838 1150 220 487 1151 45 489 1152 146 839 1153 211 490 1154 45 492 1155 133 840 1156 213 493 1157 45 495 1158 149 841 1159 220 496 1160 143 498 1161 219 842 1162 146 499 1163 154 501 1164 226 843 1165 164 502 1166 47 504 1167 164 844 1168 228 505 1169 47 507 1170 156 845 1171 224 508 1172 47 510 1173 152 846 1174 222 511 1175 48 513 1176 156 847 1177 228 514 1178 163 516 1179 229 556 1180 157 517 1181 48 519 1182 157 848 1183 225 520 1184 151 522 1185 224 849 1186 156 523 1187 49 525 1188 157 850 1189 229 526 1190 162 528 1191 227 851 1192 159 529 1193 49 531 1194 159 852 1195 223 532 1196 153 534 1197 225 853 1198 157 535 1199 161 537 1200 221 854 1201 148 538 1202 50 540 1203 148 855 1204 215 541 1205 155 543 1206 227 856 1207 162 544 1208 50 546 1209 162 857 1210 229 547 1211 51 549 1212 160 858 1213 218 550 1214 145 552 1215 221 859 1216 161 553 1217 51 555 1218 161 860 1219 229 556 1220 163 557 1221 228 861 1222 160 558 1223 52 560 1224 158 862 1225 217 561 1226 147 563 1227 218 863 1228 160 564 1229 52 566 1230 160 864 1231 228 567 1232 164 569 1233 226 865 1234 158 570 1235 155 572 1236 215 866 1237 138 573 1238 138 575 1239 217 867 1240 158 576 1241 158 578 1242 226 469 1243 165 579 1244 53 581 1245 165 868 1246 227 582 1247 166 584 1248 192 869 1249 93 585 1250 54 587 1251 93 870 1252 193 588 1253 101 590 1254 233 871 1255 170 591 1256 54 593 1257 170 872 1258 230 594 1259 55 596 1260 168 873 1261 190 597 1262 86 599 1263 191 874 1264 99 600 1265 55 602 1266 99 875 1267 231 603 1268 171 605 1269 232 876 1270 168 606 1271 56 608 1272 101 877 1273 193 609 1274 92 611 1275 190 878 1276 168 612 1277 56 614 1278 168 879 1279 232 615 1280 56 617 1281 172 880 1282 233 618 1283 99 620 1284 191 881 1285 89 621 1286 57 623 1287 89 882 1288 192 624 1289 166 626 1290 230 883 1291 173 627 1292 173 629 1293 231 884 1294 99 630 1295</p>
        </triangles>
        <triangles material="Bark_End_002-material" count="32">
          <input semantic="VERTEX" source="#Mesh_011-mesh-vertices" offset="0"/>
          <input semantic="NORMAL" source="#Mesh_011-mesh-normals" offset="1"/>
          <input semantic="TEXCOORD" source="#Mesh_011-mesh-map" offset="2" set="0"/>
          <p>9 885 1296 189 886 1297 79 887 1298 9 888 1299 188 889 1300 81 890 1301 81 891 1302 78 892 1303 9 893 1304 78 894 1305 80 895 1306 9 896 1307 95 897 1308 97 898 1309 18 899 1310 97 900 1311 96 901 1312 18 902 1313 96 903 1314 94 904 1315 18 905 1316 94 906 1317 95 907 1318 18 908 1319 30 909 1320 207 910 1321 118 911 1322 30 912 1323 206 913 1324 120 914 1325 30 915 1326 209 916 1327 121 917 1328 30 918 1329 208 919 1330 119 920 1331 46 921 1332 223 922 1333 150 923 1334 46 924 1335 222 925 1336 152 926 1337 46 927 1338 224 928 1339 151 929 1340 46 930 1341 225 931 1342 153 932 1343 9 885 1344 80 933 1345 189 886 1346 9 888 1347 79 934 1348 188 889 1349 81 891 1350 187 935 1351 78 892 1352 78 894 1353 186 936 1354 80 895 1355 95 897 1356 196 937 1357 97 898 1358 97 900 1359 197 938 1360 96 901 1361 96 903 1362 194 939 1363 94 904 1364 94 906 1365 195 940 1366 95 907 1367 30 909 1368 119 941 1369 207 910 1370 30 912 1371 118 942 1372 206 913 1373 30 915 1374 120 943 1375 209 916 1376 30 918 1377 121 944 1378 208 919 1379 46 921 1380 153 945 1381 223 922 1382 46 924 1383 150 946 1384 222 925 1385 46 927 1386 152 947 1387 224 928 1388 46 930 1389 151 948 1390 225 931 1391</p>
        </triangles>
      </mesh>
    </geometry>
    <geometry id="Mesh_012-mesh" name="Mesh.012">
      <mesh>
        <source id="Mesh_012-mesh-positions">
          <float_array id="Mesh_012-mesh-positions-array" count="177">17.50525 30.24217 354.4144 17.50525 30.24185 -299.1051 -3.677856 14.85148 354.4144 -3.677856 14.85115 -299.1051 4.413452 -10.05118 354.4144 4.413452 -10.0515 -299.1051 30.59705 -10.05118 354.4144 30.59705 -10.0515 -299.1051 38.68884 14.85148 354.4144 38.68884 14.85116 -299.1051 17.50525 36.19786 245.4943 17.50525 48.70021 136.5745 17.50525 55.58415 27.65466 17.50525 58.0565 -81.26538 17.50525 55.44822 -190.1853 -3.677856 40.0576 -158.6421 -3.677856 42.66578 -130.1229 -3.677856 40.19346 27.65466 -3.677856 33.30952 136.5745 -3.677856 20.80717 245.4945 4.413452 15.15495 -158.6421 4.413452 17.76313 -130.1229 4.413452 15.29081 27.65466 4.413452 8.406888 136.5745 4.413452 -4.095478 245.4945 30.59705 15.15493 -190.1853 30.59705 17.7632 -29.26465 30.59705 15.29083 27.65466 30.59705 8.406888 136.5745 30.59705 -4.095478 245.4945 38.68884 40.05757 -190.1853 38.68884 42.66584 -29.26465 38.68884 40.19346 27.65466 38.68884 33.30952 136.5745 38.68884 20.80719 245.4945 -145.8844 -2.825077 -215.6284 -145.8844 -4.007999 -234.3439 -149.5548 8.469311 -215.6284 -149.5548 7.286388 -234.344 -111.5626 18.35544 -195.9453 -111.5626 19.31668 -180.7373 -108.5807 9.177717 -195.9453 -108.5807 10.13896 -180.7373 -28.67004 7.013683 -146.2483 -28.67004 4.405468 -165.1548 -36.76086 31.91633 -146.2483 -36.76086 29.30813 -165.1548 149.3666 7.171627 -185.6769 126.059 8.749937 -197.1958 147.0785 -8.725439 -181.0461 123.7704 -7.147129 -192.5652 95.6742 12.45176 -132.7736 118.9823 10.87345 -121.2546 97.96277 28.34881 -137.404 121.2709 26.7705 -125.8851 96.31922 36.13768 -72.78589 73.01111 37.71595 -84.30481 94.03015 20.24061 -68.15503 70.72303 21.81891 -79.67407</float_array>
          <technique_common>
            <accessor source="#Mesh_012-mesh-positions-array" count="59" stride="3">
              <param name="X" type="float"/>
              <param name="Y" type="float"/>
              <param name="Z" type="float"/>
            </accessor>
          </technique_common>
        </source>
        <source id="Mesh_012-mesh-normals">
          <float_array id="Mesh_012-mesh-normals-array" count="381">-0.5777536 0.7951953 -0.1840252 -0.9495982 -0.3085411 0.05536848 0 -0.9742518 0.2254632 0.5777446 0.7952014 -0.1840268 0.9486289 -0.3082444 0.07133448 0.9509161 -0.3089877 -0.01689535 0.9504539 -0.308838 -0.0354498 0.9508703 -0.3089731 -0.01952767 -0.8493818 -0.03121769 -0.5268549 0.9510398 -0.309028 0.005008816 0.5872081 0.8082288 0.0441935 0.585265 0.8055528 0.09246528 0.5870163 0.8079632 0.05106472 0.5569851 0.8303088 0.01884698 0.5876718 0.8088676 -0.01936978 0 -0.9985085 -0.05459809 0 -0.9934767 -0.114036 7.68919e-7 -0.9980088 -0.06307601 0.0602445 -0.9980612 -0.01563924 0.1090604 -0.9899041 0.09053021 -0.9509213 -0.3089712 -0.0168944 -0.9504594 -0.3088212 -0.03544789 -0.9508759 -0.3089563 -0.0195266 -0.951046 -0.3090115 -0.004842102 0.175019 0.05686318 -0.9829217 -0.5872175 0.808222 0.04419308 -0.5852738 0.8055465 0.0924645 -0.5870251 0.8079567 0.05106431 -0.6063948 0.7950661 0.01245838 -0.6516676 0.7553526 -0.06907963 -0.6297541 -0.2046546 0.7493505 0.6624737 0.215242 -0.7174953 -0.2213832 0.9732448 -0.06151407 0.3631611 0.1179903 -0.9242253 -0.398483 -0.1294679 0.907992 -0.3971987 -0.1290525 0.9086136 -0.09726065 -0.9859216 0.1360111 0.2766033 -0.9590703 0.06061929 -0.2829216 0.9501447 -0.1310749 0.2688955 -0.9591667 0.08771914 -0.3999896 -0.1299636 0.9072583 -0.3985845 -0.1295012 0.9079427 -0.1193074 0.9908801 -0.06262987 -0.9044967 0.005999445 -0.4264387 -0.9043027 0.005852222 -0.4268516 -0.1783571 -0.956755 0.2298012 0.1783556 0.9567551 -0.2298026 -0.9046249 0.006100118 -0.4261651 -0.9044316 0.005949616 -0.4265772 -0.9044899 0.005992472 -0.4264528 0.9046217 -0.006113708 0.4261717 0.904431 -0.005946815 0.4265787 0.1238847 0.9855351 -0.1156428 0.9043021 -0.005853652 0.426853 -0.01996511 -0.995185 -0.09596025 0.1444113 0.9885856 0.04294079 0.8105795 -0.2633876 0.5230563 -0.1238865 -0.9855349 0.1156421 -0.6992517 0.7036357 -0.1262692 -0.9495983 -0.3085412 0.05536848 0.208126 -0.9627234 0.1727632 0.5777435 0.7952024 -0.1840268 0.9486289 -0.3082447 0.07133448 0.9509161 -0.3089874 -0.01689529 0.9504541 -0.3088372 -0.0354498 0.9508703 -0.3089731 -0.01952767 -0.7673563 0.2493421 -0.590756 0.9510398 -0.3090282 0.005008816 0.5872086 0.8082283 0.04419368 0.5852639 0.8055536 0.09246504 0.5870161 0.8079633 0.05106472 0.5874205 0.8085195 0.03511929 0.6082103 0.7936717 -0.01286411 0 -0.9985085 -0.05459809 0 -0.9980088 -0.06307584 0.01018482 -0.9990062 -0.04339301 7.64118e-7 -0.999058 -0.04339545 0.002877652 -0.9990538 -0.04339569 -0.06230211 -0.9979263 0.01617479 -0.9509215 -0.3089708 -0.0168944 -0.9504594 -0.3088209 -0.03544795 -0.9508758 -0.3089563 -0.01952654 -0.951046 -0.3090115 -0.004842102 0.1750205 0.05686712 -0.9829212 -0.5872175 0.8082219 0.0441932 -0.5852732 0.8055468 0.0924645 -0.5870249 0.8079568 0.05106431 -0.5876928 0.8088759 0.01836049 -0.5572646 0.8300971 -0.01987808 -0.6297708 -0.2046176 0.7493466 0.6624574 0.2152755 -0.7175003 -0.2213828 0.9732449 -0.06151503 0.36316 0.1179934 -0.9242253 -0.3971998 -0.1290494 0.9086136 -0.3985245 -0.1294814 0.9079718 -0.08361268 -0.9945138 0.06285971 0.2766038 -0.9590703 0.06061846 -0.2688995 0.9591656 -0.0877192 0.2829182 -0.9501456 0.1310757 -0.3973191 -0.1291559 0.9085463 -0.3999876 -0.1299552 0.9072606 -0.3985388 -0.129486 0.907965 -0.1032955 0.9853192 -0.1359272 -0.9044968 0.005996406 -0.4264383 -0.9044383 0.005955278 -0.426563 -0.9043023 0.005853652 -0.4268525 -0.1783561 -0.9567551 0.229802 0.1783577 0.9567553 -0.2297996 -0.9046313 0.006068468 -0.4261516 0.9043933 -0.005916655 0.4266589 0.9046249 -0.00609982 0.4261652 0.9043926 -0.005921959 0.4266605 0.1238858 0.985535 -0.1156418 0.9043101 -0.005821406 0.4268363 0.01241225 -0.9989811 -0.04339212 0.08536636 0.9956878 -0.03631138 0.8675396 0.01984953 0.496972 -0.1238895 -0.985535 0.1156383 0 0 -1 -2.99538e-6 0 1 -0.9508596 -0.3090061 0.01953083 0.404483 -0.308964 -0.8607757 -1.49764e-6 0 -1 1.85122e-6 0 1 0 0 1 -0.9508603 -0.3090038 0.01953071 0.4044831 -0.3089618 -0.8607765</float_array>
          <technique_common>
            <accessor source="#Mesh_012-mesh-normals-array" count="127" stride="3">
              <param name="X" type="float"/>
              <param name="Y" type="float"/>
              <param name="Z" type="float"/>
            </accessor>
          </technique_common>
        </source>
        <source id="Mesh_012-mesh-map">
          <float_array id="Mesh_012-mesh-map-array" count="684">0.6875616 0.7220772 0.7763009 0.7256068 0.7779471 0.7465953 0.7779471 0.7465953 0.7812302 0.7668871 0.6653284 0.7661029 0.7812302 0.7668871 0.781499 0.7874547 0.6909986 0.7877443 0.6885123 0.8086526 0.7774063 0.8075841 0.7752709 0.8283985 0.6909986 0.7877443 0.781499 0.7874547 0.7774063 0.8075841 0.3371178 0.7856684 0.3387186 0.8065114 0.250861 0.8065361 0.4252669 0.7861298 0.4268109 0.807114 0.3387186 0.8065114 0.513558 0.7863737 0.5143234 0.8072782 0.4268109 0.807114 0.6604549 0.8617409 0.7119662 0.8715105 0.7075794 0.8847363 0.5596877 0.7866527 0.6909986 0.7877443 0.6885123 0.8086526 0.3387186 0.8065114 0.3396099 0.8274687 0.2515779 0.8275873 0.4268109 0.807114 0.4276396 0.8281739 0.3396099 0.8274687 0.5143234 0.8072782 0.5145974 0.828307 0.4276396 0.8281739 0.5597768 0.807882 0.600935 0.8294645 0.5145974 0.828307 0.6885123 0.8086526 0.6872628 0.829979 0.600935 0.8294645 0.2498375 0.7642699 0.3372613 0.764752 0.3371178 0.7856684 0.3372613 0.764752 0.4253215 0.7650244 0.4252669 0.7861298 0.5137631 0.7655462 0.513558 0.7863737 0.4252669 0.7861298 0.5137631 0.7655462 0.6418128 0.7658814 0.5596877 0.7866527 0.6418128 0.7658814 0.6653284 0.7661029 0.6909986 0.7877443 0.2511135 0.7431589 0.339005 0.7439232 0.3372613 0.764752 0.339005 0.7439232 0.4270612 0.7440598 0.4253215 0.7650244 0.4270612 0.7440598 0.5146253 0.7447241 0.5137631 0.7655462 0.5146253 0.7447241 0.6408856 0.7444534 0.6418128 0.7658814 0.02079856 0.9195479 0.04706728 0.9270654 0.04337012 0.9480237 0.2520108 0.7221159 0.3400698 0.7229745 0.339005 0.7439232 0.3400698 0.7229745 0.4280667 0.7229986 0.4270612 0.7440598 0.4280667 0.7229986 0.5149872 0.7235048 0.5146253 0.7447241 0.6013733 0.7234333 0.6408856 0.7444534 0.5146253 0.7447241 0.6875616 0.7220772 0.6633563 0.7450474 0.6408856 0.7444534 0.1001118 0.9726645 0.141091 0.9776073 0.1395868 0.9873306 0.1083213 0.9639186 0.1088549 0.9562351 0.1531213 0.9583061 0.1083213 0.9639186 0.1525424 0.967851 0.141091 0.9776073 0.04337012 0.9480237 0.04706728 0.9270654 0.1088549 0.9562351 0.03455996 0.9611888 0.1001118 0.9726645 0.09833317 0.9800018 0.03578186 0.9960966 0.02993547 0.981943 0.09833317 0.9800018 0.1042098 0.9906401 0.09833317 0.9800018 0.1395868 0.9873306 0.01548993 0.9390701 0.04337012 0.9480237 0.03455996 0.9611888 0.007377386 1 0 0.978085 0.02993547 0.981943 0 0.978085 0.003170013 0.95769 0.03455996 0.9611888 0.04337012 0.9480237 0.1083213 0.9639186 0.1001118 0.9726645 0.7596973 0.8747422 0.8147771 0.8783027 0.8133897 0.8915709 0.7574836 0.8878714 0.8133897 0.8915709 0.8119894 0.912112 0.7596973 0.8747422 0.7613487 0.8540892 0.8163003 0.8574829 0.7119662 0.8715105 0.7596973 0.8747422 0.7574836 0.8878714 0.7117058 0.9193252 0.7085649 0.9063272 0.7563587 0.9086079 0.7119662 0.8715105 0.7159081 0.8506167 0.7613487 0.8540892 0.7569769 0.9220868 0.7563587 0.9086079 0.8119894 0.912112 0.6544419 0.8807563 0.7075794 0.8847363 0.7085649 0.9063272 0.6604549 0.8617409 0.62722 0.8308284 0.7159081 0.8506167 0.6199194 0.9255295 0.6161154 0.9050855 0.7085649 0.9063272 0.7075794 0.8847363 0.7574836 0.8878714 0.7563587 0.9086079 0.6633563 0.7450474 0.6875616 0.7220772 0.7779471 0.7465953 0.6633563 0.7450474 0.7779471 0.7465953 0.6653284 0.7661029 0.6653284 0.7661029 0.7812302 0.7668871 0.6909986 0.7877443 0.6872628 0.829979 0.6885123 0.8086526 0.7752709 0.8283985 0.6885123 0.8086526 0.6909986 0.7877443 0.7774063 0.8075841 0.2497765 0.7854126 0.3371178 0.7856684 0.250861 0.8065361 0.3371178 0.7856684 0.4252669 0.7861298 0.3387186 0.8065114 0.4252669 0.7861298 0.513558 0.7863737 0.4268109 0.807114 0.6544419 0.8807563 0.6604549 0.8617409 0.7075794 0.8847363 0.5597768 0.807882 0.5596877 0.7866527 0.6885123 0.8086526 0.250861 0.8065361 0.3387186 0.8065114 0.2515779 0.8275873 0.3387186 0.8065114 0.4268109 0.807114 0.3396099 0.8274687 0.4268109 0.807114 0.5143234 0.8072782 0.4276396 0.8281739 0.5143234 0.8072782 0.5597768 0.807882 0.5145974 0.828307 0.5597768 0.807882 0.6885123 0.8086526 0.600935 0.8294645 0.2497765 0.7854126 0.2498375 0.7642699 0.3371178 0.7856684 0.3371178 0.7856684 0.3372613 0.764752 0.4252669 0.7861298 0.4253215 0.7650244 0.5137631 0.7655462 0.4252669 0.7861298 0.513558 0.7863737 0.5137631 0.7655462 0.5596877 0.7866527 0.5596877 0.7866527 0.6418128 0.7658814 0.6909986 0.7877443 0.2498375 0.7642699 0.2511135 0.7431589 0.3372613 0.764752 0.3372613 0.764752 0.339005 0.7439232 0.4253215 0.7650244 0.4253215 0.7650244 0.4270612 0.7440598 0.5137631 0.7655462 0.5137631 0.7655462 0.5146253 0.7447241 0.6418128 0.7658814 0.01548993 0.9390701 0.02079856 0.9195479 0.04337012 0.9480237 0.2511135 0.7431589 0.2520108 0.7221159 0.339005 0.7439232 0.339005 0.7439232 0.3400698 0.7229745 0.4270612 0.7440598 0.4270612 0.7440598 0.4280667 0.7229986 0.5146253 0.7447241 0.5149872 0.7235048 0.6013733 0.7234333 0.5146253 0.7447241 0.6013733 0.7234333 0.6875616 0.7220772 0.6408856 0.7444534 0.09833317 0.9800018 0.1001118 0.9726645 0.1395868 0.9873306 0.1525424 0.967851 0.1083213 0.9639186 0.1531213 0.9583061 0.1001118 0.9726645 0.1083213 0.9639186 0.141091 0.9776073 0.1083213 0.9639186 0.04337012 0.9480237 0.1088549 0.9562351 0.02993547 0.981943 0.03455996 0.9611888 0.09833317 0.9800018 0.1042098 0.9906401 0.03578186 0.9960966 0.09833317 0.9800018 0.14768 1 0.1042098 0.9906401 0.1395868 0.9873306 0.003170013 0.95769 0.01548993 0.9390701 0.03455996 0.9611888 0.03578186 0.9960966 0.007377386 1 0.02993547 0.981943 0.02993547 0.981943 0 0.978085 0.03455996 0.9611888 0.03455996 0.9611888 0.04337012 0.9480237 0.1001118 0.9726645 0.7574836 0.8878714 0.7596973 0.8747422 0.8133897 0.8915709 0.7563587 0.9086079 0.7574836 0.8878714 0.8119894 0.912112 0.8147771 0.8783027 0.7596973 0.8747422 0.8163003 0.8574829 0.7075794 0.8847363 0.7119662 0.8715105 0.7574836 0.8878714 0.7569769 0.9220868 0.7117058 0.9193252 0.7563587 0.9086079 0.7596973 0.8747422 0.7119662 0.8715105 0.7613487 0.8540892 0.8117088 0.9255295 0.7569769 0.9220868 0.8119894 0.912112 0.6161154 0.9050855 0.6544419 0.8807563 0.7085649 0.9063272 0.7119662 0.8715105 0.6604549 0.8617409 0.7159081 0.8506167 0.7117058 0.9193252 0.6199194 0.9255295 0.7085649 0.9063272 0.7085649 0.9063272 0.7075794 0.8847363 0.7563587 0.9086079 0.5911646 0.973181 0.584662 0.9531694 0.6187084 0.9531693 0.575202 0.9419583 0.5817041 0.96197 0.5646811 0.9743383 0.1723366 0.9445168 0.1729091 0.954043 0.1578392 0.954043 0.7739633 0.9272736 0.7747374 0.9406838 0.7538064 0.9406838 0.6187084 0.9531693 0.6122064 0.973181 0.5911646 0.973181 0.584662 0.9531694 0.6016852 0.9408011 0.6187084 0.9531693 0.5646811 0.9743383 0.5541601 0.9419583 0.575202 0.9419583 0.5541601 0.9419583 0.5646811 0.9743383 0.5476582 0.9619705 0.1572667 0.9445168 0.1723366 0.9445168 0.1578392 0.954043 0.7530319 0.9272738 0.7739633 0.9272736 0.7538064 0.9406838</float_array>
          <technique_common>
            <accessor source="#Mesh_012-mesh-map-array" count="342" stride="2">
              <param name="S" type="float"/>
              <param name="T" type="float"/>
            </accessor>
          </technique_common>
        </source>
        <vertices id="Mesh_012-mesh-vertices">
          <input semantic="POSITION" source="#Mesh_012-mesh-positions"/>
        </vertices>
        <triangles material="Bark7_002-material" count="104">
          <input semantic="VERTEX" source="#Mesh_012-mesh-vertices" offset="0"/>
          <input semantic="NORMAL" source="#Mesh_012-mesh-normals" offset="1"/>
          <input semantic="TEXCOORD" source="#Mesh_012-mesh-map" offset="2" set="0"/>
          <p>14 0 0 1 0 1 3 0 2 3 1 3 5 1 4 20 1 5 5 2 6 7 2 7 25 2 8 30 3 9 9 3 10 1 3 11 25 4 12 7 4 13 9 4 14 29 5 15 34 5 16 8 5 17 28 6 18 33 6 19 34 6 20 27 7 21 32 7 22 33 7 23 31 8 24 56 8 25 58 8 26 26 9 27 25 9 28 30 9 29 34 10 30 10 10 31 0 10 32 33 11 33 11 11 34 10 11 35 32 12 36 12 12 37 11 12 38 31 13 39 13 13 40 12 13 41 30 14 42 14 14 43 13 14 44 4 15 45 24 15 46 29 15 47 24 16 48 23 16 49 28 16 50 22 17 51 27 17 52 28 17 53 22 18 54 21 18 55 26 18 56 21 19 57 20 19 58 25 19 59 2 20 60 19 20 61 24 20 62 19 21 63 18 21 64 23 21 65 18 22 66 17 22 67 22 22 68 17 23 69 16 23 70 21 23 71 20 24 72 44 24 73 46 24 74 0 25 75 10 25 76 19 25 77 10 26 78 11 26 79 18 26 80 11 27 81 12 27 82 17 27 83 13 28 84 16 28 85 17 28 86 14 29 87 15 29 88 16 29 89 40 30 90 37 30 91 35 30 92 39 31 93 41 31 94 36 31 95 39 32 96 38 32 97 37 32 98 46 33 99 44 33 100 41 33 101 45 34 102 40 35 103 42 35 104 44 36 105 43 36 106 42 36 107 41 37 108 42 37 109 35 37 110 15 38 111 46 38 112 45 38 113 20 39 114 21 39 115 43 39 116 21 40 117 16 40 118 45 41 119 46 42 120 39 42 121 40 42 122 53 43 123 48 44 124 50 44 125 51 45 126 50 45 127 49 45 128 53 46 129 54 46 130 47 46 131 56 47 132 53 48 133 51 49 134 55 50 135 57 50 136 52 51 137 56 52 138 55 52 139 54 52 140 54 53 141 52 53 142 49 53 143 26 54 144 58 54 145 57 54 146 31 55 147 32 55 148 55 55 149 32 56 150 27 56 151 57 56 152 58 57 153 51 57 154 52 57 155 15 58 156 14 58 157 3 58 158 15 59 159 3 59 160 20 59 161 20 60 162 5 60 163 25 60 164 14 61 165 30 61 166 1 61 167 30 62 168 25 62 169 9 62 170 6 63 171 29 63 172 8 63 173 29 64 174 28 64 175 34 64 176 28 65 177 27 65 178 33 65 179 26 66 180 31 66 181 58 66 182 31 67 183 26 67 184 30 67 185 8 68 186 34 68 187 0 68 188 34 69 189 33 69 190 10 69 191 33 70 192 32 70 193 11 70 194 32 71 195 31 71 196 12 71 197 31 72 198 30 72 199 13 72 200 6 73 201 4 73 202 29 73 203 29 16 204 24 16 205 28 16 206 23 74 207 22 74 208 28 74 209 27 75 210 22 76 211 26 77 212 26 78 213 21 78 214 25 78 215 4 79 216 2 79 217 24 79 218 24 80 219 19 80 220 23 80 221 23 81 222 18 81 223 22 81 224 22 82 225 17 82 226 21 82 227 15 83 228 20 83 229 46 83 230 2 84 231 0 84 232 19 84 233 19 85 234 10 85 235 18 85 236 18 86 237 11 86 238 17 86 239 12 87 240 13 87 241 17 87 242 13 88 243 14 88 244 16 88 245 42 89 246 40 89 247 35 89 248 38 90 249 39 90 250 36 90 251 40 91 252 39 91 253 37 91 254 39 92 255 46 92 256 41 92 257 43 93 258 45 94 259 42 93 260 41 95 261 44 95 262 42 95 263 36 96 264 41 96 265 35 96 266 16 97 267 15 97 268 45 97 269 44 98 270 20 98 271 43 98 272 43 99 273 21 100 274 45 101 275 45 102 276 46 102 277 40 102 278 51 103 279 53 104 280 50 105 281 52 106 282 51 106 283 49 106 284 48 107 285 53 107 286 47 107 287 58 108 288 56 108 289 51 108 290 54 109 291 55 110 292 52 111 293 53 112 294 56 112 295 54 112 296 47 113 297 54 113 298 49 113 299 27 75 300 26 77 301 57 114 302 56 115 303 31 115 304 55 115 305 55 116 306 32 116 307 57 116 308 57 117 309 58 117 310 52 117 311</p>
        </triangles>
        <triangles material="Bark_End_002-material" count="10">
          <input semantic="VERTEX" source="#Mesh_012-mesh-vertices" offset="0"/>
          <input semantic="NORMAL" source="#Mesh_012-mesh-normals" offset="1"/>
          <input semantic="TEXCOORD" source="#Mesh_012-mesh-map" offset="2" set="0"/>
          <p>3 118 312 1 118 313 7 118 314 0 119 315 2 119 316 4 119 317 38 120 318 36 120 319 35 120 320 50 121 321 48 121 322 47 121 323 7 118 324 5 118 325 3 118 326 1 122 327 9 122 328 7 122 329 4 123 330 8 123 331 0 123 332 8 124 333 4 124 334 6 124 335 37 125 336 38 125 337 35 125 338 49 126 339 50 126 340 47 126 341</p>
        </triangles>
      </mesh>
    </geometry>
    <geometry id="Mesh_013-mesh" name="Mesh.013">
      <mesh>
        <source id="Mesh_013-mesh-positions">
          <float_array id="Mesh_013-mesh-positions-array" count="126">-7.030762 100.387 184.2784 -7.031006 100.3868 -190.3217 -50.68921 75.18077 184.2784 -50.68945 75.18058 -190.3217 -50.68921 24.76835 184.2784 -50.68945 24.76817 -190.3217 -7.030762 -0.437851 184.2784 -7.031006 -0.4380417 -190.3217 36.62744 24.76836 184.2784 36.62744 24.76818 -190.3217 36.62744 75.18077 184.2784 36.62744 75.18058 -190.3217 7.031006 91.82347 -3.021667 -36.62768 66.61724 -3.021606 -36.62768 16.20483 -3.021606 7.031006 -9.001366 -3.021606 50.68945 16.20484 -3.021606 50.68945 66.61724 -3.021667 -7.030762 100.387 284.7142 -50.68921 75.18081 284.7142 -50.68921 24.76841 284.7142 -7.030762 -0.4378052 284.7142 36.62744 24.76841 284.7142 36.62744 75.18081 284.7142 -1.132568 100.3871 317.1929 -44.79101 75.18083 317.1929 -44.79101 24.76842 317.1929 -1.132568 -0.4377823 317.1929 42.52588 24.76842 317.1929 42.52588 75.18083 317.1929 26.11426 35.92498 -190.3218 21.20776 63.06408 -190.3217 29.521 30.9871 317.1929 -3.575195 16.03792 317.1929 -29.76587 30.6527 317.1929 -32.07056 59.69623 317.1929 -2.191162 83.25656 317.1929 26.10303 66.68139 317.1929 -6.876465 82.38595 -190.3217 -32.91064 69.32873 -190.3217 -34.35376 34.66949 -190.3217 -6.628174 19.68448 -190.3217</float_array>
          <technique_common>
            <accessor source="#Mesh_013-mesh-positions-array" count="42" stride="3">
              <param name="X" type="float"/>
              <param name="Y" type="float"/>
              <param name="Z" type="float"/>
            </accessor>
          </technique_common>
        </source>
        <source id="Mesh_013-mesh-normals">
          <float_array id="Mesh_013-mesh-normals-array" count="249">-0.4985193 0.8634608 0.07690423 -0.9971936 0 0.07486546 -0.499998 -0.8660265 -4.30973e-5 -0.4999989 -0.8660237 -0.002056479 0.4985194 -0.8634606 -0.07690477 0.499999 0.8660236 0.002055764 0.5000001 0.8660253 4.23858e-5 0.9971936 0 -0.07486677 0.500002 -0.8660244 4.09859e-7 0.9971936 0 0.07486677 0.4999992 0.8660236 -0.002056717 0.5000001 0.8660253 4.59678e-6 0.5000004 0.8660253 4.5968e-6 0.4985191 -0.8634606 0.07690572 -0.499998 -0.8660266 -3.78792e-6 -0.4999976 -0.8660268 -3.78784e-6 -0.4999995 -0.8660252 0.001002907 -0.9971938 0 -0.0748642 -0.4985175 0.8634617 -0.07690507 0.497953 0.8624762 -0.09043163 -0.5000001 0.8660253 -2.89311e-7 -1 0 0 1 0 0 -0.4999998 -0.8660251 9.59177e-4 -0.5 -0.8660254 4.09857e-7 0.5000022 0.8660241 -3.35568e-4 0.5000019 0.8660244 0 -0.4979511 0.8624776 0.09042829 0.9839061 0 -0.1786866 0.4979508 -0.8624774 -0.0904324 -0.497951 -0.8624775 0.09042948 -0.9839074 0 0.1786795 -0.4985173 0.8634617 0.07690477 -0.9971936 0 0.07486546 -0.4999976 -0.8660268 5.32228e-6 -0.499998 -0.8660266 -9.05545e-5 -0.4999966 -0.8660249 -0.002056002 0.4985192 -0.8634608 -0.07690483 0.5000001 0.8660254 4.25147e-5 0.4999992 0.8660235 0.002055883 0.5000003 0.8660253 4.25146e-5 0.9971936 0 -0.07486671 0.5000023 -0.8660242 4.09859e-7 0.9971936 0 0.07486671 0.500002 0.8660243 -1.39693e-4 0.5000013 0.8660222 -0.002057194 0.5000002 0.8660254 4.12117e-6 0.4985213 -0.8634595 0.07690513 -0.4999995 -0.8660252 0.001003324 -0.4999978 -0.8660267 -3.3436e-6 -0.4999994 -0.8660252 0.001099228 -0.9971938 0 -0.0748642 -0.4985195 0.8634605 -0.07690453 0.4979521 0.8624764 -0.09043371 -0.4999997 0.8660256 0 -0.4999995 -0.8660252 9.11335e-4 -0.4999995 -0.8660253 9.59274e-4 -0.4999998 -0.8660255 5.06294e-7 0.4999957 0.8660257 -0.002013683 0.5000023 0.8660242 -2.89312e-7 -0.4979525 0.8624769 0.09042668 0.9839061 0 -0.1786866 0.4979536 -0.8624761 -0.0904287 -0.4979514 -0.8624773 0.09042924 -0.9839074 0 0.1786796 0 0 -1 5.34848e-7 0 1 0 0 1 1.94441e-6 0 1 -8.65831e-7 0 -1 5.61416e-7 0 -1 -9.93883e-7 0 -1 -4.53847e-6 2.63193e-6 -1 -2.6866e-6 0 1 8.40505e-7 0 1 -2.97911e-6 0 1 -1.24398e-6 0 1 -1.04093e-6 0 -1 -2.04334e-6 2.95384e-6 -1 1.10555e-5 0 -1 6.24406e-7 0 -1 1.17254e-6 0 -1 1.82181e-6 -7.38783e-6 -1</float_array>
          <technique_common>
            <accessor source="#Mesh_013-mesh-normals-array" count="83" stride="3">
              <param name="X" type="float"/>
              <param name="Y" type="float"/>
              <param name="Z" type="float"/>
            </accessor>
          </technique_common>
        </source>
        <source id="Mesh_013-mesh-map">
          <float_array id="Mesh_013-mesh-map-array" count="480">0.9394145 0.2795349 0.9427039 0.3703705 0.5931621 0.3712689 0.5931621 0.3712689 0.9427039 0.3703705 0.9388119 0.4612337 0.5928007 0.4650499 0.9388119 0.4612337 0.9325619 0.5525996 0.5922928 0 0.9361467 0.003518879 0.9314317 0.09576267 0.9334608 0.1883662 0.9394145 0.2795349 0.5926598 0.2776167 0.9314317 0.09576267 0.9334608 0.1883662 0.5921738 0.1846964 0.2499503 0.09502619 0.06238257 0.09281581 0.06703358 4.09848e-4 0.2499503 0.09502619 0.5921188 0.09230148 0.5921738 0.1846964 0.248986 0.187105 0.5921738 0.1846964 0.5926598 0.2776167 0.5922928 0 0.5921188 0.09230148 0.2499503 0.09502619 0.5928007 0.4650499 0.5922057 0.5585215 0.2509216 0.5529068 0.5931621 0.3712689 0.5928007 0.4650499 0.2488932 0.4608831 0.2472398 0.2779374 0.5926598 0.2776167 0.5931621 0.3712689 0.06142944 0.1862158 0.06386917 0.2797111 0.00441128 0.2750502 0.2472398 0.2779374 0.2467545 0.3696531 0.06697571 0.3705912 0.2467545 0.3696531 0.2488932 0.4608831 0.06750524 0.4618931 0.248986 0.187105 0.06142944 0.1862158 0.06238257 0.09281581 0.2509216 0.5529068 0.06309425 0.5523365 0.06750524 0.4618931 0.2472398 0.2779374 0.06386917 0.2797111 0.06142944 0.1862158 0.06386917 0.2797111 0.06697571 0.3705912 0.007803142 0.3685097 0.06142944 0.1862158 0 0.1843039 0.001687884 0.09445255 0.06238257 0.09281581 0.001687884 0.09445255 0.008123934 0.004722893 0.06309425 0.5523365 0.002511382 0.5571518 0.007111549 0.4640052 0.06697571 0.3705912 0.06750524 0.4618931 0.007111549 0.4640052 0.5926598 0.2776167 0.9394145 0.2795349 0.5931621 0.3712689 0.5928007 0.4650499 0.5931621 0.3712689 0.9388119 0.4612337 0.5922057 0.5585215 0.5928007 0.4650499 0.9325619 0.5525996 0.5921188 0.09230148 0.5922928 0 0.9314317 0.09576267 0.5921738 0.1846964 0.9334608 0.1883662 0.5926598 0.2776167 0.5921188 0.09230148 0.9314317 0.09576267 0.5921738 0.1846964 0.2489129 0.002050042 0.2499503 0.09502619 0.06703358 4.09848e-4 0.248986 0.187105 0.2499503 0.09502619 0.5921738 0.1846964 0.2472398 0.2779374 0.248986 0.187105 0.5926598 0.2776167 0.2489129 0.002050042 0.5922928 0 0.2499503 0.09502619 0.2488932 0.4608831 0.5928007 0.4650499 0.2509216 0.5529068 0.2467545 0.3696531 0.5931621 0.3712689 0.2488932 0.4608831 0.2467545 0.3696531 0.2472398 0.2779374 0.5931621 0.3712689 0 0.1843039 0.06142944 0.1862158 0.00441128 0.2750502 0.06386917 0.2797111 0.2472398 0.2779374 0.06697571 0.3705912 0.06697571 0.3705912 0.2467545 0.3696531 0.06750524 0.4618931 0.2499503 0.09502619 0.248986 0.187105 0.06238257 0.09281581 0.2488932 0.4608831 0.2509216 0.5529068 0.06750524 0.4618931 0.248986 0.187105 0.2472398 0.2779374 0.06142944 0.1862158 0.00441128 0.2750502 0.06386917 0.2797111 0.007803142 0.3685097 0.06238257 0.09281581 0.06142944 0.1862158 0.001687884 0.09445255 0.06703358 4.09848e-4 0.06238257 0.09281581 0.008123934 0.004722893 0.06750524 0.4618931 0.06309425 0.5523365 0.007111549 0.4640052 0.007803142 0.3685097 0.06697571 0.3705912 0.007111549 0.4640052 0.1428608 0.6310688 0.2267284 0.5877586 0.2229545 0.6905582 0.3593018 0.693696 0.358605 0.5862022 0.4444702 0.6505475 0.4142214 0.6944991 0.3403418 0.7175892 0.3593018 0.693696 0.4326626 0.5576848 0.4186556 0.5858222 0.358605 0.5862022 0.1697092 0.6874282 0.1073113 0.6361662 0.1428608 0.6310688 0.2457927 0.5562139 0.2569792 0.6369114 0.2267284 0.5877586 0.2229545 0.6905582 0.1697092 0.6874282 0.1428608 0.6310688 0.2267284 0.5877586 0.2569792 0.6369114 0.2229545 0.6905582 0.1428608 0.6310688 0.1599296 0.5835347 0.2267284 0.5877586 0.4444702 0.6505475 0.4142214 0.6944991 0.3593018 0.693696 0.358605 0.5862022 0.4186556 0.5858222 0.4444702 0.6505475 0.3593018 0.693696 0.3205006 0.6396824 0.358605 0.5862022 0.4326627 0.7175892 0.4444702 0.6505475 0.4788232 0.637637 0.3403418 0.7175892 0.3205006 0.6396824 0.3593018 0.693696 0.4142214 0.6944991 0.4444702 0.6505475 0.4326627 0.7175892 0.3403418 0.7175892 0.2941812 0.637637 0.3205006 0.6396824 0.3403418 0.7175892 0.4142214 0.6944991 0.4326627 0.7175892 0.3205006 0.6396824 0.2941812 0.637637 0.3403416 0.5576848 0.4186556 0.5858222 0.4788232 0.637637 0.4444702 0.6505475 0.358605 0.5862022 0.3205006 0.6396824 0.3403416 0.5576848 0.4326626 0.5576848 0.4788232 0.637637 0.4186556 0.5858222 0.358605 0.5862022 0.3403416 0.5576848 0.4326626 0.5576848 0.1534719 0.7161183 0.2229545 0.6905582 0.2457929 0.7161183 0.1073113 0.6361662 0.1599296 0.5835347 0.1428608 0.6310688 0.1697092 0.6874282 0.2229545 0.6905582 0.1534719 0.7161183 0.1073113 0.6361662 0.1534717 0.5562139 0.1599296 0.5835347 0.1073113 0.6361662 0.1697092 0.6874282 0.1534719 0.7161183 0.2267284 0.5877586 0.1534717 0.5562139 0.2457927 0.5562139 0.2569792 0.6369114 0.2457929 0.7161183 0.2229545 0.6905582 0.2267284 0.5877586 0.1599296 0.5835347 0.1534717 0.5562139 0.2919533 0.6361661 0.2457929 0.7161183 0.2569792 0.6369114 0.2569792 0.6369114 0.2457927 0.5562139 0.2919533 0.6361661</float_array>
          <technique_common>
            <accessor source="#Mesh_013-mesh-map-array" count="240" stride="2">
              <param name="S" type="float"/>
              <param name="T" type="float"/>
            </accessor>
          </technique_common>
        </source>
        <vertices id="Mesh_013-mesh-vertices">
          <input semantic="POSITION" source="#Mesh_013-mesh-positions"/>
        </vertices>
        <triangles material="Bark7_002-material" count="48">
          <input semantic="VERTEX" source="#Mesh_013-mesh-vertices" offset="0"/>
          <input semantic="NORMAL" source="#Mesh_013-mesh-normals" offset="1"/>
          <input semantic="TEXCOORD" source="#Mesh_013-mesh-map" offset="2" set="0"/>
          <p>1 0 0 3 0 1 13 0 2 13 1 3 3 1 4 5 1 5 14 2 6 5 3 7 7 3 8 15 4 9 7 4 10 9 4 11 11 5 12 1 5 13 12 6 14 9 7 15 11 7 16 17 7 17 8 8 18 22 8 19 21 8 20 8 9 21 16 9 22 17 9 23 10 10 24 17 11 25 12 12 26 15 13 27 16 13 28 8 13 29 14 14 30 15 15 31 6 16 32 13 17 33 14 17 34 4 17 35 0 18 36 12 18 37 13 18 38 23 19 39 18 19 40 24 19 41 0 20 42 2 20 43 19 20 44 2 21 45 4 21 46 20 21 47 10 22 48 23 22 49 22 22 50 6 23 51 21 24 52 20 24 53 0 25 54 18 26 55 23 26 56 18 27 57 19 27 58 25 27 59 23 28 60 29 28 61 28 28 62 22 29 63 28 29 64 27 29 65 21 30 66 27 30 67 26 30 68 19 31 69 20 31 70 26 31 71 12 32 72 1 32 73 13 32 74 14 33 75 13 33 76 5 33 77 15 34 78 14 35 79 7 36 80 16 37 81 15 37 82 9 37 83 17 38 84 11 39 85 12 40 86 16 41 87 9 41 88 17 41 89 6 42 90 8 42 91 21 42 92 10 43 93 8 43 94 17 43 95 0 44 96 10 45 97 12 46 98 6 47 99 15 47 100 8 47 101 4 48 102 14 49 103 6 50 104 2 51 105 13 51 106 4 51 107 2 52 108 0 52 109 13 52 110 29 53 111 23 53 112 24 53 113 18 54 114 0 54 115 19 54 116 19 21 117 2 21 118 20 21 119 8 22 120 10 22 121 22 22 122 4 55 123 6 56 124 20 57 125 10 58 126 0 59 127 23 59 128 24 60 129 18 60 130 25 60 131 22 61 132 23 61 133 28 61 134 21 62 135 22 62 136 27 62 137 20 63 138 21 63 139 26 63 140 25 64 141 19 64 142 26 64 143</p>
        </triangles>
        <triangles material="Bark_End_002-material" count="32">
          <input semantic="VERTEX" source="#Mesh_013-mesh-vertices" offset="0"/>
          <input semantic="NORMAL" source="#Mesh_013-mesh-normals" offset="1"/>
          <input semantic="TEXCOORD" source="#Mesh_013-mesh-map" offset="2" set="0"/>
          <p>31 65 144 41 65 145 39 65 146 33 66 147 37 66 148 35 66 149 34 67 150 27 67 151 33 67 152 24 68 153 36 68 154 37 68 155 38 65 156 11 65 157 31 65 158 7 69 159 40 69 160 41 69 161 39 70 162 38 70 163 31 70 164 41 71 165 40 71 166 39 71 167 31 72 168 30 72 169 41 72 170 35 73 171 34 73 172 33 73 173 37 74 174 36 74 175 35 74 176 33 67 177 32 67 178 37 67 179 26 67 180 35 67 181 25 67 182 27 67 183 32 67 184 33 67 185 34 67 186 35 67 187 26 67 188 27 67 189 28 67 190 32 67 191 27 67 192 34 67 193 26 67 194 32 75 195 28 75 196 29 75 197 36 67 198 25 67 199 35 67 200 37 67 201 32 67 202 29 67 203 24 67 204 25 67 205 36 67 206 37 76 207 29 76 208 24 76 209 1 77 210 39 77 211 3 77 212 11 78 213 30 78 214 31 78 215 38 65 216 39 65 217 1 65 218 11 79 219 9 79 220 30 79 221 11 80 222 38 80 223 1 80 224 41 65 225 9 65 226 7 65 227 40 81 228 3 81 229 39 81 230 41 82 231 30 82 232 9 82 233 5 65 234 3 65 235 40 65 236 40 65 237 7 65 238 5 65 239</p>
        </triangles>
      </mesh>
    </geometry>
    <geometry id="Mesh_014-mesh" name="Mesh.014">
      <mesh>
        <source id="Mesh_014-mesh-positions">
          <float_array id="Mesh_014-mesh-positions-array" count="273">54.58913 47.25333 422.5171 -7.892288 47.25293 -345.6211 29.69081 29.16333 422.5171 -32.79124 29.16291 -345.6211 39.20164 -0.1069297 422.5171 -23.28038 -0.1073112 -345.6211 69.97722 -0.1069297 422.5171 7.495804 -0.1073112 -345.6211 79.48805 29.16333 422.5171 17.00603 29.16294 -345.6211 31.14143 54.25357 294.4939 -7.892288 68.94864 166.4709 -7.892288 77.03995 38.448 -7.892288 79.94593 -89.57508 -7.892288 76.88019 -217.5981 -32.79124 58.79022 -180.5227 -32.79124 61.8559 -147.0016 -32.79124 58.94995 38.448 -32.79124 50.85865 166.4709 6.242508 36.16358 294.4942 -23.28038 29.51999 -180.5227 -23.28038 32.58563 -147.0016 -23.28038 29.67969 38.448 -23.28038 21.58841 166.4709 15.75273 6.893314 294.4942 7.495804 29.51999 -217.5981 7.495804 32.5857 -28.4541 7.495804 29.67972 38.448 7.495804 21.58841 166.4709 46.52952 6.893314 294.4942 17.00603 58.79022 -217.5981 17.00664 61.85593 -28.4541 17.00664 58.94995 38.448 17.00664 50.85865 166.4709 56.04039 36.16358 294.4942 -199.9393 8.38654 -247.5037 -199.9393 6.996128 -269.5016 -204.2523 21.66181 -247.5037 -204.2523 20.2714 -269.5017 -159.597 33.28183 -224.3685 -159.597 34.41165 -206.493 -156.0921 22.49445 -224.3685 -156.0921 23.62427 -206.493 -62.16658 19.95087 -165.9553 -62.16658 16.88523 -188.1776 -71.67681 49.22113 -165.9553 -71.67681 46.15546 -188.1776 147.0956 20.13654 -212.2989 119.7004 21.99164 -225.8383 144.4057 1.451313 -206.8562 117.0105 3.306446 -220.3955 83.98632 26.34272 -150.1172 111.3815 24.48758 -136.578 86.67629 45.0279 -155.5598 114.0721 43.17279 -142.0206 84.74413 54.18283 -79.6084 57.34831 56.03794 -93.14771 82.05416 35.49762 -74.16541 54.65895 37.35276 -87.70471 60.04133 39.67646 -54.65185 43.48372 38.39472 -30.22754 63.51338 52.58634 -52.29809 46.95518 51.30463 -27.87378 204.2523 28.94559 -108.5219 194.5186 30.14307 -125.6787 200.8435 16.88431 -106.588 191.1098 18.08179 -123.7449 148.0095 32.95166 -98.15686 157.7438 31.75419 -81.00012 151.419 45.01294 -100.0907 161.152 43.81546 -82.93384 122.8762 50.9224 -60.20972 113.1425 52.11991 -77.36658 119.4672 38.86112 -58.27588 109.7341 40.0586 -75.43286 -77.96212 39.16828 -185.6879 -99.44969 39.06482 -194.4175 -77.78237 24.97919 -181.0052 -99.26998 24.87568 -189.7351 -136.2143 19.01468 -392.4349 -119.4587 19.72794 -406.7383 -139.0093 32.62805 -393.7398 -122.2537 33.34131 -408.043 -127.6974 36.9419 -343.5624 -141.3125 36.36231 -331.9396 -125.4264 25.87977 -342.5021 -139.0421 25.30018 -330.8794 -109.0601 7.334049 -234.6649 -92.13335 6.411442 -249.3575 -115.2228 37.34983 -237.5417 -98.29598 36.42722 -252.2342</float_array>
          <technique_common>
            <accessor source="#Mesh_014-mesh-positions-array" count="91" stride="3">
              <param name="X" type="float"/>
              <param name="Y" type="float"/>
              <param name="Z" type="float"/>
            </accessor>
          </technique_common>
        </source>
        <source id="Mesh_014-mesh-normals">
          <float_array id="Mesh_014-mesh-normals-array" count="579">-0.5777444 0.7952017 -0.1840267 -0.9495939 -0.3085544 0.0553708 0 -0.9742518 0.225463 0.5777531 0.7951956 -0.1840254 0.9486365 -0.3082224 0.07132935 0.9341512 -0.3035365 -0.1876893 0.904366 -0.2938574 -0.3094676 0.9508718 -0.3089687 -0.01952743 -0.8493839 -0.03122025 -0.5268514 0.9510471 -0.3090058 0.005008459 0.5866039 0.8073973 -0.06328958 0.585603 0.8060199 -0.08602958 0.5870156 0.8079636 0.0510649 0.5569851 0.8303087 0.0188471 0.5876811 0.8088609 -0.0193696 0 -0.9985085 -0.05459803 0 -0.9934767 -0.1140357 1.02037e-6 -0.9980088 -0.06307619 0.06024378 -0.9980612 -0.0156393 0.1090604 -0.9899041 0.09053069 -0.9395074 -0.305256 0.1553861 -0.9216725 -0.2994818 0.2466382 -0.9508716 -0.3089692 -0.01952743 -0.9510419 -0.3090243 -0.00484234 0.1750165 0.05686467 -0.9829221 -0.5811156 0.7998459 0.1501708 -0.5671646 0.7806419 0.2625313 -0.5870152 0.8079638 0.0510649 -0.6063853 0.7950734 0.01245862 -0.6516599 0.755359 -0.06908136 -0.6297714 -0.2046061 0.7493492 0.6624656 0.2152408 -0.7175031 -0.2213838 0.9732446 -0.06151509 0.3631634 0.1179963 -0.9242237 -0.3984825 -0.1294724 0.9079916 -0.3971996 -0.1290527 0.9086132 -0.09726077 -0.9859216 0.1360111 0.2765988 -0.9590717 0.06061828 -0.2829195 0.950145 -0.131077 0.2688928 -0.9591674 0.08771979 -0.3999884 -0.129969 0.9072582 -0.3985421 -0.1294921 0.9079626 -0.1193087 0.99088 -0.06262886 -0.9043031 0.00584501 -0.4268511 -0.1783605 -0.956755 0.2297986 0.1783568 0.9567549 -0.2298019 -0.9046242 0.006099104 -0.4261665 0.9046294 -0.006093323 0.4261556 0.1238867 0.9855351 -0.1156414 0.9042973 -0.005878567 0.4268628 0.9044927 -0.006014883 0.4264469 -0.01996564 -0.9951848 -0.09596085 0.1444121 0.9885855 0.04294049 0.8105804 -0.2633834 0.523057 -0.1238898 -0.9855347 0.1156404 -0.6992431 0.7036441 -0.1262706 -0.9495938 -0.3085543 0.05537074 0.2081238 -0.962724 0.1727631 0.5777528 0.7951959 -0.1840252 0.9486364 -0.3082227 0.07132935 0.9341516 -0.3035353 -0.187689 0.9043658 -0.2938582 -0.3094673 0.9508718 -0.3089686 -0.01952743 -0.7673596 0.2493398 -0.590753 0.9510412 -0.3090237 0.005005657 0.5866042 0.8073971 -0.06328958 0.5856034 0.8060197 -0.08602941 0.5870155 0.8079637 0.0510649 0.5874199 0.80852 0.03511905 0.6082134 0.7936694 -0.01286602 0 -0.9985084 -0.05459803 0 -0.9934766 -0.1140357 0 -0.9980087 -0.06307595 0.010185 -0.9990062 -0.04339295 9.91187e-7 -0.999058 -0.04339534 0.002877712 -0.9990538 -0.04339569 -0.06230145 -0.9979264 0.01617467 -0.9395012 -0.3052736 0.1553885 -0.9216789 -0.2994633 0.2466375 -0.9508715 -0.3089693 -0.01952737 -0.9510418 -0.3090244 -0.004842281 0.1750174 0.05686885 -0.9829216 -0.5811265 0.7998384 0.1501691 -0.5671629 0.7806429 0.2625316 -0.587015 0.807964 0.05106496 -0.587683 0.808883 0.01836067 -0.5572546 0.8301036 -0.01987838 -0.6297662 -0.2046172 0.7493506 0.6624734 0.2152255 -0.7175005 -0.2213841 0.9732447 -0.06151354 0.3631646 0.1179941 -0.9242235 -0.3971998 -0.1290546 0.9086129 -0.3984832 -0.1294727 0.9079912 -0.08361238 -0.9945139 0.06285834 0.2765978 -0.959072 0.06061953 -0.2688966 0.9591662 -0.08772057 0.2829156 -0.9501464 0.1310756 -0.3972945 -0.1290856 0.908567 -0.3999851 -0.1299598 0.907261 -0.3985366 -0.1294901 0.9079654 -0.1032958 0.9853189 -0.1359292 -0.9043014 0.005851566 -0.4268547 -0.1783602 -0.956755 0.2297991 0.1783595 0.9567553 -0.2297985 -0.904631 0.006065607 -0.4261524 -0.9044325 0.005957126 -0.4265751 0.9044297 -0.005974411 0.426581 0.9046225 -0.006127893 0.4261698 0.9043914 -0.005941987 0.4266627 0.1238866 0.985535 -0.1156415 0.9043052 -0.005849123 0.4268465 0.0124123 -0.9989811 -0.04339212 0.08536785 0.9956877 -0.03631007 0.8675411 0.01987344 0.4969685 -0.1238901 -0.9855347 0.1156403 -0.4509254 -0.0156508 -0.8924244 -0.509001 0.005851149 -0.860746 -0.2765759 -0.9567559 0.0901333 0.2765807 0.9567553 -0.09012508 -0.5096459 0.006122469 -0.8603625 0.5096499 -0.006101369 0.8603603 0.1674343 0.985535 -0.02620387 0.509004 -0.00583297 0.8607445 -0.01734185 -0.9980584 -0.05982214 0.03835612 0.9961934 0.07828015 0.3361693 -0.2556588 0.9064375 -0.1674321 -0.9855352 0.02621054 -0.3739763 0.2627449 -0.8894419 -0.5092652 0.00597608 -0.860589 -0.5092648 0.005977094 -0.8605891 -0.5089902 0.005874752 -0.8607524 -0.276574 -0.9567555 0.09014362 0.2765791 0.9567548 -0.09013539 -0.5096594 0.00608772 -0.8603547 0.509659 -0.006079912 0.860355 0.5093835 -0.00598067 0.860519 0.1674348 0.985535 -0.0261982 0.5089982 -0.005843162 0.8607478 -0.01761108 -0.9977753 -0.0643 0.0346437 0.9981476 0.05001407 0.3917465 0.03667855 0.9193418 -0.1674335 -0.9855353 0.02619874 0.979285 -0.0365529 -0.199161 0.979285 -0.03655248 -0.1991603 0.979285 -0.03655266 -0.1991605 -0.9788212 -0.2032821 -0.0241959 0.9757528 0.2071036 0.07081568 -0.09659111 0.9932889 -0.06361949 0.9392765 0.1639539 -0.301461 0.9402989 0.1644994 -0.2979564 -0.9494531 -0.1695458 0.2641838 -0.1666136 -0.9773378 -0.1305784 0.1330491 -0.9853463 0.1067267 0.01483923 0.9988645 -0.0452708 0.01359325 0.9988811 -0.04529768 0.01407247 0.998875 -0.04528588 0.1295397 -0.9690611 0.2100955 0.1295478 -0.9690616 0.2100885 0.1295391 -0.9690611 0.210096 -0.9254781 -0.1569735 0.3447459 -0.02960246 0.9994468 0.01516228 0.9392247 0.1638799 -0.3016627 0.9413146 0.1650463 -0.294426 0.9403052 0.1645029 -0.2979347 -0.9788346 -0.203215 -0.02421599 0.9757494 0.2071207 0.07081073 -0.09659337 0.9932886 -0.06361919 0.9392804 0.1639335 -0.3014602 -0.9494397 -0.1696133 0.2641887 -0.1020524 -0.9804146 -0.1684414 0.133051 -0.9853461 0.1067265 0.01515316 0.9988601 -0.04526555 0.01467388 0.9988669 -0.04527378 0.01385921 0.9988778 -0.04529058 -0.07169216 -0.9795305 0.1880968 -0.07169997 -0.9795305 0.1880936 -0.07170516 -0.9795306 0.1880915 -0.9782683 0.03766727 0.2038933 -0.978268 0.03766834 0.2038946 -0.9782679 0.0376684 0.2038947 0.03660416 0.9991182 -0.02056872 0 0 -1 -1.34e-6 0 1 -0.9508846 -0.3089292 0.01952648 0.4044926 -0.3089638 -0.8607714 2.1681e-6 0 1 0 0 1 -0.950883 -0.3089341 0.01952636 0.4044914 -0.308958 -0.8607739 0.8177983 -0.3089731 -0.4855324 0.8177979 -0.3089775 -0.4855301 -0.6309885 -0.2013568 -0.7492056 -0.6309818 -0.2013642 -0.7492093</float_array>
          <technique_common>
            <accessor source="#Mesh_014-mesh-normals-array" count="193" stride="3">
              <param name="X" type="float"/>
              <param name="Y" type="float"/>
              <param name="Z" type="float"/>
            </accessor>
          </technique_common>
        </source>
        <source id="Mesh_014-mesh-map">
          <float_array id="Mesh_014-mesh-map-array" count="996">0.1684858 0.9407755 0.07958501 0.9377512 0.07776498 0.9168365 0.07776498 0.9168365 0.07435685 0.8964943 0.1901839 0.8966719 0.07435685 0.8964943 0.0740078 0.8759198 0.1646939 0.8750294 0.1668485 0.8540061 0.07798159 0.8557252 0.0800234 0.8349485 0.1646939 0.8750294 0.0740078 0.8759198 0.07798159 0.8557252 0.6128314 0.8755692 0.5242347 0.8757917 0.5240254 0.8550307 0.4319483 0.8757719 0.4313213 0.8543636 0.5240254 0.8550307 0.3423395 0.8753976 0.3415119 0.8546709 0.4313213 0.8543636 0.04312515 0.5946549 0.04190981 0.6470493 0.02888822 0.6439313 0.2959262 0.8753824 0.1646939 0.8750294 0.1668485 0.8540061 0.5240254 0.8550307 0.5190282 0.8348711 0.6088994 0.8335526 0.4313213 0.8543636 0.4279326 0.8336577 0.5190282 0.8348711 0.3415119 0.8546709 0.3409872 0.8337094 0.4279326 0.8336577 0.2958977 0.8541808 0.2544642 0.832884 0.3409872 0.8337094 0.1668485 0.8540061 0.1680813 0.832884 0.2544642 0.832884 0.6089535 0.8964258 0.519437 0.8959797 0.5242347 0.8757917 0.519437 0.8959797 0.4289461 0.8965572 0.4319483 0.8757719 0.3419442 0.8961957 0.3423395 0.8753976 0.4319483 0.8757719 0.3419442 0.8961957 0.2140173 0.8967598 0.2959262 0.8753824 0.2140173 0.8967598 0.1901839 0.8966719 0.1646939 0.8750294 0.606518 0.9173466 0.5164837 0.9168713 0.519437 0.8959797 0.5164837 0.9168713 0.4264195 0.9171165 0.4289461 0.8965572 0.4264195 0.9171165 0.3411663 0.9172148 0.3419442 0.8961957 0.3411663 0.9172148 0.2149065 0.918192 0.2140173 0.8967598 0.8493584 0.7056617 0.8474362 0.677541 0.8675438 0.6737957 0.5194678 0.9377663 0.5164837 0.9168713 0.606518 0.9173466 0.4279381 0.9379144 0.4264195 0.9171165 0.5164837 0.9168713 0.4279381 0.9379144 0.3408815 0.9383078 0.3411663 0.9172148 0.2544782 0.9388965 0.2149065 0.918192 0.3411663 0.9172148 0.1684858 0.9407755 0.1924632 0.9177338 0.2149065 0.918192 0.8336026 0.6108571 0.839215 0.570086 0.8488615 0.5718265 0.8599888 0.6076906 0.8522816 0.607959 0.8611514 0.5635985 0.8252052 0.602142 0.829582 0.5586154 0.839215 0.570086 0.8675438 0.6737957 0.8474362 0.677541 0.8522816 0.607959 0.8135669 0.6747056 0.8336026 0.6108571 0.8408972 0.613185 0.8474362 0.677541 0.8330643 0.681753 0.8408972 0.613185 0.8522816 0.607959 0.8408972 0.613185 0.8488615 0.5718265 0.7881864 0.6894428 0.8021696 0.6643027 0.8135669 0.6747056 0.8493584 0.7056617 0.8259226 0.7110759 0.8330643 0.681753 0.8259226 0.7110759 0.80549 0.7050197 0.8135669 0.6747056 0.8021696 0.6643027 0.8252052 0.602142 0.8336026 0.6108571 0.03912723 0.694444 0.03569126 0.7492863 0.02220237 0.7479931 0.09416025 0.6961865 0.09131234 0.7518216 0.07037675 0.7508159 0.03912723 0.694444 0.05985391 0.6955455 0.05681514 0.750553 0.04190981 0.6470493 0.03912723 0.694444 0.02592509 0.6923859 0.06262767 0.6489074 0.07574605 0.6468107 0.07325333 0.6950647 0.04190981 0.6470493 0.06262767 0.6489074 0.05985391 0.6955455 0.05985391 0.6955455 0.07325333 0.6950647 0.07037675 0.7508159 0.1091635 0.5974177 0.09658539 0.6478907 0.07574605 0.6468107 0.04312515 0.5946549 0.06904476 0.5567339 0.06262767 0.6489074 0.06904476 0.5567339 0.09012609 0.5556175 0.07574605 0.6468107 0.09658539 0.6478907 0.09416025 0.6961865 0.07325333 0.6950647 0.1924632 0.9177338 0.1684858 0.9407755 0.07776498 0.9168365 0.1924632 0.9177338 0.07776498 0.9168365 0.1901839 0.8966719 0.1901839 0.8966719 0.07435685 0.8964943 0.1646939 0.8750294 0.1680813 0.832884 0.1668485 0.8540061 0.0800234 0.8349485 0.1668485 0.8540061 0.1646939 0.8750294 0.07798159 0.8557252 0.6128218 0.8543792 0.6128314 0.8755692 0.5240254 0.8550307 0.5242347 0.8757917 0.4319483 0.8757719 0.5240254 0.8550307 0.4319483 0.8757719 0.3423395 0.8753976 0.4313213 0.8543636 0.02220237 0.5921772 0.04312515 0.5946549 0.02888822 0.6439313 0.2958977 0.8541808 0.2959262 0.8753824 0.1668485 0.8540061 0.6128218 0.8543792 0.5240254 0.8550307 0.6088994 0.8335526 0.5240254 0.8550307 0.4313213 0.8543636 0.5190282 0.8348711 0.4313213 0.8543636 0.3415119 0.8546709 0.4279326 0.8336577 0.3415119 0.8546709 0.2958977 0.8541808 0.3409872 0.8337094 0.2958977 0.8541808 0.1668485 0.8540061 0.2544642 0.832884 0.6128314 0.8755692 0.6089535 0.8964258 0.5242347 0.8757917 0.5242347 0.8757917 0.519437 0.8959797 0.4319483 0.8757719 0.4289461 0.8965572 0.3419442 0.8961957 0.4319483 0.8757719 0.3423395 0.8753976 0.3419442 0.8961957 0.2959262 0.8753824 0.2959262 0.8753824 0.2140173 0.8967598 0.1646939 0.8750294 0.6089535 0.8964258 0.606518 0.9173466 0.519437 0.8959797 0.519437 0.8959797 0.5164837 0.9168713 0.4289461 0.8965572 0.4289461 0.8965572 0.4264195 0.9171165 0.3419442 0.8961957 0.3419442 0.8961957 0.3411663 0.9172148 0.2140173 0.8967598 0.8705106 0.7028608 0.8493584 0.7056617 0.8675438 0.6737957 0.6088641 0.9382736 0.5194678 0.9377663 0.606518 0.9173466 0.5194678 0.9377663 0.4279381 0.9379144 0.5164837 0.9168713 0.4264195 0.9171165 0.4279381 0.9379144 0.3411663 0.9172148 0.3408815 0.9383078 0.2544782 0.9388965 0.3411663 0.9172148 0.2544782 0.9388965 0.1684858 0.9407755 0.2149065 0.918192 0.8408972 0.613185 0.8336026 0.6108571 0.8488615 0.5718265 0.8705106 0.5655182 0.8599888 0.6076906 0.8611514 0.5635985 0.8336026 0.6108571 0.8252052 0.602142 0.839215 0.570086 0.8599888 0.6076906 0.8675438 0.6737957 0.8522816 0.607959 0.8330643 0.681753 0.8135669 0.6747056 0.8408972 0.613185 0.8522816 0.607959 0.8474362 0.677541 0.8408972 0.613185 0.8611514 0.5635985 0.8522816 0.607959 0.8488615 0.5718265 0.80549 0.7050197 0.7881864 0.6894428 0.8135669 0.6747056 0.8474362 0.677541 0.8493584 0.7056617 0.8330643 0.681753 0.8330643 0.681753 0.8259226 0.7110759 0.8135669 0.6747056 0.8135669 0.6747056 0.8021696 0.6643027 0.8336026 0.6108571 0.02592509 0.6923859 0.03912723 0.694444 0.02220237 0.7479931 0.07325333 0.6950647 0.09416025 0.6961865 0.07037675 0.7508159 0.03569126 0.7492863 0.03912723 0.694444 0.05681514 0.750553 0.02888822 0.6439313 0.04190981 0.6470493 0.02592509 0.6923859 0.05985391 0.6955455 0.06262767 0.6489074 0.07325333 0.6950647 0.03912723 0.694444 0.04190981 0.6470493 0.05985391 0.6955455 0.05681514 0.750553 0.05985391 0.6955455 0.07037675 0.7508159 0.09012609 0.5556175 0.1091635 0.5974177 0.07574605 0.6468107 0.04190981 0.6470493 0.04312515 0.5946549 0.06262767 0.6489074 0.06262767 0.6489074 0.06904476 0.5567339 0.07574605 0.6468107 0.07574605 0.6468107 0.09658539 0.6478907 0.07325333 0.6950647 0.7331423 0.9538678 0.6952877 0.9520902 0.6975253 0.9437205 0.6647621 0.951839 0.6292632 0.9513697 0.6296986 0.9426263 0.6657245 0.9432832 0.6296986 0.9426263 0.6300368 0.9291169 0.6647621 0.951839 0.6646433 0.9652249 0.6290667 0.9650276 0.6952877 0.9520902 0.6647621 0.951839 0.6657245 0.9432832 0.6946281 0.9655271 0.6966784 0.9738349 0.6653573 0.9738565 0.6952877 0.9520902 0.6946281 0.9655271 0.6646433 0.9652249 0.6646433 0.9652249 0.6653573 0.9738565 0.6292992 0.9737753 0.7349101 0.9448297 0.6975253 0.9437205 0.6969044 0.9301459 0.7331423 0.9538678 0.7501788 0.9647154 0.6946281 0.9655271 0.7501788 0.9647154 0.7518205 0.9738565 0.6966784 0.9738349 0.6975253 0.9437205 0.6657245 0.9432832 0.6659894 0.9298554 0.7349101 0.9448297 0.7331423 0.9538678 0.6975253 0.9437205 0.6657245 0.9432832 0.6647621 0.951839 0.6296986 0.9426263 0.6659894 0.9298554 0.6657245 0.9432832 0.6300368 0.9291169 0.6292632 0.9513697 0.6647621 0.951839 0.6290667 0.9650276 0.6975253 0.9437205 0.6952877 0.9520902 0.6657245 0.9432832 0.6646433 0.9652249 0.6946281 0.9655271 0.6653573 0.9738565 0.6647621 0.951839 0.6952877 0.9520902 0.6646433 0.9652249 0.6290667 0.9650276 0.6646433 0.9652249 0.6292992 0.9737753 0.7521429 0.9343059 0.7349101 0.9448297 0.6969044 0.9301459 0.6952877 0.9520902 0.7331423 0.9538678 0.6946281 0.9655271 0.6946281 0.9655271 0.7501788 0.9647154 0.6966784 0.9738349 0.6969044 0.9301459 0.6975253 0.9437205 0.6659894 0.9298554 0.7909092 0.9870781 0.7882301 0.9764841 0.8353413 0.9688491 0.8904072 0.9300116 0.9303706 0.9190655 0.9326572 0.9287458 0.9038789 0.9535375 0.9006424 0.9464651 0.945195 0.9368423 0.8950212 0.9187614 0.9371224 0.9055955 0.9303706 0.9190655 0.8428747 0.9870781 0.8353413 0.9688491 0.9006424 0.9464651 0.8241588 0.9377744 0.8904072 0.9300116 0.891322 0.9377788 0.8353413 0.9688491 0.8266572 0.9573044 0.891322 0.9377788 0.9006424 0.9464651 0.891322 0.9377788 0.9326572 0.9287458 0.7932124 0.9496225 0.7789352 0.9418245 0.8268851 0.9228634 0.7944555 0.9609568 0.8266572 0.9573044 0.8353413 0.9688491 0.7932124 0.9496225 0.8241588 0.9377744 0.8266572 0.9573044 0.8268851 0.9228634 0.8950212 0.9187614 0.8904072 0.9300116 0.8428747 0.9870781 0.7909092 0.9870781 0.8353413 0.9688491 0.891322 0.9377788 0.8904072 0.9300116 0.9326572 0.9287458 0.9471493 0.9462811 0.9038789 0.9535375 0.945195 0.9368423 0.8904072 0.9300116 0.8950212 0.9187614 0.9303706 0.9190655 0.9038789 0.9535375 0.8428747 0.9870781 0.9006424 0.9464651 0.8266572 0.9573044 0.8241588 0.9377744 0.891322 0.9377788 0.9006424 0.9464651 0.8353413 0.9688491 0.891322 0.9377788 0.945195 0.9368423 0.9006424 0.9464651 0.9326572 0.9287458 0.8241588 0.9377744 0.7932124 0.9496225 0.8268851 0.9228634 0.7882301 0.9764841 0.7944555 0.9609568 0.8353413 0.9688491 0.7944555 0.9609568 0.7932124 0.9496225 0.8266572 0.9573044 0.8241588 0.9377744 0.8268851 0.9228634 0.8904072 0.9300116 0.5448841 0.969991 0.524872 0.976493 0.5248725 0.9424468 0.3339868 0.975478 0.3274847 0.9554663 0.3615307 0.9554659 0.4221133 0.9446821 0.4226857 0.9542081 0.4076158 0.9542081 0.3854197 0.943513 0.3861937 0.9569231 0.3652626 0.9569231 0.5248725 0.9424468 0.5448841 0.9489491 0.5448841 0.969991 0.524872 0.976493 0.5125044 0.9594697 0.5248725 0.9424468 0.3615307 0.9554659 0.3550287 0.975478 0.3339868 0.975478 0.3274847 0.9554663 0.3445081 0.9430983 0.3615307 0.9554659 0.4070432 0.9446821 0.4221133 0.9446821 0.4076158 0.9542081 0.3644887 0.943513 0.3854197 0.943513 0.3652626 0.9569231 0.4390564 0.9425453 0.439556 0.9512016 0.4260447 0.9512016 0.4255452 0.9425453 0.4390564 0.9425453 0.4260447 0.9512016 0.4036111 0.9450069 0.4041836 0.9545331 0.3891139 0.9545331 0.3885412 0.9450069 0.4036111 0.9450069 0.3891139 0.9545331</float_array>
          <technique_common>
            <accessor source="#Mesh_014-mesh-map-array" count="498" stride="2">
              <param name="S" type="float"/>
              <param name="T" type="float"/>
            </accessor>
          </technique_common>
        </source>
        <vertices id="Mesh_014-mesh-vertices">
          <input semantic="POSITION" source="#Mesh_014-mesh-positions"/>
        </vertices>
        <triangles material="Bark7_002-material" count="152">
          <input semantic="VERTEX" source="#Mesh_014-mesh-vertices" offset="0"/>
          <input semantic="NORMAL" source="#Mesh_014-mesh-normals" offset="1"/>
          <input semantic="TEXCOORD" source="#Mesh_014-mesh-map" offset="2" set="0"/>
          <p>14 0 0 1 0 1 3 0 2 3 1 3 5 1 4 20 1 5 5 2 6 7 2 7 25 2 8 30 3 9 9 3 10 1 3 11 25 4 12 7 4 13 9 4 14 6 5 15 29 5 16 34 5 17 28 6 18 33 6 19 34 6 20 27 7 21 32 7 22 33 7 23 31 8 24 56 8 25 58 8 26 26 9 27 25 9 28 30 9 29 34 10 30 10 10 31 0 10 32 33 11 33 11 11 34 10 11 35 32 12 36 12 12 37 11 12 38 31 13 39 13 13 40 12 13 41 30 14 42 14 14 43 13 14 44 4 15 45 24 15 46 29 15 47 24 16 48 23 16 49 28 16 50 22 17 51 27 17 52 28 17 53 22 18 54 21 18 55 26 18 56 21 19 57 20 19 58 25 19 59 2 20 60 19 20 61 24 20 62 19 21 63 18 21 64 23 21 65 18 22 66 17 22 67 22 22 68 17 23 69 16 23 70 21 23 71 20 24 72 44 24 73 46 24 74 10 25 75 19 25 76 2 25 77 11 26 78 18 26 79 19 26 80 11 27 81 12 27 82 17 27 83 13 28 84 16 28 85 17 28 86 14 29 87 15 29 88 16 29 89 40 30 90 37 30 91 35 30 92 39 31 93 41 31 94 36 31 95 39 32 96 38 32 97 37 32 98 46 33 99 44 33 100 41 33 101 45 34 102 40 35 103 42 35 104 44 36 105 43 36 106 42 36 107 41 37 108 42 37 109 35 37 110 15 38 111 46 38 112 45 38 113 20 39 114 21 39 115 43 39 116 21 40 117 16 40 118 45 41 119 46 42 120 39 42 121 40 42 122 53 43 123 48 43 124 50 43 125 51 44 126 50 44 127 49 44 128 53 45 129 54 45 130 47 45 131 56 46 132 53 46 133 51 46 134 55 47 135 57 47 136 52 47 137 56 48 138 55 48 139 54 48 140 54 49 141 52 50 142 49 49 143 26 51 144 58 51 145 57 51 146 31 52 147 32 52 148 55 52 149 32 53 150 27 53 151 57 53 152 58 54 153 51 54 154 52 54 155 15 55 156 14 55 157 3 55 158 15 56 159 3 56 160 20 56 161 20 57 162 5 57 163 25 57 164 14 58 165 30 58 166 1 58 167 30 59 168 25 59 169 9 59 170 8 60 171 6 60 172 34 60 173 29 61 174 28 61 175 34 61 176 28 62 177 27 62 178 33 62 179 26 63 180 31 63 181 58 63 182 31 64 183 26 64 184 30 64 185 8 65 186 34 65 187 0 65 188 34 66 189 33 66 190 10 66 191 33 67 192 32 67 193 11 67 194 32 68 195 31 68 196 12 68 197 31 69 198 30 69 199 13 69 200 6 70 201 4 70 202 29 70 203 29 71 204 24 71 205 28 71 206 23 72 207 22 72 208 28 72 209 27 73 210 22 74 211 26 75 212 26 76 213 21 76 214 25 76 215 4 77 216 2 77 217 24 77 218 24 78 219 19 78 220 23 78 221 23 79 222 18 79 223 22 79 224 22 80 225 17 80 226 21 80 227 15 81 228 20 81 229 46 81 230 0 82 231 10 82 232 2 82 233 10 83 234 11 83 235 19 83 236 18 84 237 11 84 238 17 84 239 12 85 240 13 85 241 17 85 242 13 86 243 14 86 244 16 86 245 42 87 246 40 87 247 35 87 248 38 88 249 39 88 250 36 88 251 40 89 252 39 89 253 37 89 254 39 90 255 46 90 256 41 90 257 43 91 258 45 92 259 42 91 260 41 93 261 44 93 262 42 93 263 36 94 264 41 94 265 35 94 266 16 95 267 15 95 268 45 95 269 44 96 270 20 96 271 43 96 272 43 97 273 21 98 274 45 99 275 45 100 276 46 100 277 40 100 278 51 101 279 53 101 280 50 101 281 52 102 282 51 102 283 49 102 284 48 103 285 53 103 286 47 103 287 58 104 288 56 104 289 51 105 290 54 106 291 55 107 292 52 108 293 53 109 294 56 109 295 54 109 296 47 110 297 54 110 298 49 110 299 27 73 300 26 75 301 57 111 302 56 112 303 31 112 304 55 112 305 55 113 306 32 113 307 57 113 308 57 114 309 58 114 310 52 114 311 61 115 312 72 115 313 74 115 314 69 116 315 64 116 316 66 116 317 67 117 318 66 117 319 65 117 320 69 118 321 70 118 322 63 118 323 72 119 324 69 119 325 67 119 326 71 120 327 73 120 328 68 120 329 72 121 330 71 121 331 70 121 332 70 122 333 68 122 334 65 122 335 59 123 336 74 123 337 73 123 338 61 124 339 62 124 340 71 124 341 62 125 342 60 125 343 73 125 344 74 126 345 67 126 346 68 126 347 59 127 348 61 127 349 74 127 350 67 128 351 69 129 352 66 130 353 68 131 354 67 131 355 65 131 356 64 132 357 69 132 358 63 132 359 74 133 360 72 133 361 67 133 362 70 134 363 71 134 364 68 135 365 69 136 366 72 136 367 70 136 368 63 137 369 70 137 370 65 137 371 60 138 372 59 138 373 73 138 374 72 139 375 61 139 376 71 139 377 71 140 378 62 140 379 73 140 380 73 141 381 74 141 382 68 141 383 75 142 384 77 143 385 88 144 386 84 145 387 81 145 388 79 145 389 83 146 390 85 146 391 80 146 392 83 147 393 82 147 394 81 147 395 90 148 396 88 149 397 85 148 398 89 150 399 84 150 400 86 150 401 88 151 402 87 151 403 86 151 404 85 152 405 86 152 406 79 152 407 76 153 408 75 154 409 90 155 410 78 156 411 87 157 412 88 158 413 76 159 414 89 159 415 87 159 416 90 160 417 83 160 418 84 160 419 90 161 420 75 162 421 88 163 422 86 164 423 84 164 424 79 164 425 82 165 426 83 165 427 80 165 428 84 166 429 83 166 430 81 166 431 83 167 432 90 167 433 85 167 434 87 168 435 89 168 436 86 168 437 85 169 438 88 169 439 86 169 440 80 170 441 85 170 442 79 170 443 89 171 444 76 172 445 90 173 446 77 174 447 78 175 448 88 176 449 78 177 450 76 178 451 87 179 452 89 180 453 90 180 454 84 180 455</p>
        </triangles>
        <triangles material="Bark_End_002-material" count="14">
          <input semantic="VERTEX" source="#Mesh_014-mesh-vertices" offset="0"/>
          <input semantic="NORMAL" source="#Mesh_014-mesh-normals" offset="1"/>
          <input semantic="TEXCOORD" source="#Mesh_014-mesh-map" offset="2" set="0"/>
          <p>3 181 456 1 181 457 7 181 458 0 182 459 2 182 460 6 182 461 38 183 462 36 183 463 35 183 464 50 184 465 48 184 466 47 184 467 7 181 468 5 181 469 3 181 470 1 181 471 9 181 472 7 181 473 6 185 474 8 185 475 0 185 476 2 186 477 4 186 478 6 186 479 37 187 480 38 187 481 35 187 482 49 188 483 50 188 484 47 188 485 66 189 486 64 189 487 63 189 488 65 190 489 66 190 490 63 190 491 82 191 492 80 191 493 79 191 494 81 192 495 82 192 496 79 192 497</p>
        </triangles>
      </mesh>
    </geometry>
  </library_geometries>
  <library_visual_scenes>
    <visual_scene id="Scene" name="Scene">
      <node id="Bark1" name="Bark1" type="NODE">
        <matrix sid="transform">-0.002210287 -2.696e-11 0.002495143 0 0.002495143 -3.49093e-10 0.002210287 0 2.43435e-10 0.003333333 2.5166e-10 0 0 0 0 1</matrix>
        <instance_geometry url="#Mesh-mesh" name="Bark1">
          <bind_material>
            <technique_common>
              <instance_material symbol="Bark7-material" target="#Bark7-material">
                <bind_vertex_input semantic="Mesh-mesh-map-0" input_semantic="TEXCOORD" input_set="0"/>
              </instance_material>
              <instance_material symbol="Bark_End-material" target="#Bark_End-material">
                <bind_vertex_input semantic="Mesh-mesh-map-0" input_semantic="TEXCOORD" input_set="0"/>
              </instance_material>
            </technique_common>
          </bind_material>
        </instance_geometry>
      </node>
      <node id="Bark2" name="Bark2" type="NODE">
        <matrix sid="transform">0.003042046 1.22257e-10 0.001362741 0 0.001362741 -1.04889e-10 -0.003042046 0 -6.8693e-11 0.003333333 -1.45705e-10 0 0 0 0 1</matrix>
        <instance_geometry url="#Mesh_001-mesh" name="Bark2">
          <bind_material>
            <technique_common>
              <instance_material symbol="Bark7-material" target="#Bark7-material">
                <bind_vertex_input semantic="Mesh_001-mesh-map-0" input_semantic="TEXCOORD" input_set="0"/>
              </instance_material>
              <instance_material symbol="Bark_End-material" target="#Bark_End-material">
                <bind_vertex_input semantic="Mesh_001-mesh-map-0" input_semantic="TEXCOORD" input_set="0"/>
              </instance_material>
            </technique_common>
          </bind_material>
        </instance_geometry>
      </node>
      <node id="Bark3" name="Bark3" type="NODE">
        <matrix sid="transform">-0.001764698 1.88651e-10 0.002827888 0 0.002827888 -2.70881e-11 0.001764698 0 1.22854e-10 0.003333333 -1.45705e-10 0 0 0 0 1</matrix>
        <instance_geometry url="#Mesh_002-mesh" name="Bark3">
          <bind_material>
            <technique_common>
              <instance_material symbol="Bark7-material" target="#Bark7-material">
                <bind_vertex_input semantic="Mesh_002-mesh-map-0" input_semantic="TEXCOORD" input_set="0"/>
              </instance_material>
              <instance_material symbol="Bark_End-material" target="#Bark_End-material">
                <bind_vertex_input semantic="Mesh_002-mesh-map-0" input_semantic="TEXCOORD" input_set="0"/>
              </instance_material>
            </technique_common>
          </bind_material>
        </instance_geometry>
      </node>
      <node id="Bark4" name="Bark4" type="NODE">
        <matrix sid="transform">0.003333333 0 0 0 0 -1.45705e-10 -0.003333333 0 0 0.003333333 -1.45705e-10 0 0 0 0 1</matrix>
        <instance_geometry url="#Mesh_003-mesh" name="Bark4">
          <bind_material>
            <technique_common>
              <instance_material symbol="Bark7-material" target="#Bark7-material">
                <bind_vertex_input semantic="Mesh_003-mesh-map-0" input_semantic="TEXCOORD" input_set="0"/>
              </instance_material>
              <instance_material symbol="Bark_End-material" target="#Bark_End-material">
                <bind_vertex_input semantic="Mesh_003-mesh-map-0" input_semantic="TEXCOORD" input_set="0"/>
              </instance_material>
            </technique_common>
          </bind_material>
        </instance_geometry>
      </node>
      <node id="Bark5" name="Bark5" type="NODE">
        <matrix sid="transform">0.003333333 0 0 0 0 -1.45705e-10 -0.003333333 0 0 0.003333333 -1.45705e-10 0 0 0 0 1</matrix>
        <instance_geometry url="#Mesh_004-mesh" name="Bark5">
          <bind_material>
            <technique_common>
              <instance_material symbol="Bark7-material" target="#Bark7-material">
                <bind_vertex_input semantic="Mesh_004-mesh-map-0" input_semantic="TEXCOORD" input_set="0"/>
              </instance_material>
              <instance_material symbol="Bark_End-material" target="#Bark_End-material">
                <bind_vertex_input semantic="Mesh_004-mesh-map-0" input_semantic="TEXCOORD" input_set="0"/>
              </instance_material>
            </technique_common>
          </bind_material>
        </instance_geometry>
      </node>
      <node id="Bark5_001" name="Bark5.001" type="NODE">
        <matrix sid="transform">-0.00333333 1.89973e-13 4.34608e-6 0 4.34608e-6 1.45704e-10 0.00333333 0 0 0.003333333 -1.45705e-10 0 0 0 0 1</matrix>
        <instance_geometry url="#Mesh_005-mesh" name="Bark5.001">
          <bind_material>
            <technique_common>
              <instance_material symbol="Bark7_001-material" target="#Bark7_001-material">
                <bind_vertex_input semantic="Mesh_005-mesh-map-0" input_semantic="TEXCOORD" input_set="0"/>
              </instance_material>
              <instance_material symbol="Bark_End_001-material" target="#Bark_End_001-material">
                <bind_vertex_input semantic="Mesh_005-mesh-map-0" input_semantic="TEXCOORD" input_set="0"/>
              </instance_material>
            </technique_common>
          </bind_material>
        </instance_geometry>
      </node>
      <node id="Bark4_001" name="Bark4.001" type="NODE">
        <matrix sid="transform">-0.00333333 1.89973e-13 4.34608e-6 0 4.34608e-6 1.45704e-10 0.00333333 0 0 0.003333333 -1.45705e-10 0 0 0 0 1</matrix>
        <instance_geometry url="#Mesh_006-mesh" name="Bark4.001">
          <bind_material>
            <technique_common>
              <instance_material symbol="Bark7_001-material" target="#Bark7_001-material">
                <bind_vertex_input semantic="Mesh_006-mesh-map-0" input_semantic="TEXCOORD" input_set="0"/>
              </instance_material>
              <instance_material symbol="Bark_End_001-material" target="#Bark_End_001-material">
                <bind_vertex_input semantic="Mesh_006-mesh-map-0" input_semantic="TEXCOORD" input_set="0"/>
              </instance_material>
            </technique_common>
          </bind_material>
        </instance_geometry>
      </node>
      <node id="Bark3_001" name="Bark3.001" type="NODE">
        <matrix sid="transform">-0.003333331 1.89973e-13 4.34608e-6 0 4.34608e-6 1.45704e-10 0.003333331 0 0 0.003333333 -1.45705e-10 0 0 0 0 1</matrix>
        <instance_geometry url="#Mesh_007-mesh" name="Bark3.001">
          <bind_material>
            <technique_common>
              <instance_material symbol="Bark7_001-material" target="#Bark7_001-material">
                <bind_vertex_input semantic="Mesh_007-mesh-map-0" input_semantic="TEXCOORD" input_set="0"/>
              </instance_material>
              <instance_material symbol="Bark_End_001-material" target="#Bark_End_001-material">
                <bind_vertex_input semantic="Mesh_007-mesh-map-0" input_semantic="TEXCOORD" input_set="0"/>
              </instance_material>
            </technique_common>
          </bind_material>
        </instance_geometry>
      </node>
      <node id="Bark2_001" name="Bark2.001" type="NODE">
        <matrix sid="transform">-0.002711521 -8.47456e-11 -0.001938752 0 -0.001938754 1.18524e-10 0.002711518 0 0 0.003333333 -1.45704e-10 0 0 0 0 1</matrix>
        <instance_geometry url="#Mesh_008-mesh" name="Bark2.001">
          <bind_material>
            <technique_common>
              <instance_material symbol="Bark7_001-material" target="#Bark7_001-material">
                <bind_vertex_input semantic="Mesh_008-mesh-map-0" input_semantic="TEXCOORD" input_set="0"/>
              </instance_material>
              <instance_material symbol="Bark_End_001-material" target="#Bark_End_001-material">
                <bind_vertex_input semantic="Mesh_008-mesh-map-0" input_semantic="TEXCOORD" input_set="0"/>
              </instance_material>
            </technique_common>
          </bind_material>
        </instance_geometry>
      </node>
      <node id="Bark1_001" name="Bark1.001" type="NODE">
        <matrix sid="transform">-0.00333333 1.89973e-13 4.34608e-6 0 4.34608e-6 1.45704e-10 0.00333333 0 0 0.003333333 -1.45705e-10 0 0 0 0 1</matrix>
        <instance_geometry url="#Mesh_009-mesh" name="Bark1.001">
          <bind_material>
            <technique_common>
              <instance_material symbol="Bark7_001-material" target="#Bark7_001-material">
                <bind_vertex_input semantic="Mesh_009-mesh-map-0" input_semantic="TEXCOORD" input_set="0"/>
              </instance_material>
              <instance_material symbol="Bark_End_001-material" target="#Bark_End_001-material">
                <bind_vertex_input semantic="Mesh_009-mesh-map-0" input_semantic="TEXCOORD" input_set="0"/>
              </instance_material>
            </technique_common>
          </bind_material>
        </instance_geometry>
      </node>
      <node id="Bark5_002" name="Bark5.002" type="NODE">
        <matrix sid="transform">0.003333333 0 0 0 0 -1.45705e-10 -0.003333333 0 0 0.003333333 -1.45705e-10 0 0 0 0 1</matrix>
        <instance_geometry url="#Mesh_010-mesh" name="Bark5.002">
          <bind_material>
            <technique_common>
              <instance_material symbol="Bark7_002-material" target="#Bark7_002-material">
                <bind_vertex_input semantic="Mesh_010-mesh-map-0" input_semantic="TEXCOORD" input_set="0"/>
              </instance_material>
              <instance_material symbol="Bark_End_002-material" target="#Bark_End_002-material">
                <bind_vertex_input semantic="Mesh_010-mesh-map-0" input_semantic="TEXCOORD" input_set="0"/>
              </instance_material>
            </technique_common>
          </bind_material>
        </instance_geometry>
      </node>
      <node id="Bark4_002" name="Bark4.002" type="NODE">
        <matrix sid="transform">0.003333333 0 0 0 0 -1.45705e-10 -0.003333333 0 0 0.003333333 -1.45705e-10 0 0 0 0 1</matrix>
        <instance_geometry url="#Mesh_011-mesh" name="Bark4.002">
          <bind_material>
            <technique_common>
              <instance_material symbol="Bark7_002-material" target="#Bark7_002-material">
                <bind_vertex_input semantic="Mesh_011-mesh-map-0" input_semantic="TEXCOORD" input_set="0"/>
              </instance_material>
              <instance_material symbol="Bark_End_002-material" target="#Bark_End_002-material">
                <bind_vertex_input semantic="Mesh_011-mesh-map-0" input_semantic="TEXCOORD" input_set="0"/>
              </instance_material>
            </technique_common>
          </bind_material>
        </instance_geometry>
      </node>
      <node id="Bark3_002" name="Bark3.002" type="NODE">
        <matrix sid="transform">0.003333333 0 0 0 0 -1.45705e-10 -0.003333333 0 0 0.003333333 -1.45705e-10 0 0 0 0 1</matrix>
        <instance_geometry url="#Mesh_012-mesh" name="Bark3.002">
          <bind_material>
            <technique_common>
              <instance_material symbol="Bark7_002-material" target="#Bark7_002-material">
                <bind_vertex_input semantic="Mesh_012-mesh-map-0" input_semantic="TEXCOORD" input_set="0"/>
              </instance_material>
              <instance_material symbol="Bark_End_002-material" target="#Bark_End_002-material">
                <bind_vertex_input semantic="Mesh_012-mesh-map-0" input_semantic="TEXCOORD" input_set="0"/>
              </instance_material>
            </technique_common>
          </bind_material>
        </instance_geometry>
      </node>
      <node id="Bark2_002" name="Bark2.002" type="NODE">
        <matrix sid="transform">0.003333333 0 0 0 0 -1.45705e-10 -0.003333333 0 0 0.003333333 -1.45705e-10 0 0 0 0 1</matrix>
        <instance_geometry url="#Mesh_013-mesh" name="Bark2.002">
          <bind_material>
            <technique_common>
              <instance_material symbol="Bark7_002-material" target="#Bark7_002-material">
                <bind_vertex_input semantic="Mesh_013-mesh-map-0" input_semantic="TEXCOORD" input_set="0"/>
              </instance_material>
              <instance_material symbol="Bark_End_002-material" target="#Bark_End_002-material">
                <bind_vertex_input semantic="Mesh_013-mesh-map-0" input_semantic="TEXCOORD" input_set="0"/>
              </instance_material>
            </technique_common>
          </bind_material>
        </instance_geometry>
      </node>
      <node id="Bark1_002" name="Bark1.002" type="NODE">
        <matrix sid="transform">0.003333333 0 0 0 0 -1.45705e-10 -0.003333333 0 0 0.003333333 -1.45705e-10 0 0 0 0 1</matrix>
        <instance_geometry url="#Mesh_014-mesh" name="Bark1.002">
          <bind_material>
            <technique_common>
              <instance_material symbol="Bark7_002-material" target="#Bark7_002-material">
                <bind_vertex_input semantic="Mesh_014-mesh-map-0" input_semantic="TEXCOORD" input_set="0"/>
              </instance_material>
              <instance_material symbol="Bark_End_002-material" target="#Bark_End_002-material">
                <bind_vertex_input semantic="Mesh_014-mesh-map-0" input_semantic="TEXCOORD" input_set="0"/>
              </instance_material>
            </technique_common>
          </bind_material>
        </instance_geometry>
      </node>
    </visual_scene>
  </library_visual_scenes>
  <scene>
    <instance_visual_scene url="#Scene"/>
  </scene>
</COLLADA>