<?xml version="1.0" encoding="utf-8"?>
<COLLADA xmlns="http://www.collada.org/2005/11/COLLADASchema" version="1.4.1" xmlns:xsi="http://www.w3.org/2001/XMLSchema-instance">
  <asset>
    <contributor>
      <author>Blender User</author>
      <authoring_tool>Blender 3.4.1 commit date:2022-12-19, commit time:17:00, hash:55485cb379f7</authoring_tool>
    </contributor>
    <created>2022-12-20T18:38:50</created>
    <modified>2022-12-20T18:38:50</modified>
    <unit name="meter" meter="1"/>
    <up_axis>Z_UP</up_axis>
  </asset>
  <library_effects>
    <effect id="Material_001-effect">
      <profile_COMMON>
        <technique sid="common">
          <lambert>
            <emission>
              <color sid="emission">0 0 0 1</color>
            </emission>
            <diffuse>
              <color sid="diffuse">0.009988084 0.00699679 0.006064161 1</color>
            </diffuse>
            <index_of_refraction>
              <float sid="ior">1.45</float>
            </index_of_refraction>
          </lambert>
        </technique>
      </profile_COMMON>
    </effect>
  </library_effects>
  <library_images/>
  <library_materials>
    <material id="Material_001-material" name="Material.001">
      <instance_effect url="#Material_001-effect"/>
    </material>
  </library_materials>
  <library_geometries>
    <geometry id="Helice-mesh" name="Helice">
      <mesh>
        <source id="Helice-mesh-positions">
          <float_array id="Helice-mesh-positions-array" count="9138">-385.7284 -3.47652 10.84393 -385.717 1.062625 10.65509 -385.699 -3.47652 10.45337 -385.7 1.11172 10.46371 -385.5826 -3.475641 9.711487 -385.5978 1.279611 9.786623 -385.5039 -3.47458 9.369783 -385.4627 1.414103 9.212738 -385.2584 -3.469971 8.558748 -385.2587 1.558114 8.559633 -385.0158 -3.463729 7.932068 -384.893 1.74124 7.651367 -384.4268 -3.438508 6.719086 -384.8361 1.764531 7.527283 -384.0381 -3.403402 6.046814 -384.2637 1.944703 6.427887 -383.89 -3.382033 5.807922 -384.0623 1.985519 6.086578 -383.7848 -3.361884 5.642944 -383.7669 2.016088 5.615326 -383.6882 -3.33811 5.49469 -383.836 2.013119 5.722839 -384.0067 1.994355 5.995361 -383.1636 1.491385 4.734467 -383.1249 1.228279 4.680847 -383.4285 0.8253346 5.109619 -383.0864 0.5296307 4.628052 -383.6817 2.01461 5.484772 -383.6931 2.015185 5.502106 -383.7548 2.016252 5.596619 -383.6311 2.010441 5.408478 -383.5476 1.996446 5.283905 -383.5154 1.987987 5.23642 -383.4663 1.970573 5.16449 -383.4418 1.959431 5.128906 -383.3778 1.920094 5.036468 -383.3713 1.915069 5.0271 -383.3155 1.86117 4.94754 -383.2731 1.802718 4.887604 -383.2344 1.729042 4.833191 -383.2006 1.638279 4.785889 -383.3927 -2.253468 5.057953 -383.4279 -3.223007 5.108765 -383.4647 -3.246719 5.162201 -383.1226 -2.501721 4.677734 -383.1523 -2.707052 4.71878 -383.1859 -2.851553 4.765381 -383.22 -2.952071 4.812927 -383.2591 -3.034957 4.867859 -383.3078 -3.10959 4.936523 -383.3679 -3.1752 5.0224 -383.5426 -3.286971 5.276489 -383.624 -3.318472 5.397827 -383.0773 -0.3655825 4.61557 -383.0773 -1.168827 4.61554 -383.0899 -2.019642 4.632843 -384.5541 1.864796 6.957153 -384.4315 1.901355 6.727692 -384.1067 -3.411399 6.160339 -384.0472 -3.404518 6.061707 -385.6943 -3.47652 11.84076 -385.7085 0.7789011 11.70752 -385.7284 1.013411 10.84412 -384.6486 -0.1358957 14.5184 -384.6801 -0.118577 14.47354 -384.7196 -3.47652 14.41598 -385.1791 0.1895408 13.61862 -385.1942 -3.47652 13.58694 -385.5086 0.468811 12.75766 -385.5086 -3.47652 12.75754 -385.5314 0.4937487 12.67697 -385.6943 0.741128 11.84094 -384.2081 -0.3661184 15.07797 -384.026 -3.47652 15.27988 -384.0247 -0.4585896 15.28122 -383.4442 -0.7694798 15.84494 -383.5533 -0.7054157 15.74673 -383.3835 -0.8076925 15.89822 -383.1477 -1.003731 16.09702 -383.1808 -0.9668436 16.06992 -383.0773 -3.47652 16.15402 -383.0773 -1.168827 16.15402 -383.0791 -1.143924 16.15262 -383.0841 -1.119432 16.14859 -383.0942 -1.089889 16.14047 -383.1129 -1.052933 16.12534 -383.2182 -0.931138 16.03891 -383.2911 -0.8717823 15.97763 -383.6503 -0.6518011 15.65665 -383.885 -0.5292902 15.42697 -362.4933 -1.168827 21.9014 -364.811 -1.168827 21.59616 -364.811 -3.47652 21.59616 -375.2714 -1.168827 19.28134 -375.2714 -3.47652 19.28134 -371.0789 -1.168827 20.42185 -350.4165 -1.168827 22.76846 -350.4165 -3.47652 22.76846 -319.4255 -1.168827 24.3215 -309.6648 -3.47652 25.02255 -309.6648 -1.168827 25.02255 -290.3526 -1.168827 26.84763 -274.5891 -3.47652 28.7186 -274.5891 -1.168827 28.7186 -259.4109 -1.168827 30.37796 -248.4572 -3.47652 31.18472 -248.4572 -1.168827 31.18472 -229.7737 -1.168827 32.41244 -217.8773 -3.47652 33.38113 -217.8773 -1.168827 33.38113 -206.5888 -1.168827 34.40707 -199.218 -3.47652 35.30307 -199.218 -1.168827 35.30307 -191.513 -1.168827 36.59091 -177.6754 -3.47652 38.97787 -177.6754 -1.168827 38.97787 -171.0947 -1.168827 39.52225 -166.9071 -3.47652 39.61276 -166.9071 -1.168827 39.61276 -158.8126 -1.168827 39.42569 -147.9228 -3.47652 38.89358 -147.9228 -1.168827 38.89358 -128.0567 -3.47652 37.66434 -128.0567 -1.168827 37.66434 -114.0037 -3.47652 35.94223 -114.0037 -1.168827 35.94223 -124.7323 -1.168827 37.37466 -69.94831 -3.47652 22.56613 -98.99353 -1.168827 32.14578 -98.99353 -3.47652 32.14578 -100.7919 -1.168827 32.69113 -112.9471 -1.168827 35.74435 -56.82507 -1.168827 19.14017 -59.94729 -1.168827 19.76254 -59.94729 -3.47652 19.76254 -64.29087 -1.168827 20.86099 -69.94831 -1.168827 22.56613 -51.98849 -1.168827 18.53415 -51.98849 -3.47652 18.53415 -43.96017 -3.47652 18.64737 -30.86832 -3.47652 20.61826 -34.8327 -1.168827 19.92276 -43.96017 -1.168827 18.64737 -19.7229 -1.168827 22.16269 -28.89716 -1.168827 20.95822 -30.86832 -1.168827 20.61826 -19.7229 -3.47652 22.16269 -12.89862 -3.47652 22.24033 -12.89862 -1.168827 22.24033 -8.061768 -3.47652 21.62326 -8.061768 -1.168827 21.62326 -344.9287 -1.168827 -10.95343 -353.86 -1.168827 -9.191254 -352.1206 0.9080963 -9.572144 -370.0946 -1.168827 -3.919189 -367.5072 0.8046665 -5.04306 -363.0211 -1.168827 -6.69104 -361.7033 0.8810234 -7.1138 -359.5556 -1.168827 -7.751862 -359.5558 0.8940468 -7.751862 -356.3256 0.9046574 -8.608124 -380.2619 -1.168827 2.234192 -377.5132 0.3316078 0.2379454 -376.8679 -1.168827 -0.1898193 -375.2943 0.4975882 -1.17453 -370.0957 0.7376118 -3.918701 -11.78983 0.9080963 -19.83801 -11.78989 -1.168827 -19.83798 -18.64078 0.9080963 -19.98276 -18.21661 -1.168827 -19.96552 -28.44779 0.9080963 -20.62991 -28.44779 -1.168827 -20.62991 -35.54068 0.9080963 -21.32431 -48.05762 -1.168827 -22.76199 -48.05762 0.9080963 -22.76199 -83.36267 -1.168827 -26.76587 -83.36267 0.9080963 -26.76587 -97.76215 -1.168827 -28.13669 -120.6842 0.9080963 -28.92255 -118.8196 0.9080963 -28.91696 -118.294 -1.168827 -28.91403 -108.3168 0.9080963 -28.7095 -97.76215 0.9080963 -28.13669 -120.6842 -1.168827 -28.92255 -166.3365 -1.168827 -28.94492 -166.3365 0.9080963 -28.94492 -180.4329 -1.168827 -28.65506 -180.4329 0.9080963 -28.65506 -208.0164 -1.168827 -26.98605 -208.0164 0.9080963 -26.98605 -220.1463 -1.168827 -26.39206 -236.404 0.9080963 -25.48804 -238.9937 -1.168827 -25.27249 -238.9937 0.9080963 -25.27249 -240.5294 -1.168827 -25.13144 -256.7479 0.9080963 -23.28433 -267.7942 -1.168827 -21.99161 -287.521 0.9080963 -19.93243 -283.2893 -1.168827 -20.36093 -287.521 -1.168827 -19.93243 -287.7776 0.9080963 -19.90595 -298.8865 -1.168827 -18.61401 -344.9287 0.9080963 -10.95343 -313.016 0.9080963 -16.36005 -313.016 -1.168827 -16.36005 -309.1052 0.9080963 -17.03568 -298.4575 0.9080963 -18.67139 -43.4891 3.446558 -11.40353 -35.7865 3.446558 -19.02988 -52.94583 3.446558 -11.46594 -61.79309 3.446558 -21.97778 -53.9328 3.446558 -11.40347 -61.93707 3.446558 -10.42072 -41.36819 3.446558 -11.24045 -29.73444 3.446558 -9.640535 -26.09866 3.446558 -9.003145 -335.1644 3.446558 -10.26251 -351.6403 3.446558 -7.314972 -327.8225 3.446558 -6.279388 -14.97269 3.446558 -17.56043 -18.73721 3.446558 -17.67709 -17.67835 3.446558 -14.83337 -19.9856 3.446558 -11.53827 -21.55438 3.446558 -8.244173 -308.7193 3.446558 -14.7605 -302.1784 3.446558 -4.468964 -298.1533 3.446558 -16.38352 -97.9794 3.446558 -25.83868 -81.03519 3.446558 -5.3815 -77.21985 3.446558 -23.72714 -72.33601 3.446558 -8.04004 -65.23075 3.446558 -9.788454 -287.5401 3.446558 -17.6105 -293.6334 3.446558 -3.673126 -256.4692 3.446558 -20.9935 -169.8226 3.446558 9.549286 -164.845 3.446558 -26.63181 -173.7931 3.446558 9.229401 -175.8463 3.446558 -26.52368 -271.8831 3.446558 -1.173035 -257.3696 3.446558 0.4396362 -236.2253 3.446558 -23.1871 -227.4814 3.446558 2.500153 -215.0776 3.446558 -24.31534 -223.6101 3.446558 2.804199 -186.8574 3.446558 -25.98718 -202.0549 3.446558 4.7211 -185.4098 3.446558 7.212738 -163.4025 3.446558 9.568848 -141.4881 3.446558 8.492647 -118.8311 3.446558 -26.60928 -133.1887 3.446558 7.964661 -127.5769 3.446558 7.509888 -120.7741 3.446558 6.665894 -118.6365 3.446558 6.288727 -108.4011 3.446558 -26.40335 -109.0361 3.446558 3.843842 -92.37501 3.446558 -1.614685 -50.55636 -3.47652 -20.49695 -27.11295 -3.47652 -17.97073 -19.9856 -3.47652 -11.53827 -17.67835 -3.47652 -14.83337 -18.31662 -3.47652 -17.42902 -15.23318 -3.47652 -17.33493 -98.51917 -3.47652 -25.64569 -77.71958 -3.47652 -23.55396 -22.72672 -3.47652 -4.00708 -21.68561 -3.47652 -7.892578 -23.0773 -3.47652 1.83105e-4 -22.72672 -3.47652 4.007446 -21.68561 -3.47652 7.892944 -19.9856 -3.47652 11.53864 -17.67835 -3.47652 14.83377 -14.83395 -3.47652 17.67813 -11.53885 -3.47652 19.98538 -362.2247 -3.47652 -4.280823 -353.3011 -3.47652 -6.715729 -340.2719 -3.47652 -9.178467 -318.2513 -3.47652 -12.86151 -298.5478 -3.47652 -16.09827 -283.0363 -3.47652 -17.83511 -267.5114 -3.47652 -19.46893 -240.2898 -3.47652 -22.60422 -220.0325 -3.47652 -23.85623 -191.7087 -3.47652 -25.44153 -180.9818 -3.47652 -26.08734 -170.2578 -3.47652 -26.39603 -118.3096 -3.47652 -26.37564 -374.1995 -3.47652 1.129852 -378.6987 -3.47652 4.234375 -385.1641 -3.47652 9.964203 -368.8727 -3.47652 -1.687195 19.9848 3.446558 11.53864 19.9848 10.36964 11.53864 17.67755 10.36964 14.83377 11.59167 0.5552311 -19.95398 11.53748 0.5411072 -19.98535 11.53806 10.36964 -19.98502 -19.9856 10.36964 -11.53827 -17.67835 10.36964 -14.83337 -11.59247 0.5552311 19.95432 -11.53824 0.5411072 19.98575 -11.53885 10.36964 19.98538 -11.9993 -3.221143 -19.71201 -11.95691 -3.165779 -19.73776 -11.53885 -10.3996 -19.98502 -12.04422 -3.263051 -19.6846 -12.44424 -3.402779 -19.4342 -12.30661 -3.376616 -19.52164 -12.56433 -3.418278 -19.35678 -12.23016 -3.355925 -19.56961 -12.18719 -3.341317 -19.59641 -12.11926 -3.311398 -19.63849 -12.10425 -3.303279 -19.64774 -12.07507 -3.285456 -19.66568 -11.92041 -3.098022 -19.7598 -11.88727 -3.006694 -19.77976 -11.84766 -2.821267 -19.80353 -11.8035 -2.248876 -19.82987 -11.84912 2.776948 -19.80264 -11.89285 2.981895 -19.77643 -11.53885 10.36964 -19.98502 -11.92612 3.072664 -19.75638 -11.9559 3.129872 -19.73837 -11.98154 3.167207 -19.72281 -11.99319 3.181684 -19.71573 -12.01749 3.208044 -19.70093 -12.03964 3.228456 -19.68738 -12.09409 3.267717 -19.65399 -12.14316 3.293976 -19.62372 -12.18384 3.311409 -19.59848 -12.26395 3.337755 -19.54846 -12.33722 3.355575 -19.50229 -12.52405 3.385982 -19.38287 -12.80121 3.410114 -19.20096 -14.83395 10.36964 -17.67777 -14.83395 -10.3996 -17.67777 -14.83392 -3.476119 -17.6778 -12.9859 -3.448195 -19.07654 -17.67835 -10.3996 -14.83337 -19.9856 -10.3996 -11.53827 -21.68561 -10.3996 -7.892578 -22.72672 -10.3996 -4.00708 -23.0773 -10.3996 1.83105e-4 -22.72672 -10.3996 4.007446 -21.68561 -10.3996 7.892944 -19.9856 -10.3996 11.53864 -17.67835 -10.3996 14.83377 -14.83395 -10.3996 17.67813 -11.53885 -10.3996 19.98538 -8.12143 -0.9522897 21.60092 -8.088808 -1.023197 21.61319 -7.893158 10.36964 21.6854 -8.432619 -0.6263123 21.48142 -8.267792 -0.7653856 21.54538 -8.176178 -0.8686447 21.58029 -10.37634 0.2121171 20.61289 -10.20123 0.1567983 20.7001 -9.606476 -0.04839318 20.98276 -8.87677 -0.3605995 21.30167 -11.28961 0.4751625 20.12723 -8.760132 -0.4215641 21.34995 -8.586519 -0.5222969 21.42032 -8.070466 -1.086303 21.62003 -8.0625 -1.145142 21.62302 -7.893158 -10.3996 21.6854 -14.83395 10.36964 17.67813 -14.83212 1.296223 17.67966 -13.83435 1.083541 18.47086 -17.67835 10.36964 14.83377 -19.9856 10.36964 11.53864 -19.98508 2.347375 11.53955 -19.00269 2.14309 13.09433 -17.67758 1.874926 14.83469 -16.76267 1.690798 15.86118 -21.68561 10.36964 7.892944 -22.72672 10.36964 4.007446 -22.72662 3.041391 4.008057 -22.2738 2.893745 6.036713 -21.68533 2.73522 7.893707 -20.96423 2.562512 9.647034 -23.0773 10.36964 1.83105e-4 -22.72672 10.36964 -4.00708 -22.72675 3.397045 -4.006958 -23.03174 3.321161 -1.449524 -23.0773 3.262794 6.10352e-4 -22.96231 3.146679 2.301147 -21.68561 10.36964 -7.892578 -21.68561 3.446202 -7.892548 -22.60947 3.410213 -4.623016 -14.83392 3.4465 -17.6778 11.9985 -3.221143 19.71237 11.95612 -3.165779 19.73813 11.53806 -10.3996 19.98538 12.04346 -3.263051 19.68497 12.44342 -3.402779 19.43454 12.30585 -3.376616 19.522 12.56354 -3.418278 19.35715 12.22937 -3.355925 19.56998 12.1864 -3.341317 19.59677 12.11847 -3.311398 19.63889 12.10345 -3.303279 19.6481 12.07428 -3.285456 19.66605 11.91962 -3.098022 19.76016 11.8865 -3.006694 19.78012 11.84686 -2.821267 19.80393 11.8027 -2.248876 19.83023 11.78912 -1.168827 19.83835 11.78903 0.9080963 19.83835 11.84833 2.776948 19.80301 11.89206 2.981895 19.77676 11.53806 10.36964 19.98538 11.92532 3.072664 19.75675 11.95511 3.129872 19.73874 11.98074 3.167207 19.72318 11.9924 3.181684 19.7161 12.01666 3.208044 19.70133 12.03888 3.228456 19.68778 12.09332 3.267717 19.65439 12.14239 3.293976 19.62412 12.18304 3.311409 19.59885 12.26318 3.337755 19.54886 12.33643 3.355575 19.50266 12.52325 3.385982 19.38321 12.80041 3.410114 19.20133 14.83319 10.36964 17.67813 17.67755 -3.47652 14.83377 15.23236 -3.47652 17.3353 14.83319 -10.3996 17.67813 14.83313 -3.476119 17.67819 12.98511 -3.448195 19.07687 17.67755 -10.3996 14.83377 19.9848 -10.3996 11.53864 19.9848 -3.47652 11.53864 21.68482 -10.3996 7.892944 21.68482 -3.47652 7.892944 22.72595 -10.3996 4.007446 22.72595 -3.47652 4.007446 23.07654 -10.3996 1.83105e-4 23.07654 -3.47652 1.83105e-4 22.72595 -10.3996 -4.00708 22.72595 -3.47652 -4.00708 21.68482 -10.3996 -7.892578 21.68482 -3.47652 -7.892578 19.9848 -10.3996 -11.53827 19.9848 -3.47652 -11.53827 17.67755 -10.3996 -14.83337 17.67755 -3.47652 -14.83337 14.83319 -10.3996 -17.67777 14.83319 -3.47652 -17.67777 11.53806 -10.3996 -19.98502 11.53806 -3.47652 -19.98502 8.120667 -0.9522897 -21.60059 8.088013 -1.023197 -21.61282 7.892364 10.36964 -21.68503 8.431824 -0.6263123 -21.48102 8.267 -0.7653856 -21.54498 8.175385 -0.8686447 -21.57993 10.37555 0.2121171 -20.61252 10.20044 0.1567983 -20.69974 9.605684 -0.04839318 -20.98236 8.875977 -0.3605995 -21.30133 11.28882 0.4751625 -20.12686 8.75934 -0.4215641 -21.34955 8.585724 -0.5222969 -21.41995 8.069672 -1.086303 -21.61966 8.061707 -1.145142 -21.62265 8.060976 -1.168827 -21.62293 8.060976 -3.47652 -21.62293 7.892364 -10.3996 -21.68503 14.83319 10.36964 -17.67777 14.83136 1.296223 -17.67929 13.83356 1.083541 -18.47049 17.67755 10.36964 -14.83337 19.9848 10.36964 -11.53827 19.98431 2.347375 -11.53918 19.00189 2.14309 -13.09399 17.67676 1.874926 -14.83429 16.7619 1.690798 -15.86078 21.68482 10.36964 -7.892578 22.72595 10.36964 -4.00708 22.72583 3.041391 -4.00769 22.27301 2.893745 -6.036346 21.68457 2.73522 -7.893341 20.96344 2.562512 -9.646669 23.07654 10.36964 1.83105e-4 22.72595 10.36964 4.007446 22.72595 3.397045 4.007324 23.03095 3.321161 1.44989 23.07654 3.262794 -2.44141e-4 22.96155 3.146679 -2.300781 21.68482 10.36964 7.892944 21.55359 3.446558 8.244568 21.68482 3.446202 7.892914 22.6087 3.410213 4.623383 14.83313 3.4465 17.67813 14.97192 3.446558 17.56082 17.67755 3.446558 14.83377 4.006866 -10.3996 -22.72614 4.006866 10.36964 -22.72614 -3.96729e-4 -10.3996 -23.07675 -3.96729e-4 10.36964 -23.07675 -4.00766 -10.3996 -22.72614 -4.00766 10.36964 -22.72614 -7.893158 -10.3996 -21.68503 -7.893158 10.36964 -21.68503 -4.00766 -10.3996 22.72653 -4.00766 10.36964 22.72653 -3.96729e-4 -10.3996 23.07712 -3.96729e-4 10.36964 23.07712 4.006866 -10.3996 22.72653 4.006866 10.36964 22.72653 7.892364 -10.3996 21.6854 7.892364 10.36964 21.6854 1.578155 -10.3996 -4.336853 2.307312 -10.3996 -3.996857 2.966309 -10.3996 -3.5354 3.535187 -10.3996 -2.966522 3.996643 -10.3996 -2.307495 4.336639 -10.3996 -1.578369 4.544861 -10.3996 -0.8012695 4.61499 -10.3996 1.83105e-4 4.544861 -10.3996 0.8016358 4.336639 -10.3996 1.578735 3.996643 -10.3996 2.307892 3.535187 -10.3996 2.966888 2.966309 -10.3996 3.535767 2.307312 -10.3996 3.997223 1.578155 -10.3996 4.337219 0.8010559 -10.3996 4.545441 -3.96729e-4 -10.3996 4.61557 -0.8018494 -10.3996 4.545441 -1.578949 -10.3996 4.337219 -2.308075 -10.3996 3.997223 -2.967102 -10.3996 3.535767 -3.53598 -10.3996 2.966888 -3.997437 -10.3996 2.307892 -4.337433 -10.3996 1.578735 -4.545654 -10.3996 0.8016358 -4.615784 -10.3996 1.83105e-4 -4.545654 -10.3996 -0.8012695 -4.337433 -10.3996 -1.578369 -3.997437 -10.3996 -2.307495 -3.53598 -10.3996 -2.966522 -2.967102 -10.3996 -3.5354 -2.308075 -10.3996 -3.996857 -1.578949 -10.3996 -4.336853 -0.8018494 -10.3996 -4.545074 -3.96729e-4 -10.3996 -4.615204 0.8010559 -10.3996 -4.545074 -3.96729e-4 10.36964 4.61557 0.8010559 10.36964 4.545441 1.578155 10.36964 4.337219 2.307312 10.36964 3.997223 2.966309 10.36964 3.535767 3.535187 10.36964 2.966888 3.996643 10.36964 2.307892 4.336639 10.36964 1.578735 4.544861 10.36964 0.8016358 4.61499 10.36964 1.83105e-4 4.544861 10.36964 -0.8012695 4.336639 10.36964 -1.578369 3.996643 10.36964 -2.307495 3.535187 10.36964 -2.966522 2.966309 10.36964 -3.5354 2.307312 10.36964 -3.996857 1.578155 10.36964 -4.336853 0.8010559 10.36964 -4.545074 -3.96729e-4 10.36964 -4.615204 -0.8018494 10.36964 -4.545074 -1.578949 10.36964 -4.336853 -2.308075 10.36964 -3.996857 -2.967102 10.36964 -3.5354 -3.53598 10.36964 -2.966522 -3.997437 10.36964 -2.307495 -4.337433 10.36964 -1.578369 -4.545654 10.36964 -0.8012695 -4.615784 10.36964 1.83105e-4 -4.545654 10.36964 0.8016358 -4.337433 10.36964 1.578735 -3.997437 10.36964 2.307892 -3.53598 10.36964 2.966888 -2.967102 10.36964 3.535767 -2.308075 10.36964 3.997223 -1.578949 10.36964 4.337219 -0.8018494 10.36964 4.545441 384.0374 -3.403402 -6.046448 384.2629 1.944703 -6.427521 383.8892 -3.382033 -5.807556 384.0615 1.985519 -6.086212 383.784 -3.361884 -5.642578 383.7661 2.016088 -5.61496 383.6874 -3.33811 -5.494324 383.8353 2.013119 -5.722473 384.0059 1.994355 -5.994995 383.1629 1.491385 -4.7341 383.1241 1.228279 -4.680481 383.4277 0.8253346 -5.109253 383.0856 0.5296307 -4.627686 383.6809 2.01461 -5.484405 383.6923 2.015185 -5.501739 383.754 2.016252 -5.596252 383.6303 2.010441 -5.408112 383.5468 1.996446 -5.283508 383.5146 1.987987 -5.236023 383.4655 1.970573 -5.164124 383.441 1.959431 -5.12854 383.377 1.920094 -5.036072 383.3704 1.915069 -5.026733 383.3147 1.86117 -4.947174 383.2723 1.802718 -4.887238 383.2337 1.729042 -4.832825 383.1998 1.638279 -4.785522 383.3919 -2.253468 -5.057587 383.4271 -3.223007 -5.108398 383.4639 -3.246719 -5.161835 383.1218 -2.501721 -4.677368 383.1516 -2.707052 -4.718414 383.1851 -2.851553 -4.765015 383.2192 -2.952071 -4.812561 383.2584 -3.034957 -4.867493 383.307 -3.10959 -4.936157 383.3671 -3.1752 -5.022003 383.5418 -3.286971 -5.276123 383.6232 -3.318472 -5.397461 383.0765 -0.3655825 -4.615204 383.0765 -1.168827 -4.615173 383.0891 -2.019642 -4.632446 384.0464 -3.404518 -6.06134 384.1059 -3.411399 -6.159973 384.4307 1.901355 -6.727325 384.426 -3.438508 -6.718689 384.5534 1.864796 -6.956757 385.7276 -3.47652 -10.84357 385.7163 1.062625 -10.65472 385.6982 -3.47652 -10.453 385.6992 1.11172 -10.46335 385.5817 -3.475641 -9.711091 385.597 1.279611 -9.786255 385.5031 -3.47458 -9.369417 385.4619 1.414103 -9.212372 385.2576 -3.469971 -8.558382 385.2579 1.558114 -8.559267 385.015 -3.463729 -7.931702 384.8923 1.74124 -7.651001 384.8353 1.764531 -7.526916 385.6936 -3.47652 -11.84039 385.7077 0.7789011 -11.70715 385.7276 1.013411 -10.84375 384.6478 -0.1358957 -14.51804 384.6793 -0.118577 -14.47317 384.7188 -3.47652 -14.41565 385.1784 0.1895408 -13.61822 385.1934 -3.47652 -13.58655 385.5078 0.468811 -12.75732 385.5078 -3.47652 -12.75717 385.5307 0.4937487 -12.6766 385.6936 0.741128 -11.84055 384.2073 -0.3661184 -15.07761 384.0252 -3.47652 -15.27951 384.0239 -0.4585896 -15.28085 383.4434 -0.7694798 -15.84457 383.5525 -0.7054157 -15.74637 383.3828 -0.8076925 -15.89786 383.1469 -1.003731 -16.09668 383.18 -0.9668436 -16.06952 383.0765 -3.47652 -16.15366 383.0765 -1.168827 -16.15366 383.0783 -1.143924 -16.15222 383.0833 -1.119432 -16.14822 383.0934 -1.089889 -16.14008 383.1121 -1.052933 -16.12497 383.2174 -0.931138 -16.03857 383.2904 -0.8717823 -15.97726 383.6495 -0.6518011 -15.65631 383.8842 -0.5292902 -15.42657 362.4925 -1.168827 -21.90103 364.8103 -1.168827 -21.59583 364.8103 -3.47652 -21.59583 375.2706 -1.168827 -19.28098 375.2706 -3.47652 -19.28098 371.0781 -1.168827 -20.42151 350.4157 -1.168827 -22.7681 350.4157 -3.47652 -22.7681 319.4247 -1.168827 -24.32111 309.6641 -3.47652 -25.02219 309.6641 -1.168827 -25.02219 290.3518 -1.168827 -26.84723 274.5883 -3.47652 -28.71823 274.5883 -1.168827 -28.71823 259.4102 -1.168827 -30.37759 248.4564 -3.47652 -31.18436 248.4564 -1.168827 -31.18436 229.7729 -1.168827 -32.41205 217.8765 -3.47652 -33.38074 217.8765 -1.168827 -33.38074 206.588 -1.168827 -34.40674 199.2172 -3.47652 -35.3027 199.2172 -1.168827 -35.3027 191.5122 -1.168827 -36.59054 177.6746 -3.47652 -38.97751 177.6746 -1.168827 -38.97751 171.0939 -1.168827 -39.52188 166.9063 -3.47652 -39.6124 166.9063 -1.168827 -39.6124 158.8118 -1.168827 -39.42535 147.9221 -3.47652 -38.89319 147.9221 -1.168827 -38.89319 128.0559 -3.47652 -37.66397 128.0559 -1.168827 -37.66397 114.0029 -3.47652 -35.94183 114.0029 -1.168827 -35.94183 124.7315 -1.168827 -37.37427 69.94751 -3.47652 -22.56577 98.99274 -1.168827 -32.14542 98.99274 -3.47652 -32.14542 100.7911 -1.168827 -32.69079 112.9464 -1.168827 -35.74399 56.82428 -1.168827 -19.13977 59.94653 -1.168827 -19.76218 59.94653 -3.47652 -19.76218 64.29004 -1.168827 -20.86063 69.94751 -1.168827 -22.56577 51.98773 -1.168827 -18.53375 51.98773 -3.47652 -18.53375 43.95941 -3.47652 -18.647 30.86749 -3.47652 -20.61789 34.83191 -1.168827 -19.92239 43.95941 -1.168827 -18.647 19.72211 -1.168827 -22.16229 28.89636 -1.168827 -20.95789 30.86749 -1.168827 -20.61789 19.72211 -3.47652 -22.16229 12.89783 -3.47652 -22.23993 12.89783 -1.168827 -22.23993 344.9279 -1.168827 10.9538 353.8592 -1.168827 9.19162 352.1198 0.9080963 9.572542 370.0939 -1.168827 3.919556 367.5064 0.8046665 5.043426 363.0203 -1.168827 6.691406 361.7025 0.8810234 7.114166 359.5548 -1.168827 7.752228 359.555 0.8940468 7.752228 356.3248 0.9046574 8.60849 380.2611 -1.168827 -2.233826 377.5124 0.3316078 -0.2375793 376.8671 -1.168827 0.1901855 375.2935 0.4975882 1.174896 370.0949 0.7376118 3.919067 18.64002 0.9080963 19.98312 18.21582 -1.168827 19.96591 28.44702 0.9080963 20.63028 28.44702 -1.168827 20.63028 35.53985 0.9080963 21.32468 48.05682 -1.168827 22.76236 48.05682 0.9080963 22.76236 83.36188 -1.168827 26.76627 83.36188 0.9080963 26.76627 97.76136 -1.168827 28.13706 120.6834 0.9080963 28.92288 118.8189 0.9080963 28.91733 118.2933 -1.168827 28.9144 108.316 0.9080963 28.70987 97.76136 0.9080963 28.13706 120.6834 -1.168827 28.92288 166.3358 -1.168827 28.94528 166.3358 0.9080963 28.94528 180.4321 -1.168827 28.65543 180.4321 0.9080963 28.65543 208.0156 -1.168827 26.98642 208.0156 0.9080963 26.98642 220.1455 -1.168827 26.39243 236.4033 0.9080963 25.48843 238.9929 -1.168827 25.27286 238.9929 0.9080963 25.27286 240.5286 -1.168827 25.13181 256.7471 0.9080963 23.2847 267.7934 -1.168827 21.99197 287.5202 0.9080963 19.93283 283.2885 -1.168827 20.3613 287.5202 -1.168827 19.93283 344.9279 0.9080963 10.9538 313.0152 0.9080963 16.36038 313.0152 -1.168827 16.36038 309.1044 0.9080963 17.03604 298.8857 -1.168827 18.61441 298.4567 0.9080963 18.67178 287.7767 0.9080963 19.90628 43.48834 3.446558 11.4039 35.7857 3.446558 19.03024 52.94507 3.446558 11.46631 61.7923 3.446558 21.97818 53.93201 3.446558 11.40384 61.93628 3.446558 10.42108 41.36743 3.446558 11.24081 29.73364 3.446558 9.6409 26.0979 3.446558 9.00351 335.1636 3.446558 10.26288 351.6395 3.446558 7.315369 327.8217 3.446558 6.279755 18.73639 3.446558 17.67746 308.7185 3.446558 14.76083 302.1776 3.446558 4.46936 298.1525 3.446558 16.38388 97.97864 3.446558 25.83902 81.03437 3.446558 5.381866 77.21906 3.446558 23.72751 72.33521 3.446558 8.040436 65.22992 3.446558 9.78882 287.5393 3.446558 17.61087 293.6326 3.446558 3.673492 256.4685 3.446558 20.99387 169.8218 3.446558 -9.54892 164.8442 3.446558 26.63217 173.7923 3.446558 -9.229004 175.8455 3.446558 26.52408 271.8823 3.446558 1.173431 257.3688 3.446558 -0.43927 236.2245 3.446558 23.18747 227.4806 3.446558 -2.499786 215.0768 3.446558 24.31571 223.6093 3.446558 -2.803802 186.8566 3.446558 25.98752 202.0541 3.446558 -4.720734 185.4091 3.446558 -7.212372 163.4017 3.446558 -9.568451 141.4873 3.446558 -8.49228 118.8303 3.446558 26.60965 133.1879 3.446558 -7.964294 127.5761 3.446558 -7.509521 120.7733 3.446558 -6.665527 118.6357 3.446558 -6.288361 108.4003 3.446558 26.40372 109.0353 3.446558 -3.843475 92.37421 3.446558 1.615051 18.31586 -3.47652 17.42941 27.11218 -3.47652 17.9711 50.5556 -3.47652 20.49735 98.51837 -3.47652 25.64603 77.71875 -3.47652 23.55429 362.2239 -3.47652 4.281189 353.3003 -3.47652 6.716095 340.2711 -3.47652 9.178864 318.2506 -3.47652 12.86185 298.547 -3.47652 16.0986 283.0355 -3.47652 17.83548 267.5107 -3.47652 19.46933 240.289 -3.47652 22.60458 220.0317 -3.47652 23.8566 191.7079 -3.47652 25.44193 180.9811 -3.47652 26.08768 170.2571 -3.47652 26.39639 118.3088 -3.47652 26.37601 374.1987 -3.47652 -1.129486 378.6979 -3.47652 -4.234009 385.1633 -3.47652 -9.963808 368.8719 -3.47652 1.687561 -187.461 3.280765 14.93552 -374.5314 3.005331 1.181427 -376.7966 2.640457 4.687714 -372.6412 2.746228 5.283874 -380.4348 1.819723 9.494356 -380.3357 2.378901 5.438812 -382.7625 0.4600582 14.15329 -383.0864 0.1265478 14.80154 -383.2854 -0.1360149 15.19968 -383.4949 -0.5266581 15.61917 -377.3627 -0.8754425 18.51895 -377.3735 -0.9684363 18.54947 -10.31296 -0.368146 21.53317 -10.41168 0.1265478 20.78879 -14.2818 1.046591 18.62039 -18.8891 1.819723 15.06607 -26.54514 2.746228 7.042938 -25.22537 3.280765 -0.7650757 -27.70746 1.819723 13.91959 -19.13175 1.046591 18.51401 -14.22443 0.4600582 20.37106 -14.20071 0.1265478 21.09531 -10.33127 -1.059022 21.98587 -377.38 -1.055902 18.56766 -377.3051 -1.060417 18.59506 -381.9797 1.046591 12.5864 -359.8899 3.280765 0.02438354 -363.2012 3.398362 -4.142212 -366.0465 3.280765 -1.026886 -367.3213 3.326287 -2.544464 -368.6665 3.289366 -1.948853 -31.08865 3.280765 -1.787842 -37.64142 3.280765 -2.808472 -44.00748 3.280765 -3.451874 -52.49692 3.280765 -3.510071 -60.57922 3.280765 -2.568756 -70.19907 3.280765 -0.3633728 -82.87982 -1.057335 26.83395 -79.90644 3.280765 2.63092 -89.83115 3.280765 5.93692 -107.0887 3.280765 11.57883 -117.1253 3.280765 14.11264 -126.8213 3.280765 15.4426 -141.0207 3.280765 16.44748 -159.7374 3.280765 17.41373 -170.1605 3.280765 17.51071 -178.3182 3.280765 16.6218 -228.0903 3.280765 10.4454 -257.4367 3.280765 8.435152 -272.8439 3.280765 6.737366 -287.907 3.280765 4.952332 -302.8542 3.280765 3.470886 -317.9368 3.280765 2.340393 -349.3312 3.280765 0.7628784 -359.3932 3.429881 -5.365936 -361.0234 3.419125 -4.868134 -14.16153 -1.055902 22.29154 -10.25433 -1.055902 21.97525 -14.08459 -1.063365 22.29007 -19.45587 -1.078886 22.17661 -28.89706 -1.140443 20.95767 -34.83267 -1.140347 19.9227 -19.25473 0.4600582 20.26132 -28.57544 0.4600582 19.05478 -28.28351 1.046591 17.32767 -34.50473 0.4600582 18.02091 -34.20703 1.046591 16.29477 -45.31506 0.4600582 16.60654 -19.38962 -1.055902 22.17807 -28.89566 -1.055902 20.94943 -34.83127 -1.055902 19.91446 -45.36166 -1.064162 18.53037 -45.44006 -1.055902 18.52396 -51.3302 -1.070709 18.48386 -51.25629 -1.055902 18.47739 -56.8266 -1.055902 19.1315 -56.82513 -1.140564 19.1398 -64.29099 -1.140347 20.86057 -64.29325 -1.055902 20.85245 -72.99207 -1.059734 23.54056 -73.06967 -1.055902 23.56528 -82.80078 -1.055902 26.8071 -100.7944 -1.055902 32.68271 -100.792 -1.140413 32.69076 -112.9473 -1.140385 35.74368 -112.9489 -1.055902 35.73544 -124.7323 -1.140297 37.37436 -139.8122 -1.057571 38.43716 -124.7331 -1.055902 37.366 -139.7291 -1.055902 38.43204 -158.8129 -1.055902 39.41684 -171.0947 -1.14021 39.52194 -158.8126 -1.140437 39.4252 -33.61963 1.819723 12.88852 -32.43442 2.746228 6.015778 -39.60391 1.819723 11.95456 -38.6849 2.746228 5.041229 -44.97626 1.819723 11.40948 -44.52258 2.746228 4.450104 -51.65793 1.819723 11.35919 -52.05081 2.746228 4.396088 -58.04147 1.819723 12.10623 -59.22986 2.746228 5.234131 -66.20517 1.819723 13.98404 -68.07547 2.746228 7.26532 -75.28299 1.819723 16.788 -77.44809 2.746228 10.15842 -85.07678 1.819723 20.05057 -87.30319 2.746228 13.44131 -102.8321 1.819723 25.85056 -104.8254 2.746228 19.16727 -114.301 1.819723 28.73532 -115.6236 2.746228 21.88773 -125.4091 1.819723 30.26852 -126.0704 2.746228 23.32571 -140.1472 1.819723 31.31479 -140.5563 2.746228 24.35263 -159.1122 1.819723 32.29355 -159.405 2.746228 25.32553 -170.792 1.819723 32.39035 -170.4963 2.746228 25.42246 -180.7402 1.819723 31.31656 -179.606 2.746228 24.43521 -190.2001 1.819723 29.57437 -206.5888 -1.140525 34.40652 -191.5129 -1.140503 36.59061 -181.819 -1.058221 38.3649 -188.9174 2.746228 22.71915 -195.8492 3.280765 13.52914 -204.298 3.280765 12.49509 -229.7737 -1.140491 32.41189 -259.4109 -1.140443 30.37741 -10.35318 -0.1360149 21.22995 -14.18613 -0.1360149 21.54013 -19.33685 -0.1360149 21.42807 -19.3056 0.1265478 20.98416 -28.77039 -0.1360149 20.2081 -28.6962 0.1265478 19.76932 -34.70349 -0.1360149 19.17355 -34.62787 0.1265478 18.73502 -45.39114 -0.1360149 17.77371 -45.36218 0.1265478 17.32962 -51.29864 -0.1360149 17.72678 -51.3237 0.1265478 17.28244 -56.95468 -0.1360149 18.39066 -57.03052 0.1265478 17.95218 -64.49485 -0.1360149 20.12814 -64.6142 0.1265478 19.69943 -73.30304 -0.1360149 22.85062 -73.44123 0.1265478 22.42758 -83.0408 -0.1360149 26.09464 -83.18286 0.1265478 25.67288 -101.0093 -0.1360149 31.96225 -101.1365 0.1265478 31.5358 -113.0915 -0.1360149 34.99728 -113.1758 0.1265478 34.56033 -124.8044 -0.1360149 36.61758 -124.8466 0.1265478 36.17453 -139.7732 -0.1360149 37.68155 -139.7993 0.1265478 37.23727 -158.8445 -0.1360149 38.66568 -158.8632 0.1265478 38.22104 -171.0625 -0.1360149 38.76242 -171.0436 0.1265478 38.31778 -181.7774 -0.1360149 37.6094 -181.705 0.1265478 37.17032 -191.3731 -0.1360149 35.84335 -191.2913 0.1265478 35.40591 -206.5097 -0.1360149 33.65048 -206.4634 0.1265478 33.20779 -229.7156 -0.1360149 31.6539 -229.6816 0.1265478 31.21011 -259.3428 -0.1360149 29.62027 -259.3029 0.1265478 29.17697 -275.4089 -0.1360149 27.85281 -275.3552 0.1265478 27.41104 -290.2682 -0.1360149 26.09152 -362.4932 -1.140388 21.90103 -350.1921 -1.140443 22.77707 -319.4254 -1.140507 24.32089 -290.3526 -1.140502 26.84708 -275.5005 -1.140443 28.60751 -371.0789 -1.1401 20.42197 -196.9732 2.746228 21.36771 -205.1214 2.746228 20.37094 -228.6954 2.746228 18.34097 -258.1463 2.746228 16.32205 -273.7988 2.746228 14.59836 -288.786 2.746228 12.82217 -303.5257 2.746228 11.36111 -318.4719 2.746228 10.24106 -349.6407 2.746228 8.675629 -360.8256 2.746228 7.887695 -367.8554 2.746228 6.682678 -370.8134 3.212103 -0.9109802 -371.077 -1.055902 20.41379 -362.4923 -1.055902 21.89267 -350.1918 -1.055902 22.76865 -319.4248 -1.055902 24.31253 -290.3516 -1.055902 26.83872 -275.4995 -1.055902 28.59915 -259.4101 -1.055902 30.36905 -229.7731 -1.055902 32.40347 -206.5879 -1.055902 34.39816 -191.5114 -1.055902 36.5823 -181.8997 -1.055902 38.35123 -171.0943 -1.055902 39.51358 -10.25687 -0.9684363 21.95609 -14.16214 -0.9684363 22.27225 -19.38828 -0.9684363 22.15878 -28.89246 -0.9684363 20.93039 -34.82797 -0.9684363 19.89542 -45.43878 -0.9684363 18.50467 -51.25738 -0.9684363 18.4581 -56.82986 -0.9684363 19.11246 -64.2984 -0.9684363 20.83383 -73.07566 -0.9684363 23.54691 -82.80695 -0.9684363 26.78879 -100.7999 -0.9684363 32.66421 -112.9525 -0.9684363 35.71646 -124.7349 -0.9684363 37.34677 -139.7302 -0.9684363 38.41275 -158.8137 -0.9684363 39.39755 -171.0935 -0.9684363 39.49429 -181.8965 -0.9684363 38.33218 -191.5078 -0.9684363 36.56332 -206.5859 -0.9684363 34.379 -229.7716 -0.9684363 32.38425 -259.4084 -0.9684363 30.34982 -275.4972 -0.9684363 28.57999 -290.3495 -0.9684363 26.81949 -319.4235 -0.9684363 24.29324 -350.1911 -0.9684363 22.74936 -362.4899 -0.9684363 21.87351 -371.0726 -0.9684363 20.39499 -10.26111 -0.8754425 21.92398 -14.16321 -0.8754425 22.23984 -19.38599 -0.8754425 22.1265 -28.88706 -0.8754425 20.89841 -34.82248 -0.8754425 19.8635 -45.43667 -0.8754425 18.47232 -51.25918 -0.8754425 18.42575 -56.83539 -0.8754425 19.08054 -64.3071 -0.8754425 20.80264 -73.08573 -0.8754425 23.51614 -82.81729 -0.8754425 26.75809 -100.8091 -0.8754425 32.63315 -112.9587 -0.8754425 35.68466 -124.738 -0.8754425 37.31454 -139.7321 -0.8754425 38.38046 -158.8151 -0.8754425 39.3652 -171.0921 -0.8754425 39.46194 -181.8913 -0.8754425 38.3002 -191.5019 -0.8754425 36.53152 -206.5825 -0.8754425 34.34677 -229.7691 -0.8754425 32.35196 -259.4055 -0.8754425 30.31754 -275.4933 -0.8754425 28.54782 -290.3459 -0.8754425 26.78732 -319.4213 -0.8754425 24.26096 -350.1898 -0.8754425 22.71701 -362.4862 -0.8754425 21.84134 -371.0652 -0.8754425 20.36343 -10.26761 -0.7737951 21.87497 -14.16483 -0.7737951 22.19046 -19.38254 -0.7737951 22.07718 -28.87882 -0.7737951 20.8497 -34.81409 -0.7737951 19.81479 -45.43347 -0.7737951 18.42307 -51.26199 -0.7737951 18.37644 -56.84381 -0.7737951 19.03183 -64.32035 -0.7737951 20.75504 -73.10105 -0.7737951 23.46921 -82.83307 -0.7737951 26.71127 -100.8233 -0.7737951 32.58578 -112.9681 -0.7737951 35.63614 -124.7427 -0.7737951 37.26535 -139.735 -0.7737951 38.33108 -158.8172 -0.7737951 39.31583 -171.0901 -0.7737951 39.41257 -181.8832 -0.7737951 38.25143 -191.4928 -0.7737951 36.48294 -206.5774 -0.7737951 34.29764 -229.7653 -0.7737951 32.30264 -259.401 -0.7737951 30.26834 -275.4873 -0.7737951 28.49875 -290.3404 -0.7737951 26.73819 -319.418 -0.7737951 24.21164 -350.1879 -0.7737951 22.66763 -362.4803 -0.7737951 21.79227 -371.0539 -0.7737951 20.31534 -377.3461 -0.7737951 18.47244 -10.27725 -0.6594076 21.8024 -14.16724 -0.6594076 22.11728 -19.37738 -0.6594076 22.00418 -28.86661 -0.6594076 20.77756 -34.80163 -0.6594076 19.74265 -45.42871 -0.6594076 18.35001 -51.26611 -0.6594076 18.30338 -56.85629 -0.6594076 18.95975 -64.33997 -0.6594076 20.68448 -73.12378 -0.6594076 23.39957 -82.85645 -0.6594076 26.64188 -100.8442 -0.6594076 32.51565 -112.9819 -0.6594076 35.5643 -124.7496 -0.6594076 37.19241 -139.7393 -0.6594076 38.25802 -158.8202 -0.6594076 39.24264 -171.0869 -0.6594076 39.33938 -181.8713 -0.6594076 38.17923 -191.4793 -0.6594076 36.41098 -206.5698 -0.6594076 34.22482 -229.7597 -0.6594076 32.22964 -259.3945 -0.6594076 30.1954 -275.4785 -0.6594076 28.42612 -290.3323 -0.6594076 26.66544 -319.413 -0.6594076 24.13858 -350.185 -0.6594076 22.59445 -362.4716 -0.6594076 21.71957 -371.0372 -0.6594076 20.24405 -377.3215 -0.6594076 18.40347 -383.5434 -0.6594076 15.71628 -10.2915 -0.5266581 21.69486 -14.17078 -0.5266581 22.00888 -19.36978 -0.5266581 21.89591 -28.84854 -0.5266581 20.67056 -34.7832 -0.5266581 19.63571 -45.42166 -0.5266581 18.24173 -51.27222 -0.5266581 18.19504 -56.87479 -0.5266581 18.85281 -64.36908 -0.5266581 20.57999 -73.15747 -0.5266581 23.29642 -82.89109 -0.5266581 26.53903 -100.8752 -0.5266581 32.41165 -113.0025 -0.5266581 35.45773 -124.7599 -0.5266581 37.08444 -139.7456 -0.5266581 38.14969 -158.8248 -0.5266581 39.13425 -171.0824 -0.5266581 39.23099 -181.8537 -0.5266581 38.07217 -191.4594 -0.5266581 36.30435 -206.5585 -0.5266581 34.11691 -229.7514 -0.5266581 32.12149 -259.3848 -0.5266581 30.08731 -275.4654 -0.5266581 28.31839 -290.3202 -0.5266581 26.55765 -319.4057 -0.5266581 24.03037 -350.1807 -0.5266581 22.48605 -362.4588 -0.5266581 21.61185 -371.0124 -0.5266581 20.1384 -377.285 -0.5266581 18.30124 -14.17612 -0.368146 21.84586 -19.35831 -0.368146 21.73325 -28.82135 -0.368146 20.50974 -34.75549 -0.368146 19.47501 -45.41104 -0.368146 18.07895 -51.2814 -0.368146 18.0322 -56.90256 -0.368146 18.69211 -64.41281 -0.368146 20.42288 -73.2081 -0.368146 23.14139 -82.94315 -0.368146 26.38449 -100.9218 -0.368146 32.2554 -113.0335 -0.368146 35.29764 -124.7754 -0.368146 36.92209 -139.7552 -0.368146 37.98691 -158.8316 -0.368146 38.97134 -171.0754 -0.368146 39.06808 -181.8272 -0.368146 37.91122 -191.4294 -0.368146 36.14401 -206.5415 -0.368146 33.95468 -229.739 -0.368146 31.95889 -259.3702 -0.368146 29.9249 -275.4458 -0.368146 28.15646 -290.3021 -0.368146 26.39554 -319.3947 -0.368146 23.86765 -350.1744 -0.368146 22.32309 -362.4396 -0.368146 21.44986 -370.9751 -0.368146 19.97965 -377.2302 -0.368146 18.14768 -383.422 -0.368146 15.4733 -319.374 -0.1360149 23.56247 -350.1624 -0.1360149 22.01743 -362.4034 -0.1360149 21.14615 -370.9053 -0.1360149 19.68185 -377.1274 -0.1360149 17.85953 -290.2188 0.1265478 25.64926 -304.6202 0.1265478 24.22147 -319.344 0.1265478 23.11844 -350.145 0.1265478 21.57272 -362.3508 0.1265478 20.70419 -370.8036 0.1265478 19.24857 -376.9779 0.1265478 17.4404 -51.36453 0.4600582 16.55899 -57.15399 0.4600582 17.23813 -64.8085 0.4600582 19.00131 -73.66617 0.4600582 21.73874 -83.41419 0.4600582 24.98618 -101.3436 0.4600582 30.8414 -113.3133 0.4600582 33.84885 -124.9153 0.4600582 35.45315 -139.8418 0.4600582 36.51388 -158.8936 0.4600582 37.49704 -171.0129 0.4600582 37.59378 -181.5872 0.4600582 36.45529 -191.158 0.4600582 34.69363 -206.3881 0.4600582 32.48709 -229.6262 0.4600582 30.48764 -259.2379 0.4600582 28.45529 -275.2678 0.4600582 26.69168 -290.1383 0.4600582 24.92911 -304.5587 0.4600582 23.49948 -319.295 0.4600582 22.39542 -350.1167 0.4600582 20.8486 -362.2652 0.4600582 19.98465 -370.6381 0.4600582 18.54306 -376.7344 0.4600582 16.7579 -40.05939 1.046591 15.38089 -45.20111 1.046591 14.85861 -51.46323 1.046591 14.81015 -57.45248 1.046591 15.51212 -65.27826 1.046591 17.31387 -74.20996 1.046591 20.0737 -83.97336 1.046591 23.3262 -101.8442 1.046591 29.16281 -113.6455 1.046591 32.129 -125.0814 1.046591 33.70944 -139.9445 1.046591 34.76529 -158.9671 1.046591 35.74698 -170.9386 1.046591 35.84378 -181.3023 1.046591 34.72702 -190.8358 1.046591 32.97189 -206.206 1.046591 30.74503 -229.4924 1.046591 28.74112 -259.0809 1.046591 26.71072 -275.0566 1.046591 24.95285 -289.9439 1.046591 23.18832 -304.4102 1.046591 21.75418 -319.1766 1.046591 20.64786 -350.0483 1.046591 19.09836 -362.0582 1.046591 18.24527 -370.238 1.046591 16.83774 -376.1459 1.046591 15.10812 -205.8466 1.819723 27.30728 -229.2283 1.819723 25.29477 -258.7713 1.819723 23.26816 -274.6398 1.819723 21.52164 -289.5602 1.819723 19.75321 -304.1171 1.819723 18.31015 -318.9431 1.819723 17.19925 -349.9132 1.819723 15.6445 -361.6498 1.819723 14.81302 -369.4484 1.819723 13.47256 -374.9845 1.819723 11.8526 187.4602 3.280765 -14.93512 374.5306 3.005331 -1.18103 376.7958 2.640457 -4.687347 372.6405 2.746228 -5.283508 380.4341 1.819723 -9.493988 380.3349 2.378901 -5.438446 382.7617 0.4600582 -14.15295 383.0856 0.1265478 -14.80118 383.2846 -0.1360149 -15.19928 383.4942 -0.5266581 -15.6188 377.3619 -0.8754425 -18.51859 377.3728 -0.9684363 -18.5491 10.31216 -0.368146 -21.53281 10.41092 0.1265478 -20.78839 14.28101 1.046591 -18.62003 18.88831 1.819723 -15.0657 26.54437 2.746228 -7.042572 25.22461 3.280765 0.7654419 27.70667 1.819723 -13.91919 19.13098 1.046591 -18.51364 14.22363 0.4600582 -20.3707 14.19989 0.1265478 -21.09494 10.33047 -1.059022 -21.9855 377.3792 -1.055902 -18.56729 377.3043 -1.060417 -18.5947 381.9789 1.046591 -12.58603 359.8891 3.280765 -0.02401733 363.2004 3.398362 4.142609 366.0457 3.280765 1.027252 367.3206 3.326287 2.54483 368.6657 3.289366 1.949249 31.08789 3.280765 1.788208 37.64062 3.280765 2.808838 44.00665 3.280765 3.45224 52.49615 3.280765 3.510437 60.57843 3.280765 2.569122 70.19824 3.280765 0.363739 82.87903 -1.057335 -26.83356 79.90564 3.280765 -2.630554 89.83039 3.280765 -5.936554 107.088 3.280765 -11.57846 117.1245 3.280765 -14.1123 126.8205 3.280765 -15.44223 141.02 3.280765 -16.44711 159.7366 3.280765 -17.41336 170.1597 3.280765 -17.51038 178.3174 3.280765 -16.62143 228.0895 3.280765 -10.44504 257.4359 3.280765 -8.434784 272.8432 3.280765 -6.736999 287.9062 3.280765 -4.951965 302.8534 3.280765 -3.470489 317.936 3.280765 -2.340027 349.3305 3.280765 -0.7624817 359.3924 3.429881 5.366302 361.0226 3.419125 4.8685 14.16071 -1.055902 -22.29117 10.25354 -1.055902 -21.97485 14.0838 -1.063365 -22.28973 19.45508 -1.078886 -22.17627 28.8963 -1.140443 -20.95734 34.83191 -1.140347 -19.92236 19.25397 0.4600582 -20.26093 28.57465 0.4600582 -19.05444 28.28272 1.046591 -17.32733 34.50391 0.4600582 -18.02054 34.20624 1.046591 -16.29437 45.31427 0.4600582 -16.60617 19.38886 -1.055902 -22.17767 28.8949 -1.055902 -20.94904 34.83044 -1.055902 -19.91406 45.36084 -1.064162 -18.53 45.43927 -1.055902 -18.52356 51.32941 -1.070709 -18.48346 51.25549 -1.055902 -18.47702 56.8258 -1.055902 -19.1311 56.82434 -1.140564 -19.13941 64.29022 -1.140347 -20.86017 64.29242 -1.055902 -20.85205 72.99127 -1.059734 -23.54022 73.06885 -1.055902 -23.56491 82.79999 -1.055902 -26.8067 100.7936 -1.055902 -32.68231 100.7912 -1.140413 -32.69037 112.9465 -1.140385 -35.74332 112.9481 -1.055902 -35.73508 124.7316 -1.140297 -37.37396 139.8114 -1.057571 -38.43683 124.7323 -1.055902 -37.3656 139.7283 -1.055902 -38.43167 158.8121 -1.055902 -39.41644 171.0939 -1.14021 -39.52157 158.8118 -1.140437 -39.42486 33.61883 1.819723 -12.88818 32.43359 2.746228 -6.015411 39.60315 1.819723 -11.95419 38.68408 2.746228 -5.040863 44.97546 1.819723 -11.40912 44.52179 2.746228 -4.449738 51.65716 1.819723 -11.35879 52.05005 2.746228 -4.395721 58.04065 1.819723 -12.1059 59.22906 2.746228 -5.233765 66.20441 1.819723 -13.98367 68.07465 2.746228 -7.264954 75.28223 1.819723 -16.78763 77.44733 2.746228 -10.15805 85.07599 1.819723 -20.0502 87.30243 2.746228 -13.44098 102.8313 1.819723 -25.85016 104.8246 2.746228 -19.1669 114.3002 1.819723 -28.73493 115.6228 2.746228 -21.88733 125.4083 1.819723 -30.26813 126.0696 2.746228 -23.32535 140.1464 1.819723 -31.31439 140.5555 2.746228 -24.35223 159.1114 1.819723 -32.29318 159.4042 2.746228 -25.32513 170.7913 1.819723 -32.39001 170.4955 2.746228 -25.42206 180.7394 1.819723 -31.31616 179.6053 2.746228 -24.43482 190.1993 1.819723 -29.57401 206.588 -1.140525 -34.40619 191.5121 -1.140503 -36.59024 181.8182 -1.058221 -38.3645 188.9166 2.746228 -22.71881 195.8484 3.280765 -13.52878 204.2972 3.280765 -12.49472 229.7729 -1.140491 -32.4115 259.4101 -1.140443 -30.37705 10.35239 -0.1360149 -21.22958 14.18536 -0.1360149 -21.53977 19.33606 -0.1360149 -21.42774 19.30481 0.1265478 -20.9838 28.76959 -0.1360149 -20.20773 28.69544 0.1265478 -19.76892 34.7027 -0.1360149 -19.17319 34.62707 0.1265478 -18.73462 45.39038 -0.1360149 -17.77335 45.36139 0.1265478 -17.32925 51.29785 -0.1360149 -17.72641 51.32294 0.1265478 -17.28207 56.95392 -0.1360149 -18.39032 57.02972 0.1265478 -17.95178 64.49408 -0.1360149 -20.12781 64.61341 0.1265478 -19.69907 73.30225 -0.1360149 -22.85025 73.44043 0.1265478 -22.42722 83.03998 -0.1360149 -26.09424 83.18207 0.1265478 -25.67249 101.0085 -0.1360149 -31.96188 101.1357 0.1265478 -31.5354 113.0906 -0.1360149 -34.99692 113.1751 0.1265478 -34.55994 124.8036 -0.1360149 -36.61719 124.8458 0.1265478 -36.17413 139.7723 -0.1360149 -37.68115 139.7985 0.1265478 -37.23688 158.8437 -0.1360149 -38.66531 158.8624 0.1265478 -38.22067 171.0616 -0.1360149 -38.76205 171.0428 0.1265478 -38.31741 181.7767 -0.1360149 -37.60904 181.7043 0.1265478 -37.16992 191.3723 -0.1360149 -35.84299 191.2905 0.1265478 -35.40552 206.509 -0.1360149 -33.65008 206.4626 0.1265478 -33.20746 229.7148 -0.1360149 -31.6535 229.6808 0.1265478 -31.20978 259.3419 -0.1360149 -29.61987 259.3021 0.1265478 -29.17664 275.4081 -0.1360149 -27.85245 275.3544 0.1265478 -27.41065 290.2674 -0.1360149 -26.09116 362.4924 -1.140388 -21.90064 350.1914 -1.140443 -22.77667 319.4246 -1.140507 -24.32056 290.3518 -1.140502 -26.84668 275.4997 -1.140443 -28.60712 371.0781 -1.1401 -20.42157 196.9723 2.746228 -21.36737 205.1206 2.746228 -20.37055 228.6946 2.746228 -18.34064 258.1455 2.746228 -16.32169 273.798 2.746228 -14.59796 288.7852 2.746228 -12.82178 303.5249 2.746228 -11.36072 318.4711 2.746228 -10.24066 349.6399 2.746228 -8.675232 360.8248 2.746228 -7.887329 367.8546 2.746228 -6.682312 370.8126 3.212103 0.9113464 371.0762 -1.055902 -20.41342 362.4915 -1.055902 -21.8923 350.191 -1.055902 -22.76825 319.424 -1.055902 -24.31217 290.3508 -1.055902 -26.83832 275.4987 -1.055902 -28.59876 259.4093 -1.055902 -30.36865 229.7723 -1.055902 -32.40311 206.5871 -1.055902 -34.3978 191.5106 -1.055902 -36.58197 181.8989 -1.055902 -38.35083 171.0936 -1.055902 -39.51318 10.25607 -0.9684363 -21.95572 14.16138 -0.9684363 -22.27185 19.38751 -0.9684363 -22.15842 28.89166 -0.9684363 -20.92999 34.82721 -0.9684363 -19.89505 45.43799 -0.9684363 -18.5043 51.25659 -0.9684363 -18.45773 56.8291 -0.9684363 -19.11209 64.29761 -0.9684363 -20.83347 73.07489 -0.9684363 -23.54657 82.80615 -0.9684363 -26.78842 100.7991 -0.9684363 -32.66382 112.9517 -0.9684363 -35.71609 124.7341 -0.9684363 -37.34637 139.7294 -0.9684363 -38.41238 158.8129 -0.9684363 -39.39715 171.0927 -0.9684363 -39.4939 181.8957 -0.9684363 -38.33179 191.5071 -0.9684363 -36.56299 206.5851 -0.9684363 -34.3786 229.7708 -0.9684363 -32.38385 259.4076 -0.9684363 -30.34943 275.4964 -0.9684363 -28.57959 290.3487 -0.9684363 -26.81912 319.4227 -0.9684363 -24.29288 350.1903 -0.9684363 -22.74896 362.4891 -0.9684363 -21.87311 371.0718 -0.9684363 -20.39462 10.26031 -0.8754425 -21.92362 14.16241 -0.8754425 -22.2395 19.38519 -0.8754425 -22.1261 28.88629 -0.8754425 -20.89807 34.82172 -0.8754425 -19.86313 45.43591 -0.8754425 -18.47199 51.25842 -0.8754425 -18.42542 56.83459 -0.8754425 -19.08017 64.30628 -0.8754425 -20.80228 73.0849 -0.8754425 -23.51578 82.81647 -0.8754425 -26.75772 100.8084 -0.8754425 -32.63278 112.9579 -0.8754425 -35.68432 124.7372 -0.8754425 -37.31415 139.7313 -0.8754425 -38.38006 158.8143 -0.8754425 -39.36481 171.0914 -0.8754425 -39.46155 181.8905 -0.8754425 -38.29983 191.5011 -0.8754425 -36.53116 206.5817 -0.8754425 -34.3464 229.7683 -0.8754425 -32.35156 259.4047 -0.8754425 -30.31717 275.4925 -0.8754425 -28.54746 290.3451 -0.8754425 -26.78696 319.4205 -0.8754425 -24.26059 350.189 -0.8754425 -22.71661 362.4854 -0.8754425 -21.84097 371.0644 -0.8754425 -20.36307 10.26681 -0.7737951 -21.87463 14.16406 -0.7737951 -22.19009 19.38171 -0.7737951 -22.07681 28.87805 -0.7737951 -20.84934 34.81329 -0.7737951 -19.81442 45.43268 -0.7737951 -18.42267 51.26117 -0.7737951 -18.37607 56.84302 -0.7737951 -19.03149 64.31958 -0.7737951 -20.75467 73.10028 -0.7737951 -23.46881 82.83228 -0.7737951 -26.71091 100.8225 -0.7737951 -32.58545 112.9673 -0.7737951 -35.6358 124.7419 -0.7737951 -37.26495 139.7342 -0.7737951 -38.33075 158.8164 -0.7737951 -39.31543 171.0893 -0.7737951 -39.41217 181.8824 -0.7737951 -38.25107 191.492 -0.7737951 -36.48257 206.5766 -0.7737951 -34.29724 229.7645 -0.7737951 -32.30231 259.4003 -0.7737951 -30.26795 275.4865 -0.7737951 -28.49838 290.3396 -0.7737951 -26.73785 319.4172 -0.7737951 -24.21127 350.1871 -0.7737951 -22.66724 362.4795 -0.7737951 -21.7919 371.0531 -0.7737951 -20.31497 377.3453 -0.7737951 -18.47205 10.27646 -0.6594076 -21.80206 14.16644 -0.6594076 -22.11694 19.37659 -0.6594076 -22.00378 28.86585 -0.6594076 -20.77716 34.80084 -0.6594076 -19.74228 45.42792 -0.6594076 -18.34961 51.26532 -0.6594076 -18.30298 56.85553 -0.6594076 -18.95935 64.33917 -0.6594076 -20.68414 73.12299 -0.6594076 -23.3992 82.85565 -0.6594076 -26.64151 100.8434 -0.6594076 -32.51529 112.9811 -0.6594076 -35.5639 124.7488 -0.6594076 -37.19208 139.7385 -0.6594076 -38.25766 158.8195 -0.6594076 -39.24228 171.0862 -0.6594076 -39.33902 181.8705 -0.6594076 -38.17883 191.4786 -0.6594076 -36.41061 206.569 -0.6594076 -34.22443 229.759 -0.6594076 -32.22931 259.3937 -0.6594076 -30.19504 275.4777 -0.6594076 -28.42572 290.3315 -0.6594076 -26.66507 319.4122 -0.6594076 -24.13825 350.1842 -0.6594076 -22.59409 362.4708 -0.6594076 -21.71921 371.0364 -0.6594076 -20.24368 377.3207 -0.6594076 -18.40311 383.5426 -0.6594076 -15.71588 10.29071 -0.5266581 -21.69449 14.16998 -0.5266581 -22.00848 19.36896 -0.5266581 -21.89554 28.84778 -0.5266581 -20.67017 34.78241 -0.5266581 -19.63535 45.42084 -0.5266581 -18.24133 51.27142 -0.5266581 -18.19464 56.87396 -0.5266581 -18.85242 64.36829 -0.5266581 -20.57959 73.15668 -0.5266581 -23.29608 82.89026 -0.5266581 -26.5387 100.8745 -0.5266581 -32.41128 113.0017 -0.5266581 -35.45737 124.7592 -0.5266581 -37.08404 139.7449 -0.5266581 -38.14935 158.824 -0.5266581 -39.13388 171.0815 -0.5266581 -39.23062 181.8529 -0.5266581 -38.07178 191.4586 -0.5266581 -36.30395 206.5577 -0.5266581 -34.11651 229.7507 -0.5266581 -32.12112 259.384 -0.5266581 -30.08698 275.4646 -0.5266581 -28.31799 290.3195 -0.5266581 -26.55725 319.4049 -0.5266581 -24.02997 350.1799 -0.5266581 -22.48566 362.458 -0.5266581 -21.61145 371.0116 -0.5266581 -20.13806 377.2843 -0.5266581 -18.3009 14.17535 -0.368146 -21.84549 19.35754 -0.368146 -21.73288 28.82056 -0.368146 -20.50937 34.7547 -0.368146 -19.47464 45.41028 -0.368146 -18.07861 51.28064 -0.368146 -18.03183 56.90179 -0.368146 -18.69174 64.41205 -0.368146 -20.42249 73.20728 -0.368146 -23.14105 82.94232 -0.368146 -26.38413 100.921 -0.368146 -32.25503 113.0327 -0.368146 -35.29727 124.7746 -0.368146 -36.92169 139.7544 -0.368146 -37.98654 158.8309 -0.368146 -38.97095 171.0746 -0.368146 -39.06769 181.8264 -0.368146 -37.91089 191.4286 -0.368146 -36.14365 206.5408 -0.368146 -33.95431 229.7382 -0.368146 -31.9585 259.3694 -0.368146 -29.92453 275.445 -0.368146 -28.15613 290.3013 -0.368146 -26.39517 319.3939 -0.368146 -23.86728 350.1736 -0.368146 -22.32269 362.4388 -0.368146 -21.44952 370.9744 -0.368146 -19.97928 377.2294 -0.368146 -18.14731 383.4213 -0.368146 -15.47293 319.3732 -0.1360149 -23.56207 350.1616 -0.1360149 -22.01703 362.4026 -0.1360149 -21.14575 370.9045 -0.1360149 -19.68146 377.1267 -0.1360149 -17.85919 290.218 0.1265478 -25.64887 304.6194 0.1265478 -24.2211 319.3432 0.1265478 -23.11804 350.1442 0.1265478 -21.57233 362.35 0.1265478 -20.70383 370.8028 0.1265478 -19.2482 376.9771 0.1265478 -17.44 51.36377 0.4600582 -16.55859 57.1532 0.4600582 -17.23776 64.80774 0.4600582 -19.00098 73.66541 0.4600582 -21.73837 83.41339 0.4600582 -24.98578 101.3428 0.4600582 -30.841 113.3125 0.4600582 -33.84848 124.9145 0.4600582 -35.45279 139.8409 0.4600582 -36.51352 158.8928 0.4600582 -37.49667 171.0121 0.4600582 -37.59341 181.5864 0.4600582 -36.45492 191.1572 0.4600582 -34.69327 206.3873 0.4600582 -32.48675 229.6254 0.4600582 -30.48724 259.2371 0.4600582 -28.45493 275.267 0.4600582 -26.69132 290.1375 0.4600582 -24.92874 304.5579 0.4600582 -23.49909 319.2942 0.4600582 -22.39508 350.1159 0.4600582 -20.84824 362.2644 0.4600582 -19.98428 370.6373 0.4600582 -18.54269 376.7337 0.4600582 -16.75751 40.05859 1.046591 -15.38052 45.20032 1.046591 -14.85825 51.4624 1.046591 -14.80978 57.45172 1.046591 -15.51178 65.27747 1.046591 -17.31351 74.20917 1.046591 -20.0733 83.9726 1.046591 -23.32581 101.8434 1.046591 -29.16245 113.6447 1.046591 -32.12866 125.0806 1.046591 -33.70904 139.9437 1.046591 -34.76492 158.9664 1.046591 -35.74661 170.9378 1.046591 -35.84338 181.3016 1.046591 -34.72662 190.835 1.046591 -32.97153 206.2052 1.046591 -30.74463 229.4916 1.046591 -28.74075 259.0802 1.046591 -26.71036 275.0558 1.046591 -24.95248 289.9431 1.046591 -23.18793 304.4094 1.046591 -21.75378 319.1759 1.046591 -20.64746 350.0475 1.046591 -19.09796 362.0574 1.046591 -18.24493 370.2372 1.046591 -16.83737 376.1451 1.046591 -15.10773 205.8458 1.819723 -27.30692 229.2275 1.819723 -25.2944 258.7705 1.819723 -23.26779 274.639 1.819723 -21.52124 289.5594 1.819723 -19.75284 304.1163 1.819723 -18.30978 318.9423 1.819723 -17.19891 349.9124 1.819723 -15.64413 361.649 1.819723 -14.81265 369.4476 1.819723 -13.47223 374.9837 1.819723 -11.85223 77.42542 -2.786613 26.04422 191.8739 -2.786613 27.94351 283.2854 -2.786613 20.33017 385.4873 -3.47573 -9.60965 18.29694 -3.47573 17.90897 18.23901 -3.432995 19.37796 18.22363 -3.311006 19.767 18.22485 -3.334048 19.73605 18.22632 -3.355324 19.69913 18.22821 -3.375955 19.65176 18.23151 -3.401175 19.56839 18.23175 -3.402588 19.56253 18.21704 -2.786613 19.93454 18.21814 -3.010274 19.9072 18.21906 -3.113568 19.88345 18.21997 -3.177567 19.86112 18.22083 -3.222371 19.83939 18.22168 -3.256739 19.81741 18.2226 -3.285061 19.79416 380.2417 -2.786613 -2.258606 380.0124 -3.402588 -2.551971 380.0161 -3.401175 -2.547333 380.0674 -3.375955 -2.481598 380.0966 -3.355324 -2.444275 380.1193 -3.334048 -2.415131 380.1384 -3.311006 -2.390717 380.1552 -3.285061 -2.369293 380.1695 -3.256739 -2.350983 380.1831 -3.222371 -2.333679 380.1964 -3.177567 -2.316559 380.2102 -3.113568 -2.29892 380.2248 -3.010274 -2.280182 379.8987 -3.432995 -2.69751 378.9935 -3.47573 -3.855835 374.4479 -3.47573 -0.7192993 369.072 -3.47573 2.12384 362.3745 -3.47573 4.736908 353.406 -3.47573 7.184296 340.3509 -3.47573 9.652132 318.3334 -3.47573 13.33463 298.6111 -3.47573 16.57431 283.0834 -3.47573 18.31308 240.3343 -3.47573 23.08243 191.7397 -3.47573 25.92081 181.0046 -3.47573 26.56711 170.2611 -3.47573 26.87631 118.3059 -3.47573 26.85593 50.50061 -3.47573 20.97415 27.07336 -3.47573 18.44956 375.2112 -3.432995 0.5371094 375.3071 -3.402588 0.6949768 375.3102 -3.401175 0.7000122 375.3535 -3.375955 0.7713013 375.3781 -3.355324 0.8117981 375.3973 -3.334048 0.8434143 375.4133 -3.311006 0.8698731 375.4275 -3.285061 0.8931275 375.4396 -3.256739 0.9129944 375.451 -3.222371 0.9317627 375.4623 -3.177567 0.9503479 375.4739 -3.113568 0.9694824 375.4862 -3.010274 0.9897766 375.5004 -2.786613 1.013184 369.6848 -3.432995 3.460144 369.7617 -3.402588 3.628052 369.7642 -3.401175 3.633392 369.799 -3.375955 3.709228 369.8187 -3.355324 3.752289 369.8342 -3.334048 3.785919 369.8471 -3.311006 3.814056 369.8584 -3.285061 3.838776 369.8681 -3.256739 3.859894 369.8773 -3.222371 3.879883 369.8863 -3.177567 3.899658 369.8956 -3.113568 3.920013 369.9055 -3.010274 3.941589 369.9169 -2.786613 3.966492 362.8358 -3.432995 6.132812 362.8937 -3.402588 6.308197 362.8956 -3.401175 6.313782 362.9217 -3.375955 6.392975 362.9366 -3.355324 6.437988 362.9482 -3.334048 6.473083 362.958 -3.311006 6.502502 362.9664 -3.285061 6.52832 362.9737 -3.256739 6.550384 362.9807 -3.222371 6.571259 362.9874 -3.177567 6.591888 362.9945 -3.113568 6.613159 363.002 -3.010274 6.635712 363.0105 -2.786613 6.661713 220.0532 -3.47573 24.33609 240.473 -3.432995 24.54599 220.1191 -3.432995 25.80472 240.4905 -3.402588 24.72983 220.1274 -3.402588 25.98923 240.491 -3.401175 24.73575 220.1277 -3.401175 25.99515 240.4989 -3.375955 24.81876 220.1314 -3.375955 26.07846 240.5034 -3.355324 24.86594 220.1335 -3.355324 26.12582 240.5068 -3.334048 24.90274 220.1352 -3.334048 26.16275 240.5098 -3.311006 24.93356 220.1366 -3.311006 26.1937 240.5123 -3.285061 24.96066 220.1378 -3.285061 26.22086 240.5145 -3.256739 24.9838 220.1389 -3.256739 26.24405 240.5166 -3.222371 25.00565 220.1398 -3.222371 26.26602 240.5187 -3.177567 25.02731 220.1408 -3.177567 26.28775 240.5207 -3.113568 25.04959 220.1418 -3.113568 26.31009 240.523 -3.010274 25.07327 220.1429 -3.010274 26.33383 240.5256 -2.786613 25.1005 220.1441 -2.786613 26.36118 191.8721 -3.010274 27.91623 191.8705 -3.113568 27.89249 191.869 -3.177567 27.87015 191.8675 -3.222371 27.84848 191.8661 -3.256739 27.82651 191.8646 -3.285061 27.80331 191.8628 -3.311006 27.77622 191.8607 -3.334048 27.74527 191.8583 -3.355324 27.70841 191.8552 -3.375955 27.6611 191.8496 -3.401175 27.57791 191.8492 -3.402588 27.57199 191.837 -3.432995 27.38767 181.0765 -3.432995 28.03549 170.2736 -3.432995 28.34641 181.0856 -3.402588 28.21994 170.2751 -3.402588 28.5311 181.0859 -3.401175 28.22586 170.2751 -3.401175 28.53702 181.09 -3.375955 28.30917 170.2758 -3.375955 28.62045 181.0923 -3.355324 28.35648 170.2762 -3.355324 28.66782 181.0941 -3.334048 28.3934 170.2765 -3.334048 28.7048 181.0956 -3.311006 28.42435 170.2769 -3.311006 28.73575 181.0969 -3.285061 28.45151 170.277 -3.285061 28.76297 181.0981 -3.256739 28.47476 170.2772 -3.256739 28.78616 181.0992 -3.222371 28.49667 170.2775 -3.222371 28.8082 181.1002 -3.177567 28.5184 170.2776 -3.177567 28.82993 181.1013 -3.113568 28.54074 170.2778 -3.113568 28.85233 181.1025 -3.010274 28.56448 170.278 -3.010274 28.87607 181.1038 -2.786613 28.59183 170.2783 -2.786613 28.90341 118.2969 -3.432995 28.32602 118.2957 -3.402588 28.51077 118.2957 -3.401175 28.51663 118.2952 -3.375955 28.60007 118.2949 -3.355324 28.64743 118.2947 -3.334048 28.68442 118.2945 -3.311006 28.71542 118.2943 -3.285061 28.74258 118.2942 -3.256739 28.76584 118.294 -3.222371 28.78781 118.2939 -3.177567 28.80954 118.2938 -3.113568 28.83194 118.2936 -3.010274 28.85568 118.2935 -2.786613 28.88309 98.4848 -3.47573 26.12485 98.3819 -3.432995 27.59134 98.36896 -3.402588 27.7756 98.36859 -3.401175 27.78146 98.36273 -3.375955 27.86472 98.35944 -3.355324 27.91196 98.35681 -3.334048 27.94882 98.35468 -3.311006 27.97977 98.35279 -3.285061 28.00687 98.35114 -3.256739 28.03006 98.34961 -3.222371 28.05197 98.34809 -3.177567 28.07364 98.3465 -3.113568 28.09598 98.34485 -3.010274 28.11972 98.3429 -2.786613 28.147 77.42859 -3.010274 26.01706 77.4314 -3.113568 25.99344 77.43402 -3.177567 25.97122 77.43653 -3.222371 25.94962 77.43915 -3.256739 25.92777 77.44184 -3.285061 25.90469 77.44501 -3.311006 25.87772 77.44867 -3.334048 25.84696 77.45301 -3.355324 25.81021 77.4585 -3.375955 25.76315 77.46826 -3.401175 25.68033 77.469 -3.402588 25.67447 77.4906 -3.432995 25.491 77.6626 -3.47573 24.03098 50.33227 -3.432995 22.4346 26.95453 -3.432995 19.91501 50.31116 -3.402588 22.61807 26.93958 -3.402588 20.09915 50.31048 -3.401175 22.62393 26.93915 -3.401175 20.10501 50.3009 -3.375955 22.70682 26.93237 -3.375955 20.18814 50.29547 -3.355324 22.75388 26.92853 -3.355324 20.23538 50.29126 -3.334048 22.79062 26.92554 -3.334048 20.27225 50.28772 -3.311006 22.82138 26.92304 -3.311006 20.30313 50.28461 -3.285061 22.84836 26.92084 -3.285061 20.33023 50.28192 -3.256739 22.87149 26.91901 -3.256739 20.35336 50.27942 -3.222371 22.89328 26.91718 -3.222371 20.37534 50.27692 -3.177567 22.91489 26.91547 -3.177567 20.397 50.27435 -3.113568 22.93717 26.91364 -3.113568 20.41928 50.27167 -3.010274 22.96072 26.91174 -3.010274 20.44296 50.26849 -2.786613 22.98795 26.90949 -2.786613 20.47025 353.7297 -3.432995 8.61841 353.7705 -3.402588 8.798584 353.7717 -3.401175 8.804352 353.7901 -3.375955 8.885712 353.8005 -3.355324 8.931946 353.8087 -3.334048 8.968018 353.8155 -3.311006 8.99823 353.8215 -3.285061 9.02475 353.8266 -3.256739 9.047426 353.8315 -3.222371 9.06888 353.8363 -3.177567 9.090088 353.8412 -3.113568 9.111908 353.8464 -3.010274 9.135103 353.8524 -2.786613 9.161806 340.5953 -3.432995 11.10178 340.626 -3.402588 11.28394 340.627 -3.401175 11.28973 340.6409 -3.375955 11.37201 340.6488 -3.355324 11.41873 340.6549 -3.334048 11.45517 340.66 -3.311006 11.48575 340.6646 -3.285061 11.51254 340.6685 -3.256739 11.53546 340.6721 -3.222371 11.55713 340.6757 -3.177567 11.57858 340.6795 -3.113568 11.60065 340.6834 -3.010274 11.62408 340.6879 -2.786613 11.65106 318.587 -3.432995 14.78268 318.6188 -3.402588 14.96463 318.6198 -3.401175 14.97049 318.6342 -3.375955 15.05264 318.6424 -3.355324 15.09927 318.6488 -3.334048 15.13571 318.6541 -3.311006 15.16623 318.6588 -3.285061 15.19302 318.6629 -3.256739 15.21591 318.6666 -3.222371 15.23758 318.6704 -3.177567 15.259 318.6743 -3.113568 15.28104 318.6784 -3.010274 15.30441 318.6831 -2.786613 15.33139 298.8072 -3.432995 18.03128 298.8318 -3.402588 18.21433 298.8327 -3.401175 18.22019 298.8438 -3.375955 18.30283 298.85 -3.355324 18.34982 298.855 -3.334048 18.38644 298.8591 -3.311006 18.41715 298.8627 -3.285061 18.44412 298.8659 -3.256739 18.46713 298.8688 -3.222371 18.48892 298.8717 -3.177567 18.51047 298.8747 -3.113568 18.53262 298.8778 -3.010274 18.55618 298.8815 -2.786613 18.58334 283.2299 -3.432995 19.77585 283.2483 -3.402588 19.95969 283.2489 -3.401175 19.96555 283.2572 -3.375955 20.04855 283.2619 -3.355324 20.09567 283.2656 -3.334048 20.13248 283.2687 -3.311006 20.1633 283.2714 -3.285061 20.19034 283.2738 -3.256739 20.21347 283.2759 -3.222371 20.23538 283.2781 -3.177567 20.25699 283.2803 -3.113568 20.27927 283.2827 -3.010274 20.30289 267.5641 -3.47573 19.94626 267.7279 -3.432995 21.40726 267.7484 -3.402588 21.59079 267.7491 -3.401175 21.59665 267.7584 -3.375955 21.67954 267.7636 -3.355324 21.72665 267.7678 -3.334048 21.7634 267.7712 -3.311006 21.79416 267.7742 -3.285061 21.8212 267.7769 -3.256739 21.84427 267.7793 -3.222371 21.86612 267.7817 -3.177567 21.88773 267.7842 -3.113568 21.91 267.7868 -3.010274 21.93362 267.7899 -2.786613 21.96079 -215.1852 2.805422 -26.58246 -61.54678 2.805422 -24.23407 -18.64237 2.805422 -19.94482 -18.64362 3.016612 -19.91477 -18.64465 3.110885 -19.88986 -18.6456 3.166993 -19.8678 -18.66864 3.413263 -19.31632 -18.65903 3.382165 -19.54636 -18.65503 3.35717 -19.6424 -18.65277 3.336501 -19.69602 -18.65109 3.315528 -19.73651 -18.64969 3.293225 -19.76953 -18.6485 3.268167 -19.79837 -18.64743 3.239725 -19.82379 -18.64649 3.207698 -19.84607 -61.61502 3.413263 -23.60873 -77.02729 3.413263 -25.35645 -97.86164 3.413263 -27.4751 -108.3412 3.413263 -28.04291 -118.8229 3.413263 -28.24991 -164.8368 3.413263 -28.27246 -175.8951 3.413263 -28.16357 -215.1554 3.413263 -25.95413 -236.3524 3.413263 -24.82282 -287.7089 3.413263 -19.24243 -298.3695 3.413263 -18.00986 -308.9937 3.413263 -16.37802 -335.4314 3.413263 -11.88129 -351.9808 3.413263 -8.919922 -335.4689 3.382165 -12.10843 -352.0286 3.382165 -9.145112 -335.4846 3.35717 -12.20331 -352.0487 3.35717 -9.239136 -335.4933 3.336501 -12.25623 -352.0598 3.336501 -9.291626 -335.4999 3.315528 -12.29623 -352.0682 3.315528 -9.33127 -335.5053 3.293225 -12.32886 -352.0751 3.293225 -9.363617 -335.51 3.268167 -12.3573 -352.0811 3.268167 -9.391817 -352.0835 3.256173 -9.403107 -335.5141 3.239725 -12.38242 -352.0864 3.239725 -9.416718 -335.5178 3.207698 -12.40442 -352.091 3.207698 -9.438538 -335.5213 3.166993 -12.42587 -352.0955 3.166993 -9.45981 -335.5249 3.110885 -12.44766 -352.1001 3.110885 -9.481386 -35.61169 3.413263 -20.66123 -35.58719 3.382165 -20.89014 -35.57693 3.35717 -20.98575 -35.57123 3.336501 -21.03909 -35.56689 3.315528 -21.07938 -35.56338 3.293225 -21.11227 -35.5603 3.268167 -21.14093 -35.55759 3.239725 -21.16626 -35.55524 3.207698 -21.18842 -35.55292 3.166993 -21.21005 -35.55057 3.110885 -21.232 -35.54788 3.016612 -21.25681 -35.54468 2.805422 -21.28671 -61.55002 3.016612 -24.20416 -61.55273 3.110885 -24.17938 -61.55514 3.166993 -24.15744 -61.55749 3.207698 -24.1358 -61.5599 3.239725 -24.11365 -61.56268 3.268167 -24.08835 -61.56579 3.293225 -24.05966 -61.5694 3.315528 -24.0268 -61.57379 3.336501 -23.98651 -61.57962 3.35717 -23.93317 -61.59006 3.382165 -23.83759 -77.00025 3.382165 -25.58508 -97.84513 3.382165 -27.70471 -76.98896 3.35717 -25.68054 -97.83823 3.35717 -27.8006 -76.98267 3.336501 -25.73383 -97.83435 3.336501 -27.85413 -76.97791 3.315528 -25.77408 -97.83145 3.315528 -27.89453 -76.97403 3.293225 -25.80692 -97.82907 3.293225 -27.92752 -76.97064 3.268167 -25.83557 -97.82701 3.268167 -27.9563 -76.96765 3.239725 -25.86084 -97.8252 3.239725 -27.98169 -76.96503 3.207698 -25.883 -97.82358 3.207698 -28.00391 -76.9625 3.166993 -25.90457 -97.82202 3.166993 -28.0256 -76.9599 3.110885 -25.92651 -97.82044 3.110885 -28.04764 -76.95697 3.016612 -25.95129 -97.81864 3.016612 -28.07251 -76.95343 2.805422 -25.98114 -97.8165 2.805422 -28.10251 -108.3328 3.382165 -28.27298 -108.3293 3.35717 -28.36905 -108.3273 3.336501 -28.42267 -108.3258 3.315528 -28.46317 -108.3246 3.293225 -28.49622 -108.3236 3.268167 -28.52503 -108.3226 3.239725 -28.55048 -108.3218 3.207698 -28.57275 -108.321 3.166993 -28.59448 -108.3202 3.110885 -28.61655 -108.3193 3.016612 -28.64148 -108.3182 2.805422 -28.67151 -118.8218 3.382165 -28.48013 -118.8213 3.35717 -28.57626 -118.821 3.336501 -28.62994 -118.8208 3.315528 -28.67044 -118.8207 3.293225 -28.70352 -118.8205 3.268167 -28.73236 -118.8204 3.239725 -28.75781 -118.8203 3.207698 -28.78012 -118.8202 3.166993 -28.80185 -118.8201 3.110885 -28.82394 -118.8199 3.016612 -28.84888 -118.8198 2.805422 -28.87897 -186.9984 2.805422 -28.25247 -215.1838 3.016612 -26.55243 -186.9965 3.016612 -28.22247 -215.1826 3.110885 -26.5275 -186.995 3.110885 -28.19757 -215.1816 3.166993 -26.50543 -186.9936 3.166993 -28.17554 -215.1805 3.207698 -26.48373 -186.9923 3.207698 -28.15384 -215.1795 3.239725 -26.46146 -186.9909 3.239725 -28.13156 -215.1783 3.268167 -26.43604 -186.9893 3.268167 -28.10617 -215.1769 3.293225 -26.40723 -186.9875 3.293225 -28.07739 -215.1753 3.315528 -26.37418 -186.9854 3.315528 -28.04437 -215.1734 3.336501 -26.33371 -186.9829 3.336501 -28.00394 -215.1709 3.35717 -26.28012 -186.9796 3.35717 -27.95038 -215.1663 3.382165 -26.18408 -186.9736 3.382165 -27.85443 -186.9593 3.413263 -27.62463 -287.7326 3.382165 -19.47144 -298.3999 3.382165 -18.23807 -287.7425 3.35717 -19.56708 -298.4125 3.35717 -18.33337 -287.748 3.336501 -19.62045 -298.4196 3.336501 -18.38654 -287.7522 3.315528 -19.66077 -298.4249 3.315528 -18.42673 -287.7556 3.293225 -19.69363 -298.4293 3.293225 -18.4595 -287.7586 3.268167 -19.72232 -298.4331 3.268167 -18.4881 -287.7612 3.239725 -19.74765 -298.4365 3.239725 -18.51334 -287.7635 3.207698 -19.76984 -298.4394 3.207698 -18.53543 -287.7657 3.166993 -19.79147 -298.4423 3.166993 -18.55698 -287.768 3.110885 -19.81342 -298.4451 3.110885 -18.57886 -287.7706 3.016612 -19.83823 -298.4484 3.016612 -18.60361 -287.7737 2.805422 -19.86813 -298.4524 2.805422 -18.63339 -309.0322 3.382165 -16.60501 -309.0483 3.35717 -16.6998 -309.0572 3.336501 -16.75269 -309.064 3.315528 -16.79263 -309.0695 3.293225 -16.82526 -309.0744 3.268167 -16.8537 -309.0786 3.239725 -16.87878 -309.0823 3.207698 -16.90076 -309.086 3.166993 -16.92221 -309.0897 3.110885 -16.94397 -309.0939 3.016612 -16.96857 -309.0989 2.805422 -16.99823 -164.8357 3.382165 -28.50266 -164.8352 3.35717 -28.59879 -164.8349 3.336501 -28.65247 -164.8347 3.315528 -28.69299 -164.8346 3.293225 -28.72604 -164.8344 3.268167 -28.75488 -164.8343 3.239725 -28.78034 -164.8342 3.207698 -28.80264 -164.8341 3.166993 -28.82437 -164.8339 3.110885 -28.84647 -164.8338 3.016612 -28.8714 -164.8337 2.805422 -28.90149 -175.9019 3.382165 -28.39371 -175.9048 3.35717 -28.48981 -175.9064 3.336501 -28.54343 -175.9076 3.315528 -28.58392 -175.9085 3.293225 -28.61701 -175.9094 3.268167 -28.64581 -175.9102 3.239725 -28.67127 -175.9108 3.207698 -28.69354 -175.9115 3.166993 -28.71527 -175.9121 3.110885 -28.73737 -175.9129 3.016612 -28.7623 -175.9138 2.805422 -28.79236 -236.3702 3.382165 -25.05234 -236.3777 3.35717 -25.14819 -236.3818 3.336501 -25.20169 -236.3849 3.315528 -25.2421 -236.3875 3.293225 -25.27506 -236.3897 3.268167 -25.30383 -236.3917 3.239725 -25.32919 -236.3934 3.207698 -25.35144 -236.3951 3.166993 -25.37311 -236.3968 3.110885 -25.39511 -236.3988 3.016612 -25.41998 -236.4011 2.805422 -25.44998 -256.6674 3.413263 -22.62216 -256.6951 3.382165 -22.85068 -256.7068 3.35717 -22.94614 -256.7132 3.336501 -22.99939 -256.7181 3.315528 -23.03961 -256.7221 3.293225 -23.07245 -256.7256 3.268167 -23.10107 -256.7286 3.239725 -23.12634 -256.7313 3.207698 -23.14847 -256.734 3.166993 -23.17008 -256.7366 3.110885 -23.19199 -256.7397 3.016612 -23.21674 -256.7433 2.805422 -23.24658 -335.5289 3.016612 -12.47226 -335.5338 2.805422 -12.50195 -352.1039 3.047311 -9.499054 -352.1053 3.016612 -9.5058 -352.1116 2.805422 -9.535219 -361.4566 3.42137 -6.259582 -370.9961 3.035892 -3.358215 -371.0019 2.999495 -3.373077 -375.4915 2.790448 -0.9313355 -375.4851 2.826916 -0.9165344 -375.4776 2.858957 -0.9005127 -370.9895 3.067894 -3.342041 -370.6619 3.273086 -2.647949 -381.8341 2.086602 3.622742 -383.2243 2.110073 6.007904 -383.3996 2.106618 5.815399 -383.5108 2.09418 5.691132 -383.5868 2.074797 5.60376 -383.6817 2.01558 5.486999 -383.6628 2.033365 5.511566 -383.6411 2.048973 5.538666 -379.7878 2.462712 2.022797 -379.7796 2.494486 2.038605 -379.7699 2.522776 2.055756 -379.7587 2.547881 2.074402 -379.7459 2.570241 2.094818 -379.7312 2.590203 2.117371 -381.8345 2.080523 3.621094 -379.8101 2.212181 1.954254 -379.7976 1.754254 1.8992 -370.9263 3.198369 -3.201202 -375.3843 3.00344 -0.72995 -370.8909 3.225994 -3.126007 -375.3618 3.016252 -0.6912232 -370.8424 3.247772 -3.023865 -375.3039 3.037389 -0.5931397 -375.0877 3.060069 -0.2331237 -381.7188 2.368255 3.810425 -381.6665 2.394713 3.877014 -379.5783 2.671191 2.331879 -379.3245 2.691201 2.670044 -379.6459 2.65073 2.239349 -379.6723 2.638168 2.202667 -379.6948 2.623979 2.170654 -379.7143 2.608045 2.142456 -370.9819 3.096209 -3.32431 -375.4689 2.887281 -0.8830872 -370.9734 3.121391 -3.304779 -375.4591 2.912445 -0.8639832 -370.9638 3.143882 -3.283112 -375.4479 2.934888 -0.8428955 -370.9529 3.164032 -3.258972 -375.4351 2.95496 -0.819458 -370.9405 3.182119 -3.231873 -375.4205 2.972939 -0.7932129 -375.4037 2.989042 -0.7636414 -377.6889 2.538361 0.4515686 -379.7949 2.425177 2.007477 -377.6788 2.628548 0.4786377 -375.5014 2.700293 -0.9580383 -371.0113 2.909588 -3.399414 -375.5074 2.577012 -0.9819336 -371.0178 2.786746 -3.422241 -375.5031 2.120332 -1.026733 -371.0197 2.332023 -3.461121 -379.8051 2.335709 1.980164 -361.6957 3.049428 -7.036163 -361.6881 3.13845 -7.009857 -356.914 3.179892 -8.338808 -361.6838 3.173896 -6.995117 -361.6788 3.205982 -6.978546 -361.6734 3.234508 -6.960205 -361.7016 2.927518 -7.058472 -366.4059 2.889272 -5.422791 -366.3995 3.011384 -5.400452 -366.391 3.10085 -5.374207 -366.3859 3.13711 -5.359314 -366.3801 3.169022 -5.342987 -366.3737 3.197289 -5.325043 -361.6675 3.259072 -6.940643 -366.3665 3.222468 -5.305206 -361.6607 3.28163 -6.918426 -366.3584 3.244996 -5.283203 -361.6531 3.301932 -6.893585 -366.3493 3.265224 -5.258606 -361.6446 3.320266 -6.865631 -366.3389 3.283437 -5.230957 -361.6348 3.336861 -6.833954 -366.3271 3.299858 -5.199646 -361.6108 3.365535 -6.756103 -366.2978 3.328004 -5.122711 -361.578 3.38899 -6.650146 -366.2578 3.35061 -5.018097 -366.1092 3.379395 -4.632568 -77.42618 -2.786613 -26.04385 -191.8747 -2.786613 -27.94315 -283.2862 -2.786613 -20.32977 -385.488 -3.47573 9.610016 -18.29773 -3.47573 -17.9086 -18.23978 -3.432995 -19.37759 -18.22446 -3.311006 -19.76663 -18.22568 -3.334048 -19.73569 -18.22711 -3.355324 -19.69873 -18.229 -3.375955 -19.6514 -18.23227 -3.401175 -19.56805 -18.23251 -3.402588 -19.56217 -18.21784 -2.786613 -19.93417 -18.2189 -3.010274 -19.90683 -18.21985 -3.113568 -19.88309 -18.22073 -3.177567 -19.86072 -18.22159 -3.222371 -19.83899 -18.22247 -3.256739 -19.81705 -18.22339 -3.285061 -19.79382 -380.2425 -2.786613 2.259003 -380.0132 -3.402588 2.552338 -380.0169 -3.401175 2.547699 -380.0682 -3.375955 2.481995 -380.0974 -3.355324 2.444641 -380.1201 -3.334048 2.415497 -380.1392 -3.311006 2.391113 -380.156 -3.285061 2.36969 -380.1703 -3.256739 2.351379 -380.1838 -3.222371 2.334045 -380.1972 -3.177567 2.316925 -380.211 -3.113568 2.299286 -380.2256 -3.010274 2.280548 -379.8995 -3.432995 2.697876 -378.9942 -3.47573 3.856201 -374.4487 -3.47573 0.7196655 -369.0728 -3.47573 -2.123474 -362.3753 -3.47573 -4.736542 -353.4068 -3.47573 -7.183899 -340.3517 -3.47573 -9.651764 -318.3341 -3.47573 -13.33426 -298.6119 -3.47573 -16.57391 -283.0842 -3.47573 -18.31268 -240.3351 -3.47573 -23.08203 -191.7405 -3.47573 -25.92044 -181.0053 -3.47573 -26.56671 -170.2619 -3.47573 -26.87595 -118.3067 -3.47573 -26.85556 -50.5014 -3.47573 -20.97376 -27.07416 -3.47573 -18.44916 -375.212 -3.432995 -0.5367432 -375.3079 -3.402588 -0.6946106 -375.311 -3.401175 -0.699646 -375.3543 -3.375955 -0.7709351 -375.3789 -3.355324 -0.8114319 -375.3981 -3.334048 -0.8430481 -375.4141 -3.311006 -0.8695068 -375.4283 -3.285061 -0.8927612 -375.4403 -3.256739 -0.9125977 -375.4518 -3.222371 -0.9313965 -375.4631 -3.177567 -0.9499817 -375.4747 -3.113568 -0.9691162 -375.487 -3.010274 -0.9894104 -375.5012 -2.786613 -1.012817 -369.6856 -3.432995 -3.459778 -369.7625 -3.402588 -3.627686 -369.765 -3.401175 -3.633026 -369.7998 -3.375955 -3.708862 -369.8195 -3.355324 -3.751923 -369.8349 -3.334048 -3.785522 -369.8479 -3.311006 -3.81369 -369.8592 -3.285061 -3.838409 -369.8688 -3.256739 -3.859528 -369.8781 -3.222371 -3.879517 -369.8871 -3.177567 -3.899261 -369.8964 -3.113568 -3.919617 -369.9063 -3.010274 -3.941223 -369.9177 -2.786613 -3.966095 -362.8365 -3.432995 -6.132416 -362.8945 -3.402588 -6.3078 -362.8963 -3.401175 -6.313416 -362.9225 -3.375955 -6.392609 -362.9374 -3.355324 -6.437592 -362.949 -3.334048 -6.472717 -362.9587 -3.311006 -6.502136 -362.9672 -3.285061 -6.527954 -362.9745 -3.256739 -6.550018 -362.9814 -3.222371 -6.570892 -362.9882 -3.177567 -6.591522 -362.9953 -3.113568 -6.612793 -363.0028 -3.010274 -6.635345 -363.0113 -2.786613 -6.661346 -220.054 -3.47573 -24.33569 -240.4738 -3.432995 -24.54559 -220.1199 -3.432995 -25.80435 -240.4912 -3.402588 -24.72949 -220.1282 -3.402588 -25.98886 -240.4918 -3.401175 -24.73535 -220.1284 -3.401175 -25.99475 -240.4997 -3.375955 -24.81839 -220.1322 -3.375955 -26.0781 -240.5041 -3.355324 -24.86557 -220.1343 -3.355324 -26.12543 -240.5076 -3.334048 -24.90237 -220.136 -3.334048 -26.16238 -240.5106 -3.311006 -24.93323 -220.1374 -3.311006 -26.19333 -240.5131 -3.285061 -24.9603 -220.1386 -3.285061 -26.22049 -240.5153 -3.256739 -24.98343 -220.1396 -3.256739 -26.24368 -240.5174 -3.222371 -25.00531 -220.1406 -3.222371 -26.26566 -240.5194 -3.177567 -25.02695 -220.1416 -3.177567 -26.28738 -240.5215 -3.113568 -25.04923 -220.1426 -3.113568 -26.30975 -240.5238 -3.010274 -25.07291 -220.1437 -3.010274 -26.33347 -240.5264 -2.786613 -25.10013 -220.1449 -2.786613 -26.36081 -191.8729 -3.010274 -27.91583 -191.8713 -3.113568 -27.89212 -191.8698 -3.177567 -27.86978 -191.8683 -3.222371 -27.84808 -191.8669 -3.256739 -27.82614 -191.8654 -3.285061 -27.80298 -191.8636 -3.311006 -27.77585 -191.8615 -3.334048 -27.74493 -191.8591 -3.355324 -27.70804 -191.8559 -3.375955 -27.66074 -191.8504 -3.401175 -27.57752 -191.85 -3.402588 -27.57163 -191.8378 -3.432995 -27.38733 -181.0773 -3.432995 -28.0351 -170.2743 -3.432995 -28.34604 -181.0864 -3.402588 -28.21961 -170.2759 -3.402588 -28.53076 -181.0867 -3.401175 -28.2255 -170.2759 -3.401175 -28.53665 -181.0908 -3.375955 -28.30881 -170.2766 -3.375955 -28.62006 -181.093 -3.355324 -28.35611 -170.277 -3.355324 -28.66745 -181.0949 -3.334048 -28.39307 -170.2773 -3.334048 -28.70441 -181.0964 -3.311006 -28.42401 -170.2776 -3.311006 -28.73538 -181.0977 -3.285061 -28.45114 -170.2778 -3.285061 -28.76257 -181.0988 -3.256739 -28.47437 -170.278 -3.256739 -28.78583 -181.0999 -3.222371 -28.49634 -170.2782 -3.222371 -28.8078 -181.101 -3.177567 -28.51804 -170.2784 -3.177567 -28.82953 -181.1021 -3.113568 -28.54041 -170.2786 -3.113568 -28.85193 -181.1033 -3.010274 -28.56415 -170.2788 -3.010274 -28.8757 -181.1046 -2.786613 -28.59146 -170.279 -2.786613 -28.90308 -118.2977 -3.432995 -28.32565 -118.2965 -3.402588 -28.51038 -118.2965 -3.401175 -28.51627 -118.296 -3.375955 -28.59967 -118.2957 -3.355324 -28.64706 -118.2954 -3.334048 -28.68405 -118.2953 -3.311006 -28.71503 -118.2951 -3.285061 -28.74222 -118.295 -3.256739 -28.76544 -118.2948 -3.222371 -28.78745 -118.2947 -3.177567 -28.80917 -118.2946 -3.113568 -28.83154 -118.2944 -3.010274 -28.85532 -118.2942 -2.786613 -28.88269 -98.4856 -3.47573 -26.12445 -98.38269 -3.432995 -27.59097 -98.36975 -3.402588 -27.77524 -98.36936 -3.401175 -27.7811 -98.36353 -3.375955 -27.86432 -98.3602 -3.355324 -27.91159 -98.35761 -3.334048 -27.94849 -98.35544 -3.311006 -27.97937 -98.35355 -3.285061 -28.0065 -98.3519 -3.256739 -28.02969 -98.35037 -3.222371 -28.05161 -98.34885 -3.177567 -28.0733 -98.34729 -3.113568 -28.09564 -98.34561 -3.010274 -28.11932 -98.34372 -2.786613 -28.14664 -77.42938 -3.010274 -26.01666 -77.43216 -3.113568 -25.99307 -77.43479 -3.177567 -25.97083 -77.43735 -3.222371 -25.94925 -77.43991 -3.256739 -25.92743 -77.44263 -3.285061 -25.90433 -77.4458 -3.311006 -25.87735 -77.44944 -3.334048 -25.84656 -77.45377 -3.355324 -25.80985 -77.45932 -3.375955 -25.76279 -77.46906 -3.401175 -25.67993 -77.46976 -3.402588 -25.67407 -77.49137 -3.432995 -25.49063 -77.66339 -3.47573 -24.03061 -50.33307 -3.432995 -22.4342 -26.95532 -3.432995 -19.91461 -50.31192 -3.402588 -22.61771 -26.9404 -3.402588 -20.09876 -50.31125 -3.401175 -22.62357 -26.93991 -3.401175 -20.10461 -50.3017 -3.375955 -22.70642 -26.93317 -3.375955 -20.18778 -50.29629 -3.355324 -22.75348 -26.92932 -3.355324 -20.23502 -50.29205 -3.334048 -22.79022 -26.92636 -3.334048 -20.27188 -50.28851 -3.311006 -22.82102 -26.92383 -3.311006 -20.30277 -50.2854 -3.285061 -22.84802 -26.92163 -3.285061 -20.32987 -50.28271 -3.256739 -22.87109 -26.91977 -3.256739 -20.35303 -50.28021 -3.222371 -22.89295 -26.918 -3.222371 -20.37494 -50.27771 -3.177567 -22.91452 -26.91623 -3.177567 -20.39661 -50.27515 -3.113568 -22.93677 -26.91443 -3.113568 -20.41892 -50.27243 -3.010274 -22.96039 -26.91251 -3.010274 -20.4426 -50.26932 -2.786613 -22.98758 -26.91028 -2.786613 -20.46991 -353.7305 -3.432995 -8.618042 -353.7712 -3.402588 -8.798218 -353.7725 -3.401175 -8.803986 -353.7909 -3.375955 -8.885347 -353.8013 -3.355324 -8.93158 -353.8095 -3.334048 -8.967653 -353.8163 -3.311006 -8.997864 -353.8223 -3.285061 -9.024384 -353.8274 -3.256739 -9.04706 -353.8323 -3.222371 -9.068512 -353.837 -3.177567 -9.089722 -353.842 -3.113568 -9.111542 -353.8472 -3.010274 -9.134737 -353.8532 -2.786613 -9.161438 -340.5961 -3.432995 -11.10141 -340.6268 -3.402588 -11.28357 -340.6278 -3.401175 -11.28937 -340.6417 -3.375955 -11.37161 -340.6495 -3.355324 -11.41833 -340.6557 -3.334048 -11.4548 -340.6608 -3.311006 -11.48535 -340.6654 -3.285061 -11.51218 -340.6692 -3.256739 -11.53509 -340.6729 -3.222371 -11.55676 -340.6765 -3.177567 -11.57819 -340.6802 -3.113568 -11.60028 -340.6842 -3.010274 -11.62372 -340.6887 -2.786613 -11.6507 -318.5878 -3.432995 -14.78235 -318.6196 -3.402588 -14.96429 -318.6206 -3.401175 -14.97009 -318.635 -3.375955 -15.05225 -318.6432 -3.355324 -15.09894 -318.6496 -3.334048 -15.13535 -318.6549 -3.311006 -15.16586 -318.6596 -3.285061 -15.19266 -318.6636 -3.256739 -15.21555 -318.6674 -3.222371 -15.23718 -318.6712 -3.177567 -15.25861 -318.675 -3.113568 -15.28067 -318.6791 -3.010274 -15.30408 -318.6838 -2.786613 -15.33102 -298.808 -3.432995 -18.03088 -298.8326 -3.402588 -18.21396 -298.8334 -3.401175 -18.21979 -298.8446 -3.375955 -18.30246 -298.8508 -3.355324 -18.34943 -298.8558 -3.334048 -18.38608 -298.8599 -3.311006 -18.41678 -298.8635 -3.285061 -18.44373 -298.8666 -3.256739 -18.46677 -298.8696 -3.222371 -18.48856 -298.8725 -3.177567 -18.5101 -298.8755 -3.113568 -18.53229 -298.8786 -3.010274 -18.55582 -298.8823 -2.786613 -18.58295 -283.2307 -3.432995 -19.77551 -283.2491 -3.402588 -19.95929 -283.2496 -3.401175 -19.96518 -283.258 -3.375955 -20.04816 -283.2627 -3.355324 -20.09531 -283.2664 -3.334048 -20.13211 -283.2695 -3.311006 -20.16293 -283.2722 -3.285061 -20.19 -283.2745 -3.256739 -20.2131 -283.2767 -3.222371 -20.23499 -283.2789 -3.177567 -20.25662 -283.2811 -3.113568 -20.2789 -283.2835 -3.010274 -20.30255 -267.5649 -3.47573 -19.94589 -267.7286 -3.432995 -21.40686 -267.7492 -3.402588 -21.59042 -267.7499 -3.401175 -21.59628 -267.7592 -3.375955 -21.6792 -267.7644 -3.355324 -21.72629 -267.7686 -3.334048 -21.76303 -267.772 -3.311006 -21.79382 -267.775 -3.285061 -21.82083 -267.7777 -3.256739 -21.84393 -267.7801 -3.222371 -21.86578 -267.7825 -3.177567 -21.88739 -267.785 -3.113568 -21.90964 -267.7876 -3.010274 -21.93323 -267.7907 -2.786613 -21.96045 215.1844 2.805422 26.58286 61.54596 2.805422 24.23447 18.6416 2.805422 19.94522 18.64282 3.016612 19.91513 18.64386 3.110885 19.89023 18.64478 3.166993 19.86813 18.66785 3.413263 19.31668 18.65826 3.382165 19.54672 18.65424 3.35717 19.64279 18.65198 3.336501 19.69638 18.65027 3.315528 19.73685 18.64893 3.293225 19.76993 18.64771 3.268167 19.79874 18.64667 3.239725 19.82413 18.64569 3.207698 19.84641 61.61426 3.413263 23.6091 77.02649 3.413263 25.35684 97.86084 3.413263 27.47543 108.3404 3.413263 28.04324 118.8221 3.413263 28.25028 164.8361 3.413263 28.2728 175.8943 3.413263 28.16397 215.1546 3.413263 25.9545 236.3516 3.413263 24.82321 287.7081 3.413263 19.24283 298.3687 3.413263 18.01022 308.9929 3.413263 16.37839 335.4307 3.413263 11.88165 351.9801 3.413263 8.920289 335.4682 3.382165 12.10879 352.0278 3.382165 9.145479 335.4838 3.35717 12.20364 352.0479 3.35717 9.239502 335.4925 3.336501 12.25662 352.059 3.336501 9.291994 335.4991 3.315528 12.2966 352.0675 3.315528 9.331635 335.5045 3.293225 12.32919 352.0743 3.293225 9.363985 335.5092 3.268167 12.3577 352.0803 3.268167 9.392183 352.0827 3.256173 9.403473 335.5133 3.239725 12.38278 352.0856 3.239725 9.417084 335.517 3.207698 12.40482 352.0902 3.207698 9.438904 335.5205 3.166993 12.42624 352.0947 3.166993 9.460175 335.5241 3.110885 12.44803 352.0993 3.110885 9.481781 35.6109 3.413263 20.66159 35.58636 3.382165 20.89053 35.57617 3.35717 20.98612 35.57043 3.336501 21.03946 35.5661 3.315528 21.07974 35.56262 3.293225 21.11264 35.55951 3.268167 21.14133 35.55682 3.239725 21.1666 35.55444 3.207698 21.18881 35.55212 3.166993 21.21042 35.54974 3.110885 21.23239 35.54712 3.016612 21.25717 35.54388 2.805422 21.28708 61.54925 3.016612 24.20456 61.55194 3.110885 24.17972 61.55432 3.166993 24.15781 61.5567 3.207698 24.1362 61.55914 3.239725 24.11404 61.56189 3.268167 24.08872 61.565 3.293225 24.06003 61.5686 3.315528 24.02719 61.573 3.336501 23.98691 61.57886 3.35717 23.93356 61.58923 3.382165 23.83798 76.99945 3.382165 25.58548 97.8443 3.382165 27.70511 76.98816 3.35717 25.68094 97.8374 3.35717 27.801 76.98188 3.336501 25.73422 97.83356 3.336501 27.85446 76.97711 3.315528 25.77445 97.83069 3.315528 27.89493 76.97327 3.293225 25.80728 97.82831 3.293225 27.92789 76.96985 3.268167 25.83597 97.82624 3.268167 27.9567 76.96686 3.239725 25.86124 97.8244 3.239725 27.98203 76.96424 3.207698 25.88333 97.82282 3.207698 28.0043 76.96167 3.166993 25.90494 97.82123 3.166993 28.02597 76.95911 3.110885 25.92691 97.81964 3.110885 28.048 76.95618 3.016612 25.95163 97.81787 3.016612 28.07291 76.95264 2.805422 25.98154 97.81568 2.805422 28.10288 108.332 3.382165 28.27335 108.3285 3.35717 28.36942 108.3265 3.336501 28.423 108.325 3.315528 28.46353 108.3238 3.293225 28.49655 108.3228 3.268167 28.52542 108.3218 3.239725 28.55081 108.321 3.207698 28.57309 108.3203 3.166993 28.59482 108.3194 3.110885 28.61691 108.3185 3.016612 28.64182 108.3174 2.805422 28.67191 118.821 3.382165 28.4805 118.8205 3.35717 28.57663 118.8203 3.336501 28.63028 118.8201 3.315528 28.67081 118.8199 3.293225 28.70389 118.8198 3.268167 28.73276 118.8196 3.239725 28.75821 118.8195 3.207698 28.78049 118.8194 3.166993 28.80222 118.8193 3.110885 28.82431 118.8192 3.016612 28.84927 118.819 2.805422 28.8793 186.9976 2.805422 28.25284 215.183 3.016612 26.55277 186.9957 3.016612 28.22281 215.1818 3.110885 26.52786 186.9942 3.110885 28.19791 215.1808 3.166993 26.50583 186.9929 3.166993 28.17587 215.1797 3.207698 26.4841 186.9915 3.207698 28.15421 215.1787 3.239725 26.46182 186.9901 3.239725 28.13193 215.1775 3.268167 26.43643 186.9885 3.268167 28.10654 215.1761 3.293225 26.40762 186.9867 3.293225 28.07773 215.1746 3.315528 26.37454 186.9847 3.315528 28.04477 215.1727 3.336501 26.33408 186.9822 3.336501 28.0043 215.1701 3.35717 26.28049 186.9788 3.35717 27.95078 215.1655 3.382165 26.18448 186.9728 3.382165 27.85477 186.9586 3.413263 27.62503 287.7318 3.382165 19.47183 298.3991 3.382165 18.23843 287.7417 3.35717 19.56741 298.4118 3.35717 18.33371 287.7473 3.336501 19.62082 298.4188 3.336501 18.38693 287.7514 3.315528 19.6611 298.4241 3.315528 18.42709 287.7548 3.293225 19.694 298.4285 3.293225 18.45987 287.7578 3.268167 19.72269 298.4323 3.268167 18.4885 287.7604 3.239725 19.74802 298.4357 3.239725 18.5137 287.7627 3.207698 19.77017 298.4386 3.207698 18.5358 287.765 3.166993 19.79184 298.4415 3.166993 18.55734 287.7672 3.110885 19.81381 298.4443 3.110885 18.57925 287.7698 3.016612 19.83859 298.4476 3.016612 18.60397 287.7728 2.805422 19.8685 298.4516 2.805422 18.63376 309.0314 3.382165 16.60538 309.0474 3.35717 16.70017 309.0564 3.336501 16.75308 309.0632 3.315528 16.793 309.0687 3.293225 16.82565 309.0736 3.268167 16.85404 309.0778 3.239725 16.87918 309.0816 3.207698 16.90115 309.0852 3.166993 16.92258 309.0889 3.110885 16.94437 309.0931 3.016612 16.96896 309.0981 2.805422 16.99857 164.8349 3.382165 28.50302 164.8344 3.35717 28.59915 164.8341 3.336501 28.6528 164.8339 3.315528 28.69333 164.8338 3.293225 28.72641 164.8336 3.268167 28.75528 164.8335 3.239725 28.78073 164.8334 3.207698 28.80301 164.8333 3.166993 28.82474 164.8332 3.110885 28.84683 164.8331 3.016612 28.8718 164.8329 2.805422 28.90183 175.9011 3.382165 28.39407 175.904 3.35717 28.49014 175.9056 3.336501 28.54379 175.9068 3.315528 28.58432 175.9078 3.293225 28.61734 175.9086 3.268167 28.64621 175.9094 3.239725 28.67166 175.91 3.207698 28.69394 175.9107 3.166993 28.71567 175.9113 3.110885 28.7377 175.912 3.016612 28.76267 175.913 2.805422 28.79269 236.3694 3.382165 25.0527 236.3768 3.35717 25.14859 236.381 3.336501 25.20206 236.3842 3.315528 25.24246 236.3867 3.293225 25.27542 236.3889 3.268167 25.30417 236.3909 3.239725 25.32956 236.3926 3.207698 25.35178 236.3943 3.166993 25.37351 236.3961 3.110885 25.39548 236.3979 3.016612 25.42038 236.4003 2.805422 25.45035 256.6666 3.413263 22.62253 256.6943 3.382165 22.85104 256.7059 3.35717 22.9465 256.7124 3.336501 22.99979 256.7174 3.315528 23.04001 256.7213 3.293225 23.07285 256.7248 3.268167 23.10147 256.7279 3.239725 23.12674 256.7305 3.207698 23.14883 256.7332 3.166993 23.17044 256.7359 3.110885 23.19235 256.7389 3.016612 23.21713 256.7425 2.805422 23.24698 335.5281 3.016612 12.47263 335.533 2.805422 12.50229 352.1031 3.047311 9.499422 352.1045 3.016612 9.506165 352.1108 2.805422 9.535585 361.4559 3.42137 6.259949 370.9953 3.035892 3.358582 371.0011 2.999495 3.373444 375.4907 2.790448 0.9317017 375.4843 2.826916 0.9169006 375.4768 2.858957 0.9008789 370.9887 3.067894 3.342407 370.6611 3.273086 2.648315 381.8333 2.086602 -3.622375 383.2235 2.110073 -6.007538 383.3988 2.106618 -5.815033 383.51 2.09418 -5.690765 383.586 2.074797 -5.603363 383.6809 2.01558 -5.486633 383.662 2.033365 -5.5112 383.6403 2.048973 -5.5383 379.787 2.462712 -2.02243 379.7788 2.494486 -2.038239 379.7691 2.522776 -2.055389 379.7579 2.547881 -2.074036 379.7451 2.570241 -2.094452 379.7304 2.590203 -2.117004 381.8337 2.080523 -3.620728 379.8093 2.212181 -1.953888 379.7968 1.754254 -1.898834 370.9255 3.198369 3.201599 375.3836 3.00344 0.7303162 370.8901 3.225994 3.126373 375.361 3.016252 0.6915894 370.8417 3.247772 3.024231 375.3031 3.037389 0.5935059 375.087 3.060069 0.2335205 381.718 2.368255 -3.810028 381.6657 2.394713 -3.876617 379.5775 2.671191 -2.331512 379.3237 2.691201 -2.669678 379.6452 2.65073 -2.238953 379.6715 2.638168 -2.202301 379.694 2.623979 -2.170288 379.7135 2.608045 -2.14209 370.9812 3.096209 3.324676 375.4682 2.887281 0.8834534 370.9727 3.121391 3.305145 375.4583 2.912445 0.8643494 370.963 3.143882 3.283478 375.4472 2.934888 0.8432617 370.9521 3.164032 3.259338 375.4343 2.95496 0.8198242 370.9396 3.182119 3.232239 375.4197 2.972939 0.7935791 375.4029 2.989042 0.7640076 377.6881 2.538361 -0.4512024 379.7941 2.425177 -2.00708 377.678 2.628548 -0.4782715 375.5007 2.700293 0.9584046 371.0105 2.909588 3.39978 375.5067 2.577012 0.9822998 371.017 2.786746 3.422607 375.5023 2.120332 1.0271 371.0189 2.332023 3.461487 379.8043 2.335709 -1.979797 361.6949 3.049428 7.03653 361.6873 3.13845 7.010223 356.9132 3.179892 8.339174 361.683 3.173896 6.995483 361.6781 3.205982 6.978912 361.6726 3.234508 6.960571 361.7008 2.927518 7.058838 366.4052 2.889272 5.423157 366.3988 3.011384 5.400818 366.3902 3.10085 5.374603 366.3851 3.13711 5.35968 366.3793 3.169022 5.343353 366.3729 3.197289 5.325409 361.6667 3.259072 6.941009 366.3657 3.222468 5.305603 361.6599 3.28163 6.918793 366.3576 3.244996 5.283569 361.6524 3.301932 6.893951 366.3485 3.265224 5.258972 361.6438 3.320266 6.865997 366.3381 3.283437 5.231323 361.634 3.336861 6.83432 366.3263 3.299858 5.200012 361.6101 3.365535 6.75647 366.2971 3.328004 5.123077 361.5772 3.38899 6.650543 366.257 3.35061 5.018463 366.1085 3.379395 4.632965</float_array>
          <technique_common>
            <accessor source="#Helice-mesh-positions-array" count="3046" stride="3">
              <param name="X" type="float"/>
              <param name="Y" type="float"/>
              <param name="Z" type="float"/>
            </accessor>
          </technique_common>
        </source>
        <source id="Helice-mesh-normals">
          <float_array id="Helice-mesh-normals-array" count="20271">-0.9971808 -6.2655e-4 -0.07503491 -0.9960784 -1.72988e-5 -0.08847516 -0.9879092 1.41712e-4 -0.1550339 -0.9887627 -8.02828e-4 -0.1494913 -0.9744849 4.2093e-4 -0.2244531 -0.9734348 8.64186e-4 -0.2289627 -0.9571149 -0.001237809 -0.2897061 -0.954528 -8.87024e-6 -0.2981212 -0.9325535 9.03182e-6 -0.361032 -0.9277551 0.001755893 -0.3731855 -0.8995372 -0.002350568 -0.4368379 -0.908458 -0.006446599 -0.4179267 -0.849986 0.001674473 -0.5268027 -0.8611549 -0.001254558 -0.5083413 -0.843226 8.37422e-4 -0.5375587 -0.8413023 -2.04699e-4 -0.540565 -0.8413023 -2.04667e-4 -0.540565 -0.8413023 -2.047e-4 -0.540565 -0.8378762 1.44054e-4 -0.5458605 -0.8475335 -1.94033e-4 -0.5307421 -0.8538193 -0.001112818 -0.5205684 -0.8152321 -0.002220988 -0.5791302 -0.8155782 -0.001124858 -0.578646 -0.8352849 -0.003785908 -0.5498045 -0.8352848 -0.003785848 -0.5498046 -0.8352849 -0.003785908 -0.5498045 -0.8371692 -0.005928874 -0.5469119 -0.8371693 -0.005928874 -0.5469118 -0.8371692 -0.005933344 -0.5469118 -0.8337389 -0.003255248 -0.5521493 -0.8337389 -0.003255188 -0.5521492 -0.8337389 -0.003255188 -0.5521494 -0.83066 -0.001678764 -0.5567777 -0.8277373 -5.83273e-4 -0.5611156 -0.8256654 -2.07832e-4 -0.5641602 -0.8256654 -2.0782e-4 -0.5641602 -0.8256653 -2.07815e-4 -0.5641602 -0.8239281 -7.82997e-5 -0.5666944 -0.8220544 6.0263e-5 -0.5694089 -0.8216342 -1.82473e-4 -0.5700152 -0.8216341 -1.82401e-4 -0.5700152 -0.8216342 -1.82296e-4 -0.5700152 -0.8189204 -4.4556e-4 -0.5739071 -0.8171126 -0.001065075 -0.5764771 -0.8171127 -0.001065135 -0.5764772 -0.8171127 -0.001065075 -0.5764772 -0.8159502 -0.001611351 -0.5781199 -0.8153259 -0.001925587 -0.5789992 -0.8149872 -0.002733051 -0.5794726 -0.8149872 -0.002733051 -0.5794726 -0.8149873 -0.002733051 -0.5794726 -0.8387215 -4.70207e-5 -0.5445609 -0.8387214 -6.37942e-5 -0.5445609 -0.8387214 -6.39708e-5 -0.5445607 -0.8304533 2.7523e-4 -0.5570883 -0.8279789 -2.20989e-4 -0.5607593 -0.8235965 0 -0.5671762 -0.8145065 0.002316772 -0.58015 -0.8145065 0.002316772 -0.58015 -0.8145065 0.002316772 -0.58015 -0.8144165 0.002125799 -0.5802769 -0.8145545 0.001880049 -0.580084 -0.8153954 0.001614809 -0.5789024 -0.8153953 0.001614809 -0.5789023 -0.8153954 0.001614809 -0.5789023 -0.8166288 7.01356e-4 -0.5771629 -0.8166288 7.01292e-4 -0.5771629 -0.8166288 7.01383e-4 -0.5771629 -0.8189748 7.66603e-5 -0.5738295 -0.8189748 7.66817e-5 -0.5738295 -0.8189749 7.66832e-5 -0.5738295 -0.8212466 -1.54126e-4 -0.5705735 -0.8263996 9.2278e-4 -0.5630835 -0.8307063 0.002780675 -0.5567041 -0.8340905 0.005012512 -0.5516049 -0.8152925 -2.32849e-4 -0.5790494 -0.8150289 5.11858e-5 -0.5794203 -0.8145694 2.45407e-4 -0.5800662 -0.8145774 3.36677e-4 -0.5800548 -0.8148345 0.001230895 -0.5796926 -0.8962258 -0.001601994 -0.4435955 -0.8820171 -2.19622e-5 -0.4712176 -0.8676987 2.66232e-5 -0.4970905 -0.8725627 -0.001160681 -0.4885008 -0.8562496 6.40785e-4 -0.5165619 -0.854264 9.74327e-4 -0.5198386 -0.8542644 9.74152e-4 -0.5198379 -0.854264 9.74341e-4 -0.5198385 -0.9994133 -0.002257645 0.03417646 -0.9997346 0 0.0230391 -0.9981919 0 -0.0601086 -0.8187556 -1.85369e-4 0.5741421 -0.8187556 -1.85339e-4 0.5741421 -0.8187556 -1.85372e-4 0.5741421 -0.8634129 0.001514256 0.5044959 -0.8678634 -7.11838e-4 0.4968025 -0.9338579 7.56332e-4 0.3576434 -0.9350755 -1.63959e-5 0.3544488 -0.962236 -1.15303e-5 0.2722169 -0.9800884 -0.001610577 0.1985552 -0.9815407 0 0.1912536 -0.9943915 0 0.1057621 -0.7861982 -0.002218127 0.6179704 -0.7797774 -0.005030214 0.6260368 -0.7424079 2.68308e-5 0.6699482 -0.6722559 -0.0100519 0.7402507 -0.6643126 -0.01320368 0.7473383 -0.6478112 -0.02156996 0.7614955 -0.6776061 0 0.7354251 -0.6700014 -0.005883812 0.7423365 -0.6700016 -0.005883634 0.7423364 -0.6700019 -0.005883634 0.742336 -0.6616756 -0.01151347 0.7497019 -0.6616756 -0.01151341 0.7497019 -0.6616756 -0.01151353 0.7497018 -0.6552905 -0.01695966 0.7551866 -0.651328 -0.01903551 0.7585576 -0.648946 -0.02117651 0.7605398 -0.6489459 -0.02117645 0.7605399 -0.6489459 -0.02117645 0.7605399 -0.6494884 -0.0206111 0.7600922 -0.6494884 -0.02061116 0.7600922 -0.6494884 -0.02061104 0.7600922 -0.6524199 -0.01887971 0.7576226 -0.6580248 -0.01589572 0.7528285 -0.6824054 -0.006672561 0.7309435 -0.6999803 -0.00213629 0.714159 -0.7219714 1.25202e-5 0.6919229 -0.1305721 0 0.9914389 -0.3718985 0 0.9282734 -0.3718989 0 0.9282733 -0.2160664 0 0.9763787 -0.1820794 -0.1495151 0.9718499 -0.2624963 0 0.964933 -0.07148241 -0.05990016 0.9956417 -0.08117222 0 0.9967002 -0.05004978 0 0.9987468 -0.05509454 0.06955873 0.9960553 -0.07163929 0 0.9974306 -0.09408479 0 0.9955643 -0.1043671 0.09009581 0.9904496 -0.1178627 0 0.99303 -0.1086775 0 0.9940771 -0.09350728 -0.09745043 0.9908379 -0.07345354 0 0.9972987 -0.06556981 0 0.997848 -0.07155346 0.04931098 0.9962171 -0.08115917 0 0.9967013 -0.0905106 0 0.9958956 -0.1022823 0.0588634 0.9930124 -0.1206724 0 0.9926924 -0.1648567 0 0.9863175 -0.1681427 0.01131993 0.9856977 -0.1699876 0 0.9854463 -0.08244168 0 0.9965959 -0.05872339 -0.06749582 0.9959899 -0.02160799 0 0.9997666 0.02310383 0 0.9997332 0.03780519 -0.05170911 0.9979465 0.04880505 0 0.9988083 0.06175833 0 0.9980912 0.06175833 0 0.9980912 0.1216337 0 0.9925751 0.1320519 -0.06607925 0.9890379 0.08680593 0 0.9962252 0.3132219 0 0.94968 0.2901969 0 0.9569669 0.2450273 -0.03799134 0.9687716 0.2435205 -0.0283643 0.9694809 0.1840746 0 0.9829124 0.1954891 0 0.9807059 0.2451717 0 0.9694797 0.2695917 0.04967021 0.9616929 0.2885758 0 0.9574571 0.123718 0.09890365 0.9873763 0.1525374 0 0.9882978 -0.01410108 0 0.9999006 -0.1487329 0.04225093 0.9879744 -0.1383867 0 0.9903783 -0.01410114 0 0.9999006 -0.1300919 -0.03485369 0.9908892 -0.1699578 0 0.9854514 -0.1727977 0 0.9849573 -0.1372593 0 0.9905351 -0.0113762 0 0.9999353 -0.0113762 0 0.9999353 0.1265513 0 0.9919601 0.1265513 0 0.9919601 -0.1935408 -0.01780676 -0.9809306 -0.3643605 -0.05180972 -0.9298157 -0.3362108 0.02197998 -0.9415302 -0.292692 -0.009045064 -0.956164 -0.284814 -1.3207e-5 -0.9585829 -0.2450157 -2.01457e-5 -0.9695191 -0.2559937 -0.03269392 -0.9661254 -0.2234581 0.008390903 -0.9746775 -0.6457979 4.12132e-5 -0.7635084 -0.6230628 0.1114288 -0.774194 -0.5810995 -0.01795279 -0.8136345 -0.537466 0.009225726 -0.8432351 -0.4813928 -0.06204789 -0.874306 -0.4668205 -3.26767e-5 -0.8843521 -0.3984054 1.13441e-5 -0.9172095 0.02112436 -1.43734e-5 -0.9997768 0.01984131 -0.004247188 -0.9997942 0.06584388 0.005164563 -0.9978166 0.06480145 0 -0.9978983 0.09743499 0 -0.9952419 0.1080152 0.03672385 -0.9934708 0.1141086 0 -0.9934684 0.1126857 0 -0.9936308 0.09477066 0 -0.9954991 0.002996444 -6.51878e-4 -0.9999954 0.01974916 0.003587365 -0.9997985 0.03770208 -0.08304899 -0.9958321 0.05419141 0 -0.9985306 0.0947709 0 -0.9954991 0.00356549 0 -0.9999937 4.90032e-4 0 -1 4.89951e-4 0 -1 -0.02055817 0 -0.9997887 -0.02055847 0 -0.9997887 -0.06039708 0 -0.9981744 -0.06039696 0 -0.9981744 -0.04891043 0 -0.9988033 -0.05268371 0.02216076 -0.9983654 -0.05927109 -0.02964878 -0.9978016 -0.08294641 0 -0.996554 -0.09146165 0 -0.9958087 -0.111275 0.01479303 -0.9936797 -0.1143988 -0.009863436 -0.993386 -0.1081832 -0.04281246 -0.9932087 -0.1046571 -0.008062005 -0.9944757 -0.1007438 0 -0.9949125 -0.1026721 0 -0.9947153 -0.1152293 -0.001569271 -0.9933378 -0.1886136 0 -0.9820514 -0.167039 0 -0.9859504 -0.1702367 0 -0.9854032 -0.157482 -0.02460628 -0.9872153 -0.1518386 0.004056394 -0.9883971 -0.1148307 -0.003725647 -0.9933781 0 1 0 0 1 0 0 1 0 0 1 1.25981e-7 0 1 -1.35187e-7 0 1 -1.62152e-7 0 1 0 0 1 0 0 1 0 0 1 0 0 1 0 0 1 0 0 1 0 0 1 0 0 1 0 0 1 0 0 1 0 0 1 0 0 1 0 0 1 0 0 1 0 0 1 0 0 1 0 0 -1 0 0 -1 -1.69644e-7 0 -1 0 0 -1 0 0 -1 0 0 -1 1.8049e-7 0 -1 -1.89451e-7 0 -1 0 0 -1 0 0 -1 0 0 -1 0 0 -1 0 0 -1 -1.25439e-7 0 -1 0 0 -1 3.19711e-7 0 -1 -1.85796e-7 0 -1 1.63671e-7 0 -1 0 0 -1 0 0 -1 2.47286e-7 0 -1 0 0 -1 0 0 -1 0 0 -1 -1.80302e-7 0 -1 1.90131e-7 0 -1 -2.31046e-7 0 -1 1.33549e-7 0 -1 -2.77408e-7 0 -1 1.28785e-7 0 -1 -1.91524e-7 0 -1 0 0 -1 3.89525e-7 0 -1 1.72646e-7 0 -1 1.85118e-7 0 -1 5.4652e-7 0.819155 0 0.5735724 0.5009975 -5.01671e-7 -0.8654488 -0.8191527 0 -0.5735757 -0.5014628 1.39534e-6 0.8651794 -0.5183973 -7.33212e-4 -0.8551397 -0.5203631 -8.94803e-4 -0.8539448 -0.5358667 -0.002872526 -0.8442978 -0.5414843 -0.003885388 -0.8407019 -0.5310317 -0.002151787 -0.8473492 -0.5287842 -0.001841008 -0.8487544 -0.526138 -0.001504957 -0.850398 -0.5241932 -0.001290142 -0.8515984 -0.5236502 -0.001236855 -0.8519325 -0.5236502 -0.001236855 -0.8519325 -0.5236502 -0.001236855 -0.8519325 -0.5221092 -0.001080334 -0.8528781 -0.5161351 -5.5459e-4 -0.856507 -0.5149863 -4.73236e-4 -0.8571984 -0.5133265 -3.62635e-4 -0.8581933 -0.5103431 -2.01257e-4 -0.8599708 -0.5074237 -7.54676e-5 -0.8616967 -0.5053557 2.93009e-6 -0.8629112 -0.512931 3.40406e-4 -0.8584298 -0.5151594 4.8684e-4 -0.8570943 -0.5164939 5.80145e-4 -0.8562907 -0.5164939 5.80116e-4 -0.8562907 -0.5164939 5.80112e-4 -0.8562907 -0.5180417 7.01393e-4 -0.8553551 -0.5185933 7.52872e-4 -0.8550207 -0.519779 8.53761e-4 -0.8543004 -0.519779 8.53758e-4 -0.8543004 -0.519779 8.53745e-4 -0.8543003 -0.5212045 9.76292e-4 -0.8534313 -0.5222463 0.001076161 -0.8527941 -0.5244446 0.001317918 -0.8514435 -0.5267645 0.001581192 -0.8500098 -0.5292044 0.001890182 -0.8484923 -0.5326912 0.002391576 -0.8463063 -0.5381885 0.003252506 -0.8428183 -0.5483793 0.005260527 -0.8362133 -0.5735363 0.01175206 -0.8190959 -0.7151054 -0.006623327 -0.6989853 -0.6514958 -5.2347e-7 -0.7586523 -0.5735762 -9.58804e-7 -0.8191523 -0.6031664 -0.02135604 -0.7973296 -0.5532709 -0.006311416 -0.8329775 -0.7071066 0 -0.707107 -0.8191526 0 -0.5735757 -0.8191526 0 -0.5735756 -0.9063082 0 -0.4226174 -0.9063081 0 -0.4226176 -0.9659263 0 -0.2588174 -0.9659264 0 -0.2588174 -0.9961949 0 -0.08715331 -0.996195 0 -0.08715331 -0.9961949 0 0.08715331 -0.996195 0 0.08715331 -0.9659263 0 0.2588174 -0.9659264 0 0.2588174 -0.9063084 0 0.4226173 -0.9063084 0 0.422617 -0.819155 0 0.5735723 -0.8191552 0 0.573572 -0.7071017 0 0.707112 -0.573576 0 0.8191525 -0.5735763 0 0.8191522 -0.3519392 1.08823e-4 0.936023 -0.3614645 4.36246e-4 0.9323858 -0.3558571 2.21222e-4 0.9345404 -0.3524227 1.23224e-4 0.935841 -0.4423383 0.01345616 0.8967474 -0.4266477 0.00916928 0.9043715 -0.3990958 0.00379455 0.9169014 -0.4226197 7.81541e-6 0.9063071 -0.4882704 0.03026014 0.8721677 -0.4648846 0.02018946 0.885141 -0.3815953 0.001923918 0.9243275 -0.3749988 0.001309275 0.9270244 -0.3684819 8.33888e-4 0.9296346 -0.3492417 5.01671e-5 0.9370326 -0.3492417 5.01522e-5 0.9370326 -0.3492417 5.01749e-5 0.9370326 -0.3509515 8.70617e-5 0.9363936 -0.3256779 -3.34982e-4 0.9454808 -0.3256779 -3.34973e-4 0.9454807 -0.3256779 -3.34972e-4 0.9454808 -0.4261391 0 0.9046577 -0.4226177 -0.002157807 0.9063056 -0.345811 0 0.9383043 -0.5735755 2.24711e-5 0.8191527 -0.6179192 0.02457863 0.7858573 -0.5517701 3.75026e-4 0.8339962 -0.8191552 1.19401e-5 0.5735722 -0.8438348 0.02248269 0.5361321 -0.7956263 -6.56959e-6 0.6057878 -0.7071012 1.25034e-5 0.7071124 -0.7439905 0.0255531 0.6677014 -0.6856648 -1.53773e-5 0.7279174 -0.9659262 8.26877e-6 0.2588174 -0.9753938 0.02228099 0.219341 -0.95328 -4.61711e-6 0.3020884 -0.9063082 8.9436e-6 0.4226173 -0.9237831 0.02318918 0.3822132 -0.8881677 -5.35593e-6 0.4595196 -0.996195 2.51763e-6 -0.08715331 -0.9928683 0.01782804 -0.1178771 -0.9995069 -2.2198e-6 -0.03140157 -0.9961949 5.33752e-6 0.08715331 -0.9984905 0.02053248 0.05094492 -0.9906013 -1.8126e-6 0.1367815 -0.9028334 0.004722356 -0.4299648 -0.936878 -1.46806e-6 -0.3496567 -0.9659264 -1.64368e-6 -0.2588174 -0.9623129 0.007845938 -0.2718313 -0.9823578 8.72396e-7 -0.1870114 -0.5996546 9.42101e-7 -0.800259 -0.6457802 5.6844e-7 -0.7635235 -0.7071049 0.002185583 -0.7071054 -0.7098868 0 -0.7043159 -0.8191525 0 -0.5735757 0.5186498 -7.53018e-4 0.8549866 0.5198782 -8.53872e-4 0.85424 0.5361044 -0.002914071 0.8441468 0.5412643 -0.003838181 0.8408437 0.5309885 -0.00214082 0.8473764 0.5286366 -0.001819014 0.8488463 0.5264484 -0.001550316 0.8502058 0.5224327 -0.001093506 0.8526799 0.5235124 -0.001217424 0.8520173 0.5225727 -0.00111711 0.8525941 0.5160695 -5.44837e-4 0.8565465 0.5151754 -4.8284e-4 0.8570847 0.5135973 -3.84505e-4 0.8580313 0.5099674 -1.82463e-4 0.8601938 0.5078236 -9.15537e-5 0.8614612 0.504733 2.16753e-5 0.8632756 0.5134675 3.6717e-4 0.858109 0.5145581 4.46609e-4 0.8574554 0.5165501 5.87328e-4 0.8562567 0.5182795 7.13705e-4 0.8552111 0.5184135 7.22595e-4 0.8551297 0.5195826 8.11912e-4 0.8544199 0.5195826 8.11908e-4 0.8544198 0.5195827 8.11889e-4 0.8544199 0.5199717 8.75398e-4 0.8541831 0.522261 0.001088201 0.8527851 0.524519 0.001328229 0.8513978 0.5274705 0.001668453 0.8495718 0.5287872 0.001846134 0.8487524 0.5330922 0.002444207 0.8460537 0.5382779 0.003272891 0.8427611 0.5483286 0.005244076 0.8362465 0.5735328 0.01175147 0.8190984 0.7150982 -0.006617188 0.6989928 0.651551 -1.04696e-6 0.7586048 0.573572 -2.19154e-6 0.8191552 0.6031487 -0.02134698 0.797343 0.553332 -0.006323814 0.8329368 0.7071067 0 0.7071068 0.8191549 0 0.5735724 0.8191547 0 0.5735726 0.9063075 0 0.422619 0.9063074 0 0.4226191 0.965925 0 0.2588223 0.965925 0 0.2588223 0.9961947 0 0.08715564 0.9961947 0 0.08715564 0.9961948 0 -0.08715564 0.9961947 0 -0.08715564 0.965925 0 -0.2588223 0.965925 0 -0.2588223 0.9063072 0 -0.4226197 0.9063073 0 -0.4226193 0.8191524 0 -0.573576 0.8191525 0 -0.573576 0.7071117 0 -0.707102 0.7071117 0 -0.7071019 0.5735726 0 -0.8191547 0.573572 0 -0.8191552 0.3506138 8.47673e-5 -0.9365202 0.3614549 4.33426e-4 -0.9323895 0.3562204 2.32128e-4 -0.9344019 0.3530148 1.41162e-4 -0.9356178 0.4423957 0.01346641 -0.8967189 0.4265955 0.009157419 -0.9043962 0.3991579 0.003803312 -0.9168744 0.4226174 5.49974e-6 -0.9063082 0.488309 0.03027272 -0.8721456 0.4648854 0.02018976 -0.8851407 0.3812304 0.001886963 -0.9244782 0.3751136 0.001318573 -0.926978 0.3683505 8.23286e-4 -0.9296867 0.3490409 5.8051e-5 -0.9371075 0.3508422 8.83786e-5 -0.9364347 0.3493496 6.37157e-5 -0.9369924 0.3493487 6.47156e-5 -0.9369929 0.3493493 6.44448e-5 -0.9369925 0.4261454 0 -0.9046548 0.4226165 -0.002162873 -0.9063061 0.3456141 0 -0.9383769 0.5735725 2.14258e-5 -0.8191549 0.6179104 0.02457427 -0.7858644 0.551775 3.76322e-4 -0.8339929 0.8191524 1.4733e-5 -0.573576 0.8438316 0.02248561 -0.5361368 0.7956119 -8.41742e-6 -0.6058067 0.7071117 1.09404e-5 -0.7071019 0.7440076 0.02555739 -0.6676822 0.6856721 -1.63284e-5 -0.7279106 0.965925 5.51318e-6 -0.2588224 0.9753939 0.02228099 -0.2193409 0.9532844 -1.02603e-6 -0.3020744 0.9063072 1.24217e-5 -0.4226197 0.9237776 0.02318704 -0.3822266 0.888171 -2.23165e-6 -0.4595131 0.9961947 -1.5261e-6 0.08715564 0.9928679 0.0178222 0.1178801 0.9995062 -2.21979e-6 0.03142392 0.9961948 5.33752e-6 -0.08715564 0.9984903 0.02053338 -0.05094498 0.9905989 -4.83359e-6 -0.1367987 0.9028309 0.004724681 0.4299699 0.936888 -1.46794e-6 0.3496297 0.965925 -1.64368e-6 0.2588223 0.9623115 0.007845282 0.2718365 0.9823661 -3.48961e-6 0.1869675 0.599662 -5.20617e-6 0.8002535 0.6455278 -5.68517e-6 0.7637368 0.7071053 0.002187848 0.707105 0.7098892 0 0.7043135 0.8191549 0 0.5735725 0.345614 0 -0.9383768 0.2588174 0 -0.9659263 0.2588174 0 -0.9659262 0.08716011 0 -0.9961943 0.08716088 0 -0.9961943 -0.08716082 0 -0.9961943 -0.08716011 0 -0.9961943 -0.2588174 0 -0.9659263 -0.2588174 0 -0.9659262 -0.4226175 0 -0.9063082 -0.5054302 0 -0.8628675 -0.509177 1.34172e-4 -0.8606619 -0.3458037 0 0.9383069 -0.2588229 0 0.9659249 -0.2588223 0 0.965925 -0.08715504 0 0.9961948 -0.08715575 0 0.9961947 0.08715581 0 0.9961948 0.08715504 0 0.9961948 0.2588222 0 0.965925 0.2588229 0 0.9659248 0.4226191 0 0.9063075 0.4226189 0 0.9063075 0.5054883 0 0.8628335 0.5090115 1.2611e-4 0.8607599 0 -1 2.06253e-7 0 -1 -2.06255e-7 0 -1 0 0 -1 2.06255e-7 0 -1 -2.836e-7 0 -1 2.06254e-6 0 -1 0 0 -1 -3.35164e-7 0 -1 2.06255e-6 0 -1 -1.28909e-7 0 -1 -2.06254e-7 0 -1 2.0626e-6 0 -1 -3.0938e-7 0 -1 2.06254e-6 0 -1 -2.06254e-7 0 -1 0 0 -1 -5.15635e-7 0 -1 0 0 -1 5.15646e-7 0 -1 -1.03126e-6 0 -1 2.57817e-7 0 -1 -1.2891e-7 0 -1 1.28909e-7 0 -1 -2.06258e-6 0 -1 4.12509e-7 0 -1 -2.06252e-6 0 -1 1.54691e-7 0 -1 -2.06254e-7 0 -1 2.06255e-7 0 -1 0 0 -1 0 0 -1 0 -0.08716934 0 -0.9961935 -0.08716845 0 -0.9961937 -0.2588188 0 -0.9659259 -0.2588179 0 -0.9659262 -0.4226019 0 -0.9063155 -0.4226027 0 -0.9063151 -0.5735943 0 -0.8191396 -0.5735936 0 -0.81914 -0.7071075 0 -0.7071061 -0.7071078 0 -0.7071059 -0.819139 0 -0.5735951 -0.8191393 0 -0.5735947 -0.9063152 0 -0.4226023 -0.9063153 0 -0.4226022 -0.9659262 0 -0.2588177 -0.9659263 0 -0.2588177 -0.9961935 0 -0.08716917 -0.9961935 0 -0.08716917 -0.9961935 0 0.08716917 -0.9961936 0 0.08716917 -0.9659263 0 0.2588175 -0.9659263 0 0.2588176 -0.9063084 0 0.4226172 -0.9063084 0 0.422617 -0.8191518 0 0.5735769 -0.819152 0 0.5735767 -0.7071066 0 0.707107 -0.7071071 0 0.7071065 -0.5735955 0 0.8191387 -0.5735949 0 0.8191391 -0.4226019 0 0.9063155 -0.4226027 0 0.9063151 -0.258818 0 0.9659262 -0.2588154 0 0.9659268 -0.08717119 0 0.9961934 -0.08716934 0 0.9961935 0.08716934 0 0.9961935 0.08717119 0 0.9961934 0.2588153 0 0.9659269 0.2588179 0 0.9659262 0.4226174 0 0.9063082 0.4226167 0 0.9063085 0.5735773 0 0.8191515 0.573578 0 0.8191511 0.7071071 0 0.7071065 0.7071066 0 0.707107 0.8191514 0 0.5735775 0.8191512 0 0.5735777 0.9063084 0 0.422617 0.9063084 0 0.4226172 0.9659265 0 0.2588165 0.9659266 0 0.2588164 0.9961934 0 0.08717095 0.9961935 0 0.08717095 0.9961935 0 -0.08717089 0.9961935 0 -0.08717095 0.9659266 0 -0.2588165 0.9659266 0 -0.2588167 0.9063153 0 -0.4226021 0.9063152 0 -0.4226024 0.8191388 0 -0.5735955 0.8191384 0 -0.573596 0.7071078 0 -0.7071059 0.7071075 0 -0.7071061 0.5735761 0 -0.8191524 0.5735767 0 -0.8191519 0.4226174 0 -0.9063082 0.4226167 0 -0.9063085 0.2588179 0 -0.9659262 0.2588187 0 -0.9659259 0.08716845 0 -0.9961937 0.08716934 0 -0.9961935 0 1 0 0 1 5.15627e-7 0 1 1.0313e-6 0 1 -4.12507e-7 0 1 1.03127e-6 0 1 0 0 1 -2.06259e-6 0 1 2.57817e-7 0 1 -2.06254e-7 0 1 0 0 1 2.38482e-7 0 1 -2.06255e-6 0 1 1.74027e-7 0 1 0 0 1 2.06255e-7 0 1 1.54691e-7 0 1 -3.60947e-7 0 1 2.06258e-6 0 1 -1.03126e-6 0 1 0 0 1 1.03128e-6 0 1 -5.15636e-7 0 1 0 0 1 -5.15646e-7 0 1 0 0 1 1.03126e-6 0 1 0 0 1 2.06254e-7 0 1 -2.06252e-6 0 1 0 0 1 0 0 1 -2.06254e-6 0 1 0 0 1 2.06255e-6 0 1 0 0 1 0 0 1 -2.0625e-6 0 1 2.0626e-6 0 1 0 0 1 0 0 1 1.03129e-6 0 1 0 0 1 0 0 1 0 0.8498404 0.001714527 0.5270375 0.8611879 -0.001240372 0.5082852 0.8431159 8.74301e-4 0.5377314 0.8431159 8.74263e-4 0.5377314 0.8431159 8.74303e-4 0.5377314 0.8411371 -1.8764e-4 0.540822 0.8411371 -1.87636e-4 0.540822 0.8411371 -1.87674e-4 0.540822 0.8377202 1.20021e-4 0.5460997 0.8476186 -1.94052e-4 0.530606 0.8538194 -0.001165807 0.5205681 0.8151265 -0.00222069 0.5792789 0.8155781 -0.001153945 0.578646 0.8352587 -0.004998266 0.5498347 0.8372286 -0.005473196 0.5468258 0.8337852 -0.003440439 0.5520781 0.8337853 -0.003440439 0.5520781 0.8337853 -0.003440439 0.5520781 0.8308209 -0.001678645 0.5565373 0.8274684 -5.83102e-4 0.5615121 0.8274683 -5.83072e-4 0.5615121 0.8274683 -5.83046e-4 0.5615121 0.8258227 -2.32244e-4 0.56393 0.8239253 -3.91502e-5 0.5666985 0.8222713 6.02588e-5 0.5690957 0.8195781 -5.90196e-4 0.5729672 0.819578 -5.90301e-4 0.5729673 0.8195781 -5.90405e-4 0.5729671 0.8193219 -2.74324e-4 0.5733338 0.8170986 -0.001156568 0.576497 0.8170984 -0.001156568 0.576497 0.8170985 -0.001156568 0.576497 0.8159789 -0.001611292 0.5780795 0.815979 -0.001611351 0.5780794 0.815979 -0.001611232 0.5780794 0.8153587 -0.001969456 0.5789529 0.8153587 -0.001969456 0.578953 0.8153587 -0.001969456 0.578953 0.8152587 -0.002122998 0.5790932 0.8399468 -5.51829e-5 0.5426688 0.8399468 -6.39187e-5 0.5426689 0.8399469 -6.4014e-5 0.5426688 0.8304392 2.54838e-4 0.5571094 0.8279698 -2.27752e-4 0.5607727 0.8239824 2.48463e-4 0.5666154 0.8239823 2.48452e-4 0.5666154 0.8239824 2.48399e-4 0.5666154 0.8145733 0.002165198 0.5800567 0.8147431 0.001949429 0.5798189 0.8146923 0.002095282 0.5798897 0.8153659 0.001605749 0.5789439 0.8153659 0.001605808 0.5789439 0.8153659 0.001605868 0.5789437 0.8168678 7.16241e-4 0.5768244 0.8168678 7.16205e-4 0.5768245 0.8168678 7.16201e-4 0.5768245 0.8189558 1.53408e-4 0.5738567 0.8189558 1.53377e-4 0.5738567 0.8189558 1.534e-4 0.5738567 0.8213515 -7.70448e-5 0.5704225 0.8265082 8.07545e-4 0.562924 0.8307067 0.002780675 0.5567035 0.8340924 0.00521034 0.5516002 0.8153006 -2.32851e-4 0.5790379 0.8150064 -7.77767e-6 0.5794519 0.8145602 2.80462e-4 0.580079 0.8146034 2.56293e-4 0.5800184 0.8148598 0.001326799 0.5796566 0.8550545 9.69095e-4 0.5185372 0.8550544 9.69013e-4 0.5185372 0.8550546 9.69044e-4 0.5185371 0.8562515 7.02396e-4 0.5165588 0.8725253 -0.001168847 0.4885675 0.8676663 3.54983e-5 0.4971472 0.8818458 -2.19608e-5 0.4715382 0.997175 -6.26528e-4 0.07511013 0.9960359 -1.7299e-5 0.08895277 0.9878976 1.41705e-4 0.1551078 0.9887751 -8.215e-4 0.1494089 0.9744307 4.54112e-4 0.2246876 0.9744308 4.5412e-4 0.2246876 0.9744307 4.54136e-4 0.2246876 0.9734231 8.4284e-4 0.2290127 0.9571149 -0.001237809 0.2897061 0.9545281 -8.87023e-6 0.298121 0.9325685 0 0.3609932 0.9277874 0.001755952 0.3731053 0.8995413 -0.002359211 0.4368295 0.9082123 -0.006444811 0.4184602 0.8962909 -0.001606523 0.4434639 0.9994165 -0.00224328 -0.03408515 0.9997346 0 -0.02303916 0.9982112 1.79459e-5 0.05978733 0.8189767 -2.26611e-4 -0.5738269 0.8189767 -2.26675e-4 -0.5738269 0.8189767 -2.26617e-4 -0.5738268 0.8633809 0.001532375 -0.5045505 0.8678646 -7.43376e-4 -0.4968003 0.9338855 7.38396e-4 -0.3575716 0.9350725 -6.93452e-6 -0.3544567 0.9622789 -1.15212e-5 -0.2720655 0.9622789 -1.15167e-5 -0.2720655 0.9622789 -1.14968e-5 -0.2720655 0.9800692 -0.001610517 -0.1986496 0.9815415 -1.69895e-5 -0.1912495 0.994411 5.83753e-7 -0.105579 0.9944109 5.34259e-7 -0.105579 0.994411 5.21112e-7 -0.105579 0.7861779 -0.002243459 -0.6179963 0.7797502 -0.004994869 -0.6260709 0.742446 5.77071e-6 -0.669906 0.672223 -0.01005244 -0.7402805 0.664864 -0.01296818 -0.7468519 0.6484477 -0.02114886 -0.7609654 0.6484478 -0.02114886 -0.7609654 0.6484476 -0.02114886 -0.7609655 0.6776207 0 -0.7354117 0.6710342 -0.005924403 -0.7414028 0.6710341 -0.005924403 -0.7414029 0.6710341 -0.005924344 -0.7414029 0.6608528 -0.01251059 -0.7504113 0.6562833 -0.01607024 -0.7543434 0.6562833 -0.0160703 -0.7543435 0.6562832 -0.0160703 -0.7543436 0.650737 -0.01922959 -0.7590598 0.6507369 -0.01922953 -0.7590597 0.6507369 -0.01922959 -0.7590599 0.6485543 -0.02121132 -0.7608728 0.649195 -0.0205841 -0.7603434 0.6522153 -0.01901435 -0.7577953 0.6522154 -0.01901435 -0.7577953 0.6522154 -0.01901435 -0.7577953 0.6581164 -0.01612854 -0.7527436 0.682433 -0.006750166 -0.730917 0.7000688 -0.002136051 -0.7140723 0.7218328 0 -0.6920675 0.130549 0 -0.9914419 0.3718998 0 -0.928273 0.3719001 0 -0.9282728 0.2160711 0 -0.9763776 0.1820836 -0.1495091 -0.9718502 0.2625006 0 -0.9649319 0.07148367 -0.05988264 -0.9956426 0.08116906 0 -0.9967004 0.05004894 0 -0.9987468 0.05509459 0.06957441 -0.9960543 0.07164323 0 -0.9974304 0.09408217 0 -0.9955645 0.1043665 0.09011042 -0.9904482 0.1178643 0 -0.9930297 0.1086781 0 -0.994077 0.09350794 -0.0974524 -0.9908378 0.07345283 0 -0.9972987 0.06556838 0 -0.9978482 0.07155239 0.0493161 -0.996217 0.08115875 0 -0.9967013 0.09051591 0 -0.995895 0.1022837 0.05884373 -0.9930134 0.1206666 0 -0.9926931 0.1648556 0 -0.9863178 0.1681435 0.01132237 -0.9856975 0.1699883 0 -0.9854462 0.08244186 0 -0.996596 0.05872225 -0.06749165 -0.9959903 0.0216127 0 -0.9997665 -0.02310222 0 -0.9997332 -0.0378068 -0.05172395 -0.9979456 -0.04881042 0 -0.9988081 -0.06175661 0 -0.9980913 -0.06175661 0 -0.9980913 -0.1216365 0 -0.9925748 -0.132052 -0.06606835 -0.9890387 -0.08681595 0 -0.9962244 -0.3132219 0 -0.94968 -0.2902077 0 -0.9569637 -0.2450241 -0.03799992 -0.968772 -0.2435171 -0.02837252 -0.9694815 -0.1840616 0 -0.9829148 -0.1955012 0 -0.9807035 -0.2451756 0 -0.9694787 -0.2695928 0.04966276 -0.961693 -0.2885739 0 -0.9574577 -0.3132221 0 -0.94968 -0.1237179 0.09892034 -0.9873747 -0.1525422 0 -0.988297 0.01410484 0 -0.9999006 0.1487321 0.04224973 -0.9879746 0.1383856 0 -0.9903784 0.01410561 0 -0.9999006 0.1300842 -0.03487873 -0.9908893 0.1699811 0 -0.9854474 0.172796 0 -0.9849576 0.1372569 0 -0.9905356 0.01137673 0 -0.9999354 0.0113762 0 -0.9999353 -0.1265373 0 -0.991962 -0.1265366 0 -0.991962 0.1935414 -0.0178197 0.9809303 0.3643566 -0.05179291 0.9298182 0.3362125 0.02196061 0.9415302 0.2926899 -0.009032666 0.9561648 0.2848173 -3.3018e-5 0.9585819 0.2450172 -3.02187e-5 0.9695188 0.2559913 -0.03271114 0.9661256 0.2234632 0.008390843 0.9746763 0.6457979 4.12132e-5 0.7635085 0.6230683 0.111371 0.7741978 0.5811032 -0.01793825 0.8136321 0.5374659 0.009225726 0.8432351 0.4813976 -0.06205797 0.8743028 0.4668195 -1.08922e-5 0.8843527 0.398406 2.26883e-5 0.9172092 -0.02112692 -9.38118e-7 0.9997769 -0.01984363 -0.004231452 0.9997941 -0.06584584 0.00518018 0.9978165 -0.06479918 0 0.9978984 -0.09743583 0 0.9952418 -0.1080154 0.03672164 0.9934709 -0.114108 0 0.9934684 -0.1126866 0 0.9936307 -0.1126866 0 0.9936307 -0.09476858 0 0.9954993 -0.002976894 -6.57238e-4 0.9999954 -0.01974862 0.003587365 0.9997986 -0.03770214 -0.08304977 0.995832 -0.05419111 0 0.9985306 -0.09476888 0 0.9954994 -0.003548741 0 0.9999938 -4.90674e-4 0 0.9999999 -4.90674e-4 0 1 0.02055805 0 0.9997887 0.02055752 0 0.9997887 0.06039708 0 0.9981744 0.04891049 0 0.9988033 0.05268263 0.02215659 0.9983655 0.05927109 -0.02966433 0.9978011 0.08295917 0 0.996553 0.09146076 0 0.9958087 0.1112749 0.01479303 0.9936797 0.1143991 -0.009865581 0.9933859 0.1081823 -0.04282009 0.9932085 0.1046563 -0.008074283 0.9944757 0.1007378 0 0.9949131 0.1886105 0 0.982052 0.1670376 0 0.9859506 0.1670377 0 0.9859506 0.1702452 0 0.9854018 0.157487 -0.02461647 0.9872142 0.1518409 0.004064619 0.9883966 0.1152284 -0.003642022 0.9933324 0.1148254 -0.001478731 0.9933846 0.1029499 0 0.9946866 0 1 0 0 1 3.491e-7 0 1 0 0 1 -1.88974e-7 0 1 0 0 1 0 0 1 0 0 1 0 0 1 0 0 1 0 0 1 0 0 1 0 0 1 0 0 1 0 0 1 0 0 1 0 0 1 0 0 1 0 0 1 0 0 1 0 0 1 0 0 1 0 0 1 0 0 1 0 0 -1 -3.39291e-7 0 -1 0 0 -1 0 0 -1 0 0 -1 0 0 -1 0 0 -1 -1.2045e-7 0 -1 0 0 -1 0 0 -1 2.01965e-7 0 -1 0 0 -1 0 0 -1 0 0 -1 3.19721e-7 0 -1 0 0 -1 -1.22755e-7 0 -1 1.22405e-7 0 -1 0 0 -1 0 0 -1 1.23651e-7 0 -1 1.20204e-7 0 -1 0 0 -1 0 0 -1 -1.29172e-7 0 -1 2.7742e-7 0 -1 0 0 -1 -1.71712e-7 0 -1 0 0 -1 -1.91528e-7 0 -1 0 0 -1 1.94762e-7 0 -1 0 0 -1 -1.90131e-7 0 -1 0 0 -1 9.49512e-7 0 -1 -1.85122e-7 0 -1 -5.46482e-7 -0.003090023 0.9997822 0.02064251 -0.03681504 0.9961247 0.0798766 -0.1079548 0.985192 0.1332019 -0.1526011 0.9391843 0.3076456 -0.1786947 0.9137838 0.364784 -0.2472553 0.8330376 0.4948872 -0.3227581 0.6922157 0.6454958 -0.3227581 0.6922156 0.6454957 -0.3227581 0.6922156 0.6454958 -0.3419154 0.4956987 0.7983587 -0.3419154 0.4956987 0.7983588 -0.3419154 0.4956987 0.7983588 -0.3660283 0.3615519 0.8574984 0.1045572 0.732635 0.6725428 0.05976533 0.8928588 0.4463534 0.02305257 0.9522961 0.3043041 -0.0329433 0.9689106 0.2452085 -0.01605063 0.9943899 0.1045521 -0.009786546 0.9986562 0.05089443 -0.0059098 0.9991811 0.04003047 -0.02486735 0.9993345 0.02668654 -0.01324617 0.9997346 0.01884675 -0.002510786 0.9999439 0.01029741 -1.59155e-4 0.9999996 9.53297e-4 -0.01336926 0.9959191 0.08925455 -0.01647204 0.9969538 0.07623523 -0.02541494 0.9975588 0.06504225 -0.02304518 0.989231 0.1445377 -0.02119058 0.9864 0.1629912 -0.01389974 0.9865938 0.1626029 -0.009495437 0.982741 0.1847433 -0.004954457 0.9741399 0.2258917 0.02705663 0.9234098 0.3828608 0.0358355 0.8958133 0.4429835 0.160174 0.07172727 0.9844793 -0.3799352 0.2444791 0.8921207 -0.3857303 0.1761224 0.9056451 -0.3857303 0.1761224 0.9056451 -0.3857302 0.1761225 0.9056451 -0.3894743 0.07124751 0.9182776 -0.3894742 0.07124745 0.9182776 -0.3894743 0.07124751 0.9182776 -0.1305416 0.9560146 0.2626695 -0.1215676 0.9623179 0.2432398 -0.005572915 0.9994518 0.03263682 -0.004418373 0.9994225 0.03369116 -0.01031637 0.9992001 0.03863793 -0.01174372 0.9997029 0.02136421 -0.00359416 0.9997834 0.02050179 -0.00357449 0.9997837 0.02049189 -0.002835631 0.9997835 0.02061927 -0.003288149 0.9997718 0.02111119 -0.001564741 0.9997918 0.02034991 -0.002093017 0.9997834 0.02070915 -1.37512e-4 0.9997829 0.02083659 -1.42879e-4 0.9997829 0.02084255 0.001313984 0.9997836 0.02076035 0.002394974 0.9997857 0.02056378 0.002537965 0.9997831 0.0206713 0.003922164 0.9997836 0.02043205 0.00458604 0.9997894 0.02000439 0.3131352 -0.0235849 0.9494158 0.004972636 0.9997835 0.02020806 0.006081402 0.9997835 0.01989936 0.006115436 0.9997848 0.01982599 0.006564676 0.9997832 0.01976263 0.006573975 0.9997837 0.01973539 0.006476461 0.9997836 0.01976817 0.006473004 0.9997831 0.01979982 0.005128502 0.9997841 0.02013838 0.005099833 0.999783 0.0202009 0.003614902 0.9997836 0.02048772 0.002860844 0.9997784 0.02085709 0.002562105 0.9997835 0.02065128 0.001680314 0.9997836 0.02073532 0.001479506 0.9997804 0.0209062 0.00132066 0.9997836 0.0207597 0.001020312 0.9997837 0.02077722 0.001065075 0.9997866 0.02063179 -6.44765e-5 0.9997762 0.02115929 1.93797e-4 0.9997831 0.02082824 -0.001671612 0.9997834 0.02074903 -0.002290487 0.9997765 0.02102035 -0.001419246 0.9997844 0.02071934 -0.002301394 0.9997829 0.02071177 -0.002278506 0.9997837 0.02067756 -0.002375423 0.9997837 0.02066582 -0.002471745 0.9997795 0.0208581 -0.001907706 0.9997884 0.02048373 -0.00205177 0.9997836 0.02070188 -0.001465022 0.9997836 0.02075189 -0.00157684 0.9997774 0.02103811 -8.79992e-4 0.9997949 0.02023923 -0.001046061 0.9997828 0.02081894 0.002806365 0.9998017 0.01971799 -0.001921713 0.9996206 0.02747607 0.001902282 0.999611 0.02782845 -9.97592e-5 0.9995997 0.02829211 0.04683041 0.8143574 0.5784714 0.1410594 -0.4078339 0.9020941 0.1607382 0.152409 0.9751589 -0.009756684 -0.5142063 0.8576111 -0.02076172 -0.09243017 0.9955028 -0.126775 0.2269442 0.9656213 -0.1281452 0.019634 0.9915611 -0.1699249 0.0196827 0.9852604 -0.1698847 0.1478173 0.9743149 -0.1727974 0.002317667 0.9849547 0.02548956 0.9275528 0.3728221 0.01593136 0.9482355 0.3171683 -0.006934583 0.9481073 0.3178749 -0.006970167 0.9481394 0.3177782 -0.04082494 0.9480875 0.3153784 -0.0408464 0.9481788 0.3151009 -0.05454319 0.9482486 0.3128092 -0.05454421 0.9482507 0.312803 -0.04122275 0.9481716 0.3150736 0.1265406 0.01390463 0.991864 0.1043255 -0.5984418 0.7943448 0.07368201 0.3971453 0.9147932 0.06773835 0.5329722 0.8434169 0.06773841 0.5329722 0.8434169 0.06773835 0.5329722 0.8434169 -0.01852095 -0.3729659 0.9276602 -0.01852089 -0.3729659 0.9276602 -0.01852095 -0.3729659 0.9276602 -0.02169823 -0.001003682 0.9997641 -0.1241592 0.297374 0.9466537 -0.1241592 0.2973741 0.9466537 -0.1241592 0.297374 0.9466537 -0.1275616 0.09832346 0.9869452 -0.1709394 0.09840494 0.9803552 -0.1709393 0.09848588 0.9803471 -0.1297596 0.09841686 0.9866492 -0.1178764 -0.4211007 0.8993217 -0.007025063 0.5705078 0.8212621 -0.007226943 0.4304527 0.9025843 0.1153668 -0.1465845 0.9824477 0.1243167 0.01295441 0.9921581 0.1243148 0.01295441 0.9921583 0.1243148 0.01295441 0.9921583 0.195473 0.01322627 0.9806199 0.064583 -0.9577301 0.2803255 0.245145 0.01518553 0.9693675 -0.1383868 0.002267181 0.9903757 -0.1107231 -0.5822362 0.805445 -0.01033133 0.6805911 0.7325907 -0.007315039 0.4945371 0.8691258 0.1168645 -0.2985777 0.9472033 0.1167105 0.09888845 0.9882306 0.2234971 0.09892499 0.9696716 0.223488 0.09923607 0.9696419 0.293746 0.09929466 0.9507124 0.2905476 -0.1791186 0.9399462 0.3043193 0.2700386 0.9134927 0.3043194 0.2700386 0.9134927 0.3043194 0.2700386 0.9134927 0.2885425 0.01562017 0.9573397 0.2885408 0.01562011 0.9573402 0.2885409 0.01562017 0.9573403 0.2663551 -0.4003118 0.8768155 0.298818 0.3259888 0.8969053 0.2986273 0.3277852 0.8963139 0.2986269 0.3277849 0.8963142 0.2986275 0.3277848 0.896314 0.2551371 0.5696405 0.7812905 0.2043194 0.7446233 0.6354445 0.3088365 0.099182 0.9459297 0.3088365 0.099182 0.9459298 0.2424036 0.09880399 0.9651312 0.2424056 0.09867197 0.9651443 0.1363943 0.09873855 0.9857218 0.06590718 0.8768272 0.476267 0.1840279 0.02396786 0.9826288 0.184028 0.02396786 0.9826288 0.1840279 0.02396786 0.9826288 0.2435243 0.02407407 0.969596 0.2435231 0.02407407 0.9695963 0.2435231 0.02407407 0.9695963 0.243596 0.01320344 0.9697869 0.243596 0.01320338 0.9697869 0.243596 0.01320338 0.9697869 0.2901701 0.01357245 0.9568789 0.04946762 0.7648052 0.6423597 0.08680379 0.01049739 0.9961702 0.1323337 0.01081049 0.9911463 0.1323338 0.01081049 0.9911463 0.1323338 0.01081049 0.9911463 0.1363905 0.09888738 0.9857074 0.07056105 0.09896951 0.9925856 0.06472998 -0.3246072 0.9436315 0.06473004 -0.3246072 0.9436314 0.06472992 -0.3246072 0.9436314 0.04607093 0.4481527 0.8927691 0.04607087 0.4481527 0.8927692 0.04607093 0.4481527 0.8927692 0.001787304 0.9744423 0.2246307 0.02310043 0.01732301 0.9995831 0.04879885 0.01725131 0.9986597 -0.02846777 0.9914386 0.1274333 -0.02751678 0.9912751 0.1289053 -0.02262538 0.9912906 0.1297343 -0.02262687 0.9912908 0.1297325 -0.0203095 0.9912887 0.1301319 -0.02029269 0.9912864 0.1301519 -0.01329946 0.9912826 0.1310808 -0.01327556 0.9912797 0.1311039 -9.92766e-4 0.9912623 0.1319025 -9.4675e-4 0.9912561 0.1319492 0.01533401 0.9912596 0.1310312 0.01529204 0.9912646 0.1309988 0.02956461 0.9912648 0.1285308 0.02950304 0.9912729 0.1284828 0.03888005 0.991284 0.1258742 0.03884649 0.9912886 0.125849 0.04162174 0.9912906 0.1249427 0.04162007 0.9912908 0.1249418 0.04089361 0.9912902 0.1251864 0.040919 0.9912852 0.1252177 0.03215306 0.9912747 0.1278308 0.03222227 0.9912638 0.1278985 0.01803153 0.9912661 0.1306391 0.01797288 0.991276 0.1305719 0.009327948 0.9912859 0.1313969 0.009312987 0.9912896 0.1313709 0.006787538 0.9912904 0.131519 0.006788671 0.99129 0.1315221 0.001092016 0.9912811 0.1317599 0.001152217 0.9912683 0.1318559 -0.01416194 0.9912543 0.1312038 -0.01420998 0.9912646 0.1311213 -0.02385598 0.9912878 0.1295352 -0.02719753 0.9975985 0.06369847 -0.01157349 0.9977295 0.06634831 -0.01157176 0.9977295 0.06634742 -0.01036632 0.997729 0.06655538 -0.01037806 0.9977283 0.06656217 -0.006775617 0.9977273 0.06704086 -0.006789445 0.9977266 0.06704968 -4.62465e-4 0.9977218 0.06746172 -4.84199e-4 0.9977203 0.0674833 0.007805049 0.9977215 0.06701576 0.007820785 0.9977226 0.06699645 0.01507169 0.9977228 0.06574273 0.01508867 0.9977247 0.06570959 0.01985895 0.9977278 0.06438195 0.01986688 0.9977288 0.06436181 0.02128511 0.9977294 0.06389862 0.02128541 0.9977295 0.06389784 0.02092897 0.9977293 0.06401795 0.02092689 0.997728 0.06403923 0.01650041 0.9977254 0.06535941 0.01647925 0.9977224 0.06541043 0.009165823 0.9977228 0.06682324 0.009191811 0.9977255 0.06677794 0.004755735 0.9977282 0.06720083 0.004762828 0.9977292 0.06718546 0.003472328 0.9977294 0.06726115 0.003471851 0.9977293 0.06726282 6.2695e-4 0.997727 0.06738203 5.89305e-4 0.9977236 0.06743347 -0.007311403 0.9977197 0.06709837 -0.007267415 0.9977226 0.06705921 -0.02361923 -0.986336 0.1630443 -0.1648467 0.01103329 0.9862576 -0.180123 0.01115131 0.9835809 -0.1259134 -0.6718098 0.7299435 -0.03941261 0.9023295 0.4292417 -0.08243793 0.01081979 0.9965376 -0.02160787 0.01080393 0.9997082 -0.01113849 0.9977287 0.06643444 -0.003577709 0.9997659 0.02133917 -0.002520561 0.9997848 0.02059465 -0.001848697 0.9997823 0.0207886 -0.0017789 0.9997852 0.02064949 -0.001628637 0.9997837 0.02073734 -0.00143069 0.9997836 0.02075278 -0.03979653 -0.8856904 0.4625678 -0.09049296 0.019643 0.9957034 -0.0904929 0.019643 0.9957033 -0.09049391 0.019643 0.9957033 -0.1206486 0.01964521 0.9925009 -0.1206486 0.01964521 0.992501 -0.1206486 0.01964521 0.992501 -0.0312764 0.8896134 0.4556424 -0.06555795 0.01932317 0.9976617 -0.08114361 0.01930612 0.9965155 0.06275361 0.8657882 0.4964603 0.08731079 0.8610862 0.5009065 0.04102748 0.8609791 0.5069832 0.04100614 0.8610312 0.5068963 -0.01106393 0.8609563 0.5085588 -0.01107108 0.8610013 0.5084825 -0.06525611 0.8608841 0.504599 -0.06523287 0.8610946 0.5042428 -0.08729112 0.8612592 0.5006127 -0.08729135 0.8612598 0.5006115 -0.06603479 0.8610763 0.5041696 -0.066069 0.8608035 0.5046308 -0.004041612 0.8609109 0.5087399 -0.004027545 0.8608215 0.5088911 0.05931556 0.860875 0.5053476 0.05929666 0.8609241 0.505266 0.1142375 0.8609144 0.4957582 0.1141741 0.8610389 0.4955567 0.1501038 0.8611756 0.4856392 0.1500596 0.8612486 0.4855236 0.1606036 0.861274 0.4820932 0.1606012 0.8612776 0.4820874 0.1577379 0.8612711 0.4830435 0.1577826 0.861193 0.483168 0.1238892 0.8610536 0.493192 0.1239548 0.8609198 0.493409 0.06970596 0.8609483 0.503894 0.06966245 0.8610864 0.5036641 0.03603345 0.8612219 0.5069502 0.03602534 0.861266 0.5068761 0.0261864 0.8612759 0.5074624 0.02618789 0.861265 0.507481 0.004024922 0.8611461 0.5083418 0.004039347 0.8609968 0.5085945 -0.05445009 0.8608139 0.5059987 -0.05444175 0.860911 0.5058344 -0.0919916 0.8612237 0.4998313 -0.09198248 0.8612696 0.499754 -0.07290083 0.8610845 0.5032088 -0.07289248 0.8611333 0.5031264 -0.04355853 0.861271 0.5062757 -0.04355621 0.8612958 0.5062336 -0.0347945 0.8612968 0.5069095 -0.03479796 0.8612551 0.5069802 -0.05556863 0.8612609 0.5051156 -0.05556929 0.8612556 0.5051246 -0.05981236 0.8612715 0.5046127 -0.06875956 0.251077 0.9655219 -0.06875956 0.251077 0.9655219 -0.04983502 0.09246212 0.9944683 -0.05010378 0.02164757 0.9985095 -0.07162171 0.02179807 0.9971938 -0.01649487 -0.9816777 0.1898339 -0.09406769 0.01954704 0.9953739 -0.1176849 0.0197336 0.9928549 -0.1176849 0.01973366 0.992855 -0.1176849 0.0197336 0.992855 -0.1172631 0.1007707 0.987975 -0.1172631 0.1007707 0.987975 -0.1172631 0.1007707 0.987975 -0.1022459 0.3543947 0.9294892 -0.1022459 0.3543947 0.9294892 -0.1022459 0.3543947 0.9294892 -0.1086565 0.0192905 0.9938922 -0.07343918 0.01928085 0.9971133 -0.04971462 0.9561064 0.2887719 -0.1305608 0.01331084 0.991351 -0.07160627 0.01295745 0.9973489 -0.07160556 0.01295751 0.9973489 -0.07160562 0.01295751 0.9973489 -0.01114594 0.9977282 0.0664401 -0.008183598 0.9977285 0.06686502 -0.008179128 0.9977288 0.06686097 -0.00578159 0.9977288 0.06711184 -0.005778372 0.9977293 0.0671041 -0.004602849 0.9977294 0.06719452 -0.004607141 0.9977284 0.06720674 -0.00737828 0.9977287 0.06695711 -0.007372558 0.9977292 0.06694924 -0.007925629 0.9977295 0.06688117 -0.007926523 0.9977293 0.06688314 -0.006643056 0.9977292 0.06702613 -0.00664401 0.997729 0.06702727 -0.005034148 0.9977293 0.06716436 -0.005033075 0.9977294 0.06716275 -0.003380417 0.9977288 0.06727451 -0.00337851 0.9977293 0.06726843 -0.004701197 0.9977274 0.06721651 -0.004738211 0.9977242 0.06726014 -0.01135045 0.9977238 0.06647235 -0.01139956 0.9977212 0.06650257 -0.01946061 0.9977208 0.06461066 -0.01886808 0.9977358 0.06455487 4.27231e-4 0.9971745 0.0751205 -0.0158956 0.997398 0.07031738 -0.3897573 0.02420234 0.9205996 -0.2501467 -0.7399876 0.6243758 -0.1859516 0.7230727 0.6652728 -0.2624896 -0.00506258 0.9649217 -0.2624896 -0.00506252 0.9649217 -0.2624897 -0.00506246 0.9649215 -0.1841478 -0.004333674 0.9828891 -0.1841498 -0.004333674 0.9828887 -0.1841498 -0.004333674 0.9828887 -0.3888549 0.117251 0.9138076 -0.3888549 0.1172514 0.9138075 -0.3888548 0.1172512 0.9138075 -0.3066283 -0.6000777 0.7388409 -0.3066283 -0.6000776 0.7388411 -0.3066288 -0.6000775 0.7388409 -0.183078 0.7588117 0.62505 -0.1830776 0.7588117 0.6250499 -0.1830774 0.7588116 0.6250501 -0.278999 0.09916818 0.9551572 -0.1689353 0.09887135 0.9806556 -0.1689323 0.09901744 0.9806414 -0.07068598 0.09898602 0.9925751 -0.07068651 0.09909057 0.9925646 -0.04986983 0.09915852 0.9938213 -0.04987061 0.0985769 0.9938791 -0.08614289 0.09854835 0.9913969 -0.08614063 0.09899395 0.9913527 -0.1171277 0.09902644 0.9881675 -0.1171277 0.09914278 0.9881559 -0.108806 0.09915161 0.9891058 -0.1088078 0.09884262 0.9891366 -0.06814825 0.09879165 0.9927719 -0.06814664 0.09926223 0.9927251 -0.08529299 0.09925568 0.9913998 -0.08529508 0.09888172 0.991437 -0.1426724 0.09879845 0.9848266 -0.1426686 0.09924721 0.984782 -0.180103 0.09938329 0.9786143 -0.1665505 -0.3395587 0.9257219 -0.04526358 0.9060392 0.4207663 -0.1059992 0.09855234 0.9894704 0.007838189 0.09861528 0.9950948 0.007839918 0.09841626 0.9951146 0.05125063 0.09845167 0.9938212 0.04544162 0.4150298 0.9086723 0.05718934 -0.3774643 0.9242566 0.156673 0.2379493 0.9585582 0.1586164 0.2156819 0.9634948 0.07879018 0.2155114 0.9733175 0.07880222 0.2152335 0.973378 -0.02119076 0.2151888 0.9763426 -0.02119553 0.2156388 0.9762431 -0.1251702 0.2155184 0.9684442 -0.1251726 0.2153847 0.9684737 -0.1677371 0.2155308 0.9619827 -0.1677327 0.2157236 0.9619404 -0.1269041 0.2155466 0.9682124 -0.1269067 0.2154091 0.9682426 -0.007818698 0.2154802 0.9764769 -0.00781542 0.2152785 0.9765215 0.1138905 0.21533 0.9698773 0.1138882 0.2153807 0.9698663 0.2193276 0.2153311 0.9515923 0.2193182 0.2154912 0.9515582 0.2883728 0.2155979 0.9329302 0.2883691 0.2156492 0.9329195 0.3086237 0.2156742 0.9264103 0.3086241 0.2156705 0.9264111 0.3031061 0.2156307 0.9282403 0.3031259 0.2153639 0.9282959 0.2378798 0.215331 0.947125 0.2378526 0.21578 0.9470297 0.2378527 0.21578 0.9470297 0.2378526 0.21578 0.9470297 0.1338441 0.2154308 0.9673032 0.1338433 0.2154627 0.9672961 0.06924164 0.2156097 0.9740216 0.06923979 0.2156625 0.97401 0.05032253 0.2156772 0.9751672 0.05032485 0.2155444 0.9751965 0.00769174 0.2154375 0.9764873 0.007692992 0.2153037 0.9765169 -0.1044498 0.2151458 0.9709802 -0.1044476 0.2152807 0.9709506 -0.1767439 0.2155827 0.960357 -0.1767405 0.2156577 0.9603409 -0.140006 0.2154693 0.966422 -0.1400196 0.2149358 0.9665388 -0.08371126 0.215013 0.9730169 -0.08370745 0.2152609 0.9729624 -0.06687855 0.2152204 0.9742729 -0.06687533 0.2154847 0.9742146 -0.1067752 0.2155008 0.9706485 -0.106777 0.2154289 0.9706643 -0.114942 0.2154622 0.9697239 -0.1149338 0.2158944 0.9696288 -0.08452332 0.2158772 0.9727553 -0.08452421 0.2158272 0.9727663 -0.04893612 0.2157676 0.9752178 -0.04893821 0.215489 0.9752792 -0.06936764 0.2154006 0.9740589 -0.06937026 0.2151652 0.9741108 -0.1657817 0.2154317 0.9623439 -0.1657847 0.2153311 0.9623659 -0.2745028 0.2151966 0.9371972 -0.2744867 0.2154628 0.9371409 -0.382874 0.2152801 0.8983663 -0.3735489 0.3077493 0.8750724 0.1524716 0.3295975 0.9317284 0.1525655 0.3287693 0.9320057 0.07621383 0.3285362 0.9414114 0.07619309 0.3289266 0.9412768 -0.02049964 0.3288204 0.9441701 -0.02049356 0.328306 0.9443491 -0.1210821 0.3281689 0.9368267 -0.1210508 0.3290979 0.9365049 -0.1621949 0.3293182 0.9301841 -0.1622129 0.3289161 0.9303233 -0.1227371 0.3286848 0.9364305 -0.122741 0.3285731 0.9364691 -0.007558465 0.3287082 0.9444014 -0.007554173 0.3284254 0.9444998 0.1101542 0.3284652 0.9380707 0.1101516 0.3285287 0.9380488 0.2121284 0.3285217 0.9203668 0.212127 0.3285421 0.9203599 0.2789048 0.3287206 0.9023053 0.278904 0.3287358 0.9023001 0.2984923 0.3287764 0.8959958 0.2984672 0.3289842 0.895928 0.293127 0.3290205 0.897676 0.2931091 0.3291813 0.8976229 0.2300606 0.3286831 0.9159911 0.23007 0.3285793 0.916026 0.1294677 0.328246 0.9356778 0.1294677 0.328246 0.9356778 0.1294677 0.328246 0.9356777 0.1294549 0.3285238 0.935582 0.06696867 0.3287105 0.9420534 0.06697523 0.3284951 0.9421281 0.04867517 0.3285269 0.9432395 0.04866939 0.3287949 0.9431465 0.00743997 0.3286378 0.9444268 0.007442593 0.3284412 0.9444952 -0.1010299 0.3282358 0.9391774 -0.1010206 0.3285937 0.9390533 -0.1709256 0.3289696 0.928743 -0.1709513 0.3284826 0.9289106 -0.1354255 0.3282638 0.9348277 -0.1353961 0.3289408 0.934594 -0.08094292 0.3290743 0.9408286 -0.08094775 0.3288971 0.9408901 -0.06467413 0.3288924 0.9421502 -0.06467074 0.3290639 0.9420907 -0.1032566 0.3290082 0.9386649 -0.1032562 0.3290269 0.9386584 -0.1111537 0.3290714 0.9377404 -0.1111655 0.3287331 0.9378576 -0.08175718 0.3285987 0.9409244 -0.08175718 0.3285846 0.9409294 -0.04733341 0.328559 0.9432967 -0.0473299 0.3288021 0.9432122 -0.06708747 0.3286876 0.942053 -0.06709104 0.328521 0.9421108 -0.1603316 0.3287562 0.9307058 -0.1603316 0.3287562 0.9307058 -0.1603316 0.3287562 0.9307058 -0.1603378 0.3286851 0.9307298 -0.2654826 0.3285662 0.9064013 -0.2654774 0.3285558 0.9064067 -0.3709936 0.3285792 0.8685618 -0.3709936 0.3285791 0.8685619 -0.3709936 0.3285791 0.8685619 -0.3569903 0.4218948 0.8334043 -0.3569903 0.4218948 0.8334044 -0.3569903 0.4218948 0.8334044 0.1454583 0.4302559 0.8909107 0.1444582 0.4372307 0.8876718 0.0725727 0.4369215 0.8965674 0.07258743 0.4367412 0.896654 -0.01951885 0.4366252 0.8994318 -0.0195235 0.4369884 0.8992552 -0.1153167 0.4367898 0.8921418 -0.1153138 0.4368476 0.8921138 -0.1544906 0.4371216 0.8860346 -0.1544786 0.4373025 0.8859475 -0.1168904 0.4370098 0.8918292 -0.1169414 0.4360149 0.8923093 -0.007197082 0.4362026 0.8998197 -0.007198035 0.4362817 0.8997814 0.104933 0.4363986 0.8936136 0.104901 0.4368135 0.8934148 0.2020342 0.4368124 0.8765712 0.2020336 0.4368119 0.8765717 0.2656198 0.4370433 0.8593251 0.2656519 0.4368412 0.8594177 0.2843075 0.4368526 0.8534219 0.2842544 0.4371765 0.8532739 0.2791813 0.4371366 0.8549675 0.2791407 0.4373989 0.8548466 0.2191302 0.4368082 0.8724567 0.2191302 0.4368082 0.8724566 0.2191377 0.4367609 0.8724785 0.1232986 0.4367522 0.8910921 0.1232879 0.4368942 0.8910239 0.06377726 0.4371105 0.8971439 0.06375735 0.4375599 0.8969261 0.04633885 0.4375815 0.897984 0.04635089 0.4371965 0.8981709 0.007087647 0.4369978 0.8994347 0.007090449 0.4367935 0.8995339 -0.0962361 0.4364244 0.8945794 -0.09622156 0.436785 0.8944051 -0.1627692 0.4373242 0.8844511 -0.1627729 0.4372712 0.8844767 -0.1289632 0.4369582 0.8901888 -0.1289741 0.4367791 0.8902751 -0.0770995 0.4369793 0.8961612 -0.0770772 0.4375785 0.8958708 -0.06158047 0.4375736 0.8970714 -0.06159555 0.4370535 0.897324 -0.09834593 0.4370934 0.8940233 -0.09833592 0.4373148 0.8939161 -0.1058527 0.4373583 0.8930358 -0.1058534 0.4373472 0.8930413 -0.07784962 0.4372661 0.8959564 -0.07785063 0.4372386 0.8959697 -0.04507124 0.4372717 0.8981994 -0.04507344 0.4371706 0.8982484 -0.06388866 0.4370878 0.8971469 -0.06389677 0.4368134 0.89728 -0.1527085 0.4369146 0.8864456 -0.1527431 0.4364328 0.886677 -0.2528911 0.4364982 0.8634324 -0.252902 0.4363971 0.8634803 -0.3549978 0.4362457 0.8268412 -0.3309307 0.5469993 0.7689453 -0.3309307 0.5469993 0.7689452 -0.3309307 0.5469993 0.7689452 0.1345267 0.5411942 0.8300672 0.1350156 0.5388954 0.8314822 0.06798827 0.5385522 0.8398448 0.06797564 0.5386837 0.8397614 -0.01828926 0.5385503 0.8423949 -0.01828742 0.5384613 0.8424519 -0.1080366 0.5382775 0.8358143 -0.1080193 0.5385405 0.8356472 -0.1447058 0.5388268 0.8298951 -0.1446862 0.5390539 0.829751 -0.1094737 0.5387417 0.835328 -0.109506 0.5382715 0.8356269 -0.006741225 0.5384616 0.8426232 -0.006732821 0.5381007 0.8428537 0.09828537 0.5381919 0.837072 0.09828358 0.5381947 0.8370705 0.1892954 0.5381793 0.821298 0.1891886 0.5388246 0.8208994 0.2487432 0.5390329 0.8047176 0.2486962 0.5392622 0.8045785 0.2661536 0.5393131 0.7989392 0.2661924 0.5391318 0.7990486 0.26144 0.5390961 0.8006402 0.2615061 0.5387774 0.8008331 0.2052581 0.5385338 0.8172212 0.2052774 0.5384274 0.8172864 0.2052774 0.5384274 0.8172864 0.2052774 0.5384275 0.8172865 0.1155129 0.538249 0.8348322 0.1154372 0.5389976 0.8343595 0.05971288 0.5392498 0.8400263 0.05973249 0.5389134 0.8402407 0.04341232 0.5389299 0.8412312 0.04339814 0.5392735 0.8410119 0.006638526 0.5390825 0.8422268 0.006643235 0.5388118 0.8424 -0.09012758 0.5385435 0.8377636 -0.09014034 0.5382926 0.8379237 -0.1524724 0.5388349 0.8284981 -0.1524499 0.5390616 0.8283548 -0.1207858 0.5387617 0.8337545 -0.120784 0.5387799 0.833743 -0.07220083 0.5390226 0.8391911 -0.07219833 0.5390724 0.8391594 -0.05768078 0.5390549 0.8402932 -0.05767881 0.5390983 0.8402656 -0.09209805 0.5390747 0.8372076 -0.09211319 0.5388143 0.8373736 -0.09915792 0.5388385 0.836553 -0.09914815 0.5389901 0.8364564 -0.0729199 0.5388758 0.8392233 -0.07290881 0.5390975 0.8390818 -0.04220992 0.5391055 0.8411799 -0.04220777 0.539182 0.841131 -0.05982822 0.5390455 0.8401492 -0.05984145 0.5386572 0.8403973 -0.1430389 0.5385772 0.8303461 -0.1430538 0.5384202 0.8304454 -0.2368328 0.5385587 0.8086191 -0.2368513 0.5384551 0.8086826 -0.333141 0.5383742 0.774061 -0.3223949 0.5821035 0.7464697 -0.3399974 0.5688326 0.7488867 -0.3399975 0.5688322 0.748887 -0.3399975 0.5688325 0.7488867 -0.3702172 0.5667703 0.73601 -0.3702172 0.5667701 0.7360101 -0.3702173 0.5667702 0.7360101 0.1220353 0.630726 0.76635 0.1215383 0.6326445 0.7648462 0.06250756 0.6322795 0.7722148 0.06251162 0.6322567 0.772233 -0.01681661 0.6321347 0.7746761 -0.01682597 0.6325222 0.7743595 -0.09931623 0.632316 0.7683182 -0.09929186 0.6326118 0.7680779 -0.133001 0.6328892 0.7627333 -0.1329995 0.6328992 0.7627253 -0.1006334 0.6325873 0.7679234 -0.1006781 0.6320652 0.7683472 -0.006188333 0.6322579 0.7747334 -0.006183564 0.6320967 0.7748649 0.09035372 0.6321883 0.7695286 0.09032893 0.632378 0.7693757 0.1739757 0.6323571 0.7548887 0.1739794 0.6323407 0.7549017 0.2287193 0.6325843 0.739949 0.2286517 0.6328407 0.7397508 0.2447098 0.632879 0.734562 0.2446989 0.6329154 0.7345343 0.2403286 0.6329118 0.7359788 0.2403561 0.6328082 0.736059 0.188677 0.6325528 0.7511844 0.1887031 0.632434 0.7512779 0.1061572 0.6324503 0.7672922 0.1061689 0.632369 0.7673576 0.05491864 0.6325945 0.7725337 0.05489993 0.6328602 0.7723172 0.03990024 0.632875 0.7732253 0.0399062 0.632769 0.7733117 0.006107866 0.632559 0.7744883 0.006113469 0.6323264 0.774678 -0.08289247 0.6319725 0.770545 -0.08287596 0.6322262 0.7703387 -0.1401563 0.6327623 0.7615563 -0.1401585 0.6327444 0.7615709 -0.1110585 0.6324374 0.7666088 -0.1110478 0.6325439 0.7665225 -0.06637585 0.6327764 0.7714844 -0.0663793 0.6327189 0.7715315 -0.0530315 0.6327217 0.7725613 -0.05302554 0.6328408 0.7724643 -0.0846616 0.6328501 0.7696319 -0.08465963 0.6328773 0.7696097 -0.09113484 0.6328997 0.7688513 -0.09114801 0.6327326 0.7689874 -0.06704145 0.6326184 0.7715565 -0.06703972 0.6326442 0.7715356 -0.03881263 0.63264 0.7734729 -0.03880828 0.6327702 0.7733666 -0.0550071 0.632622 0.7725049 -0.05501914 0.6323287 0.772744 -0.1315213 0.6322756 0.7634985 -0.1315292 0.6322182 0.7635445 -0.217727 0.6324286 0.7433903 -0.2177467 0.6323513 0.7434502 -0.3072009 0.6322145 0.7112894 -0.3071535 0.6323772 0.7111652 -0.3422471 0.6331071 0.6942927 -0.3447852 0.6352109 0.6911081 0.1129639 0.6924693 0.7125486 0.1059523 0.7170626 0.6889089 0.05626887 0.7166798 0.6951287 0.05626052 0.7167333 0.6950742 -0.01515179 0.7166179 0.6973014 -0.01515203 0.7166319 0.697287 -0.08944076 0.7164556 0.6918755 -0.08940136 0.7168623 0.6914591 -0.1197232 0.7171205 0.6865891 -0.1197305 0.7170609 0.68665 -0.09059494 0.7167739 0.6913955 -0.09062963 0.7164385 0.6917384 -0.005566 0.7166085 0.6974536 -0.005555391 0.716397 0.6976708 0.08134371 0.7164773 0.6928517 0.08132851 0.7165689 0.6927588 0.156652 0.7165492 0.6797186 0.1566019 0.7167331 0.6795362 0.2058677 0.7169456 0.6660387 0.205833 0.7170485 0.6659387 0.2202882 0.717085 0.6612581 0.2202933 0.7170721 0.6612704 0.2163668 0.717045 0.6625948 0.2164151 0.7169018 0.662734 0.1698912 0.7166873 0.6763848 0.169938 0.7165184 0.6765519 0.09559804 0.7165461 0.6909578 0.0955578 0.7167861 0.6907144 0.04942679 0.7169927 0.6953262 0.04942458 0.7170166 0.6953016 0.03592157 0.71704 0.6961058 0.03592479 0.7169956 0.6961514 0.005502939 0.7168201 0.6972365 0.005510807 0.7165774 0.6974858 -0.0746392 0.7163135 0.6937752 -0.07461506 0.7166125 0.693469 -0.1261513 0.7170982 0.6854605 -0.1261401 0.717171 0.6853864 -0.09996354 0.7168602 0.6900136 -0.09995794 0.7169025 0.6899705 -0.05974358 0.7171003 0.6944048 -0.05974841 0.7170361 0.6944706 -0.04773467 0.7170524 0.6953829 -0.04773968 0.7169646 0.695473 -0.07622158 0.7169897 0.6929041 -0.07620984 0.7171217 0.6927689 -0.0820322 0.7171442 0.6920801 -0.08203244 0.7171443 0.6920801 -0.06033712 0.7170583 0.6943968 -0.06033897 0.7170358 0.6944199 -0.03493297 0.7170559 0.6961398 -0.0349332 0.7170535 0.6961421 -0.04951339 0.7169039 0.6954116 -0.04951941 0.7167764 0.6955426 -0.1183927 0.7166727 0.687287 -0.1184169 0.7164776 0.6874862 -0.1960706 0.7165216 0.6694425 -0.1960946 0.7164159 0.6695485 -0.2766864 0.7162736 0.6406223 -0.2765987 0.716513 0.6403923 -0.3070436 0.7170473 0.6257536 -0.3038697 0.7335088 0.6079706 0.08990323 0.8067227 0.5840514 0.103812 0.7963404 0.5958734 0.04881328 0.7962001 0.6030611 0.0487951 0.7962638 0.6029784 -0.01314526 0.7961673 0.6049337 -0.0131573 0.7962945 0.604766 -0.07759141 0.796139 0.6001186 -0.07756453 0.7963994 0.5997764 -0.1038376 0.7966133 0.5955041 -0.1038363 0.7966175 0.5954986 -0.07856792 0.7963778 0.5996746 -0.07861304 0.7959734 0.6002054 -0.004819333 0.7961158 0.6051251 -0.004808247 0.7960072 0.6052683 0.07056432 0.7960769 0.6010676 0.07053244 0.7961958 0.6009139 0.1358754 0.7961842 0.5896004 0.1358131 0.7963501 0.5893906 0.1785404 0.7965296 0.5776366 0.178532 0.7965477 0.5776142 0.1910695 0.7965769 0.5735484 0.1910765 0.7965637 0.5735645 0.1876716 0.796546 0.5747122 0.1876753 0.7965381 0.5747217 0.1473453 0.7963541 0.5866087 0.1474159 0.796163 0.5868504 0.08291506 0.7961984 0.5993273 0.08288413 0.7963295 0.5991575 0.04287093 0.7965072 0.6031073 0.04286229 0.7965724 0.6030219 0.03115481 0.7965881 0.6037194 0.03115117 0.7966216 0.6036753 0.004777669 0.7964648 0.6046661 0.004789829 0.7962695 0.6049233 -0.0647518 0.7960175 0.6018001 -0.06474137 0.796148 0.6016286 -0.1094263 0.7965618 0.5945715 -0.1094223 0.7965863 0.5945394 -0.08672028 0.796344 0.5985949 -0.08672159 0.7963328 0.5986096 -0.05182653 0.7965165 0.6023916 -0.05182093 0.7965809 0.6023067 -0.04139953 0.7965834 0.6031095 -0.04140537 0.7964991 0.6032204 -0.06611478 0.7965081 0.6010023 -0.06610846 0.7965691 0.6009221 -0.07115578 0.7965893 0.6003186 -0.07115483 0.7966006 0.6003037 -0.05233806 0.7965221 0.6023399 -0.05233699 0.7965329 0.6023258 -0.03030037 0.7965429 0.6038223 -0.0302987 0.7965834 0.6037688 -0.04294323 0.7964546 0.6031717 -0.04295223 0.7962379 0.6034572 -0.1027109 0.7961635 0.5963005 -0.1027268 0.7960526 0.5964457 -0.1700737 0.7961533 0.580702 -0.170082 0.7961368 0.5807225 -0.239998 0.7960216 0.5556533 -0.2399579 0.7961093 0.5555449 -0.2699834 0.7965658 0.5409177 -0.2700132 0.7968969 0.540415 -0.05981439 0.8612581 0.5046354 -0.05013734 0.8612445 0.5057115 -0.0337274 0.9209765 0.3881558 -0.03796106 0.8612717 0.5067249 -0.02547013 0.8612459 0.5075498 -0.02546888 0.8612694 0.50751 -0.03608918 0.8611704 0.5070337 -0.0360943 0.8610442 0.5072476 -0.08632683 0.8609995 0.5012261 -0.08634793 0.8608831 0.5014225 -0.1429709 0.8609663 0.4881563 -0.1430032 0.8608743 0.4883088 -0.2018204 0.860782 0.4672504 -0.2017315 0.8609539 0.466972 -0.2261236 0.8613051 0.4549964 -0.2247798 0.8674501 0.4438518 0.03356915 0.9038909 0.426444 0.02999311 0.9082857 0.4172741 -0.009112477 0.9081702 0.4185022 -0.009127378 0.9082173 0.4183995 -0.05371636 0.9081327 0.4152224 -0.05370372 0.9082949 0.4148691 -0.07181602 0.9084118 0.4118623 -0.07181638 0.9084083 0.4118698 -0.05431145 0.9082778 0.4148275 -0.05433481 0.9080646 0.4152908 -0.003313124 0.9081415 0.4186503 -0.003291547 0.9080698 0.4188059 0.04880702 0.9081077 0.4158828 0.04876947 0.9081721 0.4157462 0.09398406 0.9081656 0.4079245 0.09392458 0.9082474 0.4077559 0.1234943 0.9083463 0.39957 0.1234602 0.9083868 0.3994883 0.1321423 0.9084047 0.3966605 0.1321454 0.9084008 0.3966681 0.129794 0.9083938 0.3974598 0.129828 0.9083497 0.3975496 0.1019498 0.9082513 0.4058153 0.1020082 0.9081643 0.405995 0.05734837 0.9081797 0.4146335 0.05730921 0.9082655 0.4144508 0.02964699 0.9083623 0.4171321 0.02963781 0.9083948 0.4170618 0.02154672 0.9084028 0.4175409 0.02154743 0.9083989 0.4175488 0.003322124 0.9083145 0.4182749 0.003340721 0.9082071 0.4185079 -0.04481661 0.9080743 0.4164045 -0.04481166 0.9081631 0.4162113 -0.0756883 0.9083862 0.411225 -0.07568442 0.9084062 0.4111815 -0.05998736 0.9082744 0.4140521 -0.05998682 0.9082779 0.4140447 -0.03584545 0.9083754 0.4166166 -0.03584378 0.9083902 0.4165843 -0.02863144 0.9083913 0.4171398 -0.02863401 0.9083622 0.4172032 -0.04572784 0.908367 0.4156661 -0.04572397 0.9083988 0.415597 -0.04921102 0.9084083 0.4151781 -0.04921215 0.9084004 0.415195 -0.04125076 0.9083939 0.4160757 -0.04125207 0.9083825 0.4161006 -0.03123563 0.908392 0.4169514 -0.03123527 0.9084108 0.4169102 -0.02095669 0.9083906 0.4175971 -0.02095609 0.9084036 0.4175688 -0.02968627 0.9083334 0.4171922 -0.02968615 0.9082217 0.4174355 -0.07103395 0.9081866 0.412494 -0.0710442 0.908123 0.4126324 -0.1176423 0.908179 0.4017105 -0.1176579 0.908137 0.4018007 -0.1660928 0.9080703 0.3844759 -0.1660358 0.9081674 0.384271 -0.1871054 0.9084193 0.373853 -0.1667565 0.9277281 0.3339352 -0.04298567 0.9604042 0.2752746 -0.03210633 0.9481891 0.3160802 -0.002499282 0.9480947 0.3179783 -0.002461612 0.9480538 0.3181004 0.03705435 0.9480759 0.3158783 0.0370115 0.9481086 0.3157853 0.07137095 0.9481053 0.3098428 0.07130622 0.9481523 0.309714 0.09378838 0.9482117 0.3034771 0.0937516 0.9482366 0.3034107 0.1003599 0.9482472 0.301256 0.100355 0.9482506 0.3012471 0.09857374 0.9482472 0.3018453 0.09860676 0.9482202 0.3019193 0.0774396 0.948161 0.3082112 0.07750666 0.9481046 0.3083677 0.04354798 0.9481149 0.3149312 0.04350358 0.9481638 0.3147904 0.02251368 0.9482218 0.3168101 0.02250134 0.9482427 0.3167486 0.01636439 0.9482471 0.3171114 0.01636528 0.9482453 0.3171168 0.00253576 0.9481942 0.3176816 0.00257039 0.9481261 0.3178841 -0.03405481 0.9480469 0.3163028 -0.03406715 0.9480982 0.3161476 -0.05748933 0.9482325 0.3123303 -0.05749022 0.9482507 0.312275 -0.04556185 0.9481701 0.31448 -0.0455619 0.9481713 0.3144764 -0.02722483 0.9482308 0.3164134 -0.02722465 0.9482471 0.3163644 -0.02174192 0.9482485 0.3167843 -0.02174216 0.948229 0.3168425 -0.03473043 0.9482318 0.3156746 -0.03473097 0.948244 0.3156378 -0.03737378 0.9482501 0.3153173 -0.03737413 0.9482474 0.3153256 -0.03132772 0.9482434 0.3159953 -0.0313276 0.9482402 0.3160051 -0.0237239 0.9482451 0.3166518 -0.02372378 0.9482452 0.3166515 -0.01591783 0.948233 0.3171765 -0.01591819 0.9482424 0.3171482 -0.02253496 0.9481991 0.3168764 -0.02252006 0.9481443 0.3170417 -0.05394077 0.9481232 0.3132935 -0.05393344 0.948078 0.3134313 -0.08935081 0.9481087 0.3051335 -0.08935046 0.9480885 0.3051962 -0.1261841 0.948046 0.2920385 -0.1261662 0.948099 0.2918743 -0.1356108 0.9482226 0.2871994 -0.1349216 0.9495239 0.2831969 -0.004567503 0.9642491 0.2649585 -0.01439237 0.9758852 0.2178097 -0.02810722 0.9758054 0.2168269 -0.02816212 0.9758509 0.2166144 -0.03749769 0.9758843 0.2150437 -0.03750157 0.9758863 0.2150341 -0.03368145 0.9758805 0.2156917 -0.03366786 0.9758737 0.2157246 -0.02206903 0.9758634 0.2172642 -0.02204763 0.9758551 0.2173034 -0.001691758 0.9758087 0.2186201 -0.001646101 0.9757902 0.2187028 0.02545416 0.9758006 0.217176 0.02540808 0.9758153 0.2171151 0.04904568 0.9758147 0.2130267 0.04898011 0.9758371 0.2129391 0.06446659 0.9758667 0.2086347 0.06442809 0.9758797 0.2085859 0.06899046 0.9758849 0.2070969 0.0689888 0.9758855 0.2070945 0.06777071 0.9758838 0.2075042 0.06780236 0.9758695 0.2075613 0.05325812 0.9758407 0.2118927 0.05332523 0.9758129 0.2120044 0.02992385 0.975818 0.2165265 0.0298708 0.9758444 0.2164152 0.01547151 0.9758725 0.2177929 0.0154584 0.9758818 0.2177519 0.01125013 0.9758841 0.2179991 0.01125079 0.9758834 0.2180022 0.001765906 0.975859 0.2183946 0.001811206 0.9758266 0.218539 -0.02343261 0.9757884 0.217458 -0.02345979 0.975813 0.2173444 -0.03952848 0.9758775 0.2147111 -0.03953552 0.9758855 0.2146731 -0.03132343 0.9758465 0.2162002 -0.03132438 0.9758491 0.2161881 -0.01871806 0.9758781 0.2175129 -0.01871967 0.9758834 0.2174888 -0.01494419 0.975884 0.2177782 -0.01494204 0.9758749 0.2178191 -0.02387905 0.9758762 0.217015 -0.02388221 0.9758821 0.2169884 -0.02569264 0.9758849 0.2167688 -0.02569264 0.9758845 0.2167704 -0.02153569 0.9758821 0.2172333 -0.02153527 0.9758811 0.2172381 -0.01630908 0.9758835 0.2176821 -0.01631021 0.975885 0.2176755 -0.01094365 0.9758789 0.2180382 -0.0109449 0.9758831 0.2180195 -0.0154733 0.9758628 0.2178362 -0.01544237 0.9758325 0.2179737 -0.03706437 0.9758227 0.2153985 -0.03704005 0.9758025 0.2154937 -0.06141555 0.9758182 0.2097787 -0.06140094 0.9758073 0.2098336 -0.08678525 0.9757868 0.2007697 -0.08680534 0.9758155 0.2006215 -0.09689146 0.9758858 0.1955993 -0.08575266 0.9668726 0.240424 -0.00351864 0.9997884 0.02026885 -0.003773748 0.9997836 0.02046108 -0.01221776 0.9977288 0.06624346 -0.01220685 0.9977294 0.06623452 -0.02386826 0.9912909 0.1295098 -0.02179169 0.9912879 0.1298984 -0.01842594 0.9917101 0.1271682 -0.01599299 0.9912881 0.1307367 -0.01129502 0.991288 0.1312278 -0.01129865 0.9912902 0.1312109 -0.009012877 0.9912904 0.1313861 -0.009008526 0.9912869 0.1314119 -0.01440995 0.9912875 0.1309257 -0.01441586 0.9912897 0.1309078 -0.01550012 0.9912908 0.1307762 -0.01549917 0.9912903 0.1307796 -0.01299214 0.9912894 0.1310592 -0.0129913 0.9912893 0.1310608 -0.009840488 0.9912898 0.1313303 -0.009841442 0.9912903 0.1313267 -0.006603777 0.9912881 0.131546 -0.006606101 0.9912898 0.1315328 -0.009310841 0.9912824 0.1314257 -0.009264707 0.991271 0.131515 -0.02233767 0.991268 0.1299576 -0.02228951 0.9912593 0.130032 -0.03703743 0.9912657 0.1265729 -0.03700619 0.9912618 0.126612 -0.05240625 0.9912536 0.1211194 -0.04459851 0.989807 0.1352524 -0.04441684 0.9897969 0.1353856 -0.05981963 0.99609 0.06501179 0.003090023 0.9997822 -0.02064269 0.0368157 0.9961249 -0.07987475 0.107957 0.9851921 -0.1331988 0.1525961 0.9391873 -0.3076389 0.1787024 0.9137756 -0.3648009 0.2472416 0.8330356 -0.4948973 0.3227273 0.6924541 -0.6452553 0.3418526 0.496007 -0.7981941 0.3418526 0.4960072 -0.7981942 0.3418526 0.4960071 -0.7981942 0.3662379 0.3602382 -0.8579617 -0.1046023 0.7323408 -0.6728561 -0.05969864 0.8928315 -0.4464169 -0.02305728 0.9522989 -0.304295 0.0329352 0.9689139 -0.2451961 0.01605069 0.9943899 -0.1045523 0.009786546 0.9986561 -0.05089455 0.00590974 0.999181 -0.04003053 0.02486711 0.9993346 -0.02668642 0.01324677 0.9997346 -0.01884764 0.002510726 0.9999439 -0.01029735 1.59136e-4 0.9999997 -9.52096e-4 0.0133692 0.9959192 -0.0892542 0.01647198 0.9969539 -0.07623541 0.02541434 0.9975588 -0.06504261 0.02304631 0.9892312 -0.144536 0.02119135 0.9863997 -0.1629935 0.01389509 0.9865934 -0.1626052 0.009491443 0.9827417 -0.1847402 0.004954755 0.9741433 -0.225877 -0.02705228 0.9234379 -0.3827931 -0.03584551 0.8957792 -0.4430516 -0.1601726 0.07172352 -0.9844799 0.3799333 0.2444778 -0.8921219 0.3858212 0.1748223 -0.9058583 0.3894929 0.07034367 -0.9183393 0.1305415 0.9560146 -0.2626695 0.1215865 0.9623054 -0.2432799 0.005572915 0.9994518 -0.03263682 0.004418015 0.9994226 -0.03369104 0.01031756 0.9992 -0.03863942 0.01174348 0.9997028 -0.02136415 0.003594219 0.9997833 -0.02050179 0.00357449 0.9997837 -0.02049183 0.002835571 0.9997835 -0.02061927 0.003288209 0.9997718 -0.02111124 0.0015648 0.9997918 -0.02035003 0.002093017 0.9997835 -0.02070909 1.37509e-4 0.999783 -0.02083653 1.42882e-4 0.9997829 -0.02084255 -0.001314043 0.9997836 -0.02076047 -0.002394974 0.9997857 -0.02056384 -0.002537965 0.9997831 -0.0206713 -0.003922164 0.9997836 -0.02043199 -0.00458604 0.9997894 -0.02000439 -0.3131366 -0.02329868 -0.9494223 -0.004972517 0.9997835 -0.020208 -0.006081461 0.9997836 -0.0198993 -0.006115436 0.9997848 -0.01982605 -0.006564676 0.9997832 -0.01976269 -0.006573975 0.9997836 -0.01973545 -0.006476461 0.9997837 -0.01976823 -0.006473004 0.999783 -0.01979988 -0.005128502 0.9997841 -0.02013832 -0.005099892 0.999783 -0.02020072 -0.003614902 0.9997836 -0.02048772 -0.002860784 0.9997784 -0.02085697 -0.002562105 0.9997835 -0.02065128 -0.001680314 0.9997836 -0.02073532 -0.001479506 0.9997804 -0.02090632 -0.00132066 0.9997836 -0.02075958 -0.001020312 0.9997836 -0.02077734 -0.001065075 0.9997866 -0.02063167 6.43717e-5 0.9997761 -0.02115917 -1.93876e-4 0.999783 -0.02082806 0.001671791 0.9997834 -0.02074909 0.002290546 0.9997765 -0.02102023 0.001419246 0.9997844 -0.02071934 0.002301394 0.9997829 -0.02071177 0.002278506 0.9997837 -0.02067756 0.002375364 0.9997836 -0.0206657 0.002471745 0.9997794 -0.02085798 0.001907825 0.9997884 -0.02048408 0.00205183 0.9997836 -0.02070188 0.001465022 0.9997836 -0.02075189 0.001576781 0.9997774 -0.02103805 8.80019e-4 0.9997949 -0.02023929 0.001046121 0.9997828 -0.020819 -0.002806425 0.9998017 -0.01971793 0.001921653 0.9996206 -0.02747607 -0.001902282 0.999611 -0.02782821 1.0014e-4 0.9995997 -0.02829194 -0.04662013 0.8162236 -0.5758521 -0.1415411 -0.4019053 -0.9046759 -0.160725 0.1524087 -0.9751611 0.009754776 -0.514571 -0.8573923 0.02075809 -0.09310632 -0.9954398 0.126787 0.2262964 -0.9657717 0.1281448 0.01946467 -0.9915645 0.1699489 0.01944792 -0.985261 0.1699293 0.1461353 -0.9745607 0.1727955 0.001075208 -0.9849572 -0.02557539 0.9273434 -0.3733366 -0.01592862 0.9482355 -0.3171685 0.006936609 0.9481073 -0.3178749 0.006971061 0.9481382 -0.3177818 0.04082363 0.9480865 -0.3153815 0.04084539 0.9481788 -0.3151009 0.0545451 0.9482486 -0.3128088 0.05454677 0.948252 -0.3127986 0.04122209 0.9481731 -0.3150694 -0.1265222 0.01557219 -0.9918415 -0.1043131 -0.5985221 -0.794286 -0.07370412 0.3967726 -0.9149532 -0.06763488 0.5351222 -0.8420629 -0.06763482 0.5351222 -0.8420629 0.01855289 -0.369901 -0.9288859 0.01855289 -0.369901 -0.928886 0.01855289 -0.369901 -0.928886 0.02170383 0.001638472 -0.9997632 0.1240732 0.2998814 -0.9458737 0.1275514 0.0990054 -0.9868782 0.1709296 0.09908384 -0.9802885 0.1709285 0.09932917 -0.9802639 0.1297472 0.09923017 -0.9865694 0.1180178 -0.4187055 -0.9004207 0.007020175 0.5724861 -0.8198844 0.007228434 0.4289118 -0.9033175 -0.1153247 -0.1487177 -0.982132 -0.1243185 0.01279175 -0.9921599 -0.1954827 0.01328152 -0.9806172 -0.1954811 0.01328152 -0.9806176 -0.1954811 0.01328152 -0.9806176 -0.06460011 -0.9577066 -0.2804015 -0.2451407 0.01727521 -0.9693336 0.1383861 0.001046359 -0.9903779 0.1107283 -0.5822082 -0.8054645 0.01033478 0.6805806 -0.7326004 0.007319211 0.4945622 -0.8691115 -0.1168658 -0.2986326 -0.9471858 -0.1167079 0.09901684 -0.9882181 -0.2234938 0.09901714 -0.969663 -0.2234919 0.0990737 -0.9696576 -0.2937582 0.09905958 -0.9507331 -0.2907989 -0.1741494 -0.9408018 -0.3038407 0.2754316 -0.9120407 -0.2885305 0.01731598 -0.9573141 -0.2663695 -0.4002491 -0.8768398 -0.2988486 0.3256691 -0.8970112 -0.2988049 0.3261154 -0.8968637 -0.2988047 0.3261154 -0.8968638 -0.2988049 0.3261154 -0.8968637 -0.2551371 0.5696405 -0.7812905 -0.2042281 0.7448877 -0.635164 -0.3088409 0.09899938 -0.9459474 -0.2424031 0.09886056 -0.9651255 -0.2424062 0.09878545 -0.9651325 -0.1363904 0.09867799 -0.9857284 -0.06593728 0.8766984 -0.4764999 -0.1839931 0.02416157 -0.9826306 -0.1839931 0.02416157 -0.9826306 -0.1839931 0.02416157 -0.9826306 -0.2435262 0.02395826 -0.9695984 -0.2435262 0.02395826 -0.9695984 -0.2435262 0.02395826 -0.9695984 -0.2435855 0.01525229 -0.9697595 -0.29018 0.01557606 -0.9568454 -0.29018 0.01557612 -0.9568453 -0.29018 0.01557606 -0.9568454 -0.04945927 0.7649488 -0.6421894 -0.0868107 0.01105821 -0.9961635 -0.1323333 0.01116657 -0.9911424 -0.1363894 0.09875512 -0.9857207 -0.07056355 0.09887474 -0.9925949 -0.06508266 -0.3129159 -0.9475483 -0.06508255 -0.3129159 -0.9475484 -0.06508278 -0.3129159 -0.9475483 -0.04573082 0.4610412 -0.8861997 -0.04573082 0.4610413 -0.8861997 -0.04573088 0.4610412 -0.8861997 -0.001786828 0.9744428 -0.2246285 -0.02309942 0.01733958 -0.9995828 -0.04880249 0.01730078 -0.9986586 0.02846825 0.9914386 -0.1274335 0.02751702 0.991275 -0.128906 0.02262425 0.9912905 -0.1297351 0.02262699 0.9912909 -0.129732 0.02030992 0.9912888 -0.130131 0.02029263 0.9912864 -0.1301518 0.01329934 0.9912825 -0.1310811 0.0132755 0.9912797 -0.1311039 9.93574e-4 0.9912622 -0.1319023 9.46751e-4 0.991256 -0.1319499 -0.01533561 0.9912596 -0.1310314 -0.0152921 0.9912648 -0.1309983 -0.0295636 0.9912649 -0.1285301 -0.02950322 0.9912728 -0.1284832 -0.0388801 0.991284 -0.1258744 -0.03884625 0.9912886 -0.1258493 -0.04162192 0.9912905 -0.124943 -0.04162061 0.9912907 -0.1249419 -0.04089367 0.99129 -0.1251872 -0.040919 0.9912852 -0.1252182 -0.03215342 0.9912747 -0.1278315 -0.03222173 0.9912638 -0.1278977 -0.01803141 0.991266 -0.130639 -0.01797354 0.9912759 -0.1305725 -0.009327888 0.991286 -0.1313973 -0.009312629 0.9912896 -0.1313709 -0.006787776 0.9912904 -0.1315195 -0.006788611 0.9912902 -0.1315214 -0.001092374 0.9912812 -0.1317594 -0.001152276 0.9912684 -0.1318546 0.01416271 0.9912545 -0.1312026 0.0142098 0.9912645 -0.1311217 0.0238555 0.9912878 -0.1295359 0.02719759 0.9975986 -0.06369847 0.01157349 0.9977294 -0.06634837 0.01157188 0.9977295 -0.06634753 0.01036638 0.9977289 -0.06655538 0.01037806 0.9977283 -0.06656229 0.006775677 0.9977273 -0.06704097 0.006789386 0.9977266 -0.0670495 4.62462e-4 0.9977217 -0.06746172 4.8421e-4 0.9977203 -0.06748342 -0.007805049 0.9977214 -0.06701582 -0.007820844 0.9977226 -0.06699639 -0.01507174 0.9977228 -0.06574261 -0.01508867 0.9977248 -0.06570953 -0.01985889 0.9977278 -0.06438201 -0.01986676 0.9977288 -0.06436192 -0.02128511 0.9977294 -0.06389886 -0.02128553 0.9977295 -0.0638976 -0.0209288 0.9977293 -0.06401771 -0.02092677 0.997728 -0.06403905 -0.01650071 0.9977254 -0.06535905 -0.01647925 0.9977224 -0.06541103 -0.009165644 0.9977228 -0.0668236 -0.009192049 0.9977256 -0.06677788 -0.004755675 0.9977282 -0.06720072 -0.004762649 0.9977291 -0.06718569 -0.003472328 0.9977294 -0.06726145 -0.003471851 0.9977293 -0.06726294 -6.2723e-4 0.9977271 -0.06738233 -5.89332e-4 0.9977236 -0.06743425 0.00731182 0.9977196 -0.06709867 0.007267236 0.9977226 -0.06705921 0.02361595 -0.9863395 -0.1630237 0.1648434 0.01123094 -0.9862559 0.1648433 0.01123094 -0.9862559 0.1648448 0.01123094 -0.9862557 0.1801149 0.01071393 -0.9835873 0.1259369 -0.6716659 -0.7300719 0.03940623 0.9023584 -0.4291813 0.08243542 0.01081979 -0.9965378 0.02161186 0.01078802 -0.9997082 0.01113808 0.9977287 -0.06643384 0.003577649 0.9997659 -0.02133905 0.002520561 0.9997847 -0.02059477 0.001848697 0.9997822 -0.02078849 0.0017789 0.9997853 -0.02064949 0.001628518 0.9997836 -0.02073758 0.00143069 0.9997837 -0.02075272 0.03977638 -0.8858205 -0.4623202 0.09049886 0.01940256 -0.9957076 0.1206455 0.01916575 -0.9925106 0.03127217 0.8896418 -0.4555871 0.06555664 0.01932317 -0.9976618 0.08114391 0.01939642 -0.9965137 -0.06278026 0.8657799 -0.4964714 -0.08719211 0.8611048 -0.5008953 -0.04102647 0.8609952 -0.5069559 -0.04101061 0.861035 -0.5068895 0.01106083 0.8609626 -0.5085481 0.01107013 0.8610163 -0.5084569 0.06525504 0.8608992 -0.5045735 0.06523191 0.8611072 -0.5042217 0.08728694 0.8612709 -0.5005934 0.08728617 0.8612797 -0.5005783 0.06602978 0.8610978 -0.5041336 0.06606638 0.8608098 -0.5046206 0.004042148 0.8609161 -0.5087311 0.004027247 0.8608212 -0.5088916 -0.05931746 0.860875 -0.5053473 -0.05928939 0.8609516 -0.5052202 -0.114229 0.8609385 -0.4957185 -0.1141721 0.8610511 -0.495536 -0.1500968 0.8611863 -0.4856224 -0.1500619 0.861244 -0.485531 -0.1606056 0.8612686 -0.4821019 -0.160599 0.8612791 -0.4820854 -0.1577401 0.8612676 -0.483049 -0.1577757 0.8612061 -0.483147 -0.1238846 0.8610675 -0.4931687 -0.1239386 0.8609575 -0.4933473 -0.06969797 0.860975 -0.5038495 -0.06966233 0.8610883 -0.5036609 -0.03603267 0.8612264 -0.5069426 -0.03602612 0.8612639 -0.5068793 -0.02618724 0.8612741 -0.5074656 -0.02618837 0.8612655 -0.5074799 -0.004024922 0.8611471 -0.50834 -0.004039347 0.8609967 -0.5085946 0.05444937 0.8608082 -0.5060086 0.05443888 0.8609319 -0.5057992 0.09198647 0.8612448 -0.4997959 0.09197944 0.861281 -0.4997348 0.0728985 0.8610968 -0.503188 0.07289683 0.8611075 -0.5031699 0.04356276 0.8612431 -0.5063226 0.04356139 0.8612592 -0.5062955 0.0347988 0.8612619 -0.5069687 0.03480249 0.861216 -0.5070462 0.05557453 0.8612201 -0.5051845 0.05556839 0.8612707 -0.5050991 0.05981028 0.8612812 -0.5045963 0.06874346 0.2520291 -0.9652749 0.06874346 0.2520291 -0.965275 0.06874352 0.2520291 -0.9652749 0.04982948 0.09341979 -0.9943791 0.05010759 0.01975274 -0.9985485 0.07163095 0.01926201 -0.9972453 0.07162833 0.01926201 -0.9972454 0.07162833 0.01926201 -0.9972455 0.01649439 -0.9816777 -0.1898339 0.09406423 0.0195468 -0.9953743 0.1176846 0.01915848 -0.9928662 0.1172484 0.1021431 -0.9878358 0.1022197 0.3550719 -0.9292337 0.1022197 0.3550718 -0.9292337 0.1022197 0.3550718 -0.9292337 0.1086592 0.01915007 -0.9938946 0.07343989 0.01928073 -0.9971133 0.04967623 0.9561756 -0.2885489 0.1305364 0.01399862 -0.9913448 0.07160574 0.01382464 -0.9973373 0.01114612 0.9977282 -0.06643998 0.008183658 0.9977285 -0.06686478 0.008179426 0.9977288 -0.06686103 0.00578159 0.9977288 -0.06711196 0.005778133 0.9977293 -0.06710398 0.004602849 0.9977293 -0.06719422 0.0046072 0.9977285 -0.06720662 0.00737828 0.9977286 -0.06695765 0.007372736 0.9977291 -0.06694895 0.007925748 0.9977294 -0.06688183 0.007926523 0.9977294 -0.06688302 0.006643235 0.9977291 -0.06702655 0.00664395 0.997729 -0.06702685 0.005034029 0.9977293 -0.0671643 0.005033135 0.9977294 -0.06716299 0.003380477 0.9977288 -0.0672748 0.00337845 0.9977293 -0.06726843 0.004701077 0.9977273 -0.06721669 0.004738032 0.9977242 -0.06726014 0.01135051 0.9977238 -0.06647247 0.01139938 0.9977213 -0.06650137 0.01946139 0.9977208 -0.06461006 0.01886808 0.9977357 -0.06455606 -4.2839e-4 0.997175 -0.0751124 0.01589703 0.9973979 -0.07031869 0.3897766 0.02498245 -0.9205706 0.2501139 -0.7400704 -0.6242908 0.1859146 0.7231867 -0.6651592 0.2625011 -0.002445042 -0.9649286 0.1841542 -0.00199908 -0.9828954 0.3887642 0.1193277 -0.9135773 0.3066186 -0.6000947 -0.7388312 0.3066185 -0.6000946 -0.7388314 0.3066188 -0.6000945 -0.7388312 0.1834438 0.7576915 -0.6263003 0.1834438 0.7576915 -0.6263003 0.1834439 0.7576915 -0.6263003 0.2790088 0.09872752 -0.9552 0.1689389 0.09870785 -0.9806714 0.1689388 0.09869056 -0.9806732 0.07068538 0.09875518 -0.9925981 0.0706855 0.09920686 -0.9925531 0.04987066 0.09920442 -0.9938167 0.04987168 0.09885382 -0.9938515 0.08613866 0.09888941 -0.9913632 0.08613812 0.09899395 -0.9913528 0.1171324 0.09869247 -0.9882004 0.1171317 0.09869247 -0.9882004 0.1171317 0.09869247 -0.9882004 0.1171284 0.09914278 -0.9881557 0.1088052 0.09915161 -0.9891059 0.1088047 0.09928208 -0.9890928 0.06814646 0.09929466 -0.9927219 0.06814783 0.0989269 -0.9927585 0.08529585 0.09891963 -0.9914332 0.08529436 0.09921765 -0.9914035 0.1426689 0.09917134 -0.9847896 0.1426723 0.09878063 -0.9848284 0.1801046 0.09894722 -0.9786581 0.1666547 -0.3379601 -0.9262878 0.1666548 -0.3379601 -0.9262878 0.1666549 -0.3379601 -0.9262878 0.04530602 0.9058676 -0.421131 0.1059973 0.0988512 -0.9894408 -0.007838249 0.09897738 -0.9950588 -0.007836937 0.09912765 -0.9950439 -0.0512427 0.0991435 -0.9937529 -0.04545795 0.4144423 -0.9089396 -0.05717885 -0.377834 -0.9241061 -0.1566806 0.2375014 -0.9586681 -0.1586203 0.2153412 -0.9635704 -0.07880359 0.2151818 -0.9733895 -0.07878798 0.21561 -0.9732959 0.02119463 0.2154993 -0.976274 0.0211904 0.2152144 -0.9763369 0.1251806 0.2151032 -0.9685353 0.125172 0.2155715 -0.9684323 0.1677331 0.2157355 -0.9619376 0.1677434 0.215277 -0.9620385 0.1269153 0.2151362 -0.9683021 0.1269165 0.2150831 -0.9683137 0.007813811 0.2151563 -0.9765484 0.007815897 0.2152776 -0.9765216 -0.1138853 0.2153301 -0.9698778 -0.1138948 0.215119 -0.9699236 -0.2193389 0.2151199 -0.9516375 -0.2193365 0.2151529 -0.9516307 -0.2883958 0.2152789 -0.9329968 -0.2883778 0.2155425 -0.9329414 -0.3086274 0.215579 -0.9264312 -0.3086417 0.2153861 -0.9264713 -0.3031294 0.2152875 -0.9283125 -0.3031253 0.215364 -0.928296 -0.2378906 0.2151753 -0.9471577 -0.2378751 0.2154673 -0.9470953 -0.1338365 0.2155674 -0.9672738 -0.1338433 0.2154082 -0.9673084 -0.06924343 0.2155665 -0.9740311 -0.06924194 0.2156625 -0.9740099 -0.05032116 0.2156772 -0.9751673 -0.05032294 0.2155445 -0.9751965 -0.007691681 0.2154393 -0.9764869 -0.007694482 0.2151714 -0.976546 0.1044514 0.2151176 -0.9709864 0.1044511 0.2151615 -0.9709767 0.1767396 0.2155171 -0.9603727 0.1767386 0.2155231 -0.9603714 0.1400119 0.2153409 -0.9664496 0.1400113 0.2153634 -0.9664447 0.08370167 0.2155161 -0.9729064 0.08369976 0.2156798 -0.9728703 0.06687343 0.2156357 -0.9741813 0.066877 0.2153535 -0.9742435 0.1067775 0.2153804 -0.9706749 0.1067758 0.2155092 -0.9706466 0.1149404 0.2155491 -0.9697048 0.1149396 0.2155904 -0.9696957 0.08452731 0.2156101 -0.9728142 0.08452361 0.2158272 -0.9727663 0.04893714 0.2157887 -0.9752131 0.04893916 0.2155318 -0.9752697 0.06936526 0.2154007 -0.9740591 0.06936371 0.2155864 -0.974018 0.1657832 0.2154029 -0.96235 0.1657832 0.2154029 -0.9623501 0.1657832 0.2154029 -0.9623501 0.1657927 0.2150332 -0.9624311 0.274497 0.2152647 -0.9371834 0.274497 0.2152647 -0.9371834 0.2744969 0.2152647 -0.9371833 0.2744925 0.2153334 -0.9371689 0.2744926 0.2153334 -0.9371689 0.2744925 0.2153334 -0.9371688 0.3829095 0.2148684 -0.8984498 0.3733806 0.3091106 -0.8746643 0.3733806 0.3091106 -0.8746644 0.3733807 0.3091105 -0.8746643 -0.1524442 0.3298404 -0.931647 -0.1525705 0.328674 -0.9320386 -0.07620847 0.3284363 -0.9414467 -0.07621437 0.3283439 -0.9414786 0.02049732 0.3282759 -0.9443595 0.02050191 0.3286752 -0.9442205 0.1210683 0.3285669 -0.9366891 0.1210712 0.3285096 -0.9367088 0.162225 0.3287203 -0.9303904 0.1622166 0.3289268 -0.9303187 0.1227369 0.3286923 -0.9364278 0.1227563 0.3281663 -0.9366098 0.007559478 0.3283429 -0.9445285 0.007555186 0.3280602 -0.9446267 -0.1101666 0.3281432 -0.9381819 -0.1101489 0.3284695 -0.9380699 -0.2121371 0.3284326 -0.9203966 -0.2121347 0.3284706 -0.9203836 -0.278916 0.3286301 -0.9023348 -0.2789004 0.3287659 -0.9022902 -0.2984907 0.3287778 -0.8959958 -0.2984752 0.3289029 -0.8959552 -0.2931389 0.3289037 -0.8977149 -0.2931374 0.328921 -0.897709 -0.2300534 0.3287713 -0.9159612 -0.2301008 0.3282723 -0.9161283 -0.1294634 0.3282836 -0.9356651 -0.1294519 0.3285245 -0.9355822 -0.06697136 0.3286553 -0.9420725 -0.06696701 0.3287894 -0.9420261 -0.04866933 0.3288024 -0.9431439 -0.04867058 0.3287364 -0.9431668 -0.007440924 0.3285703 -0.9444503 -0.007442414 0.3284815 -0.9444812 0.1010332 0.3281595 -0.9392037 0.1010239 0.3284433 -0.9391056 0.1709299 0.3287972 -0.9288033 0.1709216 0.3289347 -0.9287561 0.1354107 0.3286648 -0.934689 0.1354151 0.3285779 -0.9347189 0.08095103 0.3287892 -0.9409276 0.08094853 0.3288971 -0.9408901 0.06467413 0.3288924 -0.9421502 0.06467378 0.3288965 -0.9421489 0.103265 0.3288033 -0.9387357 0.1032673 0.3287195 -0.9387648 0.111167 0.3287018 -0.9378684 0.1111688 0.3286591 -0.9378831 0.08175897 0.3285229 -0.9409508 0.08175653 0.3286225 -0.9409161 0.04733294 0.3286487 -0.9432654 0.04733145 0.3287661 -0.9432246 0.06708961 0.3285974 -0.9420843 0.06709444 0.3282977 -0.9421884 0.1603621 0.3281779 -0.9309045 0.1603509 0.3284301 -0.9308176 0.2654787 0.3285609 -0.9064044 0.2654784 0.3285571 -0.9064058 0.3710426 0.3281844 -0.86869 0.3710427 0.3281844 -0.86869 0.3710427 0.3281844 -0.8686901 0.3569146 0.4223049 -0.8332291 0.3569146 0.4223048 -0.8332291 0.3569145 0.4223048 -0.8332291 -0.1454351 0.4305392 -0.8907775 -0.1444979 0.437094 -0.8877326 -0.07258349 0.4367839 -0.8966334 -0.07256901 0.4369799 -0.8965391 0.0195263 0.4368382 -0.8993282 0.01952594 0.4367757 -0.8993585 0.1153228 0.4366004 -0.8922336 0.1153021 0.4370022 -0.8920396 0.1544824 0.4372658 -0.8859649 0.1544774 0.4373493 -0.8859246 0.1168844 0.4370502 -0.8918102 0.1169108 0.4365304 -0.8920612 0.007195174 0.436696 -0.8995804 0.007192611 0.4365724 -0.8996404 -0.1049132 0.4366349 -0.8935005 -0.1049168 0.4366067 -0.8935139 -0.2020593 0.4365993 -0.8766716 -0.202013 0.4369679 -0.8764986 -0.2655924 0.4372342 -0.8592363 -0.2655912 0.4372453 -0.8592311 -0.2842405 0.4372774 -0.8532267 -0.2842642 0.4371345 -0.8532921 -0.2791737 0.4371811 -0.8549473 -0.2792257 0.4368447 -0.8551022 -0.2191446 0.4366937 -0.8725103 -0.2191444 0.4366907 -0.8725119 -0.1232964 0.4367346 -0.891101 -0.1232784 0.436968 -0.890989 -0.063775 0.4371545 -0.8971225 -0.06378144 0.4370076 -0.8971936 -0.0463522 0.4370555 -0.8982394 -0.04634594 0.4372538 -0.8981433 -0.007087051 0.4370513 -0.8994088 -0.00709033 0.4368191 -0.8995215 0.09622907 0.4365276 -0.8945298 0.09622097 0.4367449 -0.8944247 0.1627723 0.4372797 -0.8844726 0.1627698 0.4373159 -0.8844552 0.1289581 0.4370442 -0.8901473 0.1289618 0.4369797 -0.8901785 0.07709097 0.4372045 -0.8960521 0.07709658 0.4370531 -0.8961254 0.06159734 0.4370297 -0.8973355 0.06159377 0.437155 -0.8972746 0.09834426 0.4371204 -0.8940103 0.09832966 0.4374253 -0.8938627 0.1058459 0.4374756 -0.8929792 0.1058599 0.4372003 -0.8931123 0.07785761 0.4370864 -0.8960434 0.07785159 0.4372391 -0.8959694 0.04507201 0.4372712 -0.8981996 0.04507541 0.4371139 -0.898276 0.06389051 0.4369831 -0.8971977 0.06389427 0.4368494 -0.8972626 0.1527153 0.4368128 -0.8864946 0.1527431 0.4364328 -0.886677 0.2528741 0.4366334 -0.863369 0.2528683 0.4366646 -0.8633549 0.3549399 0.4365071 -0.8267281 0.3308871 0.5471594 -0.7688502 0.3308871 0.5471593 -0.7688502 0.3308871 0.5471593 -0.7688501 -0.1345525 0.5412038 -0.8300568 -0.1350393 0.538902 -0.831474 -0.06798034 0.5385556 -0.8398432 -0.06798458 0.538511 -0.8398714 0.01829165 0.538393 -0.8424955 0.01829546 0.5386074 -0.8423584 0.1080252 0.5383965 -0.8357391 0.108003 0.5387393 -0.8355211 0.1446861 0.539024 -0.8297705 0.1446843 0.5390434 -0.8297582 0.1094769 0.5387304 -0.835335 0.1095073 0.5382825 -0.8356196 0.006736993 0.5384719 -0.8426167 0.00673145 0.5382495 -0.8427587 -0.09827667 0.5383604 -0.8369646 -0.09825783 0.5385332 -0.8368557 -0.1892393 0.5385431 -0.8210724 -0.1892243 0.5386285 -0.8210198 -0.2487731 0.5388599 -0.8048242 -0.2487332 0.5390542 -0.8047065 -0.2662006 0.539096 -0.79907 -0.2661834 0.5391787 -0.7990199 -0.2614349 0.5391299 -0.800619 -0.2614796 0.5389122 -0.8007509 -0.2052338 0.5386868 -0.8171265 -0.2052731 0.5384512 -0.8172718 -0.1154817 0.5385583 -0.8346372 -0.1154724 0.5386483 -0.8345803 -0.05973297 0.5388996 -0.8402495 -0.05972343 0.5390726 -0.8401392 -0.04340469 0.5390719 -0.8411408 -0.04340398 0.5390876 -0.8411306 -0.006639599 0.5388703 -0.8423627 -0.006644845 0.5386143 -0.8425263 0.09014296 0.5382778 -0.8379328 0.09013271 0.5384725 -0.8378088 0.1524535 0.5389981 -0.8283954 0.1524537 0.5389933 -0.8283986 0.1207916 0.5387201 -0.8337807 0.1207933 0.5386974 -0.833795 0.07220119 0.5389685 -0.8392258 0.07219922 0.5390155 -0.8391958 0.05768257 0.5390428 -0.8403009 0.05768597 0.5389609 -0.8403532 0.09210431 0.538979 -0.8372685 0.09210705 0.5389325 -0.8372982 0.09914785 0.5389444 -0.836486 0.09913569 0.5391402 -0.8363612 0.07290875 0.5390942 -0.8390839 0.07291746 0.5389228 -0.8391933 0.04221659 0.538908 -0.8413062 0.04221379 0.5390165 -0.8412368 0.05983561 0.5388649 -0.8402644 0.05984336 0.5386043 -0.840431 0.1430394 0.5385771 -0.830346 0.1430546 0.5384216 -0.8304443 0.2368361 0.5385602 -0.8086171 0.2368854 0.5382602 -0.8088024 0.3331858 0.5381866 -0.7741721 0.3331858 0.5381866 -0.7741721 0.3331858 0.5381866 -0.7741722 0.3224233 0.5820133 -0.7465279 0.3395642 0.5695576 -0.7485321 0.3395641 0.5695574 -0.7485324 0.3395641 0.5695576 -0.7485322 0.3697814 0.5673151 -0.7358093 -0.1220758 0.6306206 -0.7664303 -0.1215229 0.6327527 -0.764759 -0.06250154 0.6323849 -0.7721289 -0.06249171 0.6324636 -0.7720652 0.01682144 0.6323415 -0.7745072 0.01682353 0.6324235 -0.7744402 0.09932506 0.6322305 -0.7683875 0.09929704 0.6325731 -0.7681092 0.1330025 0.6328516 -0.7627642 0.1330012 0.6328656 -0.7627528 0.1006386 0.6325573 -0.7679473 0.1006801 0.6320785 -0.7683361 0.006187856 0.6322581 -0.7747331 0.006183981 0.6321041 -0.7748589 -0.09035289 0.6321906 -0.7695267 -0.0903365 0.6323136 -0.7694278 -0.1739991 0.632268 -0.7549579 -0.173937 0.6325612 -0.7547267 -0.2286693 0.6327819 -0.7397956 -0.2286817 0.6327356 -0.7398314 -0.2447311 0.6327961 -0.7346263 -0.2447435 0.6327503 -0.7346616 -0.2403632 0.6327764 -0.7360839 -0.2403194 0.6329413 -0.7359565 -0.1886502 0.6326726 -0.7510902 -0.188735 0.632283 -0.7513969 -0.1061784 0.632306 -0.7674082 -0.1061324 0.632663 -0.7671204 -0.05490279 0.6328506 -0.7723249 -0.05490565 0.632817 -0.7723524 -0.03990173 0.6328339 -0.7732589 -0.0399034 0.632799 -0.7732873 -0.006107628 0.6326003 -0.7744544 -0.006113767 0.6323575 -0.7746526 0.08288693 0.6320836 -0.7704546 0.08287662 0.6322231 -0.770341 0.1401565 0.6327371 -0.7615773 0.1401306 0.632941 -0.7614126 0.1110416 0.6325936 -0.7664824 0.1110445 0.6325715 -0.7665001 0.0663706 0.632821 -0.7714484 0.06636762 0.6328638 -0.7714136 0.05302518 0.6328529 -0.7724543 0.05303031 0.6327413 -0.7725453 0.08467286 0.6327444 -0.7697175 0.08466291 0.6328772 -0.7696096 0.09112936 0.6329433 -0.7688162 0.09114217 0.6327874 -0.768943 0.06703639 0.632677 -0.7715089 0.06702429 0.6328653 -0.7713556 0.03880369 0.6328756 -0.7732806 0.03880357 0.6328807 -0.7732765 0.05500197 0.6327077 -0.772435 0.05501097 0.6324849 -0.7726168 0.1315014 0.6324243 -0.7633787 0.1315444 0.6320708 -0.763664 0.2177566 0.6322981 -0.7434927 0.2177892 0.6321502 -0.7436088 0.3072657 0.6320223 -0.7114321 0.3072181 0.6321868 -0.7113065 0.3421862 0.6326878 -0.6947048 0.3449304 0.6351631 -0.6910795 -0.112946 0.6925743 -0.7124494 -0.105974 0.7170351 -0.6889342 -0.05626624 0.7166546 -0.6951549 -0.05626261 0.716677 -0.6951321 0.01514959 0.7165553 -0.6973658 0.01515209 0.7166298 -0.6972893 0.08944362 0.7164416 -0.6918897 0.08940577 0.716829 -0.6914932 0.1197254 0.7170929 -0.6866175 0.1197276 0.717077 -0.6866338 0.09059518 0.7167945 -0.6913742 0.0906471 0.7162916 -0.6918884 0.005567073 0.716477 -0.6975885 0.005559861 0.7163312 -0.6977383 -0.08135235 0.7164213 -0.6929087 -0.08133202 0.7165379 -0.6927904 -0.1566551 0.7165307 -0.6797375 -0.1566009 0.7167286 -0.6795412 -0.2058699 0.7169522 -0.666031 -0.2058438 0.717029 -0.6659563 -0.2202934 0.7170735 -0.6612688 -0.2202734 0.7171298 -0.6612145 -0.2163472 0.7170978 -0.6625441 -0.2164365 0.7168325 -0.662802 -0.1699085 0.7166271 -0.6764442 -0.1699295 0.7165501 -0.6765205 -0.09559214 0.7165656 -0.6909385 -0.09556072 0.7167533 -0.6907482 -0.04943078 0.7169792 -0.6953399 -0.0494222 0.717069 -0.6952478 -0.03591865 0.7170863 -0.6960582 -0.03592014 0.7170584 -0.696087 -0.005502223 0.7168709 -0.6971843 -0.005510747 0.7166287 -0.6974331 0.07463842 0.7163284 -0.6937599 0.07462579 0.7164799 -0.6936048 0.126177 0.7169644 -0.6855957 0.1261639 0.7170514 -0.6855071 0.09997391 0.7167918 -0.6900832 0.09997475 0.7167886 -0.6900864 0.05975013 0.7170148 -0.6944925 0.05974256 0.7171111 -0.6943938 0.04772961 0.7171103 -0.6953235 0.04773277 0.7170564 -0.6953789 0.07621556 0.7170701 -0.6928215 0.07622432 0.7169766 -0.6929174 0.08205235 0.7169765 -0.6922515 0.08203834 0.7171093 -0.6921156 0.06034201 0.717006 -0.6944504 0.06034457 0.7169734 -0.6944838 0.0349363 0.7169879 -0.6962096 0.03493243 0.7170789 -0.6961161 0.04951274 0.7169198 -0.6953952 0.0495246 0.7166606 -0.6956616 0.1184013 0.7165979 -0.6873635 0.1184238 0.7164424 -0.6875218 0.1960577 0.7165569 -0.6694084 0.1960728 0.7165009 -0.6694639 0.276642 0.716389 -0.6405124 0.2765818 0.7165488 -0.6403596 0.3071077 0.7169822 -0.6257967 0.3038161 0.733661 -0.6078135 -0.08989077 0.8067557 -0.5840077 -0.1038313 0.7963517 -0.595855 -0.04880917 0.7962117 -0.6030462 -0.04879856 0.7962532 -0.6029923 0.01314556 0.7961567 -0.6049479 0.01315504 0.7962566 -0.604816 0.07759749 0.7961041 -0.6001639 0.07756698 0.7964009 -0.5997744 0.103837 0.7966156 -0.5955011 0.103838 0.7966074 -0.5955119 0.07856702 0.7963683 -0.5996873 0.07860988 0.7959936 -0.600179 0.004821658 0.7961361 -0.6050986 0.004809558 0.7960078 -0.6052674 -0.07056498 0.7960736 -0.601072 -0.07053929 0.7961685 -0.6009492 -0.1358824 0.7961558 -0.5896373 -0.1358308 0.796294 -0.5894624 -0.1785667 0.7964709 -0.5777092 -0.1785163 0.7965835 -0.5775699 -0.1910545 0.7966111 -0.5735058 -0.1910609 0.7965985 -0.5735212 -0.1876533 0.7965884 -0.5746592 -0.187676 0.7965378 -0.5747219 -0.1473487 0.7963448 -0.5866202 -0.1474257 0.7961371 -0.586883 -0.08291697 0.7961789 -0.599353 -0.08288353 0.7963198 -0.5991705 -0.04287302 0.7964996 -0.6031172 -0.04285991 0.7965976 -0.6029888 -0.03115218 0.796612 -0.6036878 -0.03115391 0.7965943 -0.6037111 -0.004777967 0.7964413 -0.6046971 -0.004790067 0.7962479 -0.6049516 0.06475007 0.796007 -0.6018143 0.06473767 0.7961586 -0.601615 0.1094269 0.796568 -0.594563 0.1094222 0.7965895 -0.5945351 0.08671963 0.7963455 -0.598593 0.08671689 0.7963649 -0.5985676 0.05182415 0.7965432 -0.6023566 0.05182057 0.7965874 -0.6022984 0.04139828 0.7965929 -0.6030969 0.04140228 0.7965356 -0.6031725 0.06610703 0.7965512 -0.600946 0.06610262 0.7965964 -0.6008868 0.07115221 0.7966241 -0.6002728 0.07115644 0.7965885 -0.6003197 0.05233895 0.7965141 -0.6023504 0.05233508 0.796557 -0.6022941 0.03029906 0.7965731 -0.6037825 0.0302987 0.7965832 -0.6037693 0.04294025 0.7964554 -0.6031708 0.04294753 0.79629 -0.6033887 0.1026955 0.7962332 -0.5962099 0.1027173 0.7960942 -0.5963919 0.1700613 0.796193 -0.5806512 0.1700826 0.7961142 -0.5807532 0.2400156 0.7959847 -0.5556987 0.2399373 0.7961654 -0.5554738 0.2699859 0.7965943 -0.5408746 0.2699961 0.7968953 -0.5404259 0.05981087 0.861275 -0.504607 0.05013394 0.8612619 -0.5056823 0.0337283 0.9209747 -0.3881598 0.03796219 0.8612722 -0.506724 0.02547001 0.8612468 -0.5075485 0.02546948 0.8612616 -0.5075234 0.03608965 0.8611654 -0.5070421 0.0360949 0.8610287 -0.507274 0.08633464 0.8609719 -0.501272 0.08635061 0.8608759 -0.5014344 0.1429753 0.8609439 -0.4881945 0.1429873 0.8609132 -0.488245 0.2017952 0.8608307 -0.4671717 0.2017345 0.8609443 -0.4669885 0.226129 0.8612838 -0.455034 0.2247684 0.8674642 -0.4438301 -0.03356897 0.903891 -0.4264438 -0.02999442 0.9082838 -0.4172778 0.009111166 0.9081681 -0.4185068 0.009129881 0.9082239 -0.4183852 0.0537163 0.9081385 -0.4152098 0.05370509 0.9082825 -0.4148961 0.07182079 0.9083998 -0.411888 0.07182109 0.9084023 -0.4118824 0.05431205 0.9082717 -0.4148407 0.05433452 0.9080648 -0.4152905 0.003313302 0.9081413 -0.4186509 0.003293573 0.9080765 -0.4187914 -0.04880344 0.9081139 -0.4158694 -0.04877346 0.9081662 -0.4157587 -0.09398889 0.90816 -0.4079359 -0.09392821 0.9082436 -0.4077636 -0.1234969 0.9083422 -0.3995785 -0.1234562 0.9083908 -0.3994807 -0.1321384 0.9084086 -0.3966526 -0.1321439 0.9084021 -0.3966659 -0.1297919 0.9083967 -0.3974539 -0.1298272 0.9083511 -0.3975465 -0.1019496 0.9082499 -0.4058181 -0.1020133 0.9081565 -0.4060112 -0.05735033 0.9081742 -0.4146453 -0.05731284 0.9082548 -0.4144739 -0.02964854 0.9083533 -0.4171513 -0.02963936 0.908386 -0.4170808 -0.02154815 0.9083941 -0.4175593 -0.02154707 0.9083986 -0.41755 -0.003322124 0.9083139 -0.4182761 -0.003340542 0.9082072 -0.4185077 0.04481726 0.9080744 -0.416404 0.04481291 0.9081586 -0.4162209 0.07568925 0.9083843 -0.411229 0.07568615 0.908401 -0.4111927 0.05998802 0.9082674 -0.4140672 0.05998522 0.9082813 -0.4140375 0.03584486 0.9083783 -0.4166104 0.03584194 0.9084045 -0.4165533 0.02862942 0.9084061 -0.4171076 0.0286324 0.908369 -0.4171885 0.04572755 0.9083746 -0.41565 0.0457257 0.9083922 -0.4156114 0.04921221 0.9084026 -0.4151903 0.04921317 0.908398 -0.4152001 0.041251 0.9083901 -0.416084 0.04125154 0.9083868 -0.4160913 0.03123623 0.9083948 -0.4169452 0.03123587 0.9083995 -0.4169351 0.02095788 0.908379 -0.4176226 0.02095711 0.9083966 -0.4175843 0.02968639 0.9083252 -0.41721 0.02968603 0.9082249 -0.4174283 0.07103455 0.9081866 -0.412494 0.0710442 0.908123 -0.4126324 0.1176444 0.9081795 -0.4017087 0.1176587 0.9081347 -0.4018056 0.1661043 0.9080538 -0.3845098 0.1660296 0.908174 -0.3842581 0.1871221 0.9084019 -0.3738867 0.1667551 0.92773 -0.3339312 0.04298466 0.9604034 -0.2752778 0.03210604 0.9481886 -0.3160819 0.002500832 0.9480941 -0.3179802 0.002462148 0.9480522 -0.3181053 -0.03705692 0.9480741 -0.3158836 -0.03701323 0.9481068 -0.3157903 -0.07137304 0.948104 -0.3098465 -0.07130515 0.9481532 -0.3097113 -0.09378641 0.9482126 -0.3034748 -0.09374922 0.9482378 -0.3034076 -0.1003585 0.9482483 -0.3012533 -0.100355 0.9482505 -0.301247 -0.09857416 0.9482468 -0.3018461 -0.0986095 0.9482179 -0.3019258 -0.07744181 0.9481589 -0.3082168 -0.07750856 0.9481026 -0.3083732 -0.04354864 0.9481139 -0.3149344 -0.04350137 0.9481657 -0.3147848 -0.02251327 0.9482245 -0.3168022 -0.02250188 0.9482433 -0.3167465 -0.01636385 0.9482481 -0.3171086 -0.01636517 0.9482457 -0.317116 -0.002535879 0.9481945 -0.3176803 -0.002569556 0.9481274 -0.3178802 0.03405463 0.9480487 -0.3162975 0.03406631 0.9480997 -0.316143 0.05748838 0.9482332 -0.3123282 0.05748993 0.9482502 -0.3122764 0.04556137 0.9481698 -0.3144809 0.04556167 0.9481742 -0.314468 0.02722465 0.9482341 -0.3164035 0.0272246 0.9482459 -0.3163678 0.02174186 0.9482468 -0.3167891 0.02174198 0.9482285 -0.3168438 0.03473061 0.9482315 -0.3156754 0.03473126 0.9482442 -0.3156369 0.03737407 0.9482503 -0.3153167 0.03737413 0.9482487 -0.3153216 0.03132784 0.9482437 -0.3159942 0.03132766 0.9482409 -0.316003 0.02372276 0.9482457 -0.3166506 0.0237233 0.9482476 -0.3166446 0.01591759 0.9482359 -0.3171677 0.01591789 0.9482446 -0.3171416 0.02253466 0.9482014 -0.3168699 0.02251887 0.9481423 -0.3170475 0.05394172 0.9481216 -0.3132985 0.05393403 0.9480792 -0.313428 0.0893504 0.948109 -0.3051328 0.0893498 0.9480906 -0.3051901 0.1261816 0.9480475 -0.2920346 0.1261615 0.9481018 -0.291867 0.135609 0.9482238 -0.2871967 0.1348971 0.94955 -0.2831214 0.004567682 0.964249 -0.2649587 0.01439261 0.9758852 -0.2178102 0.02810651 0.9758054 -0.2168267 0.02816241 0.9758518 -0.2166107 0.03749924 0.9758851 -0.21504 0.03750008 0.9758855 -0.2150381 0.03368097 0.9758797 -0.2156954 0.03366869 0.9758737 -0.2157245 0.02206861 0.9758632 -0.2172647 0.0220474 0.9758551 -0.2173033 0.001692116 0.9758088 -0.2186196 0.001647353 0.9757905 -0.2187016 -0.02545469 0.9758011 -0.2171738 -0.02541071 0.9758152 -0.217115 -0.04904562 0.9758143 -0.2130282 -0.04897862 0.9758372 -0.2129384 -0.06446552 0.9758669 -0.2086343 -0.06442838 0.9758793 -0.208587 -0.06899112 0.9758845 -0.2070985 -0.06898915 0.9758852 -0.2070958 -0.06777161 0.9758836 -0.2075053 -0.06780129 0.97587 -0.2075589 -0.05325764 0.9758414 -0.2118898 -0.05332481 0.9758134 -0.2120019 -0.02992242 0.9758189 -0.2165234 -0.02987086 0.9758441 -0.2164162 -0.01547217 0.9758723 -0.2177937 -0.01545804 0.9758822 -0.2177499 -0.01125001 0.9758846 -0.2179975 -0.01125115 0.9758834 -0.2180022 -0.00176537 0.9758588 -0.2183953 -0.001811802 0.9758257 -0.2185429 0.02343279 0.9757875 -0.2174622 0.02346116 0.9758131 -0.2173439 0.03952777 0.9758778 -0.2147098 0.0395345 0.9758855 -0.2146731 0.03132402 0.9758465 -0.2161999 0.0313248 0.9758485 -0.216191 0.01871794 0.9758775 -0.2175152 0.01871973 0.9758834 -0.2174887 0.01494407 0.9758839 -0.2177784 0.01494199 0.9758751 -0.2178177 0.02387917 0.9758765 -0.2170138 0.02388232 0.9758824 -0.2169863 0.02569288 0.9758852 -0.216767 0.02569216 0.9758843 -0.2167713 0.02153611 0.9758818 -0.2172353 0.02153533 0.9758809 -0.2172386 0.01630914 0.975883 -0.2176844 0.01631009 0.975884 -0.2176795 0.01094383 0.9758783 -0.2180413 0.0109452 0.9758828 -0.2180209 0.01547247 0.975862 -0.2178392 0.01544225 0.9758328 -0.2179726 0.03706485 0.9758232 -0.2153959 0.03703975 0.9758016 -0.215498 0.06141704 0.9758176 -0.209781 0.06140279 0.9758069 -0.2098348 0.08678573 0.975786 -0.2007734 0.08680528 0.9758149 -0.2006247 0.09689003 0.9758858 -0.1955999 0.0857594 0.9668813 -0.240387 0.003518521 0.9997884 -0.02026873 0.003773868 0.9997836 -0.02046126 0.01221805 0.9977287 -0.06624376 0.01220649 0.9977295 -0.06623411 0.0238679 0.9912908 -0.1295104 0.02179217 0.9912878 -0.1298993 0.01842582 0.9917101 -0.1271678 0.01599359 0.9912882 -0.1307368 0.01129508 0.9912881 -0.1312274 0.01129829 0.99129 -0.1312116 0.009012937 0.9912902 -0.1313866 0.009008646 0.9912869 -0.131412 0.01441019 0.9912874 -0.130926 0.01441615 0.9912898 -0.1309079 0.01549988 0.9912908 -0.1307759 0.01549905 0.9912904 -0.1307789 0.01299214 0.9912894 -0.1310588 0.01299124 0.9912892 -0.1310608 0.00984019 0.9912899 -0.13133 0.009841442 0.9912905 -0.1313255 0.006603896 0.9912883 -0.1315448 0.006606101 0.9912899 -0.1315325 0.009310722 0.9912825 -0.1314245 0.009264349 0.9912708 -0.1315153 0.02233719 0.9912679 -0.1299582 0.02228939 0.9912593 -0.1300315 0.03703808 0.9912658 -0.1265722 0.03700619 0.9912615 -0.1266143 0.05240529 0.9912537 -0.1211193 0.04459971 0.9898072 -0.1352506 0.04441726 0.9897967 -0.135387 0.05981761 0.9960902 -0.06500971 -0.112636 -0.02996039 0.9931846 0.06039255 -0.01209533 0.9981015 0.1007175 -0.01933425 0.9947272 0.005683958 -0.9999741 0.004412949 0.6457866 -0.005914032 0.7634952 -5.02088e-5 -0.9999987 0.001645147 3.19767e-5 -0.9999993 0.001205623 -0.001119077 -0.9998286 0.0184825 0.00122261 -0.999575 0.02912735 -0.002952635 -0.9948062 0.1017448 -0.0127995 -0.802286 0.5968027 -0.009699702 -0.8843843 0.4666586 -0.0106585 -0.8665634 0.4989532 -0.008197546 -0.9229046 0.3849417 -0.00864005 -0.916905 0.3990121 -0.005982458 -0.9605808 0.2779369 -0.006424963 -0.9572144 0.2893086 -0.004126429 -0.981735 0.1902087 -0.005791008 -0.9722269 0.2339687 -0.003154397 -0.9867141 0.1624364 -0.02021819 -0.04744374 0.9986693 -0.01960629 -0.1314646 0.991127 -0.01998651 -0.1214081 0.9924015 -0.0196979 -0.2202687 0.9752404 -0.01962304 -0.2242049 0.9743445 -0.01933377 -0.3185677 0.947703 -0.01915413 -0.3296105 0.9439226 -0.01850658 -0.4333744 0.901024 -0.01844727 -0.4366082 0.8994627 -0.017021 -0.5598866 0.8283944 -0.01750564 -0.5387389 0.842291 -0.0175057 -0.5387389 0.842291 -0.01750838 -0.5387389 0.8422909 -0.015477 -0.6574291 0.7533575 -0.01605713 -0.6347492 0.7725515 -0.01438617 -0.7211295 0.692651 -0.01432609 -0.7232702 0.6904166 -0.01356256 -0.7609539 0.6486642 -0.01183032 -0.8241147 0.5662995 0.6453983 -0.05864876 0.7615914 0.1523504 -0.9725728 0.1757605 0.1626451 -0.9686989 0.1875346 0.1894886 -0.9570369 0.2194869 0.2214643 -0.9409108 0.2562041 0.2214643 -0.9409108 0.2562041 0.2214643 -0.9409108 0.2562041 0.2609217 -0.9166727 0.3027061 0.2842231 -0.9003453 0.3295388 0.2842231 -0.9003453 0.3295387 0.3255333 -0.86653 0.3783568 0.3447337 -0.8489333 0.4005883 0.3892769 -0.8019384 0.4531648 0.3892769 -0.8019385 0.4531648 0.3892768 -0.8019385 0.4531647 0.4098322 -0.7775514 0.4769189 0.4498192 -0.7228498 0.5245483 0.4498191 -0.7228498 0.5245484 0.4498191 -0.7228498 0.5245484 0.4851776 -0.6667672 0.5657069 0.4851776 -0.6667672 0.5657069 0.4851776 -0.6667672 0.5657069 0.5025167 -0.6350252 0.5867027 0.5025168 -0.6350252 0.5867028 0.5025168 -0.635025 0.5867028 0.5315103 -0.5761842 0.6208933 0.5315103 -0.5761842 0.6208934 0.5315102 -0.5761842 0.6208935 0.5480642 -0.5374839 0.6408875 0.5480639 -0.5374842 0.6408875 0.5480638 -0.5374845 0.6408873 0.5675921 -0.487165 0.6637089 0.5675921 -0.487165 0.6637089 0.5845084 -0.4354428 0.6846455 0.602806 -0.3714541 0.7061493 0.602806 -0.3714541 0.7061493 0.6123266 -0.3297972 0.7185332 0.6248159 -0.2681544 0.7332792 0.6248158 -0.2681544 0.7332792 0.6248158 -0.2681543 0.7332793 0.6314342 -0.223618 0.7424863 0.6355825 -0.1947418 0.7470679 0.6423323 -0.1215547 0.7567256 0.6400928 -0.1405258 0.7553368 0.6400927 -0.1405258 0.7553369 0.6400927 -0.1405258 0.7553369 0.6441632 -0.09519571 0.7589412 0.6441633 -0.09519571 0.7589411 0.6441633 -0.09519577 0.7589411 0.1063343 -0.9866871 0.1230515 0.1246782 -0.9817122 0.1438633 0.1246782 -0.9817122 0.1438633 0.1246782 -0.9817122 0.1438633 0.1341679 -0.9787994 0.1547611 0.1341684 -0.9787992 0.1547613 0.1341678 -0.9787994 0.1547607 0.004008471 -0.9999818 0.00452423 0.006710171 -0.9999479 0.007713913 0.01183402 -0.9998243 0.01453781 0.01762956 -0.9995778 0.02310222 0.03029429 -0.9989113 0.03547668 0.08458411 -0.9917237 0.09659063 0.00126481 -0.9999983 0.001383244 0.001684129 -0.9999983 6.91585e-4 0.001091599 -0.9999988 0.001231968 0.001093208 -0.9999987 0.00123322 9.36261e-4 -0.9999986 0.001357376 7.70783e-4 -0.9999986 0.001457393 5.99126e-4 -0.9999986 0.001537084 4.33822e-4 -0.9999988 0.001589953 3.0583e-4 -0.9999987 0.001618504 2.7149e-4 -0.9999987 0.00162369 2.66777e-4 -0.9999987 0.00162369 1.83161e-4 -0.9999986 0.001636922 1.72233e-4 -0.9999987 0.001637339 1.0157e-4 -0.9999988 0.001642882 9.89003e-5 -0.9999988 0.001641988 4.7361e-5 -0.9999988 0.001646161 -6.45662e-7 -0.9999988 0.001646041 -6.06947e-5 -0.9999986 0.001646459 -1.76325e-4 -0.9999986 0.001636624 -1.01159e-4 -0.9999987 0.001643598 9.36142e-4 -0.9999986 0.001356363 0.016532 -0.9995763 0.02395915 0.0165314 -0.9995764 0.02395653 0.09241467 -0.9866729 0.1339267 0.09240669 -0.9866759 0.1339098 0.1321287 -0.9725784 0.1913986 0.1323914 -0.9724507 0.1918653 0.1323909 -0.9724509 0.1918648 0.1323906 -0.972451 0.1918643 0.1647013 -0.9570301 0.2386771 0.1645897 -0.9570908 0.2385112 0.2271658 -0.91653 0.3291938 0.2270189 -0.916643 0.3289803 0.2834159 -0.8665966 0.4107137 0.2834159 -0.8665967 0.4107137 0.2834159 -0.8665967 0.4107138 0.2834773 -0.8665392 0.4107925 0.2834773 -0.8665393 0.4107924 0.2834772 -0.8665394 0.4107923 0.3392874 -0.801962 0.4916718 0.3392875 -0.8019619 0.4916719 0.3392873 -0.8019621 0.4916716 0.3394004 -0.8018094 0.4918424 0.3925648 -0.7226758 0.5688871 0.3925649 -0.7226758 0.5688872 0.3925648 -0.7226759 0.5688871 0.3923258 -0.7230879 0.5685282 0.4391919 -0.6340713 0.6364464 0.4391919 -0.6340713 0.6364464 0.4390863 -0.6343173 0.6362742 0.4787206 -0.5381135 0.6937294 0.4789049 -0.5376023 0.6939985 0.4789049 -0.5376024 0.6939984 0.4789049 -0.5376026 0.6939984 0.5112535 -0.4355752 0.7408739 0.5112536 -0.4355751 0.7408739 0.5112536 -0.4355753 0.7408738 0.5110286 -0.436416 0.7405342 0.5362313 -0.3295954 0.7770605 0.5362975 -0.3292481 0.777162 0.5535568 -0.2238221 0.8021712 0.5536319 -0.223237 0.8022824 0.5536319 -0.2232371 0.8022825 0.5536327 -0.2232371 0.8022818 0.5637462 -0.1216119 0.816946 0.5637653 -0.1213172 0.8169767 7.70526e-4 -0.9999986 0.001456737 0.01360881 -0.9995763 0.02573192 0.01360708 -0.9995765 0.02572631 0.07609099 -0.9866685 0.1438592 0.0760743 -0.9866741 0.1438303 0.1089658 -0.9724509 0.206072 0.1093071 -0.9722896 0.2066518 0.1355206 -0.9570707 0.2562222 0.1354803 -0.9570984 0.2561404 0.1869899 -0.9165384 0.3535423 0.1869899 -0.9165384 0.3535423 0.1869898 -0.9165385 0.3535423 0.1869788 -0.9165566 0.3535009 0.1869788 -0.9165567 0.3535009 0.2333775 -0.8665188 0.441226 0.2333775 -0.8665187 0.441226 0.2333775 -0.8665188 0.4412259 0.2332143 -0.8667244 0.440908 0.2795861 -0.8015179 0.5285838 0.2795861 -0.8015178 0.528584 0.279586 -0.801518 0.5285837 0.2795003 -0.8016509 0.5284275 0.2795001 -0.801651 0.5284275 0.2795002 -0.801651 0.5284274 0.3227172 -0.723596 0.6101332 0.3227173 -0.723596 0.6101332 0.3227172 -0.7235961 0.6101331 0.3229307 -0.7231521 0.6105464 0.3616393 -0.6338353 0.6837177 0.3616393 -0.6338353 0.6837177 0.3616392 -0.6338353 0.6837177 0.3616601 -0.6337652 0.6837717 0.3616601 -0.6337653 0.6837716 0.36166 -0.6337655 0.6837715 0.3942668 -0.5375102 0.7454104 0.3942669 -0.53751 0.7454105 0.3942668 -0.5375103 0.7454102 0.394015 -0.5383619 0.7449287 0.394015 -0.538362 0.7449287 0.394015 -0.5383621 0.7449286 0.4206472 -0.4365665 0.7952772 0.4206472 -0.4365665 0.7952772 0.4208505 -0.4356755 0.7956582 0.4208505 -0.4356756 0.7956581 0.4208505 -0.4356757 0.7956581 0.4414088 -0.3297192 0.834532 0.4414089 -0.3297192 0.834532 0.4414088 -0.3297193 0.834532 0.4413903 -0.329851 0.8344897 0.4557537 -0.2232711 0.8616488 0.4557098 -0.2236786 0.8615663 0.4641137 -0.1211579 0.8774505 0.4640877 -0.1216151 0.877401 5.98993e-4 -0.9999987 0.001534342 0.0105791 -0.9995764 0.02711516 0.01057744 -0.9995766 0.02710586 0.05915635 -0.9866708 0.1515961 0.05913639 -0.9866808 0.1515392 0.08492672 -0.9723365 0.2175986 0.08492678 -0.9723365 0.2175987 0.08492666 -0.9723366 0.2175985 0.08472239 -0.972464 0.2171081 0.08472245 -0.972464 0.2171081 0.08472239 -0.972464 0.217108 0.1053448 -0.9570949 0.2699479 0.1053739 -0.9570699 0.2700252 0.1453584 -0.91658 0.3724943 0.1453584 -0.91658 0.3724943 0.1453583 -0.91658 0.3724943 0.1451967 -0.9167776 0.372071 0.1813269 -0.8667328 0.4646448 0.1815511 -0.8663682 0.4652369 0.2172412 -0.8018003 0.556707 0.2169444 -0.8024149 0.5559366 0.2169444 -0.802415 0.5559366 0.2169443 -0.802415 0.5559365 0.2510938 -0.7231612 0.6434205 0.2513601 -0.7224514 0.6441135 0.2813382 -0.6333097 0.7209492 0.2812781 -0.6335555 0.7207565 0.2812781 -0.6335555 0.7207566 0.2812781 -0.6335555 0.7207566 0.3062555 -0.5388177 0.7847823 0.3062555 -0.5388177 0.7847823 0.3062651 -0.53879 0.7847975 0.3062651 -0.53879 0.7847974 0.3062651 -0.5387901 0.7847974 0.327173 -0.4360007 0.8383682 0.327173 -0.4360008 0.8383681 0.3272475 -0.4355342 0.8385817 0.3272475 -0.4355342 0.8385816 0.3432053 -0.3297588 0.879471 0.3431445 -0.3302735 0.8793016 0.3543453 -0.2235696 0.9079957 0.3543171 -0.2239614 0.9079102 0.3608618 -0.1214343 0.9246796 0.3608719 -0.121088 0.9247211 1.01547e-4 -0.9999988 0.001642942 0.001793622 -0.9995774 0.02901709 0.001793742 -0.9995777 0.02900534 0.0100336 -0.9866995 0.1622452 0.01002907 -0.9867143 0.1621559 0.01428651 -0.9728543 0.2309771 0.0143513 -0.9726738 0.2317324 0.0143513 -0.9726738 0.2317324 0.01435124 -0.9726738 0.2317324 0.0178802 -0.9571297 0.2891077 0.01787149 -0.9571773 0.2889506 0.02465146 -0.9167994 0.3985868 0.02463597 -0.9169145 0.3983227 0.03081226 -0.866538 0.4981591 0.03079593 -0.8666867 0.4979014 0.03686624 -0.8020991 0.5960522 0.03684467 -0.8023748 0.595682 0.0426073 -0.723645 0.688856 0.04262471 -0.7233644 0.6891496 0.04773151 -0.6341661 0.7717221 0.04774647 -0.6339085 0.7719329 0.05203431 -0.5380791 0.8412867 0.05199646 -0.5391163 0.8406248 0.05199652 -0.5391163 0.8406249 0.05199933 -0.5391163 0.8406247 0.05553662 -0.4367179 0.8978826 0.05553764 -0.4366764 0.8979027 0.05828058 -0.3298618 0.9422285 0.05828124 -0.3297899 0.9422537 0.06016206 -0.2243188 0.972657 0.06016284 -0.2242004 0.9726843 0.06127834 -0.1213399 0.9907177 0.06127887 -0.1214646 0.9907024 0.05585372 0.03306931 0.9978912 0.05547147 -0.1213393 0.99106 0.05547159 -0.121473 0.9910435 0.05445909 -0.2244681 0.9729586 0.05446171 -0.2242116 0.9730175 0.05275005 -0.3301993 0.9424362 0.0527566 -0.3298174 0.9425696 0.05028581 -0.436219 0.8984344 0.05027288 -0.4367579 0.8981733 0.04705715 -0.5394033 0.8407317 0.04707574 -0.5388818 0.8410651 0.0431928 -0.6345287 0.7716915 0.04321783 -0.6339377 0.7721757 0.03861021 -0.7229261 0.6898458 0.03858298 -0.7234163 0.6893332 0.03332656 -0.8027305 0.59541 0.0333516 -0.8023731 0.5958903 0.0278902 -0.8665541 0.4983035 0.02787721 -0.8666857 0.4980751 0.02229893 -0.9169381 0.398406 0.02229964 -0.9169322 0.3984197 0.01618063 -0.9571654 0.2890891 0.01617807 -0.95718 0.2890414 0.01294529 -0.9727846 0.2313494 0.01295548 -0.9727645 0.2314338 0.00907731 -0.9867197 0.1621785 0.009078443 -0.9867156 0.1622039 0.001623868 -0.9995777 0.02901357 0.001623868 -0.9995778 0.02901333 9.19775e-5 -0.9999987 0.001643121 9.19729e-5 -0.9999988 0.001644074 4.73566e-5 -0.9999988 0.001645028 8.36058e-4 -0.9995776 0.02905011 8.36101e-4 -0.9995777 0.02904999 0.004674911 -0.9867085 0.1624331 0.004674732 -0.9867116 0.1624144 0.006674587 -0.9727292 0.2318481 0.006681203 -0.9726637 0.2321221 0.008328199 -0.9571864 0.2893527 0.008326947 -0.9572058 0.2892884 0.01149159 -0.9167813 0.3992241 0.01149058 -0.9167952 0.3991923 0.01435571 -0.866643 0.4987224 0.01435154 -0.8667417 0.4985508 0.01717293 -0.8023704 0.5965793 0.01718181 -0.8021256 0.5969082 0.0198639 -0.7234281 0.690114 0.01985579 -0.7237477 0.689779 0.0222299 -0.6349183 0.7722594 0.02225804 -0.6334667 0.7734498 0.02424871 -0.5379416 0.8426334 0.02422291 -0.539817 0.8414338 0.02588647 -0.4367096 0.89923 0.02589064 -0.4362988 0.8994294 0.02716249 -0.3298503 0.9436425 0.02716165 -0.3303008 0.9434849 0.02804386 -0.2242221 0.9741345 0.02804285 -0.2239573 0.9741955 0.02856069 -0.1214935 0.9921813 0.02855741 -0.1213189 0.9922027 -6.45723e-7 -0.9999987 0.001644909 -1.13981e-5 -0.9995778 0.02905732 -1.13996e-5 -0.9995778 0.02905684 -6.37413e-5 -0.9867162 0.1624542 -6.35096e-5 -0.9867256 0.1623964 -9.07818e-5 -0.9726747 0.2321723 -9.19587e-5 -0.9721657 0.2342944 -1.13541e-4 -0.9572191 0.2893645 -1.13421e-4 -0.9572302 0.2893274 -1.56549e-4 -0.9168232 0.3992934 -1.5671e-4 -0.9167846 0.3993822 -1.95664e-4 -0.8667792 0.4986922 -1.95455e-4 -0.8668465 0.4985752 -2.34108e-4 -0.8021173 0.5971666 -2.33329e-4 -0.8025777 0.5965475 -2.69795e-4 -0.7238497 0.6899577 -2.70965e-4 -0.72308 0.6907644 -3.03472e-4 -0.6335117 0.7737331 -3.02167e-4 -0.6346769 0.7727775 -3.29149e-4 -0.5398138 0.8417845 -3.30405e-4 -0.5386324 0.8425409 -3.53037e-4 -0.436389 0.8997581 -3.52853e-4 -0.4363933 0.899756 -3.70196e-4 -0.3303528 0.9438574 -3.70196e-4 -0.3303562 0.9438563 -3.82275e-4 -0.2239962 0.97459 -3.82272e-4 -0.2239798 0.9745938 -3.89337e-4 -0.1213344 0.9926117 -3.87936e-4 -0.1216441 0.9925737 -6.06879e-5 -0.9999987 0.001643657 -0.001071453 -0.9995775 0.02905088 -0.001071751 -0.9995774 0.02905321 -0.005989551 -0.9867131 0.1623619 -0.005991816 -0.986705 0.1624113 -0.008645951 -0.9721165 0.2343391 -0.00862652 -0.9722441 0.23381 -0.01067131 -0.9571946 0.2892487 -0.01066899 -0.95721 0.2891978 -0.01472926 -0.9167258 0.3992456 -0.01473182 -0.9166889 0.3993301 -0.01838821 -0.8667359 0.4984284 -0.01840388 -0.8665105 0.4988195 -0.02200055 -0.8024449 0.5963206 -0.02199101 -0.8026434 0.5960537 -0.02547252 -0.7229332 0.6904482 -0.02547115 -0.7229688 0.690411 -0.02849704 -0.6344775 0.7724159 -0.02850341 -0.6342946 0.7725658 -0.03106659 -0.5384779 0.8420668 -0.03107261 -0.538282 0.8421918 -0.03317636 -0.4362162 0.8992301 -0.03317964 -0.4360721 0.8992999 -0.03480178 -0.3302064 0.943267 -0.03480279 -0.3301581 0.9432839 -0.03593409 -0.2238953 0.9739506 -0.03592747 -0.2243804 0.9738392 -0.03659403 -0.121578 0.9919072 -0.03659802 -0.1213192 0.9919387 -0.09972769 -0.0768187 0.992045 -0.09928423 -0.1213417 0.987633 -0.09928411 -0.1213427 0.9876329 -0.09747326 -0.2243713 0.9696167 -0.09747207 -0.2243904 0.9696124 -0.09442204 -0.3299604 0.9392607 -0.09441184 -0.3301941 0.9391796 -0.08998477 -0.4366143 0.8951372 -0.09001111 -0.4360946 0.8953879 -0.08424019 -0.5391888 0.8379614 -0.08429604 -0.5383136 0.8385182 -0.07733792 -0.6341992 0.7692921 -0.07732242 -0.6343749 0.7691489 -0.06910538 -0.722977 0.6874073 -0.06910204 -0.722998 0.6873855 -0.05970537 -0.8023217 0.5938983 -0.0596596 -0.8026481 0.5934618 -0.04986166 -0.8668923 0.4959957 -0.04992258 -0.8665466 0.4965931 -0.03993928 -0.9168286 0.3972786 -0.03996813 -0.9167055 0.3975597 -0.02895975 -0.9571749 0.2880585 -0.02894437 -0.9572192 0.2879126 -0.02327156 -0.9725672 0.2314553 -0.02341443 -0.972195 0.2329995 -0.01624822 -0.9867197 0.1616178 -0.01625549 -0.9867078 0.1616899 -0.002906978 -0.9995777 0.02891486 -0.002908587 -0.9995774 0.02892446 -1.64677e-4 -0.9999987 0.001638174 -1.64736e-4 -0.9999988 0.001638531 -1.76361e-4 -0.9999987 0.001635551 -0.003113269 -0.9995778 0.02889043 -0.003114402 -0.9995775 0.02889704 -0.01740914 -0.9867141 0.161531 -0.01740837 -0.9867161 0.1615186 -0.02495741 -0.9724947 0.2315843 -0.0250653 -0.9722591 0.2325598 -0.03100407 -0.9572306 0.2876601 -0.03102523 -0.9571687 0.2878639 -0.04278826 -0.916826 0.3969879 -0.04278093 -0.9168522 0.3969282 -0.05344074 -0.8667749 0.4958283 -0.05344271 -0.8667626 0.4958495 -0.06397616 -0.8022256 0.5935834 -0.06396573 -0.8023065 0.5934751 -0.0740211 -0.7230815 0.6867854 -0.07399201 -0.7233327 0.686524 -0.08277744 -0.6350391 0.7680321 -0.08290988 -0.6335957 0.769209 -0.0903328 -0.5379872 0.8380989 -0.0902124 -0.5397164 0.8369993 -0.09021246 -0.5397164 0.8369993 -0.09021246 -0.5397165 0.8369994 -0.0963965 -0.4367659 0.8943955 -0.09642589 -0.4362177 0.8946598 -0.1011287 -0.3307124 0.9382976 -0.1011729 -0.3296452 0.9386683 -0.1044481 -0.2236496 0.969057 -0.1044366 -0.2240518 0.9689653 -0.1063646 -0.121654 0.9868571 -0.1063684 -0.121489 0.9868771 -1.01207e-4 -0.9999988 0.001642823 -0.00178653 -0.9995777 0.02900451 -0.001787483 -0.9995776 0.02900844 -0.009990096 -0.9867194 0.1621267 -0.009993433 -0.9867132 0.1621639 -0.014382 -0.9722723 0.233409 -0.01440662 -0.9721857 0.2337682 -0.01780587 -0.9571822 0.288938 -0.01780033 -0.9572078 0.2888537 -0.0245521 -0.9168774 0.3984133 -0.02454793 -0.916896 0.3983707 -0.0306704 -0.8667976 0.4977161 -0.03069871 -0.8665532 0.4981399 -0.03671282 -0.8023495 0.5957244 -0.03671932 -0.8022757 0.5958234 -0.04247039 -0.7233941 0.6891279 -0.04248136 -0.7232265 0.6893032 -0.04758578 -0.6336734 0.7721358 -0.0475282 -0.6347129 0.7712851 -0.05177646 -0.5397444 0.8402352 -0.05178099 -0.5397444 0.840235 -0.0517764 -0.5397444 0.8402353 -0.05181324 -0.5389787 0.8407244 -0.05534869 -0.4363154 0.8980898 -0.05533903 -0.4365865 0.8979588 -0.05807137 -0.329673 0.9423075 -0.05807477 -0.3296061 0.9423308 -0.05994695 -0.224096 0.9727217 -0.05994415 -0.2241846 0.9727014 -0.06105482 -0.1214976 0.9907123 -0.06105732 -0.1214051 0.9907234 0.6444604 -0.02749484 0.7641432 0.6433091 -0.01939123 0.765361 0.5678529 -0.01938211 0.8229019 0.5794798 -0.07680654 0.8113593 0.4668604 0.05463016 0.882642 0.482147 -0.02733385 0.8756638 0.3635175 -0.01275175 0.9315001 0.3647783 -0.01930385 0.9308943 0.292647 -0.01931691 0.9560255 4.33657e-4 -0.9999986 0.001588225 0.007659971 -0.9995767 0.02807015 0.0076586 -0.9995771 0.02805757 0.04283243 -0.9866821 0.1569197 0.04281258 -0.9866962 0.1568369 0.06137663 -0.9724583 0.2248511 0.06123632 -0.9725909 0.2243146 0.06123626 -0.9725909 0.2243146 0.06123644 -0.972591 0.2243146 0.07633727 -0.9570615 0.2796533 0.07628053 -0.9571295 0.2794359 0.1051976 -0.9167487 0.3853638 0.105226 -0.9166955 0.3854827 0.1315017 -0.8663961 0.4817316 0.1314336 -0.8665536 0.4814669 0.1572244 -0.8022277 0.5759438 0.1572243 -0.8022277 0.5759438 0.1572243 -0.8022278 0.5759438 0.1573386 -0.8019015 0.5763667 0.1819778 -0.7228404 0.6666228 0.1819778 -0.7228404 0.6666228 0.1818702 -0.7232326 0.6662266 0.2037204 -0.6336908 0.7462801 0.203639 -0.6341009 0.7459539 0.2218729 -0.5386873 0.8127659 0.2218844 -0.538632 0.8127995 0.237017 -0.4359113 0.8682191 0.2370169 -0.4359114 0.8682191 0.2370169 -0.4359113 0.8682191 0.2369839 -0.436155 0.8681058 0.2369839 -0.436155 0.8681058 0.2369838 -0.4361551 0.8681057 0.2485951 -0.3301013 0.9106227 0.2486479 -0.3294954 0.9108277 0.2566586 -0.22404 0.9401768 0.256659 -0.224021 0.9401813 0.2614092 -0.1212826 0.9575781 0.26141 -0.1213247 0.9575726 0.2623474 -0.08739775 0.9610076 0.2449737 -0.01887756 0.969346 3.05754e-4 -0.9999987 0.001616716 0.005400121 -0.9995773 0.02856737 0.005399286 -0.9995777 0.0285564 0.03019291 -0.9867053 0.159691 0.03018122 -0.9867172 0.1596194 0.04322683 -0.9725577 0.2286113 0.04322683 -0.9725577 0.2286113 0.04322683 -0.9725577 0.2286113 0.04349458 -0.9722152 0.2300128 0.05379706 -0.9571589 0.2845224 0.05375546 -0.9572274 0.2842995 0.07421243 -0.9167642 0.3924744 0.07418733 -0.9168158 0.3923584 0.09265792 -0.8667663 0.4900314 0.09270614 -0.86661 0.4902985 0.09270614 -0.86661 0.4902985 0.09270614 -0.8666101 0.4902986 0.1109507 -0.8020961 0.586798 0.1108357 -0.8025701 0.5861712 0.1282868 -0.7233515 0.6784579 0.1282978 -0.7233038 0.6785067 0.1436519 -0.6341769 0.7597262 0.1436188 -0.6344267 0.7595239 0.1565076 -0.5388871 0.8277114 0.1565676 -0.5383977 0.8280184 0.1671742 -0.4363337 0.8841187 0.1671785 -0.4363337 0.8841179 0.1671742 -0.4363337 0.8841187 0.1671746 -0.4363476 0.8841117 0.1754038 -0.3297031 0.9276472 0.1753926 -0.329925 0.9275705 0.1753926 -0.3299251 0.9275705 0.1753925 -0.329925 0.9275705 0.1810691 -0.2241653 0.9575823 0.1810727 -0.2240478 0.9576092 0.1844229 -0.1213656 0.9753249 0.1844223 -0.1213877 0.9753223 0.1857632 -0.01889181 0.982413 0.1928846 -0.08417755 0.977604 2.71474e-4 -0.9999988 0.001622021 0.004793286 -0.9995778 0.0286594 0.004793345 -0.9995778 0.02865946 0.02679342 -0.9867206 0.1602023 0.02679693 -0.9867174 0.160221 0.03853428 -0.9723242 0.2304362 0.0382204 -0.9727818 0.2285498 0.03822028 -0.9727817 0.2285497 0.03822016 -0.9727817 0.2285496 0.04773283 -0.9572224 0.2853894 0.0477423 -0.9572024 0.2854546 0.06585228 -0.9168623 0.3937349 0.06589525 -0.9167435 0.3940042 0.08233076 -0.8665435 0.4922642 0.08221942 -0.8669354 0.4915923 0.09839993 -0.802609 0.5883335 0.09842646 -0.8024691 0.58852 0.09842646 -0.8024691 0.5885199 0.09842711 -0.8024691 0.5885198 0.1139612 -0.7229948 0.6813895 0.1139656 -0.7229947 0.6813887 0.1139612 -0.7229948 0.6813895 0.1138525 -0.7236397 0.6807227 0.1274983 -0.6345058 0.7623299 0.1274697 -0.6347253 0.7621518 0.139023 -0.5382655 0.8312298 0.1389439 -0.5390427 0.8307392 0.1483783 -0.436986 0.8871456 0.1483783 -0.4369859 0.8871456 0.1483782 -0.436986 0.8871456 0.1483789 -0.4369499 0.8871632 0.1557114 -0.3301255 0.9310054 0.1557081 -0.3302103 0.9309759 0.1607647 -0.2240941 0.9612162 0.1607711 -0.2238437 0.9612735 0.1637383 -0.1214343 0.9790013 0.1637375 -0.1215063 0.9789925 0.1649557 -0.007242441 0.9862744 0.1668912 -0.04186433 0.9850862 2.66847e-4 -0.9999988 0.001622974 0.004710197 -0.9995778 0.02867454 0.004711151 -0.9995774 0.02868515 0.0263257 -0.986719 0.1602894 0.02633965 -0.986704 0.1603792 0.03747731 -0.9729148 0.228106 0.03763109 -0.972671 0.2291182 0.03763103 -0.972671 0.2291181 0.03763109 -0.972671 0.2291181 0.04690915 -0.9571946 0.2856186 0.04694354 -0.9571266 0.2858411 0.06473141 -0.9167623 0.3941533 0.06470739 -0.9168292 0.3940016 0.08080697 -0.8668192 0.4920314 0.08086347 -0.8666093 0.4923917 0.09671652 -0.8023904 0.5889105 0.09674054 -0.8022793 0.5890581 0.1118646 -0.7235623 0.6811344 0.1118704 -0.7235172 0.6811812 0.1252332 -0.6346775 0.7625622 0.1253255 -0.6339985 0.7631117 0.1364855 -0.539144 0.831081 0.1364855 -0.539144 0.8310809 0.1364855 -0.539144 0.8310809 0.1365295 -0.5387293 0.8313426 0.1457505 -0.4371322 0.887509 0.1457507 -0.4371322 0.8875091 0.1458005 -0.4365209 0.8878017 0.1529968 -0.3296517 0.9316232 0.1529988 -0.3296517 0.9316229 0.1529968 -0.3296517 0.9316232 0.1530054 -0.3294834 0.9316814 0.157939 -0.2239354 0.9617215 0.157934 -0.2240784 0.961689 0.1608537 -0.1215411 0.9794661 0.1608532 -0.1215918 0.97946 0.161766 -0.05977767 0.985017 0.1575049 -0.01936614 0.9873284 1.8314e-4 -0.9999986 0.001634836 0.003234326 -0.9995775 0.02888357 0.003234207 -0.9995778 0.02887845 0.018085 -0.9867097 0.1614841 0.01807606 -0.986725 0.1613913 0.02581351 -0.9727243 0.2305237 0.02596658 -0.9724041 0.2318537 0.0322318 -0.9571512 0.2877892 0.03221493 -0.9572004 0.2876279 0.04442942 -0.9168816 0.396679 0.04445493 -0.9167733 0.3969263 0.05553883 -0.8666034 0.4958971 0.05549591 -0.8668441 0.4954811 0.06643944 -0.8023061 0.5932039 0.0664305 -0.8023616 0.5931298 0.07681584 -0.723693 0.6858337 0.07686764 -0.7232253 0.686321 0.08606427 -0.6340968 0.7684493 0.08602833 -0.6345303 0.7680954 0.09377425 -0.5387077 0.8372577 0.09373825 -0.5392284 0.8369265 0.1001415 -0.4365488 0.8940901 0.1001578 -0.4362329 0.8942423 0.1050821 -0.3297018 0.9382189 0.1050683 -0.3301556 0.9380608 0.1084774 -0.2241296 0.9685033 0.1084793 -0.2239981 0.9685335 0.1104816 -0.1215994 0.9864115 0.1104815 -0.1216454 0.9864058 0.1112874 -0.01937234 0.9935995 0.1150383 -0.05756235 0.991692 1.7226e-4 -0.9999988 0.001636147 0.003041088 -0.9995778 0.02889829 0.003041088 -0.9995779 0.02889674 0.0169962 -0.9867258 0.1615037 0.01700347 -0.9867133 0.1615794 0.02440088 -0.972441 0.2318686 0.02438163 -0.9724912 0.2316608 0.03028857 -0.9572047 0.2878227 0.03028994 -0.9572008 0.2878355 0.04180485 -0.9167524 0.3972626 0.04176646 -0.9169176 0.3968852 0.05218267 -0.8668267 0.4958714 0.05218237 -0.8668357 0.4958559 0.06246221 -0.8023684 0.5935518 0.06249672 -0.8021179 0.5938864 0.07227677 -0.7232279 0.6868169 0.07222813 -0.7236818 0.6863439 0.08088934 -0.6345139 0.7686672 0.08092886 -0.6340746 0.7690253 0.08813577 -0.5392471 0.8375229 0.08815783 -0.5388906 0.8377501 0.09417027 -0.4362493 0.8948847 0.09415042 -0.4366652 0.894684 0.09878575 -0.3301975 0.9387285 0.09876382 -0.3308326 0.9385071 0.09876376 -0.3308326 0.9385071 0.09876233 -0.3308327 0.9385073 0.1019966 -0.2240458 0.9692267 0.1019949 -0.2241467 0.9692035 0.103881 -0.1216733 0.9871193 0.10388 -0.1213805 0.9871554 0.1046346 -0.01932948 0.994323 0.1046403 -0.01939445 0.9943211 0.1143807 -0.01938766 0.9932479 0.113556 -0.121391 0.9860879 0.1135566 -0.1213626 0.9860913 0.1114839 -0.2244191 0.9680948 0.1114888 -0.2242219 0.9681399 0.1079977 -0.3298811 0.9378246 0.1079682 -0.3306795 0.9375469 0.1079682 -0.3306795 0.9375469 0.1079682 -0.3306795 0.9375468 0.1029068 -0.4368964 0.8936061 0.1029233 -0.4365888 0.8937544 0.09641683 -0.5382505 0.8372517 0.09637451 -0.5388382 0.8368784 0.08844166 -0.6343248 0.7679911 0.08845674 -0.6341609 0.7681247 0.07895404 -0.7236813 0.6856031 0.07894676 -0.7237343 0.6855481 0.06833869 -0.8019618 0.5934534 0.06833875 -0.8019619 0.5934535 0.06833869 -0.8019618 0.5934534 0.06833356 -0.8020154 0.5933818 0.05708783 -0.8665961 0.4957341 0.05707091 -0.8666703 0.4956065 0.05707085 -0.8666703 0.4956065 0.05707406 -0.8666703 0.4956061 0.04567372 -0.9168496 0.3966116 0.04566073 -0.9169001 0.3964965 0.03312557 -0.9571628 0.2876493 0.03311377 -0.957197 0.2875369 0.02645057 -0.972912 0.2296578 0.02664601 -0.9724962 0.2313895 0.01859039 -0.9867092 0.1614296 0.01858794 -0.9867128 0.161408 0.003324925 -0.9995777 0.02887171 0.003324508 -0.9995778 0.02886539 1.88326e-4 -0.9999987 0.001634061 1.88321e-4 -0.9999986 0.001636028 0.1143832 -0.01943707 0.9932466 0.09144431 -0.019436 0.9956206 0.06166565 -0.04779195 0.996952 0.05928623 -0.01932913 0.9980539 0.04890114 -0.01933169 0.9986166 9.88965e-5 -0.9999988 0.001642048 0.001746237 -0.9995777 0.02900588 0.001746177 -0.9995778 0.02900534 0.009760975 -0.9867208 0.1621326 0.009763002 -0.9867133 0.1621776 0.01392513 -0.9727636 0.2313808 0.01393526 -0.9727454 0.2314567 0.01739722 -0.9571712 0.2889993 0.01739257 -0.9571974 0.2889128 0.02397722 -0.9169515 0.3982776 0.02399593 -0.9167975 0.3986308 0.02998971 -0.8665443 0.4981986 0.02997642 -0.8666758 0.4979704 0.03583246 -0.8027477 0.5952413 0.03585845 -0.8023997 0.5957088 0.04151105 -0.7229899 0.6896104 0.04148507 -0.7234349 0.6891451 0.04644465 -0.6345004 0.7715259 0.04642325 -0.6349881 0.7711258 0.05060195 -0.5393807 0.8405403 0.05064767 -0.538036 0.841399 0.05406719 -0.4362468 0.8982013 0.05405479 -0.4367125 0.8979756 0.05671697 -0.3302305 0.9421949 0.05672258 -0.3298934 0.9423126 0.05855345 -0.2244628 0.9727219 0.05855298 -0.2242681 0.9727669 0.05963951 -0.121326 0.9908195 0.05964237 -0.1215003 0.9907979 0.06008177 -0.01429283 0.9980912 0.0287587 -0.02734184 0.9992125 0.02055215 0.02421599 0.9994955 -3.90762e-4 -0.02682405 0.9996402 -4.90541e-4 -0.02386438 0.9997151 -0.003546953 -0.019351 0.9998065 -0.03686356 -0.0193414 0.9991331 -0.03783184 -0.007459282 0.9992564 -0.09473198 -0.027938 0.9951107 -0.01984345 -0.007767379 0.999773 -0.01788276 -0.01939749 0.999652 -0.06478685 -0.01939505 0.9977107 -0.06146258 -0.04023826 0.9972981 -0.1080872 0.004386126 0.9941318 -0.107159 -0.007860243 0.9942109 -0.1118236 -0.01431941 0.993625 -0.1110044 -0.1216536 0.986346 -0.1110113 -0.1213608 0.9863814 -0.1090044 -0.2236464 0.9685559 -0.1089828 -0.2244095 0.9683818 -0.105542 -0.3307087 0.9378128 -0.105571 -0.3299977 0.9380599 -0.1006051 -0.4367926 0.8939188 -0.1006126 -0.4366331 0.8939959 -0.09427297 -0.5379831 0.8376675 -0.09417951 -0.5392672 0.836852 -0.08639025 -0.6350483 0.7676265 -0.08646088 -0.634274 0.7682585 -0.07725143 -0.723087 0.6864237 -0.07725739 -0.7230345 0.6864783 -0.06676888 -0.8022337 0.5932649 -0.06674748 -0.8023617 0.593094 -0.05577093 -0.8667758 0.4955696 -0.05574345 -0.8669214 0.4953182 -0.04465448 -0.9168236 0.3967878 -0.0446487 -0.9168526 0.3967215 -0.0323565 -0.9572292 0.2875158 -0.03237432 -0.9571838 0.2876653 -0.02604138 -0.9725093 0.2314032 -0.02601546 -0.9725815 0.231103 -0.01816892 -0.9867153 0.1614407 -0.01816356 -0.9867227 0.161396 -0.003249526 -0.9995778 0.02887445 -0.003249585 -0.9995778 0.02887487 -1.84049e-4 -0.9999987 0.001635491 -1.8404e-4 -0.9999987 0.001636326 -0.05269187 0.01331245 -0.9985222 0.1126344 0.03020471 -0.9931773 0.02100342 0.01958447 -0.9995877 0.02130675 0.140963 -0.9897857 0.02098542 0.1312248 -0.9911305 0.02112096 0.2556227 -0.9665459 0.02063131 0.2228508 -0.9746343 0.01864981 0.5024697 -0.8643938 0.019391 0.4518073 -0.8919048 0.02022945 0.3661309 -0.9303435 0.01966708 0.3961043 -0.9179949 0.02064734 0.3100003 -0.9505123 9.80371e-4 0.9997448 -0.0225737 0.003028571 0.9919018 -0.1269722 0.002950251 0.9909979 -0.1338454 0.005746006 0.9711759 -0.2382948 0.005824923 0.9678033 -0.2516406 0.007976412 0.9370834 -0.3490145 0.008116781 0.9331648 -0.3593575 0.01028865 0.89143 -0.4530418 0.01037418 0.8880729 -0.4595857 0.01236861 0.8319562 -0.5547034 0.01243841 0.8288633 -0.5593131 0.01429629 0.7666471 -0.6419096 0.0144903 0.7550998 -0.6554498 0.01657056 0.6610065 -0.7501972 0.01652145 0.6666213 -0.7452136 0.01797443 0.5664356 -0.8239099 0.01793545 0.5713232 -0.8205293 0.01928228 0.4711853 -0.8818235 0.001605927 0.9997939 -0.02023965 6.28492e-4 0.9997941 -0.02028053 -0.00561726 0.9999588 -0.007136404 0.002286136 0.9997941 -0.02016037 0.00205338 0.9997941 -0.02018797 0.001097857 0.9997942 -0.02026289 4.00582e-4 0.9997941 -0.0202881 9.93365e-6 0.9997942 -0.02028977 -1.9943e-4 0.9997941 -0.02029025 -9.87606e-4 0.9997941 -0.02026951 -0.00108093 0.9997942 -0.02026128 -0.002186715 0.9997941 -0.02018034 -0.002330303 0.9997941 -0.02015697 -0.003081083 0.9997941 -0.02005815 -0.003402173 0.9997942 -0.02000248 -0.003573417 0.9997941 -0.01997423 -0.003575623 0.999794 -0.01998239 -0.02358186 0.9909977 -0.1317853 -0.0235933 0.9909893 -0.131847 -0.0443139 0.9678406 -0.2476307 -0.04434198 0.9677975 -0.247794 -0.06335687 0.9330802 -0.3540444 -0.06335449 0.9330875 -0.3540255 -0.08094137 0.8881818 -0.4523073 -0.08101975 0.8879522 -0.4527435 -0.09847527 0.8291562 -0.5502751 -0.09852844 0.8289431 -0.5505865 -0.1155855 0.7546151 -0.6459072 -0.1155918 0.7546102 -0.6459118 -0.1268804 0.6936752 -0.7090249 -0.1312574 0.666715 -0.7336639 -0.1345182 0.6456523 -0.7516901 -0.1445401 0.5716345 -0.807677 -0.1445921 0.5712047 -0.8079717 -0.1553654 0.4713212 -0.8681694 -0.1553654 0.4713212 -0.8681694 -0.1553654 0.4713212 -0.8681694 -0.1553934 0.4710252 -0.868325 -0.1639311 0.3660558 -0.9160403 -0.1639437 0.3659069 -0.9160975 0.001606047 0.999794 -0.02023309 0.01059895 0.9909889 -0.1335251 0.01059705 0.9909929 -0.1334944 0.01992809 0.9677711 -0.2510421 0.01991546 0.9678152 -0.250873 0.02845782 0.9331037 -0.3584799 0.02846181 0.933085 -0.358528 0.03639411 0.88798 -0.4584399 0.03638559 0.8880268 -0.4583497 0.04428774 0.8287442 -0.5578725 0.04425364 0.8290364 -0.5574411 0.05190002 0.7549187 -0.6537616 0.05193179 0.7545664 -0.6541656 0.05900079 0.6664451 -0.7432159 0.05896139 0.6670325 -0.7426919 0.06496119 0.5711479 -0.8182727 0.06496864 0.5710043 -0.8183723 0.06981223 0.4709805 -0.8793769 0.06980335 0.4711934 -0.8792635 0.07364827 0.3660004 -0.9276959 0.07365679 0.36572 -0.9278058 0.07365679 0.36572 -0.9278059 0.07365679 0.36572 -0.9278058 0.07651281 0.2554957 -0.9637778 0.07650887 0.2557893 -0.9637004 0.07835197 0.1408931 -0.9869196 0.07835233 0.1409118 -0.9869168 0.1125795 0.02980029 -0.9931958 0.1115038 0.1410339 -0.9837055 0.1115044 0.1409627 -0.9837156 0.1088874 0.2556257 -0.9606244 0.1088799 0.2558867 -0.9605557 0.104813 0.3660536 -0.9246724 0.1048092 0.3661316 -0.9246419 0.09931969 0.4715788 -0.8762129 0.09933519 0.4713202 -0.8763503 0.09245586 0.571095 -0.8156607 0.09245246 0.5711277 -0.8156384 0.0839343 0.666832 -0.7404662 0.08390003 0.6671451 -0.7401881 0.07384574 0.7550828 -0.6514574 0.07389336 0.7546861 -0.6519117 0.06299161 0.8289693 -0.5557355 0.06296789 0.8291243 -0.5555071 0.05176389 0.8881314 -0.4566653 0.05176943 0.8881049 -0.4567162 0.04048597 0.9331606 -0.3571728 0.04049581 0.9331229 -0.3572698 0.02833759 0.9678308 -0.250001 0.02833485 0.9678374 -0.2499759 0.01507747 0.9909992 -0.1330167 0.01507759 0.9909991 -0.1330174 0.002285182 0.9997942 -0.02016079 0.002285182 0.9997941 -0.02016037 0.002053558 0.999794 -0.02019423 0.01354449 0.9909974 -0.133194 0.01354902 0.9909906 -0.1332446 0.02546179 0.9678094 -0.2503932 0.02546519 0.9678006 -0.2504268 0.03636682 0.9331483 -0.3576475 0.03637009 0.9331371 -0.3576764 0.04649567 0.8881276 -0.4572389 0.04653233 0.8879182 -0.4576417 0.05657225 0.8290221 -0.5563471 0.05657291 0.8290038 -0.5563743 0.06634283 0.754929 -0.6524423 0.06634396 0.7549028 -0.6524724 0.07539665 0.6667051 -0.7414982 0.07539629 0.6667213 -0.7414838 0.08300226 0.571652 -0.8162872 0.08305335 0.570905 -0.8168045 0.08925175 0.470682 -0.8777771 0.08921921 0.4712907 -0.8774538 0.08921915 0.4712907 -0.8774538 0.08921921 0.4712907 -0.8774538 0.09412735 0.3663464 -0.9257054 0.09412801 0.3663226 -0.9257147 0.09779298 0.2558457 -0.9617586 0.09779816 0.2556025 -0.9618227 0.1001493 0.1408929 -0.9849464 0.1001497 0.1409214 -0.9849423 0.001097857 0.9997942 -0.02026283 0.00724411 0.9909954 -0.1337003 0.007243692 0.9909976 -0.1336841 0.0136162 0.9678153 -0.2512928 0.01361703 0.9678118 -0.2513065 0.01944696 0.9331676 -0.3589152 0.01945036 0.9331469 -0.3589687 0.02488112 0.8879857 -0.4591975 0.02486914 0.8880952 -0.4589865 0.03025323 0.8290727 -0.558322 0.03025436 0.8290594 -0.5583416 0.03547954 0.7549675 -0.6548018 0.0354973 0.7546854 -0.655126 0.04031807 0.6668251 -0.7441228 0.0403071 0.6670694 -0.7439044 0.04441702 0.5710076 -0.8197423 0.04441517 0.5710812 -0.8196912 0.04771548 0.4714316 -0.880611 0.04771548 0.4714316 -0.880611 0.04771548 0.4714316 -0.880611 0.04772531 0.4710963 -0.8807898 0.05034279 0.366396 -0.9290962 0.05034416 0.3662242 -0.9291638 0.05230545 0.2556628 -0.96535 0.05230492 0.2557797 -0.9653191 0.05356413 0.1409627 -0.9885649 0.05356335 0.1408475 -0.9885814 4.00654e-4 0.9997941 -0.02028805 0.002643406 0.9909973 -0.1338555 0.002643406 0.990998 -0.1338505 0.004969298 0.9678148 -0.251615 0.004969239 0.9678126 -0.251623 0.007098674 0.9331439 -0.3594333 0.007096529 0.9331967 -0.359296 0.009077131 0.8881044 -0.4595522 0.009080946 0.8879752 -0.4598017 0.01104098 0.8290592 -0.5590519 0.01103943 0.8291271 -0.5589512 0.01295536 0.7546952 -0.6559477 0.01295292 0.7548432 -0.6557775 0.01471239 0.6670257 -0.7448895 0.01471626 0.6667847 -0.7451051 0.01620876 0.5710978 -0.8207221 0.01620477 0.5715615 -0.8203992 0.01741951 0.4711018 -0.8819069 0.01742112 0.4709066 -0.8820111 0.01837515 0.3662144 -0.9303491 0.01837539 0.3662884 -0.93032 0.01909083 0.2557891 -0.9665441 0.01909059 0.2557486 -0.9665548 0.01955032 0.1408479 -0.9898383 0.01955389 0.1410358 -0.9898114 -0.05914062 -0.0111255 -0.9981877 -0.05855441 0.1409175 -0.9882882 -0.05855375 0.1409191 -0.9882881 -0.0571745 0.2559135 -0.9650076 -0.05717682 0.2557909 -0.9650399 -0.05503296 0.3663479 -0.9288492 -0.05503767 0.3661566 -0.9289243 -0.05217665 0.4709133 -0.8806353 -0.0521726 0.4710361 -0.8805697 -0.04854494 0.5712373 -0.8193482 -0.04852026 0.571825 -0.8189395 -0.04407757 0.6667776 -0.7439522 -0.04408234 0.666666 -0.7440519 -0.03878945 0.7548955 -0.6546971 -0.0387932 0.7548351 -0.6547666 -0.03305917 0.8291839 -0.5579975 -0.03305888 0.8292024 -0.5579701 -0.02719181 0.8880437 -0.4589543 -0.02719366 0.888032 -0.4589768 -0.02126395 0.9331347 -0.3588979 -0.02125805 0.9331707 -0.3588041 -0.01488119 0.9678274 -0.2511744 -0.01488244 0.9678257 -0.2511813 -0.007918179 0.9909973 -0.1336482 -0.007916152 0.9910016 -0.1336165 -0.00120002 0.9997941 -0.02025556 -0.001199901 0.9997941 -0.02025455 -0.00233066 0.9997942 -0.02015805 -0.01537454 0.9909999 -0.1329769 -0.01537716 0.9909974 -0.1329957 -0.02889895 0.9678288 -0.2499446 -0.02890557 0.9678163 -0.2499925 -0.04129517 0.9331319 -0.3571547 -0.04130679 0.9330948 -0.3572505 -0.05278456 0.8881511 -0.4565103 -0.05277812 0.8881784 -0.4564578 -0.06428581 0.8287119 -0.5559712 -0.06423443 0.8289901 -0.5555623 -0.07532966 0.7548782 -0.6515247 -0.0753113 0.7550337 -0.6513466 -0.08557146 0.6670412 -0.7400903 -0.0855503 0.6672557 -0.7398993 -0.0855503 0.6672558 -0.7398993 -0.0855503 0.6672558 -0.7398993 -0.09425562 0.5714654 -0.8151952 -0.09429001 0.5710723 -0.8154667 -0.1013172 0.4710933 -0.8762454 -0.1013113 0.4711788 -0.8762001 -0.1068874 0.3660801 -0.9244244 -0.1069031 0.365764 -0.9245477 -0.1110396 0.255787 -0.960335 -0.1110341 0.2559607 -0.9602893 -0.1137142 0.1408724 -0.9834756 -0.1137164 0.1408554 -0.9834777 -0.003080666 0.9997942 -0.02005738 -0.02032637 0.9909965 -0.1323356 -0.02032268 0.9909996 -0.1323136 -0.03821349 0.9678031 -0.2487914 -0.03819793 0.9678268 -0.2487015 -0.05459535 0.9330937 -0.3554653 -0.05459207 0.9331079 -0.3554285 -0.06978619 0.888082 -0.4543571 -0.06979107 0.8880627 -0.4543942 -0.08490377 0.8289993 -0.5527673 -0.08484929 0.8292164 -0.5524498 -0.09956407 0.7548878 -0.6482527 -0.09953743 0.7550539 -0.6480633 -0.1131139 0.6669509 -0.7364658 -0.1131854 0.6664527 -0.7369057 -0.1246373 0.5709316 -0.8114818 -0.1245889 0.5714141 -0.8111495 -0.1339133 0.4710502 -0.8718824 -0.1339119 0.4710963 -0.8718578 -0.1339119 0.4710963 -0.8718578 -0.1339119 0.4710963 -0.8718578 -0.1412854 0.3658595 -0.9198833 -0.1412786 0.3659551 -0.9198464 -0.1467503 0.2559756 -0.9554794 -0.1467579 0.2558673 -0.9555073 -0.1502963 0.1408199 -0.9785606 -0.1502913 0.1409705 -0.9785397 0.02111989 0.02000528 -0.9995769 0.06583195 0.02000385 -0.9976302 0.07904666 -0.04899871 -0.995666 0.0974158 0.01992481 -0.9950443 0.1140858 0.01992547 -0.9932711 0.002286136 0.9997941 -0.02016067 0.01508367 0.9909994 -0.133014 0.01508319 0.9909996 -0.1330122 0.02834957 0.9678312 -0.2499982 0.02835536 0.9678158 -0.2500573 0.04050248 0.9331588 -0.3571755 0.04050058 0.9331641 -0.3571619 0.05178374 0.8881343 -0.4566574 0.0517826 0.8881425 -0.4566416 0.06301921 0.8289676 -0.555735 0.06300467 0.8290435 -0.5556232 0.07387483 0.7550745 -0.6514638 0.07388579 0.7549831 -0.6515685 0.08396506 0.666834 -0.7404609 0.08397614 0.6667571 -0.7405289 0.09249264 0.5710877 -0.8156617 0.09244775 0.571695 -0.8152413 0.09936267 0.4715691 -0.8762134 0.09941017 0.4707164 -0.8766663 0.1048532 0.3660475 -0.9246702 0.1048412 0.366368 -0.9245448 0.1089307 0.2556405 -0.9606155 0.1089259 0.2558802 -0.9605522 0.1115505 0.1410294 -0.9837008 0.1115509 0.1409123 -0.9837176 0.1126233 0.03032851 -0.9931749 0.1009137 0.06958782 -0.9924586 0.09475058 0.02064532 -0.995287 0.05409181 0.01953548 -0.9983449 0.05418062 0.02002972 -0.9983303 0.01974743 0.02002996 -0.9996044 0.01974481 0.0200175 -0.9996047 0.002996981 0.02001953 -0.9997951 9.94299e-6 0.9997942 -0.02028965 6.55955e-5 0.9910001 -0.1338618 6.55568e-5 0.9909979 -0.1338776 1.23215e-4 0.9678214 -0.2516384 1.23215e-4 0.9678185 -0.2516496 1.75921e-4 0.9332129 -0.3593239 1.75921e-4 0.9332152 -0.3593181 2.2512e-4 0.8879959 -0.4598513 2.2531e-4 0.8880867 -0.4596762 2.73961e-4 0.8291594 -0.5590123 2.73745e-4 0.8289211 -0.5593655 3.2095e-4 0.7548538 -0.6558931 3.21024e-4 0.7548682 -0.6558765 3.64718e-4 0.6668129 -0.7452251 3.64786e-4 0.6669893 -0.7450673 4.01832e-4 0.5715924 -0.8205378 4.01639e-4 0.5714024 -0.82067 4.31651e-4 0.4709423 -0.882164 4.31762e-4 0.4709408 -0.8821648 4.55418e-4 0.3663195 -0.930489 4.55564e-4 0.3664889 -0.9304223 4.73427e-4 0.2557582 -0.9667407 4.73122e-4 0.2556486 -0.9667697 4.84423e-4 0.1410552 -0.9900016 4.84618e-4 0.1410554 -0.9900017 4.89257e-4 0.02248305 -0.9997472 4.89874e-4 0.02249646 -0.9997468 -1.99825e-4 0.9997941 -0.02029311 -0.001318275 0.9909965 -0.1338818 -0.001317977 0.990998 -0.133871 -0.002477526 0.9678128 -0.2516589 -0.002477526 0.9678149 -0.2516511 -0.003537535 0.9331999 -0.3593405 -0.003541409 0.9331073 -0.3595809 -0.00452733 0.8880706 -0.459685 -0.004529178 0.887996 -0.4598292 -0.005509912 0.8289045 -0.5593631 -0.005501449 0.8292871 -0.5587959 -0.006457924 0.7548132 -0.6559079 -0.00646311 0.7544957 -0.6562731 -0.007337331 0.6669526 -0.7450641 -0.00733602 0.6670517 -0.7449754 -0.008081495 0.5713614 -0.8206588 -0.008082389 0.5713889 -0.8206396 -0.008082389 0.5713889 -0.8206396 -0.008078455 0.5713889 -0.8206398 -0.008688867 0.470905 -0.8821413 -0.008687555 0.4710465 -0.8820657 -0.00916332 0.3664444 -0.9303948 -0.009162187 0.3665484 -0.9303539 -0.009520173 0.2556305 -0.9667277 -0.009519696 0.2557096 -0.9667068 -0.009748399 0.141042 -0.9899556 -0.009750485 0.140951 -0.9899687 -0.009844005 0.03067559 -0.9994809 -0.02055269 -0.02337592 -0.9995155 -9.8725e-4 0.9997942 -0.02026796 -0.006513297 0.9909983 -0.1337162 -0.006512522 0.9909999 -0.1337037 -0.01224273 0.9678198 -0.2513465 -0.01224297 0.9678167 -0.2513585 -0.01749479 0.9331042 -0.3591805 -0.0174871 0.9331585 -0.3590396 -0.02236938 0.8880159 -0.4592683 -0.02236878 0.8880152 -0.4592698 -0.02718734 0.8292676 -0.5581901 -0.02719384 0.8291664 -0.5583401 -0.03192764 0.7545122 -0.6555089 -0.03191149 0.7547907 -0.655189 -0.03624111 0.6670754 -0.7441082 -0.03626024 0.6666697 -0.7444707 -0.0399307 0.5712041 -0.8198363 -0.03993076 0.5712041 -0.8198362 -0.03993076 0.5712041 -0.8198362 -0.03990793 0.5717919 -0.8194274 -0.04290819 0.4711011 -0.8810352 -0.04291069 0.471061 -0.8810564 -0.04525917 0.3665314 -0.9293043 -0.04527097 0.3660853 -0.9294795 -0.04703021 0.255736 -0.965602 -0.04702943 0.2557755 -0.9655916 -0.0481621 0.1409518 -0.9888443 -0.04816317 0.1409116 -0.98885 -0.0486024 0.04355186 -0.9978683 -0.06039685 0.002803146 -0.9981706 -0.001081645 0.9997941 -0.02026659 -0.007134795 0.9909988 -0.1336814 -0.007137 0.9909937 -0.1337186 -0.01341027 0.9678308 -0.2512441 -0.0134148 0.967808 -0.251332 -0.01916176 0.9331401 -0.359002 -0.01916438 0.9331247 -0.3590421 -0.02450329 0.8880662 -0.4590622 -0.02450144 0.8880822 -0.4590314 -0.02979201 0.8291985 -0.5581598 -0.02981412 0.8289374 -0.5585463 -0.03495568 0.7549244 -0.6548796 -0.03495496 0.7549282 -0.6548753 -0.0397228 0.6667951 -0.7441817 -0.03973537 0.6665203 -0.7444272 -0.04374736 0.5713018 -0.8195734 -0.04373866 0.5715194 -0.8194221 -0.04702097 0.4709242 -0.8809197 -0.04702001 0.4709724 -0.880894 -0.04959523 0.3663755 -0.9291445 -0.04960685 0.3658873 -0.9293361 -0.05152815 0.2559012 -0.9653286 -0.05153077 0.2557761 -0.9653617 -0.05277168 0.1409242 -0.988613 -0.05277049 0.1410115 -0.9886006 -0.05329209 0.02010864 -0.9983766 -0.08292973 0.02011513 -0.9963524 -0.002185285 0.9997942 -0.02017325 -0.0144236 0.9909912 -0.1331486 -0.0144189 0.9909965 -0.1331099 -0.02710777 0.9678031 -0.250245 -0.02709305 0.9678367 -0.2501161 -0.03872638 0.9331027 -0.357519 -0.03872931 0.933093 -0.3575437 -0.0495091 0.8880598 -0.4570544 -0.04950642 0.8880562 -0.4570617 -0.0602383 0.828931 -0.5560978 -0.06020498 0.8291084 -0.555837 -0.07062953 0.7548637 -0.6520677 -0.07065308 0.754699 -0.652256 -0.0802834 0.6664764 -0.7411908 -0.0802499 0.6668471 -0.7408609 -0.0883702 0.571482 -0.8158427 -0.08838278 0.5713003 -0.8159685 -0.09500157 0.4709085 -0.8770518 -0.09495431 0.4716589 -0.8766536 -0.100222 0.3658174 -0.9252747 -0.1002193 0.3658877 -0.9252471 -0.1041032 0.255774 -0.9611151 -0.1041049 0.2557466 -0.9611222 -0.1066102 0.1409642 -0.9842578 -0.1066127 0.1408999 -0.9842667 -0.1075292 0.05406731 -0.9927307 -0.1112648 0.02003729 -0.9935888 -0.1082141 0.02003914 -0.9939257 -0.1071565 0.1408793 -0.9842106 -0.1071558 0.1409237 -0.9842044 -0.1046356 0.2557863 -0.961054 -0.1046382 0.255699 -0.961077 -0.100722 0.3660796 -0.9251167 -0.1007286 0.3659595 -0.9251635 -0.09547156 0.471127 -0.8768835 -0.09545594 0.4713864 -0.8767458 -0.09545594 0.4713864 -0.8767458 -0.09545964 0.4713864 -0.8767454 -0.08881831 0.571489 -0.8157889 -0.08883845 0.5712471 -0.8159562 -0.08063668 0.6670674 -0.7406206 -0.08066642 0.6667529 -0.7409005 -0.07098615 0.7549012 -0.6519857 -0.07099074 0.7548537 -0.6520401 -0.06057065 0.828752 -0.5563287 -0.06049978 0.829197 -0.5556727 -0.04973506 0.8881691 -0.4568174 -0.04976302 0.8880466 -0.4570526 -0.03890889 0.9331537 -0.3573659 -0.0389229 0.9330994 -0.3575061 -0.0272324 0.9678311 -0.2501227 -0.02722829 0.9678407 -0.2500862 -0.01448827 0.9910005 -0.1330721 -0.01449185 0.9909964 -0.1331023 -0.002196133 0.9997941 -0.02017092 -0.002196252 0.9997942 -0.02017146 -0.1082623 0.01926648 -0.9939357 -0.1026419 0.02003931 -0.9945166 -0.1148384 0.02003377 -0.9931821 -0.114808 0.0202021 -0.9931823 -0.1517763 0.02019983 -0.9882085 -0.151809 0.02000939 -0.9882073 -0.1702026 0.02001672 -0.9852058 -0.003402173 0.9997941 -0.02000272 -0.02244442 0.9910015 -0.1319557 -0.02244669 0.9909993 -0.1319725 -0.04218971 0.9678302 -0.2480422 -0.04218369 0.9678379 -0.248013 -0.06029623 0.9331086 -0.3545035 -0.06029665 0.9331099 -0.3544998 -0.0770694 0.8881212 -0.4531016 -0.07705706 0.888143 -0.4530611 -0.09373331 0.8291707 -0.5510807 -0.09374308 0.8291229 -0.551151 -0.1099329 0.7550927 -0.6463357 -0.1099673 0.7549147 -0.6465378 -0.1099674 0.7549147 -0.6465377 -0.109972 0.7549148 -0.646537 -0.1249953 0.6665709 -0.7348874 -0.1249645 0.6667837 -0.7346996 -0.1376494 0.5710571 -0.8092876 -0.1376494 0.5710571 -0.8092876 -0.1376494 0.5710572 -0.8092877 -0.1375957 0.57153 -0.8089628 -0.1478608 0.4716123 -0.8693211 -0.1478926 0.4712527 -0.8695106 -0.1478926 0.4712527 -0.8695107 -0.1478956 0.4712528 -0.8695101 -0.1560404 0.3660765 -0.9174091 -0.1560161 0.3664361 -0.9172698 -0.1621032 0.2557457 -0.9530565 -0.1621056 0.2557333 -0.9530594 -0.1660058 0.1409928 -0.9759935 -0.1660041 0.1410599 -0.975984 -0.1676626 0.01458901 -0.9857366 -0.166997 0.02242004 -0.9857025 -0.1694561 0.2732445 -0.9469014 -0.1702347 0.255647 -0.9516643 -0.1718821 0.2190083 -0.9604645 -0.1718821 0.2190083 -0.9604645 -0.1718803 0.2190084 -0.9604648 -0.1743971 0.1410544 -0.97452 -0.1743999 0.140977 -0.9745308 -0.1757428 0.06872063 -0.9820346 -0.1885758 0.02000451 -0.9818549 -0.008149683 0.9999582 0.004150629 -0.006991624 0.9997901 -0.01925694 -0.4524022 0.3986867 -0.7977351 -0.4524022 0.3986867 -0.7977352 -0.4524022 0.3986867 -0.7977352 -0.4359642 0.4817193 -0.7601854 -0.4359642 0.4817192 -0.7601854 -0.01983708 0.9992468 0.03335142 -0.6262216 0.4598478 -0.6295924 -0.05134427 0.9827865 0.1774672 -0.03286051 0.9781225 0.2054184 -0.01847541 0.9744104 0.2240159 -0.004469156 0.9707544 0.2400335 -0.1229528 0.9879289 0.09422928 -0.06874394 0.9877961 0.1397608 -0.1560091 0.9869118 0.04082006 -0.1390182 0.9881511 0.06504821 -0.1088176 0.9890766 0.09942996 -0.2147099 0.9762245 -0.02975761 -0.2211078 0.9744172 -0.04028052 -0.1893616 0.9818913 0.005637407 -0.480592 0.7986646 -0.3621687 -0.4805956 0.7986614 -0.3621712 -0.4806137 0.7986459 -0.3621812 -0.5088624 0.7811972 -0.3616493 -0.5088896 0.7811704 -0.3616687 -0.5088896 0.7811699 -0.36167 -0.4225166 0.8569301 -0.2952127 -0.4225167 0.8569301 -0.2952127 -0.4225165 0.85693 -0.2952131 -0.4251602 0.8583219 -0.2872669 -0.371989 0.9015125 -0.2211325 -0.3800256 0.89359 -0.2389091 -0.3800252 0.8935902 -0.238909 -0.3800252 0.8935902 -0.2389091 -0.3645857 0.9073579 -0.2092341 -0.3645855 0.907358 -0.2092341 -0.3645856 0.9073579 -0.2092341 -0.6075448 0.4741866 -0.6372098 -0.5407572 0.6549254 -0.5278773 -0.582147 0.5576324 -0.5917356 -0.5821469 0.5576323 -0.5917358 -0.5821471 0.557632 -0.5917358 -0.5013745 0.7273205 -0.4686456 -0.5013744 0.7273207 -0.4686453 -0.5013744 0.7273206 -0.4686455 -0.5483663 0.6410333 -0.5370017 -0.5483665 0.6410331 -0.5370017 -0.5483666 0.6410328 -0.5370019 -0.4481915 0.8039072 -0.3909701 -0.4481915 0.8039073 -0.3909701 -0.4481915 0.8039073 -0.3909701 -0.5065271 0.7215388 -0.47203 -0.3866012 0.8699592 -0.3061221 -0.3866012 0.8699592 -0.306122 -0.3866012 0.8699592 -0.3061221 -0.4584217 0.7924036 -0.4024252 -0.6693626 0.1804835 -0.7206799 -0.6672825 0.2389674 -0.7054281 -0.6667452 0.241503 -0.7050725 -0.6667464 0.2414954 -0.7050739 -0.6667494 0.2414796 -0.7050765 -0.6576321 0.3235631 -0.6803139 -0.6421633 0.3979258 -0.6551956 -0.6421626 0.3979284 -0.6551948 -0.6421632 0.397925 -0.6551963 -0.6477629 0.1011791 -0.7550934 -0.6447263 0.06049752 -0.7620158 -0.6464753 0.07370406 -0.7593665 -0.6433149 0.02238965 -0.7652742 -0.6185475 -0.08052676 -0.7816101 -0.6186843 0.004614889 -0.7856262 -0.03766131 0.998785 0.0317828 -0.1858994 0.9473787 -0.2606052 -0.1658425 0.9609037 -0.2217214 -0.1270116 0.980685 -0.1487447 -0.1223265 0.9826369 -0.1395028 -0.06627559 0.9971755 -0.0353347 -0.06199645 0.9977476 -0.02561634 -0.02221381 0.99863 0.04737919 -0.2901756 0.9455024 -0.1477271 -0.2901756 0.9455024 -0.1477271 -0.2901757 0.9455024 -0.1477271 -0.2010628 0.9786664 -0.04226082 -0.03928977 0.9914686 0.1242841 -0.1304658 0.9912978 0.01753449 -0.1188657 0.9924427 0.03047275 -0.09178185 0.9936066 0.06574296 -0.07584059 0.9935446 0.08436459 -0.06010681 0.9852378 0.1602925 -0.06187742 0.9857129 0.1566566 -0.1880731 0.9789717 -0.07901275 -0.2447468 0.9575372 -0.152386 -0.2447468 0.9575373 -0.152386 -0.2447468 0.9575372 -0.152386 -0.2610766 0.9497291 -0.1727824 -0.2610765 0.9497292 -0.1727823 -0.2882126 0.9341721 -0.2103711 -0.2882125 0.9341721 -0.2103712 -0.3375641 0.8999161 -0.2760464 -0.3375641 0.8999161 -0.2760464 -0.3375642 0.8999161 -0.2760464 -0.4067078 0.8512577 -0.3315858 -0.3965832 0.8611914 -0.3179167 -0.4946573 -0.5494156 -0.6733919 -0.4946573 -0.5494156 -0.6733919 -0.3594791 0.9036169 -0.2329195 -0.3594791 0.9036169 -0.2329194 -0.3594791 0.9036168 -0.2329195 -0.2833459 0.9487522 -0.1399448 -0.2957687 0.9465355 -0.1288074 -0.2905333 0.9497408 -0.116545 -0.2905333 0.949741 -0.116545 -0.4159361 0.5597603 -0.7167046 -0.4159362 0.5597602 -0.7167047 -0.4159362 0.55976 -0.7167049 -0.4142067 0.5657894 -0.7129624 -0.4142066 0.5657894 -0.7129623 -0.4142068 0.5657892 -0.7129625 -0.3892371 0.642187 -0.6603715 -0.3892372 0.6421868 -0.6603715 -0.3892372 0.6421866 -0.6603717 -0.3867225 0.6489598 -0.6552075 -0.3867226 0.6489601 -0.6552073 -0.3867227 0.6489597 -0.6552076 -0.3560401 0.7226672 -0.592442 -0.3560401 0.7226672 -0.5924421 -0.3560401 0.7226672 -0.5924421 -0.3534831 0.7281897 -0.5871877 -0.3534831 0.7281898 -0.5871877 -0.3534831 0.7281897 -0.5871878 -0.3187832 0.793855 -0.5178528 -0.3187833 0.7938551 -0.5178528 -0.3187832 0.793855 -0.5178529 -0.3158764 0.79886 -0.5119032 -0.3158764 0.79886 -0.5119031 -0.3158765 0.79886 -0.5119032 -0.2798461 0.8527239 -0.4410763 -0.2798462 0.8527238 -0.4410763 -0.2798463 0.8527237 -0.4410764 -0.2760294 0.8577955 -0.4335833 -0.2407187 0.8993157 -0.3650836 -0.2407186 0.8993155 -0.3650836 -0.2407187 0.8993156 -0.3650836 -0.2369327 0.9033012 -0.357645 -0.2369326 0.9033012 -0.357645 -0.2369327 0.9033012 -0.357645 -0.1993545 0.9373583 -0.2856875 -0.5782166 0.293386 -0.7613083 -0.5616518 0.4006712 -0.7238854 -0.5616516 0.4006714 -0.7238854 -0.5616517 0.400671 -0.7238855 -0.0342186 0.9944321 0.09966909 -0.04756152 0.997224 0.05729198 -0.08397263 0.9964599 0.004057765 -0.09089285 0.9958274 -0.008148849 -0.1552174 0.9824103 -0.1038157 -0.1624709 0.9799554 -0.1152851 -0.2060525 0.9616159 -0.1812107 -0.213371 0.9577673 -0.1927557 -0.2462041 0.9382562 -0.2430207 -0.2462041 0.9382562 -0.2430207 -0.2462041 0.9382562 -0.2430207 -0.2527902 0.9337239 -0.2534896 -0.2897683 0.9051148 -0.3111294 -0.2897683 0.9051149 -0.3111294 -0.2897682 0.9051149 -0.3111293 -0.2964558 0.8991906 -0.3218234 -0.2964558 0.8991906 -0.3218235 -0.2964558 0.8991907 -0.3218234 -0.3363643 0.8594139 -0.3850544 -0.3363643 0.8594141 -0.3850542 -0.3363639 0.8594143 -0.3850538 -0.3416885 0.8533059 -0.3938505 -0.3416889 0.8533056 -0.3938508 -0.3416885 0.8533059 -0.3938502 -0.3819053 0.8020111 -0.4592677 -0.3819053 0.802011 -0.4592677 -0.3819054 0.8020109 -0.4592679 -0.3876675 0.793805 -0.4686017 -0.4261179 0.731181 -0.5327268 -0.4306384 0.7228075 -0.5404626 -0.4651014 0.6511847 -0.5996993 -0.4651014 0.6511847 -0.5996993 -0.4651015 0.6511846 -0.5996994 -0.4685346 0.642888 -0.6059458 -0.4685348 0.6428877 -0.6059461 -0.4685345 0.6428882 -0.6059458 -0.496893 0.5672677 -0.6567379 -0.4968929 0.5672683 -0.6567376 -0.4968925 0.5672691 -0.6567372 -0.4993158 0.5596975 -0.6613792 -0.5209528 0.4848919 -0.7024871 -0.523374 0.4753608 -0.707186 -0.1648898 0.9789806 -0.1200351 -0.4667526 0.2979567 -0.8326848 -0.4667525 0.2979567 -0.8326848 -0.4667526 0.2979567 -0.8326848 -0.4671996 0.2931922 -0.834124 -0.4758147 0.189638 -0.8588585 -0.4759846 0.1848676 -0.8598039 -0.4789081 0.08125317 -0.8740967 -0.478561 0.07683169 -0.8746864 -0.4777675 0.01851427 -0.8782913 -0.4372764 0.4757608 -0.7631784 -0.4372763 0.4757608 -0.7631783 -0.4372764 0.4757608 -0.7631784 -0.4516373 0.403294 -0.7958503 -0.4516373 0.4032941 -0.7958503 -0.4516373 0.4032942 -0.7958502 -0.5176723 0.39807 -0.7573348 -0.5331277 0.2939429 -0.79333 -0.5325871 0.2976008 -0.7923288 -0.5419608 0.1850987 -0.8197665 -0.648579 0.1475993 -0.7466992 -0.648579 0.1475992 -0.7466993 -0.648579 0.1475993 -0.7466993 -0.6190292 -0.1749618 -0.7656313 -0.6319223 0.1835302 -0.7529881 -0.6287849 0.2401166 -0.7395766 -0.6287834 0.2401244 -0.7395753 -0.6287856 0.2401121 -0.7395775 -0.537388 0.007716298 -0.8432999 -0.5653566 0.05337959 -0.8231176 -0.5658308 0.07526963 -0.8210786 -0.5665213 0.08297163 -0.8198595 -0.5199067 -0.3012856 -0.7993273 -0.5868235 0.1889924 -0.7873501 -0.5775656 0.2977873 -0.7600925 -0.6230753 0.2926961 -0.7253319 -0.6230753 0.2926961 -0.7253318 -0.6100085 0.3948915 -0.6869863 -0.6100086 0.3948912 -0.6869865 -0.6100089 0.3948903 -0.6869868 -0.5079948 0.7138635 -0.4820168 -0.5079948 0.7138635 -0.4820168 -0.5703949 0.5855853 -0.5759683 -0.5703949 0.5855854 -0.5759683 -0.5703949 0.5855853 -0.5759683 -0.2586794 0.294095 -0.9201049 -0.2493079 0.3972299 -0.8832067 -0.2493079 0.39723 -0.8832067 -0.2493079 0.3972299 -0.8832067 -0.239254 0.4744321 -0.847155 -0.2250996 0.5573276 -0.7991971 -0.2251043 0.5573276 -0.7991958 -0.2250996 0.5573276 -0.7991972 -0.2234298 0.02002483 -0.9745144 -0.2483137 0.07963824 -0.9654005 -0.2458783 0.1409801 -0.9589936 -0.2444258 0.1860217 -0.9516576 -0.242661 0.2183111 -0.945228 -0.2426611 0.2183111 -0.945228 -0.2426593 0.2183111 -0.9452284 -0.2179563 -0.4823859 -0.8484097 -0.2179563 -0.4823859 -0.8484097 -0.2179563 -0.4823859 -0.8484097 -0.01951128 0.999796 -0.00521171 -0.3240601 0.185485 -0.9276748 -0.3240243 0.1866161 -0.9274603 -0.3161199 0.2932363 -0.9022642 -0.316121 0.2932362 -0.9022639 -0.3160172 0.294574 -0.9018644 -0.3042951 0.3972561 -0.86579 -0.304295 0.3972559 -0.86579 -0.3042951 0.397256 -0.86579 -0.3041273 0.3985526 -0.8652529 -0.2925655 0.4743281 -0.8303122 -0.2925656 0.4743281 -0.8303123 -0.2925655 0.4743279 -0.8303123 -0.2922135 0.4765348 -0.8291718 -0.2922136 0.4765349 -0.8291718 -0.2922136 0.4765349 -0.8291718 -0.2768309 0.5568153 -0.7831485 -0.2768309 0.5568153 -0.7831484 -0.2768309 0.5568154 -0.7831484 -0.2763811 0.5590136 -0.78174 -0.2763822 0.5590137 -0.7817396 -0.2763811 0.5590135 -0.7817401 -0.2571433 0.6393929 -0.7246062 -0.2563873 0.6423075 -0.7222926 -0.234233 0.7166233 -0.6569521 -0.2327158 0.7212715 -0.6523886 -0.2080155 0.7876348 -0.5799664 -0.2063897 0.79168 -0.5750184 -0.1808452 0.846667 -0.5004499 -0.1785042 0.8512668 -0.4934383 -0.153603 0.8939839 -0.4209498 -0.1511872 0.8977519 -0.4137439 -0.1159664 0.9431101 -0.3116012 -0.113197 0.9462203 -0.3030737 -0.07519173 0.9782571 -0.1932855 -0.07227599 0.9802284 -0.1841975 -0.03337633 0.9968271 -0.07226234 -0.03088504 0.9975619 -0.06258159 -1.60183e-4 0.9996791 0.02533227 -0.00557506 0.999979 0.003349244 -0.001103162 0.9999751 -0.006977021 -0.02055555 0.9968766 -0.07625317 -0.03320747 0.9909827 -0.1298099 -0.05169641 0.9783199 -0.2005433 -0.06249898 0.9677734 -0.2439441 -0.08275103 0.9431685 -0.3218471 -0.08942157 0.9330292 -0.3485118 -0.1113432 0.8940377 -0.4339349 -0.1141967 0.8881053 -0.445228 -0.1141966 0.8881054 -0.445228 -0.1141967 0.8881055 -0.4452281 -0.1321777 0.8469313 -0.515011 -0.1321777 0.8469313 -0.5150111 -0.1321777 0.8469313 -0.5150111 -0.1390923 0.8286117 -0.5422695 -0.1390923 0.8286117 -0.5422695 -0.1532301 0.7874967 -0.596967 -0.1532301 0.7874968 -0.5969669 -0.1532301 0.7874968 -0.5969668 -0.1630876 0.7544652 -0.6357553 -0.1733515 0.7168728 -0.6753094 -0.1791459 0.6932705 -0.6980565 -0.1912748 0.63882 -0.7451999 -0.1912748 0.63882 -0.7452 -0.1912748 0.63882 -0.7452 -0.189905 0.6454998 -0.7397744 -0.08688056 0.93746 -0.3370767 -0.18554 0.5716229 -0.7992635 -0.18554 0.5716229 -0.7992635 -0.1855399 0.571623 -0.7992635 -0.1986755 0.4710788 -0.8594259 -0.2099379 0.3660545 -0.9066036 -0.21842 0.2734528 -0.9367584 -0.255967 0.05890309 -0.9648893 -0.2848625 0.02613621 -0.9582121 -0.3284924 0.02579873 -0.9441542 -0.3360996 0.005999565 -0.9418075 -0.398978 0.04393714 -0.9159073 -0.01667189 0.9995656 0.02430796 -0.01641392 0.9997389 0.01589894 -0.0434966 0.9979791 -0.04632222 -0.04689705 0.9973071 -0.05638474 -0.09371685 0.9818612 -0.1648201 -0.09757781 0.9798271 -0.1744064 -0.1433094 0.9488952 -0.2811769 -0.146896 0.9456742 -0.2900378 -0.1893996 0.9010854 -0.3900934 -0.1925951 0.897004 -0.3978582 -0.1925951 0.8970039 -0.3978582 -0.192595 0.897004 -0.3978581 -0.2222877 0.855113 -0.4683695 -0.2222876 0.8551132 -0.4683694 -0.2222871 0.8551132 -0.4683694 -0.2252847 0.8503144 -0.475618 -0.2252847 0.8503142 -0.475618 -0.2252847 0.8503144 -0.475618 -0.2558535 0.7958725 -0.5487496 -0.258153 0.7911775 -0.5544325 -0.2581531 0.7911772 -0.5544327 -0.258153 0.7911776 -0.5544322 -0.2873741 0.7257673 -0.6250424 -0.2896212 0.7200285 -0.6306176 -0.2896212 0.7200285 -0.6306176 -0.2896212 0.7200286 -0.6306176 -0.3160427 0.645595 -0.6952153 -0.3160426 0.645595 -0.6952152 -0.3160427 0.645595 -0.6952152 -0.3173804 0.6412568 -0.6986125 -0.3396238 0.5625334 -0.7537984 -0.3407327 0.5579435 -0.7567037 -0.3407328 0.5579434 -0.7567037 -0.3407326 0.5579436 -0.7567035 -0.3583692 0.4789645 -0.8013517 -0.3590732 0.4754077 -0.8031526 -0.3720734 0.4014129 -0.8369165 -0.3727161 0.3971111 -0.8386808 -0.3727161 0.3971111 -0.8386809 -0.3727161 0.3971111 -0.8386808 -0.385748 0.2960677 -0.8738092 -0.3859543 0.2935131 -0.8745796 -0.3859543 0.2935131 -0.8745796 -0.3859543 0.2935131 -0.8745796 -0.394433 0.1880262 -0.8994825 -0.3945101 0.1854609 -0.8999812 -0.3981786 0.07969009 -0.9138398 -0.3945994 0.03484475 -0.9181924 -0.4661716 -0.01629078 -0.8845443 0.1126353 -0.02994233 -0.9931852 -0.06039273 -0.01208984 -0.9981015 -0.100724 -0.01934862 -0.9947263 -0.005672931 -0.9999743 -0.004410624 -0.6457863 -0.005991816 -0.7634947 5.01977e-5 -0.9999987 -0.001645088 -3.19665e-5 -0.9999994 -0.001207172 0.001119077 -0.9998286 -0.01848161 -0.001222848 -0.999575 -0.02912724 0.002952694 -0.9948047 -0.1017594 0.01280248 -0.8022071 -0.5969088 0.009696364 -0.884449 -0.4665363 0.01064729 -0.8667922 -0.498556 0.008197069 -0.9228814 -0.3849971 0.00864613 -0.9167822 -0.3992943 0.005983948 -0.9605638 -0.2779951 0.006426513 -0.9571927 -0.2893804 0.004124879 -0.9817493 -0.1901356 0.005747973 -0.9724524 -0.2330306 0.005747973 -0.9724524 -0.2330306 0.005747973 -0.9724524 -0.2330306 0.003154218 -0.9867162 -0.1624236 0.02022176 -0.04751712 -0.9986657 0.01961249 -0.1312428 -0.9911563 0.01998507 -0.1214045 -0.9924019 0.01969659 -0.2202908 -0.9752355 0.01962238 -0.2241261 -0.9743626 0.01933401 -0.3186877 -0.9476627 0.01914656 -0.3301278 -0.943742 0.01850414 -0.4332473 -0.9010852 0.01844167 -0.4366099 -0.8994619 0.01701438 -0.5600044 -0.828315 0.01751202 -0.5383244 -0.8425559 0.01547813 -0.6574457 -0.7533431 0.01607185 -0.6340373 -0.7731356 0.01607191 -0.6340373 -0.7731356 0.01607185 -0.6340373 -0.7731355 0.01439285 -0.7209563 -0.6928312 0.01431715 -0.7236683 -0.6899995 0.0135321 -0.7622836 -0.6471017 0.01184052 -0.8238693 -0.5666562 -0.6453933 -0.05870473 -0.7615913 -0.6453933 -0.05870473 -0.7615913 -0.6453933 -0.05870473 -0.7615913 -0.1534158 -0.9721925 -0.1769335 -0.153416 -0.9721925 -0.1769337 -0.1534161 -0.9721923 -0.176934 -0.1625611 -0.9687328 -0.1874322 -0.1893869 -0.9570837 -0.2193706 -0.2213802 -0.9409567 -0.2561079 -0.2606893 -0.9168275 -0.3024375 -0.2843313 -0.9002661 -0.329662 -0.3255333 -0.86653 -0.3783568 -0.3446697 -0.8489944 -0.400514 -0.3892999 -0.8019071 -0.4532004 -0.4099711 -0.7773768 -0.4770838 -0.4099712 -0.7773769 -0.4770838 -0.4498865 -0.722754 -0.5246226 -0.4498863 -0.7227543 -0.5246223 -0.449886 -0.7227546 -0.5246222 -0.4850409 -0.6670014 -0.5655479 -0.5030111 -0.6341005 -0.5872789 -0.5319368 -0.575237 -0.6214063 -0.531937 -0.5752366 -0.6214064 -0.5319367 -0.5752376 -0.6214058 -0.5472376 -0.539456 -0.6399362 -0.5676323 -0.4870532 -0.6637566 -0.5676323 -0.487053 -0.6637567 -0.5676321 -0.4870535 -0.6637565 -0.5845074 -0.43545 -0.6846418 -0.5845073 -0.4354506 -0.6846416 -0.5845071 -0.4354511 -0.6846414 -0.602764 -0.3716344 -0.7060903 -0.602764 -0.3716344 -0.7060902 -0.6027641 -0.3716344 -0.7060902 -0.6124337 -0.3293447 -0.7186495 -0.6124337 -0.3293446 -0.7186495 -0.6124337 -0.3293446 -0.7186495 -0.6248223 -0.2681097 -0.7332901 -0.6248222 -0.2681097 -0.7332902 -0.6248223 -0.2681097 -0.7332901 -0.631352 -0.2242233 -0.7423737 -0.631352 -0.2242233 -0.7423737 -0.631352 -0.2242233 -0.7423737 -0.635555 -0.1949951 -0.7470253 -0.6423162 -0.1216902 -0.7567176 -0.6400986 -0.1404134 -0.7553529 -0.6400986 -0.1404132 -0.7553529 -0.6400985 -0.1404135 -0.7553529 -0.6441668 -0.09514528 -0.7589444 -0.1063595 -0.986681 -0.1230788 -0.1244485 -0.9817817 -0.1435874 -0.1351581 -0.9784811 -0.1559076 -0.1351581 -0.9784811 -0.1559078 -0.1351581 -0.9784811 -0.1559076 -0.004007279 -0.9999818 -0.004522919 -0.006709754 -0.9999478 -0.007713437 -0.01183348 -0.9998243 -0.01453793 -0.01762795 -0.9995778 -0.02310007 -0.03030049 -0.9989109 -0.03548359 -0.08454173 -0.9917321 -0.09654104 -0.00126475 -0.9999983 -0.001383244 -0.001682043 -0.9999984 -6.92348e-4 -0.001091599 -0.9999988 -0.001231968 -0.001093566 -0.9999987 -0.001233637 -9.36348e-4 -0.9999986 -0.001357495 -7.70759e-4 -0.9999987 -0.001458168 -5.99169e-4 -0.9999987 -0.001536488 -4.33813e-4 -0.9999987 -0.001590728 -3.05852e-4 -0.9999986 -0.001618623 -2.71478e-4 -0.9999988 -0.00162363 -2.66793e-4 -0.9999988 -0.001625418 -1.83184e-4 -0.9999986 -0.001636922 -1.72241e-4 -0.9999987 -0.001636445 -1.01576e-4 -0.9999988 -0.001642823 -9.89019e-5 -0.9999988 -0.001643359 -4.73634e-5 -0.9999988 -0.001646399 6.46259e-7 -0.9999988 -0.001646459 6.06923e-5 -0.9999987 -0.001646459 1.76322e-4 -0.9999986 -0.001636445 1.01169e-4 -0.9999988 -0.001643359 -9.36315e-4 -0.9999987 -0.001355886 -0.01653122 -0.9995763 -0.02395766 -0.01653093 -0.9995763 -0.02395582 -0.09241467 -0.9866726 -0.1339278 -0.09242755 -0.9866698 -0.1339401 -0.132789 -0.9722751 -0.1924796 -0.1327894 -0.9722747 -0.1924809 -0.1327881 -0.9722753 -0.1924788 -0.1324257 -0.972437 -0.1919109 -0.1647642 -0.9569966 -0.2387683 -0.1645912 -0.9570905 -0.2385111 -0.2270832 -0.9165946 -0.3290709 -0.2270189 -0.916643 -0.3289803 -0.2835212 -0.8664896 -0.4108667 -0.2835213 -0.8664895 -0.4108668 -0.2835212 -0.8664897 -0.4108667 -0.2836526 -0.8663625 -0.4110441 -0.2836525 -0.8663625 -0.4110441 -0.2836526 -0.8663625 -0.4110441 -0.3392956 -0.8019511 -0.491684 -0.3392956 -0.8019511 -0.491684 -0.3392956 -0.801951 -0.491684 -0.3393996 -0.8018155 -0.4918331 -0.3393997 -0.8018155 -0.4918331 -0.3393997 -0.8018155 -0.4918332 -0.3925538 -0.7226989 -0.5688655 -0.3925538 -0.7226989 -0.5688655 -0.3925536 -0.7226988 -0.5688655 -0.3922855 -0.7231591 -0.5684655 -0.3922855 -0.7231591 -0.5684655 -0.3922854 -0.7231591 -0.5684655 -0.4396568 -0.6330652 -0.6371266 -0.4393872 -0.6336593 -0.636722 -0.4393873 -0.6336591 -0.636722 -0.4393873 -0.6336591 -0.6367221 -0.4785217 -0.5386658 -0.6934379 -0.4785216 -0.5386658 -0.693438 -0.4786463 -0.5383044 -0.6936326 -0.4786463 -0.5383044 -0.6936326 -0.4786463 -0.5383043 -0.6936326 -0.5113866 -0.4350929 -0.7410654 -0.5113865 -0.435093 -0.7410655 -0.5113865 -0.4350929 -0.7410655 -0.5108584 -0.4370198 -0.7402955 -0.5108584 -0.4370198 -0.7402955 -0.5108584 -0.4370198 -0.7402955 -0.5363279 -0.3290851 -0.77721 -0.536328 -0.3290849 -0.77721 -0.536328 -0.3290852 -0.77721 -0.5361938 -0.3297911 -0.7770034 -0.5361937 -0.3297912 -0.7770034 -0.536199 -0.3297911 -0.7769998 -0.5535378 -0.2239676 -0.8021436 -0.5536263 -0.2232919 -0.802271 -0.563786 -0.1211191 -0.8169918 -0.5637681 -0.1213167 -0.8169748 -7.70526e-4 -0.9999986 -0.001456737 -0.01360863 -0.9995763 -0.02573198 -0.01360708 -0.9995765 -0.02572631 -0.07607477 -0.9866741 -0.1438297 -0.0760743 -0.9866741 -0.1438303 -0.1089452 -0.9724737 -0.2059758 -0.1099783 -0.9719433 -0.2079206 -0.1099782 -0.9719434 -0.2079203 -0.1099779 -0.9719436 -0.20792 -0.1355515 -0.9570512 -0.2562791 -0.1354801 -0.9570966 -0.2561469 -0.1870912 -0.9164501 -0.3537179 -0.1870913 -0.91645 -0.3537179 -0.1870912 -0.9164501 -0.3537178 -0.1869747 -0.9165567 -0.3535029 -0.1869747 -0.9165567 -0.3535029 -0.1869747 -0.9165568 -0.3535029 -0.2333478 -0.8665553 -0.4411699 -0.233595 -0.8662536 -0.4416313 -0.2335949 -0.8662537 -0.4416313 -0.2335949 -0.8662536 -0.4416313 -0.2795289 -0.8015957 -0.528496 -0.2795289 -0.8015958 -0.528496 -0.2795288 -0.8015957 -0.528496 -0.2792711 -0.8020191 -0.5279897 -0.3226736 -0.7237013 -0.6100314 -0.3229497 -0.7231263 -0.6105669 -0.3229495 -0.7231265 -0.6105667 -0.3229494 -0.7231268 -0.6105664 -0.3620422 -0.6327775 -0.6844839 -0.3614218 -0.6343926 -0.6833158 -0.361422 -0.6343923 -0.6833159 -0.361422 -0.6343922 -0.6833161 -0.3942522 -0.5375711 -0.7453741 -0.3942523 -0.5375713 -0.745374 -0.3942523 -0.537571 -0.7453742 -0.3938256 -0.5390082 -0.7445614 -0.4207991 -0.4358946 -0.7955653 -0.4207991 -0.4358946 -0.7955653 -0.420799 -0.4358947 -0.7955653 -0.4208889 -0.4354737 -0.7957481 -0.4413967 -0.329788 -0.8345112 -0.4413967 -0.3297879 -0.8345112 -0.4413967 -0.329788 -0.8345112 -0.4414665 -0.3293405 -0.8346509 -0.4557056 -0.2236648 -0.8615722 -0.4557076 -0.2236775 -0.8615677 -0.4641095 -0.1211501 -0.8774537 -0.4641253 -0.1209705 -0.8774702 -0.4641253 -0.1209705 -0.8774703 -0.4641253 -0.1209705 -0.8774702 -5.98993e-4 -0.9999987 -0.001534342 -0.01057922 -0.9995763 -0.02711558 -0.01057779 -0.9995766 -0.02710747 -0.0591495 -0.9866736 -0.1515803 -0.05912542 -0.9866855 -0.1515127 -0.08512228 -0.9721978 -0.2181417 -0.08512228 -0.9721978 -0.2181417 -0.08512228 -0.9721977 -0.2181416 -0.08430844 -0.9727363 -0.216047 -0.08430838 -0.9727363 -0.2160468 -0.08430814 -0.9727364 -0.2160466 -0.1053363 -0.9571008 -0.2699307 -0.1053546 -0.9570843 -0.2699816 -0.1454477 -0.9164746 -0.3727186 -0.1452803 -0.9166756 -0.3722894 -0.1816782 -0.8661642 -0.4655671 -0.1816782 -0.8661642 -0.4655671 -0.1816782 -0.8661642 -0.4655671 -0.1814771 -0.866495 -0.4650298 -0.1814771 -0.866495 -0.4650298 -0.1814771 -0.866495 -0.4650297 -0.2170833 -0.8021314 -0.5562914 -0.2172443 -0.8018175 -0.5566809 -0.2512069 -0.7228485 -0.6437276 -0.2511209 -0.7230811 -0.6434999 -0.281341 -0.6333098 -0.7209481 -0.2812791 -0.6335455 -0.7207651 -0.3062 -0.5390675 -0.7846323 -0.3062652 -0.5387806 -0.7848039 -0.3272446 -0.4355717 -0.8385633 -0.3272446 -0.4355716 -0.8385633 -0.3272446 -0.4355717 -0.8385633 -0.3272557 -0.4355 -0.8385962 -0.34318 -0.3299852 -0.879396 -0.3431872 -0.3299586 -0.8794032 -0.3431872 -0.3299586 -0.8794032 -0.3431873 -0.3299586 -0.8794032 -0.3543215 -0.2239153 -0.9079197 -0.3543277 -0.2238128 -0.9079427 -0.3608682 -0.1212515 -0.9247012 -0.360873 -0.1211601 -0.9247113 -1.01554e-4 -0.9999987 -0.001643061 -0.001793622 -0.9995774 -0.02901667 -0.001793742 -0.9995777 -0.02900528 -0.01003092 -0.9867074 -0.1621977 -0.01002895 -0.9867138 -0.1621584 -0.01440864 -0.9723796 -0.2329601 -0.0143975 -0.9724053 -0.2328538 -0.0178734 -0.9571636 -0.2889955 -0.01786279 -0.9572203 -0.2888082 -0.02465295 -0.9167936 -0.3985999 -0.02465116 -0.9168039 -0.3985764 -0.030806 -0.8665826 -0.4980821 -0.03078091 -0.8668262 -0.4976595 -0.03683793 -0.8024492 -0.5955823 -0.03684574 -0.8023473 -0.595719 -0.04262995 -0.7232729 -0.6892452 -0.04262441 -0.7233644 -0.6891496 -0.04773825 -0.634051 -0.7718163 -0.04774993 -0.6337908 -0.7720293 -0.05201399 -0.538609 -0.8409489 -0.05199354 -0.5391455 -0.8406062 -0.05555009 -0.4362398 -0.8981142 -0.05554062 -0.4365851 -0.8979469 -0.05827838 -0.3299225 -0.9422074 -0.05827295 -0.3302221 -0.9421028 -0.06016337 -0.2243099 -0.972659 -0.06016528 -0.2240129 -0.9727274 -0.06127858 -0.1212944 -0.9907233 -0.06127917 -0.1214255 -0.9907072 -0.05585402 0.03307193 -0.9978911 -0.05547046 -0.1215037 -0.9910398 -0.0554704 -0.1214447 -0.9910471 -0.05446124 -0.2242029 -0.9730195 -0.05446308 -0.2240185 -0.973062 -0.05274927 -0.3301829 -0.9424419 -0.05274856 -0.3302116 -0.942432 -0.05027228 -0.4367318 -0.898186 -0.05026465 -0.436979 -0.8980662 -0.05026465 -0.436979 -0.8980662 -0.05026453 -0.436979 -0.8980662 -0.04707485 -0.5388953 -0.8410564 -0.04706454 -0.5391756 -0.8408773 -0.04322648 -0.6337971 -0.7722906 -0.04322433 -0.6338393 -0.7722561 -0.03858 -0.7234584 -0.6892892 -0.03858137 -0.7234436 -0.6893046 -0.03334587 -0.8024713 -0.5957583 -0.03335213 -0.8023731 -0.5958903 -0.02787804 -0.8666782 -0.498088 -0.02786445 -0.8668293 -0.4978258 -0.0223003 -0.9169269 -0.3984318 -0.02231419 -0.916823 -0.3986699 -0.01617527 -0.9571935 -0.2889964 -0.01616972 -0.9572238 -0.2888966 -0.0130096 -0.9725313 -0.2324084 -0.01301348 -0.9725168 -0.232469 -0.01301342 -0.9725168 -0.232469 -0.01301348 -0.9725168 -0.232469 -0.009078323 -0.986717 -0.1621949 -0.009078621 -0.9867156 -0.1622039 -0.001623868 -0.9995778 -0.02901297 -0.001623868 -0.9995778 -0.02901273 -9.19736e-5 -0.9999987 -0.001643002 -9.19774e-5 -0.9999988 -0.001644194 -4.73639e-5 -0.9999987 -0.001645028 -8.36178e-4 -0.9995776 -0.02904999 -8.36148e-4 -0.9995777 -0.02905005 -0.004673779 -0.9867172 -0.1623805 -0.004673719 -0.9867164 -0.1623855 -0.006705462 -0.9725407 -0.2326365 -0.006705403 -0.9725407 -0.2326365 -0.006705403 -0.9725407 -0.2326365 -0.00671339 -0.9723929 -0.2332531 -0.00832808 -0.9571847 -0.2893581 -0.008327841 -0.9571875 -0.289349 -0.01149302 -0.9167416 -0.3993154 -0.01148647 -0.916854 -0.3990575 -0.01434308 -0.8668978 -0.4982795 -0.01435464 -0.8666183 -0.4987652 -0.01717311 -0.8022842 -0.5966951 -0.01717364 -0.8022797 -0.5967013 -0.01987314 -0.7230494 -0.6905105 -0.01986426 -0.7233993 -0.6901441 -0.02223706 -0.6345278 -0.7725802 -0.02223569 -0.6346174 -0.7725066 -0.02423375 -0.5390044 -0.8419544 -0.0242412 -0.5385187 -0.8422649 -0.02588629 -0.4362671 -0.8994448 -0.02588659 -0.4363332 -0.8994127 -0.02715522 -0.3302404 -0.9435063 -0.0271551 -0.3303101 -0.9434819 -0.02803677 -0.2242221 -0.9741347 -0.02803772 -0.2242288 -0.9741332 -0.0285573 -0.121318 -0.9922029 -0.02856051 -0.1214874 -0.992182 6.45872e-7 -0.9999987 -0.001644909 1.14044e-5 -0.9995778 -0.02905744 1.13996e-5 -0.9995778 -0.0290569 6.37312e-5 -0.98672 -0.1624301 6.36752e-5 -0.986723 -0.1624127 9.14633e-5 -0.9724024 -0.2333101 9.14417e-5 -0.9724245 -0.2332183 1.1346e-4 -0.9572007 -0.2894252 1.13577e-4 -0.9571936 -0.2894487 1.56584e-4 -0.9168805 -0.3991619 1.56582e-4 -0.9168828 -0.3991565 1.95692e-4 -0.866651 -0.4989149 1.95239e-4 -0.8668472 -0.498574 2.33766e-4 -0.8023063 -0.5969125 2.33671e-4 -0.8023909 -0.5967988 2.70198e-4 -0.7234637 -0.6903623 2.70305e-4 -0.7234836 -0.6903416 3.0254e-4 -0.6346667 -0.772786 3.03312e-4 -0.6340161 -0.7733198 3.30524e-4 -0.5385874 -0.8425697 3.29673e-4 -0.539289 -0.8421208 3.52211e-4 -0.4363912 -0.899757 3.52419e-4 -0.4362334 -0.8998336 3.69655e-4 -0.330353 -0.9438574 3.70251e-4 -0.3299552 -0.9439966 3.8225e-4 -0.2242697 -0.9745271 3.82062e-4 -0.2243546 -0.9745076 3.89085e-4 -0.1215099 -0.9925903 3.89409e-4 -0.1214604 -0.9925963 6.06981e-5 -0.9999987 -0.001645505 0.001071512 -0.9995774 -0.02905064 0.001071751 -0.9995774 -0.02905255 0.005990207 -0.9867107 -0.1623769 0.00599116 -0.9867066 -0.1624014 0.008606135 -0.9723747 -0.233267 0.008627593 -0.9722371 -0.2338388 0.01067608 -0.9571534 -0.2893845 0.01067376 -0.9571734 -0.2893186 0.01472133 -0.9168148 -0.3990411 0.01472371 -0.9167912 -0.3990954 0.01838654 -0.8667596 -0.4983872 0.01838833 -0.8667382 -0.4984242 0.02201074 -0.8022217 -0.5966205 0.02202183 -0.8020129 -0.5969008 0.02545762 -0.7233477 -0.6900146 0.0254563 -0.7233572 -0.6900047 0.02851748 -0.6338058 -0.7729664 0.02850311 -0.634247 -0.772605 0.03104943 -0.5391708 -0.841624 0.03106874 -0.5384418 -0.8420898 0.03317952 -0.4360615 -0.8993051 0.03317201 -0.4364048 -0.8991388 0.03480511 -0.3298149 -0.9434038 0.03480052 -0.3301298 -0.9432939 0.03592801 -0.2242658 -0.9738655 0.03593361 -0.2238667 -0.9739571 0.03659665 -0.1214109 -0.9919275 0.03659546 -0.1214668 -0.9919207 0.0997278 -0.07679802 -0.9920466 0.09928256 -0.1214923 -0.9876146 0.09928297 -0.1214635 -0.9876181 0.09747976 -0.224094 -0.9696802 0.09748584 -0.2238845 -0.9697279 0.0944128 -0.3302318 -0.9391663 0.09441715 -0.3301401 -0.9391981 0.08999878 -0.4363619 -0.895259 0.08997261 -0.4368857 -0.8950061 0.08997255 -0.4368857 -0.8950061 0.08997261 -0.4368857 -0.8950061 0.08427941 -0.5385735 -0.8383529 0.08428657 -0.5384401 -0.8384379 0.07730352 -0.6346117 -0.7689553 0.07732599 -0.6343275 -0.7691875 0.06909102 -0.723107 -0.687272 0.06906151 -0.7233948 -0.686972 0.05967122 -0.8025697 -0.5935667 0.05974441 -0.8020315 -0.5942863 0.04990214 -0.8666655 -0.4963878 0.04988563 -0.8667586 -0.4962269 0.03993427 -0.9168476 -0.3972353 0.03994375 -0.9168087 -0.397324 0.028948 -0.9572077 -0.2879503 0.02895814 -0.9571765 -0.2880535 0.02328443 -0.9725377 -0.2315782 0.02341008 -0.9722355 -0.2328311 0.0162509 -0.9867153 -0.1616444 0.01625466 -0.9867098 -0.1616774 0.002906978 -0.9995777 -0.02891504 0.002908468 -0.9995775 -0.02892428 1.64688e-4 -0.9999987 -0.001637399 1.64756e-4 -0.9999987 -0.00163871 1.76375e-4 -0.9999987 -0.00163567 0.003113269 -0.9995778 -0.02889019 0.003114402 -0.9995775 -0.02889698 0.01740509 -0.9867209 -0.1614898 0.01740825 -0.9867161 -0.1615187 0.02496594 -0.9724918 -0.2315958 0.0250411 -0.9723141 -0.2323327 0.02504104 -0.9723141 -0.2323327 0.0250411 -0.972314 -0.2323327 0.03101873 -0.9571872 -0.2878031 0.03101283 -0.9572045 -0.2877461 0.0427891 -0.9168226 -0.3969954 0.04278117 -0.9168436 -0.3969479 0.0534349 -0.8668054 -0.4957754 0.05345547 -0.8666906 -0.4959738 0.0639227 -0.8025922 -0.5930934 0.06395024 -0.8024144 -0.5933309 0.07399642 -0.7233067 -0.6865509 0.07399064 -0.7233659 -0.6864891 0.08285832 -0.634118 -0.7687841 0.08286285 -0.634105 -0.7687942 0.09024804 -0.5391643 -0.8373515 0.09028553 -0.5386674 -0.8376671 0.0964325 -0.4361248 -0.8947044 0.09641355 -0.4364973 -0.8945248 0.1011444 -0.330294 -0.9384432 0.1011589 -0.3300068 -0.9385427 0.1044297 -0.2243089 -0.9689066 0.1044369 -0.2240926 -0.9689559 0.1063683 -0.1214494 -0.986882 0.1063661 -0.1215596 -0.9868686 1.01199e-4 -0.9999988 -0.001642763 0.00178641 -0.9995777 -0.02900451 0.001787364 -0.9995776 -0.02900838 0.009989202 -0.9867204 -0.1621206 0.009992122 -0.9867148 -0.1621549 0.01436531 -0.9723471 -0.2330984 0.01436531 -0.9723471 -0.2330984 0.01436531 -0.9723471 -0.2330983 0.01434046 -0.9724381 -0.2327198 0.01434046 -0.9724381 -0.2327198 0.01434046 -0.9724381 -0.2327198 0.01779681 -0.9572181 -0.2888199 0.01780462 -0.9571857 -0.2889266 0.02455234 -0.9168732 -0.398423 0.02456748 -0.9167724 -0.3986538 0.03067988 -0.8667332 -0.4978277 0.03067493 -0.8667671 -0.4977689 0.03670316 -0.8024523 -0.5955867 0.03672814 -0.8021903 -0.595938 0.0424692 -0.7234217 -0.6890991 0.04245328 -0.7236457 -0.6888648 0.04755949 -0.6341701 -0.7717295 0.04754793 -0.6343739 -0.7715627 0.05182009 -0.5387312 -0.8408825 0.05183929 -0.5383158 -0.8411474 0.05534154 -0.4365387 -0.8979818 0.05534011 -0.4365794 -0.897962 0.05806469 -0.3300516 -0.9421754 0.05806356 -0.3301107 -0.9421548 0.05994653 -0.2241215 -0.9727159 0.05994665 -0.2241178 -0.9727166 0.06105512 -0.1215745 -0.9907028 0.06106126 -0.1213936 -0.9907246 -0.6444564 -0.02742844 -0.764149 -0.6433085 -0.01945215 -0.7653599 -0.5678561 -0.01940822 -0.8228992 -0.5794764 -0.07680606 -0.8113618 -0.4668568 0.05463027 -0.882644 -0.4821416 -0.02735304 -0.8756663 -0.3635212 -0.01275175 -0.9314988 -0.3647826 -0.01930409 -0.9308926 -0.2926494 -0.01930665 -0.9560249 -4.33676e-4 -0.9999988 -0.001588284 -0.00766021 -0.9995766 -0.02807134 -0.007658541 -0.999577 -0.0280568 -0.04283165 -0.9866831 -0.1569145 -0.0428189 -0.9866926 -0.1568583 -0.06121128 -0.9726063 -0.2242549 -0.06121134 -0.9726063 -0.2242549 -0.0612114 -0.9726063 -0.2242549 -0.06117463 -0.9726317 -0.2241547 -0.06117457 -0.9726318 -0.2241547 -0.06117463 -0.9726318 -0.2241545 -0.07632857 -0.9570733 -0.2796152 -0.07628053 -0.9571295 -0.2794359 -0.1052466 -0.9166677 -0.3855431 -0.1052272 -0.9166954 -0.3854826 -0.1314982 -0.8664034 -0.4817193 -0.1314982 -0.8664034 -0.4817194 -0.1314982 -0.8664034 -0.4817193 -0.1313993 -0.8666287 -0.4813408 -0.1573151 -0.8019578 -0.576295 -0.1572333 -0.8021926 -0.5759903 -0.1572332 -0.8021927 -0.5759903 -0.1819079 -0.7230991 -0.6663612 -0.1818251 -0.723396 -0.6660615 -0.2037453 -0.6335757 -0.746371 -0.203639 -0.6341009 -0.7459539 -0.2219254 -0.5383682 -0.812963 -0.2218751 -0.5386846 -0.8127671 -0.2218751 -0.5386847 -0.8127672 -0.2218751 -0.5386847 -0.8127672 -0.2370501 -0.4356398 -0.8683463 -0.2369877 -0.4361376 -0.8681135 -0.2369877 -0.4361376 -0.8681135 -0.2485849 -0.3301724 -0.9105997 -0.2486169 -0.3298337 -0.9107137 -0.2566683 -0.2238797 -0.9402124 -0.256653 -0.224137 -0.9401552 -0.2614094 -0.1213005 -0.9575757 -0.2614117 -0.1212685 -0.9575792 -0.2623472 -0.08740562 -0.9610069 -0.2449723 -0.01889032 -0.9693461 -3.05728e-4 -0.9999986 -0.001616537 -0.005400061 -0.9995774 -0.02856683 -0.005399286 -0.9995777 -0.0285564 -0.03019469 -0.9867037 -0.1597006 -0.03018409 -0.9867147 -0.1596348 -0.04325264 -0.9725219 -0.2287589 -0.04325258 -0.9725217 -0.2287589 -0.04325252 -0.9725218 -0.2287588 -0.0433672 -0.9723801 -0.2293385 -0.05379396 -0.9571641 -0.2845055 -0.05378168 -0.9571835 -0.284442 -0.07421064 -0.9167663 -0.3924698 -0.07419842 -0.9167877 -0.3924219 -0.09274762 -0.8664734 -0.4905321 -0.09274756 -0.8664734 -0.4905321 -0.09264177 -0.8668096 -0.4899579 -0.1109541 -0.8020926 -0.5868022 -0.1109394 -0.8021497 -0.586727 -0.1282775 -0.7233914 -0.6784171 -0.128208 -0.7237661 -0.6780306 -0.1436455 -0.634221 -0.7596905 -0.1436474 -0.6342023 -0.759706 -0.1436474 -0.6342023 -0.7597059 -0.1436474 -0.6342023 -0.7597059 -0.1564934 -0.5390065 -0.8276363 -0.1565111 -0.5388736 -0.8277195 -0.1671876 -0.4361571 -0.8842032 -0.1671881 -0.4362038 -0.88418 -0.1753864 -0.3299791 -0.9275524 -0.1753649 -0.3303564 -0.9274222 -0.1810698 -0.2241075 -0.9575957 -0.1810662 -0.2242112 -0.9575722 -0.1844232 -0.1213983 -0.9753208 -0.1844229 -0.1213877 -0.9753222 -0.1857637 -0.01888573 -0.9824131 -0.1928845 -0.08417755 -0.9776042 -2.71492e-4 -0.9999987 -0.00162357 -0.004793286 -0.9995778 -0.02865904 -0.004793226 -0.9995778 -0.02865886 -0.02679342 -0.9867209 -0.1602006 -0.02679717 -0.9867174 -0.160221 -0.03855907 -0.9723047 -0.2305141 -0.0384851 -0.9723976 -0.2301347 -0.03848505 -0.9723976 -0.2301347 -0.03848505 -0.9723976 -0.2301346 -0.04774141 -0.9572044 -0.2854481 -0.04774242 -0.9572024 -0.2854546 -0.06587016 -0.9168177 -0.3938357 -0.06583291 -0.916917 -0.3936107 -0.08225178 -0.8668197 -0.4917908 -0.08227515 -0.866751 -0.4919081 -0.09845077 -0.8023713 -0.588649 -0.09843182 -0.8024537 -0.5885399 -0.09843182 -0.8024538 -0.5885399 -0.09843057 -0.8024538 -0.5885401 -0.1138048 -0.7239198 -0.6804326 -0.1138285 -0.7237783 -0.6805793 -0.1274917 -0.6345862 -0.762264 -0.1274917 -0.6345862 -0.762264 -0.1274917 -0.6345862 -0.762264 -0.1275425 -0.63419 -0.7625852 -0.1390124 -0.5383777 -0.8311589 -0.1390127 -0.5383777 -0.8311588 -0.1390125 -0.5383777 -0.8311589 -0.1389615 -0.5388755 -0.8308447 -0.1389614 -0.5388755 -0.8308447 -0.1389586 -0.5388755 -0.8308452 -0.1484344 -0.4362434 -0.8875015 -0.1483788 -0.4369499 -0.8871632 -0.1556874 -0.3305625 -0.9308544 -0.155715 -0.3300634 -0.9310269 -0.1607676 -0.2240042 -0.9612367 -0.1607683 -0.2240042 -0.9612365 -0.1607677 -0.2240042 -0.9612367 -0.1607622 -0.2241392 -0.9612061 -0.1637383 -0.1214102 -0.9790043 -0.1637403 -0.1213144 -0.9790158 -0.1649544 -0.007238209 -0.9862747 -0.1668923 -0.04189693 -0.9850847 -2.66879e-4 -0.9999988 -0.001624763 -0.004710018 -0.9995778 -0.02867364 -0.004711031 -0.9995775 -0.02868437 -0.02632719 -0.9867163 -0.1603059 -0.02633512 -0.9867083 -0.1603535 -0.03778988 -0.9724361 -0.2300871 -0.03785622 -0.9722579 -0.2308283 -0.03785628 -0.9722579 -0.2308284 -0.03785622 -0.9722579 -0.2308284 -0.04690307 -0.9572035 -0.2855902 -0.04690927 -0.957191 -0.2856309 -0.06468117 -0.9169012 -0.3938384 -0.06472724 -0.9167729 -0.3941293 -0.08085393 -0.8666473 -0.4923262 -0.08082348 -0.8667514 -0.4921482 -0.09673362 -0.8023123 -0.5890141 -0.09675288 -0.802223 -0.5891326 -0.1118234 -0.7238013 -0.6808872 -0.111935 -0.7231313 -0.6815804 -0.1253194 -0.6340423 -0.7630764 -0.1253207 -0.6340422 -0.7630761 -0.1253194 -0.6340423 -0.7630763 -0.1252859 -0.6342964 -0.7628706 -0.1365703 -0.5383225 -0.8315995 -0.1365461 -0.5385454 -0.8314591 -0.1365462 -0.5385453 -0.831459 -0.1365461 -0.5385454 -0.8314591 -0.14578 -0.436811 -0.8876624 -0.1458091 -0.4364219 -0.8878489 -0.152968 -0.3301689 -0.9314448 -0.1529625 -0.3302848 -0.9314047 -0.1579359 -0.2240669 -0.9616914 -0.1579399 -0.2239164 -0.9617258 -0.1608568 -0.1213597 -0.9794881 -0.1608565 -0.121433 -0.9794791 -0.1617656 -0.0598154 -0.9850148 -0.1575 -0.0193662 -0.9873291 -1.83151e-4 -0.9999986 -0.001634955 -0.003234326 -0.9995775 -0.02888363 -0.003234207 -0.9995778 -0.02887725 -0.01808297 -0.9867137 -0.16146 -0.0180813 -0.9867168 -0.161441 -0.02595359 -0.9724349 -0.2317259 -0.02588611 -0.9725782 -0.2311314 -0.03221607 -0.9571964 -0.2876409 -0.03221726 -0.9571914 -0.2876576 -0.04444587 -0.9168154 -0.3968303 -0.04443746 -0.9168487 -0.3967539 -0.05550408 -0.8667878 -0.4955786 -0.05551302 -0.8667534 -0.4956378 -0.06644386 -0.8022735 -0.5932474 -0.06643587 -0.8023257 -0.5931777 -0.07685256 -0.7233755 -0.6861645 -0.076824 -0.7236199 -0.6859098 -0.08606374 -0.6341638 -0.7683941 -0.086066 -0.6341637 -0.7683938 -0.08606374 -0.6341637 -0.7683941 -0.08608007 -0.633959 -0.7685611 -0.09376007 -0.5389015 -0.8371345 -0.09374719 -0.5390987 -0.8370091 -0.1001521 -0.436302 -0.8942093 -0.1001407 -0.4365491 -0.8940899 -0.1050608 -0.3302562 -0.9380263 -0.1050641 -0.3302068 -0.9380432 -0.1084825 -0.2238301 -0.968572 -0.1084724 -0.2243118 -0.9684616 -0.1104845 -0.121449 -0.9864296 -0.1104844 -0.1213904 -0.9864369 -0.1112866 -0.01937091 -0.9935996 -0.1150386 -0.05756229 -0.9916918 -1.72249e-4 -0.9999987 -0.001636981 -0.003041028 -0.9995778 -0.02889704 -0.003041028 -0.9995778 -0.0288977 -0.01700121 -0.9867169 -0.1615571 -0.01700001 -0.9867194 -0.1615427 -0.02433407 -0.9725882 -0.2312576 -0.024351 -0.972561 -0.2313702 -0.03029227 -0.9571954 -0.2878531 -0.03028172 -0.9572271 -0.2877489 -0.04178506 -0.9168397 -0.397063 -0.04178094 -0.9168573 -0.3970232 -0.05219244 -0.8667796 -0.4959527 -0.0521903 -0.8667851 -0.4959434 -0.06246328 -0.8023604 -0.5935623 -0.06246274 -0.802377 -0.5935398 -0.07223778 -0.7235823 -0.6864476 -0.07225936 -0.7233839 -0.6866545 -0.08093482 -0.6339945 -0.7690908 -0.08089715 -0.634458 -0.7687124 -0.08814632 -0.539118 -0.8376049 -0.08816993 -0.5387541 -0.8378366 -0.0941559 -0.4365869 -0.8947215 -0.09415519 -0.4366015 -0.8947145 -0.09878623 -0.3302272 -0.938718 -0.09879761 -0.3298575 -0.9388467 -0.09879761 -0.3298575 -0.9388467 -0.09879761 -0.3298575 -0.9388467 -0.1019921 -0.2242525 -0.9691793 -0.101998 -0.223901 -0.9692599 -0.1038815 -0.1214014 -0.9871526 -0.1038808 -0.121586 -0.98713 -0.1046384 -0.01934915 -0.9943222 -0.1046404 -0.01937991 -0.9943213 -0.1143797 -0.01937943 -0.9932481 -0.1135565 -0.1213281 -0.9860956 -0.1135545 -0.1215763 -0.9860652 -0.1114845 -0.2244256 -0.9680932 -0.1114972 -0.223903 -0.9682127 -0.1079908 -0.3300381 -0.9377701 -0.1079831 -0.330246 -0.9376979 -0.1029397 -0.4362717 -0.8939075 -0.1029233 -0.4365888 -0.8937544 -0.09638082 -0.5387531 -0.8369324 -0.09637349 -0.5388383 -0.8368784 -0.08845227 -0.6342001 -0.7680928 -0.08842313 -0.6345236 -0.7678288 -0.07895654 -0.7236612 -0.6856241 -0.07896286 -0.7236612 -0.6856234 -0.07895654 -0.7236613 -0.6856241 -0.0790019 -0.7232905 -0.68601 -0.06829494 -0.802267 -0.593046 -0.068295 -0.802267 -0.593046 -0.068295 -0.802267 -0.593046 -0.0682767 -0.8023852 -0.5928882 -0.05707466 -0.8666612 -0.4956217 -0.05705624 -0.8667598 -0.4954514 -0.04567903 -0.9168225 -0.3966736 -0.04567128 -0.9168629 -0.3965813 -0.03311616 -0.9571886 -0.2875649 -0.03310048 -0.9572312 -0.2874245 -0.02674186 -0.9723174 -0.232129 -0.02674186 -0.9723174 -0.232129 -0.02674186 -0.9723174 -0.232129 -0.02664625 -0.9724962 -0.2313895 -0.01858609 -0.9867156 -0.1613908 -0.01858311 -0.9867196 -0.1613664 -0.003324925 -0.9995777 -0.02887147 -0.003324568 -0.9995778 -0.02886652 -1.88339e-4 -0.9999987 -0.001634299 -1.88308e-4 -0.9999986 -0.001635909 -0.1143829 -0.0194332 -0.9932467 -0.0914452 -0.01943922 -0.9956204 -0.06166565 -0.04779469 -0.9969519 -0.05928623 -0.01933109 -0.9980539 -0.04890108 -0.01933163 -0.9986165 -9.89039e-5 -0.9999987 -0.001642227 -0.001746058 -0.9995778 -0.02900499 -0.001746058 -0.9995778 -0.02900469 -0.009761214 -0.9867172 -0.1621538 -0.00976026 -0.9867219 -0.1621255 -0.01399141 -0.9725027 -0.2324714 -0.01400238 -0.9724813 -0.23256 -0.01739305 -0.9571951 -0.2889207 -0.01739275 -0.9571983 -0.2889099 -0.02397894 -0.9169362 -0.3983128 -0.02400255 -0.9167495 -0.398741 -0.02997291 -0.8666992 -0.4979298 -0.02994966 -0.8669397 -0.4975126 -0.03585427 -0.8024813 -0.5955991 -0.03586512 -0.8023344 -0.5957964 -0.04148375 -0.7234601 -0.6891186 -0.04150444 -0.7231032 -0.689492 -0.04647415 -0.6338353 -0.7720707 -0.04644221 -0.6345734 -0.7714661 -0.0506196 -0.5388535 -0.8408773 -0.05061221 -0.5390866 -0.8407284 -0.05405819 -0.436717 -0.8979733 -0.05406755 -0.4363503 -0.898151 -0.056719 -0.3301805 -0.9422122 -0.05671763 -0.3302837 -0.9421762 -0.05856055 -0.2241944 -0.9727834 -0.05856001 -0.2242695 -0.9727662 -0.05964529 -0.1215129 -0.9907963 -0.05964255 -0.1213274 -0.9908191 -0.06008052 -0.01429289 -0.9980912 -0.0287624 -0.02733987 -0.9992123 -0.02055239 0.02423626 -0.999495 3.92123e-4 -0.0268085 -0.9996405 4.89922e-4 -0.02390891 -0.9997141 0.003562569 -0.01936984 -0.9998061 0.03686189 -0.01936042 -0.9991329 0.03783196 -0.007454752 -0.9992564 0.09473395 -0.0279361 -0.9951106 0.01984065 -0.007757246 -0.9997732 0.01787966 -0.01938462 -0.9996522 0.06478929 -0.01938271 -0.9977107 0.06146651 -0.0402171 -0.9972986 0.108087 0.004403769 -0.9941318 0.1071575 -0.007860183 -0.9942111 0.1118239 -0.01432222 -0.9936249 0.1110074 -0.1214514 -0.9863706 0.1110065 -0.1214973 -0.986365 0.1089841 -0.2243294 -0.9684001 0.1089919 -0.2240993 -0.9684525 0.1055595 -0.3303055 -0.9379529 0.1055593 -0.3302766 -0.9379631 0.1006398 -0.4361366 -0.8942351 0.1006243 -0.4363972 -0.8941097 0.09418767 -0.5391613 -0.8369193 0.09422749 -0.5386006 -0.8372757 0.08647513 -0.6341476 -0.7683612 0.08642596 -0.6346307 -0.7679678 0.07719761 -0.7235433 -0.6859487 0.07719641 -0.7235433 -0.6859489 0.07719767 -0.7235433 -0.6859487 0.07724279 -0.7231695 -0.6863377 0.06671172 -0.8026017 -0.5927733 0.06671017 -0.8026088 -0.5927638 0.05576634 -0.8668041 -0.495521 0.05578839 -0.8666935 -0.4957116 0.04465711 -0.9168126 -0.3968128 0.04464286 -0.9168727 -0.3966755 0.03237217 -0.957191 -0.2876415 0.03236079 -0.9572191 -0.2875488 0.02605521 -0.9724877 -0.2314928 0.02602851 -0.9725309 -0.2313141 0.01816457 -0.9867216 -0.1614015 0.01816624 -0.9867184 -0.1614217 0.003249585 -0.9995778 -0.02887421 0.003249585 -0.9995778 -0.02887487 1.84048e-4 -0.9999987 -0.001634418 1.84058e-4 -0.9999987 -0.001636445 0.05269104 0.01329886 0.9985224 -0.1126353 0.03019386 0.9931775 -0.02100765 0.01956945 0.9995878 -0.02131068 0.1411436 0.9897598 -0.02099096 0.131416 0.9911051 -0.02112454 0.2555154 0.9665743 -0.02063161 0.2224385 0.9747284 -0.01865661 0.5017005 0.8648403 -0.01938575 0.4518207 0.8918982 -0.02021926 0.3666958 0.9301212 -0.01966726 0.3961013 0.9179962 -0.02064728 0.3100044 0.950511 -9.80325e-4 0.9997448 0.02257359 -0.003028869 0.9918991 0.1269927 -0.002950549 0.9909979 0.133845 -0.005745232 0.9711893 0.2382403 -0.005823731 0.9678242 0.2515601 -0.007973909 0.937152 0.3488306 -0.008118808 0.9330912 0.3595482 -0.0102902 0.8913285 0.4532414 -0.01037591 0.8879868 0.4597519 -0.01235765 0.8322379 0.5542809 -0.01242274 0.8293312 0.5586193 -0.01429581 0.7666717 0.6418802 -0.01449596 0.7547633 0.6558371 -0.01656711 0.6609966 0.7502061 -0.01652193 0.6661661 0.7456205 -0.0179668 0.5664776 0.8238813 -0.01792728 0.5713394 0.8205182 -0.01927661 0.4710338 0.8819046 -0.001605927 0.9997939 0.02024012 -6.2839e-4 0.9997941 0.02028095 0.005615711 0.9999588 0.007139503 -0.002286136 0.9997941 0.02016097 -0.00205332 0.9997941 0.02018743 -0.001097917 0.9997941 0.02026313 -4.00585e-4 0.9997941 0.0202887 -9.92892e-6 0.9997942 0.02028977 1.99359e-4 0.9997941 0.02029043 9.87714e-4 0.9997941 0.02026957 0.00108093 0.9997942 0.02026128 0.002186715 0.999794 0.02018052 0.002330303 0.9997941 0.02015662 0.003081142 0.9997941 0.02005803 0.003402054 0.9997943 0.020002 0.003573298 0.9997942 0.01997387 0.003575623 0.999794 0.01998263 0.02358126 0.9909982 0.1317822 0.02359545 0.9909879 0.1318573 0.04433065 0.9678158 0.2477242 0.0443446 0.9677929 0.2478115 0.06329315 0.9332178 0.3536929 0.06335479 0.9330849 0.3540323 0.08098113 0.8880718 0.4525159 0.0809623 0.8881163 0.4524319 0.09855592 0.8288487 0.5507237 0.09853643 0.8289214 0.5506178 0.09853637 0.8289214 0.5506178 0.09853637 0.8289214 0.5506178 0.1154363 0.7553543 0.6450693 0.1154327 0.7553543 0.64507 0.1155931 0.7546101 0.6459118 0.1269201 0.693449 0.7092389 0.1313201 0.6663205 0.7340109 0.1345472 0.645456 0.7518536 0.1444897 0.5720319 0.8074046 0.144488 0.5720319 0.8074049 0.1444897 0.572032 0.8074047 0.144574 0.5713476 0.807874 0.1445739 0.5713476 0.8078739 0.1445683 0.5713477 0.807875 0.155443 0.470515 0.8685927 0.1554036 0.4708989 0.8683917 0.1639223 0.3661909 0.915988 0.1639206 0.3662194 0.9159768 -0.001606047 0.9997941 0.02023309 -0.01059901 0.9909887 0.1335254 -0.01059573 0.9909951 0.1334788 -0.01992195 0.9677934 0.2509565 -0.01992034 0.9677982 0.2509378 -0.02847212 0.9330314 0.3586665 -0.02846091 0.9330937 0.3585055 -0.03640604 0.8878986 0.4585967 -0.03639441 0.8879726 0.4584541 -0.04423648 0.8291825 0.5572249 -0.04424482 0.8291085 0.5573343 -0.05192804 0.7546004 0.6541268 -0.05190044 0.7549211 0.6537588 -0.05903577 0.6659687 0.7436401 -0.05902415 0.6661483 0.7434801 -0.06495761 0.5712021 0.8182351 -0.06492024 0.571941 0.8177219 -0.06980717 0.4711419 0.8792908 -0.06980717 0.4711419 0.8792908 -0.06980723 0.4711419 0.8792908 -0.06982064 0.4708369 0.8794532 -0.07363396 0.3665361 0.9274856 -0.07363927 0.3663424 0.9275617 -0.07651615 0.2553974 0.9638037 -0.07651561 0.2554647 0.9637859 -0.07835 0.1410655 0.9868951 -0.07835012 0.1409698 0.9869088 -0.1125807 0.02979236 0.9931958 -0.111505 0.141049 0.9837031 -0.1115048 0.1410216 0.9837071 -0.1088716 0.2561861 0.9604768 -0.1088894 0.2555305 0.9606495 -0.1048315 0.3655899 0.9248538 -0.1047942 0.3664665 0.924511 -0.099348 0.4711256 0.8764535 -0.09935677 0.4709662 0.8765381 -0.09243708 0.5713367 0.8154937 -0.09238141 0.5720529 0.8149977 -0.08391064 0.6670806 0.7402449 -0.08398801 0.6662624 0.7409726 -0.07384568 0.7550739 0.6514678 -0.07384568 0.7550537 0.6514912 -0.06301903 0.8288148 0.555963 -0.06295955 0.8291791 0.5554263 -0.05177384 0.8880814 0.4567614 -0.05178207 0.888056 0.4568098 -0.04047685 0.9331923 0.357091 -0.04049307 0.9331335 0.3572427 -0.02834063 0.9678254 0.2500219 -0.02834254 0.9678196 0.2500441 -0.01507562 0.9910013 0.1330013 -0.01507526 0.9910019 0.1329962 -0.002285242 0.9997942 0.02016103 -0.002285242 0.9997942 0.02016043 -0.002053499 0.999794 0.02019435 -0.01354348 0.9909983 0.1331884 -0.01354497 0.990996 0.1332049 -0.02546185 0.967809 0.2503945 -0.02546554 0.9677979 0.2504372 -0.03637206 0.9331312 0.3576916 -0.03641211 0.9329732 0.3580995 -0.04651236 0.8880334 0.4574203 -0.04647147 0.8882417 0.45702 -0.05658847 0.8289101 0.5565122 -0.05660915 0.8287639 0.5567281 -0.06628441 0.7554189 0.6518809 -0.06630665 0.7552397 0.6520863 -0.07539856 0.6666803 0.7415205 -0.0754708 0.6658726 0.7422385 -0.08308494 0.5704501 0.8171191 -0.08299791 0.5717002 0.8162538 -0.08921664 0.4714114 0.8773891 -0.08924847 0.4707738 0.8777282 -0.09411281 0.3666974 0.9255678 -0.09413087 0.3662182 0.9257557 -0.09780651 0.2552807 0.9619074 -0.09779232 0.2559232 0.961738 -0.1001484 0.1411627 0.9849079 -0.1001499 0.1408147 0.9849575 -0.001097917 0.9997941 0.02026379 -0.007241904 0.9910012 0.1336573 -0.007242143 0.9910001 0.1336648 -0.01361531 0.9678162 0.2512897 -0.01361596 0.9678115 0.2513081 -0.01946896 0.933011 0.3593209 -0.01946234 0.9330577 0.3591998 -0.02484768 0.8883076 0.4585762 -0.02485525 0.8882192 0.4587471 -0.03026992 0.8288439 0.5586606 -0.03027093 0.8288118 0.5587082 -0.03545546 0.7553119 0.6544058 -0.03545629 0.7553386 0.654375 -0.04035818 0.6659874 0.7448706 -0.0403493 0.6662124 0.7446698 -0.04438555 0.5718002 0.8191913 -0.04440528 0.5712442 0.8195781 -0.04772961 0.4708293 0.8809323 -0.04772239 0.4710654 0.8808065 -0.05034184 0.3662933 0.9291367 -0.05033761 0.3665616 0.9290311 -0.05230045 0.2559958 0.9652621 -0.05230236 0.2555841 0.965371 -0.05355978 0.1408461 0.9885817 -0.05356365 0.1411271 0.9885414 -4.00729e-4 0.9997941 0.02028799 -0.002643465 0.9910008 0.1338305 -0.002643406 0.9909976 0.1338536 -0.004969298 0.9678139 0.2516183 -0.004969179 0.9678149 0.2516144 -0.007103085 0.933061 0.3596482 -0.007100164 0.9331306 0.3594673 -0.009072899 0.8882258 0.4593178 -0.009075403 0.8881118 0.4595379 -0.01104831 0.8288203 0.559406 -0.0110411 0.8291384 0.5589343 -0.01294231 0.7553616 0.6551806 -0.01294612 0.7551649 0.6554071 -0.01472842 0.6661573 0.7456659 -0.01472026 0.6668069 0.7450851 -0.01621234 0.5712673 0.820604 -0.01621407 0.571026 0.8207719 -0.01742249 0.4711041 0.8819056 -0.01742333 0.4709132 0.8820076 -0.01837563 0.3665125 0.9302318 -0.01837617 0.3662831 0.9303221 -0.01909279 0.2555937 0.9665958 -0.01909422 0.2559286 0.9665072 -0.01955443 0.1411274 0.9897984 -0.01954787 0.1407655 0.98985 0.05913949 -0.01113575 0.9981877 0.05855101 0.1411814 0.9882509 0.05855262 0.1410581 0.9882683 0.05717736 0.2557458 0.9650518 0.05717545 0.2558102 0.9650348 0.05504596 0.3657588 0.9290805 0.05503553 0.3661566 0.9289244 0.05215835 0.4714322 0.8803586 0.05217367 0.4709121 0.880636 0.05217367 0.4709121 0.880636 0.05217361 0.4709121 0.880636 0.04853689 0.5714243 0.8192182 0.0485205 0.571825 0.8189395 0.04410308 0.6662929 0.7443848 0.04408049 0.6667045 0.7440176 0.03879022 0.7548742 0.6547216 0.03876894 0.7551755 0.6543752 0.03303933 0.829405 0.55767 0.03310424 0.8286937 0.5587227 0.02719891 0.8879873 0.459063 0.02717185 0.888222 0.4586101 0.02126109 0.9331528 0.3588506 0.02126961 0.9330979 0.358993 0.01488626 0.9678074 0.2512513 0.01487314 0.9678629 0.2510383 0.007916927 0.9909995 0.1336315 0.007918655 0.9909965 0.1336537 0.001200079 0.9997942 0.02025562 0.001199841 0.9997942 0.02025371 0.00233072 0.9997941 0.02015846 0.01537662 0.9909985 0.1329873 0.0153771 0.9909977 0.1329925 0.02891725 0.9677886 0.2500981 0.02890849 0.9678072 0.2500269 0.04126209 0.9332444 0.3568649 0.04127192 0.9332138 0.3569434 0.05283784 0.8879053 0.4569818 0.05280625 0.888047 0.4567103 0.06422227 0.829077 0.5554338 0.06422686 0.8290346 0.5554966 0.0753327 0.7548671 0.6515372 0.07527577 0.7552893 0.6510544 0.08557242 0.6670132 0.7401154 0.08561921 0.6665679 0.7405111 0.09427887 0.5711984 0.8153797 0.09427881 0.5711984 0.8153797 0.09427881 0.5711984 0.8153797 0.09429502 0.5708951 0.8155902 0.09429508 0.5708951 0.8155902 0.09429502 0.5708951 0.8155902 0.1012751 0.4717379 0.8759035 0.1012732 0.4717378 0.8759037 0.1012751 0.4717379 0.8759035 0.1013251 0.4709937 0.8762981 0.1068901 0.3660563 0.9244335 0.1068773 0.3663349 0.9243247 0.1110471 0.255536 0.9604009 0.1110419 0.2556886 0.960361 0.1137138 0.1408969 0.9834721 0.1137144 0.1408801 0.9834744 0.003080546 0.9997941 0.02005714 0.02032572 0.9909974 0.1323294 0.02032405 0.9909979 0.1323262 0.03820812 0.9678116 0.248759 0.03820776 0.9678104 0.2487635 0.05456572 0.9331699 0.3552699 0.05456167 0.9331803 0.3552431 0.06982111 0.8879629 0.4545845 0.06981348 0.8879838 0.4545446 0.08489632 0.8290176 0.552741 0.08481907 0.8293577 0.5522423 0.09949707 0.7552773 0.6478092 0.09970563 0.7541001 0.649147 0.09970569 0.7541002 0.649147 0.09970569 0.7541002 0.649147 0.1131767 0.6665163 0.7368494 0.1130592 0.66736 0.7361035 0.1245942 0.5713358 0.811204 0.1245943 0.5713357 0.811204 0.1245942 0.5713357 0.811204 0.1246286 0.5710123 0.8114264 0.1246286 0.5710124 0.8114264 0.1246286 0.5710124 0.8114264 0.133924 0.4709039 0.8719598 0.1339111 0.4710415 0.8718875 0.1412624 0.3662246 0.9197415 0.1412535 0.366362 0.9196882 0.1467599 0.2557092 0.9555492 0.1467607 0.2557027 0.9555509 0.1502924 0.140912 0.978548 0.1502982 0.140762 0.9785687 -0.02112209 0.01998507 0.9995772 -0.06583333 0.01998347 0.9976305 -0.07904511 -0.04900592 0.9956658 -0.09741663 0.01992666 0.9950442 -0.1140854 0.01992732 0.9932711 -0.002286136 0.9997942 0.02016043 -0.015082 0.9910018 0.1329964 -0.01508271 0.9910004 0.1330072 -0.02835184 0.9678261 0.2500181 -0.02835631 0.9678139 0.2500646 -0.04049289 0.9331937 0.3570853 -0.04050821 0.9331375 0.3572303 -0.05179375 0.8880869 0.4567485 -0.05180078 0.8880559 0.4568079 -0.0630427 0.8288229 0.5559483 -0.06302261 0.8289412 0.5557739 -0.07387351 0.7550658 0.6514739 -0.07382607 0.7554649 0.6510166 -0.08390766 0.6674216 0.7399378 -0.08390766 0.6674216 0.7399378 -0.08390766 0.6674216 0.7399378 -0.08397555 0.6667507 0.7405347 -0.09247469 0.5713254 0.8154972 -0.09253859 0.5704884 0.8160758 -0.09938329 0.4711235 0.8764507 -0.09936559 0.471463 0.8762701 -0.1048733 0.3655973 0.9248461 -0.1048282 0.3667351 0.9244006 -0.1089189 0.2561644 0.9604772 -0.108939 0.2553143 0.9607012 -0.1115462 0.1410543 0.9836978 -0.1115465 0.1411836 0.9836792 -0.1126231 0.03033053 0.9931748 -0.1009123 0.06959283 0.9924584 -0.09474861 0.02064365 0.9952872 -0.05409473 0.01953423 0.9983447 -0.05418026 0.0200138 0.9983306 -0.01974058 0.02001386 0.9996048 -0.01974505 0.02003759 0.9996043 -0.002975583 0.02004021 0.9997949 -9.93205e-6 0.9997942 0.02028989 -6.55062e-5 0.991 0.1338624 -6.55286e-5 0.9909995 0.1338656 -1.23189e-4 0.9678203 0.2516427 -1.23137e-4 0.9678201 0.2516434 -1.75963e-4 0.9331446 0.3595012 -1.75919e-4 0.9331464 0.3594967 -2.24986e-4 0.8881348 0.4595832 -2.24927e-4 0.8881244 0.4596033 -2.73574e-4 0.829168 0.5589995 -2.73636e-4 0.8291602 0.5590111 -3.20756e-4 0.7551939 0.6555014 -3.2083e-4 0.7552109 0.6554818 -3.64718e-4 0.6668115 0.7452264 -3.64791e-4 0.6668233 0.7452158 -4.01818e-4 0.5710732 0.8208991 -4.01817e-4 0.5710728 0.8208993 -4.31764e-4 0.4709426 0.8821638 -4.3165e-4 0.4709406 0.8821648 -4.55422e-4 0.3663233 0.9304876 -4.5542e-4 0.3663211 0.9304885 -4.73082e-4 0.2559592 0.9666875 -4.73282e-4 0.2560505 0.9666633 -4.84832e-4 0.140775 0.9900416 -4.84736e-4 0.1407757 0.9900414 -4.89432e-4 0.02248287 0.9997472 -4.90577e-4 0.02250695 0.9997466 1.99715e-4 0.9997941 0.02029323 0.001317501 0.9909981 0.1338702 0.001318216 0.9909948 0.133894 0.002477586 0.9678148 0.2516515 0.002478778 0.9677958 0.2517246 0.003540456 0.9331335 0.359513 0.003538608 0.9331747 0.359406 0.004525303 0.8881161 0.4595971 0.004523098 0.8881872 0.4594597 0.005503416 0.8291407 0.5590131 0.005511343 0.8287387 0.5596086 0.006456196 0.7551651 0.655503 0.00645411 0.7552741 0.6553774 0.007339119 0.6667847 0.7452143 0.007337272 0.6669114 0.7451009 0.00808376 0.5710337 0.8208869 0.00808233 0.5711537 0.8208034 0.008686184 0.4709045 0.8821415 0.008685111 0.4710344 0.8820721 0.009161472 0.3662949 0.9304537 0.009168684 0.3655384 0.9307511 0.009521961 0.25603 0.966622 0.009521484 0.2560892 0.9666063 0.009751796 0.1407584 0.989996 0.009751498 0.1407702 0.9899944 0.00984472 0.03068786 0.9994806 0.02055221 -0.02335673 0.999516 9.87205e-4 0.9997941 0.02026706 0.006514549 0.9909948 0.1337423 0.00651443 0.9909952 0.1337391 0.01224702 0.9677982 0.2514291 0.01223409 0.9678562 0.2512069 0.01748359 0.9331782 0.3589886 0.01749694 0.9330852 0.3592298 0.02235281 0.8881888 0.4589346 0.02235102 0.8881937 0.4589252 0.0272237 0.8287677 0.5589302 0.02723044 0.828667 0.5590792 0.03188532 0.7552676 0.6546404 0.03189474 0.7551158 0.6548151 0.03624957 0.6669265 0.7442413 0.03626281 0.6666497 0.7444886 0.03993672 0.5711274 0.8198893 0.03991043 0.5717918 0.8194274 0.04291105 0.4710866 0.8810427 0.04293137 0.4704514 0.8813809 0.04528528 0.3655167 0.9297025 0.0452677 0.3661841 0.9294407 0.04702454 0.2560542 0.965518 0.04703199 0.255815 0.9655811 0.0481655 0.1407852 0.9888679 0.04815882 0.1410447 0.9888312 0.04859882 0.04356509 0.997868 0.06039685 0.002801954 0.9981706 0.001081585 0.9997941 0.02026635 0.007133781 0.9910009 0.1336652 0.007138252 0.9909912 0.1337366 0.0134142 0.9678144 0.2513075 0.01341009 0.9678291 0.2512511 0.01915967 0.9331514 0.3589727 0.01917153 0.933077 0.3591653 0.02450931 0.8880079 0.4591745 0.02450388 0.8880492 0.4590952 0.02977401 0.8294301 0.5578166 0.02981841 0.8288924 0.5586131 0.03495812 0.7549042 0.6549028 0.0349698 0.7547271 0.6551062 0.03974765 0.6663001 0.7446237 0.03971314 0.6669803 0.7440163 0.04374182 0.5714499 0.8194704 0.04375618 0.5710731 0.8197323 0.04700684 0.4714454 0.8806416 0.04699474 0.471868 0.8804159 0.04960751 0.3657966 0.9293719 0.04961299 0.3655571 0.9294658 0.0515291 0.2557368 0.9653722 0.05152601 0.2559578 0.9653138 0.05276721 0.1411946 0.9885747 0.05277264 0.1408993 0.9886165 0.05329334 0.02012151 0.9983762 0.08294183 0.02012819 0.9963511 0.002185285 0.9997942 0.02017325 0.01442551 0.990989 0.1331651 0.01441967 0.9909955 0.1331167 0.02710115 0.9678187 0.2501853 0.02709352 0.9678349 0.2501232 0.03873872 0.9330636 0.3576195 0.03869491 0.9332094 0.3572434 0.04951173 0.8880432 0.4570862 0.04950022 0.8880904 0.4569957 0.06025594 0.8288024 0.5562875 0.06021207 0.8290703 0.5558931 0.07066428 0.7545665 0.652408 0.07063442 0.7548335 0.6521022 0.08023816 0.6669225 0.7407944 0.08024042 0.666934 0.7407838 0.08840548 0.5709676 0.8161989 0.08844548 0.5704843 0.8165324 0.09495007 0.4717773 0.8765903 0.09495741 0.4716656 0.8766497 0.1002342 0.3655666 0.9253725 0.1002084 0.3661428 0.9251475 0.1041023 0.2558389 0.9610979 0.1041 0.2559162 0.9610776 0.1066111 0.1408981 0.9842672 0.106611 0.1409274 0.984263 0.1075279 0.0540632 0.9927311 0.1112645 0.02002465 0.9935891 0.1082155 0.02002477 0.9939258 0.1071575 0.1408892 0.9842092 0.107156 0.1409776 0.9841967 0.1046463 0.255441 0.9611448 0.1046275 0.2560364 0.9609884 0.1007091 0.3663774 0.9250001 0.1007112 0.3663774 0.9249999 0.1007091 0.3663775 0.9250002 0.1007195 0.3661226 0.9251 0.09541934 0.4720221 0.8764077 0.09543991 0.4716774 0.876591 0.0888707 0.5708047 0.8162623 0.08890008 0.570436 0.8165168 0.08064466 0.6669917 0.7406879 0.0806396 0.6670373 0.7406474 0.07099431 0.7548421 0.6520532 0.07100236 0.7547656 0.6521408 0.06051009 0.8291326 0.5557678 0.06052571 0.8290438 0.5558986 0.0497868 0.8879297 0.457277 0.049748 0.8881146 0.4569218 0.03887677 0.93327 0.3570654 0.03889369 0.9332076 0.3572266 0.02724707 0.9677957 0.2502582 0.02723121 0.9678345 0.2501102 0.01448887 0.9909995 0.1330796 0.01449245 0.9909955 0.133109 0.002196073 0.9997941 0.02017062 0.002196252 0.9997941 0.0201717 0.1082614 0.01928716 0.9939354 0.1029438 0.02001619 0.9944858 0.1148371 0.02001267 0.9931827 0.1148015 0.02021092 0.9931828 0.1517791 0.02021175 0.9882078 0.1518119 0.02001535 0.9882068 0.1702117 0.02002495 0.9852041 0.003402113 0.9997941 0.02000254 0.0224449 0.9910011 0.1319583 0.02244675 0.9909993 0.1319725 0.0421949 0.9678217 0.2480745 0.04220271 0.9678075 0.2481284 0.06025892 0.9331961 0.3542795 0.06024324 0.9332327 0.3541857 0.07707881 0.888086 0.4531689 0.07707887 0.888086 0.4531689 0.07707071 0.8881008 0.4531414 0.09368467 0.8293687 0.550791 0.09381526 0.8288372 0.5515684 0.1100544 0.7544684 0.6470438 0.1098713 0.7554199 0.6459637 0.1248325 0.6676532 0.733932 0.1248325 0.6676532 0.733932 0.1248325 0.6676531 0.733932 0.125045 0.6662531 0.7351671 0.1376068 0.5714473 0.8090195 0.1375509 0.5719147 0.8086985 0.1375509 0.5719147 0.8086985 0.1375509 0.5719147 0.8086985 0.1479259 0.4708846 0.8697044 0.1479596 0.4705226 0.8698945 0.156015 0.366451 0.9172639 0.1560257 0.3663053 0.9173203 0.1621039 0.2557737 0.953049 0.1621093 0.2556446 0.9530827 0.1660119 0.1407662 0.9760251 0.1660076 0.1408922 0.9760076 0.1676623 0.01458537 0.9857367 0.1669957 0.02242797 0.9857026 0.16947 0.2729399 0.9469867 0.1702243 0.2559241 0.9515916 0.1702243 0.2559241 0.9515917 0.1702243 0.2559241 0.9515917 0.1718912 0.2187744 0.9605162 0.1718912 0.2187744 0.9605162 0.1718912 0.2187745 0.9605162 0.1744 0.1409509 0.9745346 0.1744 0.1409444 0.9745355 0.1757419 0.06873232 0.982034 0.1885728 0.0200178 0.9818552 0.00815016 0.9999582 -0.004151284 0.006991803 0.9997902 0.01925706 0.4524924 0.3982245 0.7979149 0.4524922 0.3982247 0.7979147 0.4524924 0.3982245 0.7979147 0.4357568 0.4825249 0.7597934 0.0198366 0.9992468 -0.03335195 0.6261172 0.4601832 0.6294512 0.6261172 0.4601832 0.6294512 0.6261173 0.4601832 0.6294511 0.05134367 0.9827831 -0.1774856 0.03285682 0.9781265 -0.2053997 0.01847642 0.9744105 -0.2240157 0.004471063 0.9707558 -0.2400279 0.1229525 0.9879273 -0.0942471 0.0687257 0.9877986 -0.1397522 0.1560357 0.9869084 -0.04080152 0.1390315 0.9881516 -0.0650143 0.1088748 0.9890757 -0.09937644 0.2147052 0.9762282 0.0296669 0.2208257 0.9744836 0.04022079 0.1894128 0.9818812 -0.005679905 0.4799233 0.7992987 0.3616562 0.4799306 0.7992929 0.3616592 0.479941 0.7992846 0.361664 0.4966534 0.7929304 0.352983 0.4966533 0.7929299 0.352984 0.4966374 0.7929449 0.3529729 0.4220203 0.8573465 0.2947132 0.4220203 0.8573465 0.2947132 0.4220205 0.8573467 0.2947125 0.4251422 0.8582897 0.2873897 0.372205 0.9013551 0.2214104 0.372205 0.9013551 0.2214104 0.372205 0.9013551 0.2214104 0.3783029 0.8949664 0.2364789 0.3783028 0.8949663 0.2364792 0.3783029 0.8949663 0.2364792 0.3645812 0.9073318 0.2093552 0.3645812 0.9073318 0.2093554 0.3645812 0.9073318 0.2093553 0.6076191 0.4742404 0.637099 0.5407403 0.6548311 0.5280116 0.5407403 0.6548311 0.5280116 0.5407403 0.6548311 0.5280116 0.5821558 0.5576121 0.5917462 0.50247 0.7257128 0.4699627 0.5024698 0.7257129 0.4699627 0.5024698 0.7257128 0.4699627 0.5478973 0.6418791 0.5364698 0.5478973 0.641879 0.5364698 0.5478974 0.6418789 0.5364701 0.4478151 0.8043766 0.3904356 0.5065255 0.7215446 0.4720225 0.3859636 0.870418 0.3056218 0.3859636 0.8704181 0.3056218 0.3859636 0.870418 0.3056218 0.4589483 0.7919093 0.4027979 0.4589483 0.7919093 0.4027979 0.4589483 0.7919093 0.4027979 0.6693071 0.1809579 0.7206125 0.6693071 0.1809579 0.7206125 0.6671959 0.239576 0.7053035 0.6671959 0.2395761 0.7053035 0.6675748 0.2369447 0.7058336 0.667575 0.2369447 0.7058335 0.6675753 0.2369448 0.7058332 0.6576203 0.3239237 0.6801537 0.6436356 0.3917481 0.65747 0.6436455 0.391711 0.6574825 0.643637 0.3917465 0.6574695 0.6477509 0.1010653 0.755119 0.6477509 0.1010653 0.755119 0.6477509 0.1010653 0.755119 0.6447261 0.06041872 0.7620222 0.644726 0.06041872 0.7620223 0.6464766 0.07367205 0.7593685 0.6433149 0.02238965 0.7652742 0.6185482 -0.08051407 0.781611 0.6186845 0.004653334 0.7856258 0.03766161 0.998785 -0.0317825 0.1858659 0.9474019 0.2605449 0.1655553 0.9610553 0.2212784 0.1271402 0.9806365 0.1489541 0.122308 0.9826442 0.1394683 0.06626796 0.9971767 0.03531718 0.06200468 0.9977467 0.0256344 0.0222119 0.9986301 -0.04737985 0.2904345 0.9454133 0.1477887 0.2904345 0.9454133 0.1477887 0.2009648 0.9786904 0.04217082 0.03931844 0.9914647 -0.1243059 0.1304963 0.9912941 -0.01751923 0.1188526 0.9924443 -0.03046935 0.09176963 0.9936074 -0.06574755 0.07584208 0.9935445 -0.08436489 0.06010907 0.9852376 -0.160293 0.06190347 0.9857209 -0.156596 0.1879497 0.9790072 0.07886624 0.2451846 0.9573779 0.1526831 0.2609041 0.9497945 0.1726833 0.2609041 0.9497945 0.1726833 0.2887424 0.9339379 0.2106845 0.3372662 0.9000768 0.2758868 0.406696 0.8512274 0.3316781 0.3966334 0.8610876 0.3181357 0.4945107 -0.5496973 0.6732698 0.4945107 -0.5496972 0.6732698 0.4945107 -0.5496972 0.6732698 0.3592437 0.9037526 0.2327556 0.3592436 0.9037527 0.2327555 0.3592438 0.9037526 0.2327556 0.2834337 0.9487208 0.1399794 0.2834337 0.9487209 0.1399794 0.2834337 0.9487208 0.1399794 0.2958995 0.9464686 0.1289994 0.290632 0.9497095 0.1165539 0.4160946 0.5592507 0.7170105 0.4160946 0.5592505 0.7170106 0.4160946 0.5592502 0.7170107 0.4144152 0.5650711 0.7134107 0.389073 0.6426225 0.6600443 0.3867717 0.6488426 0.6552946 0.3867717 0.6488427 0.6552945 0.3867718 0.6488425 0.6552947 0.3560672 0.722653 0.5924431 0.3560672 0.7226529 0.5924432 0.3560673 0.7226529 0.5924432 0.3536667 0.727791 0.5875715 0.3536667 0.727791 0.5875716 0.3536667 0.727791 0.5875715 0.3189634 0.7935811 0.5181618 0.3156616 0.7991917 0.5115179 0.3156615 0.7991918 0.5115178 0.3156615 0.7991917 0.511518 0.27966 0.8529592 0.440739 0.2796601 0.8529593 0.4407391 0.2796601 0.8529592 0.4407392 0.276098 0.8577544 0.4336214 0.276098 0.8577544 0.4336214 0.276098 0.8577544 0.4336214 0.2411206 0.8989083 0.3658208 0.2369163 0.9033312 0.3575799 0.1993874 0.9373304 0.2857559 0.1993874 0.9373305 0.2857559 0.1993874 0.9373305 0.2857559 0.5782824 0.2929328 0.7614328 0.5609705 0.4032952 0.7229559 0.5609705 0.4032952 0.7229558 0.5609704 0.4032952 0.7229559 0.03421849 0.9944318 -0.09967195 0.04755902 0.9972239 -0.05729573 0.08398246 0.9964591 -0.004059076 0.09090173 0.9958264 0.008170485 0.1551737 0.9824275 0.103718 0.1624298 0.9799674 0.1152413 0.206399 0.9614409 0.1817442 0.2130168 0.9579423 0.1922774 0.2130168 0.9579423 0.1922774 0.2459471 0.9384143 0.2426698 0.2459471 0.9384143 0.2426698 0.2459471 0.9384143 0.2426698 0.2527941 0.933691 0.2536067 0.2527942 0.933691 0.2536067 0.2527942 0.933691 0.2536067 0.2897281 0.9051162 0.3111628 0.2963198 0.8993141 0.3216035 0.3359194 0.8598173 0.3845419 0.3359192 0.8598174 0.3845419 0.335919 0.8598176 0.3845415 0.3420194 0.8529979 0.39423 0.3420196 0.8529978 0.39423 0.3420194 0.852998 0.39423 0.3820043 0.8018934 0.4593906 0.3820043 0.8018934 0.4593906 0.3876085 0.7939193 0.4684568 0.3876085 0.7939195 0.4684566 0.3876086 0.7939192 0.4684568 0.4265511 0.7305307 0.5332721 0.4265511 0.7305308 0.5332719 0.4265509 0.7305309 0.533272 0.4305189 0.7229335 0.5403894 0.4305189 0.7229337 0.5403891 0.4305189 0.7229334 0.5403894 0.4651684 0.65111 0.5997284 0.4651683 0.65111 0.5997285 0.4651684 0.6511099 0.5997285 0.4684072 0.6431499 0.6057664 0.4684019 0.6431505 0.60577 0.4684072 0.6431499 0.6057664 0.4968923 0.5672665 0.6567395 0.4993088 0.5594894 0.6615605 0.4993087 0.5594894 0.6615606 0.4993088 0.5594894 0.6615606 0.5209736 0.4849049 0.7024627 0.5233636 0.4754812 0.7071126 0.1648457 0.9789901 0.120018 0.4667072 0.2983372 0.832574 0.4671897 0.2931984 0.8341274 0.4758245 0.1894521 0.858894 0.4759873 0.1848389 0.8598086 0.4789056 0.0810967 0.8741127 0.478559 0.07685756 0.8746852 0.4777674 0.01849967 0.8782916 0.4370886 0.4764895 0.7628312 0.4518579 0.4022219 0.7962676 0.4518579 0.402222 0.7962675 0.4518579 0.4022222 0.7962675 0.5176672 0.3980899 0.7573277 0.5176671 0.3980904 0.7573275 0.5176672 0.3980903 0.7573275 0.5330768 0.2943935 0.7931972 0.5330768 0.2943935 0.7931972 0.5330768 0.2943936 0.7931972 0.5326769 0.2971564 0.7924352 0.5419562 0.1853357 0.819716 0.6485745 0.1476079 0.7467014 0.6485745 0.1476076 0.7467015 0.6485746 0.1476078 0.7467014 0.6191144 -0.1743654 0.7656985 0.6319276 0.1835318 0.7529832 0.6276796 0.2469 0.738281 0.6276794 0.2469037 0.7382799 0.6276801 0.2468984 0.7382811 0.5373881 0.007687985 0.8433001 0.5653571 0.05336511 0.8231182 0.565833 0.07506561 0.8210958 0.5665233 0.08310019 0.8198449 0.5198527 -0.3016137 0.7992388 0.5198527 -0.3016137 0.7992387 0.5868284 0.1888962 0.7873694 0.5775465 0.2977749 0.760112 0.6232216 0.2919287 0.7255154 0.6095429 0.39674 0.6863344 0.6095428 0.39674 0.6863344 0.6095429 0.39674 0.6863345 0.5081177 0.7136934 0.4821391 0.5706216 0.5851387 0.5761976 0.5706217 0.5851387 0.5761976 0.2586877 0.293972 0.9201419 0.2492476 0.3977336 0.882997 0.2492423 0.3977336 0.8829985 0.2392609 0.4743514 0.8471984 0.2392588 0.4743514 0.847199 0.2392609 0.4743514 0.8471984 0.2250411 0.5576301 0.7990026 0.2234353 0.02003955 0.9745128 0.2483128 0.079638 0.9654007 0.2458804 0.1409235 0.9590013 0.2444247 0.1860442 0.9516534 0.2426442 0.2186386 0.9451566 0.2179166 -0.4826477 0.8482709 0.01950997 0.9997961 0.005209624 0.3240662 0.185291 0.9277114 0.3240122 0.1867259 0.9274425 0.3161019 0.2934496 0.9022012 0.3160293 0.2944172 0.9019114 0.3042926 0.3972601 0.865789 0.3042926 0.39726 0.8657891 0.3042926 0.39726 0.8657891 0.3040472 0.3991379 0.8650111 0.2926737 0.473703 0.8306309 0.2922223 0.4764913 0.8291937 0.2922224 0.4764915 0.8291936 0.2922225 0.4764911 0.8291937 0.2767179 0.5573469 0.7828102 0.2764024 0.5589107 0.781806 0.2572666 0.6389334 0.7249677 0.2565199 0.6417983 0.7226981 0.2341015 0.7169926 0.6565958 0.2326437 0.7214853 0.6521779 0.2080382 0.7875899 0.5800193 0.2080382 0.7875899 0.5800194 0.2080383 0.7875898 0.5800193 0.2062956 0.7919101 0.5747352 0.1807392 0.8468826 0.5001233 0.1785595 0.8511652 0.4935935 0.153603 0.8939839 0.4209498 0.1512109 0.8977179 0.413809 0.1159972 0.943076 0.3116929 0.1132289 0.9461866 0.3031674 0.07518982 0.9782586 0.193279 0.07226395 0.9802364 0.1841592 0.0333774 0.9968267 0.07226794 0.0308867 0.9975615 0.06258779 1.60565e-4 0.9996792 -0.02533185 0.005574822 0.9999789 -0.003349483 0.001103103 0.9999752 0.006976783 0.02055734 0.996876 0.07626008 0.03320842 0.9909822 0.1298135 0.05170142 0.978314 0.2005712 0.06248998 0.9677829 0.2439088 0.08278429 0.9431183 0.3219856 0.08940011 0.9330602 0.3484342 0.1113106 0.8941085 0.4337972 0.1142272 0.8880365 0.4453577 0.1322306 0.8468016 0.5152107 0.1322306 0.8468016 0.5152107 0.1322306 0.8468017 0.5152106 0.139083 0.8286253 0.5422509 0.1531947 0.7876072 0.5968304 0.1531946 0.7876071 0.5968304 0.1531947 0.7876072 0.5968304 0.1630532 0.7545893 0.6356167 0.1733027 0.7170522 0.6751313 0.1791327 0.6933261 0.6980047 0.1912451 0.6389603 0.7450874 0.189822 0.6458937 0.7394518 0.08688986 0.9374471 0.3371102 0.1855555 0.571529 0.799327 0.1855556 0.571529 0.799327 0.1986627 0.4712024 0.8593611 0.2099159 0.3663164 0.906503 0.2184712 0.2728586 0.9369196 0.2559649 0.05890703 0.9648896 0.2848658 0.02613657 0.9582111 0.3284869 0.02579832 0.9441562 0.3361009 0.005990028 0.941807 0.3989778 0.04392659 0.9159079 0.01667231 0.9995655 -0.02431148 0.0164144 0.9997389 -0.0158987 0.04349189 0.9979799 0.04630941 0.04689967 0.9973064 0.05639463 0.09377485 0.9818336 0.1649522 0.09755516 0.9798399 0.1743469 0.1432785 0.9489243 0.2810943 0.14693 0.9456406 0.2901304 0.1894242 0.9010412 0.3901838 0.1894241 0.9010412 0.3901838 0.18942 0.9010412 0.3901856 0.1927418 0.8968293 0.3981808 0.1927418 0.8968293 0.3981809 0.1927417 0.8968293 0.3981808 0.2222866 0.8551313 0.4683365 0.2252812 0.8503209 0.4756078 0.2557064 0.7961452 0.5484226 0.2582387 0.7909976 0.5546492 0.2873825 0.7257884 0.6250141 0.2894092 0.7205852 0.6300789 0.2894092 0.7205851 0.630079 0.2894092 0.7205852 0.6300789 0.3159019 0.6460227 0.6948818 0.3176169 0.6405233 0.6991777 0.3176169 0.6405233 0.6991778 0.3176169 0.6405233 0.6991778 0.3397394 0.5620153 0.7541326 0.3407244 0.5579525 0.7567008 0.3407244 0.5579524 0.7567008 0.3407244 0.5579525 0.7567008 0.3582644 0.4794895 0.8010846 0.3591444 0.475011 0.8033555 0.3591405 0.4750112 0.803357 0.3591444 0.4750109 0.8033554 0.3720734 0.4014129 0.8369165 0.372682 0.3973969 0.8385607 0.3726821 0.3973969 0.8385607 0.372682 0.397397 0.8385606 0.385723 0.2963024 0.8737406 0.3859643 0.2934613 0.8745926 0.3944507 0.1877012 0.8995427 0.3944507 0.1877012 0.8995427 0.3944507 0.1877012 0.8995427 0.3945235 0.1853515 0.8999978 0.3981809 0.07974374 0.9138342 0.3946053 0.0348168 0.918191 0.4661692 -0.01630336 0.8845455</float_array>
          <technique_common>
            <accessor source="#Helice-mesh-normals-array" count="6757" stride="3">
              <param name="X" type="float"/>
              <param name="Y" type="float"/>
              <param name="Z" type="float"/>
            </accessor>
          </technique_common>
        </source>
        <vertices id="Helice-mesh-vertices">
          <input semantic="POSITION" source="#Helice-mesh-positions"/>
        </vertices>
        <triangles material="Material_001-material" count="6092">
          <input semantic="VERTEX" source="#Helice-mesh-vertices" offset="0"/>
          <input semantic="NORMAL" source="#Helice-mesh-normals" offset="1"/>
          <p>0 0 1 0 2 0 2 1 1 1 3 1 2 2 3 2 4 2 4 3 3 3 5 3 4 4 5 4 6 4 6 5 5 5 7 5 6 6 7 6 8 6 8 7 7 7 9 7 8 8 9 8 10 8 10 9 9 9 11 9 10 10 11 10 12 10 12 11 11 11 13 11 14 12 15 12 16 12 16 13 15 13 17 13 16 14 17 14 18 14 19 15 20 16 21 17 21 18 20 18 18 18 21 19 18 19 22 19 22 20 18 20 17 20 23 21 24 21 25 21 25 22 24 22 26 22 27 23 25 24 28 25 28 26 25 27 29 28 27 29 30 30 25 31 25 32 30 32 31 32 25 33 31 33 32 33 32 34 33 35 25 36 25 37 33 37 34 37 25 38 34 38 35 38 35 39 36 40 25 41 25 42 36 42 37 42 25 43 37 44 38 45 38 46 39 46 25 46 25 47 39 47 40 47 25 48 40 49 23 50 19 51 29 52 20 53 20 54 29 54 25 54 20 55 25 55 41 55 42 56 43 56 41 56 41 57 44 58 45 59 45 60 46 60 41 60 41 61 46 61 47 61 41 62 47 63 48 64 48 65 49 66 41 67 41 68 49 69 50 70 41 71 50 71 42 71 43 72 51 72 41 72 41 73 51 73 52 73 41 74 52 74 20 74 26 75 53 75 25 75 25 76 53 76 54 76 25 77 54 77 41 77 41 78 54 78 55 78 41 79 55 79 44 79 13 80 56 80 12 80 12 81 56 81 57 81 12 82 57 82 58 82 58 83 57 83 15 83 58 84 15 84 59 84 59 85 15 86 14 87 60 88 61 88 0 88 0 89 61 89 62 89 0 90 62 90 1 90 63 91 64 92 65 93 65 94 64 94 66 94 65 95 66 95 67 95 67 96 66 96 68 96 67 97 68 97 69 97 69 98 68 98 70 98 69 99 70 99 60 99 60 100 70 100 71 100 60 101 71 101 61 101 63 102 65 102 72 102 72 103 65 103 73 103 72 104 73 104 74 104 75 105 76 105 73 105 75 106 73 106 77 106 78 107 79 107 73 107 80 108 81 108 73 108 73 109 81 110 82 111 73 112 82 113 83 114 83 115 84 115 73 115 73 116 84 116 85 116 73 117 85 118 78 119 79 120 86 121 73 122 73 123 86 123 87 123 73 124 87 124 77 124 76 125 88 125 73 125 73 126 88 126 89 126 73 127 89 127 74 127 90 128 91 128 92 128 93 129 81 129 94 129 94 130 81 130 80 130 92 131 91 131 94 131 94 132 91 132 95 132 94 133 95 133 93 133 90 134 92 134 96 134 96 135 92 135 97 135 96 136 97 136 98 136 98 137 97 137 99 137 98 138 99 138 100 138 100 139 99 139 101 139 101 140 99 140 102 140 101 141 102 141 103 141 103 142 102 142 104 142 104 143 102 143 105 143 104 144 105 144 106 144 106 145 105 145 107 145 107 146 105 146 108 146 107 147 108 147 109 147 109 148 108 148 110 148 110 149 108 149 111 149 110 150 111 150 112 150 112 151 111 151 113 151 113 152 111 152 114 152 113 153 114 153 115 153 115 154 114 154 116 154 116 155 114 155 117 155 116 156 117 156 118 156 118 157 117 157 119 157 119 158 117 158 120 158 119 159 120 159 121 159 121 160 120 160 122 160 121 161 122 161 123 161 124 162 125 162 122 162 122 163 125 163 126 163 122 164 126 164 123 164 127 165 128 165 129 165 129 166 128 166 130 166 129 167 130 167 124 167 124 168 130 168 131 168 124 169 131 169 125 169 132 170 133 170 134 170 134 171 133 171 135 171 134 172 135 172 127 172 127 173 135 173 136 173 127 165 136 165 128 165 132 174 134 174 137 174 137 175 134 175 138 175 137 176 138 176 139 176 140 177 141 177 139 177 139 178 141 178 142 178 139 179 142 179 137 179 143 180 144 180 140 180 140 181 144 181 145 181 140 182 145 182 141 182 140 183 146 183 143 183 143 184 146 184 147 184 143 185 147 185 148 185 148 186 147 186 149 186 148 187 149 187 150 187 151 188 152 188 153 188 154 189 155 189 156 189 156 190 155 190 157 190 156 191 157 191 158 191 158 192 157 192 159 192 158 193 159 193 152 193 152 194 159 194 160 194 152 195 160 195 153 195 54 196 53 196 161 196 161 197 53 197 162 197 161 198 162 198 163 198 163 199 162 199 164 199 163 200 164 200 154 200 154 201 164 201 165 201 154 202 165 202 155 202 166 203 167 203 168 203 168 204 167 204 169 204 168 205 169 205 170 205 170 206 169 206 171 206 170 207 171 207 172 207 172 208 171 208 173 208 172 209 173 209 174 209 174 210 173 210 175 210 174 210 175 210 176 210 176 211 175 211 177 211 178 212 179 212 180 212 180 213 179 213 181 213 180 214 181 214 177 214 177 215 181 215 182 215 177 216 182 216 176 216 180 217 183 217 178 217 178 218 183 218 184 218 178 219 184 219 185 219 185 220 184 220 186 220 185 221 186 221 187 221 187 222 186 222 188 222 187 223 188 223 189 223 189 224 188 224 190 224 189 225 190 225 191 225 191 226 190 226 192 226 191 227 192 227 193 227 193 228 192 228 194 228 193 229 194 229 195 229 195 230 194 230 196 230 195 231 196 231 197 231 196 232 198 232 197 232 197 233 198 233 199 233 197 234 199 234 200 234 200 235 199 235 201 235 153 236 202 236 151 236 151 237 202 237 203 237 151 237 203 237 204 237 204 238 203 238 205 238 204 239 205 239 201 239 201 240 205 240 206 240 201 241 206 241 200 241 207 242 208 242 209 242 209 243 208 243 210 243 209 243 210 243 211 243 211 244 210 244 212 244 207 243 213 243 208 243 208 243 213 243 214 243 208 245 214 245 215 245 216 243 217 243 218 243 219 246 220 246 221 246 221 247 220 247 208 247 221 243 208 243 222 243 222 243 208 243 215 243 222 248 215 248 223 248 216 243 218 243 224 243 224 243 218 243 225 243 224 249 225 249 226 249 227 250 228 250 229 250 229 243 228 243 230 243 229 243 230 243 210 243 210 251 230 251 231 251 210 252 231 252 212 252 226 243 225 243 232 243 232 253 225 253 233 253 232 243 233 243 234 243 235 254 236 254 237 254 237 243 236 243 238 243 233 255 239 255 234 255 234 243 239 243 240 243 234 243 240 243 241 243 241 256 240 256 242 256 241 257 242 257 243 257 243 243 242 243 244 243 243 243 244 243 245 243 245 258 244 258 246 258 245 243 246 243 238 243 238 243 246 243 247 243 238 243 247 243 237 243 235 259 248 259 236 259 236 243 248 243 249 243 236 260 249 260 250 260 250 261 249 261 251 261 250 262 251 262 252 262 252 263 253 263 250 263 250 243 253 243 254 243 250 243 254 243 255 243 255 243 254 243 256 243 255 243 256 243 227 243 227 264 256 264 257 264 227 243 257 243 228 243 258 265 259 265 260 265 260 265 259 265 261 265 261 266 259 266 262 266 261 265 262 265 263 265 264 267 265 267 266 267 266 265 265 265 258 265 266 265 258 265 267 265 267 265 258 265 260 265 268 265 269 265 111 265 270 265 271 265 140 265 140 268 271 268 272 268 140 269 272 269 146 269 146 265 272 265 273 265 146 265 273 265 147 265 147 270 273 270 274 270 147 271 274 271 149 271 275 265 276 265 268 265 268 272 276 272 277 272 268 265 277 265 278 265 278 273 279 273 268 273 268 274 279 274 280 274 268 275 280 275 281 275 281 276 282 276 268 276 268 277 282 277 283 277 268 278 283 278 284 278 284 279 285 279 268 279 268 280 285 280 286 280 268 265 286 265 266 265 266 265 286 265 287 265 266 281 287 281 264 281 111 265 108 265 268 265 268 282 108 282 105 282 268 283 105 283 102 283 94 284 80 284 73 284 102 285 99 285 288 285 288 265 99 265 97 265 288 265 97 265 289 265 289 265 97 265 92 265 289 286 92 286 290 286 290 287 92 287 94 287 127 288 120 288 117 288 102 265 288 265 268 265 268 289 288 289 291 289 268 290 291 290 275 290 120 291 127 291 122 291 122 265 127 265 129 265 122 292 129 292 124 292 140 265 139 265 270 265 270 293 139 293 138 293 270 265 138 265 269 265 269 294 138 294 134 294 269 295 134 295 111 295 111 296 134 296 127 296 111 265 127 265 114 265 114 265 127 265 117 265 73 265 65 265 94 265 94 297 65 297 67 297 94 298 67 298 69 298 2 265 290 265 0 265 0 299 290 299 94 299 0 265 94 265 60 265 60 265 94 265 69 265 292 300 293 300 294 300 295 301 296 301 297 301 222 302 298 302 299 302 300 303 301 303 302 303 303 304 304 304 305 304 303 305 305 305 306 305 307 306 308 306 305 306 307 307 305 307 309 307 308 308 310 308 305 308 305 309 310 309 311 309 305 310 311 310 312 310 312 311 313 311 305 311 305 312 313 313 314 314 305 315 314 315 306 315 304 316 315 316 305 316 305 317 315 317 316 317 305 318 316 318 317 318 317 319 318 319 305 319 305 320 318 320 167 320 305 321 167 321 166 321 319 322 320 322 321 322 321 323 320 323 322 323 321 324 322 325 323 326 323 327 324 327 321 327 321 328 324 328 325 328 321 329 325 330 326 331 326 332 327 332 321 332 321 333 327 333 328 333 321 334 328 334 329 334 329 335 330 335 321 335 321 336 330 336 331 336 321 337 331 337 332 337 332 338 333 338 321 338 321 339 333 339 334 339 321 340 334 340 335 340 261 341 263 341 336 341 336 342 263 342 337 342 336 343 337 343 305 343 305 344 337 344 338 344 305 345 338 345 309 345 336 346 339 346 261 346 261 347 339 347 340 347 261 348 340 348 260 348 260 349 340 349 341 349 260 350 341 350 267 350 267 351 341 351 342 351 267 352 342 352 266 352 266 353 342 353 343 353 266 354 343 354 268 354 268 355 343 355 344 355 268 356 344 356 269 356 269 357 344 357 345 357 269 358 345 358 270 358 270 359 345 359 346 359 270 360 346 360 271 360 271 361 346 361 347 361 271 362 347 362 272 362 272 363 347 363 348 363 272 363 348 363 273 363 273 364 348 364 349 364 273 365 349 365 274 365 350 366 351 366 352 366 353 367 354 367 352 367 352 368 354 368 355 368 352 369 355 369 350 369 356 370 357 370 352 370 352 371 357 371 358 371 352 372 358 372 359 372 302 373 301 373 352 373 352 374 301 374 360 374 352 375 360 375 356 375 359 376 361 376 352 376 352 377 361 377 362 377 352 378 362 378 353 378 351 379 363 380 352 381 352 382 363 382 364 382 352 383 364 384 150 385 274 386 349 386 149 386 149 387 349 387 365 387 149 388 365 388 150 388 366 389 367 389 302 389 302 390 367 390 368 390 302 391 368 391 300 391 369 392 370 392 371 392 371 393 372 393 369 393 369 394 372 394 373 394 369 395 373 395 366 395 366 396 373 396 374 396 366 397 374 397 367 397 375 398 376 398 377 398 377 399 378 399 375 399 375 400 378 400 379 400 375 401 379 401 370 401 370 402 379 402 380 402 370 403 380 403 371 403 381 404 382 404 383 404 383 405 384 405 381 405 381 406 384 406 385 406 381 407 385 407 376 407 376 408 385 408 386 408 376 409 386 409 377 409 298 349 222 349 387 349 222 410 223 410 387 410 387 411 223 411 388 411 387 412 388 412 382 412 382 413 388 413 389 413 382 414 389 414 383 414 334 415 390 415 335 415 335 416 390 416 219 416 335 417 219 417 299 417 299 418 219 418 221 418 299 419 221 419 222 419 391 420 392 420 393 420 391 421 393 421 394 421 395 422 396 422 393 422 395 423 393 423 397 423 396 424 398 424 393 424 393 425 398 425 399 425 393 426 399 426 400 426 400 427 401 427 393 427 393 428 401 428 402 428 393 429 402 429 394 429 392 430 403 430 393 430 393 431 403 431 404 431 393 432 404 432 405 432 405 433 406 433 393 433 393 434 406 434 407 434 393 435 407 435 408 435 409 436 410 436 411 436 411 437 410 437 412 437 411 438 412 438 413 438 413 439 414 439 411 439 411 440 414 440 415 440 411 441 415 442 416 443 416 444 417 444 411 444 411 445 417 445 418 445 411 446 418 446 419 446 419 447 420 447 411 447 411 448 420 448 421 448 411 449 421 449 422 449 422 450 423 450 411 450 411 451 423 451 424 451 411 452 424 452 425 452 426 453 427 453 428 453 428 454 427 454 429 454 428 455 429 455 393 455 393 456 429 456 430 456 393 457 430 457 397 457 428 458 431 458 426 458 426 459 431 459 432 459 426 460 432 460 433 460 433 461 432 461 434 461 433 462 434 462 435 462 435 463 434 463 436 463 435 464 436 464 437 464 437 465 436 465 438 465 437 466 438 466 439 466 439 467 438 467 440 467 439 468 440 468 441 468 441 469 440 469 442 469 441 470 442 470 443 470 443 471 442 471 444 471 443 472 444 472 445 472 445 473 444 473 446 473 445 474 446 474 447 474 447 475 446 475 448 475 447 476 448 476 449 476 449 477 448 477 450 477 449 478 450 478 451 478 452 479 453 479 454 479 455 480 456 480 454 480 454 481 456 481 457 481 454 482 457 482 452 482 458 483 459 483 454 483 454 484 459 484 460 484 454 485 460 485 461 485 297 486 296 486 454 486 454 487 296 487 462 487 454 488 462 488 458 488 461 489 463 489 454 489 454 490 463 490 464 490 454 491 464 491 455 491 453 492 465 492 454 492 454 493 465 493 466 493 454 494 466 495 467 496 451 497 450 497 468 497 468 498 450 498 469 498 468 499 469 499 467 499 470 500 471 500 297 500 297 501 471 501 472 501 297 502 472 502 295 502 473 503 474 503 475 503 475 504 476 504 473 504 473 505 476 505 477 505 473 506 477 506 470 506 470 507 477 507 478 507 470 508 478 508 471 508 479 509 480 509 481 509 481 510 482 510 479 510 479 511 482 511 483 511 479 512 483 512 474 512 474 513 483 513 484 513 474 514 484 514 475 514 485 515 486 515 487 515 487 516 488 516 485 516 485 517 488 517 489 517 485 518 489 518 480 518 480 519 489 519 490 519 480 520 490 520 481 520 293 461 292 461 491 461 292 521 492 521 491 521 491 522 492 522 493 522 491 523 493 523 486 523 486 524 493 524 494 524 486 525 494 525 487 525 424 526 495 526 425 526 425 527 495 527 496 527 425 528 496 528 294 528 294 529 496 529 497 529 294 530 497 530 292 530 467 531 469 531 454 531 454 532 469 532 498 532 454 533 498 533 499 533 499 534 498 534 500 534 499 535 500 535 501 535 501 536 500 536 502 536 501 537 502 537 503 537 503 538 502 538 504 538 503 539 504 539 505 539 505 540 504 540 305 540 505 540 305 540 321 540 321 541 305 541 166 541 321 542 166 542 319 542 150 543 365 543 352 543 352 544 365 544 506 544 352 545 506 545 507 545 507 546 506 546 508 546 507 547 508 547 509 547 509 548 508 548 510 548 509 549 510 549 511 549 511 550 510 550 512 550 511 551 512 551 513 551 513 552 512 552 393 552 513 553 393 553 411 553 411 554 393 554 408 554 411 555 408 555 409 555 514 265 469 265 515 265 515 265 469 265 450 265 515 265 450 265 516 265 516 556 450 556 448 556 516 265 448 265 517 265 517 557 448 557 446 557 517 265 446 265 518 265 518 558 446 558 444 558 518 265 444 265 519 265 519 559 444 559 442 559 519 265 442 265 520 265 520 560 442 560 440 560 520 561 440 561 521 561 521 562 440 562 438 562 521 265 438 265 522 265 522 563 438 563 436 563 522 564 436 564 523 564 523 565 436 565 434 565 523 265 434 265 524 265 524 566 434 566 432 566 524 567 432 567 525 567 525 568 432 568 431 568 525 569 431 569 526 569 526 265 431 265 428 265 526 265 428 265 527 265 527 570 428 570 393 570 527 265 393 265 528 265 528 265 393 265 512 265 528 265 512 265 529 265 529 571 512 571 510 571 529 572 510 572 530 572 530 265 510 265 508 265 530 265 508 265 531 265 531 265 508 265 506 265 531 265 506 265 532 265 532 573 506 573 365 573 532 574 365 574 533 574 533 265 365 265 349 265 533 575 349 575 534 575 534 265 349 265 348 265 534 265 348 265 535 265 535 265 348 265 347 265 535 265 347 265 536 265 536 576 347 576 346 576 536 265 346 265 537 265 537 265 346 265 345 265 537 265 345 265 538 265 538 265 345 265 344 265 538 265 344 265 539 265 539 577 344 577 343 577 539 265 343 265 540 265 540 578 343 578 342 578 540 265 342 265 541 265 541 265 342 265 341 265 541 579 341 579 542 579 542 580 341 580 340 580 542 581 340 581 543 581 543 582 340 582 339 582 543 265 339 265 544 265 544 583 339 583 336 583 544 265 336 265 545 265 545 584 336 584 305 584 545 265 305 265 546 265 546 585 305 585 504 585 546 265 504 265 547 265 547 265 504 265 502 265 547 265 502 265 548 265 548 265 502 265 500 265 548 265 500 265 549 265 549 586 500 586 498 586 549 265 498 265 514 265 514 587 498 587 469 587 530 588 550 588 529 588 529 589 550 589 551 589 529 590 551 590 528 590 528 591 551 591 552 591 528 592 552 592 527 592 527 593 552 593 553 593 527 594 553 594 526 594 526 595 553 595 554 595 526 596 554 596 525 596 525 597 554 597 555 597 525 598 555 598 524 598 524 599 555 599 556 599 524 600 556 600 523 600 523 601 556 601 557 601 523 602 557 602 522 602 522 603 557 603 558 603 522 604 558 604 521 604 521 605 558 605 559 605 521 606 559 606 520 606 520 607 559 607 560 607 520 608 560 608 519 608 519 609 560 609 561 609 519 610 561 610 518 610 518 611 561 611 562 611 518 612 562 612 517 612 517 613 562 613 563 613 517 614 563 614 516 614 516 615 563 615 564 615 516 616 564 616 515 616 515 617 564 617 565 617 515 618 565 618 514 618 514 619 565 619 566 619 514 620 566 620 549 620 549 621 566 621 567 621 549 622 567 622 548 622 548 623 567 623 568 623 548 624 568 624 547 624 547 625 568 625 569 625 547 626 569 626 546 626 546 627 569 627 570 627 546 628 570 628 545 628 545 629 570 629 571 629 545 630 571 630 544 630 544 631 571 631 572 631 544 632 572 632 543 632 543 633 572 633 573 633 543 634 573 634 542 634 542 635 573 635 574 635 542 636 574 636 541 636 541 637 574 637 575 637 541 638 575 638 540 638 540 639 575 639 576 639 540 640 576 640 539 640 539 641 576 641 577 641 539 642 577 642 538 642 538 643 577 643 578 643 538 644 578 644 537 644 537 645 578 645 579 645 537 646 579 646 536 646 536 647 579 647 580 647 536 648 580 648 535 648 535 649 580 649 581 649 535 650 581 650 534 650 534 651 581 651 582 651 534 652 582 652 533 652 533 653 582 653 583 653 533 654 583 654 532 654 532 655 583 655 584 655 532 656 584 656 531 656 531 657 584 657 585 657 531 658 585 658 530 658 530 659 585 659 550 659 551 243 511 243 552 243 552 660 511 660 513 660 552 661 513 661 553 661 553 243 513 243 411 243 553 662 411 662 554 662 554 663 411 663 425 663 554 664 425 664 555 664 555 665 425 665 294 665 555 666 294 666 556 666 556 667 294 667 293 667 556 243 293 243 557 243 557 668 293 668 491 668 557 243 491 243 558 243 558 669 491 669 486 669 558 243 486 243 559 243 559 670 486 670 485 670 559 671 485 671 560 671 560 672 485 672 480 672 560 243 480 243 561 243 561 673 480 673 479 673 561 243 479 243 562 243 562 674 479 674 474 674 562 243 474 243 563 243 563 675 474 675 473 675 563 243 473 243 564 243 564 676 473 676 470 676 564 677 470 677 565 677 565 243 470 243 297 243 565 678 297 678 566 678 566 679 297 679 454 679 566 680 454 680 567 680 567 243 454 243 499 243 567 681 499 681 568 681 568 243 499 243 501 243 568 243 501 243 569 243 569 243 501 243 503 243 569 243 503 243 570 243 570 682 503 682 505 682 570 683 505 683 571 683 571 684 505 684 321 684 571 685 321 685 572 685 572 686 321 686 335 686 572 243 335 243 573 243 573 687 335 687 299 687 573 688 299 688 574 688 574 689 299 689 298 689 574 677 298 677 575 677 575 243 298 243 387 243 575 243 387 243 576 243 576 690 387 690 382 690 576 691 382 691 577 691 577 692 382 692 381 692 577 693 381 693 578 693 578 694 381 694 376 694 578 243 376 243 579 243 579 695 376 695 375 695 579 696 375 696 580 696 580 243 375 243 370 243 580 697 370 697 581 697 581 698 370 698 369 698 581 243 369 243 582 243 582 243 369 243 366 243 582 243 366 243 583 243 583 699 366 699 302 699 583 700 302 700 584 700 584 701 302 701 352 701 584 243 352 243 585 243 585 702 352 702 507 702 585 243 507 243 550 243 550 243 507 243 509 243 550 243 509 243 551 243 551 703 509 703 511 703 586 704 587 704 588 704 588 705 587 705 589 705 588 706 589 707 590 708 591 709 592 710 593 711 593 712 592 712 590 712 593 713 590 713 594 713 594 714 590 714 589 714 595 715 596 715 597 715 597 716 596 716 598 716 599 717 597 717 600 717 600 718 597 718 601 718 599 719 602 720 597 721 597 722 602 722 603 722 597 723 603 724 604 725 604 726 605 726 597 726 597 727 605 727 606 727 597 728 606 728 607 728 607 729 608 730 597 731 597 732 608 732 609 732 597 733 609 734 610 735 610 736 611 737 597 738 597 739 611 740 612 741 597 742 612 742 595 742 591 743 601 744 592 745 592 746 601 746 597 746 592 747 597 747 613 747 614 748 615 749 613 750 613 751 616 751 617 751 617 752 618 752 613 752 613 753 618 753 619 753 613 754 619 755 620 756 620 757 621 758 613 759 613 760 621 761 622 762 613 763 622 763 614 763 615 764 623 764 613 764 613 765 623 765 624 765 613 766 624 766 592 766 598 767 625 767 597 767 597 768 625 768 626 768 597 769 626 769 613 769 613 770 626 770 627 770 613 771 627 771 616 771 586 772 628 773 587 774 587 775 628 775 629 775 587 776 629 776 630 776 630 777 629 777 631 777 630 778 631 778 632 778 633 779 634 779 635 779 635 780 634 780 636 780 635 781 636 781 637 781 637 782 636 782 638 782 637 783 638 784 639 785 639 786 638 786 640 786 639 787 640 787 641 787 641 788 640 788 642 788 641 789 642 789 643 789 643 790 642 790 644 790 643 791 644 791 631 791 631 792 644 792 645 792 631 793 645 793 632 793 646 794 647 794 633 794 633 795 647 795 648 795 633 796 648 796 634 796 649 797 650 798 651 799 651 800 650 800 652 800 651 801 652 801 653 801 653 802 652 802 654 802 653 803 654 803 655 803 655 804 654 805 656 806 655 807 656 807 646 807 646 808 656 808 657 808 646 809 657 810 647 811 649 812 651 812 658 812 658 813 651 813 659 813 658 814 659 814 660 814 661 815 662 815 659 815 661 816 659 816 663 816 664 817 665 818 659 819 666 820 667 820 659 820 659 821 667 822 668 823 659 824 668 824 669 824 669 825 670 826 659 827 659 828 670 829 671 830 659 831 671 831 664 831 665 832 672 832 659 832 659 833 672 834 673 835 659 836 673 836 663 836 662 837 674 837 659 837 659 838 674 838 675 838 659 839 675 839 660 839 676 840 677 840 678 840 679 841 667 841 680 841 680 842 667 842 666 842 678 843 677 843 680 843 680 844 677 844 681 844 680 845 681 845 679 845 676 846 678 846 682 846 682 847 678 847 683 847 682 848 683 848 684 848 684 849 683 849 685 849 684 850 685 850 686 850 686 851 685 851 687 851 687 852 685 852 688 852 687 853 688 853 689 853 689 854 688 854 690 854 690 855 688 855 691 855 690 856 691 856 692 856 692 857 691 857 693 857 693 858 691 858 694 858 693 859 694 859 695 859 695 860 694 860 696 860 696 861 694 861 697 861 696 862 697 862 698 862 698 863 697 863 699 863 699 864 697 864 700 864 699 865 700 865 701 865 701 866 700 866 702 866 702 867 700 867 703 867 702 868 703 868 704 868 704 869 703 869 705 869 705 870 703 870 706 870 705 871 706 871 707 871 707 872 706 872 708 872 707 873 708 873 709 873 710 874 711 874 708 874 708 875 711 875 712 875 708 876 712 876 709 876 713 877 714 877 715 877 715 878 714 878 716 878 715 879 716 879 710 879 710 880 716 880 717 880 710 881 717 881 711 881 718 882 719 882 720 882 720 883 719 883 721 883 720 884 721 884 713 884 713 885 721 885 722 885 713 886 722 886 714 886 718 887 720 887 723 887 723 888 720 888 724 888 723 889 724 889 725 889 726 890 727 890 725 890 725 891 727 891 728 891 725 892 728 892 723 892 729 893 730 893 726 893 726 894 730 894 731 894 726 895 731 895 727 895 726 896 732 896 729 896 729 897 732 897 733 897 729 898 733 898 734 898 734 899 733 899 468 899 734 900 468 900 467 900 735 901 736 901 737 901 738 902 739 902 740 902 740 903 739 903 741 903 740 904 741 904 742 904 742 905 741 905 743 905 742 906 743 906 736 906 736 907 743 907 744 907 736 908 744 908 737 908 626 909 625 909 745 909 745 910 625 910 746 910 745 911 746 911 747 911 747 912 746 912 748 912 747 913 748 913 738 913 738 914 748 914 749 914 738 915 749 915 739 915 408 916 407 916 750 916 750 917 407 917 751 917 750 918 751 918 752 918 752 919 751 919 753 919 752 920 753 920 754 920 754 921 753 921 755 921 754 922 755 922 756 922 756 923 755 923 757 923 756 924 757 924 758 924 758 925 757 925 759 925 760 926 761 926 762 926 762 927 761 927 763 927 762 928 763 928 759 928 759 929 763 929 764 929 759 930 764 930 758 930 762 931 765 931 760 931 760 932 765 932 766 932 760 933 766 933 767 933 767 934 766 934 768 934 767 935 768 935 769 935 769 936 768 936 770 936 769 936 770 936 771 936 771 937 770 937 772 937 771 938 772 938 773 938 773 939 772 939 774 939 773 940 774 940 775 940 775 941 774 941 776 941 775 942 776 942 777 942 777 943 776 943 778 943 777 944 778 944 779 944 779 945 778 945 780 945 779 946 780 946 781 946 737 947 782 947 735 947 735 948 782 948 783 948 735 949 783 949 784 949 784 950 783 950 785 950 784 951 785 951 786 951 786 952 785 952 787 952 786 953 787 953 781 953 781 954 787 954 788 954 781 955 788 955 779 955 789 956 790 956 791 956 791 243 790 243 792 243 791 957 792 957 793 957 793 958 792 958 794 958 789 243 795 243 790 243 790 243 795 243 796 243 790 959 796 959 797 959 798 243 799 243 800 243 496 960 801 960 497 960 497 243 801 243 790 243 497 243 790 243 292 243 292 243 790 243 797 243 292 243 797 243 492 243 798 243 800 243 802 243 802 961 800 961 803 961 802 962 803 962 804 962 805 963 806 963 807 963 807 243 806 243 808 243 807 964 808 964 792 964 792 965 808 965 809 965 792 243 809 243 794 243 804 966 803 966 810 966 810 243 803 243 811 243 810 243 811 243 812 243 813 967 814 967 815 967 815 243 814 243 816 243 811 968 817 968 812 968 812 969 817 969 818 969 812 970 818 970 819 970 819 971 818 971 820 971 819 972 820 972 821 972 821 973 820 973 822 973 821 243 822 243 823 243 823 974 822 974 824 974 823 243 824 243 816 243 816 975 824 975 825 975 816 243 825 243 815 243 813 243 826 243 814 243 814 243 826 243 827 243 814 243 827 243 828 243 828 976 827 976 829 976 828 977 829 977 830 977 830 978 831 978 828 978 828 243 831 243 832 243 828 243 832 243 833 243 833 243 832 243 834 243 833 243 834 243 805 243 805 979 834 979 835 979 805 243 835 243 806 243 836 265 427 265 426 265 836 980 426 980 837 980 837 981 426 981 433 981 837 265 433 265 838 265 443 265 445 265 726 265 726 982 445 982 447 982 726 983 447 983 732 983 732 265 447 265 449 265 732 265 449 265 733 265 733 265 449 265 451 265 733 265 451 265 468 265 839 984 840 984 437 984 437 985 840 985 838 985 437 265 838 265 435 265 435 986 838 986 433 986 439 265 441 265 697 265 841 265 842 265 439 265 439 987 842 987 843 987 439 988 843 988 844 988 844 989 845 989 439 989 439 990 845 990 846 990 439 991 846 991 847 991 847 265 848 265 439 265 439 265 848 265 849 265 439 992 849 992 850 992 850 993 851 993 439 993 439 265 851 265 852 265 439 265 852 265 437 265 437 994 852 994 853 994 437 995 853 995 839 995 697 996 694 996 439 996 439 997 694 997 691 997 439 998 691 998 688 998 680 999 666 999 659 999 713 1000 706 1000 703 1000 688 265 685 265 854 265 854 1001 685 1001 683 1001 854 265 683 265 855 265 855 1002 683 1002 678 1002 855 265 678 265 856 265 856 265 678 265 680 265 706 265 713 265 708 265 708 1003 713 1003 715 1003 708 1004 715 1004 710 1004 726 1005 725 1005 443 1005 443 1006 725 1006 724 1006 443 1007 724 1007 441 1007 441 1008 724 1008 720 1008 441 1009 720 1009 697 1009 697 1010 720 1010 713 1010 697 1011 713 1011 700 1011 700 265 713 265 703 265 688 265 854 265 439 265 439 1012 854 1012 857 1012 439 1013 857 1013 841 1013 659 265 651 265 680 265 680 1014 651 1014 653 1014 680 1015 653 1015 655 1015 635 265 856 265 633 265 633 1016 856 1016 680 1016 633 265 680 265 646 265 646 265 680 265 655 265 858 1017 247 1017 246 1017 859 1018 860 1018 861 1018 862 1019 863 1019 3 1019 71 1020 70 1020 864 1020 68 1021 66 1021 865 1021 64 1022 63 1022 866 1022 74 1023 89 1024 867 1025 77 1026 87 1027 868 1028 86 1029 79 1029 869 1029 361 1030 359 1030 870 1030 356 1031 871 1031 357 1031 368 1032 872 1032 300 1032 367 1033 374 1033 873 1033 380 1034 379 1034 874 1034 386 1035 385 1035 875 1035 875 1036 385 1036 384 1036 384 1037 383 1037 215 1037 383 1038 389 1038 215 1038 215 1039 389 1039 388 1039 215 1040 388 1040 223 1040 379 1041 378 1041 874 1041 874 1042 378 1042 377 1042 874 1043 377 1043 386 1043 371 1044 876 1044 372 1044 372 1045 876 1045 873 1045 372 1046 873 1046 373 1046 373 1047 873 1047 374 1047 872 1048 368 1048 877 1048 878 1049 360 1049 301 1049 871 1050 356 1050 879 1050 364 1051 363 1051 880 1051 78 1052 85 1052 881 1052 881 1053 85 1054 84 1055 83 1056 82 1057 882 1058 61 1059 883 1059 62 1059 62 1060 883 1060 1 1060 884 1061 885 1061 886 1061 886 1062 885 1062 887 1062 886 1063 887 1063 888 1063 384 1064 215 1064 875 1064 875 1065 215 1065 214 1065 875 1066 214 1066 889 1066 889 1067 214 1067 213 1067 889 1068 213 1068 890 1068 890 1069 213 1069 207 1069 890 1070 207 1070 891 1070 891 1071 207 1071 209 1071 891 1072 209 1072 892 1072 892 1073 209 1073 211 1073 892 1074 211 1074 893 1074 211 1075 212 1075 893 1075 893 1076 212 1076 231 1076 893 1077 231 1077 894 1077 895 1078 128 1078 136 1078 231 1079 230 1079 894 1079 894 1080 230 1080 228 1080 894 1081 228 1081 896 1081 896 1082 228 1082 257 1082 896 1083 257 1083 897 1083 897 1084 257 1084 256 1084 897 1085 256 1085 898 1085 898 1086 256 1086 254 1086 898 1087 254 1087 899 1087 899 1088 254 1088 253 1088 899 1089 253 1089 900 1089 253 1090 252 1090 900 1090 900 1091 252 1091 251 1091 900 1092 251 1092 901 1092 251 1093 249 1093 901 1093 901 1094 249 1094 248 1094 901 1095 248 1095 902 1095 902 1096 248 1096 235 1096 902 1097 235 1097 903 1097 903 1098 235 1098 237 1098 903 1099 237 1099 904 1099 905 1100 240 1100 906 1100 906 1101 240 1101 239 1101 906 1102 239 1102 907 1102 907 1103 239 1103 233 1103 907 1104 233 1104 908 1104 908 1105 233 1105 225 1105 908 1106 225 1106 909 1106 909 1107 225 1107 218 1107 909 1108 218 1108 910 1108 910 1109 218 1109 217 1109 910 1110 217 1110 911 1110 911 1111 217 1111 912 1111 911 1112 912 1112 884 1112 884 1113 912 1113 913 1113 884 1114 913 1114 885 1114 914 1115 880 1115 915 1115 915 1116 880 1116 363 1116 915 1117 363 1117 351 1117 148 1118 916 1118 143 1118 143 1119 916 1119 917 1119 143 1120 917 1120 144 1120 144 1121 917 1121 918 1121 144 1122 918 1122 145 1122 145 1123 918 1123 919 1123 145 1124 919 1124 141 1124 301 1125 300 1125 878 1125 878 1126 300 1126 872 1126 878 1127 872 1127 920 1127 920 1128 872 1128 877 1128 920 1129 877 1129 921 1129 921 1130 877 1130 922 1130 921 1131 922 1131 923 1131 923 1132 922 1132 924 1132 923 1133 924 1133 925 1133 150 1134 364 1134 148 1134 148 1135 364 1135 880 1135 148 1136 880 1136 916 1136 916 1137 880 1138 914 1139 916 1140 914 1141 917 1142 917 1143 914 1143 926 1143 917 1144 926 1145 918 1146 918 1147 926 1147 927 1147 918 1148 927 1148 919 1148 919 1149 927 1149 928 1149 919 1150 928 1150 929 1150 929 1151 928 1151 930 1151 929 1152 930 1152 931 1152 931 1153 930 1153 932 1153 931 1154 932 1154 933 1154 934 1155 132 1156 137 1157 132 1158 934 1158 133 1158 133 1159 934 1159 935 1159 133 1160 935 1160 135 1160 141 1161 919 1161 142 1161 142 1162 919 1162 929 1162 142 1163 929 1163 137 1163 137 1164 929 1164 931 1164 137 1165 931 1165 934 1165 934 1166 931 1166 933 1166 934 1167 933 1167 935 1167 935 1168 933 1168 936 1168 935 1169 936 1169 937 1169 937 1170 936 1170 938 1170 937 1171 938 1172 939 1173 135 1174 935 1175 136 1176 136 1177 935 1177 937 1177 136 1178 937 1178 895 1178 895 1179 937 1180 939 1181 895 1182 939 1182 940 1182 128 1183 895 1183 941 1183 941 1184 895 1184 940 1185 941 1186 940 1186 942 1186 942 1187 940 1187 943 1187 942 1188 943 1188 944 1188 944 1189 125 1189 942 1189 942 1190 125 1191 131 1192 942 1193 131 1194 941 1195 941 1196 131 1197 130 1198 941 1199 130 1199 128 1199 945 1200 123 1200 944 1200 944 1201 123 1201 126 1201 944 1202 126 1203 125 1204 943 1205 946 1205 944 1205 944 1206 946 1206 947 1206 944 1207 947 1208 945 1209 945 1210 947 1211 948 1212 949 1213 118 1213 950 1213 950 1214 118 1214 119 1214 950 1215 119 1215 121 1215 371 1216 380 1216 876 1216 876 1217 380 1217 874 1217 876 1218 874 1218 951 1218 951 1219 874 1219 952 1219 951 1220 952 1220 953 1220 953 1221 952 1221 954 1221 953 1222 954 1222 955 1222 955 1223 954 1223 956 1223 955 1224 956 1224 957 1224 957 1225 956 1225 958 1225 957 1226 958 1226 959 1226 959 1227 958 1227 960 1227 959 1228 960 1228 961 1228 961 1229 960 1229 962 1229 961 1230 962 1230 963 1230 963 1231 962 1231 964 1231 963 1232 964 1232 965 1232 965 1233 964 1233 966 1233 965 1234 966 1234 967 1234 967 1235 966 1235 968 1235 967 1236 968 1236 969 1236 969 1237 968 1237 970 1237 969 1238 970 1238 971 1238 971 1239 970 1239 972 1239 971 1240 972 1240 973 1240 973 1241 972 1241 974 1241 973 1242 974 1242 975 1242 975 1243 974 1243 976 1243 975 1244 976 1244 977 1244 977 1245 976 1245 978 1245 977 1246 978 1246 979 1246 979 1247 978 1247 980 1247 979 1248 980 1248 981 1248 386 1249 875 1249 874 1249 874 1250 875 1250 889 1250 874 1251 889 1251 952 1251 952 1252 889 1252 890 1252 952 1253 890 1253 954 1253 954 1254 890 1254 891 1254 954 1255 891 1255 956 1255 956 1256 891 1256 892 1256 956 1257 892 1257 958 1257 958 1258 892 1258 893 1258 958 1259 893 1259 960 1259 960 1260 893 1260 894 1260 960 1261 894 1261 962 1261 962 1262 894 1262 896 1262 962 1263 896 1263 964 1263 964 1264 896 1264 897 1264 964 1265 897 1265 966 1265 966 1266 897 1266 898 1266 966 1267 898 1267 968 1267 968 1268 898 1268 899 1268 968 1269 899 1269 970 1269 970 1270 899 1270 900 1270 970 1271 900 1271 972 1271 972 1272 900 1272 901 1272 972 1273 901 1273 974 1273 974 1274 901 1274 902 1274 974 1275 902 1275 976 1275 976 1276 902 1276 903 1276 976 1277 903 1277 978 1277 978 1278 903 1278 904 1278 978 1279 904 1279 980 1279 982 1280 112 1280 983 1280 983 1281 112 1281 113 1281 983 1282 113 1282 984 1282 984 1283 113 1283 115 1283 984 1284 115 1284 949 1284 949 1285 115 1285 116 1285 949 1286 116 1286 118 1286 985 1287 858 1287 986 1287 986 1288 858 1288 246 1288 986 1289 246 1289 987 1289 987 1290 246 1290 244 1290 987 1291 244 1291 905 1291 905 1292 244 1292 242 1292 905 1293 242 1293 240 1293 988 1294 109 1294 982 1294 982 1295 109 1296 110 1297 982 1298 110 1299 112 1300 989 1301 106 1301 988 1301 988 1302 106 1302 107 1302 988 1303 107 1303 109 1303 358 1304 357 1304 990 1304 990 1305 357 1305 871 1305 990 1306 871 1306 991 1306 991 1307 871 1307 879 1307 991 1308 879 1308 992 1308 992 1309 879 1309 993 1309 992 1310 993 1310 994 1310 994 1311 993 1311 995 1311 994 1312 995 1312 996 1312 996 1313 995 1313 997 1313 996 1314 997 1314 998 1314 998 1315 997 1315 999 1315 998 1316 999 1316 1000 1316 1000 1317 999 1317 1001 1317 1000 1318 1001 1318 1002 1318 1002 1319 1001 1319 1003 1319 1002 1320 1003 1320 1004 1320 1004 1321 1003 1321 1005 1321 1004 1322 1005 1322 1006 1322 1006 1323 1005 1323 1007 1323 1006 1324 1007 1324 1008 1324 1008 1325 1007 1325 1009 1325 1008 1326 1009 1326 1010 1326 1010 1327 1009 1327 1011 1327 1010 1328 1011 1328 1012 1328 1012 1329 1011 1329 1013 1329 1012 1330 1013 1330 1014 1330 1014 1331 1013 1331 1015 1331 1014 1332 1015 1332 1016 1332 1016 1333 1015 1333 1017 1333 1016 1334 1017 1334 1018 1334 1018 1335 1017 1335 1019 1335 1018 1336 1019 1336 1020 1336 1020 1337 1019 1337 1021 1337 1020 1338 1021 1338 1022 1338 1022 1339 1021 1339 1023 1339 1022 1340 1023 1340 1024 1340 1024 1341 1023 1341 1025 1341 1024 1342 1025 1342 1026 1342 1026 1343 1025 1343 1027 1343 1026 1344 1027 1344 1028 1344 1028 1345 1027 1345 1029 1345 1028 1346 1029 1346 1030 1346 1030 1347 1029 1347 1031 1347 1030 1348 1031 1348 1032 1348 1032 1349 1031 1349 1033 1349 1032 1350 1033 1350 1034 1350 1035 1351 96 1352 1036 1351 1036 1353 96 1353 98 1353 1036 1354 98 1354 1037 1354 1037 1355 98 1355 100 1355 1037 1356 100 1356 1038 1356 1038 1357 100 1357 101 1357 1038 1358 101 1359 1039 1360 1039 1361 101 1362 103 1363 1039 1364 103 1365 989 1366 989 1367 103 1367 104 1367 989 1368 104 1368 106 1368 1040 1369 91 1369 1035 1369 1035 1370 91 1370 90 1370 1035 1371 90 1372 96 1373 985 1374 986 1374 1041 1374 1041 1375 986 1375 987 1375 1041 1376 987 1376 1042 1376 1042 1377 987 1377 905 1377 1042 1378 905 1378 1043 1378 1043 1379 905 1379 906 1379 1043 1380 906 1380 1044 1380 1044 1381 906 1381 907 1381 1044 1382 907 1382 1045 1382 1045 1383 907 1383 908 1383 1045 1384 908 1384 1046 1384 1046 1385 908 1385 909 1385 1046 1386 909 1386 1047 1386 1047 1387 909 1387 910 1387 1047 1388 910 1388 1048 1388 1048 1389 910 1389 911 1389 1048 1390 911 1390 1049 1390 1049 1391 911 1391 884 1391 1049 1392 884 1392 1050 1392 1050 1393 884 1393 886 1393 1050 1394 886 1394 1051 1394 1051 1395 886 1395 888 1395 1051 1396 888 1396 861 1396 861 1397 888 1397 1052 1397 861 1398 1052 1398 859 1398 82 1399 81 1399 882 1399 882 1400 81 1400 93 1400 882 1401 93 1401 1040 1401 1040 1402 93 1403 95 1404 1040 1405 95 1406 91 1407 84 1408 83 1409 881 1410 881 1411 83 1412 882 1413 881 1414 882 1415 1053 1416 1053 1417 882 1417 1040 1417 1053 1418 1040 1418 1054 1418 1054 1419 1040 1419 1035 1419 1054 1420 1035 1420 1055 1420 1055 1421 1035 1421 1036 1421 1055 1422 1036 1422 1056 1422 1056 1423 1036 1423 1037 1423 1056 1424 1037 1424 1057 1424 1057 1425 1037 1425 1038 1425 1057 1426 1038 1426 1058 1426 1058 1427 1038 1427 1039 1427 1058 1428 1039 1428 1059 1428 1059 1429 1039 1429 989 1429 1059 1430 989 1430 1060 1430 1060 1431 989 1431 988 1431 1060 1432 988 1432 1061 1432 1061 1433 988 1433 982 1433 1061 1434 982 1434 1062 1434 1062 1435 982 1435 983 1435 1062 1436 983 1436 1063 1436 1063 1437 983 1437 984 1437 1063 1438 984 1438 1064 1438 1064 1439 984 1439 949 1439 1064 1440 949 1440 948 1440 948 1441 949 1441 950 1441 948 1442 950 1442 945 1442 945 1443 950 1443 121 1443 945 1444 121 1444 123 1444 351 1445 350 1445 915 1445 915 1446 350 1446 1065 1446 915 1447 1065 1447 914 1447 914 1448 1065 1448 1066 1448 914 1449 1066 1449 926 1449 926 1450 1066 1450 1067 1450 926 1451 1067 1451 927 1451 927 1452 1067 1452 1068 1452 927 1453 1068 1453 928 1453 928 1454 1068 1454 1069 1454 928 1455 1069 1455 930 1455 930 1456 1069 1456 1070 1456 930 1457 1070 1457 932 1457 932 1458 1070 1458 1071 1458 932 1459 1071 1459 933 1459 933 1460 1071 1460 1072 1460 933 1461 1072 1461 936 1461 936 1462 1072 1462 1073 1462 936 1463 1073 1463 938 1463 938 1464 1073 1464 1074 1464 938 1465 1074 1465 939 1465 939 1466 1074 1466 1075 1466 939 1467 1075 1467 940 1467 940 1468 1075 1468 1076 1468 940 1469 1076 1469 943 1469 943 1470 1076 1471 1077 1472 943 1473 1077 1473 946 1473 946 1474 1077 1474 1078 1474 946 1475 1078 1475 947 1475 947 1476 1078 1476 1079 1476 947 1477 1079 1477 948 1477 948 1478 1079 1478 1080 1478 948 1479 1080 1479 1064 1479 1064 1480 1080 1480 1081 1480 1064 1481 1081 1481 1063 1481 1063 1482 1081 1482 1082 1482 1063 1483 1082 1483 1062 1483 1062 1484 1082 1484 1083 1484 1062 1485 1083 1485 1061 1485 1061 1486 1083 1486 1084 1486 1061 1487 1084 1487 1060 1487 1060 1488 1084 1488 1085 1488 1060 1489 1085 1489 1059 1489 1059 1490 1085 1490 1086 1490 1059 1491 1086 1491 1058 1491 1058 1492 1086 1492 1087 1492 1058 1493 1087 1493 1057 1493 1057 1494 1087 1494 1088 1494 1057 1495 1088 1495 1056 1495 1056 1496 1088 1496 1089 1496 1056 1497 1089 1497 1055 1497 1055 1498 1089 1498 1090 1498 1055 1499 1090 1499 1054 1499 1054 1500 1090 1500 1091 1500 1054 1501 1091 1501 1053 1501 1053 1502 1091 1502 1092 1502 1053 1503 1092 1503 881 1503 881 1504 1092 1504 869 1504 881 1505 869 1505 78 1505 78 1506 869 1506 79 1506 350 1507 355 1507 1065 1507 1065 1508 355 1508 1093 1508 1065 1509 1093 1509 1066 1509 1066 1510 1093 1510 1094 1510 1066 1511 1094 1511 1067 1511 1067 1512 1094 1512 1095 1512 1067 1513 1095 1513 1068 1513 1068 1514 1095 1514 1096 1514 1068 1515 1096 1515 1069 1515 1069 1516 1096 1516 1097 1516 1069 1517 1097 1517 1070 1517 1070 1518 1097 1518 1098 1518 1070 1519 1098 1519 1071 1519 1071 1520 1098 1520 1099 1520 1071 1521 1099 1521 1072 1521 1072 1522 1099 1522 1100 1522 1072 1523 1100 1523 1073 1523 1073 1524 1100 1524 1101 1524 1073 1525 1101 1525 1074 1525 1074 1526 1101 1526 1102 1526 1074 1527 1102 1527 1075 1527 1075 1528 1102 1528 1103 1528 1075 1529 1103 1529 1076 1529 1076 1530 1103 1530 1104 1530 1076 1531 1104 1531 1077 1531 1077 1532 1104 1532 1105 1532 1077 1533 1105 1534 1078 1535 1078 1536 1105 1536 1106 1536 1078 1537 1106 1537 1079 1537 1079 1538 1106 1538 1107 1538 1079 1539 1107 1539 1080 1539 1080 1540 1107 1540 1108 1540 1080 1541 1108 1541 1081 1541 1081 1542 1108 1542 1109 1542 1081 1543 1109 1543 1082 1543 1082 1544 1109 1544 1110 1544 1082 1545 1110 1545 1083 1545 1083 1546 1110 1546 1111 1546 1083 1547 1111 1547 1084 1547 1084 1548 1111 1548 1112 1548 1084 1549 1112 1549 1085 1549 1085 1550 1112 1550 1113 1550 1085 1551 1113 1551 1086 1551 1086 1552 1113 1552 1114 1552 1086 1553 1114 1553 1087 1553 1087 1554 1114 1554 1115 1554 1087 1555 1115 1555 1088 1555 1088 1556 1115 1556 1116 1556 1088 1557 1116 1557 1089 1557 1089 1558 1116 1558 1117 1558 1089 1559 1117 1559 1090 1559 1090 1560 1117 1560 1118 1560 1090 1561 1118 1561 1091 1561 1091 1562 1118 1562 1119 1562 1091 1563 1119 1564 1092 1565 1092 1566 1119 1566 1120 1566 1092 1567 1120 1567 869 1567 869 1568 1120 1568 868 1568 869 1569 868 1570 86 1571 86 1572 868 1573 87 1574 355 1575 354 1575 1093 1575 1093 1576 354 1576 1121 1576 1093 1577 1121 1577 1094 1577 1094 1578 1121 1578 1122 1578 1094 1579 1122 1579 1095 1579 1095 1580 1122 1580 1123 1580 1095 1581 1123 1581 1096 1581 1096 1582 1123 1582 1124 1582 1096 1583 1124 1583 1097 1583 1097 1584 1124 1584 1125 1584 1097 1585 1125 1585 1098 1585 1098 1586 1125 1586 1126 1586 1098 1587 1126 1587 1099 1587 1099 1588 1126 1588 1127 1588 1099 1589 1127 1589 1100 1589 1100 1590 1127 1590 1128 1590 1100 1591 1128 1591 1101 1591 1101 1592 1128 1592 1129 1592 1101 1593 1129 1593 1102 1593 1102 1594 1129 1594 1130 1594 1102 1595 1130 1595 1103 1595 1103 1596 1130 1596 1131 1596 1103 1597 1131 1597 1104 1597 1104 1598 1131 1598 1132 1598 1104 1599 1132 1599 1105 1600 1105 1601 1132 1601 1133 1601 1105 1602 1133 1602 1106 1602 1106 1603 1133 1603 1134 1603 1106 1604 1134 1604 1107 1604 1107 1605 1134 1605 1135 1605 1107 1606 1135 1606 1108 1606 1108 1607 1135 1607 1136 1607 1108 1608 1136 1608 1109 1608 1109 1609 1136 1609 1137 1609 1109 1610 1137 1610 1110 1610 1110 1611 1137 1611 1138 1611 1110 1612 1138 1612 1111 1612 1111 1613 1138 1613 1139 1613 1111 1614 1139 1614 1112 1614 1112 1615 1139 1615 1140 1615 1112 1616 1140 1616 1113 1616 1113 1617 1140 1617 1141 1617 1113 1618 1141 1618 1114 1618 1114 1619 1141 1619 1142 1619 1114 1620 1142 1620 1115 1620 1115 1621 1142 1621 1143 1621 1115 1622 1143 1622 1116 1622 1116 1623 1143 1623 1144 1623 1116 1624 1144 1624 1117 1624 1117 1625 1144 1625 1145 1625 1117 1626 1145 1626 1118 1626 1118 1627 1145 1627 1146 1627 1118 1628 1146 1628 1119 1628 1119 1629 1146 1629 1147 1629 1119 1630 1147 1630 1120 1630 1120 1631 1147 1631 1148 1631 1120 1632 1148 1632 868 1632 868 1633 1148 1633 1149 1633 868 1634 1149 1634 77 1634 77 1635 1149 1636 75 1637 354 1638 353 1638 1121 1638 1121 1639 353 1639 1150 1639 1121 1640 1150 1640 1122 1640 1122 1641 1150 1641 1151 1641 1122 1642 1151 1642 1123 1642 1123 1643 1151 1643 1152 1643 1123 1644 1152 1644 1124 1644 1124 1645 1152 1645 1153 1645 1124 1646 1153 1646 1125 1646 1125 1647 1153 1647 1154 1647 1125 1648 1154 1648 1126 1648 1126 1649 1154 1649 1155 1649 1126 1650 1155 1650 1127 1650 1127 1651 1155 1651 1156 1651 1127 1652 1156 1652 1128 1652 1128 1653 1156 1653 1157 1653 1128 1654 1157 1654 1129 1654 1129 1655 1157 1655 1158 1655 1129 1656 1158 1656 1130 1656 1130 1657 1158 1657 1159 1657 1130 1658 1159 1658 1131 1658 1131 1659 1159 1659 1160 1659 1131 1660 1160 1660 1132 1660 1132 1661 1160 1661 1161 1661 1132 1662 1161 1662 1133 1662 1133 1663 1161 1664 1162 1665 1133 1666 1162 1666 1134 1666 1134 1667 1162 1667 1163 1667 1134 1668 1163 1668 1135 1668 1135 1669 1163 1669 1164 1669 1135 1670 1164 1670 1136 1670 1136 1671 1164 1671 1165 1671 1136 1672 1165 1672 1137 1672 1137 1673 1165 1673 1166 1673 1137 1674 1166 1674 1138 1674 1138 1675 1166 1675 1167 1675 1138 1676 1167 1676 1139 1676 1139 1677 1167 1677 1168 1677 1139 1678 1168 1678 1140 1678 1140 1679 1168 1679 1169 1679 1140 1680 1169 1680 1141 1680 1141 1681 1169 1681 1170 1681 1141 1682 1170 1682 1142 1682 1142 1683 1170 1683 1171 1683 1142 1684 1171 1684 1143 1684 1143 1685 1171 1685 1172 1685 1143 1686 1172 1686 1144 1686 1144 1687 1172 1687 1173 1687 1144 1688 1173 1688 1145 1688 1145 1689 1173 1689 1174 1689 1145 1690 1174 1690 1146 1690 1146 1691 1174 1691 1175 1691 1146 1692 1175 1692 1147 1692 1147 1693 1175 1693 1176 1693 1147 1694 1176 1694 1148 1694 1148 1695 1176 1695 1177 1695 1148 1696 1177 1696 1149 1696 1149 1697 1177 1697 1178 1697 1149 1698 1178 1698 75 1698 75 1699 1178 1699 1179 1699 75 1700 1179 1701 76 1702 76 1703 1179 1704 88 1705 353 1706 362 1706 1150 1706 1150 1707 362 1707 1180 1707 1150 1708 1180 1708 1151 1708 1151 1709 1180 1709 1181 1709 1151 1710 1181 1710 1152 1710 1152 1711 1181 1711 1182 1711 1152 1712 1182 1712 1153 1712 1153 1713 1182 1713 1183 1713 1153 1714 1183 1714 1154 1714 1154 1715 1183 1715 1184 1715 1154 1716 1184 1716 1155 1716 1155 1717 1184 1717 1185 1717 1155 1718 1185 1718 1156 1718 1156 1719 1185 1719 1186 1719 1156 1720 1186 1720 1157 1720 1157 1721 1186 1721 1187 1721 1157 1722 1187 1722 1158 1722 1158 1723 1187 1723 1188 1723 1158 1724 1188 1724 1159 1724 1159 1725 1188 1725 1189 1725 1159 1726 1189 1726 1160 1726 1160 1727 1189 1727 1190 1727 1160 1728 1190 1728 1161 1728 1161 1729 1190 1729 1191 1729 1161 1730 1191 1730 1162 1730 1162 1731 1191 1731 1192 1731 1162 1732 1192 1732 1163 1732 1163 1733 1192 1733 1193 1733 1163 1734 1193 1734 1164 1734 1164 1735 1193 1735 1194 1735 1164 1736 1194 1736 1165 1736 1165 1737 1194 1737 1195 1737 1165 1738 1195 1738 1166 1738 1166 1739 1195 1739 1196 1739 1166 1740 1196 1740 1167 1740 1167 1741 1196 1741 1197 1741 1167 1742 1197 1742 1168 1742 1168 1743 1197 1743 1198 1743 1168 1744 1198 1744 1169 1744 1169 1745 1198 1745 1199 1745 1169 1746 1199 1746 1170 1746 1170 1747 1199 1747 1200 1747 1170 1748 1200 1748 1171 1748 1171 1749 1200 1749 1201 1749 1171 1750 1201 1750 1172 1750 1172 1751 1201 1751 1202 1751 1172 1752 1202 1752 1173 1752 1173 1753 1202 1753 1203 1753 1173 1754 1203 1754 1174 1754 1174 1755 1203 1755 1204 1755 1174 1756 1204 1756 1175 1756 1175 1757 1204 1757 1205 1757 1175 1758 1205 1758 1176 1758 1176 1759 1205 1759 1206 1759 1176 1760 1206 1760 1177 1760 1177 1761 1206 1761 1207 1761 1177 1762 1207 1762 1178 1762 1178 1763 1207 1763 1208 1763 1178 1764 1208 1764 1179 1764 1179 1765 1208 1765 867 1765 1179 1766 867 1766 88 1766 88 1767 867 1767 89 1767 362 1768 361 1768 1180 1768 1180 1769 361 1769 870 1769 1180 1770 870 1770 1181 1770 1181 1771 870 1771 1209 1771 1181 1772 1209 1772 1182 1772 1182 1773 1209 1773 1210 1773 1182 1774 1210 1774 1183 1774 1183 1775 1210 1775 1211 1775 1183 1776 1211 1776 1184 1776 1184 1777 1211 1777 1212 1777 1184 1778 1212 1778 1185 1778 1185 1779 1212 1779 1213 1779 1185 1780 1213 1780 1186 1780 1186 1781 1213 1781 1214 1781 1186 1782 1214 1782 1187 1782 1187 1783 1214 1783 1215 1783 1187 1784 1215 1784 1188 1784 1188 1785 1215 1785 1216 1785 1188 1786 1216 1786 1189 1786 1189 1787 1216 1787 1217 1787 1189 1788 1217 1788 1190 1788 1190 1789 1217 1789 1218 1789 1190 1790 1218 1790 1191 1790 1191 1791 1218 1791 1219 1791 1191 1792 1219 1792 1192 1792 1192 1793 1219 1793 1220 1793 1192 1794 1220 1794 1193 1794 1193 1795 1220 1795 1221 1795 1193 1796 1221 1796 1194 1796 1194 1797 1221 1797 1222 1797 1194 1798 1222 1798 1195 1798 1195 1799 1222 1799 1223 1799 1195 1800 1223 1800 1196 1800 1196 1801 1223 1801 1224 1801 1196 1802 1224 1802 1197 1802 1197 1803 1224 1803 1225 1803 1197 1804 1225 1804 1198 1804 1198 1805 1225 1805 1226 1805 1198 1806 1226 1806 1199 1806 1199 1807 1226 1807 1227 1807 1199 1808 1227 1808 1200 1808 1200 1809 1227 1809 1228 1809 1200 1810 1228 1810 1201 1810 1201 1811 1228 1811 1229 1811 1201 1812 1229 1812 1202 1812 1202 1813 1229 1813 1230 1813 1202 1814 1230 1814 1203 1814 1203 1815 1230 1815 1231 1815 1203 1816 1231 1816 1204 1816 1204 1817 1231 1817 1232 1817 1204 1818 1232 1818 1205 1818 1205 1819 1232 1819 1233 1819 1205 1820 1233 1820 1206 1820 1206 1821 1233 1821 1234 1821 1206 1822 1234 1822 1207 1822 1207 1823 1234 1823 1235 1823 1207 1824 1235 1824 1208 1824 1208 1825 1235 1825 1236 1825 1208 1826 1236 1826 867 1826 867 1827 1236 1827 1237 1827 867 1828 1237 1828 74 1828 74 1829 1237 1829 72 1829 359 1830 358 1830 870 1830 870 1831 358 1831 990 1831 870 1832 990 1832 1209 1832 1209 1833 990 1833 991 1833 1209 1834 991 1834 1210 1834 1210 1835 991 1835 992 1835 1210 1836 992 1836 1211 1836 1211 1837 992 1837 994 1837 1211 1838 994 1838 1212 1838 1212 1839 994 1839 996 1839 1212 1840 996 1840 1213 1840 1213 1841 996 1841 998 1841 1213 1842 998 1842 1214 1842 1214 1843 998 1843 1000 1843 1214 1844 1000 1844 1215 1844 1215 1845 1000 1845 1002 1845 1215 1846 1002 1846 1216 1846 1216 1847 1002 1847 1004 1847 1216 1848 1004 1848 1217 1848 1217 1849 1004 1849 1006 1849 1217 1850 1006 1850 1218 1850 1218 1851 1006 1851 1008 1851 1218 1852 1008 1852 1219 1852 1219 1853 1008 1853 1010 1853 1219 1854 1010 1854 1220 1854 1220 1855 1010 1855 1012 1855 1220 1856 1012 1856 1221 1856 1221 1857 1012 1857 1014 1857 1221 1858 1014 1858 1222 1858 1222 1859 1014 1859 1016 1859 1222 1860 1016 1860 1223 1860 1223 1861 1016 1861 1018 1861 1223 1862 1018 1862 1224 1862 1224 1863 1018 1863 1020 1863 1224 1864 1020 1864 1225 1864 1225 1865 1020 1865 1022 1865 1225 1866 1022 1866 1226 1866 1226 1867 1022 1867 1024 1867 1226 1868 1024 1868 1227 1868 1227 1869 1024 1869 1026 1869 1227 1870 1026 1870 1228 1870 1228 1871 1026 1871 1028 1871 1228 1872 1028 1872 1229 1872 1229 1873 1028 1873 1030 1873 1229 1874 1030 1874 1230 1874 1230 1875 1030 1875 1032 1875 1230 1876 1032 1876 1231 1876 1231 1877 1032 1877 1034 1877 1231 1878 1034 1878 1232 1878 1232 1879 1034 1879 1238 1879 1232 1880 1238 1880 1233 1880 1233 1881 1238 1881 1239 1881 1233 1882 1239 1882 1234 1882 1234 1883 1239 1883 1240 1883 1234 1884 1240 1884 1235 1884 1235 1885 1240 1885 1241 1885 1235 1886 1241 1886 1236 1886 1236 1887 1241 1887 1242 1887 1236 1888 1242 1888 1237 1888 1237 1889 1242 1889 866 1889 1237 1890 866 1890 72 1890 72 1891 866 1891 63 1891 1033 1892 1243 1892 1034 1892 1034 1893 1243 1893 1244 1893 1034 1894 1244 1894 1238 1894 1238 1895 1244 1895 1245 1895 1238 1896 1245 1896 1239 1896 1239 1897 1245 1897 1246 1897 1239 1898 1246 1898 1240 1898 1240 1899 1246 1899 1247 1899 1240 1900 1247 1900 1241 1900 1241 1901 1247 1901 1248 1901 1241 1902 1248 1902 1242 1902 1242 1903 1248 1903 1249 1903 1242 1904 1249 1904 866 1904 866 1905 1249 1905 865 1905 866 1906 865 1906 64 1906 64 1907 865 1907 66 1907 356 1908 360 1908 879 1908 879 1909 360 1909 878 1909 879 1910 878 1910 993 1910 993 1911 878 1911 920 1911 993 1912 920 1912 995 1912 995 1913 920 1913 921 1913 995 1914 921 1914 997 1914 997 1915 921 1915 923 1915 997 1916 923 1916 999 1916 999 1917 923 1917 925 1917 999 1918 925 1918 1001 1918 1001 1919 925 1919 1250 1919 1001 1920 1250 1920 1003 1920 1003 1921 1250 1921 1251 1921 1003 1922 1251 1922 1005 1922 1005 1923 1251 1923 1252 1923 1005 1924 1252 1924 1007 1924 1007 1925 1252 1925 1253 1925 1007 1926 1253 1926 1009 1926 1009 1927 1253 1927 1254 1927 1009 1928 1254 1928 1011 1928 1011 1929 1254 1929 1255 1929 1011 1930 1255 1930 1013 1930 1013 1931 1255 1931 1256 1931 1013 1932 1256 1932 1015 1932 1015 1933 1256 1933 1257 1933 1015 1934 1257 1934 1017 1934 1017 1935 1257 1935 1258 1935 1017 1936 1258 1936 1019 1936 1019 1937 1258 1937 1259 1937 1019 1938 1259 1938 1021 1938 1021 1939 1259 1939 1260 1939 1021 1940 1260 1940 1023 1940 1023 1941 1260 1941 1261 1941 1023 1942 1261 1942 1025 1942 1025 1943 1261 1943 1262 1943 1025 1944 1262 1944 1027 1944 1027 1945 1262 1945 1263 1945 1027 1946 1263 1946 1029 1946 1029 1947 1263 1947 1264 1947 1029 1948 1264 1948 1031 1948 1031 1949 1264 1949 1265 1949 1031 1950 1265 1950 1033 1950 1033 1951 1265 1951 1266 1951 1033 1952 1266 1952 1243 1952 1243 1953 1266 1953 1267 1953 1243 1954 1267 1954 1244 1954 1244 1955 1267 1955 1268 1955 1244 1956 1268 1956 1245 1956 1245 1957 1268 1957 1269 1957 1245 1958 1269 1958 1246 1958 1246 1959 1269 1959 1270 1959 1246 1960 1270 1960 1247 1960 1247 1961 1270 1961 1271 1961 1247 1962 1271 1962 1248 1962 1248 1963 1271 1963 1272 1963 1248 1964 1272 1964 1249 1964 1249 1965 1272 1965 1273 1965 1249 1966 1273 1966 865 1966 865 1967 1273 1967 864 1967 865 1968 864 1968 68 1968 68 1969 864 1969 70 1969 924 1970 1274 1970 925 1970 925 1971 1274 1971 1275 1971 925 1972 1275 1972 1250 1972 1250 1973 1275 1973 1276 1973 1250 1974 1276 1974 1251 1974 1251 1975 1276 1975 1277 1975 1251 1976 1277 1976 1252 1976 1252 1977 1277 1977 1278 1977 1252 1978 1278 1978 1253 1978 1253 1979 1278 1979 1279 1979 1253 1980 1279 1980 1254 1980 1254 1981 1279 1981 1280 1981 1254 1982 1280 1982 1255 1982 1255 1983 1280 1983 1281 1983 1255 1984 1281 1984 1256 1984 1256 1985 1281 1985 1282 1985 1256 1986 1282 1986 1257 1986 1257 1987 1282 1987 1283 1987 1257 1988 1283 1988 1258 1988 1258 1989 1283 1989 1284 1989 1258 1990 1284 1990 1259 1990 1259 1991 1284 1991 1285 1991 1259 1992 1285 1992 1260 1992 1260 1993 1285 1993 1286 1993 1260 1994 1286 1994 1261 1994 1261 1995 1286 1995 1287 1995 1261 1996 1287 1996 1262 1996 1262 1997 1287 1997 1288 1997 1262 1998 1288 1998 1263 1998 1263 1999 1288 1999 1289 1999 1263 2000 1289 2000 1264 2000 1264 2001 1289 2001 1290 2001 1264 2002 1290 2002 1265 2002 1265 2003 1290 2003 1291 2003 1265 2004 1291 2004 1266 2004 1266 2005 1291 2005 1292 2005 1266 2006 1292 2006 1267 2006 1267 2007 1292 2007 1293 2007 1267 2008 1293 2008 1268 2008 1268 2009 1293 2009 1294 2009 1268 2010 1294 2010 1269 2010 1269 2011 1294 2011 1295 2011 1269 2012 1295 2012 1270 2012 1270 2013 1295 2013 1296 2013 1270 2014 1296 2014 1271 2014 1271 2015 1296 2015 1297 2015 1271 2016 1297 2016 1272 2016 1272 2017 1297 2017 1298 2017 1272 2018 1298 2018 1273 2018 1273 2019 1298 2019 1299 2019 1273 2020 1299 2020 864 2020 864 2021 1299 2021 883 2021 864 2022 883 2022 71 2022 71 2023 883 2023 61 2023 368 2024 367 2024 877 2024 877 2025 367 2025 873 2025 877 2026 873 2026 922 2026 922 2027 873 2027 876 2027 922 2028 876 2028 924 2028 924 2029 876 2029 951 2029 924 2030 951 2030 1274 2030 1274 2031 951 2031 953 2031 1274 2032 953 2032 1275 2032 1275 2033 953 2033 955 2033 1275 2034 955 2034 1276 2034 1276 2035 955 2035 957 2035 1276 2036 957 2036 1277 2036 1277 2037 957 2037 959 2037 1277 2038 959 2038 1278 2038 1278 2039 959 2039 961 2039 1278 2040 961 2040 1279 2040 1279 2041 961 2041 963 2041 1279 2042 963 2042 1280 2042 1280 2043 963 2043 965 2043 1280 2044 965 2044 1281 2044 1281 2045 965 2045 967 2045 1281 2046 967 2046 1282 2046 1282 2047 967 2047 969 2047 1282 2048 969 2048 1283 2048 1283 2049 969 2049 971 2049 1283 2050 971 2050 1284 2050 1284 2051 971 2051 973 2051 1284 2052 973 2052 1285 2052 1285 2053 973 2053 975 2053 1285 2054 975 2054 1286 2054 1286 2055 975 2055 977 2055 1286 2056 977 2056 1287 2056 1287 2057 977 2057 979 2057 1287 2058 979 2058 1288 2058 1288 2059 979 2059 981 2059 1288 2060 981 2060 1289 2060 1289 2061 981 2061 1300 2061 1289 2062 1300 2062 1290 2062 1290 2063 1300 2063 1301 2063 1290 2064 1301 2064 1291 2064 1291 2065 1301 2065 1302 2065 1291 2066 1302 2066 1292 2066 1292 2067 1302 2067 1303 2067 1292 2068 1303 2068 1293 2068 1293 2069 1303 2069 1304 2069 1293 2070 1304 2070 1294 2070 1294 2071 1304 2071 1305 2071 1294 2072 1305 2072 1295 2072 1295 2073 1305 2073 1306 2073 1295 2074 1306 2074 1296 2074 1296 2075 1306 2075 1307 2075 1296 2076 1307 2076 1297 2076 1297 2077 1307 2077 1308 2077 1297 2078 1308 2078 1298 2078 1298 2079 1308 2079 1309 2079 1298 2080 1309 2080 1299 2080 1299 2081 1309 2081 1310 2081 1299 2082 1310 2082 883 2082 883 2083 1310 2083 862 2083 883 2084 862 2084 1 2084 1 2085 862 2085 3 2085 237 2086 247 2086 904 2086 904 2087 247 2087 858 2087 904 2088 858 2088 980 2088 980 2089 858 2089 985 2089 980 2090 985 2090 981 2090 981 2091 985 2091 1041 2091 981 2092 1041 2092 1300 2092 1300 2093 1041 2093 1042 2093 1300 2094 1042 2094 1301 2094 1301 2095 1042 2095 1043 2095 1301 2096 1043 2096 1302 2096 1302 2097 1043 2097 1044 2097 1302 2098 1044 2098 1303 2098 1303 2099 1044 2099 1045 2099 1303 2100 1045 2100 1304 2100 1304 2101 1045 2101 1046 2101 1304 2102 1046 2102 1305 2102 1305 2103 1046 2103 1047 2103 1305 2104 1047 2104 1306 2104 1306 2105 1047 2105 1048 2105 1306 2106 1048 2106 1307 2106 1307 2107 1048 2107 1049 2107 1307 2108 1049 2108 1308 2108 1308 2109 1049 2109 1050 2109 1308 2110 1050 2110 1309 2110 1309 2111 1050 2111 1051 2111 1309 2112 1051 2112 1310 2112 1310 2113 1051 2113 861 2113 1310 2114 861 2114 862 2114 862 2115 861 2115 860 2115 862 2116 860 2116 863 2116 863 2117 860 2117 859 2117 1311 2118 825 2118 824 2118 1312 2119 1313 2119 1314 2119 1315 2120 1316 2120 636 2120 657 2121 656 2121 1317 2121 654 2122 652 2122 1318 2122 650 2123 649 2123 1319 2123 660 2124 675 2124 1320 2124 663 2125 673 2126 1321 2127 672 2128 665 2128 1322 2128 463 2129 461 2129 1323 2129 458 2130 1324 2130 459 2130 472 2131 1325 2131 295 2131 471 2132 478 2132 1326 2132 484 2133 483 2133 1327 2133 490 2134 489 2134 1328 2134 1328 2135 489 2135 488 2135 488 2136 487 2136 797 2136 487 2137 494 2137 797 2137 797 2138 494 2138 493 2138 797 2139 493 2139 492 2139 483 2140 482 2140 1327 2140 1327 2141 482 2141 481 2141 1327 2142 481 2142 490 2142 475 2143 1329 2143 476 2143 476 2144 1329 2144 1326 2144 476 2145 1326 2145 477 2145 477 2146 1326 2146 478 2146 1325 2147 472 2147 1330 2147 1331 2148 462 2148 296 2148 1324 2149 458 2149 1332 2149 466 2150 465 2150 1333 2150 664 2151 671 2151 1334 2151 1334 2152 671 2152 670 2152 669 2153 668 2153 1335 2153 647 2154 1336 2154 648 2154 648 2155 1336 2155 634 2155 1337 2156 1338 2156 1339 2156 1339 2157 1338 2157 1340 2157 1339 2158 1340 2158 1341 2158 488 2159 797 2159 1328 2159 1328 2160 797 2160 796 2160 1328 2161 796 2161 1342 2161 1342 2162 796 2162 795 2162 1342 2163 795 2163 1343 2163 1343 2164 795 2164 789 2164 1343 2165 789 2165 1344 2165 1344 2166 789 2166 791 2166 1344 2167 791 2167 1345 2167 1345 2168 791 2168 793 2168 1345 2169 793 2169 1346 2169 793 2170 794 2170 1346 2170 1346 2171 794 2171 809 2171 1346 2172 809 2172 1347 2172 1348 2173 714 2173 722 2173 809 2174 808 2174 1347 2174 1347 2175 808 2175 806 2175 1347 2176 806 2176 1349 2176 1349 2177 806 2177 835 2177 1349 2178 835 2178 1350 2178 1350 2179 835 2179 834 2179 1350 2180 834 2180 1351 2180 1351 2181 834 2181 832 2181 1351 2182 832 2182 1352 2182 1352 2183 832 2183 831 2183 1352 2184 831 2184 1353 2184 831 2185 830 2185 1353 2185 1353 2186 830 2186 829 2186 1353 2187 829 2187 1354 2187 829 2188 827 2188 1354 2188 1354 2189 827 2189 826 2189 1354 2190 826 2190 1355 2190 1355 2191 826 2191 813 2191 1355 2192 813 2192 1356 2192 1356 2193 813 2193 815 2193 1356 2194 815 2194 1357 2194 1358 2195 818 2195 1359 2195 1359 2196 818 2196 817 2196 1359 2197 817 2197 1360 2197 1360 2198 817 2198 811 2198 1360 2199 811 2199 1361 2199 1361 2200 811 2200 803 2200 1361 2201 803 2201 1362 2201 1362 2202 803 2202 800 2202 1362 2203 800 2203 1363 2203 1363 2204 800 2204 799 2204 1363 2205 799 2205 1364 2205 1364 2206 799 2206 1365 2206 1364 2207 1365 2207 1337 2207 1337 2208 1365 2208 1366 2208 1337 2209 1366 2209 1338 2209 1367 2210 1333 2210 1368 2210 1368 2211 1333 2211 465 2211 1368 2212 465 2212 453 2212 734 2213 1369 2213 729 2213 729 2214 1369 2214 1370 2214 729 2215 1370 2215 730 2215 730 2216 1370 2216 1371 2216 730 2217 1371 2217 731 2217 731 2218 1371 2218 1372 2218 731 2219 1372 2219 727 2219 296 2220 295 2220 1331 2220 1331 2221 295 2221 1325 2221 1331 2222 1325 2222 1373 2222 1373 2223 1325 2223 1330 2223 1373 2224 1330 2224 1374 2224 1374 2225 1330 2225 1375 2225 1374 2226 1375 2226 1376 2226 1376 2227 1375 2227 1377 2227 1376 2228 1377 2228 1378 2228 467 2229 466 2229 734 2229 734 2230 466 2230 1333 2230 734 2231 1333 2231 1369 2231 1369 2232 1333 2232 1367 2233 1369 2234 1367 2235 1370 2236 1370 2237 1367 2237 1379 2237 1370 2238 1379 2238 1371 2238 1371 2239 1379 2239 1380 2239 1371 2240 1380 2240 1372 2240 1372 2241 1380 2241 1381 2241 1372 2242 1381 2242 1382 2242 1382 2243 1381 2243 1383 2243 1382 2244 1383 2244 1384 2244 1384 2245 1383 2245 1385 2245 1384 2246 1385 2246 1386 2246 1387 2247 718 2247 723 2247 718 2248 1387 2249 719 2250 719 2251 1387 2251 1388 2251 719 2252 1388 2252 721 2252 727 2253 1372 2253 728 2253 728 2254 1372 2254 1382 2254 728 2255 1382 2255 723 2255 723 2256 1382 2256 1384 2256 723 2257 1384 2257 1387 2257 1387 2258 1384 2258 1386 2258 1387 2259 1386 2259 1388 2259 1388 2260 1386 2260 1389 2260 1388 2261 1389 2261 1390 2261 1390 2262 1389 2262 1391 2262 1390 2263 1391 2263 1392 2263 721 2264 1388 2264 722 2264 722 2265 1388 2265 1390 2265 722 2266 1390 2266 1348 2266 1348 2267 1390 2268 1392 2269 1348 2270 1392 2270 1393 2270 714 2271 1348 2271 1394 2271 1394 2272 1348 2272 1393 2272 1394 2273 1393 2273 1395 2273 1395 2274 1393 2274 1396 2274 1395 2275 1396 2275 1397 2275 1397 2276 711 2276 1395 2276 1395 2277 711 2278 717 2279 1395 2280 717 2281 1394 2282 1394 2283 717 2283 716 2283 1394 2284 716 2285 714 2286 1398 2287 709 2287 1397 2287 1397 2288 709 2288 712 2288 1397 2289 712 2289 711 2289 1396 2290 1399 2290 1397 2290 1397 2291 1399 2291 1400 2291 1397 2292 1400 2293 1398 2294 1398 2295 1400 2296 1401 2297 1402 2298 704 2298 1403 2298 1403 2299 704 2299 705 2299 1403 2300 705 2300 707 2300 475 2301 484 2301 1329 2301 1329 2302 484 2302 1327 2302 1329 2303 1327 2303 1404 2303 1404 2304 1327 2304 1405 2304 1404 2305 1405 2305 1406 2305 1406 2306 1405 2306 1407 2306 1406 2307 1407 2307 1408 2307 1408 2308 1407 2308 1409 2308 1408 2309 1409 2309 1410 2309 1410 2310 1409 2310 1411 2310 1410 2311 1411 2311 1412 2311 1412 2312 1411 2312 1413 2312 1412 2313 1413 2313 1414 2313 1414 2314 1413 2314 1415 2314 1414 2315 1415 2315 1416 2315 1416 2316 1415 2316 1417 2316 1416 2317 1417 2317 1418 2317 1418 2318 1417 2318 1419 2318 1418 2319 1419 2319 1420 2319 1420 2320 1419 2320 1421 2320 1420 2321 1421 2321 1422 2321 1422 2322 1421 2322 1423 2322 1422 2323 1423 2323 1424 2323 1424 2324 1423 2324 1425 2324 1424 2325 1425 2325 1426 2325 1426 2326 1425 2326 1427 2326 1426 2327 1427 2327 1428 2327 1428 2328 1427 2328 1429 2328 1428 2329 1429 2329 1430 2329 1430 2330 1429 2330 1431 2330 1430 2331 1431 2331 1432 2331 1432 2332 1431 2332 1433 2332 1432 2333 1433 2333 1434 2333 490 2334 1328 2334 1327 2334 1327 2335 1328 2335 1342 2335 1327 2336 1342 2336 1405 2336 1405 2337 1342 2337 1343 2337 1405 2338 1343 2338 1407 2338 1407 2339 1343 2339 1344 2339 1407 2340 1344 2340 1409 2340 1409 2341 1344 2341 1345 2341 1409 2342 1345 2342 1411 2342 1411 2343 1345 2343 1346 2343 1411 2344 1346 2344 1413 2344 1413 2345 1346 2345 1347 2345 1413 2346 1347 2346 1415 2346 1415 2347 1347 2347 1349 2347 1415 2348 1349 2348 1417 2348 1417 2349 1349 2349 1350 2349 1417 2350 1350 2350 1419 2350 1419 2351 1350 2351 1351 2351 1419 2352 1351 2352 1421 2352 1421 2353 1351 2353 1352 2353 1421 2354 1352 2354 1423 2354 1423 2355 1352 2355 1353 2355 1423 2356 1353 2356 1425 2356 1425 2357 1353 2357 1354 2357 1425 2358 1354 2358 1427 2358 1427 2359 1354 2359 1355 2359 1427 2360 1355 2360 1429 2360 1429 2361 1355 2361 1356 2361 1429 2362 1356 2362 1431 2362 1431 2363 1356 2363 1357 2363 1431 2364 1357 2364 1433 2364 1435 2365 698 2365 1436 2365 1436 2366 698 2367 699 2368 1436 2369 699 2369 1437 2369 1437 2370 699 2370 701 2370 1437 2371 701 2371 1402 2371 1402 2372 701 2372 702 2372 1402 2373 702 2373 704 2373 1438 2374 1311 2374 1439 2374 1439 2375 1311 2375 824 2375 1439 2376 824 2376 1440 2376 1440 2377 824 2377 822 2377 1440 2378 822 2378 1358 2378 1358 2379 822 2379 820 2379 1358 2380 820 2380 818 2380 1441 2381 695 2381 1435 2381 1435 2382 695 2382 696 2382 1435 2383 696 2383 698 2383 1442 2384 692 2384 1441 2384 1441 2385 692 2385 693 2385 1441 2386 693 2386 695 2386 460 2387 459 2387 1443 2387 1443 2388 459 2388 1324 2388 1443 2389 1324 2389 1444 2389 1444 2390 1324 2390 1332 2390 1444 2391 1332 2391 1445 2391 1445 2392 1332 2392 1446 2392 1445 2393 1446 2393 1447 2393 1447 2394 1446 2394 1448 2394 1447 2395 1448 2395 1449 2395 1449 2396 1448 2396 1450 2396 1449 2397 1450 2397 1451 2397 1451 2398 1450 2398 1452 2398 1451 2399 1452 2399 1453 2399 1453 2400 1452 2400 1454 2400 1453 2401 1454 2401 1455 2401 1455 2402 1454 2402 1456 2402 1455 2403 1456 2403 1457 2403 1457 2404 1456 2404 1458 2404 1457 2405 1458 2405 1459 2405 1459 2406 1458 2406 1460 2406 1459 2407 1460 2407 1461 2407 1461 2408 1460 2408 1462 2408 1461 2409 1462 2409 1463 2409 1463 2410 1462 2410 1464 2410 1463 2411 1464 2411 1465 2411 1465 2412 1464 2412 1466 2412 1465 2413 1466 2413 1467 2413 1467 2414 1466 2414 1468 2414 1467 2415 1468 2415 1469 2415 1469 2416 1468 2416 1470 2416 1469 2417 1470 2417 1471 2417 1471 2418 1470 2418 1472 2418 1471 2419 1472 2419 1473 2419 1473 2420 1472 2420 1474 2420 1473 2421 1474 2421 1475 2421 1475 2422 1474 2422 1476 2422 1475 2423 1476 2423 1477 2423 1477 2424 1476 2424 1478 2424 1477 2425 1478 2425 1479 2425 1479 2426 1478 2426 1480 2426 1479 2427 1480 2427 1481 2427 1481 2428 1480 2428 1482 2428 1481 2429 1482 2429 1483 2429 1483 2430 1482 2430 1484 2430 1483 2431 1484 2431 1485 2431 1485 2432 1484 2432 1486 2432 1485 2433 1486 2433 1487 2433 1488 2434 682 2435 1489 2436 1489 2437 682 2437 684 2437 1489 2438 684 2438 1490 2438 1490 2439 684 2440 686 2441 1490 2442 686 2442 1491 2442 1491 2443 686 2443 687 2443 1491 2444 687 2444 1492 2444 1492 2445 687 2445 689 2445 1492 2446 689 2447 1442 2448 1442 2449 689 2449 690 2449 1442 2450 690 2450 692 2450 1493 2451 677 2451 1488 2451 1488 2452 677 2452 676 2452 1488 2453 676 2453 682 2453 1438 2454 1439 2454 1494 2454 1494 2455 1439 2455 1440 2455 1494 2456 1440 2456 1495 2456 1495 2457 1440 2457 1358 2457 1495 2458 1358 2458 1496 2458 1496 2459 1358 2459 1359 2459 1496 2460 1359 2460 1497 2460 1497 2461 1359 2461 1360 2461 1497 2462 1360 2462 1498 2462 1498 2463 1360 2463 1361 2463 1498 2464 1361 2464 1499 2464 1499 2465 1361 2465 1362 2465 1499 2466 1362 2466 1500 2466 1500 2467 1362 2467 1363 2467 1500 2468 1363 2468 1501 2468 1501 2469 1363 2469 1364 2469 1501 2470 1364 2470 1502 2470 1502 2471 1364 2471 1337 2471 1502 2472 1337 2472 1503 2472 1503 2473 1337 2473 1339 2473 1503 2474 1339 2474 1504 2474 1504 2475 1339 2475 1341 2475 1504 2476 1341 2476 1314 2476 1314 2477 1341 2477 1505 2477 1314 2478 1505 2478 1312 2478 668 2479 667 2479 1335 2479 1335 2480 667 2480 679 2480 1335 2481 679 2481 1493 2481 1493 2482 679 2482 681 2482 1493 2483 681 2483 677 2483 670 2484 669 2484 1334 2484 1334 2485 669 2486 1335 2487 1334 2488 1335 2489 1506 2490 1506 2491 1335 2491 1493 2491 1506 2492 1493 2492 1507 2492 1507 2493 1493 2493 1488 2493 1507 2494 1488 2494 1508 2494 1508 2495 1488 2495 1489 2495 1508 2496 1489 2496 1509 2496 1509 2497 1489 2497 1490 2497 1509 2498 1490 2498 1510 2498 1510 2499 1490 2499 1491 2499 1510 2500 1491 2501 1511 2502 1511 2503 1491 2503 1492 2503 1511 2504 1492 2504 1512 2504 1512 2505 1492 2505 1442 2505 1512 2506 1442 2506 1513 2506 1513 2507 1442 2507 1441 2507 1513 2508 1441 2508 1514 2508 1514 2509 1441 2509 1435 2509 1514 2510 1435 2510 1515 2510 1515 2511 1435 2511 1436 2511 1515 2512 1436 2512 1516 2512 1516 2513 1436 2514 1437 2515 1516 2516 1437 2516 1517 2516 1517 2517 1437 2517 1402 2517 1517 2518 1402 2518 1401 2518 1401 2519 1402 2519 1403 2519 1401 2520 1403 2520 1398 2520 1398 2521 1403 2521 707 2521 1398 2522 707 2522 709 2522 453 2523 452 2523 1368 2523 1368 2524 452 2524 1518 2524 1368 2525 1518 2525 1367 2525 1367 2526 1518 2526 1519 2526 1367 2527 1519 2527 1379 2527 1379 2528 1519 2528 1520 2528 1379 2529 1520 2529 1380 2529 1380 2530 1520 2530 1521 2530 1380 2531 1521 2531 1381 2531 1381 2532 1521 2532 1522 2532 1381 2533 1522 2533 1383 2533 1383 2534 1522 2534 1523 2534 1383 2535 1523 2535 1385 2535 1385 2536 1523 2536 1524 2536 1385 2537 1524 2537 1386 2537 1386 2538 1524 2538 1525 2538 1386 2539 1525 2539 1389 2539 1389 2540 1525 2540 1526 2540 1389 2541 1526 2541 1391 2541 1391 2542 1526 2542 1527 2542 1391 2543 1527 2543 1392 2543 1392 2544 1527 2544 1528 2544 1392 2545 1528 2545 1393 2545 1393 2546 1528 2546 1529 2546 1393 2547 1529 2547 1396 2547 1396 2548 1529 2548 1530 2548 1396 2549 1530 2549 1399 2549 1399 2550 1530 2550 1531 2550 1399 2551 1531 2551 1400 2551 1400 2552 1531 2552 1532 2552 1400 2553 1532 2553 1401 2553 1401 2554 1532 2554 1533 2554 1401 2555 1533 2555 1517 2555 1517 2556 1533 2556 1534 2556 1517 2557 1534 2557 1516 2557 1516 2558 1534 2558 1535 2558 1516 2559 1535 2559 1515 2559 1515 2560 1535 2560 1536 2560 1515 2561 1536 2561 1514 2561 1514 2562 1536 2562 1537 2562 1514 2563 1537 2563 1513 2563 1513 2564 1537 2564 1538 2564 1513 2565 1538 2565 1512 2565 1512 2566 1538 2566 1539 2566 1512 2567 1539 2567 1511 2567 1511 2568 1539 2568 1540 2568 1511 2569 1540 2569 1510 2569 1510 2570 1540 2570 1541 2570 1510 2571 1541 2571 1509 2571 1509 2572 1541 2572 1542 2572 1509 2573 1542 2573 1508 2573 1508 2574 1542 2574 1543 2574 1508 2575 1543 2575 1507 2575 1507 2576 1543 2576 1544 2576 1507 2577 1544 2578 1506 2579 1506 2580 1544 2580 1545 2580 1506 2581 1545 2582 1334 2583 1334 2584 1545 2585 1322 2586 1334 2587 1322 2587 664 2587 664 2588 1322 2589 665 2590 452 2591 457 2591 1518 2591 1518 2592 457 2592 1546 2592 1518 2593 1546 2593 1519 2593 1519 2594 1546 2594 1547 2594 1519 2595 1547 2595 1520 2595 1520 2596 1547 2596 1548 2596 1520 2597 1548 2597 1521 2597 1521 2598 1548 2598 1549 2598 1521 2599 1549 2599 1522 2599 1522 2600 1549 2600 1550 2600 1522 2601 1550 2601 1523 2601 1523 2602 1550 2602 1551 2602 1523 2603 1551 2603 1524 2603 1524 2604 1551 2604 1552 2604 1524 2605 1552 2605 1525 2605 1525 2606 1552 2606 1553 2606 1525 2607 1553 2607 1526 2607 1526 2608 1553 2608 1554 2608 1526 2609 1554 2609 1527 2609 1527 2610 1554 2610 1555 2610 1527 2611 1555 2611 1528 2611 1528 2612 1555 2612 1556 2612 1528 2613 1556 2613 1529 2613 1529 2614 1556 2614 1557 2614 1529 2615 1557 2615 1530 2615 1530 2616 1557 2616 1558 2616 1530 2617 1558 2617 1531 2617 1531 2618 1558 2618 1559 2618 1531 2619 1559 2619 1532 2619 1532 2620 1559 2620 1560 2620 1532 2621 1560 2621 1533 2621 1533 2622 1560 2622 1561 2622 1533 2623 1561 2623 1534 2623 1534 2624 1561 2624 1562 2624 1534 2625 1562 2625 1535 2625 1535 2626 1562 2626 1563 2626 1535 2627 1563 2627 1536 2627 1536 2628 1563 2628 1564 2628 1536 2629 1564 2629 1537 2629 1537 2630 1564 2630 1565 2630 1537 2631 1565 2631 1538 2631 1538 2632 1565 2632 1566 2632 1538 2633 1566 2633 1539 2633 1539 2634 1566 2634 1567 2634 1539 2635 1567 2635 1540 2635 1540 2636 1567 2636 1568 2636 1540 2637 1568 2637 1541 2637 1541 2638 1568 2638 1569 2638 1541 2639 1569 2639 1542 2639 1542 2640 1569 2640 1570 2640 1542 2641 1570 2641 1543 2641 1543 2642 1570 2642 1571 2642 1543 2643 1571 2643 1544 2643 1544 2644 1571 2644 1572 2644 1544 2645 1572 2645 1545 2645 1545 2646 1572 2646 1573 2646 1545 2647 1573 2647 1322 2647 1322 2648 1573 2648 1321 2648 1322 2649 1321 2650 672 2651 672 2652 1321 2653 673 2654 457 2655 456 2655 1546 2655 1546 2656 456 2656 1574 2656 1546 2657 1574 2657 1547 2657 1547 2658 1574 2658 1575 2658 1547 2659 1575 2659 1548 2659 1548 2660 1575 2660 1576 2660 1548 2661 1576 2661 1549 2661 1549 2662 1576 2662 1577 2662 1549 2663 1577 2663 1550 2663 1550 2664 1577 2664 1578 2664 1550 2665 1578 2665 1551 2665 1551 2666 1578 2666 1579 2666 1551 2667 1579 2667 1552 2667 1552 2668 1579 2668 1580 2668 1552 2669 1580 2669 1553 2669 1553 2670 1580 2670 1581 2670 1553 2671 1581 2671 1554 2671 1554 2672 1581 2672 1582 2672 1554 2673 1582 2673 1555 2673 1555 2674 1582 2674 1583 2674 1555 2675 1583 2675 1556 2675 1556 2676 1583 2676 1584 2676 1556 2677 1584 2677 1557 2677 1557 2678 1584 2678 1585 2678 1557 2679 1585 2679 1558 2679 1558 2680 1585 2680 1586 2680 1558 2681 1586 2681 1559 2681 1559 2682 1586 2682 1587 2682 1559 2683 1587 2683 1560 2683 1560 2684 1587 2684 1588 2684 1560 2685 1588 2685 1561 2685 1561 2686 1588 2686 1589 2686 1561 2687 1589 2687 1562 2687 1562 2688 1589 2688 1590 2688 1562 2689 1590 2689 1563 2689 1563 2690 1590 2690 1591 2690 1563 2691 1591 2691 1564 2691 1564 2692 1591 2692 1592 2692 1564 2693 1592 2693 1565 2693 1565 2694 1592 2694 1593 2694 1565 2695 1593 2695 1566 2695 1566 2696 1593 2696 1594 2696 1566 2697 1594 2697 1567 2697 1567 2698 1594 2698 1595 2698 1567 2699 1595 2699 1568 2699 1568 2700 1595 2700 1596 2700 1568 2701 1596 2701 1569 2701 1569 2702 1596 2702 1597 2702 1569 2703 1597 2703 1570 2703 1570 2704 1597 2704 1598 2704 1570 2705 1598 2705 1571 2705 1571 2706 1598 2706 1599 2706 1571 2707 1599 2707 1572 2707 1572 2708 1599 2708 1600 2708 1572 2709 1600 2709 1573 2709 1573 2710 1600 2710 1601 2710 1573 2711 1601 2711 1321 2711 1321 2712 1601 2712 1602 2712 1321 2713 1602 2713 663 2713 663 2714 1602 2715 661 2716 456 2717 455 2717 1574 2717 1574 2718 455 2718 1603 2718 1574 2719 1603 2719 1575 2719 1575 2720 1603 2720 1604 2720 1575 2721 1604 2721 1576 2721 1576 2722 1604 2722 1605 2722 1576 2723 1605 2723 1577 2723 1577 2724 1605 2724 1606 2724 1577 2725 1606 2725 1578 2725 1578 2726 1606 2726 1607 2726 1578 2727 1607 2727 1579 2727 1579 2728 1607 2728 1608 2728 1579 2729 1608 2729 1580 2729 1580 2730 1608 2730 1609 2730 1580 2731 1609 2731 1581 2731 1581 2732 1609 2732 1610 2732 1581 2733 1610 2733 1582 2733 1582 2734 1610 2734 1611 2734 1582 2735 1611 2735 1583 2735 1583 2736 1611 2736 1612 2736 1583 2737 1612 2737 1584 2737 1584 2738 1612 2738 1613 2738 1584 2739 1613 2739 1585 2739 1585 2740 1613 2740 1614 2740 1585 2741 1614 2741 1586 2741 1586 2742 1614 2742 1615 2742 1586 2743 1615 2743 1587 2743 1587 2744 1615 2744 1616 2744 1587 2745 1616 2745 1588 2745 1588 2746 1616 2746 1617 2746 1588 2747 1617 2747 1589 2747 1589 2748 1617 2748 1618 2748 1589 2749 1618 2749 1590 2749 1590 2750 1618 2750 1619 2750 1590 2751 1619 2751 1591 2751 1591 2752 1619 2752 1620 2752 1591 2753 1620 2753 1592 2753 1592 2754 1620 2754 1621 2754 1592 2755 1621 2755 1593 2755 1593 2756 1621 2756 1622 2756 1593 2757 1622 2757 1594 2757 1594 2758 1622 2758 1623 2758 1594 2759 1623 2759 1595 2759 1595 2760 1623 2760 1624 2760 1595 2761 1624 2761 1596 2761 1596 2762 1624 2762 1625 2762 1596 2763 1625 2763 1597 2763 1597 2764 1625 2764 1626 2764 1597 2765 1626 2765 1598 2765 1598 2766 1626 2766 1627 2766 1598 2767 1627 2767 1599 2767 1599 2768 1627 2768 1628 2768 1599 2769 1628 2769 1600 2769 1600 2770 1628 2770 1629 2770 1600 2771 1629 2771 1601 2771 1601 2772 1629 2772 1630 2772 1601 2773 1630 2773 1602 2773 1602 2774 1630 2774 1631 2774 1602 2775 1631 2776 661 2777 661 2778 1631 2778 1632 2778 661 2779 1632 2780 662 2781 662 2782 1632 2782 674 2782 455 2783 464 2783 1603 2783 1603 2784 464 2784 1633 2784 1603 2785 1633 2785 1604 2785 1604 2786 1633 2786 1634 2786 1604 2787 1634 2787 1605 2787 1605 2788 1634 2788 1635 2788 1605 2789 1635 2789 1606 2789 1606 2790 1635 2790 1636 2790 1606 2791 1636 2791 1607 2791 1607 2792 1636 2792 1637 2792 1607 2793 1637 2793 1608 2793 1608 2794 1637 2794 1638 2794 1608 2795 1638 2795 1609 2795 1609 2796 1638 2796 1639 2796 1609 2797 1639 2797 1610 2797 1610 2798 1639 2798 1640 2798 1610 2799 1640 2799 1611 2799 1611 2800 1640 2800 1641 2800 1611 2801 1641 2801 1612 2801 1612 2802 1641 2802 1642 2802 1612 2803 1642 2803 1613 2803 1613 2804 1642 2804 1643 2804 1613 2805 1643 2805 1614 2805 1614 2806 1643 2806 1644 2806 1614 2807 1644 2807 1615 2807 1615 2808 1644 2808 1645 2808 1615 2809 1645 2809 1616 2809 1616 2810 1645 2810 1646 2810 1616 2811 1646 2811 1617 2811 1617 2812 1646 2812 1647 2812 1617 2813 1647 2813 1618 2813 1618 2814 1647 2814 1648 2814 1618 2815 1648 2815 1619 2815 1619 2816 1648 2816 1649 2816 1619 2817 1649 2817 1620 2817 1620 2818 1649 2818 1650 2818 1620 2819 1650 2819 1621 2819 1621 2820 1650 2820 1651 2820 1621 2821 1651 2821 1622 2821 1622 2822 1651 2822 1652 2822 1622 2823 1652 2823 1623 2823 1623 2824 1652 2824 1653 2824 1623 2825 1653 2825 1624 2825 1624 2826 1653 2826 1654 2826 1624 2827 1654 2827 1625 2827 1625 2828 1654 2828 1655 2828 1625 2829 1655 2829 1626 2829 1626 2830 1655 2830 1656 2830 1626 2831 1656 2831 1627 2831 1627 2832 1656 2832 1657 2832 1627 2833 1657 2833 1628 2833 1628 2834 1657 2834 1658 2834 1628 2835 1658 2835 1629 2835 1629 2836 1658 2836 1659 2836 1629 2837 1659 2837 1630 2837 1630 2838 1659 2838 1660 2838 1630 2839 1660 2839 1631 2839 1631 2840 1660 2840 1661 2840 1631 2841 1661 2841 1632 2841 1632 2842 1661 2842 1320 2842 1632 2843 1320 2843 674 2843 674 2844 1320 2844 675 2844 464 2845 463 2845 1633 2845 1633 2846 463 2846 1323 2846 1633 2847 1323 2847 1634 2847 1634 2848 1323 2848 1662 2848 1634 2849 1662 2849 1635 2849 1635 2850 1662 2850 1663 2850 1635 2851 1663 2851 1636 2851 1636 2852 1663 2852 1664 2852 1636 2853 1664 2853 1637 2853 1637 2854 1664 2854 1665 2854 1637 2855 1665 2855 1638 2855 1638 2856 1665 2856 1666 2856 1638 2857 1666 2857 1639 2857 1639 2858 1666 2858 1667 2858 1639 2859 1667 2859 1640 2859 1640 2860 1667 2860 1668 2860 1640 2861 1668 2861 1641 2861 1641 2862 1668 2862 1669 2862 1641 2863 1669 2863 1642 2863 1642 2864 1669 2864 1670 2864 1642 2865 1670 2865 1643 2865 1643 2866 1670 2866 1671 2866 1643 2867 1671 2867 1644 2867 1644 2868 1671 2868 1672 2868 1644 2869 1672 2869 1645 2869 1645 2870 1672 2870 1673 2870 1645 2871 1673 2871 1646 2871 1646 2872 1673 2872 1674 2872 1646 2873 1674 2873 1647 2873 1647 2874 1674 2874 1675 2874 1647 2875 1675 2875 1648 2875 1648 2876 1675 2876 1676 2876 1648 2877 1676 2877 1649 2877 1649 2878 1676 2878 1677 2878 1649 2879 1677 2879 1650 2879 1650 2880 1677 2880 1678 2880 1650 2881 1678 2881 1651 2881 1651 2882 1678 2882 1679 2882 1651 2883 1679 2883 1652 2883 1652 2884 1679 2884 1680 2884 1652 2885 1680 2885 1653 2885 1653 2886 1680 2886 1681 2886 1653 2887 1681 2887 1654 2887 1654 2888 1681 2888 1682 2888 1654 2889 1682 2889 1655 2889 1655 2890 1682 2890 1683 2890 1655 2891 1683 2891 1656 2891 1656 2892 1683 2892 1684 2892 1656 2893 1684 2893 1657 2893 1657 2894 1684 2894 1685 2894 1657 2895 1685 2895 1658 2895 1658 2896 1685 2896 1686 2896 1658 2897 1686 2897 1659 2897 1659 2898 1686 2898 1687 2898 1659 2899 1687 2899 1660 2899 1660 2900 1687 2900 1688 2900 1660 2901 1688 2901 1661 2901 1661 2902 1688 2902 1689 2902 1661 2903 1689 2903 1320 2903 1320 2904 1689 2904 1690 2904 1320 2905 1690 2905 660 2905 660 2906 1690 2906 658 2906 461 2907 460 2907 1323 2907 1323 2908 460 2908 1443 2908 1323 2909 1443 2909 1662 2909 1662 2910 1443 2910 1444 2910 1662 2911 1444 2911 1663 2911 1663 2912 1444 2912 1445 2912 1663 2913 1445 2913 1664 2913 1664 2914 1445 2914 1447 2914 1664 2915 1447 2915 1665 2915 1665 2916 1447 2916 1449 2916 1665 2917 1449 2917 1666 2917 1666 2918 1449 2918 1451 2918 1666 2919 1451 2919 1667 2919 1667 2920 1451 2920 1453 2920 1667 2921 1453 2921 1668 2921 1668 2922 1453 2922 1455 2922 1668 2923 1455 2923 1669 2923 1669 2924 1455 2924 1457 2924 1669 2925 1457 2925 1670 2925 1670 2926 1457 2926 1459 2926 1670 2927 1459 2927 1671 2927 1671 2928 1459 2928 1461 2928 1671 2929 1461 2929 1672 2929 1672 2930 1461 2930 1463 2930 1672 2931 1463 2931 1673 2931 1673 2932 1463 2932 1465 2932 1673 2933 1465 2933 1674 2933 1674 2934 1465 2934 1467 2934 1674 2935 1467 2935 1675 2935 1675 2936 1467 2936 1469 2936 1675 2937 1469 2937 1676 2937 1676 2938 1469 2938 1471 2938 1676 2939 1471 2939 1677 2939 1677 2940 1471 2940 1473 2940 1677 2941 1473 2941 1678 2941 1678 2942 1473 2942 1475 2942 1678 2943 1475 2943 1679 2943 1679 2944 1475 2944 1477 2944 1679 2945 1477 2945 1680 2945 1680 2946 1477 2946 1479 2946 1680 2947 1479 2947 1681 2947 1681 2948 1479 2948 1481 2948 1681 2949 1481 2949 1682 2949 1682 2950 1481 2950 1483 2950 1682 2951 1483 2951 1683 2951 1683 2952 1483 2952 1485 2952 1683 2953 1485 2953 1684 2953 1684 2954 1485 2954 1487 2954 1684 2955 1487 2955 1685 2955 1685 2956 1487 2956 1691 2956 1685 2957 1691 2957 1686 2957 1686 2958 1691 2958 1692 2958 1686 2959 1692 2959 1687 2959 1687 2960 1692 2960 1693 2960 1687 2961 1693 2961 1688 2961 1688 2962 1693 2962 1694 2962 1688 2963 1694 2963 1689 2963 1689 2964 1694 2964 1695 2964 1689 2965 1695 2965 1690 2965 1690 2966 1695 2966 1319 2966 1690 2967 1319 2967 658 2967 658 2968 1319 2968 649 2968 1486 2969 1696 2969 1487 2969 1487 2970 1696 2970 1697 2970 1487 2971 1697 2971 1691 2971 1691 2972 1697 2972 1698 2972 1691 2973 1698 2973 1692 2973 1692 2974 1698 2974 1699 2974 1692 2975 1699 2975 1693 2975 1693 2976 1699 2976 1700 2976 1693 2977 1700 2977 1694 2977 1694 2978 1700 2978 1701 2978 1694 2979 1701 2979 1695 2979 1695 2980 1701 2980 1702 2980 1695 2981 1702 2981 1319 2981 1319 2982 1702 2982 1318 2982 1319 2983 1318 2983 650 2983 650 2984 1318 2984 652 2984 458 2985 462 2985 1332 2985 1332 2986 462 2986 1331 2986 1332 2987 1331 2987 1446 2987 1446 2988 1331 2988 1373 2988 1446 2989 1373 2989 1448 2989 1448 2990 1373 2990 1374 2990 1448 2991 1374 2991 1450 2991 1450 2992 1374 2992 1376 2992 1450 2993 1376 2993 1452 2993 1452 2994 1376 2994 1378 2994 1452 2995 1378 2995 1454 2995 1454 2996 1378 2996 1703 2996 1454 2997 1703 2997 1456 2997 1456 2998 1703 2998 1704 2998 1456 2999 1704 2999 1458 2999 1458 3000 1704 3000 1705 3000 1458 3001 1705 3001 1460 3001 1460 3002 1705 3002 1706 3002 1460 3003 1706 3003 1462 3003 1462 3004 1706 3004 1707 3004 1462 3005 1707 3005 1464 3005 1464 3006 1707 3006 1708 3006 1464 3007 1708 3007 1466 3007 1466 3008 1708 3008 1709 3008 1466 3009 1709 3009 1468 3009 1468 3010 1709 3010 1710 3010 1468 3011 1710 3011 1470 3011 1470 3012 1710 3012 1711 3012 1470 3013 1711 3013 1472 3013 1472 3014 1711 3014 1712 3014 1472 3015 1712 3015 1474 3015 1474 3016 1712 3016 1713 3016 1474 3017 1713 3017 1476 3017 1476 3018 1713 3018 1714 3018 1476 3019 1714 3019 1478 3019 1478 3020 1714 3020 1715 3020 1478 3021 1715 3021 1480 3021 1480 3022 1715 3022 1716 3022 1480 3023 1716 3023 1482 3023 1482 3024 1716 3024 1717 3024 1482 3025 1717 3025 1484 3025 1484 3026 1717 3026 1718 3026 1484 3027 1718 3027 1486 3027 1486 3028 1718 3028 1719 3028 1486 3029 1719 3029 1696 3029 1696 3030 1719 3030 1720 3030 1696 3031 1720 3031 1697 3031 1697 3032 1720 3032 1721 3032 1697 3033 1721 3033 1698 3033 1698 3034 1721 3034 1722 3034 1698 3035 1722 3035 1699 3035 1699 3036 1722 3036 1723 3036 1699 3037 1723 3037 1700 3037 1700 3038 1723 3038 1724 3038 1700 3039 1724 3039 1701 3039 1701 3040 1724 3040 1725 3040 1701 3041 1725 3041 1702 3041 1702 3042 1725 3042 1726 3042 1702 3043 1726 3043 1318 3043 1318 3044 1726 3044 1317 3044 1318 3045 1317 3045 654 3045 654 3046 1317 3046 656 3046 1377 3047 1727 3047 1378 3047 1378 3048 1727 3048 1728 3048 1378 3049 1728 3049 1703 3049 1703 3050 1728 3050 1729 3050 1703 3051 1729 3051 1704 3051 1704 3052 1729 3052 1730 3052 1704 3053 1730 3053 1705 3053 1705 3054 1730 3054 1731 3054 1705 3055 1731 3055 1706 3055 1706 3056 1731 3056 1732 3056 1706 3057 1732 3057 1707 3057 1707 3058 1732 3058 1733 3058 1707 3059 1733 3059 1708 3059 1708 3060 1733 3060 1734 3060 1708 3061 1734 3061 1709 3061 1709 3062 1734 3062 1735 3062 1709 3063 1735 3063 1710 3063 1710 3064 1735 3064 1736 3064 1710 3065 1736 3065 1711 3065 1711 3066 1736 3066 1737 3066 1711 3067 1737 3067 1712 3067 1712 3068 1737 3068 1738 3068 1712 3069 1738 3069 1713 3069 1713 3070 1738 3070 1739 3070 1713 3071 1739 3071 1714 3071 1714 3072 1739 3072 1740 3072 1714 3073 1740 3073 1715 3073 1715 3074 1740 3074 1741 3074 1715 3075 1741 3075 1716 3075 1716 3076 1741 3076 1742 3076 1716 3077 1742 3077 1717 3077 1717 3078 1742 3078 1743 3078 1717 3079 1743 3079 1718 3079 1718 3080 1743 3080 1744 3080 1718 3081 1744 3081 1719 3081 1719 3082 1744 3082 1745 3082 1719 3083 1745 3083 1720 3083 1720 3084 1745 3084 1746 3084 1720 3085 1746 3085 1721 3085 1721 3086 1746 3086 1747 3086 1721 3087 1747 3087 1722 3087 1722 3088 1747 3088 1748 3088 1722 3089 1748 3089 1723 3089 1723 3090 1748 3090 1749 3090 1723 3091 1749 3091 1724 3091 1724 3092 1749 3092 1750 3092 1724 3093 1750 3093 1725 3093 1725 3094 1750 3094 1751 3094 1725 3095 1751 3095 1726 3095 1726 3096 1751 3096 1752 3096 1726 3097 1752 3097 1317 3097 1317 3098 1752 3098 1336 3098 1317 3099 1336 3099 657 3099 657 3100 1336 3100 647 3100 472 3101 471 3101 1330 3101 1330 3102 471 3102 1326 3102 1330 3103 1326 3103 1375 3103 1375 3104 1326 3104 1329 3104 1375 3105 1329 3105 1377 3105 1377 3106 1329 3106 1404 3106 1377 3107 1404 3107 1727 3107 1727 3108 1404 3108 1406 3108 1727 3109 1406 3109 1728 3109 1728 3110 1406 3110 1408 3110 1728 3111 1408 3111 1729 3111 1729 3112 1408 3112 1410 3112 1729 3113 1410 3113 1730 3113 1730 3114 1410 3114 1412 3114 1730 3115 1412 3115 1731 3115 1731 3116 1412 3116 1414 3116 1731 3117 1414 3117 1732 3117 1732 3118 1414 3118 1416 3118 1732 3119 1416 3119 1733 3119 1733 3120 1416 3120 1418 3120 1733 3121 1418 3121 1734 3121 1734 3122 1418 3122 1420 3122 1734 3123 1420 3123 1735 3123 1735 3124 1420 3124 1422 3124 1735 3125 1422 3125 1736 3125 1736 3126 1422 3126 1424 3126 1736 3127 1424 3127 1737 3127 1737 3128 1424 3128 1426 3128 1737 3129 1426 3129 1738 3129 1738 3130 1426 3130 1428 3130 1738 3131 1428 3131 1739 3131 1739 3132 1428 3132 1430 3132 1739 3133 1430 3133 1740 3133 1740 3134 1430 3134 1432 3134 1740 3135 1432 3135 1741 3135 1741 3136 1432 3136 1434 3136 1741 3137 1434 3137 1742 3137 1742 3138 1434 3138 1753 3138 1742 3139 1753 3139 1743 3139 1743 3140 1753 3140 1754 3140 1743 3141 1754 3141 1744 3141 1744 3142 1754 3142 1755 3142 1744 3143 1755 3143 1745 3143 1745 3144 1755 3144 1756 3144 1745 3145 1756 3145 1746 3145 1746 3146 1756 3146 1757 3146 1746 3147 1757 3147 1747 3147 1747 3148 1757 3148 1758 3148 1747 3149 1758 3149 1748 3149 1748 3150 1758 3150 1759 3150 1748 3151 1759 3151 1749 3151 1749 3152 1759 3152 1760 3152 1749 3153 1760 3153 1750 3153 1750 3154 1760 3154 1761 3154 1750 3155 1761 3155 1751 3155 1751 3156 1761 3156 1762 3156 1751 3157 1762 3157 1752 3157 1752 3158 1762 3158 1763 3158 1752 3159 1763 3159 1336 3159 1336 3160 1763 3160 1315 3160 1336 3161 1315 3161 634 3161 634 3162 1315 3162 636 3162 815 3163 825 3163 1357 3163 1357 3164 825 3164 1311 3164 1357 3165 1311 3165 1433 3165 1433 3166 1311 3166 1438 3166 1433 3167 1438 3167 1434 3167 1434 3168 1438 3168 1494 3168 1434 3169 1494 3169 1753 3169 1753 3170 1494 3170 1495 3170 1753 3171 1495 3171 1754 3171 1754 3172 1495 3172 1496 3172 1754 3173 1496 3173 1755 3173 1755 3174 1496 3174 1497 3174 1755 3175 1497 3175 1756 3175 1756 3176 1497 3176 1498 3176 1756 3177 1498 3177 1757 3177 1757 3178 1498 3178 1499 3178 1757 3179 1499 3179 1758 3179 1758 3180 1499 3180 1500 3180 1758 3181 1500 3181 1759 3181 1759 3182 1500 3182 1501 3182 1759 3183 1501 3183 1760 3183 1760 3184 1501 3184 1502 3184 1760 3185 1502 3185 1761 3185 1761 3186 1502 3186 1503 3186 1761 3187 1503 3187 1762 3187 1762 3188 1503 3188 1504 3188 1762 3189 1504 3189 1763 3189 1763 3190 1504 3190 1314 3190 1763 3191 1314 3191 1315 3191 1315 3192 1314 3192 1313 3192 1315 3193 1313 3193 1316 3193 1316 3194 1313 3194 1312 3194 1764 3195 757 3195 755 3195 1765 3196 770 3196 768 3196 781 3197 780 3197 1766 3197 639 3198 1767 3198 637 3198 627 3199 626 3199 745 3199 836 3200 1768 3200 427 3200 427 3201 1768 3201 429 3201 429 3202 1768 3202 430 3202 430 3203 1768 3203 1769 3203 430 3204 1769 3204 397 3204 1770 3205 399 3205 1771 3205 1771 3206 399 3206 398 3206 1771 3207 398 3207 1772 3207 1772 3208 398 3208 396 3208 1772 3209 396 3209 1773 3209 1773 3210 396 3210 395 3210 1773 3211 395 3211 1774 3211 1774 3212 395 3212 397 3212 1774 3213 397 3213 1775 3213 1775 3214 397 3214 1769 3214 406 3215 405 3215 1776 3215 1776 3216 405 3216 404 3216 1776 3217 404 3217 1777 3217 1777 3218 404 3218 403 3218 1777 3219 403 3219 1778 3219 1778 3220 403 3220 392 3220 1778 3221 392 3221 1779 3221 1779 3222 392 3222 391 3222 1779 3223 391 3223 1780 3223 1780 3224 391 3224 394 3224 1780 3225 394 3226 1781 3227 1781 3228 394 3228 402 3228 1781 3229 402 3229 1782 3229 1782 3230 402 3230 401 3230 1782 3231 401 3231 1770 3231 1770 3232 401 3232 400 3232 1770 3233 400 3233 399 3233 1783 3234 617 3234 616 3234 1784 3235 586 3235 1785 3235 1785 3236 586 3236 588 3236 1785 3237 588 3237 1786 3237 1786 3238 588 3239 590 3240 1786 3241 590 3241 1787 3241 1787 3242 590 3243 592 3243 1787 3244 592 3244 1788 3244 1788 3245 592 3245 624 3245 1788 3246 624 3247 1789 3248 1789 3249 624 3249 623 3249 1789 3250 623 3251 1790 3252 1790 3253 623 3254 615 3255 1790 3256 615 3257 1791 3258 1791 3259 615 3260 614 3261 1791 3262 614 3263 1792 3264 1792 3265 614 3266 622 3265 1792 3267 622 3267 1793 3267 1793 3268 622 3269 621 3268 1793 3270 621 3270 1794 3270 1794 3271 621 3272 620 3273 1794 3274 620 3274 1795 3274 1795 3275 620 3275 619 3275 1795 3276 619 3276 1783 3276 1783 3277 619 3278 618 3279 1783 3280 618 3281 617 3282 1796 3283 629 3283 1784 3283 1784 3284 629 3285 628 3286 1784 3287 628 3288 586 3289 1767 3290 639 3290 1797 3290 639 3291 641 3291 1797 3291 1797 3292 641 3292 643 3292 1797 3293 643 3293 1796 3293 1796 3294 643 3294 631 3294 1796 3295 631 3295 629 3295 635 3296 637 3296 856 3296 856 3297 637 3297 1767 3297 856 3298 1767 3298 855 3298 855 3299 1767 3299 1797 3299 855 3300 1797 3300 854 3300 857 3301 854 3301 1798 3301 841 3302 857 3302 1799 3302 842 3303 841 3303 1800 3303 843 3304 842 3304 1801 3304 844 3305 843 3305 1802 3305 845 3306 844 3306 1803 3306 846 3307 845 3307 1804 3307 847 3308 846 3308 1805 3308 849 3309 848 3309 1806 3309 851 3310 850 3310 1807 3310 852 3311 851 3311 1808 3311 853 3312 852 3312 1809 3312 839 3313 853 3313 1810 3313 837 3314 838 3314 1811 3314 836 3315 837 3315 1812 3315 854 3316 1797 3316 1798 3316 1798 3317 1797 3317 1796 3317 1798 3318 1796 3318 1813 3318 1813 3319 1796 3319 1784 3319 1813 3320 1784 3320 1814 3320 1814 3321 1784 3321 1785 3321 1814 3322 1785 3323 1815 3324 1815 3325 1785 3325 1786 3325 1815 3326 1786 3326 1816 3326 1816 3327 1786 3327 1787 3327 1816 3328 1787 3328 1817 3328 1817 3329 1787 3330 1788 3331 1817 3332 1788 3333 1818 3334 1818 3335 1788 3336 1789 3337 1818 3338 1789 3338 1819 3338 1819 3339 1789 3340 1790 3341 1819 3342 1790 3342 1820 3342 1820 3343 1790 3344 1791 3344 1820 3345 1791 3345 1821 3345 1821 3346 1791 3346 1792 3346 1821 3347 1792 3348 1822 3349 1822 3350 1792 3351 1793 3352 1822 3353 1793 3353 1823 3353 1823 3354 1793 3354 1794 3354 1823 3355 1794 3355 1824 3355 1824 3356 1794 3356 1795 3356 1824 3357 1795 3358 1825 3359 1825 3360 1795 3360 1783 3360 1825 3361 1783 3361 1826 3361 857 3362 1798 3362 1799 3362 1799 3363 1798 3363 1813 3363 1799 3364 1813 3364 1827 3364 1827 3365 1813 3365 1814 3365 1827 3366 1814 3366 1828 3366 1828 3367 1814 3367 1815 3367 1828 3368 1815 3368 1829 3368 1829 3369 1815 3369 1816 3369 1829 3370 1816 3370 1830 3370 1830 3371 1816 3372 1817 3373 1830 3374 1817 3375 1831 3375 1831 3376 1817 3377 1818 3378 1831 3379 1818 3379 1832 3379 1832 3380 1818 3381 1819 3382 1832 3383 1819 3384 1833 3385 1833 3386 1819 3387 1820 3388 1833 3389 1820 3389 1834 3389 1834 3390 1820 3391 1821 3392 1834 3393 1821 3394 1835 3395 1835 3396 1821 3397 1822 3398 1835 3399 1822 3400 1836 3401 1836 3402 1822 3402 1823 3403 1836 3404 1823 3405 1837 3406 1837 3407 1823 3408 1824 3409 1837 3410 1824 3410 1838 3410 1838 3411 1824 3411 1825 3411 1838 3412 1825 3412 1839 3412 1839 3413 1825 3413 1826 3413 1839 3414 1826 3414 1840 3414 841 3415 1799 3415 1800 3415 1800 3416 1799 3416 1827 3416 1800 3417 1827 3417 1841 3417 1841 3418 1827 3418 1828 3418 1841 3419 1828 3419 1842 3419 1842 3420 1828 3421 1829 3422 1842 3423 1829 3424 1843 3425 1843 3426 1829 3426 1830 3426 1843 3427 1830 3427 1844 3427 1844 3428 1830 3429 1831 3430 1844 3431 1831 3431 1845 3431 1845 3432 1831 3432 1832 3432 1845 3433 1832 3433 1846 3433 1846 3434 1832 3434 1833 3434 1846 3435 1833 3436 1847 3437 1847 3438 1833 3438 1834 3438 1847 3439 1834 3439 1848 3439 1848 3440 1834 3440 1835 3440 1848 3441 1835 3442 1849 3443 1849 3444 1835 3445 1836 3444 1849 3446 1836 3447 1850 3448 1850 3449 1836 3449 1837 3450 1850 3451 1837 3451 1851 3452 1851 3453 1837 3453 1838 3453 1851 3454 1838 3454 1852 3454 1852 3455 1838 3455 1839 3455 1852 3456 1839 3456 1853 3456 1853 3457 1839 3457 1840 3457 1853 3458 1840 3458 1854 3458 849 3459 1806 3459 1855 3459 1855 3460 1806 3460 1856 3460 1855 3461 1856 3461 1857 3461 1857 3462 1856 3462 1858 3462 1857 3463 1858 3463 1859 3463 1859 3464 1858 3464 1860 3464 1859 3465 1860 3466 1861 3467 1861 3468 1860 3468 1862 3468 1861 3469 1862 3469 1863 3469 1863 3470 1862 3470 1864 3470 1863 3471 1864 3471 1865 3471 1865 3472 1864 3472 1866 3472 1865 3473 1866 3473 1867 3473 1867 3474 1866 3474 1868 3474 1867 3475 1868 3475 1869 3475 1869 3476 1868 3476 1870 3476 1869 3477 1870 3477 1871 3477 1871 3478 1870 3478 1872 3478 1871 3479 1872 3479 1873 3479 1873 3480 1872 3480 1874 3480 1873 3481 1874 3482 1875 3483 1875 3484 1874 3484 1876 3484 1875 3485 1876 3485 1877 3485 1877 3486 1876 3486 1878 3486 1877 3487 1878 3487 1879 3487 1879 3488 1878 3488 1880 3488 1879 3489 1880 3489 1881 3489 1881 3490 1880 3490 1882 3490 1881 3491 1882 3491 1883 3491 770 3492 1765 3492 1883 3492 1883 3493 1765 3493 1884 3493 1883 3494 1884 3494 1881 3494 1881 3495 1884 3495 1885 3495 1881 3496 1885 3496 1879 3496 1879 3497 1885 3497 1886 3497 1879 3498 1886 3498 1877 3498 1877 3499 1886 3499 1887 3499 1877 3500 1887 3500 1875 3500 1875 3501 1887 3501 1888 3501 1875 3502 1888 3502 1873 3502 1873 3503 1888 3503 1889 3503 1873 3504 1889 3504 1871 3504 1871 3505 1889 3505 1890 3505 1871 3506 1890 3506 1869 3506 1869 3507 1890 3507 1891 3507 1869 3508 1891 3508 1867 3508 1867 3509 1891 3509 1892 3509 1867 3510 1892 3510 1865 3510 1865 3511 1892 3511 1893 3511 1865 3512 1893 3512 1863 3512 1863 3513 1893 3513 1894 3513 1863 3514 1894 3514 1861 3514 1861 3515 1894 3515 1895 3515 1861 3516 1895 3516 1859 3516 1859 3517 1895 3517 1896 3517 1859 3518 1896 3518 1857 3518 1857 3519 1896 3519 1807 3519 1857 3520 1807 3520 1855 3520 1855 3521 1807 3521 850 3521 1855 3522 850 3522 849 3522 852 3523 1808 3523 1809 3523 1809 3524 1808 3524 1897 3524 1809 3525 1897 3525 1898 3525 1898 3526 1897 3526 1899 3526 1898 3527 1899 3527 1900 3527 1900 3528 1899 3528 1901 3528 1900 3529 1901 3529 1902 3529 1902 3530 1901 3530 1903 3530 1902 3531 1903 3531 1904 3531 1904 3532 1903 3532 1905 3532 1904 3533 1905 3533 1906 3533 1906 3534 1905 3534 1907 3534 1906 3535 1907 3535 1908 3535 1908 3536 1907 3536 1909 3536 1908 3537 1909 3537 1910 3537 1910 3538 1909 3538 1911 3538 1910 3539 1911 3539 1912 3539 1912 3540 1911 3540 1913 3540 1912 3541 1913 3541 1914 3541 1914 3542 1913 3542 1915 3542 1914 3543 1915 3543 1916 3543 1916 3544 1915 3544 1917 3544 1916 3545 1917 3545 1918 3545 1918 3546 1917 3546 1919 3546 1918 3547 1919 3547 1920 3547 1920 3548 1919 3548 1921 3548 1920 3549 1921 3549 1922 3549 1922 3550 1921 3550 1923 3550 1922 3551 1923 3551 1924 3551 853 3552 1809 3552 1810 3552 1810 3553 1809 3553 1898 3553 1810 3554 1898 3554 1925 3554 1925 3555 1898 3555 1900 3555 1925 3556 1900 3556 1926 3556 1926 3557 1900 3557 1902 3557 1926 3558 1902 3558 1927 3558 1927 3559 1902 3559 1904 3559 1927 3560 1904 3560 1928 3560 1928 3561 1904 3561 1906 3561 1928 3562 1906 3562 1929 3562 1929 3563 1906 3563 1908 3563 1929 3564 1908 3564 1930 3564 1930 3565 1908 3565 1910 3565 1930 3566 1910 3566 1931 3566 1931 3567 1910 3567 1912 3567 1931 3568 1912 3568 1932 3568 1932 3569 1912 3569 1914 3569 1932 3570 1914 3570 1933 3570 1933 3571 1914 3571 1916 3571 1933 3572 1916 3572 1934 3572 1934 3573 1916 3573 1918 3573 1934 3574 1918 3574 1935 3574 1935 3575 1918 3575 1920 3575 1935 3576 1920 3576 1936 3576 1936 3577 1920 3577 1922 3577 1936 3578 1922 3578 1937 3578 1937 3579 1922 3579 1924 3579 1937 3580 1924 3580 1938 3580 839 3581 1810 3581 1939 3581 1939 3582 1810 3582 1925 3582 1939 3583 1925 3583 1940 3583 1940 3584 1925 3584 1926 3584 1940 3585 1926 3585 1941 3585 1941 3586 1926 3586 1927 3586 1941 3587 1927 3587 1942 3587 1942 3588 1927 3588 1928 3588 1942 3589 1928 3589 1943 3589 1943 3590 1928 3590 1929 3590 1943 3591 1929 3591 1944 3591 1944 3592 1929 3592 1930 3592 1944 3593 1930 3593 1945 3593 1945 3594 1930 3594 1931 3594 1945 3595 1931 3595 1946 3595 1946 3596 1931 3596 1932 3596 1946 3597 1932 3597 1947 3597 1947 3598 1932 3598 1933 3598 1947 3599 1933 3599 1948 3599 1948 3600 1933 3600 1934 3600 1948 3601 1934 3601 1949 3601 1949 3602 1934 3602 1935 3602 1949 3603 1935 3603 1950 3603 1950 3604 1935 3604 1936 3604 1950 3605 1936 3605 1951 3605 1951 3606 1936 3606 1937 3606 1951 3607 1937 3607 1952 3607 1952 3608 1937 3608 1938 3608 1952 3609 1938 3609 1953 3609 757 3610 1764 3610 1953 3610 1953 3611 1764 3611 1954 3611 1953 3612 1954 3612 1952 3612 1952 3613 1954 3613 1955 3613 1952 3614 1955 3614 1951 3614 1951 3615 1955 3615 1956 3615 1951 3616 1956 3616 1950 3616 1950 3617 1956 3617 1957 3617 1950 3618 1957 3618 1949 3618 1949 3619 1957 3619 1958 3619 1949 3620 1958 3620 1948 3620 1948 3621 1958 3621 1959 3621 1948 3622 1959 3622 1947 3622 1947 3623 1959 3623 1960 3623 1947 3624 1960 3624 1946 3624 1946 3625 1960 3625 1961 3625 1946 3626 1961 3626 1945 3626 1945 3627 1961 3627 1962 3627 1945 3628 1962 3628 1944 3628 1944 3629 1962 3629 1963 3629 1944 3630 1963 3630 1943 3630 1943 3631 1963 3631 1964 3631 1943 3632 1964 3632 1942 3632 1942 3633 1964 3633 1965 3633 1942 3634 1965 3634 1941 3634 1941 3635 1965 3635 1966 3635 1941 3636 1966 3636 1940 3636 1940 3637 1966 3637 1967 3637 1940 3638 1967 3638 1939 3638 1939 3639 1967 3639 840 3639 1939 3640 840 3640 839 3640 837 3641 1811 3641 1812 3641 1812 3642 1811 3642 1968 3642 1812 3643 1968 3643 1969 3643 1969 3644 1968 3644 1970 3644 1969 3645 1970 3645 1971 3645 1971 3646 1970 3646 1972 3646 1971 3647 1972 3647 1973 3647 1973 3648 1972 3648 1974 3648 1973 3649 1974 3649 1975 3649 1975 3650 1974 3650 1976 3650 1975 3651 1976 3651 1977 3651 1977 3652 1976 3652 1978 3652 1977 3653 1978 3653 1979 3653 1979 3654 1978 3654 1980 3654 1979 3655 1980 3655 1981 3655 1981 3656 1980 3656 1982 3656 1981 3657 1982 3657 1983 3657 1983 3658 1982 3658 1984 3658 1983 3659 1984 3659 1985 3659 1985 3660 1984 3660 1986 3660 1985 3661 1986 3662 1987 3663 1987 3664 1986 3664 1988 3664 1987 3665 1988 3665 1989 3665 1989 3666 1988 3666 1990 3666 1989 3667 1990 3667 1991 3667 1991 3668 1990 3668 1992 3668 1991 3669 1992 3669 1993 3669 1993 3670 1992 3670 1994 3670 1993 3671 1994 3671 1995 3671 836 3672 1812 3672 1768 3672 1768 3673 1812 3673 1969 3673 1768 3674 1969 3674 1769 3674 1769 3675 1969 3675 1971 3675 1769 3676 1971 3676 1775 3676 1775 3677 1971 3677 1973 3677 1775 3678 1973 3678 1774 3678 1774 3679 1973 3679 1975 3679 1774 3680 1975 3680 1773 3680 1773 3681 1975 3681 1977 3681 1773 3682 1977 3682 1772 3682 1772 3683 1977 3683 1979 3683 1772 3684 1979 3684 1771 3684 1771 3685 1979 3685 1981 3685 1771 3686 1981 3686 1770 3686 1770 3687 1981 3687 1983 3687 1770 3688 1983 3688 1782 3688 1782 3689 1983 3689 1985 3689 1782 3690 1985 3690 1781 3690 1781 3691 1985 3692 1987 3693 1781 3694 1987 3694 1780 3694 1780 3695 1987 3695 1989 3695 1780 3696 1989 3696 1779 3696 1779 3697 1989 3697 1991 3697 1779 3698 1991 3698 1778 3698 1778 3699 1991 3699 1993 3699 1778 3700 1993 3700 1777 3700 1777 3701 1993 3701 1995 3701 1777 3702 1995 3702 1776 3702 616 3703 627 3703 1783 3703 1783 3704 627 3704 745 3704 1783 3705 745 3705 1826 3705 1826 3706 745 3706 747 3706 1826 3707 747 3707 1840 3707 1840 3708 747 3708 738 3708 1840 3709 738 3709 1854 3709 1854 3710 738 3710 740 3710 1854 3711 740 3711 742 3711 842 3712 1800 3712 1801 3712 1801 3713 1800 3713 1841 3713 1801 3714 1841 3714 1996 3714 1996 3715 1841 3715 1842 3715 1996 3716 1842 3716 1997 3716 1997 3717 1842 3717 1843 3717 1997 3718 1843 3719 1998 3720 1998 3721 1843 3721 1844 3721 1998 3722 1844 3722 1999 3722 1999 3723 1844 3723 1845 3723 1999 3724 1845 3724 2000 3724 2000 3725 1845 3725 1846 3725 2000 3726 1846 3726 2001 3726 2001 3727 1846 3728 1847 3729 2001 3730 1847 3730 2002 3730 2002 3731 1847 3732 1848 3732 2002 3733 1848 3733 2003 3733 2003 3734 1848 3734 1849 3734 2003 3735 1849 3735 2004 3735 2004 3736 1849 3736 1850 3736 2004 3737 1850 3737 2005 3737 2005 3738 1850 3739 1851 3740 2005 3741 1851 3742 2006 3743 2006 3744 1851 3744 1852 3744 2006 3745 1852 3745 2007 3745 2007 3746 1852 3746 1853 3746 2007 3747 1853 3747 2008 3747 2008 3748 1853 3748 1854 3748 2008 3749 1854 3749 2009 3749 2009 3750 1854 3750 742 3750 2009 3751 742 3751 736 3751 843 3752 1801 3752 1802 3752 1802 3753 1801 3753 1996 3753 1802 3754 1996 3754 2010 3754 2010 3755 1996 3755 1997 3755 2010 3756 1997 3756 2011 3756 2011 3757 1997 3758 1998 3759 2011 3760 1998 3760 2012 3760 2012 3761 1998 3761 1999 3761 2012 3762 1999 3762 2013 3762 2013 3763 1999 3763 2000 3763 2013 3764 2000 3764 2014 3764 2014 3765 2000 3765 2001 3765 2014 3766 2001 3767 2015 3768 2015 3769 2001 3769 2002 3769 2015 3770 2002 3770 2016 3770 2016 3771 2002 3771 2003 3771 2016 3772 2003 3772 2017 3772 2017 3773 2003 3773 2004 3773 2017 3774 2004 3774 2018 3774 2018 3775 2004 3775 2005 3775 2018 3776 2005 3776 2019 3776 2019 3777 2005 3778 2006 3779 2019 3780 2006 3780 2020 3780 2020 3781 2006 3781 2007 3781 2020 3782 2007 3783 2021 3784 2021 3785 2007 3785 2008 3785 2021 3786 2008 3786 2022 3786 2022 3787 2008 3787 2009 3787 2022 3788 2009 3788 2023 3788 2023 3789 2009 3789 736 3789 2023 3790 736 3790 735 3790 844 3791 1802 3791 1803 3791 1803 3792 1802 3792 2010 3792 1803 3793 2010 3793 2024 3793 2024 3794 2010 3794 2011 3794 2024 3795 2011 3795 2025 3795 2025 3796 2011 3796 2012 3796 2025 3797 2012 3798 2026 3799 2026 3800 2012 3800 2013 3800 2026 3801 2013 3801 2027 3801 2027 3802 2013 3802 2014 3802 2027 3803 2014 3803 2028 3803 2028 3804 2014 3804 2015 3804 2028 3805 2015 3805 2029 3805 2029 3806 2015 3806 2016 3806 2029 3807 2016 3808 2030 3809 2030 3810 2016 3811 2017 3812 2030 3813 2017 3813 2031 3813 2031 3814 2017 3814 2018 3814 2031 3815 2018 3815 2032 3815 2032 3816 2018 3816 2019 3816 2032 3817 2019 3817 2033 3817 2033 3818 2019 3819 2020 3820 2033 3821 2020 3821 2034 3821 2034 3822 2020 3822 2021 3822 2034 3823 2021 3823 2035 3823 2035 3824 2021 3824 2022 3824 2035 3825 2022 3825 2036 3825 2036 3826 2022 3826 2023 3826 2036 3827 2023 3827 2037 3827 2037 3828 2023 3828 735 3828 2037 3829 735 3829 784 3829 845 3830 1803 3830 1804 3830 1804 3831 1803 3831 2024 3831 1804 3832 2024 3832 2038 3832 2038 3833 2024 3833 2025 3833 2038 3834 2025 3834 2039 3834 2039 3835 2025 3835 2026 3835 2039 3836 2026 3837 2040 3838 2040 3839 2026 3839 2027 3839 2040 3840 2027 3840 2041 3840 2041 3841 2027 3841 2028 3841 2041 3842 2028 3842 2042 3842 2042 3843 2028 3843 2029 3843 2042 3844 2029 3844 2043 3844 2043 3845 2029 3845 2030 3845 2043 3846 2030 3846 2044 3846 2044 3847 2030 3847 2031 3847 2044 3848 2031 3848 2045 3848 2045 3849 2031 3849 2032 3849 2045 3850 2032 3850 2046 3850 2046 3851 2032 3852 2033 3853 2046 3854 2033 3854 2047 3854 2047 3855 2033 3856 2034 3855 2047 3857 2034 3857 2048 3857 2048 3858 2034 3859 2035 3860 2048 3861 2035 3861 2049 3861 2049 3862 2035 3862 2036 3862 2049 3863 2036 3863 2050 3863 2050 3864 2036 3864 2037 3864 2050 3865 2037 3865 2051 3865 2051 3866 2037 3866 784 3866 2051 3867 784 3867 786 3867 846 3868 1804 3868 1805 3868 1805 3869 1804 3869 2038 3869 1805 3870 2038 3870 2052 3870 2052 3871 2038 3871 2039 3871 2052 3872 2039 3872 2053 3872 2053 3873 2039 3873 2040 3873 2053 3874 2040 3874 2054 3874 2054 3875 2040 3875 2041 3875 2054 3876 2041 3876 2055 3876 2055 3877 2041 3877 2042 3877 2055 3878 2042 3878 2056 3878 2056 3879 2042 3879 2043 3879 2056 3880 2043 3880 2057 3880 2057 3881 2043 3881 2044 3881 2057 3882 2044 3882 2058 3882 2058 3883 2044 3883 2045 3883 2058 3884 2045 3884 2059 3884 2059 3885 2045 3885 2046 3885 2059 3886 2046 3886 2060 3886 2060 3887 2046 3887 2047 3887 2060 3888 2047 3888 2061 3888 2061 3889 2047 3889 2048 3889 2061 3890 2048 3890 2062 3890 2062 3891 2048 3891 2049 3891 2062 3892 2049 3892 2063 3892 2063 3893 2049 3893 2050 3893 2063 3894 2050 3894 2064 3894 2064 3895 2050 3895 2051 3895 2064 3896 2051 3896 1766 3896 1766 3897 2051 3897 786 3897 1766 3898 786 3898 781 3898 847 3899 1805 3899 2065 3899 2065 3900 1805 3900 2052 3900 2065 3901 2052 3901 2066 3901 2066 3902 2052 3902 2053 3902 2066 3903 2053 3903 2067 3903 2067 3904 2053 3904 2054 3904 2067 3905 2054 3905 2068 3905 2068 3906 2054 3906 2055 3906 2068 3907 2055 3907 2069 3907 2069 3908 2055 3908 2056 3908 2069 3909 2056 3909 2070 3909 2070 3910 2056 3910 2057 3910 2070 3911 2057 3911 2071 3911 2071 3912 2057 3912 2058 3912 2071 3913 2058 3913 2072 3913 2072 3914 2058 3914 2059 3914 2072 3915 2059 3915 2073 3915 2073 3916 2059 3916 2060 3916 2073 3917 2060 3917 2074 3917 2074 3918 2060 3918 2061 3918 2074 3919 2061 3919 2075 3919 2075 3920 2061 3920 2062 3920 2075 3921 2062 3921 2076 3921 2076 3922 2062 3922 2063 3922 2076 3923 2063 3924 2077 3925 2077 3926 2063 3926 2064 3926 2077 3927 2064 3927 2078 3927 2078 3928 2064 3928 1766 3928 2078 3929 1766 3929 2079 3929 2079 3930 1766 3930 780 3930 2079 3931 780 3931 778 3931 778 3932 1882 3932 2079 3932 2079 3933 1882 3933 1880 3933 2079 3934 1880 3934 2078 3934 2078 3935 1880 3935 1878 3935 2078 3936 1878 3936 2077 3936 2077 3937 1878 3937 1876 3937 2077 3938 1876 3939 2076 3940 2076 3941 1876 3941 1874 3941 2076 3942 1874 3942 2075 3942 2075 3943 1874 3943 1872 3943 2075 3944 1872 3944 2074 3944 2074 3945 1872 3945 1870 3945 2074 3946 1870 3946 2073 3946 2073 3947 1870 3947 1868 3947 2073 3948 1868 3948 2072 3948 2072 3949 1868 3950 1866 3951 2072 3952 1866 3952 2071 3952 2071 3953 1866 3953 1864 3953 2071 3954 1864 3955 2070 3956 2070 3957 1864 3957 1862 3957 2070 3958 1862 3958 2069 3958 2069 3959 1862 3959 1860 3959 2069 3960 1860 3960 2068 3960 2068 3961 1860 3961 1858 3961 2068 3962 1858 3962 2067 3962 2067 3963 1858 3963 1856 3963 2067 3964 1856 3964 2066 3964 2066 3965 1856 3965 1806 3965 2066 3966 1806 3966 2065 3966 2065 3967 1806 3967 848 3967 2065 3968 848 3968 847 3968 778 3969 776 3969 1882 3969 1882 3970 776 3970 774 3970 1882 3971 774 3971 1883 3971 1883 3972 774 3972 772 3972 1883 3973 772 3973 770 3973 851 3974 1807 3974 1808 3974 1808 3975 1807 3975 1896 3975 1808 3976 1896 3976 1897 3976 1897 3977 1896 3977 1895 3977 1897 3978 1895 3978 1899 3978 1899 3979 1895 3979 1894 3979 1899 3980 1894 3980 1901 3980 1901 3981 1894 3981 1893 3981 1901 3982 1893 3982 1903 3982 1903 3983 1893 3983 1892 3983 1903 3984 1892 3984 1905 3984 1905 3985 1892 3985 1891 3985 1905 3986 1891 3986 1907 3986 1907 3987 1891 3987 1890 3987 1907 3988 1890 3988 1909 3988 1909 3989 1890 3989 1889 3989 1909 3990 1889 3990 1911 3990 1911 3991 1889 3991 1888 3991 1911 3992 1888 3992 1913 3992 1913 3993 1888 3993 1887 3993 1913 3994 1887 3994 1915 3994 1915 3995 1887 3995 1886 3995 1915 3996 1886 3996 1917 3996 1917 3997 1886 3997 1885 3997 1917 3998 1885 3998 1919 3998 1919 3999 1885 3999 1884 3999 1919 4000 1884 4000 1921 4000 1921 4001 1884 4001 1765 4001 1921 4002 1765 4002 1923 4002 1923 4003 1765 4003 768 4003 1923 4004 768 4004 1924 4004 1924 4005 768 4005 766 4005 1924 4006 766 4006 1938 4006 766 4007 765 4007 1938 4007 1938 4008 765 4008 762 4008 1938 4009 762 4009 1953 4009 1953 4010 762 4010 759 4010 1953 4011 759 4011 757 4011 407 4012 406 4012 751 4012 751 4013 406 4013 1776 4013 751 4014 1776 4014 753 4014 753 4015 1776 4015 1995 4015 753 4016 1995 4016 755 4016 755 4017 1995 4017 1994 4017 755 4018 1994 4018 1764 4018 1764 4019 1994 4019 1992 4019 1764 4020 1992 4020 1954 4020 1954 4021 1992 4021 1990 4021 1954 4022 1990 4022 1955 4022 1955 4023 1990 4023 1988 4023 1955 4024 1988 4024 1956 4024 1956 4025 1988 4025 1986 4025 1956 4026 1986 4026 1957 4026 1957 4027 1986 4027 1984 4027 1957 4028 1984 4028 1958 4028 1958 4029 1984 4029 1982 4029 1958 4030 1982 4030 1959 4030 1959 4031 1982 4031 1980 4031 1959 4032 1980 4032 1960 4032 1960 4033 1980 4033 1978 4033 1960 4034 1978 4034 1961 4034 1961 4035 1978 4035 1976 4035 1961 4036 1976 4036 1962 4036 1962 4037 1976 4037 1974 4037 1962 4038 1974 4038 1963 4038 1963 4039 1974 4039 1972 4039 1963 4040 1972 4040 1964 4040 1964 4041 1972 4041 1970 4041 1964 4042 1970 4042 1965 4042 1965 4043 1970 4043 1968 4043 1965 4044 1968 4044 1966 4044 1966 4045 1968 4045 1811 4045 1966 4046 1811 4046 1967 4046 1967 4047 1811 4047 838 4047 1967 4048 838 4048 840 4048 2080 4049 189 4049 191 4049 2081 4050 174 4050 176 4050 166 4051 2082 4051 319 4051 319 4052 2082 4052 2083 4052 319 4053 2083 4053 320 4053 320 4054 2083 4054 2084 4054 320 4055 2084 4055 322 4055 326 4056 325 4056 2085 4056 2085 4057 325 4057 324 4057 2085 4058 324 4058 2084 4058 2084 4059 324 4059 323 4059 2084 4060 323 4060 322 4060 390 4061 334 4061 2086 4061 2086 4062 334 4062 333 4062 2086 4063 333 4063 2087 4063 2087 4064 333 4064 332 4064 2087 4065 332 4065 2088 4065 2088 4066 332 4066 331 4066 2088 4067 331 4067 2089 4067 2089 4068 331 4068 330 4068 2089 4069 330 4069 2090 4069 2090 4070 330 4070 329 4070 2090 4071 329 4071 2091 4071 2091 4072 329 4072 328 4072 2091 4073 328 4073 2092 4073 2092 4074 328 4074 327 4074 2092 4075 327 4075 2093 4075 2093 4076 327 4076 326 4076 2093 4077 326 4077 2094 4077 2094 4078 326 4078 2085 4078 208 4079 220 4079 2086 4079 2086 4080 220 4080 219 4080 2086 4081 219 4081 390 4081 229 4082 210 4082 2095 4082 227 4083 229 4083 2096 4083 255 4084 227 4084 2097 4084 250 4085 255 4085 2098 4085 236 4086 250 4086 2099 4086 238 4087 236 4087 2100 4087 245 4088 238 4088 2101 4088 241 4089 243 4089 2102 4089 234 4090 241 4090 2103 4090 226 4091 232 4091 2104 4091 224 4092 226 4092 2105 4092 216 4093 224 4093 2106 4093 217 4094 216 4094 2107 4094 217 4095 2107 4095 2108 4095 2108 4096 2107 4096 2109 4096 2108 4097 2109 4097 2110 4097 2110 4098 2109 4098 2111 4098 2110 4099 2111 4099 2112 4099 2112 4100 2111 4100 2113 4100 2112 4101 2113 4101 2114 4101 2114 4102 2113 4102 2115 4102 2114 4103 2115 4103 2116 4103 2116 4104 2115 4104 2117 4104 2116 4105 2117 4105 2118 4105 2118 4106 2117 4106 2119 4106 2118 4107 2119 4107 2120 4107 2120 4108 2119 4108 2121 4108 2121 4109 2119 4109 2122 4109 2121 4110 2122 4110 2123 4110 2123 4111 2122 4111 2124 4111 2123 4112 2124 4112 2125 4112 2125 4113 2124 4114 2126 4115 2125 4116 2126 4116 2127 4116 2127 4117 2126 4117 2128 4117 2127 4118 2128 4118 2129 4118 208 4119 2086 4119 2130 4119 2130 4120 2086 4120 2087 4120 2130 4121 2087 4121 2131 4121 2131 4122 2087 4122 2088 4122 2131 4123 2088 4123 2132 4123 2132 4124 2088 4124 2089 4124 2132 4125 2089 4125 2133 4125 2133 4126 2089 4126 2090 4126 2133 4127 2090 4127 2134 4127 2134 4128 2090 4128 2091 4128 2134 4129 2091 4129 2135 4129 2135 4130 2091 4130 2092 4130 2135 4131 2092 4131 2136 4131 2136 4132 2092 4132 2093 4132 2136 4133 2093 4133 2137 4133 2137 4134 2093 4134 2094 4134 2137 4135 2094 4135 2138 4135 2138 4136 2094 4136 2085 4136 2138 4137 2085 4137 2139 4137 2139 4138 2085 4138 2084 4138 2139 4139 2084 4140 2140 4141 2140 4142 2084 4142 2083 4142 2140 4143 2083 4143 2141 4143 2141 4144 2083 4144 2082 4144 2141 4145 2082 4145 2142 4145 174 4146 2081 4146 2142 4146 2142 4147 2081 4147 2143 4147 2142 4148 2143 4148 2141 4148 2141 4149 2143 4149 2144 4149 2141 4150 2144 4150 2140 4150 2140 4151 2144 4151 2145 4151 2140 4152 2145 4152 2139 4152 2139 4153 2145 4153 2146 4153 2139 4154 2146 4154 2138 4154 2138 4155 2146 4155 2147 4155 2138 4156 2147 4156 2137 4156 2137 4157 2147 4157 2148 4157 2137 4158 2148 4158 2136 4158 2136 4159 2148 4159 2149 4159 2136 4160 2149 4160 2135 4160 2135 4161 2149 4161 2150 4161 2135 4162 2150 4162 2134 4162 2134 4163 2150 4163 2151 4163 2134 4164 2151 4164 2133 4164 2133 4165 2151 4165 2152 4165 2133 4166 2152 4166 2132 4166 2132 4167 2152 4167 2153 4167 2132 4168 2153 4168 2131 4168 2131 4169 2153 4169 2095 4169 2131 4170 2095 4170 2130 4170 2130 4171 2095 4171 210 4171 2130 4172 210 4172 208 4172 227 4173 2096 4173 2097 4173 2097 4174 2096 4174 2154 4174 2097 4175 2154 4175 2155 4175 2155 4176 2154 4176 2156 4176 2155 4177 2156 4177 2157 4177 2157 4178 2156 4178 2158 4178 2157 4179 2158 4179 2159 4179 2159 4180 2158 4180 2160 4180 2159 4181 2160 4181 2161 4181 2161 4182 2160 4182 2162 4182 2161 4183 2162 4183 2163 4183 2163 4184 2162 4184 2164 4184 2163 4185 2164 4185 2165 4185 2165 4186 2164 4186 2166 4186 2165 4187 2166 4187 2167 4187 2167 4188 2166 4188 2168 4188 2167 4189 2168 4189 2169 4189 2169 4190 2168 4190 2170 4190 2169 4191 2170 4192 2171 4193 2171 4194 2170 4194 2172 4194 2171 4195 2172 4195 2173 4195 2173 4196 2172 4196 2174 4196 2173 4197 2174 4197 2175 4197 2175 4198 2174 4198 2176 4198 2175 4199 2176 4199 2177 4199 255 4200 2097 4200 2098 4200 2098 4201 2097 4201 2155 4201 2098 4202 2155 4202 2178 4202 2178 4203 2155 4203 2157 4203 2178 4204 2157 4204 2179 4204 2179 4205 2157 4205 2159 4205 2179 4206 2159 4206 2180 4206 2180 4207 2159 4207 2161 4207 2180 4208 2161 4208 2181 4208 2181 4209 2161 4209 2163 4209 2181 4210 2163 4210 2182 4210 2182 4211 2163 4211 2165 4211 2182 4212 2165 4212 2183 4212 2183 4213 2165 4213 2167 4213 2183 4214 2167 4214 2184 4214 2184 4215 2167 4215 2169 4215 2184 4216 2169 4216 2185 4216 2185 4217 2169 4218 2171 4219 2185 4220 2171 4220 2186 4220 2186 4221 2171 4221 2173 4221 2186 4222 2173 4222 2187 4222 2187 4223 2173 4223 2175 4223 2187 4224 2175 4224 2188 4224 2188 4225 2175 4225 2177 4225 2188 4226 2177 4226 2189 4226 250 4227 2098 4227 2099 4227 2099 4228 2098 4228 2178 4228 2099 4229 2178 4229 2190 4229 2190 4230 2178 4230 2179 4230 2190 4231 2179 4231 2191 4231 2191 4232 2179 4232 2180 4232 2191 4233 2180 4233 2192 4233 2192 4234 2180 4234 2181 4234 2192 4235 2181 4235 2193 4235 2193 4236 2181 4236 2182 4236 2193 4237 2182 4237 2194 4237 2194 4238 2182 4238 2183 4238 2194 4239 2183 4239 2195 4239 2195 4240 2183 4240 2184 4240 2195 4241 2184 4241 2196 4241 2196 4242 2184 4242 2185 4242 2196 4243 2185 4243 2197 4243 2197 4244 2185 4244 2186 4244 2197 4245 2186 4245 2198 4245 2198 4246 2186 4246 2187 4246 2198 4247 2187 4247 2199 4247 2199 4248 2187 4248 2188 4248 2199 4249 2188 4249 2200 4249 2200 4250 2188 4250 2189 4250 2200 4251 2189 4251 2201 4251 189 4252 2080 4252 2202 4252 2202 4253 2080 4253 2203 4253 2202 4254 2203 4254 2204 4254 2204 4255 2203 4255 2205 4255 2204 4256 2205 4256 2206 4256 2206 4257 2205 4257 2207 4257 2206 4258 2207 4258 2208 4258 2208 4259 2207 4259 2209 4259 2208 4260 2209 4260 2210 4260 2210 4261 2209 4261 2211 4261 2210 4262 2211 4262 2212 4262 2212 4263 2211 4263 2213 4263 2212 4264 2213 4264 2214 4264 2214 4265 2213 4265 2215 4265 2214 4266 2215 4266 2216 4266 2216 4267 2215 4267 2217 4267 2216 4268 2217 4268 2218 4268 2218 4269 2217 4269 2219 4269 2218 4270 2219 4270 2220 4270 2220 4271 2219 4271 2221 4271 2220 4272 2221 4272 2222 4272 2222 4273 2221 4273 2223 4273 2222 4274 2223 4274 2224 4274 2224 4275 2223 4275 2102 4275 2224 4276 2102 4276 2225 4276 2225 4277 2102 4277 243 4277 2225 4278 243 4278 245 4278 226 4279 2104 4279 2105 4279 2105 4280 2104 4280 2226 4280 2105 4281 2226 4281 2227 4281 2227 4282 2226 4282 2228 4282 2227 4283 2228 4283 2229 4283 2229 4284 2228 4284 2230 4284 2229 4285 2230 4285 2231 4285 2231 4286 2230 4286 2232 4286 2231 4287 2232 4287 2233 4287 2233 4288 2232 4288 2234 4288 2233 4289 2234 4289 2235 4289 2235 4290 2234 4290 2236 4290 2235 4291 2236 4291 2237 4291 2237 4292 2236 4292 2238 4292 2237 4293 2238 4294 2239 4295 2239 4296 2238 4296 2240 4296 2239 4297 2240 4297 2241 4297 2241 4298 2240 4298 2242 4298 2241 4299 2242 4299 2243 4299 2243 4300 2242 4300 2244 4300 2243 4301 2244 4301 2245 4301 2245 4302 2244 4302 2246 4302 2245 4303 2246 4303 2247 4303 2247 4304 2246 4304 2248 4304 2247 4305 2248 4305 2249 4305 224 4306 2105 4306 2106 4306 2106 4307 2105 4307 2227 4307 2106 4308 2227 4308 2250 4308 2250 4309 2227 4309 2229 4309 2250 4310 2229 4310 2251 4310 2251 4311 2229 4311 2231 4311 2251 4312 2231 4312 2252 4312 2252 4313 2231 4313 2233 4313 2252 4314 2233 4314 2253 4314 2253 4315 2233 4315 2235 4315 2253 4316 2235 4316 2254 4316 2254 4317 2235 4317 2237 4317 2254 4318 2237 4318 2255 4318 2255 4319 2237 4319 2239 4319 2255 4320 2239 4320 2256 4320 2256 4321 2239 4321 2241 4321 2256 4322 2241 4322 2257 4322 2257 4323 2241 4323 2243 4323 2257 4324 2243 4325 2258 4326 2258 4327 2243 4327 2245 4327 2258 4328 2245 4328 2259 4328 2259 4329 2245 4329 2247 4329 2259 4330 2247 4330 2260 4330 2260 4331 2247 4331 2249 4331 2260 4332 2249 4332 2261 4332 166 4333 168 4333 2082 4333 2082 4334 168 4334 170 4334 2082 4335 170 4335 2142 4335 2142 4336 170 4336 172 4336 2142 4337 172 4337 174 4337 229 4338 2095 4338 2096 4338 2096 4339 2095 4339 2153 4339 2096 4340 2153 4340 2154 4340 2154 4341 2153 4341 2152 4341 2154 4342 2152 4342 2156 4342 2156 4343 2152 4343 2151 4343 2156 4344 2151 4344 2158 4344 2158 4345 2151 4345 2150 4345 2158 4346 2150 4346 2160 4346 2160 4347 2150 4347 2149 4347 2160 4348 2149 4348 2162 4348 2162 4349 2149 4349 2148 4349 2162 4350 2148 4350 2164 4350 2164 4351 2148 4351 2147 4351 2164 4352 2147 4352 2166 4352 2166 4353 2147 4353 2146 4353 2166 4354 2146 4354 2168 4354 2168 4355 2146 4355 2145 4355 2168 4356 2145 4356 2170 4356 2170 4357 2145 4357 2144 4357 2170 4358 2144 4358 2172 4358 2172 4359 2144 4359 2143 4359 2172 4360 2143 4360 2174 4360 2174 4361 2143 4361 2081 4361 2174 4362 2081 4362 2176 4362 2176 4363 2081 4363 176 4363 2176 4364 176 4364 2177 4364 2177 4365 176 4365 182 4365 2177 4366 182 4366 2189 4366 2189 4367 182 4367 181 4367 2189 4368 181 4368 2201 4368 2201 4369 181 4369 179 4369 2201 4370 179 4370 178 4370 236 4371 2099 4371 2100 4371 2100 4372 2099 4372 2190 4372 2100 4373 2190 4373 2262 4373 2262 4374 2190 4374 2191 4374 2262 4375 2191 4375 2263 4375 2263 4376 2191 4376 2192 4376 2263 4377 2192 4377 2264 4377 2264 4378 2192 4378 2193 4378 2264 4379 2193 4379 2265 4379 2265 4380 2193 4380 2194 4380 2265 4381 2194 4381 2266 4381 2266 4382 2194 4382 2195 4382 2266 4383 2195 4383 2267 4383 2267 4384 2195 4384 2196 4384 2267 4385 2196 4385 2268 4385 2268 4386 2196 4386 2197 4386 2268 4387 2197 4387 2269 4387 2269 4388 2197 4388 2198 4388 2269 4389 2198 4389 2270 4389 2270 4390 2198 4390 2199 4390 2270 4391 2199 4391 2271 4391 2271 4392 2199 4392 2200 4392 2271 4393 2200 4393 2272 4393 2272 4394 2200 4394 2201 4394 2272 4395 2201 4395 2273 4395 2273 4396 2201 4396 178 4396 2273 4397 178 4397 185 4397 238 4398 2100 4398 2101 4398 2101 4399 2100 4399 2262 4399 2101 4400 2262 4400 2274 4400 2274 4401 2262 4401 2263 4401 2274 4402 2263 4402 2275 4402 2275 4403 2263 4403 2264 4403 2275 4404 2264 4404 2276 4404 2276 4405 2264 4405 2265 4405 2276 4406 2265 4406 2277 4406 2277 4407 2265 4407 2266 4407 2277 4408 2266 4408 2278 4408 2278 4409 2266 4409 2267 4409 2278 4410 2267 4410 2279 4410 2279 4411 2267 4411 2268 4411 2279 4412 2268 4412 2280 4412 2280 4413 2268 4413 2269 4413 2280 4414 2269 4415 2281 4416 2281 4417 2269 4417 2270 4417 2281 4418 2270 4418 2282 4418 2282 4419 2270 4419 2271 4419 2282 4420 2271 4420 2283 4420 2283 4421 2271 4421 2272 4421 2283 4422 2272 4422 2284 4422 2284 4423 2272 4423 2273 4423 2284 4424 2273 4424 2285 4424 2285 4425 2273 4425 185 4425 2285 4426 185 4426 187 4426 245 4427 2101 4427 2225 4427 2225 4428 2101 4428 2274 4428 2225 4429 2274 4429 2224 4429 2224 4430 2274 4430 2275 4430 2224 4431 2275 4431 2222 4431 2222 4432 2275 4432 2276 4432 2222 4433 2276 4433 2220 4433 2220 4434 2276 4434 2277 4434 2220 4435 2277 4435 2218 4435 2218 4436 2277 4436 2278 4436 2218 4437 2278 4437 2216 4437 2216 4438 2278 4438 2279 4438 2216 4439 2279 4439 2214 4439 2214 4440 2279 4440 2280 4440 2214 4441 2280 4441 2212 4441 2212 4442 2280 4443 2281 4444 2212 4445 2281 4445 2210 4445 2210 4446 2281 4446 2282 4446 2210 4447 2282 4447 2208 4447 2208 4448 2282 4448 2283 4448 2208 4449 2283 4449 2206 4449 2206 4450 2283 4450 2284 4450 2206 4451 2284 4451 2204 4451 2204 4452 2284 4452 2285 4452 2204 4453 2285 4453 2202 4453 2202 4454 2285 4454 187 4454 2202 4455 187 4455 189 4455 241 4456 2102 4456 2103 4456 2103 4457 2102 4457 2223 4457 2103 4458 2223 4458 2286 4458 2286 4459 2223 4459 2221 4459 2286 4460 2221 4460 2287 4460 2287 4461 2221 4461 2219 4461 2287 4462 2219 4462 2288 4462 2288 4463 2219 4463 2217 4463 2288 4464 2217 4464 2289 4464 2289 4465 2217 4465 2215 4465 2289 4466 2215 4466 2290 4466 2290 4467 2215 4467 2213 4467 2290 4468 2213 4468 2291 4468 2291 4469 2213 4469 2211 4469 2291 4470 2211 4470 2292 4470 2292 4471 2211 4471 2209 4471 2292 4472 2209 4472 2293 4472 2293 4473 2209 4473 2207 4473 2293 4474 2207 4474 2294 4474 2294 4475 2207 4475 2205 4475 2294 4476 2205 4476 2295 4476 2295 4477 2205 4477 2203 4477 2295 4478 2203 4478 2296 4478 2296 4479 2203 4479 2080 4479 2296 4480 2080 4480 2297 4480 2297 4481 2080 4481 191 4481 2297 4482 191 4482 193 4482 234 4483 2103 4483 2298 4483 2298 4484 2103 4484 2286 4484 2298 4485 2286 4485 2299 4485 2299 4486 2286 4486 2287 4486 2299 4487 2287 4487 2300 4487 2300 4488 2287 4488 2288 4488 2300 4489 2288 4489 2301 4489 2301 4490 2288 4490 2289 4490 2301 4491 2289 4491 2302 4491 2302 4492 2289 4492 2290 4492 2302 4493 2290 4493 2303 4493 2303 4494 2290 4494 2291 4494 2303 4495 2291 4495 2304 4495 2304 4496 2291 4496 2292 4496 2304 4497 2292 4497 2305 4497 2305 4498 2292 4498 2293 4498 2305 4499 2293 4499 2306 4499 2306 4500 2293 4500 2294 4500 2306 4501 2294 4501 2307 4501 2307 4502 2294 4502 2295 4502 2307 4503 2295 4503 2308 4503 2308 4504 2295 4504 2296 4504 2308 4505 2296 4505 2309 4505 2309 4506 2296 4506 2297 4506 2309 4507 2297 4507 2310 4507 2310 4508 2297 4508 193 4508 2310 4509 193 4509 195 4509 195 4510 2248 4510 2310 4510 2310 4511 2248 4511 2246 4511 2310 4512 2246 4512 2309 4512 2309 4513 2246 4513 2244 4513 2309 4514 2244 4514 2308 4514 2308 4515 2244 4515 2242 4515 2308 4516 2242 4516 2307 4516 2307 4517 2242 4517 2240 4517 2307 4518 2240 4519 2306 4520 2306 4521 2240 4521 2238 4521 2306 4522 2238 4522 2305 4522 2305 4523 2238 4523 2236 4523 2305 4524 2236 4524 2304 4524 2304 4525 2236 4525 2234 4525 2304 4526 2234 4526 2303 4526 2303 4527 2234 4527 2232 4527 2303 4528 2232 4528 2302 4528 2302 4529 2232 4529 2230 4529 2302 4530 2230 4530 2301 4530 2301 4531 2230 4531 2228 4531 2301 4532 2228 4532 2300 4532 2300 4533 2228 4533 2226 4533 2300 4534 2226 4534 2299 4534 2299 4535 2226 4535 2104 4535 2299 4536 2104 4536 2298 4536 2298 4537 2104 4537 232 4537 2298 4538 232 4538 234 4538 195 4539 197 4539 2248 4539 2248 4540 197 4540 200 4540 2248 4541 200 4541 2249 4541 2249 4542 200 4542 206 4542 2249 4543 206 4543 2261 4543 2261 4544 206 4544 205 4544 2261 4545 205 4545 203 4545 216 4546 2106 4546 2107 4546 2107 4547 2106 4547 2250 4547 2107 4548 2250 4548 2109 4548 2109 4549 2250 4549 2251 4549 2109 4550 2251 4550 2111 4550 2111 4551 2251 4551 2252 4551 2111 4552 2252 4552 2113 4552 2113 4553 2252 4553 2253 4553 2113 4554 2253 4554 2115 4554 2115 4555 2253 4555 2254 4555 2115 4556 2254 4556 2117 4556 2117 4557 2254 4557 2255 4557 2117 4558 2255 4559 2119 4560 2119 4561 2255 4561 2256 4561 2119 4562 2256 4562 2122 4562 2122 4563 2256 4564 2257 4565 2122 4566 2257 4566 2124 4566 2124 4567 2257 4567 2258 4567 2124 4568 2258 4569 2126 4570 2126 4571 2258 4571 2259 4571 2126 4572 2259 4572 2128 4572 2128 4573 2259 4573 2260 4573 2128 4574 2260 4574 2311 4574 2311 4575 2260 4575 2261 4575 2311 4576 2261 4576 2312 4576 2312 4577 2261 4577 203 4577 2312 4578 203 4578 202 4578 2129 4579 2128 4579 2313 4579 2313 4580 2128 4580 2311 4580 2313 4581 2311 4582 2314 4583 2314 4584 2311 4584 2312 4584 2314 4585 2312 4585 2315 4585 2315 4586 2312 4586 202 4586 2315 4587 202 4587 153 4587 885 4588 913 4588 2316 4588 912 4589 217 4589 2108 4589 2317 4590 2318 4591 2319 4592 2320 4593 2321 4594 2322 4593 1052 4595 888 4595 2323 4595 2324 4596 35 4596 34 4596 863 4597 11 4597 9 4597 9 4598 7 4598 863 4598 863 4599 7 4599 5 4599 863 4600 5 4600 3 4600 2325 4601 2326 4601 13 4601 13 4602 2326 4602 56 4602 2327 4603 15 4603 2326 4603 2326 4604 15 4604 57 4604 2326 4605 57 4605 56 4605 2328 4606 22 4606 2327 4606 2327 4607 22 4607 17 4607 2327 4608 17 4608 15 4608 30 4609 27 4610 2329 4611 2329 4612 27 4613 28 4614 2329 4615 28 4616 2330 4617 2330 4618 28 4618 29 4618 2330 4619 29 4619 2331 4619 2331 4620 29 4621 19 4622 2331 4623 19 4624 21 4625 2332 4626 33 4626 2333 4626 2333 4627 33 4627 32 4627 2333 4628 32 4629 2334 4630 2334 4631 32 4632 31 4633 2334 4634 31 4635 2335 4636 2335 4637 31 4638 30 4639 2335 4640 30 4640 2336 4640 2336 4641 30 4642 2329 4643 2336 4644 2329 4644 2337 4644 39 4645 38 4645 2338 4645 2338 4646 38 4646 37 4646 2338 4647 37 4648 2324 4649 2324 4650 37 4650 36 4650 2324 4651 36 4652 35 4653 23 4654 40 4654 2339 4654 23 4655 2339 4655 24 4655 24 4656 2339 4656 2340 4656 24 4657 2340 4657 26 4657 26 4658 2340 4658 162 4658 26 4659 162 4659 53 4659 1052 4660 2323 4660 859 4660 2341 4661 2342 4661 2343 4661 2343 4662 2342 4662 2344 4662 2343 4663 2344 4663 2345 4663 2345 4664 2344 4664 2346 4664 2345 4665 2346 4665 2323 4665 2323 4666 2346 4666 2347 4666 2323 4667 2347 4667 859 4667 2348 4668 2328 4669 2349 4670 2349 4671 2328 4671 2327 4671 2349 4672 2327 4672 2350 4672 2350 4673 2327 4673 2326 4673 2350 4674 2326 4674 2351 4674 2351 4675 2326 4675 2325 4675 2351 4676 2325 4676 863 4676 863 4677 2325 4677 13 4677 863 4678 13 4678 11 4678 2350 4679 2352 4679 2349 4679 2349 4680 2352 4681 2353 4682 2349 4683 2353 4683 2348 4684 2348 4685 2353 4686 2354 4686 2348 4687 2354 4688 2355 4689 2337 4690 2329 4690 2355 4690 2355 4691 2329 4691 2330 4691 2355 4692 2330 4693 2348 4693 2348 4694 2330 4695 2331 4696 2348 4697 2331 4697 2328 4697 2328 4698 2331 4698 21 4698 2328 4699 21 4699 22 4700 2322 4701 2321 4702 2356 4703 2356 4704 2321 4705 2357 4706 2356 4707 2357 4708 2358 4709 2358 4710 2357 4711 2359 4712 2358 4713 2359 4714 2360 4715 2360 4716 2359 4717 2361 4718 2360 4719 2361 4720 2362 4721 2362 4722 2361 4723 2363 4724 2362 4725 2363 4726 2364 4727 2364 4728 2363 4728 2365 4728 2364 4729 2365 4730 2341 4731 2341 4732 2365 4733 2366 4734 2341 4735 2366 4735 2342 4735 2367 4736 2368 4736 2369 4736 2369 4737 2368 4738 2332 4739 863 4740 859 4740 2351 4740 2351 4741 859 4741 2347 4741 2351 4742 2347 4742 2350 4742 2350 4743 2347 4743 2346 4743 2350 4744 2346 4744 2352 4744 2352 4745 2346 4745 2344 4745 2352 4746 2344 4746 2353 4746 2353 4747 2344 4747 2342 4747 2353 4748 2342 4749 2354 4750 2354 4751 2342 4751 2366 4751 2354 4752 2366 4753 2355 4754 2355 4755 2366 4756 2365 4757 2355 4758 2365 4759 2337 4760 2337 4761 2365 4762 2363 4763 2337 4764 2363 4765 2336 4766 2336 4767 2363 4767 2361 4767 2336 4768 2361 4768 2335 4768 2335 4769 2361 4769 2359 4769 2335 4770 2359 4771 2334 4772 2334 4773 2359 4774 2357 4775 2334 4776 2357 4777 2333 4778 2333 4779 2357 4779 2321 4779 2333 4780 2321 4780 2332 4780 2332 4781 2321 4781 2320 4781 2332 4782 2320 4782 2369 4782 2319 4783 2318 4784 2370 4785 2370 4786 2318 4786 2371 4786 2370 4787 2371 4787 2372 4787 2372 4788 2371 4788 2373 4788 2372 4789 2373 4789 2374 4789 2374 4790 2373 4790 2375 4790 2374 4791 2375 4791 164 4791 2322 4792 2317 4793 2320 4794 2320 4795 2317 4796 2319 4797 2320 4798 2319 4798 2369 4798 2369 4799 2319 4799 2370 4799 2369 4800 2370 4800 2367 4800 2367 4801 2370 4801 2372 4801 40 4802 39 4803 2339 4804 2339 4805 39 4805 2338 4805 2339 4806 2338 4806 2376 4806 2376 4807 2338 4808 2324 4809 164 4810 162 4810 2374 4810 2374 4811 162 4811 2340 4811 2374 4812 2340 4812 2372 4812 2372 4813 2340 4813 2339 4813 2372 4814 2339 4814 2367 4814 2367 4815 2339 4815 2376 4815 2367 4816 2376 4816 2368 4816 2368 4817 2376 4818 2324 4818 2368 4819 2324 4820 2332 4821 2332 4822 2324 4823 34 4822 2332 4824 34 4825 33 4826 2377 4827 2378 4827 2379 4827 2379 4828 2378 4829 2380 4830 2379 4831 2380 4831 2381 4831 2379 4832 2381 4833 2382 4834 153 4835 160 4835 2315 4835 2315 4836 160 4836 2383 4836 2315 4837 2383 4837 2314 4837 2314 4838 2383 4838 2377 4838 2314 4839 2377 4840 2313 4841 2313 4842 2377 4843 2379 4844 885 4845 2316 4845 887 4845 2383 4846 2384 4846 2377 4846 2377 4847 2384 4847 2385 4847 2377 4848 2385 4848 2378 4849 2378 4850 2385 4850 2386 4850 2378 4851 2386 4852 2380 4853 2380 4854 2386 4854 2387 4854 2380 4855 2387 4856 2381 4857 2381 4858 2387 4859 2388 4860 2381 4861 2388 4862 2382 4863 2382 4864 2388 4865 2389 4866 2382 4867 2389 4867 2390 4867 2390 4868 2389 4868 2391 4868 2390 4869 2391 4869 2392 4869 2392 4870 2391 4870 2393 4870 2392 4871 2393 4871 2394 4871 2394 4872 2393 4872 2395 4872 2394 4873 2395 4873 2396 4873 2396 4874 2395 4874 2397 4874 2396 4875 2397 4875 2398 4875 2398 4876 2397 4876 2399 4876 2398 4877 2399 4877 2400 4877 2400 4878 2399 4878 2401 4878 2400 4879 2401 4879 2402 4879 2402 4880 2401 4880 2403 4880 2402 4881 2403 4881 2316 4881 2316 4882 2403 4882 2404 4882 2316 4883 2404 4883 887 4883 913 4884 912 4884 2316 4884 2316 4885 912 4885 2108 4885 2316 4886 2108 4886 2402 4886 2402 4887 2108 4887 2110 4887 2402 4888 2110 4888 2400 4888 2400 4889 2110 4889 2112 4889 2400 4890 2112 4890 2398 4890 2398 4891 2112 4891 2114 4891 2398 4892 2114 4892 2396 4892 2396 4893 2114 4894 2116 4895 2396 4896 2116 4897 2394 4898 2394 4899 2116 4900 2118 4899 2394 4901 2118 4902 2392 4903 2392 4904 2118 4904 2120 4904 2392 4905 2120 4905 2390 4905 2390 4906 2120 4906 2121 4906 2390 4907 2121 4908 2382 4909 2382 4910 2121 4910 2123 4910 2382 4911 2123 4911 2379 4911 2379 4912 2123 4913 2125 4914 2379 4915 2125 4915 2127 4915 2379 4916 2127 4916 2129 4916 2379 4917 2129 4917 2313 4917 160 4918 159 4918 2383 4918 2383 4919 159 4919 157 4919 2383 4920 157 4920 2384 4920 2384 4921 157 4921 155 4921 2384 4922 155 4922 165 4922 888 4923 887 4923 2323 4923 2323 4924 887 4924 2404 4924 2323 4925 2404 4925 2345 4925 2345 4926 2404 4926 2403 4926 2345 4927 2403 4927 2343 4927 2343 4928 2403 4928 2401 4928 2343 4929 2401 4929 2341 4929 2341 4930 2401 4930 2399 4930 2341 4931 2399 4931 2364 4931 2364 4932 2399 4933 2397 4934 2364 4935 2397 4936 2362 4937 2362 4938 2397 4939 2395 4940 2362 4941 2395 4941 2360 4941 2360 4942 2395 4943 2393 4944 2360 4945 2393 4945 2358 4945 2358 4946 2393 4947 2391 4948 2358 4949 2391 4950 2356 4951 2356 4952 2391 4952 2389 4952 2356 4953 2389 4953 2322 4953 2322 4954 2389 4955 2388 4956 2322 4957 2388 4957 2317 4957 2317 4958 2388 4958 2387 4958 2317 4959 2387 4959 2318 4959 2318 4960 2387 4961 2386 4962 2318 4963 2386 4963 2371 4963 2371 4964 2386 4965 2385 4966 2371 4967 2385 4967 2373 4967 2373 4968 2385 4968 2384 4968 2373 4969 2384 4969 2375 4969 2375 4970 2384 4970 165 4970 2375 4971 165 4971 164 4971 2405 4972 175 4972 173 4972 2406 4973 188 4973 186 4973 199 4974 198 4974 2407 4974 6 4975 2408 4975 4 4975 55 4976 54 4976 161 4976 262 4977 2409 4977 263 4977 263 4978 2409 4978 337 4978 337 4979 2409 4979 338 4979 338 4980 2409 4980 2410 4980 338 4981 2410 4981 309 4981 2411 4982 311 4982 2412 4982 2412 4983 311 4983 310 4983 2412 4984 310 4984 2413 4984 2413 4985 310 4985 308 4985 2413 4986 308 4986 2414 4986 2414 4987 308 4987 307 4987 2414 4988 307 4988 2415 4988 2415 4989 307 4989 309 4989 2415 4990 309 4991 2416 4992 2416 4993 309 4993 2410 4993 318 4994 317 4994 2417 4994 2417 4995 317 4995 316 4995 2417 4996 316 4996 2418 4996 2418 4997 316 4997 315 4997 2418 4998 315 4998 2419 4998 2419 4999 315 4999 304 4999 2419 5000 304 5000 2420 5000 2420 5001 304 5001 303 5001 2420 5002 303 5002 2421 5002 2421 5003 303 5003 306 5003 2421 5004 306 5004 2422 5004 2422 5005 306 5005 314 5005 2422 5006 314 5007 2423 5008 2423 5009 314 5009 313 5009 2423 5010 313 5010 2411 5010 2411 5011 313 5011 312 5011 2411 5012 312 5012 311 5012 2424 5013 45 5014 44 5015 2425 5016 14 5017 2426 5018 2426 5019 14 5019 16 5019 2426 5020 16 5020 2427 5020 2427 5021 16 5021 18 5021 2427 5022 18 5022 2428 5022 2428 5023 18 5023 20 5023 2428 5024 20 5024 2429 5024 2429 5025 20 5025 52 5025 2429 5026 52 5026 2430 5026 2430 5027 52 5028 51 5028 2430 5029 51 5030 2431 5031 2431 5032 51 5032 43 5032 2431 5033 43 5033 2432 5033 2432 5034 43 5035 42 5036 2432 5037 42 5037 2433 5037 2433 5038 42 5039 50 5040 2433 5041 50 5042 2434 5043 2434 5044 50 5045 49 5046 2434 5047 49 5048 2435 5049 2435 5050 49 5051 48 5052 2435 5053 48 5054 2436 5055 2436 5056 48 5056 47 5056 2436 5057 47 5057 2424 5057 2424 5058 47 5059 46 5060 2424 5061 46 5061 45 5061 2437 5062 58 5062 2425 5062 2425 5063 58 5063 59 5063 2425 5064 59 5065 14 5066 2408 5067 6 5067 2438 5067 6 5068 8 5068 2438 5068 2438 5069 8 5069 10 5069 2438 5070 10 5070 2437 5070 2437 5071 10 5071 12 5071 2437 5072 12 5072 58 5072 2 5073 4 5073 290 5073 290 5074 4 5074 2408 5074 290 5075 2408 5075 289 5075 289 5076 2408 5076 2438 5076 289 5077 2438 5077 288 5077 291 5078 288 5078 2439 5078 275 5079 291 5079 2440 5079 276 5080 275 5080 2441 5080 277 5081 276 5081 2442 5081 278 5082 277 5082 2443 5082 279 5083 278 5083 2444 5083 280 5084 279 5084 2445 5084 281 5085 280 5085 2446 5085 283 5086 282 5086 2447 5086 285 5087 284 5087 2448 5087 286 5088 285 5088 2449 5088 287 5089 286 5089 2450 5089 264 5090 287 5090 2451 5090 259 5091 258 5091 2452 5091 262 5092 259 5092 2453 5092 288 5093 2438 5093 2439 5093 2439 5094 2438 5094 2437 5094 2439 5095 2437 5095 2454 5095 2454 5096 2437 5096 2425 5096 2454 5097 2425 5097 2455 5097 2455 5098 2425 5099 2426 5100 2455 5101 2426 5101 2456 5101 2456 5102 2426 5102 2427 5102 2456 5103 2427 5103 2457 5103 2457 5104 2427 5104 2428 5104 2457 5105 2428 5105 2458 5105 2458 5106 2428 5107 2429 5108 2458 5109 2429 5110 2459 5111 2459 5112 2429 5113 2430 5114 2459 5115 2430 5116 2460 5117 2460 5118 2430 5119 2431 5120 2460 5121 2431 5122 2461 5123 2461 5124 2431 5124 2432 5124 2461 5125 2432 5126 2462 5127 2462 5128 2432 5128 2433 5129 2462 5130 2433 5131 2463 5132 2463 5133 2433 5134 2434 5135 2463 5136 2434 5137 2464 5138 2464 5139 2434 5140 2435 5141 2464 5142 2435 5143 2465 5144 2465 5145 2435 5145 2436 5145 2465 5146 2436 5146 2466 5146 2466 5147 2436 5147 2424 5147 2466 5148 2424 5148 2467 5148 291 5149 2439 5149 2440 5149 2440 5150 2439 5150 2454 5150 2440 5151 2454 5151 2468 5151 2468 5152 2454 5152 2455 5152 2468 5153 2455 5153 2469 5153 2469 5154 2455 5154 2456 5154 2469 5155 2456 5156 2470 5157 2470 5158 2456 5158 2457 5158 2470 5159 2457 5159 2471 5159 2471 5160 2457 5161 2458 5162 2471 5163 2458 5164 2472 5165 2472 5166 2458 5166 2459 5166 2472 5167 2459 5168 2473 5169 2473 5170 2459 5171 2460 5172 2473 5173 2460 5173 2474 5173 2474 5174 2460 5174 2461 5174 2474 5175 2461 5176 2475 5177 2475 5178 2461 5178 2462 5178 2475 5179 2462 5180 2476 5181 2476 5182 2462 5183 2463 5184 2476 5185 2463 5185 2477 5185 2477 5186 2463 5187 2464 5188 2477 5189 2464 5189 2478 5189 2478 5190 2464 5191 2465 5192 2478 5193 2465 5193 2479 5193 2479 5194 2465 5194 2466 5194 2479 5195 2466 5195 2480 5195 2480 5196 2466 5196 2467 5196 2480 5197 2467 5198 2481 5199 275 5200 2440 5200 2441 5200 2441 5201 2440 5201 2468 5201 2441 5202 2468 5202 2482 5202 2482 5203 2468 5203 2469 5203 2482 5204 2469 5204 2483 5204 2483 5205 2469 5206 2470 5207 2483 5208 2470 5209 2484 5210 2484 5211 2470 5211 2471 5211 2484 5212 2471 5212 2485 5212 2485 5213 2471 5213 2472 5213 2485 5214 2472 5214 2486 5214 2486 5215 2472 5216 2473 5217 2486 5218 2473 5219 2487 5220 2487 5221 2473 5221 2474 5221 2487 5222 2474 5222 2488 5222 2488 5223 2474 5223 2475 5223 2488 5224 2475 5224 2489 5224 2489 5225 2475 5225 2476 5225 2489 5226 2476 5226 2490 5226 2490 5227 2476 5227 2477 5227 2490 5228 2477 5228 2491 5228 2491 5229 2477 5230 2478 5231 2491 5232 2478 5232 2492 5232 2492 5233 2478 5233 2479 5233 2492 5234 2479 5235 2493 5236 2493 5237 2479 5237 2480 5237 2493 5238 2480 5238 2494 5238 2494 5239 2480 5239 2481 5239 2494 5240 2481 5240 2495 5240 283 5241 2447 5241 2496 5241 2496 5242 2447 5242 2497 5242 2496 5243 2497 5243 2498 5243 2498 5244 2497 5244 2499 5244 2498 5245 2499 5245 2500 5245 2500 5246 2499 5246 2501 5246 2500 5247 2501 5247 2502 5247 2502 5248 2501 5248 2503 5248 2502 5249 2503 5249 2504 5249 2504 5250 2503 5250 2505 5250 2504 5251 2505 5251 2506 5251 2506 5252 2505 5252 2507 5252 2506 5253 2507 5253 2508 5253 2508 5254 2507 5254 2509 5254 2508 5255 2509 5255 2510 5255 2510 5256 2509 5256 2511 5256 2510 5257 2511 5257 2512 5257 2512 5258 2511 5258 2513 5258 2512 5259 2513 5259 2514 5259 2514 5260 2513 5260 2515 5260 2514 5261 2515 5261 2516 5261 2516 5262 2515 5262 2517 5262 2516 5263 2517 5263 2518 5263 2518 5264 2517 5264 2519 5264 2518 5265 2519 5265 2520 5265 2520 5266 2519 5266 2521 5266 2520 5267 2521 5267 2522 5267 2522 5268 2521 5268 2523 5268 2522 5269 2523 5269 2524 5269 188 5270 2406 5270 2524 5270 2524 5271 2406 5271 2525 5271 2524 5272 2525 5272 2522 5272 2522 5273 2525 5273 2526 5273 2522 5274 2526 5274 2520 5274 2520 5275 2526 5275 2527 5275 2520 5276 2527 5276 2518 5276 2518 5277 2527 5277 2528 5277 2518 5278 2528 5279 2516 5280 2516 5281 2528 5281 2529 5281 2516 5282 2529 5282 2514 5282 2514 5283 2529 5283 2530 5283 2514 5284 2530 5284 2512 5284 2512 5285 2530 5285 2531 5285 2512 5286 2531 5286 2510 5286 2510 5287 2531 5287 2532 5287 2510 5288 2532 5288 2508 5288 2508 5289 2532 5289 2533 5289 2508 5290 2533 5290 2506 5290 2506 5291 2533 5291 2534 5291 2506 5292 2534 5292 2504 5292 2504 5293 2534 5293 2535 5293 2504 5294 2535 5294 2502 5294 2502 5295 2535 5295 2536 5295 2502 5296 2536 5297 2500 5298 2500 5299 2536 5299 2537 5299 2500 5300 2537 5300 2498 5300 2498 5301 2537 5301 2448 5301 2498 5302 2448 5302 2496 5302 2496 5303 2448 5303 284 5303 2496 5304 284 5304 283 5304 286 5305 2449 5305 2450 5305 2450 5306 2449 5306 2538 5306 2450 5307 2538 5307 2539 5307 2539 5308 2538 5308 2540 5308 2539 5309 2540 5309 2541 5309 2541 5310 2540 5311 2542 5312 2541 5313 2542 5313 2543 5313 2543 5314 2542 5314 2544 5314 2543 5315 2544 5315 2545 5315 2545 5316 2544 5316 2546 5316 2545 5317 2546 5317 2547 5317 2547 5318 2546 5318 2548 5318 2547 5319 2548 5319 2549 5319 2549 5320 2548 5320 2550 5320 2549 5321 2550 5321 2551 5321 2551 5322 2550 5322 2552 5322 2551 5323 2552 5323 2553 5323 2553 5324 2552 5324 2554 5324 2553 5325 2554 5325 2555 5325 2555 5326 2554 5326 2556 5326 2555 5327 2556 5327 2557 5327 2557 5328 2556 5328 2558 5328 2557 5329 2558 5329 2559 5329 2559 5330 2558 5330 2560 5330 2559 5331 2560 5331 2561 5331 2561 5332 2560 5332 2562 5332 2561 5333 2562 5333 2563 5333 2563 5334 2562 5334 2564 5334 2563 5335 2564 5335 2565 5335 287 5336 2450 5336 2451 5336 2451 5337 2450 5337 2539 5337 2451 5338 2539 5338 2566 5338 2566 5339 2539 5339 2541 5339 2566 5340 2541 5340 2567 5340 2567 5341 2541 5341 2543 5341 2567 5342 2543 5342 2568 5342 2568 5343 2543 5343 2545 5343 2568 5344 2545 5344 2569 5344 2569 5345 2545 5345 2547 5345 2569 5346 2547 5346 2570 5346 2570 5347 2547 5347 2549 5347 2570 5348 2549 5348 2571 5348 2571 5349 2549 5349 2551 5349 2571 5350 2551 5350 2572 5350 2572 5351 2551 5351 2553 5351 2572 5352 2553 5352 2573 5352 2573 5353 2553 5353 2555 5353 2573 5354 2555 5354 2574 5354 2574 5355 2555 5355 2557 5355 2574 5356 2557 5356 2575 5356 2575 5357 2557 5357 2559 5357 2575 5358 2559 5358 2576 5358 2576 5359 2559 5359 2561 5359 2576 5360 2561 5360 2577 5360 2577 5361 2561 5361 2563 5361 2577 5362 2563 5362 2578 5362 2578 5363 2563 5363 2565 5363 2578 5364 2565 5364 2579 5364 264 5365 2451 5365 2580 5365 2580 5366 2451 5366 2566 5366 2580 5367 2566 5367 2581 5367 2581 5368 2566 5368 2567 5368 2581 5369 2567 5369 2582 5369 2582 5370 2567 5370 2568 5370 2582 5371 2568 5371 2583 5371 2583 5372 2568 5372 2569 5372 2583 5373 2569 5373 2584 5373 2584 5374 2569 5374 2570 5374 2584 5375 2570 5375 2585 5375 2585 5376 2570 5376 2571 5376 2585 5377 2571 5377 2586 5377 2586 5378 2571 5378 2572 5378 2586 5379 2572 5379 2587 5379 2587 5380 2572 5380 2573 5380 2587 5381 2573 5381 2588 5381 2588 5382 2573 5382 2574 5382 2588 5383 2574 5383 2589 5383 2589 5384 2574 5384 2575 5384 2589 5385 2575 5385 2590 5385 2590 5386 2575 5386 2576 5386 2590 5387 2576 5387 2591 5387 2591 5388 2576 5388 2577 5388 2591 5389 2577 5389 2592 5389 2592 5390 2577 5390 2578 5390 2592 5391 2578 5391 2593 5391 2593 5392 2578 5392 2579 5392 2593 5393 2579 5393 2594 5393 175 5394 2405 5394 2594 5394 2594 5395 2405 5395 2595 5395 2594 5396 2595 5396 2593 5396 2593 5397 2595 5397 2596 5397 2593 5398 2596 5398 2592 5398 2592 5399 2596 5399 2597 5399 2592 5400 2597 5400 2591 5400 2591 5401 2597 5401 2598 5401 2591 5402 2598 5403 2590 5404 2590 5405 2598 5405 2599 5405 2590 5406 2599 5406 2589 5406 2589 5407 2599 5407 2600 5407 2589 5408 2600 5408 2588 5408 2588 5409 2600 5409 2601 5409 2588 5410 2601 5410 2587 5410 2587 5411 2601 5411 2602 5411 2587 5412 2602 5412 2586 5412 2586 5413 2602 5413 2603 5413 2586 5414 2603 5414 2585 5414 2585 5415 2603 5415 2604 5415 2585 5416 2604 5416 2584 5416 2584 5417 2604 5417 2605 5417 2584 5418 2605 5418 2583 5418 2583 5419 2605 5419 2606 5419 2583 5420 2606 5420 2582 5420 2582 5421 2606 5421 2607 5421 2582 5422 2607 5422 2581 5422 2581 5423 2607 5423 2608 5423 2581 5424 2608 5424 2580 5424 2580 5425 2608 5425 265 5425 2580 5426 265 5426 264 5426 259 5427 2452 5427 2453 5427 2453 5428 2452 5428 2609 5428 2453 5429 2609 5429 2610 5429 2610 5430 2609 5430 2611 5430 2610 5431 2611 5431 2612 5431 2612 5432 2611 5432 2613 5432 2612 5433 2613 5434 2614 5435 2614 5436 2613 5436 2615 5436 2614 5437 2615 5437 2616 5437 2616 5438 2615 5438 2617 5438 2616 5439 2617 5439 2618 5439 2618 5440 2617 5440 2619 5440 2618 5441 2619 5441 2620 5441 2620 5442 2619 5442 2621 5442 2620 5443 2621 5443 2622 5443 2622 5444 2621 5444 2623 5444 2622 5445 2623 5445 2624 5445 2624 5446 2623 5446 2625 5446 2624 5447 2625 5447 2626 5447 2626 5448 2625 5448 2627 5448 2626 5449 2627 5449 2628 5449 2628 5450 2627 5450 2629 5450 2628 5451 2629 5451 2630 5451 2630 5452 2629 5452 2631 5452 2630 5453 2631 5453 2632 5453 2632 5454 2631 5454 2633 5454 2632 5455 2633 5455 2634 5455 2634 5456 2633 5456 2635 5456 2634 5457 2635 5457 2636 5457 262 5458 2453 5458 2409 5458 2409 5459 2453 5459 2610 5459 2409 5460 2610 5460 2410 5460 2410 5461 2610 5461 2612 5461 2410 5462 2612 5462 2416 5462 2416 5463 2612 5464 2614 5465 2416 5466 2614 5467 2415 5468 2415 5469 2614 5469 2616 5469 2415 5470 2616 5470 2414 5470 2414 5471 2616 5471 2618 5471 2414 5472 2618 5472 2413 5472 2413 5473 2618 5473 2620 5473 2413 5474 2620 5474 2412 5474 2412 5475 2620 5475 2622 5475 2412 5476 2622 5476 2411 5476 2411 5477 2622 5477 2624 5477 2411 5478 2624 5478 2423 5478 2423 5479 2624 5479 2626 5479 2423 5480 2626 5480 2422 5480 2422 5481 2626 5481 2628 5481 2422 5482 2628 5482 2421 5482 2421 5483 2628 5483 2630 5483 2421 5484 2630 5484 2420 5484 2420 5485 2630 5485 2632 5485 2420 5486 2632 5486 2419 5486 2419 5487 2632 5487 2634 5487 2419 5488 2634 5488 2418 5488 2418 5489 2634 5489 2636 5489 2418 5490 2636 5490 2417 5490 44 5491 55 5491 2424 5491 2424 5492 55 5492 161 5492 2424 5493 161 5493 2467 5493 2467 5494 161 5494 163 5494 2467 5495 163 5495 2481 5495 2481 5496 163 5496 154 5496 2481 5497 154 5497 2495 5497 2495 5498 154 5498 156 5498 2495 5499 156 5499 158 5499 276 5500 2441 5500 2442 5500 2442 5501 2441 5501 2482 5501 2442 5502 2482 5502 2637 5502 2637 5503 2482 5503 2483 5503 2637 5504 2483 5504 2638 5504 2638 5505 2483 5506 2484 5507 2638 5508 2484 5509 2639 5510 2639 5511 2484 5511 2485 5511 2639 5512 2485 5512 2640 5512 2640 5513 2485 5513 2486 5513 2640 5514 2486 5514 2641 5514 2641 5515 2486 5516 2487 5517 2641 5518 2487 5518 2642 5518 2642 5519 2487 5519 2488 5519 2642 5520 2488 5521 2643 5521 2643 5522 2488 5522 2489 5522 2643 5523 2489 5523 2644 5523 2644 5524 2489 5524 2490 5524 2644 5525 2490 5525 2645 5525 2645 5526 2490 5526 2491 5526 2645 5527 2491 5528 2646 5529 2646 5530 2491 5530 2492 5530 2646 5531 2492 5532 2647 5531 2647 5533 2492 5533 2493 5533 2647 5534 2493 5534 2648 5534 2648 5535 2493 5535 2494 5535 2648 5536 2494 5536 2649 5536 2649 5537 2494 5537 2495 5537 2649 5538 2495 5538 2650 5538 2650 5539 2495 5539 158 5539 2650 5540 158 5540 152 5540 277 5541 2442 5541 2443 5541 2443 5542 2442 5542 2637 5542 2443 5543 2637 5543 2651 5543 2651 5544 2637 5544 2638 5544 2651 5545 2638 5545 2652 5545 2652 5546 2638 5547 2639 5548 2652 5549 2639 5549 2653 5549 2653 5550 2639 5550 2640 5550 2653 5551 2640 5551 2654 5551 2654 5552 2640 5552 2641 5552 2654 5553 2641 5553 2655 5553 2655 5554 2641 5555 2642 5554 2655 5556 2642 5556 2656 5556 2656 5557 2642 5557 2643 5557 2656 5558 2643 5558 2657 5558 2657 5559 2643 5559 2644 5559 2657 5560 2644 5560 2658 5560 2658 5561 2644 5561 2645 5561 2658 5562 2645 5563 2659 5564 2659 5565 2645 5565 2646 5565 2659 5566 2646 5566 2660 5566 2660 5567 2646 5567 2647 5567 2660 5568 2647 5568 2661 5568 2661 5569 2647 5569 2648 5569 2661 5570 2648 5570 2662 5570 2662 5571 2648 5571 2649 5571 2662 5572 2649 5572 2663 5572 2663 5573 2649 5573 2650 5573 2663 5574 2650 5574 2664 5574 2664 5575 2650 5575 152 5575 2664 5576 152 5576 151 5576 278 5577 2443 5577 2444 5577 2444 5578 2443 5578 2651 5578 2444 5579 2651 5579 2665 5579 2665 5580 2651 5580 2652 5580 2665 5581 2652 5581 2666 5581 2666 5582 2652 5582 2653 5582 2666 5583 2653 5584 2667 5585 2667 5586 2653 5586 2654 5586 2667 5587 2654 5587 2668 5587 2668 5588 2654 5588 2655 5588 2668 5589 2655 5589 2669 5589 2669 5590 2655 5590 2656 5590 2669 5591 2656 5591 2670 5591 2670 5592 2656 5592 2657 5592 2670 5593 2657 5594 2671 5595 2671 5596 2657 5596 2658 5596 2671 5597 2658 5597 2672 5597 2672 5598 2658 5599 2659 5600 2672 5601 2659 5601 2673 5601 2673 5602 2659 5603 2660 5604 2673 5605 2660 5606 2674 5607 2674 5608 2660 5608 2661 5608 2674 5609 2661 5609 2675 5609 2675 5610 2661 5610 2662 5610 2675 5611 2662 5611 2676 5611 2676 5612 2662 5613 2663 5614 2676 5615 2663 5615 2677 5615 2677 5616 2663 5616 2664 5616 2677 5617 2664 5617 2678 5617 2678 5618 2664 5618 151 5618 2678 5619 151 5619 204 5619 279 5620 2444 5620 2445 5620 2445 5621 2444 5621 2665 5621 2445 5622 2665 5622 2679 5622 2679 5623 2665 5623 2666 5623 2679 5624 2666 5624 2680 5624 2680 5625 2666 5625 2667 5625 2680 5626 2667 5627 2681 5628 2681 5629 2667 5629 2668 5629 2681 5630 2668 5630 2682 5630 2682 5631 2668 5631 2669 5631 2682 5632 2669 5632 2683 5632 2683 5633 2669 5633 2670 5633 2683 5634 2670 5634 2684 5634 2684 5635 2670 5635 2671 5635 2684 5636 2671 5636 2685 5636 2685 5637 2671 5637 2672 5637 2685 5638 2672 5638 2686 5638 2686 5639 2672 5640 2673 5641 2686 5642 2673 5642 2687 5642 2687 5643 2673 5643 2674 5643 2687 5644 2674 5645 2688 5646 2688 5647 2674 5647 2675 5647 2688 5648 2675 5648 2689 5648 2689 5649 2675 5649 2676 5649 2689 5650 2676 5650 2690 5650 2690 5651 2676 5651 2677 5651 2690 5652 2677 5652 2691 5652 2691 5653 2677 5653 2678 5653 2691 5654 2678 5654 2692 5654 2692 5655 2678 5655 204 5655 2692 5656 204 5656 201 5656 280 5657 2445 5657 2446 5657 2446 5658 2445 5658 2679 5658 2446 5659 2679 5659 2693 5659 2693 5660 2679 5660 2680 5660 2693 5661 2680 5661 2694 5661 2694 5662 2680 5662 2681 5662 2694 5663 2681 5663 2695 5663 2695 5664 2681 5664 2682 5664 2695 5665 2682 5665 2696 5665 2696 5666 2682 5666 2683 5666 2696 5667 2683 5667 2697 5667 2697 5668 2683 5668 2684 5668 2697 5669 2684 5669 2698 5669 2698 5670 2684 5670 2685 5670 2698 5671 2685 5671 2699 5671 2699 5672 2685 5672 2686 5672 2699 5673 2686 5673 2700 5673 2700 5674 2686 5675 2687 5676 2700 5677 2687 5677 2701 5677 2701 5678 2687 5678 2688 5678 2701 5679 2688 5679 2702 5679 2702 5680 2688 5680 2689 5680 2702 5681 2689 5681 2703 5681 2703 5682 2689 5682 2690 5682 2703 5683 2690 5683 2704 5683 2704 5684 2690 5684 2691 5684 2704 5685 2691 5685 2705 5685 2705 5686 2691 5686 2692 5686 2705 5687 2692 5687 2407 5687 2407 5688 2692 5688 201 5688 2407 5689 201 5689 199 5689 281 5690 2446 5690 2706 5690 2706 5691 2446 5691 2693 5691 2706 5692 2693 5692 2707 5692 2707 5693 2693 5693 2694 5693 2707 5694 2694 5694 2708 5694 2708 5695 2694 5695 2695 5695 2708 5696 2695 5696 2709 5696 2709 5697 2695 5697 2696 5697 2709 5698 2696 5698 2710 5698 2710 5699 2696 5699 2697 5699 2710 5700 2697 5700 2711 5700 2711 5701 2697 5701 2698 5701 2711 5702 2698 5702 2712 5702 2712 5703 2698 5703 2699 5703 2712 5704 2699 5704 2713 5704 2713 5705 2699 5705 2700 5705 2713 5706 2700 5706 2714 5706 2714 5707 2700 5707 2701 5707 2714 5708 2701 5708 2715 5708 2715 5709 2701 5709 2702 5709 2715 5710 2702 5710 2716 5710 2716 5711 2702 5711 2703 5711 2716 5712 2703 5712 2717 5712 2717 5713 2703 5713 2704 5713 2717 5714 2704 5715 2718 5716 2718 5717 2704 5717 2705 5717 2718 5718 2705 5718 2719 5718 2719 5719 2705 5719 2407 5719 2719 5720 2407 5720 2720 5720 2720 5721 2407 5721 198 5721 2720 5722 198 5722 196 5722 196 5723 2523 5723 2720 5723 2720 5724 2523 5724 2521 5724 2720 5725 2521 5725 2719 5725 2719 5726 2521 5726 2519 5726 2719 5727 2519 5727 2718 5727 2718 5728 2519 5728 2517 5728 2718 5729 2517 5729 2717 5729 2717 5730 2517 5730 2515 5730 2717 5731 2515 5731 2716 5731 2716 5732 2515 5732 2513 5732 2716 5733 2513 5733 2715 5733 2715 5734 2513 5734 2511 5734 2715 5735 2511 5735 2714 5735 2714 5736 2511 5737 2509 5738 2714 5739 2509 5739 2713 5739 2713 5740 2509 5741 2507 5742 2713 5743 2507 5743 2712 5743 2712 5744 2507 5744 2505 5744 2712 5745 2505 5745 2711 5745 2711 5746 2505 5746 2503 5746 2711 5747 2503 5747 2710 5747 2710 5748 2503 5748 2501 5748 2710 5749 2501 5749 2709 5749 2709 5750 2501 5751 2499 5752 2709 5753 2499 5753 2708 5753 2708 5754 2499 5754 2497 5754 2708 5755 2497 5755 2707 5755 2707 5756 2497 5756 2447 5756 2707 5757 2447 5757 2706 5757 2706 5758 2447 5758 282 5758 2706 5759 282 5759 281 5759 196 5760 194 5760 2523 5760 2523 5761 194 5761 192 5761 2523 5762 192 5762 2524 5762 2524 5763 192 5763 190 5763 2524 5764 190 5764 188 5764 285 5765 2448 5765 2449 5765 2449 5766 2448 5766 2537 5766 2449 5767 2537 5767 2538 5767 2538 5768 2537 5768 2536 5768 2538 5769 2536 5769 2540 5769 2540 5770 2536 5770 2535 5770 2540 5771 2535 5771 2542 5771 2542 5772 2535 5772 2534 5772 2542 5773 2534 5773 2544 5773 2544 5774 2534 5774 2533 5774 2544 5775 2533 5775 2546 5775 2546 5776 2533 5776 2532 5776 2546 5777 2532 5777 2548 5777 2548 5778 2532 5778 2531 5778 2548 5779 2531 5779 2550 5779 2550 5780 2531 5780 2530 5780 2550 5781 2530 5781 2552 5781 2552 5782 2530 5782 2529 5782 2552 5783 2529 5783 2554 5783 2554 5784 2529 5784 2528 5784 2554 5785 2528 5785 2556 5785 2556 5786 2528 5786 2527 5786 2556 5787 2527 5787 2558 5787 2558 5788 2527 5788 2526 5788 2558 5789 2526 5789 2560 5789 2560 5790 2526 5790 2525 5790 2560 5791 2525 5791 2562 5791 2562 5792 2525 5792 2406 5792 2562 5793 2406 5793 2564 5793 2564 5794 2406 5794 186 5794 2564 5795 186 5795 2565 5795 2565 5796 186 5796 184 5796 2565 5797 184 5797 2579 5797 184 5798 183 5798 2579 5798 2579 5799 183 5799 180 5799 2579 5800 180 5800 2594 5800 2594 5801 180 5801 177 5801 2594 5802 177 5802 175 5802 167 5803 318 5803 169 5803 169 5804 318 5804 2417 5804 169 5805 2417 5805 171 5805 171 5806 2417 5806 2636 5806 171 5807 2636 5807 173 5807 173 5808 2636 5808 2635 5808 173 5809 2635 5809 2405 5809 2405 5810 2635 5810 2633 5810 2405 5811 2633 5811 2595 5811 2595 5812 2633 5812 2631 5812 2595 5813 2631 5813 2596 5813 2596 5814 2631 5814 2629 5814 2596 5815 2629 5815 2597 5815 2597 5816 2629 5816 2627 5816 2597 5817 2627 5817 2598 5817 2598 5818 2627 5818 2625 5818 2598 5819 2625 5819 2599 5819 2599 5820 2625 5820 2623 5820 2599 5821 2623 5821 2600 5821 2600 5822 2623 5823 2621 5824 2600 5825 2621 5825 2601 5825 2601 5826 2621 5826 2619 5826 2601 5827 2619 5827 2602 5827 2602 5828 2619 5828 2617 5828 2602 5829 2617 5829 2603 5829 2603 5830 2617 5830 2615 5830 2603 5831 2615 5831 2604 5831 2604 5832 2615 5832 2613 5832 2604 5833 2613 5833 2605 5833 2605 5834 2613 5834 2611 5834 2605 5835 2611 5835 2606 5835 2606 5836 2611 5836 2609 5836 2606 5837 2609 5837 2607 5837 2607 5838 2609 5838 2452 5838 2607 5839 2452 5839 2608 5839 2608 5840 2452 5840 258 5840 2608 5841 258 5841 265 5841 2721 5842 771 5842 773 5842 2722 5843 756 5843 758 5843 408 5844 2723 5844 409 5844 409 5845 2723 5845 2724 5845 409 5846 2724 5846 410 5846 410 5847 2724 5847 2725 5847 410 5848 2725 5848 412 5848 416 5849 415 5849 2726 5849 2726 5850 415 5850 414 5850 2726 5851 414 5851 2725 5851 2725 5852 414 5852 413 5852 2725 5853 413 5853 412 5853 495 5854 424 5854 2727 5854 2727 5855 424 5855 423 5855 2727 5856 423 5856 2728 5856 2728 5857 423 5857 422 5857 2728 5858 422 5858 2729 5858 2729 5859 422 5859 421 5859 2729 5860 421 5860 2730 5860 2730 5861 421 5861 420 5861 2730 5862 420 5862 2731 5862 2731 5863 420 5863 419 5863 2731 5864 419 5864 2732 5864 2732 5865 419 5865 418 5865 2732 5866 418 5866 2733 5866 2733 5867 418 5867 417 5867 2733 5868 417 5868 2734 5868 2734 5869 417 5869 416 5869 2734 5870 416 5870 2735 5870 2735 5871 416 5871 2726 5871 790 5872 801 5872 2727 5872 2727 5873 801 5873 496 5873 2727 5874 496 5874 495 5874 807 5875 792 5875 2736 5875 805 5876 807 5876 2737 5876 833 5877 805 5877 2738 5877 828 5878 833 5878 2739 5878 814 5879 828 5879 2740 5879 816 5880 814 5880 2741 5880 823 5881 816 5881 2742 5881 819 5882 821 5882 2743 5882 812 5883 819 5883 2744 5883 804 5884 810 5884 2745 5884 802 5885 804 5885 2746 5885 798 5886 802 5886 2747 5886 799 5887 798 5887 2748 5887 799 5888 2748 5888 2749 5888 2749 5889 2748 5889 2750 5889 2749 5890 2750 5890 2751 5890 2751 5891 2750 5891 2752 5891 2751 5892 2752 5892 2753 5892 2753 5893 2752 5893 2754 5893 2753 5894 2754 5894 2755 5894 2755 5895 2754 5895 2756 5895 2755 5896 2756 5896 2757 5896 2757 5897 2756 5897 2758 5897 2757 5898 2758 5899 2759 5900 2759 5901 2758 5902 2760 5901 2759 5903 2760 5903 2761 5903 2761 5904 2760 5904 2762 5904 2762 5905 2760 5905 2763 5905 2762 5906 2763 5906 2764 5906 2764 5907 2763 5908 2765 5909 2764 5910 2765 5911 2766 5912 2766 5913 2765 5913 2767 5913 2766 5914 2767 5914 2768 5914 2768 5915 2767 5915 2769 5915 2768 5916 2769 5916 2770 5916 790 5917 2727 5917 2771 5917 2771 5918 2727 5918 2728 5918 2771 5919 2728 5919 2772 5919 2772 5920 2728 5920 2729 5920 2772 5921 2729 5921 2773 5921 2773 5922 2729 5922 2730 5922 2773 5923 2730 5923 2774 5923 2774 5924 2730 5924 2731 5924 2774 5925 2731 5925 2775 5925 2775 5926 2731 5926 2732 5926 2775 5927 2732 5927 2776 5927 2776 5928 2732 5928 2733 5928 2776 5929 2733 5929 2777 5929 2777 5930 2733 5930 2734 5930 2777 5931 2734 5931 2778 5931 2778 5932 2734 5932 2735 5932 2778 5933 2735 5933 2779 5933 2779 5934 2735 5935 2726 5936 2779 5937 2726 5937 2780 5937 2780 5938 2726 5938 2725 5938 2780 5939 2725 5939 2781 5939 2781 5940 2725 5940 2724 5940 2781 5941 2724 5941 2782 5941 2782 5942 2724 5942 2723 5942 2782 5943 2723 5943 2783 5943 756 5944 2722 5944 2783 5944 2783 5945 2722 5945 2784 5945 2783 5946 2784 5946 2782 5946 2782 5947 2784 5947 2785 5947 2782 5948 2785 5948 2781 5948 2781 5949 2785 5949 2786 5949 2781 5950 2786 5950 2780 5950 2780 5951 2786 5951 2787 5951 2780 5952 2787 5952 2779 5952 2779 5953 2787 5953 2788 5953 2779 5954 2788 5954 2778 5954 2778 5955 2788 5955 2789 5955 2778 5956 2789 5956 2777 5956 2777 5957 2789 5957 2790 5957 2777 5958 2790 5958 2776 5958 2776 5959 2790 5959 2791 5959 2776 5960 2791 5960 2775 5960 2775 5961 2791 5961 2792 5961 2775 5962 2792 5962 2774 5962 2774 5963 2792 5963 2793 5963 2774 5964 2793 5964 2773 5964 2773 5965 2793 5965 2794 5965 2773 5966 2794 5966 2772 5966 2772 5967 2794 5967 2736 5967 2772 5968 2736 5968 2771 5968 2771 5969 2736 5969 792 5969 2771 5970 792 5970 790 5970 805 5971 2737 5971 2738 5971 2738 5972 2737 5972 2795 5972 2738 5973 2795 5973 2796 5973 2796 5974 2795 5974 2797 5974 2796 5975 2797 5975 2798 5975 2798 5976 2797 5976 2799 5976 2798 5977 2799 5977 2800 5977 2800 5978 2799 5978 2801 5978 2800 5979 2801 5979 2802 5979 2802 5980 2801 5980 2803 5980 2802 5981 2803 5981 2804 5981 2804 5982 2803 5982 2805 5982 2804 5983 2805 5983 2806 5983 2806 5984 2805 5984 2807 5984 2806 5985 2807 5985 2808 5985 2808 5986 2807 5986 2809 5986 2808 5987 2809 5987 2810 5987 2810 5988 2809 5988 2811 5988 2810 5989 2811 5989 2812 5989 2812 5990 2811 5990 2813 5990 2812 5991 2813 5991 2814 5991 2814 5992 2813 5992 2815 5992 2814 5993 2815 5993 2816 5993 2816 5994 2815 5994 2817 5994 2816 5995 2817 5995 2818 5995 833 5996 2738 5996 2739 5996 2739 5997 2738 5997 2796 5997 2739 5998 2796 5998 2819 5998 2819 5999 2796 5999 2798 5999 2819 6000 2798 6000 2820 6000 2820 6001 2798 6001 2800 6001 2820 6002 2800 6002 2821 6002 2821 6003 2800 6003 2802 6003 2821 6004 2802 6004 2822 6004 2822 6005 2802 6005 2804 6005 2822 6006 2804 6006 2823 6006 2823 6007 2804 6007 2806 6007 2823 6008 2806 6008 2824 6008 2824 6009 2806 6009 2808 6009 2824 6010 2808 6010 2825 6010 2825 6011 2808 6011 2810 6011 2825 6012 2810 6012 2826 6012 2826 6013 2810 6013 2812 6013 2826 6014 2812 6014 2827 6014 2827 6015 2812 6015 2814 6015 2827 6016 2814 6016 2828 6016 2828 6017 2814 6017 2816 6017 2828 6018 2816 6018 2829 6018 2829 6019 2816 6019 2818 6019 2829 6020 2818 6020 2830 6020 828 6021 2739 6021 2740 6021 2740 6022 2739 6022 2819 6022 2740 6023 2819 6023 2831 6023 2831 6024 2819 6024 2820 6024 2831 6025 2820 6025 2832 6025 2832 6026 2820 6026 2821 6026 2832 6027 2821 6027 2833 6027 2833 6028 2821 6028 2822 6028 2833 6029 2822 6029 2834 6029 2834 6030 2822 6030 2823 6030 2834 6031 2823 6031 2835 6031 2835 6032 2823 6032 2824 6032 2835 6033 2824 6033 2836 6033 2836 6034 2824 6034 2825 6034 2836 6035 2825 6035 2837 6035 2837 6036 2825 6036 2826 6036 2837 6037 2826 6037 2838 6037 2838 6038 2826 6038 2827 6038 2838 6039 2827 6039 2839 6039 2839 6040 2827 6040 2828 6040 2839 6041 2828 6041 2840 6041 2840 6042 2828 6042 2829 6042 2840 6043 2829 6043 2841 6043 2841 6044 2829 6044 2830 6044 2841 6045 2830 6045 2842 6045 771 6046 2721 6046 2843 6046 2843 6047 2721 6047 2844 6047 2843 6048 2844 6048 2845 6048 2845 6049 2844 6049 2846 6049 2845 6050 2846 6050 2847 6050 2847 6051 2846 6051 2848 6051 2847 6052 2848 6052 2849 6052 2849 6053 2848 6053 2850 6053 2849 6054 2850 6055 2851 6056 2851 6057 2850 6057 2852 6057 2851 6058 2852 6058 2853 6058 2853 6059 2852 6059 2854 6059 2853 6060 2854 6060 2855 6060 2855 6061 2854 6061 2856 6061 2855 6062 2856 6062 2857 6062 2857 6063 2856 6063 2858 6063 2857 6064 2858 6064 2859 6064 2859 6065 2858 6065 2860 6065 2859 6066 2860 6066 2861 6066 2861 6067 2860 6067 2862 6067 2861 6068 2862 6068 2863 6068 2863 6069 2862 6069 2864 6069 2863 6070 2864 6070 2865 6070 2865 6071 2864 6071 2743 6071 2865 6072 2743 6072 2866 6072 2866 6073 2743 6073 821 6073 2866 6074 821 6074 823 6074 804 6075 2745 6075 2746 6075 2746 6076 2745 6076 2867 6076 2746 6077 2867 6077 2868 6077 2868 6078 2867 6078 2869 6078 2868 6079 2869 6079 2870 6079 2870 6080 2869 6080 2871 6080 2870 6081 2871 6081 2872 6081 2872 6082 2871 6082 2873 6082 2872 6083 2873 6083 2874 6083 2874 6084 2873 6084 2875 6084 2874 6085 2875 6085 2876 6085 2876 6086 2875 6086 2877 6086 2876 6087 2877 6087 2878 6087 2878 6088 2877 6088 2879 6088 2878 6089 2879 6089 2880 6089 2880 6090 2879 6091 2881 6092 2880 6093 2881 6094 2882 6095 2882 6096 2881 6097 2883 6098 2882 6099 2883 6099 2884 6099 2884 6100 2883 6100 2885 6100 2884 6101 2885 6101 2886 6101 2886 6102 2885 6102 2887 6102 2886 6103 2887 6103 2888 6103 2888 6104 2887 6104 2889 6104 2888 6105 2889 6105 2890 6105 802 6106 2746 6106 2747 6106 2747 6107 2746 6107 2868 6107 2747 6108 2868 6108 2891 6108 2891 6109 2868 6109 2870 6109 2891 6110 2870 6110 2892 6110 2892 6111 2870 6111 2872 6111 2892 6112 2872 6112 2893 6112 2893 6113 2872 6113 2874 6113 2893 6114 2874 6114 2894 6114 2894 6115 2874 6115 2876 6115 2894 6116 2876 6116 2895 6116 2895 6117 2876 6117 2878 6117 2895 6118 2878 6119 2896 6120 2896 6121 2878 6121 2880 6121 2896 6122 2880 6122 2897 6122 2897 6123 2880 6124 2882 6125 2897 6126 2882 6127 2898 6128 2898 6129 2882 6129 2884 6129 2898 6130 2884 6130 2899 6130 2899 6131 2884 6131 2886 6131 2899 6132 2886 6132 2900 6132 2900 6133 2886 6133 2888 6133 2900 6134 2888 6134 2901 6134 2901 6135 2888 6135 2890 6135 2901 6136 2890 6136 2902 6136 408 6137 750 6137 2723 6137 2723 6138 750 6138 752 6138 2723 6139 752 6139 2783 6139 2783 6140 752 6140 754 6140 2783 6141 754 6141 756 6141 807 6142 2736 6142 2737 6142 2737 6143 2736 6143 2794 6143 2737 6144 2794 6144 2795 6144 2795 6145 2794 6145 2793 6145 2795 6146 2793 6146 2797 6146 2797 6147 2793 6147 2792 6147 2797 6148 2792 6148 2799 6148 2799 6149 2792 6149 2791 6149 2799 6150 2791 6150 2801 6150 2801 6151 2791 6151 2790 6151 2801 6152 2790 6152 2803 6152 2803 6153 2790 6153 2789 6153 2803 6154 2789 6154 2805 6154 2805 6155 2789 6156 2788 6157 2805 6158 2788 6158 2807 6158 2807 6159 2788 6159 2787 6159 2807 6160 2787 6160 2809 6160 2809 6161 2787 6161 2786 6161 2809 6162 2786 6162 2811 6162 2811 6163 2786 6163 2785 6163 2811 6164 2785 6164 2813 6164 2813 6165 2785 6165 2784 6165 2813 6166 2784 6166 2815 6166 2815 6167 2784 6167 2722 6167 2815 6168 2722 6168 2817 6168 2817 6169 2722 6169 758 6169 2817 6170 758 6170 2818 6170 2818 6171 758 6171 764 6171 2818 6172 764 6172 2830 6172 2830 6173 764 6173 763 6173 2830 6174 763 6174 2842 6174 2842 6175 763 6175 761 6175 2842 6176 761 6176 760 6176 814 6177 2740 6177 2741 6177 2741 6178 2740 6178 2831 6178 2741 6179 2831 6179 2903 6179 2903 6180 2831 6180 2832 6180 2903 6181 2832 6181 2904 6181 2904 6182 2832 6182 2833 6182 2904 6183 2833 6183 2905 6183 2905 6184 2833 6184 2834 6184 2905 6185 2834 6185 2906 6185 2906 6186 2834 6186 2835 6186 2906 6187 2835 6187 2907 6187 2907 6188 2835 6188 2836 6188 2907 6189 2836 6189 2908 6189 2908 6190 2836 6190 2837 6190 2908 6191 2837 6191 2909 6191 2909 6192 2837 6192 2838 6192 2909 6193 2838 6193 2910 6193 2910 6194 2838 6194 2839 6194 2910 6195 2839 6195 2911 6195 2911 6196 2839 6196 2840 6196 2911 6197 2840 6197 2912 6197 2912 6198 2840 6198 2841 6198 2912 6199 2841 6199 2913 6199 2913 6200 2841 6200 2842 6200 2913 6201 2842 6201 2914 6201 2914 6202 2842 6202 760 6202 2914 6203 760 6203 767 6203 816 6204 2741 6204 2742 6204 2742 6205 2741 6205 2903 6205 2742 6206 2903 6206 2915 6206 2915 6207 2903 6207 2904 6207 2915 6208 2904 6208 2916 6208 2916 6209 2904 6209 2905 6209 2916 6210 2905 6210 2917 6210 2917 6211 2905 6211 2906 6211 2917 6212 2906 6212 2918 6212 2918 6213 2906 6213 2907 6213 2918 6214 2907 6214 2919 6214 2919 6215 2907 6215 2908 6215 2919 6216 2908 6216 2920 6216 2920 6217 2908 6217 2909 6217 2920 6218 2909 6218 2921 6218 2921 6219 2909 6219 2910 6219 2921 6220 2910 6220 2922 6220 2922 6221 2910 6221 2911 6221 2922 6222 2911 6222 2923 6222 2923 6223 2911 6223 2912 6223 2923 6224 2912 6224 2924 6224 2924 6225 2912 6225 2913 6225 2924 6226 2913 6226 2925 6226 2925 6227 2913 6227 2914 6227 2925 6228 2914 6228 2926 6228 2926 6229 2914 6229 767 6229 2926 6230 767 6230 769 6230 823 6231 2742 6231 2866 6231 2866 6232 2742 6232 2915 6232 2866 6233 2915 6233 2865 6233 2865 6234 2915 6234 2916 6234 2865 6235 2916 6235 2863 6235 2863 6236 2916 6236 2917 6236 2863 6237 2917 6237 2861 6237 2861 6238 2917 6238 2918 6238 2861 6239 2918 6239 2859 6239 2859 6240 2918 6240 2919 6240 2859 6241 2919 6241 2857 6241 2857 6242 2919 6242 2920 6242 2857 6243 2920 6243 2855 6243 2855 6244 2920 6244 2921 6244 2855 6245 2921 6245 2853 6245 2853 6246 2921 6246 2922 6246 2853 6247 2922 6247 2851 6247 2851 6248 2922 6248 2923 6248 2851 6249 2923 6249 2849 6249 2849 6250 2923 6250 2924 6250 2849 6251 2924 6251 2847 6251 2847 6252 2924 6252 2925 6252 2847 6253 2925 6253 2845 6253 2845 6254 2925 6254 2926 6254 2845 6255 2926 6255 2843 6255 2843 6256 2926 6256 769 6256 2843 6257 769 6257 771 6257 819 6258 2743 6258 2744 6258 2744 6259 2743 6259 2864 6259 2744 6260 2864 6260 2927 6260 2927 6261 2864 6261 2862 6261 2927 6262 2862 6262 2928 6262 2928 6263 2862 6263 2860 6263 2928 6264 2860 6264 2929 6264 2929 6265 2860 6265 2858 6265 2929 6266 2858 6266 2930 6266 2930 6267 2858 6267 2856 6267 2930 6268 2856 6268 2931 6268 2931 6269 2856 6269 2854 6269 2931 6270 2854 6270 2932 6270 2932 6271 2854 6271 2852 6271 2932 6272 2852 6272 2933 6272 2933 6273 2852 6273 2850 6273 2933 6274 2850 6274 2934 6274 2934 6275 2850 6275 2848 6275 2934 6276 2848 6276 2935 6276 2935 6277 2848 6277 2846 6277 2935 6278 2846 6278 2936 6278 2936 6279 2846 6279 2844 6279 2936 6280 2844 6280 2937 6280 2937 6281 2844 6281 2721 6281 2937 6282 2721 6282 2938 6282 2938 6283 2721 6283 773 6283 2938 6284 773 6284 775 6284 812 6285 2744 6285 2939 6285 2939 6286 2744 6286 2927 6286 2939 6287 2927 6287 2940 6287 2940 6288 2927 6288 2928 6288 2940 6289 2928 6289 2941 6289 2941 6290 2928 6290 2929 6290 2941 6291 2929 6291 2942 6291 2942 6292 2929 6292 2930 6292 2942 6293 2930 6293 2943 6293 2943 6294 2930 6294 2931 6294 2943 6295 2931 6295 2944 6295 2944 6296 2931 6296 2932 6296 2944 6297 2932 6297 2945 6297 2945 6298 2932 6298 2933 6298 2945 6299 2933 6299 2946 6299 2946 6300 2933 6300 2934 6300 2946 6301 2934 6301 2947 6301 2947 6302 2934 6302 2935 6302 2947 6303 2935 6303 2948 6303 2948 6304 2935 6304 2936 6304 2948 6305 2936 6305 2949 6305 2949 6306 2936 6306 2937 6306 2949 6307 2937 6307 2950 6307 2950 6308 2937 6308 2938 6308 2950 6309 2938 6309 2951 6309 2951 6310 2938 6310 775 6310 2951 6311 775 6311 777 6311 777 6312 2889 6312 2951 6312 2951 6313 2889 6313 2887 6313 2951 6314 2887 6314 2950 6314 2950 6315 2887 6315 2885 6315 2950 6316 2885 6316 2949 6316 2949 6317 2885 6318 2883 6319 2949 6320 2883 6320 2948 6320 2948 6321 2883 6321 2881 6321 2948 6322 2881 6322 2947 6322 2947 6323 2881 6323 2879 6323 2947 6324 2879 6324 2946 6324 2946 6325 2879 6325 2877 6325 2946 6326 2877 6326 2945 6326 2945 6327 2877 6327 2875 6327 2945 6328 2875 6328 2944 6328 2944 6329 2875 6329 2873 6329 2944 6330 2873 6330 2943 6330 2943 6331 2873 6331 2871 6331 2943 6332 2871 6332 2942 6332 2942 6333 2871 6333 2869 6333 2942 6334 2869 6334 2941 6334 2941 6335 2869 6335 2867 6335 2941 6336 2867 6336 2940 6336 2940 6337 2867 6337 2745 6337 2940 6338 2745 6338 2939 6338 2939 6339 2745 6339 810 6339 2939 6340 810 6340 812 6340 777 6341 779 6341 2889 6341 2889 6342 779 6342 788 6342 2889 6343 788 6343 2890 6343 2890 6344 788 6344 787 6344 2890 6345 787 6345 2902 6345 2902 6346 787 6346 785 6346 2902 6347 785 6347 783 6347 798 6348 2747 6348 2748 6348 2748 6349 2747 6349 2891 6349 2748 6350 2891 6350 2750 6350 2750 6351 2891 6351 2892 6351 2750 6352 2892 6352 2752 6352 2752 6353 2892 6353 2893 6353 2752 6354 2893 6354 2754 6354 2754 6355 2893 6356 2894 6356 2754 6357 2894 6357 2756 6357 2756 6358 2894 6358 2895 6358 2756 6359 2895 6359 2758 6359 2758 6360 2895 6360 2896 6360 2758 6361 2896 6361 2760 6361 2760 6362 2896 6363 2897 6364 2760 6365 2897 6365 2763 6365 2763 6366 2897 6366 2898 6366 2763 6367 2898 6368 2765 6369 2765 6370 2898 6370 2899 6370 2765 6371 2899 6371 2767 6371 2767 6372 2899 6372 2900 6372 2767 6373 2900 6373 2769 6373 2769 6374 2900 6374 2901 6374 2769 6375 2901 6375 2952 6375 2952 6376 2901 6376 2902 6376 2952 6377 2902 6377 2953 6377 2953 6378 2902 6378 783 6378 2953 6379 783 6379 782 6379 2770 6380 2769 6380 2954 6380 2954 6381 2769 6382 2952 6383 2954 6384 2952 6385 2955 6386 2955 6387 2952 6387 2953 6387 2955 6388 2953 6388 2956 6388 2956 6389 2953 6389 782 6389 2956 6390 782 6390 737 6390 1338 6391 1366 6391 2957 6391 1365 6392 799 6392 2749 6392 2958 6393 2959 6394 2960 6395 2961 6396 2962 6396 2963 6396 1505 6397 1341 6397 2964 6397 2965 6398 607 6399 606 6400 1316 6401 644 6401 642 6401 642 6402 640 6402 1316 6402 1316 6403 640 6403 638 6403 1316 6404 638 6404 636 6404 2966 6405 2967 6405 645 6405 645 6406 2967 6406 632 6406 2968 6407 587 6407 2967 6407 2967 6408 587 6408 630 6408 2967 6409 630 6409 632 6409 2969 6410 594 6410 2968 6410 2968 6411 594 6411 589 6411 2968 6412 589 6412 587 6412 602 6413 599 6414 2970 6415 2970 6416 599 6417 600 6418 2970 6419 600 6420 2971 6421 2971 6422 600 6422 601 6422 2971 6423 601 6424 2972 6425 2972 6426 601 6427 591 6428 2972 6429 591 6430 593 6431 2973 6432 605 6432 2974 6432 2974 6433 605 6434 604 6435 2974 6436 604 6436 2975 6436 2975 6437 604 6438 603 6439 2975 6440 603 6441 2976 6442 2976 6443 603 6443 602 6443 2976 6444 602 6444 2977 6444 2977 6445 602 6446 2970 6447 2977 6448 2970 6449 2978 6450 611 6451 610 6451 2979 6452 2979 6453 610 6453 609 6454 2979 6455 609 6456 2965 6457 2965 6458 609 6458 608 6458 2965 6459 608 6460 607 6461 595 6462 612 6463 2980 6464 595 6465 2980 6465 596 6466 596 6467 2980 6467 2981 6467 596 6468 2981 6468 598 6468 598 6469 2981 6469 746 6469 598 6470 746 6470 625 6470 1505 6471 2964 6471 1312 6471 2982 6472 2983 6472 2984 6472 2984 6473 2983 6473 2985 6473 2984 6474 2985 6474 2986 6474 2986 6475 2985 6475 2987 6475 2986 6476 2987 6476 2964 6476 2964 6477 2987 6477 2988 6477 2964 6478 2988 6478 1312 6478 2989 6479 2969 6479 2990 6480 2990 6481 2969 6481 2968 6481 2990 6482 2968 6482 2991 6482 2991 6483 2968 6483 2967 6483 2991 6484 2967 6484 2992 6484 2992 6485 2967 6485 2966 6485 2992 6486 2966 6486 1316 6486 1316 6487 2966 6487 645 6487 1316 6488 645 6488 644 6488 2991 6489 2993 6489 2990 6489 2990 6490 2993 6490 2994 6490 2990 6491 2994 6491 2989 6492 2989 6493 2994 6493 2995 6493 2989 6494 2995 6494 2996 6494 2978 6495 2970 6495 2996 6495 2996 6496 2970 6496 2971 6496 2996 6497 2971 6498 2989 6499 2989 6500 2971 6501 2972 6502 2989 6503 2972 6504 2969 6505 2969 6506 2972 6506 593 6506 2969 6507 593 6507 594 6507 2963 6508 2962 6509 2997 6510 2997 6511 2962 6511 2998 6511 2997 6512 2998 6512 2999 6512 2999 6513 2998 6514 3000 6515 2999 6516 3000 6517 3001 6518 3001 6519 3000 6520 3002 6521 3001 6522 3002 6522 3003 6522 3003 6523 3002 6524 3004 6525 3003 6526 3004 6527 3005 6528 3005 6529 3004 6530 3006 6531 3005 6532 3006 6532 2982 6532 2982 6533 3006 6533 3007 6533 2982 6534 3007 6535 2983 6536 3008 6537 3009 6537 3010 6537 3010 6538 3009 6539 2973 6540 1316 6541 1312 6541 2992 6541 2992 6542 1312 6542 2988 6542 2992 6543 2988 6543 2991 6543 2991 6544 2988 6544 2987 6544 2991 6545 2987 6545 2993 6545 2993 6546 2987 6546 2985 6546 2993 6547 2985 6547 2994 6547 2994 6548 2985 6549 2983 6549 2994 6550 2983 6551 2995 6552 2995 6553 2983 6554 3007 6555 2995 6556 3007 6556 2996 6556 2996 6557 3007 6557 3006 6557 2996 6558 3006 6559 2978 6560 2978 6561 3006 6562 3004 6563 2978 6564 3004 6564 2977 6565 2977 6566 3004 6567 3002 6568 2977 6569 3002 6570 2976 6571 2976 6572 3002 6573 3000 6574 2976 6575 3000 6576 2975 6577 2975 6578 3000 6579 2998 6580 2975 6581 2998 6581 2974 6581 2974 6582 2998 6583 2962 6584 2974 6585 2962 6585 2973 6585 2973 6586 2962 6586 2961 6586 2973 6587 2961 6587 3010 6587 2960 6588 2959 6588 3011 6588 3011 6589 2959 6589 3012 6589 3011 6590 3012 6590 3013 6590 3013 6591 3012 6591 3014 6591 3013 6592 3014 6592 3015 6592 3015 6593 3014 6593 3016 6593 3015 6594 3016 6594 748 6594 2963 6595 2958 6595 2961 6595 2961 6596 2958 6597 2960 6598 2961 6599 2960 6600 3010 6601 3010 6602 2960 6603 3011 6604 3010 6605 3011 6605 3008 6605 3008 6606 3011 6606 3013 6606 612 6607 611 6608 2980 6609 2980 6610 611 6610 2979 6610 2980 6611 2979 6611 3017 6611 3017 6612 2979 6613 2965 6614 748 6615 746 6615 3015 6615 3015 6616 746 6616 2981 6616 3015 6617 2981 6617 3013 6617 3013 6618 2981 6618 2980 6618 3013 6619 2980 6619 3008 6620 3008 6621 2980 6621 3017 6621 3008 6622 3017 6622 3009 6622 3009 6623 3017 6623 2965 6623 3009 6624 2965 6625 2973 6626 2973 6627 2965 6627 606 6627 2973 6628 606 6629 605 6629 3018 6630 3019 6630 3020 6630 3020 6631 3019 6632 3021 6631 3020 6633 3021 6634 3022 6635 3020 6636 3022 6636 3023 6636 737 6637 744 6637 2956 6637 2956 6638 744 6638 3024 6638 2956 6639 3024 6639 2955 6639 2955 6640 3024 6640 3018 6640 2955 6641 3018 6641 2954 6641 2954 6642 3018 6642 3020 6642 1338 6643 2957 6643 1340 6643 3024 6644 3025 6644 3018 6644 3018 6645 3025 6645 3026 6645 3018 6646 3026 6646 3019 6646 3019 6647 3026 6647 3027 6647 3019 6648 3027 6649 3021 6650 3021 6651 3027 6651 3028 6651 3021 6652 3028 6652 3022 6652 3022 6653 3028 6654 3029 6655 3022 6656 3029 6656 3023 6656 3023 6657 3029 6657 3030 6657 3023 6658 3030 6658 3031 6658 3031 6659 3030 6659 3032 6659 3031 6660 3032 6660 3033 6660 3033 6661 3032 6661 3034 6661 3033 6662 3034 6663 3035 6664 3035 6665 3034 6665 3036 6665 3035 6666 3036 6666 3037 6666 3037 6667 3036 6667 3038 6667 3037 6668 3038 6668 3039 6668 3039 6669 3038 6669 3040 6669 3039 6670 3040 6670 3041 6670 3041 6671 3040 6671 3042 6671 3041 6672 3042 6672 3043 6672 3043 6673 3042 6673 3044 6673 3043 6674 3044 6674 2957 6674 2957 6675 3044 6675 3045 6675 2957 6676 3045 6676 1340 6676 1366 6677 1365 6677 2957 6677 2957 6678 1365 6678 2749 6678 2957 6679 2749 6679 3043 6679 3043 6680 2749 6680 2751 6680 3043 6681 2751 6681 3041 6681 3041 6682 2751 6682 2753 6682 3041 6683 2753 6683 3039 6683 3039 6684 2753 6684 2755 6684 3039 6685 2755 6685 3037 6685 3037 6686 2755 6686 2757 6686 3037 6687 2757 6688 3035 6689 3035 6690 2757 6690 2759 6690 3035 6691 2759 6692 3033 6693 3033 6694 2759 6694 2761 6694 3033 6695 2761 6695 3031 6695 3031 6696 2761 6696 2762 6696 3031 6697 2762 6697 3023 6697 3023 6698 2762 6698 2764 6698 3023 6699 2764 6699 3020 6699 3020 6700 2764 6701 2766 6700 3020 6702 2766 6702 2768 6702 3020 6703 2768 6703 2770 6703 3020 6704 2770 6704 2954 6704 744 6705 743 6705 3024 6705 3024 6706 743 6706 741 6706 3024 6707 741 6707 3025 6707 3025 6708 741 6708 739 6708 3025 6709 739 6709 749 6709 1341 6710 1340 6710 2964 6710 2964 6711 1340 6711 3045 6711 2964 6712 3045 6712 2986 6712 2986 6713 3045 6713 3044 6713 2986 6714 3044 6714 2984 6714 2984 6715 3044 6715 3042 6715 2984 6716 3042 6716 2982 6716 2982 6717 3042 6717 3040 6717 2982 6718 3040 6719 3005 6720 3005 6721 3040 6722 3038 6723 3005 6724 3038 6724 3003 6724 3003 6725 3038 6725 3036 6725 3003 6726 3036 6726 3001 6726 3001 6727 3036 6727 3034 6727 3001 6728 3034 6728 2999 6728 2999 6729 3034 6730 3032 6731 2999 6732 3032 6732 2997 6732 2997 6733 3032 6734 3030 6735 2997 6736 3030 6736 2963 6736 2963 6737 3030 6738 3029 6739 2963 6740 3029 6740 2958 6740 2958 6741 3029 6742 3028 6743 2958 6744 3028 6744 2959 6744 2959 6745 3028 6746 3027 6747 2959 6748 3027 6748 3012 6748 3012 6749 3027 6749 3026 6749 3012 6750 3026 6751 3014 6752 3014 6753 3026 6753 3025 6753 3014 6754 3025 6754 3016 6754 3016 6755 3025 6755 749 6755 3016 6756 749 6756 748 6756</p>
        </triangles>
      </mesh>
    </geometry>
  </library_geometries>
  <library_visual_scenes>
    <visual_scene id="Scene" name="Scene">
      <node id="Helice" name="Helice" type="NODE">
        <matrix sid="transform">3.33333e-4 0 0 0 0 3.33333e-4 0 0 0 0 3.33333e-4 0 0 0 0 1</matrix>
        <instance_geometry url="#Helice-mesh" name="Helice">
          <bind_material>
            <technique_common>
              <instance_material symbol="Material_001-material" target="#Material_001-material"/>
            </technique_common>
          </bind_material>
        </instance_geometry>
      </node>
    </visual_scene>
  </library_visual_scenes>
  <scene>
    <instance_visual_scene url="#Scene"/>
  </scene>
</COLLADA>