<?xml version='1.0' encoding='utf-8'?>
<COLLADA xmlns="http://www.collada.org/2005/11/COLLADASchema" version="1.4.1">
  <asset>
    <contributor>
      <author>Blender User</author>
      <authoring_tool>Blender 4.0.1 commit date:2023-11-16, commit time:16:40, hash:d0dd92834a08</authoring_tool>
    </contributor>
    <created>2025-09-23T14:23:29</created>
    <modified>2025-09-23T14:23:29</modified>
    <unit name="meter" meter="1" />
    <up_axis>Z_UP</up_axis>
  </asset>
  <library_effects>
    <effect id="Material_003-effect">
      <profile_COMMON>
        <newparam sid="textura_parede-surface">
          <surface type="2D">
            <init_from>textura_parede</init_from>
          </surface>
        </newparam>
        <newparam sid="textura_parede-sampler">
          <sampler2D>
            <source>textura_parede-surface</source>
          </sampler2D>
        </newparam>
        <technique sid="common">
          <phong><emission>
              <color sid="emission">0 0 0 1</color>
            <color>0.45 0.45 0.45 1.0</color></emission>
            <ambient><color>1.0 1.0 1.0 1.0</color></ambient><diffuse><texture texture="textura_parede-sampler" texcoord="UVMap" />
            </diffuse><specular><color>0.20 0.20 0.20 1.0</color></specular><shininess><float>30.0</float></shininess></phong></technique>
      </profile_COMMON>
    </effect>
  </library_effects>
  <library_images>
    <image id="textura_parede" name="textura_parede">
      <init_from>textura_parede.jpg</init_from>
    </image>
  </library_images>
  <library_materials>
    <material id="Material_003-material" name="Material.003">
      <instance_effect url="#Material_003-effect" />
    </material>
  </library_materials>
  <library_geometries>
    <geometry id="Hyd_001-mesh" name="Hyd.001">
      <mesh>
        <source id="Hyd_001-mesh-positions">
          <float_array id="Hyd_001-mesh-positions-array" count="8832">-94.49619 -1051.841 1.90735e-5 -94.49619 -1051.841 55.48559 -172.3472 -1048.961 1.90735e-5 -59.43317 -104.1273 1.90735e-5 -59.43317 -104.1273 55.48559 -137.2842 -101.247 1.90735e-5 -137.0322 -1050.268 1.90735e-5 -101.9692 -102.5535 1.90735e-5 -137.0322 -1050.268 48.39054 -172.3472 -1048.961 48.39054 -137.1855 -101.2547 48.51918 -101.9692 -102.5535 48.39054 16.82694 620.1608 1.52588e-5 -115.7642 -1051.054 55.48559 -115.7642 -1051.054 57.30787 -137.0322 -1050.268 57.30787 -101.9692 -102.5535 57.30787 -80.70117 -103.3404 57.30787 -94.49619 -1051.841 48.2262 -59.43317 -104.1273 48.2262 -171.7484 -1032.775 1.90735e-5 -93.89737 -1035.656 55.48559 -136.4333 -1034.082 1.90735e-5 -93.89737 -1035.656 48.2262 -136.4333 -1034.082 48.39054 -171.7484 -1032.775 48.39054 -93.89774 -1035.656 1.90735e-5 -115.1653 -1034.869 57.30787 -136.4333 -1034.082 57.30787 -115.1653 -1034.869 55.48559 -171.9557 -1038.378 1.90735e-5 -94.10465 -1041.258 55.48559 -136.6407 -1039.685 1.90735e-5 -94.10465 -1041.258 48.2262 -136.6407 -1039.685 48.39054 -171.9557 -1038.378 48.39054 -94.10425 -1041.258 1.90735e-5 -115.3727 -1040.472 57.30787 -136.6407 -1039.685 57.30787 -115.3727 -1040.472 55.48559 -83.12319 -1041.599 0.3447495 -83.12775 -1041.599 48.57092 -82.88626 -1035.998 0.3447495 -82.88167 -1035.998 48.57092 -36.86832 -1065.952 48.57092 -36.86767 -1065.947 0.3447456 -42.41745 -1065.565 48.57092 -42.418 -1065.569 0.3447495 -73.57158 -1036.377 0.3447495 -65.10787 -1037.253 0.3447456 -58.7325 -1038.438 0.3447456 -52.72717 -1040.204 0.344738 -46.89606 -1042.909 0.344738 -41.64125 -1047.024 0.344738 -37.92943 -1052.806 0.344738 -36.46728 -1059.427 0.3447456 -42.06415 -1059.762 0.3447456 -43.11911 -1054.927 0.344738 -45.72562 -1050.864 0.344738 -49.74048 -1047.74 0.3447456 -54.64021 -1045.474 0.3447456 -60.01955 -1043.895 0.3447495 -66.18782 -1042.785 0.3447456 -73.77852 -1041.97 0.3447456 -73.77851 -1041.97 48.57092 -66.18779 -1042.784 48.57092 -60.0238 -1043.894 48.57093 -54.64418 -1045.472 48.57093 -49.74396 -1047.738 48.57093 -45.72833 -1050.861 48.57093 -43.12054 -1054.923 48.57093 -42.06421 -1059.758 48.57092 -36.46716 -1059.432 48.57092 -37.92738 -1052.811 48.57092 -41.63757 -1047.028 48.57092 -46.89175 -1042.911 48.57093 -52.72264 -1040.206 48.57093 -58.72789 -1038.439 48.57092 -65.10788 -1037.254 48.57092 -73.5716 -1036.377 48.57092 -115.7642 -1051.054 1.90735e-5 -80.70117 -103.3404 1.90735e-5 -115.1656 -1034.869 1.90735e-5 -115.3724 -1040.472 1.90735e-5 -115.7642 -1051.054 48.30837 -172.3472 -1048.961 45.93786 -137.1855 -101.2547 46.0665 -59.43317 -104.1273 45.85569 -101.9692 -102.5535 45.93786 -137.0322 -1050.268 45.93786 -94.49619 -1051.841 45.85569 -171.7484 -1032.775 45.93786 -93.89756 -1035.656 45.85569 -171.9557 -1038.378 45.93786 -94.10443 -1041.258 45.85569 -115.7642 -1051.054 45.89678 -83.12545 -1041.599 45.85569 -82.88401 -1035.998 45.85569 -36.86801 -1065.949 46.20042 -42.41772 -1065.567 46.20042 -73.57158 -1036.377 46.20042 -65.10788 -1037.254 46.20042 -58.73019 -1038.438 46.20042 -52.72491 -1040.205 46.20042 -46.89392 -1042.91 46.20042 -41.63942 -1047.026 46.20041 -37.9284 -1052.808 46.20041 -36.46722 -1059.429 46.20042 -73.77852 -1041.97 46.20042 -66.18781 -1042.785 46.20042 -60.02167 -1043.894 46.20042 -54.64221 -1045.473 46.20042 -49.7422 -1047.739 46.20042 -45.72696 -1050.863 46.20042 -43.11984 -1054.925 46.20042 -42.06418 -1059.76 46.20042 -124.924 -101.7043 1.90735e-5 -159.987 -1049.418 1.90735e-5 -159.987 -1049.418 48.39054 -124.924 -101.7043 48.39054 -159.3881 -1033.233 1.90735e-5 -159.3881 -1033.233 48.39054 -159.5954 -1038.835 1.90735e-5 -159.5954 -1038.835 48.39054 -159.987 -1049.418 45.93786 -124.924 -101.7043 46.10056 -116.3869 -1067.885 1.90735e-5 -95.11887 -1068.672 1.90735e-5 -95.11887 -1068.672 48.2262 -95.11887 -1068.672 55.48559 -116.3869 -1067.885 55.48559 -95.11887 -1068.672 45.85569 -116.3869 -1067.885 48.30837 -116.3869 -1067.885 45.89678 -73.55124 -1154.85 45.86908 -85.61289 -1154.498 45.86908 -73.89455 -1162.167 45.86908 -86.04296 -1160.999 48.32176 -85.61289 -1154.498 48.32176 -73.55124 -1154.85 48.32176 -73.89455 -1162.167 48.32176 -86.04296 -1160.999 45.86908 -78.9449 -1179.525 48.32176 -78.9449 -1179.525 45.86908 -86.73117 -1167.847 48.32176 -74.86612 -1171.34 48.32176 -74.86612 -1171.34 45.86908 -86.73117 -1167.847 45.86908 -85.34888 -1185.781 48.32176 -92.50391 -1175.691 48.32176 -88.89029 -1172.172 48.32176 -88.89029 -1172.172 45.86908 -97.35904 -1178.239 48.32176 -85.34888 -1185.781 45.86908 -92.50391 -1175.691 45.86908 -103.0803 -1179.827 48.32176 -103.0803 -1179.827 45.86908 -92.89914 -1189.775 48.32176 -92.89914 -1189.775 45.86908 -97.35904 -1178.239 45.86908 -100.6991 -1191.964 48.32176 -100.6991 -1191.964 45.86908 -159.2396 -1187.326 45.86908 -155.8985 -1175.417 45.86908 -166.4844 -1184.937 45.86908 -161.9999 -1173.41 48.32176 -155.8985 -1175.417 48.32176 -159.2396 -1187.326 48.32176 -173.6631 -1181.555 48.32176 -173.6631 -1181.555 45.86908 -167.529 -1170.814 48.32176 -166.4844 -1184.937 48.32176 -161.9999 -1173.41 45.86908 -180.4445 -1176.712 45.86908 -172.1718 -1167.517 48.32176 -172.1718 -1167.517 45.86908 -167.529 -1170.814 45.86908 -186.0799 -1170.063 45.86908 -175.6034 -1163.488 48.32176 -180.4445 -1176.712 48.32176 -189.6096 -1161.915 48.32176 -186.0799 -1170.063 48.32176 -175.6034 -1163.488 45.86908 -190.5728 -1153.231 48.32176 -190.5728 -1153.231 45.86908 -178.2082 -1153.551 48.32176 -178.2082 -1153.551 45.86908 -177.6416 -1158.792 48.32176 -189.6096 -1161.915 45.86908 -177.6416 -1158.792 45.86908 -189.4353 -1144.99 48.32176 -177.4125 -1147.895 45.86908 -175.5138 -1141.975 48.32176 -177.4125 -1147.895 48.32176 -189.4353 -1144.99 45.86908 -184.1469 -1130.721 45.86908 -172.8964 -1135.86 48.32176 -187.0562 -1137.53 48.32176 -187.0562 -1137.53 45.86908 -175.5138 -1141.975 45.86908 -181.1651 -1124.32 45.86908 -169.9421 -1129.519 48.32176 -169.9421 -1129.519 45.86908 -184.1469 -1130.721 48.32176 -172.8964 -1135.86 45.86908 -178.4109 -1118.121 48.32176 -166.991 -1122.871 45.86908 -181.1651 -1124.32 48.32176 -166.991 -1122.871 48.32176 -178.4109 -1118.121 45.86908 -174.3979 -1105.813 48.32176 -174.3979 -1105.813 45.86908 -162.3201 -1108.48 48.32176 -162.3201 -1108.48 45.86908 -164.3547 -1115.852 48.32176 -176.1033 -1111.985 48.32176 -176.1033 -1111.985 45.86908 -164.3547 -1115.852 45.86908 -173.329 -1099.473 48.32176 -173.329 -1099.473 45.86908 -172.7793 -1092.889 48.32176 -161.0504 -1100.964 48.32176 -161.0504 -1100.964 45.86908 -172.5655 -1086.087 48.32176 -160.1985 -1086.295 45.86908 -160.4279 -1093.543 48.32176 -172.7793 -1092.889 45.86908 -160.4279 -1093.543 45.86908 -172.5103 -1079.136 48.32176 -160.1417 -1079.189 45.86908 -160.1985 -1086.295 48.32176 -172.5655 -1086.087 45.86908 -160.1175 -1072.168 45.86908 -160.1417 -1079.189 48.32176 -172.5103 -1079.136 45.86908 -160.055 -1065.194 48.32176 -160.1175 -1072.168 48.32176 -172.486 -1072.099 48.32176 -172.486 -1072.099 45.86908 -159.9187 -1058.241 48.32176 -172.4224 -1065.016 48.32176 -172.4224 -1065.016 45.86908 -160.055 -1065.194 45.86908 -172.3551 -1053.711 48.32176 -172.3551 -1053.711 45.86908 -159.9911 -1054.051 48.32176 -159.9911 -1054.051 45.86908 -172.283 -1057.914 48.32176 -172.283 -1057.914 45.86908 -159.9187 -1058.241 45.86908 -110.9789 -1051.231 1.90735e-5 -75.91588 -103.5175 55.48559 -110.9789 -1051.231 55.48559 -110.3803 -1035.046 1.90735e-5 -110.3801 -1035.046 55.48559 -110.5871 -1040.649 1.90735e-5 -110.5873 -1040.649 55.48559 -75.91588 -103.5175 1.90735e-5 -111.6016 -1068.062 1.90735e-5 -111.6016 -1068.062 55.48559 -111.6016 -1068.062 48.28988 -111.6016 -1068.062 45.88753 -99.3335 -1051.662 1.90735e-5 -64.2705 -103.9483 55.48559 -98.73502 -1035.477 1.90735e-5 -98.73468 -1035.477 55.48559 -98.94159 -1041.079 1.90735e-5 -98.94196 -1041.079 55.48559 -99.95621 -1068.493 1.90735e-5 -99.3335 -1051.662 55.48559 -64.2705 -103.9483 1.90735e-5 -99.95621 -1068.493 55.48559 -99.95621 -1068.493 48.24489 -99.95621 -1068.493 45.86504 -152.4815 -58.47436 45.75605 -152.4815 -58.47436 48.49259 -151.8575 -46.04352 45.75605 -151.8575 -46.04352 48.49259 -145.1016 -35.59027 45.75605 -145.1016 -35.59027 48.49259 -134.0242 -29.91522 45.75605 -134.0242 -29.91522 48.49259 -121.5934 -30.53925 45.75605 -121.5934 -30.53925 48.49259 -111.14 -37.29504 45.75605 -111.14 -37.29504 48.49259 -105.465 -48.37256 45.75605 -105.465 -48.37256 48.49259 -106.089 -60.80334 45.75605 -106.089 -60.80334 48.49259 -112.8449 -71.25666 45.75605 -112.8449 -71.25666 48.49259 -124.0396 -77.78687 45.93786 -124.0396 -77.78687 48.39054 -136.3011 -77.3374 46.0665 -136.3011 -77.3374 48.51918 -146.8065 -69.55182 45.75605 -146.8065 -69.55182 48.49259 -138.3859 -55.44586 45.75605 -138.136 -50.4685 45.75605 -138.136 -50.4685 48.49259 -138.3859 -55.44586 48.49259 -135.431 -46.28308 45.75605 -135.431 -46.28308 48.49259 -130.9956 -44.0108 45.75605 -130.9956 -44.0108 48.49259 -126.0184 -44.26074 45.75605 -126.0184 -44.26074 48.49259 -121.8329 -46.96564 45.75605 -121.8329 -46.96564 48.49259 -119.5606 -51.40112 45.75605 -119.5606 -51.40112 48.49259 -119.8105 -56.37842 45.75605 -119.8105 -56.37842 48.49259 -122.5155 -60.5639 45.75605 -122.5155 -60.5639 48.49259 -126.9509 -62.83606 45.75605 -126.9509 -62.83606 48.49259 -131.9282 -62.5863 45.75605 -131.9282 -62.5863 48.49259 -136.1137 -59.88122 45.75605 -136.1137 -59.88122 48.49259 -136.7353 -89.08026 46.0665 -124.4738 -89.52973 45.93786 -136.7353 -89.08026 48.51918 -124.4738 -89.52973 48.39054 -70.99735 -1111.291 45.69821 -70.99735 -1111.291 48.54909 -65.58734 -1123.075 45.69821 -65.58734 -1123.075 48.54909 -66.79419 -1135.985 45.69821 -66.79419 -1135.985 48.54909 -74.29442 -1146.562 45.69821 -74.29442 -1146.562 48.54909 -86.07842 -1151.972 45.69821 -86.07842 -1151.972 48.54909 -98.98865 -1150.765 45.69821 -98.98865 -1150.765 48.54909 -109.566 -1143.265 45.69821 -109.566 -1143.265 48.54909 -114.9759 -1131.481 45.69821 -114.9759 -1131.481 48.54909 -113.7691 -1118.571 45.69821 -113.7691 -1118.571 48.54909 -106.5723 -1107.147 45.88762 -106.5723 -1107.147 48.44277 -95.02881 -1101.657 46.02164 -95.02881 -1101.657 48.57679 -81.5746 -1103.79 45.69821 -81.5746 -1103.79 48.54909 -82.56027 -1120.877 45.69821 -80.39408 -1125.595 45.69821 -80.39408 -1125.595 48.54909 -82.56027 -1120.877 48.54909 -80.87732 -1130.764 45.69821 -80.87732 -1130.764 48.54909 -83.88039 -1134.999 45.69821 -83.88039 -1134.999 48.54909 -88.5987 -1137.165 45.69821 -88.5987 -1137.165 48.54909 -93.76789 -1136.682 45.69821 -93.76789 -1136.682 48.54909 -98.00302 -1133.679 45.69821 -98.00302 -1133.679 48.54909 -100.1692 -1128.961 45.69821 -100.1692 -1128.961 48.54909 -99.68598 -1123.791 45.69821 -99.68598 -1123.791 48.54909 -96.68286 -1119.556 45.69821 -96.68286 -1119.556 48.54909 -91.9646 -1117.39 45.69821 -91.9646 -1117.39 48.54909 -86.79538 -1117.874 45.69821 -86.79538 -1117.874 48.54909 -97.84195 -1095.373 48.41376 -100.2144 -1080.1 48.25542 -99.98163 -1087.921 48.28418 -109.5426 -1098.3 48.36435 -111.6899 -1089.194 48.3054 -111.8551 -1079.773 48.29359 -97.84165 -1095.374 45.94472 -99.98142 -1087.921 45.88358 -100.2143 -1080.1 45.87001 -109.5431 -1098.299 45.88757 -111.8552 -1079.773 45.88753 -111.6903 -1089.193 45.88754 -115.3666 -1191.679 45.86908 -130.0017 -1190.519 45.86908 -144.6368 -1189.359 45.86908 -116.3172 -1179.598 48.32176 -129.5217 -1178.496 48.32176 -142.7263 -1177.393 48.32176 -115.3666 -1191.679 48.32176 -130.0017 -1190.519 48.32176 -144.6368 -1189.359 48.32176 -116.3172 -1179.598 45.86908 -129.5217 -1178.496 45.86908 -142.7263 -1177.393 45.86908 -27.12918 -766.5537 0.0831871 -27.12918 -766.5537 48.24228 -84.62216 -784.9498 1.90735e-5 -84.62189 -784.9498 48.2262 -26.96512 -762.1194 0.0831871 -26.96512 -762.1194 48.24228 -82.95415 -739.8656 1.90735e-5 -82.95388 -739.8656 48.2262 -53.78845 -785.6349 0.0831871 -53.78845 -785.6349 48.24228 -52.14152 -741.1204 0.0831871 -52.14152 -741.1204 48.24228 -48.10203 -784.4707 0.0831871 -31.48291 -773.388 0.0831871 -42.42618 -781.9077 0.0831871 -36.87872 -778.2711 0.0831871 -30.53153 -755.2911 48.24228 -46.5567 -742.7017 48.24228 -35.82217 -749.7135 48.24228 -41.08572 -745.677 48.24228 -31.48291 -773.388 48.24228 -48.10203 -784.4707 48.24228 -36.87872 -778.2711 48.24228 -42.42618 -781.9077 48.24228 -46.5567 -742.7017 0.0831871 -30.53153 -755.2911 0.0831871 -41.08572 -745.677 0.0831871 -35.82217 -749.7135 0.0831871 -83.19229 -746.3024 1.90735e-5 -84.36417 -777.9764 1.90735e-5 -84.36388 -777.9764 48.2262 -83.19202 -746.3024 48.2262 -32.2088 -766.2634 0.0831871 -32.05231 -762.0335 0.0831871 -32.05231 -762.0335 48.24228 -32.2088 -766.2634 48.24228 -53.54779 -779.1304 48.24228 -52.38217 -747.6248 0.0831871 -53.54779 -779.1304 0.0831871 -52.38217 -747.6248 48.24228 -43.79538 -776.5557 48.24228 -48.27316 -778.3527 48.24228 -48.27316 -778.3527 0.0831871 -43.79538 -776.5557 0.0831871 -39.73782 -773.9868 48.24228 -39.73782 -773.9868 0.0831871 -35.88977 -770.5318 48.24228 -35.88977 -770.5318 0.0831871 -35.2153 -757.7236 48.24228 -38.99003 -753.7749 48.24228 -42.84668 -750.9132 48.24228 -47.17941 -748.7902 48.24228 -38.99003 -753.7749 0.0831871 -35.2153 -757.7236 0.0831871 -42.84668 -750.9132 0.0831871 -47.17941 -748.7902 0.0831871 -15.95877 -464.6301 0.0831871 -15.95877 -464.6301 48.24228 -73.42824 -482.3938 1.90735e-5 -73.42807 -482.3938 48.2262 -15.79472 -460.1959 0.0831871 -15.79472 -460.1959 48.24228 -71.78142 -437.8828 1.90735e-5 -71.78128 -437.8828 48.2262 -42.61804 -483.7113 0.0831871 -42.61804 -483.7113 48.24228 -40.97113 -439.1968 0.0831871 -40.97113 -439.1968 48.24228 -36.93164 -482.5471 0.0831871 -20.31252 -471.4645 0.0831871 -31.25577 -479.9841 0.0831871 -25.70833 -476.3476 0.0831871 -19.36112 -453.3676 48.24228 -35.38629 -440.7781 48.24228 -24.65176 -447.7899 48.24228 -29.91533 -443.7535 48.24228 -20.31252 -471.4645 48.24228 -36.93164 -482.5471 48.24228 -25.70833 -476.3476 48.24228 -31.25577 -479.9841 48.24228 -35.38629 -440.7781 0.0831871 -19.36112 -453.3676 0.0831871 -29.91533 -443.7535 0.0831871 -24.65176 -447.7899 0.0831871 -72.0192 -444.3095 1.90735e-5 -73.1901 -475.957 1.90735e-5 -73.18993 -475.957 48.2262 -72.01905 -444.3094 48.2262 -21.03839 -464.3399 0.0831871 -20.8819 -460.1099 0.0831871 -20.8819 -460.1099 48.24228 -21.03839 -464.3399 48.24228 -42.37739 -477.2069 48.24228 -41.21176 -445.7013 0.0831871 -42.37739 -477.2069 0.0831871 -41.21176 -445.7013 48.24228 -32.62498 -474.6322 48.24228 -37.10275 -476.4291 48.24228 -37.10275 -476.4291 0.0831871 -32.62498 -474.6322 0.0831871 -28.56743 -472.0633 48.24228 -28.56743 -472.0633 0.0831871 -24.71936 -468.6083 48.24228 -24.71936 -468.6083 0.0831871 -24.04491 -455.8001 48.24228 -27.81964 -451.8513 48.24228 -31.67627 -448.9896 48.24228 -36.00902 -446.8667 48.24228 -27.81964 -451.8513 0.0831871 -24.04491 -455.8001 0.0831871 -31.67627 -448.9896 0.0831871 -36.00902 -446.8667 0.0831871 -150.1126 -782.5269 48.39054 -127.1579 -783.3761 1.90735e-5 -150.1126 -782.5269 1.90735e-5 -127.1579 -783.3761 48.39054 -105.89 -784.163 1.90735e-5 -162.4463 -782.0717 48.42514 -105.8899 -784.163 57.30787 -127.1579 -783.3761 57.30787 -105.8899 -784.163 55.48559 -84.62203 -784.9498 45.85569 -162.4463 -782.0717 45.97247 -101.1046 -784.34 55.48559 -89.45944 -784.7709 1.90735e-5 -101.1048 -784.34 1.90735e-5 -89.4592 -784.7709 55.48559 -162.4729 -782.0696 1.90735e-5 -84.62189 -784.9498 55.48559 -149.8546 -775.5534 48.39054 -126.8999 -776.4027 1.90735e-5 -149.8546 -775.5534 1.90735e-5 -126.8999 -776.4027 48.39054 -105.632 -777.1895 1.90735e-5 -162.1876 -775.0983 48.42611 -105.6319 -777.1895 57.30787 -126.8999 -776.4027 57.30787 -105.6319 -777.1895 55.48559 -84.36402 -777.9764 45.85569 -100.8466 -777.3666 55.48559 -89.20145 -777.7974 1.90735e-5 -100.8467 -777.3666 1.90735e-5 -89.20121 -777.7974 55.48559 -162.2149 -775.0961 1.90735e-5 -84.36388 -777.9764 55.48559 -148.6828 -743.8794 48.39054 -125.728 -744.7286 1.90735e-5 -148.6828 -743.8794 1.90735e-5 -125.728 -744.7286 48.39054 -104.4601 -745.5155 1.90735e-5 -161.0124 -743.4245 48.43048 -104.46 -745.5155 57.30787 -125.728 -744.7286 57.30787 -104.46 -745.5155 55.48559 -83.19216 -746.3024 45.85569 -99.67472 -745.6926 55.48559 -88.02957 -746.1234 1.90735e-5 -99.6749 -745.6926 1.90735e-5 -88.02933 -746.1234 55.48559 -161.0431 -743.4221 1.90735e-5 -83.19202 -746.3024 55.48559 -148.4446 -737.4426 48.39054 -125.4899 -738.2919 1.90735e-5 -148.4446 -737.4426 1.90735e-5 -125.4899 -738.2919 48.39054 -104.222 -739.0787 1.90735e-5 -160.7736 -736.9879 48.43136 -104.2219 -739.0787 57.30787 -125.4899 -738.2919 57.30787 -104.2219 -739.0787 55.48559 -82.95401 -739.8656 45.85569 -160.7736 -736.9879 45.97869 -99.43659 -739.2558 55.48559 -87.79145 -739.6867 1.90735e-5 -99.43674 -739.2557 1.90735e-5 -87.7912 -739.6867 55.48559 -160.8049 -736.9853 1.90735e-5 -82.95388 -739.8656 55.48559 -138.9188 -479.9708 48.39054 -115.9641 -480.8201 1.90735e-5 -138.9188 -479.9708 1.90735e-5 -115.9641 -480.8201 48.39054 -94.69617 -481.6069 1.90735e-5 -151.2205 -479.5182 48.46691 -94.69608 -481.6069 57.30787 -115.9641 -480.8201 57.30787 -94.69608 -481.6069 55.48559 -73.42816 -482.3938 45.85569 -151.2205 -479.5182 46.01423 -89.91077 -481.784 55.48559 -78.26554 -482.2148 1.90735e-5 -89.91086 -481.784 1.90735e-5 -78.26538 -482.2148 55.48559 -151.2791 -479.5135 1.90735e-5 -73.42807 -482.3938 55.48559 -138.6807 -473.534 48.39054 -115.7259 -474.3833 1.90735e-5 -138.6807 -473.534 1.90735e-5 -115.7259 -474.3833 48.39054 -94.45801 -475.1701 1.90735e-5 -150.9817 -473.0814 48.4678 -94.45792 -475.1701 57.30787 -115.7259 -474.3833 57.30787 -94.45792 -475.1701 55.48559 -73.19001 -475.957 45.85569 -89.67264 -475.3472 55.48559 -78.02738 -475.778 1.90735e-5 -89.67273 -475.3472 1.90735e-5 -78.02725 -475.778 55.48559 -151.041 -473.0767 1.90735e-5 -73.18993 -475.957 55.48559 -137.5098 -441.8864 48.39054 -114.5551 -442.7357 1.90735e-5 -137.5098 -441.8864 1.90735e-5 -114.5551 -442.7357 48.39054 -93.28711 -443.5225 1.90735e-5 -149.8074 -441.4342 48.47216 -93.28705 -443.5225 57.30787 -114.5551 -442.7357 57.30787 -93.28705 -443.5225 55.48559 -72.01912 -444.3094 45.85569 -88.50174 -443.6996 55.48559 -76.85649 -444.1304 1.90735e-5 -88.50183 -443.6996 1.90735e-5 -76.85637 -444.1304 55.48559 -149.8701 -441.4291 1.90735e-5 -72.01905 -444.3094 55.48559 -137.2721 -435.4598 48.39054 -114.3173 -436.309 1.90735e-5 -137.2721 -435.4598 1.90735e-5 -114.3173 -436.309 48.39054 -93.04935 -437.0959 1.90735e-5 -149.569 -435.0075 48.47305 -93.04929 -437.0959 57.30787 -114.3173 -436.309 57.30787 -93.04929 -437.0959 55.48559 -71.78134 -437.8828 45.85569 -149.569 -435.0075 46.02037 -88.26398 -437.2729 55.48559 -76.61872 -437.7038 1.90735e-5 -88.26407 -437.2729 1.90735e-5 -76.61859 -437.7038 55.48559 -149.6323 -435.0025 1.90735e-5 -71.78128 -437.8828 55.48559 271.1093 -773.41 0.0831871 271.1093 -773.41 48.24228 271.2734 -768.9757 48.24228 271.2734 -768.9757 0.0831871 512.117 -472.8143 0.0831871 512.117 -472.8143 48.24228 512.281 -468.38 48.24228 512.281 -468.38 0.0831871 -533.3024 -760.9316 48.54339 -533.5612 -767.9049 48.54243 -533.3024 -760.9316 46.09071 -533.5612 -767.9049 46.08975 -533.3297 -760.9294 0.1173019 -533.5878 -767.9028 0.1173019 -532.1272 -729.2578 48.54776 -532.1272 -729.2578 46.09508 -532.1578 -729.2554 0.1173019 -531.8883 -722.8211 48.54865 -531.8883 -722.8211 46.09597 -531.9197 -722.8186 0.1173019 -522.0964 -458.9143 48.71445 -522.3352 -465.351 48.71356 -522.0964 -458.9143 46.26177 -522.3352 -465.351 46.26088 -522.1558 -458.9095 0.2466697 -522.3939 -465.3463 0.2466697 -520.9221 -427.267 48.71881 -520.9221 -427.267 46.26614 -520.9849 -427.2619 0.2466697 -520.6837 -420.8403 48.7197 -520.6837 -420.8403 46.26703 -520.7471 -420.8353 0.2466697 -158.7256 -1015.325 48.39054 -135.7708 -1016.174 1.90735e-5 -158.7256 -1015.325 1.90735e-5 -135.7708 -1016.174 48.39054 -114.503 -1016.961 1.90735e-5 -171.0839 -1014.868 48.39301 -114.5028 -1016.961 57.30787 -135.7708 -1016.174 57.30787 -114.5028 -1016.961 55.48559 -93.23502 -1017.748 45.85569 -171.0839 -1014.868 45.94033 -109.7175 -1017.138 55.48559 -98.07248 -1017.569 1.90735e-5 -109.7178 -1017.138 1.90735e-5 -98.07215 -1017.569 55.48559 -171.0858 -1014.868 1.90735e-5 -93.23484 -1017.748 55.48559 -93.23484 -1017.748 48.2262 -93.2352 -1017.748 1.90735e-5 -158.5848 -1011.52 48.39054 -135.63 -1012.369 1.90735e-5 -158.5848 -1011.52 1.90735e-5 -135.63 -1012.369 48.39054 -114.3622 -1013.156 1.90735e-5 -170.9428 -1011.063 48.39353 -114.362 -1013.156 57.30787 -135.63 -1012.369 57.30787 -114.362 -1013.156 55.48559 -93.09424 -1013.943 45.85569 -170.9428 -1011.063 45.94086 -109.5768 -1013.333 55.48559 -97.9317 -1013.764 1.90735e-5 -109.577 -1013.333 1.90735e-5 -97.93137 -1013.764 55.48559 -170.9451 -1011.063 1.90735e-5 -93.09406 -1013.943 55.48559 -93.09406 -1013.943 48.2262 -93.09442 -1013.943 1.90735e-5 -157.9919 -995.4942 48.39054 -135.0371 -996.3435 1.90735e-5 -157.9919 -995.4942 1.90735e-5 -135.0371 -996.3435 48.39054 -113.7693 -997.1303 1.90735e-5 -170.3482 -995.0372 48.39575 -113.7691 -997.1303 57.30787 -135.0371 -996.3435 57.30787 -113.7691 -997.1303 55.48559 -92.50131 -997.9172 45.85569 -170.3482 -995.0372 45.94307 -108.9838 -997.3074 55.48559 -97.33878 -997.7382 1.90735e-5 -108.9841 -997.3074 1.90735e-5 -97.33844 -997.7382 55.48559 -170.3521 -995.0369 1.90735e-5 -92.50113 -997.9172 55.48559 -92.50113 -997.9172 48.2262 -92.5015 -997.9172 1.90735e-5 -157.8404 -991.3986 48.39054 -134.8856 -992.2479 1.90735e-5 -157.8404 -991.3986 1.90735e-5 -134.8856 -992.2479 48.39054 -113.6178 -993.0348 1.90735e-5 -170.1962 -990.9418 48.39631 -113.6176 -993.0348 57.30787 -134.8856 -992.2479 57.30787 -113.6176 -993.0348 55.48559 -92.3498 -993.8217 45.85569 -170.1962 -990.9418 45.94364 -108.8323 -993.2118 55.48559 -97.18726 -993.6427 1.90735e-5 -108.8325 -993.2118 1.90735e-5 -97.18692 -993.6427 55.48559 -170.2006 -990.9414 1.90735e-5 -92.34961 -993.8217 55.48559 -92.34961 -993.8217 48.2262 -92.34998 -993.8217 1.90735e-5 -157.1937 -973.9207 48.39054 -134.2389 -974.77 1.90735e-5 -157.1937 -973.9207 1.90735e-5 -134.2389 -974.77 48.39054 -112.9712 -975.5569 1.90735e-5 -169.5477 -973.464 48.39873 -112.971 -975.5569 57.30787 -134.2389 -974.77 57.30787 -112.971 -975.5569 55.48559 -91.70316 -976.3438 45.85569 -169.5477 -973.464 45.94605 -108.1857 -975.7339 55.48559 -96.54062 -976.1647 1.90735e-5 -108.1859 -975.7339 1.90735e-5 -96.54029 -976.1647 55.48559 -169.554 -973.4635 1.90735e-5 -91.70298 -976.3438 55.48559 -91.70298 -976.3438 48.2262 -91.70334 -976.3438 1.90735e-5 -157.0552 -970.1767 48.39054 -134.1004 -971.026 1.90735e-5 -157.0552 -970.1767 1.90735e-5 -134.1004 -971.026 48.39054 -112.8326 -971.8129 1.90735e-5 -169.4088 -969.72 48.39924 -112.8324 -971.8129 57.30787 -134.1004 -971.026 57.30787 -112.8324 -971.8129 55.48559 -91.56464 -972.5997 45.85569 -169.4088 -969.72 45.94657 -108.0472 -971.9899 55.48559 -96.40207 -972.4207 1.90735e-5 -108.0474 -971.9899 1.90735e-5 -96.40177 -972.4207 55.48559 -169.4155 -969.7194 1.90735e-5 -91.56446 -972.5997 55.48559 -91.56446 -972.5997 48.2262 -91.56482 -972.5997 1.90735e-5 -156.3909 -952.2198 48.39054 -133.4361 -953.0691 1.90735e-5 -156.3909 -952.2198 1.90735e-5 -133.4361 -953.0691 48.39054 -112.1683 -953.856 1.90735e-5 -168.7425 -951.7632 48.40172 -112.1681 -953.856 57.30787 -133.4361 -953.0691 57.30787 -112.1681 -953.856 55.48559 -90.90027 -954.6428 45.85569 -168.7425 -951.7632 45.94904 -107.3828 -954.033 55.48559 -95.7377 -954.4638 1.90735e-5 -107.383 -954.033 1.90735e-5 -95.7374 -954.4638 55.48559 -168.7511 -951.7625 1.90735e-5 -90.90009 -954.6428 55.48559 -90.90009 -954.6428 48.2262 -90.90045 -954.6428 1.90735e-5 -156.2524 -948.4788 48.39054 -133.2977 -949.328 1.90735e-5 -156.2524 -948.4788 1.90735e-5 -133.2977 -949.328 48.39054 -112.0298 -950.1149 1.90735e-5 -168.6037 -948.0222 48.40224 -112.0297 -950.1149 57.30787 -133.2977 -949.328 57.30787 -112.0297 -950.1149 55.48559 -90.76187 -950.9017 45.85569 -168.6037 -948.0222 45.94956 -107.2444 -950.2919 55.48559 -95.59931 -950.7228 1.90735e-5 -107.2446 -950.2919 1.90735e-5 -95.599 -950.7228 55.48559 -168.6127 -948.0215 1.90735e-5 -90.76169 -950.9017 55.48559 -90.76169 -950.9017 48.2262 -90.76203 -950.9019 1.90735e-5 -155.5764 -930.2061 48.39054 -132.6216 -931.0554 1.90735e-5 -155.5764 -930.2061 1.90735e-5 -132.6216 -931.0554 48.39054 -111.3538 -931.8422 1.90735e-5 -167.9257 -929.7497 48.40476 -111.3536 -931.8422 57.30787 -132.6216 -931.0554 57.30787 -111.3536 -931.8422 55.48559 -90.08582 -932.6291 45.85569 -167.9257 -929.7497 45.95208 -106.5683 -932.0193 55.48559 -94.92325 -932.4501 1.90735e-5 -106.5685 -932.0193 1.90735e-5 -94.92295 -932.4501 55.48559 -167.9367 -929.7488 1.90735e-5 -90.08563 -932.6291 55.48559 -90.08563 -932.6291 48.2262 -90.08597 -932.6292 1.90735e-5 -155.4434 -926.6115 48.39054 -132.4886 -927.4608 1.90735e-5 -155.4434 -926.6115 1.90735e-5 -132.4886 -927.4608 48.39054 -111.2208 -928.2476 1.90735e-5 -167.7924 -926.155 48.40525 -111.2206 -928.2476 57.30787 -132.4886 -927.4608 57.30787 -111.2206 -928.2476 55.48559 -89.95282 -929.0345 45.85569 -167.7924 -926.155 45.95258 -106.4353 -928.4247 55.48559 -94.79026 -928.8555 1.90735e-5 -106.4356 -928.4247 1.90735e-5 -94.78995 -928.8555 55.48559 -167.8037 -926.1542 1.90735e-5 -89.95264 -929.0345 55.48559 -89.95264 -929.0345 48.2262 -89.95301 -929.0345 1.90735e-5 -154.8061 -909.3872 48.39054 -131.8514 -910.2365 1.90735e-5 -154.8061 -909.3872 1.90735e-5 -131.8514 -910.2365 48.39054 -110.5836 -911.0233 1.90735e-5 -167.1533 -908.931 48.40763 -110.5834 -911.0233 57.30787 -131.8514 -910.2365 57.30787 -110.5834 -911.0233 55.48559 -89.31555 -911.8102 45.85569 -167.1533 -908.931 45.95495 -105.7981 -911.2004 55.48559 -94.15299 -911.6312 1.90735e-5 -105.7983 -911.2004 1.90735e-5 -94.15271 -911.6312 55.48559 -167.1664 -908.9299 1.90735e-5 -89.3154 -911.8102 55.48559 -89.3154 -911.8102 48.2262 -89.31574 -911.8103 1.90735e-5 -154.6733 -905.7969 48.39054 -131.7186 -906.6461 1.90735e-5 -154.6733 -905.7969 1.90735e-5 -131.7186 -906.6461 48.39054 -110.4507 -907.433 1.90735e-5 -167.0201 -905.3406 48.40813 -110.4506 -907.433 57.30787 -131.7186 -906.6461 57.30787 -110.4506 -907.433 55.48559 -89.18274 -908.2199 45.85569 -167.0201 -905.3406 45.95545 -105.6653 -907.61 55.48559 -94.02017 -908.0408 1.90735e-5 -105.6655 -907.61 1.90735e-5 -94.01987 -908.0409 55.48559 -167.0336 -905.3395 1.90735e-5 -89.18256 -908.2199 55.48559 -89.18256 -908.2199 48.2262 -89.18289 -908.2199 1.90735e-5 -154.0147 -887.9945 48.39054 -131.0599 -888.8438 1.90735e-5 -154.0147 -887.9945 1.90735e-5 -131.0599 -888.8438 48.39054 -109.7921 -889.6306 1.90735e-5 -166.3596 -887.5384 48.41059 -109.7919 -889.6306 57.30787 -131.0599 -888.8438 57.30787 -109.7919 -889.6306 55.48559 -88.52408 -890.4175 45.85569 -166.3596 -887.5384 45.95791 -105.0066 -889.8077 55.48559 -93.36151 -890.2385 1.90735e-5 -105.0068 -889.8077 1.90735e-5 -93.36124 -890.2385 55.48559 -166.3749 -887.5372 1.90735e-5 -88.52393 -890.4175 55.48559 -88.52393 -890.4175 48.2262 -88.52423 -890.4176 1.90735e-5 -153.8872 -884.5488 48.39054 -130.9324 -885.3981 1.90735e-5 -153.8872 -884.5488 1.90735e-5 -130.9324 -885.3981 48.39054 -109.6646 -886.1849 1.90735e-5 -166.2317 -884.0928 48.41106 -109.6644 -886.1849 57.30787 -130.9324 -885.3981 57.30787 -109.6644 -886.1849 55.48559 -88.39661 -886.9718 45.85569 -166.2317 -884.0928 45.95838 -104.8791 -886.362 55.48559 -93.23404 -886.7929 1.90735e-5 -104.8793 -886.362 1.90735e-5 -93.23374 -886.7929 55.48559 -166.2475 -884.0916 1.90735e-5 -88.39643 -886.9718 55.48559 -88.39643 -886.9718 48.2262 -88.39676 -886.9719 1.90735e-5 -153.2341 -866.897 48.39054 -130.2794 -867.7462 1.90735e-5 -153.2341 -866.897 1.90735e-5 -130.2794 -867.7462 48.39054 -109.0115 -868.5331 1.90735e-5 -165.5767 -866.4411 48.4135 -109.0114 -868.5331 57.30787 -130.2794 -867.7462 57.30787 -109.0114 -868.5331 55.48559 -87.74353 -869.32 45.85569 -165.5767 -866.4411 45.96082 -104.226 -868.7101 55.48559 -92.58097 -869.1409 1.90735e-5 -104.2263 -868.7101 1.90735e-5 -92.58066 -869.141 55.48559 -165.5944 -866.4396 1.90735e-5 -87.74335 -869.32 55.48559 -87.74335 -869.32 48.2262 -87.74369 -869.32 1.90735e-5 -153.0902 -863.0076 48.39054 -130.1355 -863.8568 1.90735e-5 -153.0902 -863.0076 1.90735e-5 -130.1355 -863.8568 48.39054 -108.8676 -864.6437 1.90735e-5 -165.4325 -862.5516 48.41403 -108.8675 -864.6437 57.30787 -130.1355 -863.8568 57.30787 -108.8675 -864.6437 55.48559 -87.59961 -865.4306 45.85569 -165.4325 -862.5516 45.96136 -104.0822 -864.8207 55.48559 -92.43704 -865.2515 1.90735e-5 -104.0824 -864.8207 1.90735e-5 -92.43677 -865.2516 55.48559 -165.4505 -862.5502 1.90735e-5 -87.59946 -865.4306 55.48559 -87.59946 -865.4306 48.2262 -87.59976 -865.4306 1.90735e-5 -152.4316 -845.2061 48.39054 -129.4768 -846.0553 1.90735e-5 -152.4316 -845.2061 1.90735e-5 -129.4768 -846.0553 48.39054 -108.209 -846.8422 1.90735e-5 -164.7719 -844.7503 48.41649 -108.2088 -846.8422 57.30787 -129.4768 -846.0553 57.30787 -108.2088 -846.8422 55.48559 -86.94101 -847.629 45.85569 -164.7719 -844.7503 45.96382 -103.4236 -847.0192 55.48559 -91.77845 -847.4501 1.90735e-5 -103.4237 -847.0192 1.90735e-5 -91.77817 -847.4501 55.48559 -164.7919 -844.7488 1.90735e-5 -86.94086 -847.629 55.48559 -86.94086 -847.629 48.2262 -86.94116 -847.629 1.90735e-5 -152.3046 -841.7736 48.39054 -129.3498 -842.6229 1.90735e-5 -152.3046 -841.7736 1.90735e-5 -129.3498 -842.6229 48.39054 -108.082 -843.4098 1.90735e-5 -164.6446 -841.3179 48.41696 -108.0819 -843.4098 57.30787 -129.3498 -842.6229 57.30787 -108.0819 -843.4098 55.48559 -86.81403 -844.1966 45.85569 -164.6446 -841.3179 45.96429 -103.2966 -843.5868 55.48559 -91.65146 -844.0177 1.90735e-5 -103.2968 -843.5868 1.90735e-5 -91.65119 -844.0177 55.48559 -164.6649 -841.3164 1.90735e-5 -86.81388 -844.1967 55.48559 -86.81388 -844.1967 48.2262 -86.81418 -844.1967 1.90735e-5 -151.6802 -824.8973 48.39054 -128.7255 -825.7465 1.90735e-5 -151.6802 -824.8973 1.90735e-5 -128.7255 -825.7465 48.39054 -107.4576 -826.5334 1.90735e-5 -164.0184 -824.4417 48.4193 -107.4575 -826.5334 57.30787 -128.7255 -825.7465 57.30787 -107.4575 -826.5334 55.48559 -86.18964 -827.3203 45.85569 -164.0184 -824.4417 45.96662 -102.6722 -826.7105 55.48559 -91.02707 -827.1413 1.90735e-5 -102.6724 -826.7105 1.90735e-5 -91.0268 -827.1413 55.48559 -164.0405 -824.44 1.90735e-5 -86.18949 -827.3203 55.48559 -86.18949 -827.3203 48.2262 -86.18978 -827.3203 1.90735e-5 -151.5607 -821.6657 48.39054 -128.6059 -822.5149 1.90735e-5 -151.5607 -821.6657 1.90735e-5 -128.6059 -822.5149 48.39054 -107.3381 -823.3018 1.90735e-5 -163.8985 -821.2101 48.41974 -107.3379 -823.3018 57.30787 -128.6059 -822.5149 57.30787 -107.3379 -823.3018 55.48559 -86.07007 -824.0886 45.85569 -163.8985 -821.2101 45.96706 -102.5526 -823.4788 55.48559 -90.9075 -823.9097 1.90735e-5 -102.5528 -823.4788 1.90735e-5 -90.90723 -823.9097 55.48559 -163.9209 -821.2083 1.90735e-5 -86.06992 -824.0886 55.48559 -86.06992 -824.0886 48.2262 -86.07022 -824.0886 1.90735e-5 -150.9097 -804.0712 48.39054 -127.955 -804.9204 1.90735e-5 -150.9097 -804.0712 1.90735e-5 -127.955 -804.9204 48.39054 -106.6871 -805.7073 1.90735e-5 -163.2457 -803.6157 48.42217 -106.687 -805.7073 57.30787 -127.955 -804.9204 57.30787 -106.687 -805.7073 55.48559 -85.41912 -806.4942 45.85569 -163.2457 -803.6157 45.96949 -101.9017 -805.8843 55.48559 -90.25653 -806.3152 1.90735e-5 -101.9019 -805.8843 1.90735e-5 -90.25629 -806.3152 55.48559 -163.27 -803.6138 1.90735e-5 -85.41896 -806.4942 55.48559 -85.41896 -806.4942 48.2262 -85.41925 -806.4942 1.90735e-5 -150.7902 -800.8395 48.39054 -127.8354 -801.6888 1.90735e-5 -150.7902 -800.8395 1.90735e-5 -127.8354 -801.6888 48.39054 -106.5675 -802.4757 1.90735e-5 -163.1258 -800.3842 48.42262 -106.5674 -802.4757 57.30787 -127.8354 -801.6888 57.30787 -106.5674 -802.4757 55.48559 -85.29955 -803.2625 45.85569 -163.1258 -800.3842 45.96994 -101.7821 -802.6527 55.48559 -90.137 -803.0835 1.90735e-5 -101.7823 -802.6527 1.90735e-5 -90.13672 -803.0835 55.48559 -163.1504 -800.3822 1.90735e-5 -85.29941 -803.2625 55.48559 -85.29941 -803.2625 48.2262 -85.2997 -803.2625 1.90735e-5 -147.8039 -720.1227 48.39054 -124.8491 -720.972 1.90735e-5 -147.8039 -720.1227 1.90735e-5 -124.8491 -720.972 48.39054 -103.5812 -721.7589 1.90735e-5 -160.1309 -719.6681 48.43376 -103.5811 -721.7589 57.30787 -124.8491 -720.972 57.30787 -103.5811 -721.7589 55.48559 -82.3132 -722.5457 45.85569 -160.1309 -719.6681 45.98108 -98.79578 -721.9359 55.48559 -87.15064 -722.3667 1.90735e-5 -98.79593 -721.9359 1.90735e-5 -87.15039 -722.3667 55.48559 -160.1641 -719.6654 1.90735e-5 -82.31308 -722.5457 55.48559 -82.31334 -722.5457 1.90735e-5 -82.31308 -722.5457 48.2262 -147.6602 -716.241 48.39054 -124.7055 -717.0902 1.90735e-5 -147.6602 -716.241 1.90735e-5 -124.7055 -717.0902 48.39054 -103.4376 -717.8771 1.90735e-5 -159.9869 -715.7864 48.43429 -103.4375 -717.8771 57.30787 -124.7055 -717.0902 57.30787 -103.4375 -717.8771 55.48559 -82.16959 -718.664 45.85569 -159.9869 -715.7864 45.98162 -98.65216 -718.0541 55.48559 -87.00702 -718.4849 1.90735e-5 -98.65232 -718.0541 1.90735e-5 -87.00678 -718.485 55.48559 -160.0205 -715.7836 1.90735e-5 -82.16947 -718.664 55.48559 -82.16974 -718.664 1.90735e-5 -82.16947 -718.664 48.2262 -147.0003 -698.4044 48.39054 -124.0456 -699.2536 1.90735e-5 -147.0003 -698.4044 1.90735e-5 -124.0456 -699.2536 48.39054 -102.7777 -700.0405 1.90735e-5 -159.3251 -697.95 48.43675 -102.7776 -700.0405 57.30787 -124.0456 -699.2536 57.30787 -102.7776 -700.0405 55.48559 -81.50968 -700.8273 45.85569 -159.3251 -697.95 45.98408 -97.99225 -700.2175 55.48559 -86.34709 -700.6484 1.90735e-5 -97.9924 -700.2175 1.90735e-5 -86.34688 -700.6484 55.48559 -159.3606 -697.947 1.90735e-5 -81.50955 -700.8273 55.48559 -81.50981 -700.8273 1.90735e-5 -81.50955 -700.8273 48.2262 -146.8663 -694.7811 48.39054 -123.9115 -695.6303 1.90735e-5 -146.8663 -694.7811 1.90735e-5 -123.9115 -695.6303 48.39054 -102.6436 -696.4172 1.90735e-5 -159.1907 -694.3267 48.43725 -102.6435 -696.4172 57.30787 -123.9115 -695.6303 57.30787 -102.6435 -696.4172 55.48559 -81.37563 -697.2041 45.85569 -159.1907 -694.3267 45.98458 -97.85822 -696.5942 55.48559 -86.21305 -697.025 1.90735e-5 -97.85837 -696.5942 1.90735e-5 -86.21283 -697.0251 55.48559 -159.2265 -694.3237 1.90735e-5 -81.37551 -697.2041 55.48559 -81.37577 -697.2041 1.90735e-5 -81.37551 -697.2041 48.2262 -146.196 -676.6645 48.39054 -123.2412 -677.5138 1.90735e-5 -146.196 -676.6645 1.90735e-5 -123.2412 -677.5138 48.39054 -101.9734 -678.3007 1.90735e-5 -158.5185 -676.2103 48.43976 -101.9732 -678.3007 57.30787 -123.2412 -677.5138 57.30787 -101.9732 -678.3007 55.48559 -80.70536 -679.0875 45.85569 -158.5185 -676.2103 45.98708 -97.18793 -678.4777 55.48559 -85.54277 -678.9085 1.90735e-5 -97.18808 -678.4777 1.90735e-5 -85.54256 -678.9085 55.48559 -158.5563 -676.2072 1.90735e-5 -80.70525 -679.0875 55.48559 -80.70549 -679.0875 1.90735e-5 -80.70525 -679.0875 48.2262 -146.0619 -673.0412 48.39054 -123.1072 -673.8905 1.90735e-5 -146.0619 -673.0412 1.90735e-5 -123.1072 -673.8905 48.39054 -101.8393 -674.6773 1.90735e-5 -158.3841 -672.587 48.44026 -101.8392 -674.6774 57.30787 -123.1072 -673.8905 57.30787 -101.8392 -674.6774 55.48559 -80.57131 -675.4642 45.85569 -158.3841 -672.587 45.98758 -97.0539 -674.8544 55.48559 -85.40872 -675.2852 1.90735e-5 -97.05405 -674.8544 1.90735e-5 -85.40851 -675.2852 55.48559 -158.4222 -672.5839 1.90735e-5 -80.5712 -675.4642 55.48559 -80.57143 -675.4642 1.90735e-5 -80.5712 -675.4642 48.2262 -145.4013 -655.1835 48.39054 -122.4465 -656.0328 1.90735e-5 -145.4013 -655.1835 1.90735e-5 -122.4465 -656.0328 48.39054 -101.1786 -656.8197 1.90735e-5 -157.7215 -654.7294 48.44272 -101.1785 -656.8197 57.30787 -122.4465 -656.0328 57.30787 -101.1785 -656.8197 55.48559 -79.91062 -657.6065 45.85569 -157.7215 -654.7294 45.99004 -96.39319 -656.9967 55.48559 -84.74802 -657.4275 1.90735e-5 -96.39334 -656.9967 1.90735e-5 -84.74782 -657.4275 55.48559 -157.7615 -654.7262 1.90735e-5 -79.91049 -657.6065 55.48559 -79.91074 -657.6065 1.90735e-5 -79.91049 -657.6065 48.2262 -145.2578 -651.3071 48.39054 -122.3031 -652.1564 1.90735e-5 -145.2578 -651.3071 1.90735e-5 -122.3031 -652.1564 48.39054 -101.0352 -652.9432 1.90735e-5 -157.5777 -650.8531 48.44326 -101.0351 -652.9432 57.30787 -122.3031 -652.1564 57.30787 -101.0351 -652.9432 55.48559 -79.7672 -653.7301 45.85569 -157.5777 -650.8531 45.99058 -96.24979 -653.1203 55.48559 -84.6046 -653.5511 1.90735e-5 -96.24994 -653.1203 1.90735e-5 -84.6044 -653.5512 55.48559 -157.6181 -650.8498 1.90735e-5 -79.76709 -653.7301 55.48559 -79.76732 -653.7301 1.90735e-5 -79.76709 -653.7301 48.2262 -144.6048 -633.6569 48.39054 -121.6501 -634.5062 1.90735e-5 -144.6048 -633.6569 1.90735e-5 -121.6501 -634.5062 48.39054 -100.3822 -635.293 1.90735e-5 -156.9228 -633.203 48.44569 -100.3821 -635.293 57.30787 -121.6501 -634.5062 57.30787 -100.3821 -635.293 55.48559 -79.11418 -636.0798 45.85569 -156.9228 -633.203 45.99301 -95.59677 -635.47 55.48559 -83.95157 -635.9009 1.90735e-5 -95.5969 -635.47 1.90735e-5 -83.95139 -635.9009 55.48559 -156.9651 -633.1996 1.90735e-5 -79.11408 -636.0799 55.48559 -79.11429 -636.0799 1.90735e-5 -79.11408 -636.0799 48.2262 -144.4615 -629.7824 48.39054 -121.5067 -630.6317 1.90735e-5 -144.4615 -629.7824 1.90735e-5 -121.5067 -630.6317 48.39054 -100.2388 -631.4186 1.90735e-5 -156.779 -629.3286 48.44623 -100.2387 -631.4186 57.30787 -121.5067 -630.6317 57.30787 -100.2387 -631.4186 55.48559 -78.97084 -632.2055 45.85569 -156.779 -629.3286 45.99355 -95.45343 -631.5956 55.48559 -83.80823 -632.0264 1.90735e-5 -95.45355 -631.5956 1.90735e-5 -83.80805 -632.0265 55.48559 -156.8217 -629.3251 1.90735e-5 -78.97074 -632.2055 55.48559 -78.97095 -632.2055 1.90735e-5 -78.97074 -632.2055 48.2262 -143.7846 -611.4865 48.39054 -120.8298 -612.3358 1.90735e-5 -143.7846 -611.4865 1.90735e-5 -120.8298 -612.3358 48.39054 -99.56192 -613.1226 1.90735e-5 -156.1002 -611.0328 48.44875 -99.56183 -613.1226 57.30787 -120.8298 -612.3358 57.30787 -99.56183 -613.1226 55.48559 -78.29393 -613.9095 45.85569 -156.1002 -611.0328 45.99608 -94.77652 -613.2996 55.48559 -83.13132 -613.7305 1.90735e-5 -94.77664 -613.2996 1.90735e-5 -83.13114 -613.7305 55.48559 -156.1449 -611.0292 1.90735e-5 -78.29383 -613.9095 55.48559 -78.29404 -613.9095 1.90735e-5 -78.29383 -613.9095 48.2262 -143.633 -607.3901 48.39054 -120.6783 -608.2394 1.90735e-5 -143.633 -607.3901 1.90735e-5 -120.6783 -608.2394 48.39054 -99.41037 -609.0262 1.90735e-5 -155.9482 -606.9364 48.44932 -99.41025 -609.0263 57.30787 -120.6783 -608.2394 57.30787 -99.41025 -609.0263 55.48559 -78.14237 -609.8131 45.85569 -155.9482 -606.9364 45.99664 -94.62497 -609.2033 55.48559 -82.97977 -609.6341 1.90735e-5 -94.62509 -609.2033 1.90735e-5 -82.97959 -609.6341 55.48559 -155.9933 -606.9328 1.90735e-5 -78.14228 -609.8131 55.48559 -78.14249 -609.8131 1.90735e-5 -78.14228 -609.8131 48.2262 -142.9721 -589.5256 48.39054 -120.0173 -590.3748 1.90735e-5 -142.9721 -589.5256 1.90735e-5 -120.0173 -590.3748 48.39054 -98.74942 -591.1617 1.90735e-5 -155.2853 -589.072 48.45178 -98.74933 -591.1617 57.30787 -120.0173 -590.3748 57.30787 -98.74933 -591.1617 55.48559 -77.48143 -591.9486 45.85569 -155.2853 -589.072 45.99911 -93.96402 -591.3388 55.48559 -82.31882 -591.7696 1.90735e-5 -93.96414 -591.3388 1.90735e-5 -82.31864 -591.7696 55.48559 -155.3324 -589.0682 1.90735e-5 -77.48133 -591.9486 55.48559 -77.48154 -591.9486 1.90735e-5 -77.48133 -591.9486 48.2262 -142.8365 -585.8594 48.39054 -119.8817 -586.7086 1.90735e-5 -142.8365 -585.8594 1.90735e-5 -119.8817 -586.7086 48.39054 -98.61377 -587.4955 1.90735e-5 -155.1493 -585.4059 48.45229 -98.61368 -587.4955 57.30787 -119.8817 -586.7086 57.30787 -98.61368 -587.4955 55.48559 -77.3458 -588.2824 45.85569 -155.1493 -585.4059 45.99961 -93.82837 -587.6726 55.48559 -82.18317 -588.1034 1.90735e-5 -93.82852 -587.6726 1.90735e-5 -82.183 -588.1034 55.48559 -155.1967 -585.402 1.90735e-5 -77.34568 -588.2824 55.48559 -77.34589 -588.2824 1.90735e-5 -77.34568 -588.2824 48.2262 -142.1437 -567.1351 48.39054 -119.1889 -567.9844 1.90735e-5 -142.1437 -567.1351 1.90735e-5 -119.1889 -567.9844 48.39054 -97.92102 -568.7713 1.90735e-5 -154.4546 -566.6818 48.45487 -97.92093 -568.7713 57.30787 -119.1889 -567.9844 57.30787 -97.92093 -568.7713 55.48559 -76.65303 -569.5582 45.85569 -154.4546 -566.6818 46.0022 -93.13562 -568.9484 55.48559 -81.49042 -569.3792 1.90735e-5 -93.13578 -568.9483 1.90735e-5 -81.49025 -569.3792 55.48559 -154.504 -566.6779 1.90735e-5 -76.65294 -569.5582 55.48559 -76.65314 -569.5582 1.90735e-5 -76.65294 -569.5582 48.2262 -142.008 -563.4674 48.39054 -119.0532 -564.3167 1.90735e-5 -142.008 -563.4674 1.90735e-5 -119.0532 -564.3167 48.39054 -97.78534 -565.1035 1.90735e-5 -154.3185 -563.014 48.45538 -97.78525 -565.1035 57.30787 -119.0532 -564.3167 57.30787 -97.78525 -565.1035 55.48559 -76.51734 -565.8903 45.85569 -154.3185 -563.014 46.0027 -92.99994 -565.2805 55.48559 -81.35472 -565.7114 1.90735e-5 -93.00006 -565.2805 1.90735e-5 -81.35456 -565.7114 55.48559 -154.3683 -563.0101 1.90735e-5 -76.51725 -565.8903 55.48559 -76.51743 -565.8904 1.90735e-5 -76.51725 -565.8903 48.2262 -141.3313 -545.1756 48.39054 -118.3765 -546.0249 1.90735e-5 -141.3313 -545.1756 1.90735e-5 -118.3765 -546.0249 48.39054 -97.10858 -546.8117 1.90735e-5 -153.6398 -544.7224 48.4579 -97.10849 -546.8117 57.30787 -118.3765 -546.0249 57.30787 -97.10849 -546.8117 55.48559 -75.84058 -547.5986 45.85569 -153.6398 -544.7224 46.00523 -92.32318 -546.9888 55.48559 -80.67797 -547.4196 1.90735e-5 -92.32331 -546.9888 1.90735e-5 -80.6778 -547.4196 55.48559 -153.6915 -544.7183 1.90735e-5 -75.84049 -547.5986 55.48559 -75.84067 -547.5986 1.90735e-5 -75.84049 -547.5986 48.2262 -141.1884 -541.3148 48.39054 -118.2336 -542.1641 1.90735e-5 -141.1884 -541.3148 1.90735e-5 -118.2336 -542.1641 48.39054 -96.96573 -542.9509 1.90735e-5 -153.4965 -540.8616 48.45844 -96.96564 -542.9509 57.30787 -118.2336 -542.1641 57.30787 -96.96564 -542.9509 55.48559 -75.69774 -543.7377 45.85569 -153.4965 -540.8616 46.00576 -92.18033 -543.1279 55.48559 -80.53513 -543.5588 1.90735e-5 -92.18045 -543.1279 1.90735e-5 -80.53496 -543.5588 55.48559 -153.5487 -540.8575 1.90735e-5 -75.69765 -543.7378 55.48559 -75.69783 -543.7378 1.90735e-5 -75.69765 -543.7378 48.2262 -140.5536 -524.1557 48.39054 -117.5988 -525.0049 1.90735e-5 -140.5536 -524.1557 1.90735e-5 -117.5988 -525.0049 48.39054 -96.3309 -525.7918 1.90735e-5 -152.8599 -523.7026 48.46081 -96.33081 -525.7918 57.30787 -117.5988 -525.0049 57.30787 -96.33081 -525.7918 55.48559 -75.0629 -526.5786 45.85569 -152.8599 -523.7026 46.00813 -91.5455 -525.9688 55.48559 -79.90027 -526.3997 1.90735e-5 -91.54563 -525.9688 1.90735e-5 -79.90012 -526.3997 55.48559 -152.9138 -523.6983 1.90735e-5 -75.06281 -526.5786 55.48559 -75.06298 -526.5786 1.90735e-5 -75.06281 -526.5786 48.2262 -140.4266 -520.7238 48.39054 -117.4718 -521.573 1.90735e-5 -140.4266 -520.7238 1.90735e-5 -117.4718 -521.573 48.39054 -96.20392 -522.3599 1.90735e-5 -152.7326 -520.2709 48.46128 -96.20383 -522.3599 57.30787 -117.4718 -521.573 57.30787 -96.20383 -522.3599 55.48559 -74.93592 -523.1467 45.85569 -152.7326 -520.2709 46.0086 -91.41852 -522.5369 55.48559 -79.7733 -522.9678 1.90735e-5 -91.41864 -522.5369 1.90735e-5 -79.77315 -522.9678 55.48559 -152.7869 -520.2665 1.90735e-5 -74.93582 -523.1467 55.48559 -74.93601 -523.1468 1.90735e-5 -74.93582 -523.1467 48.2262 -139.7362 -502.0632 48.39054 -116.7814 -502.9125 1.90735e-5 -139.7362 -502.0632 1.90735e-5 -116.7814 -502.9125 48.39054 -95.51352 -503.6994 1.90735e-5 -152.0402 -501.6104 48.46386 -95.51343 -503.6994 57.30787 -116.7814 -502.9125 57.30787 -95.51343 -503.6994 55.48559 -74.24552 -504.4862 45.85569 -152.0402 -501.6104 46.01118 -90.72815 -503.8764 55.48559 -79.0829 -504.3073 1.90735e-5 -90.72824 -503.8764 1.90735e-5 -79.08275 -504.3073 55.48559 -152.0965 -501.6059 1.90735e-5 -74.24544 -504.4862 55.48559 -74.24561 -504.4862 1.90735e-5 -74.24544 -504.4862 48.2262 -139.6105 -498.6644 48.39054 -116.6557 -499.5136 1.90735e-5 -139.6105 -498.6644 1.90735e-5 -116.6557 -499.5136 48.39054 -95.38779 -500.3005 1.90735e-5 -151.9141 -498.2116 48.46433 -95.3877 -500.3005 57.30787 -116.6557 -499.5136 57.30787 -95.3877 -500.3005 55.48559 -74.11978 -501.0874 45.85569 -151.9141 -498.2116 46.01165 -90.60239 -500.4776 55.48559 -78.95716 -500.9084 1.90735e-5 -90.60248 -500.4776 1.90735e-5 -78.957 -500.9084 55.48559 -151.9707 -498.207 1.90735e-5 -74.11969 -501.0874 55.48559 -74.11986 -501.0874 1.90735e-5 -74.11969 -501.0874 48.2262 -71.28194 -424.3861 48.2262 -71.5835 -432.537 48.2262 -71.28208 -424.3861 1.90735e-5 -71.58365 -432.5371 1.90735e-5 -136.7727 -421.9631 48.39054 -137.0743 -430.114 48.39054 -113.8179 -422.8124 1.90735e-5 -114.1195 -430.9633 1.90735e-5 -136.7727 -421.9631 1.90735e-5 -137.0743 -430.114 1.90735e-5 -113.8179 -422.8124 48.39054 -114.1195 -430.9633 48.39054 -92.55002 -423.5993 1.90735e-5 -92.85157 -431.7502 1.90735e-5 -149.0679 -421.511 48.4753 -149.3703 -429.6619 48.47417 -92.54993 -423.5993 57.30787 -92.8515 -431.7502 57.30787 -113.8179 -422.8124 57.30787 -114.1195 -430.9633 57.30787 -102.4041 -114.3079 1.90735e-5 -92.8515 -431.7502 55.48559 -71.28202 -424.3861 45.85569 -71.58358 -432.537 45.85569 -149.0679 -421.511 46.02262 -149.3703 -429.6619 46.0215 -87.76465 -423.7763 55.48559 -88.0662 -431.9272 55.48559 -76.11937 -424.2072 1.90735e-5 -76.42093 -432.358 1.90735e-5 -87.76471 -423.7763 1.90735e-5 -88.06629 -431.9272 1.90735e-5 -76.11927 -424.2072 55.48559 -76.42081 -432.358 55.48559 -149.133 -421.5058 1.90735e-5 -149.4345 -429.6567 1.90735e-5 -71.28194 -424.3861 55.48559 -71.5835 -432.537 55.48559 -59.86806 -115.8816 48.2262 -59.86819 -115.8817 1.90735e-5 -125.3588 -113.4586 48.39054 -125.3588 -113.4586 1.90735e-5 -102.4041 -114.3079 48.39054 -81.13613 -115.0947 1.90735e-5 -137.654 -113.0065 48.4753 -81.13605 -115.0947 57.30787 -102.4041 -114.3079 57.30787 -59.86812 -115.8816 45.85569 -137.654 -113.0065 46.02262 -76.35076 -115.2718 55.48559 -64.70549 -115.7026 1.90735e-5 -76.35083 -115.2718 1.90735e-5 -64.70537 -115.7026 55.48559 -137.7191 -113.0013 1.90735e-5 -59.86806 -115.8816 55.48559 -99.95621 -1068.493 21.70207 -99.95621 -1068.493 24.22817 -171.9557 -1038.378 21.70608 -171.9557 -1038.378 24.23619 -172.3472 -1048.961 21.70608 -172.3472 -1048.961 24.23619 -159.9869 -1049.418 21.70608 -159.9869 -1049.418 24.23619 -94.49619 -1051.841 21.70156 -94.49619 -1051.841 24.22714 -59.43318 -104.1273 21.70156 -59.43318 -104.1273 24.22714 -171.7484 -1032.775 21.70608 -171.7484 -1032.775 24.23619 -94.10431 -1041.258 21.70156 -94.10437 -1041.258 24.22714 -95.11887 -1068.672 21.70156 -95.11887 -1068.672 24.22714 -115.7642 -1051.054 21.70382 -115.7642 -1051.054 24.23167 -116.3869 -1067.885 21.70382 -116.3869 -1067.885 24.23167 -137.0322 -1050.267 21.70608 -137.0322 -1050.267 24.23619 -111.6016 -1068.062 21.70331 -111.6016 -1068.062 24.23064 -93.89768 -1035.656 21.70156 -93.89762 -1035.656 24.22714 -84.36408 -777.9763 24.22714 -84.36412 -777.9764 21.70156 -162.4552 -782.0709 24.24 -162.464 -782.0702 21.70799 -83.19222 -746.3023 24.22714 -83.19226 -746.3024 21.70156 -82.95407 -739.8656 24.22714 -82.9541 -739.8656 21.70156 -160.784 -736.9869 24.24069 -160.7945 -736.9862 21.70833 -72.01915 -444.3095 24.22714 -72.01918 -444.3095 21.70156 -151.24 -479.5166 24.2446 -151.2595 -479.5151 21.71029 -73.42819 -482.3938 24.22714 -73.42823 -482.3938 21.70156 -73.19005 -475.957 24.22714 -73.19007 -475.957 21.70156 -71.78139 -437.8828 24.22714 -71.78141 -437.8828 21.70156 -149.5901 -435.0059 24.24528 -149.6112 -435.0042 21.71063 -84.62207 -784.9498 24.22714 -84.62213 -784.9498 21.70156 -533.57 -767.9042 24.25938 -533.5787 -767.9035 21.72737 -533.3114 -760.9308 24.25949 -533.3206 -760.9301 21.72742 -532.1373 -729.257 24.25997 -532.1476 -729.2562 21.72766 -531.8988 -722.8203 24.26007 -531.9092 -722.8194 21.72771 -522.3547 -465.3494 24.28536 -522.3743 -465.3479 21.75104 -522.1161 -458.9127 24.28545 -522.1359 -458.9111 21.75109 -520.943 -427.2653 24.28594 -520.9639 -427.2636 21.75133 -520.7047 -420.8387 24.28603 -520.7258 -420.837 21.75138 -171.0846 -1014.868 24.23646 -171.0852 -1014.868 21.70622 -93.23508 -1017.748 24.22714 -93.23514 -1017.748 21.70156 -93.0943 -1013.943 24.22714 -93.09436 -1013.943 21.70156 -170.9435 -1011.063 24.23652 -170.9443 -1011.063 21.70625 -92.50138 -997.917 24.22714 -92.50144 -997.9171 21.70156 -170.3495 -995.037 24.23676 -170.3508 -995.0369 21.70637 -92.34986 -993.8215 24.22714 -92.34992 -993.8217 21.70156 -170.1977 -990.9415 24.23683 -170.1991 -990.9414 21.7064 -91.70322 -976.3436 24.22714 -91.70328 -976.3438 21.70156 -169.5498 -973.4638 24.23709 -169.5519 -973.4635 21.70653 -91.5647 -972.5997 24.22714 -91.56476 -972.5997 21.70156 -169.411 -969.7197 24.23715 -169.4132 -969.7195 21.70656 -90.90033 -954.6427 24.22714 -90.90039 -954.6428 21.70156 -168.7454 -951.763 24.23742 -168.7483 -951.7627 21.7067 -90.76194 -950.9017 24.22714 -90.762 -950.9017 21.70156 -168.6067 -948.0219 24.23748 -168.6097 -948.0217 21.70673 -90.08588 -932.629 24.22714 -90.08594 -932.629 21.70156 -167.9294 -929.7494 24.23776 -167.933 -929.749 21.70687 -89.95288 -929.0344 24.22714 -89.95294 -929.0344 21.70156 -167.7961 -926.1548 24.23781 -167.7999 -926.1544 21.70689 -89.31562 -911.8102 24.22714 -89.31568 -911.8102 21.70156 -167.1576 -908.9306 24.23807 -167.162 -908.9302 21.70702 -89.1828 -908.2198 24.22714 -89.18283 -908.2198 21.70156 -167.0246 -905.3402 24.23813 -167.0291 -905.3399 21.70705 -88.52414 -890.4174 24.22714 -88.5242 -890.4174 21.70156 -166.3647 -887.538 24.2384 -166.3698 -887.5375 21.70719 -88.39667 -886.9718 24.22714 -88.3967 -886.9718 21.70156 -166.237 -884.0923 24.23845 -166.2422 -884.0919 21.70721 -87.74356 -869.3199 24.22714 -87.74362 -869.3199 21.70156 -165.5826 -866.4406 24.23872 -165.5885 -866.44 21.70735 -87.59967 -865.4304 24.22714 -87.59973 -865.4304 21.70156 -165.4384 -862.5511 24.23878 -165.4445 -862.5507 21.70738 -86.94107 -847.629 24.22714 -86.9411 -847.629 21.70156 -164.7786 -844.7498 24.23905 -164.7852 -844.7492 21.70751 -86.81409 -844.1965 24.22714 -86.81412 -844.1965 21.70156 -164.6513 -841.3174 24.2391 -164.6581 -841.3168 21.70754 -86.1897 -827.3202 24.22714 -86.18975 -827.3202 21.70156 -164.0258 -824.4411 24.23936 -164.0331 -824.4405 21.70767 -86.07013 -824.0886 24.22714 -86.07018 -824.0886 21.70156 -163.906 -821.2095 24.23941 -163.9134 -821.2089 21.70769 -85.41918 -806.4941 24.22714 -85.41922 -806.4941 21.70156 -163.2538 -803.6151 24.23967 -163.2619 -803.6145 21.70783 -85.29961 -803.2625 24.22714 -85.29965 -803.2625 21.70156 -163.134 -800.3834 24.23972 -163.1422 -800.3828 21.70785 -160.142 -719.6672 24.24095 -160.153 -719.6663 21.70846 -82.31327 -722.5457 24.22714 -82.31331 -722.5457 21.70156 -82.16965 -718.664 24.22714 -82.1697 -718.664 21.70156 -159.9981 -715.7854 24.24101 -160.0093 -715.7845 21.70849 -81.50974 -700.8273 24.22714 -81.50978 -700.8273 21.70156 -159.3369 -697.949 24.24128 -159.3488 -697.948 21.70863 -81.37569 -697.2041 24.22714 -81.37574 -697.2041 21.70156 -159.2026 -694.3257 24.24134 -159.2146 -694.3247 21.70866 -80.70542 -679.0875 24.22714 -80.70545 -679.0875 21.70156 -158.5311 -676.2092 24.24161 -158.5437 -676.2082 21.70879 -80.57135 -675.4642 24.22714 -80.5714 -675.4642 21.70156 -158.3968 -672.5859 24.24167 -158.4095 -672.5849 21.70882 -79.91066 -657.6065 24.22714 -79.91071 -657.6065 21.70156 -157.7348 -654.7283 24.24194 -157.7482 -654.7272 21.70896 -79.76725 -653.7301 24.22714 -79.76729 -653.7301 21.70156 -157.5911 -650.852 24.242 -157.6046 -650.8509 21.70899 -79.11423 -636.0798 24.22714 -79.11426 -636.0799 21.70156 -156.9369 -633.2019 24.24227 -156.951 -633.2007 21.70912 -78.97089 -632.2055 24.22714 -78.97092 -632.2055 21.70156 -156.7932 -629.3275 24.24233 -156.8075 -629.3263 21.70915 -78.29398 -613.9095 24.22714 -78.29401 -613.9095 21.70156 -156.115 -611.0316 24.2426 -156.1299 -611.0304 21.70929 -78.14243 -609.8131 24.22714 -78.14246 -609.8131 21.70156 -155.9632 -606.9352 24.24267 -155.9782 -606.934 21.70932 -77.48148 -591.9486 24.22714 -77.48151 -591.9486 21.70156 -155.301 -589.0708 24.24294 -155.3167 -589.0695 21.70946 -77.34583 -588.2824 24.22714 -77.34587 -588.2824 21.70156 -155.1651 -585.4046 24.24299 -155.1809 -585.4033 21.70948 -76.65308 -569.5582 24.22714 -76.65311 -569.5582 21.70156 -154.471 -566.6805 24.24328 -154.4875 -566.6792 21.70963 -76.51738 -565.8903 24.22714 -76.51741 -565.8904 21.70156 -154.3351 -563.0127 24.24333 -154.3516 -563.0114 21.70965 -75.84062 -547.5986 24.22714 -75.84066 -547.5986 21.70156 -153.657 -544.7211 24.24361 -153.6743 -544.7197 21.70979 -75.69779 -543.7378 24.22714 -75.69782 -543.7378 21.70156 -153.5139 -540.8602 24.24367 -153.5313 -540.8589 21.70982 -75.06293 -526.5786 24.22714 -75.06296 -526.5786 21.70156 -152.8779 -523.7012 24.24393 -152.8958 -523.6998 21.70995 -74.93596 -523.1468 24.22714 -74.93599 -523.1468 21.70156 -152.7506 -520.2694 24.24398 -152.7687 -520.268 21.70998 -74.24556 -504.4862 24.22714 -74.24559 -504.4862 21.70156 -152.0589 -501.6089 24.24427 -152.0777 -501.6074 21.71012 -74.11981 -501.0874 24.22714 -74.11985 -501.0874 21.70156 -151.9329 -498.2101 24.24432 -151.9518 -498.2086 21.71015 -71.28205 -424.3861 24.22714 -71.28206 -424.3861 21.70156 -71.58361 -432.5371 24.22714 -71.58362 -432.5371 21.70156 -149.3917 -429.6602 24.2454 -149.4131 -429.6584 21.71069 -59.86816 -115.8817 24.22714 -59.86818 -115.8817 21.70156 -84.36417 -777.9764 2.387188 -162.4719 -782.0697 2.387894 -83.19229 -746.3024 2.387188 -82.95413 -739.8656 2.387188 -160.8037 -736.9854 2.387932 -72.0192 -444.3095 2.387188 -151.2769 -479.5137 2.388149 -73.42823 -482.3938 2.387188 -73.19008 -475.957 2.387188 -71.78142 -437.8828 2.387188 -149.63 -435.0026 2.388187 -84.62216 -784.9498 2.387188 -533.5868 -767.903 2.494408 -533.3287 -760.9295 2.494411 -532.1567 -729.2554 2.494438 -531.9186 -722.8187 2.494446 -522.3917 -465.3465 2.612152 -522.1536 -458.9097 2.612156 -520.9826 -427.2621 2.612183 -520.7448 -420.8355 2.61219 -171.0858 -1014.868 2.387699 -93.2352 -1017.748 2.387188 -93.09442 -1013.943 2.387188 -170.945 -1011.063 2.387707 -92.5015 -997.9172 2.387188 -170.352 -995.0369 2.387718 -92.34998 -993.8217 2.387188 -170.2005 -990.9414 2.387722 -91.70334 -976.3438 2.387188 -169.5538 -973.4635 2.387737 -91.56482 -972.5997 2.387188 -169.4152 -969.7194 2.387737 -90.90045 -954.6428 2.387188 -168.7508 -951.7625 2.387756 -90.76203 -950.9019 2.387188 -168.6124 -948.0215 2.387756 -90.08597 -932.6291 2.387188 -167.9363 -929.7488 2.387772 -89.95298 -929.0345 2.387188 -167.8032 -926.1542 2.387775 -89.31574 -911.8103 2.387188 -167.1659 -908.9299 2.387791 -89.18289 -908.2199 2.387188 -167.0331 -905.3396 2.387791 -88.52423 -890.4176 2.387188 -166.3744 -887.5372 2.387806 -88.39676 -886.9719 2.387188 -166.2469 -884.0916 2.38781 -87.74369 -869.32 2.387188 -165.5937 -866.4397 2.387825 -87.59976 -865.4306 2.387188 -165.4498 -862.5503 2.387829 -86.94116 -847.629 2.387188 -164.7911 -844.7488 2.38784 -86.81418 -844.1967 2.387188 -164.6641 -841.3164 2.387848 -86.18978 -827.3203 2.387188 -164.0397 -824.4401 2.387859 -86.07022 -824.0886 2.387188 -163.9201 -821.2084 2.387863 -85.41925 -806.4942 2.387188 -163.2691 -803.6139 2.387878 -85.29969 -803.2625 2.387188 -163.1495 -800.3823 2.387882 -160.1629 -719.6655 2.387947 -82.31334 -722.5457 2.387188 -82.16973 -718.664 2.387188 -160.0193 -715.7838 2.387951 -81.50981 -700.8273 2.387188 -159.3593 -697.9472 2.387966 -81.37575 -697.2041 2.387188 -159.2252 -694.3239 2.38797 -80.70548 -679.0875 2.387188 -158.5549 -676.2073 2.387985 -80.57143 -675.4642 2.387188 -158.4208 -672.5841 2.387989 -79.91074 -657.6065 2.387188 -157.7601 -654.7263 2.388 -79.76731 -653.7301 2.387188 -157.6166 -650.8499 2.388004 -79.11429 -636.0799 2.387188 -156.9636 -633.1997 2.38802 -78.97095 -632.2055 2.387188 -156.8202 -629.3253 2.388023 -78.29404 -613.9095 2.387188 -156.1432 -611.0293 2.388039 -78.14247 -609.8131 2.387188 -155.9916 -606.9329 2.388042 -77.48154 -591.9486 2.387188 -155.3306 -589.0684 2.388058 -77.34589 -588.2824 2.387188 -155.195 -585.4022 2.388062 -76.65314 -569.5582 2.387188 -154.5022 -566.678 2.388077 -76.51743 -565.8904 2.387188 -154.3665 -563.0102 2.388081 -75.84067 -547.5986 2.387188 -153.6896 -544.7185 2.388092 -75.69783 -543.7378 2.387188 -153.5468 -540.8576 2.388096 -75.06298 -526.5786 2.387188 -152.9119 -523.6985 2.388111 -74.93601 -523.1468 2.387188 -152.7849 -520.2666 2.388115 -74.24561 -504.4862 2.387188 -152.0944 -501.6061 2.38813 -74.11986 -501.0874 2.387188 -151.9687 -498.2072 2.388134 -71.28208 -424.3861 2.387188 -71.58364 -432.5371 2.387188 -149.4322 -429.6569 2.388191 -59.86819 -115.8817 2.387188 -99.95621 -1068.493 2.387245 -171.9557 -1038.378 2.387688 -172.3472 -1048.961 2.387688 -159.987 -1049.418 2.387688 -94.49619 -1051.841 2.387188 -59.43317 -104.1273 2.387188 -171.7484 -1032.775 2.387688 -94.10425 -1041.258 2.387188 -95.11887 -1068.672 2.387188 -115.7642 -1051.054 2.38744 -116.3869 -1067.885 2.38744 -137.0322 -1050.268 2.387688 -111.6016 -1068.062 2.387382 -93.89774 -1035.656 2.387188 -164.7561 -1033.043 24.23609 -164.7561 -1033.043 45.93776 -164.0917 -1015.136 45.94023 -153.1387 -719.9359 45.97761 -153.7813 -737.2557 45.97523 -163.3559 -995.3051 45.94273 -163.9505 -1011.331 45.94052 -162.5554 -973.7318 45.94548 -163.2039 -991.2096 45.94306 -161.7503 -952.031 45.94823 -162.4165 -969.9878 45.94575 -160.9335 -930.0175 45.95101 -161.6114 -948.2901 45.94849 -160.161 -909.1988 45.95364 -160.8001 -926.4229 45.95127 -159.3673 -887.8062 45.95636 -160.0278 -905.6084 45.9539 -158.5845 -866.7089 45.95903 -159.2394 -884.3606 45.95659 -157.7797 -845.0181 45.96178 -158.4402 -862.8195 45.95932 -157.0261 -824.7095 45.96434 -157.6523 -841.5858 45.96201 -156.2534 -803.8836 45.96698 -156.9062 -821.4779 45.96456 -155.4541 -782.3395 45.96972 -156.1335 -800.652 45.96719 -152.3328 -698.2178 45.98037 -152.9946 -716.0542 45.97791 -151.5262 -676.4781 45.98312 -152.1984 -694.5945 45.98062 -150.7292 -654.9973 45.98584 -151.3918 -672.8549 45.98338 -149.9305 -633.4708 45.98857 -150.5854 -651.1209 45.98613 -149.1079 -611.3006 45.99138 -149.7867 -629.5964 45.98886 -148.2931 -589.3399 45.99416 -148.9559 -607.2043 45.99169 -147.4623 -566.9497 45.997 -148.157 -585.6737 45.99442 -146.6475 -544.9903 45.99978 -147.3262 -563.2819 45.99726 -145.8676 -523.9705 46.00244 -146.5043 -541.1295 46.00007 -145.0479 -501.8783 46.00524 -145.7403 -520.5387 46.00267 -144.2282 -479.786 46.00804 -144.9218 -498.4795 46.00547 -164.7558 -1033.036 2.387581 -164.7558 -1033.036 21.70598 -155.4629 -782.3388 24.23725 -153.7917 -737.2548 24.23722 -144.2477 -479.7845 24.23842 -164.0923 -1015.136 24.23636 -163.9513 -1011.331 24.23618 -163.3572 -995.3049 24.23643 -163.2054 -991.2094 24.23625 -162.5575 -973.7316 24.23652 -162.4187 -969.9876 24.23633 -161.7531 -952.0308 24.2366 -161.6144 -948.2898 24.23641 -160.9371 -930.0172 24.23669 -160.8039 -926.4226 24.2365 -160.1654 -909.1984 24.23676 -160.0323 -905.608 24.23658 -159.3724 -887.8058 24.23685 -159.2447 -884.3601 24.23666 -158.5904 -866.7084 24.23693 -158.4462 -862.8189 24.23674 -157.7863 -845.0176 24.23701 -157.6591 -841.5852 24.23683 -157.0335 -824.7089 24.23708 -156.9137 -821.4773 24.2369 -156.2615 -803.8829 24.23717 -156.1417 -800.6513 24.23697 -153.1497 -719.935 24.23748 -153.0058 -716.0533 24.2373 -152.3446 -698.2168 24.23757 -152.2104 -694.5935 24.23738 -151.5388 -676.4771 24.23766 -151.4045 -672.8538 24.23747 -150.7425 -654.9962 24.23774 -150.5988 -651.1198 24.23755 -149.9446 -633.4697 24.23782 -149.801 -629.5953 24.23763 -149.1228 -611.2994 24.23791 -148.9709 -607.2031 24.23772 -148.3087 -589.3386 24.23799 -148.1728 -585.6724 24.2378 -147.4788 -566.9484 24.23808 -147.3428 -563.2806 24.23789 -146.6648 -544.9889 24.23816 -146.5216 -541.1281 24.23797 -145.8856 -523.9691 24.23824 -145.7584 -520.5372 24.23805 -145.0666 -501.8768 24.23833 -144.9407 -498.478 24.23813 -145.7762 -520.5287 21.70402 -145.0851 -501.8682 21.70417 -146.5388 -541.1196 21.70411 -145.9033 -523.9605 21.70424 -147.3591 -563.2721 21.70419 -146.6817 -544.9804 21.70433 -148.1884 -585.6641 21.70427 -147.495 -566.9399 21.70441 -148.9857 -607.1947 21.70436 -148.3241 -589.3303 21.7045 -149.815 -629.587 21.70444 -149.1374 -611.2911 21.70458 -150.6121 -651.1116 21.70452 -149.9584 -633.4614 21.70466 -151.4169 -672.8457 21.70461 -150.7556 -654.988 21.70474 -152.222 -694.5855 21.70469 -151.5511 -676.469 21.70483 -153.0167 -716.0452 21.70477 -152.3562 -698.2088 21.70491 -153.8019 -737.2469 21.70485 -153.1605 -719.927 21.70499 -156.9209 -821.4696 21.70517 -156.2693 -803.8752 21.70531 -157.6656 -841.5775 21.70525 -157.0406 -824.7012 21.70538 -158.4519 -862.8114 21.70533 -157.7927 -845.01 21.70547 -159.2497 -884.3527 21.70541 -158.5959 -866.7008 21.70555 -160.0365 -905.6006 21.70549 -159.3773 -887.7983 21.70563 -160.8073 -926.4152 21.70558 -160.1695 -909.191 21.70571 -161.6172 -948.2824 21.70565 -160.9405 -930.0098 21.70579 -162.4207 -969.9802 21.70574 -161.7557 -952.0234 21.70587 -163.2066 -991.2022 21.70582 -162.5593 -973.7243 21.70595 -163.9517 -1011.323 21.7059 -163.3583 -995.2976 21.70603 -164.0926 -1015.129 21.70611 -144.9593 -498.4694 21.70394 -144.267 -479.7758 21.70408 -156.1497 -800.6436 21.70509 -155.4715 -782.3309 21.70523 -155.4794 -782.3304 2.385136 -153.8112 -737.2461 2.384457 -144.2844 -479.7744 2.381943 -164.0932 -1015.129 2.387596 -163.9524 -1011.323 2.387363 -163.3595 -995.2976 2.387375 -163.2079 -991.202 2.387138 -162.5612 -973.7241 2.387154 -162.4227 -969.9801 2.386913 -161.7583 -952.0232 2.386929 -161.6198 -948.2822 2.386684 -160.9437 -930.0095 2.3867 -160.8107 -926.4149 2.386459 -160.1734 -909.1907 2.386471 -160.0405 -905.6003 2.386234 -159.3818 -887.798 2.38625 -159.2543 -884.3523 2.386009 -158.6012 -866.7005 2.386024 -158.4573 -862.811 2.38578 -157.7986 -845.0095 2.385796 -157.6716 -841.5771 2.385563 -157.0471 -824.7008 2.385574 -156.9276 -821.4691 2.385349 -156.2765 -803.8746 2.385361 -156.157 -800.643 2.38512 -153.1703 -719.9262 2.384468 -153.0267 -716.0444 2.384232 -152.3667 -698.2079 2.384243 -152.2327 -694.5846 2.384003 -151.5623 -676.4681 2.384018 -151.4283 -672.8448 2.383774 -150.7675 -654.9871 2.383785 -150.6241 -651.1107 2.383545 -149.971 -633.4605 2.383556 -149.8276 -629.586 2.383316 -149.1507 -611.2901 2.383331 -148.9991 -607.1937 2.38308 -148.3381 -589.3291 2.383091 -148.2024 -585.6629 2.382847 -147.5096 -566.9387 2.382862 -147.3739 -563.2709 2.38261 -146.6971 -544.9792 2.382626 -146.5542 -541.1184 2.382385 -145.9193 -523.9592 2.382397 -145.7923 -520.5274 2.382156 -145.1019 -501.8668 2.382172 -144.9761 -498.468 2.381924 -141.6204 -101.0866 24.26963 -141.5875 -101.0892 46.08578 -153.47 -421.3455 46.03529 -153.7724 -429.4964 46.03417 -153.5351 -421.3403 0.01268768 -153.8366 -429.4912 0.01268768 -153.8343 -429.4914 2.40086 -153.5327 -421.3405 2.400867 -142.0561 -112.841 46.03529 -141.6863 -101.0814 0.01929092 -142.1212 -112.8358 0.01268768 -142.1188 -112.836 2.400867 -141.6826 -101.0817 2.407738 -141.6533 -101.084 21.73244 -153.7938 -429.4947 24.25807 -153.8152 -429.4929 21.72336 -153.4917 -421.3438 24.25819 -153.5134 -421.3421 21.72342 -142.0778 -112.8392 24.25819 -142.0995 -112.8375 21.72342 -80.70117 -103.3404 58.3782 -75.91588 -103.5175 58.3782 -92.54993 -423.5993 58.3782 -92.8515 -431.7502 58.3782 -87.76465 -423.7763 58.3782 -88.0662 -431.9272 58.3782 -81.13605 -115.0947 58.3782 -76.35076 -115.2718 58.3782 -137.0743 -430.114 46.10056 -136.7727 -421.9631 46.10056 -113.8179 -422.8124 46.10056 -114.1195 -430.9633 46.10056 -125.3588 -113.4586 46.10056 -102.4041 -114.3079 46.10056 499.153 -468.2473 0.0831871 498.9889 -472.6816 0.0831871 498.9889 -472.6816 48.24228 499.153 -468.2473 48.24228 516.9667 -473.4975 0.0831871 516.9667 -473.4975 48.24228 518.375 -469.2897 48.24228 518.375 -469.2897 0.0831871 521.4265 -475.5212 0.0831871 521.4265 -475.5212 48.24228 523.965 -471.8817 48.24228 523.965 -471.8817 0.0831871 525.1344 -478.721 0.0831871 525.1344 -478.721 48.24228 528.5966 -475.9455 48.24228 528.5966 -475.9455 0.0831871 527.7888 -482.837 0.0831871 527.7888 -482.837 48.24228 531.8933 -481.1509 48.24228 531.8933 -481.1509 0.0831871 529.1743 -487.5346 0.0831871 529.1743 -487.5346 48.24228 533.5878 -487.075 48.24228 533.5878 -487.075 0.0831871 529.1781 -492.4322 0.0831871 529.1781 -492.4322 48.24228 533.5419 -493.2365 48.24228 533.5419 -493.2365 0.0831871 527.7999 -497.132 0.0831871 527.7999 -497.132 48.24228 531.7597 -499.1347 48.24228 531.7597 -499.1347 0.0831871 525.152 -501.252 0.0831871 525.152 -501.252 48.24228 528.3858 -504.2905 48.24228 528.3858 -504.2905 0.0831871 521.4491 -504.4576 0.0831871 521.4491 -504.4576 48.24228 523.6942 -508.2849 48.24228 523.6942 -508.2849 0.0831871 516.9922 -506.4882 0.0831871 516.9922 -506.4882 48.24228 518.0663 -510.7935 48.24228 518.0663 -510.7935 0.0831871 511.8614 -507.1853 0.0831871 511.8614 -507.1853 48.24228 512.2417 -511.6062 48.24228 512.2417 -511.6062 0.0831871 500.388 -508.1721 0.0831871 500.388 -508.1721 48.24228 500.7684 -512.593 48.24228 500.7684 -512.593 0.0831871 -174.2943 -1038.291 24.23851 -174.2943 -1038.291 45.94018 -174.2943 -1038.291 48.39286 -174.0871 -1032.689 0.002338409 -174.2943 -1038.291 0.002338409 -174.087 -1032.689 24.23851 -174.0871 -1032.689 45.94018 -174.0871 -1032.689 48.39286 -173.2815 -1010.976 48.39585 -173.4226 -1014.781 48.39533 -173.2815 -1010.976 45.94318 -173.4226 -1014.781 45.94265 -173.2837 -1010.976 0.002338409 -173.4245 -1014.781 0.002338409 -173.4244 -1014.781 2.390018 -173.2837 -1010.976 2.390022 -172.5349 -990.8551 48.39863 -172.6868 -994.9506 48.39807 -172.5349 -990.8551 45.94596 -172.6868 -994.9506 45.94539 -172.5393 -990.8546 0.002338409 -172.6908 -994.9502 0.002338409 -172.6907 -994.9502 2.390038 -172.5391 -990.8547 2.390041 -171.7475 -969.6333 48.40156 -171.8864 -973.3773 48.40105 -171.7475 -969.6333 45.94889 -171.8864 -973.3773 45.94837 -171.7541 -969.6328 0.002338409 -171.8927 -973.3767 0.002338409 -171.8924 -973.3768 2.390057 -171.7539 -969.6328 2.390057 -170.9424 -947.9356 48.40456 -171.0812 -951.6766 48.40404 -170.9424 -947.9356 45.95188 -171.0812 -951.6766 45.95137 -170.9514 -947.9348 0.002338409 -171.0898 -951.6759 0.002338409 -171.0895 -951.6759 2.390076 -170.951 -947.9348 2.390076 -170.131 -926.0684 48.40758 -170.2644 -929.6631 48.40708 -170.131 -926.0684 45.9549 -170.2644 -929.6631 45.9544 -170.1423 -926.0675 0.002338409 -170.2753 -929.6621 0.002338409 -170.2749 -929.6622 2.390091 -170.1419 -926.0676 2.390095 -169.3587 -905.254 48.41045 -169.492 -908.8444 48.40995 -169.3587 -905.254 45.95777 -169.492 -908.8444 45.95727 -169.3722 -905.2529 0.002338409 -169.5051 -908.8433 0.002338409 -169.5046 -908.8433 2.390106 -169.3718 -905.2529 2.39011 -168.5704 -884.0061 48.41338 -168.6982 -887.4518 48.41291 -168.5704 -884.0061 45.9607 -168.6982 -887.4518 45.96023 -168.5861 -884.0049 0.002338409 -168.7136 -887.4506 0.002338409 -168.713 -887.4506 2.390125 -168.5855 -884.005 2.390129 -167.7711 -862.465 48.41635 -167.9154 -866.3544 48.41582 -167.7711 -862.465 45.96368 -167.9154 -866.3544 45.96314 -167.7891 -862.4636 0.002338409 -167.9331 -866.353 0.002338409 -167.9324 -866.353 2.390144 -167.7885 -862.4636 2.390148 -166.9833 -841.2313 48.41929 -167.1106 -844.6637 48.41881 -166.9833 -841.2313 45.96661 -167.1106 -844.6637 45.96614 -167.0036 -841.2297 0.002338409 -167.1305 -844.6621 0.002338409 -167.1298 -844.6622 2.39016 -167.0028 -841.2297 2.390163 -166.2372 -821.1234 48.42206 -166.3571 -824.3551 48.42161 -166.2372 -821.1234 45.96939 -166.3571 -824.3551 45.96894 -166.2596 -821.1217 0.002338409 -166.3792 -824.3533 0.002338409 -166.3784 -824.3534 2.390179 -166.2588 -821.1218 2.390182 -165.4645 -800.2975 48.42494 -165.5844 -803.5291 48.42449 -165.4645 -800.2975 45.97226 -165.5844 -803.5291 45.97181 -165.4891 -800.2955 0.002338409 -165.6087 -803.5272 0.002338409 -165.6078 -803.5273 2.390198 -165.4882 -800.2957 2.390198 -162.3256 -715.6997 48.43661 -162.4696 -719.5814 48.43608 -162.3256 -715.6997 45.98394 -162.4696 -719.5814 45.9834 -162.3592 -715.697 0.002338409 -162.5028 -719.5787 0.002338409 -162.5016 -719.5789 2.390266 -162.3579 -715.6971 2.39027 -161.5294 -694.24 48.43957 -161.6638 -697.8633 48.43907 -161.5294 -694.24 45.9869 -161.6638 -697.8633 45.9864 -161.5652 -694.2371 0.002338409 -161.6992 -697.8604 0.002338409 -161.698 -697.8605 2.390282 -161.5639 -694.2372 2.390289 -160.7227 -672.5004 48.44258 -160.8571 -676.1236 48.44208 -160.7227 -672.5004 45.9899 -160.8571 -676.1236 45.9894 -160.7609 -672.4973 0.002338409 -160.8949 -676.1206 0.002338409 -160.8936 -676.1207 2.390305 -160.7595 -672.4974 2.390305 -159.9163 -650.7664 48.44557 -160.0601 -654.6428 48.44504 -159.9163 -650.7664 45.9929 -160.0601 -654.6428 45.99237 -159.9568 -650.7632 0.002338409 -160.1002 -654.6395 0.002338409 -160.0987 -654.6397 2.39032 -159.9553 -650.7633 2.390324 -159.1177 -629.242 48.44855 -159.2614 -633.1163 48.44801 -159.1177 -629.242 45.99587 -159.2614 -633.1163 45.99534 -159.1604 -629.2385 0.002338409 -159.3038 -633.1129 0.002338409 -159.3022 -633.113 2.390339 -159.1588 -629.2387 2.390343 -158.2869 -606.8498 48.45164 -158.4388 -610.9462 48.45107 -158.2869 -606.8498 45.99896 -158.4388 -610.9462 45.9984 -158.332 -606.8461 0.002338409 -158.4835 -610.9425 0.002338409 -158.4819 -610.9427 2.390358 -158.3303 -606.8463 2.390362 -157.488 -585.3192 48.45461 -157.624 -588.9854 48.4541 -157.488 -585.3192 46.00193 -157.624 -588.9854 46.00143 -157.5354 -585.3154 0.002338409 -157.671 -588.9816 0.002338409 -157.6693 -588.9818 2.390373 -157.5336 -585.3156 2.390381 -156.6572 -562.9274 48.4577 -156.7932 -566.5952 48.45719 -156.6572 -562.9274 46.00502 -156.7932 -566.5952 46.00452 -156.7069 -562.9234 0.002338409 -156.8426 -566.5912 0.002338409 -156.8408 -566.5914 2.390396 -156.7051 -562.9235 2.390396 -155.8352 -540.775 48.46076 -155.9785 -544.6358 48.46023 -155.8352 -540.775 46.00808 -155.9785 -544.6358 46.00755 -155.8874 -540.7708 0.002338409 -156.0302 -544.6317 0.002338409 -156.0283 -544.6318 2.390411 -155.8854 -540.771 2.390415 -155.0712 -520.1842 48.4636 -155.1986 -523.616 48.46313 -155.0712 -520.1842 46.01092 -155.1986 -523.616 46.01045 -155.1255 -520.1798 0.002338409 -155.2525 -523.6117 0.002338409 -155.2505 -523.6118 2.39043 -155.1235 -520.18 2.390434 -154.2527 -498.125 48.46665 -154.3788 -501.5238 48.46618 -154.2527 -498.125 46.01397 -154.3788 -501.5238 46.0135 -154.3094 -498.1204 0.002338409 -154.4351 -501.5193 0.002338409 -154.4331 -501.5194 2.39045 -154.3073 -498.1206 2.390453 -174.2943 -1038.291 2.390007 -174.2943 -1038.291 21.7084 -174.0871 -1032.689 2.390007 -174.087 -1032.689 21.7084 -173.4232 -1014.781 24.23878 -173.4239 -1014.781 21.70854 -173.2822 -1010.976 24.23884 -173.283 -1010.976 21.70857 -172.6881 -994.9503 24.23908 -172.6895 -994.9502 21.70869 -172.5363 -990.8549 24.23915 -172.5378 -990.8547 21.70872 -171.8885 -973.3771 24.23941 -171.8906 -973.3768 21.70885 -171.7497 -969.6331 24.23947 -171.7519 -969.6329 21.70888 -171.084 -951.6763 24.23974 -171.0869 -951.676 21.70902 -170.9454 -947.9353 24.2398 -170.9484 -947.935 21.70905 -170.268 -929.6627 24.24008 -170.2717 -929.6624 21.70919 -170.1348 -926.0681 24.24013 -170.1386 -926.0678 21.70921 -169.4963 -908.8439 24.24039 -169.5007 -908.8436 21.70935 -169.3632 -905.2536 24.24045 -169.3677 -905.2532 21.70937 -168.7033 -887.4513 24.24072 -168.7085 -887.4509 21.70951 -168.5756 -884.0056 24.24077 -168.5809 -884.0053 21.70953 -167.9213 -866.3539 24.24104 -167.9272 -866.3534 21.70967 -167.7771 -862.4645 24.2411 -167.7831 -862.464 21.7097 -167.1172 -844.6631 24.24137 -167.1239 -844.6626 21.70983 -166.99 -841.2307 24.24142 -166.9968 -841.2302 21.70986 -166.3644 -824.3544 24.24168 -166.3718 -824.3539 21.70999 -166.2447 -821.1228 24.24173 -166.2521 -821.1223 21.71001 -165.5925 -803.5285 24.24199 -165.6006 -803.5278 21.71014 -165.4727 -800.2968 24.24204 -165.4809 -800.2962 21.71017 -162.4806 -719.5805 24.24327 -162.4917 -719.5797 21.71078 -162.3368 -715.6987 24.24333 -162.348 -715.6979 21.71081 -161.6756 -697.8623 24.2436 -161.6874 -697.8613 21.71095 -161.5413 -694.239 24.24366 -161.5532 -694.238 21.71098 -160.8697 -676.1226 24.24393 -160.8824 -676.1216 21.71111 -160.7354 -672.4993 24.24399 -160.7482 -672.4983 21.71114 -160.0735 -654.6417 24.24426 -160.0868 -654.6406 21.71128 -159.9298 -650.7653 24.24432 -159.9433 -650.7642 21.71131 -159.2755 -633.1152 24.24459 -159.2896 -633.1141 21.71144 -159.1319 -629.2408 24.24464 -159.1462 -629.2396 21.71147 -158.4537 -610.945 24.24492 -158.4686 -610.9437 21.71161 -158.3019 -606.8486 24.24498 -158.3169 -606.8474 21.71164 -157.6397 -588.9841 24.24526 -157.6553 -588.9829 21.71178 -157.5038 -585.318 24.24531 -157.5196 -585.3167 21.71181 -156.8097 -566.5939 24.2456 -156.8262 -566.5925 21.71195 -156.6737 -562.9261 24.24565 -156.6903 -562.9248 21.71198 -155.9957 -544.6344 24.24593 -156.0129 -544.633 21.71211 -155.8526 -540.7736 24.24599 -155.87 -540.7722 21.71214 -155.2165 -523.6146 24.24625 -155.2345 -523.6131 21.71227 -155.0893 -520.1828 24.2463 -155.1074 -520.1813 21.7123 -154.3976 -501.5223 24.24659 -154.4164 -501.5208 21.71244 -154.2716 -498.1235 24.24664 -154.2905 -498.122 21.71247 -88.83576 -1013.93 45.64046 -89.20728 -1017.718 45.53269 -91.59394 -1013.928 55.42628 -91.69165 -1017.733 55.31851 -89.48087 -1013.932 47.9215 -89.85239 -1017.719 47.81373 -76.35305 -1013.899 1.516506 -76.72455 -1017.687 1.408737 -77.37438 -1017.688 3.705757 -77.00287 -1013.9 3.813526 -88.08249 -993.809 45.64458 -88.48239 -997.8862 45.52858 -90.85114 -993.8065 55.4304 -90.9563 -997.9019 55.3144 -88.72763 -993.8106 47.92561 -89.12751 -997.8877 47.80961 -75.59978 -993.778 1.520622 -75.99967 -997.8551 1.404621 -76.64949 -997.8567 3.701641 -76.24961 -993.7797 3.817638 -87.30799 -972.5863 45.6396 -87.67356 -976.3135 45.53356 -90.064 -972.5845 55.42542 -90.16013 -976.3284 55.31937 -87.95313 -972.588 47.92063 -88.31867 -976.3152 47.81459 -74.82526 -972.5553 1.515644 -75.19083 -976.2825 1.409603 -75.84067 -976.2841 3.706623 -75.4751 -972.5569 3.812664 -86.50531 -950.8884 45.63956 -86.87058 -954.6126 45.5336 -89.2612 -950.8866 55.42538 -89.35727 -954.6275 55.31942 -87.15045 -950.89 47.92059 -87.51572 -954.6143 47.81463 -74.02259 -950.8574 1.515606 -74.38785 -954.5816 1.409649 -75.03769 -954.5832 3.706665 -74.67243 -950.859 3.812622 -85.70072 -929.0208 45.63749 -86.0517 -932.5993 45.53567 -88.45136 -929.0193 55.4233 -88.54364 -932.6138 55.32149 -86.34586 -929.0223 47.91852 -86.69681 -932.6008 47.81671 -73.21797 -928.9898 1.513538 -73.56894 -932.5682 1.411724 -74.21878 -932.5698 3.708736 -73.86782 -928.9913 3.810554 -84.93074 -908.2061 45.63743 -85.28131 -911.7803 45.53573 -87.68125 -908.2047 55.42324 -87.77341 -911.7949 55.32155 -85.57588 -908.2078 47.91846 -85.92644 -911.782 47.81676 -72.448 -908.1751 1.513473 -72.79856 -911.7493 1.411785 -73.4484 -911.7509 3.708805 -73.09784 -908.1767 3.810497 -84.14902 -886.9578 45.63538 -84.48545 -890.388 45.53779 -86.89429 -886.9567 55.42119 -86.98276 -890.4022 55.3236 -84.79416 -886.9594 47.9164 -85.13059 -890.3896 47.81881 -71.66626 -886.9268 1.511425 -72.0027 -890.3569 1.413834 -72.65253 -890.3586 3.710857 -72.3161 -886.9284 3.808449 -83.33858 -865.4175 45.64166 -83.71834 -869.2894 45.5315 -86.09983 -865.4154 55.42747 -86.19971 -869.3046 55.31731 -83.98374 -865.4191 47.92269 -84.36348 -869.291 47.81253 -70.85582 -865.3864 1.517708 -71.23558 -869.2584 1.407551 -71.88542 -869.26 3.704575 -71.50566 -865.3881 3.814735 -82.56684 -844.1826 45.63519 -82.90196 -847.5996 45.53797 -85.31165 -844.1815 55.421 -85.39978 -847.6137 55.32378 -83.21199 -844.1842 47.91621 -83.54712 -847.6012 47.819 -70.08408 -844.1515 1.511246 -70.41922 -847.5685 1.414028 -71.06905 -847.5701 3.71104 -70.7339 -844.1531 3.808262 -81.82898 -824.0741 45.63235 -82.1445 -827.2913 45.54082 -84.56656 -824.0735 55.41816 -84.64955 -827.3049 55.32663 -82.47412 -824.0757 47.91337 -82.78966 -827.2929 47.82184 -69.34621 -824.043 1.508404 -69.66175 -827.2601 1.416874 -70.31159 -827.2618 3.71389 -69.99605 -824.0446 3.805424 -81.05846 -803.248 45.63235 -81.374 -806.4651 45.54082 -83.79605 -803.2473 55.41816 -83.87903 -806.4788 55.32663 -81.70362 -803.2496 47.91337 -82.01914 -806.4667 47.82184 -68.57569 -803.2169 1.508404 -68.89122 -806.434 1.416874 -69.54105 -806.4357 3.713894 -69.22553 -803.2185 3.805424 -77.90879 -718.6509 45.64156 -78.28778 -722.5152 45.53162 -80.6698 -718.6488 55.42736 -80.76947 -722.5304 55.31742 -65.42601 -718.6198 1.51762 -65.80503 -722.4841 1.407677 -78.55397 -718.6525 47.92258 -78.93297 -722.5169 47.81264 -66.45485 -722.4858 3.704693 -66.07584 -718.6215 3.81464 -77.12267 -697.1904 45.6379 -77.47643 -700.7974 45.53528 -79.87438 -697.1889 55.4237 -79.96741 -700.812 55.32108 -64.63988 -697.1594 1.513962 -64.99365 -700.7664 1.411335 -77.76786 -697.192 47.91892 -78.12162 -700.799 47.81629 -65.64348 -700.768 3.708355 -65.28971 -697.161 3.810978 -76.31833 -675.4506 45.6379 -76.67211 -679.0576 45.53528 -79.07006 -675.449 55.4237 -79.16309 -679.0722 55.32108 -63.83554 -675.4195 1.513962 -64.18932 -679.0266 1.411335 -76.96353 -675.4522 47.91892 -77.31729 -679.0592 47.81629 -64.83916 -679.0281 3.708359 -64.48538 -675.4212 3.810986 -75.50656 -653.7171 45.64149 -75.88504 -657.576 45.5317 -78.26738 -653.7149 55.42729 -78.36692 -657.5911 55.3175 -63.02376 -653.686 1.517548 -63.40225 -657.5449 1.407753 -76.15175 -653.7186 47.9225 -76.53023 -657.5776 47.81271 -64.05208 -657.5466 3.704777 -63.6736 -653.6876 3.814568 -74.71025 -632.1923 45.64146 -75.08855 -636.0494 45.53172 -77.47101 -632.1903 55.42726 -77.5705 -636.0645 55.31752 -62.22745 -632.1613 1.517529 -62.60574 -636.0183 1.407787 -75.35544 -632.194 47.92247 -75.73374 -636.051 47.81274 -63.25558 -636.02 3.704803 -62.87729 -632.1629 3.814537 -73.87506 -609.8005 45.6446 -74.27503 -613.8785 45.52858 -76.6438 -609.7979 55.4304 -76.749 -613.8942 55.31438 -61.39224 -609.7695 1.520668 -61.7922 -613.8474 1.404644 -74.52025 -609.8021 47.92561 -74.92021 -613.8801 47.80959 -62.44205 -613.8491 3.70166 -62.04208 -609.7711 3.817684 -73.09151 -588.2688 45.63851 -73.44947 -591.9185 45.53467 -75.84479 -588.2672 55.42431 -75.93894 -591.9332 55.32047 -60.6087 -588.2378 1.51458 -60.96667 -591.8875 1.41074 -73.73671 -588.2705 47.91952 -74.09467 -591.9202 47.81568 -61.6165 -591.8891 3.707756 -61.25854 -588.2394 3.811596 -72.263 -565.8768 45.63854 -72.62113 -569.5281 45.53465 -75.01634 -565.8752 55.42433 -75.11054 -569.5429 55.32045 -59.7802 -565.8458 1.514603 -60.1383 -569.4971 1.410721 -72.90822 -565.8784 47.91955 -73.26633 -569.5298 47.81566 -60.78815 -569.4987 3.707741 -60.43004 -565.8474 3.811623 -71.43756 -543.7247 45.64127 -71.81453 -547.5681 45.53192 -74.19785 -543.7226 55.42706 -74.297 -547.5833 55.31772 -58.95474 -543.6936 1.517345 -59.33171 -547.5371 1.407993 -72.08278 -543.7263 47.92228 -72.45975 -547.5697 47.81293 -59.98154 -547.5387 3.705002 -59.60458 -543.6953 3.814354 -70.68875 -523.1327 45.63519 -71.02384 -526.5491 45.53799 -73.43361 -523.1316 55.42098 -73.52173 -526.5633 55.32378 -58.20593 -523.1016 1.511265 -58.54101 -526.5181 1.414066 -71.33397 -523.1343 47.9162 -71.66905 -526.5507 47.819 -59.19086 -526.5197 3.711082 -58.85577 -523.1033 3.808285 -69.8736 -501.0733 45.63473 -70.20545 -504.4568 45.53846 -72.61728 -501.0722 55.42052 -72.70456 -504.4708 55.32426 -57.39078 -501.0421 1.510799 -57.72264 -504.4257 1.414532 -70.51883 -501.0748 47.91573 -70.85068 -504.4584 47.81947 -58.37247 -504.4274 3.711552 -58.04062 -501.0438 3.807816 -83.31955 -1017.703 24.72094 -82.63211 -1017.701 22.29072 -82.94806 -1013.915 24.82871 -82.26061 -1013.913 22.39849 -82.59467 -997.8715 24.71682 -81.90723 -997.8698 22.2866 -82.1948 -993.7943 24.83282 -81.50736 -993.7927 22.4026 -81.78586 -976.2988 24.7218 -81.09841 -976.2971 22.29158 -81.42031 -972.5717 24.82785 -80.73284 -972.5699 22.39763 -80.98288 -954.5979 24.72185 -80.29543 -954.5962 22.29163 -80.61762 -950.8737 24.82781 -79.93016 -950.872 22.39759 -80.16399 -932.5845 24.72392 -79.47653 -932.5828 22.29371 -79.81302 -929.0061 24.82573 -79.12555 -929.0043 22.39552 -79.3936 -911.7656 24.72398 -78.70613 -911.7639 22.29377 -79.04305 -908.1914 24.82567 -78.35558 -908.1897 22.39546 -78.59774 -890.3733 24.72603 -77.91028 -890.3716 22.29582 -78.26131 -886.9431 24.82362 -77.57386 -886.9414 22.39341 -77.83063 -869.2747 24.71975 -77.14316 -869.273 22.28953 -77.45087 -865.4028 24.82991 -76.7634 -865.401 22.39969 -77.01425 -847.5848 24.72622 -76.32678 -847.5831 22.29601 -76.67913 -844.1679 24.82344 -75.99166 -844.1661 22.39322 -76.25679 -827.2766 24.72907 -75.56932 -827.2748 22.29885 -75.94127 -824.0594 24.8206 -75.2538 -824.0577 22.39038 -75.48627 -806.4505 24.72907 -74.7988 -806.4487 22.29885 -75.17075 -803.2333 24.8206 -74.48328 -803.2316 22.39038 -72.40009 -722.5006 24.71987 -71.71262 -722.4989 22.28965 -72.02109 -718.6362 24.82981 -71.33361 -718.6345 22.3996 -71.58872 -700.7827 24.72353 -70.90125 -700.7811 22.29331 -71.23496 -697.1757 24.82615 -70.54747 -697.174 22.39594 -70.7844 -679.0429 24.72353 -70.09693 -679.0412 22.29332 -70.43062 -675.4359 24.82615 -69.74314 -675.4342 22.39594 -69.99732 -657.5614 24.71994 -69.30983 -657.5596 22.28973 -69.61884 -653.7023 24.82974 -68.93137 -653.7006 22.39952 -69.20082 -636.0347 24.71997 -68.51334 -636.033 22.28976 -68.82254 -632.1777 24.82971 -68.13506 -632.176 22.3995 -68.3873 -613.8638 24.71683 -67.69983 -613.8621 22.28662 -67.98734 -609.7858 24.83285 -67.29985 -609.7841 22.40264 -67.56175 -591.9039 24.72292 -66.87427 -591.9022 22.29271 -67.2038 -588.2542 24.82676 -66.51631 -588.2525 22.39655 -66.7334 -569.5135 24.7229 -66.04593 -569.5118 22.29269 -66.37529 -565.8622 24.82679 -65.68781 -565.8605 22.39658 -65.92681 -547.5535 24.72017 -65.23932 -547.5518 22.28996 -65.54984 -543.71 24.82952 -64.86237 -543.7083 22.39931 -65.13611 -526.5345 24.72624 -64.44863 -526.5328 22.29604 -64.80103 -523.1181 24.82345 -64.11354 -523.1163 22.39324 -64.31774 -504.4421 24.72672 -63.63025 -504.4404 22.29651 -63.98588 -501.0586 24.82298 -63.2984 -501.0568 22.39277 16.82694 620.1608 55.48559 -60.75119 627.2823 1.52588e-5 -25.55997 624.0517 1.52588e-5 -25.55997 624.0517 48.39054 -25.55997 624.0517 57.30788 -4.366516 622.1064 57.30788 16.82694 620.1608 48.2262 -4.366516 622.1064 1.52588e-5 -60.65301 627.2689 46.0665 16.82694 620.1608 45.85569 -25.55997 624.0517 45.93787 -48.43426 626.1516 1.52588e-5 -48.43426 626.1516 46.10056 0.4020081 621.6685 55.48559 0.4020081 621.6685 1.52588e-5 12.00658 620.6032 55.48559 12.00658 620.6032 1.52588e-5 16.82691 620.1607 21.70156 16.82691 620.1607 24.22714 16.82694 620.1608 2.387188 -65.07224 627.6787 24.26963 -65.03952 627.6743 46.08578 -65.13768 627.6876 0.0192871 -65.1341 627.6871 2.407738 -65.10497 627.6831 21.73244 -4.366516 622.1064 58.3782 0.4020081 621.6685 58.3782 30.86472 720.7603 1.14441e-5 30.86472 720.7603 55.48559 -46.51558 729.7807 1.14441e-5 -11.41408 725.6888 1.14441e-5 -11.41408 725.6888 48.39054 -11.41408 725.6888 57.30788 9.725327 723.2246 57.30788 30.86472 720.7603 48.2262 9.725327 723.2246 1.14441e-5 -46.41775 729.7651 46.06651 30.86472 720.7603 45.8557 -11.41408 725.6888 45.93787 -34.23004 728.3486 1.14441e-5 -34.23004 728.3486 46.10057 14.4817 722.6702 55.48559 14.4817 722.6702 1.14441e-5 26.05667 721.3209 55.48559 26.05667 721.3209 1.14441e-5 30.86472 720.7601 21.70156 30.86472 720.7601 24.22714 30.86472 720.7603 2.387184 -50.82561 730.2829 24.26963 -50.793 730.2777 46.08578 -50.89081 730.2935 0.01928329 -50.88724 730.2928 2.407734 -50.85821 730.288 21.73244 9.725327 723.2246 58.3782 14.4817 722.6702 58.3782 50.33809 810.466 0 50.33809 810.466 55.4856 -19.32369 845.3416 0 12.2765 829.5212 0 12.2765 829.5212 48.39055 12.2765 829.5212 57.30788 31.30731 819.9935 57.30788 50.33809 810.466 48.22621 31.30731 819.9935 0 -19.23708 845.2935 46.06651 50.33809 810.466 45.8557 12.2765 829.5212 45.93787 -8.263596 839.8045 0 -8.263596 839.8045 46.10057 35.58923 817.8498 55.4856 35.58923 817.8498 0 46.00964 812.6329 55.4856 46.00964 812.6329 0 50.33803 810.4658 21.70155 50.33803 810.4658 24.22714 50.33809 810.466 2.38718 -23.20389 847.2839 24.26963 -23.17505 847.2679 46.08579 -23.26158 847.3162 0.01927185 -23.25842 847.3144 2.40773 -23.23277 847.3001 21.73244 31.30731 819.9935 58.37821 35.58923 817.8498 58.37821 293.256 1149.835 1.14441e-5 293.256 1149.835 55.48559 226.3287 1189.707 1.14441e-5 256.6885 1171.62 1.14441e-5 256.6885 1171.62 48.39054 256.6885 1171.62 57.30788 274.9722 1160.727 57.30788 293.256 1149.835 48.2262 274.9722 1160.727 1.14441e-5 226.4115 1189.653 46.06651 293.256 1149.835 45.8557 256.6885 1171.62 45.93787 236.9546 1183.377 1.14441e-5 236.9546 1183.377 46.10057 279.0861 1158.277 55.48559 279.0861 1158.277 1.14441e-5 289.0975 1152.312 55.48559 289.0975 1152.312 1.14441e-5 293.256 1149.834 21.70156 293.256 1149.834 24.22714 293.256 1149.835 2.387184 222.6008 1191.928 24.26963 222.6284 1191.91 46.08578 222.5456 1191.964 0.01928329 222.5486 1191.962 2.407734 222.5732 1191.946 21.73244 274.9722 1160.727 58.3782 279.0861 1158.277 58.3782 -18.49437 803.0181 3.8147e-6 3.026138 794.9971 3.8147e-6 22.96533 787.566 58.37821 22.96527 787.5659 57.30788 22.96527 787.5659 3.8147e-6 42.90445 780.1346 45.8557 42.90445 780.1346 48.22621 3.026138 794.9971 48.39054 3.026138 794.9971 45.93787 42.90445 780.1346 2.387184 42.9044 780.1345 21.70155 3.026138 794.9971 57.30788 42.9044 780.1345 24.22714 27.45162 785.8939 3.8147e-6 -29.99114 807.2983 46.06651 -34.11731 808.8391 46.08578 38.36938 781.8248 55.48559 27.45162 785.8939 55.48559 42.90445 780.1346 3.8147e-6 38.36938 781.8248 3.8147e-6 -34.1477 808.8519 24.26963 -34.17815 808.8648 21.73244 -34.20521 808.8762 2.407734 42.90445 780.1346 55.48559 -34.20853 808.8779 0.01927566 -30.08237 807.3369 3.8147e-6 -18.49437 803.0181 46.10057 27.45162 785.8939 58.37821</float_array>
          <technique_common>
            <accessor source="#Hyd_001-mesh-positions-array" count="2944" stride="3">
              <param name="X" type="float" />
              <param name="Y" type="float" />
              <param name="Z" type="float" />
            </accessor>
          </technique_common>
        </source>
        <source id="Hyd_001-mesh-normals">
          <float_array id="Hyd_001-mesh-normals-array" count="17991">6.88231e-7 0 1 0 0 1 0 0 1 0.9993164 -0.03697037 0 0.9993164 -0.03697186 0 0.9993161 -0.03697723 2.57823e-5 0 0 1 -8.9442e-7 0 1 -1.46903e-7 0 1 -0.9993163 0.03697365 0 -0.9993164 0.03697174 0 -0.9993163 0.03697371 0 1.08288e-4 -1.05827e-5 1 -2.40863e-7 0 1 0 0 1 -0.03697359 -0.9993163 0 -0.03697228 -0.9993163 0 -0.03697234 -0.9993163 0 0 0 1 -1.99429e-7 0 1 0 0 1 -0.03697037 -0.9993164 0 -0.03697037 -0.9993165 0 0 0 -1 0 0 -1 0 0 -1 0 0 1 0 0 1 0 0 1 0.9993164 -0.03697198 -1.58711e-6 0.9993163 -0.03697252 0 0.9993163 -0.03697246 -1.60827e-6 -0.9992622 0.0384081 0 -0.9992626 0.03839761 0 -0.9992623 0.03840476 0 0 0 -1 0 0 -1 0.9993164 -0.03697103 -2.58434e-5 0.9993163 -0.03697246 -3.99299e-5 0.9993163 -0.03697228 -3.84435e-5 0 0 -1 0 0 -1 0 0 -1 0.9993162 -0.03697735 3.15282e-6 0.9993156 -0.03699338 4.5365e-5 0.9993162 -0.03697389 0 0.9993162 -0.03697437 0 0.9993162 -0.03697437 0 -0.03703379 -0.999314 0 -0.03703373 -0.999314 -4.57954e-6 -0.03744143 -0.9992989 -4.05637e-6 -0.9993163 0.03697282 0 -0.9993163 0.03697293 0 -0.9993163 0.0369727 0 0.9993163 -0.03697258 0 0 0 1 0 0 1 1.82452e-5 -2.192e-5 1 -0.9993162 0.03697413 0 -0.9993162 0.03697437 0 0 0 1 3.40353e-7 0 1 0.9993164 -0.03697049 0 4.54838e-7 -3.93836e-7 1 7.27108e-7 0 1 0 -1.38539e-7 1 -0.06891506 -0.9976224 -5.50236e-4 -0.06900912 -0.997616 2.11112e-4 -0.06867462 -0.9976391 -4.98146e-4 0 -9.22668e-7 -1 -3.73008e-7 -3.14855e-7 -1 -7.25644e-7 -6.12514e-7 -1 -0.9990609 0.04332727 1.63308e-4 -0.999062 0.04330265 -3.57359e-4 -0.9990361 0.04389041 8.58003e-4 -0.9970392 -0.07689481 5.09645e-6 -0.9981515 0.06077563 2.76149e-5 -0.9970337 -0.0769667 2.66772e-5 0.9969804 0.07765454 7.34388e-5 0.9981147 -0.06137663 1.73637e-5 0.9969655 0.07784539 9.80255e-6 -0.07322973 -0.9973151 4.02153e-7 -0.03967928 -0.9992125 -3.09168e-5 -0.03968399 -0.9992123 -1.56929e-5 0.07191157 0.997411 9.28491e-5 0.1429602 0.9897285 3.88801e-5 0.07190328 0.9974116 4.77625e-5 0.1429616 0.9897283 5.55281e-5 0.2326812 0.9725531 -1.20579e-5 0.2327287 0.9725418 -3.87131e-6 0.3524731 0.935822 1.28284e-5 0.3525704 0.9357853 6.68311e-5 0.5221896 0.8528295 -1.65217e-5 0.5223115 0.8527548 -7.44859e-6 0.739481 0.6731774 -5.96148e-5 0.7396207 0.673024 -5.84167e-5 0.9234093 0.3838167 -2.19073e-5 0.9235058 0.3835846 3.98573e-5 -1.94122e-7 4.47775e-7 -1 -1.29347e-7 2.397e-7 -1 0 0 -1 -0.07325243 -0.9973134 6.16885e-6 -0.1419913 -0.9898679 7.93501e-5 -0.1419895 -0.9898682 6.0588e-6 -0.2296984 -0.9732619 1.87291e-5 -0.2297089 -0.9732595 1.15388e-6 -0.3516651 -0.936126 2.66212e-5 -0.3516976 -0.9361137 6.32536e-7 -0.5202637 -0.8540058 -8.15625e-6 -0.5203282 -0.8539665 2.39126e-6 -0.7383986 -0.6743646 1.70252e-5 -0.7384762 -0.6742796 4.48591e-6 -0.9238636 -0.3827219 3.29022e-5 -0.9239094 -0.3826116 5.85966e-6 -2.6213e-7 0 1 -6.38955e-7 0 1 -1.16352e-6 0 1 1.56427e-7 0 -1 -1.48475e-7 6.87494e-7 -1 0 -1.50971e-7 -1 -3.2468e-7 -4.57741e-7 -1 -6.56756e-7 -6.81986e-7 -1 -8.92079e-7 -9.75751e-7 -1 -1.05912e-6 -1.06423e-6 -1 -1.36734e-6 -7.73676e-7 -1 -7.94641e-7 -7.01061e-7 -1 -4.71435e-7 0 -1 2.15608e-7 -5.30727e-7 -1 1.41842e-7 -6.36009e-7 -1 1.35937e-7 -6.36227e-7 -1 0 0 1 -1.72442e-7 0 1 0 1.92805e-7 1 1.93629e-7 5.3594e-7 1 0 5.50837e-7 1 -1.19819e-7 2.06647e-7 1 -2.22732e-7 0 1 2.29888e-7 0 1 8.61425e-7 0 1 1.03423e-6 2.21476e-7 1 9.83574e-7 2.45555e-7 1 1.93462e-7 0 1 -2.00394e-7 2.60598e-7 1 -0.03099888 -0.9995194 -3.21026e-5 -0.03099542 -0.9995196 -2.42618e-5 -0.03099471 -0.9995197 -1.22154e-5 -0.03131616 0.001223564 0.9995089 -0.03127062 0.001308858 0.9995101 -0.0312367 0.001372337 0.9995111 0.01046454 -4.02742e-4 -0.9999452 0.03127771 -0.001272022 -0.9995099 0.01042276 -3.84166e-4 -0.9999457 0.03103506 0.9995183 1.39148e-6 0.03103876 0.9995183 -1.54586e-6 0.03103691 0.9995183 4.16986e-6 0.04069375 0.9991717 0 0.07188719 0.9974128 0 0.04068398 0.9991722 0 -0.03697365 -0.9993163 -4.94088e-6 -0.03697234 -0.9993163 -3.40689e-6 -0.9993164 0.0369721 0 -0.9993164 0.03697174 0 -0.9993164 0.0369721 0 0.9993164 -0.03697156 0 0.9993159 -0.03698432 4.73078e-7 -0.9993164 0.03697139 0 -0.9993164 0.03697139 0 -0.03697168 -0.9993164 -3.62065e-6 -0.03697228 -0.9993163 0 -0.9993163 0.03697288 0 -0.9993164 0.0369721 1.32785e-7 0.03700804 0.999315 0 0.03700822 0.999315 6.23626e-6 0.0370078 0.999315 0 -0.9993163 0.03697288 0 -0.9993163 0.03697264 0 0.9993153 -0.03700047 1.10419e-5 -2.39768e-7 0 1 0.03521919 -0.001303017 0.9993789 -0.03697431 -0.9993163 -1.57463e-6 -0.03697025 -0.9993164 0 -0.03697139 -0.9993164 -1.55593e-6 -0.999104 0.04232221 4.18188e-5 -0.9991067 0.04225945 4.95591e-5 -0.03101015 -0.9995191 4.69877e-6 -0.0309993 -0.9995195 0 -0.0310018 -0.9995194 1.51909e-7 0.03104054 0.9995182 -6.02735e-5 0.03103876 0.9995182 6.22596e-6 0.03104138 0.9995181 -3.32884e-5 -0.997022 -0.07711833 6.90427e-6 -0.923783 -0.3829166 -8.7661e-6 -0.7382658 -0.67451 -4.46545e-5 -0.5201539 -0.8540725 -5.18494e-5 -0.3515805 -0.9361577 5.02573e-5 -0.2296361 -0.9732767 3.20306e-5 -0.142 -0.9898667 1.27841e-4 -0.07321387 -0.9973164 -2.69965e-5 0.9969592 0.07792705 -6.58317e-6 0.9233674 0.3839179 -9.69814e-6 0.7394285 0.6732351 -6.57514e-6 0.5221376 0.8528613 -2.642e-6 0.3524271 0.9358393 -2.91666e-6 0.2326855 0.9725521 -1.42835e-6 0.1429558 0.9897291 3.53161e-7 0.9981196 -0.06129813 -3.88931e-6 -0.9981524 0.06076067 2.84198e-5 -0.06795316 -0.9976885 -4.57623e-5 -0.06789052 -0.9976929 -5.35937e-5 -0.03969359 -0.999212 3.2008e-6 0.04069858 0.9991716 1.67267e-5 3.28714e-4 -5.81813e-5 1 -3.30119e-4 1.22135e-5 -1 -3.3013e-4 1.2213e-5 -1 4.33575e-4 -1.26012e-4 1 3.30487e-4 -1.22332e-5 1 -0.0369814 -0.999316 0 -0.03698885 -0.9993157 0 -0.03698027 -0.999316 -4.35043e-7 -0.03697776 -0.9993161 0 -0.03698873 -0.9993157 0 -0.03696513 -0.9993166 -4.05667e-6 -0.03696948 -0.9993165 -3.68152e-6 -0.9993164 0.03697109 0 -0.9993164 0.03697139 0 1.9684e-7 0 1 2.33751e-7 0 1 2.39081e-7 0 1 0.9993164 -0.03697156 0 0.9993164 -0.03697168 0 0.9993164 -0.0369715 0 -0.0292055 -0.9995735 0 -0.0292055 -0.9995735 0 -0.0292055 -0.9995735 0 -0.09567087 -0.9954131 0 -0.0956707 -0.9954131 0 -0.0956707 -0.9954131 0 1.58865e-7 0 1 0 0 1 2.42781e-7 0 1 -0.9978191 0.06600898 0 -0.9978191 0.06600838 0 -0.9978191 0.06600922 0 0.9989009 -0.04687291 0 0.998901 -0.0468719 0 0.9989009 -0.04687327 0 3.31605e-7 3.78166e-7 -1 5.15066e-7 1.73426e-7 -1 6.83612e-7 0 -1 -2.17972e-7 0 1 -1.1926e-7 0 1 -3.63338e-7 0 1 -0.9949875 0.09999984 0 -0.9949874 0.1000006 0 -0.9949874 0.100001 0 0.9944384 -0.1053197 0 0.9944385 -0.1053189 0 0.9944385 -0.1053199 0 0 -3.49752e-7 -1 0 -1.91362e-7 -1 -0.5945259 -0.8040766 0 -0.5945271 -0.8040756 0 -0.5945273 -0.8040754 0 0.2824596 0.9592793 0 0.2824589 0.9592795 0 0.2824597 0.9592792 0 2.83806e-7 0 1 0 0 1 -5.18234e-7 0 1 -0.8946999 0.4466679 0 -0.8946999 0.4466679 0 -0.8946999 0.4466679 0 0.8950197 -0.4460267 0 0.8950197 -0.4460268 0 0.8950197 -0.4460268 0 4.36042e-7 1.25001e-7 -1 1.44934e-6 3.03382e-7 -1 -2.74031e-7 0 -1 -0.8156971 -0.5784795 0 -0.8156973 -0.5784789 0 -0.8156974 -0.5784789 0 -1.26843e-7 0 1 -3.0091e-7 0 1 -4.95073e-7 0 1 -0.6977446 0.7163466 0 -0.6977452 0.7163461 0 -0.6977455 0.7163457 0 0.6987589 -0.7153574 0 0.6987584 -0.7153577 0 0.698759 -0.7153572 0 -2.53686e-7 -2.79683e-7 -1 -6.0182e-7 -3.56782e-7 -1 0 -2.23501e-7 -1 -0.932728 -0.3605807 0 -0.9327281 -0.3605807 0 -4.85329e-7 0 1 -3.61234e-7 0 1 -2.26482e-7 0 1 -0.4646075 0.8855167 0 -0.4646071 0.885517 0 -0.4646078 0.8855167 0 0.4676752 -0.8839004 0 -4.85329e-7 0 -1 -3.61234e-7 0 -1 -5.8262e-7 0 -1 -0.9812938 -0.1925165 0 -0.9812937 -0.1925165 0 9.29288e-7 0 1 5.7807e-7 0 1 2.08392e-7 0 1 -0.2674722 0.9635656 0 -0.2674714 0.9635658 0 -0.2674726 0.9635656 0 0.2701705 -0.9628126 0 0.2701703 -0.9628126 0 0.2701705 -0.9628126 0 2.41769e-7 0 -1 5.30091e-7 0 -1 -0.1158678 -0.9932647 0 -0.1484034 -0.988927 0 -0.1484035 -0.988927 0 -0.9628248 0.2701269 0 -0.9628246 0.2701275 0 -0.9628246 0.2701276 0 -0.1085155 -0.9940949 0 -0.1379441 -0.99044 0 -0.1085155 -0.9940949 0 1.8882e-7 0 1 0 0 1 2.56166e-7 0 1 -3.09757e-7 0 -1 0 0 -1 -6.88332e-7 0 -1 -0.9319592 0.3625634 0 0.31246 0.949931 0 0.3124604 0.9499309 0 0.3124606 0.9499307 0 -0.3131436 -0.9497058 0 -0.3131434 -0.9497059 0 -0.3131436 -0.9497059 0 -1.05773e-6 0 -1 -5.85223e-7 0 -1 -1.61944e-7 0 -1 -0.8683577 0.4959384 0 -0.8683583 0.4959376 0 -0.8683583 0.4959374 0 0.4249503 0.9052167 0 0.4249494 0.9052172 0 0.4249507 0.9052165 0 -0.4262067 -0.9046259 0 1.03801e-6 -2.45957e-7 -1 4.79813e-7 -2.64195e-7 -1 0 -2.79871e-7 -1 -0.7434025 0.6688444 0 -0.7434018 0.6688451 0 -0.7434017 0.6688452 0 9.83356e-7 0 1 2.75309e-7 0 1 1.74165e-6 0 1 0.578979 0.8153425 0 0.5789797 0.815342 0 0.57898 0.8153417 0 -0.5811217 -0.8138167 0 -0.5811209 -0.8138173 0 -0.581122 -0.8138166 0 -1.53043e-6 0 -1 -5.20077e-7 0 -1 2.97985e-7 0 -1 -0.531577 0.84701 0 -0.5315771 0.84701 0 3.59383e-7 0 1 -1.69813e-7 0 1 9.40698e-7 0 1 0.7612743 0.6484299 0 -0.7628545 -0.6465703 0 -0.7628544 -0.6465703 0 2.1981e-7 0 -1 4.19912e-7 0 -1 5.71983e-7 0 -1 -0.2524963 0.9675979 0 -0.2524959 0.967598 0 -0.2524958 0.967598 0 4.38702e-7 0 1 8.33241e-7 -2.19721e-7 1 0.9173289 0.3981302 0 0.9173287 0.3981308 0 0.9173291 0.3981299 0 -0.9176037 -0.3974967 0 -0.917603 -0.3974981 0 -0.9176038 -0.3974962 0 3.75304e-7 -4.37759e-7 -1 -1.64002e-7 -2.57319e-7 -1 -5.62318e-7 -1.24052e-7 -1 0.02581799 0.9996667 0 0.02581799 0.9996667 0 0.02581799 0.9996668 0 0 3.38997e-7 1 0 1.77548e-7 1 0.9942077 0.1074761 0 0.9942079 0.1074741 0 0.9942076 0.1074773 0 -0.9939042 -0.1102476 0 -0.9939041 -0.1102494 0 -0.993904 -0.1102499 0 -6.2917e-7 0 -1 -3.29525e-7 0 -1 -8.56149e-7 0 -1 0.2348582 0.9720296 0 0.2348589 0.9720295 0 0.234859 0.9720295 0 1.30584e-7 0 1 -3.51818e-7 0 1 -8.68119e-7 0 1 0.9902466 -0.1393262 0 0.9902463 -0.1393286 0 0.9902467 -0.139325 0 -0.9906079 0.1367337 0 -0.9906076 0.1367359 0 -0.990608 0.1367331 0 -4.55526e-7 0 -1 -2.35494e-7 0 -1 -6.3418e-7 0 -1 0.3593707 0.9331949 0 0.359371 0.9331948 0 -2.21076e-7 0 1 0 0 1 0.9522264 -0.3053935 0 0.9522269 -0.3053916 0 0.9522261 -0.3053944 0 -0.9527271 0.3038275 0 -0.9527273 0.303827 0 -0.952727 0.3038277 0 -4.42152e-7 0 -1 -2.24572e-7 0 -1 -6.31811e-7 0 -1 0.4154971 0.9095945 0 0.4154984 0.9095939 0 0.4154986 0.9095938 0 0 0 1 3.74944e-7 0 1 7.42122e-7 0 1 0.919312 -0.3935295 0 0.9193122 -0.3935292 0 0.919312 -0.3935296 0 -0.9195699 0.3929266 0 -0.9195692 0.3929284 0 -0.9195702 0.3929261 0 0 1.21308e-7 -1 0 1.21356e-7 -1 0 1.21264e-7 -1 0.4203323 0.9073702 0 0.4203336 0.9073697 0 0.4203338 0.9073696 0 2.31074e-7 0 1 4.72699e-7 0 1 7.05366e-7 0 1 0.9064626 -0.4222864 0 -0.9064825 0.4222434 0 -0.9064821 0.4222442 0 -0.9064826 0.4222432 0 -2.31074e-7 1.30234e-7 -1 -4.72699e-7 1.30237e-7 -1 0 1.30231e-7 -1 0.3841041 0.9232899 0 0.384103 0.9232903 0 0.3841029 0.9232903 0 0 -3.80484e-7 1 3.44809e-7 -2.48535e-7 1 6.78695e-7 -1.25183e-7 1 0.9139772 -0.4057655 0 0.9139759 -0.4057688 0 0.9139777 -0.4057644 0 -0.9138644 0.4060194 0 -0.9138646 0.4060194 0 -0.9138645 0.4060195 0 -2.41137e-7 1.25218e-7 -1 0 1.252e-7 -1 -3.63761e-7 1.25236e-7 -1 7.4033e-7 2.81088e-7 1 3.52854e-7 1.33971e-7 1 0.9361547 -0.3515887 0 0.9361538 -0.3515911 0 0.936155 -0.3515878 0 -0.9359961 0.3520103 0 -0.9359958 0.3520114 0 -0.9359956 0.3520119 0 -4.93553e-7 0 -1 -2.35236e-7 0 -1 -7.53212e-7 0 -1 0.2156335 0.9764744 0 0.2156336 0.9764745 0 -0.3126696 -0.949862 0 -0.312669 -0.9498621 0 -0.3126696 -0.949862 0 0 0 1 3.29386e-7 0 1 6.46122e-7 0 1 0.9639602 -0.2660465 0 0.9639604 -0.2660459 0 0.9639604 -0.2660458 0 -0.9638782 0.2663439 0 -0.9638777 0.2663453 0 -0.9638782 0.2663433 0 -5.01621e-7 2.24108e-7 -1 -2.36827e-7 3.63269e-7 -1 -7.71567e-7 0 -1 0.1205233 0.9927105 0 0.1205232 0.9927105 0 0.1205232 0.9927106 0 0.9860305 -0.1665657 0 0.98603 -0.1665679 0 0.9860306 -0.1665649 0 -0.9860841 0.1662473 0 -0.9860841 0.1662477 0 -0.9860841 0.1662472 0 -2.24317e-7 0 -1 0 0 -1 0.05283999 0.998603 0 0.05284011 0.998603 0 0.05284011 0.998603 0 0 0 1 0 0 1 1.65761e-7 0 1 0.9964998 -0.08359646 0 0.9964996 -0.08359861 0 0.9964998 -0.08359575 0 -0.9965326 0.08320349 0 -0.9965326 0.08320349 0 0.01686656 0.9998578 0 0.0168665 0.9998578 0 0.0168665 0.9998578 0 0 0 1 -3.09445e-7 0 1 5.10521e-7 0 1 0.9994997 -0.0316286 0 0.9994997 -0.03162866 0 0.9994998 -0.0316286 0 -0.9995064 0.03141611 0 -0.9995064 0.03141599 0 -0.9995064 0.03141611 0 -1.44416e-7 0 -1 0 0 -1 0.00426352 0.999991 0 0.00426352 0.999991 0 0.00426352 0.999991 0 2.48581e-7 0 1 1.22297e-7 0 1 3.68899e-7 0 1 0.9999681 -0.007987141 0 0.9999681 -0.007987141 0 0.9999682 -0.007987141 0 -0.9999685 0.007933557 0 2.02303e-7 0 -1 4.60187e-7 0 -1 7.09932e-7 0 -1 0.005605697 0.9999844 0 0.005605697 0.9999844 0 0.005605697 0.9999844 0 0.9999941 -0.003462314 0 0.9999941 -0.003460288 0 0.9999941 -0.003463089 0 -0.9999941 0.003459155 0 -0.9999941 0.003461182 0 -0.999994 0.00345844 0 -1.24013e-7 -3.64134e-7 -1 -4.1846e-7 -1.77838e-7 -1 -7.01226e-7 0 -1 0.01437956 0.9998967 0 0.0143795 0.9998967 0 0.0143795 0.9998967 0 0 0 1 0 0 1 0 0 1 0.9999598 -0.008962035 0 0.99996 -0.008959949 0 0.99996 -0.008959174 0 -0.9999598 0.008980095 0 -0.9999597 0.008980095 0 -7.32431e-7 3.67874e-7 -1 -3.57952e-7 1.79786e-7 -1 0.02642995 0.9996507 0 0.02642995 0.9996507 0 0 0 1 0 0 1 1.55225e-7 0 1 0.999808 -0.01959586 0 0.999808 -0.01959788 0 0.999808 -0.01959508 0 -0.9998076 0.01961469 0 -0.9998076 0.01961475 0 -0.9998077 0.01961469 0 0 0 -1 0 0 -1 0.02755492 0.9996204 0 0.02755498 0.9996204 0 0.02755498 0.9996204 0 -2.92659e-7 0 1 0 0 1 -3.68361e-7 0 1 0.9998506 0.01728802 0 0.9998506 0.01728808 0 0.9998506 0.01728802 0 -0.9998531 -0.01714605 0 -0.9998531 -0.01714408 0 -0.9998531 -0.01714801 0 0 0 -1 0 0 -1 -0.9999986 0.001671791 0 -0.9999986 0.001668572 0 -0.9999987 0.001674294 0 0.9999997 -8.94418e-4 0 0.9999997 -8.95828e-4 0 0.9999997 -8.96969e-4 0 4.38411e-4 0.01475876 -0.9998911 5.07144e-4 0.01456058 -0.999894 5.35835e-4 0.01447784 -0.9998951 -4.38462e-4 -0.01475876 0.9998911 -5.07159e-4 -0.01456058 0.999894 -4.09225e-4 -0.0148431 0.9998898 0 0 1 0 0 1 0.008607447 -0.004526615 -0.9999527 0.007830321 -9.56322e-4 -0.999969 0.003333449 -4.98038e-4 -0.9999944 0 0 1 -3.85514e-7 0 1 -2.34318e-7 0 1 0 0 -1 -0.03696918 -0.9993165 0 -0.03696954 -0.9993165 -8.11838e-7 -0.03696924 -0.9993165 -6.53757e-7 -0.03696918 -0.9993165 0 -0.03696841 -0.9993165 0 -0.03697323 -0.9993163 -3.94161e-6 -0.03696918 -0.9993165 -4.66315e-6 -3.07634e-7 0 1 -1.27428e-7 0 1 -0.03696799 -0.9993165 0 0.9993163 -0.03697186 0 -0.961611 -0.2744162 3.91132e-5 -0.9479947 -0.3182864 3.48834e-6 -0.9479949 -0.3182858 0 -0.0113542 0.01401633 0.9998373 -0.01059103 0.01031702 0.9998908 -0.01973772 0.01709806 0.999659 -0.9776877 -0.2100641 0 -0.9987424 0.05013591 0 -0.9776877 -0.2100641 0 -0.8398638 0.5427973 0 -0.670764 0.741671 0 -0.839864 0.542797 0 -0.6707637 0.7416712 0 -0.4559544 0.8900032 0 0.0501365 0.9987424 0 0.3069203 0.9517353 0 0.0501365 0.9987424 0 0.3069204 0.9517352 0 0.5427894 0.8398689 0 0.8900064 0.455948 0 0.9776875 0.2100645 0 0.8900067 0.4559477 0 0.9776875 0.2100645 0 0.9987424 -0.05013602 0 0.8398659 -0.5427941 0 0.6915436 -0.7223347 0 0.6912034 -0.7226604 0 0.5038678 -0.8637809 0 -0.03663188 -0.9993289 0 -0.0366317 -0.9993289 0 -0.03663194 -0.9993289 0 -3.93183e-4 8.39384e-4 0.9999996 0.001861035 -0.001747906 0.9999969 0 0 1 -0.5954148 -0.8034186 0 -0.7626613 -0.6467982 0 -0.7639095 -0.6453234 0 3.12132e-7 0 1 2.00245e-7 0 1 0 0 1 0.5427986 0.839863 0 0.7416731 0.6707616 0 0.7416733 0.6707614 0 0.9776878 0.2100638 0 0.9776878 0.2100636 0 0 0 -1 0 0 -1 -0.003276705 -0.00548923 -0.9999796 -0.002188086 -0.009229779 -0.999955 2.19863e-7 0 -1 0 0 1 1.97222e-7 0 1 3.57279e-7 0 1 -0.001839339 -0.003081321 0.9999936 -0.001227974 -0.005181014 0.9999858 0.002029597 -0.004997789 0.9999855 0 0 -1 0 0 -1 3.52133e-7 0 -1 0 0 -1 1.60806e-7 0 -1 0 0 -1 0.004587411 -0.009799003 -0.9999415 3.83722e-7 0 -1 0 0 -1 0 0 1 0 0 1 2.19865e-7 0 1 3.12135e-7 0 1 -1.63863e-7 0 1 3.41229e-7 0 1 0 0 1 0 0 -1 0 0 -1 -0.008567452 -0.01522499 -0.9998474 1.30345e-4 -0.01283431 -0.9999176 1.76065e-7 0 1 0.004952371 3.34327e-4 0.9999877 -4.39733e-7 0 -1 2.62356e-7 0 -1 0 0 -1 -2.19854e-7 0 1 -1.76067e-7 0 1 -2.87746e-4 -0.02095627 -0.9997804 -0.2100671 0.977687 0 0.05011606 0.9987434 0 0.05011612 0.9987435 0 -0.4559378 0.8900117 0 -0.2100675 0.977687 0 -0.8398624 0.5427995 0 -0.8398633 0.542798 0 -0.8398642 0.5427967 0 -0.9776881 -0.210062 0 -0.9987426 0.05013412 0 -0.9987426 0.05013412 0 -0.8900098 -0.4559416 0 -0.9776882 -0.2100616 0 -0.3069199 -0.9517354 0 -0.5427736 -0.8398792 0 -0.5427731 -0.8398795 0 -0.05015283 -0.9987416 0 -0.3069202 -0.9517353 0 0.6707628 -0.741672 0 0.4559542 -0.8900033 0 0.8398622 -0.5427997 0 0.9987424 -0.05013805 0 0.9987423 -0.05013805 0 -0.01072132 -0.006282925 -0.9999228 -0.01047664 3.87374e-4 -0.9999451 -0.01047664 3.87375e-4 -0.9999451 -0.9993172 0.03694862 0 -0.9993172 0.03694796 0 -0.9993172 0.0369488 0 0.01047676 -3.87383e-4 0.9999451 0.0104773 -3.87374e-4 0.9999451 0.01047706 -3.87378e-4 0.9999451 0.9993172 -0.03694957 0 0.9993172 -0.03694796 0 0.9993172 -0.03694945 0 0.9993168 -0.03696042 0 0.9993168 -0.03696018 0 0.01047658 -3.87506e-4 0.9999451 0.009516417 -0.001318216 0.9999539 -0.9992627 0.03839403 0 -0.004127323 -0.006559014 -0.99997 -0.007270395 -0.003057539 -0.9999689 0.7698489 0.6382264 0 0.9088004 0.4172315 0 0.7698491 0.6382262 0 0.9956591 -0.09307479 0 0.9376448 -0.347595 0 0.9376448 -0.347595 0 0.8157339 -0.5784275 0 0.4172307 -0.9088006 0 0.4172302 -0.9088008 0 0.4172309 -0.9088006 0 -0.09306025 -0.9956605 0 -0.09306007 -0.9956606 0 -0.09306031 -0.9956606 0 -0.5784396 -0.8157252 0 -0.7698522 -0.6382223 0 -0.5784395 -0.8157253 0 -0.7698522 -0.6382224 0 -0.908801 -0.4172298 0 -0.9956591 0.09307539 0 -0.9471318 0.320845 0 -0.9956591 0.09307563 0 -0.9469806 0.321291 0 -0.846098 0.5330275 0 -0.4294764 0.9030781 0 -0.4294763 0.9030782 0 7.36845e-4 -5.62793e-4 0.9999996 -0.002457797 6.89324e-4 0.9999969 6.6894e-7 0 1 0.1565779 0.9876657 0 0.3772878 0.9260961 0 0.3790768 0.9253652 0 0 0 1 1.62173e-7 0 1 0 0 1 -0.09308546 -0.9956582 0 -0.347599 -0.9376433 0 -0.3475987 -0.9376434 0 -0.5784257 -0.8157351 0 -0.5784254 -0.8157353 0 1.81704e-7 0 -1 1.80192e-7 0 -1 2.451e-7 0 -1 3.68056e-4 0.006382346 -0.9999796 -0.002326726 0.009195923 -0.9999551 -1.47197e-7 0 1 0 0 1 4.55803e-7 0 1 2.06833e-4 0.003582417 0.9999936 -0.001305758 0.005161643 0.9999858 -0.00410968 0.00349313 0.9999855 0 0 -1 -1.66248e-7 0 -1 1.60458e-7 0 -1 -1.40051e-7 0 -1 -1.84503e-7 0 -1 -2.02581e-7 0 -1 0 0 -1 -4.41029e-7 0 -1 -0.008598029 0.006568491 -0.9999415 -2.43343e-7 0 1 0 0 1 0 0 1 0 0 1 2.08246e-7 0 1 2.75252e-7 0 1 -3.03878e-7 0 -1 5.59282e-4 0.01746135 -0.9998474 -0.006049036 0.01132029 -0.9999176 -3.24455e-7 0 1 -0.004236578 -0.002586126 0.9999877 0 0 -1 -1.62227e-7 0 -1 -2.41735e-7 0 -1 -1.88061e-7 0 1 1.25371e-7 0 1 -0.009432256 0.01871579 -0.9997804 0.6382253 -0.7698497 0 0.4172272 -0.9088023 0 0.4172261 -0.9088027 0 0.8157293 -0.5784339 0 0.6382259 -0.7698493 0 0.9956591 -0.09307509 0 0.9956593 -0.09307378 0 0.9956594 -0.09307271 0 0.7698492 0.6382259 0 0.9087995 0.4172331 0 0.9088001 0.417232 0 0.5784395 0.8157254 0 0.769849 0.6382262 0 -0.1677979 0.9858215 0 0.09306228 0.9956603 0 0.0930621 0.9956604 0 -0.638222 0.7698524 0 -0.1677981 0.9858214 0 -0.9376415 0.347604 0 -0.6382222 0.7698523 0 -0.9956588 0.09307909 0 -0.9376416 0.3476037 0 -0.9088016 -0.4172286 0 -0.9088017 -0.4172286 0 -0.9997655 0.021654 5.11593e-6 -0.9999979 0.002072572 3.41172e-5 -0.999998 0.002056241 4.55116e-5 0.9389816 0.3439673 2.39294e-5 0.9127262 0.4085719 6.27439e-6 0.9394325 0.3427343 2.74183e-5 0.9997528 -0.02223259 3.46731e-6 0.999993 0.003748536 2.4474e-5 0.9997529 -0.02223199 0 -0.9922582 -0.1241919 8.53903e-5 -0.992217 -0.1245208 9.55463e-5 -0.9616805 -0.2741726 3.96008e-5 0.987938 0.1548501 5.54656e-5 0.9881171 0.1537032 5.05139e-5 0.9999929 0.003802537 3.16426e-5 0.003588259 5.32081e-4 0.9999935 0.002962648 0.001362621 0.9999947 0.003344237 0.002335369 0.9999918 -0.004085659 0.008391797 0.9999564 -8.98027e-4 0.007296442 0.9999731 0.001379907 0.003975689 0.9999912 -0.001724123 -1.75379e-4 -0.9999985 -0.001267433 -4.20731e-4 -0.9999991 -0.001929104 4.18081e-5 -0.9999982 0.001382529 -0.00242877 -0.9999961 -3.33404e-4 -4.34517e-5 -1 -0.9834388 -0.1812406 0 -0.9834389 -0.1812407 0 -0.9834382 -0.1812438 0 0.007587194 -0.02632081 -0.9996248 0.00201255 -0.05052572 -0.9987208 0.009088456 -0.01979631 -0.9997627 0.9960042 0.08930593 0 0.9960043 0.08930528 0 0.9960044 0.0893051 0 0.002680659 -0.06712645 0.9977409 0.01009064 -0.03500854 0.9993362 0.01208901 -0.02633208 0.9995802 4.73607e-7 -1.93053e-7 -1 0 0 -1 2.53329e-7 -3.08276e-7 -1 2.56166e-7 0 -1 -2.2927e-7 0 -1 0 0 -1 -1.74544e-7 0 1 -2.58837e-7 0 1 -3.11898e-7 0 1 0 0 1 0 0 1 3.72582e-7 0 1 -0.01945441 -0.9998108 0 -0.04924458 -0.9987868 0 -0.01945441 -0.9998108 0 -0.04924458 -0.9987868 0 -0.07899123 -0.9968754 0 -0.07899123 -0.9968754 0 -0.01726096 -0.9998511 0 -0.05026155 -0.9987361 0 -0.01726096 -0.9998511 0 -0.05026155 -0.9987361 0 -0.08320742 -0.9965323 0 -0.08320742 -0.9965323 0 0 0 -1 0 0 -1 0.0896511 -0.9959732 -3.23609e-7 -0.02221244 -0.9997533 -3.65265e-7 -0.02221232 -0.9997533 -1.00736e-6 0 0 -1 0 0 -1 0 0 -1 4.30102e-7 0 1 2.52126e-7 0 1 8.97005e-7 0 1 0 0 -1 0 0 -1 0 0 -1 0.001273393 -4.71164e-5 -0.9999992 0 0 -1 0.001464724 -5.4194e-5 -0.9999989 0 0 -1 0 0 -1 0 0 -1 0.04068875 0.9991719 -9.52302e-7 0.1575495 0.9875111 -8.44346e-7 0.04068851 0.9991719 -2.62657e-6 0.1576691 0.9874921 0 0.3774222 0.9260414 0 -2.45681e-4 9.09094e-6 1 1.39195e-7 0 1 -2.82211e-4 1.04457e-5 1 0 0 -1 0 0 -1 0 0 -1 -5.12748e-7 0 1 -2.4601e-4 9.11103e-6 1 -2.83211e-4 1.04799e-5 1 0.8137832 0.5811686 0 0.8863803 0.462958 0 0.8137833 0.5811685 0 0.3079623 -0.9513987 0 0.4813571 -0.8765246 0 0.3079621 -0.9513987 0 0.4813572 -0.8765245 0 0.6114627 -0.7912734 0 0.6114628 -0.7912732 0 0.7640546 -0.6451516 0 -3.50241e-7 0 1 -8.63637e-7 0 1 0 0 -1 -0.2609516 0.9653519 0 -0.05437356 0.9985207 -8.42075e-7 -0.05446755 0.9985156 0 -5.21162e-4 1.92816e-5 1 -2.34405e-7 0 1 -3.245e-7 0 1 0 0 -1 0 0 -1 0.669107 0.7431661 0 0.6691073 0.7431658 0 0.544807 0.8385615 0 0.544807 0.8385616 0 0.3774226 0.9260411 0 0.8434045 -0.5372791 0 0.7640548 -0.6451514 0 0.8434045 -0.5372792 0 -0.3315793 -0.9434273 0 -0.5201131 -0.8540975 0 -0.6617477 -0.7497267 0 -0.6617479 -0.7497265 0 -0.7661351 -0.6426796 0 -0.7661356 -0.6426792 0 -0.8061929 -0.5916529 0 -0.8061933 -0.5916524 0 -0.9993163 0.03697216 0 -0.9993163 0.03697216 0 -0.757297 0.6530707 0 -0.7141426 0.7000004 0 -0.7141423 0.7000006 0 -0.6036121 0.7972782 0 -0.6036117 0.7972785 0 -0.4555777 0.8901962 0 -0.4555774 0.8901962 0 -0.2609517 0.9653519 0 0 0 -1 0.001270651 -4.70122e-5 -0.9999992 0.001460015 -5.40183e-5 -0.9999989 0.03742134 0.9992996 -9.52304e-7 0.0374211 0.9992996 -2.62659e-6 -3.45203e-7 0 1 2.50742e-7 0 1 3.88071e-7 0 1 0 0 -1 0 0 -1 -0.1312633 -0.9913476 0 0 0 -1 0 0 -1 0 0 -1 -1.79219e-7 0 1 -5.21279e-4 1.92834e-5 1 -5.21311e-4 1.92835e-5 0.9999999 -1.79235e-7 0 1 -7.53313e-7 0 1 0.002695083 -9.97126e-5 -0.9999964 0.002695083 -9.97128e-5 -0.9999964 0.002695083 -9.97097e-5 -0.9999964 -2.50063e-7 0 1 -5.25791e-7 0 1 0 0 -1 -1.49714e-7 0 1 -1.58675e-7 0 1 -0.04288327 -0.9990801 0 -0.1311728 -0.9913595 0 0.0794183 -0.9968414 0 -0.04272305 -0.999087 0 -0.04272294 -0.999087 0 0 0 -1 2.34156e-7 0 1 0 0 1 8.97016e-7 0 1 0 0 -1 0 0 -1 0 0 -1 0.001274704 -4.71617e-5 -0.9999992 0 0 -1 0.001455962 -5.38678e-5 -0.9999989 0 0 -1 0 0 -1 0 0 -1 0.04261225 0.9990918 0 0.1584955 0.9873597 0 0.04261213 0.9990918 0 0.1586139 0.9873407 0 0.3774219 0.9260415 0 -2.45478e-4 9.08355e-6 1 1.39195e-7 0 1 -2.82347e-4 1.04511e-5 1 0 0 -1 0 0 -1 0 0 -1 1.85633e-7 0 1 -2.46316e-4 9.12016e-6 1 -2.81576e-4 1.0417e-5 1 0.8137853 0.5811656 0 0.8863811 0.4629565 0 0.8137853 0.5811658 0 0.3079576 -0.9514001 0 0.4813535 -0.8765266 0 0.3079578 -0.9514001 0 0.4813533 -0.8765267 0 0.6114645 -0.7912719 0 0.6114645 -0.7912719 0 0.7640547 -0.6451516 0 0 0 1 -1.49712e-7 0 1 0 0 -1 -0.260955 0.9653511 0 -0.05281871 0.9986041 0 -0.0529142 0.9985991 0 -5.21074e-4 1.92814e-5 1 -6.11297e-7 0 1 -3.24503e-7 0 1 0 0 -1 0 0 -1 0.6691061 0.7431669 0 0.669106 0.7431671 0 0.5448076 0.8385612 0 0.5448076 0.8385611 0 0.3774218 0.9260415 0 0.8434026 -0.5372822 0 0.7640547 -0.6451517 0 0.8434026 -0.5372822 0 -0.3315737 -0.9434294 0 -0.5201132 -0.8540975 0 -0.5201129 -0.8540975 0 -0.6617518 -0.749723 0 -0.6617517 -0.7497231 0 -0.7661337 -0.6426813 0 -0.7661336 -0.6426814 0 -0.8061879 -0.5916597 0 -0.8061876 -0.59166 0 -0.9993164 0.03697168 0 -0.9993163 0.03697168 0 -0.7141417 0.7000012 0 -0.7141419 0.7000011 0 -0.6036089 0.7972807 0 -0.6036089 0.7972806 0 -0.4555784 0.8901956 0 -0.4555783 0.8901957 0 -0.2609549 0.9653511 0 0.001269698 -4.69734e-5 -0.9999992 0.00146085 -5.40454e-5 -0.9999989 0.04053014 0.9991784 0 0.04052937 0.9991784 0 -2.37119e-7 0 1 1.6873e-7 0 1 1.6185e-7 0 1 0 0 -1 0 0 -1 -0.1323777 -0.9911994 0 -0.3315738 -0.9434293 0 0 0 -1 0 0 -1 0 0 -1 -1.72234e-7 0 1 -5.21044e-4 1.92815e-5 1 -5.2102e-4 1.92814e-5 0.9999999 -1.79231e-7 0 1 -2.79288e-7 0 1 0.002695083 -9.97128e-5 -0.9999964 0.002695083 -9.9714e-5 -0.9999964 0.002695024 -9.97098e-5 -0.9999964 1.45133e-7 0 1 0 0 -1 -0.04513424 -0.998981 4.76149e-7 -0.1322877 -0.9912114 4.20856e-7 -1.05142e-4 3.88985e-6 -1 -3.30126e-4 1.22142e-5 -1 -3.40039e-7 0 1 -1.6157e-7 0 1 1.39128e-7 0 1 0.9993163 -0.03697299 0 0.9993163 -0.03697305 -2.86275e-5 0.9993163 -0.03697329 0 0.02914857 -1.49647e-4 -0.9995751 0 0 1 0 0 1 1.80963e-7 0 1 0.9993163 -0.03697341 0 0.9993165 -0.03696888 0 0.9993165 -0.03696817 0 0.001580119 -1.85475e-4 0.9999988 0.001413762 -6.36683e-5 0.999999 0.001460313 -8.04346e-5 0.9999989 0 0 1 -9.93296e-7 0 1 -0.9993164 0.03697133 0 -0.9993164 0.03697198 0 -0.9993164 0.03697085 0 0.03710401 0.9993115 2.35955e-5 0.03726071 0.9993057 3.10216e-5 0.03725385 0.9993059 2.58028e-5 0.9993163 -0.03697252 -2.94558e-5 0.9993163 -0.03697311 -2.99927e-5 0.9993164 -0.03697168 -8.07569e-7 0.9993164 -0.03697192 0 0.9993163 -0.03697198 -9.82966e-7 -0.9993124 0.03707975 0 -0.9993124 0.03707969 0 -0.9993124 0.03707975 0 0 0 1 0 0 1 -1.49508e-7 0 1 5.53653e-7 0 1 1.2882e-7 0 1 0 0 1 0.001629412 -7.08507e-5 0.9999988 0 0 1 0.9993163 -0.03697305 0 0.9993163 -0.03697317 -1.22668e-6 0.9993163 -0.03697234 -3.05033e-5 0.9993163 -0.03697222 -2.90629e-5 -0.9993163 0.03697335 0 -0.9993163 0.03697335 0 -2.49493e-7 0 1 0 0 1 0.00175029 -1.76276e-4 0.9999985 0 0 1 0 0 1 0.9993163 -0.03697258 0 0.9993162 -0.03697425 0 0.9993163 -0.03697359 0 0.03814572 0.9992723 7.00202e-5 0.0381456 0.9992722 -1.00569e-5 0.03784912 0.9992835 3.70089e-5 0.03814709 0.9992722 0 0.03814685 0.9992722 1.83014e-5 0.03814679 0.9992722 0 1.81419e-7 0 1 0 0 1 0.9993163 -0.0369724 -2.8913e-5 0.9993163 -0.03697311 0 0 0 1 0.002288341 -2.08524e-4 0.9999974 0.001671731 -8.28409e-5 0.9999986 9.78778e-7 0 1 -0.9993163 0.03697347 0 -0.9993163 0.03697323 0 0.9993163 -0.03697246 -3.05499e-5 0.9993163 -0.03697341 -5.3581e-6 0.9993163 -0.03697323 -3.73224e-6 -6.20275e-7 0 1 -1.57792e-4 5.83774e-6 -1 0.9993163 -0.03697317 0 0.9993162 -0.03697443 0 -0.03819102 -0.9992705 -1.45939e-4 -0.03814691 -0.9992722 -1.67309e-5 -0.03814691 -0.9992722 -1.77905e-4 -3.31841e-4 1.22778e-5 -1 -6.63687e-4 2.45578e-5 -0.9999999 -6.63685e-4 2.45564e-5 -0.9999999 1.28954e-6 0 1 2.62009e-7 0 1 0 0 1 0.001759111 -7.18348e-5 0.9999985 0.9993164 -0.03697192 -5.14174e-7 0.9993164 -0.03697192 -7.54877e-7 0.9993163 -0.03697234 -2.69865e-5 0.9993164 -0.03697174 -2.5119e-5 -0.9993163 0.03697276 0 -0.9993163 0.03697252 0 0.03544014 -0.001311063 0.999371 0 0 1 0.002634465 -2.08189e-4 0.9999966 -1.89073e-7 0 1 0 0 1 0.9993163 -0.03697192 0 -1.57793e-4 5.83798e-6 -1 0.9993163 -0.0369727 0 0.9993163 -0.03697317 0 -3.31842e-4 1.22764e-5 -1 -6.63684e-4 2.45566e-5 -0.9999999 -2.21338e-4 8.18803e-6 -1 -6.63686e-4 2.45583e-5 -0.9999999 0 0 1 2.73618e-7 0 1 0 0 1 0.9993163 -0.03697258 0 0.9993164 -0.03697204 -1.5975e-5 0.9993164 -0.03697174 0 0 0 1 -3.01412e-7 0 1 1.81113e-7 0 1 0.003450334 -2.55432e-4 0.9999941 0.003111839 -1.25785e-4 0.9999952 0.003155946 -1.43265e-4 0.9999951 2.68905e-7 0 1 1.98678e-7 0 1 -0.9993163 0.03697311 0 -0.9993163 0.03697305 0 -0.9993163 0.03697317 0 0.9993163 -0.03697335 -1.92355e-5 0.9993163 -0.03697288 -1.73435e-5 0.9993163 -0.0369724 -3.43436e-6 0.9993164 -0.0369721 -6.35161e-6 0.9993163 -0.03697228 -3.29133e-6 0 0 1 0 0 1 -1.31644e-7 0 1 -3.90531e-7 0 1 -3.3013e-4 1.22142e-5 -1 0.02912902 -1.01829e-4 -0.9995757 0.9993163 -0.03697311 0 0.9993165 -0.03696817 0 0.9993165 -0.03696906 0 3.2409e-4 -2.7169e-5 1 3.2458e-4 -2.71685e-5 1 3.24824e-4 -2.71682e-5 1 -0.9993124 0.03707903 0 -0.9993125 0.03707844 0 -0.9993124 0.03707909 0 0 0 1 1.57338e-7 0 1 0.003326356 -1.33676e-4 0.9999945 0 0 1 0.9993163 -0.03697311 -1.54677e-7 0.9993163 -0.03697282 -4.12032e-7 0.9993163 -0.0369724 -1.68165e-5 0.9993163 -0.03697222 -1.56393e-5 -0.9993164 0.03697085 0 -0.9993164 0.0369715 0 0 0 1 0.003620862 -2.45702e-4 0.9999935 -2.14719e-7 0 1 0 0 1 -2.21116e-4 8.18178e-6 -1 0.9993163 -0.03697282 0 0.9993163 -0.03697305 0 3.10294e-4 -1.49379e-4 1 0.001943647 -1.81665e-4 0.9999981 3.1033e-4 -1.49566e-4 1 0 0 1 -1.39992e-7 0 1 0.9993164 -0.0369718 -1.32575e-5 0.9993164 -0.03697144 0 -1.39616e-7 0 1 2.28605e-7 0 1 0.004665255 -3.21034e-4 0.9999891 0.003366768 -1.38378e-4 0.9999943 -0.9993164 0.03697139 0 0.9993164 -0.03697144 -1.40458e-5 0.9993164 -0.03697139 0 0.9993163 -0.03697288 -8.24896e-7 1.70752e-7 0 1 0 0 1 0.9993164 -0.03697121 0 0.9993163 -0.03697282 0 3.10306e-4 -1.49454e-4 1 0.03814685 0.9992722 7.0249e-5 0.03814685 0.9992722 2.95431e-5 0.03814691 0.9992722 5.48763e-5 0 0 1 0 0 1 0.00454688 -1.85475e-4 0.9999897 0.9993163 -0.03697288 -6.07496e-6 0.9993163 -0.03697293 -3.48399e-6 0.9993164 -0.0369715 -1.61544e-5 0.9993163 -0.03697288 -1.59787e-5 -0.9993163 0.03697413 0 -1.78883e-7 0 1 0.006753444 -3.97421e-4 0.9999772 -1.25571e-7 0 1 0 0 1 0.9993163 -0.03697252 0 0.9993164 -0.03697139 0 0.9993164 -0.03697121 0 -0.0381456 -0.9992722 0 -0.03814572 -0.9992722 -7.75407e-6 -0.03818863 -0.9992706 -1.26276e-5 0.03814572 0.9992722 0 0.0381456 0.9992722 1.09036e-5 0.0381456 0.9992722 0 0.9993164 -0.03697067 0 0.9993161 -0.03697872 0 0.999316 -0.03697925 0 0 0 -1 0 0 -1 -0.02298331 -0.999736 0 -0.02298331 -0.999736 0 -0.01287025 -0.9999172 0 -0.07496237 -0.9971864 0 -0.01287031 -0.9999172 0 0 0 1 0 0 1 0 0 1 -3.66077e-7 0 1 -1.82924e-7 0 1 0.02298331 0.999736 0 0.02298331 0.999736 0 0.02298331 0.999736 0 0.01287025 0.9999172 0 0.07906049 0.9968699 0 -0.9993122 0.03708189 2.06309e-4 -0.9993119 0.03703564 0.002009451 -0.9993115 0.03705197 0.0019418 -0.9993123 0.03708308 0 -0.9993125 0.0370776 2.12251e-4 -0.9993116 0.03703206 0.00225079 -0.9993122 0.03708279 0 -0.9993122 0.03708243 2.3599e-4 -0.9993119 0.03702116 0.002281963 -0.9993121 0.03708499 0 -0.9993119 0.03709077 2.40758e-4 -0.9993128 0.03706324 4.47732e-4 -0.9993044 0.03703886 0.004351556 -0.9993042 0.0370478 0.004306793 -0.9993128 0.03706562 0 -0.9993128 0.03706508 4.53545e-4 -0.9993032 0.0370438 0.004591882 -0.9993128 0.03706991 0 -0.9993125 0.03707462 4.77048e-4 -0.9993029 0.03704452 0.004640519 -0.9993125 0.03707444 0 -0.9993126 0.03706973 4.78612e-4 -0.03818863 -0.9992706 -8.04387e-5 -0.0381456 -0.9992723 -7.33885e-5 6.5842e-4 -1.62586e-4 0.9999998 6.58419e-4 -1.6248e-4 0.9999998 -3.1558e-4 1.16772e-5 -1 -3.15582e-4 1.16761e-5 -1 -1.05247e-4 3.89402e-6 -1 -3.1558e-4 1.16761e-5 -1 -0.03814691 -0.9992722 0 -0.0381897 -0.9992705 -2.4794e-5 6.5844e-4 -1.62512e-4 0.9999998 0.004324972 -2.6942e-4 0.9999907 -3.15576e-4 1.16781e-5 -1 -0.9993124 0.03707879 0 -0.9993124 0.03707844 0 -0.9993124 0.03707879 0 -3.25635e-4 1.96464e-5 -1 -3.26118e-4 1.96461e-5 -1 -3.25394e-4 1.96466e-5 -1 0.9993162 -0.03697389 0 -3.30118e-4 1.22141e-5 -1 -1.50474e-7 0 1 0 0 1 0.00387001 -0.9999926 1.13693e-4 0.004245162 -0.999991 3.17747e-4 0.004470944 -0.9999901 5.68389e-5 0 0 1 4.74783e-4 -1.47119e-4 0.9999999 1.3931e-4 -2.52328e-5 1 0.01915162 -0.007878601 0.9997856 -0.9993163 0.0369724 0 -0.9993164 0.0369721 0 -0.003255963 0.9999947 -3.61971e-5 -0.003332734 0.9999943 -6.08923e-4 -0.003154337 0.9999951 -8.87025e-5 0.008504629 -0.9999639 1.48981e-4 0.009573221 -0.9999542 7.51509e-5 0.009931862 -0.9999507 0 -5.16314e-7 0 1 -2.60488e-7 0 1 0 0 1 0 0 1 2.19533e-4 -1.51426e-5 1 0.9993163 -0.03697246 -1.57642e-6 0.9993163 -0.03697246 0 0.9993163 -0.03697258 -1.49668e-6 0.9993163 -0.03697305 -3.85702e-5 0.9993163 -0.0369727 -4.04719e-5 0.9993163 -0.03697264 -3.89314e-5 -0.9993162 0.03697615 0 -0.9993163 0.03697347 0 0.03604251 -0.001333355 0.9993494 1.26305e-7 0 1 5.81468e-4 -1.32726e-4 0.9999999 1.33272e-7 0 1 -1.42376e-7 0 1 0.9993163 -0.03697276 0 0.9993164 -0.03697198 0 -0.03710299 -0.9993115 -1.03026e-4 -0.03701406 -0.9993149 -1.40208e-4 -0.03703379 -0.999314 -1.4214e-4 0.03709357 0.9993119 1.20008e-4 0.03703331 0.9993141 3.24747e-5 0.03700804 0.999315 1.79967e-4 0.9993164 -0.0369715 0 0.9993163 -0.03697258 0 0.02787202 -0.001031219 -0.999611 -3.30137e-4 1.22148e-5 -1 0 0 1 0 0 1 -0.002677321 0.9999965 -6.55156e-6 -0.002668976 0.9999964 -5.74438e-5 -0.00266385 0.9999966 -6.81153e-5 0 0 1 1.74944e-7 0 1 6.24339e-4 -1.51759e-4 0.9999998 2.51828e-4 -3.03326e-5 1 0.01827454 -0.00800383 0.999801 -0.9993162 0.03697657 0 -0.9993162 0.03697413 0 -0.002691209 0.9999964 -1.7011e-5 -0.00274235 0.9999963 -5.37161e-5 -0.002672016 0.9999964 -4.93037e-5 -0.002774834 0.9999963 -6.98228e-6 -0.002772688 0.9999963 -8.32824e-5 0 0 1 -0.9993125 0.03707659 0 -0.9993124 0.03707879 0 -0.9993125 0.03707629 0 -0.03709715 -0.9993118 -1.04779e-4 -0.03725588 -0.9993058 -2.93231e-5 -0.03726267 -0.9993056 -3.08393e-5 0.9993164 -0.03697007 0 0.9993164 -0.03697156 0 0.02780526 -0.001028656 -0.9996129 0.02908188 1.37972e-5 -0.9995771 -3.30112e-4 1.22131e-5 -1 0 0 1 0 0 1 0 0 1 3.39292e-4 -1.89971e-5 1 0.9993164 -0.03697198 -1.62613e-6 0.9993164 -0.03697162 0 0.9993163 -0.0369718 -1.59704e-6 0.9993164 -0.03697198 -3.70525e-5 0.9993163 -0.03697216 -4.10506e-5 0.9993164 -0.03697192 -3.9702e-5 -0.9993164 0.03697067 0 -0.9993163 0.03697335 0 0.03504991 -0.001296758 0.9993848 0 0 1 7.42044e-4 -1.37249e-4 0.9999997 1.49725e-7 0 1 -1.53776e-7 0 1 0.9993164 -0.03697198 0 0.9993164 -0.03697133 0 -0.03743016 -0.9992993 -2.09999e-5 -0.03743058 -0.9992992 -1.00356e-4 -3.30141e-4 1.22152e-5 -1 -9.90411e-4 3.6647e-5 -0.9999996 -9.90408e-4 3.66424e-5 -0.9999996 0.9993163 -0.0369718 0 0.9993164 -0.03697061 0 0.0290516 9.57931e-5 -0.999578 -3.30127e-4 1.22135e-5 -1 0 0 1 0 0 1 -0.002810418 0.9999961 -3.58833e-5 -0.003141164 0.9999951 -1.06634e-4 0 0 1 5.1056e-7 0 1 7.83086e-4 -1.5812e-4 0.9999997 3.70314e-4 -3.49581e-5 1 0.01933532 -0.007850527 0.9997823 -0.9993164 0.03697061 0 -0.9993163 0.03697329 0 0.008651912 -0.9999626 1.30704e-4 0.009605109 -0.9999539 6.57593e-5 0.009924113 -0.9999508 0 0.008672297 -0.9999625 1.44721e-4 0.009639799 -0.9999536 7.28049e-5 0.009963572 -0.9999504 0 0 0 1 0 0 1 -0.9993124 0.03707909 0 -0.9993125 0.03707772 0 -0.9993124 0.03707927 0 -0.03744775 -0.9992987 -1.66718e-5 -0.03827452 -0.9992673 -2.01481e-5 -0.03827452 -0.9992673 -2.37664e-5 0.9993162 -0.0369758 0 0.9993163 -0.03697234 0 0.02788567 -0.001031756 -0.9996106 -3.30111e-4 1.22131e-5 -1 0 0 1 -1.91833e-7 0 1 0 0 1 4.60173e-4 -2.35252e-5 1 0.9993163 -0.03697258 -1.40689e-6 0.9993164 -0.03697216 0 0.9993163 -0.03697228 -1.52075e-6 0.9993163 -0.0369721 -3.86964e-5 0.9993163 -0.03697264 -4.02478e-5 0.9993163 -0.03697252 -3.87903e-5 -0.9993163 0.03697317 0 -0.9993163 0.03697311 0 0.03503924 -0.001296162 0.9993851 0 0 1 9.03411e-4 -1.43361e-4 0.9999996 0 0 1 -1.21694e-7 0 1 0.9993163 -0.03697234 0 0.9993163 -0.03697234 0 -0.03710329 -0.9993115 -1.16552e-4 -0.03700929 -0.9993149 -2.3748e-5 -0.03709733 -0.9993118 -3.3458e-5 0.03709667 0.9993118 3.80548e-5 0.03702127 0.9993145 4.67374e-5 0.03700923 0.9993149 4.12984e-5 0.9993162 -0.03697568 0 0.9993162 -0.03697574 0 0.02908825 -3.54674e-6 -0.9995769 -3.30134e-4 1.22141e-5 -1 0 0 1 -3.0391e-7 0 1 0.003830969 -0.9999927 1.12272e-4 0.004195153 -0.9999912 2.99532e-4 0.004414439 -0.9999904 5.60247e-5 0 0 1 9.44378e-4 -1.64837e-4 0.9999997 4.91228e-4 -3.9647e-5 1 0.01934391 -0.007848143 0.9997821 -0.9993163 0.03697347 0 -0.9993163 0.03697341 0 -0.003534197 0.9999936 -6.65787e-4 -0.008322834 0.9999653 -3.68663e-4 -0.003029942 0.9999952 -5.92145e-4 0.02909743 -2.52638e-5 -0.9995766 0.08940964 0.01652663 -0.9958578 0.02790379 -0.001032471 -0.9996101 -3.87266e-7 0 1 -0.9993124 0.03707849 0 -0.9993124 0.03707748 0 -0.9993124 0.03707855 0 0.03710979 0.9993112 2.15315e-5 0.037256 0.9993058 2.89863e-5 0.03726267 0.9993056 2.93159e-5 0.9993162 -0.03697413 0 0.9993162 -0.03697562 0 0.02788579 -0.001031816 -0.9996106 -3.3011e-4 1.2216e-5 -1 2.12271e-7 0 1 3.04924e-7 0 1 0 0 1 5.83036e-4 -2.77944e-5 0.9999998 0.9993163 -0.03697282 -3.45643e-7 0.9993163 -0.03697276 0 0.9993163 -0.03697276 -5.6962e-7 0.9993163 -0.03697282 -3.93249e-5 0.9993163 -0.03697258 -3.96613e-5 0.9993163 -0.03697246 -3.81781e-5 -0.9993163 0.03697329 0 -0.9993163 0.03697329 0 0.03462249 -0.001280903 0.9993997 0 0 1 0.001067817 -1.48957e-4 0.9999994 0 0 1 0 0 1 0.9993163 -0.03697264 0 0.9993163 -0.03697264 0 0.00295943 -2.19172e-4 0.9999957 9.8431e-4 -1.74476e-4 0.9999995 9.85473e-4 -1.74482e-4 0.9999995 0.03710955 0.9993112 9.80491e-5 0.03703409 0.9993141 1.34014e-4 0.03744798 0.9992986 9.88076e-5 0.9993163 -0.03697311 0 0.9993163 -0.03697341 0 0.02908819 -4.45934e-6 -0.9995769 -3.30135e-4 1.22141e-5 -1 3.36183e-7 0 1 0 0 1 0.01956409 -0.007812321 0.9997781 0.09049326 -0.01017296 0.9958452 0.04106074 -0.02934265 0.9987258 0 0 1 0 0 1 0.00110805 -1.70859e-4 0.9999994 6.13407e-4 -4.35848e-5 0.9999999 0.01978206 -0.007775008 0.9997741 -0.9993162 0.03697383 0 -0.9993162 0.03697407 0 0.0290727 3.74281e-5 -0.9995773 0.08947408 0.01633691 -0.9958552 0.02785253 -0.001030623 -0.9996116 -0.002692162 0.9999964 -1.60103e-5 -0.002746582 0.9999963 -5.29332e-5 0 0 1 6.88326e-7 0 1 -0.9993124 0.03707784 0 -0.9993124 0.0370779 0 -0.9993125 0.03707784 0 -0.03827106 -0.9992675 -1.04097e-5 -0.038257 -0.999268 -5.17274e-7 0.9993164 -0.03697121 0 0.9993163 -0.03697246 0 0.02792096 -0.001032769 -0.9996096 -3.30103e-4 1.22154e-5 -1 -2.43388e-7 0 1 -6.86246e-7 0 1 6.99379e-4 -3.21066e-5 0.9999998 0.9993164 -0.0369721 -7.50057e-6 0.9993164 -0.03697109 -1.29967e-6 0.9993164 -0.03697144 -1.08968e-6 0.9993164 -0.0369715 -3.82513e-5 0.9993164 -0.03697192 -3.41443e-5 0.9993164 -0.03697085 -3.20793e-5 -0.9993164 0.03696972 0 -0.9993164 0.03696995 0 0.03461164 -0.001280605 0.9994001 0 0 1 0.001222789 -1.5565e-4 0.9999993 0 0 1 0.9993164 -0.03697055 0 0.9993164 -0.03697127 0 -0.03711044 -0.9993112 -2.36056e-5 -0.03703445 -0.9993141 -1.45506e-5 -0.03703409 -0.999314 0 -9.90382e-4 3.66433e-5 -0.9999996 -9.90389e-4 3.66435e-5 -0.9999996 0.9993163 -0.03697317 0 0.9993163 -0.0369718 0 0.02910548 -4.57754e-5 -0.9995764 -3.30124e-4 1.22147e-5 -1 0 0 1 0 0 1 0.004403233 -0.9999902 4.84571e-4 0.004652619 -0.9999892 2.55382e-4 0 0 1 0 0 1 0.001262307 -1.76637e-4 0.9999993 7.29767e-4 -4.82137e-5 0.9999998 0.019795 -0.007772862 0.9997739 -0.9993164 0.03696984 0 -0.9993164 0.03696954 0 -0.003845632 0.9999924 -6.35601e-4 -0.008401453 0.9999647 -3.49854e-4 -0.003349184 0.9999942 -6.22551e-4 0.007024109 -0.9999752 6.22841e-4 0.007751047 -0.99997 2.67374e-4 0 0 1 0 0 1 -0.9993124 0.03707838 0 -0.9993123 0.03708076 0 -0.9993124 0.03707808 0 -5.93751e-4 1.60056e-4 -0.9999999 -5.94212e-4 1.60057e-4 -0.9999999 -5.93543e-4 1.60056e-4 -0.9999999 0.9993164 -0.03697073 0 0.9993162 -0.03697389 0 0.02792 -0.001033008 -0.9996097 -3.30117e-4 1.22114e-5 -1 0 0 1 3.28094e-7 0 1 8.18807e-4 -3.62914e-5 0.9999998 0.9993163 -0.03697329 -1.41911e-6 0.9993163 -0.03697311 0 0.9993163 -0.03697276 -1.06501e-6 0.9993164 -0.03697204 -3.85315e-5 0.9993163 -0.03697222 -3.51166e-5 0.9993164 -0.03697133 -3.31791e-5 -0.9993164 0.03697103 0 -0.9993164 0.03697079 0 -1.58533e-7 0 1 0.03420197 -0.001265585 0.9994142 0.001381278 -1.61239e-4 0.9999991 0 0 1 0.9993164 -0.03697139 0 0.9993163 -0.03697139 0 0.03709369 0.9993118 1.19217e-4 0.03703355 0.999314 2.9937e-5 0.03700858 0.999315 1.6489e-4 0.03709471 0.9993118 -4.01963e-6 0.03702098 0.9993145 -1.69546e-5 0.03700751 0.999315 2.73281e-5 0.9993164 -0.03696972 0 0.9993164 -0.03697001 0 0.02910482 -4.72037e-5 -0.9995764 0 0 1 0 0 1 0.01889878 -0.007916986 0.9997901 0.09234362 -0.009884655 0.9956782 0.03900271 -0.02929252 0.9988097 0 0 1 0 0 1 0.001421868 -1.82961e-4 0.999999 8.48814e-4 -5.25034e-5 0.9999997 0.02022051 -0.007693707 0.9997659 -0.9993164 0.03697109 0 0.003830134 -0.9999927 1.07418e-4 0.004190325 -0.9999912 3.05847e-4 0.004413902 -0.9999904 3.96963e-5 -0.002961456 0.9999957 -1.75252e-5 -0.002896487 0.9999958 -4.26939e-5 0 0 1 -9.65065e-7 0 1 -0.9993124 0.03707736 0 -0.9993124 0.03707808 0 -0.9993125 0.0370773 0 -0.03726071 -0.9993056 -2.84838e-5 -0.03725403 -0.9993059 -2.70446e-5 0.9993164 -0.0369696 0 0.9993164 -0.03696894 0 0.02795428 -0.00103414 -0.9996087 -3.30136e-4 1.22137e-5 -1 -1.38441e-7 0 1 0 0 1 9.3731e-4 -4.14089e-5 0.9999997 0 0 1 0.9993164 -0.03697204 -1.6101e-6 0.9993163 -0.03697252 0 0.9993163 -0.0369724 -1.58311e-6 0.9993163 -0.03697246 -3.80275e-5 0.9993163 -0.03697276 -4.0373e-5 0.9993163 -0.03697246 -3.94147e-5 -0.9993163 0.03697258 0 -0.9993164 0.03696995 0 0 0 1 0.03546035 -0.001311898 0.9993702 0.001538455 -1.67104e-4 0.9999988 -1.88678e-7 0 1 0 0 1 0.9993163 -0.03697252 0 0.9993163 -0.03697252 0 -3.30126e-4 1.2214e-5 -1 -9.90361e-4 3.66395e-5 -0.9999995 -9.90336e-4 3.66432e-5 -0.9999995 0.03744775 0.9992987 1.94164e-5 0.03703427 0.999314 1.65921e-5 0.9993164 -0.03697109 0 0.9993164 -0.03697031 0 0.02912265 -8.83617e-5 -0.9995759 -3.30116e-4 1.22121e-5 -1 0 0 1 0 0 1 -0.002650201 0.9999965 -1.39957e-5 -0.002693653 0.9999964 -4.05063e-5 -0.002634465 0.9999966 -2.28169e-5 -1.42619e-7 0 1 1.48222e-7 0 1 0.001580715 -1.87885e-4 0.9999988 9.69243e-4 -5.70727e-5 0.9999995 -0.9993163 0.03697222 0 -0.9993164 0.0369696 0 -0.002780675 0.9999961 -6.98228e-6 -0.00277841 0.9999961 -8.32824e-5 -0.002610862 0.9999966 4.59326e-5 -0.00260502 0.9999966 -1.58963e-5 -0.002601206 0.9999966 0 1.34844e-7 0 1 0 0 1 -0.9993124 0.03707915 0 -0.9993124 0.03707993 0 -0.9993124 0.03707903 0 0.03744786 0.9992987 8.61894e-5 0.03827458 0.9992673 3.01175e-5 0.0382747 0.9992673 2.21266e-5 0.9993163 -0.03697293 0 0.9993164 -0.0369718 0 -1.47785e-7 0 1 0 0 1 0.001057863 -4.51006e-5 0.9999995 0.9993164 -0.03697168 -7.09585e-7 0.9993164 -0.03697121 0 0.9993163 -0.03697174 -1.07735e-6 0.9993164 -0.03697144 -3.19115e-5 0.9993164 -0.03697168 -3.44903e-5 0.9993164 -0.03697144 -3.31391e-5 -0.9993164 0.03697162 0 -0.9993164 0.03697156 0 -2.65801e-7 0 1 0.03416579 -0.001263976 0.9994154 0.001701653 -1.72919e-4 0.9999986 0 0 1 0.9993163 -0.03697133 0 0.03710812 0.9993113 8.10943e-6 0.03703409 0.999314 1.53533e-5 0.03703349 0.999314 -4.03473e-6 0.03700792 0.999315 0 0.03700792 0.999315 1.95045e-5 0.9993164 -0.03697204 0 0.9993163 -0.03697228 0 -3.30123e-4 1.22129e-5 -1 -2.86931e-7 0 1 0 0 1 0.003869116 -0.9999926 1.15181e-4 0.00424087 -0.9999909 3.0783e-4 0.004468023 -0.9999901 4.36278e-5 0 0 1 0 0 1 0.001741945 -1.94566e-4 0.9999985 0.001087486 -6.09238e-5 0.9999994 0.02026051 -0.007686972 0.9997653 -0.9993164 0.03697097 0 -0.9993164 0.03697091 0 -0.002816915 0.9999961 -3.65459e-5 -0.003271937 0.9999947 -3.68794e-5 -0.003168165 0.999995 -9.65373e-5 0 0 1 0 0 1 -0.9993124 0.03707945 0 -0.9993123 0.03708112 0 -0.9993124 0.03707927 0 0.9993163 -0.03697293 0 0.9993164 -0.03697144 0 0.02795761 -0.001034319 -0.9996086 -3.30126e-4 1.22126e-5 -1 -3.30131e-4 1.22161e-5 -1 1.43931e-7 0 1 0 0 1 0.001171171 -4.89713e-5 0.9999994 0.9993163 -0.03697377 -1.49697e-6 0.9993163 -0.03697377 0 0.9993163 -0.03697323 -1.09812e-6 0.9993163 -0.03697246 -3.20837e-5 0.9993163 -0.0369727 -3.42372e-5 0.9993163 -0.0369724 -3.354e-5 -0.9993165 0.03696781 0 -0.9993164 0.03697109 0 0.03359383 -0.001242876 0.9994349 0 0 1 0.001852035 -1.7926e-4 0.9999983 0 0 1 0 0 1 0.9993163 -0.0369727 0 -0.03709429 -0.9993119 -5.1806e-6 -0.03702116 -0.9993145 -2.56569e-5 -0.03703421 -0.999314 0 -0.03703314 -0.9993141 -3.78517e-5 -0.03710317 -0.9993115 -4.21009e-5 0.9993164 -0.03697025 0 0.9993163 -0.03697216 0 0.02912449 -9.22236e-5 -0.9995758 0 0 1 2.68557e-7 0 1 -0.002681791 0.9999965 -8.04139e-6 -0.002675712 0.9999964 -6.68039e-5 -0.002673447 0.9999964 -8.36011e-5 0 0 1 0 0 1 0.001890838 -2.00758e-4 0.9999983 0.001200377 -6.55338e-5 0.9999994 0.02085196 -0.007565081 0.999754 -0.9993165 0.03696924 0 -0.9993163 0.03697228 0 -0.003944456 0.999992 -6.28247e-4 -0.008426189 0.9999645 -3.45152e-4 -0.003443241 0.9999939 -6.37744e-4 -0.002749919 0.9999963 -2.10439e-5 -0.002821147 0.9999961 -6.37949e-5 -0.002723515 0.9999963 -7.56526e-5 0 0 1 2.21084e-7 0 1 -0.9993125 0.03707665 0 -0.9993124 0.03707897 0 -0.9993125 0.03707635 0 0.03709721 0.9993118 3.91637e-5 0.03726279 0.9993056 2.34251e-5 0.03726267 0.9993055 2.96053e-5 0.9993163 -0.03697323 0 0.9993164 -0.03696948 0 0.02800333 -0.001035928 -0.9996074 -3.30129e-4 1.22127e-5 -1 1.47138e-7 0 1 3.29814e-7 0 1 0.001287996 -5.32893e-5 0.9999992 0 0 1 0.9993163 -0.03697359 -1.25639e-6 0.9993163 -0.03697347 0 0.9993163 -0.03697323 -9.82141e-7 0.9993163 -0.03697282 -3.21434e-5 0.9993163 -0.0369724 -3.32876e-5 0.9993163 -0.03697216 -3.18286e-5 -0.9993162 0.03697615 0 -0.9993163 0.03697264 0 -3.44286e-7 0 1 0.03359502 -0.001242816 0.9994348 0.002007782 -1.84424e-4 0.999998 0 0 1 0.9993163 -0.03697252 0 0.9993164 -0.03697174 0 -0.03703403 -0.999314 0 -0.03703403 -0.999314 -1.59761e-5 -0.03744757 -0.9992987 -1.97252e-5 0.03703385 0.999314 0 0.03703385 0.9993141 3.35327e-6 0.03703385 0.999314 0 0.9993162 -0.03697448 0 0.9993163 -0.03697317 0 0.02914899 -1.4965e-4 -0.9995751 -3.30129e-4 1.22129e-5 -1 2.7833e-7 0 1 -4.59392e-7 0 1 0.004402935 -0.9999902 4.96176e-4 0.004658997 -0.9999892 2.37588e-4 0 0 1 0 0 1 0.0020473 -2.06444e-4 0.999998 0.001317083 -7.02403e-5 0.9999992 0.02085161 -0.007565081 0.999754 -0.9993162 0.03697538 0 -0.9993163 0.03697186 0 0.003771841 -0.999993 2.9333e-5 0.003726601 -0.999993 3.1364e-4 0.00386995 -0.9999926 1.14721e-4 0.007025122 -0.9999752 6.34012e-4 0.007751107 -0.99997 2.9419e-4 2.18355e-7 0 1 -0.9993124 0.03707849 0 -0.9993125 0.03707796 0 -0.9993124 0.03707855 0 0.9993165 -0.03696674 0 0.9993162 -0.03697443 0 -3.30135e-4 1.22147e-5 -1 0.9993163 -0.03697264 -3.4226e-6 0.9993164 -0.03697192 -2.3012e-7 0.9993164 -0.03697204 -3.11006e-5 0.9993163 -0.03697305 -3.04939e-5 -0.9993163 0.03697264 0 1.68967e-7 0 1 0 0 1 0.9993163 -0.03697186 0 -0.03709357 -0.9993119 -1.06162e-4 -0.03700894 -0.999315 -1.45165e-4 -0.03700828 -0.999315 -1.51325e-4 0.03700774 0.999315 0 0.03700768 0.999315 4.82738e-6 0.03700798 0.999315 0 0.9993165 -0.03696751 0 0.02800285 -0.001035928 -0.9996073 -3.30108e-4 1.22121e-5 -1 -0.9993125 0.03707659 0 -0.9993125 0.03707695 0 -0.9993125 0.03707659 0 3.58146e-4 -2.85236e-5 1 3.58053e-4 -2.84619e-5 1 3.58009e-4 -2.84333e-5 1 0.9993164 -0.03697061 0 0.9993163 -0.0369727 0 0.02785563 -0.001030385 -0.9996114 0 0 1 -4.08359e-7 0 1 -0.004076182 0.9999916 -6.16865e-4 -0.008459031 0.9999642 -3.38102e-4 -0.00357604 0.9999934 -6.22585e-4 -1.47451e-7 0 1 1.32851e-7 0 1 0.002676963 -2.28698e-4 0.9999965 0.001790702 -8.75356e-5 0.9999984 0.01892274 -0.00791341 0.9997897 -0.9993163 0.03697311 0 -0.9993163 0.03697335 0 0.0290746 3.55791e-5 -0.9995773 0.08947598 0.0163446 -0.9958549 -0.00356847 0.9999934 -6.7851e-4 -0.008361876 0.999965 -3.75708e-4 -0.003067314 0.9999952 -6.21612e-4 0 0 1 2.06663e-7 0 1 1.22867e-7 0 1 -1.32864e-7 0 1 0.001880466 -7.58705e-5 0.9999983 0 0 1 0.9993163 -0.03697264 -3.41917e-6 0.9993163 -0.03697234 -4.84992e-7 0.9993164 -0.03697216 -8.03974e-7 0.9993163 -0.03697222 -2.59471e-5 0.9993164 -0.03697198 -2.72117e-5 0.9993164 -0.03697186 -2.57427e-5 -0.9993164 0.03697115 0 -0.9993162 0.03697419 0 0 0 1 0.03470611 -0.001284003 0.9993968 0.002796709 -2.1334e-4 0.9999961 1.56105e-7 0 1 -1.58351e-7 0 1 0.9993163 -0.03697204 0 0.9993164 -0.03697204 0 0.03710311 0.9993115 9.67024e-5 0.03703433 0.9993141 1.90875e-5 0.03703403 0.999314 1.59556e-4 -0.03744679 -0.9992987 -1.74137e-5 -0.03743058 -0.9992992 -1.00374e-4 0.9993163 -0.03697246 0 -3.3011e-4 1.22124e-5 -1 0 0 1 -1.94039e-7 0 1 0.003765285 -0.999993 1.05721e-4 0.004107952 -0.9999916 2.9542e-4 0.00431782 -0.9999908 3.80022e-5 0 0 1 5.14124e-7 0 1 0.002837717 -2.34894e-4 0.999996 0.001911282 -9.21802e-5 0.9999983 0.0196985 -0.007789969 0.9997757 -0.9993163 0.0369721 0 -0.9993162 0.03697472 0 0.007911324 -0.9999688 2.94074e-4 0.008196592 -0.9999662 7.13206e-4 0.008653163 -0.9999626 1.63465e-4 0.09228289 -0.009893774 0.9956837 0.03907769 -0.02929353 0.9988067 0 0 1 -0.9993124 0.03707897 0 -0.9993124 0.03707826 0 -0.9993124 0.03707903 0 0.9993163 -0.03697317 0 0.9993163 -0.03697299 0 0.0279141 -0.00103265 -0.9996098 -3.30137e-4 1.22135e-5 -1 4.43323e-7 0 1 3.38522e-7 0 1 1.31774e-7 0 1 0.002002298 -8.03901e-5 0.9999981 0.9993163 -0.03697252 -3.92968e-6 0.9993163 -0.03697222 -6.34875e-6 0.9993163 -0.03697258 -3.74182e-6 0.9993164 -0.03697198 -2.59335e-5 0.9993164 -0.03697192 -2.39027e-5 0.9993164 -0.03697168 -2.21515e-5 -0.9993162 0.03697443 0 -0.9993164 0.03697133 0 0.03470927 -0.001284062 0.9993967 0 0 1 0 0 1 -2.12203e-7 0 1 0.9993164 -0.0369715 0 -9.90392e-4 3.66409e-5 -0.9999996 -9.90348e-4 3.66365e-5 -0.9999995 -0.03700792 -0.999315 0 -0.03700798 -0.999315 -1.14423e-6 -0.03743076 -0.9992992 -2.33122e-6 0.9993163 -0.03697311 0 0.9993163 -0.03697317 0 0.02910226 -3.7718e-5 -0.9995765 -3.30131e-4 1.22143e-5 -1 -3.30118e-4 1.22153e-5 -1 2.54862e-7 0 1 0 0 1 0.003755509 -0.999993 3.14645e-5 0.003708362 -0.9999931 3.19951e-4 0.003852963 -0.9999927 1.11091e-4 0 0 1 0 0 1 0.00300014 -2.40881e-4 0.9999955 0.002033114 -9.65334e-5 0.999998 0.01969671 -0.007789552 0.9997757 -0.9993162 0.03697377 0 -0.9993164 0.03697067 0 0.003725647 -0.9999931 3.72418e-5 0.003682613 -0.9999932 3.5196e-4 0.003822088 -0.9999927 1.12032e-4 -0.003358304 0.9999944 -5.14224e-5 -0.003239095 0.9999948 -1.23386e-4 0 0 1 0 0 1 -0.9993125 0.03707742 0 -0.9993124 0.03707861 0 -0.9993125 0.0370773 0 -3.59305e-4 2.08931e-5 -1 -3.59589e-4 2.08935e-5 -1 -3.59174e-4 2.08929e-5 -1 0.9993165 -0.03696846 0 0.9993163 -0.03697311 0 0.02791309 -0.00103271 -0.9996099 0 0 1 0 0 1 0 0 1 0.002123415 -8.5271e-5 0.9999977 0.9993163 -0.03697234 -6.18933e-7 0.9993163 -0.0369721 0 0.9993163 -0.03697222 -7.1952e-7 0.9993163 -0.03697246 -2.26098e-5 0.9993163 -0.03697264 -2.64561e-5 0.9993163 -0.03697341 -2.56282e-5 -0.9993162 0.03697383 0 -0.9993163 0.03697365 0 0.0354247 -0.001310408 0.9993715 0 0 1 0.003120005 -2.25207e-4 0.9999952 0 0 1 0 0 1 0.9993163 -0.03697293 0 0.9993163 -0.03697365 0 0.03703385 0.999314 0 0.03703397 0.999314 9.1945e-6 0.03703361 0.999314 0 -0.03700935 -0.9993149 -3.44041e-5 -0.03709739 -0.9993118 -3.47675e-5 0.9993164 -0.03697043 0 0.9993164 -0.03696912 0 0.0291019 -3.77082e-5 -0.9995765 -3.30132e-4 1.22128e-5 -1 -3.30115e-4 1.22152e-5 -1 0 0 1 0 0 1 -0.002754271 0.9999963 -2.20461e-5 -0.002821981 0.9999961 -6.6551e-5 -0.002725422 0.9999963 -6.43212e-5 0 0 1 0 0 1 0.003161966 -2.4628e-4 0.9999951 0.002154946 -1.00943e-4 0.9999977 0.01894032 -0.007911205 0.9997894 -0.9993162 0.03697472 0 -0.9993162 0.03697448 0 -0.002720832 0.9999963 -5.10101e-6 -0.002718985 0.9999963 -6.30435e-5 0.007859766 -0.9999691 2.82626e-4 0.008141934 -0.9999666 7.27806e-4 0.008593678 -0.9999631 1.44569e-4 0 0 1 -0.9993124 0.03707897 0 -0.9993124 0.03707873 0 -0.9993124 0.03707903 0 -0.03726267 -0.9993056 -2.3876e-5 -0.03726261 -0.9993055 -3.16439e-5 0.9993164 -0.03697079 0 0.9993164 -0.03697109 0 0.0278567 -0.001030564 -0.9996114 -3.30115e-4 1.22142e-5 -1 1.28306e-6 0 1 3.54712e-7 0 1 -1.90948e-7 0 1 0.002244174 -8.97468e-5 0.9999975 0.9993163 -0.0369727 -3.66733e-6 0.9993163 -0.03697258 -6.19028e-7 0.9993163 -0.0369727 -5.65397e-7 0.9993164 -0.0369721 -2.32661e-5 0.9993164 -0.03697216 -2.37726e-5 0.9993164 -0.0369721 -2.44331e-5 -0.9993163 0.03697293 0 -0.9993163 0.0369727 0 0.03541874 -0.001310348 0.9993718 -2.52529e-7 0 1 0.003281593 -2.31397e-4 0.9999946 0 0 1 0 0 1 0.9993164 -0.03697216 0 -9.90361e-4 3.66379e-5 -0.9999995 -9.90388e-4 3.66481e-5 -0.9999995 0.0371074 0.9993113 1.0015e-4 0.03703391 0.9993141 1.36184e-4 0.03744775 0.9992987 1.01762e-4 0.9993164 -0.03697055 0 0.9993164 -0.03697073 0 0.02907508 3.3968e-5 -0.9995773 -3.30135e-4 1.22136e-5 -1 0 0 1 0 0 1 0.007733047 -0.9999701 2.71203e-4 0.00800991 -0.9999678 7.19229e-4 0.008466541 -0.9999642 1.62797e-4 0 0 1 -1.93081e-7 0 1 0.003323554 -2.52273e-4 0.9999945 0.002275884 -1.05786e-4 0.9999974 0.01894515 -0.007910549 0.9997892 -0.9993163 0.03697299 0 -0.9993163 0.03697299 0 -0.002705216 0.9999964 -4.91687e-6 -0.002698361 0.9999964 -5.08194e-5 -0.00269556 0.9999964 -5.11059e-5 -0.002749681 0.9999963 -2.82209e-5 -0.003017961 0.9999955 -7.34828e-5 -1.39413e-7 0 1 8.9993e-7 0 1 -0.9993124 0.03707963 0 -0.9993124 0.03707927 0 -0.9993124 0.03707963 0 0.9993164 -0.03697115 0 0.9993164 -0.03697049 0 0.02785617 -0.001030504 -0.9996114 -3.30107e-4 1.22135e-5 -1 -5.41791e-7 0 1 -3.54362e-7 0 1 -1.81477e-7 0 1 0.002369284 -9.47171e-5 0.9999972 0.9993163 -0.03697204 -7.76711e-7 0.9993163 -0.03697252 -7.80485e-7 0.9993163 -0.0369724 -2.31075e-5 0.9993163 -0.03697246 -2.31303e-5 0.9993163 -0.03697234 -2.20209e-5 -0.9993163 0.03697329 0 0.03604567 -0.001333415 0.9993494 0 0 1 0.003447294 -2.37025e-4 0.999994 1.38202e-7 0 1 -1.2723e-7 0 1 0.9993163 -0.03697234 0 0.9993163 -0.03697234 0 0.003612041 -2.43622e-4 0.9999935 9.86798e-4 -1.74589e-4 0.9999995 9.88151e-4 -1.73971e-4 0.9999996 -0.03702145 -0.9993146 -2.69033e-5 -0.03703427 -0.999314 -4.36848e-5 0.9993163 -0.03697293 0 0.9993164 -0.03697174 0 0.02907449 3.35448e-5 -0.9995773 -3.3013e-4 1.22144e-5 -1 0 0 1 -2.8412e-7 0 1 0.003769278 -0.999993 1.04695e-4 0.004113614 -0.9999916 2.98637e-4 0.004321217 -0.9999908 3.87125e-5 1.65399e-7 0 1 -1.749e-7 0 1 0.003491342 -2.57953e-4 0.9999939 0.002401888 -1.10169e-4 0.9999971 0.01827251 -0.00800389 0.9998011 -0.9993163 0.03697234 0 -0.9993164 0.03696966 0 0.004456877 -0.9999901 4.95644e-4 0.004717946 -0.9999889 2.43528e-4 -0.003485679 0.9999939 -4.4101e-5 -0.003348171 0.9999944 -1.1531e-4 -2.78802e-7 0 1 -6.104e-7 0 1 -0.9993124 0.03707885 0 -0.9993125 0.0370782 0 -0.9993124 0.03707891 0 -0.03744733 -0.9992987 -1.66723e-5 -0.03827428 -0.9992673 -2.55082e-5 -0.03827452 -0.9992673 -2.48349e-5 0.9993162 -0.03697496 0 0.9993163 -0.03697353 0 0.02780556 -0.001028716 -0.9996129 -3.30116e-4 1.22148e-5 -1 0 0 1 0 0 1 -2.31265e-7 0 1 0.002491712 -9.85829e-5 0.9999969 0.9993164 -0.03697186 -3.06067e-6 0.9993164 -0.03697174 -4.83484e-7 0.9993163 -0.0369718 -6.12162e-7 0.9993163 -0.03697246 -1.90369e-5 0.9993163 -0.03697216 -2.31734e-5 0.9993163 -0.03697246 -2.24543e-5 -0.9993162 0.03697401 0 -0.9993164 0.03697103 0 0 0 1 0.03482782 -0.001288712 0.9993926 0 0 1 0 0 1 0.9993163 -0.03697264 0 0.03700906 0.999315 5.69968e-5 0.03703403 0.999314 1.34225e-4 0.03744775 0.9992987 1.75952e-5 0.03703439 0.999314 1.3485e-5 0.9993162 -0.03697395 0 0.9993163 -0.0369749 0 0.02905195 9.59874e-5 -0.999578 -3.30137e-4 1.22156e-5 -1 1.61056e-7 0 1 0 0 1 -0.003001034 0.9999955 -1.78962e-5 -0.002932488 0.9999958 -5.38365e-5 0 0 1 3.06119e-7 0 1 0.00365293 -2.65316e-4 0.9999933 0.002523064 -1.15169e-4 0.9999969 0.01956862 -0.007811486 0.9997781 -0.9993162 0.03697395 0 -0.9993164 0.03697109 0 0.009635567 -0.9999536 6.81074e-5 0.009963929 -0.9999504 0 0.007175803 -0.9999741 6.50018e-4 0.007922947 -0.9999687 2.8033e-4 -1.81066e-7 0 1 1.9502e-7 0 1 -0.9993124 0.03707838 0 -0.9993124 0.03707844 0 -0.9993125 0.03707838 0 0.03710538 0.9993115 1.46826e-5 0.03725588 0.9993058 2.632e-5 0.03726261 0.9993056 1.72611e-5 0.9993163 -0.03697288 0 0.9993162 -0.03697395 0 0.02790427 -0.001032471 -0.9996101 2.14688e-7 0 1 2.96967e-7 0 1 1.29731e-7 0 1 0.002617776 -1.03205e-4 0.9999966 0.9993164 -0.03697216 -3.3731e-7 0.9993163 -0.0369724 0 0.9993163 -0.03697246 -5.62326e-7 0.9993164 -0.03697186 -2.49445e-5 0.9993163 -0.0369727 -2.09683e-5 0.9993164 -0.03697162 -1.94619e-5 -0.9993162 0.03697431 0 -0.9993162 0.03697425 0 0.03483194 -0.001288652 0.9993924 -5.93696e-7 0 1 0.003778994 -2.48903e-4 0.9999929 0 0 1 0 0 1 0.9993164 -0.03697127 0 0.9993163 -0.03697127 0 -9.90347e-4 3.66401e-5 -0.9999995 -9.90362e-4 3.66449e-5 -0.9999996 0.03710603 0.9993113 2.71304e-5 0.03702092 0.9993145 3.58139e-5 0.03703427 0.999314 2.40029e-6 0.9993163 -0.03697371 0 0.9993163 -0.03697282 0 0.02909773 -2.56977e-5 -0.9995766 -3.30133e-4 1.22164e-5 -1 -1.79713e-7 0 1 3.01745e-7 0 1 -0.002735853 0.9999963 -6.26206e-6 -0.002719104 0.9999964 -6.50698e-5 3.17706e-7 0 1 0 0 1 0.003822505 -2.70861e-4 0.9999927 0.002648651 -1.1959e-4 0.9999965 -0.9993163 0.03697377 0 -0.9993163 0.03697377 0 -0.002607703 0.9999966 8.9195e-7 -0.002604305 0.9999966 -1.34623e-5 -0.00260359 0.9999966 9.27969e-6 -0.002723813 0.9999963 -2.10284e-5 -0.002780377 0.9999961 -4.20782e-5 -0.002698957 0.9999964 -7.08488e-5 1.80982e-7 0 1 1.96462e-7 0 1 -0.9993124 0.03707867 0 -0.9993124 0.03707742 0 -0.9993124 0.03707879 0 -7.36113e-4 1.65262e-4 -0.9999997 -7.37512e-4 1.65262e-4 -0.9999997 -7.3553e-4 1.65262e-4 -0.9999998 0.9993165 -0.03696781 0 0.9993163 -0.03697371 0 -1.46259e-7 0 1 0 0 1 0 0 1 0.002741217 -1.08143e-4 0.9999963 0.9993163 -0.03697246 -4.31604e-7 0.9993163 -0.03697264 0 0.9993163 -0.03697258 -3.98286e-7 0.9993163 -0.03697288 -1.96473e-5 0.9993163 -0.03697246 -2.02279e-5 0.9993163 -0.03697252 -1.91335e-5 -0.9993164 0.03697079 0 -0.9993163 0.03697341 0 0 0 1 0.03537702 -0.001308798 0.9993732 0.003944635 -2.55585e-4 0.9999922 -1.30686e-7 0 1 -1.64908e-7 0 1 0.9993163 -0.03697258 0 9.84359e-4 -1.749e-4 0.9999995 9.86311e-4 -1.74903e-4 0.9999995 -0.03711038 -0.9993112 1.66905e-5 -0.03703409 -0.9993141 5.09834e-5 -0.03703373 -0.999314 8.73816e-5 0.9993164 -0.03696954 0 0.9993165 -0.03696846 0 -3.30131e-4 1.22133e-5 -1 -3.30123e-4 1.2213e-5 -1 -2.75301e-7 0 1 2.11012e-7 0 1 0.00956273 -0.9999543 7.2804e-5 0.009887337 -0.9999511 0 0 0 1 1.8557e-7 0 1 0.00398606 -2.77195e-4 0.999992 0.002772927 -1.23527e-4 0.9999963 0.01898771 -0.007904112 0.9997885 -0.9993163 0.03697216 0 -0.9993163 0.03697502 0 0.009565412 -0.9999543 8.21951e-5 0.009934544 -0.9999507 0 0.003767907 -0.999993 3.59008e-5 0.003722846 -0.999993 3.43445e-4 0.003865718 -0.9999926 1.11114e-4 0 0 1 -6.6773e-7 0 1 -0.9993124 0.03707885 0 -0.9993124 0.03707879 0 -0.03709793 -0.9993117 -8.87877e-5 -0.03726255 -0.9993056 -2.67818e-5 -0.03726261 -0.9993056 -1.9349e-5 0.9993162 -0.03697407 0 0.9993164 -0.03697019 0 0.02786064 -0.001030743 -0.9996113 3.97394e-7 0 1 1.61486e-7 0 1 0.002858996 -1.11762e-4 0.999996 0.9993163 -0.03697252 -4.60093e-7 0.9993163 -0.03697323 0 0.9993163 -0.03697299 -4.05205e-7 0.9993164 -0.03697162 -1.88232e-5 0.9993163 -0.0369724 -2.04739e-5 0.9993164 -0.0369718 -1.95179e-5 -0.9993164 0.03697001 0 -0.9993164 0.03697031 0 0.03416609 -0.001264035 0.9994154 0 0 1 0.004101455 -2.62176e-4 0.9999916 0 0 1 0 0 1 0.9993164 -0.03697156 0 0.9993163 -0.03697156 0 -0.0370332 -0.9993141 -1.7596e-5 -0.03711026 -0.9993112 -2.48137e-5 9.84603e-4 -1.7494e-4 0.9999995 9.83258e-4 -1.74934e-4 0.9999995 0.9993163 -0.03697311 0 0.9993162 -0.03697401 0 0.02907711 2.95354e-5 -0.9995772 -3.30138e-4 1.22131e-5 -1 -3.30137e-4 1.22161e-5 -1 0 0 1 -3.4644e-7 0 1 -0.003813326 0.9999926 -6.16891e-4 -0.008392989 0.9999647 -3.54554e-4 -0.00331664 0.9999943 -6.29322e-4 0 0 1 -1.96174e-7 0 1 0.004141509 -2.83624e-4 0.9999914 0.002889275 -1.28714e-4 0.9999959 0.02026611 -0.007686316 0.9997652 -0.9993164 0.0369696 0 -0.9993164 0.0369696 0 0.00380063 -0.9999928 1.08882e-4 0.004156351 -0.9999914 2.87883e-4 0.00437361 -0.9999905 6.78886e-5 0.08947449 0.01635223 -0.995855 0 0 1 -6.40183e-7 0 1 -0.9993125 0.03707677 0 -0.9993124 0.03707897 0 4.94168e-4 -3.35218e-5 1 4.94077e-4 -3.35218e-5 1 4.94034e-4 -3.35217e-5 1 0.9993162 -0.0369746 0 0.02795678 -0.001034259 -0.9996086 7.87367e-7 0 1 0 0 1 0.002983331 -1.16321e-4 0.9999955 -1.42295e-7 0 1 0.9993163 -0.03697258 -4.23075e-7 0.9993163 -0.03697246 0 0.9993163 -0.03697258 -4.13011e-7 0.9993164 -0.03697192 -1.84363e-5 0.9993164 -0.03697198 -1.76542e-5 0.9993164 -0.03697127 -1.63976e-5 -0.9993163 0.0369721 0 -0.9993164 0.036969 0 0 0 1 0.03406965 -0.00126034 0.9994187 0.004266679 -2.6732e-4 0.9999909 -1.25351e-7 0 1 0.9993164 -0.03697133 0 0.9993164 -0.03697139 0 -0.03710597 -0.9993113 7.6239e-6 -0.03702086 -0.9993145 2.33877e-5 -0.03700762 -0.9993151 4.36887e-5 -0.03700834 -0.999315 0 -0.03700828 -0.999315 -1.98068e-5 -0.03743106 -0.9992993 -2.32859e-5 0.9993163 -0.03697353 0 0.9993162 -0.03697389 0 0.0291239 -9.23434e-5 -0.9995758 -3.30123e-4 1.22147e-5 -1 0 0 1 -3.83138e-7 0 1 0.00791198 -0.9999688 2.88133e-4 0.00819683 -0.9999662 7.29981e-4 0.008650541 -0.9999627 1.33005e-4 0 0 1 0 0 1 0.004307627 -2.89905e-4 0.9999907 0.003013372 -1.33297e-4 0.9999955 0.02036195 -0.007667303 0.9997634 -0.9993164 0.03697144 0 -0.9993165 0.03696811 0 0.09222131 -0.009903192 0.9956893 0.03914558 -0.02929621 0.998804 0.08938103 0.01658952 -0.9958593 0 0 1 1.34198e-7 0 1 -0.9993124 0.03707796 0 -0.9993124 0.03707957 0 -0.9993125 0.03707784 0 0.03745049 0.9992985 8.59014e-5 0.03827619 0.9992672 2.50635e-5 0.03828328 0.999267 2.25806e-5 0.9993164 -0.03697073 0 0.9993163 -0.03697282 0 0.02796566 -0.001034617 -0.9996084 -3.30132e-4 1.22149e-5 -1 0.9993163 -0.03697252 -6.87562e-7 0.9993163 -0.03697234 -6.49049e-6 0.9993164 -0.03697186 -1.86821e-5 0.9993163 -0.03697365 -2.04506e-5 -0.9993163 0.03697335 0 2.82696e-7 0 1 0 0 1 0.9993164 -0.03697186 0 -0.03702825 -0.9993143 -1.21657e-4 -0.03700846 -0.999315 -1.07989e-4 0.03703433 0.999314 3.20917e-5 0.03703439 0.999314 1.3367e-4 0.9993164 -0.03696995 0 -3.30109e-4 1.22103e-5 -1 8.74032e-7 0 1 1.43409e-7 0 1 0.9993164 -0.03697186 -1.64782e-5 0 0 1 1.76998e-7 0 1 0.006854176 -2.97123e-4 0.9999765 0.006884336 -2.54711e-4 0.9999763 1.53732e-6 0 1 -0.9993163 0.03697288 0 -0.9993162 0.03697431 0 0.9993163 -0.0369718 -1.71037e-5 -0.9993044 0.03698736 0.004788458 -0.9992762 0.03771966 0.004939198 -0.9992895 0.03737509 0.00487405 -0.03756904 -0.9992941 -1.98205e-4 -0.03756839 -0.9992942 -3.99278e-5 -0.03757077 -0.999294 -4.22149e-5 0.9993163 -0.03697222 -7.10237e-7 0.9993164 -0.03697174 -4.05806e-7 0.03697234 0.9993163 0 -0.001436889 5.31628e-5 -0.999999 -0.03696966 -0.9993164 0 -0.03696954 -0.9993165 0 -0.03696966 -0.9993164 0 -0.002873837 1.06329e-4 -0.999996 -0.001436889 5.31639e-5 -0.9999991 0.9974865 -0.07085722 0 0.9993164 -0.0369718 0 0.9993164 -0.03697174 0 0.9993164 -0.03697115 0 0.9993164 -0.03697025 0 0.9993165 -0.03697031 0 -9.57699e-4 3.54326e-5 -0.9999996 0 0 -1 0 0 -1 -0.9993122 0.03707069 9.94276e-4 -0.9993038 0.03700274 0.004780232 -0.9993025 0.03704458 0.004721522 0.9993163 -0.0369752 0 0.9993164 -0.03697162 0 0.9993163 -0.03697282 0 -4.95933e-4 2.60878e-5 -1 -4.9638e-4 2.60882e-5 -1 -4.9572e-4 2.60876e-5 -0.9999999 -2.51331e-4 1.47398e-4 -1 -2.50224e-4 1.47398e-4 -1 -2.51842e-4 1.47398e-4 -1 0.0371102 0.9993112 2.21792e-5 0.03726261 0.9993056 2.2227e-5 0.03726279 0.9993056 2.41883e-5 -4.33833e-5 1.39643e-4 -1 -4.31487e-5 1.39643e-4 -1 -4.35122e-5 1.39642e-4 -1 -8.73995e-6 1.38368e-4 -1 -8.69196e-6 1.38369e-4 -1 -8.76156e-6 1.38368e-4 -1 -0.03709977 -0.9993116 -7.82158e-5 -0.03726458 -0.9993054 -2.76543e-5 -0.03727144 -0.9993052 -2.32924e-5 -0.9993104 0.0371297 4.91452e-4 -0.9993019 0.03706425 0.004699766 -0.9993015 0.03708046 0.004655003 0.03726267 0.9993056 2.78777e-5 0.03726261 0.9993056 2.43013e-5 -0.03744769 -0.9992987 -1.66143e-5 -0.03827452 -0.9992673 -1.59708e-5 -0.03827458 -0.9992673 -2.8637e-5 0.002871096 -1.75439e-4 0.9999959 0.002867817 -2.44505e-4 0.999996 0.002867221 -2.44505e-4 0.9999959 0 0 -1 0 0 -1 -0.9993104 0.03713434 0 -0.999311 0.03711569 3.2821e-4 -0.9993114 0.03710711 0 -0.9993144 0.03702515 0 1.70885e-7 0 1 -2.78275e-7 0 1 0 0 1 0.9993161 -0.03697836 -4.01254e-7 0.9974842 -0.07088893 0 0.9974843 -0.07088863 1.45348e-7 0.9993163 -0.03697377 -1.18999e-5 0.9974846 -0.07088422 -1.16784e-6 0.9974847 -0.07088291 0 -0.9993163 0.03697264 0 -7.95673e-7 0 1 -1.04811e-6 0 1 0.00777328 -0.001200675 0.9999691 0 0 1 0 0 1 0 0 1 0.9993163 -0.03697258 0 0.9974847 -0.07088285 0 -0.9992673 0.0382567 0.001173675 -0.9973945 0.07178241 0.007175147 -0.0371102 -0.9993112 -8.78867e-5 -0.03726273 -0.9993056 -1.74553e-5 -0.03726267 -0.9993056 -2.80471e-5 -8.78302e-4 1.7057e-4 -0.9999997 -8.77858e-4 1.70692e-4 -0.9999997 -8.78488e-4 1.70519e-4 -0.9999997 0.9993163 -0.03697538 -1.34947e-5 0.9974844 -0.07088661 -5.90331e-7 0.9993162 -0.03697669 -3.86215e-6 0.9974844 -0.07088696 1.98126e-7 0.03743267 0.9992992 3.8751e-5 0.03827613 0.9992672 1.93244e-5 0.03828316 0.9992669 1.95558e-5 -0.002140522 2.64987e-4 -0.9999977 -0.00304228 1.76651e-4 -0.9999954 -0.004355549 5.93242e-4 -0.9999904 -0.002873837 1.06328e-4 -0.999996 0.03710365 0.9993115 1.54884e-5 0.03726071 0.9993056 2.26081e-5 0.03725391 0.9993059 2.59098e-5 5.29114e-4 -3.47922e-5 1 5.28804e-4 -3.47917e-5 1 5.28663e-4 -3.47915e-5 0.9999999 0.002966463 -0.002199053 0.9999933 0.004117369 -0.002277553 0.999989 0.002793312 -0.002253949 0.9999936 -3.8764e-4 1.52488e-4 -1 -3.8807e-4 1.52488e-4 -1 -3.87453e-4 1.52488e-4 -1 -0.9993155 0.03698199 9.8547e-4 -0.9993035 0.03701925 0.00471735 -0.9993156 0.03697699 9.91808e-4 -0.9993028 0.03704333 0.004674315 -5.3125e-4 2.72631e-5 -1 -5.31348e-4 2.72635e-5 -1 -5.31205e-4 2.72628e-5 -1 -0.03743076 -0.9992992 -1.00213e-5 -0.03827452 -0.9992673 -1.27518e-5 -0.03827464 -0.9992673 -1.23747e-5 -0.03709733 -0.9993117 -7.68739e-5 -0.03725582 -0.9993058 -1.68141e-5 -0.03726267 -0.9993056 -2.5148e-5 0.03709733 0.9993118 1.80487e-5 0.03726267 0.9993056 1.50075e-5 0.03726267 0.9993056 1.69798e-5 0.9993163 -0.03697186 -3.91843e-6 0.9993163 -0.03697264 -3.71983e-6 0.9993164 -0.03697186 -3.65893e-6 0.03703379 0.999314 0 0.03703379 0.999314 1.17831e-5 -0.03744822 -0.9992986 -9.87929e-5 0.9993163 -0.03697222 -1.92855e-5 0.9993164 -0.03697192 -6.61876e-6 0.9993163 -0.0369724 -6.66283e-6 0.9993163 -0.03697299 -5.66156e-6 -0.9992881 0.0370391 0.007180154 -0.9992876 0.03700816 0.007399857 -0.9992876 0.037005 0.007422626 -0.002649962 0.9999966 -1.64692e-5 -0.00269401 0.9999964 -1.868e-5 -0.002634227 0.9999966 -1.7861e-5 0.003706991 -0.9999932 3.35598e-5 0.003661572 -0.9999933 3.28195e-4 -0.03703421 -0.999314 0 -0.03703439 -0.999314 -4.12303e-6 -0.03744822 -0.9992986 -6.49172e-6 -0.03703373 -0.999314 0 -0.03703373 -0.999314 -4.79989e-6 -0.03744733 -0.9992986 -8.02301e-6 0.9993163 -0.0369724 -1.96493e-5 0.9993163 -0.03697222 -6.53505e-6 0.9993164 -0.0369721 -7.37092e-6 0.9993163 -0.03697246 -5.99403e-6 -0.9992902 0.03703701 0.006889343 -0.9992898 0.03700989 0.007086932 -0.9992898 0.03700673 0.007109642 -0.002864897 0.9999959 -2.36512e-5 -0.002862036 0.999996 -1.03982e-4 0.007619678 -0.999971 2.49666e-4 0.007886826 -0.9999687 6.84583e-4 0.008339822 -0.9999653 1.76397e-4 -0.03703361 -0.999314 -2.83241e-5 0.03709346 0.9993119 7.87224e-5 0.03700786 0.999315 1.06652e-4 0.037431 0.9992992 7.43436e-5 0.9993163 -0.03697252 -6.86886e-6 0.9993163 -0.03697305 -7.36381e-6 0.9993163 -0.0369727 -6.30554e-6 -0.9992922 0.03703826 0.006578505 -0.999292 0.0370081 0.006798565 -0.9992919 0.03700488 0.00682193 -0.002910733 0.9999958 -6.53052e-5 -0.003335356 0.9999945 -1.35574e-4 0.08987987 -0.01027649 0.9958996 0.04173791 -0.02935898 0.9986972 -0.03708595 -0.9993122 0 -0.03708606 -0.9993122 0 -0.03708422 -0.9993122 -3.28778e-7 0.03703302 0.9993141 2.9244e-5 0.03700816 0.999315 1.16827e-4 0.9993163 -0.03697282 -2.07554e-5 0.9993163 -0.03697246 -7.27175e-6 0.9993163 -0.0369724 -6.44109e-6 0.9993163 -0.0369727 -6.48812e-6 -0.03709697 -0.9993118 -5.5324e-5 -0.03726261 -0.9993056 -1.42007e-5 -0.03726291 -0.9993056 -1.33328e-5 -0.9992942 0.03703844 0.006277561 -0.9992939 0.03700816 0.006495654 -0.9992939 0.03700506 0.006518125 0.003873288 -0.9999925 1.1467e-4 0.004246175 -0.999991 3.26493e-4 0.004474043 -0.99999 4.70175e-5 -0.003240704 0.9999948 -2.23924e-5 0.03743338 0.9992992 1.83195e-5 0.0370084 0.999315 1.46479e-5 9.83597e-4 -1.74609e-4 0.9999996 9.81522e-4 -1.74608e-4 0.9999996 0.9993163 -0.0369727 -2.62913e-5 0.9993163 -0.03697258 -6.9263e-6 0.9993163 -0.03697264 -9.45554e-6 0.9993163 -0.03697288 -7.13592e-6 -0.9992961 0.03703844 0.005974292 -0.9992959 0.03700876 0.006184101 -0.9992959 0.03700554 0.006206989 0.009605348 -0.9999539 6.69332e-5 0.009925007 -0.9999508 0 -0.002677857 0.9999965 -4.76475e-6 -0.002669751 0.9999964 -4.95381e-5 -9.9038e-4 3.66418e-5 -0.9999996 -9.90403e-4 3.66387e-5 -0.9999996 0.03703397 0.999314 2.90578e-6 0.9993163 -0.03697216 -1.99615e-5 0.9993163 -0.03697234 -7.41222e-6 0.9993163 -0.03697228 -6.35505e-6 0.9993163 -0.03697258 -6.79426e-6 -0.9992978 0.03703916 0.005661129 -0.9992977 0.03700965 0.00586915 -0.9992977 0.03700655 0.005891203 -0.002721428 0.9999963 -2.25022e-5 -0.002784252 0.9999961 -2.7337e-5 -0.002695143 0.9999964 -8.3576e-5 0.00430715 -0.9999907 4.73285e-4 0.00454849 -0.9999896 2.24907e-4 -0.03703337 -0.999314 -1.90334e-5 -0.03711038 -0.9993112 -2.66508e-5 9.86199e-4 -1.74662e-4 0.9999996 9.83914e-4 -1.74669e-4 0.9999996 0.9993163 -0.03697234 -2.42466e-5 0.9993163 -0.0369724 -7.04879e-6 0.9993163 -0.03697222 -7.02405e-6 0.9993163 -0.0369727 -6.77895e-6 0.03744775 0.9992987 5.04759e-5 0.03827452 0.9992673 1.30044e-5 0.03827476 0.9992673 1.36431e-5 -0.9992995 0.03703963 0.005359947 -0.9992995 0.037009 0.005568325 -0.9992994 0.0370056 0.005591392 0.006807088 -0.9999768 5.94671e-4 0.00749439 -0.999972 2.53956e-4 0.003799736 -0.9999928 1.08888e-4 0.004152059 -0.9999914 2.93901e-4 0.004367709 -0.9999905 3.73412e-5 -0.03702771 -0.9993143 -1.00452e-4 -0.03700786 -0.999315 -1.11168e-4 -9.90369e-4 3.66448e-5 -0.9999996 -9.904e-4 3.66371e-5 -0.9999996 0.9993164 -0.03697198 -6.48759e-6 0.9993163 -0.0369727 -1.02403e-5 0.9993163 -0.03697282 -6.59255e-6 -0.9993011 0.0370379 0.005056917 -0.9993012 0.03700995 0.005255877 -0.9993011 0.03700685 0.005277574 0.009537339 -0.9999546 8.92377e-5 0.009940445 -0.9999506 0 -0.003796458 0.9999927 -6.39308e-4 -0.008389055 0.9999648 -3.52206e-4 -0.003299653 0.9999944 -6.28448e-4 0.03711014 0.9993112 8.21724e-5 0.03703397 0.999314 1.02634e-4 0.03710353 0.9993115 -2.4186e-6 0.03702086 0.9993146 -2.13127e-5 0.03703272 0.9993141 -1.67244e-5 0.9993164 -0.03697216 -9.88744e-6 0.9993164 -0.03697162 -9.69772e-6 0.9993163 -0.03697192 -9.36878e-6 -0.9993026 0.0370388 0.004755973 -0.9993026 0.03701001 0.00496453 -0.9993026 0.03700691 0.004986941 0.08947026 0.0163626 -0.9958551 0.09210038 -0.009919524 0.9957004 0.0392819 -0.02929818 0.9987986 -0.03744775 -0.9992986 -6.92529e-5 0.03700762 0.999315 0 0.0370078 0.999315 1.54666e-5 0.9993163 -0.03697288 -1.04563e-5 0.9993163 -0.03697228 -7.41912e-6 0.9993163 -0.03697323 -7.01601e-6 -0.9993039 0.03703981 0.004455745 -0.9993041 0.03701043 0.004652678 -0.9993041 0.03700721 0.004674255 -0.002696275 0.9999964 -1.70131e-5 -0.002751827 0.9999963 -5.2734e-5 0.08933013 0.01672834 -0.9958617 -0.03703367 -0.999314 -3.0416e-6 -0.03710579 -0.9993113 -2.47624e-5 0.03700798 0.999315 0 0.03700822 0.999315 9.37685e-7 0.9993163 -0.0369724 -2.73694e-5 0.9993163 -0.03697222 -1.07053e-5 0.9993163 -0.03697228 -1.01907e-5 0.9993163 -0.03697234 -1.00807e-5 -0.002864778 0.9999959 2.23796e-5 -0.002862036 0.999996 -9.74729e-5 0.08945345 0.0164107 -0.9958558 3.92195e-4 -2.97449e-5 1 3.92148e-4 -2.97451e-5 1 3.92127e-4 -2.97453e-5 1 -0.9993052 0.03703904 0.004162788 -0.9993054 0.0370112 0.004352629 -0.9993054 0.03700804 0.004374146 0.03703385 0.999314 1.11165e-4 0.03709769 0.9993117 7.14807e-5 0.0370329 0.9993141 3.20444e-5 0.0370081 0.999315 7.98593e-5 0.9993163 -0.03697282 -1.29581e-5 0.9993163 -0.0369724 -1.08531e-5 0.9993163 -0.03697335 -1.28321e-5 0.0370931 0.9993118 5.43333e-6 0.03726261 0.9993056 1.30694e-5 0.03726267 0.9993056 8.21837e-6 -0.9993095 0.03703904 0.002982497 -0.9993098 0.0370112 0.003181874 -0.9993098 0.0370081 0.003204047 0.003735065 -0.999993 4.01453e-5 0.003688812 -0.9999932 3.60952e-4 -0.003928363 0.9999921 -6.2814e-4 -0.008421897 0.9999645 -3.45155e-4 -0.003432512 0.9999939 -6.26894e-4 0.03744739 0.9992987 1.86795e-5 -9.90379e-4 3.66393e-5 -0.9999996 -9.90356e-4 3.66385e-5 -0.9999995 0.9993163 -0.03697234 -9.84578e-6 0.9993163 -0.03697186 -1.13887e-5 0.9993164 -0.03697204 -1.03189e-5 -0.9993103 0.03703701 0.002705216 -0.9993107 0.03701102 0.002887666 -0.9993107 0.03700798 0.002909004 -0.002911627 0.9999958 -5.90916e-6 0.008028745 -0.9999675 7.26072e-4 0.008485078 -0.999964 1.76967e-4 0.03709733 0.9993118 3.5269e-5 0.03702157 0.9993145 2.04811e-5 0.03700935 0.9993149 2.19812e-5 -0.03703302 -0.9993141 -2.5523e-5 -0.0371074 -0.9993113 -1.60271e-5 0.9993164 -0.03697216 -7.58124e-6 0.9993163 -0.0369724 -1.08196e-5 0.9993164 -0.03697186 -9.60127e-6 -0.999311 0.03703916 0.002412259 -0.9993115 0.03700917 0.00261265 -0.9993116 0.0370059 0.002634584 0.003826439 -0.9999927 1.10432e-4 0.004189431 -0.9999912 3.1513e-4 0.004410982 -0.9999903 4.55129e-5 0.08854234 -0.01052355 0.9960169 0.04322558 -0.0293976 0.9986327 -0.03703439 -0.9993141 -1.20915e-4 -0.03703391 -0.999314 -1.24554e-4 9.84366e-4 -1.74327e-4 0.9999995 9.84971e-4 -1.7433e-4 0.9999996 0.9993163 -0.03697258 -1.30799e-5 0.9993164 -0.03697204 -7.10399e-6 0.9993163 -0.0369727 -7.74887e-6 -0.03827798 -0.9992672 -3.53734e-5 -0.0382744 -0.9992673 -3.58353e-5 -0.9993116 0.03704112 0.002099812 -0.9993123 0.0370112 0.002300322 -0.9993123 0.03700792 0.002322494 0.09163057 -0.009990334 0.995743 0.03978484 -0.02931183 0.9987784 -0.003224372 0.9999949 -3.79923e-5 -0.003127098 0.9999952 -9.83482e-5 -0.03703403 -0.999314 -2.62295e-5 -0.03703379 -0.9993141 -4.36853e-5 -9.90353e-4 3.66398e-5 -0.9999996 -9.90331e-4 3.66386e-5 -0.9999995 0.9993163 -0.03697299 -7.03678e-6 0.9993162 -0.03697383 -1.25146e-5 0.9993163 -0.03697299 -1.28496e-5 5.6449e-4 -3.61868e-5 1 5.64738e-4 -3.61858e-5 1 5.64847e-4 -3.61853e-5 0.9999999 -0.9993122 0.03703802 0.001808643 -0.9993129 0.03701055 0.00200802 -0.9993129 0.03700757 0.002029836 -0.002696275 0.9999964 -2.10158e-5 -0.002751767 0.9999963 -2.82675e-5 -0.002672672 0.9999964 -2.62885e-5 0.004310727 -0.9999906 4.73891e-4 0.004547655 -0.9999896 2.20955e-4 0.0371055 0.9993113 5.06315e-5 0.03700935 0.9993149 3.21279e-5 0.03703421 0.999314 8.70671e-5 -0.03744816 -0.9992986 -8.51178e-5 0.9993163 -0.03697228 -7.54624e-6 0.9993163 -0.03697293 -1.44252e-5 0.9993164 -0.03697192 -1.2993e-5 -3.9409e-4 2.21892e-5 -1 -3.94026e-4 2.21892e-5 -1 -3.94118e-4 2.21892e-5 -1 -0.9993126 0.03704035 0.00151205 -0.9993135 0.03701055 0.00171709 -0.9993135 0.03700715 0.001740455 -0.002669572 0.9999965 -4.764e-6 -0.002661526 0.9999966 -4.92998e-5 -0.002656519 0.9999965 -4.9534e-5 0.006794869 -0.9999768 6.19503e-4 0.007484614 -0.9999721 2.66915e-4 -9.90381e-4 3.66437e-5 -0.9999996 -9.90371e-4 3.66519e-5 -0.9999996 0.03700822 0.999315 -9.24499e-6 0.03700846 0.999315 -1.43467e-6 0.9993163 -0.03697293 -1.39897e-5 0.9993163 -0.03697293 -1.29565e-5 0.9993163 -0.03697282 -1.30898e-5 -0.9993132 0.03703939 0.001206576 -0.9993138 0.0370109 0.001415193 -0.999314 0.03700792 0.001437366 -0.003351986 0.9999944 -4.41898e-5 -0.003237247 0.9999948 -1.10502e-4 0.004188477 -0.9999912 3.38437e-4 0.004411041 -0.9999903 4.48507e-5 -0.03703433 -0.999314 -1.69935e-5 -0.03703463 -0.999314 0 9.90835e-4 -3.67011e-5 0.9999996 0.9993163 -0.0369727 -1.332e-5 0.9993163 -0.0369727 -1.37742e-5 0.9993163 -0.03697276 -1.31521e-5 -6.30526e-4 1.61422e-4 -0.9999999 -6.29192e-4 1.61299e-4 -0.9999999 -6.31142e-4 1.61479e-4 -0.9999999 -0.9993135 0.03703963 9.08149e-4 -0.9993144 0.03700965 0.001113593 -0.9993144 0.03700643 0.001135826 0.009569466 -0.9999542 7.515e-5 0.00993359 -0.9999507 0 -0.00270462 0.9999964 -1.01312e-5 -0.002689599 0.9999964 -1.05306e-4 0.03703433 0.999314 0 0.03703415 0.9993141 1.72565e-5 0.03703463 0.9993141 0 9.85179e-4 -1.74894e-4 0.9999995 9.85801e-4 -1.74279e-4 0.9999995 0.9993163 -0.0369727 -1.36018e-5 0.9993163 -0.03697258 -1.39978e-5 0.9993163 -0.03697252 -1.41876e-5 -0.9993137 0.03703957 6.03996e-4 -0.9993147 0.03700983 8.00559e-4 -0.9993147 0.03700649 8.22564e-4 -0.003961145 0.999992 -6.24216e-4 -0.008430182 0.9999645 -3.42805e-4 -0.003460049 0.9999939 -6.18142e-4 -0.002674281 0.9999964 -1.64776e-5 -0.002720236 0.9999963 -5.02145e-5 -0.002653777 0.9999965 -5.44372e-5 -0.03709739 -0.9993118 -1.96521e-6 -0.03702139 -0.9993146 1.40177e-5 -0.03703439 -0.999314 8.73812e-5 -0.03700816 -0.999315 -1.8045e-5 -0.03709292 -0.9993118 -6.3726e-6 0.9993163 -0.03697222 -1.26119e-5 0.9993163 -0.03697228 -1.21925e-5 0.9993163 -0.0369724 -1.21867e-5 -0.9993148 0.03701198 3.22618e-4 -0.9993137 0.03703916 4.97743e-4 -0.9993149 0.03700864 3.00829e-4 -0.002816736 0.9999961 -3.5327e-5 -0.002814471 0.9999961 -7.23155e-5 -0.002829372 0.999996 -3.75168e-6 -0.002827048 0.999996 -6.69065e-5 -0.002790689 0.9999962 -3.81365e-5 -0.03703373 -0.999314 0 -0.03703379 -0.9993141 -1.16857e-5 0.03702819 0.9993143 1.00932e-4 0.9993163 -0.03697258 -1.34979e-5 0.9993163 -0.03697234 -1.22572e-5 0.9993163 -0.03697252 -1.22068e-5 -0.002752959 0.9999963 -4.18473e-5 -0.002751052 0.9999963 -7.758e-5 -0.002857744 0.999996 -7.58299e-5 -0.003238081 0.9999948 -1.09142e-4 -5.66624e-4 2.85519e-5 -1 -5.6627e-4 2.85517e-5 -1 -5.6678e-4 2.85519e-5 -1 -0.9993149 0.0370118 2.2572e-5 -0.9993138 0.03703963 2.30198e-4 -0.999315 0.03700876 0 -0.03785127 -0.9992834 -3.4016e-5 -0.03814548 -0.9992723 -6.99043e-5 -0.0381456 -0.9992722 -4.30274e-6 -0.03785151 -0.9992834 -7.71245e-5 -0.9993156 0.03697931 9.82505e-4 -0.9993039 0.03701329 0.004665076 -0.9993158 0.03697496 9.87237e-4 -0.9993042 0.03701084 0.004617214 -0.9993156 0.03697979 9.3312e-4 -0.9993053 0.03701442 0.004376709 -0.9993157 0.03697705 9.27362e-4 -0.9993051 0.03702086 0.004330813 -0.9993159 0.03697943 4.71645e-4 -0.9993127 0.03699898 0.002293467 -0.9993159 0.03698158 4.76166e-4 -0.9993125 0.03700482 0.002265572 -0.9993157 0.03698742 4.22587e-4 -0.9993129 0.03700727 0.002029716 -0.9993157 0.03698694 4.19265e-4 -0.9993127 0.03701806 0.001965939 0.9993163 -0.03697204 -3.96368e-6 0.9993163 -0.03697252 -3.35522e-6 0.03814691 0.9992722 2.03257e-4 0.03814703 0.9992722 2.12558e-5 0.03814691 0.9992722 2.0271e-4 0.03814691 0.9992722 2.14321e-4 0.9993164 -0.03697174 -6.3818e-6 0.9993163 -0.03697228 -3.91708e-6 0.9993162 -0.03697401 -3.42209e-6 0.9993163 -0.03697228 -6.4976e-6 -0.03709077 -0.9993119 -2.76819e-5 -0.03725385 -0.9993059 -5.7552e-6 -0.03725391 -0.9993059 -5.85515e-7 -0.9992858 0.03703844 0.00749284 -0.9992853 0.03701078 0.007701396 -0.9992851 0.03700792 0.007722973 0.9993163 -0.03697299 -4.19078e-6 0.9993163 -0.03697252 -6.92942e-6 0.9993163 -0.03697317 -1.00395e-5 0.9993163 -0.0369724 -8.90377e-6 -0.03785079 -0.9992835 -3.80018e-5 -0.03814691 -0.9992722 -1.77807e-4 -0.03814685 -0.9992722 -4.28912e-5 -0.03785115 -0.9992834 -1.49339e-4 0.9993163 -0.03697293 -9.97525e-6 0.9993163 -0.03697264 -6.54462e-6 0.03818857 0.9992706 6.03863e-5 0.03818869 0.9992706 1.41624e-5 0.03785151 0.9992834 5.74993e-5 0.0381456 0.9992722 1.10502e-4 0.9993164 -0.03697156 -9.71093e-6 0.9993163 -0.03697341 -9.74791e-6 0.9993163 -0.03697264 -9.61172e-6 -0.9993085 0.03703808 0.00327146 -0.999309 0.03700959 0.003481388 -0.999309 0.03700655 0.00350362 -0.03697228 -0.9993163 4.03073e-6 -0.03697872 -0.9993161 7.4969e-7 -0.03696799 -0.9993165 4.0822e-7 -0.03697127 -0.9993164 4.40033e-6 -0.03696918 -0.9993164 4.40637e-6 -0.03696924 -0.9993164 0 -0.03698688 -0.9993157 8.16658e-7 -0.03696334 -0.9993167 5.27846e-6 -0.03697359 -0.9993163 3.52327e-6 -0.03697139 -0.9993164 1.71575e-6 -0.03697335 -0.9993163 1.32666e-6 -0.03697168 -0.9993164 1.22589e-6 -0.03697025 -0.9993164 0 -0.03697037 -0.9993164 0 0.999315 -0.03700864 4.7638e-7 0.9993157 -0.03698694 1.35809e-6 0.9993156 -0.03699022 0 0.9993152 -0.03700387 1.29021e-5 0.03703415 0.999314 0 0.03703421 0.999314 9.09155e-6 0.03703427 0.9993141 0 -0.03703433 -0.999314 0 -0.03703427 -0.999314 -1.21688e-5 -0.9993163 0.0369724 0 -0.9993163 0.0369727 0 -0.9993163 0.03697282 0 -0.9993164 0.03697133 -1.49166e-7 -0.03697228 -0.9993163 4.12879e-6 -0.03697228 -0.9993163 9.50182e-6 0.9993164 -0.03697139 0 -0.9993164 0.03697109 0 -0.9993164 0.03697121 0 -0.9993164 0.03697109 0 0.9993164 -0.03697198 -4.02338e-5 0.9993164 -0.03697204 -1.3912e-5 0.9993164 -0.03697192 -1.3585e-5 0.9993163 -0.03697228 -1.40785e-5 0.9993164 -0.03697156 0 0.9993156 -0.0369904 0 -0.03697431 -0.9993162 0 -0.03697228 -0.9993163 0 -0.9993163 0.03697288 0 -0.9993163 0.03697288 0 0.03709685 0.9993117 4.82839e-5 0.03700798 0.999315 6.2598e-5 0.999315 -0.03701031 0 -0.03697037 -0.9993164 0 -0.03697335 -0.9993163 0 -0.03698891 -0.9993157 0 -0.03697776 -0.9993161 0 -0.03696799 -0.9993165 0 -0.03696918 -0.9993164 0 -0.9993161 0.03697675 3.76781e-4 -0.9993162 0.03697305 4.06798e-4 -0.9993162 0.0369727 4.09764e-4 -0.03814685 -0.9992722 -3.52992e-5 -0.03814685 -0.9992722 -5.11996e-5 -0.9993157 0.03697729 8.73463e-4 -0.9993159 0.03697276 9.06148e-4 -0.9993159 0.03697234 9.09299e-4 -0.9993159 0.03698199 4.12983e-4 -0.9993159 0.03698152 4.10888e-4 -0.9993161 0.03697556 4.62413e-4 -0.9993161 0.03697603 4.62524e-4 -0.9993159 0.03696978 9.30365e-4 -0.999316 0.03697109 9.31696e-4 -0.9993156 0.03697752 9.83347e-4 -0.9993158 0.03697538 9.84019e-4 -0.03814554 -0.9992723 -7.01887e-5 -0.03814572 -0.9992723 2.14836e-7 -0.9993163 0.03697222 2.19708e-6 -0.9993162 0.03697443 2.3857e-5 -0.9993163 0.03697198 0 0.03744751 0.9992987 1.73805e-5 0.03703397 0.999314 1.31333e-5 -0.9993163 0.0369724 3.9433e-5 -0.9993163 0.03697484 4.95941e-5 -0.9993164 0.0369721 3.82553e-5 -0.0370078 -0.999315 0 -0.03700768 -0.999315 -7.33344e-6 -0.03743058 -0.9992992 -8.41315e-6 -0.9993164 0.03697168 6.62972e-5 -0.9993163 0.03697508 8.53465e-5 -0.9993164 0.03697133 6.43082e-5 -0.03703343 -0.999314 -1.38158e-5 -0.03710317 -0.9993115 -2.32309e-5 -0.9993163 0.03697246 1.05608e-4 -0.9993162 0.03697574 1.37096e-4 -0.9993164 0.0369721 1.02424e-4 9.86611e-4 -1.74255e-4 0.9999996 9.80578e-4 -1.74879e-4 0.9999996 -0.9993164 0.03697204 1.29198e-4 -0.9993162 0.03697538 1.63345e-4 -0.9993163 0.03697174 1.25816e-4 0.03709739 0.9993117 5.50128e-5 0.03700768 0.999315 7.20081e-5 -0.9993162 0.03697389 1.8019e-4 -0.9993162 0.03697615 2.0113e-4 -0.9993162 0.03697365 1.77965e-4 -0.03710603 -0.9993113 -4.36481e-5 -0.03702092 -0.9993146 -6.13229e-5 -0.0370084 -0.999315 -8.73695e-5 -0.9993162 0.03697413 2.18871e-4 -0.9993163 0.03697365 2.26412e-4 -0.9993163 0.03697359 2.27182e-4 -9.90376e-4 3.66391e-5 -0.9999996 -9.90417e-4 3.6641e-5 -0.9999996 -0.9993162 0.03697574 2.45187e-4 -0.9993162 0.03697311 2.65295e-4 -0.9993163 0.03697282 2.6737e-4 -0.03702813 -0.9993143 -1.04212e-4 -0.03700864 -0.999315 -1.13681e-4 -0.9993162 0.03697597 2.83438e-4 -0.9993162 0.03697365 3.04919e-4 -0.9993162 0.03697341 3.07114e-4 0.03703397 0.9993141 1.55087e-5 -0.9993162 0.03697544 3.10738e-4 -0.9993163 0.03697192 3.28833e-4 -0.9993163 0.03697156 3.30803e-4 9.83921e-4 -1.74413e-4 0.9999995 9.83218e-4 -1.7441e-4 0.9999995 -0.9993161 0.03697735 3.34643e-4 -0.9993163 0.03697139 3.69754e-4 -0.9993163 0.03697073 3.73391e-4 -0.03709942 -0.9993116 -4.48455e-5 -0.03700792 -0.999315 -7.32478e-6 -0.03709715 -0.9993118 -1.00115e-5 -0.9993161 0.0369749 4.87685e-4 -0.9993162 0.03697079 5.11282e-4 -0.9993163 0.03697031 5.13773e-4 -0.03711175 -0.9993112 -5.55956e-6 -0.03704732 -0.9993136 -1.62484e-5 -0.03705996 -0.9993131 0 -0.999316 0.03697568 5.28956e-4 -0.9993161 0.03697329 5.48313e-4 -0.9993161 0.03697305 5.50286e-4 -0.03744798 -0.9992986 -6.71364e-5 -0.9993162 0.0369746 5.54516e-4 -0.9993162 0.0369727 5.72924e-4 -0.9993161 0.03697252 5.74766e-4 9.84351e-4 -1.74845e-4 0.9999995 9.85025e-4 -1.74854e-4 0.9999996 -0.999316 0.03697484 5.9029e-4 -0.9993162 0.03697198 6.14223e-4 -0.9993162 0.03697168 6.16659e-4 -0.03702104 -0.9993146 5.8966e-7 -0.03703385 -0.9993141 0 -0.9993161 0.03697448 6.15929e-4 -0.9993161 0.03697347 6.38737e-4 -0.9993161 0.03697341 6.41091e-4 0.0370149 0.9993147 6.70255e-5 -0.999316 0.03697496 6.55334e-4 -0.9993161 0.03697103 6.89621e-4 -0.9993161 0.03697061 6.93012e-4 -0.03700792 -0.999315 0 -0.03700792 -0.999315 -1.5705e-5 -0.03743314 -0.9992992 -2.04524e-5 -0.999316 0.03697496 6.95264e-4 -0.9993161 0.03697133 7.27454e-4 -0.9993161 0.03697097 7.30729e-4 0.03710615 0.9993113 4.21599e-5 0.03703445 0.9993141 -6.96453e-6 0.03703415 0.999314 5.35275e-5 -0.9993159 0.03697472 7.31979e-4 -0.9993161 0.03697186 7.5486e-4 -0.9993161 0.03697162 7.57062e-4 0.03744727 0.9992986 1.41802e-5 0.03703433 0.999314 1.1949e-5 -0.9993159 0.03697627 7.61037e-4 -0.999316 0.03697162 8.03861e-4 -0.999316 0.03697121 8.08098e-4 0.03700834 0.999315 0 0.03700834 0.999315 0 -0.9993158 0.03697675 7.98063e-4 -0.999316 0.03697085 8.28237e-4 -0.9993161 0.03697019 8.31458e-4 -0.03703379 -0.999314 0 -0.03703397 -0.9993141 -3.39088e-6 -0.03744763 -0.9992987 -5.57011e-6 -0.9993158 0.03697663 8.35358e-4 -0.999316 0.03697264 8.68378e-4 -0.9993159 0.03697222 8.71568e-4 -0.03700768 -0.999315 0 -0.03700768 -0.999315 -1.19702e-5 -0.03743058 -0.9992992 -1.40009e-5 -0.9993157 0.03697651 9.89238e-4 -0.9993157 0.03697401 9.99793e-4 0.9993162 -0.03697705 -3.21016e-6 0.003804087 -0.9999928 3.10372e-5 0.003757715 -0.999993 3.25518e-4 0.0039047 -0.9999924 1.16875e-4 0.9993163 -0.03697246 -6.88349e-6 -0.002870857 0.9999959 -4.13589e-5 -0.003252983 0.9999947 -1.0822e-4 0.9993163 -0.03697288 -6.72975e-6 -0.004062414 0.9999916 -5.94087e-4 -0.008485376 0.9999639 -3.40449e-4 -0.00355941 0.9999935 -6.3672e-4 0.9993163 -0.03697246 -5.677e-6 -0.00278908 0.9999961 -7.003e-5 -0.003086924 0.9999952 -8.16701e-5 0.9993163 -0.03697282 -9.59972e-6 0.08939337 0.01656538 -0.9958586 0.9993163 -0.03697222 -5.36123e-6 -0.003765881 0.9999927 -6.5575e-4 -0.008411347 0.9999646 -3.61602e-4 -0.003266096 0.9999946 -6.01926e-4 0.9993163 -0.03697252 -6.72065e-6 0.003849148 -0.9999926 1.12664e-4 0.004221081 -0.9999911 3.22964e-4 0.004444956 -0.9999902 6.91114e-5 0.9993163 -0.03697317 -1.01683e-5 0.008066773 -0.9999675 2.75551e-4 0.008354067 -0.9999649 7.10197e-4 0.008799791 -0.9999613 8.41913e-5 0.9993163 -0.0369724 -9.5204e-6 0.09012418 -0.0102356 0.9958779 0.04147791 -0.02935302 0.9987082 0.9993163 -0.03697329 -9.94451e-6 0.003731608 -0.999993 3.54093e-5 0.00368762 -0.9999932 3.37996e-4 0.9993163 -0.03697216 -9.60555e-6 -0.002675175 0.9999964 -1.80036e-5 -0.002725839 0.9999963 -3.18246e-5 -0.002653777 0.9999965 -4.27448e-5 0.9993164 -0.0369721 -1.00513e-5 -0.003374457 0.9999943 -4.44655e-5 0.9993163 -0.0369727 -9.18346e-6 0.004362702 -0.9999905 4.74148e-4 0.004609584 -0.9999894 2.71611e-4 0.9993164 -0.03697204 -6.74786e-6 0.004361391 -0.9999905 3.82192e-5 0.004350483 -0.9999905 4.79661e-4 0.00459665 -0.9999895 2.30383e-4 0.9993163 -0.03697293 -1.33271e-5 0.004433512 -0.9999901 5.19714e-4 0.00468713 -0.999989 2.77628e-4 0.9993163 -0.03697234 -7.0524e-6 0.00772649 -0.9999702 2.73792e-4 0.007998347 -0.9999678 7.21091e-4 0.008449673 -0.9999644 1.58137e-4 0.9993164 -0.03697186 -6.45293e-6 -0.002712965 0.9999964 -3.57628e-6 -0.002705812 0.9999964 -4.85748e-5 -0.002702832 0.9999964 -3.71704e-5 0.9993163 -0.03697246 -1.37642e-5 0.006916701 -0.999976 5.84149e-4 0.9993163 -0.03697276 -1.24807e-5 0.006900906 -0.999976 6.17814e-4 0.007607877 -0.999971 2.76526e-4 0.9993163 -0.03697258 -1.36358e-5 0.007099151 -0.9999747 6.265e-4 0.007832825 -0.9999694 2.69209e-4 0.9993163 -0.03697222 -1.2647e-5 0.003852486 -0.9999927 1.12094e-4 0.004222095 -0.9999911 3.10468e-4 0.004444956 -0.9999902 7.15549e-5 0.9993163 -0.03697276 -1.35308e-5 -0.003469467 0.999994 -3.42719e-5 0.03814691 0.9992722 2.16235e-4 0.03814572 0.9992722 1.09999e-4 -0.9993164 0.03697156 0 0.9993164 -0.03697216 -1.37478e-5 -0.9993129 0.03706115 3.94976e-4 -0.9993131 0.03705751 3.9184e-4 -0.9993137 0.03704237 3.78894e-4 -0.9993126 0.03706252 8.85247e-4 -0.9993127 0.03705906 8.82282e-4 -0.9993133 0.03704279 8.6834e-4 -0.999313 0.03706336 1.59493e-5 -0.9993131 0.03705918 1.25013e-5 -0.9993137 0.0370441 0 -0.9993129 0.03706473 5.1402e-5 -0.9993132 0.03705745 4.61914e-5 -0.9993138 0.0370419 3.50705e-5 -0.9993131 0.03706192 8.37571e-5 -0.9993132 0.03705716 7.9935e-5 -0.9993138 0.03704202 6.78441e-5 -0.9993131 0.03706187 1.18259e-4 -0.9993131 0.03705769 1.14718e-4 -0.9993137 0.03704226 1.01699e-4 -0.9993129 0.03706318 1.54578e-4 -0.9993131 0.0370593 1.51334e-4 -0.9993137 0.03704345 1.38056e-4 -0.9993129 0.03706449 1.8944e-4 -0.9993131 0.03705924 1.85386e-4 -0.9993136 0.03704398 1.73511e-4 -0.9993129 0.03706228 2.23534e-4 -0.9993131 0.03705781 2.19848e-4 -0.9993137 0.03704226 2.06984e-4 -0.999313 0.03706222 2.57567e-4 -0.9993131 0.03705722 2.53704e-4 -0.9993138 0.03704059 2.40859e-4 -0.999313 0.03706264 2.928e-4 -0.9993132 0.03705817 2.8906e-4 -0.9993137 0.03704267 2.7603e-4 -0.9993129 0.03706282 3.28118e-4 -0.9993131 0.03705751 3.23818e-4 -0.9993136 0.03704345 3.12419e-4 -0.9993129 0.03706341 3.60003e-4 -0.9993131 0.03705888 3.56469e-4 -0.9993137 0.03704416 3.44946e-4 -0.9993129 0.03706181 4.97424e-4 -0.9993131 0.03705686 4.93391e-4 -0.9993136 0.03704208 4.81308e-4 -0.9993128 0.03706383 5.32248e-4 -0.9993129 0.03705954 5.28762e-4 -0.9993136 0.0370444 5.1654e-4 -0.9993129 0.03706264 5.67158e-4 -0.9993129 0.03705877 5.63933e-4 -0.9993135 0.03704392 5.51542e-4 -0.9993128 0.03706359 6.0172e-4 -0.999313 0.03705894 5.9811e-4 -0.9993135 0.03704261 5.85383e-4 -0.9993128 0.03706258 6.3762e-4 -0.9993129 0.03705793 6.33892e-4 -0.9993135 0.03704255 6.21586e-4 -0.9993127 0.03706246 6.72477e-4 -0.9993129 0.03705841 6.69078e-4 -0.9993135 0.03704184 6.5521e-4 -0.9993127 0.03706312 7.08296e-4 -0.9993129 0.03705877 7.04622e-4 -0.9993135 0.03704345 6.91667e-4 -0.9993128 0.03706234 7.43639e-4 -0.9993128 0.03705871 7.40715e-4 -0.9993135 0.03704148 7.26758e-4 -0.9993126 0.03706318 7.80441e-4 -0.9993128 0.03705906 7.77026e-4 -0.9993134 0.03704237 7.63152e-4 -0.9993126 0.03706192 8.1588e-4 -0.9993128 0.03705674 8.11672e-4 -0.9993134 0.03704184 7.99704e-4 -0.9993126 0.03706192 8.48846e-4 -0.9993127 0.03705841 8.4586e-4 -0.9993134 0.03704214 8.3199e-4 -0.9993157 0.03697478 9.89252e-4 -0.9993157 0.03697365 9.99973e-4 -0.9993159 0.03697293 9.9905e-4 -0.9993147 0.03700321 0.001017272 -0.9974896 0.07079929 0.001492738 -0.9993157 0.03697365 9.99108e-4 -0.9974196 0.07143843 0.007119238 -0.9974834 0.07088524 0.001439094 -0.9993034 0.03702127 0.004736244 -0.9993156 0.03697949 9.92905e-4 -0.9993152 0.03699183 8.52054e-4 -0.9993152 0.03699249 8.51365e-4 -0.9993158 0.03697645 8.67577e-4 -0.9993153 0.03699141 8.17801e-4 -0.9993152 0.03699392 8.15663e-4 -0.9993159 0.0369758 8.30995e-4 -0.9993153 0.03699159 7.81616e-4 -0.9993153 0.0369926 7.80582e-4 -0.9993159 0.03697693 7.96124e-4 -0.9993155 0.03699064 7.45316e-4 -0.9993154 0.03699123 7.44729e-4 -0.9993159 0.03697568 7.60036e-4 -0.9993155 0.03699147 7.09199e-4 -0.9993153 0.03699314 7.07695e-4 -0.999316 0.03697538 7.23667e-4 -0.9993155 0.03699111 6.72638e-4 -0.9993153 0.03699219 6.71616e-4 -0.9993159 0.03697621 6.87042e-4 -0.9993155 0.03699034 6.38794e-4 -0.9993154 0.03699207 6.3718e-4 -0.999316 0.03697574 6.52122e-4 -0.9993155 0.03699111 6.03783e-4 -0.9993154 0.03699254 6.02354e-4 -0.999316 0.03697764 6.1746e-4 -0.9993155 0.03699117 5.68034e-4 -0.9993154 0.03699237 5.66816e-4 -0.999316 0.03697669 5.8246e-4 -0.9993155 0.03699153 5.31921e-4 -0.9993155 0.0369932 5.30403e-4 -0.999316 0.03697544 5.46215e-4 -0.9993155 0.03699129 4.98008e-4 -0.9993154 0.0369935 4.9605e-4 -0.999316 0.03697633 5.11218e-4 -0.9993156 0.03699076 3.60682e-4 -0.9993156 0.03699249 3.59119e-4 -0.9993161 0.03697735 3.73135e-4 -0.9993156 0.03699082 3.27905e-4 -0.9993155 0.03699344 3.25584e-4 -0.9993161 0.03697681 3.40334e-4 -0.9993157 0.0369904 2.92882e-4 -0.9993156 0.03699207 2.91325e-4 -0.9993162 0.0369749 3.07186e-4 -0.9993156 0.03699094 2.57979e-4 -0.9993155 0.03699284 2.56313e-4 -0.9993161 0.03697532 2.71767e-4 -0.9993157 0.03699052 2.23183e-4 -0.9993156 0.03699219 2.21644e-4 -0.9993162 0.03697526 2.37335e-4 -0.9993156 0.03698921 1.89424e-4 -0.9993156 0.03699153 1.87357e-4 -0.9993162 0.03697443 2.02648e-4 -0.9993156 0.03699105 1.54906e-4 -0.9993156 0.03699213 1.53848e-4 -0.9993162 0.03697627 1.69492e-4 -0.9993156 0.03699183 1.19339e-4 -0.9993156 0.0369904 1.18026e-4 -0.9993162 0.03697568 1.04438e-4 -0.9993156 0.03699308 8.41366e-5 -0.9993157 0.03699105 8.22514e-5 -0.9993162 0.03697615 6.82823e-5 -0.9993156 0.03699398 5.02773e-5 -0.9993156 0.03699034 4.73197e-5 -0.9993162 0.03697675 3.62497e-5 -0.9993156 0.03699231 1.57542e-5 -0.9993156 0.03699076 1.43168e-5 -0.9993162 0.03697514 0 -0.9993152 0.03699201 8.88418e-4 -0.9993152 0.03699266 8.87763e-4 -0.9993158 0.03697693 9.03998e-4 -0.9993156 0.03699111 3.95315e-4 -0.9993156 0.03699225 3.94316e-4 -0.9993161 0.03697514 4.09671e-4 0.0382815 0.999267 2.66723e-5 0.03827446 0.9992673 3.07226e-5 0.03743541 0.9992991 7.49526e-6 0.03829187 0.9992666 6.16903e-6 0.03829193 0.9992667 5.11534e-6 -0.03726071 -0.9993056 -3.58281e-5 -0.03725397 -0.9993059 -3.48174e-5 -3.52588e-4 1.51035e-4 -1 -3.52267e-4 1.51158e-4 -1 -3.52737e-4 1.50978e-4 -1 0.03711032 0.9993112 3.26991e-5 0.03726279 0.9993056 3.45769e-5 0.03726273 0.9993056 2.91602e-5 -0.03827434 -0.9992673 -2.61801e-5 -0.0382744 -0.9992673 -2.82504e-5 -0.03828138 -0.9992671 -7.5928e-6 -0.03827416 -0.9992673 -1.22891e-5 -1.17459e-4 1.20051e-5 -1 -1.17431e-4 1.20051e-5 -1 -1.17472e-4 1.20051e-5 -1 -0.03711038 -0.9993112 -1.21293e-4 -0.03726273 -0.9993056 -3.28187e-5 -0.03726267 -0.9993055 -3.39283e-5 -8.42451e-4 1.69245e-4 -0.9999997 -8.41918e-4 1.69244e-4 -0.9999997 -8.42675e-4 1.69246e-4 -0.9999997 -2.91759e-4 1.8421e-5 -1 -2.9159e-4 1.84209e-5 -1 -2.91836e-4 1.84211e-5 -1 1.16868e-4 -1.95268e-5 1 1.16604e-4 -1.95881e-5 1 1.16485e-4 -1.96156e-5 1 -8.50528e-4 3.90568e-5 -0.9999997 -8.50318e-4 3.90561e-5 -0.9999997 -8.50616e-4 3.90572e-5 -0.9999997 2.90489e-4 -2.58979e-5 1 2.90759e-4 -2.59591e-5 1 2.90882e-4 -2.5987e-5 1 8.46971e-4 -4.66303e-5 0.9999997 8.4719e-4 -4.66301e-5 0.9999997 8.47282e-4 -4.66299e-5 0.9999997 0.037256 0.9993058 3.57843e-5 0.03726261 0.9993056 3.46195e-5 0.0382744 0.9992673 2.66862e-5 0.03827446 0.9992673 3.08066e-5 0.03744751 0.9992987 1.94976e-5 0.03827446 0.9992673 1.20566e-5 0.0382744 0.9992673 8.81837e-6 -0.03710627 -0.9993113 -1.22752e-4 -0.03726267 -0.9993056 -3.42102e-5 -0.03726273 -0.9993056 -4.022e-5 0.03726279 0.9993056 3.90491e-5 0.03726249 0.9993056 3.66647e-5 -2.16207e-4 1.46187e-4 -1 -2.15742e-4 1.46065e-4 -1 -2.16418e-4 1.46243e-4 -1 3.94276e-4 -1.53734e-5 1 3.93958e-4 -1.52512e-5 1 3.9382e-4 -1.51982e-5 1 -0.03827446 -0.9992673 -2.63607e-5 -0.03827446 -0.9992673 -2.91744e-5 -0.03827452 -0.9992673 -7.24562e-6 -0.03827464 -0.9992673 -1.0544e-5 -8.23926e-5 1.06765e-5 -1 -8.26135e-5 1.0615e-5 -1 -8.22888e-5 1.07053e-5 -1 -0.03710603 -0.9993114 -1.2901e-4 -0.03726273 -0.9993056 -3.61769e-5 -0.03726261 -0.9993056 -3.63965e-5 -0.03726273 -0.9993056 -1.44831e-5 -0.03726249 -0.9993056 -1.46094e-5 8.11465e-5 -1.82669e-5 1 8.08372e-5 -1.82056e-5 1 8.06919e-5 -1.81767e-5 1 -4.89581e-4 1.56094e-4 -1 -4.90415e-4 1.56216e-4 -1 -4.89183e-4 1.56035e-4 -0.9999999 -2.56791e-4 1.71841e-5 -1 -2.56818e-4 1.71838e-5 -1 -2.56779e-4 1.71842e-5 -1 -7.01355e-4 1.64124e-4 -0.9999998 -7.00721e-4 1.64001e-4 -0.9999998 -7.01642e-4 1.64179e-4 -0.9999998 -8.15646e-4 3.77606e-5 -0.9999997 -8.1528e-4 3.77606e-5 -0.9999998 -8.15824e-4 3.77606e-5 -0.9999997 8.86705e-4 -3.37845e-5 0.9999997 8.86434e-4 -3.36634e-5 0.9999997 8.8632e-4 -3.36128e-5 0.9999997 2.55657e-4 -2.47051e-5 1 2.55365e-4 -2.47053e-5 1 2.5523e-4 -2.47054e-5 1 8.12367e-4 -4.53761e-5 0.9999997 8.12558e-4 -4.54375e-5 0.9999997 8.12651e-4 -4.54673e-5 0.9999997 0.03709298 0.9993118 4.07357e-5 0.03726267 0.9993056 3.9704e-5 0.03726267 0.9993056 3.9627e-5 0.03726077 0.9993056 2.20528e-5 0.03725415 0.9993059 2.33989e-5 0.03827446 0.9992673 2.56922e-5 0.03827434 0.9992673 2.58026e-5 0.03744363 0.9992988 2.00099e-5 0.03827464 0.9992673 6.49963e-6 0.03827446 0.9992673 6.78641e-6 -0.0372585 -0.9993057 -4.05682e-5 -0.03725826 -0.9993057 -4.35344e-5 -0.03827452 -0.9992673 -2.73777e-5 -0.03827446 -0.9992673 -3.43207e-5 -4.85854e-5 9.42227e-6 -1 -4.89092e-5 9.4223e-6 -1 -4.84073e-5 9.42226e-6 -1 -0.03827446 -0.9992673 -1.07128e-5 -0.03827476 -0.9992673 -2.05896e-6 4.7344e-5 -1.69896e-5 1 4.73889e-5 -1.69897e-5 1 4.74135e-5 -1.69898e-5 1 -2.22347e-4 1.58378e-5 -1 -2.22466e-4 1.58378e-5 -1 -2.22292e-4 1.58378e-5 -1 -7.80659e-4 3.6435e-5 -0.9999997 -7.80885e-4 3.64948e-5 -0.9999997 -7.8056e-4 3.64091e-5 -0.9999998 1.51351e-5 -1.36015e-6 1 1.48316e-5 -1.23764e-6 1 1.46948e-5 -1.18245e-6 1 -5.60867e-4 1.58685e-4 -0.9999998 -5.60551e-4 1.58686e-4 -0.9999998 -5.61007e-4 1.58685e-4 -0.9999998 2.20784e-4 -2.33837e-5 1 2.2069e-4 -2.33223e-5 1 2.20648e-4 -2.32943e-5 1 7.77335e-4 -4.40405e-5 0.9999997 7.77584e-4 -4.40402e-5 0.9999997 7.77692e-4 -4.40401e-5 0.9999998 4.8977e-5 -2.52735e-6 1 4.90228e-5 -2.52728e-6 1 4.9048e-5 -2.52724e-6 1 0.03743344 0.9992992 7.58149e-5 0.03828316 0.9992669 3.14241e-5 0.03828322 0.9992669 2.87816e-5 0.03743273 0.9992992 3.27803e-5 0.03827625 0.9992672 1.12278e-5 0.03828322 0.9992669 4.6545e-6 8.32947e-5 -3.95597e-6 1 8.33114e-5 -3.95593e-6 1 8.33192e-5 -3.95591e-6 1 1.17776e-4 -5.25759e-6 1 1.18049e-4 -5.37997e-6 1 1.18172e-4 -5.43484e-6 1 -0.0374307 -0.9992993 -1.91223e-5 -0.03827446 -0.9992673 -2.60536e-5 -0.03827458 -0.9992673 -2.76512e-5 -0.03827446 -0.9992673 -7.69765e-6 -0.0382744 -0.9992673 -1.28291e-5 -1.8747e-4 1.45906e-5 -1 -1.87936e-4 1.45905e-5 -1 -1.87244e-4 1.45907e-5 -1 -7.44085e-4 3.50961e-5 -0.9999998 -7.44498e-4 3.50954e-5 -0.9999998 -7.43912e-4 3.50963e-5 -0.9999998 1.53015e-4 -6.49822e-6 1 1.53038e-4 -6.49832e-6 1 1.53047e-4 -6.49837e-6 1 -1.41772e-5 8.10675e-6 -1 -1.43132e-5 8.10674e-6 -1 -1.4116e-5 8.10675e-6 -1 1.86283e-4 -2.21672e-5 1 1.86393e-4 -2.21059e-5 1 1.86445e-4 -2.20763e-5 1 -1.11966e-4 1.42179e-4 -1 -1.12677e-4 1.42057e-4 -1 -1.11647e-4 1.42234e-4 -1 7.41515e-4 -4.2661e-5 0.9999998 7.41339e-4 -4.26609e-5 0.9999998 7.41266e-4 -4.26608e-5 0.9999998 -3.19315e-4 1.49982e-4 -1 -3.1955e-4 1.49982e-4 -1 -3.19197e-4 1.49982e-4 -1 1.35426e-5 -1.56282e-5 1 1.33506e-5 -1.56282e-5 1 1.32641e-5 -1.56283e-5 1 1.88062e-4 -7.67703e-6 1 1.88315e-4 -7.80005e-6 1 1.88437e-4 -7.85939e-6 1 -0.03711032 -0.9993113 3.57165e-6 -0.03726261 -0.9993056 7.43317e-7 -0.03726273 -0.9993056 3.35989e-6 0.03743052 0.9992993 1.15851e-4 0.03827452 0.9992673 2.94218e-5 0.0382744 0.9992673 3.16721e-5 0.0374484 0.9992986 6.40825e-7 0.03828144 0.9992671 5.31157e-6 0.03827452 0.9992673 8.06514e-7 0.03711009 0.9993112 -8.26104e-6 0.03726255 0.9993056 -1.12519e-5 0.03726261 0.9993056 0 -8.08661e-4 1.68039e-4 -0.9999998 -8.08557e-4 1.6804e-4 -0.9999998 -8.08712e-4 1.68039e-4 -0.9999998 2.22276e-4 -9.08e-6 1 2.22239e-4 -9.07974e-6 1 2.22222e-4 -9.07963e-6 1 0.03710424 0.9993115 2.13063e-6 0.03724533 0.9993062 3.5566e-7 0.03724545 0.9993062 1.60764e-6 2.57086e-4 -1.03776e-5 1 2.57082e-4 -1.03776e-5 1 2.57081e-4 -1.03776e-5 1 -0.0382815 -0.999267 -2.93789e-5 -0.03827452 -0.9992673 -3.14684e-5 -0.03743058 -0.9992992 -9.73623e-6 -0.03827446 -0.9992673 -1.80518e-5 -0.03827446 -0.9992673 -1.30943e-5 -0.03711014 -0.9993112 -1.20044e-6 -0.03726267 -0.9993056 0 -0.03726285 -0.9993056 2.73376e-7 -1.53029e-4 1.32888e-5 -1 -1.52805e-4 1.32887e-5 -1 -1.53127e-4 1.32888e-5 -1 -7.08543e-4 3.38973e-5 -0.9999998 -7.08697e-4 3.38352e-5 -0.9999998 -7.08474e-4 3.39255e-5 -0.9999998 2.92378e-4 -1.16245e-5 1 2.92098e-4 -1.15023e-5 1 2.9197e-4 -1.14466e-5 1 1.52076e-4 -2.08726e-5 1 1.51858e-4 -2.08726e-5 1 1.51763e-4 -2.08726e-5 1 7.05625e-4 -4.1321e-5 0.9999998 7.05803e-4 -4.13208e-5 0.9999998 7.05883e-4 -4.13207e-5 0.9999998 0.03711211 0.9993112 2.24397e-5 0.03726083 0.9993057 -2.19895e-6 0.03725391 0.9993059 1.54906e-5 -1.82316e-4 1.44736e-4 -1 -1.82591e-4 1.44738e-4 -1 -1.82184e-4 1.44736e-4 -1 3.263e-4 -1.27515e-5 1 3.26312e-4 -1.27515e-5 1 3.26318e-4 -1.27516e-5 1 0.0374338 0.9992991 1.07196e-4 0.03828328 0.9992669 2.83772e-5 0.03828316 0.9992669 3.93973e-5 0.0374301 0.9992994 3.44867e-5 0.03827446 0.9992673 1.25013e-5 0.03827452 0.9992673 1.10828e-5 -0.03710943 -0.9993112 -2.7131e-5 -0.03725588 -0.9993058 2.89514e-7 -0.03726255 -0.9993056 1.30866e-6 3.5912e-4 -1.39905e-5 1 3.59404e-4 -1.41136e-5 1 3.59536e-4 -1.41707e-5 1 -6.6571e-4 1.62716e-4 -0.9999998 -6.64957e-4 1.62716e-4 -0.9999998 -6.66037e-4 1.62716e-4 -0.9999998 0.03726077 0.9993056 -4.29656e-6 0.03725403 0.9993059 6.00891e-6 4.96414e-4 -1.90823e-5 1 4.96676e-4 -1.92046e-5 1 4.96801e-4 -1.9263e-5 1 -0.03827625 -0.9992672 -3.15001e-5 -0.03828316 -0.9992669 -2.92099e-5 -0.03743094 -0.9992992 -7.49333e-6 -0.03827446 -0.9992673 -1.16236e-5 -0.0382744 -0.9992673 -6.66403e-6 -0.03710675 -0.9993114 -2.10891e-5 -0.03725403 -0.9993059 -3.00044e-6 -0.03725391 -0.9993059 -1.35627e-5 -6.72639e-4 3.25061e-5 -0.9999998 -6.72475e-4 3.25057e-5 -0.9999998 -6.7271e-4 3.25062e-5 -0.9999998 5.3128e-4 -2.035e-5 1 5.31564e-4 -2.04723e-5 1 5.31693e-4 -2.05278e-5 0.9999999 6.69905e-4 -4.00578e-5 0.9999998 6.70038e-4 -4.00584e-5 0.9999998 6.70096e-4 -4.00586e-5 0.9999998 0.03711038 0.9993112 -4.26435e-6 0.03726261 0.9993056 7.14797e-7 0.03726249 0.9993056 3.23104e-6 5.66543e-4 -2.18047e-5 1 5.6654e-4 -2.18044e-5 1 5.66538e-4 -2.18043e-5 0.9999998 0.0374335 0.9992992 9.50153e-5 0.03828322 0.9992669 3.79794e-5 0.03828328 0.9992669 3.59605e-5 0.03744798 0.9992986 1.13732e-5 0.0382744 0.9992673 1.33589e-5 0.03827428 0.9992673 1.5411e-5 -0.03710961 -0.9993112 -4.15889e-5 -0.03726261 -0.9993056 -6.52166e-6 -0.03726261 -0.9993056 -4.04937e-6 6.01957e-4 -2.29143e-5 0.9999998 6.0194e-4 -2.29132e-5 0.9999998 6.01932e-4 -2.29127e-5 0.9999999 -5.24623e-4 1.57454e-4 -1 -5.24111e-4 1.57577e-4 -1 -5.24855e-4 1.57398e-4 -0.9999999 0.03709697 0.9993118 1.44057e-7 0.03726267 0.9993056 7.05854e-6 0.03726255 0.9993056 6.47615e-6 6.36947e-4 -2.42686e-5 0.9999999 6.37226e-4 -2.4391e-5 0.9999999 6.37355e-4 -2.44476e-5 0.9999998 -0.03743296 -0.9992992 -2.36915e-5 -0.03828322 -0.9992669 -3.76633e-5 -0.03828316 -0.9992669 -3.43789e-5 -0.03827452 -0.9992673 -8.33181e-6 -0.03827452 -0.9992673 -1.6037e-5 -0.03710949 -0.9993112 -2.80395e-5 -0.03726273 -0.9993056 -7.98085e-6 -0.03726261 -0.9993056 -1.06454e-5 -6.36991e-4 3.12564e-5 -0.9999999 -6.36818e-4 3.12564e-5 -0.9999998 -6.37071e-4 3.12564e-5 -0.9999998 6.72222e-4 -2.57069e-5 0.9999998 6.72215e-4 -2.57072e-5 0.9999998 6.72212e-4 -2.57073e-5 0.9999998 -8.86614e-4 4.03755e-5 -0.9999997 -8.85991e-4 4.03751e-5 -0.9999997 -8.86875e-4 4.03756e-5 -0.9999997 6.34409e-4 -3.88417e-5 0.9999998 6.33991e-4 -3.87803e-5 0.9999998 6.33798e-4 -3.8752e-5 0.9999998 0.03726071 0.9993056 6.25864e-6 0.03725397 0.9993059 2.86064e-6 8.82459e-4 -4.79517e-5 0.9999997 8.83039e-4 -4.80124e-5 0.9999997 8.83282e-4 -4.80378e-5 0.9999997 7.08876e-4 -2.69203e-5 0.9999998 7.09116e-4 -2.70427e-5 0.9999998 7.09225e-4 -2.7098e-5 0.9999998 0.03744816 0.9992986 1.20544e-4 0.03827452 0.9992673 3.5389e-5 0.03827446 0.9992673 3.58811e-5 0.03743028 0.9992993 4.94775e-5 0.03827458 0.9992673 1.34419e-5 0.03827452 0.9992673 1.58359e-5 -0.03709733 -0.9993117 -3.77506e-5 -0.03726261 -0.9993056 -7.05219e-6 -0.03726273 -0.9993056 -6.44788e-6 7.44667e-4 -2.83693e-5 0.9999998 7.4468e-4 -2.83689e-5 0.9999998 7.44685e-4 -2.83687e-5 0.9999998 -7.68032e-5 1.40957e-4 -1 -7.68033e-5 1.40834e-4 -1 -7.68031e-5 1.41014e-4 -1 -2.85268e-4 1.48659e-4 -1 -2.85902e-4 1.48781e-4 -1 -2.8498e-4 1.48603e-4 -1 0.03709745 0.9993116 3.11123e-6 0.03726267 0.9993056 7.83095e-6 0.03726267 0.9993056 9.96808e-6 7.81041e-4 -2.96863e-5 0.9999997 7.80788e-4 -2.95645e-5 0.9999997 7.80678e-4 -2.95116e-5 0.9999998 -0.03743326 -0.9992992 -2.49094e-5 -0.03828328 -0.9992669 -3.77703e-5 -0.03828316 -0.999267 -3.49381e-5 -0.03827446 -0.9992673 -9.54018e-6 -0.03827458 -0.9992673 -2.21329e-5 -0.03827446 -0.9992673 -1.81236e-5 -0.03827464 -0.9992673 -1.35083e-5 -0.03709781 -0.9993116 -4.35186e-5 -0.03726261 -0.9993056 -3.14619e-6 -0.03726261 -0.9993056 -1.42219e-5 -7.72937e-4 1.66729e-4 -0.9999997 -7.72933e-4 1.66728e-4 -0.9999997 -7.72939e-4 1.6673e-4 -0.9999998 -6.01432e-4 2.98838e-5 -0.9999998 -6.01605e-4 2.99453e-5 -0.9999998 -6.01354e-4 2.98559e-5 -0.9999999 8.1565e-4 -3.09025e-5 0.9999997 8.15942e-4 -3.10255e-5 0.9999997 8.16083e-4 -3.10852e-5 0.9999997 5.99054e-4 -3.74957e-5 0.9999999 5.99357e-4 -3.74953e-5 0.9999999 5.99495e-4 -3.74951e-5 0.9999999 0.03710615 0.9993113 8.89106e-7 0.03726261 0.9993056 7.22692e-6 0.03726255 0.9993056 7.23789e-6 8.50953e-4 -3.2303e-5 0.9999997 8.50928e-4 -3.23043e-5 0.9999997 8.50918e-4 -3.23048e-5 0.9999997 0.03743356 0.9992992 1.20804e-4 0.03828328 0.9992669 3.55929e-5 0.03828316 0.999267 3.69285e-5 0.03744828 0.9992986 6.06841e-5 0.03828144 0.9992671 1.1576e-5 0.0382747 0.9992673 6.43649e-6 -0.03726464 -0.9993054 -1.4858e-5 -0.03727126 -0.9993052 -1.63028e-5 0.03827452 0.9992673 2.07483e-5 0.0382744 0.9992673 2.67651e-5 0.03726071 0.9993056 6.39507e-6 0.03725397 0.9993059 3.47784e-6 0.03744769 0.9992987 8.51313e-7 0.03827446 0.9992673 1.03078e-5 0.03827458 0.9992673 0 -1.47057e-4 1.43459e-4 -1 -1.4736e-4 1.43459e-4 -1 -1.46925e-4 1.43459e-4 -1 -0.03744769 -0.9992986 -1.15771e-5 -0.0382815 -0.999267 -1.90372e-5 -0.0382744 -0.9992673 -1.80969e-5 -0.03756833 -0.9992941 -4.31331e-5 -0.03756904 -0.9992941 -2.01342e-4 -0.03756898 -0.9992941 -1.95092e-4 -0.0375691 -0.9992941 -2.03564e-4 -0.03757059 -0.999294 -4.17787e-5 -0.03757548 -0.9992939 -4.64127e-5 -0.9993164 0.0369721 0 -0.9993163 0.03697323 0 -1.6504e-7 0 1 -1.61649e-7 0 1 -2.48716e-7 0 1 -5.02284e-7 0 1 -1.28745e-7 0 1 -1.73054e-7 0 1 0 0 -1 0 0 -1 0.002051711 0.001226127 0.9999972 0.002651154 0.004737198 0.9999853 0.007318735 0.006257414 0.9999536 -0.9993164 0.03697168 0 -0.997487 0.07085049 0 -0.997487 0.07085055 0 0 0 1 2.19629e-7 0 1 1.61588e-7 0 1 -0.9993163 0.03697371 0 -0.9993163 0.03697288 0 -0.9993163 0.03697288 0 0.9993162 -0.03697443 0 0.9993163 -0.03697323 0 -0.9993163 0.03697252 0 -0.9993144 0.03702521 0 0 0 1 0 0 -1 -4.56063e-7 0 1 -0.9993164 0.0369721 0 0.002871394 -1.75391e-4 0.999996 0.9993164 -0.03697109 0 0 0 1 0.006815552 -0.002126753 0.9999746 -0.9993164 0.03697174 0 0.01563352 0.9998778 0 0 0 1 -0.01563352 -0.9998778 0 6.89364e-7 0 1 0 0 1 -0.07496231 -0.9971864 0 -0.2792081 -0.9602307 0 -1.41984e-7 0 1 0.2870806 0.9579064 0 0 0 -1 0 0 -1 0 0 -1 0.2870782 0.9579072 0 0.5456711 0.8379995 0 0 0 -1 -0.2792081 -0.9602306 0 -0.538774 -0.8424504 0 -5.54086e-7 0 1 1.35202e-7 0 1 -0.5387697 -0.8424531 0 -0.7545696 -0.6562201 0 0 0 1 0.5456656 0.838003 0 0.7599349 0.6499993 0 0.9124461 0.409197 0 0.9908232 0.1351642 0 0.9124416 0.409207 0 0.7599356 0.6499984 0 0 0 -1 0 0 -1 -0.754562 -0.6562289 0 -0.9090496 -0.4166879 0 0 0 -1 0 0 -1 0 0 -1 0 0 -1 -0.90905 -0.416687 0 -0.9896792 -0.143301 0 1.75986e-7 0 1 3.44652e-7 0 1 4.08929e-7 0 1 3.51965e-7 0 1 5.54101e-7 0 1 -0.9896814 -0.143286 0 -0.989902 0.1417543 0 0 0 1 0.9908248 0.1351524 0 0.9887049 -0.1498759 0 0 0 -1 0 0 -1 0.9887049 -0.1498762 0 0.9062582 -0.4227247 0 0 0 -1 -0.9899008 0.141762 0 -0.9096986 0.4152691 0 0 0 -1 0 0 -1 -0.9096987 0.4152692 0 -0.7555928 0.6550418 0 -2.70405e-7 0 1 0.9062606 -0.4227195 0 0.7501756 -0.6612388 0 -3.6171e-7 0 1 -1.24558e-7 0 1 -0.7555894 0.6550456 0 -0.5400815 0.8416128 0 0 0 1 0.7501781 -0.6612358 0 0.5331405 -0.8460268 0 0 0 -1 0 0 -1 0 0 -1 0.5331459 -0.8460234 0 0.275363 -0.9613403 0 0 0 -1 -0.5400772 0.8416155 0 -0.2775755 0.9607039 0 0 0 -1 -0.2775754 0.9607039 0 -0.1101871 0.993911 0 -3.59069e-7 0 1 0.2753663 -0.9613395 0 0.1119789 -0.9937106 0 -0.99632 -0.08571249 0 -0.99632 -0.08571249 0 -0.1101868 0.993911 0 -0.08569282 0.9963217 0 -6.75184e-7 0 1 0.1119803 -0.9937105 0 0.08569252 -0.9963216 0 -0.9993165 0.0369693 0 -0.9993164 0.03696984 0 -0.9993165 0.03696918 0 -0.9993162 0.03697639 -5.91642e-7 -0.9993162 0.0369755 -7.05129e-7 -0.9993126 0.03707462 0 -0.9993125 0.03707498 1.68255e-5 -0.9993126 0.03707271 1.654e-5 -0.9993141 0.03703409 1.54916e-4 -0.9993137 0.0370447 1.3459e-4 -0.9993126 0.03707498 0 -0.9993126 0.03707325 3.37738e-5 -0.9993126 0.03707069 3.33941e-5 -0.999314 0.03703248 3.12432e-4 -0.9993139 0.03703874 2.96855e-4 -0.9993125 0.03707641 0 -0.9993124 0.03707909 5.08033e-5 -0.9993124 0.03707712 5.0489e-5 -0.9993139 0.03703451 4.84346e-4 -0.9993135 0.03704303 4.64671e-4 -0.9993126 0.03707313 0 -0.9993125 0.03707492 6.84268e-5 -0.9993126 0.03707331 6.81218e-5 -0.9993138 0.03703427 6.49104e-4 -0.9993136 0.03704196 6.34064e-4 -0.9993123 0.03708183 0 -0.9993122 0.03708457 8.65742e-5 -0.9993122 0.03708261 8.62275e-5 -0.9993138 0.03703176 8.24217e-4 -0.9993135 0.03703922 8.08855e-4 -0.9993123 0.03708243 0 -0.9993122 0.0370832 1.04296e-4 -0.9993123 0.03708094 1.03949e-4 -0.9993135 0.03703594 9.79654e-4 -0.9993132 0.03704446 9.64962e-4 -0.9993126 0.0370748 0 -0.9993125 0.03707653 1.21117e-4 -0.9993125 0.0370748 1.20861e-4 -0.9993134 0.03703206 0.001147389 -0.9993132 0.03703886 0.001132369 -0.9993123 0.03708064 0 -0.9993123 0.03708136 1.3867e-4 -0.9993124 0.03708034 1.38298e-4 -0.9993133 0.03703081 0.001315295 -0.9993129 0.03704065 0.001295149 -0.9993125 0.03707605 0 -0.9993125 0.03707498 1.55681e-4 -0.9993125 0.03707492 1.55424e-4 -0.9993131 0.03703093 0.001484096 -0.9993128 0.03703862 0.001468956 -0.9993126 0.03707504 0 -0.9993125 0.03707814 1.72563e-4 -0.9993125 0.03707569 1.72302e-4 -0.9993128 0.0370295 0.001639842 -0.9993126 0.03703653 0.001625001 -0.9993125 0.03707641 1.89363e-4 -0.9993125 0.03707534 1.89136e-4 -0.9993125 0.03703391 0.001798212 -0.9993121 0.03704345 0.00178647 -0.9993126 0.03707432 0 -0.9993126 0.03707408 2.57492e-4 -0.9993126 0.03707259 2.57204e-4 -0.999311 0.03703302 0.002459645 -0.9993107 0.03704428 0.002441525 -0.9993125 0.03707534 0 -0.9993125 0.03707528 2.75049e-4 -0.9993125 0.03707343 2.74795e-4 -0.9993104 0.03703743 0.002630293 -0.9993102 0.03704404 0.002614974 -0.9993125 0.03707677 0 -0.9993125 0.03707695 2.93392e-4 -0.9993125 0.03707528 2.93131e-4 -0.9993101 0.0370332 0.002799332 -0.9993099 0.03704291 0.002783536 -0.9993124 0.03707736 0 -0.9993124 0.0370779 3.10802e-4 -0.9993125 0.0370742 3.10465e-4 -0.9993098 0.03703087 0.002962291 -0.9993094 0.03704088 0.002944946 -0.9993123 0.03708308 0 -0.9993122 0.03708207 3.28312e-4 -0.9993124 0.03707826 3.27986e-4 -0.9993091 0.0370329 0.003133535 -0.9993089 0.03704166 0.003113508 -0.9993126 0.03707516 0 -0.9993126 0.03707224 3.45856e-4 -0.9993126 0.0370714 3.45589e-4 -0.9993085 0.03703522 0.003309369 -0.9993082 0.03704488 0.003288269 -0.9993123 0.0370813 0 -0.9993122 0.03708267 3.64133e-4 -0.9993123 0.03707933 3.63817e-4 -0.9993082 0.03703111 0.003473401 -0.9993079 0.0370379 0.003456592 -0.9993125 0.03707635 0 -0.9993125 0.03707641 3.81722e-4 -0.9993125 0.03707307 3.81536e-4 -0.9993073 0.03703802 0.003651797 -0.9993069 0.03704744 0.003633737 -0.9993125 0.03707629 0 -0.9993122 0.03708004 3.99853e-4 -0.9993124 0.0370748 3.99533e-4 -0.9993069 0.03703069 0.003822386 -0.9993067 0.03703635 0.003805816 -0.9993122 0.03708398 0 -0.9993122 0.03708231 4.1666e-4 -0.9993123 0.03707915 4.16376e-4 -0.9993062 0.03703123 0.00398308 -0.999306 0.03703886 0.003967881 -0.9993125 0.03707534 0 -0.9993125 0.03707367 4.34837e-4 -0.9993125 0.03707313 4.34631e-4 -0.9993055 0.03703302 0.00415492 -0.9993053 0.03704094 0.004143655 -0.9993157 0.03697866 8.71163e-4 -0.9993063 0.03700935 0.004162192 -0.9993157 0.036978 8.71634e-4 -0.9993059 0.03702074 0.004152297 -0.9993158 0.03697836 8.32637e-4 -0.9993072 0.03700357 0.003994345 -0.9993159 0.03697562 8.34175e-4 -0.9993068 0.03701472 0.003980576 -0.9993158 0.03697913 7.98625e-4 -0.9993077 0.03700834 0.003832519 -0.9993159 0.03697359 8.02626e-4 -0.9993073 0.03701865 0.003817141 -0.9993159 0.03697717 7.61437e-4 -0.9993083 0.03700858 0.003662645 -0.999316 0.03697288 7.64797e-4 -0.9993079 0.03702163 0.003645539 -0.9993159 0.03697776 7.31105e-4 -0.999309 0.03700661 0.003483831 -0.9993159 0.03697717 7.29872e-4 -0.9993086 0.03701776 0.003468036 -0.9993157 0.0369805 6.92336e-4 -0.9993095 0.03700941 0.003320455 -0.999316 0.03697454 6.97345e-4 -0.999309 0.03702288 0.00330013 -0.9993158 0.03698182 6.54511e-4 -0.9993102 0.03700405 0.003145456 -0.9993159 0.03697848 6.5981e-4 -0.9993098 0.03701609 0.003126382 -0.9993161 0.03697383 6.18667e-4 -0.9993108 0.03700149 0.00297296 -0.9993162 0.03697204 6.23021e-4 -0.9993103 0.03701549 0.00295633 -0.999316 0.03697741 5.81426e-4 -0.9993112 0.03700602 0.002808749 -0.9993161 0.03697317 5.85944e-4 -0.9993107 0.03701949 0.00279349 -0.9993157 0.03698569 5.43947e-4 -0.9993114 0.03701061 0.002640247 -0.9993159 0.03697878 5.52126e-4 -0.9993111 0.03702014 0.002625524 -0.9993161 0.03697383 5.14286e-4 -0.9993122 0.03700041 0.002470791 -0.9993163 0.03697115 5.15484e-4 -0.9993117 0.03701543 0.002453029 -0.9993161 0.03697669 3.82207e-4 -0.9993134 0.03700524 0.001806497 -0.9993162 0.03697454 3.82264e-4 -0.999313 0.03701817 0.001794993 -0.9993162 0.0369758 3.44165e-4 -0.9993138 0.03700399 0.001650929 -0.9993162 0.03697466 3.44923e-4 -0.9993135 0.03701478 0.001636326 -0.9993161 0.03697776 3.09106e-4 -0.9993141 0.03700309 0.001494765 -0.9993162 0.03697413 3.13367e-4 -0.9993137 0.03701412 0.001479804 -0.9993161 0.03697818 2.78568e-4 -0.9993143 0.03700202 0.001327395 -0.9993161 0.03697836 2.78976e-4 -0.9993138 0.03701621 0.001307487 -0.999316 0.03698033 2.42081e-4 -0.9993145 0.03700399 0.001157641 -0.9993161 0.03697884 2.4268e-4 -0.9993141 0.037014 0.00114274 -0.9993162 0.03697401 2.05576e-4 -0.9993145 0.03700858 9.89352e-4 -0.9993164 0.03697109 2.06965e-4 -0.9993141 0.03702181 9.74689e-4 -0.9993144 0.03701561 8.2188e-4 -0.9993162 0.03697389 1.67765e-4 -0.9993163 0.03697216 1.66598e-4 -0.9993146 0.03700786 8.37156e-4 -0.9993144 0.03701877 6.46835e-4 -0.9993161 0.03697788 1.35466e-4 -0.9993162 0.03697562 1.31325e-4 -0.9993147 0.03701126 6.61924e-4 -0.9993146 0.03701573 4.79614e-4 -0.9993162 0.03697633 9.96922e-5 -0.9993162 0.03697472 9.94495e-5 -0.999315 0.03700661 4.99328e-4 -0.9993147 0.03701508 3.0889e-4 -0.9993163 0.03697353 6.40609e-5 -0.9993163 0.03697299 6.20223e-5 -0.9993149 0.03700888 3.24612e-4 -0.9993148 0.03701251 1.49991e-4 -0.9993161 0.03697925 3.57042e-5 -0.9993162 0.03697568 3.40824e-5 -0.9993152 0.03700178 1.7041e-4 -0.9993162 0.03697693 6.49686e-7 -0.9993164 0.03697055 1.42437e-7 -0.9993164 0.03697186 0 -0.9993162 0.0369758 7.92119e-7 -0.9993165 0.03696936 0 -0.9993163 0.03697276 0 -0.9993162 0.03697645 3.9393e-5 -0.9993164 0.03697216 3.69252e-5 -0.9993164 0.03697043 6.38953e-5 -0.9993165 0.03696763 6.69064e-5 -0.9993163 0.03697329 1.02189e-4 -0.9993163 0.03697329 1.01917e-4 -0.9993162 0.03697425 1.33971e-4 -0.9993162 0.0369746 1.41458e-4 -0.9993163 0.0369752 1.66207e-4 -0.9993162 0.03697389 1.67865e-4 -0.9993162 0.03697544 2.0397e-4 -0.9993162 0.03697496 2.05992e-4 -0.9993161 0.03697794 2.43233e-4 -0.9993161 0.03697752 2.43944e-4 -0.9993161 0.03697931 2.80977e-4 -0.9993162 0.03697508 2.80761e-4 -0.9993162 0.0369749 3.12028e-4 -0.9993163 0.03697085 3.20041e-4 -0.9993162 0.03697466 3.44519e-4 -0.9993162 0.03697562 3.45529e-4 -0.9993162 0.03697508 3.84947e-4 -0.9993162 0.03697466 3.84392e-4 -0.9993161 0.03697496 5.12456e-4 -0.9993162 0.03697401 5.14038e-4 -0.9993159 0.03697794 5.46837e-4 -0.9993164 0.03696721 5.62647e-4 -0.9993162 0.03697139 5.81183e-4 -0.9993163 0.03696697 5.89492e-4 -0.9993162 0.03697133 6.18723e-4 -0.9993162 0.03697168 6.26651e-4 -0.999316 0.03697395 6.58085e-4 -0.9993162 0.03696966 6.68115e-4 -0.999316 0.03697514 6.96721e-4 -0.9993163 0.03696799 7.05884e-4 -0.9993159 0.03697645 7.31363e-4 -0.9993158 0.03697901 7.28125e-4 -0.999316 0.03697377 7.6072e-4 -0.9993162 0.03696978 7.6665e-4 -0.9993159 0.03697335 7.9943e-4 -0.9993162 0.03696656 8.06634e-4 -0.9993159 0.03697484 8.31406e-4 -0.9993159 0.03697258 8.33928e-4 -0.9993158 0.0369755 8.709e-4 -0.9993157 0.0369783 8.71141e-4 -0.03703391 -0.9993141 -3.58901e-5 -0.03700804 -0.999315 0 -0.03700786 -0.999315 -9.08123e-6 0.03703421 0.999314 0 0.0374329 0.9992992 2.10723e-5 0.03701412 0.9993148 1.28594e-4 0.03710258 0.9993115 1.14273e-4 0.03703415 0.999314 1.81824e-4 0.03702127 0.9993146 -6.04952e-6 0.03700858 0.999315 -5.53212e-6 -0.03711032 -0.9993112 3.1483e-6 -0.03703403 -0.999314 1.9716e-5 -0.03703397 -0.999314 0 -0.03700828 -0.999315 0 -0.0370081 -0.999315 -1.95568e-5 0.03710615 0.9993114 3.16714e-5 0.03701531 0.9993147 4.99604e-5 -0.03700798 -0.999315 1.23318e-5 -0.03700786 -0.999315 4.36881e-5 9.84592e-4 -1.74667e-4 0.9999996 9.83922e-4 -1.74664e-4 0.9999995 -0.03703433 -0.9993141 -9.69406e-6 -0.03710615 -0.9993113 -2.65433e-5 0.03702104 0.9993145 6.7416e-5 -9.90371e-4 3.66413e-5 -0.9999995 -9.90374e-4 3.66325e-5 -0.9999995 -0.03710591 -0.9993113 -3.61374e-5 -0.03702074 -0.9993146 -3.99988e-5 -0.03700786 -0.999315 -4.36834e-5 -0.03702712 -0.9993143 -1.39436e-4 -0.0374481 -0.9992986 -1.00339e-4 9.84286e-4 -1.74389e-4 0.9999996 9.83483e-4 -1.744e-4 0.9999995 0.03710955 0.9993112 1.27586e-4 0.03703391 0.999314 1.79841e-4 -0.03703343 -0.999314 -6.21448e-5 -0.03744792 -0.9992987 -5.71016e-5 -0.03700834 -0.999315 -1.42903e-4 -0.03703397 -0.9993141 -3.88194e-5 -0.0369836 -0.9993159 -4.40595e-5 -0.03742104 -0.9992997 -2.12426e-5 0.03744751 0.9992987 1.00051e-5 0.03703427 0.999314 6.29262e-7 -0.03703397 -0.999314 -3.46929e-5 -0.03702163 -0.9993146 -1.38492e-5 -0.03700822 -0.999315 0 -0.03700822 -0.999315 -7.11634e-6 0.03744727 0.9992986 1.88556e-5 0.03700894 0.999315 1.61345e-4 0.03703427 0.9993141 1.37987e-5 0.03710567 0.9993114 1.29403e-4 0.03700906 0.999315 4.18469e-5 0.03703474 0.999314 1.83013e-4 0.03703391 0.999314 0 0.03743386 0.9992992 6.02027e-6 0.03703325 0.9993141 2.10395e-5 0.03710955 0.9993112 2.23455e-5 -0.03700774 -0.999315 0 -0.03700774 -0.999315 -1.50907e-5 -0.03709721 -0.9993118 -1.50632e-6 -0.03702121 -0.9993146 1.31518e-5 -0.03703403 -0.999314 0 9.84607e-4 -1.74678e-4 0.9999995 9.87229e-4 -1.74685e-4 0.9999995 0.03702092 0.9993145 -1.20297e-6 0.03745186 0.9992985 1.93114e-6 0.03698402 0.9993159 5.35688e-5 0.03703379 0.999314 -3.4126e-7 -9.90394e-4 3.66421e-5 -0.9999995 -9.90383e-4 3.66464e-5 -0.9999995 -0.03701436 -0.9993147 -1.53574e-4 -0.03743362 -0.9992991 -1.15083e-4 -0.03703308 -0.9993141 -3.59742e-5 -0.03744751 -0.9992986 -9.63032e-6 0.03706169 0.999313 1.44785e-6 -0.03702104 -0.9993146 -6.55772e-5 -0.0370084 -0.999315 -8.73707e-5 9.86338e-4 -1.74376e-4 0.9999996 9.86154e-4 -1.74379e-4 0.9999996 -0.03703451 -0.999314 -1.51321e-4 -0.03703409 -0.999314 -6.7881e-5 -9.90376e-4 3.6644e-5 -0.9999996 -9.90369e-4 3.66434e-5 -0.9999995 -0.03708583 -0.9993122 0 -0.03708571 -0.9993122 0 -0.03708583 -0.9993121 0 -0.03703415 -0.9993141 -5.53069e-5 -0.03745055 -0.9992985 -2.30462e-5 0.03743332 0.9992992 1.73271e-5 0.03700822 0.999315 1.60637e-4 0.03700834 0.999315 1.27113e-5 0.03743034 0.9992994 5.08627e-6 0.03700792 0.999315 4.63675e-5 -0.03703373 -0.9993141 -2.61018e-5 0.03703439 0.999314 0 0.03703433 0.999314 8.12786e-6 0.03709357 0.9993119 2.95385e-5 0.03703397 0.999314 0 0.03703379 0.999314 5.42677e-6 0.03703403 0.999314 0 -0.03703427 -0.999314 0 -0.03703433 -0.999314 -1.36741e-5 0.03700846 0.999315 0 0.03700876 0.999315 0 0.03744733 0.9992986 7.66097e-6 0.03703397 0.999314 4.68925e-5 0.0370211 0.9993145 -9.70849e-6 -0.03703355 -0.9993141 -1.66005e-4 -0.0374484 -0.9992986 -1.17735e-4 -0.03702735 -0.9993143 -6.19652e-5 -0.03744786 -0.9992987 -6.56256e-5 0.03704684 0.9993135 5.53874e-5 0.03703379 0.999314 5.59471e-5 -9.90386e-4 3.66383e-5 -0.9999995 -9.90395e-4 3.66435e-5 -0.9999996 0.03703373 0.9993141 2.05107e-5 -0.03703433 -0.999314 -1.69214e-4 -0.03703433 -0.9993141 -2.98202e-5 -0.03703409 -0.999314 -4.36863e-5 0.03703379 0.999314 0 0.03703391 0.999314 -9.9423e-6 -0.03700864 -0.999315 -2.32758e-5 9.85011e-4 -1.74477e-4 0.9999995 9.85437e-4 -1.74474e-4 0.9999995 0.03703403 0.9993141 4.04839e-5 -9.90379e-4 3.66457e-5 -0.9999996 -9.904e-4 3.66465e-5 -0.9999995 -0.03703534 -0.999314 -4.48125e-6 -0.03703367 -0.999314 -4.80396e-6 -0.03703403 -0.9993141 -6.14155e-5 -0.03744757 -0.9992987 -3.82605e-5 0.03743314 0.9992992 2.59335e-5 0.03701406 0.9993149 1.53413e-4 0.03744763 0.9992986 8.07951e-6 0.03703451 0.9993141 3.11932e-5 0.03703421 0.999314 5.40044e-6 -0.03703385 -0.999314 -4.85971e-5 0.03710979 0.9993113 2.10648e-5 -0.03703415 -0.999314 1.53409e-5 0.03703373 0.999314 0 0.03703373 0.9993141 3.44198e-6 -0.03703421 -0.999314 0 -0.03703427 -0.999314 -8.08882e-6 0.03744751 0.9992987 4.44717e-6 0.03703439 0.9993141 9.01407e-6 -0.03703594 -0.999314 4.98898e-6 -0.0370838 -0.9993122 4.14493e-7 0.03703427 0.999314 0 -0.03701466 -0.9993147 -1.6471e-4 -0.03743398 -0.9992992 -1.21454e-4 -0.03702813 -0.9993143 -5.78186e-5 -0.03744792 -0.9992986 -3.44081e-5 0.0371381 0.9993101 -2.89483e-5 0.03703564 0.999314 4.88511e-6 0.03701436 0.9993148 1.9732e-5 0.03703409 0.999314 -2.54305e-5 0.03703433 0.999314 -2.06398e-5 -0.03703379 -0.999314 5.39666e-6 -0.03703445 -0.9993141 -1.65838e-4 -0.03700774 -0.999315 0 -0.03700768 -0.999315 -1.78369e-5 -0.03700822 -0.999315 -6.99299e-5 -0.03702104 -0.9993146 -5.25561e-5 -0.0370078 -0.999315 -8.73766e-5 9.88678e-4 -1.74822e-4 0.9999996 9.87061e-4 -1.75466e-4 0.9999995 9.84351e-4 -1.74105e-4 0.9999995 9.84964e-4 -1.741e-4 0.9999995 -0.03703439 -0.999314 6.65898e-6 0.03702086 0.9993145 -3.81439e-6 -9.90374e-4 3.6644e-5 -0.9999996 -9.90385e-4 3.66399e-5 -0.9999995 -0.03703337 -0.999314 -2.9993e-5 -0.03744781 -0.9992986 -3.49732e-5 0.03744763 0.9992986 2.33564e-5 0.03703409 0.999314 1.73006e-4 -0.03702121 -0.9993145 -1.54699e-5 -0.03700834 -0.999315 -4.36843e-5 9.8526e-4 -1.7457e-4 0.9999995 9.88977e-4 -1.73961e-4 0.9999996 0.03744721 0.9992986 9.55599e-6 0.03701496 0.9993148 6.06245e-5 0.03711009 0.9993112 -3.4015e-6 -0.03703409 -0.9993141 -1.12393e-5 -0.03703427 -0.999314 -1.64489e-5 -0.0370078 -0.999315 0 -0.03700774 -0.999315 -7.62805e-6 0.03744673 0.9992986 6.64464e-6 -0.03701412 -0.9993148 -1.72628e-4 -0.03743362 -0.9992991 -1.21432e-4 -0.03702741 -0.9993143 -5.75259e-5 -0.0374481 -0.9992986 -3.28017e-5 0.03709286 0.9993118 2.26301e-5 -0.03703415 -0.999314 -1.84169e-4 -0.03700822 -0.999315 -7.01082e-5 -0.03700774 -0.999315 0 -0.0370078 -0.999315 -1.52422e-5 -0.03709709 -0.9993118 -1.38014e-6 -0.03702092 -0.9993145 1.35205e-5 -0.03703373 -0.9993141 0 -0.03700882 -0.999315 -2.12341e-5 9.87821e-4 -1.74576e-4 0.9999995 9.89653e-4 -1.7458e-4 0.9999996 0.03700828 0.999315 0 0.0370081 0.999315 1.85084e-5 0.03702139 0.9993145 2.62394e-5 -9.90377e-4 3.66378e-5 -0.9999995 -9.9033e-4 3.66361e-5 -0.9999995 0.03743338 0.9992992 2.41329e-5 0.03701424 0.9993147 1.72863e-4 0.03743338 0.9992992 7.50315e-6 0.03702682 0.9993144 8.02843e-5 -9.90374e-4 3.66412e-5 -0.9999995 -9.90382e-4 3.66418e-5 -0.9999996 0.03703415 0.9993141 5.12601e-5 -0.03702157 -0.9993146 -3.77688e-5 -0.03703421 -0.9993141 -4.36854e-5 9.85163e-4 -1.74405e-4 0.9999996 9.85476e-4 -1.74404e-4 0.9999996 0.03700828 0.999315 4.47366e-5 -9.90406e-4 3.66433e-5 -0.9999995 -9.90371e-4 3.6633e-5 -0.9999996 -0.03700923 -0.999315 -3.56061e-5 0.03711044 0.9993112 -5.08243e-6 0.03703445 0.9993141 4.64609e-7 -0.03700923 -0.999315 -4.31865e-5 -0.03743344 -0.9992992 -2.65557e-5 0.03703379 0.9993141 5.11154e-5 0.03703403 0.999314 0 -0.03700834 -0.999315 -5.35317e-5 -0.03703397 -0.999314 0 -0.03703391 -0.999314 -1.25326e-5 -0.03700888 -0.999315 8.49554e-6 0.03703421 0.999314 0 0.03702163 0.9993145 -2.106e-5 0.03700941 0.9993149 -1.10993e-5 0.03744763 0.9992986 1.02633e-5 0.03702783 0.9993143 6.67915e-5 0.03700828 0.999315 4.07538e-5 -9.90342e-4 3.66449e-5 -0.9999995 -9.90355e-4 3.66409e-5 -0.9999995 0.03703385 0.9993141 5.00729e-6 -0.0370208 -0.9993146 -3.42241e-5 -0.0370081 -0.999315 -8.73735e-5 9.84995e-4 -1.75126e-4 0.9999996 9.83629e-4 -1.75118e-4 0.9999995 -0.03700816 -0.999315 8.03662e-6 0.03702116 0.9993146 1.6087e-5 -9.90357e-4 3.66418e-5 -0.9999995 -9.90374e-4 3.66424e-5 -0.9999996 -0.0370267 -0.9993144 -7.62187e-5 -0.03744757 -0.9992987 -7.61018e-5 0.03703433 0.999314 4.92663e-5 -0.03700792 -0.999315 -4.42451e-5 -0.03703337 -0.9993141 6.18888e-7 0.9638691 -0.05232226 0.2611871 0.9616007 -0.09151798 0.2587441 0.9620647 -0.03238505 0.2708926 0.9619358 -0.1015678 0.2536996 0.9572873 -0.1015946 0.270702 0.9572755 -0.1015878 0.2707464 0.9572769 -0.1015868 0.2707417 0.9572752 -0.1015869 0.2707479 0.96384 -0.05363744 0.2610279 0.9616386 -0.09085673 0.2588365 0.9617107 -0.03240233 0.2721447 0.9621029 -0.1015622 0.2530677 0.9572858 -0.1015923 0.270708 0.957277 -0.1015958 0.2707378 0.9572762 -0.1015946 0.2707415 0.9572745 -0.1015961 0.2707466 0.963876 -0.05203133 0.2612202 0.961591 -0.09165036 0.2587336 0.9621355 -0.0323714 0.2706427 0.9572852 -0.1015902 0.2707116 0.9572835 -0.1015938 0.2707159 0.9572737 -0.101594 0.2707507 0.9572737 -0.1015931 0.2707506 0.9572738 -0.1015923 0.2707509 0.9638785 -0.05201959 0.2612132 0.9615879 -0.09165984 0.2587419 0.9621424 -0.03237241 0.2706182 0.957284 -0.1015919 0.2707148 0.9572829 -0.101592 0.2707191 0.9572745 -0.1015911 0.270749 0.9572737 -0.1015915 0.2707514 0.9572728 -0.1015924 0.270754 0.9639018 -0.05132669 0.2612643 0.9615634 -0.0919941 0.2587146 0.9623166 -0.03235107 0.2700004 0.9618131 -0.1015618 0.2541669 0.9572846 -0.1015908 0.2707131 0.9572755 -0.1015901 0.2707459 0.9572742 -0.1015883 0.2707506 0.9572742 -0.1015889 0.2707505 0.9639034 -0.05130821 0.2612619 0.9615631 -0.09201097 0.2587096 0.9623226 -0.03235107 0.269979 0.9572843 -0.1015946 0.2707124 0.9572845 -0.1015954 0.2707119 0.9572742 -0.1015921 0.2707492 0.9572727 -0.1015929 0.2707543 0.9572776 -0.1015919 0.2707377 0.9639322 -0.0506199 0.2612898 0.9615331 -0.09235054 0.2586994 0.9624956 -0.0323379 0.269363 0.9617261 -0.1015657 0.2544941 0.9572867 -0.1015898 0.2707064 0.9572751 -0.1015917 0.2707462 0.9572735 -0.1015923 0.2707515 0.9572749 -0.1015951 0.2707459 0.9638587 -0.05270773 0.2611481 0.9616113 -0.0913189 0.2587752 0.9619617 -0.03239136 0.2712571 0.9619829 -0.1015605 0.2535241 0.9572834 -0.1015906 0.2707172 0.9572747 -0.1015939 0.270747 0.9572749 -0.1015942 0.270746 0.9572759 -0.1015938 0.270743 0.9639368 -0.05055862 0.2612848 0.9615305 -0.09237962 0.2586988 0.9625134 -0.0323407 0.2692993 0.9617174 -0.1015635 0.2545282 0.957284 -0.1015883 0.2707161 0.9572762 -0.1015931 0.2707421 0.9572755 -0.1015946 0.2707439 0.9572751 -0.1015927 0.2707459 0.9639865 -0.04959195 0.2612869 0.9614844 -0.09286743 0.2586955 0.9627523 -0.03232836 0.2684453 0.9616007 -0.101567 0.2549673 0.9572827 -0.1015889 0.2707203 0.9572733 -0.1015931 0.2707527 0.9572733 -0.1015926 0.2707527 0.9572747 -0.1015948 0.2707466 0.9639881 -0.04958891 0.2612815 0.9614831 -0.09286206 0.2587024 0.9627536 -0.03232783 0.2684407 0.9572834 -0.1015909 0.2707173 0.9572829 -0.1015923 0.2707191 0.9572759 -0.1015887 0.2707449 0.9572772 -0.1015905 0.2707394 0.9572758 -0.1015866 0.2707459 0.9638594 -0.05266666 0.2611537 0.9616088 -0.09133464 0.2587789 0.9619712 -0.0323823 0.2712246 0.9619759 -0.1015598 0.2535508 0.9572834 -0.1015892 0.2707182 0.9572752 -0.1015925 0.2707459 0.9572736 -0.1015925 0.2707515 0.9572737 -0.101592 0.2707513 0.9638977 -0.05146682 0.2612518 0.9615674 -0.09192901 0.2587229 0.9622835 -0.03236168 0.2701174 0.9618269 -0.1015591 0.2541159 0.9572833 -0.1015886 0.2707185 0.9572754 -0.1015936 0.2707445 0.9572769 -0.1015946 0.2707388 0.9572769 -0.1015945 0.270739 0.9638977 -0.05146718 0.2612521 0.961566 -0.09192961 0.2587273 0.9622836 -0.03236168 0.2701171 0.9618271 -0.1015617 0.254114 0.957281 -0.1015911 0.2707259 0.9572763 -0.1015927 0.2707418 0.9572736 -0.1015908 0.2707517 0.9572745 -0.1015927 0.270748 0.9638601 -0.05264574 0.2611554 0.9616096 -0.09134554 0.258772 0.9619763 -0.03238695 0.2712062 0.9619746 -0.1015606 0.2535557 0.9572823 -0.101589 0.270722 0.957275 -0.1015918 0.2707466 0.9572749 -0.1015902 0.2707476 0.9572751 -0.101589 0.2707474 0.9638613 -0.05263239 0.2611538 0.9616078 -0.09135311 0.2587763 0.9619809 -0.03237915 0.2711904 0.9572826 -0.1015905 0.2707204 0.9572817 -0.101591 0.2707235 0.9572752 -0.1015912 0.2707461 0.9572746 -0.1015913 0.2707482 0.957274 -0.1015944 0.2707494 0.9638409 -0.05364429 0.2610233 0.9616363 -0.09085434 0.2588461 0.9617115 -0.03240704 0.2721413 0.9572821 -0.1015909 0.2707221 0.9572817 -0.1015919 0.2707231 0.9572742 -0.10159 0.2707504 0.9572738 -0.1015905 0.2707518 0.957275 -0.1015899 0.2707473 0.9638885 -0.05167084 0.2612451 0.9615728 -0.09183359 0.2587365 0.9622316 -0.03236597 0.2703015 0.9572831 -0.1015921 0.270718 0.957283 -0.1015916 0.2707186 0.9572769 -0.101591 0.2707404 0.9572729 -0.1015931 0.2707538 0.9572734 -0.1015914 0.2707524 0.9638894 -0.05167919 0.2612408 0.9615726 -0.0918281 0.2587389 0.9622298 -0.03236842 0.2703077 0.9572803 -0.1015904 0.2707281 0.9572795 -0.1015913 0.270731 0.9572753 -0.1015883 0.270747 0.9572746 -0.1015895 0.2707492 0.957275 -0.1015893 0.2707479 0.9638618 -0.05257564 0.2611635 0.9616023 -0.0913878 0.2587844 0.9619957 -0.03238445 0.2711377 0.9619625 -0.1015673 0.2535991 0.9572795 -0.1015942 0.2707301 0.9572762 -0.1015898 0.2707432 0.9572774 -0.1015906 0.2707386 0.9572756 -0.1015927 0.2707445 0.9639361 -0.05055969 0.2612871 0.9615256 -0.09238475 0.2587155 0.9625138 -0.03234595 0.2692975 0.9572797 -0.1015932 0.2707297 0.95728 -0.1015933 0.2707284 0.957275 -0.1015944 0.2707458 0.9572738 -0.1015928 0.2707505 0.9572749 -0.1015916 0.2707475 0.9639441 -0.05039864 0.2612886 0.9615176 -0.09246158 0.2587175 0.9625535 -0.03233963 0.2691561 0.9616932 -0.1015648 0.2546194 0.9572789 -0.10159 0.2707335 0.9572753 -0.1015905 0.2707461 0.9572753 -0.1015917 0.2707457 0.9572742 -0.1015956 0.270748 0.9572788 -0.1015903 0.2707338 0.9572773 -0.1015897 0.2707392 0.9572771 -0.101589 0.2707404 0.9572775 -0.101588 0.2707393 0.9572761 -0.1015921 0.2707429 0.9572771 -0.1015927 0.2707388 0.9572764 -0.1015915 0.2707419 0.9572814 -0.1015953 0.2707231 0.9572775 -0.1015942 0.2707372 0.9572769 -0.1015925 0.2707394 0.9572774 -0.1015911 0.2707388 0.9572783 -0.101589 0.270736 0.9572788 -0.1015914 0.2707334 0.957277 -0.1015918 0.2707397 0.957278 -0.1015907 0.2707368 0.9572767 -0.1015895 0.2707417 0.9572767 -0.1015921 0.2707408 0.9572781 -0.1015928 0.2707353 0.957277 -0.1015927 0.2707394 0.9572767 -0.1015946 0.2707396 0.9572764 -0.1015878 0.270743 0.9572775 -0.1015872 0.2707399 0.9572769 -0.1015868 0.2707419 0.9572784 -0.1015881 0.270736 0.9572796 -0.1015881 0.2707315 0.9572783 -0.1015852 0.2707374 0.9572775 -0.1015939 0.2707372 0.9572784 -0.1015941 0.2707336 0.9572765 -0.1015962 0.2707395 0.9572787 -0.1015899 0.2707347 0.9572767 -0.1015887 0.2707421 0.9572771 -0.1015896 0.2707403 0.9572833 -0.1015892 0.2707183 0.9572767 -0.101588 0.2707425 0.9572756 -0.10159 0.270745 0.9572763 -0.1015915 0.2707422 0.957276 -0.1015859 0.2707452 0.9572764 -0.1015843 0.2707447 0.9572795 -0.1015865 0.2707328 0.9572818 -0.1015877 0.2707241 0.9572808 -0.1015879 0.2707278 0.9572794 -0.101589 0.2707325 0.957278 -0.1015889 0.2707369 0.9572782 -0.1015899 0.2707359 0.9572781 -0.101591 0.270736 0.9572786 -0.1015903 0.2707343 0.9572795 -0.101592 0.2707305 0.9572791 -0.1015923 0.2707321 0.9572776 -0.1015927 0.2707373 0.9572769 -0.1015928 0.2707397 0.9572786 -0.1015918 0.2707341 0.9572787 -0.1015924 0.2707335 0.9572765 -0.1015901 0.2707421 0.9572764 -0.1015903 0.2707422 0.9572784 -0.1015918 0.2707349 0.9572784 -0.1015916 0.2707347 0.9572778 -0.1015893 0.2707375 0.9572806 -0.1015928 0.2707263 0.9572793 -0.101592 0.2707313 0.9572774 -0.1015937 0.2707376 0.9572774 -0.1015921 0.2707381 0.9572769 -0.1015912 0.2707401 0.9572772 -0.1015914 0.2707388 0.9572783 -0.1015933 0.2707344 0.9572786 -0.1015924 0.2707338 0.9572767 -0.1015939 0.2707399 0.9572798 -0.101589 0.2707311 0.9572802 -0.1015884 0.2707298 0.95728 -0.1015899 0.2707298 0.9572792 -0.1015863 0.270734 0.9572812 -0.101585 0.270727 0.9572802 -0.1015865 0.27073 0.9572745 -0.1015948 0.2707476 0.9572769 -0.1015893 0.2707408 0.957275 -0.1015887 0.2707479 0.9572757 -0.1015908 0.2707444 0.9572781 -0.1015944 0.2707349 0.957278 -0.1015868 0.270738 0.9572771 -0.1015857 0.2707412 0.9572759 -0.1015959 0.2707417 0.9572757 -0.1015935 0.2707434 0.9572787 -0.1015876 0.270735 0.9572788 -0.1015894 0.2707344 0.9572778 -0.1015896 0.2707376 0.9572792 -0.1015942 0.2707312 0.9572778 -0.1015923 0.2707369 0.9572769 -0.1015946 0.2707393 0.9572795 -0.1015906 0.270731 0.9572779 -0.1015874 0.270738 0.09110063 -0.01007312 0.9957908 0.04037684 -0.02932566 0.9987541 0.00471723 -0.9999889 2.6364e-4 0.007175505 -0.9999741 6.71044e-4 0.007922589 -0.9999687 2.70498e-4 0.007929861 -0.9999685 2.77784e-4 0.008216083 -0.999966 7.16912e-4 0.008203864 -0.9999662 7.16873e-4 0.0044595 -0.9999899 5.13658e-4 -0.002654314 0.9999966 -4.20835e-5 -0.002698779 0.9999964 -3.15636e-5 -0.002635121 0.9999966 -5.18789e-6 0.003775238 -0.999993 3.6057e-5 0.003727436 -0.9999931 3.47112e-4 0.003771901 -0.999993 2.78059e-5 0.003726661 -0.999993 3.04135e-4 0.08943128 0.01646482 -0.9958569 0.09223943 -0.009900331 0.9956877 0.03913158 -0.0292952 0.9988046 0.007779836 -0.9999697 2.75453e-4 0.008054196 -0.9999673 7.16773e-4 0.004245162 -0.9999909 3.15526e-4 0.004470944 -0.9999901 5.63035e-5 0.08947312 0.01634955 -0.995855 -0.003832042 0.9999926 -6.35366e-4 -0.008427858 0.9999644 -3.49856e-4 0.003739774 -0.999993 2.7938e-5 0.003695666 -0.9999932 3.01269e-4 0.00383538 -0.9999927 1.11034e-4 0.008562505 -0.9999634 1.53774e-4 0.009615659 -0.9999539 7.75004e-5 0.009968757 -0.9999504 0 -0.002755403 0.9999963 -4.51364e-5 -0.003018975 0.9999955 -8.76068e-5 -0.002724826 0.9999963 -5.0677e-5 -0.002726674 0.9999963 -2.10836e-5 -0.002654314 0.9999966 -1.42587e-5 -0.002698779 0.9999964 -3.88041e-5 -0.002635121 0.9999966 -3.69369e-5 -0.002653777 0.9999965 -9.52352e-6 -0.002646327 0.9999966 -7.19189e-5 -0.002641677 0.9999966 -9.90407e-5 -0.002708435 0.9999964 -7.74771e-6 -0.002693235 0.9999964 -8.05306e-5 0.008654773 -0.9999626 1.16592e-4 0.009635627 -0.9999536 7.28046e-5 0.00996387 -0.9999504 0 -0.003135383 0.9999952 -4.86363e-5 -0.0032112 0.9999947 -6.32395e-4 -0.003047585 0.9999954 -8.05216e-5 -0.003363072 0.9999944 -2.50648e-5 -0.003452718 0.9999939 -6.1594e-4 0.004289686 -0.9999908 3.35298e-4 0.00452423 -0.9999899 4.37401e-5 0.004716336 -0.9999889 2.63971e-4 0.007162392 -0.9999741 6.342e-4 -0.00264275 0.9999966 -1.48777e-6 -0.00263822 0.9999966 -2.75867e-5 -0.002636671 0.9999966 -1.54734e-5 0.008110105 -0.9999669 7.12417e-4 0.0044595 -0.9999899 5.10201e-4 -0.002620697 0.9999966 1.38563e-5 -0.0026564 0.9999966 -3.87226e-5 -0.003108739 0.9999952 -1.53337e-5 -0.003187596 0.9999948 -6.26294e-4 -0.003019332 0.9999955 -8.86375e-5 0.003751754 -0.999993 2.9625e-5 0.00370711 -0.9999931 3.14466e-4 0.09113168 -0.01007044 0.995788 0.04034757 -0.02932786 0.9987553 0.08689361 -0.01086252 0.9961584 0.04508709 -0.02944076 0.9985492 0.003838598 -0.9999927 1.10977e-4 0.004201769 -0.9999911 3.12565e-4 0.004423797 -0.9999902 4.49984e-5 0.008203864 -0.9999661 7.3841e-4 -0.003714144 0.999993 -6.73747e-4 -0.008368313 0.999965 -3.56908e-4 -0.002756237 0.9999963 -2.76015e-5 -0.003030717 0.9999955 -5.28257e-5 -0.002724766 0.9999963 -6.09434e-5 -0.003962039 0.9999921 -6.01203e-4 -0.00846076 0.9999642 -3.45153e-4 0.003771901 -0.999993 2.76525e-5 0.003726661 -0.9999931 3.03322e-4 0.08943349 0.01646196 -0.9958568 0.08925855 0.01690059 -0.9958651 -0.002726674 0.9999963 -2.50259e-6 -0.002683818 0.9999965 -1.70083e-5 -0.002736091 0.9999963 -5.66679e-5 0.08826684 -0.01057714 0.9960407 0.04354512 -0.02940481 0.9986187 0.0893194 0.01675707 -0.9958621 -0.003698945 0.999993 -6.32148e-4 -0.008394837 0.9999647 -3.63955e-4 0.008562624 -0.9999634 1.53778e-4 0.00961554 -0.9999539 7.75002e-5 0.009968519 -0.9999504 0 -0.002681195 0.9999965 5.95654e-7 -0.002667546 0.9999966 6.19264e-6 0.008210897 -0.9999663 1.94481e-4 0.009509563 -0.9999549 9.86279e-5 0.009947896 -0.9999505 0 0.004200935 -0.9999911 3.06628e-4 0.004423916 -0.9999902 3.9351e-5 -0.003277719 0.9999946 -1.33743e-5 -0.003359615 0.9999943 -6.06069e-4 -0.003168642 0.999995 -8.44597e-5 0.004780352 -0.9999886 2.5142e-4 0.007300436 -0.9999732 6.76756e-4 0.004512786 -0.9999897 5.35225e-4 -0.002642095 0.9999966 -2.97541e-6 -0.00263065 0.9999966 -3.0946e-5 -0.002687036 0.9999965 -1.57707e-5 -0.002737045 0.9999963 -4.19636e-5 -0.002665281 0.9999966 -3.50799e-5 0.008340775 -0.9999653 1.90344e-4 0.009568035 -0.9999542 8.92376e-5 0.009981334 -0.9999502 0 -0.003112733 0.9999952 -1.96357e-5 -0.003183543 0.9999948 -5.89695e-4 0.004239797 -0.9999909 3.10753e-4 0.004467844 -0.9999901 5.59428e-5 0.08864724 -0.01050215 0.9960078 0.04310113 -0.02939164 0.9986384 0.007842719 -0.9999693 2.74448e-4 0.008115828 -0.9999669 7.23734e-4 0.007755935 -0.9999697 7.15563e-4 -0.002694308 0.9999964 -2.12461e-5 -0.002674162 0.9999964 -5.40456e-5 0.003755033 -0.999993 3.17633e-5 0.003707945 -0.9999931 3.2295e-4 -0.003864228 0.9999924 -6.21363e-4 -0.008436262 0.9999644 -3.569e-4 0.00367552 -0.9999933 3.2317e-5 0.003633677 -0.9999933 3.17348e-4 -0.002675712 0.9999964 -4.92457e-6 -0.002654373 0.9999966 -1.39968e-5 -0.002698898 0.9999964 -5.03583e-5 0.08933466 0.01671665 -0.9958615 0.09047961 -0.01017564 0.9958464 0.04107367 -0.02934271 0.9987252 0.007879376 -0.9999687 7.27245e-4 0.08941018 0.01652842 -0.9958578 -0.003683924 0.999993 -6.50504e-4 -0.008390724 0.9999648 -3.59258e-4 0.003799855 -0.9999928 1.08597e-4 0.004152119 -0.9999914 2.94659e-4 0.004367709 -0.9999905 3.98046e-5 0.00369966 -0.9999932 3.18781e-5 0.003656923 -0.9999933 3.17156e-4 0.003792166 -0.9999929 1.07328e-4 0.008354067 -0.9999652 1.67141e-4 0.009510874 -0.9999548 8.4542e-5 0.009900212 -0.9999511 0 0.004667162 -0.9999891 2.38632e-4 0.007053494 -0.999975 6.34483e-4 0.007779717 -0.9999697 2.74139e-4 0.004651963 -0.9999892 2.33592e-4 0.007009565 -0.9999753 6.27302e-4 0.00441277 -0.9999902 4.99539e-4 -0.002721607 0.9999963 -1.75237e-5 -0.002783834 0.9999961 -5.11698e-5 0.004400193 -0.9999902 5.25501e-4 -0.002638876 0.9999966 -5.95071e-7 -0.002632975 0.9999966 -6.18908e-6 0.008504509 -0.9999639 1.44321e-4 0.00957334 -0.9999542 7.2802e-5 0.009931981 -0.9999508 0 -0.003103256 0.9999952 -4.65306e-5 -0.003177523 0.9999948 -6.24814e-4 0.004145562 -0.9999915 2.977e-4 -0.002803564 0.9999961 -3.39696e-5 -0.002766609 0.9999962 -8.46765e-5 -0.00282377 0.999996 -3.81262e-5 -0.00278443 0.9999961 -5.27039e-5 0.007626831 -0.999971 2.54923e-4 0.007898569 -0.9999687 6.88404e-4 -0.002768814 0.9999963 -7.49121e-6 -0.002728998 0.9999963 -2.1031e-5 -0.002786636 0.9999961 -2.04395e-6 0.003707647 -0.9999932 3.14255e-5 0.003664553 -0.9999933 3.16889e-4 0.09012895 -0.01023542 0.9958776 0.04146665 -0.02935189 0.9987087 0.008054077 -0.9999673 7.10169e-4 0.08939832 0.01656609 -0.9958582 -0.003680765 0.999993 -6.77421e-4 -0.008360326 0.999965 -3.5926e-4 0.003743052 -0.9999931 3.69451e-5 0.003696382 -0.9999932 3.46843e-4 0.004667162 -0.9999891 2.38634e-4 0.007053613 -0.999975 6.37116e-4 0.004651844 -0.9999892 2.35566e-4 0.007008612 -0.9999753 6.33229e-4 0.004412829 -0.9999902 4.94939e-4 0.004400074 -0.9999902 4.99881e-4 0.004707515 -0.9999889 2.41779e-4 0.007119476 -0.9999746 6.5171e-4 -0.002638816 0.9999966 5.95052e-7 -0.002632975 0.9999966 6.18897e-6 0.008485019 -0.999964 1.6751e-4 0.009569406 -0.9999543 8.45438e-5 0.009933471 -0.9999508 0 0.004454135 -0.9999901 4.13446e-5 0.004443109 -0.9999901 5.10801e-4 -0.003102958 0.9999952 -3.4388e-5 -0.003177344 0.9999948 -6.2999e-4 -0.003016829 0.9999955 -8.72594e-5 -0.002773284 0.9999963 -6.55432e-5 -0.002741038 0.9999963 -1.00559e-4 -0.002796292 0.9999962 -7.29064e-5 -0.003114461 0.9999952 -7.26142e-5 -0.00276345 0.9999963 -7.49304e-5 -0.00282377 0.999996 -3.58895e-5 -0.00278449 0.9999961 -8.21681e-5 -0.002673327 0.9999965 -2.23313e-6 -0.002660095 0.9999966 -2.3219e-5 -0.002743184 0.9999963 -4.10624e-5 -0.002713263 0.9999964 -7.08496e-5 -0.002765774 0.9999962 -3.37181e-5 -0.002786636 0.9999961 -6.81332e-6 -0.003215014 0.9999949 -2.78115e-5 -0.003293991 0.9999944 -6.02365e-4 0.09406948 -0.009647011 0.9955189 0.03708648 -0.02924525 0.9988841 0.0868901 -0.01086282 0.9961587 0.04508751 -0.02944141 0.9985492 0.008028745 -0.9999675 7.20325e-4 0.004767596 -0.9999886 2.88032e-4 0.007300794 -0.9999731 6.83652e-4 0.008085668 -0.9999673 3.17443e-4 0.004716753 -0.9999889 2.64944e-4 0.007162511 -0.9999741 6.63432e-4 0.004604041 -0.9999894 2.31429e-4 0.006917238 -0.999976 5.94683e-4 -0.003680527 0.9999931 -6.50393e-4 -0.008360207 0.9999651 -3.59261e-4 0.003735065 -0.999993 2.80868e-5 0.003688693 -0.9999932 3.02761e-4 0.08953672 0.01616483 -0.9958524 0.004518032 -0.9999898 7.91193e-5 0.004506528 -0.9999897 5.30272e-4 0.004456579 -0.9999901 5.08876e-4 0.08925831 0.01690047 -0.9958651 0.004357039 -0.9999905 4.74977e-4 0.08854502 -0.01052439 0.9960167 0.04324424 -0.02939689 0.998632 0.08933222 0.01672822 -0.9958614 0.008852779 -0.9999609 1.40469e-4 0.009679734 -0.9999532 5.63672e-5 0.009955704 -0.9999505 0 -0.003796398 0.9999927 -6.43557e-4 -0.008388936 0.9999648 -3.54554e-4 -0.002661645 0.9999965 -6.25118e-6 -0.002649068 0.9999966 -6.50037e-5 0.008210957 -0.9999663 1.80592e-4 0.009509563 -0.9999549 9.1584e-5 0.009947836 -0.9999505 0 -0.003176808 0.999995 -3.24088e-5 -0.003250122 0.9999946 -6.16367e-4 -0.002696156 0.9999964 -6.16747e-5 -0.002673208 0.9999964 -4.72458e-5 -0.002755463 0.9999963 -2.8224e-5 -0.002724885 0.9999963 -7.42605e-5 -0.002857565 0.999996 -4.00636e-5 -0.002817809 0.9999961 -5.01959e-5 -0.002674996 0.9999964 -3.35429e-5 -0.002654731 0.9999965 -2.59243e-5 -0.002726793 0.9999963 -6.80219e-6 -0.002820193 0.9999961 -6.22546e-6 -0.002642095 0.9999966 -4.26772e-5 -0.00263065 0.9999966 3.40403e-5 0.008356332 -0.9999651 1.76398e-4 0.009541451 -0.9999545 8.92381e-5 0.009940445 -0.9999506 0 -0.003103375 0.9999952 -3.43957e-5 -0.00317794 0.9999948 -6.30047e-4 0.00838834 -0.9999645 7.4924e-4 0.08984667 -0.01028329 0.9959025 0.04177665 -0.02936094 0.9986955 0.004688024 -0.999989 2.77632e-4 0.007111489 -0.9999746 6.37022e-4 0.004604637 -0.9999894 2.32402e-4 0.006928741 -0.9999759 6.00232e-4 0.007635772 -0.9999709 2.57467e-4 0.007750391 -0.9999698 7.32464e-4 0.004723906 -0.9999889 2.41889e-4 0.007177948 -0.9999741 6.41446e-4 0.004222273 -0.9999911 3.17738e-4 0.00381112 -0.9999927 3.8529e-5 0.003762066 -0.9999929 3.64465e-4 0.003911077 -0.9999924 1.17847e-4 0.004433453 -0.9999901 5.03605e-4 -0.003747284 0.9999928 -6.47258e-4 -0.008376538 0.999965 -3.56907e-4 0.004356741 -0.9999905 4.75956e-4 0.003679394 -0.9999933 3.17074e-5 0.003637254 -0.9999933 3.12698e-4 0.004462897 -0.9999899 5.15537e-4 -0.002666831 0.9999966 -1.49997e-5 0.08938235 0.01659274 -0.9958592 0.09407776 -0.009645819 0.9955182 0.03708177 -0.02924442 0.9988843 0.007903575 -0.9999685 7.01513e-4 0.08953863 0.0161637 -0.9958522 -0.003683865 0.999993 -6.50492e-4 -0.008390724 0.9999648 -3.59259e-4 0.004291355 -0.9999908 3.30999e-4 0.003706991 -0.9999932 3.21868e-5 0.003661692 -0.9999933 3.19502e-4 0.009561181 -0.9999543 7.98467e-5 0.009934544 -0.9999507 0 -0.002784252 0.9999961 -3.04773e-5 -0.003098189 0.9999952 -6.14593e-5 -0.002752244 0.9999963 -5.15691e-5 -0.002863287 0.9999959 -4.13518e-5 -0.002820134 0.9999961 -8.48674e-5 -0.002744078 0.9999963 -2.44129e-5 -0.002716779 0.9999963 -2.997e-5 -0.002754211 0.9999963 -3.06315e-6 -0.002822756 0.9999961 -6.47887e-6 -0.002718269 0.9999964 -5.53715e-6 -0.002617478 0.9999966 -1.29858e-5 -0.002661585 0.9999965 -3.2744e-6 -0.002649068 0.9999966 -3.40493e-5 -0.002730429 0.9999964 -8.64765e-6 -0.002719104 0.9999963 -8.98584e-5 0.009636878 -0.9999536 5.6367e-5 0.009916305 -0.9999508 0 -0.003191947 0.9999949 -2.31482e-5 0 0 -1 0 0 -1 0.9926061 -0.1213806 0 0.9974865 -0.07085728 0 0.002042889 -0.001366436 0.9999971 0.004345834 -5.28458e-4 0.9999904 -0.9926094 0.1213538 0 0.9925947 -0.121474 5.6552e-7 0.9925947 -0.1214737 0 8.32397e-4 -1.0253e-4 0.9999997 0.9925947 -0.1214739 0 -0.9926245 0.1210115 0.007266342 -0.9926497 0.1210139 0.001516163 0 0 1 -0.9945162 0.104583 0 0.9925947 -0.121474 6.84992e-7 -0.9926248 0.1210101 0.007263183 -0.9926496 0.1210144 0.001511216 -0.9945162 0.1045826 0 0.9925947 -0.121474 -6.11739e-7 0 0 1 3.41621e-7 0 1 0 0 -1 0.002086877 -2.53243e-4 0.9999978 -0.002195179 2.68313e-4 -0.9999976 0.9925947 -0.1214739 -4.92618e-7 0 0 -1 0 0 -1 -0.9926497 0.1210137 0.001513063 -0.004344582 5.28317e-4 -0.9999905 4.21038e-7 0 1 -0.002206325 3.89404e-4 -0.9999975 0 0 -1 0.007032811 -8.60722e-4 0.999975 0.002020716 -3.44038e-4 0.999998 0 0 -1 -0.9926094 0.1213537 0 -0.9854654 0.1698771 0 0 0 -1 -0.990453 0.1378513 0 0.9856938 -0.1685461 -7.96353e-7 0.9856938 -0.1685467 0 0.9856938 -0.1685461 6.98749e-7 0 0 -1 0 0 1 0 0 1 0.004318118 -7.50888e-4 0.9999905 -1.40049e-7 0 1 0.9925947 -0.1214738 0 0.9856937 -0.1685467 -7.86819e-7 0 0 -1 0 0 -1 -0.9849745 0.1726936 0.001513838 -0.9849489 0.1726933 0.007260262 -0.9904529 0.1378516 0 -0.9849491 0.1726918 0.007262527 -0.9849732 0.1727012 0.001522898 0.9856938 -0.1685466 6.54772e-7 0.9856938 -0.1685467 0 -0.9849725 0.1727042 0.001525819 -0.004317283 7.50683e-4 -0.9999905 8.67409e-4 -1.57297e-4 0.9999997 0 0 1 6.94562e-7 0 1 2.94612e-7 0 1 1.23937e-7 0 1 0.9926061 -0.1213806 0 0.9855133 -0.1695984 0 0 0 -1 0 0 -1 0 0 -1 -0.9742627 0.2254158 4.36935e-5 -0.9063238 0.4225842 5.63899e-7 -0.9742636 0.225412 4.40701e-5 0 0 -1 0 0 -1 0.9758529 -0.2184287 -6.37808e-7 0.9086337 -0.417594 0 0.975853 -0.2184286 0 -0.9659281 0.2588105 0 0.975853 -0.2184286 5.43499e-7 0.9086339 -0.4175937 -7.59415e-7 0.975853 -0.2184283 5.13603e-7 0 0 1 0 0 1 0 0 1 0.9086342 -0.417593 6.6976e-7 0.9758531 -0.2184283 -5.71519e-7 0 0 -1 0 0 -1 0.00427407 -0.001068234 0.9999903 0.001074671 -5.10569e-4 0.9999994 0.003939211 -0.001903414 0.9999905 3.00772e-7 0 1 0 0 1 0 0 1 0.9758531 -0.2184284 0 0.9086336 -0.4175943 -8.74765e-7 0 0 -1 0 0 -1 0 0 -1 -0.9705306 0.2408711 0.007182061 -0.9011126 0.4335827 0.001514136 -0.9011008 0.4335488 0.007275223 -0.9659281 0.2588106 0 -0.9705453 0.2409141 0.001504242 -0.9010633 0.4336269 0.007270455 -0.9011014 0.4336059 0.001512348 0.9086334 -0.417595 7.82744e-7 -0.9705187 0.2409188 0.007184147 0.975853 -0.2184285 0 0.908634 -0.4175938 0 -0.9705425 0.2409257 0.00151056 -0.9010952 0.4336188 0.001505792 0 0 -1 -0.00427401 0.001068234 -0.9999903 -0.002188265 0.001047134 -0.9999971 -0.002185165 5.34659e-4 -0.9999975 8.5603e-4 -2.05569e-4 0.9999997 0.001449286 -6.98922e-4 0.9999988 7.16661e-7 0 1 -4.81255e-7 0 1 -5.72391e-7 0 1 5.60386e-7 0 1 1.63478e-7 0 1 0.9746055 -0.2239293 0 0.906817 -0.4215247 0 0.9746055 -0.2239293 0 0 0 -1 0.002019762 -4.92827e-4 0.9999979 0.006387293 -0.003018438 0.9999751 0 0 1 -5.37262e-7 0 1 0.9068167 -0.4215252 0 0.8133552 -0.5817674 0 -0.001693367 0.001208007 -0.9999979 0 0 -1 0.001970946 -0.001408815 0.9999971 0 0 -1 -0.9063236 0.4225844 0 -0.8134121 0.581688 0 0 0 -1 0.8131539 -0.5820489 0 -0.8136709 0.5813258 0 0.8131533 -0.5820496 -2.89497e-6 0 0 1 0.8131533 -0.5820496 2.58209e-6 0 0 -1 0.003573834 -0.002549767 0.9999905 0 0 1 0.9086341 -0.4175934 0 0.8131532 -0.5820497 -2.92397e-6 0 0 -1 0 0 -1 -0.8141245 0.5806451 0.007250607 -0.8141454 0.5806592 0.001544296 0.8131537 -0.5820491 2.61111e-6 -0.8141248 0.5806447 0.007255434 0.8131535 -0.5820494 0 -0.8141455 0.5806589 0.001570403 -0.003573596 0.002549231 -0.9999905 5.00221e-4 -3.56605e-4 0.9999998 0.9855133 -0.1695983 0 7.40448e-7 0 1 4.53203e-7 0 1 7.40005e-7 0 1 7.25121e-7 0 1 -0.9789777 0.2039675 0 -0.9705528 0.2408843 0.001496076 0.9856938 -0.1685467 0 1.60394e-7 0 1 0 0 1 -0.9789777 0.2039676 0 -0.9854654 0.1698771 1.76276e-7 0.006942451 -0.001642882 0.9999746 0.006988465 -0.001221776 0.9999749 -0.9993164 0.03697174 0 -0.0369724 -0.9993163 0 -0.03697228 -0.9993163 0 0.9993164 -0.03697192 0 -0.03703385 -0.999314 0 -0.9993163 0.03697293 0 1.41467e-6 0 1 -0.06952136 -0.9975802 8.60511e-4 -0.9990723 0.04306477 -4.48262e-4 -0.9981486 0.06082397 3.00026e-6 0.9981126 -0.06141108 6.50528e-5 0 0 -1 -0.03099966 -0.9995194 -6.54974e-5 -0.03135019 0.001159787 0.9995078 0.03125053 -0.001321792 -0.9995108 0.03103613 0.9995183 0 0.03103613 0.9995183 5.12508e-6 -0.9993163 0.03697073 0 -0.03697037 -0.9993165 0 -0.03099995 -0.9995194 0 -0.03100675 -0.9995192 -3.73273e-7 0.03103613 0.9995183 2.07634e-5 -0.03697627 -0.9993162 0 0 0 1 -0.03698879 -0.9993157 0 2.63284e-7 0 1 -0.0292055 -0.9995735 0 -0.09567087 -0.995413 0 -0.9978191 0.06600815 0 0.998901 -0.04687154 0 1.45669e-7 5.85668e-7 -1 -0.9949876 0.09999954 0 0.9944386 -0.1053186 0 0 -5.83005e-7 -1 -0.5945256 -0.8040767 0 0.2824587 0.9592795 0 5.48063e-7 0 1 -0.8946999 0.4466678 0 2.59117e-6 5.04388e-7 -1 -0.815697 -0.5784795 0 -0.6977443 0.716347 0 0.6987583 -0.7153578 0 -9.90146e-7 -4.42783e-7 -1 -5.8262e-7 0 1 -0.4646069 0.8855171 0 -2.26482e-7 0 -1 1.2238e-6 0 1 -0.267471 0.9635659 0 0.2701702 -0.9628127 0 8.33567e-7 0 -1 -0.1158677 -0.9932647 0 -0.9628248 0.2701268 0 -0.1379441 -0.9904401 0 -2.53329e-7 0 1 0.3124597 0.949931 0 -0.3131434 -0.949706 0 -1.53802e-6 -1.32671e-7 -1 -0.8683577 0.4959385 0 0.4249489 0.9052173 0 1.61953e-6 -2.26958e-7 -1 -0.7434026 0.6688442 0 -2.97985e-7 0 1 0.5789786 0.8153427 0 -0.5811206 -0.8138176 0 -2.61248e-6 0 -1 -5.71983e-7 0 1 -0.2524964 0.967598 0 1.12464e-6 -2.96561e-7 1 0.9173285 0.3981311 0 -0.917603 -0.3974985 0 9.74978e-7 -6.38396e-7 -1 0 4.61293e-7 1 0.994208 0.1074728 0 -0.9939043 -0.1102471 0 0 0 -1 0.234858 0.9720297 0 5.22266e-7 0 1 0.990246 -0.1393299 0 -0.9906075 0.1367365 0 0 0 -1 0.3593708 0.9331949 0 -3.15905e-7 0 1 0.9522271 -0.3053907 0 -0.9527273 0.3038268 0 0 0 -1 0.415497 0.9095947 0 -3.33447e-7 0 1 0.9193122 -0.3935292 0 -0.9195689 0.392929 0 0 1.21403e-7 -1 0.4203321 0.9073703 0 -0.906482 0.4222445 0 -7.05366e-7 1.30241e-7 -1 0.3841042 0.9232898 0 -3.63761e-7 -5.10311e-7 1 0.9139753 -0.4057698 0 -0.9138645 0.4060193 0 0 1.25183e-7 -1 1.12982e-6 4.28968e-7 1 0.9361534 -0.3515918 0 -0.9359964 0.3520098 0 0 0 -1 -0.3126689 -0.9498623 0 -3.85783e-7 0 1 0.9639602 -0.2660466 0 -0.9638776 0.2663459 0 0 4.87731e-7 -1 0.1205234 0.9927105 0 0.9860299 -0.1665686 0 -0.9860841 0.1662479 0 -3.24096e-7 0 -1 0.05283999 0.998603 0 0.9964995 -0.08359932 0 0.01686656 0.9998578 0 -7.25104e-7 0 1 0.9994997 -0.03162866 0 -0.9995065 0.03141599 0 -2.12717e-7 0 -1 0.00426352 0.999991 0 0.9999682 -0.007987082 0 0 0 -1 0.005605697 0.9999844 0 0.9999941 -0.003459513 0 -0.999994 0.003461956 0 1.59246e-7 -5.43351e-7 -1 0.01437956 0.9998967 0 0.9999598 -0.00896281 0 -1.09448e-6 5.49717e-7 -1 0.999808 -0.01959866 0 -0.9998077 0.01961475 0 0 0 -1 0.02755492 0.9996204 0 0.9998506 0.01728808 0 -0.9998531 -0.01714205 0 -1.47345e-7 0 -1 -0.9999986 0.001666069 0 0.9999997 -8.93276e-4 0 4.09159e-4 0.0148431 -0.9998898 -5.35835e-4 -0.01447784 0.9998951 0.0143693 -0.005805969 -0.99988 -0.9987425 0.05013567 0 -0.4559541 0.8900033 0 0.5427896 0.8398688 0 0.9987425 -0.05013602 0 0.5038679 -0.8637807 0 -0.0366317 -0.9993289 0 -0.5954147 -0.8034186 0 0.5427983 0.8398631 0 -0.4559383 0.8900114 0 -0.8398615 0.5428009 0 -0.8900102 -0.4559408 0 -0.05015289 -0.9987416 0 0.8398622 -0.5427996 0 -0.9993172 0.03694796 0 0.01047706 -3.87375e-4 0.9999451 0.9993172 -0.03694796 0 0.002774059 -1.02558e-4 -0.9999963 0.9088002 0.4172316 0 0.8157339 -0.5784274 0 0.4172302 -0.908801 0 -0.09306001 -0.9956606 0 -0.9088008 -0.4172302 0 -0.8460981 0.5330273 0 -0.4294762 0.9030781 0 0.156578 0.9876657 0 -0.09308564 -0.9956582 0 0.8157295 -0.5784336 0 0.995659 -0.09307616 0 0.5784399 0.815725 0 -0.9956588 0.09307825 0 -0.9997655 0.02165508 0 0.9127255 0.4085735 0 0.003872394 2.32767e-4 0.9999925 -0.001537144 -0.00110203 -0.9999982 -0.9834395 -0.1812372 0 -0.001982629 -0.06785047 -0.9976935 0.9960042 0.08930611 0 -0.002633094 -0.09010577 0.9959288 0 0 -1 0.0897656 -0.995963 0 -5.21141e-4 1.92816e-5 1 -0.757297 0.6530706 0 0.002695083 -9.97085e-5 -0.9999964 -0.04288303 -0.9990802 0 0.07954376 -0.9968314 0 0 0 -1 0.886381 0.4629564 0 -5.21044e-4 1.92815e-5 1 -0.7572972 0.6530704 0 0.002695024 -9.97098e-5 -0.9999964 -0.04513281 -0.998981 1.31325e-6 -0.9993124 0.03707969 0 0.03814554 0.9992722 -4.16562e-5 3.23846e-4 -2.71693e-5 1 -0.9993125 0.03707838 0 3.10341e-4 -1.49605e-4 1 0.03814685 0.9992722 1.66383e-5 -0.03814578 -0.9992722 0 0.9993164 -0.03697013 0 -0.02298331 -0.999736 0 0.02298331 0.9997359 0 -0.999312 0.03708934 0 -0.9993128 0.03706991 0 6.58445e-4 -1.6273e-4 0.9999998 -0.9993125 0.03707844 0 -3.2636e-4 1.9646e-5 -1 0.9993163 -0.03697246 0 0.9993163 -0.0369727 -4.01067e-5 -0.9993124 0.03707909 0 0.9993163 -0.03697228 0 0.9993164 -0.03697192 -3.83886e-5 -0.9993124 0.0370776 0 0.9993163 -0.03697282 0 0.9993163 -0.03697228 -4.01953e-5 0.03703403 0.999314 4.36842e-5 -0.01010084 0.999949 0 0.09005397 0.01949715 -0.995746 -0.9993125 0.03707736 0 0.9993163 -0.03697282 0 0.9993163 -0.03697293 -4.08012e-5 0.09019815 0.01948052 -0.9957334 -0.9993125 0.0370779 0 0.9993163 -0.03697311 -1.48341e-5 0.9993163 -0.03697293 -4.03186e-5 -0.01008176 0.9999492 0 -0.9993124 0.037081 0 -5.9442e-4 1.60058e-4 -0.9999999 0.9993163 -0.03697311 0 0.9993163 -0.03697293 -4.04842e-5 0.03703415 0.999314 -8.73818e-5 -0.9993125 0.03707814 0 0.9993163 -0.03697186 0 0.9993163 -0.03697252 -3.9332e-5 -0.9993124 0.03707998 0 0.9993163 -0.03697186 0 0.9993164 -0.03697162 -3.32925e-5 0.03703343 0.9993141 4.36881e-5 -0.9993123 0.0370813 0 0.9993163 -0.03697377 0 0.9993163 -0.03697276 -3.27665e-5 -0.0100758 0.9999493 0 -0.9993124 0.03707927 0 0.9993163 -0.03697282 -3.34692e-5 0.003702282 -0.9999932 3.01754e-4 -0.9993124 0.03707784 0 0.9993163 -0.03697305 -5.58095e-6 0.9993164 -0.03697156 -2.99842e-5 -0.9993125 0.037077 0 3.58189e-4 -2.85522e-5 1 -0.01006799 0.9999493 0 0.09019732 0.01948231 -0.9957334 -0.01014161 0.9999486 0 0.9993163 -0.03697365 -5.72991e-6 -0.9993124 0.03707814 0 0.9993163 -0.03697288 -7.05172e-6 0.9993163 -0.03697276 -2.76296e-5 0.00368154 -0.9999932 3.23711e-4 0.003658413 -0.9999933 3.83262e-4 -0.9993124 0.03707873 0 -3.5972e-4 2.08937e-5 -1 0.9993164 -0.0369721 0 0.9993163 -0.03697222 -2.33751e-5 -0.9993124 0.03707867 0 0.9993163 -0.03697323 -7.23802e-6 0.9993164 -0.03697216 -2.2636e-5 -0.9993124 0.03707921 0 0.9993163 -0.03697192 0 -0.9993124 0.03707814 0 0.9993163 -0.0369724 -5.72096e-6 -0.9993124 0.03707844 0 0.9993163 -0.0369724 0 0.03700786 0.999315 8.73727e-5 -0.9993125 0.0370773 0 -7.38095e-4 1.65263e-4 -0.9999998 0.9993163 -0.03697264 0 0.003698587 -0.9999932 3.69325e-4 -0.9993123 0.03707981 0 0.9993163 -0.03697258 0 0.9993164 -0.03697192 -1.96533e-5 -0.0100829 0.9999492 0 0.09019374 0.01948446 -0.9957336 -0.9993125 0.03707653 0 4.94212e-4 -3.35219e-5 1 0.08999913 0.01950258 -0.995751 -0.9993123 0.03707975 0 0.9993163 -0.0369721 0 -0.03696984 -0.9993164 0 -0.03696972 -0.9993164 0 -0.9993138 0.03702503 9.97154e-4 0.9993162 -0.03697586 0 0.9993163 -0.03697293 0 -4.96593e-4 2.60884e-5 -0.9999999 -2.49713e-4 1.47398e-4 -1 -4.30198e-5 1.39644e-4 -1 -8.67035e-6 1.38369e-4 -1 0.9993161 -0.03697824 0 0 0 1 -0.9973868 0.07223242 0.001512527 -8.77672e-4 1.70743e-4 -0.9999997 5.29254e-4 -3.47924e-5 0.9999999 -3.88257e-4 1.52488e-4 -1 -5.31393e-4 2.72638e-5 -1 0.9993163 -0.03697228 -7.19475e-6 -0.9992881 0.03704226 0.007157385 0.003635704 -0.9999933 3.45451e-4 -0.03703427 -0.9993141 0 -0.9992903 0.03704017 0.006866693 -0.9992923 0.03704142 0.00655514 -0.03708612 -0.9993122 0 -0.9992942 0.03704154 0.00625503 -0.999296 0.03704172 0.005951404 0.03703367 0.999314 0 -0.9992978 0.03704226 0.005639016 -0.9992995 0.03704297 0.00533688 -0.9993011 0.03704094 0.005035161 -0.01008468 0.9999492 0 0.03700816 0.999315 0 -0.9993026 0.0370419 0.004733622 0.09018385 0.01948404 -0.9957346 -0.9993038 0.03704303 0.004434227 0.08989411 0.01951366 -0.9957602 0.09014725 0.01948869 -0.9957377 3.92215e-4 -2.97447e-5 1 -0.9993052 0.0370422 0.004141271 -0.9993094 0.03704208 0.002960324 0.003662228 -0.9999933 4.13128e-4 -0.01007616 0.9999493 0 -0.9993102 0.03704005 0.002683877 0.03703427 0.9993141 4.36841e-5 -0.9993109 0.03704249 0.002390325 -0.9993116 0.0370444 0.002077639 5.6438e-4 -3.61872e-5 0.9999999 -0.9993122 0.037041 0.001786768 -3.93999e-4 2.21892e-5 -1 -0.9993126 0.03704375 0.001488685 0.03700786 0.999315 0 -0.9993131 0.03704237 0.001184403 9.90808e-4 -3.67001e-5 0.9999995 -6.28577e-4 1.61243e-4 -0.9999999 -0.9993134 0.03704285 8.85882e-4 -0.9993135 0.03704291 5.8199e-4 -0.01007443 0.9999493 0 -0.9993136 0.03704249 5.19531e-4 -5.66113e-4 2.85517e-5 -0.9999998 -0.9993137 0.03704267 2.52769e-4 -0.9992859 0.0370413 0.007471263 -0.9993085 0.03704112 0.003249228 -0.03703463 -0.9993141 0 -0.999316 0.03697711 3.73816e-4 -0.9993157 0.0369777 8.70312e-4 -0.9993162 0.03697466 2.6054e-5 -0.9993162 0.03697514 5.07718e-5 -0.0370078 -0.999315 0 -0.9993162 0.03697544 8.73355e-5 -0.9993162 0.03697609 1.4028e-4 -0.9993162 0.03697568 1.66727e-4 -0.9993162 0.03697639 2.03355e-4 -0.9993163 0.03697419 2.181e-4 -0.9993162 0.03697603 2.43112e-4 -0.9993162 0.03697621 2.81243e-4 0.03703385 0.9993141 0 -0.9993162 0.03697586 3.08768e-4 -0.999316 0.03697794 3.31006e-4 -0.9993161 0.03697538 4.85194e-4 -0.999316 0.03697592 5.26983e-4 -0.999316 0.03697478 5.52674e-4 -0.9993161 0.03697514 5.87854e-4 -0.999316 0.03697454 6.13574e-4 -0.999316 0.03697538 6.51943e-4 -0.999316 0.03697538 6.91988e-4 -0.9993159 0.03697502 7.29777e-4 -0.9993159 0.03697675 7.568e-4 -0.9993159 0.03697741 7.94842e-4 -0.03703349 -0.999314 0 -0.9993158 0.03697699 8.32168e-4 0.003732681 -0.999993 3.19185e-4 -0.0101087 0.999949 0 0.09002184 0.01950097 -0.9957489 -0.01012825 0.9999488 0 0.003664195 -0.9999933 3.64408e-4 -0.9993124 0.03707629 4.07921e-4 -0.9993119 0.03707873 8.99188e-4 -0.9993124 0.03707844 2.84496e-5 -0.9993124 0.03708022 6.2522e-5 -0.9993125 0.03707706 9.5847e-5 -0.9993125 0.0370773 1.31277e-4 -0.9993124 0.03707897 1.67855e-4 -0.9993123 0.03707975 2.01314e-4 -0.9993124 0.03707784 2.36397e-4 -0.9993124 0.03707891 2.70411e-4 -0.9993124 0.0370782 3.0583e-4 -0.9993124 0.03707689 3.39516e-4 -0.9993124 0.03707808 3.71526e-4 -0.9993124 0.03707659 5.09506e-4 -0.9993122 0.03707897 5.44469e-4 -0.9993123 0.03707742 5.79548e-4 -0.9993122 0.03707998 6.14446e-4 -0.9993122 0.03707796 6.49925e-4 -0.9993122 0.03707909 6.86344e-4 -0.9993121 0.03707844 7.21251e-4 -0.9993121 0.03707951 7.57595e-4 -0.999312 0.03707987 7.94314e-4 -0.9993121 0.03707683 8.27847e-4 -0.9993121 0.03707826 8.62715e-4 -0.9993146 0.03700786 8.35842e-4 -0.9993147 0.03700953 8.0247e-4 -0.9993147 0.03700721 7.66075e-4 -0.9993149 0.03700619 7.30009e-4 -0.9993147 0.03700923 6.93227e-4 -0.9993149 0.03700715 6.57212e-4 -0.9993149 0.03700661 6.23852e-4 -0.9993149 0.03700602 5.88676e-4 -0.9993149 0.03700691 5.5239e-4 -0.9993148 0.03700929 5.16109e-4 -0.9993149 0.03700852 4.8284e-4 -0.9993151 0.0370059 3.46666e-4 -0.999315 0.03700745 3.13155e-4 -0.999315 0.03700757 2.77021e-4 -0.9993149 0.03700852 2.42525e-4 -0.999315 0.03700745 2.07492e-4 -0.999315 0.03700631 1.74133e-4 -0.9993151 0.03700697 1.39262e-4 -0.9993151 0.03700661 1.32927e-4 -0.999315 0.03700798 9.81056e-5 -0.999315 0.03700751 6.13472e-5 -0.999315 0.03700792 3.0071e-5 -0.9993147 0.03700768 8.72184e-4 -0.9993149 0.03700822 3.79959e-4 -3.52119e-4 1.51215e-4 -1 -1.17418e-4 1.20051e-5 -1 -8.41694e-4 1.69244e-4 -0.9999997 -2.91513e-4 1.84209e-5 -1 1.16986e-4 -1.94993e-5 1 -8.5023e-4 3.90558e-5 -0.9999997 2.90366e-4 -2.587e-5 1 8.46879e-4 -4.66304e-5 0.9999997 -2.15531e-4 1.46009e-4 -1 3.94414e-4 -1.54264e-5 1 -8.27173e-5 1.05861e-5 -1 8.12918e-5 -1.82957e-5 1 -4.90813e-4 1.56274e-4 -0.9999999 -2.56831e-4 1.71837e-5 -1 -7.00434e-4 1.63946e-4 -0.9999998 -8.15102e-4 3.77606e-5 -0.9999998 8.86819e-4 -3.38352e-5 0.9999997 2.55792e-4 -2.4705e-5 1 8.12274e-4 -4.53463e-5 0.9999997 -4.90873e-5 9.42231e-6 -1 4.73194e-5 -1.69895e-5 1 -2.2252e-4 1.58378e-5 -1 -7.80983e-4 3.65208e-5 -0.9999998 1.52719e-5 -1.41533e-6 1 -5.60411e-4 1.58686e-4 -0.9999999 2.20827e-4 -2.34116e-5 1 7.77227e-4 -4.40406e-5 0.9999998 4.89518e-5 -2.52739e-6 1 8.32869e-5 -3.95599e-6 1 1.17654e-4 -5.20272e-6 1 -1.88161e-4 1.45904e-5 -1 -7.4467e-4 3.50952e-5 -0.9999998 1.53006e-4 -6.49817e-6 1 -1.43745e-5 8.10673e-6 -1 1.8623e-4 -2.21967e-5 1 -1.12996e-4 1.42002e-4 -1 7.41588e-4 -4.2661e-5 0.9999998 -3.19667e-4 1.49983e-4 -1 1.36291e-5 -1.56281e-5 1 1.8794e-4 -7.6177e-6 1 -8.08506e-4 1.6804e-4 -0.9999998 2.22293e-4 -9.08011e-6 1 2.57088e-4 -1.03776e-5 1 -1.52708e-4 1.32887e-5 -1 -7.08767e-4 3.3807e-5 -0.9999998 2.92506e-4 -1.16802e-5 1 1.52171e-4 -2.08725e-5 1 7.05545e-4 -4.13211e-5 0.9999998 -1.82724e-4 1.44738e-4 -1 3.26294e-4 -1.27514e-5 1 3.58988e-4 -1.39334e-5 1 -6.6463e-4 1.62716e-4 -0.9999998 4.96289e-4 -1.90238e-5 1 -6.72404e-4 3.25056e-5 -0.9999998 5.31151e-4 -2.02945e-5 1 6.69847e-4 -4.00576e-5 0.9999998 5.66545e-4 -2.18048e-5 0.9999998 6.01965e-4 -2.29148e-5 0.9999999 -5.23879e-4 1.57633e-4 -1 6.36818e-4 -2.4212e-5 0.9999998 -6.36738e-4 3.12564e-5 -0.9999998 6.72225e-4 -2.57068e-5 0.9999998 -8.85731e-4 4.0375e-5 -0.9999997 6.34601e-4 -3.887e-5 0.9999998 8.82216e-4 -4.79264e-5 0.9999997 7.08767e-4 -2.68649e-5 0.9999998 7.44661e-4 -2.83695e-5 0.9999998 -7.68034e-5 1.40776e-4 -1 -2.8619e-4 1.48837e-4 -1 7.81151e-4 -2.97393e-5 0.9999998 -7.72931e-4 1.66728e-4 -0.9999998 -6.01684e-4 2.99732e-5 -0.9999999 8.15508e-4 -3.08428e-5 0.9999998 5.98916e-4 -3.74958e-5 0.9999998 8.50963e-4 -3.23024e-5 0.9999997 -1.47492e-4 1.43459e-4 -1 -0.03756833 -0.9992942 -4.34839e-5 -0.9993164 0.03697168 0 -1.62883e-7 0 1 -0.9993163 0.03697377 0 -0.9993163 0.03697091 0 -0.9993164 0.03697216 0 -0.08569234 0.9963217 0 0.08569353 -0.9963216 0 -0.9993164 0.0369693 0 -0.9993125 0.03707605 0 -0.9993125 0.03707617 0 -0.9993125 0.03707587 0 -0.9993126 0.03707259 0 -0.9993123 0.03708058 0 -0.9993123 0.03708297 0 -0.9993126 0.0370745 0 -0.9993124 0.03707772 0 -0.9993126 0.03707259 0 -0.9993125 0.03707551 0 -0.9993126 0.03707408 0 -0.9993125 0.03707611 0 -0.9993125 0.03707647 0 -0.9993123 0.03708058 0 -0.9993121 0.03708642 0 -0.9993126 0.03707396 0 -0.9993123 0.03708302 0 -0.9993124 0.03708034 0 -0.9993122 0.03708189 0 -0.9993121 0.03708654 0 -0.9993126 0.03707361 0 -0.03700798 -0.999315 0 0.03703451 0.999314 0 0.03703379 0.999314 4.36852e-5 0.03700822 0.999315 -4.36871e-5 -0.03703445 -0.9993141 0 0.03700804 0.999315 0 0.03705966 0.9993131 0 0.03703361 0.999314 0 0.03703367 0.999314 4.3684e-5 0.03703403 0.9993141 0 0.03700768 0.999315 -4.36855e-5 -0.03700757 -0.9993151 0 0.03703403 0.9993141 0 0.03700858 0.999315 4.36842e-5 0.03703433 0.999314 0 0.03703397 0.999314 0 0.03700816 0.999315 0 0.9572886 -0.1015945 0.2706977 0.9572779 -0.1015883 0.2707377 0.9572874 -0.1015931 0.2707024 0.9572814 -0.1015932 0.2707235 0.9619019 -0.1015569 0.2538326 0.9572734 -0.1015967 0.2707505 0.9618963 -0.1015635 0.2538511 0.9572749 -0.1015906 0.2707475 0.9572852 -0.1015932 0.2707099 0.9572762 -0.1015912 0.2707425 0.9618103 -0.1015659 0.2541757 0.9572718 -0.1015929 0.2707577 0.9572872 -0.1015892 0.2707046 0.9572748 -0.1015904 0.2707477 0.9572844 -0.1015909 0.2707139 0.9572743 -0.1015941 0.2707484 0.957283 -0.101589 0.2707194 0.9572777 -0.1015954 0.2707356 0.9572808 -0.1015867 0.2707281 0.9572722 -0.1015922 0.2707566 0.9616015 -0.1015611 0.2549665 0.9572778 -0.1015949 0.2707354 0.9572752 -0.1015927 0.2707455 0.9572826 -0.1015881 0.2707213 0.9572741 -0.1015935 0.2707489 0.9572815 -0.1015923 0.2707232 0.9572767 -0.101591 0.2707411 0.9572815 -0.1015918 0.2707238 0.9572749 -0.1015949 0.2707457 0.9619725 -0.1015623 0.2535627 0.9572757 -0.1015899 0.270745 0.9620997 -0.1015592 0.2530807 0.9572718 -0.1015915 0.2707579 0.9618496 -0.1015655 0.2540273 0.9572792 -0.1015928 0.2707314 0.961851 -0.1015615 0.2540233 0.9572771 -0.1015887 0.2707401 0.9617127 -0.1015657 0.2545452 0.9572759 -0.1015884 0.2707446 0.9572768 -0.1015908 0.2707407 0.9572774 -0.1015919 0.2707383 0.9572772 -0.1015946 0.270738 0.9572789 -0.1015903 0.2707338 0.003700137 -0.9999931 3.70916e-4 0.003702342 -0.9999932 2.86042e-4 0.09010195 0.01949274 -0.9957418 0.09019237 0.0194832 -0.9957338 -0.01012372 0.9999488 0 0.003671944 -0.9999933 2.87488e-4 0.003683269 -0.9999932 3.04814e-4 -0.01008981 0.9999492 0 -0.01011621 0.9999489 0 0.003702282 -0.9999932 2.84466e-4 0.09010523 0.0194922 -0.9957415 0.08975839 0.01952707 -0.9957722 0.0898723 0.01951587 -0.9957622 -0.01013261 0.9999487 0 0.003681123 -0.9999932 3.26813e-4 -0.01012265 0.9999488 0 0.003611326 -0.9999935 3.32752e-4 0.08990317 0.01951241 -0.9957594 0.09005403 0.01949781 -0.9957461 -0.0101332 0.9999487 0 0.003634035 -0.9999933 3.28154e-4 0.003641605 -0.9999934 3.23475e-4 0.09002792 0.01950186 -0.9957483 -0.01009297 0.9999492 0 0.003669738 -0.9999933 3.80175e-4 -0.01009303 0.9999491 0 0.003662228 -0.9999933 2.89032e-4 0.09034007 0.01946896 -0.9957208 0.08975791 0.01952701 -0.9957722 0.08989673 0.01951301 -0.9957599 -0.01008456 0.9999492 0 0.003734111 -0.999993 3.9623e-4 -0.01008737 0.9999492 0 0.003614902 -0.9999935 3.26474e-4 0.09000009 0.0195024 -0.9957509 0.09034234 0.01946836 -0.9957206 -0.01013326 0.9999487 0 0.003635644 -0.9999933 3.31317e-4 -0.9945163 0.1045821 0 -0.9945162 0.1045825 0 -0.9904529 0.1378518 0 -0.9659283 0.2588103 0 -0.003939568 0.001903057 -0.9999905 0 0 1 -9.24712e-7 0 1 0.8133552 -0.5817674 0 0.00578314 -0.004131615 0.9999747 -0.813412 0.581688 0 -0.8136706 0.5813261 0 0 0 1 0.8131532 -0.5820497 0 -0.8141448 0.58066 0.001513004 -0.8136705 0.5813265 0 -0.9789777 0.2039675 0 -0.9789778 0.203967 0</float_array>
          <technique_common>
            <accessor source="#Hyd_001-mesh-normals-array" count="5997" stride="3">
              <param name="X" type="float" />
              <param name="Y" type="float" />
              <param name="Z" type="float" />
            </accessor>
          </technique_common>
        </source>
        <source id="Hyd_001-mesh-map-0">
          <float_array id="Hyd_001-mesh-map-0-array" count="35742">0.629837 0.6367931 0.6284992 0.633199 0.6312481 0.6363552 0.2526126 0.535088 0.2533881 0.5416219 0.2526126 0.5416217 0.6191228 0.6263518 0.617178 0.6229025 0.6199567 0.626093 0.602153 0.6432386 0.6137399 0.6427012 0.6137399 0.6432386 0.3857024 0.3843873 0.3863945 0.4022251 0.3848667 0.4020603 0.4311179 0.6472638 0.4081049 0.6473378 0.4081049 0.6408773 0.3886111 0.3847011 0.3868725 0.4022767 0.3877082 0.3846037 0.4559561 0.6472638 0.4693304 0.6494715 0.4559561 0.6494715 0.08675771 0.5677714 0.08871519 0.5587913 0.08772999 0.567928 0.4202124 0.6392368 0.4089409 0.6249079 0.4210484 0.6389812 0.2522021 0.5828778 0.2508899 0.5850258 0.2508899 0.5828773 0.814912 0.3673382 0.8157734 0.3695064 0.814912 0.3695459 0.08635294 0.5715259 0.08772999 0.567928 0.08732521 0.5716825 0.2522021 0.5416215 0.2508899 0.5437546 0.2508898 0.5416211 0.08261179 0.6062222 0.08552598 0.5883688 0.08358407 0.6063786 0.2526126 0.5416217 0.2533881 0.5437554 0.2526126 0.5437552 0.393756 0.5451697 0.3961233 0.5454542 0.3937558 0.5454542 0.8292766 0.4976754 0.8318071 0.499881 0.8292766 0.4998831 0.1596642 0.6186234 0.1620696 0.6006881 0.1601277 0.6186979 0.1652588 0.5711103 0.1665434 0.5674561 0.1661341 0.5712514 0.1610031 0.6188388 0.1620696 0.6006881 0.162945 0.600829 0.3004397 0.6286652 0.3012154 0.630873 0.3004397 0.630873 0.3937558 0.5454542 0.3961229 0.5459914 0.3937554 0.5459914 0.4214909 0.6388458 0.4089409 0.6249079 0.4093834 0.6247724 0.3872302 0.3845521 0.3868725 0.4022767 0.3863945 0.4022251 0.602153 0.643523 0.6137399 0.6432386 0.6137399 0.643523 0.6199567 0.626093 0.6176195 0.6227656 0.6203983 0.6259561 0.2522021 0.5350879 0.2526126 0.5416217 0.2522021 0.5416215 0.1634054 0.5839273 0.1620696 0.6006881 0.1616061 0.6006135 0.2570808 0.6257683 0.2573956 0.6299945 0.2568331 0.6300575 0.4626787 0.6908223 0.4686903 0.692956 0.4626784 0.692956 0.1714894 0.526224 0.1724427 0.522053 0.1719585 0.5264104 0.4066587 0.5631682 0.4062481 0.5607241 0.4066587 0.560724 0.4061696 0.6041294 0.4057441 0.5628529 0.4061698 0.5628527 0.2491181 0.5850284 0.2496004 0.5871598 0.2491179 0.587162 0.211242 0.7332815 0.2213593 0.7311478 0.2213568 0.7335918 0.3236482 0.7260031 0.3328291 0.7281369 0.3236482 0.7281369 0.3328291 0.7260031 0.3397678 0.7281369 0.3328291 0.7281369 0.3397703 0.7260031 0.3463267 0.7281369 0.3397678 0.7281369 0.3463292 0.7260031 0.3527339 0.7281369 0.3463267 0.7281369 0.3527363 0.7260031 0.3585733 0.7281369 0.3527339 0.7281369 0.3585753 0.7260031 0.3628096 0.7281369 0.3585733 0.7281369 0.3628108 0.7260031 0.3646473 0.7281368 0.3628096 0.7281369 0.1669191 0.5512928 0.1665891 0.5586993 0.1661282 0.5586015 0.211242 0.7745583 0.2030078 0.7332815 0.211242 0.7332815 0.2030078 0.7745583 0.1963017 0.7332815 0.2030078 0.7332815 0.1962994 0.7745583 0.1904276 0.7332815 0.1963017 0.7332815 0.1904254 0.7745583 0.185045 0.7332815 0.1904276 0.7332815 0.1850431 0.7745583 0.1805854 0.7332815 0.185045 0.7332815 0.1805839 0.7745583 0.1776112 0.7332815 0.1805854 0.7332815 0.1776103 0.7745583 0.1762837 0.7332815 0.1776112 0.7332815 0.2568376 0.6007259 0.2566951 0.5935053 0.2571745 0.5935268 0.1669191 0.5512928 0.1680697 0.5454034 0.1673818 0.5513673 0.1676834 0.5446435 0.1686671 0.5405501 0.1680697 0.5454034 0.1683041 0.5396267 0.1692405 0.5363079 0.1686671 0.5405501 0.1689445 0.5348908 0.1698338 0.5324309 0.1692405 0.5363079 0.1696512 0.5302767 0.1704285 0.5292343 0.1698338 0.5324309 0.1704285 0.5292343 0.1712297 0.5230916 0.170989 0.527127 0.170989 0.527127 0.1719164 0.5218414 0.1714894 0.526224 0.2563604 0.6006745 0.2566071 0.6065902 0.2561007 0.607212 0.2561007 0.607212 0.2564574 0.611369 0.2559489 0.6121597 0.2559489 0.6121597 0.256378 0.6155628 0.2558606 0.6168413 0.2558606 0.6168413 0.2563751 0.619414 0.255858 0.6214243 0.255858 0.6214243 0.256479 0.6226176 0.2559964 0.6256172 0.2559964 0.6256172 0.2567169 0.6247746 0.2563353 0.6286861 0.2567169 0.6247746 0.2568331 0.6300575 0.2563353 0.6286861 0.2213568 0.7335918 0.2332342 0.731458 0.233234 0.7335918 0.2571037 0.5850278 0.2571745 0.5935268 0.2566951 0.5935053 0.1652045 0.567241 0.1665891 0.5586993 0.165668 0.567315 0.3016535 0.7501894 0.3016536 0.747916 0.3135669 0.7694136 0.3135694 0.7284472 0.3236482 0.7694136 0.3135669 0.7694136 0.4081049 0.6473378 0.4311179 0.6494715 0.4081049 0.6495085 0.4066188 0.4172677 0.4053851 0.4151187 0.4066188 0.4151187 0.1638101 0.5801729 0.1638688 0.5840016 0.1634054 0.5839273 0.1620696 0.6006881 0.1647441 0.5841426 0.162945 0.600829 0.2533881 0.5437554 0.2546214 0.5632221 0.2533881 0.5632216 0.4066188 0.3737833 0.4053851 0.3673228 0.4066188 0.3673228 0.4081049 0.6495085 0.4311179 0.6690061 0.4081049 0.6690103 0.3004397 0.6504076 0.3012154 0.630873 0.3012154 0.6504076 0.8153944 0.1710699 0.8128636 0.1732755 0.8128636 0.1710678 0.602153 0.643523 0.6137399 0.6444323 0.602153 0.6444323 0.2526126 0.5437552 0.2533881 0.5632216 0.2526126 0.5632214 0.6218094 0.6255181 0.6176195 0.6227656 0.6190306 0.6223276 0.4559561 0.6494715 0.4693304 0.6690061 0.4559561 0.6690061 0.4062481 0.6041346 0.4066587 0.5631682 0.4066587 0.6041346 0.2332339 0.755334 0.2332338 0.7727198 0.2213543 0.7745583 0.3016539 0.7263134 0.3135694 0.7284472 0.3016537 0.7284472 0.1776112 0.7332815 0.1762837 0.7311478 0.177612 0.7311478 0.1805854 0.7332815 0.177612 0.7311478 0.1805869 0.7311478 0.185045 0.7332815 0.1805869 0.7311478 0.185047 0.7311478 0.1904276 0.7332815 0.185047 0.7311478 0.1904298 0.7311478 0.1963017 0.7332815 0.1904298 0.7311478 0.196304 0.7311478 0.2030078 0.7332815 0.196304 0.7311478 0.2030078 0.7311478 0.211242 0.7332815 0.2030078 0.7311478 0.211242 0.7311478 0.3628096 0.7281369 0.3646472 0.7694136 0.3628084 0.7694136 0.3585733 0.7281369 0.3628084 0.7694136 0.3585712 0.7694136 0.3527339 0.7281369 0.3585712 0.7694136 0.3527315 0.7694136 0.3463267 0.7281369 0.3527315 0.7694136 0.3463242 0.7694136 0.3397678 0.7281369 0.3463242 0.7694136 0.3397653 0.7694136 0.3328291 0.7281369 0.3397653 0.7694136 0.3328291 0.7694136 0.3236482 0.7281369 0.3328291 0.7694136 0.3236482 0.7694136 0.2491179 0.587162 0.2496002 0.6284311 0.2491177 0.6284332 0.4061698 0.5628527 0.4057442 0.560719 0.4061699 0.5607189 0.4626784 0.692956 0.4686905 0.7342327 0.4626781 0.7342327 0.211242 0.7745583 0.2213568 0.7335918 0.2213543 0.7745583 0.3135719 0.7260031 0.3236482 0.7281369 0.3135694 0.7284472 0.4311179 0.6494715 0.4559561 0.6690061 0.4311179 0.6690061 0.3876802 0.3750358 0.3877082 0.3846037 0.3872302 0.3845521 0.1590821 0.6283956 0.1610031 0.6188388 0.1599574 0.6285365 0.1586186 0.6283209 0.1601277 0.6186979 0.1590821 0.6283956 0.3861522 0.3748725 0.3872302 0.3845521 0.3857024 0.3843873 0.4311179 0.6472638 0.4559561 0.6494715 0.4311179 0.6494715 0.3881582 0.3750874 0.3886111 0.3847011 0.3877082 0.3846037 0.2964756 0.5415646 0.3016535 0.5437187 0.2964756 0.543727 0.2964756 0.5350875 0.3016535 0.541548 0.2964756 0.5415646 0.2964756 0.543727 0.3016535 0.5632205 0.2964756 0.5632214 0.4066188 0.375954 0.4053851 0.3737833 0.4066188 0.3737833 0.1661341 0.5712514 0.1679356 0.5676802 0.1675263 0.5714755 0.6258126 0.6340327 0.6272352 0.6376006 0.6244863 0.6344442 0.2533881 0.5416219 0.2546214 0.5437558 0.2533881 0.5437554 0.2533881 0.5350883 0.2546214 0.5416223 0.2533881 0.5416219 0.1759251 0.712677 0.1727381 0.7036382 0.1759251 0.7036382 0.3937554 0.5476047 0.3905684 0.5384792 0.3937554 0.5384792 0.3950473 0.4457279 0.3940382 0.4550966 0.3944851 0.4458138 0.1755625 0.5970898 0.1760392 0.5992974 0.1755625 0.5992975 0.3967371 0.5442782 0.3961989 0.5420716 0.3967371 0.5420707 0.3864429 0.4752875 0.3856011 0.4656021 0.3862188 0.4657163 0.3956487 0.4454567 0.3946653 0.4551081 0.3950473 0.4457279 0.1750604 0.5992979 0.1755625 0.5970898 0.1755625 0.5992975 0.3937554 0.547123 0.3905684 0.5476047 0.3905684 0.547123 0.3870307 0.4756827 0.3862188 0.4657163 0.3870077 0.4662848 0.3937554 0.5442885 0.3905684 0.5366466 0.3937554 0.5366466 0.7330613 0.3439272 0.7298744 0.3529046 0.7298743 0.3439272 0.3963204 0.4518802 0.3956487 0.4454567 0.3960967 0.4439602 0.7330613 0.3424279 0.7298743 0.3439272 0.7298744 0.3424279 0.3937554 0.5442885 0.3905684 0.547123 0.3905684 0.5442885 0.3877964 0.4693158 0.3870307 0.4756827 0.3870077 0.4662848 0.3937554 0.5396619 0.3905684 0.5340357 0.3937554 0.5340357 0.397098 0.447194 0.3960967 0.4439602 0.3965346 0.4413155 0.7298744 0.3398177 0.7330613 0.3424279 0.7298744 0.3424279 0.3937554 0.5396619 0.3905684 0.5442885 0.3905684 0.5396619 0.3884861 0.4742152 0.3874476 0.4772874 0.3877964 0.4693158 0.3937554 0.5341167 0.3905684 0.5304693 0.3937554 0.5304693 0.3977313 0.4415419 0.3965346 0.4413155 0.39694 0.4376802 0.7330613 0.3362518 0.7298744 0.3398177 0.7298744 0.3362518 0.3937554 0.5341167 0.3905684 0.5396619 0.3905684 0.5341167 0.3890181 0.4800633 0.387836 0.4800522 0.3884861 0.4742152 0.3937554 0.5283362 0.3905684 0.5262289 0.3937554 0.5262289 0.3982229 0.4356299 0.39694 0.4376802 0.3972992 0.4333431 0.7330613 0.3320115 0.7298744 0.3362518 0.7298744 0.3320115 0.3937554 0.5283362 0.3905684 0.5341167 0.3905684 0.5283362 0.3894064 0.486146 0.3881763 0.4838132 0.3890181 0.4800633 0.3937554 0.4964848 0.3905684 0.4865711 0.3937554 0.4865711 0.7298742 0.3341907 0.7266873 0.3320116 0.7298743 0.3320116 0.3905684 0.4953747 0.3937554 0.4843887 0.3937554 0.4953747 0.3990161 0.3925855 0.3997403 0.401765 0.3986614 0.4027829 0.3897705 0.497678 0.3884597 0.4882753 0.3894064 0.486146 0.7298742 0.3396792 0.7266873 0.3366338 0.7298743 0.3366338 0.3990889 0.3878209 0.4001467 0.390466 0.3990161 0.3925855 0.7298743 0.3366338 0.7266873 0.3320116 0.7298743 0.3320116 0.3937554 0.4789013 0.3905684 0.4843887 0.3905684 0.4789013 0.3894838 0.5347115 0.3905684 0.5322465 0.3905613 0.5379903 0.7298742 0.3451451 0.7266873 0.3408434 0.7298743 0.3408434 0.3990896 0.3834741 0.4002327 0.3848084 0.3990889 0.3878209 0.7266873 0.3408434 0.7298743 0.3366338 0.7298743 0.3408434 0.3937554 0.4734368 0.3905684 0.4789013 0.3905684 0.4734368 0.389414 0.5391115 0.3905613 0.5379903 0.3904697 0.5437033 0.7298743 0.3503531 0.7266873 0.3444085 0.7298743 0.3444085 0.3989966 0.3797819 0.4002327 0.3791641 0.3990896 0.3834741 0.7298743 0.3444085 0.7266873 0.3408434 0.7298743 0.3408434 0.3937554 0.4682306 0.3905684 0.4734368 0.3905684 0.4682306 0.3892626 0.5428299 0.3904697 0.5437033 0.3902462 0.5491352 0.7298743 0.354752 0.7266873 0.3470866 0.7298743 0.3470866 0.3987944 0.376993 0.4000945 0.3737702 0.3989966 0.3797819 0.7266873 0.3470866 0.7298743 0.3444085 0.7298743 0.3470866 0.3937554 0.4638341 0.3905684 0.4682306 0.3905684 0.4638341 0.3890181 0.5456122 0.3902462 0.5491352 0.3898421 0.5537049 0.7298743 0.357615 0.7266873 0.3487396 0.7298743 0.3487396 0.3984811 0.3752499 0.3997596 0.3691892 0.3987944 0.376993 0.7266873 0.3487396 0.7298743 0.3470866 0.7298743 0.3487396 0.3937554 0.4609737 0.3905684 0.4638341 0.3905684 0.4609737 0.3886814 0.5473137 0.3898421 0.5537049 0.3892576 0.5566518 0.7298743 0.3585712 0.7266874 0.3493056 0.7298743 0.3493056 0.3985256 0.3651027 0.3984811 0.3752499 0.3980639 0.3746171 0.7266874 0.3493056 0.7298743 0.3487396 0.7298743 0.3493056 0.3905684 0.4600202 0.3937554 0.4609737 0.3905684 0.4609737 0.3885607 0.5575935 0.3886814 0.5473137 0.3892576 0.5566518 0.7298743 0.3579425 0.7266874 0.348863 0.7298743 0.348863 0.3977896 0.3656668 0.3980639 0.3746171 0.3975582 0.3750158 0.3969424 0.5569841 0.3937554 0.5574285 0.3937554 0.5569841 0.7298743 0.3579425 0.7266874 0.3585712 0.7266874 0.3579425 0.387845 0.5568748 0.3882603 0.5478704 0.3885607 0.5575935 0.7298743 0.3563633 0.7266874 0.3476017 0.7298743 0.3476017 0.39707 0.3672144 0.3975582 0.3750158 0.3969867 0.3762522 0.3969424 0.5557212 0.3937554 0.5569841 0.3937554 0.5557212 0.7298743 0.3563633 0.7266874 0.3579425 0.7266874 0.3563633 0.3871615 0.5551639 0.3877688 0.5473654 0.387845 0.5568748 0.7298743 0.3543695 0.7266874 0.3458076 0.7298743 0.3458076 0.3963841 0.369194 0.3969867 0.3762522 0.3963706 0.3780336 0.3969424 0.5539254 0.3937554 0.5557212 0.3937554 0.5539254 0.7298743 0.3543695 0.7266874 0.3563633 0.7266874 0.3543695 0.3865181 0.5530225 0.3872261 0.5459992 0.3871615 0.5551639 0.7298744 0.3523103 0.7266874 0.3437675 0.7298744 0.3437675 0.3957296 0.3712446 0.3963706 0.3780336 0.3957221 0.3800653 0.3969424 0.5518835 0.3937554 0.5539254 0.3937554 0.5518835 0.7298744 0.3523103 0.7266874 0.3543695 0.7266874 0.3523103 0.3859068 0.5508155 0.3866482 0.5440725 0.3865181 0.5530225 0.7298744 0.3504161 0.7266874 0.3417379 0.7298744 0.3417379 0.3951008 0.3731279 0.3957221 0.3800653 0.3950481 0.3820831 0.3969424 0.5498521 0.3937554 0.5518835 0.3937554 0.5498521 0.7298744 0.3504161 0.7266874 0.3523103 0.7266874 0.3504161 0.3853182 0.548783 0.3860425 0.5418858 0.3859068 0.5508155 0.3944951 0.3746705 0.3950481 0.3820831 0.3943553 0.383845 0.3969424 0.5480665 0.3937554 0.5498521 0.3937554 0.5480665 0.7266874 0.3488546 0.7298744 0.3504161 0.7266874 0.3504161 0.3847468 0.5471002 0.3854115 0.5397081 0.3853182 0.548783 0.7298744 0.3477448 0.7266874 0.3386305 0.7298744 0.3386305 0.3969424 0.5480665 0.3937555 0.5569649 0.3937554 0.5480665 0.3939102 0.3757488 0.3943553 0.383845 0.3936567 0.3851311 0.3937555 0.5467407 0.3969424 0.5480665 0.3937554 0.5480665 0.7298744 0.3477448 0.7266874 0.3488546 0.7266874 0.3477448 0.3841883 0.5458912 0.3847579 0.5377858 0.3847468 0.5471002 0.7298744 0.3471162 0.7266875 0.3378834 0.7298744 0.3378834 0.3929763 0.385824 0.3939102 0.3757488 0.3936567 0.3851311 0.3969424 0.5459913 0.3937555 0.5467407 0.3937555 0.5459913 0.7298744 0.3471162 0.7266874 0.3477448 0.7266875 0.3471162 0.383432 0.5355058 0.3841883 0.5458912 0.3836326 0.5451862 0.7088869 0.359098 0.7056999 0.3498333 0.7088869 0.3498333 0.3923294 0.3860232 0.3933364 0.3763316 0.3929763 0.385824 0.2421552 0.537303 0.2389768 0.5376914 0.2389687 0.5373075 0.2972204 0.6309339 0.2967376 0.6287264 0.2972204 0.6287261 0.3827981 0.5351744 0.3836326 0.5451862 0.3830704 0.5448941 0.7120739 0.3590975 0.7088869 0.3498333 0.7120739 0.3498333 0.3917126 0.3859267 0.3927626 0.3765063 0.3923294 0.3860232 0.2421552 0.5369359 0.2389687 0.5373075 0.2389687 0.5369405 0.297719 0.6309339 0.2972204 0.6287261 0.297719 0.6287263 0.3821892 0.5351483 0.3830704 0.5448941 0.3824988 0.5448707 0.7330614 0.3621659 0.7298744 0.3529046 0.7330614 0.3529046 0.3911144 0.3857028 0.3921837 0.3764146 0.3917126 0.3859267 0.2421587 0.5365794 0.2389687 0.5369405 0.2389722 0.5365839 0.2982284 0.6309341 0.297719 0.6287263 0.2982284 0.6287264 0.3815965 0.5352547 0.3824988 0.5448707 0.3819192 0.5449753 0.7184478 0.3590949 0.7152608 0.3498333 0.7184477 0.3498333 0.3905248 0.3854572 0.3915987 0.3761954 0.3911144 0.3857028 0.2421629 0.5362278 0.2389722 0.5365839 0.2389764 0.5362324 0.2987441 0.6309342 0.2982284 0.6287264 0.2987441 0.6287265 0.3810118 0.535385 0.3819192 0.5449753 0.3813331 0.5451057 0.7152608 0.3590971 0.7120739 0.3498333 0.7152608 0.3498333 0.3899374 0.3852428 0.3910076 0.3759492 0.3905248 0.3854572 0.2389798 0.5358823 0.2421629 0.5362278 0.2389764 0.5362324 0.2992631 0.6309345 0.2987441 0.6287265 0.2992631 0.6287267 0.3804299 0.5354841 0.3813331 0.5451057 0.3807422 0.5452064 0.6561793 0.3665797 0.6529924 0.3573142 0.6561793 0.3573142 0.389349 0.3850858 0.3904111 0.3757315 0.3899374 0.3852428 0.242168 0.5355274 0.2389798 0.5358823 0.2389815 0.5355318 0.2997837 0.6309345 0.2992631 0.6287267 0.2997837 0.6287268 0.379848 0.5355249 0.3807422 0.5452064 0.3801477 0.5452479 0.3937554 0.5568704 0.3905684 0.5476047 0.3937554 0.5476047 0.3890005 0.3848725 0.38981 0.3755713 0.389349 0.3850858 0.2421724 0.5353193 0.2389815 0.5355318 0.2389858 0.5353237 0.3000917 0.6309347 0.2997837 0.6287268 0.3000917 0.628727 0.3795014 0.5356709 0.3801477 0.5452479 0.3797999 0.545394 0.3000917 0.628727 0.3004397 0.630873 0.3000917 0.6309347 0.2390782 0.5350919 0.2421724 0.5353193 0.2389858 0.5353237 0.3791153 0.5357659 0.3797999 0.545394 0.3794041 0.5454885 0.3886111 0.3847011 0.3894604 0.3753577 0.3890005 0.3848725 0.4214909 0.6388458 0.410798 0.6243398 0.4229055 0.6384132 0.165149 0.5803881 0.1661363 0.5843667 0.1647441 0.5841426 0.381295 0.4859542 0.3825057 0.4925647 0.3818482 0.4950873 0.627088 0.6336368 0.6199567 0.626093 0.6203983 0.6259561 0.1642736 0.5802471 0.1661341 0.5712514 0.165149 0.5803881 0.6266465 0.6337739 0.6191228 0.6263518 0.6199567 0.626093 0.6293954 0.6369301 0.627088 0.6336368 0.629837 0.6367931 0.1638688 0.5840016 0.165149 0.5803881 0.1647441 0.5841426 0.08455371 0.5882124 0.08732521 0.5716825 0.08552598 0.5883688 0.6293954 0.6369301 0.6258126 0.6340327 0.6266465 0.6337739 0.1652045 0.567241 0.1652588 0.5711103 0.1647953 0.5710362 0.2786405 0.5416219 0.2838747 0.5437473 0.2786405 0.5437558 0.2786405 0.5350875 0.2838747 0.5416051 0.2786405 0.5416219 0.2786405 0.5437558 0.2838748 0.5632236 0.2786405 0.5632246 0.6191228 0.6263518 0.6150177 0.6235728 0.616344 0.6231613 0.6258126 0.6340327 0.6177965 0.6267634 0.6191228 0.6263518 0.2838747 0.5350875 0.2964756 0.5415646 0.2838747 0.5416051 0.2522021 0.5350879 0.2508898 0.5416211 0.2508898 0.5350875 0.165149 0.5803881 0.1675263 0.5714755 0.1665412 0.5806122 0.5929058 0.3645705 0.5896875 0.3621102 0.5930076 0.3621102 0.1647953 0.5710362 0.1642736 0.5802471 0.1638101 0.5801729 0.3900093 0.4341899 0.3913413 0.4279236 0.3904234 0.4365878 0.2838747 0.5437473 0.2964756 0.5632214 0.2838748 0.5632236 0.2448936 0.5350875 0.2458048 0.5375507 0.2448936 0.5375508 0.7195411 0.3668067 0.7230969 0.3620317 0.7230969 0.3668067 0.7195411 0.3620317 0.723097 0.3538921 0.7230969 0.3620317 0.7195411 0.3538921 0.7230969 0.3445688 0.723097 0.3538921 0.7195411 0.3445688 0.7230969 0.3365599 0.7230969 0.3445688 0.7195411 0.3365599 0.7230969 0.3320115 0.7230969 0.3365599 0.2439779 0.5350895 0.2448936 0.5375504 0.2439779 0.5375525 0.7266526 0.3320116 0.7230968 0.3367893 0.7230969 0.3320116 0.7266526 0.3367893 0.7233331 0.3449949 0.7230968 0.3367893 0.72652 0.3449949 0.7235002 0.3541859 0.7233331 0.3449949 0.3059211 0.3579514 0.3047491 0.3691235 0.3046877 0.365805 0.7235002 0.3541859 0.7266526 0.3622586 0.7230969 0.3622586 0.7266526 0.3622586 0.7230969 0.3668033 0.7230969 0.3622586 0.3025118 0.3889259 0.3030405 0.376294 0.3033226 0.3782072 0.6985883 0.3587372 0.7021441 0.361944 0.6985883 0.361944 0.6985883 0.361944 0.7021441 0.3637651 0.6985883 0.3637651 0.2332487 0.744183 0.2344063 0.751303 0.2332343 0.7539665 0.2366342 0.7364892 0.2359716 0.7477459 0.2357677 0.7443051 0.3016535 0.3758597 0.3031547 0.369141 0.3029789 0.3729755 0.3047223 0.3841156 0.3045735 0.372958 0.3057132 0.3757584 0.2337437 0.7625595 0.2349693 0.7567859 0.2346404 0.76766 0.2357376 0.7313888 0.2349907 0.7421664 0.2346939 0.7311478 0.236595 0.7632181 0.2353872 0.7568823 0.2357519 0.7550073 0.3030058 0.3579834 0.3039783 0.3638965 0.3035204 0.3658179 0.3035788 0.3889141 0.3033226 0.3782072 0.3037499 0.3782024 0.3059211 0.3579514 0.3044055 0.3638918 0.3052164 0.3531731 0.2332487 0.744183 0.234626 0.7440416 0.2344121 0.7473857 0.2372144 0.7451569 0.2359659 0.7516631 0.2359716 0.7477459 0.3016535 0.3758597 0.3030405 0.376294 0.3018071 0.3841477 0.3057132 0.3757584 0.3047491 0.3691235 0.3061586 0.3663179 0.2337437 0.7625595 0.2344063 0.751303 0.2346103 0.7547437 0.2366342 0.7364892 0.2354086 0.742263 0.2357376 0.7313888 0.235684 0.7679011 0.2349693 0.7567859 0.2353872 0.7568823 0.3030058 0.3579834 0.3031547 0.369141 0.3020923 0.366283 0.3047223 0.3841156 0.3037499 0.3782024 0.3042077 0.3762812 0.3052164 0.3531731 0.3039783 0.3638965 0.3041493 0.3531848 0.2346939 0.7311478 0.234626 0.7440416 0.2337829 0.7358308 0.236595 0.7632181 0.2359659 0.7516631 0.2372133 0.7548033 0.6985883 0.3550043 0.702144 0.3587372 0.6985883 0.3587372 0.6985883 0.3517451 0.702144 0.3550043 0.6985883 0.3550043 0.6985883 0.3498333 0.702144 0.3517451 0.6985883 0.3517451 0.2465364 0.5350875 0.2461715 0.5375508 0.2461715 0.5350875 0.7056999 0.351653 0.7021441 0.3498333 0.7056999 0.3498333 0.7056999 0.3548586 0.7021441 0.351653 0.7056999 0.351653 0.7056999 0.3585913 0.7021441 0.3548586 0.7056999 0.3548586 0.7056999 0.3618508 0.7021441 0.3585913 0.7056999 0.3585913 0.7056999 0.3637638 0.7021441 0.3618508 0.7056999 0.3618508 0.2461715 0.5350875 0.2458048 0.5375512 0.2458048 0.5350883 0.2381998 0.7452625 0.2372133 0.7548033 0.2372144 0.7451569 0.8166658 0.3672987 0.8175265 0.3695064 0.8166658 0.3695064 0.3067151 0.3758667 0.3061586 0.3663179 0.3071605 0.3664261 0.7395812 0.3326076 0.7427681 0.3320115 0.7427677 0.3326076 0.7397921 0.3332256 0.7427677 0.3326076 0.7427672 0.3332256 0.3077538 0.375979 0.3071605 0.3664261 0.3081992 0.3665384 0.8157734 0.3672987 0.8166658 0.3695064 0.8157734 0.3695064 0.2392203 0.7453715 0.2381987 0.7549089 0.2381998 0.7452625 0.1761472 0.676672 0.1724429 0.6810411 0.1724428 0.676672 0.4054018 0.4609001 0.4063693 0.4634557 0.4054018 0.463466 0.1724428 0.7172306 0.1761472 0.7118989 0.1761471 0.7172306 0.1724428 0.7118989 0.1761472 0.7032222 0.1761472 0.7118989 0.1724428 0.7032222 0.1761471 0.6935252 0.1761472 0.7032222 0.1724428 0.6935252 0.1761471 0.6854063 0.1761471 0.6935252 0.1724428 0.6854063 0.1761471 0.6810411 0.1761471 0.6854063 0.2422648 0.535088 0.2432114 0.5376536 0.2422648 0.5376542 0.1761472 0.6448478 0.1726889 0.6499264 0.1724428 0.6448478 0.176009 0.6499264 0.172863 0.65842 0.1726889 0.6499264 0.390071 0.447008 0.391622 0.439535 0.3914583 0.4435258 0.172863 0.65842 0.1761472 0.6685504 0.1724428 0.6685504 0.1761472 0.6685504 0.1724428 0.676672 0.1724428 0.6685504 0.3944872 0.4269819 0.393311 0.4388751 0.3932265 0.4355074 0.694884 0.3554422 0.6985883 0.3593248 0.694884 0.3593248 0.694884 0.3593248 0.6985883 0.3625755 0.694884 0.3625755 0.3856941 0.4755079 0.384224 0.4741415 0.3849325 0.4663629 0.3836477 0.4979777 0.3832778 0.4845302 0.3837096 0.4868 0.3942894 0.4453601 0.3927792 0.4464105 0.3931473 0.442866 0.3925824 0.4228223 0.3919901 0.4359904 0.3913413 0.4279236 0.3838542 0.460694 0.3833495 0.4716019 0.3827483 0.4600202 0.3855908 0.4941498 0.3841524 0.4870699 0.3844876 0.4852673 0.381911 0.464522 0.3828764 0.4767963 0.3815668 0.4729932 0.3921868 0.4595786 0.3918529 0.4487359 0.3923054 0.4485591 0.3944872 0.4269819 0.3929164 0.433665 0.3937127 0.4223807 0.3902822 0.4554191 0.3914583 0.4435258 0.3915428 0.4468935 0.3856941 0.4755079 0.3846254 0.4818754 0.3845289 0.4778031 0.3825057 0.4925647 0.3829729 0.4808686 0.3832778 0.4845302 0.3942894 0.4453601 0.393311 0.4388751 0.3946982 0.435393 0.3913413 0.4279236 0.391622 0.439535 0.3904234 0.4365878 0.3849325 0.4663629 0.3837923 0.4718717 0.3838542 0.460694 0.3836477 0.4979777 0.3841524 0.4870699 0.3847535 0.4986516 0.3827483 0.4600202 0.3830143 0.4734044 0.381911 0.464522 0.3933702 0.4542127 0.3923054 0.4485591 0.3927792 0.4464105 0.3925824 0.4228223 0.3929164 0.433665 0.3924638 0.4338418 0.3910565 0.4600202 0.3915428 0.4468935 0.3918529 0.4487359 0.3855908 0.4941498 0.3846254 0.4818754 0.3859351 0.4856785 0.3815668 0.4729932 0.3829729 0.4808686 0.3817428 0.48361 0.694884 0.3519681 0.6985883 0.3554422 0.694884 0.3554422 0.694884 0.3498333 0.6985883 0.3519681 0.694884 0.3519681 0.2435988 0.5350874 0.2432114 0.5376574 0.2432114 0.5350915 0.6911795 0.3625757 0.6948839 0.3643251 0.6911795 0.3643251 0.6911795 0.3593237 0.6948839 0.3625757 0.6911795 0.3625757 0.6911795 0.3554407 0.6948839 0.3593237 0.6911795 0.3593237 0.6911795 0.3519669 0.6948839 0.3554407 0.6911795 0.3554407 0.6911795 0.3498333 0.6948839 0.3519669 0.6911795 0.3519669 0.2439779 0.5350875 0.2435988 0.5376539 0.2435988 0.5350877 0.694884 0.3625755 0.6985883 0.3643234 0.694884 0.3643234 0.6282795 0.364406 0.6274212 0.3665683 0.6274212 0.3644025 0.1759713 0.6561439 0.172863 0.65842 0.1727631 0.6561442 0.6269096 0.362135 0.6277551 0.3642752 0.6269096 0.364277 0.6274212 0.3644025 0.626731 0.3665679 0.6267309 0.3643915 0.5928291 0.3664216 0.5896875 0.3645709 0.5929058 0.3645705 0.1727631 0.6561442 0.1758029 0.6543403 0.1759713 0.6561439 0.6283128 0.3642708 0.6277551 0.3621283 0.6283128 0.3621103 0.3878405 0.431554 0.3892561 0.4228339 0.3888239 0.4317924 0.3907176 0.4253082 0.3894703 0.4322655 0.3900394 0.4233154 0.3894703 0.4322655 0.3892561 0.4228339 0.3900394 0.4233154 0.3791153 0.4881877 0.3803682 0.4972982 0.3793873 0.4973478 0.3803682 0.4972982 0.3807321 0.4877943 0.3811474 0.4969683 0.3807321 0.4877943 0.3818482 0.4950873 0.3811474 0.4969683 0.1761472 0.7032222 0.1727381 0.7036382 0.1724428 0.7032222 0.3856011 0.4656021 0.3856941 0.4755079 0.3849325 0.4663629 0.4054018 0.4660322 0.4065287 0.4636706 0.4065287 0.4658784 0.3942894 0.4453601 0.3940382 0.4550966 0.3933702 0.4542127 0.3894894 0.5298742 0.3903515 0.5207282 0.3905684 0.5322465 0.3893055 0.5194813 0.390061 0.5092031 0.3903515 0.5207282 0.390061 0.5092031 0.3887907 0.4986819 0.3897705 0.497678 0.3972992 0.4333431 0.3987785 0.4243469 0.3982229 0.4356299 0.397803 0.4231618 0.3992595 0.413056 0.3987785 0.4243469 0.3986614 0.4027829 0.3992595 0.413056 0.3982322 0.4129723 0.3905684 0.5283362 0.3937554 0.5173485 0.3937554 0.5283362 0.3905684 0.5173485 0.3937554 0.5063616 0.3937554 0.5173485 0.3905684 0.5063616 0.3937554 0.4953747 0.3937554 0.5063616 0.3905684 0.5262289 0.3937554 0.5163136 0.3937554 0.5262289 0.3905684 0.5163136 0.3937554 0.5063992 0.3937554 0.5163136 0.3905684 0.5063992 0.3937554 0.4964848 0.3937554 0.5063992 0.6284992 0.633199 0.6203983 0.6259561 0.6218094 0.6255181 0.08774292 0.5586347 0.08912438 0.5549961 0.08871519 0.5587913 0.6569644 0.3267328 0.7195202 0.349833 0.6568564 0.3498333 0.16485 0.1111946 0.1662971 0.1009591 0.1652168 0.1112536 0.6561185 0.1206454 0.6554527 0.1211293 0.6557618 0.1182937 0.1454194 0.5261969 0.1449502 0.5316853 0.1446447 0.5303868 0.1464979 0.5396321 0.1473991 0.5352788 0.147036 0.5397188 0.1463283 0.5219616 0.1467825 0.523048 0.1461555 0.5255954 0.3016746 0.7260027 0.3642304 0.7029009 0.3643385 0.7260029 0.3016537 0.7029009 0.3642304 0.698677 0.3642304 0.7029009 0.6535499 0.1076282 0.6531082 0.1119321 0.6529924 0.1075809 0.1477816 0.5265771 0.1470713 0.5320267 0.1471815 0.5288859 0.656688 0.1122362 0.65625 0.1078576 0.6568075 0.1079049 0.3016537 0.6863389 0.3642303 0.6834841 0.3642304 0.6863389 0.6569644 0.3225071 0.7195411 0.3183268 0.7195411 0.3225071 0.6569644 0.3183268 0.7195411 0.3142712 0.7195411 0.3183268 0.6569644 0.3142712 0.7195411 0.3103626 0.7195411 0.3142712 0.6561185 0.1206454 0.6559957 0.1152652 0.656449 0.1165093 0.1454194 0.5261969 0.1461555 0.5255954 0.1455096 0.5286168 0.2798268 0.7348675 0.2741569 0.7782176 0.2741569 0.7348675 0.6529924 0.1075809 0.653544 0.08388829 0.6535499 0.1076282 0.6556818 0.1246203 0.6550747 0.1238075 0.6554527 0.1211293 0.1476416 0.5308693 0.1468607 0.535509 0.1470713 0.5320267 0.3642304 0.6863389 0.3016537 0.6904508 0.3016537 0.6863389 0.3642304 0.6904508 0.3016537 0.6945006 0.3016537 0.6904508 0.3642304 0.6945006 0.3016537 0.698677 0.3016537 0.6945006 0.7195411 0.3072863 0.6569644 0.3103626 0.6569644 0.3072863 0.723074 0.7371993 0.7183099 0.7805494 0.7183099 0.7371993 0.7183099 0.7371993 0.7140319 0.7805494 0.7140319 0.7371993 0.7140319 0.7371993 0.7098003 0.7805494 0.7098003 0.7371993 0.7098003 0.7371993 0.7062158 0.7805494 0.7062158 0.7371993 0.2487589 0.5850263 0.2484488 0.6283764 0.2484488 0.5850263 0.2967154 0.7348675 0.2929041 0.7782176 0.2929041 0.7348675 0.2929041 0.7348675 0.2888804 0.7782176 0.2888804 0.7348675 0.2888804 0.7348675 0.2845957 0.7782176 0.2845957 0.7348675 0.2845957 0.7348675 0.2798268 0.7782176 0.2798268 0.7348675 0.1439442 0.5347228 0.1438919 0.5392127 0.1433539 0.5391261 0.2408089 0.734882 0.2741569 0.7782176 0.2408085 0.7782924 0.6541299 0.1247053 0.6547122 0.1237767 0.6547018 0.1276918 0.1477816 0.5265771 0.1471986 0.5259232 0.1478022 0.5224234 0.7287412 0.7371993 0.723074 0.7805494 0.723074 0.7371993 0.1446447 0.5303868 0.1444154 0.5351155 0.1439442 0.5347228 0.1472041 0.5190584 0.1471323 0.5231043 0.1467825 0.523048 0.6547018 0.1276918 0.6550747 0.1238075 0.6550818 0.1277241 0.6568075 0.1079049 0.6562587 0.0841189 0.6568563 0.08416962 0.653671 0.1204375 0.6543543 0.1211904 0.6541299 0.1247053 0.1433539 0.5391261 0.1412703 0.5633888 0.1407379 0.5633031 0.147036 0.5397188 0.1438903 0.5638105 0.1464979 0.5396321 0.653671 0.1204375 0.6537981 0.1150785 0.6540296 0.1181465 0.656449 0.1165093 0.6561651 0.111886 0.656688 0.1122362 0.1478022 0.5224234 0.1471323 0.5231043 0.1475709 0.5191174 0.6533439 0.1162456 0.6536315 0.1116708 0.6537981 0.1150785 0.762086 0.7372137 0.7287412 0.7805494 0.7287412 0.7371993 0.7195411 0.3225071 0.6569644 0.3267328 0.6569644 0.3225071 0.2390767 0.5119877 0.3016326 0.5350873 0.2389687 0.5350875 0.1472041 0.5190584 0.1724427 0.2851914 0.1475709 0.5191174 0.1755516 0.1206478 0.1748852 0.1211314 0.175198 0.1182959 0.1204454 0.5221775 0.1199763 0.5276659 0.1196708 0.5263674 0.121524 0.5356127 0.1224252 0.5312594 0.122062 0.5356993 0.1213544 0.5179421 0.1218085 0.5190286 0.1211815 0.5215759 0.1763048 0.5383867 0.2388606 0.5152848 0.2389687 0.5383868 0.1762839 0.5152848 0.2388606 0.511061 0.2388606 0.5152848 0.1730002 0.107629 0.1725529 0.1119326 0.1724428 0.1075813 0.1228076 0.5225576 0.1220973 0.5280072 0.1222075 0.5248664 0.1761323 0.112239 0.1757001 0.1078601 0.1762574 0.1079078 0.1762838 0.4987229 0.2388606 0.4958681 0.2388606 0.4987229 0.2390767 0.507762 0.3016535 0.5035816 0.3016535 0.507762 0.2390767 0.5035816 0.3016535 0.4995261 0.3016535 0.5035816 0.2390767 0.4995261 0.3016535 0.4956175 0.3016535 0.4995261 0.1755516 0.1206478 0.175436 0.1152675 0.1758876 0.116512 0.1204454 0.5221775 0.1211815 0.5215759 0.1205356 0.5245973 0.8179578 0.7371955 0.8122879 0.7805456 0.8122879 0.7371955 0.1724428 0.1075813 0.1730199 0.08388859 0.1730002 0.107629 0.1751097 0.1246224 0.1745036 0.1238093 0.1748852 0.1211314 0.1226676 0.5268498 0.1218868 0.5314896 0.1220973 0.5280072 0.2388606 0.4987229 0.1762838 0.5028347 0.1762838 0.4987229 0.2388606 0.5028347 0.1762839 0.5068845 0.1762838 0.5028347 0.2388606 0.5068845 0.1762839 0.511061 0.1762839 0.5068845 0.3016535 0.4925411 0.2390767 0.4956175 0.2390767 0.4925411 0.4861886 0.7388349 0.4814246 0.782185 0.4814246 0.7388349 0.4814246 0.7388349 0.4771465 0.782185 0.4771465 0.7388349 0.4771465 0.7388349 0.4729149 0.782185 0.4729149 0.7388349 0.4729149 0.7388349 0.4693304 0.782185 0.4693304 0.7388349 0.2546214 0.5850271 0.2543113 0.6283772 0.2543113 0.5850271 0.8348464 0.7371955 0.8310351 0.7805456 0.8310351 0.7371955 0.8310351 0.7371955 0.8270114 0.7805456 0.8270114 0.7371955 0.8270114 0.7371955 0.8227267 0.7805456 0.8227267 0.7371955 0.8227267 0.7371955 0.8179578 0.7805456 0.8179578 0.7371955 0.1189702 0.5307034 0.118918 0.5351933 0.1183799 0.5351067 0.7789399 0.73721 0.8122879 0.7805456 0.7789398 0.7806205 0.1735576 0.1247065 0.1741411 0.1237782 0.1741256 0.1276933 0.1228076 0.5225576 0.1222246 0.5219038 0.1228283 0.518404 0.4918558 0.7388349 0.4861886 0.782185 0.4861886 0.7388349 0.1196708 0.5263674 0.1194415 0.531096 0.1189702 0.5307034 0.1222301 0.5150389 0.1221584 0.5190848 0.1218085 0.5190286 0.1741256 0.1276933 0.1745036 0.1238093 0.1745055 0.1277258 0.1762835 0.08416789 0.1757001 0.1078601 0.1757319 0.08412069 0.1731044 0.1204383 0.1737867 0.1211916 0.1735576 0.1247065 0.1183799 0.5351067 0.1162907 0.5593684 0.1157591 0.5592828 0.1194409 0.5598754 0.121524 0.5356127 0.122062 0.5356993 0.1731044 0.1204383 0.1732385 0.1150795 0.173466 0.1181476 0.1758876 0.116512 0.1756098 0.1118885 0.1761323 0.112239 0.1228283 0.518404 0.1221584 0.5190848 0.1225969 0.5150979 0.1727828 0.1162462 0.1730765 0.1116716 0.1732385 0.1150795 0.5252005 0.7388494 0.4918558 0.782185 0.4918558 0.7388349 0.3016535 0.507762 0.2390767 0.5119877 0.2390767 0.507762 0.1378812 0.6249834 0.1404416 0.6155295 0.139396 0.6252272 0.6468439 0.6275061 0.6407037 0.6196547 0.6473934 0.6273356 0.2591941 0.535089 0.2586832 0.5416224 0.2586832 0.5350888 0.1455727 0.5679423 0.1444671 0.5639033 0.1459819 0.5641471 0.1423835 0.5975198 0.1426679 0.5805897 0.1441827 0.5808334 0.4418454 0.6326209 0.4291871 0.618716 0.4297379 0.6185476 0.3937649 0.5324433 0.3961318 0.5333729 0.3937643 0.5333729 0.3656942 0.3726853 0.3658404 0.3822448 0.3652455 0.3821806 0.6407037 0.6196547 0.6373754 0.6166347 0.6379249 0.6164641 0.602153 0.6562533 0.61374 0.6566074 0.602153 0.6566074 0.7938423 0.5827583 0.8014246 0.5653709 0.8014094 0.582763 0.2591941 0.5416226 0.2586832 0.543756 0.2586832 0.5416224 0.1404416 0.6155295 0.1408687 0.597276 0.1423835 0.5975198 0.1426679 0.5805897 0.1445875 0.577079 0.1441827 0.5808334 0.2591941 0.5828788 0.2586832 0.5850272 0.2586832 0.5828787 0.6136828 0.3643937 0.6150251 0.3665992 0.6136828 0.3666015 0.3652455 0.3821806 0.3650047 0.3999179 0.3644098 0.3998537 0.1430727 0.5768352 0.1455727 0.5679423 0.1445875 0.577079 0.6495929 0.6306623 0.6473934 0.6273356 0.6501424 0.6304919 0.6501424 0.6304919 0.6498894 0.6265611 0.6526383 0.6297172 0.3625431 0.3818891 0.3644098 0.3998537 0.3617074 0.3995621 0.2586832 0.5828787 0.2563622 0.5850264 0.2563622 0.5828779 0.2586832 0.5416224 0.2563622 0.5437552 0.2563622 0.5416217 0.602153 0.6566074 0.61374 0.6582158 0.602153 0.6582158 0.6431996 0.6188802 0.6379249 0.6164641 0.6404208 0.6156896 0.3629916 0.3723964 0.3652455 0.3821806 0.3625431 0.3818891 0.4418454 0.6326209 0.4322399 0.6177824 0.4443474 0.6318557 0.2586832 0.5350888 0.2563622 0.5416217 0.2563622 0.5350881 0.6498894 0.6265611 0.6407037 0.6196547 0.6431996 0.6188802 0.1378812 0.6249834 0.13835 0.6151929 0.1389268 0.6152858 0.1434811 0.5676057 0.1444671 0.5639033 0.1440579 0.5676985 0.1408687 0.597276 0.1420911 0.5804968 0.1426679 0.5805897 0.3937652 0.5320894 0.3961324 0.5324433 0.3937649 0.5324433 0.4635298 0.3620627 0.4667709 0.08384233 0.4666326 0.3620635 0.13835 0.6151929 0.1408687 0.597276 0.1389268 0.6152858 0.1426679 0.5805897 0.1424959 0.5767424 0.1430727 0.5768352 0.652672 0.3621102 0.6498054 0.083889 0.6529924 0.083889 0.1424959 0.5767424 0.1440579 0.5676985 0.1430727 0.5768352 0.6498894 0.6265611 0.6437069 0.6187228 0.6503966 0.6264036 0.2563622 0.5350881 0.2558906 0.5416215 0.2558906 0.5350878 0.4448558 0.6317003 0.4322399 0.6177824 0.4327484 0.6176269 0.3624424 0.3723376 0.3625431 0.3818891 0.3619939 0.3818299 0.6437069 0.6187228 0.6404208 0.6156896 0.640928 0.6155323 0.602153 0.6582158 0.61374 0.6585426 0.602153 0.6585426 0.2563622 0.5416217 0.2558906 0.543755 0.2558906 0.5416215 0.2563622 0.5828779 0.2558906 0.5850263 0.2558906 0.5828778 0.3619939 0.3818299 0.3617074 0.3995621 0.3611583 0.3995029 0.6526383 0.6297172 0.6503966 0.6264036 0.6531456 0.6295599 0.1373044 0.6248905 0.13573 0.6147713 0.13835 0.6151929 0.1408611 0.567184 0.1438903 0.5638105 0.1434811 0.5676057 0.1402919 0.5971831 0.1394712 0.5800752 0.1420911 0.5804968 0.3937662 0.5304815 0.3961327 0.5320894 0.3937652 0.5320894 0.4320271 0.3620665 0.4034196 0.08388549 0.4319741 0.08387082 0.13573 0.6147713 0.1402919 0.5971831 0.13835 0.6151929 0.1420911 0.5804968 0.139876 0.5763207 0.1424959 0.5767424 0.1123225 0.6208698 0.08142071 0.9121301 0.08088827 0.9120445 0.139876 0.5763207 0.1434811 0.5676057 0.1424959 0.5767424 0.6545104 0.6291363 0.6503966 0.6264036 0.6517614 0.6259801 0.3619939 0.3818299 0.3596805 0.3993435 0.3605162 0.3816704 0.2558906 0.5828778 0.2546214 0.5850258 0.2546214 0.5828773 0.2558906 0.5416215 0.2546214 0.5437546 0.2546214 0.5416211 0.602153 0.6585426 0.61374 0.659422 0.602153 0.659422 0.6437069 0.6187228 0.6422929 0.6151086 0.6450717 0.6182991 0.3609647 0.3721796 0.3619939 0.3818299 0.3605162 0.3816704 0.4448558 0.6317003 0.4341165 0.6172085 0.4462239 0.6312819 0.2558906 0.5350878 0.2546214 0.5416211 0.2546214 0.5350875 0.6517614 0.6259801 0.6437069 0.6187228 0.6450717 0.6182991 0.1346845 0.6244689 0.1351976 0.6146855 0.13573 0.6147713 0.1403287 0.5670984 0.1412703 0.5633888 0.1408611 0.567184 0.137672 0.5967615 0.1389387 0.5799894 0.1394712 0.5800752 0.3937665 0.5301547 0.3961338 0.5304815 0.3937662 0.5304815 0.1097047 0.6204485 0.08088827 0.9120445 0.07827055 0.9116232 0.1351976 0.6146855 0.137672 0.5967615 0.13573 0.6147713 0.1389387 0.5799894 0.139876 0.5763207 0.1394712 0.5800752 0.1091731 0.620363 0.07827055 0.9116232 0.07773894 0.9115377 0.139876 0.5763207 0.1403287 0.5670984 0.1408611 0.567184 0.6706857 0.6201074 0.6645032 0.6122691 0.6711929 0.6199499 0.6881079 0.6945813 0.6786767 0.6942545 0.6881082 0.6942545 0.4657024 0.6253249 0.4530864 0.6114071 0.4535949 0.6112515 0.3399249 0.3699302 0.3400269 0.3794602 0.3394777 0.379401 0.6639959 0.6124265 0.6617243 0.6090785 0.6645032 0.6122691 0.6021531 0.6716164 0.61374 0.6719434 0.6021531 0.6719434 0.6786765 0.6945813 0.675597 0.6942545 0.6786767 0.6942545 0.6191223 0.6945813 0.6160211 0.6942545 0.6191225 0.6942545 0.3394777 0.379401 0.3391912 0.3971333 0.338642 0.3970741 0.6734346 0.6232636 0.6711929 0.6199499 0.6739419 0.6231061 0.1144012 0.6212044 0.1139006 0.6112579 0.1154468 0.6115068 0.1205779 0.5639194 0.1194409 0.5598754 0.1209871 0.5601243 0.1158425 0.5932481 0.1191879 0.5768106 0.1173887 0.5934969 0.3937757 0.5170848 0.3961425 0.5180338 0.393775 0.5180338 0.7488241 0.3431714 0.7473776 0.3484362 0.7473776 0.3430496 0.1139006 0.6112579 0.1173887 0.5934969 0.1154468 0.6115068 0.1191879 0.5768106 0.1180465 0.5728073 0.1195927 0.5730562 0.6123126 0.3643938 0.6136828 0.3665993 0.6123126 0.3666015 0.1180465 0.5728073 0.1205779 0.5639194 0.1195927 0.5730562 0.6739419 0.6231061 0.6736868 0.619176 0.6764357 0.6223323 0.3367776 0.3791097 0.338642 0.3970741 0.3359419 0.3967828 0.6191225 0.6942545 0.6160222 0.6926479 0.6191236 0.6926479 0.6786767 0.6942545 0.675598 0.6926479 0.6786778 0.6926479 0.6021531 0.6719434 0.61374 0.6735504 0.6021531 0.6735504 0.666997 0.6114951 0.6617243 0.6090785 0.6642182 0.6083046 0.3372246 0.3696416 0.3394777 0.379401 0.3367776 0.3791097 0.4657024 0.6253249 0.4560948 0.610487 0.4682022 0.6245604 0.6881082 0.6942545 0.6786778 0.6926479 0.6881092 0.6926479 0.6736868 0.619176 0.6645032 0.6122691 0.666997 0.6114951 0.1123225 0.6208698 0.1139006 0.6112579 0.1128549 0.6209555 0.1190316 0.5636706 0.1189084 0.5597897 0.1194409 0.5598754 0.11531 0.5931624 0.1176416 0.5765617 0.1158425 0.5932481 0.3937759 0.5167581 0.3961431 0.5170848 0.3937757 0.5170848 0.3656942 0.3726853 0.3797617 0.08700788 0.3662891 0.3727489 0.1133682 0.6111722 0.1158425 0.5932481 0.1139006 0.6112579 0.1176416 0.5765617 0.1175141 0.5727216 0.1180465 0.5728073 0.3624424 0.3723376 0.3764642 0.08665531 0.3629916 0.3723964 0.1180465 0.5728073 0.1184992 0.5635849 0.1190316 0.5636706 0.6741932 0.6190189 0.666997 0.6114951 0.6675035 0.611338 0.6881092 0.6926479 0.678678 0.6923218 0.6881095 0.6923218 0.4682022 0.6245604 0.4566025 0.6103318 0.4687099 0.6244052 0.3366763 0.3695829 0.3367776 0.3791097 0.3362293 0.3790506 0.666997 0.6114951 0.6647247 0.6081475 0.6675035 0.611338 0.6021531 0.6735504 0.61374 0.6738767 0.6021531 0.6738767 0.6786778 0.6926479 0.6755983 0.6923218 0.678678 0.6923218 0.6191236 0.6926479 0.6160225 0.6923218 0.6191239 0.6923218 0.3367776 0.3791097 0.3353936 0.3967236 0.3362293 0.3790506 0.6764357 0.6223323 0.6741932 0.6190189 0.6769422 0.6221751 0.1123225 0.6208698 0.1107504 0.6107509 0.1133682 0.6111722 0.1184992 0.5635849 0.1162907 0.5593684 0.1189084 0.5597897 0.11531 0.5931624 0.1144915 0.5760547 0.1171092 0.576476 0.393777 0.5151516 0.3961434 0.5167581 0.3937759 0.5167581 0.3629916 0.3723964 0.3791667 0.08694422 0.3656942 0.3726853 0.1107504 0.6107509 0.11531 0.5931624 0.1133682 0.6111722 0.1171092 0.576476 0.1148963 0.5723003 0.1175141 0.5727216 0.5896874 0.3620626 0.5930814 0.08384317 0.5927905 0.3620644 0.1148963 0.5723003 0.1184992 0.5635849 0.1175141 0.5727216 0.6773634 0.6220445 0.6741932 0.6190189 0.6746144 0.6188881 0.3357732 0.3790014 0.3353936 0.3967236 0.3349375 0.3966745 0.6191239 0.6923218 0.6160227 0.6920505 0.6191241 0.6920505 0.678678 0.6923218 0.6755985 0.6920505 0.6786782 0.6920503 0.6021531 0.6738767 0.61374 0.6741481 0.6021531 0.6741481 0.6675035 0.611338 0.6651459 0.6080167 0.6679247 0.6112073 0.3362202 0.3695344 0.3362293 0.3790506 0.3357732 0.3790014 0.4691322 0.6242759 0.4566025 0.6103318 0.4570247 0.6102027 0.6881095 0.6923218 0.6786782 0.6920503 0.6881097 0.6920503 0.6746144 0.6188881 0.6675035 0.611338 0.6679247 0.6112073 0.1097047 0.6204485 0.1102188 0.6106653 0.1107504 0.6107509 0.1158815 0.5631636 0.1157591 0.5592828 0.1162907 0.5593684 0.1126922 0.592741 0.1139599 0.5759692 0.1144915 0.5760547 0.3937772 0.5148254 0.3961445 0.5151516 0.393777 0.5151516 0.5267651 0.3620571 0.5297995 0.08386141 0.529952 0.3620571 0.1107504 0.6107509 0.1121607 0.5926555 0.1126922 0.592741 0.1144915 0.5760547 0.1143647 0.5722147 0.1148963 0.5723003 0.5264603 0.3620862 0.5234256 0.08386498 0.5266126 0.08386498 0.1143647 0.5722147 0.1158815 0.5631636 0.1148963 0.5723003 0.2539864 0.5850271 0.2543113 0.6283716 0.2539864 0.6283715 0.1659303 0.1009001 0.1667506 0.09714627 0.1662971 0.1009591 0.6569644 0.3072863 0.7195411 0.08384144 0.7195411 0.3072863 0.2390767 0.1068358 0.3016535 0.09700453 0.3016535 0.1068358 0.6547018 0.1276918 0.6546308 0.3573141 0.6542508 0.3572819 0.172498 0.5239744 0.1728303 0.534107 0.1724503 0.5340744 0.3016536 0.6834841 0.3642302 0.4600202 0.3642303 0.6834841 0.1762836 0.1101308 0.2388603 0.1002988 0.2388603 0.1101307 0.1724428 0.6034658 0.172954 0.6231161 0.1724428 0.6231163 0.1724428 0.601258 0.1729539 0.6034649 0.1724428 0.6034658 0.1729539 0.6034649 0.1752756 0.6231158 0.172954 0.6231161 0.1729539 0.6012572 0.1752756 0.603461 0.1729539 0.6034649 0.1752756 0.603461 0.1757474 0.6231157 0.1752756 0.6231158 0.1752756 0.6012533 0.1757473 0.6034602 0.1752756 0.603461 0.2967377 0.5872457 0.2972096 0.6070267 0.2967377 0.6070268 0.2967377 0.585038 0.2972095 0.5872449 0.2967377 0.5872457 0.2972095 0.5872449 0.2995293 0.6070263 0.2972096 0.6070267 0.2972095 0.5850371 0.2995292 0.5872409 0.2972095 0.5872449 0.2995292 0.5872409 0.3000004 0.6070262 0.2995293 0.6070263 0.2995292 0.5850332 0.3000003 0.5872402 0.2995292 0.5872409 0.5581906 0.3620505 0.5297995 0.08386141 0.5581654 0.08385485 0.3366763 0.3695829 0.3506959 0.08390003 0.3372246 0.3696416 0.3372246 0.3696416 0.3533961 0.08418875 0.3399249 0.3699302 0.1346845 0.6244689 0.1058711 0.9160657 0.1032511 0.9156441 0.134152 0.6243831 0.1032511 0.9156441 0.1027187 0.9155583 0.4005532 0.3620811 0.4034196 0.08388549 0.4037402 0.3620811 0.3399249 0.3699302 0.3539453 0.08424746 0.3404741 0.3699889 0.1373044 0.6248905 0.1064479 0.9161586 0.1058711 0.9160657 0.1623289 0.5799345 0.1647953 0.5710362 0.1638101 0.5801729 0.6176937 0.3643937 0.6190063 0.3665992 0.6176937 0.3666015 0.1634054 0.5839273 0.1623289 0.5799345 0.1638101 0.5801729 0.158183 0.618385 0.1616061 0.6006135 0.1596642 0.6186234 0.7419294 0.6107102 0.7405131 0.6050562 0.7419294 0.6052086 0.3937566 0.5442607 0.3961235 0.5451697 0.393756 0.5451697 0.1616061 0.6006135 0.1619241 0.5836889 0.1634054 0.5839273 0.1633141 0.5707978 0.1652045 0.567241 0.1647953 0.5710362 0.1571373 0.6280825 0.1596642 0.6186234 0.1586186 0.6283209 0.628799 0.633106 0.6218094 0.6255181 0.6221092 0.6254251 0.3972122 0.6553347 0.3857585 0.6374196 0.3972122 0.637949 0.423206 0.6383213 0.410798 0.6243398 0.4110985 0.6242479 0.3858276 0.3748378 0.3857024 0.3843873 0.3853777 0.3843523 0.6221092 0.6254251 0.6190306 0.6223276 0.6193304 0.6222346 0.602153 0.6444323 0.6137399 0.6446256 0.602153 0.6446256 0.4509301 0.6994397 0.4550957 0.6978854 0.4554682 0.6999788 0.5236048 0.6457714 0.5219386 0.6393855 0.5236048 0.6392368 0.3853777 0.3843523 0.3848667 0.4020603 0.3845421 0.4020254 0.6312481 0.6363552 0.628799 0.633106 0.6315479 0.6362622 0.6328108 0.6358702 0.628799 0.633106 0.6300619 0.632714 0.3853777 0.3843523 0.3831747 0.4018778 0.3840104 0.3842048 0.249574 0.5828777 0.2483997 0.5850259 0.2483997 0.5828773 0.249574 0.5416215 0.2483997 0.5437546 0.2483997 0.5416211 0.602153 0.6446256 0.6137399 0.6454393 0.602153 0.6454393 0.6221092 0.6254251 0.6205933 0.6218426 0.6233721 0.6250331 0.3844602 0.3746916 0.3853777 0.3843523 0.3840104 0.3842048 0.423206 0.6383213 0.4123645 0.6238608 0.4244719 0.6379342 0.249574 0.5350878 0.2483997 0.5416211 0.2483997 0.5350875 0.6300619 0.632714 0.6221092 0.6254251 0.6233721 0.6250331 0.1620142 0.5798838 0.1633141 0.5707978 0.1623289 0.5799345 0.8001837 0.1515263 0.802698 0.1492439 0.8027142 0.1515243 0.1619241 0.5836889 0.1620142 0.5798838 0.1623289 0.5799345 0.1578683 0.6183343 0.1601249 0.6003752 0.158183 0.618385 0.4003416 0.7283453 0.3977948 0.7457354 0.3978108 0.7283431 0.3937568 0.5440675 0.3961241 0.5442607 0.3937566 0.5442607 0.1598102 0.6003245 0.1619241 0.5836889 0.1601249 0.6003752 0.1629993 0.5707471 0.1637233 0.5670025 0.1633141 0.5707978 0.1568226 0.6280319 0.158183 0.618385 0.1571373 0.6280825 0.6303846 0.6326139 0.6233721 0.6250331 0.6236948 0.624933 0.4444867 0.7404744 0.4623028 0.7383663 0.4626781 0.7404744 0.4247955 0.6378353 0.4123645 0.6238608 0.412688 0.6237618 0.3841108 0.3746542 0.3840104 0.3842048 0.383661 0.3841671 0.6233721 0.6250331 0.620916 0.6217425 0.6236948 0.624933 0.602153 0.6454393 0.6137399 0.6456473 0.602153 0.6456473 0.4266307 0.738338 0.4410746 0.7213094 0.4441114 0.7383661 0.4293447 0.7210542 0.4406775 0.7190791 0.4410746 0.7213094 0.383661 0.3841671 0.3831747 0.4018778 0.3828253 0.4018402 0.6331335 0.6357701 0.6300619 0.632714 0.6303846 0.6326139 0.1606886 0.5796704 0.1629993 0.5707471 0.1620142 0.5798838 0.1750604 0.5948818 0.1762351 0.5970876 0.1750604 0.5970895 0.1602838 0.5834249 0.1620142 0.5798838 0.1616094 0.5836382 0.1578683 0.6183343 0.1584846 0.6001111 0.1598102 0.6003245 0.79891 0.6089819 0.7913587 0.6263783 0.7913436 0.6089864 0.3937574 0.543254 0.3961243 0.5440675 0.3937568 0.5440675 0.1598102 0.6003245 0.1602838 0.5834249 0.1616094 0.5836382 0.1629993 0.5707471 0.162083 0.5667386 0.1634085 0.5669519 0.155497 0.6278186 0.1578683 0.6183343 0.1568226 0.6280319 0.6345108 0.6353427 0.6303846 0.6326139 0.6317619 0.6321865 0.383661 0.3841671 0.3813341 0.4016793 0.3821698 0.3840063 0.2521706 0.6328174 0.2508899 0.6349655 0.2508899 0.632817 0.2521706 0.5915612 0.2508898 0.5936942 0.2508898 0.5915607 0.602153 0.6456473 0.6137399 0.6465347 0.602153 0.6465347 0.6236948 0.624933 0.6222933 0.621315 0.6250721 0.6245055 0.3826195 0.3744948 0.383661 0.3841671 0.3821698 0.3840063 0.4247955 0.6378353 0.4140686 0.6233397 0.426176 0.637413 0.2521706 0.5850275 0.2508898 0.5915607 0.2508898 0.5850271 0.6317619 0.6321865 0.6236948 0.624933 0.6250721 0.6245055 0.1603498 0.5796159 0.1616737 0.5705338 0.1606886 0.5796704 0.8001514 0.1296647 0.802698 0.1492439 0.8001675 0.149246 0.159945 0.5833703 0.1606886 0.5796704 0.1602838 0.5834249 0.1562039 0.6180664 0.1584846 0.6001111 0.1565427 0.6181209 0.1216136 0.6223651 0.121719 0.6242489 0.1214157 0.6242 0.3937575 0.5430461 0.3961248 0.543254 0.3937574 0.543254 0.1581458 0.6000567 0.1602838 0.5834249 0.1584846 0.6001111 0.1616737 0.5705338 0.1617442 0.5666841 0.162083 0.5667386 0.1551583 0.627764 0.1565427 0.6181209 0.155497 0.6278186 0.6320569 0.6320949 0.6250721 0.6245055 0.6253672 0.6244141 0.4296996 0.7187942 0.4372768 0.6999787 0.4406775 0.7190791 0.4264718 0.6373226 0.4140686 0.6233397 0.4143643 0.6232492 0.3823 0.3744606 0.3821698 0.3840063 0.3818504 0.3839718 0.6250721 0.6245055 0.6225883 0.6212236 0.6253672 0.6244141 0.602153 0.6465347 0.6137399 0.6467248 0.602153 0.6467248 0.2967374 0.5915669 0.2950699 0.5851839 0.2967374 0.5850325 0.2786331 0.5915669 0.2769656 0.585184 0.2786331 0.5850325 0.3821698 0.3840063 0.3810147 0.4016448 0.3818504 0.3839718 0.6348059 0.6352512 0.6317619 0.6321865 0.6320569 0.6320949 0.1603498 0.5796159 0.1598892 0.5702466 0.1613349 0.5704793 0.623129 0.3621124 0.6244101 0.364318 0.623129 0.3643202 0.1584993 0.5831376 0.1603498 0.5796159 0.159945 0.5833703 0.1562039 0.6180664 0.1567001 0.599824 0.1581458 0.6000567 0.8047139 0.6897553 0.7971612 0.709333 0.7971476 0.6897589 0.3937581 0.5421589 0.396125 0.5430461 0.3937575 0.5430461 0.1581458 0.6000567 0.1584993 0.5831376 0.159945 0.5833703 0.1613349 0.5704793 0.1602985 0.5664513 0.1617442 0.5666841 0.1537126 0.6275313 0.1562039 0.6180664 0.1551583 0.627764 0.6362209 0.634812 0.6320569 0.6320949 0.6334719 0.6316558 0.3818504 0.3839718 0.3794826 0.4014796 0.3803183 0.3838065 0.2508899 0.5828778 0.249574 0.5850258 0.249574 0.5828773 0.2508898 0.5416215 0.249574 0.5437546 0.249574 0.5416211 0.602153 0.6467248 0.6137399 0.6476367 0.602153 0.6476367 0.6253672 0.6244141 0.6240034 0.6207844 0.6267822 0.6239749 0.3807679 0.3742969 0.3818504 0.3839718 0.3803183 0.3838065 0.4264718 0.6373226 0.4157828 0.6228154 0.4278903 0.6368888 0.2508898 0.5350879 0.249574 0.5416211 0.249574 0.5350875 0.6334719 0.6316558 0.6253672 0.6244141 0.6267822 0.6239749 0.1585944 0.5793334 0.1598892 0.5702466 0.1589041 0.5793833 0.7989118 0.5217499 0.8014582 0.53914 0.7989276 0.5391421 0.1581896 0.5830878 0.1589041 0.5793833 0.1584993 0.5831376 0.1547582 0.6178337 0.1563904 0.5997741 0.1567001 0.599824 0.6061186 0.7322961 0.6035858 0.7344437 0.6035878 0.7322941 0.3937582 0.5419688 0.3961256 0.5421589 0.3937581 0.5421589 0.1567001 0.599824 0.1581896 0.5830878 0.1584993 0.5831376 0.1598892 0.5702466 0.1599888 0.5664016 0.1602985 0.5664513 0.1534029 0.6274815 0.1547582 0.6178337 0.1537126 0.6275313 0.6334719 0.6316558 0.627077 0.6238834 0.6337667 0.6315644 0.5627906 0.6904973 0.5513285 0.6725788 0.5627905 0.6731116 0.4281857 0.6367984 0.4157828 0.6228154 0.4160783 0.622725 0.3804487 0.3742627 0.3803183 0.3838065 0.3799992 0.3837721 0.6267822 0.6239749 0.6242982 0.6206929 0.627077 0.6238834 0.602153 0.6476367 0.6137399 0.6478267 0.602153 0.6478267 0.7857403 0.6940414 0.7883654 0.6877166 0.7895887 0.6946046 0.1263474 0.560987 0.127981 0.5480842 0.1266508 0.5610358 0.3799992 0.3837721 0.3794826 0.4014796 0.3791635 0.4014452 0.6365157 0.6347206 0.6334719 0.6316558 0.6337667 0.6315644 0.1571091 0.5790944 0.1595796 0.5701968 0.1585944 0.5793334 0.6165974 0.3621125 0.6179136 0.364318 0.6165974 0.3643202 0.1567043 0.5828487 0.1585944 0.5793334 0.1581896 0.5830878 0.1544485 0.6177839 0.1549051 0.599535 0.1563904 0.5997741 0.7951176 0.1253053 0.8026992 0.1079179 0.8026847 0.1253098 0.3937588 0.5410574 0.3961257 0.5419688 0.3937582 0.5419688 0.1563904 0.5997741 0.1567043 0.5828487 0.1581896 0.5830878 0.1595796 0.5701968 0.1585035 0.5661625 0.1599888 0.5664016 0.1519175 0.6272425 0.1544485 0.6177839 0.1534029 0.6274815 0.6365157 0.6347206 0.6352066 0.6311175 0.6379556 0.6342737 0.3799992 0.3837721 0.3776045 0.401277 0.3784402 0.3836039 0.3991731 0.5577494 0.3978341 0.5598975 0.3978341 0.557749 0.3991731 0.5164932 0.3978341 0.5186263 0.3978341 0.5164927 0.602153 0.6478267 0.6137399 0.6487545 0.602153 0.6487545 0.627077 0.6238834 0.625738 0.6202461 0.6285169 0.6234366 0.3788896 0.374096 0.3799992 0.3837721 0.3784402 0.3836039 0.4281857 0.6367984 0.4175217 0.6222836 0.4296291 0.636357 0.3991731 0.5099596 0.3978341 0.5164927 0.3978341 0.5099591 0.6352066 0.6311175 0.627077 0.6238834 0.6285169 0.6234366 0.1571091 0.5790944 0.1577848 0.5699079 0.1580942 0.5699577 0.3572567 0.3717832 0.3570326 0.3699496 0.3573418 0.3699826 0.1563948 0.582799 0.1571091 0.5790944 0.1567043 0.5828487 0.1526538 0.6174951 0.1549051 0.599535 0.1529632 0.6175449 0.7951313 0.1951371 0.792616 0.1928548 0.7951468 0.1928569 0.393759 0.5408674 0.3961264 0.5410574 0.3937588 0.5410574 0.1545956 0.5994853 0.1567043 0.5828487 0.1549051 0.599535 0.1580942 0.5699577 0.158194 0.5661126 0.1585035 0.5661625 0.1516081 0.6271926 0.1529632 0.6175449 0.1519175 0.6272425 0.6354899 0.6310296 0.6285169 0.6234366 0.6288002 0.6233487 0.6546375 0.6112778 0.6534678 0.6103504 0.6537817 0.6102879 0.4299131 0.6362702 0.4175217 0.6222836 0.4178056 0.6221967 0.3785829 0.3740633 0.3784402 0.3836039 0.3781335 0.3835708 0.6285169 0.6234366 0.6260213 0.6201582 0.6288002 0.6233487 0.602153 0.6487545 0.6137399 0.648937 0.602153 0.648937 0.1511242 0.5649748 0.1527755 0.5520803 0.1514459 0.5650265 0.4448222 0.7383381 0.459266 0.7213096 0.4623028 0.7383663 0.3784402 0.3836039 0.3772978 0.4012439 0.3781335 0.3835708 0.6379556 0.6342737 0.6354899 0.6310296 0.6382389 0.6341858 0.1552882 0.5788013 0.1577848 0.5699079 0.1567996 0.5790446 0.615258 0.3621125 0.6165974 0.364318 0.615258 0.3643203 0.1563948 0.582799 0.1552882 0.5788013 0.1567996 0.5790446 0.1526538 0.6174951 0.1530842 0.599242 0.1545956 0.5994853 0.8292766 0.4998831 0.8217109 0.5194198 0.8217102 0.4998832 0.3937596 0.5399399 0.3961265 0.5408674 0.393759 0.5408674 0.1545956 0.5994853 0.1548834 0.5825557 0.1563948 0.582799 0.1577848 0.5699079 0.1566826 0.5658694 0.158194 0.5661126 0.1500967 0.6269493 0.1526538 0.6174951 0.1516081 0.6271926 0.6382389 0.6341858 0.6368472 0.6306084 0.6395961 0.6337646 0.3766639 0.3834123 0.3772978 0.4012439 0.3758283 0.4010854 0.2534328 0.6328174 0.2521706 0.6349655 0.2521706 0.632817 0.2534328 0.5915612 0.2521706 0.5936942 0.2521706 0.5915607 0.602153 0.648937 0.6137399 0.6498116 0.602153 0.6498116 0.6288002 0.6233487 0.6273786 0.6197369 0.6301574 0.6229274 0.3771133 0.3739061 0.3781335 0.3835708 0.3766639 0.3834123 0.4312736 0.635854 0.4178056 0.6221967 0.4191662 0.6217806 0.2534328 0.5850275 0.2521706 0.5915607 0.2521706 0.5850271 0.6368472 0.6306084 0.6288002 0.6233487 0.6301574 0.6229274 0.1549909 0.5787535 0.1562734 0.5696646 0.1552882 0.5788013 0.8001933 0.3433546 0.8027254 0.345502 0.8001949 0.3455041 0.1548834 0.5825557 0.1549909 0.5787535 0.1552882 0.5788013 0.1511423 0.6172518 0.1527869 0.5991941 0.1530842 0.599242 0.1568226 0.6280319 0.1569395 0.6299174 0.1566247 0.6298667 0.3937598 0.5397574 0.3961272 0.5399399 0.3937596 0.5399399 0.1527869 0.5991941 0.1548834 0.5825557 0.1530842 0.599242 0.1562734 0.5696646 0.1563853 0.5658215 0.1566826 0.5658694 0.1497993 0.6269015 0.1511423 0.6172518 0.1500967 0.6269493 0.6368472 0.6306084 0.6304404 0.6228397 0.6371301 0.6305206 0.5627905 0.6731116 0.5520713 0.6703913 0.5627905 0.6708381 0.4312736 0.635854 0.4194498 0.621694 0.4315572 0.6357674 0.3768069 0.3738734 0.3766639 0.3834123 0.3763576 0.3833793 0.6304404 0.6228397 0.6273786 0.6197369 0.6276615 0.6196492 0.602153 0.6498116 0.6137399 0.6499939 0.602153 0.6499939 0.5124754 0.6956781 0.5150989 0.6893592 0.5163066 0.6962454 0.5627905 0.6708381 0.5584332 0.6516577 0.5627904 0.6513693 0.3766639 0.3834123 0.3755219 0.4010523 0.3763576 0.3833793 0.6398791 0.6336768 0.6368472 0.6306084 0.6371301 0.6305206 0.1535661 0.5785241 0.155976 0.5696168 0.1549909 0.5787535 0.6244101 0.3621124 0.6256726 0.364318 0.6244101 0.3643202 0.154586 0.5825079 0.1535661 0.5785241 0.1549909 0.5787535 0.1494202 0.6169746 0.1527869 0.5991941 0.1508449 0.617204 0.7360627 0.3629117 0.7345641 0.357248 0.7360627 0.3574103 0.3937604 0.5388831 0.3961273 0.5397574 0.3937598 0.5397574 0.1513621 0.5989648 0.154586 0.5825079 0.1527869 0.5991941 0.155976 0.5696168 0.1549605 0.5655922 0.1563853 0.5658215 0.1483746 0.6266723 0.1508449 0.617204 0.1497993 0.6269015 0.6412819 0.6332414 0.6371301 0.6305206 0.6385329 0.6300852 0.3748387 0.3832154 0.3755219 0.4010523 0.3740031 0.4008885 0.4042353 0.6093766 0.4029307 0.6115246 0.4029307 0.6093761 0.4042353 0.5681204 0.4029307 0.5702534 0.4029307 0.5681199 0.602153 0.6499939 0.6137399 0.6508979 0.602153 0.6508979 0.6318432 0.6224043 0.6276615 0.6196492 0.6290644 0.6192138 0.375288 0.3737109 0.3763576 0.3833793 0.3748387 0.3832154 0.4329635 0.6353372 0.4194498 0.621694 0.4208561 0.6212639 0.4042353 0.5615867 0.4029307 0.5681199 0.4029307 0.5615863 0.6371301 0.6305206 0.6318432 0.6224043 0.6385329 0.6300852 0.1535661 0.5785241 0.1542543 0.5693396 0.1545513 0.5693874 0.7938576 0.5653662 0.7913115 0.5827562 0.7913268 0.5653641 0.1528643 0.5822307 0.1535661 0.5785241 0.1531614 0.5822785 0.1494202 0.6169746 0.1510652 0.598917 0.1513621 0.5989648 0.8195487 0.6790196 0.8170177 0.6811668 0.8170179 0.6790174 0.3937605 0.5387008 0.3961279 0.5388831 0.3937604 0.5388831 0.1513621 0.5989648 0.1528643 0.5822307 0.1531614 0.5822785 0.1545513 0.5693874 0.1546635 0.5655444 0.1549605 0.5655922 0.1483746 0.6266723 0.1491233 0.6169268 0.1494202 0.6169746 0.6388045 0.630001 0.6318432 0.6224043 0.6321147 0.6223201 0.6310334 0.6186028 0.6298454 0.6176798 0.6301783 0.6176137 0.4329635 0.6353372 0.4211282 0.6211807 0.4332357 0.635254 0.374994 0.3736795 0.3748387 0.3832154 0.3745447 0.3831837 0.6321147 0.6223201 0.6290644 0.6192138 0.6293359 0.6191295 0.602153 0.6508979 0.6137399 0.6510729 0.602153 0.6510729 0.5808789 0.6904973 0.5694168 0.6725788 0.5808788 0.6731116 0.7854059 0.6961626 0.7895887 0.6946046 0.7899602 0.6966982 0.3748387 0.3832154 0.3737091 0.4008567 0.3745447 0.3831837 0.6412819 0.6332414 0.6388045 0.630001 0.6415534 0.6331573 0.1517966 0.5782393 0.1542543 0.5693396 0.1532692 0.5784763 0.6203153 0.3643937 0.6216201 0.3665993 0.6203153 0.3666015 0.1513918 0.5819937 0.1532692 0.5784763 0.1528643 0.5822307 0.1476507 0.6166898 0.1510652 0.598917 0.1491233 0.6169268 0.8001837 0.1515263 0.7926317 0.1689225 0.7926173 0.1515306 0.3937612 0.5377971 0.396128 0.5387008 0.3937605 0.5387008 0.1510652 0.598917 0.1513918 0.5819937 0.1528643 0.5822307 0.1542543 0.5693396 0.153191 0.5653074 0.1546635 0.5655444 0.1480776 0.6266245 0.1476507 0.6166898 0.1491233 0.6169268 0.6429444 0.6327256 0.6388045 0.630001 0.6401954 0.6295693 0.3730387 0.3830212 0.3737091 0.4008567 0.3722031 0.4006943 0.4055287 0.6093766 0.4042353 0.6115247 0.4042353 0.6093761 0.4055287 0.5681204 0.4042353 0.5702534 0.4042352 0.5681199 0.602153 0.6510729 0.6137399 0.6519692 0.602153 0.6519692 0.6335057 0.6218884 0.6293359 0.6191295 0.6307269 0.6186979 0.3734879 0.3735185 0.3745447 0.3831837 0.3730387 0.3830212 0.4332357 0.635254 0.4225226 0.6207543 0.43463 0.6348276 0.4055287 0.5615867 0.4042352 0.5681199 0.4042352 0.5615863 0.6388045 0.630001 0.6335057 0.6218884 0.6401954 0.6295693 0.1517966 0.5782393 0.1524968 0.5690568 0.1527818 0.5691027 0.1463201 0.6263416 0.1464072 0.6282224 0.1461222 0.6281765 0.1513918 0.5819937 0.1515116 0.5781934 0.1517966 0.5782393 0.1476507 0.6166898 0.1493076 0.5986341 0.1495926 0.59868 0.7951622 0.1732776 0.792616 0.1928548 0.7926315 0.1732755 0.3937613 0.5376222 0.3961287 0.5377971 0.3937612 0.5377971 0.1493076 0.5986341 0.1513918 0.5819937 0.1495926 0.59868 0.1527818 0.5691027 0.152906 0.5652616 0.153191 0.5653074 0.1466051 0.6263875 0.1473657 0.6166439 0.1476507 0.6166898 0.6401954 0.6295693 0.6338122 0.6217933 0.640502 0.6294742 0.6699513 0.743045 0.6844092 0.7260159 0.6874409 0.743073 0.43463 0.6348276 0.4228298 0.6206603 0.4349372 0.6347336 0.373156 0.373483 0.3730387 0.3830212 0.3727069 0.3829855 0.6338122 0.6217933 0.6307269 0.6186979 0.6310334 0.6186028 0.602153 0.6519692 0.6137399 0.6521667 0.602153 0.6521667 0.4475361 0.7210543 0.4588689 0.7190791 0.459266 0.7213096 0.7789399 0.7371955 0.7967735 0.7350873 0.7971476 0.7371955 0.3730387 0.3830212 0.3718712 0.4006585 0.3727069 0.3829855 0.6432509 0.6326304 0.6401954 0.6295693 0.640502 0.6294742 0.1515116 0.5781934 0.1510367 0.5688218 0.1524968 0.5690568 0.6216202 0.3643937 0.622914 0.3665993 0.6216202 0.3666015 0.1496467 0.5817129 0.1515116 0.5781934 0.1511068 0.5819478 0.1459056 0.616409 0.1493076 0.5986341 0.1473657 0.6166439 0.8040142 0.6066897 0.8115942 0.5871213 0.8115813 0.6066933 0.3937619 0.5367261 0.3961288 0.5376222 0.3937613 0.5376222 0.1493076 0.5986341 0.1496467 0.5817129 0.1511068 0.5819478 0.1524968 0.5690568 0.1514459 0.5650265 0.152906 0.5652616 0.1463201 0.6263416 0.1459056 0.616409 0.1473657 0.6166439 0.6446537 0.6321951 0.640502 0.6294742 0.6419047 0.6290389 0.3711881 0.3828216 0.3718712 0.4006585 0.3703524 0.4004947 0.4029307 0.6093766 0.4016263 0.6115246 0.4016263 0.6093761 0.4029307 0.5681204 0.4016263 0.5702534 0.4016263 0.5681199 0.602153 0.6521667 0.6137399 0.6530706 0.602153 0.6530706 0.635215 0.6213579 0.6310334 0.6186028 0.6324362 0.6181674 0.3716371 0.3733206 0.3727069 0.3829855 0.3711881 0.3828216 0.4363434 0.6343036 0.4228298 0.6206603 0.4242359 0.6202302 0.4029307 0.5615867 0.4016263 0.5681199 0.4016263 0.5615863 0.640502 0.6294742 0.635215 0.6213579 0.6419047 0.6290389 0.1497298 0.5779066 0.1510367 0.5688218 0.1500515 0.5779585 0.8052634 0.1252763 0.8027318 0.1274237 0.8027326 0.1252743 0.149325 0.5816611 0.1500515 0.5779585 0.1496467 0.5817129 0.1459056 0.616409 0.1475258 0.5983473 0.1478475 0.5983992 0.606173 0.6908262 0.6036422 0.6930319 0.6036422 0.6908242 0.3937621 0.5365287 0.3961294 0.5367261 0.3937619 0.5367261 0.1478475 0.5983992 0.149325 0.5816611 0.1496467 0.5817129 0.1510367 0.5688218 0.1511242 0.5649748 0.1514459 0.5650265 0.14486 0.6261065 0.1455839 0.6163572 0.1459056 0.616409 0.6419047 0.6290389 0.6354855 0.621274 0.6421752 0.6289549 0.2967376 0.6328286 0.2852841 0.6149136 0.2967376 0.6154429 0.4363434 0.6343036 0.4245071 0.6201474 0.4366145 0.6342206 0.3713443 0.3732894 0.3711881 0.3828216 0.3708952 0.38279 0.635215 0.6213579 0.6327067 0.6180835 0.6354855 0.621274 0.602153 0.6530706 0.6137399 0.6532449 0.602153 0.6532449 0.447891 0.7187942 0.4554682 0.6999788 0.4588689 0.7190791 0.5121423 0.6977995 0.5163066 0.6962454 0.5166793 0.6983389 0.3711881 0.3828216 0.3700596 0.4004631 0.3708952 0.38279 0.6449242 0.6321112 0.6419047 0.6290389 0.6421752 0.6289549 0.1482573 0.5776696 0.1507149 0.5687699 0.1497298 0.5779066 0.6205305 0.3621125 0.6218353 0.364318 0.6205305 0.3643202 0.1478525 0.5814241 0.1497298 0.5779066 0.149325 0.5816611 0.1441114 0.6161202 0.1475258 0.5983473 0.1455839 0.6163572 0.3937627 0.5356251 0.3961296 0.5365287 0.3937621 0.5365287 0.1475258 0.5983473 0.1478525 0.5814241 0.149325 0.5816611 0.1507149 0.5687699 0.1496517 0.5647378 0.1511242 0.5649748 0.1430658 0.6258178 0.1455839 0.6163572 0.1445382 0.6260548 0.646254 0.6316985 0.6421752 0.6289549 0.6435051 0.6285422 0.3694554 0.3826347 0.3700596 0.4004631 0.3686197 0.4003078 0.255858 0.6328181 0.2546214 0.6349661 0.2546214 0.6328176 0.2546214 0.5915614 0.255858 0.5936954 0.2546214 0.5936949 0.602153 0.6532449 0.61374 0.6541019 0.602153 0.6541019 0.6354855 0.621274 0.6340365 0.6176708 0.6368153 0.6208614 0.3699043 0.3731354 0.3708952 0.38279 0.3694554 0.3826347 0.4366145 0.6342206 0.4258402 0.6197397 0.4379476 0.6338129 0.255858 0.5850282 0.2546214 0.5915614 0.2546214 0.5850278 0.6435051 0.6285422 0.6354855 0.621274 0.6368153 0.6208614 0.1482573 0.5776696 0.1489586 0.5684873 0.1492425 0.568533 0.8204335 0.3433179 0.8229644 0.3454651 0.8204339 0.3454672 0.1475686 0.5813784 0.1482573 0.5776696 0.1478525 0.5814241 0.1441114 0.6161202 0.1457694 0.5980647 0.1460533 0.5981103 0.79891 0.6089819 0.8014556 0.6263719 0.7989251 0.6263739 0.3937628 0.5354508 0.3961302 0.5356251 0.3937627 0.5356251 0.1457694 0.5980647 0.1478525 0.5814241 0.1460533 0.5981103 0.1492425 0.568533 0.1493678 0.5646921 0.1496517 0.5647378 0.1430658 0.6258178 0.1438275 0.6160746 0.1441114 0.6161202 0.6437597 0.6284633 0.6368153 0.6208614 0.63707 0.6207824 0.5057005 0.7388343 0.5235154 0.7367261 0.5238908 0.7388343 0.4379476 0.6338129 0.4260954 0.6196616 0.4382029 0.6337348 0.3696286 0.3731059 0.3694554 0.3826347 0.3691797 0.382605 0.63707 0.6207824 0.6340365 0.6176708 0.6342912 0.6175917 0.602153 0.6541019 0.61374 0.654266 0.602153 0.654266 0.767522 0.6940419 0.7701449 0.6877247 0.7713478 0.6946104 0.7247281 0.7350631 0.7391505 0.7180353 0.7421951 0.7350913 0.3694554 0.3826347 0.368344 0.400278 0.3691797 0.382605 0.646254 0.6316985 0.6437597 0.6284633 0.6465087 0.6316195 0.1465775 0.5773993 0.1489586 0.5684873 0.1479734 0.577624 0.6256726 0.3621123 0.6269096 0.364318 0.6256726 0.36432 0.1461727 0.5811538 0.1479734 0.577624 0.1475686 0.5813784 0.1424316 0.6158499 0.1457694 0.5980647 0.1438275 0.6160746 0.7951176 0.2125289 0.8026984 0.1951413 0.8026847 0.2125331 0.3937634 0.5345941 0.3961303 0.5354508 0.3937628 0.5354508 0.1457694 0.5980647 0.1461727 0.5811538 0.1475686 0.5813784 0.1489586 0.5684873 0.1479718 0.5644674 0.1493678 0.5646921 0.1427819 0.6257721 0.1424316 0.6158499 0.1438275 0.6160746 0.6465087 0.6316195 0.6451462 0.6280329 0.6478952 0.6311892 0.3676785 0.3824431 0.368344 0.400278 0.3668429 0.4001161 0.2508898 0.6328167 0.2496006 0.6349647 0.2496006 0.6328162 0.2508898 0.5915604 0.2496006 0.5936934 0.2496006 0.59156 0.602153 0.654266 0.61374 0.6551594 0.602153 0.6551594 0.6384565 0.620352 0.6342912 0.6175917 0.6356776 0.6171615 0.3681274 0.3729454 0.3691797 0.382605 0.3676785 0.3824431 0.4395927 0.6333099 0.4260954 0.6196616 0.4274853 0.6192365 0.2508898 0.5850268 0.2496006 0.59156 0.2496006 0.5850263 0.6437597 0.6284633 0.6384565 0.620352 0.6451462 0.6280329 0.1465775 0.5773993 0.1472953 0.5682196 0.1475626 0.5682626 0.8001515 0.3018987 0.802682 0.3041044 0.8001515 0.3041065 0.1461727 0.5811538 0.1463102 0.5773563 0.1465775 0.5773993 0.1424316 0.6158499 0.1441062 0.5977969 0.1443734 0.5978401 0.8195557 0.6376026 0.8170249 0.6398082 0.8170249 0.6376004 0.3937635 0.53443 0.3961309 0.5345941 0.3937634 0.5345941 0.1443734 0.5978401 0.1459053 0.5811107 0.1461727 0.5811538 0.1475626 0.5682626 0.1477046 0.5644244 0.1479718 0.5644674 0.1413859 0.6255474 0.1421642 0.6158068 0.1424316 0.6158499 0.6454009 0.6279539 0.6384565 0.620352 0.6387111 0.620273 0.5808788 0.6731116 0.5701597 0.6703913 0.5808788 0.6708381 0.4395927 0.6333099 0.4277405 0.6191584 0.439848 0.6332318 0.3678516 0.3729159 0.3676785 0.3824431 0.3674028 0.3824133 0.6384565 0.620352 0.6359323 0.6170826 0.6387111 0.620273 0.602153 0.6551594 0.61374 0.6553234 0.602153 0.6553234 0.2786329 0.6849223 0.261498 0.6815875 0.2786329 0.6827736 0.5808788 0.6708381 0.5765215 0.6516577 0.5808787 0.6513693 0.3674028 0.3824133 0.3668429 0.4001161 0.3665671 0.4000864 0.6478952 0.6311892 0.6454009 0.6279539 0.6481498 0.6311102 0.1463102 0.5773563 0.1458399 0.5679854 0.1472953 0.5682196 0.622914 0.3643937 0.6242036 0.3665993 0.622914 0.3666014 0.14445 0.5808765 0.1463102 0.5773563 0.1459053 0.5811107 0.1407089 0.6155726 0.1441062 0.5977969 0.1421642 0.6158068 0.3937641 0.5335369 0.396131 0.53443 0.3937635 0.53443 0.1426508 0.5975628 0.1459053 0.5811107 0.1441062 0.5977969 0.1458399 0.5679854 0.1477046 0.5644244 0.1472953 0.5682196 0.1411186 0.6255044 0.1407089 0.6155726 0.1421642 0.6158068 0.6481498 0.6311102 0.6468439 0.6275061 0.6495929 0.6306623 0.3674028 0.3824133 0.3650047 0.3999179 0.3658404 0.3822448 0.260536 0.5828793 0.2591941 0.5850273 0.2591941 0.5828788 0.2591941 0.5416226 0.260536 0.5437566 0.2591941 0.5437561 0.602153 0.6553234 0.61374 0.6562533 0.602153 0.6562533 0.6387111 0.620273 0.6373754 0.6166347 0.6401542 0.6198253 0.3662891 0.3727489 0.3674028 0.3824133 0.3658404 0.3822448 0.439848 0.6332318 0.4291871 0.618716 0.4412946 0.6327894 0.260536 0.5350894 0.2591941 0.5416226 0.2591941 0.535089 0.6468439 0.6275061 0.6387111 0.620273 0.6401542 0.6198253 0.1448548 0.577122 0.1455727 0.5679423 0.1458399 0.5679854 0.8001819 0.2387473 0.8026972 0.236465 0.8027125 0.2387452 0.1441827 0.5808334 0.1448548 0.577122 0.14445 0.5808765 0.1404416 0.6155295 0.1426508 0.5975628 0.1407089 0.6155726 0.8052846 0.08384352 0.8027538 0.08604919 0.8027538 0.08384144 0.3937643 0.5333729 0.3961316 0.5335369 0.3937641 0.5335369 0.1423835 0.5975198 0.14445 0.5808765 0.1426508 0.5975628 0.1458399 0.5679854 0.1459819 0.5641471 0.1462492 0.5641902 0.139396 0.6252272 0.1407089 0.6155726 0.1396632 0.6252701 0.1393436 0.576235 0.1388961 0.5668678 0.1403287 0.5670984 0.6242036 0.3643937 0.6254732 0.3665993 0.6242036 0.3666014 0.1375061 0.5797588 0.1393436 0.576235 0.1389387 0.5799894 0.1351976 0.6146855 0.1357069 0.5964451 0.1371396 0.5966758 0.7473803 0.3376578 0.7458723 0.3429174 0.7458723 0.3375308 0.3937671 0.5292755 0.396134 0.5301547 0.3937665 0.5301547 0.1371396 0.5966758 0.1375061 0.5797588 0.1389387 0.5799894 0.1403287 0.5670984 0.1393053 0.5630726 0.1407379 0.5633031 0.134152 0.6243831 0.133765 0.614455 0.1351976 0.6146855 0.6517614 0.6259801 0.6453776 0.6182042 0.6520673 0.6258851 0.7129727 0.6940419 0.7155949 0.6877271 0.7167917 0.694612 0.4462239 0.6312819 0.4344231 0.6171148 0.4465306 0.631188 0.3606334 0.3721442 0.3605162 0.3816704 0.360185 0.3816347 0.6450717 0.6182991 0.6425988 0.6150137 0.6453776 0.6182042 0.602153 0.659422 0.61374 0.6596192 0.602153 0.6596192 0.1389842 0.5630209 0.1406349 0.5501261 0.1393053 0.5630726 0.3859158 0.7139244 0.3885408 0.7075996 0.3897641 0.7144877 0.360185 0.3816347 0.3596805 0.3993435 0.3593493 0.3993078 0.6548163 0.6290413 0.6517614 0.6259801 0.6520673 0.6258851 0.6562218 0.6286053 0.6520673 0.6258851 0.6534729 0.625449 0.3586632 0.3814706 0.3593493 0.3993078 0.3578276 0.3991436 0.3991411 0.6076883 0.3978341 0.6098365 0.3978341 0.6076878 0.3991411 0.5664321 0.3978341 0.5685651 0.3978341 0.5664317 0.602153 0.6596192 0.61374 0.6605249 0.602153 0.6605249 0.6467831 0.6177681 0.6425988 0.6150137 0.6440043 0.6145775 0.3591116 0.3719815 0.360185 0.3816347 0.3586632 0.3814706 0.4465306 0.631188 0.435832 0.6166839 0.4479395 0.6307572 0.3991411 0.5598984 0.3978341 0.5664317 0.3978341 0.559898 0.6520673 0.6258851 0.6467831 0.6177681 0.6534729 0.625449 0.1379109 0.5760045 0.138575 0.5668161 0.1388961 0.5668678 0.7951322 0.1079134 0.7925869 0.1253032 0.7926014 0.1079113 0.137185 0.5797072 0.1379109 0.5760045 0.1375061 0.5797588 0.1334439 0.6144033 0.1357069 0.5964451 0.133765 0.614455 0.8001514 0.2168883 0.8026972 0.236465 0.8001667 0.2364671 0.3937672 0.5290785 0.3961346 0.5292755 0.3937671 0.5292755 0.1357069 0.5964451 0.137185 0.5797072 0.1375061 0.5797588 0.1388961 0.5668678 0.1389842 0.5630209 0.1393053 0.5630726 0.1327193 0.6241527 0.1334439 0.6144033 0.133765 0.614455 0.6534729 0.625449 0.6470686 0.6176795 0.6537584 0.6253604 0.2967154 0.7327187 0.2852405 0.7147952 0.2967153 0.715333 0.4482257 0.6306697 0.435832 0.6166839 0.4361183 0.6165964 0.3588024 0.3719484 0.3586632 0.3814706 0.3583541 0.3814372 0.6470686 0.6176795 0.6440043 0.6145775 0.6442898 0.614489 0.602153 0.6605249 0.61374 0.6607089 0.602153 0.6607089 0.2786328 0.6436457 0.2749809 0.6418841 0.2786327 0.6415119 0.6425988 0.6150137 0.6414114 0.6140907 0.6417437 0.6140246 0.3583541 0.3814372 0.3578276 0.3991436 0.3575184 0.3991103 0.6562218 0.6286053 0.6537584 0.6253604 0.6565073 0.6285166 0.1361145 0.5757153 0.138575 0.5668161 0.1375898 0.5759528 0.6192231 0.3621125 0.6205304 0.364318 0.6192231 0.3643202 0.1357097 0.5794697 0.1375898 0.5759528 0.137185 0.5797072 0.1319686 0.6141659 0.1353858 0.5963935 0.1334439 0.6144033 0.3937679 0.5281731 0.3961347 0.5290785 0.3937672 0.5290785 0.1353858 0.5963935 0.1357097 0.5794697 0.137185 0.5797072 0.138575 0.5668161 0.1375088 0.5627834 0.1389842 0.5630209 0.1323983 0.6241009 0.1319686 0.6141659 0.1334439 0.6144033 0.6579349 0.6280736 0.6537584 0.6253604 0.655186 0.6249174 0.3583541 0.3814372 0.3559728 0.3989436 0.3568084 0.3812705 0.4079861 0.5649297 0.4066586 0.5670778 0.4066586 0.5649293 0.4079861 0.5236734 0.4066586 0.5258064 0.4066586 0.5236729 0.602153 0.6607089 0.61374 0.6616289 0.602153 0.6616289 0.6470686 0.6176795 0.6457175 0.614046 0.6484962 0.6172365 0.3572567 0.3717832 0.3583541 0.3814372 0.3568084 0.3812705 0.4482257 0.6306697 0.4375493 0.6161586 0.4496568 0.630232 0.4079861 0.5171397 0.4066586 0.5236729 0.4066586 0.5171393 0.655186 0.6249174 0.6470686 0.6176795 0.6484962 0.6172365 0.1361145 0.5757153 0.1367999 0.5665304 0.1370996 0.5665786 0.1586186 0.6283209 0.1588842 0.6302304 0.1584208 0.6301558 0.1357097 0.5794697 0.1358147 0.575667 0.1361145 0.5757153 0.1316688 0.6141176 0.1339104 0.596156 0.1319686 0.6141659 0.8204246 0.3018987 0.8229551 0.3041044 0.8204246 0.3041065 0.393768 0.5279891 0.3961354 0.5281731 0.3937679 0.5281731 0.1339104 0.596156 0.13541 0.5794215 0.1357097 0.5794697 0.1370996 0.5665786 0.1372091 0.5627352 0.1375088 0.5627834 0.1306232 0.6238152 0.1319686 0.6141659 0.1309229 0.6238635 0.655186 0.6249174 0.6487818 0.6171479 0.6554715 0.6248287 0.7062158 0.6875455 0.6890786 0.6842098 0.7062158 0.6853967 0.4496568 0.630232 0.4378355 0.6160711 0.449943 0.6301445 0.3569475 0.3717501 0.3568084 0.3812705 0.3564993 0.3812372 0.6484962 0.6172365 0.646003 0.6139573 0.6487818 0.6171479 0.602153 0.6616289 0.61374 0.6618128 0.602153 0.6618128 0.5989662 0.692646 0.5818221 0.6893077 0.5989662 0.6904973 0.7671893 0.6961632 0.7713478 0.6946104 0.771721 0.6967038 0.3564993 0.3812372 0.3559728 0.3989436 0.3556636 0.3989102 0.6582205 0.627985 0.655186 0.6249174 0.6554715 0.6248287 0.1343162 0.5754259 0.1367999 0.5665304 0.1358147 0.575667 0.6163658 0.3643937 0.6176937 0.3665992 0.6163658 0.3666015 0.1339114 0.5791803 0.1358147 0.575667 0.13541 0.5794215 0.1316688 0.6141176 0.1321122 0.5958667 0.1336107 0.5961079 0.3687774 0.6997123 0.3673009 0.6940518 0.3687774 0.6942108 0.3937687 0.5270695 0.3961355 0.5279891 0.393768 0.5279891 0.1321122 0.5958667 0.13541 0.5794215 0.1336107 0.5961079 0.1367999 0.5665304 0.1357106 0.562494 0.1372091 0.5627352 0.1306232 0.6238152 0.1301703 0.6138765 0.1316688 0.6141176 0.6596277 0.6275482 0.6554715 0.6248287 0.6568787 0.624392 0.3564993 0.3812372 0.3541401 0.3987458 0.3549757 0.3810728 0.1750604 0.5991039 0.1737518 0.601252 0.1737518 0.5991035 0.1750604 0.5578476 0.1737518 0.5599808 0.1737518 0.5578472 0.602153 0.6618128 0.61374 0.6627196 0.602153 0.6627196 0.6487818 0.6171479 0.6474102 0.6135206 0.650189 0.6167111 0.3554238 0.3715872 0.3564993 0.3812372 0.3549757 0.3810728 0.449943 0.6301445 0.4392461 0.6156397 0.4513536 0.6297131 0.1750604 0.551314 0.1737518 0.5578472 0.1737518 0.5513136 0.6568787 0.624392 0.6487818 0.6171479 0.650189 0.6167111 0.1343162 0.5754259 0.1350017 0.566241 0.1353014 0.5662892 0.8254906 0.2146806 0.8229598 0.2168862 0.8229598 0.2146785 0.1336117 0.5791321 0.1343162 0.5754259 0.1339114 0.5791803 0.1298706 0.6138282 0.1321122 0.5958667 0.1301703 0.6138765 0.8001837 0.1515263 0.8027285 0.1689162 0.800198 0.1689182 0.3937688 0.5268855 0.3961362 0.5270695 0.3937687 0.5270695 0.1318125 0.5958184 0.1339114 0.5791803 0.1321122 0.5958667 0.1353014 0.5662892 0.1354109 0.5624458 0.1357106 0.562494 0.128825 0.6235257 0.1301703 0.6138765 0.1291247 0.623574 0.6568787 0.624392 0.6504945 0.6166164 0.6571842 0.6242973 0.7065503 0.735063 0.7209727 0.7180353 0.7240174 0.7350912 0.4513536 0.6297131 0.4395524 0.6155461 0.4516598 0.6296195 0.3550931 0.3715519 0.3549757 0.3810728 0.354645 0.3810371 0.650189 0.6167111 0.6477156 0.6134259 0.6504945 0.6166164 0.602153 0.6627196 0.61374 0.6629164 0.602153 0.6629164 0.6726705 0.7257617 0.6840128 0.7237854 0.6844092 0.7260159 0.7062156 0.6462687 0.7025614 0.6445063 0.7062154 0.644135 0.354645 0.3810371 0.3541401 0.3987458 0.3538093 0.3987101 0.6596277 0.6275482 0.6571842 0.6242973 0.6599332 0.6274535 0.1325394 0.5751399 0.1350017 0.566241 0.1340165 0.5753776 0.6190063 0.3643937 0.6203153 0.3665993 0.6190063 0.3666015 0.1321346 0.5788943 0.1340165 0.5753776 0.1336117 0.5791321 0.1298706 0.6138282 0.1303354 0.5955806 0.1318125 0.5958184 0.8001819 0.2387473 0.7926293 0.2561431 0.7926156 0.2387513 0.3937694 0.5259791 0.3961363 0.5268855 0.3937688 0.5268855 0.1303354 0.5955806 0.1336117 0.5791321 0.1318125 0.5958184 0.1350017 0.566241 0.1339338 0.5622081 0.1354109 0.5624458 0.1273478 0.623288 0.1298706 0.6138282 0.128825 0.6235257 0.661324 0.6270218 0.6571842 0.6242973 0.6585751 0.6238656 0.354645 0.3810371 0.3523034 0.3985477 0.3531391 0.3808746 0.407952 0.6148685 0.4066586 0.6170166 0.4066586 0.6148681 0.4066586 0.5736118 0.407952 0.5757458 0.4066586 0.5757454 0.602153 0.6629164 0.61374 0.6638126 0.602153 0.6638126 0.6504945 0.6166164 0.6491065 0.6129942 0.6518853 0.6161847 0.3535871 0.3713909 0.354645 0.3810371 0.3531391 0.3808746 0.4516598 0.6296195 0.4409466 0.6151197 0.453054 0.6291931 0.407952 0.5670786 0.4066586 0.5736118 0.4066586 0.5670782 0.6585751 0.6238656 0.6504945 0.6166164 0.6518853 0.6161847 0.1325394 0.5751399 0.1332039 0.5659517 0.1335245 0.5660032 0.1144012 0.6212044 0.1144844 0.6230844 0.1142033 0.6230393 0.131814 0.5788428 0.1325394 0.5751399 0.1321346 0.5788943 0.1280729 0.6135389 0.1303354 0.5955806 0.1283935 0.6135905 0.7951304 0.2823554 0.7926143 0.2800732 0.795145 0.2800753 0.3937696 0.5257822 0.3961369 0.5259791 0.3937694 0.5259791 0.1300147 0.5955291 0.1321346 0.5788943 0.1303354 0.5955806 0.1335245 0.5660032 0.1336131 0.5621564 0.1339338 0.5622081 0.1270272 0.6232364 0.1283935 0.6135905 0.1273478 0.623288 0.6585751 0.6238656 0.6521906 0.6160899 0.6588804 0.623771 0.598966 0.6513693 0.5953049 0.6496042 0.5989658 0.6492356 0.453054 0.6291931 0.4412526 0.6150261 0.45336 0.6290995 0.3532565 0.3713555 0.3531391 0.3808746 0.3528085 0.380839 0.6518853 0.6161847 0.6494118 0.6128994 0.6521906 0.6160899 0.602153 0.6638126 0.61374 0.6640095 0.602153 0.6640095 0.7607551 0.7371985 0.7785641 0.7350904 0.7789399 0.7371985 0.673026 0.7235017 0.6806179 0.7046846 0.6840128 0.7237854 0.3531391 0.3808746 0.3519728 0.3985121 0.3528085 0.380839 0.6616293 0.6269271 0.6585751 0.6238656 0.6588804 0.623771 0.1307588 0.5748533 0.1332039 0.5659517 0.1322187 0.5750883 0.6218352 0.3621125 0.623129 0.364318 0.6218352 0.3643202 0.130354 0.5786077 0.1322187 0.5750883 0.131814 0.5788428 0.1280729 0.6135389 0.1285548 0.5952941 0.1300147 0.5955291 0.3937702 0.5248863 0.3961371 0.5257822 0.3937696 0.5257822 0.1300147 0.5955291 0.130354 0.5786077 0.131814 0.5788428 0.1332039 0.5659517 0.1321532 0.5619214 0.1336131 0.5621564 0.1255673 0.6230015 0.1280729 0.6135389 0.1270272 0.6232364 0.663071 0.6264798 0.6588804 0.623771 0.6603221 0.6233235 0.3528085 0.380839 0.3504119 0.3983437 0.3512476 0.3806706 0.399173 0.5078106 0.3978324 0.5099586 0.3978324 0.5078101 0.399173 0.4665543 0.3978324 0.4686874 0.3978324 0.4665539 0.602153 0.6640095 0.61374 0.6649385 0.602153 0.6649385 0.6521906 0.6160899 0.6508535 0.6124522 0.6536324 0.6156427 0.3516954 0.3711887 0.3528085 0.380839 0.3512476 0.3806706 0.4548053 0.6286575 0.4412526 0.6150261 0.4426978 0.6145841 0.399173 0.4600207 0.3978324 0.4665539 0.3978324 0.4600202 0.6588804 0.623771 0.6536324 0.6156427 0.6603221 0.6233235 0.1307588 0.5748533 0.1314235 0.565665 0.131744 0.5657166 0.3498217 0.3709883 0.3495939 0.3691543 0.3499068 0.3691877 0.1300335 0.5785561 0.1307588 0.5748533 0.130354 0.5786077 0.1266129 0.6133039 0.1282343 0.5952425 0.1285548 0.5952941 0.7989276 0.5391421 0.8014602 0.5412896 0.7989296 0.5412917 0.3937703 0.5246897 0.3961377 0.5248863 0.3937702 0.5248863 0.1285548 0.5952941 0.1300335 0.5785561 0.130354 0.5786077 0.131744 0.5657166 0.1318327 0.5618699 0.1321532 0.5619214 0.1252468 0.62295 0.1266129 0.6133039 0.1255673 0.6230015 0.6603221 0.6233235 0.6539552 0.6155424 0.6606449 0.6232233 0.7061961 0.7353417 0.6947212 0.7174183 0.7061961 0.7179561 0.4551289 0.6285585 0.4426978 0.6145841 0.4430214 0.6144852 0.3513459 0.3711513 0.3512476 0.3806706 0.350898 0.3806329 0.6536324 0.6156427 0.6511763 0.6123519 0.6539552 0.6155424 0.602153 0.6649385 0.61374 0.6651464 0.602153 0.6651464 0.2967376 0.6154429 0.2860269 0.6127261 0.2967376 0.6131696 0.7126405 0.6961633 0.7167917 0.694612 0.7171652 0.6967055 0.3512476 0.3806706 0.3500624 0.398306 0.350898 0.3806329 0.6633939 0.6263795 0.6603221 0.6233235 0.6606449 0.6232233 0.128925 0.5745581 0.1314235 0.565665 0.1304383 0.5748018 0.613917 0.3621125 0.615258 0.364318 0.613917 0.3643203 0.1285201 0.5783126 0.1304383 0.5748018 0.1300335 0.5785561 0.1262924 0.6132523 0.1267209 0.594999 0.1282343 0.5952425 0.8090252 0.5435016 0.8014717 0.5630765 0.8014588 0.543505 0.3937709 0.5237609 0.3961378 0.5246897 0.3937703 0.5246897 0.1267209 0.594999 0.1300335 0.5785561 0.1282343 0.5952425 0.1314235 0.565665 0.1303193 0.5616262 0.1318327 0.5618699 0.1237334 0.6227063 0.1262924 0.6132523 0.1252468 0.62295 0.6648016 0.6259427 0.6606449 0.6232233 0.6620526 0.6227864 0.350898 0.3806329 0.3485382 0.3981416 0.3493739 0.3804685 0.1737518 0.5991039 0.1724428 0.601252 0.1724428 0.5991035 0.1737518 0.5578476 0.1724428 0.5599808 0.1724428 0.5578472 0.602153 0.6651464 0.61374 0.6660535 0.602153 0.6660535 0.6553629 0.6151056 0.6511763 0.6123519 0.6525841 0.611915 0.3498217 0.3709883 0.350898 0.3806329 0.3493739 0.3804685 0.4551289 0.6285585 0.4444326 0.6140536 0.45654 0.628127 0.1737518 0.551314 0.1724428 0.5578472 0.1724428 0.5513136 0.6620526 0.6227864 0.6539552 0.6155424 0.6553629 0.6151056 0.128925 0.5745581 0.1295713 0.5653669 0.1299101 0.5654215 0.7951313 0.1951371 0.7925868 0.2125268 0.7926006 0.195135 0.1281813 0.578258 0.128925 0.5745581 0.1285201 0.5783126 0.1247791 0.6130087 0.1263821 0.5949444 0.1267209 0.594999 0.7951596 0.2604985 0.7926143 0.2800732 0.7926289 0.2604964 0.3937711 0.5235529 0.3961385 0.5237609 0.3937709 0.5237609 0.1267209 0.594999 0.1281813 0.578258 0.1285201 0.5783126 0.1299101 0.5654215 0.1299805 0.5615717 0.1303193 0.5616262 0.1233946 0.6226518 0.1247791 0.6130087 0.1237334 0.6227063 0.6623415 0.6226968 0.6553629 0.6151056 0.6556518 0.6150159 0.3855813 0.7160456 0.3897641 0.7144877 0.3901355 0.7165812 0.4568296 0.6280384 0.4444326 0.6140536 0.4447222 0.613965 0.3495089 0.3709549 0.3493739 0.3804685 0.3490611 0.3804348 0.6556518 0.6150159 0.6525841 0.611915 0.652873 0.6118254 0.602153 0.6660535 0.61374 0.6662397 0.602153 0.6662397 0.2786327 0.6415119 0.2769653 0.6351286 0.2786327 0.6349774 0.2967376 0.6131696 0.2923887 0.5939925 0.2967375 0.5937008 0.3490611 0.3804348 0.3485382 0.3981416 0.3482254 0.3981078 0.6648016 0.6259427 0.6623415 0.6226968 0.6650905 0.6258531 0.1271084 0.5742658 0.1295713 0.5653669 0.1285861 0.5745037 0.6179136 0.3621125 0.6192231 0.364318 0.6179136 0.3643202 0.1281813 0.578258 0.1271084 0.5742658 0.1285861 0.5745037 0.1244402 0.6129541 0.1249044 0.5947065 0.1263821 0.5949444 0.7951174 0.2997471 0.8026975 0.2823594 0.8026845 0.2997511 0.3937717 0.5226461 0.3961386 0.5235529 0.3937711 0.5235529 0.1249044 0.5947065 0.1281813 0.578258 0.1263821 0.5949444 0.1295713 0.5653669 0.1285028 0.5613339 0.1299805 0.5615717 0.1233946 0.6226518 0.1229625 0.6127163 0.1244402 0.6129541 0.6650905 0.6258531 0.6638171 0.6222389 0.666566 0.6253952 0.3490611 0.3804348 0.3466279 0.3979355 0.3474636 0.3802624 0.4079908 0.4151131 0.4066188 0.4172611 0.4066188 0.4151126 0.4079908 0.3738569 0.4066188 0.3759899 0.4066188 0.3738564 0.602153 0.6662397 0.61374 0.6671904 0.602153 0.6671904 0.6556518 0.6150159 0.6543484 0.6113675 0.6571273 0.614558 0.3479112 0.3707841 0.3490611 0.3804348 0.3474636 0.3802624 0.4568296 0.6280384 0.4462012 0.6135128 0.4583086 0.627586 0.4079908 0.3673232 0.4066188 0.3738564 0.4066188 0.3673228 0.6638171 0.6222389 0.6556518 0.6150159 0.6571273 0.614558 0.1271084 0.5742658 0.1277903 0.5650803 0.1280936 0.5651291 0.139396 0.6252272 0.1394654 0.627105 0.1391981 0.6270621 0.1267036 0.5780202 0.1268052 0.574217 0.1271084 0.5742658 0.1229625 0.6127163 0.1246011 0.5946578 0.1249044 0.5947065 0.8039897 0.6263609 0.8014575 0.6285083 0.801459 0.6263588 0.3937719 0.52246 0.3961393 0.5226461 0.3937717 0.5226461 0.1246011 0.5946578 0.1267036 0.5780202 0.1249044 0.5947065 0.1280936 0.5651291 0.1281995 0.5612851 0.1285028 0.5613339 0.1219169 0.622414 0.1226593 0.6126676 0.1229625 0.6127163 0.6638171 0.6222389 0.6574163 0.6144683 0.6641061 0.6221492 0.7062159 0.7371993 0.7240174 0.7350912 0.7243937 0.7371993 0.4585984 0.6274974 0.4462012 0.6135128 0.446491 0.6134241 0.3475983 0.3707506 0.3474636 0.3802624 0.3471506 0.3802287 0.6571273 0.614558 0.6546375 0.6112778 0.6574163 0.6144683 0.602153 0.6671904 0.61374 0.6673768 0.602153 0.6673768 0.3791154 0.7570785 0.3969489 0.7549703 0.3973231 0.7570785 0.4696654 0.7366985 0.4840987 0.7196703 0.4871394 0.7367267 0.3471506 0.3802287 0.3466279 0.3979355 0.346315 0.3979017 0.666566 0.6253952 0.6641061 0.6221492 0.666855 0.6253054 0.1252564 0.5739677 0.1277903 0.5650803 0.1268052 0.574217 0.6111768 0.3621126 0.6125493 0.364318 0.6111768 0.3643203 0.1248516 0.5777221 0.1268052 0.574217 0.1264004 0.5779715 0.1226593 0.6126676 0.1230524 0.5944085 0.1246011 0.5946578 0.3994054 0.6155083 0.3978341 0.6098368 0.3994054 0.6100069 0.3937726 0.5215095 0.3961394 0.52246 0.3937719 0.52246 0.1246011 0.5946578 0.1248516 0.5777221 0.1264004 0.5779715 0.1277903 0.5650803 0.1266508 0.5610358 0.1281995 0.5612851 0.1216136 0.6223651 0.1211104 0.6124183 0.1226593 0.6126676 0.666855 0.6253054 0.6655475 0.621702 0.6682964 0.6248582 0.3471506 0.3802287 0.3447543 0.3977334 0.34559 0.3800603 0.4079862 0.5149908 0.4066458 0.5171389 0.4066458 0.5149904 0.4079862 0.4737346 0.4066458 0.4758676 0.4066458 0.4737341 0.602153 0.6673768 0.61374 0.6683055 0.602153 0.6683055 0.6588577 0.6140211 0.6546375 0.6112778 0.6560789 0.6108306 0.3460376 0.3705837 0.3471506 0.3802287 0.34559 0.3800603 0.4600433 0.6270555 0.446491 0.6134241 0.4479358 0.6129823 0.4079862 0.4672009 0.4066458 0.4737341 0.4066458 0.4672005 0.6655475 0.621702 0.6574163 0.6144683 0.6588577 0.6140211 0.124953 0.5739189 0.1262415 0.564831 0.1252564 0.5739677 0.3861522 0.3748725 0.3859127 0.3730372 0.3862373 0.3730719 0.1245482 0.5776733 0.1252564 0.5739677 0.1248516 0.5777221 0.1208071 0.6123695 0.1230524 0.5944085 0.1211104 0.6124183 0.8292782 0.6263238 0.8318089 0.6284709 0.8292784 0.6284731 0.3937727 0.5213233 0.39614 0.5215095 0.3937726 0.5215095 0.122749 0.5943596 0.1248516 0.5777221 0.1230524 0.5944085 0.1262415 0.564831 0.1263474 0.560987 0.1266508 0.5610358 0.1197614 0.6220671 0.1211104 0.6124183 0.1200648 0.622116 0.6658517 0.6216076 0.6588577 0.6140211 0.6591619 0.6139267 0.7062154 0.644135 0.7045484 0.6377509 0.7062154 0.6376004 0.4603483 0.6269623 0.4479358 0.6129823 0.4482408 0.6128889 0.3457082 0.3705486 0.34559 0.3800603 0.3452606 0.3800248 0.6588577 0.6140211 0.6563832 0.6107361 0.6591619 0.6139267 0.602153 0.6683055 0.61374 0.6685016 0.602153 0.6685016 0.5989658 0.6492356 0.5973001 0.6428487 0.5989658 0.642701 0.2967369 0.6849223 0.2796015 0.6815873 0.2967369 0.6827736 0.3452606 0.3800248 0.3447543 0.3977334 0.344425 0.3976979 0.6686006 0.6247637 0.6655475 0.621702 0.6658517 0.6216076 0.12344 0.5736754 0.1259381 0.5647822 0.124953 0.5739189 0.6150251 0.3643938 0.6163659 0.3665993 0.6150251 0.3666015 0.1245482 0.5776733 0.12344 0.5736754 0.124953 0.5739189 0.1208071 0.6123695 0.121236 0.5941161 0.122749 0.5943596 0.8001804 0.325963 0.7926269 0.3433584 0.7926141 0.3259668 0.3937733 0.5203948 0.3961402 0.5213233 0.3937727 0.5213233 0.121236 0.5941161 0.1245482 0.5776733 0.122749 0.5943596 0.1259381 0.5647822 0.1248344 0.5607435 0.1263474 0.560987 0.1197614 0.6220671 0.1192941 0.612126 0.1208071 0.6123695 0.6699528 0.6243441 0.6658517 0.6216076 0.6672039 0.6211879 0.3437966 0.3798669 0.344425 0.3976979 0.342961 0.3975399 0.4066458 0.5149908 0.4053884 0.5171389 0.4053884 0.5149904 0.4053884 0.4737341 0.4066458 0.4758681 0.4053884 0.4758676 0.602153 0.6685016 0.61374 0.6693729 0.6021531 0.6693729 0.6591619 0.6139267 0.6577353 0.6103165 0.6605141 0.613507 0.3442441 0.370392 0.3452606 0.3800248 0.3437966 0.3798669 0.4603483 0.6269623 0.4495962 0.6124745 0.4617037 0.6265478 0.4066457 0.4672009 0.4053884 0.4737341 0.4053884 0.4672005 0.6658517 0.6216076 0.6605141 0.613507 0.6672039 0.6211879 0.1231206 0.573624 0.1244251 0.5645387 0.12344 0.5736754 0.8001819 0.2387473 0.8027261 0.256137 0.8001956 0.2561391 0.1227158 0.5773784 0.12344 0.5736754 0.1230351 0.5774298 0.1189747 0.6120746 0.121236 0.5941161 0.1192941 0.612126 0.375288 0.3737109 0.3750791 0.371879 0.3753731 0.3719104 0.3937734 0.5201988 0.3961408 0.5203948 0.3937733 0.5203948 0.1209166 0.5940647 0.1230351 0.5774298 0.121236 0.5941161 0.1244251 0.5645387 0.124515 0.5606921 0.1248344 0.5607435 0.1179291 0.6217722 0.1192941 0.612126 0.1182484 0.6218236 0.6672039 0.6211879 0.6607846 0.6134231 0.6674743 0.621104 0.4330719 0.6973183 0.4356954 0.690999 0.4369042 0.6978853 0.4617037 0.6265478 0.4498673 0.6123915 0.4619747 0.6264649 0.3439513 0.3703607 0.3437966 0.3798669 0.3435038 0.3798353 0.6607846 0.6134231 0.6577353 0.6103165 0.6580057 0.6102326 0.6021531 0.6693729 0.61374 0.6695472 0.6021531 0.6695472 0.7604776 0.6853967 0.7490093 0.6674758 0.7604776 0.668011 0.1318327 0.5618699 0.1334828 0.5489748 0.1321532 0.5619214 0.3437966 0.3798669 0.3426682 0.3975084 0.3435038 0.3798353 0.6702232 0.6242602 0.6672039 0.6211879 0.6674743 0.621104 0.1231206 0.573624 0.1226865 0.5642588 0.1241058 0.5644873 0.6254732 0.3643937 0.6267309 0.3665993 0.6254732 0.3666014 0.1212965 0.5771499 0.1231206 0.573624 0.1227158 0.5773784 0.1175554 0.6118461 0.1209166 0.5940647 0.1189747 0.6120746 0.7480576 0.6247603 0.7465731 0.6300219 0.7465731 0.6246352 0.393774 0.5193278 0.3961409 0.5201988 0.3937734 0.5201988 0.1209166 0.5940647 0.1212965 0.5771499 0.1227158 0.5773784 0.1241058 0.5644873 0.1230956 0.5604637 0.124515 0.5606921 0.1179291 0.6217722 0.1175554 0.6118461 0.1189747 0.6120746 0.6716937 0.6238039 0.6674743 0.621104 0.6689448 0.6206477 0.3419117 0.3796635 0.3426682 0.3975084 0.3410761 0.3973367 0.4079862 0.465052 0.4066188 0.4672 0.4066188 0.4650515 0.4079862 0.4237957 0.4066188 0.4259287 0.4066188 0.4237952 0.6021531 0.6695472 0.61374 0.6704947 0.6021531 0.6704947 0.6622551 0.6129668 0.6580057 0.6102326 0.6594762 0.6097763 0.3423591 0.3701905 0.3435038 0.3798353 0.3419117 0.3796635 0.4634488 0.6260141 0.4498673 0.6123915 0.4513413 0.6119408 0.4079862 0.417262 0.4066188 0.4237952 0.4066188 0.4172616 0.6674743 0.621104 0.6622551 0.6129668 0.6689448 0.6206477 0.1217013 0.5733955 0.1224026 0.5642132 0.1226865 0.5642588 0.819179 0.5391051 0.8217103 0.5412524 0.8191797 0.5412545 0.1210126 0.5771042 0.1217013 0.5733955 0.1212965 0.5771499 0.1175554 0.6118461 0.1192134 0.5937907 0.1194972 0.5938363 0.7988761 0.4976753 0.8014066 0.499881 0.7988761 0.4998831 0.3937742 0.5191535 0.3961416 0.5193278 0.393774 0.5193278 0.1194972 0.5938363 0.1210126 0.5771042 0.1212965 0.5771499 0.1226865 0.5642588 0.1228118 0.560418 0.1230956 0.5604637 0.1165097 0.6215438 0.1172715 0.6118004 0.1175554 0.6118461 0.6689448 0.6206477 0.6625229 0.6128837 0.6692126 0.6205645 0.2967368 0.6436457 0.2930845 0.6418839 0.2967367 0.6415119 0.4634488 0.6260141 0.4516099 0.6118586 0.4637173 0.625932 0.3420691 0.3701595 0.3419117 0.3796635 0.3416218 0.3796323 0.6625229 0.6128837 0.6594762 0.6097763 0.659744 0.6096931 0.6021531 0.6704947 0.61374 0.6706673 0.6021531 0.6706673 0.6494118 0.6128994 0.6482251 0.6119763 0.6485567 0.6119104 0.1563853 0.5658215 0.1580129 0.5529161 0.1566826 0.5658694 0.3419117 0.3796635 0.3407861 0.3973053 0.3416218 0.3796323 0.6719616 0.6237208 0.6689448 0.6206477 0.6692126 0.6205645 0.1214174 0.5733498 0.120859 0.5639647 0.1224026 0.5642132 0.6125492 0.3621125 0.613917 0.364318 0.6125492 0.3643203 0.1194691 0.5768558 0.1214174 0.5733498 0.1210126 0.5771042 0.115728 0.611552 0.1192134 0.5937907 0.1172715 0.6118004 0.8040151 0.5194528 0.8115943 0.4998865 0.8115821 0.5194562 0.3937749 0.5182062 0.3961417 0.5191535 0.3937742 0.5191535 0.1176699 0.5935422 0.1210126 0.5771042 0.1192134 0.5937907 0.1224026 0.5642132 0.1212683 0.5601695 0.1228118 0.560418 0.1162258 0.621498 0.115728 0.611552 0.1172715 0.6118004 0.6719616 0.6237208 0.6706857 0.6201074 0.6734346 0.6232636 0.3400269 0.3794602 0.3407861 0.3973053 0.3391912 0.3971333 0.6191216 0.6955302 0.6160209 0.6945813 0.6191223 0.6945813 0.6786758 0.6955302 0.6755967 0.6945813 0.6786765 0.6945813 0.6021531 0.6706673 0.61374 0.6716164 0.6021531 0.6716164 0.6625229 0.6128837 0.6612171 0.609236 0.6639959 0.6124265 0.3404741 0.3699889 0.3416218 0.3796323 0.3400269 0.3794602 0.4651939 0.6254804 0.4516099 0.6118586 0.4530864 0.6114071 0.6881073 0.6955302 0.6786765 0.6945813 0.6881079 0.6945813 0.6706857 0.6201074 0.6625229 0.6128837 0.6639959 0.6124265 0.1198739 0.5731014 0.1205779 0.5639194 0.120859 0.5639647 0.8001804 0.325963 0.8026965 0.3236808 0.802711 0.3259609 0.1191879 0.5768106 0.1198739 0.5731014 0.1194691 0.5768558 0.115728 0.611552 0.1173887 0.5934969 0.1176699 0.5935422 0.7951304 0.2823554 0.7925866 0.299745 0.7925997 0.2823534 0.393775 0.5180338 0.3961424 0.5182062 0.3937749 0.5182062 0.1176699 0.5935422 0.1191879 0.5768106 0.1194691 0.5768558 0.120859 0.5639647 0.1209871 0.5601243 0.1212683 0.5601695 0.1146823 0.6212497 0.1154468 0.6115068 0.115728 0.611552 0.6746144 0.6188881 0.668567 0.6110081 0.6752567 0.6186888 0.6881097 0.6920503 0.6786785 0.6916367 0.6881099 0.6916367 0.469776 0.6240791 0.4570247 0.6102027 0.4576686 0.6100057 0.3355247 0.36946 0.3357732 0.3790014 0.3350777 0.3789264 0.6679247 0.6112073 0.6657882 0.6078174 0.668567 0.6110081 0.6021531 0.674562 0.5991775 0.6741481 0.6021531 0.6741481 0.6786782 0.6920503 0.6755988 0.6916367 0.6786785 0.6916367 0.4087026 0.7624042 0.4313156 0.7601225 0.4313157 0.7624042 0.296784 0.6941182 0.301568 0.7114998 0.2968047 0.7115111 0.6191241 0.6920505 0.616023 0.6916367 0.6191244 0.6916367 0.6868131 0.3498333 0.6897886 0.3670415 0.6868131 0.3670415 0.08253842 0.6160762 0.08261179 0.6062222 0.08358407 0.6063786 0.5930076 0.3656973 0.5930076 0.3621103 0.5943983 0.3621103 0.107684 0.6236371 0.08253842 0.6160762 0.1080567 0.6201832 0.3975132 0.4767229 0.3937669 0.476093 0.3975247 0.4761263 0.3978245 0.4604672 0.3940746 0.4600203 0.3978324 0.4600535 0.108731 0.6202917 0.1102188 0.6106653 0.1091731 0.620363 0.1080567 0.6201832 0.1097766 0.6105942 0.108731 0.6202917 0.1153498 0.5630781 0.1153169 0.5592116 0.1157591 0.5592828 0.1149077 0.5630069 0.1146427 0.5591031 0.1153169 0.5592116 0.1117185 0.5925844 0.1139599 0.5759692 0.1121607 0.5926555 0.1117185 0.5925844 0.1128435 0.5757895 0.1135177 0.575898 0.4081049 0.740521 0.4087025 0.7601225 0.408105 0.7601227 0.3937774 0.514554 0.3961447 0.5148254 0.3937772 0.5148254 0.7427668 0.3338223 0.7397921 0.3332256 0.7427672 0.3332256 0.7405025 0.3572415 0.7390491 0.3515835 0.7405025 0.35174 0.7390427 0.3629099 0.7375614 0.3572481 0.7390427 0.3574085 0.7992924 0.6790563 0.8068717 0.6616685 0.8068594 0.67906 0.2604953 0.6342354 0.2591505 0.6285883 0.2604953 0.628734 0.7345641 0.3629122 0.7330614 0.3572481 0.7345641 0.3574107 0.8047412 0.7116094 0.797187 0.7290044 0.7971749 0.7116129 0.7913097 0.369548 0.7917016 0.3891487 0.7913098 0.3891488 0.8039897 0.6263609 0.8115683 0.608973 0.8115568 0.6263645 0.8102917 0.3041065 0.8027373 0.3236789 0.8027254 0.3041096 0.5991487 0.3705583 0.5979277 0.3672987 0.5998255 0.3704246 0.1097766 0.6105942 0.1121607 0.5926555 0.1102188 0.6106653 0.1091024 0.6104857 0.1117185 0.5925844 0.1097766 0.6105942 0.1135177 0.575898 0.1143647 0.5722147 0.1139599 0.5759692 0.1135177 0.575898 0.1132483 0.5720351 0.1139225 0.5721436 0.7913097 0.3673403 0.7917015 0.369547 0.7913097 0.369548 0.7917015 0.3673393 0.7922989 0.369546 0.7917015 0.369547 0.1139225 0.5721436 0.1153498 0.5630781 0.1143647 0.5722147 0.1132483 0.5720351 0.1149077 0.5630069 0.1139225 0.5721436 0.6995673 0.6111447 0.6938038 0.6031764 0.7004935 0.6108573 0.6191353 0.6759762 0.6160343 0.6753795 0.6191357 0.6753795 0.6786895 0.6759762 0.6756101 0.6753795 0.6786899 0.6753795 0.6021531 0.6741481 0.61374 0.674562 0.6021531 0.674562 0.6938038 0.6031764 0.6900987 0.6002733 0.691025 0.5999858 0.3081992 0.3665384 0.3087567 0.3760871 0.3077538 0.375979 0.4941453 0.6166264 0.4829663 0.6022691 0.4950737 0.6163424 0.6881209 0.6759762 0.6786899 0.6753795 0.6881213 0.6753795 0.4313154 0.74052 0.432177 0.7601122 0.4313156 0.7601225 0.8090508 0.565353 0.8014959 0.5827477 0.8014845 0.5653563 0.2591505 0.6342596 0.2575817 0.6285883 0.2591505 0.6287581 0.6756097 0.6759762 0.6475102 0.6753795 0.6756101 0.6753795 0.6475098 0.6759762 0.644229 0.6753795 0.6475102 0.6753795 0.8052754 0.2800588 0.8128513 0.260501 0.8128424 0.2800613 0.08156615 0.6159197 0.08216571 0.61953 0.08119344 0.6193735 0.1080567 0.6201832 0.1083583 0.6237456 0.107684 0.6236371 0.8039922 0.5391237 0.81157 0.5217358 0.8115592 0.539127 0.7465752 0.6304307 0.7450465 0.6356887 0.7450465 0.630302 0.5735208 0.3755925 0.5706607 0.3726823 0.5716231 0.3724665 0.7135086 0.3647658 0.7119718 0.359098 0.7135086 0.3592643 0.79131 0.4088233 0.7917017 0.3914303 0.7917019 0.4088233 0.7913099 0.3914303 0.7917016 0.3891487 0.7917017 0.3914303 0.7375679 0.3572461 0.7360711 0.3515834 0.7375679 0.3517446 0.8102942 0.2168883 0.8027366 0.2364505 0.8027279 0.2168906 0.8103156 0.3259553 0.80276 0.3433497 0.8027493 0.3259584 0.8052586 0.2997286 0.8128335 0.2823404 0.8128256 0.2997311 0.6755985 0.6920505 0.6474989 0.6916367 0.6755988 0.6916367 0.6474986 0.6920505 0.6442176 0.6916367 0.6474989 0.6916367 0.8040272 0.5849099 0.8014964 0.5871157 0.8014964 0.5849079 0.8001515 0.3041065 0.8026965 0.3236808 0.800166 0.3236829 0.6755961 0.6955302 0.6474968 0.6945813 0.6755967 0.6945813 0.6474968 0.6945813 0.6442149 0.6955302 0.6442156 0.6945813 0.5967663 0.3643915 0.598134 0.3621102 0.5981341 0.3643913 0.7788955 0.6851153 0.7933538 0.6680862 0.7963854 0.6851432 0.7604776 0.6875454 0.7433282 0.6842049 0.7604776 0.6853967 0.8292741 0.5849099 0.8318046 0.5871157 0.8292741 0.5871177 0.8191606 0.4976754 0.8216912 0.499881 0.8191606 0.4998831 0.4079862 0.4259292 0.4066188 0.445395 0.4066188 0.4259287 0.4079862 0.4453954 0.4066188 0.4476681 0.4066188 0.445395 0.6034256 0.3666725 0.6046832 0.3643915 0.6046833 0.3666725 0.727434 0.7177788 0.7387524 0.7158051 0.7391505 0.7180353 0.7604775 0.6462687 0.756811 0.6445015 0.7604773 0.644135 0.8001804 0.325963 0.8027238 0.3433525 0.8001933 0.3433546 0.7993047 0.6616647 0.7967877 0.6593827 0.7993184 0.6593849 0.4066458 0.4758681 0.4053884 0.4953339 0.4053884 0.4758676 0.4066458 0.4953343 0.4053884 0.4976069 0.4053884 0.4953339 0.5981342 0.3643912 0.5994748 0.3621102 0.5994749 0.364391 0.7277879 0.7155186 0.7353429 0.6967055 0.7387524 0.7158051 0.6260213 0.6201582 0.6248576 0.6192292 0.6251652 0.6191681 0.2575817 0.5850299 0.2601123 0.5872356 0.2575817 0.5872377 0.7993047 0.6616647 0.7967616 0.6790542 0.7967739 0.6616627 0.4079862 0.4758681 0.4066458 0.4953339 0.4066458 0.4758676 0.4079862 0.4953343 0.4066458 0.4976069 0.4066458 0.4953339 0.8103117 0.2387273 0.8027532 0.2561203 0.8027454 0.2387295 0.5967662 0.3666722 0.5981386 0.3643915 0.5981387 0.3666721 0.2786334 0.6328286 0.2671802 0.6149137 0.2786334 0.6154429 0.4327387 0.6994397 0.4369042 0.6978853 0.4372768 0.6999787 0.7993322 0.6398103 0.7967877 0.6593827 0.7968015 0.6398083 0.3423591 0.3701905 0.3421542 0.3683589 0.3424442 0.3683899 0.4079908 0.3759903 0.4066188 0.3954561 0.4066188 0.3759899 0.4079908 0.3954566 0.4066188 0.3977292 0.4066188 0.3954561 0.5994799 0.3666721 0.6007893 0.3643915 0.6007894 0.366672 0.2967367 0.6415119 0.2950693 0.6351285 0.2967367 0.6349774 0.4262953 0.7404742 0.4441114 0.7383661 0.4444867 0.7404742 0.1270272 0.6232364 0.1271499 0.6251229 0.1268293 0.6250713 0.7951176 0.1253053 0.7925851 0.1274528 0.7925869 0.1253032 0.1737518 0.5599811 0.1724428 0.5794469 0.1724428 0.5599808 0.1737518 0.5794474 0.1724428 0.5817201 0.1724428 0.5794469 0.5981388 0.366672 0.5994798 0.3643915 0.5994799 0.3666719 0.4878502 0.7366985 0.5022843 0.7196702 0.5053247 0.7367267 0.2967153 0.715333 0.2859833 0.7126078 0.2967153 0.7130596 0.8047412 0.7116094 0.8072839 0.7289987 0.8047534 0.7290008 0.3681274 0.3729454 0.3679367 0.3711154 0.3682125 0.3711448 0.399173 0.4686878 0.3978324 0.4881536 0.3978324 0.4686874 0.399173 0.4881541 0.3978324 0.4904267 0.3978324 0.4881536 0.8052762 0.1928357 0.8128513 0.1732799 0.8128432 0.1928379 0.6021318 0.3666718 0.6034255 0.3643915 0.6034256 0.3666717 0.2967153 0.7130596 0.2923451 0.6938741 0.2967152 0.6935908 0.3971975 0.7052797 0.3857296 0.6873591 0.3971974 0.687894 0.8047412 0.7116094 0.8072581 0.7093273 0.8072718 0.7116072 0.1516081 0.6271926 0.1517197 0.6290773 0.1514102 0.6290275 0.407952 0.5757458 0.4066586 0.5952116 0.4066586 0.5757454 0.407952 0.595212 0.4066586 0.5974847 0.4066586 0.5952116 0.600803 0.3643904 0.6021118 0.3621103 0.6021119 0.3643903 0.7604773 0.644135 0.7588126 0.6377461 0.7604773 0.6376004 0.5333914 0.6991422 0.536015 0.6928225 0.5372251 0.6997089 0.8040013 0.6089696 0.801459 0.6263588 0.8014705 0.6089674 0.815383 0.1252685 0.8128517 0.1274157 0.8128522 0.1252664 0.1737518 0.5599808 0.1750604 0.5794474 0.1737518 0.5794469 0.1750604 0.5794474 0.1737518 0.5817201 0.1737518 0.5794469 0.599475 0.3643903 0.6008028 0.3621103 0.6008029 0.3643901 0.124515 0.5606921 0.126164 0.5477965 0.1248344 0.5607435 0.6563832 0.6107361 0.6551976 0.6098126 0.655528 0.6097469 0.8047139 0.6897553 0.8072581 0.7093273 0.8047276 0.7093294 0.7951647 0.08384352 0.792634 0.08604919 0.792634 0.08384144 0.4066586 0.5258064 0.4079861 0.5452732 0.4066586 0.5452727 0.4079861 0.5452732 0.4066586 0.5475458 0.4066586 0.5452727 0.6021119 0.3643901 0.6034193 0.3621102 0.6034194 0.36439 0.5060359 0.736698 0.5204778 0.7196695 0.5235154 0.7367261 0.1493678 0.5646921 0.1509824 0.5517806 0.1496517 0.5647378 0.8090508 0.565353 0.8115928 0.5827423 0.8090623 0.5827444 0.8153971 0.08384352 0.8128663 0.08604919 0.8128663 0.08384144 0.3991411 0.5685656 0.3978341 0.5880314 0.3978341 0.5685651 0.3991411 0.5880318 0.3978341 0.5903045 0.3978341 0.5880314 0.7092563 0.7177787 0.7205747 0.7158049 0.7209727 0.7180353 0.1634085 0.5669519 0.1650531 0.5540543 0.1637233 0.5670025 0.7443376 0.3376629 0.7427682 0.3429175 0.7427682 0.3375308 0.6072932 0.3666712 0.6085627 0.3643915 0.6085627 0.3666711 0.8040013 0.6089696 0.8014835 0.6066877 0.8040142 0.6066897 0.804003 0.5217324 0.8014613 0.5391216 0.8014722 0.5217303 0.260536 0.5437566 0.2591941 0.5632224 0.2591941 0.5437561 0.260536 0.5632228 0.2591941 0.5654954 0.2591941 0.5632224 0.8052608 0.2125052 0.8128351 0.1951168 0.8128279 0.2125075 0.6047587 0.3643894 0.6060484 0.3621102 0.6060484 0.3643893 0.5808789 0.692646 0.5637357 0.6893081 0.5808789 0.6904973 0.4942829 0.6956781 0.4969058 0.6893609 0.4981091 0.6962465 0.8040272 0.5871177 0.8014835 0.6066877 0.8014964 0.5871157 0.1197614 0.6220671 0.119867 0.6239507 0.1195636 0.623902 0.2496006 0.5936934 0.2508898 0.6131601 0.2496006 0.6131597 0.2508898 0.6131601 0.2496006 0.6154327 0.2496006 0.6131597 0.6099397 0.3643893 0.6111767 0.3621103 0.6111767 0.3643891 0.7096102 0.7155185 0.7171652 0.6967055 0.7205747 0.7158049 0.5808787 0.6513693 0.5772186 0.6496046 0.5808786 0.6492356 0.4003257 0.7021186 0.3977928 0.7042662 0.397795 0.7021165 0.8103156 0.3259553 0.8128569 0.3433445 0.8103263 0.3433465 0.2546214 0.5936949 0.255858 0.6131616 0.2546214 0.6131612 0.255858 0.6131616 0.2546214 0.6154343 0.2546214 0.6131612 0.6046834 0.3666703 0.6059882 0.3643915 0.6059882 0.3666702 0.7423959 0.6853967 0.7309328 0.6674779 0.7423959 0.668011 0.6327067 0.6180835 0.6315563 0.6171512 0.63185 0.6170927 0.8090508 0.565353 0.8115686 0.5630711 0.8115814 0.5653509 0.3554238 0.3715872 0.3551782 0.3697513 0.3555089 0.3697867 0.4016263 0.5702534 0.4029307 0.58972 0.4016263 0.5897197 0.4029307 0.58972 0.4016263 0.5919927 0.4016263 0.5897197 0.4037402 0.3620811 0.4320351 0.367308 0.4037482 0.3673227 0.6073647 0.364389 0.6086585 0.3621103 0.6086586 0.3643888 0.6193304 0.6222346 0.6181494 0.6213099 0.6184751 0.6212452 0.5330581 0.7012636 0.5372251 0.6997089 0.5375976 0.7018024 0.8001956 0.2561391 0.8027278 0.2582865 0.8001973 0.2582886 0.1551583 0.627764 0.1552991 0.6296535 0.1549604 0.6295989 0.4042353 0.5702534 0.4055287 0.58972 0.4042353 0.5897197 0.4055287 0.58972 0.4042353 0.5919927 0.4042353 0.5897197 0.7450639 0.3573788 0.7435111 0.3626347 0.7435111 0.3572481 0.6059883 0.3666701 0.6072931 0.3643915 0.6072931 0.36667 0.4084402 0.7383382 0.4228824 0.7213098 0.4259199 0.7383664 0.7061961 0.7179561 0.6954641 0.7152308 0.706196 0.7156826 0.8052665 0.2823379 0.8027278 0.2997266 0.8027357 0.2823358 0.8090252 0.5435016 0.8115686 0.5630711 0.809038 0.5630732 0.4029307 0.5702534 0.4042353 0.58972 0.4029307 0.5897197 0.4042353 0.58972 0.4029307 0.5919927 0.4029307 0.5897197 0.728224 0.3642381 0.7266872 0.3585711 0.728224 0.3587366 0.6098754 0.3666699 0.6111379 0.3643915 0.6111379 0.3666698 0.5266126 0.742298 0.5444302 0.7401899 0.5448055 0.742298 0.706196 0.7156826 0.7018259 0.6964972 0.706196 0.6962139 0.1445382 0.6260548 0.1446621 0.6279414 0.1443404 0.6278896 0.8052608 0.2125052 0.8027291 0.2146525 0.80273 0.2125031 0.2521706 0.5936942 0.2534328 0.6131609 0.2521706 0.6131605 0.2534328 0.6131609 0.2521706 0.6154336 0.2521706 0.6131605 0.6034194 0.3643885 0.6047587 0.3621102 0.6047587 0.3643884 0.49395 0.6977995 0.4981091 0.6962465 0.4984821 0.6983399 0.5989662 0.6904973 0.5875032 0.6725786 0.5989661 0.6731116 0.8103263 0.3433465 0.8128582 0.345494 0.8103277 0.3454961 0.3876802 0.3750358 0.3882433 0.3732869 0.3881582 0.3750874 0.3978341 0.5186263 0.3991731 0.5380929 0.3978341 0.5380925 0.3991731 0.5380929 0.3978341 0.5403656 0.3978341 0.5380925 0.739049 0.3572453 0.7375679 0.3515834 0.739049 0.3517438 0.6060484 0.3643884 0.6073646 0.3621103 0.6073647 0.3643882 0.5808786 0.6492356 0.5792127 0.6428492 0.5808786 0.642701 0.4875152 0.7388347 0.5053247 0.7367267 0.5057005 0.7388347 0.4003824 0.6606461 0.3978517 0.6628518 0.3978517 0.6606441 0.3807679 0.3742969 0.3805338 0.3724621 0.380853 0.3724963 0.249574 0.5437546 0.2508898 0.5632212 0.249574 0.5632208 0.2508898 0.5632212 0.249574 0.5654939 0.249574 0.5632208 0.6086585 0.3643882 0.6099396 0.3621103 0.6099396 0.3643881 0.7493367 0.6940419 0.7519595 0.6877252 0.7531613 0.6946107 0.5633341 0.7401615 0.5777843 0.7231327 0.5808188 0.7401896 0.8204289 0.2561025 0.8229599 0.2582497 0.8204293 0.2582518 0.8103117 0.2387273 0.8128501 0.256116 0.8103196 0.2561181 0.2508898 0.5936942 0.2521706 0.613161 0.2508898 0.6131605 0.2521706 0.613161 0.2508898 0.6154336 0.2508898 0.6131605 0.6111379 0.3643917 0.6123126 0.3666692 0.6111379 0.3666693 0.4723754 0.7194145 0.4837012 0.71744 0.4840987 0.7196703 0.7456157 0.7177783 0.7569402 0.715804 0.7573378 0.7180343 0.8001514 0.2146806 0.8026819 0.2168862 0.8001514 0.2168883 0.804003 0.5217324 0.8014843 0.5194507 0.8040151 0.5194528 0.2483997 0.5437546 0.249574 0.5632212 0.2483997 0.5632209 0.249574 0.5632212 0.2483997 0.565494 0.2483997 0.5632209 0.5660504 0.722878 0.5773876 0.7209023 0.5777843 0.7231327 0.4727299 0.7171544 0.4802963 0.6983401 0.4837012 0.71744 0.7345044 0.6303005 0.7329841 0.6246353 0.7345044 0.624799 0.6085627 0.3643917 0.6098753 0.366669 0.6085627 0.3666692 0.5865847 0.3620379 0.5614554 0.08384817 0.5864462 0.08384221 0.5614807 0.3620438 0.5581654 0.08385485 0.5614554 0.08384817 0.2995295 0.6265359 0.3000004 0.6093078 0.3000006 0.6265359 0.2995294 0.6093079 0.3000004 0.6070262 0.3000004 0.6093078 0.2972097 0.6265359 0.2995294 0.6093079 0.2995295 0.6265359 0.2972097 0.609308 0.2995293 0.6070263 0.2995294 0.6093079 0.296738 0.6265359 0.2972097 0.609308 0.2972097 0.6265359 0.2967379 0.6093081 0.2972096 0.6070267 0.2972097 0.609308 0.1752758 0.6427078 0.1757475 0.6253952 0.1757475 0.6427078 0.1752757 0.6253952 0.1757474 0.6231157 0.1757475 0.6253952 0.172954 0.6427078 0.1752757 0.6253952 0.1752758 0.6427078 0.172954 0.6253954 0.1752756 0.6231158 0.1752757 0.6253952 0.1724429 0.6427078 0.172954 0.6253954 0.172954 0.6427078 0.1724429 0.6253954 0.172954 0.6231161 0.172954 0.6253954 0.6755983 0.6923218 0.6474986 0.6920505 0.6755985 0.6920505 0.6474984 0.6923218 0.6442173 0.6920505 0.6474986 0.6920505 0.621191 0.3620944 0.6498054 0.083889 0.6494851 0.3621102 0.6178976 0.3620785 0.6212438 0.08387321 0.621191 0.3620944 0.675598 0.6926479 0.6474984 0.6923218 0.6755983 0.6923218 0.6474982 0.6926479 0.6442171 0.6923218 0.6474984 0.6923218 0.675597 0.6942545 0.6474982 0.6926479 0.675598 0.6926479 0.6474982 0.6926479 0.6442158 0.6942545 0.6442169 0.6926479 0.8103127 0.1515012 0.8027534 0.1688939 0.8027463 0.1515033 0.2465364 0.5373688 0.2479066 0.5350874 0.2479066 0.5373687 0.6755967 0.6945813 0.6474971 0.6942545 0.675597 0.6942545 0.6474971 0.6942545 0.6442156 0.6945813 0.6442158 0.6942545 0.2546214 0.5437546 0.2558906 0.5632212 0.2546214 0.5632208 0.2558906 0.5632212 0.2546214 0.565494 0.2546214 0.5632208 0.4604268 0.3620387 0.4352671 0.08385616 0.4601356 0.08384305 0.4353201 0.3620518 0.4319741 0.08387082 0.4352671 0.08385616 0.2558906 0.543755 0.2563622 0.5632214 0.2558906 0.5632212 0.2563622 0.5632214 0.2558906 0.5654943 0.2558906 0.5632212 0.4950276 0.3620784 0.5234256 0.08386498 0.5232734 0.3620862 0.4917371 0.3620706 0.4950526 0.08385723 0.4950276 0.3620784 0.2563622 0.5437552 0.2586832 0.5632222 0.2563622 0.5632214 0.2586832 0.5632222 0.2563622 0.5654945 0.2563622 0.5632214 0.2586832 0.543756 0.2591941 0.5632224 0.2586832 0.5632222 0.2591941 0.5632224 0.2586832 0.5654953 0.2586832 0.5632222 0.6007894 0.3666708 0.6021317 0.3643915 0.6021317 0.3666707 0.2838748 0.5654975 0.2964756 0.5828835 0.2838747 0.5828836 0.2838748 0.5632236 0.2964756 0.5654963 0.2838748 0.5654975 0.2786405 0.5654979 0.2838747 0.5828836 0.2786405 0.5828837 0.2786405 0.5632246 0.2838748 0.5654975 0.2786405 0.5654979 0.2964756 0.5654963 0.3016535 0.5828834 0.2964756 0.5828835 0.2964756 0.5632214 0.3016535 0.5654959 0.2964756 0.5654963 0.4311179 0.688673 0.4559561 0.6712836 0.4559561 0.688673 0.4311179 0.6690061 0.4559561 0.6712836 0.4311179 0.6712836 0.4559561 0.688673 0.4693304 0.6712836 0.4693304 0.688673 0.4559561 0.6690061 0.4693304 0.6712836 0.4559561 0.6712836 0.2526126 0.5828779 0.2533881 0.5654948 0.2533881 0.5828781 0.2526126 0.5632214 0.2533881 0.5654948 0.2526126 0.5654945 0.8052843 0.1710699 0.8027535 0.1732755 0.8027535 0.1710678 0.8102917 0.3018987 0.8128222 0.3041044 0.8102917 0.3041065 0.3004397 0.6526851 0.3012154 0.6700744 0.3004397 0.6700744 0.3004397 0.6504076 0.3012154 0.6526851 0.3004397 0.6526851 0.4081049 0.6712856 0.4311179 0.688673 0.4081049 0.6886731 0.4081049 0.6690103 0.4311179 0.6712836 0.4081049 0.6712856 0.2533881 0.5828781 0.2546214 0.5654951 0.2546214 0.5828786 0.2533881 0.5632216 0.2546214 0.5654951 0.2533881 0.5654948 0.4066188 0.375954 0.4053851 0.3954557 0.4053851 0.375954 0.4066188 0.3977312 0.4053851 0.3954557 0.4066188 0.3954557 0.2522021 0.5437551 0.2508898 0.5632208 0.2508899 0.5437546 0.2522021 0.5632212 0.2508899 0.565494 0.2508898 0.5632208 0.2533881 0.5828781 0.2546214 0.5850271 0.2533881 0.5850266 0.4081049 0.6886731 0.4311179 0.6908223 0.4081049 0.6908223 0.3004397 0.6700744 0.3012154 0.6722236 0.3004397 0.6722236 0.8052681 0.1951146 0.80273 0.2125031 0.8027372 0.1951125 0.2526126 0.5828779 0.2533881 0.5850266 0.2526126 0.5850264 0.4559561 0.688673 0.4693304 0.6908223 0.4559561 0.6908223 0.4311179 0.688673 0.4559561 0.6908223 0.4311179 0.6908223 0.2964756 0.5828835 0.3016535 0.5850325 0.2964756 0.5850325 0.2786405 0.5828837 0.2838747 0.5850325 0.2786405 0.5850325 0.2838747 0.5828836 0.2964756 0.5850325 0.2838747 0.5850325 0.6310238 0.3642597 0.6323661 0.3621103 0.6323661 0.3642597 0.4635299 0.3620371 0.4601356 0.08384305 0.4632093 0.08384144 0.6283128 0.3642599 0.629683 0.3621103 0.629683 0.3642599 0.1724429 0.6448476 0.172954 0.6427078 0.172954 0.6448476 0.172954 0.6448476 0.1752758 0.6427078 0.1752758 0.6448476 0.1752758 0.6448476 0.1757475 0.6427078 0.1757475 0.6448476 0.296738 0.6286652 0.2972097 0.6265359 0.2972098 0.6286652 0.2972098 0.6286652 0.2995295 0.6265359 0.2995295 0.6286652 0.2995295 0.6286652 0.3000006 0.6265359 0.3000006 0.6286652 0.5896874 0.3620372 0.5864462 0.08384221 0.5895349 0.08384144 0.4016262 0.6115251 0.4029389 0.6136743 0.4016262 0.6136743 0.8040272 0.4998831 0.8014843 0.5194507 0.8014965 0.499881 0.6389069 0.3621103 0.6400816 0.3642596 0.6389069 0.3642596 0.8204175 0.2146806 0.822948 0.2168862 0.8204175 0.2168883 0.6376177 0.3643915 0.6388989 0.3665407 0.6376177 0.3665407 0.8103127 0.1515012 0.8128503 0.1688898 0.8103198 0.1688919 0.6337003 0.3643915 0.6350165 0.3665407 0.6337003 0.3665407 0.3479112 0.3707841 0.3476834 0.36895 0.3479964 0.3689835 0.6323609 0.3643915 0.6337003 0.3665408 0.6323609 0.3665408 0.8052699 0.1078858 0.8027326 0.1252743 0.8027392 0.1078838 0.4029727 0.6136745 0.4042353 0.6158239 0.4029727 0.6158239 0.3765827 0.7355234 0.3791153 0.7376708 0.3765847 0.7376729 0.6363124 0.3642596 0.6376172 0.3621102 0.6376172 0.3642596 0.1323983 0.6241009 0.1325215 0.6259874 0.1322004 0.6259358 0.6363239 0.3665409 0.6376178 0.3643915 0.6376178 0.3665409 0.8103156 0.3259553 0.8128342 0.3236736 0.8128462 0.3259533 0.4042353 0.6136745 0.4055401 0.6115251 0.4055401 0.6136745 0.7992924 0.6790563 0.7967601 0.6812036 0.7967616 0.6790542 0.6388989 0.3665409 0.6401359 0.3643915 0.6401359 0.3665409 0.3844602 0.3746916 0.3841959 0.3728536 0.3845453 0.372891 0.6376173 0.3642597 0.6389069 0.3621103 0.638907 0.3642597 0.8144798 0.6616446 0.8170168 0.6790329 0.8144863 0.6790351 0.4016263 0.6158239 0.4028958 0.6136744 0.4028958 0.6158239 0.8249757 0.7289641 0.8275066 0.7311113 0.824976 0.7311133 0.6350165 0.366541 0.6363239 0.3643915 0.6363239 0.366541 0.8102917 0.3041065 0.8128342 0.3236736 0.8103036 0.3236757 0.632366 0.3642597 0.6336939 0.3621102 0.6336939 0.3642597 0.3734879 0.3735185 0.3732411 0.3716825 0.373573 0.3717179 0.6350034 0.3642598 0.6363124 0.3621103 0.6363124 0.3642598 0.8144863 0.6790351 0.8170176 0.6811824 0.814487 0.6811844 0.4029415 0.6136747 0.4042352 0.6115251 0.4042352 0.6136747 0.8052665 0.2823379 0.8027446 0.2800567 0.8052754 0.2800588 0.6310198 0.366541 0.6323609 0.3643915 0.6323609 0.366541 0.3765287 0.6940539 0.3790593 0.6962595 0.3765287 0.6962615 0.6336939 0.3642598 0.6350034 0.3621102 0.6350034 0.3642598 0.8098227 0.7115874 0.8072862 0.7289757 0.8072919 0.7115853 0.6282795 0.3665411 0.629652 0.3643915 0.629652 0.3665411 0.8052843 0.2604985 0.8027446 0.2800567 0.8027535 0.2604964 0.629683 0.3642598 0.6310237 0.3621102 0.6310237 0.3642598 0.7993322 0.6376026 0.7968015 0.6398083 0.7968015 0.6376004 0.4042823 0.6158241 0.4055401 0.6136745 0.4055401 0.6158241 0.8249692 0.6875476 0.8274997 0.6897533 0.8249692 0.6897553 0.629652 0.3665411 0.6310198 0.3643915 0.6310198 0.3665411 0.8144655 0.6376026 0.816996 0.6398083 0.8144655 0.6398103 0.79131 0.410973 0.7917019 0.4088233 0.7917019 0.410973 0.6442286 0.6759762 0.6191357 0.6753795 0.644229 0.6753795 0.6442173 0.6920505 0.6191244 0.6916367 0.6442176 0.6916367 0.6442149 0.6955302 0.6191223 0.6945813 0.6442156 0.6945813 0.2786405 0.5850325 0.2615129 0.5817005 0.2786405 0.5828836 0.4079862 0.4476685 0.4066188 0.4650515 0.4066188 0.4476681 0.74597 0.7155182 0.7535345 0.696704 0.7569402 0.715804 0.4066458 0.4976074 0.4053884 0.5149904 0.4053884 0.4976069 0.7311505 0.694042 0.7337726 0.6877272 0.7349694 0.6946122 0.4079862 0.4976074 0.4066458 0.5149904 0.4066458 0.4976069 0.5664057 0.7206179 0.5739895 0.7018018 0.5773876 0.7209023 0.4079908 0.3977297 0.4066188 0.4151126 0.4066188 0.3977292 0.1372091 0.5627352 0.1388391 0.5498308 0.1375088 0.5627834 0.1737518 0.5817205 0.1724428 0.5991035 0.1724428 0.5817201 0.5879766 0.6991422 0.5906006 0.6928215 0.591813 0.6997082 0.399173 0.4904271 0.3978324 0.5078101 0.3978324 0.4904267 0.4874227 0.6870331 0.4759646 0.6691161 0.4874227 0.6696473 0.407952 0.5974851 0.4066586 0.6148681 0.4066586 0.5974847 0.2786404 0.5437558 0.2749958 0.541997 0.2786403 0.5416219 0.1750604 0.5817205 0.1737518 0.5991035 0.1737518 0.5817201 0.6442898 0.614489 0.6431238 0.6135606 0.6434338 0.6134989 0.4079861 0.5475463 0.4066586 0.5649293 0.4066586 0.5475458 0.7423959 0.6875454 0.7252517 0.684207 0.7423959 0.6853967 0.3991411 0.590305 0.3978341 0.6076878 0.3978341 0.5903045 0.5815297 0.7401615 0.5959801 0.7231327 0.5990145 0.7401896 0.260536 0.5654959 0.2591941 0.5828788 0.2591941 0.5654954 0.749004 0.6961632 0.7531613 0.6946107 0.7535345 0.696704 0.2508898 0.6154332 0.2496006 0.6328162 0.2496006 0.6154327 0.7604776 0.668011 0.7497522 0.6652883 0.7604776 0.6657375 0.255858 0.6154347 0.2546214 0.6328176 0.2546214 0.6154343 0.2786166 0.7153329 0.2678901 0.7126098 0.2786166 0.7130596 0.4029307 0.5919931 0.4016263 0.6093761 0.4016263 0.5919927 0.4874227 0.6696473 0.4767073 0.6669287 0.4874226 0.6673739 0.4055287 0.5919931 0.4042353 0.6093761 0.4042353 0.5919927 0.7423958 0.6462687 0.7387345 0.6445035 0.7423956 0.644135 0.4042353 0.5919931 0.4029307 0.6093761 0.4029307 0.5919927 0.7425714 0.7371986 0.7603791 0.7350905 0.760755 0.7371986 0.2534328 0.6154341 0.2521706 0.632817 0.2521706 0.6154336 0.7604776 0.6657375 0.756114 0.6465547 0.7604775 0.6462687 0.3991731 0.5403661 0.3978341 0.557749 0.3978341 0.5403656 0.2786166 0.7130596 0.2742519 0.6938763 0.2786166 0.6935907 0.2508898 0.5654943 0.249574 0.5828773 0.249574 0.5654939 0.4874226 0.6673739 0.4830691 0.648195 0.4874225 0.6479051 0.2521706 0.6154341 0.2508899 0.632817 0.2508898 0.6154336 0.5055152 0.6870331 0.4940571 0.6691163 0.5055151 0.6696473 0.249574 0.5654943 0.2483997 0.5828773 0.2483997 0.565494 0.7308182 0.6961633 0.7349694 0.6946122 0.7353429 0.6967055 0.6442171 0.6923218 0.6191241 0.6920505 0.6442173 0.6920505 0.5927905 0.3620644 0.6179504 0.08385735 0.6178976 0.3620785 0.6442169 0.6926479 0.6191239 0.6923218 0.6442171 0.6923218 0.6442158 0.6942545 0.6191236 0.6926479 0.6442169 0.6926479 0.6442156 0.6945813 0.6191225 0.6942545 0.6442158 0.6942545 0.2558906 0.5654943 0.2546214 0.5828773 0.2546214 0.565494 0.2563622 0.5654945 0.2558906 0.5828778 0.2558906 0.5654943 0.4666326 0.3620635 0.4917621 0.08384937 0.4917371 0.3620706 0.2586832 0.5654953 0.2563622 0.5828779 0.2563622 0.5654945 0.2591941 0.5654954 0.2586832 0.5828787 0.2586832 0.5654953 0.4066188 0.4151187 0.4053851 0.3977312 0.4066188 0.3977312 0.2522021 0.5654943 0.2508899 0.5828773 0.2508899 0.565494 0.7340708 0.6050584 0.7354132 0.6246185 0.7340709 0.6246189 0.3002831 0.5850347 0.3016535 0.6046282 0.3002833 0.6046285 0.7382686 0.3320138 0.7395812 0.3515481 0.7382686 0.3515484 0.7393386 0.6050582 0.7405133 0.6245951 0.7393386 0.6245952 0.7380574 0.6050583 0.7393386 0.6245973 0.7380574 0.6245976 0.7369524 0.3320138 0.7382686 0.3515551 0.7369524 0.3515554 0.736718 0.6050584 0.7380574 0.6246022 0.736718 0.6246024 0.6137471 0.6622727 0.6150096 0.681819 0.6137471 0.6818192 0.524899 0.6784071 0.5262039 0.6979555 0.524899 0.6979557 0.7356584 0.3320137 0.7369523 0.3515645 0.7356585 0.3515648 0.7354132 0.6050584 0.7367181 0.6246116 0.7354132 0.6246119 0.5236257 0.6588302 0.5248627 0.6783856 0.5236257 0.678386 0.7343688 0.3320137 0.7356585 0.3515715 0.7343688 0.3515717 0.6137401 0.6427032 0.6150097 0.6622703 0.6137402 0.6622706 0.7330613 0.3320138 0.7343688 0.3515832 0.7330614 0.3515834 0.7327429 0.6050584 0.7340708 0.6246302 0.732743 0.6246305 0.2490378 0.6741525 0.2503468 0.6937267 0.2490379 0.6937269 0.7314491 0.6050584 0.7327429 0.624635 0.7314492 0.6246352 0.5248628 0.6588256 0.5262039 0.6784046 0.5248628 0.6784048 0.2490373 0.6545684 0.2503468 0.6741499 0.2490374 0.6741501 0.5248628 0.6392392 0.5262353 0.658823 0.5248628 0.6588234 0.2490373 0.6349797 0.2503782 0.6545659 0.2490374 0.6545663 0.5236049 0.639239 0.5248628 0.6588278 0.5236051 0.658828 0.3002832 0.6046308 0.3016511 0.6242218 0.3002833 0.6242222 0.4081053 0.781947 0.4087027 0.7797973 0.4087027 0.781947 0.4313158 0.7797973 0.4321774 0.7819411 0.4313158 0.781947 0.4313156 0.7601225 0.4321772 0.762396 0.4313157 0.7624042 0.4313157 0.7624042 0.4321774 0.7797911 0.4313158 0.7797973 0.4081051 0.7624042 0.4087025 0.7601225 0.4087026 0.7624042 0.4081053 0.7797973 0.4087026 0.7624042 0.4087027 0.7797973 0.6568564 0.3672258 0.6582241 0.3498333 0.6582242 0.3672258 0.6715084 0.3672257 0.672766 0.3498333 0.6727661 0.3672257 0.6595968 0.3672256 0.6609375 0.3498333 0.6609376 0.3672256 0.6582243 0.3672255 0.6595966 0.3498333 0.6595968 0.3672254 0.6636068 0.3672254 0.6649162 0.3498333 0.6649163 0.3672253 0.6609377 0.3672252 0.6622787 0.3498333 0.6622787 0.3672252 0.6688752 0.3672251 0.6701688 0.3498333 0.6701689 0.3672251 0.6662586 0.3672249 0.6675675 0.3498333 0.6675676 0.3672249 0.6622788 0.3672248 0.6636067 0.3498333 0.6636068 0.3672248 0.6675677 0.3672246 0.668875 0.3498333 0.668875 0.3672246 0.6779817 0.3672245 0.6792513 0.3498333 0.6792513 0.3672245 0.676692 0.367224 0.6779816 0.3498333 0.6779817 0.367224 0.6844015 0.3672239 0.6856384 0.3498333 0.6856385 0.3672239 0.6727662 0.3672237 0.674071 0.3498333 0.674071 0.3672237 0.6792513 0.3672236 0.6805452 0.3498333 0.6805452 0.3672236 0.6753872 0.3672235 0.676692 0.3498333 0.6766921 0.3672235 0.6831389 0.3672233 0.6844013 0.3498333 0.6844013 0.3672233 0.6701688 0.3672233 0.6715082 0.3498333 0.6715082 0.3672233 0.674071 0.3498334 0.6753872 0.3672231 0.674071 0.3672231 0.6818578 0.3498334 0.6831389 0.367223 0.6818578 0.367223 0.6856385 0.3498334 0.6868132 0.3672228 0.6856385 0.3672228 0.6805452 0.3498334 0.6818578 0.3672227 0.6805452 0.3672227 0.4002561 0.6167863 0.4016262 0.5993935 0.4016263 0.6167863 0.6649163 0.3672242 0.6662585 0.3498333 0.6662586 0.3672242 0.7993184 0.6593849 0.8068993 0.6398141 0.8068855 0.6593886 0.8242415 0.5630386 0.8318093 0.5435019 0.8318085 0.5630389 0.7989118 0.5217499 0.7913613 0.5391468 0.7913454 0.5217546 0.2503468 0.6993882 0.2488703 0.6937269 0.2503468 0.6938868 0.4003256 0.7457374 0.4079086 0.7283502 0.4078926 0.7457423 0.8001515 0.3041065 0.7925996 0.3236867 0.7925851 0.3041103 0.8292741 0.5871177 0.8217092 0.6066568 0.8217077 0.587118 0.7360097 0.6359658 0.7345027 0.6303021 0.7360097 0.6304643 0.3765661 0.718131 0.3690164 0.7355282 0.3689997 0.718136 0.7072658 0.3647689 0.7056998 0.359098 0.7072658 0.3592675 0.7390028 0.6359644 0.737509 0.630302 0.7390028 0.6304629 0.7450677 0.6051858 0.7435287 0.6104428 0.7435287 0.6050562 0.7119719 0.364768 0.710406 0.359098 0.7119719 0.3592665 0.7465888 0.3517119 0.7450631 0.3569701 0.7450631 0.3515834 0.7435287 0.6051909 0.7419294 0.6104429 0.7419294 0.6050563 0.6061186 0.7322961 0.6137024 0.714909 0.6136857 0.7323012 0.795145 0.2800753 0.8027267 0.2605025 0.8027121 0.2800794 0.8200606 0.3890478 0.8276292 0.3695091 0.8276275 0.3890483 0.2579835 0.7026856 0.2504345 0.7200831 0.2504171 0.7026907 0.4003257 0.7021186 0.4079102 0.6847315 0.4078928 0.702124 0.6020889 0.6964873 0.6005949 0.6908242 0.6020889 0.6909859 0.7435112 0.3573811 0.7419417 0.3626346 0.7419417 0.357248 0.8001514 0.2168883 0.7926003 0.2364711 0.792585 0.2168923 0.8249692 0.6897553 0.8174051 0.7092971 0.8174028 0.6897558 0.7404695 0.6359614 0.7390027 0.630302 0.7404695 0.6304599 0.2579852 0.6590617 0.2504369 0.6764596 0.2504188 0.659067 0.5614807 0.3620438 0.5865883 0.3672795 0.5614842 0.3672854 0.7480746 0.3573741 0.7465766 0.3626347 0.7465766 0.357248 0.7404961 0.3629069 0.7390426 0.357248 0.7404961 0.3574054 0.3658198 0.6997128 0.3643385 0.6940518 0.3658198 0.6942113 0.7360036 0.630299 0.7345044 0.6246353 0.7360036 0.6247976 0.7419425 0.35724 0.7405025 0.3515834 0.7419425 0.3517385 0.6020889 0.6966233 0.6004868 0.7018743 0.6004868 0.6964877 0.7473776 0.332139 0.7458648 0.3373982 0.7458648 0.3320116 0.7481955 0.6164802 0.7467249 0.6217432 0.7467249 0.6163565 0.4003258 0.6584944 0.4079111 0.6411073 0.4078928 0.6585 0.4666326 0.3620635 0.4917325 0.3673126 0.4666281 0.3673056 0.7951468 0.1928569 0.8027293 0.1732819 0.8027138 0.1928611 0.8195533 0.659352 0.8271227 0.639811 0.8271203 0.6593527 0.4353201 0.3620518 0.4604349 0.3672803 0.4353282 0.3672934 0.8001514 0.1296647 0.7926012 0.1492502 0.792585 0.129669 0.741858 0.6163565 0.7405132 0.6107102 0.741858 0.6108549 0.8204246 0.3041065 0.8128613 0.3236508 0.8128582 0.3041072 0.7487539 0.3376464 0.7473803 0.3429175 0.7473803 0.3375308 0.7389915 0.6302976 0.7374976 0.6246352 0.7389915 0.6247962 0.7329841 0.6303021 0.7314491 0.6246353 0.7329841 0.6248006 0.7450466 0.630432 0.7435117 0.6356886 0.7435117 0.630302 0.7345029 0.6359681 0.7329825 0.630302 0.7345029 0.6304666 0.7465731 0.6247637 0.7450473 0.6300218 0.7450473 0.6246352 0.5262039 0.6980877 0.5246362 0.7033423 0.5246362 0.6979557 0.367301 0.6998291 0.3659275 0.7050994 0.3659275 0.6997126 0.7951484 0.105633 0.8027318 0.08605575 0.8027155 0.1056374 0.8153886 0.2800425 0.8229588 0.2604994 0.8229556 0.2800434 0.7480472 0.6108371 0.7465492 0.6160967 0.7465492 0.6107102 0.7450474 0.6247656 0.7435083 0.6300218 0.7435083 0.6246352 0.798876 0.5871177 0.7913267 0.6067058 0.7913097 0.5871221 0.8204175 0.2168883 0.8128551 0.2364353 0.8128511 0.2168893 0.7419415 0.3629052 0.7404961 0.357248 0.7419415 0.3574036 0.7088372 0.3647686 0.7072659 0.3590979 0.7088372 0.3592671 0.7443342 0.3321442 0.7427681 0.3373981 0.7427681 0.3320115 0.7360711 0.3572467 0.7345682 0.3515834 0.7360711 0.3517452 0.7480651 0.3517077 0.7465889 0.3569701 0.7465889 0.3515835 0.7345683 0.357248 0.7330614 0.3515834 0.7345683 0.3517466 0.7435084 0.6247704 0.7419037 0.6300218 0.7419037 0.6246352 0.7195289 0.3647527 0.7181126 0.3590979 0.7195289 0.3592513 0.7458724 0.33766 0.7443376 0.3429175 0.7443376 0.3375309 0.7480514 0.6304271 0.7465752 0.6356887 0.7465752 0.630302 0.8292779 0.5216973 0.8217122 0.5390868 0.8217115 0.5216974 0.7938747 0.5630857 0.8014588 0.5435063 0.8014417 0.5630903 0.8153903 0.1928241 0.8229614 0.1732788 0.8229573 0.1928253 0.8254906 0.2560898 0.8330577 0.2387005 0.8330577 0.2560899 0.7419095 0.6359593 0.7404695 0.630302 0.7419095 0.6304579 0.2503469 0.6995175 0.2488211 0.7047749 0.2488211 0.6993883 0.8242399 0.5827056 0.8318077 0.5653164 0.8318069 0.582706 0.7465767 0.3573763 0.7450639 0.3626347 0.7450639 0.3572481 0.7988761 0.4998831 0.7913275 0.5194739 0.7913097 0.4998878 0.8204176 0.1296647 0.812856 0.1492142 0.8128513 0.1296659 0.8292769 0.6089342 0.8217119 0.6263241 0.8217106 0.6089345 0.7329825 0.6359686 0.7314491 0.630302 0.7329825 0.6304671 0.7375088 0.635965 0.7360097 0.630302 0.7375088 0.6304635 0.7465491 0.6108394 0.7450234 0.6160967 0.7450234 0.6107102 0.7450234 0.6108421 0.7434573 0.6160969 0.7434573 0.6107102 0.3688321 0.6998412 0.367301 0.7050989 0.367301 0.6997123 0.8200575 0.4087151 0.827626 0.3913261 0.8276246 0.4087157 0.7419037 0.6302933 0.7404583 0.6246352 0.7419037 0.6247918 0.7488241 0.3321341 0.7473776 0.3373981 0.7473776 0.3320115 0.4003596 0.7260646 0.4079446 0.7064829 0.4079266 0.7260695 0.8153922 0.1056 0.8229641 0.08605271 0.8229593 0.1056014 0.8249737 0.7115744 0.8174094 0.7289646 0.8174074 0.7115749 0.7467248 0.6164843 0.7452169 0.6217431 0.7452169 0.6163565 0.715044 0.3647657 0.7135087 0.359098 0.715044 0.3592642 0.8195487 0.6790196 0.8271179 0.6616305 0.8271157 0.6790203 0.6035857 0.6966134 0.6021013 0.7018743 0.6021013 0.6964876 0.3765287 0.6962615 0.3689811 0.7158551 0.3689624 0.6962665 0.8191606 0.5871177 0.8115998 0.6066698 0.8115943 0.5871191 0.8204308 0.3259281 0.8128672 0.3433187 0.8128644 0.3259288 0.7297593 0.3642379 0.7282239 0.3585711 0.7297593 0.3587364 0.7458649 0.3431791 0.7443362 0.3484361 0.7443362 0.3430495 0.7443362 0.3431816 0.7427681 0.3484362 0.7427681 0.3430496 0.8153824 0.2997104 0.8229523 0.2823215 0.8229494 0.2997114 0.7450631 0.351715 0.7435104 0.3569701 0.7435104 0.3515835 0.6061542 0.712623 0.61374 0.6930391 0.6137213 0.7126281 0.8141364 0.5630527 0.8217091 0.5435032 0.8217034 0.5630542 0.8204254 0.2387125 0.8128625 0.2561035 0.812859 0.2387135 0.7458648 0.3321413 0.7443342 0.3373982 0.7443342 0.3320116 0.6035857 0.6964877 0.6020889 0.6908242 0.6035857 0.6909862 0.8153826 0.2124922 0.8229533 0.1951034 0.8229496 0.2124934 0.7465806 0.6051843 0.7450678 0.6104428 0.7450678 0.6050562 0.2579445 0.6808137 0.2503977 0.7004098 0.2503782 0.6808188 0.8191606 0.4998831 0.8116006 0.5194377 0.8115943 0.4998847 0.8204271 0.1514914 0.8128649 0.1688826 0.8128607 0.1514925 0.367301 0.6997128 0.3658199 0.6940518 0.367301 0.6942113 0.7435106 0.3517163 0.7419424 0.3569701 0.7419424 0.3515834 0.710406 0.3647683 0.7088373 0.3590979 0.710406 0.3592668 0.7473776 0.3431769 0.7458649 0.3484362 0.7458649 0.3430496 0.815383 0.1252685 0.8229544 0.1078798 0.82295 0.1252698 0.7435116 0.6304369 0.7419095 0.6356887 0.7419095 0.630302 0.7452169 0.6164862 0.7436857 0.6217431 0.7436857 0.6163565 0.4003628 0.6824452 0.4079495 0.6628592 0.4079298 0.6824505 0.8098292 0.7093088 0.8174028 0.6897571 0.8173963 0.7093105 0.8191717 0.6089468 0.8116103 0.6263384 0.8116053 0.6089482 0.742118 0.6164924 0.7405132 0.6217431 0.7405132 0.6163565 0.7404581 0.6302955 0.7389913 0.6246352 0.7404581 0.624794 0.7374975 0.6302984 0.7360036 0.6246352 0.7374975 0.624797 0.8141256 0.5827214 0.8216977 0.5653327 0.8216927 0.582723 0.7436857 0.6164894 0.742118 0.6217431 0.742118 0.6163565 0.2579445 0.6371873 0.2503985 0.656786 0.2503781 0.6371926 0.8144655 0.6398103 0.8069064 0.6593677 0.8068991 0.6398122 0.529952 0.3620571 0.5581942 0.3672921 0.5299556 0.3672987 0.8191733 0.5217147 0.8116127 0.5391067 0.811607 0.5217164 0.7165791 0.3647656 0.715044 0.3590979 0.7165791 0.3592641 0.7375614 0.3629109 0.7360628 0.357248 0.7375614 0.3574094 0.7480512 0.6051809 0.7465806 0.6104428 0.7465806 0.6050562 0.365869 0.6998417 0.3643385 0.7050995 0.3643385 0.6997129 0.8098169 0.7289778 0.8173897 0.7115892 0.817384 0.7289796 0.7434574 0.6108457 0.741858 0.6160967 0.741858 0.6107102 0.4003645 0.6388205 0.407952 0.6192324 0.4079315 0.6388261 0.8052772 0.1056071 0.8128516 0.08605337 0.8128443 0.1056091 0.8144798 0.6616446 0.8069199 0.6790369 0.8069135 0.6616464 0.4950276 0.3620784 0.5232689 0.3673283 0.495023 0.3673205 0.8052634 0.1252763 0.812837 0.1078879 0.8128305 0.1252784 0.8254907 0.2364229 0.8330577 0.2168884 0.8330577 0.236423 0.7181126 0.3647654 0.7165791 0.359098 0.7181126 0.359264 0.8102967 0.1296647 0.8027384 0.1492244 0.8027304 0.1296668 0.2967376 0.6722349 0.3015242 0.6918252 0.2967608 0.6918365 0.296784 0.6941182 0.3015242 0.6918252 0.3015474 0.6941068 0.6755988 0.6916367 0.6475098 0.6759762 0.6756097 0.6759762 0.1080567 0.6201832 0.08358407 0.6063786 0.1091024 0.6104857 0.2968047 0.7115111 0.3015706 0.7136495 0.2968072 0.7136608 0.6021531 0.674562 0.5991775 0.6902273 0.5991775 0.674562 0.7905179 0.08384144 0.7919082 0.08737158 0.789841 0.08397489 0.7642201 0.08902627 0.7653112 0.09261536 0.763244 0.08921873 0.08675771 0.5677714 0.03037691 0.5230643 0.03080272 0.5193188 0.5778426 0.3845151 0.5887128 0.4006235 0.5877382 0.4008153 0.6911795 0.3504301 0.6897887 0.3498333 0.6911795 0.3498333 0.6044469 0.379289 0.6150177 0.3954562 0.6143406 0.3955892 0.6911795 0.3665093 0.6897888 0.3660954 0.6911795 0.3660954 0.7427556 0.3498965 0.7397807 0.3494827 0.7427558 0.3494827 0.6021531 0.6908242 0.5991775 0.6902273 0.6021531 0.6902273 0.7397807 0.3494827 0.7427668 0.3338223 0.7427558 0.3494827 0.7922989 0.3673382 0.814912 0.3695459 0.7922989 0.369546 0.6191244 0.6916367 0.6442286 0.6759762 0.6442176 0.6916367 0.6442176 0.6916367 0.6475098 0.6759762 0.6474989 0.6916367 0.6657882 0.6078174 0.6928775 0.6034638 0.668567 0.6110081 0.1142334 0.5628983 0.08912438 0.5549961 0.1146427 0.5591031 0.789841 0.08397489 0.7662873 0.0924229 0.7642201 0.08902627 0.1132483 0.5720351 0.08871519 0.5587913 0.1142334 0.5628983 0.61374 0.674562 0.6021531 0.6902273 0.6021531 0.674562 0.1110443 0.5924759 0.08732521 0.5716825 0.1128435 0.5757895 0.4087027 0.781947 0.4313158 0.7797973 0.4313158 0.781947 0.5972509 0.3674323 0.5735208 0.3755925 0.5716231 0.3724665 0.6786785 0.6916367 0.6756097 0.6759762 0.6786895 0.6759762 0.6752567 0.6186888 0.6928775 0.6034638 0.6995673 0.6111447 0.3978245 0.4604672 0.3937669 0.476093 0.3940667 0.460434 0.616023 0.6916367 0.6191353 0.6759762 0.6191244 0.6916367 0.6143406 0.3955892 0.578819 0.3843233 0.6044469 0.379289 0.4087027 0.7797973 0.4313157 0.7624042 0.4313158 0.7797973 0.6786785 0.6916367 0.6881209 0.6759762 0.6881099 0.6916367 0.1110443 0.5924759 0.08358407 0.6063786 0.08552598 0.5883688 0.4576686 0.6100057 0.4941453 0.6166264 0.469776 0.6240791 0.6897888 0.3660954 0.6911795 0.3504301 0.6911795 0.3660954 0.1128435 0.5757895 0.08772999 0.567928 0.1132483 0.5720351 0.4087025 0.7601225 0.4313154 0.74052 0.4313156 0.7601225 0.3350777 0.3789264 0.3092036 0.3666207 0.3355247 0.36946 0.4079908 0.3753496 0.4079908 0.3673227 0.4079908 0.3774109 0.6021531 0.6902273 0.61374 0.6908242 0.6021531 0.6908242 0.1762838 0.4958681 0.2388603 0.1101307 0.2388606 0.4958681 0.1741256 0.1276933 0.172878 0.5240069 0.172498 0.5239744 0.2390767 0.4925411 0.3016535 0.1068358 0.3016535 0.4925411 0.1222301 0.5150389 0.1652168 0.1112536 0.1225969 0.5150979 0.1725007 0.5387933 0.17302 0.541363 0.1726973 0.5431848 0.2390767 0.09700453 0.3016535 0.09335583 0.3016535 0.09700453 0.1724503 0.5340744 0.1728669 0.5378609 0.1725007 0.5387933 0.1762836 0.1002988 0.2388603 0.09571182 0.2388603 0.1002988 0.1671819 0.09168499 0.1678635 0.09066075 0.1672872 0.09361797 0.1762836 0.09571182 0.2388603 0.09145677 0.2388603 0.09571182 0.1665045 0.09610813 0.1672872 0.09361797 0.1667506 0.09714627 0.2390767 0.09335583 0.3016535 0.08996295 0.3016535 0.09335583 0.1730239 0.5468918 0.1736171 0.5465174 0.1734544 0.5496134 0.2390767 0.08996295 0.3016535 0.08710163 0.3016535 0.08996295 0.1726973 0.5431848 0.1732769 0.5443288 0.1730239 0.5468918 0.1762836 0.09145677 0.2388603 0.08787935 0.2388603 0.09145677 0.1762835 0.08527028 0.2388603 0.08384144 0.2388603 0.08527028 0.1762836 0.08787935 0.2388603 0.08527028 0.2388603 0.08787935 0.1679074 0.08799004 0.1684325 0.0885151 0.1678635 0.09066075 0.2390767 0.08710163 0.3016535 0.08500438 0.3016535 0.08710163 0.169268 0.08390229 0.1693682 0.08727532 0.168948 0.08735519 0.1686221 0.08532369 0.168948 0.08735519 0.1684325 0.0885151 0.2390767 0.08500438 0.3016535 0.08384144 0.3016535 0.08500438 0.1734544 0.5496134 0.1740126 0.5477509 0.1739534 0.5511283 0.1744806 0.5513136 0.1748396 0.5470375 0.174993 0.5501541 0.2491177 0.6283765 0.2487588 0.5850263 0.2491177 0.5850265 0.1739534 0.5511283 0.1744315 0.5479291 0.1744806 0.5513136 0.2534328 0.5850271 0.2538788 0.6283743 0.2534328 0.6283715 0.170153 0.0851463 0.1697964 0.0902934 0.1696588 0.08828204 0.7913096 0.410973 0.7930077 0.4543231 0.7913096 0.4543231 0.1697924 0.0838415 0.1696588 0.08828204 0.1693682 0.08727532 0.8218083 0.4976733 0.8205025 0.4543231 0.8218083 0.4543232 0.1703202 0.08771049 0.1697698 0.0931462 0.1697964 0.0902934 0.8205025 0.4976733 0.8178017 0.4543231 0.8205025 0.4543231 0.174993 0.5501541 0.1752039 0.5451486 0.1754493 0.547744 0.7930077 0.410973 0.7964546 0.4543231 0.7930077 0.4543231 0.175812 0.5442793 0.1756885 0.5390612 0.1760519 0.5400412 0.8178017 0.4976733 0.8139252 0.4543231 0.8178017 0.4543231 0.1754493 0.547744 0.1754947 0.5424157 0.175812 0.5442793 0.7964546 0.410973 0.8013699 0.4543231 0.7964546 0.4543231 0.1695809 0.09660851 0.1696329 0.1002526 0.169223 0.10062 0.8013699 0.410973 0.8073546 0.4543231 0.8013699 0.4543231 0.1702806 0.09132587 0.1695809 0.09660851 0.1697698 0.0931462 0.8139252 0.4976733 0.809188 0.4543231 0.8139252 0.4543231 0.169223 0.10062 0.1687833 0.1092322 0.1683733 0.1095997 0.809188 0.4976733 0.8036704 0.4543231 0.809188 0.4543231 0.1756885 0.5390612 0.1761476 0.5355911 0.1760519 0.5400412 0.8073546 0.410973 0.8136174 0.4543231 0.8073546 0.4543231 0.8259776 0.410973 0.8265594 0.4543231 0.8259776 0.4543231 0.8036704 0.4976733 0.7913097 0.4543231 0.8036704 0.4543231 0.1757711 0.5351405 0.1762835 0.5268035 0.1761476 0.5355911 0.8136174 0.410973 0.8259776 0.4543231 0.8136174 0.4543231 0.1756351 0.5513136 0.1760458 0.5535214 0.1756351 0.5535214 0.1756351 0.573056 0.1760458 0.5535214 0.1760458 0.573056 0.3972687 0.5581417 0.3975476 0.560349 0.3972687 0.5603495 0.3972687 0.5603495 0.3975477 0.579886 0.3972687 0.5798861 0.1753349 0.5513141 0.175635 0.5535213 0.1753349 0.5535219 0.1753349 0.5535219 0.175635 0.5730606 0.1753349 0.5730606 0.1750604 0.5513141 0.1753348 0.5535214 0.1750604 0.5535218 0.1750604 0.5535218 0.1753348 0.5730629 0.1750604 0.573063 0.3999322 0.5472353 0.4002063 0.5494426 0.3999322 0.549443 0.3999322 0.549443 0.4002063 0.5689865 0.3999322 0.5689867 0.3991785 0.5472352 0.399442 0.5494425 0.3991785 0.549443 0.3991785 0.549443 0.399442 0.5689889 0.3991786 0.568989 0.3994632 0.5472352 0.3997263 0.5494425 0.3994632 0.5494429 0.3994632 0.5494429 0.3997264 0.5689912 0.3994632 0.5689913 0.4056321 0.5171397 0.4058846 0.5193471 0.4056321 0.5193476 0.4056321 0.5193476 0.4058847 0.5388982 0.4056321 0.5388982 0.4058847 0.5171399 0.4061698 0.5193471 0.4058847 0.5193476 0.4058847 0.5193476 0.4061698 0.5389006 0.4058848 0.5389006 0.4061699 0.5171397 0.4064215 0.5193471 0.4061699 0.5193476 0.4061699 0.5193476 0.4064216 0.5389029 0.40617 0.5389029 0.4064217 0.5171397 0.4066585 0.5193471 0.4064217 0.5193475 0.4064217 0.5193475 0.4066586 0.5389051 0.4064217 0.5389052 0.3973107 0.5145544 0.3975476 0.5167617 0.3973107 0.5167621 0.3973107 0.5167621 0.3975476 0.536322 0.3973107 0.5363221 0.3975477 0.5145544 0.3978322 0.5167617 0.3975477 0.5167621 0.3975477 0.5167621 0.3978323 0.5363314 0.3975477 0.5363314 0.3991762 0.5036347 0.3994418 0.505842 0.3991762 0.5058425 0.3991762 0.5058425 0.3994419 0.5254141 0.3991763 0.5254141 0.3999321 0.5036321 0.4001977 0.5058394 0.3999321 0.5058398 0.3999321 0.5058398 0.4001978 0.5254139 0.3999322 0.5254139 0.3994421 0.5036293 0.3997262 0.5058366 0.3994421 0.5058371 0.3994421 0.5058371 0.3997263 0.5254135 0.3994421 0.5254135 0.399442 0.4600207 0.399726 0.462228 0.399442 0.4622285 0.399442 0.4622285 0.3997261 0.4818072 0.3994421 0.4818072 0.3999321 0.4600208 0.4002323 0.462228 0.3999321 0.4622285 0.3999321 0.4622285 0.4002324 0.4818097 0.3999322 0.4818098 0.3991731 0.4600207 0.3994418 0.462228 0.3991731 0.4622284 0.3991731 0.4622284 0.3994419 0.4818121 0.3991732 0.4818121 0.4055652 0.4172682 0.405834 0.4194754 0.4055652 0.4194759 0.4055652 0.4194759 0.4058341 0.439062 0.4055653 0.4390621 0.4058343 0.4172682 0.4061173 0.4194754 0.4058343 0.4194759 0.4058343 0.4194759 0.4061173 0.4390645 0.4058344 0.4390645 0.4061175 0.4172681 0.4063691 0.4194754 0.4061175 0.4194759 0.4061175 0.4194759 0.4063692 0.4390668 0.4061176 0.4390668 0.4063693 0.4172682 0.4066185 0.4194754 0.4063693 0.4194759 0.4063693 0.4194759 0.4066185 0.4390692 0.4063695 0.4390693 0.4063696 0.4587429 0.4066187 0.4413504 0.4066188 0.4587429 0.4063695 0.4413504 0.4066185 0.4390692 0.4066187 0.4413504 0.4061178 0.4587402 0.4063693 0.4413477 0.4063694 0.4587402 0.4061177 0.4413478 0.4063692 0.4390668 0.4063693 0.4413477 0.4058346 0.4587377 0.4061174 0.4413453 0.4061175 0.4587377 0.4058344 0.4413453 0.4061173 0.4390645 0.4061174 0.4413453 0.4055655 0.4587349 0.4058342 0.4413427 0.4058343 0.4587349 0.4055653 0.4413427 0.4058341 0.439062 0.4058342 0.4413427 0.3991733 0.5014847 0.399442 0.4840926 0.399442 0.5014847 0.3991733 0.4840927 0.3994419 0.4818121 0.399442 0.4840926 0.3999323 0.501482 0.4002325 0.4840901 0.4002326 0.501482 0.3999323 0.4840902 0.4002324 0.4818097 0.4002325 0.4840901 0.3994423 0.5014793 0.3997262 0.4840875 0.3997263 0.5014792 0.3994422 0.4840875 0.3997261 0.4818072 0.3997262 0.4840875 0.3994423 0.5450852 0.3997263 0.5276935 0.3997264 0.5450852 0.3994422 0.5276936 0.3997263 0.5254135 0.3997263 0.5276935 0.3999323 0.5450853 0.4001979 0.5276938 0.4001979 0.5450853 0.3999323 0.5276938 0.4001978 0.5254139 0.4001979 0.5276938 0.3991764 0.5450853 0.399442 0.5276939 0.399442 0.5450852 0.3991764 0.5276939 0.3994419 0.5254141 0.399442 0.5276939 0.3975479 0.5560023 0.3978323 0.538611 0.3978323 0.5560023 0.3975478 0.5386111 0.3978323 0.5363314 0.3978323 0.538611 0.3973108 0.5559918 0.3975477 0.5386011 0.3975477 0.5559918 0.3973108 0.5386011 0.3975476 0.536322 0.3975477 0.5386011 0.4064218 0.5585746 0.4066586 0.541184 0.4066587 0.5585746 0.4064217 0.5411841 0.4066586 0.5389051 0.4066586 0.541184 0.40617 0.5585722 0.4064216 0.5411817 0.4064216 0.5585722 0.40617 0.5411817 0.4064216 0.5389029 0.4064216 0.5411817 0.4058848 0.5585696 0.4061698 0.5411792 0.4061699 0.5585696 0.4058848 0.5411792 0.4061698 0.5389006 0.4061698 0.5411792 0.4056321 0.5585669 0.4058847 0.5411766 0.4058848 0.5585669 0.4056321 0.5411767 0.4058847 0.5388982 0.4058847 0.5411766 0.3994632 0.5886597 0.3997264 0.5712695 0.3997264 0.5886597 0.3994632 0.5712696 0.3997264 0.5689912 0.3997264 0.5712695 0.3991786 0.5712671 0.3994421 0.5886572 0.3991786 0.5886572 0.3991786 0.5712671 0.399442 0.5689889 0.399442 0.5712671 0.3999322 0.5712646 0.4002064 0.5886544 0.3999322 0.5886544 0.3999322 0.5712646 0.4002063 0.5689865 0.4002064 0.5712646 0.1750604 0.5753409 0.1753349 0.5927305 0.1750604 0.5927305 0.1750604 0.5753409 0.1753348 0.5730629 0.1753348 0.5753408 0.1753349 0.5753384 0.1756351 0.5927279 0.1753349 0.5927279 0.1753349 0.5753384 0.175635 0.5730606 0.1756351 0.5753384 0.3972687 0.5821637 0.3975477 0.5995531 0.3972687 0.5995531 0.3972687 0.5821637 0.3975477 0.579886 0.3975477 0.5821636 0.1756351 0.5753334 0.1760458 0.5927228 0.1756351 0.5927228 0.1756351 0.573056 0.1760458 0.5753334 0.1756351 0.5753334 0.1756351 0.5927228 0.1760458 0.594872 0.1756351 0.594872 0.3972687 0.5995531 0.3975477 0.6017023 0.3972687 0.6017023 0.1753349 0.5948771 0.1756351 0.5927279 0.1756351 0.5948771 0.1750604 0.5948799 0.1753349 0.5927305 0.1753349 0.5948799 0.3999322 0.5908038 0.4002064 0.5886544 0.4002064 0.5908038 0.3991786 0.5908064 0.3994421 0.5886572 0.3994421 0.5908064 0.3994632 0.590809 0.3997264 0.5886597 0.3997264 0.590809 0.4056321 0.5607163 0.4058848 0.5585669 0.4058848 0.5607163 0.4058848 0.5585696 0.4061699 0.5607189 0.4058848 0.5607189 0.40617 0.5607215 0.4064216 0.5585722 0.4064216 0.5607215 0.4064218 0.560724 0.4066587 0.5585746 0.4066587 0.560724 0.3973108 0.5581412 0.3975477 0.5559918 0.3975477 0.5581412 0.3975479 0.5581517 0.3978323 0.5560023 0.3978324 0.5581517 0.3991764 0.5472348 0.399442 0.5450852 0.399442 0.5472348 0.3999323 0.5472348 0.4001979 0.5450853 0.4001979 0.5472348 0.3994423 0.5472348 0.3997264 0.5450852 0.3997264 0.5472348 0.3994423 0.5036287 0.3997263 0.5014792 0.3997263 0.5036287 0.3999323 0.5036316 0.4002326 0.501482 0.4002326 0.5036316 0.3991733 0.5036343 0.399442 0.5014847 0.3994421 0.5036343 0.4055655 0.4608845 0.4058343 0.4587349 0.4058343 0.4608845 0.4058346 0.4608873 0.4061175 0.4587377 0.4061176 0.4608873 0.4061178 0.4608898 0.4063694 0.4587402 0.4063694 0.4608898 0.4063696 0.4608926 0.4066188 0.4587429 0.4066188 0.4608926 0.3765661 0.718131 0.3791133 0.7355212 0.3765827 0.7355234 0.8102942 0.2146806 0.8128247 0.2168862 0.8102942 0.2168883 0.7951622 0.1710699 0.7926315 0.1732755 0.7926315 0.1710678 0.7951647 0.08605128 0.7926177 0.1056309 0.792634 0.08604919 0.6061354 0.7149038 0.6035878 0.7322941 0.6036046 0.7149017 0.8153826 0.2124922 0.8128514 0.2146395 0.8128518 0.2124902 0.8292785 0.5390868 0.8318092 0.5412339 0.8292786 0.5412361 0.2579445 0.6349795 0.260475 0.6371851 0.2579445 0.6371873 0.7951322 0.1079134 0.7926177 0.1056309 0.7951484 0.105633 0.8153853 0.2823206 0.8128578 0.2800404 0.8153886 0.2800425 0.8103196 0.2561181 0.8128511 0.2582654 0.8103205 0.2582675 0.3699043 0.3731354 0.3697137 0.3713054 0.3699895 0.3713348 0.2579835 0.7026856 0.2605314 0.720076 0.2580008 0.720078 0.7951176 0.2125289 0.7925851 0.2146764 0.7925868 0.2125268 0.128825 0.6235257 0.1289268 0.6254089 0.1286271 0.6253606 0.2580032 0.6764543 0.260536 0.6786019 0.2580055 0.6786039 0.798876 0.5871177 0.8014236 0.6066992 0.798893 0.6067014 0.3442441 0.370392 0.3440364 0.3685601 0.3443292 0.3685914 0.4003432 0.6847261 0.397795 0.7021165 0.3978124 0.6847241 0.8204175 0.2168883 0.822952 0.2364323 0.8204215 0.2364344 0.79891 0.6089819 0.8014236 0.6066992 0.8014405 0.6089797 0.8204254 0.2387125 0.822952 0.2364323 0.8229559 0.2387104 0.8292766 0.4998831 0.8318078 0.5194177 0.8292772 0.5194197 0.8254906 0.2168883 0.8229598 0.2364208 0.8229598 0.2168862 0.2579852 0.6590617 0.2605338 0.6764522 0.2580032 0.6764543 0.8292772 0.5194197 0.8318085 0.5216953 0.8292779 0.5216973 0.8191606 0.5849099 0.8216911 0.5871155 0.8191606 0.5871177 0.7938918 0.5435016 0.7913439 0.5630836 0.791361 0.5434995 0.400344 0.6411017 0.397795 0.6584922 0.3978133 0.6410996 0.8040272 0.4976753 0.8014965 0.499881 0.8014965 0.4976732 0.8153944 0.1732776 0.8128595 0.192822 0.8128636 0.1732755 0.7938576 0.5653662 0.7913439 0.5630836 0.7938747 0.5630857 0.8153862 0.1951022 0.8128595 0.192822 0.8153903 0.1928241 0.798876 0.5849099 0.8014066 0.5871157 0.798876 0.5871177 0.8191766 0.6263371 0.8217078 0.6284843 0.8191772 0.6284864 0.3771133 0.3739061 0.376892 0.3720728 0.3771984 0.3721055 0.8039922 0.5391237 0.80146 0.5412711 0.8014613 0.5391216 0.8242422 0.5435015 0.8217107 0.5630365 0.8217115 0.5434995 0.1411186 0.6255044 0.141188 0.6273823 0.1409207 0.6273393 0.7988761 0.4998831 0.8014245 0.5194671 0.7988939 0.5194693 0.8204176 0.1296647 0.8229529 0.1492109 0.8204223 0.149213 0.8242415 0.5630386 0.8217098 0.5653141 0.8217107 0.5630365 0.7989251 0.6263739 0.8014575 0.6285215 0.798927 0.6285235 0.3516954 0.3711887 0.351431 0.3693507 0.3517805 0.3693881 0.7989118 0.5217499 0.8014245 0.5194671 0.8014423 0.5217478 0.8204271 0.1514914 0.8229529 0.1492109 0.8229576 0.1514893 0.1162258 0.621498 0.1163119 0.6233786 0.116028 0.6233329 0.2575817 0.6264391 0.2601123 0.6285863 0.2575817 0.6285883 0.8292741 0.5871177 0.8318061 0.6066544 0.8292755 0.6066564 0.4003775 0.706478 0.3978288 0.7260625 0.3978468 0.706476 0.8153971 0.08605128 0.8128614 0.1055979 0.8128663 0.08604919 0.8292755 0.6066564 0.8318075 0.6089321 0.8292769 0.6089342 0.8098357 0.6875476 0.807305 0.6897533 0.807305 0.6875454 0.4003416 0.7283453 0.3978288 0.7260625 0.4003596 0.7260646 0.8153873 0.1078783 0.8128614 0.1055979 0.8153922 0.1056 0.8200622 0.3673008 0.8175314 0.3695065 0.8175314 0.3672987 0.8047139 0.6875476 0.8072445 0.6897533 0.8047139 0.6897553 0.4003775 0.7042703 0.3978468 0.706476 0.3978468 0.7042681 0.8200622 0.3695086 0.8175297 0.3890457 0.8175314 0.3695065 0.8098169 0.7289778 0.8072854 0.7311251 0.8072862 0.7289757 0.3765287 0.6962615 0.3790779 0.7158481 0.3765474 0.7158501 0.8191606 0.5871177 0.8216966 0.6066662 0.8191661 0.6066684 0.8200575 0.4087151 0.8175265 0.4108623 0.8175267 0.4087131 0.1480776 0.6266245 0.1481767 0.628507 0.1478797 0.6284593 0.8200606 0.3890478 0.8175281 0.3913235 0.8175297 0.3890457 0.3765661 0.718131 0.3790779 0.7158481 0.3790966 0.7181289 0.8047534 0.7290008 0.8072854 0.7311483 0.8047549 0.7311503 0.8254906 0.2560898 0.8229598 0.2582369 0.8229598 0.2560877 0.8191717 0.6089468 0.8216966 0.6066662 0.8217023 0.6089448 0.3591116 0.3719815 0.3588875 0.3701479 0.3591967 0.3701809 0.4003256 0.7457374 0.3977928 0.747885 0.3977948 0.7457354 0.1233946 0.6226518 0.1235355 0.6245412 0.1231967 0.6244867 0.2575817 0.5872377 0.2601123 0.6067702 0.2575817 0.6067723 0.8249692 0.6897553 0.827502 0.7092944 0.8249714 0.7092965 0.606173 0.6930339 0.6036235 0.7126209 0.6036422 0.6930319 0.8141421 0.5435015 0.8116056 0.5630505 0.8116113 0.5434995 0.8249714 0.7092965 0.8275042 0.7115723 0.8249737 0.7115744 0.6061354 0.7149038 0.6036235 0.7126209 0.6061542 0.712623 0.8141307 0.5653311 0.8116056 0.5630505 0.8141364 0.5630527 0.8292779 0.5216973 0.8318091 0.5390847 0.8292785 0.5390868 0.8153918 0.2582907 0.812861 0.2604964 0.812861 0.2582886 0.8102967 0.127457 0.8128273 0.1296626 0.8102967 0.1296647 0.8195557 0.6398103 0.8170225 0.6593498 0.8170249 0.6398082 0.2575817 0.6090498 0.2601123 0.626437 0.2575817 0.6264391 0.7951596 0.2582907 0.7926289 0.2604964 0.7926289 0.2582886 0.2579445 0.6808137 0.2604945 0.7004025 0.257964 0.7004047 0.8191606 0.4998831 0.8216975 0.519434 0.819167 0.5194361 0.8242406 0.5653162 0.8217091 0.5827036 0.8217098 0.5653141 0.8195533 0.659352 0.8170201 0.6616278 0.8170225 0.6593498 0.8153824 0.2997104 0.8128513 0.3018576 0.8128516 0.2997083 0.2575817 0.6067723 0.2601123 0.6090477 0.2575817 0.6090498 0.2579835 0.7026856 0.2604945 0.7004025 0.260514 0.7026835 0.2579445 0.6786059 0.260475 0.6808117 0.2579445 0.6808137 0.8191733 0.5217147 0.8216975 0.519434 0.8217039 0.5217127 0.8103198 0.1688919 0.8128512 0.1710392 0.8103206 0.1710413 0.3716371 0.3733206 0.3714294 0.3714888 0.3717222 0.3715201 0.3826195 0.3744948 0.3823851 0.3726601 0.3827046 0.3726942 0.8292769 0.6089342 0.8318088 0.6263217 0.8292782 0.6263238 0.7951174 0.2997471 0.792585 0.3018945 0.7925866 0.299745 0.1306232 0.6238152 0.130725 0.6256983 0.1304253 0.6256501 0.8204246 0.3041065 0.8229582 0.323648 0.8204277 0.3236501 0.4003824 0.6628538 0.397832 0.682443 0.3978517 0.6628518 0.2580008 0.720078 0.2605335 0.7222256 0.2580029 0.7222276 0.3460376 0.3705837 0.3457933 0.368748 0.3461227 0.3687832 0.8098357 0.6897553 0.8072984 0.7093067 0.807305 0.6897533 0.820059 0.3913255 0.8175267 0.4087131 0.8175281 0.3913235 0.8204308 0.3259281 0.8229582 0.323648 0.8229613 0.325926 0.4003432 0.6847261 0.397832 0.682443 0.4003628 0.6824452 0.8098227 0.7115874 0.8072984 0.7093067 0.8098292 0.7093088 0.8249737 0.7115744 0.8275063 0.728962 0.8249757 0.7289641 0.8204176 0.127457 0.8229481 0.1296626 0.8204176 0.1296647 0.8153918 0.2604985 0.8128578 0.2800404 0.812861 0.2604964 0.2579445 0.6371873 0.2604954 0.6567785 0.2579648 0.6567806 0.8144655 0.6398103 0.8170032 0.6593638 0.8144726 0.6593658 0.8195509 0.6616298 0.8170179 0.6790174 0.8170201 0.6616278 0.8052843 0.2582907 0.8027535 0.2604964 0.8027535 0.2582886 0.2579852 0.6590617 0.2604954 0.6567785 0.2605157 0.6590597 0.8144798 0.6616446 0.8170032 0.6593638 0.8170104 0.6616424 0.8001514 0.127457 0.8026819 0.1296626 0.8001514 0.1296647 0.8204313 0.1688814 0.8229624 0.1710287 0.8204318 0.1710308 0.8204308 0.3259281 0.8229641 0.3433158 0.8204335 0.3433179 0.3788896 0.374096 0.378668 0.3722627 0.3789747 0.3722954 0.400385 0.6170191 0.3978542 0.6192248 0.3978542 0.617017 0.8052586 0.2997286 0.8027268 0.301876 0.8027278 0.2997266 0.1427819 0.6257721 0.1428679 0.6276527 0.142584 0.627607 0.400385 0.6192269 0.3978337 0.6388185 0.3978542 0.6192248 0.8052846 0.08605128 0.8027465 0.105605 0.8027538 0.08604919 0.1534029 0.6274815 0.1535147 0.6293662 0.153205 0.6293163 0.8153853 0.2823206 0.8128516 0.2997083 0.8128545 0.2823184 0.800198 0.1689182 0.8027303 0.1710657 0.8001998 0.1710678 0.3535871 0.3713909 0.3533416 0.3695549 0.3536722 0.3695903 0.400344 0.6411017 0.3978337 0.6388185 0.4003645 0.6388205 0.8052699 0.1078858 0.8027465 0.105605 0.8052772 0.1056071 0.4003258 0.6584944 0.3977928 0.6606419 0.397795 0.6584922 0.1179291 0.6217722 0.1180505 0.6236584 0.1177312 0.623607 0.8204254 0.2387125 0.8229594 0.2561004 0.8204289 0.2561025 0.8254907 0.2387004 0.8229598 0.2560877 0.8229598 0.2386983 0.8102967 0.1296647 0.8128352 0.1492203 0.8103047 0.1492224 0.8153862 0.1951022 0.8128518 0.2124902 0.8128554 0.1951001 0.8254907 0.2364229 0.8229598 0.2386983 0.8229598 0.2364208 0.8141421 0.5412938 0.8116113 0.5434995 0.8116113 0.5412917 0.8103127 0.1515012 0.8128352 0.1492203 0.8128432 0.1514992 0.8242422 0.5412938 0.8217115 0.5434995 0.8217115 0.5412917 0.8090252 0.5412938 0.8115558 0.5434995 0.8090252 0.5435016 0.8204271 0.1514914 0.8229618 0.1688793 0.8204313 0.1688814 0.7938918 0.5412938 0.791361 0.5434995 0.791361 0.5412917 0.8141256 0.5827214 0.8115942 0.5848686 0.8115949 0.5827193 0.8052843 0.1732776 0.8027454 0.1928336 0.8027535 0.1732755 0.8153873 0.1078783 0.8128522 0.1252664 0.8128565 0.1078763 0.1497993 0.6269015 0.1498988 0.6287842 0.1496015 0.6287364 0.8242399 0.5827056 0.821709 0.5848528 0.8217091 0.5827036 0.8090623 0.5827444 0.8115942 0.5848918 0.8090636 0.5848938 0.8052681 0.1951146 0.8027454 0.1928336 0.8052762 0.1928357 0.3609647 0.3721796 0.3607186 0.3703436 0.3610497 0.370379 0.8191717 0.6089468 0.8217072 0.6263349 0.8191766 0.6263371 0.7938423 0.5827583 0.7913097 0.5849058 0.7913115 0.5827562 0.1252468 0.62295 0.1253694 0.6248363 0.1250489 0.6247848 0.8102942 0.2168883 0.8128335 0.2364462 0.810303 0.2364483 0.8141307 0.5653311 0.8115949 0.5827193 0.8115999 0.565329 0.8103117 0.2387273 0.8128335 0.2364462 0.8128423 0.2387252 0.8191733 0.5217147 0.8217096 0.539103 0.819179 0.5391051 0.396737 0.5284157 0.3964519 0.5351045 0.3964588 0.5283191 0.7025614 0.6445063 0.7016092 0.6464625 0.7023063 0.6444093 0.6890786 0.6842098 0.6881213 0.6861805 0.6888235 0.6841128 0.3967588 0.514658 0.3964519 0.5213395 0.3964592 0.5145539 0.3935749 0.564503 0.3926032 0.5664518 0.3933002 0.5643985 0.3800921 0.6042065 0.3791153 0.6061697 0.3798175 0.6041021 0.3970177 0.5284141 0.396737 0.5351045 0.3967438 0.5283191 0.5016077 0.6460464 0.5011617 0.6481952 0.5009106 0.6480997 0.488376 0.6858454 0.4874228 0.6878176 0.4881249 0.6857499 0.3964419 0.5284141 0.3961616 0.5351045 0.3961683 0.5283191 0.4835154 0.6460464 0.4830691 0.648195 0.4828183 0.6480997 0.4700326 0.68575 0.4695813 0.687913 0.4693304 0.6878176 0.3972907 0.5421595 0.3970214 0.5488535 0.3970278 0.5420683 0.5953049 0.6496042 0.5943667 0.6515658 0.5950638 0.6495125 0.5818221 0.6893077 0.5808789 0.6912837 0.5815811 0.689216 0.3972904 0.5490322 0.3970214 0.5557265 0.3970278 0.5489411 0.7384938 0.6444119 0.7380374 0.6465567 0.7377967 0.6464652 0.7250109 0.6841154 0.7245495 0.6862747 0.7243088 0.6861831 0.3970192 0.5146414 0.396761 0.5213392 0.3967671 0.5145539 0.3935313 0.6643847 0.3926032 0.6663501 0.3933003 0.6642969 0.3798175 0.7040004 0.3793464 0.7061558 0.3791153 0.7060679 0.3973107 0.5146527 0.3970192 0.5213395 0.3970262 0.5145539 0.2749819 0.5919393 0.274024 0.5938934 0.274721 0.5918402 0.2612382 0.6315436 0.2607969 0.6337105 0.260536 0.6336113 0.3970182 0.5215103 0.396761 0.5282084 0.3967671 0.5214231 0.756811 0.6445015 0.7558838 0.6464672 0.7565809 0.644414 0.7433282 0.6842049 0.7423959 0.6861851 0.743098 0.6841174 0.405632 0.5172213 0.4053899 0.5239245 0.4053956 0.5171393 0.7025229 0.694444 0.7016091 0.6964148 0.7023063 0.6943616 0.6888234 0.7340651 0.6883379 0.7362151 0.6881213 0.7361328 0.405632 0.5240852 0.4053898 0.5307883 0.4053956 0.5240031 0.2928255 0.6917385 0.2923451 0.6938741 0.2921285 0.6937918 0.2795594 0.7315244 0.2786405 0.7335097 0.2793427 0.731442 0.3973107 0.5215327 0.3970198 0.5282196 0.3970267 0.5214341 0.2930859 0.5919392 0.2921285 0.5938934 0.2928256 0.5918403 0.2793427 0.6315438 0.2789008 0.6337104 0.2786405 0.6336115 0.3970086 0.5352877 0.396737 0.5419811 0.3967436 0.5351957 0.5772186 0.6496046 0.5762785 0.6515654 0.5769757 0.6495122 0.5637357 0.6893081 0.5627906 0.6912834 0.5634927 0.6892157 0.3967371 0.5352892 0.3964655 0.5419825 0.396472 0.5351971 0.5591303 0.6496044 0.5581902 0.6515654 0.5588874 0.6495122 0.5456474 0.6893081 0.5447023 0.6912832 0.5454044 0.6892157 0.3967589 0.5215377 0.3964684 0.5282247 0.3964753 0.5214393 0.3935603 0.6144452 0.3926032 0.6163997 0.3933004 0.6143464 0.3800774 0.6541487 0.3791153 0.6561176 0.3798175 0.6540499 0.396452 0.5215377 0.3961616 0.5282248 0.3961685 0.5214393 0.2747211 0.6417853 0.2742838 0.6439372 0.274024 0.6438385 0.2612382 0.6814888 0.2607958 0.6836552 0.260536 0.6835563 0.3964519 0.514658 0.3961449 0.5213395 0.3961523 0.5145539 0.2747212 0.5418925 0.2742987 0.5440502 0.274024 0.5439458 0.2615129 0.5817005 0.260536 0.5836637 0.2612382 0.581596 0.3964363 0.5352887 0.3961616 0.541981 0.3961681 0.5351955 0.5407977 0.6495116 0.5403463 0.6516583 0.5401005 0.6515648 0.5275605 0.6893087 0.5266125 0.6912828 0.5273147 0.6892152 0.3972962 0.5352867 0.3970214 0.541979 0.3970279 0.5351935 0.5197003 0.6460474 0.5192491 0.6481942 0.5190032 0.6481006 0.5062174 0.6857509 0.5057611 0.687912 0.5055152 0.6878185 0.3973107 0.5284121 0.3970213 0.5350995 0.3970283 0.5283141 0.2930845 0.6418839 0.2921285 0.6438387 0.2928256 0.6417855 0.2793427 0.6814889 0.2788994 0.683655 0.2786405 0.6835566 0.3978049 0.5582389 0.3975477 0.5649371 0.3975539 0.5581519 0.7746629 0.644414 0.7741958 0.6465547 0.7739657 0.6464672 0.7611799 0.6841174 0.7607079 0.6862726 0.7604777 0.6861851 0.3978049 0.5651069 0.3975501 0.5718057 0.3975562 0.5650205 0.2749491 0.691823 0.274024 0.6937896 0.2747212 0.6917364 0.2612382 0.7314398 0.260764 0.7335941 0.260536 0.7335074 0.2742519 0.6938763 0.2676622 0.7125231 0.274024 0.6937896 0.2676622 0.7125231 0.2671473 0.7147974 0.2669193 0.7147107 0.7741958 0.6465547 0.7676039 0.6652008 0.7739657 0.6464672 0.767834 0.6652883 0.766861 0.6673883 0.7676039 0.6652008 0.2923873 0.6439371 0.2857666 0.6625723 0.2921285 0.6438387 0.2860255 0.6626707 0.2850238 0.6647598 0.2857666 0.6625723 0.5192491 0.6481942 0.5126413 0.6668342 0.5190032 0.6481006 0.5128872 0.6669277 0.5118985 0.6690217 0.5126413 0.6668342 0.5403463 0.6516583 0.5337387 0.6702985 0.5401005 0.6515648 0.5339845 0.6703919 0.5329958 0.672486 0.5337387 0.6702985 0.274024 0.5439458 0.2679368 0.5627837 0.2676622 0.5626793 0.2679368 0.5627837 0.2669193 0.5648668 0.2676622 0.5626793 0.2742838 0.6439372 0.2676622 0.662572 0.274024 0.6438385 0.267922 0.6626709 0.2669193 0.6647596 0.2676622 0.662572 0.3926032 0.6163997 0.3865014 0.6352321 0.3862414 0.6351332 0.3865014 0.6352321 0.3854986 0.6373208 0.3862414 0.6351332 0.5581902 0.6515654 0.5520713 0.6703913 0.5518284 0.6702989 0.5520713 0.6703913 0.5510855 0.6724866 0.5518284 0.6702989 0.5762785 0.6515654 0.5701597 0.6703913 0.5699167 0.6702989 0.5701597 0.6703913 0.5691739 0.6724866 0.5699167 0.6702989 0.2923887 0.5939925 0.2857667 0.612627 0.2921285 0.5938934 0.2860269 0.6127261 0.2850238 0.6148145 0.2857667 0.612627 0.2921285 0.6937918 0.2859833 0.7126078 0.2857666 0.7125254 0.2859833 0.7126078 0.2850238 0.7147129 0.2857666 0.7125254 0.7016091 0.6964148 0.6954641 0.7152308 0.6952474 0.7151483 0.6952474 0.7151483 0.6947212 0.7174183 0.6945046 0.7173359 0.7558838 0.6464672 0.7497522 0.6652883 0.749522 0.6652008 0.7497522 0.6652883 0.7487792 0.6673883 0.749522 0.6652008 0.274024 0.5938934 0.2679229 0.6127261 0.2676622 0.6126269 0.2676622 0.6126269 0.2671802 0.6149137 0.2669193 0.6148145 0.3926032 0.6663501 0.3864725 0.6851715 0.3862414 0.6850836 0.3862414 0.6850836 0.3857296 0.6873591 0.3854986 0.6872712 0.7377967 0.6464652 0.7316756 0.6652904 0.7314349 0.6651988 0.7316756 0.6652904 0.730692 0.6673863 0.7314349 0.6651988 0.5943667 0.6515658 0.588246 0.670391 0.588005 0.6702993 0.588246 0.670391 0.5872622 0.6724869 0.588005 0.6702993 0.4828183 0.6480997 0.4767073 0.6669287 0.4764565 0.6668333 0.4767073 0.6669287 0.4757137 0.6690208 0.4764565 0.6668333 0.5009106 0.6480997 0.4947999 0.6669287 0.4945489 0.6668333 0.4947999 0.6669287 0.493806 0.6690208 0.4945489 0.6668333 0.3926032 0.5664518 0.386516 0.5852898 0.3862414 0.5851854 0.386516 0.5852898 0.3854986 0.5873729 0.3862414 0.5851854 0.7016092 0.6464625 0.6955025 0.6652931 0.6952474 0.6651961 0.6955025 0.6652931 0.6945046 0.6673837 0.6952474 0.6651961 0.2671473 0.7147974 0.2612382 0.7314398 0.2669193 0.7147107 0.766861 0.6673883 0.76141 0.6842049 0.7611799 0.6841174 0.2852827 0.6648582 0.2793427 0.6814889 0.2850238 0.6647598 0.5118985 0.6690217 0.5064633 0.6858444 0.5062174 0.6857509 0.5332417 0.6725794 0.5273147 0.6892152 0.5329958 0.672486 0.267194 0.5649713 0.2612382 0.581596 0.2669193 0.5648668 0.2671791 0.6648584 0.2612382 0.6814888 0.2669193 0.6647596 0.3857585 0.6374196 0.3798175 0.6540499 0.3854986 0.6373208 0.5513285 0.6725788 0.5454044 0.6892157 0.5510855 0.6724866 0.5691739 0.6724866 0.5637357 0.6893081 0.5634927 0.6892157 0.2852841 0.6149136 0.2793427 0.6315438 0.2850238 0.6148145 0.2852405 0.7147952 0.2793427 0.731442 0.2850238 0.7147129 0.6947212 0.7174183 0.6888234 0.7340651 0.6945046 0.7173359 0.7490093 0.6674758 0.743098 0.6841174 0.7487792 0.6673883 0.2671802 0.6149137 0.2612382 0.6315436 0.2669193 0.6148145 0.3857296 0.6873591 0.3798175 0.7040004 0.3854986 0.6872712 0.7309328 0.6674779 0.7250109 0.6841154 0.730692 0.6673863 0.5875032 0.6725786 0.5815811 0.689216 0.5872622 0.6724869 0.4759646 0.6691161 0.4700326 0.68575 0.4757137 0.6690208 0.4940571 0.6691163 0.4881249 0.6857499 0.493806 0.6690208 0.3857732 0.5874773 0.3798175 0.6041021 0.3854986 0.5873729 0.6947597 0.6674807 0.6888235 0.6841128 0.6945046 0.6673837 0.6242982 0.6206929 0.6231224 0.619767 0.6234426 0.6197033 0.3972122 0.6356756 0.3928632 0.6164985 0.3972121 0.6162068 0.2786332 0.5937008 0.2749819 0.5919393 0.2786331 0.5915669 0.2967375 0.5937008 0.2930859 0.5919392 0.2967374 0.5915669 0.3972122 0.637949 0.3865014 0.6352321 0.3972122 0.6356756 0.6517511 0.743045 0.6662086 0.7260158 0.6692404 0.743073 0.2786334 0.6349775 0.261499 0.6316428 0.2786334 0.6328286 0.2967376 0.6349775 0.279603 0.6316427 0.2967376 0.6328286 0.158194 0.5661126 0.1598334 0.5532127 0.1585035 0.5661625 0.6477156 0.6134259 0.6465287 0.6125027 0.6468605 0.6124368 0.5236049 0.6479051 0.5199462 0.6461409 0.5236048 0.6457714 0.2786329 0.6827736 0.2671791 0.6648584 0.2786329 0.6653879 0.1336131 0.5621564 0.1352634 0.5492614 0.1339338 0.5622081 0.4512634 0.6973183 0.4538869 0.690999 0.4550957 0.6978854 0.523605 0.6891818 0.5064633 0.6858444 0.523605 0.6870331 0.4874224 0.6457714 0.4857558 0.6393864 0.4874224 0.6392368 0.6548256 0.7235016 0.6624172 0.7046846 0.6658123 0.7237854 0.6544701 0.7257617 0.6658123 0.7237854 0.6662086 0.7260158 0.7062158 0.6853967 0.717925 0.6673827 0.7236065 0.6841118 0.6150177 0.7451815 0.6328405 0.7430734 0.6332154 0.7451815 0.4693304 0.7388347 0.4871394 0.7367267 0.4875152 0.7388347 0.397212 0.614073 0.3955445 0.6076899 0.397212 0.6075386 0.6214697 0.7041475 0.625642 0.7025918 0.6260141 0.7046852 0.4757646 0.6977995 0.4799232 0.6962466 0.4802963 0.6983401 0.2786405 0.5828836 0.267194 0.5649713 0.2786405 0.5654979 0.2786328 0.6631144 0.2742838 0.6439372 0.2786328 0.6436457 0.6332154 0.7451812 0.6510403 0.743073 0.651415 0.7451812 0.4874225 0.6479051 0.4837662 0.6461418 0.4874224 0.6457714 0.2786329 0.6653879 0.267922 0.6626709 0.2786328 0.6631144 0.7792764 0.7350595 0.7937461 0.7180299 0.7967735 0.7350873 0.6396702 0.7041475 0.6438444 0.7025913 0.6442164 0.7046847 0.4874227 0.6891818 0.4702835 0.6858454 0.4874227 0.6870331 0.6225883 0.6212236 0.6214123 0.6202976 0.6217328 0.6202339 0.6359323 0.6170826 0.6347984 0.616146 0.635075 0.616091 0.5447023 0.6904973 0.5332417 0.6725794 0.5447022 0.6731116 0.3972121 0.6162068 0.3935603 0.6144452 0.397212 0.614073 0.6218035 0.7020263 0.6244276 0.6957048 0.625642 0.7025918 0.7062159 0.6657376 0.7108199 0.6464616 0.7171821 0.6651952 0.4760974 0.6956781 0.4787203 0.689361 0.4799232 0.6962466 0.3972122 0.6574835 0.3800774 0.6541487 0.3972122 0.6553347 0.1599888 0.5664016 0.1616284 0.5535016 0.1602985 0.5664513 0.1459819 0.5641471 0.1475805 0.5512282 0.1462492 0.5641902 0.7062158 0.668011 0.7171821 0.6651952 0.717925 0.6673827 0.5269481 0.7401618 0.5413942 0.7231332 0.5444302 0.7401899 0.659744 0.6096931 0.6585964 0.6087601 0.6588873 0.6087022 0.1209871 0.5601243 0.1225991 0.5472115 0.1212683 0.5601695 0.640004 0.7020261 0.6426283 0.6957041 0.6438444 0.7025913 0.5055148 0.6457714 0.5038481 0.6393865 0.5055148 0.6392368 0.4081048 0.7404745 0.4259199 0.7383664 0.4262953 0.7404745 0.2967151 0.6914569 0.2950516 0.6850655 0.2967151 0.6849225 0.523605 0.6870331 0.5121445 0.6691153 0.5236049 0.6696473 0.4145469 0.6994397 0.4187114 0.6978856 0.419084 0.6999791 0.2786404 0.5632246 0.2742987 0.5440502 0.2786404 0.5437558 0.2786405 0.5654979 0.2679368 0.5627837 0.2786404 0.5632246 0.7062158 0.6875455 0.7236065 0.6841118 0.7243088 0.6861795 0.545141 0.7401618 0.5595872 0.7231332 0.5626232 0.7401899 0.2786164 0.6914569 0.2769519 0.6850677 0.2786164 0.6849223 0.7062159 0.6462687 0.7101226 0.6444084 0.7108199 0.6464616 0.2967369 0.6827736 0.2852827 0.6648582 0.2967368 0.6653879 0.6293359 0.6191295 0.6281844 0.6181975 0.6284793 0.6181388 0.505515 0.6479051 0.5018588 0.6461419 0.5055148 0.6457714 0.2967152 0.6935908 0.2930423 0.6918209 0.2967151 0.6914569 0.7823561 0.7155165 0.7899602 0.6966982 0.7933502 0.7157995 0.5055152 0.6891818 0.488376 0.6858454 0.5055152 0.6870331 0.41488 0.6973184 0.4175034 0.6909994 0.4187114 0.6978856 0.2967154 0.7348675 0.2795594 0.7315244 0.2967154 0.7327187 0.782 0.7177764 0.7933502 0.7157995 0.7937461 0.7180299 0.6335514 0.7430451 0.6480082 0.7260159 0.6510403 0.743073 0.152906 0.5652616 0.1545217 0.5523505 0.153191 0.5653074 0.652873 0.6118254 0.6517034 0.6108979 0.6520171 0.6108356 0.2786166 0.6935907 0.2749491 0.691823 0.2786164 0.6914569 0.1281995 0.5612851 0.129833 0.5483823 0.1285028 0.5613339 0.706216 0.644135 0.7078362 0.637653 0.7101226 0.6444084 0.7785595 0.6853967 0.7670912 0.6674758 0.7785595 0.668011 0.2786166 0.7348675 0.2614661 0.7315265 0.2786166 0.7327186 0.3971971 0.664018 0.3955324 0.6576293 0.3971971 0.6574835 0.5447022 0.6708382 0.5403463 0.6516583 0.5447022 0.6513693 0.5989661 0.6708381 0.5946078 0.6516575 0.598966 0.6513693 0.5447022 0.6731116 0.5339845 0.6703919 0.5447022 0.6708382 0.76109 0.7350623 0.7755234 0.718034 0.7785641 0.7350904 0.5989661 0.6731116 0.588246 0.670391 0.5989661 0.6708381 0.6696152 0.7451812 0.6874409 0.743073 0.6878156 0.7451812 0.5447021 0.6492356 0.5430359 0.6428497 0.5447021 0.642701 0.6760711 0.7041475 0.680246 0.7025912 0.6806179 0.7046846 0.2786166 0.7327186 0.2671473 0.7147974 0.2786166 0.7153329 0.5300179 0.7206181 0.5375976 0.7018024 0.5409973 0.7209028 0.4115084 0.7187944 0.419084 0.6999791 0.4224854 0.7190794 0.3971973 0.6661518 0.3935313 0.6643847 0.3971971 0.664018 0.5296629 0.7228782 0.5409973 0.7209028 0.5413942 0.7231332 0.7429062 0.7350624 0.7573378 0.7180343 0.7603791 0.7350905 0.4111536 0.7210544 0.4224854 0.7190794 0.4228824 0.7213098 0.3971975 0.7074285 0.3800485 0.7040882 0.3971975 0.7052797 0.646003 0.6139573 0.6448369 0.613029 0.645147 0.6129673 0.5447022 0.6513693 0.5410435 0.649605 0.5447021 0.6492356 0.1354109 0.5624458 0.1370409 0.5495414 0.1357106 0.562494 0.6764049 0.7020263 0.6790292 0.6957039 0.680246 0.7025912 0.5447023 0.6926462 0.5275605 0.6893087 0.5447023 0.6904973 0.5236049 0.6673739 0.5192491 0.6481942 0.5236049 0.6479051 0.7423958 0.6657375 0.7380374 0.6465567 0.7423958 0.6462687 0.5236049 0.6696473 0.5128872 0.6669277 0.5236049 0.6673739 0.7423959 0.668011 0.7316756 0.6652904 0.7423958 0.6657375 0.7062157 0.6657376 0.7018643 0.6465596 0.7062156 0.6462687 0.7785594 0.6872515 0.7963854 0.6851432 0.79676 0.6872515 0.5627903 0.6492356 0.5611244 0.6428491 0.5627903 0.642701 0.7062157 0.668011 0.6955025 0.6652931 0.7062157 0.6657376 0.7850155 0.6462178 0.7891907 0.6446614 0.7895627 0.6467549 0.6184266 0.7235018 0.6260141 0.7046852 0.6294107 0.7237859 0.5482109 0.7206181 0.5557906 0.7018024 0.5591903 0.7209028 0.5091039 0.7171542 0.5166793 0.6983389 0.5200807 0.7174392 0.5448054 0.742298 0.5626232 0.7401899 0.5629984 0.742298 0.6180711 0.7257619 0.6294107 0.7237859 0.6298073 0.7260163 0.5478558 0.7228782 0.5591903 0.7209028 0.5595872 0.7231332 0.5087491 0.7194142 0.5200807 0.7174392 0.5204778 0.7196695 0.551251 0.7012636 0.5554181 0.6997089 0.5557906 0.7018024 0.620916 0.6217425 0.6197111 0.6208239 0.6200616 0.6207541 0.6342912 0.6175917 0.6331573 0.6166554 0.6334339 0.6166003 0.5627904 0.6513693 0.5591303 0.6496044 0.5627903 0.6492356 0.3972196 0.5857306 0.3928778 0.5665562 0.3972195 0.5662618 0.2967368 0.6631144 0.2923873 0.6439371 0.2967368 0.6436457 0.3971974 0.6856206 0.3928343 0.6664379 0.3971973 0.6661518 0.7853494 0.6440965 0.7879738 0.6377741 0.7891907 0.6446614 0.5627906 0.692646 0.5456474 0.6893081 0.5627906 0.6904973 0.1617442 0.5666841 0.163412 0.5537973 0.162083 0.5667386 0.3972197 0.588004 0.386516 0.5852898 0.3972196 0.5857306 0.2967368 0.6653879 0.2860255 0.6626707 0.2967368 0.6631144 0.1477046 0.5644244 0.1493031 0.5515055 0.1479718 0.5644674 0.3971974 0.687894 0.3864725 0.6851715 0.3971974 0.6856206 0.6580057 0.6102326 0.6568554 0.6093001 0.6571491 0.6092417 0.1228118 0.560418 0.1244264 0.5475064 0.1230956 0.5604637 0.3972193 0.564128 0.3955506 0.5577476 0.3972193 0.5575935 0.5515843 0.6991422 0.5542079 0.6928225 0.5554181 0.6997089 0.5629984 0.7422978 0.5808188 0.7401896 0.5811939 0.7422978 0.7061958 0.69408 0.7045323 0.6876886 0.7061958 0.6875455 0.5694474 0.7012636 0.5736173 0.6997084 0.5739895 0.7018018 0.3825315 0.7353995 0.3901355 0.7165812 0.3935257 0.7356825 0.6366257 0.7235017 0.6442164 0.7046847 0.6476117 0.7237855 0.490915 0.7171544 0.4984821 0.6983399 0.5018868 0.7174399 0.3821754 0.7376595 0.3935257 0.7356825 0.3939215 0.7379129 0.6362701 0.7257617 0.6476117 0.7237855 0.6480082 0.7260159 0.4905605 0.7194145 0.5018868 0.7174399 0.5022843 0.7196702 0.651415 0.7451811 0.6692404 0.743073 0.6696152 0.7451811 0.7785593 0.644135 0.7768945 0.6377461 0.7785593 0.6376004 0.6578705 0.7041473 0.6620453 0.7025911 0.6624172 0.7046846 0.3972195 0.5662618 0.3935749 0.564503 0.3972193 0.564128 0.6276615 0.6196492 0.6264982 0.6187201 0.6268054 0.618659 0.505515 0.6673739 0.5011617 0.6481952 0.505515 0.6479051 0.7785594 0.6657375 0.7741958 0.6465547 0.7785593 0.6462687 0.706196 0.6962139 0.7025229 0.694444 0.7061958 0.69408 0.2786333 0.6131696 0.2742847 0.5939926 0.2786332 0.5937008 0.7062158 0.6853967 0.6947597 0.6674807 0.7062157 0.668011 0.3972197 0.6075385 0.3800921 0.6042065 0.3972197 0.6053897 0.5055151 0.6696473 0.4947999 0.6669287 0.505515 0.6673739 0.569781 0.6991422 0.5724049 0.6928216 0.5736173 0.6997084 0.7785595 0.668011 0.767834 0.6652883 0.7785594 0.6657375 0.7061961 0.7374905 0.6890401 0.7341474 0.7061961 0.7353417 0.2786334 0.6154429 0.2679229 0.6127261 0.2786333 0.6131696 0.6153536 0.7430453 0.6298073 0.7260163 0.6328405 0.7430734 0.1546635 0.5655444 0.1562909 0.5526388 0.1549605 0.5655922 0.6511763 0.6123519 0.6499714 0.6114333 0.650322 0.6113637 0.7785593 0.6462687 0.774893 0.6445015 0.7785593 0.644135 0.1299805 0.5615717 0.1316484 0.548685 0.1303193 0.5616262 0.6582043 0.7020261 0.6608287 0.6957039 0.6620453 0.7025911 0.3972197 0.6053897 0.3857732 0.5874773 0.3972197 0.588004 0.7785595 0.6875454 0.76141 0.6842049 0.7785595 0.6853967 0.7423956 0.644135 0.7407299 0.6377481 0.7423956 0.6376004 0.5846012 0.7206179 0.5921853 0.7018018 0.5955833 0.7209023 0.7641546 0.7155181 0.771721 0.6967038 0.7751259 0.7158038 0.7819704 0.6655719 0.7895627 0.6467549 0.7929574 0.6658558 0.584246 0.722878 0.5955833 0.7209023 0.5959801 0.7231327 0.7638002 0.7177782 0.7751259 0.7158038 0.7755234 0.718034 0.7816147 0.6678319 0.7929574 0.6658558 0.7933538 0.6680862 0.3794519 0.7549424 0.3939215 0.7379129 0.3969489 0.7549703 0.5811939 0.7422977 0.5990145 0.7401896 0.5993896 0.7422977 0.7243936 0.7371994 0.7421951 0.7350913 0.7425715 0.7371994 0.2786403 0.5416219 0.2769715 0.5352415 0.2786403 0.5350875 0.5876431 0.7012636 0.591813 0.6997082 0.5921853 0.7018018 0.08455371 0.5882124 0.02644187 0.5576767 0.02848446 0.5397104 0.3975132 0.4767229 0.3940746 0.5145207 0.3937554 0.4766896 0.5725586 0.3758082 0.5313119 0.419767 0.5706607 0.3726823 0.4016262 0.3673227 0.4002338 0.4048401 0.4002355 0.3673227 0.6160343 0.6753795 0.6181191 0.6376006 0.6191357 0.6753795 0.6756101 0.6753795 0.6776733 0.6376006 0.6786899 0.6753795 0.5778426 0.3845151 0.5332267 0.4228842 0.5725586 0.3758082 0.6786899 0.6753795 0.6871048 0.6376006 0.6881213 0.6753795 0.7345556 0.3673014 0.7596639 0.4049109 0.7345539 0.4048889 0.7653112 0.09261536 0.7241972 0.136211 0.763244 0.08921873 0.3675283 0.4600202 0.3643397 0.497562 0.3643414 0.4600202 0.6191357 0.6753795 0.6432124 0.6376006 0.644229 0.6753795 0.7596656 0.3673234 0.7629607 0.4049355 0.7596639 0.4049109 0.7345556 0.3673014 0.7314504 0.4048863 0.7314521 0.3672987 0.3791153 0.4600202 0.3675267 0.497562 0.3675283 0.4600202 0.644229 0.6753795 0.6464937 0.6376006 0.6475102 0.6753795 0.4829663 0.6022691 0.524458 0.5660175 0.4950737 0.6163424 0.691025 0.5999858 0.7226635 0.552829 0.6938038 0.6031764 0.08774292 0.5586347 0.03080272 0.5193188 0.03183895 0.5102042 0.5877382 0.4008153 0.5385586 0.4315674 0.5778426 0.3845151 0.08261179 0.6062222 0.02534204 0.5673509 0.02644187 0.5576767 0.6756101 0.6753795 0.6464937 0.6376006 0.6745936 0.6376006 0.08815211 0.5548395 0.03183895 0.5102042 0.03226935 0.5064181 0.7629624 0.3673481 0.791308 0.4049601 0.7629607 0.4049355 0.08156615 0.6159197 0.02494996 0.5707962 0.02534204 0.5673509 0.6938038 0.6031764 0.7293934 0.5604829 0.7004935 0.6108573 0.08635294 0.5715259 0.02848446 0.5397104 0.03037691 0.5230643 0.02644187 0.5576767 0.01771414 0.5577988 0.01883727 0.5481445 0.5485434 0.4478229 0.5345233 0.4406328 0.5385586 0.4315674 0.02848446 0.5397104 0.01883727 0.5481445 0.02092307 0.530215 0.4016246 0.4048401 0.4002336 0.4126537 0.4002338 0.4048401 0.03037691 0.5230643 0.02092307 0.530215 0.02285557 0.5136031 0.3675267 0.497562 0.3643395 0.505402 0.3643397 0.497562 0.1793854 0.7311477 0.204482 0.7233311 0.204482 0.7311478 0.2358673 0.7311477 0.2389475 0.7233311 0.2389475 0.7311477 0.204482 0.7311478 0.2077637 0.7233311 0.2077637 0.7311478 0.03080272 0.5193188 0.02285557 0.5136031 0.02329039 0.5098654 0.512277 0.5519931 0.5266126 0.5566901 0.524458 0.5660175 0.5332267 0.4228842 0.5272545 0.4288583 0.5313119 0.419767 0.7226635 0.552829 0.7314491 0.5511912 0.7293934 0.5604829 0.1762835 0.7311477 0.1793854 0.7233311 0.1793854 0.7311477 0.03226935 0.5064181 0.02434855 0.5007695 0.02478814 0.4969912 0.7629607 0.4049355 0.7913078 0.4128494 0.7629604 0.4128248 0.3791136 0.497562 0.3675264 0.505402 0.3675267 0.497562 0.7345539 0.4048889 0.7596637 0.4128003 0.7345536 0.4127784 0.2358673 0.7311477 0.2077637 0.7233311 0.2358673 0.7233311 0.7596639 0.4049109 0.7629604 0.4128248 0.7596637 0.4128003 0.2389475 0.7311477 0.2483802 0.7233311 0.2483801 0.7311477 0.7314504 0.4048863 0.7345536 0.4127784 0.7314502 0.4127757 0.03183895 0.5102042 0.02329039 0.5098654 0.02434855 0.5007695 0.02534204 0.5673509 0.01731377 0.5612369 0.01771414 0.5577988 0.5385586 0.4315674 0.5291752 0.4319686 0.5332267 0.4228842 0.726283 0.1395983 0.720233 0.1452099 0.7241972 0.136211 0.7198681 0.5496497 0.7247079 0.5435568 0.7226635 0.552829 0.4016264 0.5615863 0.405385 0.553749 0.4053849 0.5615863 0.01371723 0.5369796 0.01395064 0.5132711 0.01615715 0.5199816 0.4016242 0.4208248 0.4002333 0.4261925 0.4002335 0.4208247 0.01615715 0.5199816 0.016317 0.4982015 0.01841777 0.5042328 0.2358673 0.715907 0.2389475 0.7111538 0.2389475 0.715907 0.3675262 0.5143373 0.3643392 0.5203284 0.3643393 0.5143373 0.1793855 0.715907 0.2044821 0.7111538 0.2044821 0.715907 0.5253705 0.5471574 0.5118727 0.5284518 0.5235881 0.5410476 0.2044821 0.715907 0.2077637 0.7111538 0.2077637 0.715907 0.01841777 0.5042328 0.01684945 0.4948108 0.01892638 0.5006893 0.5266125 0.4399127 0.5293672 0.4501113 0.5274888 0.4472967 0.7303636 0.5426334 0.7224432 0.5303918 0.728912 0.5372645 0.1762836 0.715907 0.1793855 0.7111538 0.1793855 0.715907 0.02016425 0.4920659 0.01868343 0.4831319 0.0206784 0.4884839 0.7629603 0.4231847 0.7913075 0.4303599 0.7629601 0.4303379 0.3791132 0.5143373 0.3675262 0.5203284 0.3675262 0.5143373 0.7345535 0.423141 0.7596634 0.4303158 0.7345533 0.4302962 0.2358673 0.715907 0.2077637 0.7111538 0.2358674 0.7111538 0.7596635 0.4231616 0.7629601 0.4303379 0.7596634 0.4303158 0.2483802 0.715907 0.2389475 0.7111538 0.2483802 0.7111538 0.73145 0.4231384 0.7345533 0.4302962 0.7314499 0.4302938 0.01892638 0.5006893 0.0181452 0.4865594 0.02016425 0.4920659 0.01193523 0.5493913 0.01002132 0.5382938 0.01240342 0.5461323 0.5285285 0.4428565 0.534599 0.4579541 0.5293672 0.4501113 0.7195411 0.1539677 0.7219534 0.1626247 0.7199073 0.1595657 0.7237256 0.5354326 0.7197562 0.527537 0.7224432 0.5303918 0.4016264 0.5457316 0.405385 0.5404948 0.405385 0.5457316 0.01240342 0.5461323 0.01139658 0.5295359 0.01371723 0.5369796 0.5338644 0.4510586 0.5443956 0.4726343 0.534599 0.4579541 0.7219534 0.1626247 0.7905806 0.3290688 0.7199073 0.1595657 0.7197562 0.527537 0.6176388 0.3700414 0.7224432 0.5303918 0.4016264 0.5404948 0.4053851 0.3673228 0.405385 0.5404948 0.01139658 0.5295359 5.01646e-4 0.3511071 0.001909554 0.342677 0.5443956 0.4726343 0.60542 0.6285784 0.534599 0.4579541 0.01395064 0.5132711 0.001909554 0.342677 0.00452423 0.3270213 0.4016241 0.4261925 0.4002326 0.5993936 0.4002333 0.4261925 0.016317 0.4982015 0.00452423 0.3270213 0.006946802 0.3125159 0.2358674 0.7111538 0.2389477 0.5383868 0.2389475 0.7111538 0.3675262 0.5203284 0.3643385 0.6940518 0.3643392 0.5203284 0.1793855 0.7111538 0.2044822 0.5383868 0.2044821 0.7111538 0.5118727 0.5284518 0.4195342 0.3794302 0.5235881 0.5410476 0.2044821 0.7111538 0.2077639 0.5383868 0.2077637 0.7111538 0.01684945 0.4948108 0.006946802 0.3125159 0.007491886 0.3092522 0.5293672 0.4501113 0.5984541 0.6183258 0.5274888 0.4472967 0.7224432 0.5303918 0.6239488 0.3766443 0.728912 0.5372645 0.1762837 0.7111538 0.1793856 0.5383868 0.1793855 0.7111538 0.01868343 0.4831319 0.008818387 0.3013097 0.009369373 0.2980105 0.7913075 0.4303599 0.7629594 0.605035 0.7629601 0.4303379 0.3791131 0.5203284 0.3675254 0.6940518 0.3675262 0.5203284 0.7596634 0.4303158 0.7345526 0.604995 0.7345533 0.4302962 0.2358674 0.7111538 0.2077639 0.5383868 0.2358675 0.5383868 0.7629601 0.4303379 0.7596626 0.6050139 0.7596634 0.4303158 0.2389475 0.7111538 0.2483804 0.5383868 0.2483802 0.7111538 0.7345533 0.4302962 0.7314491 0.6049928 0.7314499 0.4302938 0.0181452 0.4865594 0.007491886 0.3092522 0.008818387 0.3013097 0.01002132 0.5382938 0 0.3541083 5.01646e-4 0.3511071 0.534599 0.4579541 0.6002942 0.6210332 0.5293672 0.4501113 0.01771414 0.5577988 0.01371723 0.5369796 0.01883727 0.5481445 0.4016264 0.5457316 0.405385 0.553749 0.4016264 0.553749 0.7209684 0.5324415 0.7247079 0.5435568 0.7219076 0.5403856 0.7216281 0.157167 0.720233 0.1452099 0.7223252 0.1485898 0.5338644 0.4510586 0.5291752 0.4319686 0.5345233 0.4406328 0.01731377 0.5612369 0.01240342 0.5461323 0.01771414 0.5577988 0.02329039 0.5098654 0.02016425 0.4920659 0.02434855 0.5007695 0.7345535 0.423141 0.7314502 0.4127757 0.7345536 0.4127784 0.2389475 0.715907 0.2483802 0.7233311 0.2389475 0.7233311 0.7629603 0.4231847 0.7596637 0.4128003 0.7629604 0.4128248 0.2077637 0.715907 0.2358673 0.7233311 0.2077637 0.7233311 0.7596635 0.4231616 0.7345536 0.4127784 0.7596637 0.4128003 0.3791132 0.5143373 0.3675264 0.505402 0.3791133 0.505402 0.7913076 0.4232078 0.7629604 0.4128248 0.7913078 0.4128494 0.02434855 0.5007695 0.0206784 0.4884839 0.02478814 0.4969912 0.1762836 0.7233311 0.1793855 0.715907 0.1793854 0.7233311 0.7237256 0.5354326 0.7314491 0.5511912 0.7247079 0.5435568 0.5285285 0.4428565 0.5272545 0.4288583 0.5291752 0.4319686 0.02285557 0.5136031 0.01892638 0.5006893 0.02329039 0.5098654 0.2044821 0.715907 0.2077637 0.7233311 0.204482 0.7233311 0.5133507 0.5339612 0.5266126 0.5566901 0.5144103 0.5427013 0.1793854 0.7233311 0.2044821 0.715907 0.204482 0.7233311 0.3675262 0.5143373 0.3643395 0.505402 0.3675264 0.505402 0.2358673 0.715907 0.2389475 0.7233311 0.2358673 0.7233311 0.02092307 0.530215 0.01841777 0.5042328 0.02285557 0.5136031 0.4016243 0.4126537 0.4002335 0.4208247 0.4002336 0.4126537 0.01883727 0.5481445 0.01615715 0.5199816 0.02092307 0.530215 0.5438562 0.4664123 0.5345233 0.4406328 0.5445386 0.4568524 0.629837 0.6367931 0.627088 0.6336368 0.6284992 0.633199 0.2526126 0.535088 0.2533881 0.5350883 0.2533881 0.5416219 0.6191228 0.6263518 0.616344 0.6231613 0.617178 0.6229025 0.602153 0.6432386 0.602153 0.6427012 0.6137399 0.6427012 0.3857024 0.3843873 0.3872302 0.3845521 0.3863945 0.4022251 0.4081049 0.6408773 0.4081049 0.6392369 0.4311179 0.6392369 0.4311179 0.6392369 0.4311179 0.6472638 0.4081049 0.6408773 0.3886111 0.3847011 0.3877755 0.4023742 0.3868725 0.4022767 0.4559561 0.6472638 0.4693304 0.6472638 0.4693304 0.6494715 0.08675771 0.5677714 0.08774292 0.5586347 0.08871519 0.5587913 0.4202124 0.6392368 0.4081049 0.6251634 0.4089409 0.6249079 0.2522021 0.5828778 0.2522021 0.5850263 0.2508899 0.5850258 0.814912 0.3673382 0.8157734 0.3672987 0.8157734 0.3695064 0.08635294 0.5715259 0.08675771 0.5677714 0.08772999 0.567928 0.2522021 0.5416215 0.2522021 0.5437551 0.2508899 0.5437546 0.08261179 0.6062222 0.08455371 0.5882124 0.08552598 0.5883688 0.2526126 0.5416217 0.2533881 0.5416219 0.2533881 0.5437554 0.393756 0.5451697 0.3961235 0.5451697 0.3961233 0.5454542 0.8292766 0.4976754 0.8318071 0.4976733 0.8318071 0.499881 0.1596642 0.6186234 0.1616061 0.6006135 0.1620696 0.6006881 0.1652588 0.5711103 0.165668 0.567315 0.1665434 0.5674561 0.1610031 0.6188388 0.1601277 0.6186979 0.1620696 0.6006881 0.3004397 0.6286652 0.3012154 0.6286652 0.3012154 0.630873 0.3937558 0.5454542 0.3961233 0.5454542 0.3961229 0.5459914 0.4214909 0.6388458 0.4210484 0.6389812 0.4089409 0.6249079 0.3872302 0.3845521 0.3877082 0.3846037 0.3868725 0.4022767 0.602153 0.643523 0.602153 0.6432386 0.6137399 0.6432386 0.6199567 0.626093 0.617178 0.6229025 0.6176195 0.6227656 0.2522021 0.5350879 0.2526126 0.535088 0.2526126 0.5416217 0.1634054 0.5839273 0.1638688 0.5840016 0.1620696 0.6006881 0.2570808 0.6257683 0.2575817 0.6257154 0.2573956 0.6299945 0.4626787 0.6908223 0.4686901 0.6908223 0.4686903 0.692956 0.1714894 0.526224 0.1719164 0.5218414 0.1724427 0.522053 0.4066587 0.5631682 0.4062481 0.5631682 0.4062481 0.5607241 0.4061696 0.6041294 0.4057439 0.6041296 0.4057441 0.5628529 0.2491181 0.5850284 0.2496006 0.5850263 0.2496004 0.5871598 0.211242 0.7332815 0.211242 0.7311478 0.2213593 0.7311478 0.3236482 0.7260031 0.3328291 0.7260031 0.3328291 0.7281369 0.3328291 0.7260031 0.3397703 0.7260031 0.3397678 0.7281369 0.3397703 0.7260031 0.3463292 0.7260031 0.3463267 0.7281369 0.3463292 0.7260031 0.3527363 0.7260031 0.3527339 0.7281369 0.3527363 0.7260031 0.3585753 0.7260031 0.3585733 0.7281369 0.3585753 0.7260031 0.3628108 0.7260031 0.3628096 0.7281369 0.3628108 0.7260031 0.3646475 0.7260031 0.3646473 0.7281368 0.1669191 0.5512928 0.1673818 0.5513673 0.1665891 0.5586993 0.211242 0.7745583 0.2030078 0.7745583 0.2030078 0.7332815 0.2030078 0.7745583 0.1962994 0.7745583 0.1963017 0.7332815 0.1962994 0.7745583 0.1904254 0.7745583 0.1904276 0.7332815 0.1904254 0.7745583 0.1850431 0.7745583 0.185045 0.7332815 0.1850431 0.7745583 0.1805839 0.7745583 0.1805854 0.7332815 0.1805839 0.7745583 0.1776103 0.7745583 0.1776112 0.7332815 0.1776103 0.7745583 0.1762835 0.7745583 0.1762837 0.7332815 0.2568376 0.6007259 0.2563604 0.6006745 0.2566951 0.5935053 0.1669191 0.5512928 0.1676834 0.5446435 0.1680697 0.5454034 0.1676834 0.5446435 0.1683041 0.5396267 0.1686671 0.5405501 0.1683041 0.5396267 0.1689445 0.5348908 0.1692405 0.5363079 0.1689445 0.5348908 0.1696512 0.5302767 0.1698338 0.5324309 0.1696512 0.5302767 0.1704319 0.5260924 0.1704285 0.5292343 0.1704285 0.5292343 0.1704319 0.5260924 0.1712297 0.5230916 0.170989 0.527127 0.1712297 0.5230916 0.1719164 0.5218414 0.2563604 0.6006745 0.2568376 0.6007259 0.2566071 0.6065902 0.2561007 0.607212 0.2566071 0.6065902 0.2564574 0.611369 0.2559489 0.6121597 0.2564574 0.611369 0.256378 0.6155628 0.2558606 0.6168413 0.256378 0.6155628 0.2563751 0.619414 0.255858 0.6214243 0.2563751 0.619414 0.256479 0.6226176 0.2559964 0.6256172 0.256479 0.6226176 0.2567169 0.6247746 0.2567169 0.6247746 0.2570808 0.6257683 0.2568331 0.6300575 0.2213568 0.7335918 0.2213593 0.7311478 0.2332342 0.731458 0.2571037 0.5850278 0.2575817 0.5850793 0.2571745 0.5935268 0.1652045 0.567241 0.1661282 0.5586015 0.1665891 0.5586993 0.3016536 0.747916 0.3016537 0.7284472 0.3135694 0.7284472 0.3135694 0.7284472 0.3135669 0.7694136 0.3016536 0.747916 0.3135669 0.7694136 0.3016535 0.7697239 0.3016535 0.7675752 0.3016535 0.7501894 0.3135669 0.7694136 0.3016535 0.7675752 0.3135694 0.7284472 0.3236482 0.7281369 0.3236482 0.7694136 0.4081049 0.6473378 0.4311179 0.6472638 0.4311179 0.6494715 0.4066188 0.4172677 0.4053851 0.4172677 0.4053851 0.4151187 0.1638101 0.5801729 0.1642736 0.5802471 0.1638688 0.5840016 0.1620696 0.6006881 0.1638688 0.5840016 0.1647441 0.5841426 0.2533881 0.5437554 0.2546214 0.5437558 0.2546214 0.5632221 0.4066188 0.3737833 0.4053851 0.3737833 0.4053851 0.3673228 0.4081049 0.6495085 0.4311179 0.6494715 0.4311179 0.6690061 0.3004397 0.6504076 0.3004397 0.630873 0.3012154 0.630873 0.8153944 0.1710699 0.8153944 0.1732776 0.8128636 0.1732755 0.602153 0.643523 0.6137399 0.643523 0.6137399 0.6444323 0.2526126 0.5437552 0.2533881 0.5437554 0.2533881 0.5632216 0.6218094 0.6255181 0.6203983 0.6259561 0.6176195 0.6227656 0.4559561 0.6494715 0.4693304 0.6494715 0.4693304 0.6690061 0.4062481 0.6041346 0.4062481 0.5631682 0.4066587 0.5631682 0.2332338 0.7727198 0.2332338 0.7748685 0.2213543 0.7745583 0.2213543 0.7745583 0.2213568 0.7335918 0.2332339 0.7530606 0.2213568 0.7335918 0.233234 0.7335918 0.2332339 0.7530606 0.2213543 0.7745583 0.2332339 0.7530606 0.2332339 0.755334 0.3016539 0.7263134 0.3135719 0.7260031 0.3135694 0.7284472 0.1776112 0.7332815 0.1762837 0.7332815 0.1762837 0.7311478 0.1805854 0.7332815 0.1776112 0.7332815 0.177612 0.7311478 0.185045 0.7332815 0.1805854 0.7332815 0.1805869 0.7311478 0.1904276 0.7332815 0.185045 0.7332815 0.185047 0.7311478 0.1963017 0.7332815 0.1904276 0.7332815 0.1904298 0.7311478 0.2030078 0.7332815 0.1963017 0.7332815 0.196304 0.7311478 0.211242 0.7332815 0.2030078 0.7332815 0.2030078 0.7311478 0.3628096 0.7281369 0.3646473 0.7281368 0.3646472 0.7694136 0.3585733 0.7281369 0.3628096 0.7281369 0.3628084 0.7694136 0.3527339 0.7281369 0.3585733 0.7281369 0.3585712 0.7694136 0.3463267 0.7281369 0.3527339 0.7281369 0.3527315 0.7694136 0.3397678 0.7281369 0.3463267 0.7281369 0.3463242 0.7694136 0.3328291 0.7281369 0.3397678 0.7281369 0.3397653 0.7694136 0.3236482 0.7281369 0.3328291 0.7281369 0.3328291 0.7694136 0.2491179 0.587162 0.2496004 0.5871598 0.2496002 0.6284311 0.4061698 0.5628527 0.4057441 0.5628529 0.4057442 0.560719 0.4626784 0.692956 0.4686903 0.692956 0.4686905 0.7342327 0.211242 0.7745583 0.211242 0.7332815 0.2213568 0.7335918 0.3135719 0.7260031 0.3236482 0.7260031 0.3236482 0.7281369 0.4311179 0.6494715 0.4559561 0.6494715 0.4559561 0.6690061 0.3876802 0.3750358 0.3881582 0.3750874 0.3877082 0.3846037 0.1590821 0.6283956 0.1601277 0.6186979 0.1610031 0.6188388 0.1586186 0.6283209 0.1596642 0.6186234 0.1601277 0.6186979 0.3861522 0.3748725 0.3876802 0.3750358 0.3872302 0.3845521 0.4311179 0.6472638 0.4559561 0.6472638 0.4559561 0.6494715 0.3881582 0.3750874 0.3890611 0.3751848 0.3886111 0.3847011 0.2964756 0.5415646 0.3016535 0.541548 0.3016535 0.5437187 0.2964756 0.5350875 0.3016535 0.5350875 0.3016535 0.541548 0.2964756 0.543727 0.3016535 0.5437187 0.3016535 0.5632205 0.4066188 0.375954 0.4053851 0.375954 0.4053851 0.3737833 0.1661341 0.5712514 0.1665434 0.5674561 0.1679356 0.5676802 0.6258126 0.6340327 0.6285615 0.6371889 0.6272352 0.6376006 0.2533881 0.5416219 0.2546214 0.5416223 0.2546214 0.5437558 0.2533881 0.5350883 0.2546214 0.5350887 0.2546214 0.5416223 0.1759251 0.712677 0.1727381 0.712677 0.1727381 0.7036382 0.3937554 0.5476047 0.3905684 0.5476047 0.3905684 0.5384792 0.3950473 0.4457279 0.3946653 0.4551081 0.3940382 0.4550966 0.1755625 0.5970898 0.1760392 0.5970897 0.1760392 0.5992974 0.3967371 0.5442782 0.3961989 0.5442791 0.3961989 0.5420716 0.3864429 0.4752875 0.3858907 0.4750878 0.3856011 0.4656021 0.3956487 0.4454567 0.3954729 0.4547067 0.3946653 0.4551081 0.1750604 0.5992979 0.1750604 0.5970901 0.1755625 0.5970898 0.3937554 0.547123 0.3937554 0.5476047 0.3905684 0.5476047 0.3870307 0.4756827 0.3864429 0.4752875 0.3862188 0.4657163 0.3937554 0.5442885 0.3905684 0.5442885 0.3905684 0.5366466 0.7330613 0.3439272 0.7330613 0.3529046 0.7298744 0.3529046 0.3963204 0.4518802 0.3954729 0.4547067 0.3956487 0.4454567 0.7330613 0.3424279 0.7330613 0.3439272 0.7298743 0.3439272 0.3937554 0.5442885 0.3937554 0.547123 0.3905684 0.547123 0.3877964 0.4693158 0.3874476 0.4772874 0.3870307 0.4756827 0.3937554 0.5396619 0.3905684 0.5396619 0.3905684 0.5340357 0.397098 0.447194 0.3963204 0.4518802 0.3960967 0.4439602 0.7298744 0.3398177 0.7330613 0.3398177 0.7330613 0.3424279 0.3937554 0.5396619 0.3937554 0.5442885 0.3905684 0.5442885 0.3884861 0.4742152 0.387836 0.4800522 0.3874476 0.4772874 0.3937554 0.5341167 0.3905684 0.5341167 0.3905684 0.5304693 0.3977313 0.4415419 0.397098 0.447194 0.3965346 0.4413155 0.7330613 0.3362518 0.7330613 0.3398177 0.7298744 0.3398177 0.3937554 0.5341167 0.3937554 0.5396619 0.3905684 0.5396619 0.3890181 0.4800633 0.3881763 0.4838132 0.387836 0.4800522 0.3937554 0.5283362 0.3905684 0.5283362 0.3905684 0.5262289 0.3982229 0.4356299 0.3977313 0.4415419 0.39694 0.4376802 0.7330613 0.3320115 0.7330613 0.3362518 0.7298744 0.3362518 0.3937554 0.5283362 0.3937554 0.5341167 0.3905684 0.5341167 0.3894064 0.486146 0.3884597 0.4882753 0.3881763 0.4838132 0.3937554 0.4964848 0.3905684 0.4964848 0.3905684 0.4865711 0.7298742 0.3341907 0.7266873 0.3341907 0.7266873 0.3320116 0.3905684 0.4953747 0.3905684 0.4843887 0.3937554 0.4843887 0.3990161 0.3925855 0.4001467 0.390466 0.3997403 0.401765 0.3897705 0.497678 0.3887907 0.4986819 0.3884597 0.4882753 0.7298742 0.3396792 0.7266873 0.3396792 0.7266873 0.3366338 0.3990889 0.3878209 0.4002327 0.3848084 0.4001467 0.390466 0.7298743 0.3366338 0.7266873 0.3366338 0.7266873 0.3320116 0.3937554 0.4789013 0.3937554 0.4843887 0.3905684 0.4843887 0.3894838 0.5347115 0.3894894 0.5298742 0.3905684 0.5322465 0.7298742 0.3451451 0.7266873 0.3451451 0.7266873 0.3408434 0.3990896 0.3834741 0.4002327 0.3791641 0.4002327 0.3848084 0.7266873 0.3408434 0.7266873 0.3366338 0.7298743 0.3366338 0.3937554 0.4734368 0.3937554 0.4789013 0.3905684 0.4789013 0.389414 0.5391115 0.3894838 0.5347115 0.3905613 0.5379903 0.7298743 0.3503531 0.7266873 0.3503531 0.7266873 0.3444085 0.3989966 0.3797819 0.4000945 0.3737702 0.4002327 0.3791641 0.7298743 0.3444085 0.7266873 0.3444085 0.7266873 0.3408434 0.3937554 0.4682306 0.3937554 0.4734368 0.3905684 0.4734368 0.3892626 0.5428299 0.389414 0.5391115 0.3904697 0.5437033 0.7298743 0.354752 0.7266873 0.354752 0.7266873 0.3470866 0.3987944 0.376993 0.3997596 0.3691892 0.4000945 0.3737702 0.7266873 0.3470866 0.7266873 0.3444085 0.7298743 0.3444085 0.3937554 0.4638341 0.3937554 0.4682306 0.3905684 0.4682306 0.3890181 0.5456122 0.3892626 0.5428299 0.3902462 0.5491352 0.7298743 0.357615 0.7266873 0.357615 0.7266873 0.3487396 0.3984811 0.3752499 0.3992158 0.3661699 0.3997596 0.3691892 0.7266873 0.3487396 0.7266873 0.3470866 0.7298743 0.3470866 0.3937554 0.4609737 0.3937554 0.4638341 0.3905684 0.4638341 0.3886814 0.5473137 0.3890181 0.5456122 0.3898421 0.5537049 0.7298743 0.3585712 0.7266874 0.3585712 0.7266874 0.3493056 0.3985256 0.3651027 0.3992158 0.3661699 0.3984811 0.3752499 0.7266874 0.3493056 0.7266873 0.3487396 0.7298743 0.3487396 0.3905684 0.4600202 0.3937554 0.4600202 0.3937554 0.4609737 0.3885607 0.5575935 0.3882603 0.5478704 0.3886814 0.5473137 0.7298743 0.3579425 0.7266874 0.3579425 0.7266874 0.348863 0.3977896 0.3656668 0.3985256 0.3651027 0.3980639 0.3746171 0.3969424 0.5569841 0.3969424 0.5574285 0.3937554 0.5574285 0.7298743 0.3579425 0.7298743 0.3585712 0.7266874 0.3585712 0.387845 0.5568748 0.3877688 0.5473654 0.3882603 0.5478704 0.7298743 0.3563633 0.7266874 0.3563633 0.7266874 0.3476017 0.39707 0.3672144 0.3977896 0.3656668 0.3975582 0.3750158 0.3969424 0.5557212 0.3969424 0.5569841 0.3937554 0.5569841 0.7298743 0.3563633 0.7298743 0.3579425 0.7266874 0.3579425 0.3871615 0.5551639 0.3872261 0.5459992 0.3877688 0.5473654 0.7298743 0.3543695 0.7266874 0.3543695 0.7266874 0.3458076 0.3963841 0.369194 0.39707 0.3672144 0.3969867 0.3762522 0.3969424 0.5539254 0.3969424 0.5557212 0.3937554 0.5557212 0.7298743 0.3543695 0.7298743 0.3563633 0.7266874 0.3563633 0.3865181 0.5530225 0.3866482 0.5440725 0.3872261 0.5459992 0.7298744 0.3523103 0.7266874 0.3523103 0.7266874 0.3437675 0.3957296 0.3712446 0.3963841 0.369194 0.3963706 0.3780336 0.3969424 0.5518835 0.3969424 0.5539254 0.3937554 0.5539254 0.7298744 0.3523103 0.7298743 0.3543695 0.7266874 0.3543695 0.3859068 0.5508155 0.3860425 0.5418858 0.3866482 0.5440725 0.7298744 0.3504161 0.7266874 0.3504161 0.7266874 0.3417379 0.3951008 0.3731279 0.3957296 0.3712446 0.3957221 0.3800653 0.3969424 0.5498521 0.3969424 0.5518835 0.3937554 0.5518835 0.7298744 0.3504161 0.7298744 0.3523103 0.7266874 0.3523103 0.3853182 0.548783 0.3854115 0.5397081 0.3860425 0.5418858 0.3944951 0.3746705 0.3951008 0.3731279 0.3950481 0.3820831 0.3969424 0.5480665 0.3969424 0.5498521 0.3937554 0.5498521 0.7266874 0.3488546 0.7298744 0.3488546 0.7298744 0.3504161 0.3847468 0.5471002 0.3847579 0.5377858 0.3854115 0.5397081 0.7298744 0.3477448 0.7266874 0.3477448 0.7266874 0.3386305 0.3969424 0.5480665 0.3969424 0.5569649 0.3937555 0.5569649 0.3939102 0.3757488 0.3944951 0.3746705 0.3943553 0.383845 0.3937555 0.5467407 0.3969424 0.5467407 0.3969424 0.5480665 0.7298744 0.3477448 0.7298744 0.3488546 0.7266874 0.3488546 0.3841883 0.5458912 0.3840908 0.5363437 0.3847579 0.5377858 0.7298744 0.3471162 0.7266875 0.3471162 0.7266875 0.3378834 0.3929763 0.385824 0.3933364 0.3763316 0.3939102 0.3757488 0.3969424 0.5459913 0.3969424 0.5467407 0.3937555 0.5467407 0.7298744 0.3471162 0.7298744 0.3477448 0.7266874 0.3477448 0.383432 0.5355058 0.3840908 0.5363437 0.3841883 0.5458912 0.7088869 0.359098 0.7056999 0.359098 0.7056999 0.3498333 0.3923294 0.3860232 0.3927626 0.3765063 0.3933364 0.3763316 0.2421552 0.537303 0.2421634 0.537687 0.2389768 0.5376914 0.2972204 0.6309339 0.2967376 0.6309342 0.2967376 0.6287264 0.3827981 0.5351744 0.383432 0.5355058 0.3836326 0.5451862 0.7120739 0.3590975 0.7088869 0.3590975 0.7088869 0.3498333 0.3917126 0.3859267 0.3921837 0.3764146 0.3927626 0.3765063 0.2421552 0.5369359 0.2421552 0.537303 0.2389687 0.5373075 0.297719 0.6309339 0.2972204 0.6309339 0.2972204 0.6287261 0.3821892 0.5351483 0.3827981 0.5351744 0.3830704 0.5448941 0.7330614 0.3621659 0.7298744 0.3621659 0.7298744 0.3529046 0.3911144 0.3857028 0.3915987 0.3761954 0.3921837 0.3764146 0.2421587 0.5365794 0.2421552 0.5369359 0.2389687 0.5369405 0.2982284 0.6309341 0.297719 0.6309339 0.297719 0.6287263 0.3815965 0.5352547 0.3821892 0.5351483 0.3824988 0.5448707 0.7184478 0.3590949 0.7152608 0.3590949 0.7152608 0.3498333 0.3905248 0.3854572 0.3910076 0.3759492 0.3915987 0.3761954 0.2421629 0.5362278 0.2421587 0.5365794 0.2389722 0.5365839 0.2987441 0.6309342 0.2982284 0.6309341 0.2982284 0.6287264 0.3810118 0.535385 0.3815965 0.5352547 0.3819192 0.5449753 0.7152608 0.3590971 0.7120739 0.3590971 0.7120739 0.3498333 0.3899374 0.3852428 0.3904111 0.3757315 0.3910076 0.3759492 0.2389798 0.5358823 0.2421663 0.5358778 0.2421629 0.5362278 0.2992631 0.6309345 0.2987441 0.6309342 0.2987441 0.6287265 0.3804299 0.5354841 0.3810118 0.535385 0.3813331 0.5451057 0.6561793 0.3665797 0.6529924 0.3665797 0.6529924 0.3573142 0.389349 0.3850858 0.38981 0.3755713 0.3904111 0.3757315 0.242168 0.5355274 0.2421663 0.5358778 0.2389798 0.5358823 0.2997837 0.6309345 0.2992631 0.6309345 0.2992631 0.6287267 0.379848 0.5355249 0.3804299 0.5354841 0.3807422 0.5452064 0.3937554 0.5568704 0.3905684 0.5568704 0.3905684 0.5476047 0.3890005 0.3848725 0.3894604 0.3753577 0.38981 0.3755713 0.2421724 0.5353193 0.242168 0.5355274 0.2389815 0.5355318 0.3000917 0.6309347 0.2997837 0.6309345 0.2997837 0.6287268 0.3795014 0.5356709 0.379848 0.5355249 0.3801477 0.5452479 0.3000917 0.628727 0.3004397 0.6286652 0.3004397 0.630873 0.2390782 0.5350919 0.2422648 0.5350874 0.2421724 0.5353193 0.3791153 0.5357659 0.3795014 0.5356709 0.3797999 0.545394 0.3886111 0.3847011 0.3890611 0.3751848 0.3894604 0.3753577 0.4214909 0.6388458 0.4093834 0.6247724 0.410798 0.6243398 0.165149 0.5803881 0.1665412 0.5806122 0.1661363 0.5843667 0.381295 0.4859542 0.3817428 0.48361 0.3825057 0.4925647 0.627088 0.6336368 0.6266465 0.6337739 0.6199567 0.626093 0.1642736 0.5802471 0.1652588 0.5711103 0.1661341 0.5712514 0.6266465 0.6337739 0.6258126 0.6340327 0.6191228 0.6263518 0.6293954 0.6369301 0.6266465 0.6337739 0.627088 0.6336368 0.1638688 0.5840016 0.1642736 0.5802471 0.165149 0.5803881 0.08455371 0.5882124 0.08635294 0.5715259 0.08732521 0.5716825 0.6293954 0.6369301 0.6285615 0.6371889 0.6258126 0.6340327 0.1652045 0.567241 0.165668 0.567315 0.1652588 0.5711103 0.2786405 0.5416219 0.2838747 0.5416051 0.2838747 0.5437473 0.2786405 0.5350875 0.2838747 0.5350875 0.2838747 0.5416051 0.2786405 0.5437558 0.2838747 0.5437473 0.2838748 0.5632236 0.6191228 0.6263518 0.6177965 0.6267634 0.6150177 0.6235728 0.6258126 0.6340327 0.6244863 0.6344442 0.6177965 0.6267634 0.2838747 0.5350875 0.2964756 0.5350875 0.2964756 0.5415646 0.2522021 0.5350879 0.2522021 0.5416215 0.2508898 0.5416211 0.165149 0.5803881 0.1661341 0.5712514 0.1675263 0.5714755 0.5929058 0.3645705 0.5896875 0.3645709 0.5896875 0.3621102 0.1647953 0.5710362 0.1652588 0.5711103 0.1642736 0.5802471 0.3900093 0.4341899 0.3907176 0.4253082 0.3913413 0.4279236 0.2838747 0.5437473 0.2964756 0.543727 0.2964756 0.5632214 0.2448936 0.5350875 0.2458048 0.5350875 0.2458048 0.5375507 0.7195411 0.3668067 0.7195411 0.3620317 0.7230969 0.3620317 0.7195411 0.3620317 0.7195411 0.3538921 0.723097 0.3538921 0.7195411 0.3538921 0.7195411 0.3445688 0.7230969 0.3445688 0.7195411 0.3445688 0.7195411 0.3365599 0.7230969 0.3365599 0.7195411 0.3365599 0.7195411 0.3320115 0.7230969 0.3320115 0.2439779 0.5350895 0.2448936 0.5350875 0.2448936 0.5375504 0.7266526 0.3320116 0.7266526 0.3367893 0.7230968 0.3367893 0.7266526 0.3367893 0.72652 0.3449949 0.7233331 0.3449949 0.72652 0.3449949 0.7266871 0.3541859 0.7235002 0.3541859 0.3059211 0.3579514 0.3061586 0.3663179 0.3047491 0.3691235 0.7235002 0.3541859 0.7266871 0.3541859 0.7266526 0.3622586 0.7266526 0.3622586 0.7266526 0.3668033 0.7230969 0.3668033 0.3025118 0.3889259 0.3018071 0.3841477 0.3030405 0.376294 0.6985883 0.3587372 0.702144 0.3587372 0.7021441 0.361944 0.6985883 0.361944 0.7021441 0.361944 0.7021441 0.3637651 0.2332487 0.744183 0.2344121 0.7473857 0.2344063 0.751303 0.2366342 0.7364892 0.2372144 0.7451569 0.2359716 0.7477459 0.3016535 0.3758597 0.3020923 0.366283 0.3031547 0.369141 0.3047223 0.3841156 0.3042077 0.3762812 0.3045735 0.372958 0.2337437 0.7625595 0.2346103 0.7547437 0.2349693 0.7567859 0.2357376 0.7313888 0.2354086 0.742263 0.2349907 0.7421664 0.236595 0.7632181 0.235684 0.7679011 0.2353872 0.7568823 0.3030058 0.3579834 0.3041493 0.3531848 0.3039783 0.3638965 0.3035788 0.3889141 0.3025118 0.3889259 0.3033226 0.3782072 0.3059211 0.3579514 0.3046877 0.365805 0.3044055 0.3638918 0.2332487 0.744183 0.2337829 0.7358308 0.234626 0.7440416 0.2372144 0.7451569 0.2372133 0.7548033 0.2359659 0.7516631 0.3016535 0.3758597 0.3029789 0.3729755 0.3030405 0.376294 0.3057132 0.3757584 0.3045735 0.372958 0.3047491 0.3691235 0.2337437 0.7625595 0.2332343 0.7539665 0.2344063 0.751303 0.2366342 0.7364892 0.2357677 0.7443051 0.2354086 0.742263 0.235684 0.7679011 0.2346404 0.76766 0.2349693 0.7567859 0.3030058 0.3579834 0.3035204 0.3658179 0.3031547 0.369141 0.3047223 0.3841156 0.3035788 0.3889141 0.3037499 0.3782024 0.3052164 0.3531731 0.3044055 0.3638918 0.3039783 0.3638965 0.2346939 0.7311478 0.2349907 0.7421664 0.234626 0.7440416 0.236595 0.7632181 0.2357519 0.7550073 0.2359659 0.7516631 0.6985883 0.3550043 0.702144 0.3550043 0.702144 0.3587372 0.6985883 0.3517451 0.702144 0.3517451 0.702144 0.3550043 0.6985883 0.3498333 0.7021441 0.3498333 0.702144 0.3517451 0.2465364 0.5350875 0.2465364 0.5375507 0.2461715 0.5375508 0.7056999 0.351653 0.7021441 0.351653 0.7021441 0.3498333 0.7056999 0.3548586 0.7021441 0.3548586 0.7021441 0.351653 0.7056999 0.3585913 0.7021441 0.3585913 0.7021441 0.3548586 0.7056999 0.3618508 0.7021441 0.3618508 0.7021441 0.3585913 0.7056999 0.3637638 0.7021441 0.3637638 0.7021441 0.3618508 0.2461715 0.5350875 0.2461715 0.5375504 0.2458048 0.5375512 0.2381998 0.7452625 0.2381987 0.7549089 0.2372133 0.7548033 0.8166658 0.3672987 0.8175265 0.3672987 0.8175265 0.3695064 0.3067151 0.3758667 0.3057132 0.3757584 0.3061586 0.3663179 0.7395812 0.3326076 0.7395816 0.3320115 0.7427681 0.3320115 0.7397921 0.3332256 0.7395812 0.3326076 0.7427677 0.3326076 0.3077538 0.375979 0.3067151 0.3758667 0.3071605 0.3664261 0.8157734 0.3672987 0.8166658 0.3672987 0.8166658 0.3695064 0.2392203 0.7453715 0.2392203 0.7550184 0.2381987 0.7549089 0.1761472 0.676672 0.1761472 0.6810411 0.1724429 0.6810411 0.4054018 0.4609001 0.4063693 0.4608898 0.4063693 0.4634557 0.1724428 0.7172306 0.1724428 0.7118989 0.1761472 0.7118989 0.1724428 0.7118989 0.1724428 0.7032222 0.1761472 0.7032222 0.1724428 0.7032222 0.1724428 0.6935252 0.1761471 0.6935252 0.1724428 0.6935252 0.1724428 0.6854063 0.1761471 0.6854063 0.1724428 0.6854063 0.1724427 0.6810411 0.1761471 0.6810411 0.2422648 0.535088 0.2432114 0.5350875 0.2432114 0.5376536 0.1761472 0.6448478 0.176009 0.6499264 0.1726889 0.6499264 0.176009 0.6499264 0.1761831 0.65842 0.172863 0.65842 0.390071 0.447008 0.3904234 0.4365878 0.391622 0.439535 0.172863 0.65842 0.1761831 0.65842 0.1761472 0.6685504 0.1761472 0.6685504 0.1761472 0.676672 0.1724428 0.676672 0.3944872 0.4269819 0.3946982 0.435393 0.393311 0.4388751 0.694884 0.3554422 0.6985883 0.3554422 0.6985883 0.3593248 0.694884 0.3593248 0.6985883 0.3593248 0.6985883 0.3625755 0.3856941 0.4755079 0.3845289 0.4778031 0.384224 0.4741415 0.3836477 0.4979777 0.3825057 0.4925647 0.3832778 0.4845302 0.3942894 0.4453601 0.3933702 0.4542127 0.3927792 0.4464105 0.3925824 0.4228223 0.3924638 0.4338418 0.3919901 0.4359904 0.3838542 0.460694 0.3837923 0.4718717 0.3833495 0.4716019 0.3855908 0.4941498 0.3847535 0.4986516 0.3841524 0.4870699 0.381911 0.464522 0.3830143 0.4734044 0.3828764 0.4767963 0.3921868 0.4595786 0.3910565 0.4600202 0.3918529 0.4487359 0.3944872 0.4269819 0.3932265 0.4355074 0.3929164 0.433665 0.3902822 0.4554191 0.390071 0.447008 0.3914583 0.4435258 0.3856941 0.4755079 0.3859351 0.4856785 0.3846254 0.4818754 0.3825057 0.4925647 0.3817428 0.48361 0.3829729 0.4808686 0.3942894 0.4453601 0.3931473 0.442866 0.393311 0.4388751 0.3913413 0.4279236 0.3919901 0.4359904 0.391622 0.439535 0.3849325 0.4663629 0.384224 0.4741415 0.3837923 0.4718717 0.3836477 0.4979777 0.3837096 0.4868 0.3841524 0.4870699 0.3827483 0.4600202 0.3833495 0.4716019 0.3830143 0.4734044 0.3933702 0.4542127 0.3921868 0.4595786 0.3923054 0.4485591 0.3925824 0.4228223 0.3937127 0.4223807 0.3929164 0.433665 0.3910565 0.4600202 0.3902822 0.4554191 0.3915428 0.4468935 0.3855908 0.4941498 0.3844876 0.4852673 0.3846254 0.4818754 0.3815668 0.4729932 0.3828764 0.4767963 0.3829729 0.4808686 0.694884 0.3519681 0.6985883 0.3519681 0.6985883 0.3554422 0.694884 0.3498333 0.6985883 0.3498333 0.6985883 0.3519681 0.2435988 0.5350874 0.2435988 0.5376533 0.2432114 0.5376574 0.6911795 0.3625757 0.6948839 0.3625757 0.6948839 0.3643251 0.6911795 0.3593237 0.6948839 0.3593237 0.6948839 0.3625757 0.6911795 0.3554407 0.6948839 0.3554407 0.6948839 0.3593237 0.6911795 0.3519669 0.6948839 0.3519669 0.6948839 0.3554407 0.6911795 0.3498333 0.6948839 0.3498333 0.6948839 0.3519669 0.2439779 0.5350875 0.2439779 0.5376537 0.2435988 0.5376539 0.694884 0.3625755 0.6985883 0.3625755 0.6985883 0.3643234 0.6282795 0.364406 0.6282795 0.3665684 0.6274212 0.3665683 0.1759713 0.6561439 0.1761831 0.65842 0.172863 0.65842 0.6269096 0.362135 0.6277551 0.3621283 0.6277551 0.3642752 0.6274212 0.3644025 0.6274212 0.3665683 0.626731 0.3665679 0.5928291 0.3664216 0.5896875 0.3664219 0.5896875 0.3645709 0.1727631 0.6561442 0.1726836 0.6543405 0.1758029 0.6543403 0.6283128 0.3642708 0.6277551 0.3642752 0.6277551 0.3621283 0.3878405 0.431554 0.388264 0.422588 0.3892561 0.4228339 0.3907176 0.4253082 0.3900093 0.4341899 0.3894703 0.4322655 0.3894703 0.4322655 0.3888239 0.4317924 0.3892561 0.4228339 0.3791153 0.4881877 0.3800877 0.4881437 0.3803682 0.4972982 0.3803682 0.4972982 0.3800877 0.4881437 0.3807321 0.4877943 0.3807321 0.4877943 0.381295 0.4859542 0.3818482 0.4950873 0.1761472 0.7032222 0.1759251 0.7036382 0.1727381 0.7036382 0.3856011 0.4656021 0.3858907 0.4750878 0.3856941 0.4755079 0.4054018 0.4660322 0.4054018 0.463466 0.4065287 0.4636706 0.3942894 0.4453601 0.3944851 0.4458138 0.3940382 0.4550966 0.3894894 0.5298742 0.3893055 0.5194813 0.3903515 0.5207282 0.3893055 0.5194813 0.3890481 0.5090816 0.390061 0.5092031 0.390061 0.5092031 0.3890481 0.5090816 0.3887907 0.4986819 0.3972992 0.4333431 0.397803 0.4231618 0.3987785 0.4243469 0.397803 0.4231618 0.3982322 0.4129723 0.3992595 0.413056 0.3986614 0.4027829 0.3997403 0.401765 0.3992595 0.413056 0.3905684 0.5283362 0.3905684 0.5173485 0.3937554 0.5173485 0.3905684 0.5173485 0.3905684 0.5063616 0.3937554 0.5063616 0.3905684 0.5063616 0.3905684 0.4953747 0.3937554 0.4953747 0.3905684 0.5262289 0.3905684 0.5163136 0.3937554 0.5163136 0.3905684 0.5163136 0.3905684 0.5063992 0.3937554 0.5063992 0.3905684 0.5063992 0.3905684 0.4964848 0.3937554 0.4964848 0.6284992 0.633199 0.627088 0.6336368 0.6203983 0.6259561 0.08774292 0.5586347 0.08815211 0.5548395 0.08912438 0.5549961 0.6569644 0.3267328 0.7195411 0.3267328 0.7195202 0.349833 0.16485 0.1111946 0.1659303 0.1009001 0.1662971 0.1009591 0.6561185 0.1206454 0.6556818 0.1246203 0.6554527 0.1211293 0.1454194 0.5261969 0.1455096 0.5286168 0.1449502 0.5316853 0.1464979 0.5396321 0.1468607 0.535509 0.1473991 0.5352788 0.1463283 0.5219616 0.1472041 0.5190584 0.1467825 0.523048 0.3016746 0.7260027 0.3016537 0.7029009 0.3642304 0.7029009 0.3016537 0.7029009 0.3016537 0.698677 0.3642304 0.698677 0.6535499 0.1076282 0.6536315 0.1116708 0.6531082 0.1119321 0.1477816 0.5265771 0.1476416 0.5308693 0.1470713 0.5320267 0.656688 0.1122362 0.6561651 0.111886 0.65625 0.1078576 0.3016537 0.6863389 0.3016536 0.6834841 0.3642303 0.6834841 0.6569644 0.3225071 0.6569644 0.3183268 0.7195411 0.3183268 0.6569644 0.3183268 0.6569644 0.3142712 0.7195411 0.3142712 0.6569644 0.3142712 0.6569644 0.3103626 0.7195411 0.3103626 0.6561185 0.1206454 0.6557618 0.1182937 0.6559957 0.1152652 0.1454194 0.5261969 0.1463283 0.5219616 0.1461555 0.5255954 0.2798268 0.7348675 0.2798268 0.7782176 0.2741569 0.7782176 0.6529924 0.1075809 0.6529924 0.08384144 0.653544 0.08388829 0.6556818 0.1246203 0.6550818 0.1277241 0.6550747 0.1238075 0.1476416 0.5308693 0.1473991 0.5352788 0.1468607 0.535509 0.3642304 0.6863389 0.3642304 0.6904508 0.3016537 0.6904508 0.3642304 0.6904508 0.3642304 0.6945006 0.3016537 0.6945006 0.3642304 0.6945006 0.3642304 0.698677 0.3016537 0.698677 0.7195411 0.3072863 0.7195411 0.3103626 0.6569644 0.3103626 0.723074 0.7371993 0.723074 0.7805494 0.7183099 0.7805494 0.7183099 0.7371993 0.7183099 0.7805494 0.7140319 0.7805494 0.7140319 0.7371993 0.7140319 0.7805494 0.7098003 0.7805494 0.7098003 0.7371993 0.7098003 0.7805494 0.7062158 0.7805494 0.2487589 0.5850263 0.2487589 0.6283764 0.2484488 0.6283764 0.2967154 0.7348675 0.2967154 0.7782176 0.2929041 0.7782176 0.2929041 0.7348675 0.2929041 0.7782176 0.2888804 0.7782176 0.2888804 0.7348675 0.2888804 0.7782176 0.2845957 0.7782176 0.2845957 0.7348675 0.2845957 0.7782176 0.2798268 0.7782176 0.1439442 0.5347228 0.1444154 0.5351155 0.1438919 0.5392127 0.2408089 0.734882 0.2741569 0.7348675 0.2741569 0.7782176 0.6541299 0.1247053 0.6543543 0.1211904 0.6547122 0.1237767 0.1477816 0.5265771 0.1471815 0.5288859 0.1471986 0.5259232 0.7287412 0.7371993 0.7287412 0.7805494 0.723074 0.7805494 0.1446447 0.5303868 0.1449502 0.5316853 0.1444154 0.5351155 0.1472041 0.5190584 0.1475709 0.5191174 0.1471323 0.5231043 0.6547018 0.1276918 0.6547122 0.1237767 0.6550747 0.1238075 0.6568075 0.1079049 0.65625 0.1078576 0.6562587 0.0841189 0.653671 0.1204375 0.6540296 0.1181465 0.6543543 0.1211904 0.1433539 0.5391261 0.1438919 0.5392127 0.1412703 0.5633888 0.147036 0.5397188 0.1444671 0.5639033 0.1438903 0.5638105 0.653671 0.1204375 0.6533439 0.1162456 0.6537981 0.1150785 0.656449 0.1165093 0.6559957 0.1152652 0.6561651 0.111886 0.1478022 0.5224234 0.1471986 0.5259232 0.1471323 0.5231043 0.6533439 0.1162456 0.6531082 0.1119321 0.6536315 0.1116708 0.762086 0.7372137 0.7620863 0.7806243 0.7287412 0.7805494 0.7195411 0.3225071 0.7195411 0.3267328 0.6569644 0.3267328 0.2390767 0.5119877 0.3016535 0.5119877 0.3016326 0.5350873 0.1472041 0.5190584 0.172076 0.2851324 0.1724427 0.2851914 0.1755516 0.1206478 0.1751097 0.1246224 0.1748852 0.1211314 0.1204454 0.5221775 0.1205356 0.5245973 0.1199763 0.5276659 0.121524 0.5356127 0.1218868 0.5314896 0.1224252 0.5312594 0.1213544 0.5179421 0.1222301 0.5150389 0.1218085 0.5190286 0.1763048 0.5383867 0.1762839 0.5152848 0.2388606 0.5152848 0.1762839 0.5152848 0.1762839 0.511061 0.2388606 0.511061 0.1730002 0.107629 0.1730765 0.1116716 0.1725529 0.1119326 0.1228076 0.5225576 0.1226676 0.5268498 0.1220973 0.5280072 0.1761323 0.112239 0.1756098 0.1118885 0.1757001 0.1078601 0.1762838 0.4987229 0.1762838 0.4958681 0.2388606 0.4958681 0.2390767 0.507762 0.2390767 0.5035816 0.3016535 0.5035816 0.2390767 0.5035816 0.2390767 0.4995261 0.3016535 0.4995261 0.2390767 0.4995261 0.2390767 0.4956175 0.3016535 0.4956175 0.1755516 0.1206478 0.175198 0.1182959 0.175436 0.1152675 0.1204454 0.5221775 0.1213544 0.5179421 0.1211815 0.5215759 0.8179578 0.7371955 0.8179578 0.7805456 0.8122879 0.7805456 0.1724428 0.1075813 0.1724691 0.08384144 0.1730199 0.08388859 0.1751097 0.1246224 0.1745055 0.1277258 0.1745036 0.1238093 0.1226676 0.5268498 0.1224252 0.5312594 0.1218868 0.5314896 0.2388606 0.4987229 0.2388606 0.5028347 0.1762838 0.5028347 0.2388606 0.5028347 0.2388606 0.5068845 0.1762839 0.5068845 0.2388606 0.5068845 0.2388606 0.511061 0.1762839 0.511061 0.3016535 0.4925411 0.3016535 0.4956175 0.2390767 0.4956175 0.4861886 0.7388349 0.4861886 0.782185 0.4814246 0.782185 0.4814246 0.7388349 0.4814246 0.782185 0.4771465 0.782185 0.4771465 0.7388349 0.4771465 0.782185 0.4729149 0.782185 0.4729149 0.7388349 0.4729149 0.782185 0.4693304 0.782185 0.2546214 0.5850271 0.2546214 0.6283772 0.2543113 0.6283772 0.8348464 0.7371955 0.8348464 0.7805456 0.8310351 0.7805456 0.8310351 0.7371955 0.8310351 0.7805456 0.8270114 0.7805456 0.8270114 0.7371955 0.8270114 0.7805456 0.8227267 0.7805456 0.8227267 0.7371955 0.8227267 0.7805456 0.8179578 0.7805456 0.1189702 0.5307034 0.1194415 0.531096 0.118918 0.5351933 0.7789399 0.73721 0.8122879 0.7371955 0.8122879 0.7805456 0.1735576 0.1247065 0.1737867 0.1211916 0.1741411 0.1237782 0.1228076 0.5225576 0.1222075 0.5248664 0.1222246 0.5219038 0.4918558 0.7388349 0.4918558 0.782185 0.4861886 0.782185 0.1196708 0.5263674 0.1199763 0.5276659 0.1194415 0.531096 0.1222301 0.5150389 0.1225969 0.5150979 0.1221584 0.5190848 0.1741256 0.1276933 0.1741411 0.1237782 0.1745036 0.1238093 0.1762835 0.08416789 0.1762574 0.1079078 0.1757001 0.1078601 0.1731044 0.1204383 0.173466 0.1181476 0.1737867 0.1211916 0.1183799 0.5351067 0.118918 0.5351933 0.1162907 0.5593684 0.1194409 0.5598754 0.1189084 0.5597897 0.121524 0.5356127 0.1731044 0.1204383 0.1727828 0.1162462 0.1732385 0.1150795 0.1758876 0.116512 0.175436 0.1152675 0.1756098 0.1118885 0.1228283 0.518404 0.1222246 0.5219038 0.1221584 0.5190848 0.1727828 0.1162462 0.1725529 0.1119326 0.1730765 0.1116716 0.5252005 0.7388494 0.5252007 0.7822598 0.4918558 0.782185 0.3016535 0.507762 0.3016535 0.5119877 0.2390767 0.5119877 0.1378812 0.6249834 0.1389268 0.6152858 0.1404416 0.6155295 0.6468439 0.6275061 0.6401542 0.6198253 0.6407037 0.6196547 0.2591941 0.535089 0.2591941 0.5416226 0.2586832 0.5416224 0.1455727 0.5679423 0.1440579 0.5676985 0.1444671 0.5639033 0.1423835 0.5975198 0.1408687 0.597276 0.1426679 0.5805897 0.4418454 0.6326209 0.4412946 0.6327894 0.4291871 0.618716 0.3937649 0.5324433 0.3961324 0.5324433 0.3961318 0.5333729 0.3656942 0.3726853 0.3662891 0.3727489 0.3658404 0.3822448 0.6407037 0.6196547 0.6401542 0.6198253 0.6373754 0.6166347 0.602153 0.6562533 0.61374 0.6562533 0.61374 0.6566074 0.7938423 0.5827583 0.7938576 0.5653662 0.8014246 0.5653709 0.2591941 0.5416226 0.2591941 0.5437561 0.2586832 0.543756 0.1404416 0.6155295 0.1389268 0.6152858 0.1408687 0.597276 0.1426679 0.5805897 0.1430727 0.5768352 0.1445875 0.577079 0.2591941 0.5828788 0.2591941 0.5850273 0.2586832 0.5850272 0.6136828 0.3643937 0.6150251 0.3643915 0.6150251 0.3665992 0.3652455 0.3821806 0.3658404 0.3822448 0.3650047 0.3999179 0.1430727 0.5768352 0.1440579 0.5676985 0.1455727 0.5679423 0.6495929 0.6306623 0.6468439 0.6275061 0.6473934 0.6273356 0.6501424 0.6304919 0.6473934 0.6273356 0.6498894 0.6265611 0.3625431 0.3818891 0.3652455 0.3821806 0.3644098 0.3998537 0.2586832 0.5828787 0.2586832 0.5850272 0.2563622 0.5850264 0.2586832 0.5416224 0.2586832 0.543756 0.2563622 0.5437552 0.602153 0.6566074 0.61374 0.6566074 0.61374 0.6582158 0.6431996 0.6188802 0.6407037 0.6196547 0.6379249 0.6164641 0.3629916 0.3723964 0.3656942 0.3726853 0.3652455 0.3821806 0.4418454 0.6326209 0.4297379 0.6185476 0.4322399 0.6177824 0.2586832 0.5350888 0.2586832 0.5416224 0.2563622 0.5416217 0.6498894 0.6265611 0.6473934 0.6273356 0.6407037 0.6196547 0.1378812 0.6249834 0.1373044 0.6248905 0.13835 0.6151929 0.1434811 0.5676057 0.1438903 0.5638105 0.1444671 0.5639033 0.1408687 0.597276 0.1402919 0.5971831 0.1420911 0.5804968 0.3937652 0.5320894 0.3961327 0.5320894 0.3961324 0.5324433 0.4635298 0.3620627 0.4636821 0.08384144 0.4667709 0.08384233 0.13835 0.6151929 0.1402919 0.5971831 0.1408687 0.597276 0.1426679 0.5805897 0.1420911 0.5804968 0.1424959 0.5767424 0.652672 0.3621102 0.6494851 0.3621102 0.6498054 0.083889 0.1424959 0.5767424 0.1434811 0.5676057 0.1440579 0.5676985 0.6498894 0.6265611 0.6431996 0.6188802 0.6437069 0.6187228 0.2563622 0.5350881 0.2563622 0.5416217 0.2558906 0.5416215 0.4448558 0.6317003 0.4443474 0.6318557 0.4322399 0.6177824 0.3624424 0.3723376 0.3629916 0.3723964 0.3625431 0.3818891 0.6437069 0.6187228 0.6431996 0.6188802 0.6404208 0.6156896 0.602153 0.6582158 0.61374 0.6582158 0.61374 0.6585426 0.2563622 0.5416217 0.2563622 0.5437552 0.2558906 0.543755 0.2563622 0.5828779 0.2563622 0.5850264 0.2558906 0.5850263 0.3619939 0.3818299 0.3625431 0.3818891 0.3617074 0.3995621 0.6526383 0.6297172 0.6498894 0.6265611 0.6503966 0.6264036 0.1373044 0.6248905 0.1346845 0.6244689 0.13573 0.6147713 0.1408611 0.567184 0.1412703 0.5633888 0.1438903 0.5638105 0.1402919 0.5971831 0.137672 0.5967615 0.1394712 0.5800752 0.3937662 0.5304815 0.3961338 0.5304815 0.3961327 0.5320894 0.4320271 0.3620665 0.4037402 0.3620811 0.4034196 0.08388549 0.13573 0.6147713 0.137672 0.5967615 0.1402919 0.5971831 0.1420911 0.5804968 0.1394712 0.5800752 0.139876 0.5763207 0.1123225 0.6208698 0.1128549 0.6209555 0.08142071 0.9121301 0.139876 0.5763207 0.1408611 0.567184 0.1434811 0.5676057 0.6545104 0.6291363 0.6531456 0.6295599 0.6503966 0.6264036 0.3619939 0.3818299 0.3611583 0.3995029 0.3596805 0.3993435 0.2558906 0.5828778 0.2558906 0.5850263 0.2546214 0.5850258 0.2558906 0.5416215 0.2558906 0.543755 0.2546214 0.5437546 0.602153 0.6585426 0.61374 0.6585426 0.61374 0.659422 0.6437069 0.6187228 0.640928 0.6155323 0.6422929 0.6151086 0.3609647 0.3721796 0.3624424 0.3723376 0.3619939 0.3818299 0.4448558 0.6317003 0.4327484 0.6176269 0.4341165 0.6172085 0.2558906 0.5350878 0.2558906 0.5416215 0.2546214 0.5416211 0.6517614 0.6259801 0.6503966 0.6264036 0.6437069 0.6187228 0.1346845 0.6244689 0.134152 0.6243831 0.1351976 0.6146855 0.1403287 0.5670984 0.1407379 0.5633031 0.1412703 0.5633888 0.137672 0.5967615 0.1371396 0.5966758 0.1389387 0.5799894 0.3937665 0.5301547 0.396134 0.5301547 0.3961338 0.5304815 0.1097047 0.6204485 0.1123225 0.6208698 0.08088827 0.9120445 0.1351976 0.6146855 0.1371396 0.5966758 0.137672 0.5967615 0.1389387 0.5799894 0.1393436 0.576235 0.139876 0.5763207 0.1091731 0.620363 0.1097047 0.6204485 0.07827055 0.9116232 0.139876 0.5763207 0.1393436 0.576235 0.1403287 0.5670984 0.6706857 0.6201074 0.6639959 0.6124265 0.6645032 0.6122691 0.6881079 0.6945813 0.6786765 0.6945813 0.6786767 0.6942545 0.4657024 0.6253249 0.4651939 0.6254804 0.4530864 0.6114071 0.3399249 0.3699302 0.3404741 0.3699889 0.3400269 0.3794602 0.6639959 0.6124265 0.6612171 0.609236 0.6617243 0.6090785 0.6021531 0.6716164 0.61374 0.6716164 0.61374 0.6719434 0.6786765 0.6945813 0.6755967 0.6945813 0.675597 0.6942545 0.6191223 0.6945813 0.6160209 0.6945813 0.6160211 0.6942545 0.3394777 0.379401 0.3400269 0.3794602 0.3391912 0.3971333 0.6734346 0.6232636 0.6706857 0.6201074 0.6711929 0.6199499 0.1144012 0.6212044 0.1128549 0.6209555 0.1139006 0.6112579 0.1205779 0.5639194 0.1190316 0.5636706 0.1194409 0.5598754 0.1158425 0.5932481 0.1176416 0.5765617 0.1191879 0.5768106 0.3937757 0.5170848 0.3961431 0.5170848 0.3961425 0.5180338 0.7488241 0.3431714 0.7488241 0.348558 0.7473776 0.3484362 0.1139006 0.6112579 0.1158425 0.5932481 0.1173887 0.5934969 0.1191879 0.5768106 0.1176416 0.5765617 0.1180465 0.5728073 0.6123126 0.3643938 0.6136828 0.3643915 0.6136828 0.3665993 0.1180465 0.5728073 0.1190316 0.5636706 0.1205779 0.5639194 0.6739419 0.6231061 0.6711929 0.6199499 0.6736868 0.619176 0.3367776 0.3791097 0.3394777 0.379401 0.338642 0.3970741 0.6191225 0.6942545 0.6160211 0.6942545 0.6160222 0.6926479 0.6786767 0.6942545 0.675597 0.6942545 0.675598 0.6926479 0.6021531 0.6719434 0.61374 0.6719434 0.61374 0.6735504 0.666997 0.6114951 0.6645032 0.6122691 0.6617243 0.6090785 0.3372246 0.3696416 0.3399249 0.3699302 0.3394777 0.379401 0.4657024 0.6253249 0.4535949 0.6112515 0.4560948 0.610487 0.6881082 0.6942545 0.6786767 0.6942545 0.6786778 0.6926479 0.6736868 0.619176 0.6711929 0.6199499 0.6645032 0.6122691 0.1123225 0.6208698 0.1133682 0.6111722 0.1139006 0.6112579 0.1190316 0.5636706 0.1184992 0.5635849 0.1189084 0.5597897 0.11531 0.5931624 0.1171092 0.576476 0.1176416 0.5765617 0.3937759 0.5167581 0.3961434 0.5167581 0.3961431 0.5170848 0.3656942 0.3726853 0.3791667 0.08694422 0.3797617 0.08700788 0.1133682 0.6111722 0.11531 0.5931624 0.1158425 0.5932481 0.1176416 0.5765617 0.1171092 0.576476 0.1175141 0.5727216 0.3624424 0.3723376 0.375915 0.08659654 0.3764642 0.08665531 0.1180465 0.5728073 0.1175141 0.5727216 0.1184992 0.5635849 0.6741932 0.6190189 0.6736868 0.619176 0.666997 0.6114951 0.6881092 0.6926479 0.6786778 0.6926479 0.678678 0.6923218 0.4682022 0.6245604 0.4560948 0.610487 0.4566025 0.6103318 0.3366763 0.3695829 0.3372246 0.3696416 0.3367776 0.3791097 0.666997 0.6114951 0.6642182 0.6083046 0.6647247 0.6081475 0.6021531 0.6735504 0.61374 0.6735504 0.61374 0.6738767 0.6786778 0.6926479 0.675598 0.6926479 0.6755983 0.6923218 0.6191236 0.6926479 0.6160222 0.6926479 0.6160225 0.6923218 0.3367776 0.3791097 0.3359419 0.3967828 0.3353936 0.3967236 0.6764357 0.6223323 0.6736868 0.619176 0.6741932 0.6190189 0.1123225 0.6208698 0.1097047 0.6204485 0.1107504 0.6107509 0.1184992 0.5635849 0.1158815 0.5631636 0.1162907 0.5593684 0.11531 0.5931624 0.1126922 0.592741 0.1144915 0.5760547 0.393777 0.5151516 0.3961445 0.5151516 0.3961434 0.5167581 0.3629916 0.3723964 0.3764642 0.08665531 0.3791667 0.08694422 0.1107504 0.6107509 0.1126922 0.592741 0.11531 0.5931624 0.1171092 0.576476 0.1144915 0.5760547 0.1148963 0.5723003 0.5896874 0.3620626 0.5900077 0.08384144 0.5930814 0.08384317 0.1148963 0.5723003 0.1158815 0.5631636 0.1184992 0.5635849 0.6773634 0.6220445 0.6769422 0.6221751 0.6741932 0.6190189 0.3357732 0.3790014 0.3362293 0.3790506 0.3353936 0.3967236 0.6191239 0.6923218 0.6160225 0.6923218 0.6160227 0.6920505 0.678678 0.6923218 0.6755983 0.6923218 0.6755985 0.6920505 0.6021531 0.6738767 0.61374 0.6738767 0.61374 0.6741481 0.6675035 0.611338 0.6647247 0.6081475 0.6651459 0.6080167 0.3362202 0.3695344 0.3366763 0.3695829 0.3362293 0.3790506 0.4691322 0.6242759 0.4687099 0.6244052 0.4566025 0.6103318 0.6881095 0.6923218 0.678678 0.6923218 0.6786782 0.6920503 0.6746144 0.6188881 0.6741932 0.6190189 0.6675035 0.611338 0.1097047 0.6204485 0.1091731 0.620363 0.1102188 0.6106653 0.1158815 0.5631636 0.1153498 0.5630781 0.1157591 0.5592828 0.1126922 0.592741 0.1121607 0.5926555 0.1139599 0.5759692 0.3937772 0.5148254 0.3961447 0.5148254 0.3961445 0.5151516 0.5267651 0.3620571 0.5266126 0.08386141 0.5297995 0.08386141 0.1107504 0.6107509 0.1102188 0.6106653 0.1121607 0.5926555 0.1144915 0.5760547 0.1139599 0.5759692 0.1143647 0.5722147 0.5264603 0.3620862 0.5232734 0.3620862 0.5234256 0.08386498 0.1143647 0.5722147 0.1153498 0.5630781 0.1158815 0.5631636 0.2539864 0.5850271 0.2543113 0.5850272 0.2543113 0.6283716 0.1659303 0.1009001 0.1665045 0.09610813 0.1667506 0.09714627 0.6569644 0.3072863 0.6569644 0.08384144 0.7195411 0.08384144 0.2390767 0.1068358 0.2390767 0.09700453 0.3016535 0.09700453 0.6547018 0.1276918 0.6550818 0.1277241 0.6546308 0.3573141 0.172498 0.5239744 0.172878 0.5240069 0.1728303 0.534107 0.3016536 0.6834841 0.3016535 0.4600202 0.3642302 0.4600202 0.1762836 0.1101308 0.1762836 0.1002988 0.2388603 0.1002988 0.1724428 0.6034658 0.1729539 0.6034649 0.172954 0.6231161 0.1724428 0.601258 0.1729539 0.6012572 0.1729539 0.6034649 0.1729539 0.6034649 0.1752756 0.603461 0.1752756 0.6231158 0.1729539 0.6012572 0.1752756 0.6012533 0.1752756 0.603461 0.1752756 0.603461 0.1757473 0.6034602 0.1757474 0.6231157 0.1752756 0.6012533 0.1757473 0.6012524 0.1757473 0.6034602 0.2967377 0.5872457 0.2972095 0.5872449 0.2972096 0.6070267 0.2967377 0.585038 0.2972095 0.5850371 0.2972095 0.5872449 0.2972095 0.5872449 0.2995292 0.5872409 0.2995293 0.6070263 0.2972095 0.5850371 0.2995292 0.5850332 0.2995292 0.5872409 0.2995292 0.5872409 0.3000003 0.5872402 0.3000004 0.6070262 0.2995292 0.5850332 0.3000003 0.5850325 0.3000003 0.5872402 0.5581906 0.3620505 0.529952 0.3620571 0.5297995 0.08386141 0.3366763 0.3695829 0.3501475 0.08384144 0.3506959 0.08390003 0.3372246 0.3696416 0.3506959 0.08390003 0.3533961 0.08418875 0.1346845 0.6244689 0.1373044 0.6248905 0.1058711 0.9160657 0.134152 0.6243831 0.1346845 0.6244689 0.1032511 0.9156441 0.4005532 0.3620811 0.4002327 0.08388549 0.4034196 0.08388549 0.3399249 0.3699302 0.3533961 0.08418875 0.3539453 0.08424746 0.1373044 0.6248905 0.1378812 0.6249834 0.1064479 0.9161586 0.1623289 0.5799345 0.1633141 0.5707978 0.1647953 0.5710362 0.6176937 0.3643937 0.6190063 0.3643915 0.6190063 0.3665992 0.1634054 0.5839273 0.1619241 0.5836889 0.1623289 0.5799345 0.158183 0.618385 0.1601249 0.6003752 0.1616061 0.6006135 0.7419294 0.6107102 0.7405131 0.6105577 0.7405131 0.6050562 0.3937566 0.5442607 0.3961241 0.5442607 0.3961235 0.5451697 0.1616061 0.6006135 0.1601249 0.6003752 0.1619241 0.5836889 0.1633141 0.5707978 0.1637233 0.5670025 0.1652045 0.567241 0.1571373 0.6280825 0.158183 0.618385 0.1596642 0.6186234 0.628799 0.633106 0.6284992 0.633199 0.6218094 0.6255181 0.3972122 0.6553347 0.3800774 0.6541487 0.3857585 0.6374196 0.423206 0.6383213 0.4229055 0.6384132 0.410798 0.6243398 0.3858276 0.3748378 0.3861522 0.3748725 0.3857024 0.3843873 0.6221092 0.6254251 0.6218094 0.6255181 0.6190306 0.6223276 0.602153 0.6444323 0.6137399 0.6444323 0.6137399 0.6446256 0.4509301 0.6994397 0.4512634 0.6973183 0.4550957 0.6978854 0.5236048 0.6457714 0.5199462 0.6461409 0.5219386 0.6393855 0.3853777 0.3843523 0.3857024 0.3843873 0.3848667 0.4020603 0.6312481 0.6363552 0.6284992 0.633199 0.628799 0.633106 0.6328108 0.6358702 0.6315479 0.6362622 0.628799 0.633106 0.3853777 0.3843523 0.3845421 0.4020254 0.3831747 0.4018778 0.249574 0.5828777 0.249574 0.5850263 0.2483997 0.5850259 0.249574 0.5416215 0.249574 0.543755 0.2483997 0.5437546 0.602153 0.6446256 0.6137399 0.6446256 0.6137399 0.6454393 0.6221092 0.6254251 0.6193304 0.6222346 0.6205933 0.6218426 0.3844602 0.3746916 0.3858276 0.3748378 0.3853777 0.3843523 0.423206 0.6383213 0.4110985 0.6242479 0.4123645 0.6238608 0.249574 0.5350878 0.249574 0.5416215 0.2483997 0.5416211 0.6300619 0.632714 0.628799 0.633106 0.6221092 0.6254251 0.1620142 0.5798838 0.1629993 0.5707471 0.1633141 0.5707978 0.8001837 0.1515263 0.8001675 0.149246 0.802698 0.1492439 0.1619241 0.5836889 0.1616094 0.5836382 0.1620142 0.5798838 0.1578683 0.6183343 0.1598102 0.6003245 0.1601249 0.6003752 0.4003416 0.7283453 0.4003256 0.7457374 0.3977948 0.7457354 0.3937568 0.5440675 0.3961243 0.5440675 0.3961241 0.5442607 0.1598102 0.6003245 0.1616094 0.5836382 0.1619241 0.5836889 0.1629993 0.5707471 0.1634085 0.5669519 0.1637233 0.5670025 0.1568226 0.6280319 0.1578683 0.6183343 0.158183 0.618385 0.6303846 0.6326139 0.6300619 0.632714 0.6233721 0.6250331 0.4444867 0.7404744 0.4448222 0.7383381 0.4623028 0.7383663 0.4247955 0.6378353 0.4244719 0.6379342 0.4123645 0.6238608 0.3841108 0.3746542 0.3844602 0.3746916 0.3840104 0.3842048 0.6233721 0.6250331 0.6205933 0.6218426 0.620916 0.6217425 0.602153 0.6454393 0.6137399 0.6454393 0.6137399 0.6456473 0.4266307 0.738338 0.4293447 0.7210542 0.4410746 0.7213094 0.4293447 0.7210542 0.4296996 0.7187942 0.4406775 0.7190791 0.383661 0.3841671 0.3840104 0.3842048 0.3831747 0.4018778 0.6331335 0.6357701 0.6328108 0.6358702 0.6300619 0.632714 0.1606886 0.5796704 0.1616737 0.5705338 0.1629993 0.5707471 0.1750604 0.5948818 0.1762351 0.5948799 0.1762351 0.5970876 0.1602838 0.5834249 0.1606886 0.5796704 0.1620142 0.5798838 0.1578683 0.6183343 0.1565427 0.6181209 0.1584846 0.6001111 0.79891 0.6089819 0.7989251 0.6263739 0.7913587 0.6263783 0.3937574 0.543254 0.3961248 0.543254 0.3961243 0.5440675 0.1598102 0.6003245 0.1584846 0.6001111 0.1602838 0.5834249 0.1629993 0.5707471 0.1616737 0.5705338 0.162083 0.5667386 0.155497 0.6278186 0.1565427 0.6181209 0.1578683 0.6183343 0.6345108 0.6353427 0.6331335 0.6357701 0.6303846 0.6326139 0.383661 0.3841671 0.3828253 0.4018402 0.3813341 0.4016793 0.2521706 0.6328174 0.2521706 0.6349659 0.2508899 0.6349655 0.2521706 0.5915612 0.2521706 0.5936947 0.2508898 0.5936942 0.602153 0.6456473 0.6137399 0.6456473 0.6137399 0.6465347 0.6236948 0.624933 0.620916 0.6217425 0.6222933 0.621315 0.3826195 0.3744948 0.3841108 0.3746542 0.383661 0.3841671 0.4247955 0.6378353 0.412688 0.6237618 0.4140686 0.6233397 0.2521706 0.5850275 0.2521706 0.5915612 0.2508898 0.5915607 0.6317619 0.6321865 0.6303846 0.6326139 0.6236948 0.624933 0.1603498 0.5796159 0.1613349 0.5704793 0.1616737 0.5705338 0.8001514 0.1296647 0.8026819 0.1296626 0.802698 0.1492439 0.159945 0.5833703 0.1603498 0.5796159 0.1606886 0.5796704 0.1562039 0.6180664 0.1581458 0.6000567 0.1584846 0.6001111 0.1216136 0.6223651 0.1219169 0.622414 0.121719 0.6242489 0.3937575 0.5430461 0.396125 0.5430461 0.3961248 0.543254 0.1581458 0.6000567 0.159945 0.5833703 0.1602838 0.5834249 0.1616737 0.5705338 0.1613349 0.5704793 0.1617442 0.5666841 0.1551583 0.627764 0.1562039 0.6180664 0.1565427 0.6181209 0.6320569 0.6320949 0.6317619 0.6321865 0.6250721 0.6245055 0.4296996 0.7187942 0.4327387 0.6994397 0.4372768 0.6999787 0.4264718 0.6373226 0.426176 0.637413 0.4140686 0.6233397 0.3823 0.3744606 0.3826195 0.3744948 0.3821698 0.3840063 0.6250721 0.6245055 0.6222933 0.621315 0.6225883 0.6212236 0.602153 0.6465347 0.6137399 0.6465347 0.6137399 0.6467248 0.2967374 0.5915669 0.2930859 0.5919392 0.2950699 0.5851839 0.2786331 0.5915669 0.2749819 0.5919393 0.2769656 0.585184 0.3821698 0.3840063 0.3813341 0.4016793 0.3810147 0.4016448 0.6348059 0.6352512 0.6345108 0.6353427 0.6317619 0.6321865 0.1603498 0.5796159 0.1589041 0.5793833 0.1598892 0.5702466 0.623129 0.3621124 0.6244101 0.3621102 0.6244101 0.364318 0.1584993 0.5831376 0.1589041 0.5793833 0.1603498 0.5796159 0.1562039 0.6180664 0.1547582 0.6178337 0.1567001 0.599824 0.8047139 0.6897553 0.8047276 0.7093294 0.7971612 0.709333 0.3937581 0.5421589 0.3961256 0.5421589 0.396125 0.5430461 0.1581458 0.6000567 0.1567001 0.599824 0.1584993 0.5831376 0.1613349 0.5704793 0.1598892 0.5702466 0.1602985 0.5664513 0.1537126 0.6275313 0.1547582 0.6178337 0.1562039 0.6180664 0.6362209 0.634812 0.6348059 0.6352512 0.6320569 0.6320949 0.3818504 0.3839718 0.3810147 0.4016448 0.3794826 0.4014796 0.2508899 0.5828778 0.2508899 0.5850263 0.249574 0.5850258 0.2508898 0.5416215 0.2508898 0.543755 0.249574 0.5437546 0.602153 0.6467248 0.6137399 0.6467248 0.6137399 0.6476367 0.6253672 0.6244141 0.6225883 0.6212236 0.6240034 0.6207844 0.3807679 0.3742969 0.3823 0.3744606 0.3818504 0.3839718 0.4264718 0.6373226 0.4143643 0.6232492 0.4157828 0.6228154 0.2508898 0.5350879 0.2508898 0.5416215 0.249574 0.5416211 0.6334719 0.6316558 0.6320569 0.6320949 0.6253672 0.6244141 0.1585944 0.5793334 0.1595796 0.5701968 0.1598892 0.5702466 0.7989118 0.5217499 0.8014423 0.5217478 0.8014582 0.53914 0.1581896 0.5830878 0.1585944 0.5793334 0.1589041 0.5793833 0.1547582 0.6178337 0.1544485 0.6177839 0.1563904 0.5997741 0.6061186 0.7322961 0.6061165 0.7344458 0.6035858 0.7344437 0.3937582 0.5419688 0.3961257 0.5419688 0.3961256 0.5421589 0.1567001 0.599824 0.1563904 0.5997741 0.1581896 0.5830878 0.1598892 0.5702466 0.1595796 0.5701968 0.1599888 0.5664016 0.1534029 0.6274815 0.1544485 0.6177839 0.1547582 0.6178337 0.6334719 0.6316558 0.6267822 0.6239749 0.627077 0.6238834 0.5627906 0.6904973 0.5456474 0.6893081 0.5513285 0.6725788 0.4281857 0.6367984 0.4278903 0.6368888 0.4157828 0.6228154 0.3804487 0.3742627 0.3807679 0.3742969 0.3803183 0.3838065 0.6267822 0.6239749 0.6240034 0.6207844 0.6242982 0.6206929 0.602153 0.6476367 0.6137399 0.6476367 0.6137399 0.6478267 0.7857403 0.6940414 0.7867639 0.6875455 0.7883654 0.6877166 0.1263474 0.560987 0.1276964 0.5478604 0.127981 0.5480842 0.3799992 0.3837721 0.3803183 0.3838065 0.3794826 0.4014796 0.6365157 0.6347206 0.6362209 0.634812 0.6334719 0.6316558 0.1571091 0.5790944 0.1580942 0.5699577 0.1595796 0.5701968 0.6165974 0.3621125 0.6179136 0.3621103 0.6179136 0.364318 0.1567043 0.5828487 0.1571091 0.5790944 0.1585944 0.5793334 0.1544485 0.6177839 0.1529632 0.6175449 0.1549051 0.599535 0.7951176 0.1253053 0.7951322 0.1079134 0.8026992 0.1079179 0.3937588 0.5410574 0.3961264 0.5410574 0.3961257 0.5419688 0.1563904 0.5997741 0.1549051 0.599535 0.1567043 0.5828487 0.1595796 0.5701968 0.1580942 0.5699577 0.1585035 0.5661625 0.1519175 0.6272425 0.1529632 0.6175449 0.1544485 0.6177839 0.6365157 0.6347206 0.6337667 0.6315644 0.6352066 0.6311175 0.3799992 0.3837721 0.3791635 0.4014452 0.3776045 0.401277 0.3991731 0.5577494 0.3991731 0.5598979 0.3978341 0.5598975 0.3991731 0.5164932 0.3991731 0.5186267 0.3978341 0.5186263 0.602153 0.6478267 0.6137399 0.6478267 0.6137399 0.6487545 0.627077 0.6238834 0.6242982 0.6206929 0.625738 0.6202461 0.3788896 0.374096 0.3804487 0.3742627 0.3799992 0.3837721 0.4281857 0.6367984 0.4160783 0.622725 0.4175217 0.6222836 0.3991731 0.5099596 0.3991731 0.5164932 0.3978341 0.5164927 0.6352066 0.6311175 0.6337667 0.6315644 0.627077 0.6238834 0.1571091 0.5790944 0.1567996 0.5790446 0.1577848 0.5699079 0.3572567 0.3717832 0.3569475 0.3717501 0.3570326 0.3699496 0.1563948 0.582799 0.1567996 0.5790446 0.1571091 0.5790944 0.1526538 0.6174951 0.1545956 0.5994853 0.1549051 0.599535 0.7951313 0.1951371 0.7926006 0.195135 0.792616 0.1928548 0.393759 0.5408674 0.3961265 0.5408674 0.3961264 0.5410574 0.1545956 0.5994853 0.1563948 0.582799 0.1567043 0.5828487 0.1580942 0.5699577 0.1577848 0.5699079 0.158194 0.5661126 0.1516081 0.6271926 0.1526538 0.6174951 0.1529632 0.6175449 0.6354899 0.6310296 0.6352066 0.6311175 0.6285169 0.6234366 0.6546375 0.6112778 0.6543484 0.6113675 0.6534678 0.6103504 0.4299131 0.6362702 0.4296291 0.636357 0.4175217 0.6222836 0.3785829 0.3740633 0.3788896 0.374096 0.3784402 0.3836039 0.6285169 0.6234366 0.625738 0.6202461 0.6260213 0.6201582 0.602153 0.6487545 0.6137399 0.6487545 0.6137399 0.648937 0.1511242 0.5649748 0.1524738 0.5518429 0.1527755 0.5520803 0.4448222 0.7383381 0.4475361 0.7210543 0.459266 0.7213096 0.3784402 0.3836039 0.3776045 0.401277 0.3772978 0.4012439 0.6379556 0.6342737 0.6352066 0.6311175 0.6354899 0.6310296 0.1552882 0.5788013 0.1562734 0.5696646 0.1577848 0.5699079 0.615258 0.3621125 0.6165974 0.3621103 0.6165974 0.364318 0.1563948 0.582799 0.1548834 0.5825557 0.1552882 0.5788013 0.1526538 0.6174951 0.1511423 0.6172518 0.1530842 0.599242 0.8292766 0.4998831 0.8292772 0.5194197 0.8217109 0.5194198 0.3937596 0.5399399 0.3961272 0.5399399 0.3961265 0.5408674 0.1545956 0.5994853 0.1530842 0.599242 0.1548834 0.5825557 0.1577848 0.5699079 0.1562734 0.5696646 0.1566826 0.5658694 0.1500967 0.6269493 0.1511423 0.6172518 0.1526538 0.6174951 0.6382389 0.6341858 0.6354899 0.6310296 0.6368472 0.6306084 0.3766639 0.3834123 0.3781335 0.3835708 0.3772978 0.4012439 0.2534328 0.6328174 0.2534328 0.6349659 0.2521706 0.6349655 0.2534328 0.5915612 0.2534328 0.5936947 0.2521706 0.5936942 0.602153 0.648937 0.6137399 0.648937 0.6137399 0.6498116 0.6288002 0.6233487 0.6260213 0.6201582 0.6273786 0.6197369 0.3771133 0.3739061 0.3785829 0.3740633 0.3781335 0.3835708 0.4312736 0.635854 0.4299131 0.6362702 0.4178056 0.6221967 0.2534328 0.5850275 0.2534328 0.5915612 0.2521706 0.5915607 0.6368472 0.6306084 0.6354899 0.6310296 0.6288002 0.6233487 0.1549909 0.5787535 0.155976 0.5696168 0.1562734 0.5696646 0.8001933 0.3433546 0.8027238 0.3433525 0.8027254 0.345502 0.1548834 0.5825557 0.154586 0.5825079 0.1549909 0.5787535 0.1511423 0.6172518 0.1508449 0.617204 0.1527869 0.5991941 0.1568226 0.6280319 0.1571373 0.6280825 0.1569395 0.6299174 0.3937598 0.5397574 0.3961273 0.5397574 0.3961272 0.5399399 0.1527869 0.5991941 0.154586 0.5825079 0.1548834 0.5825557 0.1562734 0.5696646 0.155976 0.5696168 0.1563853 0.5658215 0.1497993 0.6269015 0.1508449 0.617204 0.1511423 0.6172518 0.6368472 0.6306084 0.6301574 0.6229274 0.6304404 0.6228397 0.5627905 0.6731116 0.5513285 0.6725788 0.5520713 0.6703913 0.4312736 0.635854 0.4191662 0.6217806 0.4194498 0.621694 0.3768069 0.3738734 0.3771133 0.3739061 0.3766639 0.3834123 0.6304404 0.6228397 0.6301574 0.6229274 0.6273786 0.6197369 0.602153 0.6498116 0.6137399 0.6498116 0.6137399 0.6499939 0.5124754 0.6956781 0.5134952 0.6891819 0.5150989 0.6893592 0.5627905 0.6708381 0.5520713 0.6703913 0.5584332 0.6516577 0.3766639 0.3834123 0.3758283 0.4010854 0.3755219 0.4010523 0.6398791 0.6336768 0.6395961 0.6337646 0.6368472 0.6306084 0.1535661 0.5785241 0.1545513 0.5693874 0.155976 0.5696168 0.6244101 0.3621124 0.6256726 0.3621103 0.6256726 0.364318 0.154586 0.5825079 0.1531614 0.5822785 0.1535661 0.5785241 0.1494202 0.6169746 0.1513621 0.5989648 0.1527869 0.5991941 0.7360627 0.3629117 0.7345641 0.3627495 0.7345641 0.357248 0.3937604 0.5388831 0.3961279 0.5388831 0.3961273 0.5397574 0.1513621 0.5989648 0.1531614 0.5822785 0.154586 0.5825079 0.155976 0.5696168 0.1545513 0.5693874 0.1549605 0.5655922 0.1483746 0.6266723 0.1494202 0.6169746 0.1508449 0.617204 0.6412819 0.6332414 0.6398791 0.6336768 0.6371301 0.6305206 0.3748387 0.3832154 0.3763576 0.3833793 0.3755219 0.4010523 0.4042353 0.6093766 0.4042353 0.6115251 0.4029307 0.6115246 0.4042353 0.5681204 0.4042353 0.5702539 0.4029307 0.5702534 0.602153 0.6499939 0.6137399 0.6499939 0.6137399 0.6508979 0.6318432 0.6224043 0.6304404 0.6228397 0.6276615 0.6196492 0.375288 0.3737109 0.3768069 0.3738734 0.3763576 0.3833793 0.4329635 0.6353372 0.4315572 0.6357674 0.4194498 0.621694 0.4042353 0.5615867 0.4042353 0.5681204 0.4029307 0.5681199 0.6371301 0.6305206 0.6304404 0.6228397 0.6318432 0.6224043 0.1535661 0.5785241 0.1532692 0.5784763 0.1542543 0.5693396 0.7938576 0.5653662 0.7938423 0.5827583 0.7913115 0.5827562 0.1528643 0.5822307 0.1532692 0.5784763 0.1535661 0.5785241 0.1494202 0.6169746 0.1491233 0.6169268 0.1510652 0.598917 0.8195487 0.6790196 0.8195484 0.6811688 0.8170177 0.6811668 0.3937605 0.5387008 0.396128 0.5387008 0.3961279 0.5388831 0.1513621 0.5989648 0.1510652 0.598917 0.1528643 0.5822307 0.1545513 0.5693874 0.1542543 0.5693396 0.1546635 0.5655444 0.1483746 0.6266723 0.1480776 0.6266245 0.1491233 0.6169268 0.6388045 0.630001 0.6385329 0.6300852 0.6318432 0.6224043 0.6310334 0.6186028 0.6307269 0.6186979 0.6298454 0.6176798 0.4329635 0.6353372 0.4208561 0.6212639 0.4211282 0.6211807 0.374994 0.3736795 0.375288 0.3737109 0.3748387 0.3832154 0.6321147 0.6223201 0.6318432 0.6224043 0.6290644 0.6192138 0.602153 0.6508979 0.6137399 0.6508979 0.6137399 0.6510729 0.5808789 0.6904973 0.5637357 0.6893081 0.5694168 0.6725788 0.7854059 0.6961626 0.7857403 0.6940414 0.7895887 0.6946046 0.3748387 0.3832154 0.3740031 0.4008885 0.3737091 0.4008567 0.6412819 0.6332414 0.6385329 0.6300852 0.6388045 0.630001 0.1517966 0.5782393 0.1527818 0.5691027 0.1542543 0.5693396 0.6203153 0.3643937 0.6216201 0.3643915 0.6216201 0.3665993 0.1513918 0.5819937 0.1517966 0.5782393 0.1532692 0.5784763 0.1476507 0.6166898 0.1495926 0.59868 0.1510652 0.598917 0.8001837 0.1515263 0.800198 0.1689182 0.7926317 0.1689225 0.3937612 0.5377971 0.3961287 0.5377971 0.396128 0.5387008 0.1510652 0.598917 0.1495926 0.59868 0.1513918 0.5819937 0.1542543 0.5693396 0.1527818 0.5691027 0.153191 0.5653074 0.1480776 0.6266245 0.1466051 0.6263875 0.1476507 0.6166898 0.6429444 0.6327256 0.6415534 0.6331573 0.6388045 0.630001 0.3730387 0.3830212 0.3745447 0.3831837 0.3737091 0.4008567 0.4055287 0.6093766 0.4055287 0.6115251 0.4042353 0.6115247 0.4055287 0.5681204 0.4055287 0.5702539 0.4042353 0.5702534 0.602153 0.6510729 0.6137399 0.6510729 0.6137399 0.6519692 0.6335057 0.6218884 0.6321147 0.6223201 0.6293359 0.6191295 0.3734879 0.3735185 0.374994 0.3736795 0.3745447 0.3831837 0.4332357 0.635254 0.4211282 0.6211807 0.4225226 0.6207543 0.4055287 0.5615867 0.4055287 0.5681204 0.4042352 0.5681199 0.6388045 0.630001 0.6321147 0.6223201 0.6335057 0.6218884 0.1517966 0.5782393 0.1515116 0.5781934 0.1524968 0.5690568 0.1463201 0.6263416 0.1466051 0.6263875 0.1464072 0.6282224 0.1513918 0.5819937 0.1511068 0.5819478 0.1515116 0.5781934 0.1476507 0.6166898 0.1473657 0.6166439 0.1493076 0.5986341 0.7951622 0.1732776 0.7951468 0.1928569 0.792616 0.1928548 0.3937613 0.5376222 0.3961288 0.5376222 0.3961287 0.5377971 0.1493076 0.5986341 0.1511068 0.5819478 0.1513918 0.5819937 0.1527818 0.5691027 0.1524968 0.5690568 0.152906 0.5652616 0.1466051 0.6263875 0.1463201 0.6263416 0.1473657 0.6166439 0.6401954 0.6295693 0.6335057 0.6218884 0.6338122 0.6217933 0.6699513 0.743045 0.6726705 0.7257617 0.6844092 0.7260159 0.43463 0.6348276 0.4225226 0.6207543 0.4228298 0.6206603 0.373156 0.373483 0.3734879 0.3735185 0.3730387 0.3830212 0.6338122 0.6217933 0.6335057 0.6218884 0.6307269 0.6186979 0.602153 0.6519692 0.6137399 0.6519692 0.6137399 0.6521667 0.4475361 0.7210543 0.447891 0.7187942 0.4588689 0.7190791 0.7789399 0.7371955 0.7792764 0.7350595 0.7967735 0.7350873 0.3730387 0.3830212 0.3722031 0.4006943 0.3718712 0.4006585 0.6432509 0.6326304 0.6429444 0.6327256 0.6401954 0.6295693 0.1515116 0.5781934 0.1500515 0.5779585 0.1510367 0.5688218 0.6216202 0.3643937 0.622914 0.3643915 0.622914 0.3665993 0.1496467 0.5817129 0.1500515 0.5779585 0.1515116 0.5781934 0.1459056 0.616409 0.1478475 0.5983992 0.1493076 0.5986341 0.8040142 0.6066897 0.8040272 0.5871177 0.8115942 0.5871213 0.3937619 0.5367261 0.3961294 0.5367261 0.3961288 0.5376222 0.1493076 0.5986341 0.1478475 0.5983992 0.1496467 0.5817129 0.1524968 0.5690568 0.1510367 0.5688218 0.1514459 0.5650265 0.1463201 0.6263416 0.14486 0.6261065 0.1459056 0.616409 0.6446537 0.6321951 0.6432509 0.6326304 0.640502 0.6294742 0.3711881 0.3828216 0.3727069 0.3829855 0.3718712 0.4006585 0.4029307 0.6093766 0.4029307 0.6115251 0.4016263 0.6115246 0.4029307 0.5681204 0.4029307 0.5702539 0.4016263 0.5702534 0.602153 0.6521667 0.6137399 0.6521667 0.6137399 0.6530706 0.635215 0.6213579 0.6338122 0.6217933 0.6310334 0.6186028 0.3716371 0.3733206 0.373156 0.373483 0.3727069 0.3829855 0.4363434 0.6343036 0.4349372 0.6347336 0.4228298 0.6206603 0.4029307 0.5615867 0.4029307 0.5681204 0.4016263 0.5681199 0.640502 0.6294742 0.6338122 0.6217933 0.635215 0.6213579 0.1497298 0.5779066 0.1507149 0.5687699 0.1510367 0.5688218 0.8052634 0.1252763 0.8052626 0.1274257 0.8027318 0.1274237 0.149325 0.5816611 0.1497298 0.5779066 0.1500515 0.5779585 0.1459056 0.616409 0.1455839 0.6163572 0.1475258 0.5983473 0.606173 0.6908262 0.606173 0.6930339 0.6036422 0.6930319 0.3937621 0.5365287 0.3961296 0.5365287 0.3961294 0.5367261 0.1478475 0.5983992 0.1475258 0.5983473 0.149325 0.5816611 0.1510367 0.5688218 0.1507149 0.5687699 0.1511242 0.5649748 0.14486 0.6261065 0.1445382 0.6260548 0.1455839 0.6163572 0.6419047 0.6290389 0.635215 0.6213579 0.6354855 0.621274 0.2967376 0.6328286 0.279603 0.6316427 0.2852841 0.6149136 0.4363434 0.6343036 0.4242359 0.6202302 0.4245071 0.6201474 0.3713443 0.3732894 0.3716371 0.3733206 0.3711881 0.3828216 0.635215 0.6213579 0.6324362 0.6181674 0.6327067 0.6180835 0.602153 0.6530706 0.6137399 0.6530706 0.6137399 0.6532449 0.447891 0.7187942 0.4509301 0.6994397 0.4554682 0.6999788 0.5121423 0.6977995 0.5124754 0.6956781 0.5163066 0.6962454 0.3711881 0.3828216 0.3703524 0.4004947 0.3700596 0.4004631 0.6449242 0.6321112 0.6446537 0.6321951 0.6419047 0.6290389 0.1482573 0.5776696 0.1492425 0.568533 0.1507149 0.5687699 0.6205305 0.3621125 0.6218353 0.3621103 0.6218353 0.364318 0.1478525 0.5814241 0.1482573 0.5776696 0.1497298 0.5779066 0.1441114 0.6161202 0.1460533 0.5981103 0.1475258 0.5983473 0.3937627 0.5356251 0.3961302 0.5356251 0.3961296 0.5365287 0.1475258 0.5983473 0.1460533 0.5981103 0.1478525 0.5814241 0.1507149 0.5687699 0.1492425 0.568533 0.1496517 0.5647378 0.1430658 0.6258178 0.1441114 0.6161202 0.1455839 0.6163572 0.646254 0.6316985 0.6449242 0.6321112 0.6421752 0.6289549 0.3694554 0.3826347 0.3708952 0.38279 0.3700596 0.4004631 0.255858 0.6328181 0.255858 0.6349666 0.2546214 0.6349661 0.2546214 0.5915614 0.255858 0.5915618 0.255858 0.5936954 0.602153 0.6532449 0.6137399 0.6532449 0.61374 0.6541019 0.6354855 0.621274 0.6327067 0.6180835 0.6340365 0.6176708 0.3699043 0.3731354 0.3713443 0.3732894 0.3708952 0.38279 0.4366145 0.6342206 0.4245071 0.6201474 0.4258402 0.6197397 0.255858 0.5850282 0.255858 0.5915618 0.2546214 0.5915614 0.6435051 0.6285422 0.6421752 0.6289549 0.6354855 0.621274 0.1482573 0.5776696 0.1479734 0.577624 0.1489586 0.5684873 0.8204335 0.3433179 0.8229641 0.3433158 0.8229644 0.3454651 0.1475686 0.5813784 0.1479734 0.577624 0.1482573 0.5776696 0.1441114 0.6161202 0.1438275 0.6160746 0.1457694 0.5980647 0.79891 0.6089819 0.8014405 0.6089797 0.8014556 0.6263719 0.3937628 0.5354508 0.3961303 0.5354508 0.3961302 0.5356251 0.1457694 0.5980647 0.1475686 0.5813784 0.1478525 0.5814241 0.1492425 0.568533 0.1489586 0.5684873 0.1493678 0.5646921 0.1430658 0.6258178 0.1427819 0.6257721 0.1438275 0.6160746 0.6437597 0.6284633 0.6435051 0.6285422 0.6368153 0.6208614 0.5057005 0.7388343 0.5060359 0.736698 0.5235154 0.7367261 0.4379476 0.6338129 0.4258402 0.6197397 0.4260954 0.6196616 0.3696286 0.3731059 0.3699043 0.3731354 0.3694554 0.3826347 0.63707 0.6207824 0.6368153 0.6208614 0.6340365 0.6176708 0.602153 0.6541019 0.61374 0.6541019 0.61374 0.654266 0.767522 0.6940419 0.7685406 0.6875455 0.7701449 0.6877247 0.7247281 0.7350631 0.727434 0.7177788 0.7391505 0.7180353 0.3694554 0.3826347 0.3686197 0.4003078 0.368344 0.400278 0.646254 0.6316985 0.6435051 0.6285422 0.6437597 0.6284633 0.1465775 0.5773993 0.1475626 0.5682626 0.1489586 0.5684873 0.6256726 0.3621123 0.6269096 0.3621102 0.6269096 0.364318 0.1461727 0.5811538 0.1465775 0.5773993 0.1479734 0.577624 0.1424316 0.6158499 0.1443734 0.5978401 0.1457694 0.5980647 0.7951176 0.2125289 0.7951313 0.1951371 0.8026984 0.1951413 0.3937634 0.5345941 0.3961309 0.5345941 0.3961303 0.5354508 0.1457694 0.5980647 0.1443734 0.5978401 0.1461727 0.5811538 0.1489586 0.5684873 0.1475626 0.5682626 0.1479718 0.5644674 0.1427819 0.6257721 0.1413859 0.6255474 0.1424316 0.6158499 0.6465087 0.6316195 0.6437597 0.6284633 0.6451462 0.6280329 0.3676785 0.3824431 0.3691797 0.382605 0.368344 0.400278 0.2508898 0.6328167 0.2508898 0.6349652 0.2496006 0.6349647 0.2508898 0.5915604 0.2508898 0.5936939 0.2496006 0.5936934 0.602153 0.654266 0.61374 0.654266 0.61374 0.6551594 0.6384565 0.620352 0.63707 0.6207824 0.6342912 0.6175917 0.3681274 0.3729454 0.3696286 0.3731059 0.3691797 0.382605 0.4395927 0.6333099 0.4382029 0.6337348 0.4260954 0.6196616 0.2508898 0.5850268 0.2508898 0.5915604 0.2496006 0.59156 0.6437597 0.6284633 0.63707 0.6207824 0.6384565 0.620352 0.1465775 0.5773993 0.1463102 0.5773563 0.1472953 0.5682196 0.8001515 0.3018987 0.802682 0.3018966 0.802682 0.3041044 0.1461727 0.5811538 0.1459053 0.5811107 0.1463102 0.5773563 0.1424316 0.6158499 0.1421642 0.6158068 0.1441062 0.5977969 0.8195557 0.6376026 0.8195557 0.6398103 0.8170249 0.6398082 0.3937635 0.53443 0.396131 0.53443 0.3961309 0.5345941 0.1443734 0.5978401 0.1441062 0.5977969 0.1459053 0.5811107 0.1475626 0.5682626 0.1472953 0.5682196 0.1477046 0.5644244 0.1413859 0.6255474 0.1411186 0.6255044 0.1421642 0.6158068 0.6454009 0.6279539 0.6451462 0.6280329 0.6384565 0.620352 0.5808788 0.6731116 0.5694168 0.6725788 0.5701597 0.6703913 0.4395927 0.6333099 0.4274853 0.6192365 0.4277405 0.6191584 0.3678516 0.3729159 0.3681274 0.3729454 0.3676785 0.3824431 0.6384565 0.620352 0.6356776 0.6171615 0.6359323 0.6170826 0.602153 0.6551594 0.61374 0.6551594 0.61374 0.6553234 0.2786329 0.6849223 0.2607958 0.6836552 0.261498 0.6815875 0.5808788 0.6708381 0.5701597 0.6703913 0.5765215 0.6516577 0.3674028 0.3824133 0.3676785 0.3824431 0.3668429 0.4001161 0.6478952 0.6311892 0.6451462 0.6280329 0.6454009 0.6279539 0.1463102 0.5773563 0.1448548 0.577122 0.1458399 0.5679854 0.622914 0.3643937 0.6242036 0.3643915 0.6242036 0.3665993 0.14445 0.5808765 0.1448548 0.577122 0.1463102 0.5773563 0.1407089 0.6155726 0.1426508 0.5975628 0.1441062 0.5977969 0.3937641 0.5335369 0.3961316 0.5335369 0.396131 0.53443 0.1426508 0.5975628 0.14445 0.5808765 0.1459053 0.5811107 0.1458399 0.5679854 0.1462492 0.5641902 0.1477046 0.5644244 0.1411186 0.6255044 0.1396632 0.6252701 0.1407089 0.6155726 0.6481498 0.6311102 0.6454009 0.6279539 0.6468439 0.6275061 0.3674028 0.3824133 0.3665671 0.4000864 0.3650047 0.3999179 0.260536 0.5828793 0.260536 0.5850278 0.2591941 0.5850273 0.2591941 0.5416226 0.260536 0.5416231 0.260536 0.5437566 0.602153 0.6553234 0.61374 0.6553234 0.61374 0.6562533 0.6387111 0.620273 0.6359323 0.6170826 0.6373754 0.6166347 0.3662891 0.3727489 0.3678516 0.3729159 0.3674028 0.3824133 0.439848 0.6332318 0.4277405 0.6191584 0.4291871 0.618716 0.260536 0.5350894 0.260536 0.5416231 0.2591941 0.5416226 0.6468439 0.6275061 0.6454009 0.6279539 0.6387111 0.620273 0.1448548 0.577122 0.1445875 0.577079 0.1455727 0.5679423 0.8001819 0.2387473 0.8001667 0.2364671 0.8026972 0.236465 0.1441827 0.5808334 0.1445875 0.577079 0.1448548 0.577122 0.1404416 0.6155295 0.1423835 0.5975198 0.1426508 0.5975628 0.8052846 0.08384352 0.8052846 0.08605128 0.8027538 0.08604919 0.3937643 0.5333729 0.3961318 0.5333729 0.3961316 0.5335369 0.1423835 0.5975198 0.1441827 0.5808334 0.14445 0.5808765 0.1458399 0.5679854 0.1455727 0.5679423 0.1459819 0.5641471 0.139396 0.6252272 0.1404416 0.6155295 0.1407089 0.6155726 0.1393436 0.576235 0.1379109 0.5760045 0.1388961 0.5668678 0.6242036 0.3643937 0.6254732 0.3643915 0.6254732 0.3665993 0.1375061 0.5797588 0.1379109 0.5760045 0.1393436 0.576235 0.1351976 0.6146855 0.133765 0.614455 0.1357069 0.5964451 0.7473803 0.3376578 0.7473803 0.3430444 0.7458723 0.3429174 0.3937671 0.5292755 0.3961346 0.5292755 0.396134 0.5301547 0.1371396 0.5966758 0.1357069 0.5964451 0.1375061 0.5797588 0.1403287 0.5670984 0.1388961 0.5668678 0.1393053 0.5630726 0.134152 0.6243831 0.1327193 0.6241527 0.133765 0.614455 0.6517614 0.6259801 0.6450717 0.6182991 0.6453776 0.6182042 0.7129727 0.6940419 0.7139897 0.6875455 0.7155949 0.6877271 0.4462239 0.6312819 0.4341165 0.6172085 0.4344231 0.6171148 0.3606334 0.3721442 0.3609647 0.3721796 0.3605162 0.3816704 0.6450717 0.6182991 0.6422929 0.6151086 0.6425988 0.6150137 0.602153 0.659422 0.61374 0.659422 0.61374 0.6596192 0.1389842 0.5630209 0.1403338 0.5498892 0.1406349 0.5501261 0.3859158 0.7139244 0.3869394 0.7074286 0.3885408 0.7075996 0.360185 0.3816347 0.3605162 0.3816704 0.3596805 0.3993435 0.6548163 0.6290413 0.6545104 0.6291363 0.6517614 0.6259801 0.6562218 0.6286053 0.6548163 0.6290413 0.6520673 0.6258851 0.3586632 0.3814706 0.360185 0.3816347 0.3593493 0.3993078 0.3991411 0.6076883 0.3991411 0.6098368 0.3978341 0.6098365 0.3991411 0.5664321 0.3991411 0.5685656 0.3978341 0.5685651 0.602153 0.6596192 0.61374 0.6596192 0.61374 0.6605249 0.6467831 0.6177681 0.6453776 0.6182042 0.6425988 0.6150137 0.3591116 0.3719815 0.3606334 0.3721442 0.360185 0.3816347 0.4465306 0.631188 0.4344231 0.6171148 0.435832 0.6166839 0.3991411 0.5598984 0.3991411 0.5664321 0.3978341 0.5664317 0.6520673 0.6258851 0.6453776 0.6182042 0.6467831 0.6177681 0.1379109 0.5760045 0.1375898 0.5759528 0.138575 0.5668161 0.7951322 0.1079134 0.7951176 0.1253053 0.7925869 0.1253032 0.137185 0.5797072 0.1375898 0.5759528 0.1379109 0.5760045 0.1334439 0.6144033 0.1353858 0.5963935 0.1357069 0.5964451 0.8001514 0.2168883 0.8026819 0.2168862 0.8026972 0.236465 0.3937672 0.5290785 0.3961347 0.5290785 0.3961346 0.5292755 0.1357069 0.5964451 0.1353858 0.5963935 0.137185 0.5797072 0.1388961 0.5668678 0.138575 0.5668161 0.1389842 0.5630209 0.1327193 0.6241527 0.1323983 0.6241009 0.1334439 0.6144033 0.6534729 0.625449 0.6467831 0.6177681 0.6470686 0.6176795 0.2967154 0.7327187 0.2795594 0.7315244 0.2852405 0.7147952 0.4482257 0.6306697 0.4479395 0.6307572 0.435832 0.6166839 0.3588024 0.3719484 0.3591116 0.3719815 0.3586632 0.3814706 0.6470686 0.6176795 0.6467831 0.6177681 0.6440043 0.6145775 0.602153 0.6605249 0.61374 0.6605249 0.61374 0.6607089 0.2786328 0.6436457 0.2742838 0.6439372 0.2749809 0.6418841 0.6425988 0.6150137 0.6422929 0.6151086 0.6414114 0.6140907 0.3583541 0.3814372 0.3586632 0.3814706 0.3578276 0.3991436 0.6562218 0.6286053 0.6534729 0.625449 0.6537584 0.6253604 0.1361145 0.5757153 0.1370996 0.5665786 0.138575 0.5668161 0.6192231 0.3621125 0.6205304 0.3621103 0.6205304 0.364318 0.1357097 0.5794697 0.1361145 0.5757153 0.1375898 0.5759528 0.1319686 0.6141659 0.1339104 0.596156 0.1353858 0.5963935 0.3937679 0.5281731 0.3961354 0.5281731 0.3961347 0.5290785 0.1353858 0.5963935 0.1339104 0.596156 0.1357097 0.5794697 0.138575 0.5668161 0.1370996 0.5665786 0.1375088 0.5627834 0.1323983 0.6241009 0.1309229 0.6238635 0.1319686 0.6141659 0.6579349 0.6280736 0.6565073 0.6285166 0.6537584 0.6253604 0.3583541 0.3814372 0.3575184 0.3991103 0.3559728 0.3989436 0.4079861 0.5649297 0.4079861 0.5670782 0.4066586 0.5670778 0.4079861 0.5236734 0.4079861 0.5258069 0.4066586 0.5258064 0.602153 0.6607089 0.61374 0.6607089 0.61374 0.6616289 0.6470686 0.6176795 0.6442898 0.614489 0.6457175 0.614046 0.3572567 0.3717832 0.3588024 0.3719484 0.3583541 0.3814372 0.4482257 0.6306697 0.4361183 0.6165964 0.4375493 0.6161586 0.4079861 0.5171397 0.4079861 0.5236734 0.4066586 0.5236729 0.655186 0.6249174 0.6537584 0.6253604 0.6470686 0.6176795 0.1361145 0.5757153 0.1358147 0.575667 0.1367999 0.5665304 0.1586186 0.6283209 0.1590821 0.6283956 0.1588842 0.6302304 0.1357097 0.5794697 0.13541 0.5794215 0.1358147 0.575667 0.1316688 0.6141176 0.1336107 0.5961079 0.1339104 0.596156 0.8204246 0.3018987 0.8229551 0.3018966 0.8229551 0.3041044 0.393768 0.5279891 0.3961355 0.5279891 0.3961354 0.5281731 0.1339104 0.596156 0.1336107 0.5961079 0.13541 0.5794215 0.1370996 0.5665786 0.1367999 0.5665304 0.1372091 0.5627352 0.1306232 0.6238152 0.1316688 0.6141176 0.1319686 0.6141659 0.655186 0.6249174 0.6484962 0.6172365 0.6487818 0.6171479 0.7062158 0.6875455 0.6883765 0.6862774 0.6890786 0.6842098 0.4496568 0.630232 0.4375493 0.6161586 0.4378355 0.6160711 0.3569475 0.3717501 0.3572567 0.3717832 0.3568084 0.3812705 0.6484962 0.6172365 0.6457175 0.614046 0.646003 0.6139573 0.602153 0.6616289 0.61374 0.6616289 0.61374 0.6618128 0.5989662 0.692646 0.5811199 0.6913754 0.5818221 0.6893077 0.7671893 0.6961632 0.767522 0.6940419 0.7713478 0.6946104 0.3564993 0.3812372 0.3568084 0.3812705 0.3559728 0.3989436 0.6582205 0.627985 0.6579349 0.6280736 0.655186 0.6249174 0.1343162 0.5754259 0.1353014 0.5662892 0.1367999 0.5665304 0.6163658 0.3643937 0.6176937 0.3643915 0.6176937 0.3665992 0.1339114 0.5791803 0.1343162 0.5754259 0.1358147 0.575667 0.1316688 0.6141176 0.1301703 0.6138765 0.1321122 0.5958667 0.3687774 0.6997123 0.3673009 0.6995533 0.3673009 0.6940518 0.3937687 0.5270695 0.3961362 0.5270695 0.3961355 0.5279891 0.1321122 0.5958667 0.1339114 0.5791803 0.13541 0.5794215 0.1367999 0.5665304 0.1353014 0.5662892 0.1357106 0.562494 0.1306232 0.6238152 0.1291247 0.623574 0.1301703 0.6138765 0.6596277 0.6275482 0.6582205 0.627985 0.6554715 0.6248287 0.3564993 0.3812372 0.3556636 0.3989102 0.3541401 0.3987458 0.1750604 0.5991039 0.1750604 0.6012524 0.1737518 0.601252 0.1750604 0.5578476 0.1750604 0.5599812 0.1737518 0.5599808 0.602153 0.6618128 0.61374 0.6618128 0.61374 0.6627196 0.6487818 0.6171479 0.646003 0.6139573 0.6474102 0.6135206 0.3554238 0.3715872 0.3569475 0.3717501 0.3564993 0.3812372 0.449943 0.6301445 0.4378355 0.6160711 0.4392461 0.6156397 0.1750604 0.551314 0.1750604 0.5578476 0.1737518 0.5578472 0.6568787 0.624392 0.6554715 0.6248287 0.6487818 0.6171479 0.1343162 0.5754259 0.1340165 0.5753776 0.1350017 0.566241 0.8254906 0.2146806 0.8254906 0.2168883 0.8229598 0.2168862 0.1336117 0.5791321 0.1340165 0.5753776 0.1343162 0.5754259 0.1298706 0.6138282 0.1318125 0.5958184 0.1321122 0.5958667 0.8001837 0.1515263 0.8027142 0.1515243 0.8027285 0.1689162 0.3937688 0.5268855 0.3961363 0.5268855 0.3961362 0.5270695 0.1318125 0.5958184 0.1336117 0.5791321 0.1339114 0.5791803 0.1353014 0.5662892 0.1350017 0.566241 0.1354109 0.5624458 0.128825 0.6235257 0.1298706 0.6138282 0.1301703 0.6138765 0.6568787 0.624392 0.650189 0.6167111 0.6504945 0.6166164 0.7065503 0.735063 0.7092563 0.7177787 0.7209727 0.7180353 0.4513536 0.6297131 0.4392461 0.6156397 0.4395524 0.6155461 0.3550931 0.3715519 0.3554238 0.3715872 0.3549757 0.3810728 0.650189 0.6167111 0.6474102 0.6135206 0.6477156 0.6134259 0.602153 0.6627196 0.61374 0.6627196 0.61374 0.6629164 0.6726705 0.7257617 0.673026 0.7235017 0.6840128 0.7237854 0.7062156 0.6462687 0.7018643 0.6465596 0.7025614 0.6445063 0.354645 0.3810371 0.3549757 0.3810728 0.3541401 0.3987458 0.6596277 0.6275482 0.6568787 0.624392 0.6571842 0.6242973 0.1325394 0.5751399 0.1335245 0.5660032 0.1350017 0.566241 0.6190063 0.3643937 0.6203153 0.3643915 0.6203153 0.3665993 0.1321346 0.5788943 0.1325394 0.5751399 0.1340165 0.5753776 0.1298706 0.6138282 0.1283935 0.6135905 0.1303354 0.5955806 0.8001819 0.2387473 0.8001956 0.2561391 0.7926293 0.2561431 0.3937694 0.5259791 0.3961369 0.5259791 0.3961363 0.5268855 0.1303354 0.5955806 0.1321346 0.5788943 0.1336117 0.5791321 0.1350017 0.566241 0.1335245 0.5660032 0.1339338 0.5622081 0.1273478 0.623288 0.1283935 0.6135905 0.1298706 0.6138282 0.661324 0.6270218 0.6599332 0.6274535 0.6571842 0.6242973 0.354645 0.3810371 0.3538093 0.3987101 0.3523034 0.3985477 0.407952 0.6148685 0.407952 0.617017 0.4066586 0.6170166 0.4066586 0.5736118 0.407952 0.5736122 0.407952 0.5757458 0.602153 0.6629164 0.61374 0.6629164 0.61374 0.6638126 0.6504945 0.6166164 0.6477156 0.6134259 0.6491065 0.6129942 0.3535871 0.3713909 0.3550931 0.3715519 0.354645 0.3810371 0.4516598 0.6296195 0.4395524 0.6155461 0.4409466 0.6151197 0.407952 0.5670786 0.407952 0.5736122 0.4066586 0.5736118 0.6585751 0.6238656 0.6571842 0.6242973 0.6504945 0.6166164 0.1325394 0.5751399 0.1322187 0.5750883 0.1332039 0.5659517 0.1144012 0.6212044 0.1146823 0.6212497 0.1144844 0.6230844 0.131814 0.5788428 0.1322187 0.5750883 0.1325394 0.5751399 0.1280729 0.6135389 0.1300147 0.5955291 0.1303354 0.5955806 0.7951304 0.2823554 0.7925997 0.2823534 0.7926143 0.2800732 0.3937696 0.5257822 0.3961371 0.5257822 0.3961369 0.5259791 0.1300147 0.5955291 0.131814 0.5788428 0.1321346 0.5788943 0.1335245 0.5660032 0.1332039 0.5659517 0.1336131 0.5621564 0.1270272 0.6232364 0.1280729 0.6135389 0.1283935 0.6135905 0.6585751 0.6238656 0.6518853 0.6161847 0.6521906 0.6160899 0.598966 0.6513693 0.5946078 0.6516575 0.5953049 0.6496042 0.453054 0.6291931 0.4409466 0.6151197 0.4412526 0.6150261 0.3532565 0.3713555 0.3535871 0.3713909 0.3531391 0.3808746 0.6518853 0.6161847 0.6491065 0.6129942 0.6494118 0.6128994 0.602153 0.6638126 0.61374 0.6638126 0.61374 0.6640095 0.7607551 0.7371985 0.76109 0.7350623 0.7785641 0.7350904 0.673026 0.7235017 0.6760711 0.7041475 0.6806179 0.7046846 0.3531391 0.3808746 0.3523034 0.3985477 0.3519728 0.3985121 0.6616293 0.6269271 0.661324 0.6270218 0.6585751 0.6238656 0.1307588 0.5748533 0.131744 0.5657166 0.1332039 0.5659517 0.6218352 0.3621125 0.623129 0.3621103 0.623129 0.364318 0.130354 0.5786077 0.1307588 0.5748533 0.1322187 0.5750883 0.1280729 0.6135389 0.1266129 0.6133039 0.1285548 0.5952941 0.3937702 0.5248863 0.3961377 0.5248863 0.3961371 0.5257822 0.1300147 0.5955291 0.1285548 0.5952941 0.130354 0.5786077 0.1332039 0.5659517 0.131744 0.5657166 0.1321532 0.5619214 0.1255673 0.6230015 0.1266129 0.6133039 0.1280729 0.6135389 0.663071 0.6264798 0.6616293 0.6269271 0.6588804 0.623771 0.3528085 0.380839 0.3519728 0.3985121 0.3504119 0.3983437 0.399173 0.5078106 0.399173 0.5099591 0.3978324 0.5099586 0.399173 0.4665543 0.399173 0.4686878 0.3978324 0.4686874 0.602153 0.6640095 0.61374 0.6640095 0.61374 0.6649385 0.6521906 0.6160899 0.6494118 0.6128994 0.6508535 0.6124522 0.3516954 0.3711887 0.3532565 0.3713555 0.3528085 0.380839 0.4548053 0.6286575 0.45336 0.6290995 0.4412526 0.6150261 0.399173 0.4600207 0.399173 0.4665543 0.3978324 0.4665539 0.6588804 0.623771 0.6521906 0.6160899 0.6536324 0.6156427 0.1307588 0.5748533 0.1304383 0.5748018 0.1314235 0.565665 0.3498217 0.3709883 0.3495089 0.3709549 0.3495939 0.3691543 0.1300335 0.5785561 0.1304383 0.5748018 0.1307588 0.5748533 0.1266129 0.6133039 0.1262924 0.6132523 0.1282343 0.5952425 0.7989276 0.5391421 0.8014582 0.53914 0.8014602 0.5412896 0.3937703 0.5246897 0.3961378 0.5246897 0.3961377 0.5248863 0.1285548 0.5952941 0.1282343 0.5952425 0.1300335 0.5785561 0.131744 0.5657166 0.1314235 0.565665 0.1318327 0.5618699 0.1252468 0.62295 0.1262924 0.6132523 0.1266129 0.6133039 0.6603221 0.6233235 0.6536324 0.6156427 0.6539552 0.6155424 0.7061961 0.7353417 0.6890401 0.7341474 0.6947212 0.7174183 0.4551289 0.6285585 0.4548053 0.6286575 0.4426978 0.6145841 0.3513459 0.3711513 0.3516954 0.3711887 0.3512476 0.3806706 0.6536324 0.6156427 0.6508535 0.6124522 0.6511763 0.6123519 0.602153 0.6649385 0.61374 0.6649385 0.61374 0.6651464 0.2967376 0.6154429 0.2852841 0.6149136 0.2860269 0.6127261 0.7126405 0.6961633 0.7129727 0.6940419 0.7167917 0.694612 0.3512476 0.3806706 0.3504119 0.3983437 0.3500624 0.398306 0.6633939 0.6263795 0.663071 0.6264798 0.6603221 0.6233235 0.128925 0.5745581 0.1299101 0.5654215 0.1314235 0.565665 0.613917 0.3621125 0.615258 0.3621102 0.615258 0.364318 0.1285201 0.5783126 0.128925 0.5745581 0.1304383 0.5748018 0.1262924 0.6132523 0.1247791 0.6130087 0.1267209 0.594999 0.8090252 0.5435016 0.809038 0.5630732 0.8014717 0.5630765 0.3937709 0.5237609 0.3961385 0.5237609 0.3961378 0.5246897 0.1267209 0.594999 0.1285201 0.5783126 0.1300335 0.5785561 0.1314235 0.565665 0.1299101 0.5654215 0.1303193 0.5616262 0.1237334 0.6227063 0.1247791 0.6130087 0.1262924 0.6132523 0.6648016 0.6259427 0.6633939 0.6263795 0.6606449 0.6232233 0.350898 0.3806329 0.3500624 0.398306 0.3485382 0.3981416 0.1737518 0.5991039 0.1737518 0.6012524 0.1724428 0.601252 0.1737518 0.5578476 0.1737518 0.5599811 0.1724428 0.5599808 0.602153 0.6651464 0.61374 0.6651464 0.61374 0.6660535 0.6553629 0.6151056 0.6539552 0.6155424 0.6511763 0.6123519 0.3498217 0.3709883 0.3513459 0.3711513 0.350898 0.3806329 0.4551289 0.6285585 0.4430214 0.6144852 0.4444326 0.6140536 0.1737518 0.551314 0.1737518 0.5578476 0.1724428 0.5578472 0.6620526 0.6227864 0.6606449 0.6232233 0.6539552 0.6155424 0.128925 0.5745581 0.1285861 0.5745037 0.1295713 0.5653669 0.7951313 0.1951371 0.7951176 0.2125289 0.7925868 0.2125268 0.1281813 0.578258 0.1285861 0.5745037 0.128925 0.5745581 0.1247791 0.6130087 0.1244402 0.6129541 0.1263821 0.5949444 0.7951596 0.2604985 0.795145 0.2800753 0.7926143 0.2800732 0.3937711 0.5235529 0.3961386 0.5235529 0.3961385 0.5237609 0.1267209 0.594999 0.1263821 0.5949444 0.1281813 0.578258 0.1299101 0.5654215 0.1295713 0.5653669 0.1299805 0.5615717 0.1233946 0.6226518 0.1244402 0.6129541 0.1247791 0.6130087 0.6623415 0.6226968 0.6620526 0.6227864 0.6553629 0.6151056 0.3855813 0.7160456 0.3859158 0.7139244 0.3897641 0.7144877 0.4568296 0.6280384 0.45654 0.628127 0.4444326 0.6140536 0.3495089 0.3709549 0.3498217 0.3709883 0.3493739 0.3804685 0.6556518 0.6150159 0.6553629 0.6151056 0.6525841 0.611915 0.602153 0.6660535 0.61374 0.6660535 0.61374 0.6662397 0.2786327 0.6415119 0.2749809 0.6418841 0.2769653 0.6351286 0.2967376 0.6131696 0.2860269 0.6127261 0.2923887 0.5939925 0.3490611 0.3804348 0.3493739 0.3804685 0.3485382 0.3981416 0.6648016 0.6259427 0.6620526 0.6227864 0.6623415 0.6226968 0.1271084 0.5742658 0.1280936 0.5651291 0.1295713 0.5653669 0.6179136 0.3621125 0.6192231 0.3621103 0.6192231 0.364318 0.1281813 0.578258 0.1267036 0.5780202 0.1271084 0.5742658 0.1244402 0.6129541 0.1229625 0.6127163 0.1249044 0.5947065 0.7951174 0.2997471 0.7951304 0.2823554 0.8026975 0.2823594 0.3937717 0.5226461 0.3961393 0.5226461 0.3961386 0.5235529 0.1249044 0.5947065 0.1267036 0.5780202 0.1281813 0.578258 0.1295713 0.5653669 0.1280936 0.5651291 0.1285028 0.5613339 0.1233946 0.6226518 0.1219169 0.622414 0.1229625 0.6127163 0.6650905 0.6258531 0.6623415 0.6226968 0.6638171 0.6222389 0.3490611 0.3804348 0.3482254 0.3981078 0.3466279 0.3979355 0.4079908 0.4151131 0.4079908 0.4172616 0.4066188 0.4172611 0.4079908 0.3738569 0.4079908 0.3759903 0.4066188 0.3759899 0.602153 0.6662397 0.61374 0.6662397 0.61374 0.6671904 0.6556518 0.6150159 0.652873 0.6118254 0.6543484 0.6113675 0.3479112 0.3707841 0.3495089 0.3709549 0.3490611 0.3804348 0.4568296 0.6280384 0.4447222 0.613965 0.4462012 0.6135128 0.4079908 0.3673232 0.4079908 0.3738569 0.4066188 0.3738564 0.6638171 0.6222389 0.6623415 0.6226968 0.6556518 0.6150159 0.1271084 0.5742658 0.1268052 0.574217 0.1277903 0.5650803 0.139396 0.6252272 0.1396632 0.6252701 0.1394654 0.627105 0.1267036 0.5780202 0.1264004 0.5779715 0.1268052 0.574217 0.1229625 0.6127163 0.1226593 0.6126676 0.1246011 0.5946578 0.8039897 0.6263609 0.8039883 0.6285104 0.8014575 0.6285083 0.3937719 0.52246 0.3961394 0.52246 0.3961393 0.5226461 0.1246011 0.5946578 0.1264004 0.5779715 0.1267036 0.5780202 0.1280936 0.5651291 0.1277903 0.5650803 0.1281995 0.5612851 0.1219169 0.622414 0.1216136 0.6223651 0.1226593 0.6126676 0.6638171 0.6222389 0.6571273 0.614558 0.6574163 0.6144683 0.7062159 0.7371993 0.7065503 0.735063 0.7240174 0.7350912 0.4585984 0.6274974 0.4583086 0.627586 0.4462012 0.6135128 0.3475983 0.3707506 0.3479112 0.3707841 0.3474636 0.3802624 0.6571273 0.614558 0.6543484 0.6113675 0.6546375 0.6112778 0.602153 0.6671904 0.61374 0.6671904 0.61374 0.6673768 0.3791154 0.7570785 0.3794519 0.7549424 0.3969489 0.7549703 0.4696654 0.7366985 0.4723754 0.7194145 0.4840987 0.7196703 0.3471506 0.3802287 0.3474636 0.3802624 0.3466279 0.3979355 0.666566 0.6253952 0.6638171 0.6222389 0.6641061 0.6221492 0.1252564 0.5739677 0.1262415 0.564831 0.1277903 0.5650803 0.6111768 0.3621126 0.6125493 0.3621103 0.6125493 0.364318 0.1248516 0.5777221 0.1252564 0.5739677 0.1268052 0.574217 0.1226593 0.6126676 0.1211104 0.6124183 0.1230524 0.5944085 0.3994054 0.6155083 0.3978341 0.6153382 0.3978341 0.6098368 0.3937726 0.5215095 0.39614 0.5215095 0.3961394 0.52246 0.1246011 0.5946578 0.1230524 0.5944085 0.1248516 0.5777221 0.1277903 0.5650803 0.1262415 0.564831 0.1266508 0.5610358 0.1216136 0.6223651 0.1200648 0.622116 0.1211104 0.6124183 0.666855 0.6253054 0.6641061 0.6221492 0.6655475 0.621702 0.3471506 0.3802287 0.346315 0.3979017 0.3447543 0.3977334 0.4079862 0.5149908 0.4079862 0.5171393 0.4066458 0.5171389 0.4079862 0.4737346 0.4079862 0.4758681 0.4066458 0.4758676 0.602153 0.6673768 0.61374 0.6673768 0.61374 0.6683055 0.6588577 0.6140211 0.6574163 0.6144683 0.6546375 0.6112778 0.3460376 0.3705837 0.3475983 0.3707506 0.3471506 0.3802287 0.4600433 0.6270555 0.4585984 0.6274974 0.446491 0.6134241 0.4079862 0.4672009 0.4079862 0.4737346 0.4066458 0.4737341 0.6655475 0.621702 0.6641061 0.6221492 0.6574163 0.6144683 0.124953 0.5739189 0.1259381 0.5647822 0.1262415 0.564831 0.3861522 0.3748725 0.3858276 0.3748378 0.3859127 0.3730372 0.1245482 0.5776733 0.124953 0.5739189 0.1252564 0.5739677 0.1208071 0.6123695 0.122749 0.5943596 0.1230524 0.5944085 0.8292782 0.6263238 0.8318088 0.6263217 0.8318089 0.6284709 0.3937727 0.5213233 0.3961402 0.5213233 0.39614 0.5215095 0.122749 0.5943596 0.1245482 0.5776733 0.1248516 0.5777221 0.1262415 0.564831 0.1259381 0.5647822 0.1263474 0.560987 0.1197614 0.6220671 0.1208071 0.6123695 0.1211104 0.6124183 0.6658517 0.6216076 0.6655475 0.621702 0.6588577 0.6140211 0.7062154 0.644135 0.7025614 0.6445063 0.7045484 0.6377509 0.4603483 0.6269623 0.4600433 0.6270555 0.4479358 0.6129823 0.3457082 0.3705486 0.3460376 0.3705837 0.34559 0.3800603 0.6588577 0.6140211 0.6560789 0.6108306 0.6563832 0.6107361 0.602153 0.6683055 0.61374 0.6683055 0.61374 0.6685016 0.5989658 0.6492356 0.5953049 0.6496042 0.5973001 0.6428487 0.2967369 0.6849223 0.2788994 0.683655 0.2796015 0.6815873 0.3452606 0.3800248 0.34559 0.3800603 0.3447543 0.3977334 0.6686006 0.6247637 0.6682964 0.6248582 0.6655475 0.621702 0.12344 0.5736754 0.1244251 0.5645387 0.1259381 0.5647822 0.6150251 0.3643938 0.6163659 0.3643915 0.6163659 0.3665993 0.1245482 0.5776733 0.1230351 0.5774298 0.12344 0.5736754 0.1208071 0.6123695 0.1192941 0.612126 0.121236 0.5941161 0.8001804 0.325963 0.8001933 0.3433546 0.7926269 0.3433584 0.3937733 0.5203948 0.3961408 0.5203948 0.3961402 0.5213233 0.121236 0.5941161 0.1230351 0.5774298 0.1245482 0.5776733 0.1259381 0.5647822 0.1244251 0.5645387 0.1248344 0.5607435 0.1197614 0.6220671 0.1182484 0.6218236 0.1192941 0.612126 0.6699528 0.6243441 0.6686006 0.6247637 0.6658517 0.6216076 0.3437966 0.3798669 0.3452606 0.3800248 0.344425 0.3976979 0.4066458 0.5149908 0.4066458 0.5171393 0.4053884 0.5171389 0.4053884 0.4737341 0.4066457 0.4737345 0.4066458 0.4758681 0.602153 0.6685016 0.61374 0.6685016 0.61374 0.6693729 0.6591619 0.6139267 0.6563832 0.6107361 0.6577353 0.6103165 0.3442441 0.370392 0.3457082 0.3705486 0.3452606 0.3800248 0.4603483 0.6269623 0.4482408 0.6128889 0.4495962 0.6124745 0.4066457 0.4672009 0.4066457 0.4737345 0.4053884 0.4737341 0.6658517 0.6216076 0.6591619 0.6139267 0.6605141 0.613507 0.1231206 0.573624 0.1241058 0.5644873 0.1244251 0.5645387 0.8001819 0.2387473 0.8027125 0.2387452 0.8027261 0.256137 0.1227158 0.5773784 0.1231206 0.573624 0.12344 0.5736754 0.1189747 0.6120746 0.1209166 0.5940647 0.121236 0.5941161 0.375288 0.3737109 0.374994 0.3736795 0.3750791 0.371879 0.3937734 0.5201988 0.3961409 0.5201988 0.3961408 0.5203948 0.1209166 0.5940647 0.1227158 0.5773784 0.1230351 0.5774298 0.1244251 0.5645387 0.1241058 0.5644873 0.124515 0.5606921 0.1179291 0.6217722 0.1189747 0.6120746 0.1192941 0.612126 0.6672039 0.6211879 0.6605141 0.613507 0.6607846 0.6134231 0.4330719 0.6973183 0.4340919 0.6908221 0.4356954 0.690999 0.4617037 0.6265478 0.4495962 0.6124745 0.4498673 0.6123915 0.3439513 0.3703607 0.3442441 0.370392 0.3437966 0.3798669 0.6607846 0.6134231 0.6605141 0.613507 0.6577353 0.6103165 0.6021531 0.6693729 0.61374 0.6693729 0.61374 0.6695472 0.7604776 0.6853967 0.7433282 0.6842049 0.7490093 0.6674758 0.1318327 0.5618699 0.1331822 0.5487384 0.1334828 0.5489748 0.3437966 0.3798669 0.342961 0.3975399 0.3426682 0.3975084 0.6702232 0.6242602 0.6699528 0.6243441 0.6672039 0.6211879 0.1231206 0.573624 0.1217013 0.5733955 0.1226865 0.5642588 0.6254732 0.3643937 0.6267309 0.3643915 0.6267309 0.3665993 0.1212965 0.5771499 0.1217013 0.5733955 0.1231206 0.573624 0.1175554 0.6118461 0.1194972 0.5938363 0.1209166 0.5940647 0.7480576 0.6247603 0.7480576 0.6301469 0.7465731 0.6300219 0.393774 0.5193278 0.3961416 0.5193278 0.3961409 0.5201988 0.1209166 0.5940647 0.1194972 0.5938363 0.1212965 0.5771499 0.1241058 0.5644873 0.1226865 0.5642588 0.1230956 0.5604637 0.1179291 0.6217722 0.1165097 0.6215438 0.1175554 0.6118461 0.6716937 0.6238039 0.6702232 0.6242602 0.6674743 0.621104 0.3419117 0.3796635 0.3435038 0.3798353 0.3426682 0.3975084 0.4079862 0.465052 0.4079862 0.4672005 0.4066188 0.4672 0.4079862 0.4237957 0.4079862 0.4259292 0.4066188 0.4259287 0.6021531 0.6695472 0.61374 0.6695472 0.61374 0.6704947 0.6622551 0.6129668 0.6607846 0.6134231 0.6580057 0.6102326 0.3423591 0.3701905 0.3439513 0.3703607 0.3435038 0.3798353 0.4634488 0.6260141 0.4619747 0.6264649 0.4498673 0.6123915 0.4079862 0.417262 0.4079862 0.4237957 0.4066188 0.4237952 0.6674743 0.621104 0.6607846 0.6134231 0.6622551 0.6129668 0.1217013 0.5733955 0.1214174 0.5733498 0.1224026 0.5642132 0.819179 0.5391051 0.8217096 0.539103 0.8217103 0.5412524 0.1210126 0.5771042 0.1214174 0.5733498 0.1217013 0.5733955 0.1175554 0.6118461 0.1172715 0.6118004 0.1192134 0.5937907 0.7988761 0.4976753 0.8014066 0.4976732 0.8014066 0.499881 0.3937742 0.5191535 0.3961417 0.5191535 0.3961416 0.5193278 0.1194972 0.5938363 0.1192134 0.5937907 0.1210126 0.5771042 0.1226865 0.5642588 0.1224026 0.5642132 0.1228118 0.560418 0.1165097 0.6215438 0.1162258 0.621498 0.1172715 0.6118004 0.6689448 0.6206477 0.6622551 0.6129668 0.6625229 0.6128837 0.2967368 0.6436457 0.2923873 0.6439371 0.2930845 0.6418839 0.4634488 0.6260141 0.4513413 0.6119408 0.4516099 0.6118586 0.3420691 0.3701595 0.3423591 0.3701905 0.3419117 0.3796635 0.6625229 0.6128837 0.6622551 0.6129668 0.6594762 0.6097763 0.6021531 0.6704947 0.61374 0.6704947 0.61374 0.6706673 0.6494118 0.6128994 0.6491065 0.6129942 0.6482251 0.6119763 0.1563853 0.5658215 0.157734 0.5526967 0.1580129 0.5529161 0.3419117 0.3796635 0.3410761 0.3973367 0.3407861 0.3973053 0.6719616 0.6237208 0.6716937 0.6238039 0.6689448 0.6206477 0.1214174 0.5733498 0.1198739 0.5731014 0.120859 0.5639647 0.6125492 0.3621125 0.613917 0.3621102 0.613917 0.364318 0.1194691 0.5768558 0.1198739 0.5731014 0.1214174 0.5733498 0.115728 0.611552 0.1176699 0.5935422 0.1192134 0.5937907 0.8040151 0.5194528 0.8040272 0.4998831 0.8115943 0.4998865 0.3937749 0.5182062 0.3961424 0.5182062 0.3961417 0.5191535 0.1176699 0.5935422 0.1194691 0.5768558 0.1210126 0.5771042 0.1224026 0.5642132 0.120859 0.5639647 0.1212683 0.5601695 0.1162258 0.621498 0.1146823 0.6212497 0.115728 0.611552 0.6719616 0.6237208 0.6692126 0.6205645 0.6706857 0.6201074 0.3400269 0.3794602 0.3416218 0.3796323 0.3407861 0.3973053 0.6191216 0.6955302 0.6160202 0.6955302 0.6160209 0.6945813 0.6786758 0.6955302 0.6755961 0.6955302 0.6755967 0.6945813 0.6021531 0.6706673 0.61374 0.6706673 0.61374 0.6716164 0.6625229 0.6128837 0.659744 0.6096931 0.6612171 0.609236 0.3404741 0.3699889 0.3420691 0.3701595 0.3416218 0.3796323 0.4651939 0.6254804 0.4637173 0.625932 0.4516099 0.6118586 0.6881073 0.6955302 0.6786758 0.6955302 0.6786765 0.6945813 0.6706857 0.6201074 0.6692126 0.6205645 0.6625229 0.6128837 0.1198739 0.5731014 0.1195927 0.5730562 0.1205779 0.5639194 0.8001804 0.325963 0.800166 0.3236829 0.8026965 0.3236808 0.1191879 0.5768106 0.1195927 0.5730562 0.1198739 0.5731014 0.115728 0.611552 0.1154468 0.6115068 0.1173887 0.5934969 0.7951304 0.2823554 0.7951174 0.2997471 0.7925866 0.299745 0.393775 0.5180338 0.3961425 0.5180338 0.3961424 0.5182062 0.1176699 0.5935422 0.1173887 0.5934969 0.1191879 0.5768106 0.120859 0.5639647 0.1205779 0.5639194 0.1209871 0.5601243 0.1146823 0.6212497 0.1144012 0.6212044 0.1154468 0.6115068 0.6746144 0.6188881 0.6679247 0.6112073 0.668567 0.6110081 0.6881097 0.6920503 0.6786782 0.6920503 0.6786785 0.6916367 0.469776 0.6240791 0.4691322 0.6242759 0.4570247 0.6102027 0.3355247 0.36946 0.3362202 0.3695344 0.3357732 0.3790014 0.6679247 0.6112073 0.6651459 0.6080167 0.6657882 0.6078174 0.6021531 0.674562 0.5991775 0.674562 0.5991775 0.6741481 0.6786782 0.6920503 0.6755985 0.6920505 0.6755988 0.6916367 0.4087026 0.7624042 0.4087025 0.7601225 0.4313156 0.7601225 0.296784 0.6941182 0.3015474 0.6941068 0.301568 0.7114998 0.6191241 0.6920505 0.6160227 0.6920505 0.616023 0.6916367 0.6868131 0.3498333 0.6897886 0.3498333 0.6897886 0.3670415 0.08253842 0.6160762 0.08156615 0.6159197 0.08261179 0.6062222 0.5943983 0.3621103 0.5967662 0.3621103 0.5967662 0.3656973 0.5967662 0.3656973 0.5930076 0.3656973 0.5943983 0.3621103 0.107684 0.6236371 0.08216571 0.61953 0.08253842 0.6160762 0.3975132 0.4767229 0.3937554 0.4766896 0.3937669 0.476093 0.3978245 0.4604672 0.3940667 0.460434 0.3940746 0.4600203 0.108731 0.6202917 0.1097766 0.6105942 0.1102188 0.6106653 0.1080567 0.6201832 0.1091024 0.6104857 0.1097766 0.6105942 0.1153498 0.5630781 0.1149077 0.5630069 0.1153169 0.5592116 0.1149077 0.5630069 0.1142334 0.5628983 0.1146427 0.5591031 0.1117185 0.5925844 0.1135177 0.575898 0.1139599 0.5759692 0.1117185 0.5925844 0.1110443 0.5924759 0.1128435 0.5757895 0.4081049 0.740521 0.4087024 0.74052 0.4087025 0.7601225 0.3937774 0.514554 0.3961449 0.514554 0.3961447 0.5148254 0.7427668 0.3338223 0.7397916 0.3338223 0.7397921 0.3332256 0.7405025 0.3572415 0.7390491 0.357085 0.7390491 0.3515835 0.7390427 0.3629099 0.7375614 0.3627495 0.7375614 0.3572481 0.7992924 0.6790563 0.7993047 0.6616647 0.8068717 0.6616685 0.2604953 0.6342354 0.2591505 0.6340898 0.2591505 0.6285883 0.7345641 0.3629122 0.7330614 0.3627495 0.7330614 0.3572481 0.8047412 0.7116094 0.8047534 0.7290008 0.797187 0.7290044 0.7913097 0.369548 0.7917015 0.369547 0.7917016 0.3891487 0.8039897 0.6263609 0.8040013 0.6089696 0.8115683 0.608973 0.8102917 0.3041065 0.8103036 0.3236757 0.8027373 0.3236789 0.5991487 0.3705583 0.5972509 0.3674323 0.5979277 0.3672987 0.1097766 0.6105942 0.1117185 0.5925844 0.1121607 0.5926555 0.1091024 0.6104857 0.1110443 0.5924759 0.1117185 0.5925844 0.1135177 0.575898 0.1139225 0.5721436 0.1143647 0.5722147 0.1135177 0.575898 0.1128435 0.5757895 0.1132483 0.5720351 0.7913097 0.3673403 0.7917015 0.3673393 0.7917015 0.369547 0.7917015 0.3673393 0.7922989 0.3673382 0.7922989 0.369546 0.1139225 0.5721436 0.1149077 0.5630069 0.1153498 0.5630781 0.1132483 0.5720351 0.1142334 0.5628983 0.1149077 0.5630069 0.6995673 0.6111447 0.6928775 0.6034638 0.6938038 0.6031764 0.6191353 0.6759762 0.6160339 0.6759762 0.6160343 0.6753795 0.6786895 0.6759762 0.6756097 0.6759762 0.6756101 0.6753795 0.6021531 0.6741481 0.61374 0.6741481 0.61374 0.674562 0.6938038 0.6031764 0.6928775 0.6034638 0.6900987 0.6002733 0.3081992 0.3665384 0.3092036 0.3666207 0.3087567 0.3760871 0.4941453 0.6166264 0.4820379 0.602553 0.4829663 0.6022691 0.6881209 0.6759762 0.6786895 0.6759762 0.6786899 0.6753795 0.4313154 0.74052 0.4321768 0.7404745 0.432177 0.7601122 0.8090508 0.565353 0.8090623 0.5827444 0.8014959 0.5827477 0.2591505 0.6342596 0.2575817 0.6340897 0.2575817 0.6285883 0.6756097 0.6759762 0.6475098 0.6759762 0.6475102 0.6753795 0.6475098 0.6759762 0.6442286 0.6759762 0.644229 0.6753795 0.8052754 0.2800588 0.8052843 0.2604985 0.8128513 0.260501 0.08156615 0.6159197 0.08253842 0.6160762 0.08216571 0.61953 0.1080567 0.6201832 0.108731 0.6202917 0.1083583 0.6237456 0.8039922 0.5391237 0.804003 0.5217324 0.81157 0.5217358 0.7465752 0.6304307 0.7465752 0.6358173 0.7450465 0.6356887 0.5735208 0.3755925 0.5725586 0.3758082 0.5706607 0.3726823 0.7135086 0.3647658 0.7119718 0.3645994 0.7119718 0.359098 0.79131 0.4088233 0.7913099 0.3914303 0.7917017 0.3914303 0.7913099 0.3914303 0.7913098 0.3891488 0.7917016 0.3891487 0.7375679 0.3572461 0.7360711 0.357085 0.7360711 0.3515834 0.8102942 0.2168883 0.810303 0.2364483 0.8027366 0.2364505 0.8103156 0.3259553 0.8103263 0.3433465 0.80276 0.3433497 0.8052586 0.2997286 0.8052665 0.2823379 0.8128335 0.2823404 0.6755985 0.6920505 0.6474986 0.6920505 0.6474989 0.6916367 0.6474986 0.6920505 0.6442173 0.6920505 0.6442176 0.6916367 0.8040272 0.5849099 0.8040272 0.5871177 0.8014964 0.5871157 0.8001515 0.3041065 0.802682 0.3041044 0.8026965 0.3236808 0.6755961 0.6955302 0.6474962 0.6955302 0.6474968 0.6945813 0.6474968 0.6945813 0.6474962 0.6955302 0.6442149 0.6955302 0.5967663 0.3643915 0.5967662 0.3621105 0.598134 0.3621102 0.7788955 0.6851153 0.7816147 0.6678319 0.7933538 0.6680862 0.7604776 0.6875454 0.7426261 0.6862726 0.7433282 0.6842049 0.8292741 0.5849099 0.8318046 0.5849079 0.8318046 0.5871157 0.8191606 0.4976754 0.8216912 0.4976732 0.8216912 0.499881 0.4079862 0.4259292 0.4079862 0.4453954 0.4066188 0.445395 0.4079862 0.4453954 0.4079862 0.4476685 0.4066188 0.4476681 0.6034256 0.3666725 0.6034255 0.3643917 0.6046832 0.3643915 0.727434 0.7177788 0.7277879 0.7155186 0.7387524 0.7158051 0.7604775 0.6462687 0.756114 0.6465547 0.756811 0.6445015 0.8001804 0.325963 0.802711 0.3259609 0.8027238 0.3433525 0.7993047 0.6616647 0.7967739 0.6616627 0.7967877 0.6593827 0.4066458 0.4758681 0.4066458 0.4953343 0.4053884 0.4953339 0.4066458 0.4953343 0.4066458 0.4976074 0.4053884 0.4976069 0.5981342 0.3643912 0.5981341 0.3621104 0.5994748 0.3621102 0.7277879 0.7155186 0.7308182 0.6961633 0.7353429 0.6967055 0.6260213 0.6201582 0.625738 0.6202461 0.6248576 0.6192292 0.2575817 0.5850299 0.2601123 0.5850278 0.2601123 0.5872356 0.7993047 0.6616647 0.7992924 0.6790563 0.7967616 0.6790542 0.4079862 0.4758681 0.4079862 0.4953343 0.4066458 0.4953339 0.4079862 0.4953343 0.4079862 0.4976074 0.4066458 0.4976069 0.8103117 0.2387273 0.8103196 0.2561181 0.8027532 0.2561203 0.5967662 0.3666722 0.5967662 0.3643918 0.5981386 0.3643915 0.2786334 0.6328286 0.261499 0.6316428 0.2671802 0.6149137 0.4327387 0.6994397 0.4330719 0.6973183 0.4369042 0.6978853 0.7993322 0.6398103 0.7993184 0.6593849 0.7967877 0.6593827 0.3423591 0.3701905 0.3420691 0.3701595 0.3421542 0.3683589 0.4079908 0.3759903 0.4079908 0.3954566 0.4066188 0.3954561 0.4079908 0.3954566 0.4079908 0.3977297 0.4066188 0.3977292 0.5994799 0.3666721 0.5994799 0.3643918 0.6007893 0.3643915 0.2967367 0.6415119 0.2930845 0.6418839 0.2950693 0.6351285 0.4262953 0.7404742 0.4266307 0.738338 0.4441114 0.7383661 0.1270272 0.6232364 0.1273478 0.623288 0.1271499 0.6251229 0.7951176 0.1253053 0.7951158 0.1274549 0.7925851 0.1274528 0.1737518 0.5599811 0.1737518 0.5794474 0.1724428 0.5794469 0.1737518 0.5794474 0.1737518 0.5817205 0.1724428 0.5817201 0.5981388 0.366672 0.5981387 0.3643918 0.5994798 0.3643915 0.4878502 0.7366985 0.4905605 0.7194145 0.5022843 0.7196702 0.2967153 0.715333 0.2852405 0.7147952 0.2859833 0.7126078 0.8047412 0.7116094 0.8072718 0.7116072 0.8072839 0.7289987 0.3681274 0.3729454 0.3678516 0.3729159 0.3679367 0.3711154 0.399173 0.4686878 0.399173 0.4881541 0.3978324 0.4881536 0.399173 0.4881541 0.399173 0.4904271 0.3978324 0.4904267 0.8052762 0.1928357 0.8052843 0.1732776 0.8128513 0.1732799 0.6021318 0.3666718 0.6021317 0.3643917 0.6034255 0.3643915 0.2967153 0.7130596 0.2859833 0.7126078 0.2923451 0.6938741 0.3971975 0.7052797 0.3800485 0.7040882 0.3857296 0.6873591 0.8047412 0.7116094 0.8047276 0.7093294 0.8072581 0.7093273 0.1516081 0.6271926 0.1519175 0.6272425 0.1517197 0.6290773 0.407952 0.5757458 0.407952 0.595212 0.4066586 0.5952116 0.407952 0.595212 0.407952 0.5974851 0.4066586 0.5974847 0.600803 0.3643904 0.6008029 0.3621105 0.6021118 0.3621103 0.7604773 0.644135 0.756811 0.6445015 0.7588126 0.6377461 0.5333914 0.6991422 0.5344117 0.6926462 0.536015 0.6928225 0.8040013 0.6089696 0.8039897 0.6263609 0.801459 0.6263588 0.815383 0.1252685 0.8153824 0.1274178 0.8128517 0.1274157 0.1737518 0.5599808 0.1750604 0.5599812 0.1750604 0.5794474 0.1750604 0.5794474 0.1750604 0.5817205 0.1737518 0.5817201 0.599475 0.3643903 0.5994749 0.3621105 0.6008028 0.3621103 0.124515 0.5606921 0.1258645 0.5475609 0.126164 0.5477965 0.6563832 0.6107361 0.6560789 0.6108306 0.6551976 0.6098126 0.8047139 0.6897553 0.8072445 0.6897533 0.8072581 0.7093273 0.7951647 0.08384352 0.7951647 0.08605128 0.792634 0.08604919 0.4066586 0.5258064 0.4079861 0.5258069 0.4079861 0.5452732 0.4079861 0.5452732 0.4079861 0.5475463 0.4066586 0.5475458 0.6021119 0.3643901 0.6021119 0.3621104 0.6034193 0.3621102 0.5060359 0.736698 0.5087491 0.7194142 0.5204778 0.7196695 0.1493678 0.5646921 0.1507162 0.5515711 0.1509824 0.5517806 0.8090508 0.565353 0.8115814 0.5653509 0.8115928 0.5827423 0.8153971 0.08384352 0.8153971 0.08605128 0.8128663 0.08604919 0.3991411 0.5685656 0.3991411 0.5880318 0.3978341 0.5880314 0.3991411 0.5880318 0.3991411 0.590305 0.3978341 0.5903045 0.7092563 0.7177787 0.7096102 0.7155185 0.7205747 0.7158049 0.1634085 0.5669519 0.1647579 0.5538221 0.1650531 0.5540543 0.7443376 0.3376629 0.7443376 0.3430496 0.7427682 0.3429175 0.6072932 0.3666712 0.6072931 0.3643917 0.6085627 0.3643915 0.8040013 0.6089696 0.8014705 0.6089674 0.8014835 0.6066877 0.804003 0.5217324 0.8039922 0.5391237 0.8014613 0.5391216 0.260536 0.5437566 0.260536 0.5632228 0.2591941 0.5632224 0.260536 0.5632228 0.260536 0.5654959 0.2591941 0.5654954 0.8052608 0.2125052 0.8052681 0.1951146 0.8128351 0.1951168 0.6047587 0.3643894 0.6047587 0.3621104 0.6060484 0.3621102 0.5808789 0.692646 0.5630335 0.6913757 0.5637357 0.6893081 0.4942829 0.6956781 0.4953015 0.6891818 0.4969058 0.6893609 0.8040272 0.5871177 0.8040142 0.6066897 0.8014835 0.6066877 0.1197614 0.6220671 0.1200648 0.622116 0.119867 0.6239507 0.2496006 0.5936934 0.2508898 0.5936939 0.2508898 0.6131601 0.2508898 0.6131601 0.2508898 0.6154332 0.2496006 0.6154327 0.6099397 0.3643893 0.6099397 0.3621104 0.6111767 0.3621103 0.7096102 0.7155185 0.7126405 0.6961633 0.7171652 0.6967055 0.5808787 0.6513693 0.5765215 0.6516577 0.5772186 0.6496046 0.4003257 0.7021186 0.4003236 0.7042682 0.3977928 0.7042662 0.8103156 0.3259553 0.8128462 0.3259533 0.8128569 0.3433445 0.2546214 0.5936949 0.255858 0.5936954 0.255858 0.6131616 0.255858 0.6131616 0.255858 0.6154347 0.2546214 0.6154343 0.6046834 0.3666703 0.6046833 0.3643917 0.6059882 0.3643915 0.7423959 0.6853967 0.7252517 0.684207 0.7309328 0.6674779 0.6327067 0.6180835 0.6324362 0.6181674 0.6315563 0.6171512 0.8090508 0.565353 0.809038 0.5630732 0.8115686 0.5630711 0.3554238 0.3715872 0.3550931 0.3715519 0.3551782 0.3697513 0.4016263 0.5702534 0.4029307 0.5702539 0.4029307 0.58972 0.4029307 0.58972 0.4029307 0.5919931 0.4016263 0.5919927 0.4037402 0.3620811 0.4320271 0.3620665 0.4320351 0.367308 0.6073647 0.364389 0.6073647 0.3621105 0.6086585 0.3621103 0.6193304 0.6222346 0.6190306 0.6223276 0.6181494 0.6213099 0.5330581 0.7012636 0.5333914 0.6991422 0.5372251 0.6997089 0.8001956 0.2561391 0.8027261 0.256137 0.8027278 0.2582865 0.1551583 0.627764 0.155497 0.6278186 0.1552991 0.6296535 0.4042353 0.5702534 0.4055287 0.5702539 0.4055287 0.58972 0.4055287 0.58972 0.4055287 0.5919931 0.4042353 0.5919927 0.7450639 0.3573788 0.7450639 0.3627654 0.7435111 0.3626347 0.6059883 0.3666701 0.6059882 0.3643918 0.6072931 0.3643915 0.4084402 0.7383382 0.4111536 0.7210544 0.4228824 0.7213098 0.7061961 0.7179561 0.6947212 0.7174183 0.6954641 0.7152308 0.8052665 0.2823379 0.8052586 0.2997286 0.8027278 0.2997266 0.8090252 0.5435016 0.8115558 0.5434995 0.8115686 0.5630711 0.4029307 0.5702534 0.4042353 0.5702539 0.4042353 0.58972 0.4042353 0.58972 0.4042353 0.5919931 0.4029307 0.5919927 0.728224 0.3642381 0.7266872 0.3640727 0.7266872 0.3585711 0.6098754 0.3666699 0.6098753 0.3643917 0.6111379 0.3643915 0.5266126 0.742298 0.5269481 0.7401618 0.5444302 0.7401899 0.706196 0.7156826 0.6954641 0.7152308 0.7018259 0.6964972 0.1445382 0.6260548 0.14486 0.6261065 0.1446621 0.6279414 0.8052608 0.2125052 0.80526 0.2146546 0.8027291 0.2146525 0.2521706 0.5936942 0.2534328 0.5936947 0.2534328 0.6131609 0.2534328 0.6131609 0.2534328 0.6154341 0.2521706 0.6154336 0.6034194 0.3643885 0.6034194 0.3621104 0.6047587 0.3621102 0.49395 0.6977995 0.4942829 0.6956781 0.4981091 0.6962465 0.5989662 0.6904973 0.5818221 0.6893077 0.5875032 0.6725786 0.8103263 0.3433465 0.8128569 0.3433445 0.8128582 0.345494 0.3876802 0.3750358 0.3877653 0.3732353 0.3882433 0.3732869 0.3978341 0.5186263 0.3991731 0.5186267 0.3991731 0.5380929 0.3991731 0.5380929 0.3991731 0.5403661 0.3978341 0.5403656 0.739049 0.3572453 0.7375679 0.3570849 0.7375679 0.3515834 0.6060484 0.3643884 0.6060484 0.3621105 0.6073646 0.3621103 0.5808786 0.6492356 0.5772186 0.6496046 0.5792127 0.6428492 0.4875152 0.7388347 0.4878502 0.7366985 0.5053247 0.7367267 0.4003824 0.6606461 0.4003824 0.6628538 0.3978517 0.6628518 0.3807679 0.3742969 0.3804487 0.3742627 0.3805338 0.3724621 0.249574 0.5437546 0.2508898 0.543755 0.2508898 0.5632212 0.2508898 0.5632212 0.2508898 0.5654943 0.249574 0.5654939 0.6086585 0.3643882 0.6086585 0.3621105 0.6099396 0.3621103 0.7493367 0.6940419 0.750355 0.6875455 0.7519595 0.6877252 0.5633341 0.7401615 0.5660504 0.722878 0.5777843 0.7231327 0.8204289 0.2561025 0.8229594 0.2561004 0.8229599 0.2582497 0.8103117 0.2387273 0.8128423 0.2387252 0.8128501 0.256116 0.2508898 0.5936942 0.2521706 0.5936947 0.2521706 0.613161 0.2521706 0.613161 0.2521706 0.6154341 0.2508898 0.6154336 0.6111379 0.3643917 0.6123126 0.3643915 0.6123126 0.3666692 0.4723754 0.7194145 0.4727299 0.7171544 0.4837012 0.71744 0.7456157 0.7177783 0.74597 0.7155182 0.7569402 0.715804 0.8001514 0.2146806 0.8026819 0.2146785 0.8026819 0.2168862 0.804003 0.5217324 0.8014722 0.5217303 0.8014843 0.5194507 0.2483997 0.5437546 0.249574 0.543755 0.249574 0.5632212 0.249574 0.5632212 0.249574 0.5654943 0.2483997 0.565494 0.5660504 0.722878 0.5664057 0.7206179 0.5773876 0.7209023 0.4727299 0.7171544 0.4757646 0.6977995 0.4802963 0.6983401 0.7345044 0.6303005 0.7329841 0.6301369 0.7329841 0.6246353 0.6085627 0.3643917 0.6098753 0.3643915 0.6098753 0.366669 0.5865847 0.3620379 0.5614807 0.3620438 0.5614554 0.08384817 0.5614807 0.3620438 0.5581906 0.3620505 0.5581654 0.08385485 0.2995295 0.6265359 0.2995294 0.6093079 0.3000004 0.6093078 0.2995294 0.6093079 0.2995293 0.6070263 0.3000004 0.6070262 0.2972097 0.6265359 0.2972097 0.609308 0.2995294 0.6093079 0.2972097 0.609308 0.2972096 0.6070267 0.2995293 0.6070263 0.296738 0.6265359 0.2967379 0.6093081 0.2972097 0.609308 0.2967379 0.6093081 0.2967377 0.6070268 0.2972096 0.6070267 0.1752758 0.6427078 0.1752757 0.6253952 0.1757475 0.6253952 0.1752757 0.6253952 0.1752756 0.6231158 0.1757474 0.6231157 0.172954 0.6427078 0.172954 0.6253954 0.1752757 0.6253952 0.172954 0.6253954 0.172954 0.6231161 0.1752756 0.6231158 0.1724429 0.6427078 0.1724429 0.6253954 0.172954 0.6253954 0.1724429 0.6253954 0.1724428 0.6231163 0.172954 0.6231161 0.6755983 0.6923218 0.6474984 0.6923218 0.6474986 0.6920505 0.6474984 0.6923218 0.6442171 0.6923218 0.6442173 0.6920505 0.621191 0.3620944 0.6212438 0.08387321 0.6498054 0.083889 0.6178976 0.3620785 0.6179504 0.08385735 0.6212438 0.08387321 0.675598 0.6926479 0.6474982 0.6926479 0.6474984 0.6923218 0.6474982 0.6926479 0.6442169 0.6926479 0.6442171 0.6923218 0.675597 0.6942545 0.6474971 0.6942545 0.6474982 0.6926479 0.6474982 0.6926479 0.6474971 0.6942545 0.6442158 0.6942545 0.8103127 0.1515012 0.8103198 0.1688919 0.8027534 0.1688939 0.2465364 0.5373688 0.2465363 0.5350877 0.2479066 0.5350874 0.6755967 0.6945813 0.6474968 0.6945813 0.6474971 0.6942545 0.6474971 0.6942545 0.6474968 0.6945813 0.6442156 0.6945813 0.2546214 0.5437546 0.2558906 0.543755 0.2558906 0.5632212 0.2558906 0.5632212 0.2558906 0.5654943 0.2546214 0.565494 0.4604268 0.3620387 0.4353201 0.3620518 0.4352671 0.08385616 0.4353201 0.3620518 0.4320271 0.3620665 0.4319741 0.08387082 0.2558906 0.543755 0.2563622 0.5437552 0.2563622 0.5632214 0.2563622 0.5632214 0.2563622 0.5654945 0.2558906 0.5654943 0.4950276 0.3620784 0.4950526 0.08385723 0.5234256 0.08386498 0.4917371 0.3620706 0.4917621 0.08384937 0.4950526 0.08385723 0.2563622 0.5437552 0.2586832 0.543756 0.2586832 0.5632222 0.2586832 0.5632222 0.2586832 0.5654953 0.2563622 0.5654945 0.2586832 0.543756 0.2591941 0.5437561 0.2591941 0.5632224 0.2591941 0.5632224 0.2591941 0.5654954 0.2586832 0.5654953 0.6007894 0.3666708 0.6007894 0.3643918 0.6021317 0.3643915 0.2838748 0.5654975 0.2964756 0.5654963 0.2964756 0.5828835 0.2838748 0.5632236 0.2964756 0.5632214 0.2964756 0.5654963 0.2786405 0.5654979 0.2838748 0.5654975 0.2838747 0.5828836 0.2786405 0.5632246 0.2838748 0.5632236 0.2838748 0.5654975 0.2964756 0.5654963 0.3016535 0.5654959 0.3016535 0.5828834 0.2964756 0.5632214 0.3016535 0.5632205 0.3016535 0.5654959 0.4311179 0.688673 0.4311179 0.6712836 0.4559561 0.6712836 0.4311179 0.6690061 0.4559561 0.6690061 0.4559561 0.6712836 0.4559561 0.688673 0.4559561 0.6712836 0.4693304 0.6712836 0.4559561 0.6690061 0.4693304 0.6690061 0.4693304 0.6712836 0.2526126 0.5828779 0.2526126 0.5654945 0.2533881 0.5654948 0.2526126 0.5632214 0.2533881 0.5632216 0.2533881 0.5654948 0.8052843 0.1710699 0.8052843 0.1732776 0.8027535 0.1732755 0.8102917 0.3018987 0.8128222 0.3018966 0.8128222 0.3041044 0.3004397 0.6526851 0.3012154 0.6526851 0.3012154 0.6700744 0.3004397 0.6504076 0.3012154 0.6504076 0.3012154 0.6526851 0.4081049 0.6712856 0.4311179 0.6712836 0.4311179 0.688673 0.4081049 0.6690103 0.4311179 0.6690061 0.4311179 0.6712836 0.2533881 0.5828781 0.2533881 0.5654948 0.2546214 0.5654951 0.2533881 0.5632216 0.2546214 0.5632221 0.2546214 0.5654951 0.4066188 0.375954 0.4066188 0.3954557 0.4053851 0.3954557 0.4066188 0.3977312 0.4053851 0.3977312 0.4053851 0.3954557 0.2522021 0.5437551 0.2522021 0.5632212 0.2508898 0.5632208 0.2522021 0.5632212 0.2522021 0.5654943 0.2508899 0.565494 0.2533881 0.5828781 0.2546214 0.5828786 0.2546214 0.5850271 0.4081049 0.6886731 0.4311179 0.688673 0.4311179 0.6908223 0.3004397 0.6700744 0.3012154 0.6700744 0.3012154 0.6722236 0.8052681 0.1951146 0.8052608 0.2125052 0.80273 0.2125031 0.2526126 0.5828779 0.2533881 0.5828781 0.2533881 0.5850266 0.4559561 0.688673 0.4693304 0.688673 0.4693304 0.6908223 0.4311179 0.688673 0.4559561 0.688673 0.4559561 0.6908223 0.2964756 0.5828835 0.3016535 0.5828834 0.3016535 0.5850325 0.2786405 0.5828837 0.2838747 0.5828836 0.2838747 0.5850325 0.2838747 0.5828836 0.2964756 0.5828835 0.2964756 0.5850325 0.6310238 0.3642597 0.6310238 0.3621103 0.6323661 0.3621103 0.4635299 0.3620371 0.4604268 0.3620387 0.4601356 0.08384305 0.6283128 0.3642599 0.6283128 0.3621103 0.629683 0.3621103 0.1724429 0.6448476 0.1724429 0.6427078 0.172954 0.6427078 0.172954 0.6448476 0.172954 0.6427078 0.1752758 0.6427078 0.1752758 0.6448476 0.1752758 0.6427078 0.1757475 0.6427078 0.296738 0.6286652 0.296738 0.6265359 0.2972097 0.6265359 0.2972098 0.6286652 0.2972097 0.6265359 0.2995295 0.6265359 0.2995295 0.6286652 0.2995295 0.6265359 0.3000006 0.6265359 0.5896874 0.3620372 0.5865847 0.3620379 0.5864462 0.08384221 0.4016262 0.6115251 0.4029389 0.6115251 0.4029389 0.6136743 0.8040272 0.4998831 0.8040151 0.5194528 0.8014843 0.5194507 0.6389069 0.3621103 0.6400816 0.3621103 0.6400816 0.3642596 0.8204175 0.2146806 0.822948 0.2146785 0.822948 0.2168862 0.6376177 0.3643915 0.6388989 0.3643915 0.6388989 0.3665407 0.8103127 0.1515012 0.8128432 0.1514992 0.8128503 0.1688898 0.6337003 0.3643915 0.6350165 0.3643915 0.6350165 0.3665407 0.3479112 0.3707841 0.3475983 0.3707506 0.3476834 0.36895 0.6323609 0.3643915 0.6337003 0.3643915 0.6337003 0.3665408 0.8052699 0.1078858 0.8052634 0.1252763 0.8027326 0.1252743 0.4029727 0.6136745 0.4042353 0.6136745 0.4042353 0.6158239 0.3765827 0.7355234 0.3791133 0.7355212 0.3791153 0.7376708 0.6363124 0.3642596 0.6363124 0.3621103 0.6376172 0.3621102 0.1323983 0.6241009 0.1327193 0.6241527 0.1325215 0.6259874 0.6363239 0.3665409 0.6363239 0.3643915 0.6376178 0.3643915 0.8103156 0.3259553 0.8103036 0.3236757 0.8128342 0.3236736 0.4042353 0.6136745 0.4042353 0.6115251 0.4055401 0.6115251 0.7992924 0.6790563 0.7992908 0.6812058 0.7967601 0.6812036 0.6388989 0.3665409 0.6388989 0.3643915 0.6401359 0.3643915 0.3844602 0.3746916 0.3841108 0.3746542 0.3841959 0.3728536 0.6376173 0.3642597 0.6376173 0.3621103 0.6389069 0.3621103 0.8144798 0.6616446 0.8170104 0.6616424 0.8170168 0.6790329 0.4016263 0.6158239 0.4016263 0.6136744 0.4028958 0.6136744 0.8249757 0.7289641 0.8275063 0.728962 0.8275066 0.7311113 0.6350165 0.366541 0.6350165 0.3643915 0.6363239 0.3643915 0.8102917 0.3041065 0.8128222 0.3041044 0.8128342 0.3236736 0.632366 0.3642597 0.632366 0.3621102 0.6336939 0.3621102 0.3734879 0.3735185 0.373156 0.373483 0.3732411 0.3716825 0.6350034 0.3642598 0.6350034 0.3621103 0.6363124 0.3621103 0.8144863 0.6790351 0.8170168 0.6790329 0.8170176 0.6811824 0.4029415 0.6136747 0.4029415 0.6115252 0.4042352 0.6115251 0.8052665 0.2823379 0.8027357 0.2823358 0.8027446 0.2800567 0.6310198 0.366541 0.6310198 0.3643915 0.6323609 0.3643915 0.3765287 0.6940539 0.3790593 0.6940518 0.3790593 0.6962595 0.6336939 0.3642598 0.6336939 0.3621103 0.6350034 0.3621102 0.8098227 0.7115874 0.8098169 0.7289778 0.8072862 0.7289757 0.6282795 0.3665411 0.6282795 0.3643915 0.629652 0.3643915 0.8052843 0.2604985 0.8052754 0.2800588 0.8027446 0.2800567 0.629683 0.3642598 0.6296829 0.3621103 0.6310237 0.3621102 0.7993322 0.6376026 0.7993322 0.6398103 0.7968015 0.6398083 0.4042823 0.6158241 0.4042823 0.6136745 0.4055401 0.6136745 0.8249692 0.6875476 0.8274997 0.6875454 0.8274997 0.6897533 0.629652 0.3665411 0.629652 0.3643915 0.6310198 0.3643915 0.8144655 0.6376026 0.816996 0.6376006 0.816996 0.6398083 0.79131 0.410973 0.79131 0.4088233 0.7917019 0.4088233 0.6442286 0.6759762 0.6191353 0.6759762 0.6191357 0.6753795 0.6442173 0.6920505 0.6191241 0.6920505 0.6191244 0.6916367 0.6442149 0.6955302 0.6191216 0.6955302 0.6191223 0.6945813 0.2786405 0.5850325 0.2608107 0.5837681 0.2615129 0.5817005 0.4079862 0.4476685 0.4079862 0.465052 0.4066188 0.4650515 0.74597 0.7155182 0.749004 0.6961632 0.7535345 0.696704 0.4066458 0.4976074 0.4066458 0.5149908 0.4053884 0.5149904 0.7311505 0.694042 0.7321675 0.6875455 0.7337726 0.6877272 0.4079862 0.4976074 0.4079862 0.5149908 0.4066458 0.5149904 0.5664057 0.7206179 0.5694474 0.7012636 0.5739895 0.7018018 0.4079908 0.3977297 0.4079908 0.4151131 0.4066188 0.4151126 0.1372091 0.5627352 0.138558 0.5496097 0.1388391 0.5498308 0.1737518 0.5817205 0.1737518 0.5991039 0.1724428 0.5991035 0.5879766 0.6991422 0.5889976 0.6926462 0.5906006 0.6928215 0.399173 0.4904271 0.399173 0.5078106 0.3978324 0.5078101 0.4874227 0.6870331 0.4702835 0.6858454 0.4759646 0.6691161 0.407952 0.5974851 0.407952 0.6148685 0.4066586 0.6148681 0.2786404 0.5437558 0.2742987 0.5440502 0.2749958 0.541997 0.1750604 0.5817205 0.1750604 0.5991039 0.1737518 0.5991035 0.6442898 0.614489 0.6440043 0.6145775 0.6431238 0.6135606 0.4079861 0.5475463 0.4079861 0.5649297 0.4066586 0.5649293 0.7423959 0.6875454 0.7245495 0.6862747 0.7252517 0.684207 0.3991411 0.590305 0.3991411 0.6076883 0.3978341 0.6076878 0.5815297 0.7401615 0.584246 0.722878 0.5959801 0.7231327 0.260536 0.5654959 0.260536 0.5828793 0.2591941 0.5828788 0.749004 0.6961632 0.7493367 0.6940419 0.7531613 0.6946107 0.2508898 0.6154332 0.2508898 0.6328167 0.2496006 0.6328162 0.7604776 0.668011 0.7490093 0.6674758 0.7497522 0.6652883 0.255858 0.6154347 0.255858 0.6328181 0.2546214 0.6328176 0.2786166 0.7153329 0.2671473 0.7147974 0.2678901 0.7126098 0.4029307 0.5919931 0.4029307 0.6093766 0.4016263 0.6093761 0.4874227 0.6696473 0.4759646 0.6691161 0.4767073 0.6669287 0.4055287 0.5919931 0.4055287 0.6093766 0.4042353 0.6093761 0.7423958 0.6462687 0.7380374 0.6465567 0.7387345 0.6445035 0.4042353 0.5919931 0.4042353 0.6093766 0.4029307 0.6093761 0.7425714 0.7371986 0.7429062 0.7350624 0.7603791 0.7350905 0.2534328 0.6154341 0.2534328 0.6328174 0.2521706 0.632817 0.7604776 0.6657375 0.7497522 0.6652883 0.756114 0.6465547 0.3991731 0.5403661 0.3991731 0.5577494 0.3978341 0.557749 0.2786166 0.7130596 0.2678901 0.7126098 0.2742519 0.6938763 0.2508898 0.5654943 0.2508899 0.5828778 0.249574 0.5828773 0.4874226 0.6673739 0.4767073 0.6669287 0.4830691 0.648195 0.2521706 0.6154341 0.2521706 0.6328174 0.2508899 0.632817 0.5055152 0.6870331 0.488376 0.6858454 0.4940571 0.6691163 0.249574 0.5654943 0.249574 0.5828777 0.2483997 0.5828773 0.7308182 0.6961633 0.7311505 0.694042 0.7349694 0.6946122 0.6442171 0.6923218 0.6191239 0.6923218 0.6191241 0.6920505 0.5927905 0.3620644 0.5930814 0.08384317 0.6179504 0.08385735 0.6442169 0.6926479 0.6191236 0.6926479 0.6191239 0.6923218 0.6442158 0.6942545 0.6191225 0.6942545 0.6191236 0.6926479 0.6442156 0.6945813 0.6191223 0.6945813 0.6191225 0.6942545 0.2558906 0.5654943 0.2558906 0.5828778 0.2546214 0.5828773 0.2563622 0.5654945 0.2563622 0.5828779 0.2558906 0.5828778 0.4666326 0.3620635 0.4667709 0.08384233 0.4917621 0.08384937 0.2586832 0.5654953 0.2586832 0.5828787 0.2563622 0.5828779 0.2591941 0.5654954 0.2591941 0.5828788 0.2586832 0.5828787 0.4066188 0.4151187 0.4053851 0.4151187 0.4053851 0.3977312 0.2522021 0.5654943 0.2522021 0.5828778 0.2508899 0.5828773 0.7340708 0.6050584 0.7354131 0.6050562 0.7354132 0.6246185 0.3002831 0.5850347 0.3016534 0.5850325 0.3016535 0.6046282 0.7382686 0.3320138 0.7395812 0.3320116 0.7395812 0.3515481 0.7393386 0.6050582 0.7405132 0.6050562 0.7405133 0.6245951 0.7380574 0.6050583 0.7393385 0.6050562 0.7393386 0.6245973 0.7369524 0.3320138 0.7382686 0.3320116 0.7382686 0.3515551 0.736718 0.6050584 0.7380574 0.6050562 0.7380574 0.6246022 0.6137471 0.6622727 0.6150096 0.6622707 0.6150096 0.681819 0.524899 0.6784071 0.5262039 0.6784048 0.5262039 0.6979555 0.7356584 0.3320137 0.7369523 0.3320116 0.7369523 0.3515645 0.7354132 0.6050584 0.736718 0.6050562 0.7367181 0.6246116 0.5236257 0.6588302 0.5248627 0.658828 0.5248627 0.6783856 0.7343688 0.3320137 0.7356584 0.3320116 0.7356585 0.3515715 0.6137401 0.6427032 0.6150096 0.642701 0.6150097 0.6622703 0.7330613 0.3320138 0.7343688 0.3320116 0.7343688 0.3515832 0.7327429 0.6050584 0.7340708 0.6050562 0.7340708 0.6246302 0.2490378 0.6741525 0.2503468 0.6741502 0.2503468 0.6937267 0.7314491 0.6050584 0.7327429 0.6050562 0.7327429 0.624635 0.5248628 0.6588256 0.5262038 0.6588234 0.5262039 0.6784046 0.2490373 0.6545684 0.2503468 0.6545663 0.2503468 0.6741499 0.5248628 0.6392392 0.5262352 0.6392368 0.5262353 0.658823 0.2490373 0.6349797 0.2503781 0.6349774 0.2503782 0.6545659 0.5236049 0.639239 0.5248627 0.6392368 0.5248628 0.6588278 0.3002832 0.6046308 0.301651 0.6046285 0.3016511 0.6242218 0.4081053 0.781947 0.4081053 0.7797973 0.4087027 0.7797973 0.4313158 0.7797973 0.4321774 0.7797911 0.4321774 0.7819411 0.4313156 0.7601225 0.432177 0.7601122 0.4321772 0.762396 0.4313157 0.7624042 0.4321772 0.762396 0.4321774 0.7797911 0.4081051 0.7624042 0.408105 0.7601227 0.4087025 0.7601225 0.4081053 0.7797973 0.4081051 0.7624042 0.4087026 0.7624042 0.6568564 0.3672258 0.6568563 0.3498334 0.6582241 0.3498333 0.6715084 0.3672257 0.6715083 0.3498334 0.672766 0.3498333 0.6595968 0.3672256 0.6595967 0.3498334 0.6609375 0.3498333 0.6582243 0.3672255 0.6582242 0.3498334 0.6595966 0.3498333 0.6636068 0.3672254 0.6636067 0.3498334 0.6649162 0.3498333 0.6609377 0.3672252 0.6609376 0.3498334 0.6622787 0.3498333 0.6688752 0.3672251 0.6688751 0.3498334 0.6701688 0.3498333 0.6662586 0.3672249 0.6662585 0.3498334 0.6675675 0.3498333 0.6622788 0.3672248 0.6622788 0.3498334 0.6636067 0.3498333 0.6675677 0.3672246 0.6675676 0.3498334 0.668875 0.3498333 0.6779817 0.3672245 0.6779817 0.3498334 0.6792513 0.3498333 0.676692 0.367224 0.676692 0.3498334 0.6779816 0.3498333 0.6844015 0.3672239 0.6844014 0.3498334 0.6856384 0.3498333 0.6727662 0.3672237 0.6727661 0.3498334 0.674071 0.3498333 0.6792513 0.3672236 0.6792513 0.3498334 0.6805452 0.3498333 0.6753872 0.3672235 0.6753872 0.3498334 0.676692 0.3498333 0.6831389 0.3672233 0.6831389 0.3498334 0.6844013 0.3498333 0.6701688 0.3672233 0.6701688 0.3498334 0.6715082 0.3498333 0.674071 0.3498334 0.6753872 0.3498333 0.6753872 0.3672231 0.6818578 0.3498334 0.6831389 0.3498333 0.6831389 0.367223 0.6856385 0.3498334 0.6868132 0.3498333 0.6868132 0.3672228 0.6805452 0.3498334 0.6818578 0.3498333 0.6818578 0.3672227 0.4002561 0.6167863 0.400256 0.5993936 0.4016262 0.5993935 0.6649163 0.3672242 0.6649162 0.3498334 0.6662585 0.3498333 0.7993184 0.6593849 0.7993322 0.6398103 0.8068993 0.6398141 0.8242415 0.5630386 0.8242422 0.5435015 0.8318093 0.5435019 0.7989118 0.5217499 0.7989276 0.5391421 0.7913613 0.5391468 0.2503468 0.6993882 0.2488703 0.6992284 0.2488703 0.6937269 0.4003256 0.7457374 0.4003416 0.7283453 0.4079086 0.7283502 0.8001515 0.3041065 0.800166 0.3236829 0.7925996 0.3236867 0.8292741 0.5871177 0.8292755 0.6066564 0.8217092 0.6066568 0.7360097 0.6359658 0.7345027 0.6358036 0.7345027 0.6303021 0.3765661 0.718131 0.3765827 0.7355234 0.3690164 0.7355282 0.7072658 0.3647689 0.7056998 0.3645994 0.7056998 0.359098 0.7390028 0.6359644 0.737509 0.6358036 0.737509 0.630302 0.7450677 0.6051858 0.7450677 0.6105723 0.7435287 0.6104428 0.7119719 0.364768 0.710406 0.3645995 0.710406 0.359098 0.7465888 0.3517119 0.7465888 0.3570985 0.7450631 0.3569701 0.7435287 0.6051909 0.7435287 0.6105775 0.7419294 0.6104429 0.6061186 0.7322961 0.6061354 0.7149038 0.6137024 0.714909 0.795145 0.2800753 0.7951596 0.2604985 0.8027267 0.2605025 0.8200606 0.3890478 0.8200622 0.3695086 0.8276292 0.3695091 0.2579835 0.7026856 0.2580008 0.720078 0.2504345 0.7200831 0.4003257 0.7021186 0.4003432 0.6847261 0.4079102 0.6847315 0.6020889 0.6964873 0.6005949 0.6963256 0.6005949 0.6908242 0.7435112 0.3573811 0.7435112 0.3627676 0.7419417 0.3626346 0.8001514 0.2168883 0.8001667 0.2364671 0.7926003 0.2364711 0.8249692 0.6897553 0.8249714 0.7092965 0.8174051 0.7092971 0.7404695 0.6359614 0.7390028 0.6358036 0.7390027 0.630302 0.2579852 0.6590617 0.2580032 0.6764543 0.2504369 0.6764596 0.5614807 0.3620438 0.5865847 0.3620379 0.5865883 0.3672795 0.7480746 0.3573741 0.7480746 0.3627608 0.7465766 0.3626347 0.7404961 0.3629069 0.7390426 0.3627495 0.7390426 0.357248 0.3658198 0.6997128 0.3643385 0.6995533 0.3643385 0.6940518 0.7360036 0.630299 0.7345044 0.6301367 0.7345044 0.6246353 0.7419425 0.35724 0.7405025 0.3570849 0.7405025 0.3515834 0.6020889 0.6966233 0.6020889 0.70201 0.6004868 0.7018743 0.7473776 0.332139 0.7473776 0.3375256 0.7458648 0.3373982 0.7481955 0.6164802 0.7481955 0.621867 0.7467249 0.6217432 0.4003258 0.6584944 0.400344 0.6411017 0.4079111 0.6411073 0.4666326 0.3620635 0.4917371 0.3620706 0.4917325 0.3673126 0.7951468 0.1928569 0.7951622 0.1732776 0.8027293 0.1732819 0.8195533 0.659352 0.8195557 0.6398103 0.8271227 0.639811 0.4353201 0.3620518 0.4604268 0.3620387 0.4604349 0.3672803 0.8001514 0.1296647 0.8001675 0.149246 0.7926012 0.1492502 0.741858 0.6163565 0.7405132 0.6162117 0.7405132 0.6107102 0.8204246 0.3041065 0.8204277 0.3236501 0.8128613 0.3236508 0.7487539 0.3376464 0.7487539 0.3430331 0.7473803 0.3429175 0.7389915 0.6302976 0.7374976 0.6301369 0.7374976 0.6246352 0.7329841 0.6303021 0.7314491 0.6301369 0.7314491 0.6246353 0.7450466 0.630432 0.7450466 0.6358186 0.7435117 0.6356886 0.7345029 0.6359681 0.7329825 0.6358035 0.7329825 0.630302 0.7465731 0.6247637 0.7465731 0.6301503 0.7450473 0.6300218 0.5262039 0.6980877 0.5262039 0.7034744 0.5246362 0.7033423 0.367301 0.6998291 0.367301 0.7052157 0.3659275 0.7050994 0.7951484 0.105633 0.7951647 0.08605128 0.8027318 0.08605575 0.8153886 0.2800425 0.8153918 0.2604985 0.8229588 0.2604994 0.7480472 0.6108371 0.7480472 0.6162237 0.7465492 0.6160967 0.7450474 0.6247656 0.7450474 0.6301522 0.7435083 0.6300218 0.798876 0.5871177 0.798893 0.6067014 0.7913267 0.6067058 0.8204175 0.2168883 0.8204215 0.2364344 0.8128551 0.2364353 0.7419415 0.3629052 0.7404961 0.3627496 0.7404961 0.357248 0.7088372 0.3647686 0.7072659 0.3645995 0.7072659 0.3590979 0.7443342 0.3321442 0.7443342 0.3375308 0.7427681 0.3373981 0.7360711 0.3572467 0.7345682 0.3570849 0.7345682 0.3515834 0.7480651 0.3517077 0.7480651 0.3570944 0.7465889 0.3569701 0.7345683 0.357248 0.7330614 0.3570849 0.7330614 0.3515834 0.7435084 0.6247704 0.7435084 0.630157 0.7419037 0.6300218 0.7195289 0.3647527 0.7181126 0.3645994 0.7181126 0.3590979 0.7458724 0.33766 0.7458724 0.3430467 0.7443376 0.3429175 0.7480514 0.6304271 0.7480514 0.6358137 0.7465752 0.6356887 0.8292779 0.5216973 0.8292785 0.5390868 0.8217122 0.5390868 0.7938747 0.5630857 0.7938918 0.5435016 0.8014588 0.5435063 0.8153903 0.1928241 0.8153944 0.1732776 0.8229614 0.1732788 0.8254906 0.2560898 0.8254907 0.2387004 0.8330577 0.2387005 0.7419095 0.6359593 0.7404695 0.6358035 0.7404695 0.630302 0.2503469 0.6995175 0.2503469 0.7049041 0.2488211 0.7047749 0.8242399 0.5827056 0.8242406 0.5653162 0.8318077 0.5653164 0.7465767 0.3573763 0.7465767 0.3627628 0.7450639 0.3626347 0.7988761 0.4998831 0.7988939 0.5194693 0.7913275 0.5194739 0.8204176 0.1296647 0.8204223 0.149213 0.812856 0.1492142 0.8292769 0.6089342 0.8292782 0.6263238 0.8217119 0.6263241 0.7329825 0.6359686 0.7314491 0.6358036 0.7314491 0.630302 0.7375088 0.635965 0.7360097 0.6358036 0.7360097 0.630302 0.7465491 0.6108394 0.7465491 0.616226 0.7450234 0.6160967 0.7450234 0.6108421 0.7450234 0.6162287 0.7434573 0.6160969 0.3688321 0.6998412 0.3688321 0.7052277 0.367301 0.7050989 0.8200575 0.4087151 0.820059 0.3913255 0.827626 0.3913261 0.7419037 0.6302933 0.7404583 0.6301367 0.7404583 0.6246352 0.7488241 0.3321341 0.7488241 0.3375207 0.7473776 0.3373981 0.4003596 0.7260646 0.4003775 0.706478 0.4079446 0.7064829 0.8153922 0.1056 0.8153971 0.08605128 0.8229641 0.08605271 0.8249737 0.7115744 0.8249757 0.7289641 0.8174094 0.7289646 0.7467248 0.6164843 0.7467248 0.6218709 0.7452169 0.6217431 0.715044 0.3647657 0.7135087 0.3645995 0.7135087 0.359098 0.8195487 0.6790196 0.8195509 0.6616298 0.8271179 0.6616305 0.6035857 0.6966134 0.6035857 0.702 0.6021013 0.7018743 0.3765287 0.6962615 0.3765474 0.7158501 0.3689811 0.7158551 0.8191606 0.5871177 0.8191661 0.6066684 0.8115998 0.6066698 0.8204308 0.3259281 0.8204335 0.3433179 0.8128672 0.3433187 0.7297593 0.3642379 0.7282239 0.3640726 0.7282239 0.3585711 0.7458649 0.3431791 0.7458649 0.3485657 0.7443362 0.3484361 0.7443362 0.3431816 0.7443362 0.3485683 0.7427681 0.3484362 0.8153824 0.2997104 0.8153853 0.2823206 0.8229523 0.2823215 0.7450631 0.351715 0.7450631 0.3571016 0.7435104 0.3569701 0.6061542 0.712623 0.606173 0.6930339 0.61374 0.6930391 0.8141364 0.5630527 0.8141421 0.5435015 0.8217091 0.5435032 0.8204254 0.2387125 0.8204289 0.2561025 0.8128625 0.2561035 0.7458648 0.3321413 0.7458648 0.3375278 0.7443342 0.3373982 0.6035857 0.6964877 0.6020889 0.6963257 0.6020889 0.6908242 0.8153826 0.2124922 0.8153862 0.1951022 0.8229533 0.1951034 0.7465806 0.6051843 0.7465806 0.6105709 0.7450678 0.6104428 0.2579445 0.6808137 0.257964 0.7004047 0.2503977 0.7004098 0.8191606 0.4998831 0.819167 0.5194361 0.8116006 0.5194377 0.8204271 0.1514914 0.8204313 0.1688814 0.8128649 0.1688826 0.367301 0.6997128 0.3658199 0.6995533 0.3658199 0.6940518 0.7435106 0.3517163 0.7435106 0.3571029 0.7419424 0.3569701 0.710406 0.3647683 0.7088373 0.3645994 0.7088373 0.3590979 0.7473776 0.3431769 0.7473776 0.3485636 0.7458649 0.3484362 0.815383 0.1252685 0.8153873 0.1078783 0.8229544 0.1078798 0.7435116 0.6304369 0.7435116 0.6358235 0.7419095 0.6356887 0.7452169 0.6164862 0.7452169 0.6218728 0.7436857 0.6217431 0.4003628 0.6824452 0.4003824 0.6628538 0.4079495 0.6628592 0.8098292 0.7093088 0.8098357 0.6897553 0.8174028 0.6897571 0.8191717 0.6089468 0.8191766 0.6263371 0.8116103 0.6263384 0.742118 0.6164924 0.742118 0.621879 0.7405132 0.6217431 0.7404581 0.6302955 0.7389913 0.6301367 0.7389913 0.6246352 0.7374975 0.6302984 0.7360036 0.6301366 0.7360036 0.6246352 0.8141256 0.5827214 0.8141307 0.5653311 0.8216977 0.5653327 0.7436857 0.6164894 0.7436857 0.621876 0.742118 0.6217431 0.2579445 0.6371873 0.2579648 0.6567806 0.2503985 0.656786 0.8144655 0.6398103 0.8144726 0.6593658 0.8069064 0.6593677 0.529952 0.3620571 0.5581906 0.3620505 0.5581942 0.3672921 0.8191733 0.5217147 0.819179 0.5391051 0.8116127 0.5391067 0.7165791 0.3647656 0.715044 0.3645994 0.715044 0.3590979 0.7375614 0.3629109 0.7360628 0.3627495 0.7360628 0.357248 0.7480512 0.6051809 0.7480512 0.6105675 0.7465806 0.6104428 0.365869 0.6998417 0.365869 0.7052283 0.3643385 0.7050995 0.8098169 0.7289778 0.8098227 0.7115874 0.8173897 0.7115892 0.7434574 0.6108457 0.7434574 0.6162323 0.741858 0.6160967 0.4003645 0.6388205 0.400385 0.6192269 0.407952 0.6192324 0.8052772 0.1056071 0.8052846 0.08605128 0.8128516 0.08605337 0.8144798 0.6616446 0.8144863 0.6790351 0.8069199 0.6790369 0.4950276 0.3620784 0.5232734 0.3620862 0.5232689 0.3673283 0.8052634 0.1252763 0.8052699 0.1078858 0.812837 0.1078879 0.8254907 0.2364229 0.8254906 0.2168883 0.8330577 0.2168884 0.7181126 0.3647654 0.7165791 0.3645994 0.7165791 0.359098 0.8102967 0.1296647 0.8103047 0.1492224 0.8027384 0.1492244 0.2967376 0.6722349 0.301501 0.6722236 0.3015242 0.6918252 0.296784 0.6941182 0.2967608 0.6918365 0.3015242 0.6918252 0.6755988 0.6916367 0.6474989 0.6916367 0.6475098 0.6759762 0.1080567 0.6201832 0.08253842 0.6160762 0.08358407 0.6063786 0.2968047 0.7115111 0.301568 0.7114998 0.3015706 0.7136495 0.6021531 0.674562 0.6021531 0.6902273 0.5991775 0.6902273 0.7905179 0.08384144 0.7925851 0.08723813 0.7919082 0.08737158 0.7642201 0.08902627 0.7662873 0.0924229 0.7653112 0.09261536 0.08675771 0.5677714 0.08635294 0.5715259 0.03037691 0.5230643 0.5778426 0.3845151 0.578819 0.3843233 0.5887128 0.4006235 0.6911795 0.3504301 0.6897887 0.3504301 0.6897887 0.3498333 0.6044469 0.379289 0.605124 0.379156 0.6150177 0.3954562 0.6911795 0.3665093 0.6897888 0.3665093 0.6897888 0.3660954 0.7427556 0.3498965 0.7397804 0.3498965 0.7397807 0.3494827 0.6021531 0.6908242 0.5989662 0.6908242 0.5991775 0.6902273 0.7397807 0.3494827 0.7397916 0.3338223 0.7427668 0.3338223 0.7922989 0.3673382 0.814912 0.3673382 0.814912 0.3695459 0.6191244 0.6916367 0.6191353 0.6759762 0.6442286 0.6759762 0.6442176 0.6916367 0.6442286 0.6759762 0.6475098 0.6759762 0.6657882 0.6078174 0.6900987 0.6002733 0.6928775 0.6034638 0.1142334 0.5628983 0.08871519 0.5587913 0.08912438 0.5549961 0.789841 0.08397489 0.7919082 0.08737158 0.7662873 0.0924229 0.1132483 0.5720351 0.08772999 0.567928 0.08871519 0.5587913 0.61374 0.674562 0.61374 0.6902273 0.6021531 0.6902273 0.1110443 0.5924759 0.08552598 0.5883688 0.08732521 0.5716825 0.4087027 0.781947 0.4087027 0.7797973 0.4313158 0.7797973 0.5972509 0.3674323 0.5991487 0.3705583 0.5735208 0.3755925 0.6786785 0.6916367 0.6755988 0.6916367 0.6756097 0.6759762 0.6752567 0.6186888 0.668567 0.6110081 0.6928775 0.6034638 0.3978245 0.4604672 0.3975247 0.4761263 0.3937669 0.476093 0.616023 0.6916367 0.6160339 0.6759762 0.6191353 0.6759762 0.6143406 0.3955892 0.5887128 0.4006235 0.578819 0.3843233 0.4087027 0.7797973 0.4087026 0.7624042 0.4313157 0.7624042 0.6786785 0.6916367 0.6786895 0.6759762 0.6881209 0.6759762 0.1110443 0.5924759 0.1091024 0.6104857 0.08358407 0.6063786 0.4576686 0.6100057 0.4820379 0.602553 0.4941453 0.6166264 0.6897888 0.3660954 0.6897887 0.3504301 0.6911795 0.3504301 0.1128435 0.5757895 0.08732521 0.5716825 0.08772999 0.567928 0.4087025 0.7601225 0.4087024 0.74052 0.4313154 0.74052 0.3350777 0.3789264 0.3087567 0.3760871 0.3092036 0.3666207 0.6021531 0.6902273 0.61374 0.6902273 0.61374 0.6908242 0.1762838 0.4958681 0.1762836 0.1101308 0.2388603 0.1101307 0.1741256 0.1276933 0.1745055 0.1277258 0.172878 0.5240069 0.2390767 0.4925411 0.2390767 0.1068358 0.3016535 0.1068358 0.1222301 0.5150389 0.16485 0.1111946 0.1652168 0.1112536 0.1725007 0.5387933 0.1728669 0.5378609 0.17302 0.541363 0.2390767 0.09700453 0.2390767 0.09335583 0.3016535 0.09335583 0.1724503 0.5340744 0.1728303 0.534107 0.1728669 0.5378609 0.1762836 0.1002988 0.1762836 0.09571182 0.2388603 0.09571182 0.1671819 0.09168499 0.1679074 0.08799004 0.1678635 0.09066075 0.1762836 0.09571182 0.1762836 0.09145677 0.2388603 0.09145677 0.1665045 0.09610813 0.1671819 0.09168499 0.1672872 0.09361797 0.2390767 0.09335583 0.2390767 0.08996295 0.3016535 0.08996295 0.1730239 0.5468918 0.1732769 0.5443288 0.1736171 0.5465174 0.2390767 0.08996295 0.2390767 0.08710163 0.3016535 0.08710163 0.1726973 0.5431848 0.17302 0.541363 0.1732769 0.5443288 0.1762836 0.09145677 0.1762836 0.08787935 0.2388603 0.08787935 0.1762835 0.08527028 0.1762835 0.08384144 0.2388603 0.08384144 0.1762836 0.08787935 0.1762835 0.08527028 0.2388603 0.08527028 0.1679074 0.08799004 0.1686221 0.08532369 0.1684325 0.0885151 0.2390767 0.08710163 0.2390767 0.08500438 0.3016535 0.08500438 0.169268 0.08390229 0.1697924 0.0838415 0.1693682 0.08727532 0.1686221 0.08532369 0.169268 0.08390229 0.168948 0.08735519 0.2390767 0.08500438 0.2390767 0.08384144 0.3016535 0.08384144 0.1734544 0.5496134 0.1736171 0.5465174 0.1740126 0.5477509 0.1744806 0.5513136 0.1744315 0.5479291 0.1748396 0.5470375 0.2491177 0.6283765 0.2487588 0.6283764 0.2487588 0.5850263 0.1739534 0.5511283 0.1740126 0.5477509 0.1744315 0.5479291 0.2534328 0.5850271 0.2538788 0.58503 0.2538788 0.6283743 0.170153 0.0851463 0.1703202 0.08771049 0.1697964 0.0902934 0.7913096 0.410973 0.7930077 0.410973 0.7930077 0.4543231 0.1697924 0.0838415 0.170153 0.0851463 0.1696588 0.08828204 0.8218083 0.4976733 0.8205025 0.4976733 0.8205025 0.4543231 0.1703202 0.08771049 0.1702806 0.09132587 0.1697698 0.0931462 0.8205025 0.4976733 0.8178017 0.4976733 0.8178017 0.4543231 0.174993 0.5501541 0.1748396 0.5470375 0.1752039 0.5451486 0.7930077 0.410973 0.7964546 0.410973 0.7964546 0.4543231 0.175812 0.5442793 0.1754947 0.5424157 0.1756885 0.5390612 0.8178017 0.4976733 0.8139252 0.4976733 0.8139252 0.4543231 0.1754493 0.547744 0.1752039 0.5451486 0.1754947 0.5424157 0.7964546 0.410973 0.8013699 0.410973 0.8013699 0.4543231 0.1695809 0.09660851 0.1700375 0.09569883 0.1696329 0.1002526 0.8013699 0.410973 0.8073546 0.410973 0.8073546 0.4543231 0.1702806 0.09132587 0.1700375 0.09569883 0.1695809 0.09660851 0.8139252 0.4976733 0.809188 0.4976733 0.809188 0.4543231 0.169223 0.10062 0.1696329 0.1002526 0.1687833 0.1092322 0.809188 0.4976733 0.8036704 0.4976733 0.8036704 0.4543231 0.1756885 0.5390612 0.1757711 0.5351405 0.1761476 0.5355911 0.8073546 0.410973 0.8136174 0.410973 0.8136174 0.4543231 0.8259776 0.410973 0.8265594 0.410973 0.8265594 0.4543231 0.8036704 0.4976733 0.7913097 0.4976733 0.7913097 0.4543231 0.1757711 0.5351405 0.1759071 0.5263529 0.1762835 0.5268035 0.8136174 0.410973 0.8259776 0.410973 0.8259776 0.4543231 0.1756351 0.5513136 0.1760458 0.5513136 0.1760458 0.5535214 0.1756351 0.573056 0.1756351 0.5535214 0.1760458 0.5535214 0.3972687 0.5581417 0.3975476 0.5581412 0.3975476 0.560349 0.3972687 0.5603495 0.3975476 0.560349 0.3975477 0.579886 0.1753349 0.5513141 0.175635 0.5513136 0.175635 0.5535213 0.1753349 0.5535219 0.175635 0.5535213 0.175635 0.5730606 0.1750604 0.5513141 0.1753348 0.5513136 0.1753348 0.5535214 0.1750604 0.5535218 0.1753348 0.5535214 0.1753348 0.5730629 0.3999322 0.5472353 0.4002063 0.5472348 0.4002063 0.5494426 0.3999322 0.549443 0.4002063 0.5494426 0.4002063 0.5689865 0.3991785 0.5472352 0.399442 0.5472348 0.399442 0.5494425 0.3991785 0.549443 0.399442 0.5494425 0.399442 0.5689889 0.3994632 0.5472352 0.3997263 0.5472348 0.3997263 0.5494425 0.3994632 0.5494429 0.3997263 0.5494425 0.3997264 0.5689912 0.4056321 0.5171397 0.4058846 0.5171393 0.4058846 0.5193471 0.4056321 0.5193476 0.4058846 0.5193471 0.4058847 0.5388982 0.4058847 0.5171399 0.4061698 0.5171393 0.4061698 0.5193471 0.4058847 0.5193476 0.4061698 0.5193471 0.4061698 0.5389006 0.4061699 0.5171397 0.4064215 0.5171393 0.4064215 0.5193471 0.4061699 0.5193476 0.4064215 0.5193471 0.4064216 0.5389029 0.4064217 0.5171397 0.4066585 0.5171393 0.4066585 0.5193471 0.4064217 0.5193475 0.4066585 0.5193471 0.4066586 0.5389051 0.3973107 0.5145544 0.3975476 0.5145539 0.3975476 0.5167617 0.3973107 0.5167621 0.3975476 0.5167617 0.3975476 0.536322 0.3975477 0.5145544 0.3978322 0.5145539 0.3978322 0.5167617 0.3975477 0.5167621 0.3978322 0.5167617 0.3978323 0.5363314 0.3991762 0.5036347 0.3994418 0.5036343 0.3994418 0.505842 0.3991762 0.5058425 0.3994418 0.505842 0.3994419 0.5254141 0.3999321 0.5036321 0.4001977 0.5036316 0.4001977 0.5058394 0.3999321 0.5058398 0.4001977 0.5058394 0.4001978 0.5254139 0.3994421 0.5036293 0.3997262 0.5036289 0.3997262 0.5058366 0.3994421 0.5058371 0.3997262 0.5058366 0.3997263 0.5254135 0.399442 0.4600207 0.399726 0.4600202 0.399726 0.462228 0.399442 0.4622285 0.399726 0.462228 0.3997261 0.4818072 0.3999321 0.4600208 0.4002323 0.4600203 0.4002323 0.462228 0.3999321 0.4622285 0.4002323 0.462228 0.4002324 0.4818097 0.3991731 0.4600207 0.3994418 0.4600202 0.3994418 0.462228 0.3991731 0.4622284 0.3994418 0.462228 0.3994419 0.4818121 0.4055652 0.4172682 0.405834 0.4172677 0.405834 0.4194754 0.4055652 0.4194759 0.405834 0.4194754 0.4058341 0.439062 0.4058343 0.4172682 0.4061173 0.4172677 0.4061173 0.4194754 0.4058343 0.4194759 0.4061173 0.4194754 0.4061173 0.4390645 0.4061175 0.4172681 0.4063691 0.4172677 0.4063691 0.4194754 0.4061175 0.4194759 0.4063691 0.4194754 0.4063692 0.4390668 0.4063693 0.4172682 0.4066185 0.4172677 0.4066185 0.4194754 0.4063693 0.4194759 0.4066185 0.4194754 0.4066185 0.4390692 0.4063696 0.4587429 0.4063695 0.4413504 0.4066187 0.4413504 0.4063695 0.4413504 0.4063695 0.4390693 0.4066185 0.4390692 0.4061178 0.4587402 0.4061177 0.4413478 0.4063693 0.4413477 0.4061177 0.4413478 0.4061176 0.4390668 0.4063692 0.4390668 0.4058346 0.4587377 0.4058344 0.4413453 0.4061174 0.4413453 0.4058344 0.4413453 0.4058344 0.4390645 0.4061173 0.4390645 0.4055655 0.4587349 0.4055653 0.4413427 0.4058342 0.4413427 0.4055653 0.4413427 0.4055653 0.4390621 0.4058341 0.439062 0.3991733 0.5014847 0.3991733 0.4840927 0.399442 0.4840926 0.3991733 0.4840927 0.3991732 0.4818121 0.3994419 0.4818121 0.3999323 0.501482 0.3999323 0.4840902 0.4002325 0.4840901 0.3999323 0.4840902 0.3999322 0.4818098 0.4002324 0.4818097 0.3994423 0.5014793 0.3994422 0.4840875 0.3997262 0.4840875 0.3994422 0.4840875 0.3994421 0.4818072 0.3997261 0.4818072 0.3994423 0.5450852 0.3994422 0.5276936 0.3997263 0.5276935 0.3994422 0.5276936 0.3994421 0.5254135 0.3997263 0.5254135 0.3999323 0.5450853 0.3999323 0.5276938 0.4001979 0.5276938 0.3999323 0.5276938 0.3999322 0.5254139 0.4001978 0.5254139 0.3991764 0.5450853 0.3991764 0.5276939 0.399442 0.5276939 0.3991764 0.5276939 0.3991763 0.5254141 0.3994419 0.5254141 0.3975479 0.5560023 0.3975478 0.5386111 0.3978323 0.538611 0.3975478 0.5386111 0.3975477 0.5363314 0.3978323 0.5363314 0.3973108 0.5559918 0.3973108 0.5386011 0.3975477 0.5386011 0.3973108 0.5386011 0.3973107 0.5363221 0.3975476 0.536322 0.4064218 0.5585746 0.4064217 0.5411841 0.4066586 0.541184 0.4064217 0.5411841 0.4064217 0.5389052 0.4066586 0.5389051 0.40617 0.5585722 0.40617 0.5411817 0.4064216 0.5411817 0.40617 0.5411817 0.40617 0.5389029 0.4064216 0.5389029 0.4058848 0.5585696 0.4058848 0.5411792 0.4061698 0.5411792 0.4058848 0.5411792 0.4058848 0.5389006 0.4061698 0.5389006 0.4056321 0.5585669 0.4056321 0.5411767 0.4058847 0.5411766 0.4056321 0.5411767 0.4056321 0.5388982 0.4058847 0.5388982 0.3994632 0.5886597 0.3994632 0.5712696 0.3997264 0.5712695 0.3994632 0.5712696 0.3994632 0.5689913 0.3997264 0.5689912 0.3991786 0.5712671 0.399442 0.5712671 0.3994421 0.5886572 0.3991786 0.5712671 0.3991786 0.568989 0.399442 0.5689889 0.3999322 0.5712646 0.4002064 0.5712646 0.4002064 0.5886544 0.3999322 0.5712646 0.3999322 0.5689867 0.4002063 0.5689865 0.1750604 0.5753409 0.1753348 0.5753408 0.1753349 0.5927305 0.1750604 0.5753409 0.1750604 0.573063 0.1753348 0.5730629 0.1753349 0.5753384 0.1756351 0.5753384 0.1756351 0.5927279 0.1753349 0.5753384 0.1753349 0.5730606 0.175635 0.5730606 0.3972687 0.5821637 0.3975477 0.5821636 0.3975477 0.5995531 0.3972687 0.5821637 0.3972687 0.5798861 0.3975477 0.579886 0.1756351 0.5753334 0.1760458 0.5753334 0.1760458 0.5927228 0.1756351 0.573056 0.1760458 0.573056 0.1760458 0.5753334 0.1756351 0.5927228 0.1760458 0.5927228 0.1760458 0.594872 0.3972687 0.5995531 0.3975477 0.5995531 0.3975477 0.6017023 0.1753349 0.5948771 0.1753349 0.5927279 0.1756351 0.5927279 0.1750604 0.5948799 0.1750604 0.5927305 0.1753349 0.5927305 0.3999322 0.5908038 0.3999322 0.5886544 0.4002064 0.5886544 0.3991786 0.5908064 0.3991786 0.5886572 0.3994421 0.5886572 0.3994632 0.590809 0.3994632 0.5886597 0.3997264 0.5886597 0.4056321 0.5607163 0.4056321 0.5585669 0.4058848 0.5585669 0.4058848 0.5585696 0.4061699 0.5585696 0.4061699 0.5607189 0.40617 0.5607215 0.40617 0.5585722 0.4064216 0.5585722 0.4064218 0.560724 0.4064218 0.5585746 0.4066587 0.5585746 0.3973108 0.5581412 0.3973108 0.5559918 0.3975477 0.5559918 0.3975479 0.5581517 0.3975479 0.5560023 0.3978323 0.5560023 0.3991764 0.5472348 0.3991764 0.5450853 0.399442 0.5450852 0.3999323 0.5472348 0.3999323 0.5450853 0.4001979 0.5450853 0.3994423 0.5472348 0.3994423 0.5450852 0.3997264 0.5450852 0.3994423 0.5036287 0.3994423 0.5014793 0.3997263 0.5014792 0.3999323 0.5036316 0.3999323 0.501482 0.4002326 0.501482 0.3991733 0.5036343 0.3991733 0.5014847 0.399442 0.5014847 0.4055655 0.4608845 0.4055655 0.4587349 0.4058343 0.4587349 0.4058346 0.4608873 0.4058346 0.4587377 0.4061175 0.4587377 0.4061178 0.4608898 0.4061178 0.4587402 0.4063694 0.4587402 0.4063696 0.4608926 0.4063696 0.4587429 0.4066188 0.4587429 0.3765661 0.718131 0.3790966 0.7181289 0.3791133 0.7355212 0.8102942 0.2146806 0.8128247 0.2146785 0.8128247 0.2168862 0.7951622 0.1710699 0.7951622 0.1732776 0.7926315 0.1732755 0.7951647 0.08605128 0.7951484 0.105633 0.7926177 0.1056309 0.6061354 0.7149038 0.6061186 0.7322961 0.6035878 0.7322941 0.8153826 0.2124922 0.8153821 0.2146416 0.8128514 0.2146395 0.8292785 0.5390868 0.8318091 0.5390847 0.8318092 0.5412339 0.2579445 0.6349795 0.260475 0.6349774 0.260475 0.6371851 0.7951322 0.1079134 0.7926014 0.1079113 0.7926177 0.1056309 0.8153853 0.2823206 0.8128545 0.2823184 0.8128578 0.2800404 0.8103196 0.2561181 0.8128501 0.256116 0.8128511 0.2582654 0.3699043 0.3731354 0.3696286 0.3731059 0.3697137 0.3713054 0.2579835 0.7026856 0.260514 0.7026835 0.2605314 0.720076 0.7951176 0.2125289 0.7951159 0.2146784 0.7925851 0.2146764 0.128825 0.6235257 0.1291247 0.623574 0.1289268 0.6254089 0.2580032 0.6764543 0.2605338 0.6764522 0.260536 0.6786019 0.798876 0.5871177 0.8014066 0.5871157 0.8014236 0.6066992 0.3442441 0.370392 0.3439513 0.3703607 0.3440364 0.3685601 0.4003432 0.6847261 0.4003257 0.7021186 0.397795 0.7021165 0.8204175 0.2168883 0.822948 0.2168862 0.822952 0.2364323 0.79891 0.6089819 0.798893 0.6067014 0.8014236 0.6066992 0.8204254 0.2387125 0.8204215 0.2364344 0.822952 0.2364323 0.8292766 0.4998831 0.8318071 0.499881 0.8318078 0.5194177 0.8254906 0.2168883 0.8254907 0.2364229 0.8229598 0.2364208 0.2579852 0.6590617 0.2605157 0.6590597 0.2605338 0.6764522 0.8292772 0.5194197 0.8318078 0.5194177 0.8318085 0.5216953 0.8191606 0.5849099 0.8216911 0.5849078 0.8216911 0.5871155 0.7938918 0.5435016 0.7938747 0.5630857 0.7913439 0.5630836 0.400344 0.6411017 0.4003258 0.6584944 0.397795 0.6584922 0.8040272 0.4976753 0.8040272 0.4998831 0.8014965 0.499881 0.8153944 0.1732776 0.8153903 0.1928241 0.8128595 0.192822 0.7938576 0.5653662 0.7913268 0.5653641 0.7913439 0.5630836 0.8153862 0.1951022 0.8128554 0.1951001 0.8128595 0.192822 0.798876 0.5849099 0.8014066 0.5849078 0.8014066 0.5871157 0.8191766 0.6263371 0.8217072 0.6263349 0.8217078 0.6284843 0.3771133 0.3739061 0.3768069 0.3738734 0.376892 0.3720728 0.8039922 0.5391237 0.8039909 0.5412731 0.80146 0.5412711 0.8242422 0.5435015 0.8242415 0.5630386 0.8217107 0.5630365 0.1411186 0.6255044 0.1413859 0.6255474 0.141188 0.6273823 0.7988761 0.4998831 0.8014066 0.499881 0.8014245 0.5194671 0.8204176 0.1296647 0.8229481 0.1296626 0.8229529 0.1492109 0.8242415 0.5630386 0.8242406 0.5653162 0.8217098 0.5653141 0.7989251 0.6263739 0.8014556 0.6263719 0.8014575 0.6285215 0.3516954 0.3711887 0.3513459 0.3711513 0.351431 0.3693507 0.7989118 0.5217499 0.7988939 0.5194693 0.8014245 0.5194671 0.8204271 0.1514914 0.8204223 0.149213 0.8229529 0.1492109 0.1162258 0.621498 0.1165097 0.6215438 0.1163119 0.6233786 0.2575817 0.6264391 0.2601123 0.626437 0.2601123 0.6285863 0.8292741 0.5871177 0.8318046 0.5871157 0.8318061 0.6066544 0.4003775 0.706478 0.4003596 0.7260646 0.3978288 0.7260625 0.8153971 0.08605128 0.8153922 0.1056 0.8128614 0.1055979 0.8292755 0.6066564 0.8318061 0.6066544 0.8318075 0.6089321 0.8098357 0.6875476 0.8098357 0.6897553 0.807305 0.6897533 0.4003416 0.7283453 0.3978108 0.7283431 0.3978288 0.7260625 0.8153873 0.1078783 0.8128565 0.1078763 0.8128614 0.1055979 0.8200622 0.3673008 0.8200622 0.3695086 0.8175314 0.3695065 0.8047139 0.6875476 0.8072445 0.6875455 0.8072445 0.6897533 0.4003775 0.7042703 0.4003775 0.706478 0.3978468 0.706476 0.8200622 0.3695086 0.8200606 0.3890478 0.8175297 0.3890457 0.8098169 0.7289778 0.8098162 0.7311272 0.8072854 0.7311251 0.3765287 0.6962615 0.3790593 0.6962595 0.3790779 0.7158481 0.8191606 0.5871177 0.8216911 0.5871155 0.8216966 0.6066662 0.8200575 0.4087151 0.8200573 0.4108644 0.8175265 0.4108623 0.1480776 0.6266245 0.1483746 0.6266723 0.1481767 0.628507 0.8200606 0.3890478 0.820059 0.3913255 0.8175281 0.3913235 0.3765661 0.718131 0.3765474 0.7158501 0.3790779 0.7158481 0.8047534 0.7290008 0.8072839 0.7289987 0.8072854 0.7311483 0.8254906 0.2560898 0.8254906 0.258239 0.8229598 0.2582369 0.8191717 0.6089468 0.8191661 0.6066684 0.8216966 0.6066662 0.3591116 0.3719815 0.3588024 0.3719484 0.3588875 0.3701479 0.4003256 0.7457374 0.4003236 0.747887 0.3977928 0.747885 0.1233946 0.6226518 0.1237334 0.6227063 0.1235355 0.6245412 0.2575817 0.5872377 0.2601123 0.5872356 0.2601123 0.6067702 0.8249692 0.6897553 0.8274997 0.6897533 0.827502 0.7092944 0.606173 0.6930339 0.6061542 0.712623 0.6036235 0.7126209 0.8141421 0.5435015 0.8141364 0.5630527 0.8116056 0.5630505 0.8249714 0.7092965 0.827502 0.7092944 0.8275042 0.7115723 0.6061354 0.7149038 0.6036046 0.7149017 0.6036235 0.7126209 0.8141307 0.5653311 0.8115999 0.565329 0.8116056 0.5630505 0.8292779 0.5216973 0.8318085 0.5216953 0.8318091 0.5390847 0.8153918 0.2582907 0.8153918 0.2604985 0.812861 0.2604964 0.8102967 0.127457 0.8128273 0.1274549 0.8128273 0.1296626 0.8195557 0.6398103 0.8195533 0.659352 0.8170225 0.6593498 0.2575817 0.6090498 0.2601123 0.6090477 0.2601123 0.626437 0.7951596 0.2582907 0.7951596 0.2604985 0.7926289 0.2604964 0.2579445 0.6808137 0.260475 0.6808117 0.2604945 0.7004025 0.8191606 0.4998831 0.8216912 0.499881 0.8216975 0.519434 0.8242406 0.5653162 0.8242399 0.5827056 0.8217091 0.5827036 0.8195533 0.659352 0.8195509 0.6616298 0.8170201 0.6616278 0.8153824 0.2997104 0.8153821 0.3018597 0.8128513 0.3018576 0.2575817 0.6067723 0.2601123 0.6067702 0.2601123 0.6090477 0.2579835 0.7026856 0.257964 0.7004047 0.2604945 0.7004025 0.2579445 0.6786059 0.260475 0.6786039 0.260475 0.6808117 0.8191733 0.5217147 0.819167 0.5194361 0.8216975 0.519434 0.8103198 0.1688919 0.8128503 0.1688898 0.8128512 0.1710392 0.3716371 0.3733206 0.3713443 0.3732894 0.3714294 0.3714888 0.3826195 0.3744948 0.3823 0.3744606 0.3823851 0.3726601 0.8292769 0.6089342 0.8318075 0.6089321 0.8318088 0.6263217 0.7951174 0.2997471 0.7951158 0.3018966 0.792585 0.3018945 0.1306232 0.6238152 0.1309229 0.6238635 0.130725 0.6256983 0.8204246 0.3041065 0.8229551 0.3041044 0.8229582 0.323648 0.4003824 0.6628538 0.4003628 0.6824452 0.397832 0.682443 0.2580008 0.720078 0.2605314 0.720076 0.2605335 0.7222256 0.3460376 0.3705837 0.3457082 0.3705486 0.3457933 0.368748 0.8098357 0.6897553 0.8098292 0.7093088 0.8072984 0.7093067 0.820059 0.3913255 0.8200575 0.4087151 0.8175267 0.4087131 0.8204308 0.3259281 0.8204277 0.3236501 0.8229582 0.323648 0.4003432 0.6847261 0.3978124 0.6847241 0.397832 0.682443 0.8098227 0.7115874 0.8072919 0.7115853 0.8072984 0.7093067 0.8249737 0.7115744 0.8275042 0.7115723 0.8275063 0.728962 0.8204176 0.127457 0.8229481 0.1274549 0.8229481 0.1296626 0.8153918 0.2604985 0.8153886 0.2800425 0.8128578 0.2800404 0.2579445 0.6371873 0.260475 0.6371851 0.2604954 0.6567785 0.8144655 0.6398103 0.816996 0.6398083 0.8170032 0.6593638 0.8195509 0.6616298 0.8195487 0.6790196 0.8170179 0.6790174 0.8052843 0.2582907 0.8052843 0.2604985 0.8027535 0.2604964 0.2579852 0.6590617 0.2579648 0.6567806 0.2604954 0.6567785 0.8144798 0.6616446 0.8144726 0.6593658 0.8170032 0.6593638 0.8001514 0.127457 0.8026819 0.1274549 0.8026819 0.1296626 0.8204313 0.1688814 0.8229618 0.1688793 0.8229624 0.1710287 0.8204308 0.3259281 0.8229613 0.325926 0.8229641 0.3433158 0.3788896 0.374096 0.3785829 0.3740633 0.378668 0.3722627 0.400385 0.6170191 0.400385 0.6192269 0.3978542 0.6192248 0.8052586 0.2997286 0.8052576 0.301878 0.8027268 0.301876 0.1427819 0.6257721 0.1430658 0.6258178 0.1428679 0.6276527 0.400385 0.6192269 0.4003645 0.6388205 0.3978337 0.6388185 0.8052846 0.08605128 0.8052772 0.1056071 0.8027465 0.105605 0.1534029 0.6274815 0.1537126 0.6275313 0.1535147 0.6293662 0.8153853 0.2823206 0.8153824 0.2997104 0.8128516 0.2997083 0.800198 0.1689182 0.8027285 0.1689162 0.8027303 0.1710657 0.3535871 0.3713909 0.3532565 0.3713555 0.3533416 0.3695549 0.400344 0.6411017 0.3978133 0.6410996 0.3978337 0.6388185 0.8052699 0.1078858 0.8027392 0.1078838 0.8027465 0.105605 0.4003258 0.6584944 0.4003236 0.6606439 0.3977928 0.6606419 0.1179291 0.6217722 0.1182484 0.6218236 0.1180505 0.6236584 0.8204254 0.2387125 0.8229559 0.2387104 0.8229594 0.2561004 0.8254907 0.2387004 0.8254906 0.2560898 0.8229598 0.2560877 0.8102967 0.1296647 0.8128273 0.1296626 0.8128352 0.1492203 0.8153862 0.1951022 0.8153826 0.2124922 0.8128518 0.2124902 0.8254907 0.2364229 0.8254907 0.2387004 0.8229598 0.2386983 0.8141421 0.5412938 0.8141421 0.5435015 0.8116113 0.5434995 0.8103127 0.1515012 0.8103047 0.1492224 0.8128352 0.1492203 0.8242422 0.5412938 0.8242422 0.5435015 0.8217115 0.5434995 0.8090252 0.5412938 0.8115558 0.5412917 0.8115558 0.5434995 0.8204271 0.1514914 0.8229576 0.1514893 0.8229618 0.1688793 0.7938918 0.5412938 0.7938918 0.5435016 0.791361 0.5434995 0.8141256 0.5827214 0.814125 0.5848707 0.8115942 0.5848686 0.8052843 0.1732776 0.8052762 0.1928357 0.8027454 0.1928336 0.8153873 0.1078783 0.815383 0.1252685 0.8128522 0.1252664 0.1497993 0.6269015 0.1500967 0.6269493 0.1498988 0.6287842 0.8242399 0.5827056 0.8242398 0.584855 0.821709 0.5848528 0.8090623 0.5827444 0.8115928 0.5827423 0.8115942 0.5848918 0.8052681 0.1951146 0.8027372 0.1951125 0.8027454 0.1928336 0.3609647 0.3721796 0.3606334 0.3721442 0.3607186 0.3703436 0.8191717 0.6089468 0.8217023 0.6089448 0.8217072 0.6263349 0.7938423 0.5827583 0.7938404 0.5849079 0.7913097 0.5849058 0.1252468 0.62295 0.1255673 0.6230015 0.1253694 0.6248363 0.8102942 0.2168883 0.8128247 0.2168862 0.8128335 0.2364462 0.8141307 0.5653311 0.8141256 0.5827214 0.8115949 0.5827193 0.8103117 0.2387273 0.810303 0.2364483 0.8128335 0.2364462 0.8191733 0.5217147 0.8217039 0.5217127 0.8217096 0.539103 0.396737 0.5284157 0.396737 0.5351971 0.3964519 0.5351045 0.7025614 0.6445063 0.7018643 0.6465596 0.7016092 0.6464625 0.6890786 0.6842098 0.6883765 0.6862774 0.6881213 0.6861805 0.3967588 0.514658 0.3967588 0.5214393 0.3964519 0.5213395 0.3935749 0.564503 0.3928778 0.5665562 0.3926032 0.5664518 0.3800921 0.6042065 0.37939 0.6062741 0.3791153 0.6061697 0.3970177 0.5284141 0.3970177 0.5351957 0.396737 0.5351045 0.5016077 0.6460464 0.5018588 0.6461419 0.5011617 0.6481952 0.488376 0.6858454 0.4876738 0.6879131 0.4874228 0.6878176 0.3964419 0.5284141 0.3964419 0.5351955 0.3961616 0.5351045 0.4835154 0.6460464 0.4837662 0.6461418 0.4830691 0.648195 0.4700326 0.68575 0.4702835 0.6858454 0.4695813 0.687913 0.3972907 0.5421595 0.3972907 0.5489411 0.3970214 0.5488535 0.5953049 0.6496042 0.5946078 0.6516575 0.5943667 0.6515658 0.5818221 0.6893077 0.5811199 0.6913754 0.5808789 0.6912837 0.3972904 0.5490322 0.3972904 0.5558139 0.3970214 0.5557265 0.7384938 0.6444119 0.7387345 0.6445035 0.7380374 0.6465567 0.7250109 0.6841154 0.7252517 0.684207 0.7245495 0.6862747 0.3970192 0.5146414 0.3970192 0.5214231 0.396761 0.5213392 0.3935313 0.6643847 0.3928343 0.6664379 0.3926032 0.6663501 0.3798175 0.7040004 0.3800485 0.7040882 0.3793464 0.7061558 0.3973107 0.5146527 0.3973107 0.5214341 0.3970192 0.5213395 0.2749819 0.5919393 0.2742847 0.5939926 0.274024 0.5938934 0.2612382 0.6315436 0.261499 0.6316428 0.2607969 0.6337105 0.3970182 0.5215103 0.3970182 0.5282919 0.396761 0.5282084 0.756811 0.6445015 0.756114 0.6465547 0.7558838 0.6464672 0.7433282 0.6842049 0.7426261 0.6862726 0.7423959 0.6861851 0.405632 0.5172213 0.405632 0.5240031 0.4053899 0.5239245 0.7025229 0.694444 0.7018259 0.6964972 0.7016091 0.6964148 0.6888234 0.7340651 0.6890401 0.7341474 0.6883379 0.7362151 0.405632 0.5240852 0.405632 0.5308669 0.4053898 0.5307883 0.2928255 0.6917385 0.2930423 0.6918209 0.2923451 0.6938741 0.2795594 0.7315244 0.2788572 0.733592 0.2786405 0.7335097 0.3973107 0.5215327 0.3973107 0.5283141 0.3970198 0.5282196 0.2930859 0.5919392 0.2923887 0.5939925 0.2921285 0.5938934 0.2793427 0.6315438 0.279603 0.6316427 0.2789008 0.6337104 0.3970086 0.5352877 0.3970086 0.5420692 0.396737 0.5419811 0.5772186 0.6496046 0.5765215 0.6516577 0.5762785 0.6515654 0.5637357 0.6893081 0.5630335 0.6913757 0.5627906 0.6912834 0.3967371 0.5352892 0.3967371 0.5420707 0.3964655 0.5419825 0.5591303 0.6496044 0.5584332 0.6516577 0.5581902 0.6515654 0.5456474 0.6893081 0.5449452 0.6913756 0.5447023 0.6912832 0.3967589 0.5215377 0.3967589 0.5283191 0.3964684 0.5282247 0.3935603 0.6144452 0.3928632 0.6164985 0.3926032 0.6163997 0.3800774 0.6541487 0.3793752 0.6562164 0.3791153 0.6561176 0.396452 0.5215377 0.396452 0.5283191 0.3961616 0.5282248 0.2747211 0.6417853 0.2749809 0.6418841 0.2742838 0.6439372 0.2612382 0.6814888 0.261498 0.6815875 0.2607958 0.6836552 0.3964519 0.514658 0.3964519 0.5214393 0.3961449 0.5213395 0.2747212 0.5418925 0.2749958 0.541997 0.2742987 0.5440502 0.2615129 0.5817005 0.2608107 0.5837681 0.260536 0.5836637 0.3964363 0.5352887 0.3964363 0.5420702 0.3961616 0.541981 0.5407977 0.6495116 0.5410435 0.649605 0.5403463 0.6516583 0.5275605 0.6893087 0.5268584 0.6913762 0.5266125 0.6912828 0.3972962 0.5352867 0.3972962 0.5420683 0.3970214 0.541979 0.5197003 0.6460474 0.5199462 0.6461409 0.5192491 0.6481942 0.5062174 0.6857509 0.5064633 0.6858444 0.5057611 0.687912 0.3973107 0.5284121 0.3973107 0.5351935 0.3970213 0.5350995 0.2930845 0.6418839 0.2923873 0.6439371 0.2921285 0.6438387 0.2793427 0.6814889 0.2796015 0.6815873 0.2788994 0.683655 0.3978049 0.5582389 0.3978049 0.5650206 0.3975477 0.5649371 0.7746629 0.644414 0.774893 0.6445015 0.7741958 0.6465547 0.7611799 0.6841174 0.76141 0.6842049 0.7607079 0.6862726 0.3978049 0.5651069 0.3978049 0.5718885 0.3975501 0.5718057 0.2749491 0.691823 0.2742519 0.6938763 0.274024 0.6937896 0.2612382 0.7314398 0.2614661 0.7315265 0.260764 0.7335941 0.2742519 0.6938763 0.2678901 0.7126098 0.2676622 0.7125231 0.2676622 0.7125231 0.2678901 0.7126098 0.2671473 0.7147974 0.7741958 0.6465547 0.767834 0.6652883 0.7676039 0.6652008 0.767834 0.6652883 0.7670912 0.6674758 0.766861 0.6673883 0.2923873 0.6439371 0.2860255 0.6626707 0.2857666 0.6625723 0.2860255 0.6626707 0.2852827 0.6648582 0.2850238 0.6647598 0.5192491 0.6481942 0.5128872 0.6669277 0.5126413 0.6668342 0.5128872 0.6669277 0.5121445 0.6691153 0.5118985 0.6690217 0.5403463 0.6516583 0.5339845 0.6703919 0.5337387 0.6702985 0.5339845 0.6703919 0.5332417 0.6725794 0.5329958 0.672486 0.274024 0.5439458 0.2742987 0.5440502 0.2679368 0.5627837 0.2679368 0.5627837 0.267194 0.5649713 0.2669193 0.5648668 0.2742838 0.6439372 0.267922 0.6626709 0.2676622 0.662572 0.267922 0.6626709 0.2671791 0.6648584 0.2669193 0.6647596 0.3926032 0.6163997 0.3928632 0.6164985 0.3865014 0.6352321 0.3865014 0.6352321 0.3857585 0.6374196 0.3854986 0.6373208 0.5581902 0.6515654 0.5584332 0.6516577 0.5520713 0.6703913 0.5520713 0.6703913 0.5513285 0.6725788 0.5510855 0.6724866 0.5762785 0.6515654 0.5765215 0.6516577 0.5701597 0.6703913 0.5701597 0.6703913 0.5694168 0.6725788 0.5691739 0.6724866 0.2923887 0.5939925 0.2860269 0.6127261 0.2857667 0.612627 0.2860269 0.6127261 0.2852841 0.6149136 0.2850238 0.6148145 0.2921285 0.6937918 0.2923451 0.6938741 0.2859833 0.7126078 0.2859833 0.7126078 0.2852405 0.7147952 0.2850238 0.7147129 0.7016091 0.6964148 0.7018259 0.6964972 0.6954641 0.7152308 0.6952474 0.7151483 0.6954641 0.7152308 0.6947212 0.7174183 0.7558838 0.6464672 0.756114 0.6465547 0.7497522 0.6652883 0.7497522 0.6652883 0.7490093 0.6674758 0.7487792 0.6673883 0.274024 0.5938934 0.2742847 0.5939926 0.2679229 0.6127261 0.2676622 0.6126269 0.2679229 0.6127261 0.2671802 0.6149137 0.3926032 0.6663501 0.3928343 0.6664379 0.3864725 0.6851715 0.3862414 0.6850836 0.3864725 0.6851715 0.3857296 0.6873591 0.7377967 0.6464652 0.7380374 0.6465567 0.7316756 0.6652904 0.7316756 0.6652904 0.7309328 0.6674779 0.730692 0.6673863 0.5943667 0.6515658 0.5946078 0.6516575 0.588246 0.670391 0.588246 0.670391 0.5875032 0.6725786 0.5872622 0.6724869 0.4828183 0.6480997 0.4830691 0.648195 0.4767073 0.6669287 0.4767073 0.6669287 0.4759646 0.6691161 0.4757137 0.6690208 0.5009106 0.6480997 0.5011617 0.6481952 0.4947999 0.6669287 0.4947999 0.6669287 0.4940571 0.6691163 0.493806 0.6690208 0.3926032 0.5664518 0.3928778 0.5665562 0.386516 0.5852898 0.386516 0.5852898 0.3857732 0.5874773 0.3854986 0.5873729 0.7016092 0.6464625 0.7018643 0.6465596 0.6955025 0.6652931 0.6955025 0.6652931 0.6947597 0.6674807 0.6945046 0.6673837 0.2671473 0.7147974 0.2614661 0.7315265 0.2612382 0.7314398 0.766861 0.6673883 0.7670912 0.6674758 0.76141 0.6842049 0.2852827 0.6648582 0.2796015 0.6815873 0.2793427 0.6814889 0.5118985 0.6690217 0.5121445 0.6691153 0.5064633 0.6858444 0.5332417 0.6725794 0.5275605 0.6893087 0.5273147 0.6892152 0.267194 0.5649713 0.2615129 0.5817005 0.2612382 0.581596 0.2671791 0.6648584 0.261498 0.6815875 0.2612382 0.6814888 0.3857585 0.6374196 0.3800774 0.6541487 0.3798175 0.6540499 0.5513285 0.6725788 0.5456474 0.6893081 0.5454044 0.6892157 0.5691739 0.6724866 0.5694168 0.6725788 0.5637357 0.6893081 0.2852841 0.6149136 0.279603 0.6316427 0.2793427 0.6315438 0.2852405 0.7147952 0.2795594 0.7315244 0.2793427 0.731442 0.6947212 0.7174183 0.6890401 0.7341474 0.6888234 0.7340651 0.7490093 0.6674758 0.7433282 0.6842049 0.743098 0.6841174 0.2671802 0.6149137 0.261499 0.6316428 0.2612382 0.6315436 0.3857296 0.6873591 0.3800485 0.7040882 0.3798175 0.7040004 0.7309328 0.6674779 0.7252517 0.684207 0.7250109 0.6841154 0.5875032 0.6725786 0.5818221 0.6893077 0.5815811 0.689216 0.4759646 0.6691161 0.4702835 0.6858454 0.4700326 0.68575 0.4940571 0.6691163 0.488376 0.6858454 0.4881249 0.6857499 0.3857732 0.5874773 0.3800921 0.6042065 0.3798175 0.6041021 0.6947597 0.6674807 0.6890786 0.6842098 0.6888235 0.6841128 0.6242982 0.6206929 0.6240034 0.6207844 0.6231224 0.619767 0.3972122 0.6356756 0.3865014 0.6352321 0.3928632 0.6164985 0.2786332 0.5937008 0.2742847 0.5939926 0.2749819 0.5919393 0.2967375 0.5937008 0.2923887 0.5939925 0.2930859 0.5919392 0.3972122 0.637949 0.3857585 0.6374196 0.3865014 0.6352321 0.6517511 0.743045 0.6544701 0.7257617 0.6662086 0.7260158 0.2786334 0.6349775 0.2607969 0.6337105 0.261499 0.6316428 0.2967376 0.6349775 0.2789008 0.6337104 0.279603 0.6316427 0.158194 0.5661126 0.1595432 0.5529844 0.1598334 0.5532127 0.6477156 0.6134259 0.6474102 0.6135206 0.6465287 0.6125027 0.5236049 0.6479051 0.5192491 0.6481942 0.5199462 0.6461409 0.2786329 0.6827736 0.261498 0.6815875 0.2671791 0.6648584 0.1336131 0.5621564 0.1349627 0.5490248 0.1352634 0.5492614 0.4512634 0.6973183 0.4522834 0.6908223 0.4538869 0.690999 0.523605 0.6891818 0.5057611 0.687912 0.5064633 0.6858444 0.4874224 0.6457714 0.4837662 0.6461418 0.4857558 0.6393864 0.6548256 0.7235016 0.6578705 0.7041473 0.6624172 0.7046846 0.6544701 0.7257617 0.6548256 0.7235016 0.6658123 0.7237854 0.7062158 0.6853967 0.7062158 0.668011 0.717925 0.6673827 0.6150177 0.7451815 0.6153536 0.7430453 0.6328405 0.7430734 0.4693304 0.7388347 0.4696654 0.7366985 0.4871394 0.7367267 0.397212 0.614073 0.3935603 0.6144452 0.3955445 0.6076899 0.6214697 0.7041475 0.6218035 0.7020263 0.625642 0.7025918 0.4757646 0.6977995 0.4760974 0.6956781 0.4799232 0.6962466 0.2786405 0.5828836 0.2615129 0.5817005 0.267194 0.5649713 0.2786328 0.6631144 0.267922 0.6626709 0.2742838 0.6439372 0.6332154 0.7451812 0.6335514 0.7430451 0.6510403 0.743073 0.4874225 0.6479051 0.4830691 0.648195 0.4837662 0.6461418 0.2786329 0.6653879 0.2671791 0.6648584 0.267922 0.6626709 0.7792764 0.7350595 0.782 0.7177764 0.7937461 0.7180299 0.6396702 0.7041475 0.640004 0.7020261 0.6438444 0.7025913 0.4874227 0.6891818 0.4695813 0.687913 0.4702835 0.6858454 0.6225883 0.6212236 0.6222933 0.621315 0.6214123 0.6202976 0.6359323 0.6170826 0.6356776 0.6171615 0.6347984 0.616146 0.5447023 0.6904973 0.5275605 0.6893087 0.5332417 0.6725794 0.3972121 0.6162068 0.3928632 0.6164985 0.3935603 0.6144452 0.6218035 0.7020263 0.6228249 0.6955302 0.6244276 0.6957048 0.7062159 0.6657376 0.7062159 0.6462687 0.7108199 0.6464616 0.4760974 0.6956781 0.477116 0.6891818 0.4787203 0.689361 0.3972122 0.6574835 0.3793752 0.6562164 0.3800774 0.6541487 0.1599888 0.5664016 0.161338 0.5532732 0.1616284 0.5535016 0.1459819 0.5641471 0.1473298 0.551031 0.1475805 0.5512282 0.7062158 0.668011 0.7062159 0.6657376 0.7171821 0.6651952 0.5269481 0.7401618 0.5296629 0.7228782 0.5413942 0.7231332 0.659744 0.6096931 0.6594762 0.6097763 0.6585964 0.6087601 0.1209871 0.5601243 0.1223354 0.5470041 0.1225991 0.5472115 0.640004 0.7020261 0.6410258 0.6955302 0.6426283 0.6957041 0.5055148 0.6457714 0.5018588 0.6461419 0.5038481 0.6393865 0.4081048 0.7404745 0.4084402 0.7383382 0.4259199 0.7383664 0.2967151 0.6914569 0.2930423 0.6918209 0.2950516 0.6850655 0.523605 0.6870331 0.5064633 0.6858444 0.5121445 0.6691153 0.4145469 0.6994397 0.41488 0.6973184 0.4187114 0.6978856 0.2786404 0.5632246 0.2679368 0.5627837 0.2742987 0.5440502 0.2786405 0.5654979 0.267194 0.5649713 0.2679368 0.5627837 0.7062158 0.6875455 0.7062158 0.6853967 0.7236065 0.6841118 0.545141 0.7401618 0.5478558 0.7228782 0.5595872 0.7231332 0.2786164 0.6914569 0.2749491 0.691823 0.2769519 0.6850677 0.7062159 0.6462687 0.706216 0.644135 0.7101226 0.6444084 0.2967369 0.6827736 0.2796015 0.6815873 0.2852827 0.6648582 0.6293359 0.6191295 0.6290644 0.6192138 0.6281844 0.6181975 0.505515 0.6479051 0.5011617 0.6481952 0.5018588 0.6461419 0.2967152 0.6935908 0.2923451 0.6938741 0.2930423 0.6918209 0.7823561 0.7155165 0.7854059 0.6961626 0.7899602 0.6966982 0.5055152 0.6891818 0.4876738 0.6879131 0.488376 0.6858454 0.41488 0.6973184 0.4158998 0.6908223 0.4175034 0.6909994 0.2967154 0.7348675 0.2788572 0.733592 0.2795594 0.7315244 0.782 0.7177764 0.7823561 0.7155165 0.7933502 0.7157995 0.6335514 0.7430451 0.6362701 0.7257617 0.6480082 0.7260159 0.152906 0.5652616 0.1542544 0.5521404 0.1545217 0.5523505 0.652873 0.6118254 0.6525841 0.611915 0.6517034 0.6108979 0.2786166 0.6935907 0.2742519 0.6938763 0.2749491 0.691823 0.1281995 0.5612851 0.1295486 0.5481586 0.129833 0.5483823 0.706216 0.644135 0.706216 0.6376004 0.7078362 0.637653 0.7785595 0.6853967 0.76141 0.6842049 0.7670912 0.6674758 0.2786166 0.7348675 0.260764 0.7335941 0.2614661 0.7315265 0.3971971 0.664018 0.3935313 0.6643847 0.3955324 0.6576293 0.5447022 0.6708382 0.5339845 0.6703919 0.5403463 0.6516583 0.5989661 0.6708381 0.588246 0.670391 0.5946078 0.6516575 0.5447022 0.6731116 0.5332417 0.6725794 0.5339845 0.6703919 0.76109 0.7350623 0.7638002 0.7177782 0.7755234 0.718034 0.5989661 0.6731116 0.5875032 0.6725786 0.588246 0.670391 0.6696152 0.7451812 0.6699513 0.743045 0.6874409 0.743073 0.5447021 0.6492356 0.5410435 0.649605 0.5430359 0.6428497 0.6760711 0.7041475 0.6764049 0.7020263 0.680246 0.7025912 0.2786166 0.7327186 0.2614661 0.7315265 0.2671473 0.7147974 0.5300179 0.7206181 0.5330581 0.7012636 0.5375976 0.7018024 0.4115084 0.7187944 0.4145469 0.6994397 0.419084 0.6999791 0.3971973 0.6661518 0.3928343 0.6664379 0.3935313 0.6643847 0.5296629 0.7228782 0.5300179 0.7206181 0.5409973 0.7209028 0.7429062 0.7350624 0.7456157 0.7177783 0.7573378 0.7180343 0.4111536 0.7210544 0.4115084 0.7187944 0.4224854 0.7190794 0.3971975 0.7074285 0.3793464 0.7061558 0.3800485 0.7040882 0.646003 0.6139573 0.6457175 0.614046 0.6448369 0.613029 0.5447022 0.6513693 0.5403463 0.6516583 0.5410435 0.649605 0.1354109 0.5624458 0.1367598 0.5493202 0.1370409 0.5495414 0.6764049 0.7020263 0.6774269 0.6955302 0.6790292 0.6957039 0.5447023 0.6926462 0.5268584 0.6913762 0.5275605 0.6893087 0.5236049 0.6673739 0.5128872 0.6669277 0.5192491 0.6481942 0.7423958 0.6657375 0.7316756 0.6652904 0.7380374 0.6465567 0.5236049 0.6696473 0.5121445 0.6691153 0.5128872 0.6669277 0.7423959 0.668011 0.7309328 0.6674779 0.7316756 0.6652904 0.7062157 0.6657376 0.6955025 0.6652931 0.7018643 0.6465596 0.7785594 0.6872515 0.7788955 0.6851153 0.7963854 0.6851432 0.5627903 0.6492356 0.5591303 0.6496044 0.5611244 0.6428491 0.7062157 0.668011 0.6947597 0.6674807 0.6955025 0.6652931 0.7850155 0.6462178 0.7853494 0.6440965 0.7891907 0.6446614 0.6184266 0.7235018 0.6214697 0.7041475 0.6260141 0.7046852 0.5482109 0.7206181 0.551251 0.7012636 0.5557906 0.7018024 0.5091039 0.7171542 0.5121423 0.6977995 0.5166793 0.6983389 0.5448054 0.742298 0.545141 0.7401618 0.5626232 0.7401899 0.6180711 0.7257619 0.6184266 0.7235018 0.6294107 0.7237859 0.5478558 0.7228782 0.5482109 0.7206181 0.5591903 0.7209028 0.5087491 0.7194142 0.5091039 0.7171542 0.5200807 0.7174392 0.551251 0.7012636 0.5515843 0.6991422 0.5554181 0.6997089 0.620916 0.6217425 0.6205933 0.6218426 0.6197111 0.6208239 0.6342912 0.6175917 0.6340365 0.6176708 0.6331573 0.6166554 0.5627904 0.6513693 0.5584332 0.6516577 0.5591303 0.6496044 0.3972196 0.5857306 0.386516 0.5852898 0.3928778 0.5665562 0.2967368 0.6631144 0.2860255 0.6626707 0.2923873 0.6439371 0.3971974 0.6856206 0.3864725 0.6851715 0.3928343 0.6664379 0.7853494 0.6440965 0.7863714 0.6376006 0.7879738 0.6377741 0.5627906 0.692646 0.5449452 0.6913756 0.5456474 0.6893081 0.1617442 0.5666841 0.1630943 0.5535473 0.163412 0.5537973 0.3972197 0.588004 0.3857732 0.5874773 0.386516 0.5852898 0.2967368 0.6653879 0.2852827 0.6648582 0.2860255 0.6626707 0.1477046 0.5644244 0.1490524 0.5513082 0.1493031 0.5515055 0.3971974 0.687894 0.3857296 0.6873591 0.3864725 0.6851715 0.6580057 0.6102326 0.6577353 0.6103165 0.6568554 0.6093001 0.1228118 0.560418 0.1241602 0.547297 0.1244264 0.5475064 0.3972193 0.564128 0.3935749 0.564503 0.3955506 0.5577476 0.5515843 0.6991422 0.5526047 0.6926462 0.5542079 0.6928225 0.5629984 0.7422978 0.5633341 0.7401615 0.5808188 0.7401896 0.7061958 0.69408 0.7025229 0.694444 0.7045323 0.6876886 0.5694474 0.7012636 0.569781 0.6991422 0.5736173 0.6997084 0.3825315 0.7353995 0.3855813 0.7160456 0.3901355 0.7165812 0.6366257 0.7235017 0.6396702 0.7041475 0.6442164 0.7046847 0.490915 0.7171544 0.49395 0.6977995 0.4984821 0.6983399 0.3821754 0.7376595 0.3825315 0.7353995 0.3935257 0.7356825 0.6362701 0.7257617 0.6366257 0.7235017 0.6476117 0.7237855 0.4905605 0.7194145 0.490915 0.7171544 0.5018868 0.7174399 0.651415 0.7451811 0.6517511 0.743045 0.6692404 0.743073 0.7785593 0.644135 0.774893 0.6445015 0.7768945 0.6377461 0.6578705 0.7041473 0.6582043 0.7020261 0.6620453 0.7025911 0.3972195 0.5662618 0.3928778 0.5665562 0.3935749 0.564503 0.6276615 0.6196492 0.6273786 0.6197369 0.6264982 0.6187201 0.505515 0.6673739 0.4947999 0.6669287 0.5011617 0.6481952 0.7785594 0.6657375 0.767834 0.6652883 0.7741958 0.6465547 0.706196 0.6962139 0.7018259 0.6964972 0.7025229 0.694444 0.2786333 0.6131696 0.2679229 0.6127261 0.2742847 0.5939926 0.7062158 0.6853967 0.6890786 0.6842098 0.6947597 0.6674807 0.3972197 0.6075385 0.37939 0.6062741 0.3800921 0.6042065 0.5055151 0.6696473 0.4940571 0.6691163 0.4947999 0.6669287 0.569781 0.6991422 0.5708019 0.6926462 0.5724049 0.6928216 0.7785595 0.668011 0.7670912 0.6674758 0.767834 0.6652883 0.7061961 0.7374905 0.6883379 0.7362151 0.6890401 0.7341474 0.2786334 0.6154429 0.2671802 0.6149137 0.2679229 0.6127261 0.6153536 0.7430453 0.6180711 0.7257619 0.6298073 0.7260163 0.1546635 0.5655444 0.1560124 0.5524197 0.1562909 0.5526388 0.6511763 0.6123519 0.6508535 0.6124522 0.6499714 0.6114333 0.7785593 0.6462687 0.7741958 0.6465547 0.774893 0.6445015 0.1299805 0.5615717 0.1313306 0.548435 0.1316484 0.548685 0.6582043 0.7020261 0.6592263 0.6955302 0.6608287 0.6957039 0.3972197 0.6053897 0.3800921 0.6042065 0.3857732 0.5874773 0.7785595 0.6875454 0.7607079 0.6862726 0.76141 0.6842049 0.7423956 0.644135 0.7387345 0.6445035 0.7407299 0.6377481 0.5846012 0.7206179 0.5876431 0.7012636 0.5921853 0.7018018 0.7641546 0.7155181 0.7671893 0.6961632 0.771721 0.6967038 0.7819704 0.6655719 0.7850155 0.6462178 0.7895627 0.6467549 0.584246 0.722878 0.5846012 0.7206179 0.5955833 0.7209023 0.7638002 0.7177782 0.7641546 0.7155181 0.7751259 0.7158038 0.7816147 0.6678319 0.7819704 0.6655719 0.7929574 0.6658558 0.3794519 0.7549424 0.3821754 0.7376595 0.3939215 0.7379129 0.5811939 0.7422977 0.5815297 0.7401615 0.5990145 0.7401896 0.7243936 0.7371994 0.7247281 0.7350631 0.7421951 0.7350913 0.2786403 0.5416219 0.2749958 0.541997 0.2769715 0.5352415 0.5876431 0.7012636 0.5879766 0.6991422 0.591813 0.6997082 0.08455371 0.5882124 0.08261179 0.6062222 0.02644187 0.5576767 0.3975132 0.4767229 0.3978324 0.5145539 0.3940746 0.5145207 0.5725586 0.3758082 0.5332267 0.4228842 0.5313119 0.419767 0.4016262 0.3673227 0.4016246 0.4048401 0.4002338 0.4048401 0.6160343 0.6753795 0.6150177 0.6376006 0.6181191 0.6376006 0.6756101 0.6753795 0.6745936 0.6376006 0.6776733 0.6376006 0.5778426 0.3845151 0.5385586 0.4315674 0.5332267 0.4228842 0.6786899 0.6753795 0.6776733 0.6376006 0.6871048 0.6376006 0.7345556 0.3673014 0.7596656 0.3673234 0.7596639 0.4049109 0.7653112 0.09261536 0.726283 0.1395983 0.7241972 0.136211 0.3675283 0.4600202 0.3675267 0.497562 0.3643397 0.497562 0.6191357 0.6753795 0.6181191 0.6376006 0.6432124 0.6376006 0.7596656 0.3673234 0.7629624 0.3673481 0.7629607 0.4049355 0.7345556 0.3673014 0.7345539 0.4048889 0.7314504 0.4048863 0.3791153 0.4600202 0.3791136 0.497562 0.3675267 0.497562 0.644229 0.6753795 0.6432124 0.6376006 0.6464937 0.6376006 0.4829663 0.6022691 0.512277 0.5519931 0.524458 0.5660175 0.691025 0.5999858 0.7198681 0.5496497 0.7226635 0.552829 0.08774292 0.5586347 0.08675771 0.5677714 0.03080272 0.5193188 0.5877382 0.4008153 0.5485434 0.4478229 0.5385586 0.4315674 0.08261179 0.6062222 0.08156615 0.6159197 0.02534204 0.5673509 0.6756101 0.6753795 0.6475102 0.6753795 0.6464937 0.6376006 0.08815211 0.5548395 0.08774292 0.5586347 0.03183895 0.5102042 0.7629624 0.3673481 0.7913097 0.3673728 0.791308 0.4049601 0.08156615 0.6159197 0.08119344 0.6193735 0.02494996 0.5707962 0.6938038 0.6031764 0.7226635 0.552829 0.7293934 0.5604829 0.08635294 0.5715259 0.08455371 0.5882124 0.02848446 0.5397104 0.02644187 0.5576767 0.02534204 0.5673509 0.01771414 0.5577988 0.5485434 0.4478229 0.5445386 0.4568524 0.5345233 0.4406328 0.02848446 0.5397104 0.02644187 0.5576767 0.01883727 0.5481445 0.4016246 0.4048401 0.4016243 0.4126537 0.4002336 0.4126537 0.03037691 0.5230643 0.02848446 0.5397104 0.02092307 0.530215 0.3675267 0.497562 0.3675264 0.505402 0.3643395 0.505402 0.1793854 0.7311477 0.1793854 0.7233311 0.204482 0.7233311 0.2358673 0.7311477 0.2358673 0.7233311 0.2389475 0.7233311 0.204482 0.7311478 0.204482 0.7233311 0.2077637 0.7233311 0.03080272 0.5193188 0.03037691 0.5230643 0.02285557 0.5136031 0.512277 0.5519931 0.5144103 0.5427013 0.5266126 0.5566901 0.5332267 0.4228842 0.5291752 0.4319686 0.5272545 0.4288583 0.7226635 0.552829 0.7247079 0.5435568 0.7314491 0.5511912 0.1762835 0.7311477 0.1762836 0.7233311 0.1793854 0.7233311 0.03226935 0.5064181 0.03183895 0.5102042 0.02434855 0.5007695 0.7629607 0.4049355 0.791308 0.4049601 0.7913078 0.4128494 0.3791136 0.497562 0.3791133 0.505402 0.3675264 0.505402 0.7345539 0.4048889 0.7596639 0.4049109 0.7596637 0.4128003 0.2358673 0.7311477 0.2077637 0.7311478 0.2077637 0.7233311 0.7596639 0.4049109 0.7629607 0.4049355 0.7629604 0.4128248 0.2389475 0.7311477 0.2389475 0.7233311 0.2483802 0.7233311 0.7314504 0.4048863 0.7345539 0.4048889 0.7345536 0.4127784 0.03183895 0.5102042 0.03080272 0.5193188 0.02329039 0.5098654 0.02534204 0.5673509 0.02494996 0.5707962 0.01731377 0.5612369 0.5385586 0.4315674 0.5345233 0.4406328 0.5291752 0.4319686 0.726283 0.1395983 0.7223252 0.1485898 0.720233 0.1452099 0.7198681 0.5496497 0.7219076 0.5403856 0.7247079 0.5435568 0.4016264 0.5615863 0.4016264 0.553749 0.405385 0.553749 0.01371723 0.5369796 0.01139658 0.5295359 0.01395064 0.5132711 0.4016242 0.4208248 0.4016241 0.4261925 0.4002333 0.4261925 0.01615715 0.5199816 0.01395064 0.5132711 0.016317 0.4982015 0.2358673 0.715907 0.2358674 0.7111538 0.2389475 0.7111538 0.3675262 0.5143373 0.3675262 0.5203284 0.3643392 0.5203284 0.1793855 0.715907 0.1793855 0.7111538 0.2044821 0.7111538 0.5253705 0.5471574 0.5133507 0.5339612 0.5118727 0.5284518 0.2044821 0.715907 0.2044821 0.7111538 0.2077637 0.7111538 0.01841777 0.5042328 0.016317 0.4982015 0.01684945 0.4948108 0.5266125 0.4399127 0.5285285 0.4428565 0.5293672 0.4501113 0.7303636 0.5426334 0.7237256 0.5354326 0.7224432 0.5303918 0.1762836 0.715907 0.1762837 0.7111538 0.1793855 0.7111538 0.02016425 0.4920659 0.0181452 0.4865594 0.01868343 0.4831319 0.7629603 0.4231847 0.7913076 0.4232078 0.7913075 0.4303599 0.3791132 0.5143373 0.3791131 0.5203284 0.3675262 0.5203284 0.7345535 0.423141 0.7596635 0.4231616 0.7596634 0.4303158 0.2358673 0.715907 0.2077637 0.715907 0.2077637 0.7111538 0.7596635 0.4231616 0.7629603 0.4231847 0.7629601 0.4303379 0.2483802 0.715907 0.2389475 0.715907 0.2389475 0.7111538 0.73145 0.4231384 0.7345535 0.423141 0.7345533 0.4302962 0.01892638 0.5006893 0.01684945 0.4948108 0.0181452 0.4865594 0.01193523 0.5493913 0.009531319 0.5414121 0.01002132 0.5382938 0.5285285 0.4428565 0.5338644 0.4510586 0.534599 0.4579541 0.7195411 0.1539677 0.7216281 0.157167 0.7219534 0.1626247 0.7237256 0.5354326 0.7209684 0.5324415 0.7197562 0.527537 0.4016264 0.5457316 0.4016264 0.5404948 0.405385 0.5404948 0.01240342 0.5461323 0.01002132 0.5382938 0.01139658 0.5295359 0.5338644 0.4510586 0.5438562 0.4664123 0.5443956 0.4726343 0.7219534 0.1626247 0.7925851 0.3320116 0.7905806 0.3290688 0.7197562 0.527537 0.6150177 0.3672987 0.6176388 0.3700414 0.4016264 0.5404948 0.4016266 0.3673228 0.4053851 0.3673228 0.01139658 0.5295359 0.01002132 0.5382938 5.01646e-4 0.3511071 0.5443956 0.4726343 0.6150177 0.642701 0.60542 0.6285784 0.01395064 0.5132711 0.01139658 0.5295359 0.001909554 0.342677 0.4016241 0.4261925 0.4016234 0.5993936 0.4002326 0.5993936 0.016317 0.4982015 0.01395064 0.5132711 0.00452423 0.3270213 0.2358674 0.7111538 0.2358675 0.5383868 0.2389477 0.5383868 0.3675262 0.5203284 0.3675254 0.6940518 0.3643385 0.6940518 0.1793855 0.7111538 0.1793856 0.5383868 0.2044822 0.5383868 0.5118727 0.5284518 0.4081049 0.3673283 0.4195342 0.3794302 0.2044821 0.7111538 0.2044822 0.5383868 0.2077639 0.5383868 0.01684945 0.4948108 0.016317 0.4982015 0.006946802 0.3125159 0.5293672 0.4501113 0.6002942 0.6210332 0.5984541 0.6183258 0.7224432 0.5303918 0.6176388 0.3700414 0.6239488 0.3766443 0.1762837 0.7111538 0.1762838 0.5383868 0.1793856 0.5383868 0.01868343 0.4831319 0.0181452 0.4865594 0.008818387 0.3013097 0.7913075 0.4303599 0.7913067 0.6050562 0.7629594 0.605035 0.3791131 0.5203284 0.3791124 0.6940518 0.3675254 0.6940518 0.7596634 0.4303158 0.7596626 0.6050139 0.7345526 0.604995 0.2358674 0.7111538 0.2077637 0.7111538 0.2077639 0.5383868 0.7629601 0.4303379 0.7629594 0.605035 0.7596626 0.6050139 0.2389475 0.7111538 0.2389477 0.5383868 0.2483804 0.5383868 0.7345533 0.4302962 0.7345526 0.604995 0.7314491 0.6049928 0.0181452 0.4865594 0.01684945 0.4948108 0.007491886 0.3092522 0.01002132 0.5382938 0.009531319 0.5414121 0 0.3541083 0.534599 0.4579541 0.60542 0.6285784 0.6002942 0.6210332 0.01771414 0.5577988 0.01240342 0.5461323 0.01371723 0.5369796 0.4016264 0.5457316 0.405385 0.5457316 0.405385 0.553749 0.7209684 0.5324415 0.7237256 0.5354326 0.7247079 0.5435568 0.7216281 0.157167 0.7195411 0.1539677 0.720233 0.1452099 0.5338644 0.4510586 0.5285285 0.4428565 0.5291752 0.4319686 0.01731377 0.5612369 0.01193523 0.5493913 0.01240342 0.5461323 0.02329039 0.5098654 0.01892638 0.5006893 0.02016425 0.4920659 0.7345535 0.423141 0.73145 0.4231384 0.7314502 0.4127757 0.2389475 0.715907 0.2483802 0.715907 0.2483802 0.7233311 0.7629603 0.4231847 0.7596635 0.4231616 0.7596637 0.4128003 0.2077637 0.715907 0.2358673 0.715907 0.2358673 0.7233311 0.7596635 0.4231616 0.7345535 0.423141 0.7345536 0.4127784 0.3791132 0.5143373 0.3675262 0.5143373 0.3675264 0.505402 0.7913076 0.4232078 0.7629603 0.4231847 0.7629604 0.4128248 0.02434855 0.5007695 0.02016425 0.4920659 0.0206784 0.4884839 0.1762836 0.7233311 0.1762836 0.715907 0.1793855 0.715907 0.7237256 0.5354326 0.7303636 0.5426334 0.7314491 0.5511912 0.5285285 0.4428565 0.5266125 0.4399127 0.5272545 0.4288583 0.02285557 0.5136031 0.01841777 0.5042328 0.01892638 0.5006893 0.2044821 0.715907 0.2077637 0.715907 0.2077637 0.7233311 0.5133507 0.5339612 0.5253705 0.5471574 0.5266126 0.5566901 0.1793854 0.7233311 0.1793855 0.715907 0.2044821 0.715907 0.3675262 0.5143373 0.3643393 0.5143373 0.3643395 0.505402 0.2358673 0.715907 0.2389475 0.715907 0.2389475 0.7233311 0.02092307 0.530215 0.01615715 0.5199816 0.01841777 0.5042328 0.4016243 0.4126537 0.4016242 0.4208248 0.4002335 0.4208247 0.01883727 0.5481445 0.01371723 0.5369796 0.01615715 0.5199816 0.5438562 0.4664123 0.5338644 0.4510586 0.5345233 0.4406328</float_array>
          <technique_common>
            <accessor source="#Hyd_001-mesh-map-0-array" count="17871" stride="2">
              <param name="S" type="float" />
              <param name="T" type="float" />
            </accessor>
          </technique_common>
        </source>
        <vertices id="Hyd_001-mesh-vertices">
          <input semantic="POSITION" source="#Hyd_001-mesh-positions" />
        </vertices>
        <lines count="1">
          <input semantic="VERTEX" source="#Hyd_001-mesh-vertices" offset="0" />
          <p>94 92</p>
        </lines>
        <triangles material="Material_003-material" count="5957">
          <input semantic="VERTEX" source="#Hyd_001-mesh-vertices" offset="0" />
          <input semantic="NORMAL" source="#Hyd_001-mesh-normals" offset="1" />
          <input semantic="TEXCOORD" source="#Hyd_001-mesh-map-0" offset="2" set="0" />
          <p>29 0 0 685 1 1 682 2 2 31 3 3 18 4 4 33 5 5 269 6 6 31 7 7 267 8 8 34 9 9 15 10 10 38 11 11 674 12 12 24 13 13 677 14 14 8 15 15 84 16 16 13 17 17 118 18 18 34 19 19 123 20 20 118 21 21 85 21 22 124 22 23 257 23 24 1560 24 25 1561 25 26 15 26 27 37 27 28 38 28 29 1942 29 30 692 30 31 1838 31 32 1554 32 33 86 33 34 1558 34 35 81 35 36 1561 25 37 1553 36 38 23 37 39 683 38 40 691 39 41 116 40 42 1530 41 43 1551 42 44 33 5 45 90 43 46 94 44 47 29 45 48 37 46 49 39 47 50 679 48 51 2232 49 52 684 50 53 120 41 54 32 41 55 122 41 56 266 41 57 0 41 58 262 41 59 117 41 60 32 41 61 6 41 62 9 51 63 93 52 64 85 53 65 39 47 66 14 54 67 13 54 68 28 55 69 37 27 70 27 56 71 121 57 72 34 19 73 24 13 74 24 58 75 38 11 76 28 59 77 267 8 78 21 60 79 265 61 80 21 62 81 33 5 82 23 37 83 82 41 84 32 41 85 22 41 86 71 63 87 44 64 88 72 65 89 44 66 90 99 67 91 98 68 92 56 69 93 45 70 94 47 71 95 97 72 96 41 73 97 43 74 98 56 75 99 99 76 100 115 77 101 72 78 102 98 79 103 107 80 104 108 81 105 41 82 106 96 83 107 79 84 108 101 85 109 100 86 110 78 87 111 102 88 112 101 85 113 77 89 114 103 90 115 102 88 116 76 91 117 104 92 118 103 90 119 75 93 120 105 94 121 104 92 122 74 95 123 106 96 124 105 94 125 73 97 126 107 80 127 106 96 128 48 98 129 40 99 130 42 100 131 63 101 132 109 102 133 108 81 134 62 103 135 110 104 136 109 102 137 61 105 138 111 106 139 110 104 140 60 107 141 112 108 142 111 106 143 59 109 144 113 110 145 112 108 146 58 111 147 114 112 148 113 110 149 57 113 150 115 77 151 114 112 152 64 114 153 43 115 154 41 116 155 48 98 156 62 117 157 63 118 158 49 119 159 61 120 160 62 117 161 50 121 162 60 122 163 61 120 164 51 123 165 59 124 166 60 122 167 52 125 168 58 126 169 59 124 170 58 126 171 54 127 172 57 128 173 57 128 174 55 129 175 56 69 176 79 130 177 65 131 178 78 132 179 78 132 180 66 133 181 77 134 182 77 134 183 67 135 184 76 136 185 76 136 186 68 137 187 75 138 188 75 138 189 69 139 190 74 140 191 74 140 192 70 141 193 73 142 194 70 141 195 72 65 196 73 142 197 96 143 198 33 144 199 94 145 200 23 146 201 41 147 202 43 148 203 26 149 204 40 150 205 36 151 206 1591 152 207 1592 153 208 42 154 209 97 155 210 48 156 211 42 157 212 84 16 213 89 158 214 95 159 215 80 160 216 1939 161 217 1938 162 218 253 41 219 83 41 220 82 41 221 32 41 222 80 41 223 6 41 224 90 43 225 1582 163 226 1574 164 227 84 165 228 130 166 229 13 166 230 95 159 231 1588 167 232 1584 168 233 1570 169 234 93 52 235 1568 170 236 850 171 237 2263 172 238 2261 173 239 24 58 240 681 174 241 677 175 242 94 44 243 1574 164 244 1580 176 245 688 177 246 21 60 247 690 178 248 124 179 249 1570 180 250 1572 181 251 40 182 252 97 72 253 42 183 254 1579 184 255 1936 185 256 40 186 257 23 187 258 97 188 259 92 189 260 114 112 261 71 190 262 70 191 263 113 110 264 70 191 265 69 192 266 112 108 267 69 192 268 68 193 269 111 106 270 68 193 271 67 194 272 110 104 273 67 194 274 66 195 275 109 102 276 66 195 277 65 196 278 108 81 279 65 196 280 64 197 281 106 96 282 55 198 283 54 199 284 105 94 285 54 199 286 53 200 287 104 92 288 53 200 289 52 201 290 103 90 291 52 201 292 51 202 293 102 88 294 51 202 295 50 203 296 101 85 297 50 203 298 49 204 299 100 86 300 49 204 301 48 156 302 107 80 303 45 205 304 55 198 305 115 77 306 46 206 307 71 190 308 98 68 309 47 207 310 45 208 311 63 101 312 96 83 313 40 209 314 43 210 315 100 86 316 97 155 317 89 158 318 1572 181 319 1588 167 320 25 211 321 123 20 322 121 57 323 30 212 324 117 41 325 2 41 326 20 213 327 122 41 328 30 212 329 679 214 330 121 57 331 674 12 332 8 15 333 124 179 334 89 158 335 35 215 336 118 18 337 123 20 338 260 216 339 133 217 340 261 218 341 259 219 342 132 220 343 260 216 344 261 218 345 1586 221 346 1590 222 347 95 223 348 132 224 349 84 165 350 262 41 351 127 41 352 268 41 353 252 225 354 130 226 355 259 227 356 18 4 357 131 228 358 90 43 359 1 229 360 128 230 361 18 4 362 134 231 363 138 232 364 135 233 365 136 234 366 137 235 367 141 236 368 137 237 369 139 238 370 138 239 371 137 240 372 135 241 373 141 242 374 136 243 375 139 244 376 140 245 377 141 246 378 134 247 379 136 248 380 144 249 381 140 250 382 137 251 383 147 252 384 137 253 385 141 254 386 146 255 387 140 256 388 145 257 389 147 258 390 136 259 391 146 41 392 143 260 393 150 261 394 151 262 395 144 263 396 146 264 397 147 265 398 142 266 399 144 267 400 150 268 401 150 269 402 147 270 403 151 271 404 143 272 405 145 273 406 142 274 407 143 275 408 147 276 409 146 277 410 153 278 411 149 279 412 154 280 413 148 281 414 150 282 415 149 283 416 154 284 417 150 285 418 151 286 419 153 287 420 142 288 421 148 289 422 153 290 423 151 291 424 143 292 425 158 293 426 152 293 427 159 294 428 157 295 429 149 296 430 152 297 431 152 298 432 154 299 433 159 300 434 158 301 435 148 301 436 157 301 437 158 302 438 154 303 439 153 304 440 161 305 441 155 305 442 156 306 443 160 307 444 152 308 445 155 309 446 155 310 447 159 311 448 156 312 449 161 313 450 157 314 451 160 315 452 161 316 453 159 317 454 158 41 455 397 318 456 166 319 457 163 320 458 162 321 459 166 322 460 163 323 461 394 324 462 162 325 463 388 326 464 166 327 465 394 328 466 391 329 467 386 330 468 156 331 469 161 332 470 164 333 471 165 333 472 172 333 473 165 56 474 167 56 475 166 56 476 172 334 477 166 335 478 163 336 479 164 337 480 167 338 481 171 339 482 172 340 483 162 341 484 164 342 485 169 343 486 170 344 487 176 345 488 170 56 489 171 56 490 165 56 491 170 346 492 172 347 493 176 348 494 169 349 495 171 349 496 168 349 497 176 350 498 164 351 499 169 352 500 173 353 501 174 354 502 175 355 503 174 356 504 168 357 505 170 358 506 175 359 507 170 360 508 176 361 509 173 362 510 168 363 511 179 364 512 175 365 513 169 366 514 173 367 515 177 368 516 178 368 517 182 369 518 178 370 519 179 371 520 174 372 521 178 373 522 175 373 523 182 373 524 177 374 525 179 374 526 181 375 527 182 376 528 173 377 529 177 378 530 188 379 531 187 380 532 189 381 533 187 382 534 181 383 535 178 56 536 187 384 537 182 385 538 189 386 539 188 387 540 181 388 541 180 389 542 189 390 543 177 391 544 188 392 545 184 393 546 185 394 547 186 395 548 183 396 549 187 397 550 185 56 551 185 398 552 189 399 553 186 400 554 183 401 555 188 402 556 180 403 557 184 404 558 189 405 559 188 406 560 194 407 561 193 408 562 191 409 563 190 410 564 185 411 565 193 412 566 193 413 567 186 414 568 191 415 569 194 416 570 183 417 571 190 418 572 194 419 573 186 420 574 184 421 575 198 422 576 192 423 577 199 423 578 197 424 579 193 425 580 192 56 581 192 426 582 191 427 583 199 428 584 198 429 585 190 430 586 197 431 587 198 432 588 191 433 589 194 434 590 195 435 591 196 436 592 204 437 593 203 438 594 192 439 595 196 440 596 196 441 597 199 442 598 204 443 599 195 444 600 197 445 601 203 446 602 195 447 603 199 448 604 198 449 605 200 450 606 201 451 607 202 452 608 207 453 609 196 454 610 201 455 611 201 456 612 204 456 613 202 456 614 200 457 615 203 458 616 207 459 617 200 460 618 204 461 619 195 462 620 209 463 621 208 464 622 206 465 623 205 466 624 201 467 625 208 468 626 208 469 627 202 470 628 206 471 629 209 472 630 207 473 631 205 474 632 209 475 633 202 476 634 200 477 635 215 478 636 208 479 637 214 56 638 214 480 639 206 481 640 217 482 641 215 483 642 209 484 643 205 485 644 216 486 645 206 487 646 209 488 647 211 489 648 212 489 649 213 490 650 214 491 651 216 492 652 217 493 653 210 494 654 214 495 655 212 496 656 213 497 657 214 498 658 217 499 659 211 500 660 215 501 661 210 502 662 211 503 663 217 504 664 216 505 665 219 506 666 221 507 667 222 508 668 221 56 669 210 56 670 212 56 671 221 509 672 213 510 673 222 511 674 219 512 675 210 513 676 218 514 677 222 515 678 211 516 679 219 41 680 226 517 681 225 518 682 227 519 683 225 520 684 218 521 685 221 522 686 225 523 687 222 524 688 227 525 689 226 526 690 218 526 691 220 527 692 227 41 693 219 41 694 226 41 695 231 528 696 230 529 697 224 530 698 230 531 699 220 532 700 225 533 701 230 534 702 227 535 703 224 536 704 231 537 705 220 538 706 223 539 707 224 540 708 226 541 709 231 41 710 234 542 711 233 543 712 229 544 713 233 545 714 223 546 715 230 547 716 233 548 717 224 549 718 229 550 719 234 551 720 223 551 721 228 551 722 229 552 723 231 553 724 234 554 725 238 555 726 236 556 727 232 557 728 236 56 729 228 56 730 233 56 731 236 558 732 229 559 733 232 560 734 238 561 735 228 562 736 237 563 737 232 564 738 234 565 739 238 566 740 241 567 741 235 568 742 242 569 743 235 570 744 237 571 745 236 572 746 242 573 747 236 574 748 232 575 749 241 576 750 237 576 751 240 577 752 242 578 753 238 579 754 241 41 755 248 580 756 239 580 757 249 581 758 239 582 759 240 583 760 235 584 761 239 585 762 242 586 763 249 587 764 248 588 765 240 589 766 247 590 767 249 591 768 241 592 769 248 41 770 244 593 771 245 594 772 246 595 773 245 596 774 247 597 775 239 598 776 245 599 777 249 600 778 246 601 779 244 602 780 247 603 781 243 604 782 246 605 783 248 606 784 244 41 785 243 607 786 85 608 787 244 609 788 124 610 789 245 611 790 246 612 791 124 613 792 244 614 793 85 615 794 118 616 795 243 617 796 245 618 797 28 55 798 680 619 799 681 620 800 250 41 801 126 41 802 80 41 803 380 621 804 344 622 805 383 623 806 254 624 807 267 8 808 265 61 809 255 41 810 262 41 811 250 41 812 256 625 813 269 6 814 267 8 815 39 626 816 254 624 817 29 0 818 83 41 819 250 41 820 80 41 821 7 627 822 1553 36 823 1530 41 824 39 626 825 252 225 826 256 625 827 26 149 828 266 41 829 264 41 830 128 628 831 273 629 832 131 630 833 129 631 834 272 632 835 128 628 836 131 630 837 1566 633 838 1582 634 839 269 6 840 129 635 841 1 56 842 252 225 843 271 636 844 269 6 845 271 637 846 260 216 847 272 632 848 21 62 849 691 39 850 690 638 851 250 41 852 268 41 853 258 41 854 377 639 855 344 640 856 345 641 857 264 41 858 255 41 859 253 41 860 374 642 861 345 643 862 347 644 863 273 629 864 1590 222 865 1566 633 866 275 645 867 276 646 868 274 647 869 277 648 870 278 649 871 276 650 872 279 651 873 280 652 874 278 649 875 281 653 876 282 654 877 280 655 878 283 656 879 284 657 880 282 654 881 285 658 882 286 659 883 284 660 884 287 661 885 288 662 886 286 659 887 289 663 888 290 664 889 288 663 890 291 665 891 292 666 892 290 664 893 293 667 894 294 668 895 292 669 896 297 670 897 319 671 898 321 672 899 294 673 900 297 674 901 296 675 902 297 674 903 274 647 904 296 675 905 287 676 906 309 677 907 311 678 908 319 679 909 320 680 910 321 681 911 321 681 912 298 682 913 301 683 914 282 684 915 304 685 916 280 41 917 290 686 918 316 687 919 314 688 920 283 689 921 305 690 922 307 691 923 291 692 924 317 693 925 293 694 926 278 695 927 299 696 928 276 697 929 288 698 930 310 699 931 286 700 932 296 701 933 298 702 934 320 703 935 279 704 936 300 705 937 303 706 938 289 707 939 311 678 940 313 708 941 297 670 942 301 709 943 275 710 944 282 684 945 308 711 946 306 712 947 292 713 948 318 714 949 316 687 950 283 689 951 309 677 952 285 715 953 293 694 954 319 671 955 295 716 956 278 695 957 304 685 958 302 717 959 290 686 960 312 718 961 288 698 962 274 719 963 299 696 964 298 702 965 279 704 966 305 690 967 281 56 968 291 692 969 313 708 970 315 720 971 275 710 972 300 705 973 277 721 974 286 700 975 308 711 976 284 41 977 296 701 978 318 714 979 294 722 980 317 723 981 318 724 982 319 725 983 315 726 984 316 727 985 317 723 986 313 728 987 314 729 988 315 730 989 311 731 990 312 732 991 313 733 992 309 734 993 310 735 994 311 731 995 307 736 996 308 737 997 309 738 998 305 739 999 306 740 1000 307 736 1001 303 741 1002 304 742 1003 305 742 1004 300 743 1005 302 741 1006 303 741 1007 301 683 1008 299 744 1009 300 745 1010 323 746 1011 294 747 1012 292 748 1013 324 749 1014 294 750 1015 322 751 1016 325 752 1017 295 753 1018 324 754 1019 323 755 1020 293 756 1021 325 757 1022 125 758 1023 325 757 1024 119 759 1025 119 760 1026 324 754 1027 10 761 1028 10 762 1029 322 751 1030 86 33 1031 125 763 1032 322 764 1033 323 746 1034 327 765 1035 328 766 1036 326 767 1037 329 768 1038 330 769 1039 328 768 1040 331 770 1041 332 771 1042 330 769 1043 333 772 1044 334 773 1045 332 774 1046 335 775 1047 336 776 1048 334 777 1049 337 778 1050 338 779 1051 336 780 1052 339 781 1053 340 782 1054 338 779 1055 341 783 1056 342 784 1057 340 785 1058 343 786 1059 344 787 1060 342 784 1061 345 788 1062 346 789 1063 344 788 1064 349 790 1065 371 791 1066 373 792 1067 346 793 1068 349 794 1069 348 795 1070 349 794 1071 326 767 1072 348 795 1073 339 796 1074 361 797 1075 363 798 1076 371 799 1077 372 800 1078 373 801 1079 373 801 1080 350 802 1081 353 803 1082 334 804 1083 356 805 1084 332 806 1085 342 807 1086 368 808 1087 366 41 1088 335 809 1089 357 810 1090 359 811 1091 343 812 1092 369 813 1093 345 814 1094 330 815 1095 351 816 1096 328 817 1097 338 818 1098 364 819 1099 362 820 1100 326 821 1101 372 822 1102 348 823 1103 331 824 1104 352 56 1105 355 825 1106 339 796 1107 365 826 1108 341 827 1109 327 828 1110 373 792 1111 353 829 1112 334 804 1113 360 41 1114 358 830 1115 344 831 1116 370 832 1117 368 808 1118 335 809 1119 361 797 1120 337 833 1121 345 814 1122 371 791 1123 347 834 1124 332 806 1125 354 835 1126 330 815 1127 342 807 1128 364 819 1129 340 836 1130 328 817 1131 350 837 1132 326 821 1133 333 838 1134 355 825 1135 357 810 1136 343 812 1137 365 826 1138 367 56 1139 329 839 1140 353 829 1141 352 56 1142 338 818 1143 360 41 1144 336 41 1145 348 823 1146 370 832 1147 346 840 1148 369 841 1149 370 842 1150 371 843 1151 367 844 1152 368 845 1153 369 841 1154 365 846 1155 366 847 1156 367 848 1157 363 849 1158 364 850 1159 365 851 1160 361 852 1161 362 853 1162 363 849 1163 359 854 1164 360 855 1165 361 856 1166 357 857 1167 358 858 1168 359 854 1169 355 859 1170 356 860 1171 357 857 1172 352 861 1173 354 862 1174 355 859 1175 353 863 1176 351 863 1177 352 864 1178 260 865 1179 384 866 1180 379 867 1181 374 868 1182 346 869 1183 380 870 1184 272 871 1185 382 872 1186 273 873 1187 379 867 1188 385 874 1189 378 875 1190 378 875 1191 383 876 1192 377 639 1193 380 870 1194 376 877 1195 374 868 1196 381 878 1197 375 879 1198 376 877 1199 272 880 1200 379 881 1201 375 882 1202 377 883 1203 376 884 1204 378 885 1205 376 884 1206 379 881 1207 378 885 1208 273 886 1209 384 887 1210 261 888 1211 384 887 1212 381 889 1213 385 890 1214 381 889 1215 383 623 1216 385 890 1217 334 891 1218 138 892 1219 335 893 1220 134 894 1221 334 895 1222 332 896 1223 332 897 1224 139 898 1225 134 899 1226 335 900 1227 139 901 1228 333 902 1229 163 903 1230 388 904 1231 162 905 1232 397 906 1233 387 907 1234 388 904 1235 387 907 1236 395 908 1237 386 330 1238 155 909 1239 392 910 1240 160 911 1241 389 912 1242 393 913 1243 392 910 1244 391 329 1245 393 913 1246 390 914 1247 160 915 1248 386 916 1249 161 917 1250 392 918 1251 387 919 1252 386 916 1253 393 920 1254 388 326 1255 387 919 1256 155 921 1257 395 922 1258 156 923 1259 389 924 1260 396 925 1261 395 922 1262 390 926 1263 397 318 1264 396 925 1265 685 1 1266 265 61 1267 688 177 1268 270 927 1269 1549 928 1270 1560 24 1271 406 929 1272 401 930 1273 400 931 1274 2169 932 1275 646 933 1276 2170 934 1277 420 935 1278 444 936 1279 442 937 1280 425 938 1281 452 939 1282 424 940 1283 436 941 1284 410 942 1285 406 943 1286 423 944 1287 431 945 1288 451 946 1289 405 947 1290 408 948 1291 404 949 1292 409 950 1293 422 951 1294 408 948 1295 437 952 1296 415 953 1297 409 954 1298 413 955 1299 441 956 1300 443 957 1301 419 958 1302 434 959 1303 407 960 1304 414 961 1305 402 962 1306 423 963 1307 410 964 1308 421 965 1309 419 966 1310 412 967 1311 420 968 1312 421 965 1313 413 969 1314 418 970 1315 420 968 1316 420 935 1317 438 971 1318 421 972 1319 425 938 1320 451 946 1321 450 973 1322 439 974 1323 436 975 1324 434 976 1325 409 954 1326 429 977 1327 437 952 1328 418 978 1329 433 979 1330 444 936 1331 412 980 1332 440 981 1333 441 956 1334 423 963 1335 416 982 1336 414 961 1337 425 983 1338 417 984 1339 416 982 1340 424 985 1341 415 986 1342 417 984 1343 399 987 1344 411 988 1345 398 989 1346 449 990 1347 452 991 1348 448 991 1349 448 991 1350 450 992 1351 447 993 1352 447 993 1353 451 994 1354 446 995 1355 446 995 1356 431 996 1357 432 997 1358 432 998 1359 430 998 1360 433 999 1361 433 1000 1362 445 1001 1363 444 1002 1364 444 1002 1365 443 1003 1366 442 1004 1367 442 1004 1368 441 1005 1369 438 1006 1370 438 1006 1371 440 1007 1372 439 974 1373 422 1008 1374 435 1009 1375 408 1010 1376 428 1011 1377 436 975 1378 427 1012 1379 414 1013 1380 432 1014 1381 403 1015 1382 413 955 1383 445 1016 1384 411 1017 1385 437 1018 1386 453 990 1387 449 990 1388 424 940 1389 453 1019 1390 422 1008 1391 402 1020 1392 430 1021 1393 431 945 1394 403 1015 1395 433 979 1396 399 1022 1397 407 960 1398 428 1023 1399 401 1024 1400 416 1025 1401 446 1026 1402 414 1013 1403 408 1010 1404 426 1027 1405 404 1028 1406 406 943 1407 427 1029 1408 436 941 1409 416 1025 1410 448 1030 1411 447 56 1412 421 972 1413 439 1031 1414 419 958 1415 411 1017 1416 430 1021 1417 398 1032 1418 417 1033 1419 449 1034 1420 448 1030 1421 429 1035 1422 435 1036 1423 437 1018 1424 419 966 1425 406 929 1426 410 964 1427 462 1037 1428 457 1038 1429 456 1039 1430 402 1020 1431 642 1040 1432 398 1032 1433 476 1041 1434 500 1042 1435 498 1043 1436 481 1044 1437 508 1045 1438 480 1046 1439 492 1047 1440 466 1048 1441 462 1049 1442 479 1050 1443 487 1051 1444 507 1052 1445 461 1053 1446 464 1054 1447 460 1055 1448 465 1056 1449 478 1057 1450 464 1054 1451 493 1058 1452 471 1059 1453 465 1060 1454 469 1061 1455 497 1062 1456 499 1063 1457 475 1064 1458 490 1065 1459 463 1066 1460 470 1067 1461 458 1068 1462 479 1069 1463 466 1070 1464 477 1071 1465 475 1072 1466 468 1073 1467 476 1074 1468 477 1071 1469 469 1075 1470 474 1076 1471 476 1074 1472 476 1041 1473 494 1077 1474 477 1078 1475 481 1044 1476 507 1052 1477 506 1079 1478 495 1080 1479 492 1081 1480 490 1082 1481 465 1060 1482 485 1083 1483 493 1058 1484 474 1084 1485 489 1085 1486 500 1042 1487 468 1086 1488 496 1087 1489 497 1062 1490 479 1069 1491 472 1088 1492 470 1067 1493 481 1089 1494 473 1090 1495 472 1088 1496 480 1091 1497 471 1092 1498 473 1090 1499 455 1093 1500 467 1094 1501 454 1095 1502 505 1096 1503 508 1097 1504 504 1098 1505 504 1098 1506 506 1099 1507 503 1100 1508 503 1100 1509 507 1101 1510 502 1102 1511 502 1102 1512 487 1103 1513 488 1104 1514 488 1105 1515 486 1105 1516 489 1106 1517 489 1000 1518 501 1107 1519 500 1108 1520 500 1108 1521 499 1109 1522 498 1110 1523 498 1110 1524 497 1111 1525 494 1112 1526 494 1112 1527 496 1113 1528 495 1080 1529 478 41 1530 491 1114 1531 464 1115 1532 484 1116 1533 492 1081 1534 483 1117 1535 470 1118 1536 488 1119 1537 459 1120 1538 469 1061 1539 501 1121 1540 467 1122 1541 493 1123 1542 509 1124 1543 505 1096 1544 480 1046 1545 509 1125 1546 478 41 1547 458 1126 1548 486 1127 1549 487 1051 1550 459 1120 1551 489 1085 1552 455 1128 1553 457 1129 1554 490 1065 1555 484 1130 1556 472 1131 1557 502 1132 1558 470 1118 1559 464 1115 1560 482 1133 1561 460 1134 1562 456 1135 1563 492 1047 1564 462 1049 1565 472 1131 1566 504 56 1567 503 56 1568 477 1078 1569 495 1136 1570 475 1064 1571 467 1122 1572 486 1127 1573 454 1137 1574 473 56 1575 505 56 1576 504 56 1577 485 1138 1578 491 1139 1579 493 1123 1580 475 1072 1581 462 1037 1582 466 1070 1583 525 1140 1584 1075 41 1585 1088 1141 1586 521 1142 1587 540 1143 1588 537 1144 1589 526 1145 1590 428 1146 1591 542 1147 1592 1085 41 1593 400 41 1594 1091 1148 1595 1074 41 1596 514 41 1597 1077 41 1598 534 1149 1599 516 1150 1600 533 1151 1601 518 1152 1602 1079 1153 1603 1081 1154 1604 532 1155 1605 510 1156 1606 527 1157 1607 540 1143 1608 526 1158 1609 542 1159 1610 513 1160 1611 534 1161 1612 530 1162 1613 1908 1163 1614 2047 1164 1615 2126 1165 1616 401 1166 1617 536 1167 1618 428 1146 1619 1075 41 1620 511 41 1621 1074 41 1622 514 41 1623 1086 41 1624 1077 41 1625 1828 1168 1626 427 1169 1627 1817 1170 1628 1078 1171 1629 520 1172 1630 1083 1173 1631 527 1157 1632 513 1174 1633 530 1175 1634 523 41 1635 1085 41 1636 1086 41 1637 518 1176 1638 537 1144 1639 535 1177 1640 535 1177 1641 553 1178 1642 551 1179 1643 543 1180 1644 530 1175 1645 546 1181 1646 1817 1170 1647 426 1182 1648 1819 1183 1649 428 1146 1650 552 1184 1651 429 1185 1652 530 1162 1653 550 1186 1654 546 1187 1655 556 1188 1656 542 1159 1657 558 1189 1658 548 1190 1659 527 1157 1660 543 1180 1661 534 1149 1662 549 1191 1663 550 1192 1664 542 1147 1665 429 1185 1666 558 1193 1667 553 1178 1668 540 1143 1669 556 1188 1670 525 1140 1671 529 41 1672 512 41 1673 538 41 1674 400 41 1675 522 41 1676 511 41 1677 531 41 1678 514 41 1679 535 1194 1680 516 1195 1681 518 1152 1682 574 1196 1683 1832 1197 1684 1821 1198 1685 529 41 1686 511 41 1687 512 41 1688 514 41 1689 539 41 1690 523 41 1691 630 1199 1692 672 1200 1693 671 1201 1694 539 41 1695 522 41 1696 523 41 1697 553 1178 1698 573 1202 1699 570 1203 1700 558 1193 1701 405 1204 1702 575 1205 1703 566 1206 1704 549 1191 1705 565 56 1706 564 1207 1707 543 1180 1708 559 1208 1709 573 1202 1710 558 1189 1711 575 1209 1712 546 1187 1713 566 1210 1714 562 1211 1715 429 1185 1716 568 1212 1717 405 1204 1718 1819 1183 1719 404 1213 1720 1820 1214 1721 559 1208 1722 546 1181 1723 562 56 1724 551 1179 1725 570 1203 1726 567 1215 1727 541 1216 1728 545 41 1729 529 41 1730 554 41 1731 427 41 1732 538 41 1733 528 41 1734 547 41 1735 531 41 1736 551 1217 1737 533 1218 1738 535 1194 1739 1605 1219 1740 665 1220 1741 1625 1221 1742 545 41 1743 528 41 1744 529 41 1745 531 41 1746 555 41 1747 539 41 1748 607 1222 1749 667 1223 1750 666 1224 1751 555 41 1752 538 41 1753 539 41 1754 1100 1225 1755 570 1203 1756 1103 1226 1757 559 1208 1758 1095 1227 1759 1092 1228 1760 1820 1214 1761 1109 1229 1762 1882 1230 1763 405 1204 1764 1101 1231 1765 1110 1232 1766 562 1211 1767 1099 1233 1768 1095 1234 1769 573 1202 1770 1108 1235 1771 1106 1236 1772 1097 1237 1773 559 1208 1774 1092 1228 1775 566 1206 1776 1098 1238 1777 1099 1239 1778 575 1205 1779 1110 1232 1780 1108 1240 1781 1103 1226 1782 573 1202 1783 1106 1236 1784 557 1241 1785 561 41 1786 545 41 1787 571 41 1788 426 41 1789 554 41 1790 544 41 1791 563 41 1792 547 41 1793 567 1242 1794 549 1243 1795 551 1217 1796 623 1244 1797 666 1224 1798 670 1245 1799 561 41 1800 544 41 1801 545 41 1802 563 41 1803 555 41 1804 547 41 1805 640 1246 1806 670 1245 1807 673 1247 1808 555 41 1809 571 41 1810 554 41 1811 587 1248 1812 606 1249 1813 603 1250 1814 592 1251 1815 484 1252 1816 608 1253 1817 600 1254 1818 582 1255 1819 599 1256 1820 598 1257 1821 576 1258 1822 593 1259 1823 590 1260 1824 608 1261 1825 606 1249 1826 579 1262 1827 600 1263 1828 596 1264 1829 457 1265 1830 602 1266 1831 484 1252 1832 1824 1267 1833 483 1268 1834 1825 1269 1835 593 1259 1836 579 1270 1837 596 1271 1838 584 1272 1839 603 1250 1840 601 1273 1841 1506 1274 1842 578 41 1843 1493 41 1844 1503 41 1845 456 41 1846 1508 1275 1847 577 41 1848 1495 41 1849 1492 41 1850 584 1276 1851 1497 1277 1852 1499 1278 1853 1703 1279 1854 2015 1280 1855 1707 1281 1856 578 41 1857 1492 41 1858 1493 41 1859 1495 41 1860 589 41 1861 1504 41 1862 1496 1282 1863 586 1283 1864 1501 1284 1865 589 41 1866 1503 41 1867 1504 41 1868 601 1273 1869 619 1285 1870 617 1286 1871 609 1287 1872 596 1271 1873 612 1288 1874 1825 1269 1875 482 1289 1876 1822 1290 1877 484 1252 1878 618 1291 1879 485 1292 1880 596 1264 1881 616 1293 1882 612 1294 1883 622 1295 1884 608 1261 1885 624 56 1886 614 1296 1887 593 1259 1888 609 1287 1889 600 1254 1890 615 1297 1891 616 1298 1892 608 1253 1893 485 1292 1894 624 228 1895 619 1285 1896 606 1249 1897 622 1295 1898 607 1222 1899 578 41 1900 591 1299 1901 588 41 1902 483 41 1903 456 41 1904 594 41 1905 580 41 1906 577 41 1907 601 1300 1908 582 1301 1909 584 1276 1910 532 1155 1911 651 1302 1912 515 1303 1913 595 41 1914 577 41 1915 578 41 1916 580 41 1917 605 41 1918 589 41 1919 564 1207 1920 656 1304 1921 548 1190 1922 589 41 1923 604 41 1924 588 41 1925 636 1305 1926 622 1295 1927 639 1306 1928 624 228 1929 461 1307 1930 641 1308 1931 616 1298 1932 631 1309 1933 632 1310 1934 630 1311 1935 609 1287 1936 625 1312 1937 622 1295 1938 641 56 1939 639 1306 1940 612 1294 1941 632 1313 1942 628 174 1943 485 1292 1944 634 1314 1945 461 1307 1946 1822 1290 1947 460 1315 1948 1826 1316 1949 609 1287 1950 628 1317 1951 625 1312 1952 617 1286 1953 636 1305 1954 633 1318 1955 607 1222 1956 611 41 1957 595 41 1958 604 41 1959 482 41 1960 483 41 1961 594 41 1962 613 41 1963 597 41 1964 617 1319 1965 599 1320 1966 601 1300 1967 548 1190 1968 650 1321 1969 532 1155 1970 611 41 1971 594 41 1972 595 41 1973 597 41 1974 621 41 1975 605 41 1976 640 1322 1977 1836 1323 1978 1827 1324 1979 621 41 1980 604 41 1981 605 41 1982 1531 1325 1983 636 1305 1984 1537 1326 1985 1515 1327 1986 628 1317 1987 1521 56 1988 1826 1316 1989 1513 1328 1990 1926 1329 1991 461 1307 1992 1533 1330 1993 1511 1331 1994 628 174 1995 1529 1211 1996 1521 1332 1997 639 1306 1998 1547 56 1999 1543 1333 2000 1525 1334 2001 625 1312 2002 1515 1327 2003 1529 1335 2004 631 1309 2005 1527 1336 2006 641 1308 2007 1511 1331 2008 1547 1337 2009 1537 1326 2010 639 1306 2011 1543 1333 2012 623 1244 2013 627 41 2014 611 41 2015 620 41 2016 460 41 2017 482 41 2018 610 41 2019 629 41 2020 613 41 2021 633 1338 2022 615 1339 2023 617 1319 2024 515 1340 2025 653 1341 2026 520 1342 2027 611 41 2028 626 41 2029 610 41 2030 613 41 2031 638 41 2032 621 41 2033 564 1343 2034 660 1344 2035 659 1345 2036 638 41 2037 620 41 2038 621 41 2039 644 1346 2040 642 1347 2041 645 1348 2042 649 1349 2043 2173 1350 2044 646 933 2045 398 1351 2046 643 1352 2047 399 1352 2048 2170 1353 2049 647 1354 2050 2171 1355 2051 403 1015 2052 643 1356 2053 644 1357 2054 2172 1358 2055 647 1359 2056 648 1360 2057 403 1361 2058 645 1362 2059 402 1363 2060 2172 1364 2061 649 1365 2062 2169 1364 2063 653 1366 2064 1619 1367 2065 1617 1368 2066 651 1369 2067 652 1370 2068 653 1366 2069 652 1370 2070 1621 1371 2071 1619 1367 2072 650 1372 2073 657 1373 2074 652 1370 2075 657 1373 2076 1623 1374 2077 1621 1371 2078 656 1375 2079 660 1376 2080 657 1373 2081 665 1377 2082 1627 1378 2083 1625 1379 2084 663 1380 2085 664 1381 2086 665 1377 2087 664 1381 2088 1629 1382 2089 1627 1378 2090 662 1383 2091 669 1384 2092 664 1381 2093 669 1384 2094 1631 1385 2095 1629 1382 2096 668 1386 2097 672 1387 2098 669 1384 2099 1595 1388 2100 653 1341 2101 1617 1389 2102 630 1311 2103 668 1390 2104 614 1296 2105 614 1296 2106 662 1391 2107 598 1257 2108 557 1241 2109 654 1392 2110 658 1393 2111 574 1394 2112 658 1393 2113 661 1395 2114 581 1396 2115 665 1220 2116 586 1397 2117 598 1257 2118 663 1398 2119 581 1399 2120 541 1216 2121 655 1400 2122 654 1392 2123 687 41 2124 264 41 2125 253 41 2126 25 1401 2127 684 1402 2128 91 1403 2129 82 41 2130 687 41 2131 253 41 2132 676 41 2133 22 41 2134 120 41 2135 1704 1404 2136 2066 1405 2137 2065 1406 2138 682 1193 2139 27 1407 2140 29 45 2141 22 41 2142 678 41 2143 82 41 2144 686 41 2145 26 149 2146 264 41 2147 689 1408 2148 120 41 2149 20 213 2150 704 1409 2151 688 177 2152 707 1410 2153 1893 1411 2154 2774 1412 2155 1746 1413 2156 700 1414 2157 680 619 2158 699 56 2159 698 1415 2160 674 12 2161 693 1416 2162 707 1410 2163 690 178 2164 709 1417 2165 677 175 2166 700 1418 2167 696 1419 2168 1158 1420 2169 2623 1421 2170 2617 1422 2171 1376 1423 2172 2680 1424 2173 1374 1425 2174 693 1416 2175 677 14 2176 696 56 2177 682 2 2178 704 1409 2179 701 1426 2180 720 1427 2181 704 1409 2182 723 1428 2183 693 1416 2184 715 1429 2185 712 1430 2186 1839 1431 2187 730 1432 2188 1841 1433 2189 710 1434 2190 721 1435 2191 729 1436 2192 696 1419 2193 719 1437 2194 715 1438 2195 707 1410 2196 728 1439 2197 726 1440 2198 717 1441 2199 693 1416 2200 712 1430 2201 700 1414 2202 718 1442 2203 719 1443 2204 709 1444 2205 729 1436 2206 728 1445 2207 723 1428 2208 707 1410 2209 726 1440 2210 706 41 2211 686 41 2212 687 41 2213 1764 1446 2214 2473 1447 2215 2474 1448 2216 678 41 2217 706 41 2218 687 41 2219 695 41 2220 675 41 2221 676 41 2222 1784 1449 2223 2380 1450 2224 2484 1451 2225 701 1452 2226 680 1453 2227 682 1193 2228 694 41 2229 678 41 2230 675 41 2231 705 41 2232 692 1454 2233 686 41 2234 708 1455 2235 676 41 2236 689 1408 2237 742 1456 2238 726 1440 2239 745 1457 2240 1166 1458 2241 2626 1459 2242 2621 1460 2243 738 1461 2244 718 1442 2245 737 1462 2246 736 1463 2247 712 1430 2248 731 1464 2249 726 1440 2250 747 1465 2251 745 1457 2252 715 1438 2253 738 1466 2254 734 1467 2255 1891 1468 2256 2772 1469 2257 2636 1470 2258 1742 1471 2259 2771 1472 2260 2772 1469 2261 731 1464 2262 715 1429 2263 734 56 2264 739 1473 2265 723 1428 2266 742 1456 2267 725 41 2268 705 41 2269 706 41 2270 698 1474 2271 722 1475 2272 703 1476 2273 716 41 2274 706 41 2275 697 41 2276 695 41 2277 713 41 2278 694 41 2279 1772 1477 2280 2125 1478 2281 2050 1479 2282 720 1480 2283 699 1481 2284 701 1452 2285 694 41 2286 716 41 2287 697 41 2288 705 41 2289 730 1482 2290 711 1483 2291 727 1484 2292 695 41 2293 708 1455 2294 758 1485 2295 742 1456 2296 761 1486 2297 731 1464 2298 753 1487 2299 750 1488 2300 1843 1489 2301 768 1490 2302 1845 1491 2303 748 1492 2304 759 1493 2305 767 1494 2306 734 1467 2307 757 1495 2308 753 1496 2309 745 1457 2310 766 1497 2311 764 1498 2312 755 1499 2313 731 1464 2314 750 1488 2315 738 1461 2316 756 1500 2317 757 1501 2318 747 1502 2319 767 1494 2320 766 1503 2321 761 1486 2322 745 1457 2323 764 1498 2324 744 41 2325 724 41 2326 725 41 2327 1292 1504 2328 2473 1447 2329 1763 1505 2330 735 41 2331 725 41 2332 716 41 2333 733 41 2334 713 41 2335 714 41 2336 1354 1506 2337 2370 1507 2338 2369 1508 2339 739 1509 2340 718 1510 2341 720 1480 2342 732 41 2343 716 41 2344 713 41 2345 724 41 2346 749 1511 2347 730 1482 2348 746 1512 2349 714 41 2350 727 1484 2351 780 1513 2352 764 1498 2353 783 1514 2354 1741 1515 2355 2627 1516 2356 2771 1472 2357 776 1517 2358 756 1500 2359 775 1518 2360 774 1519 2361 750 1488 2362 769 1520 2363 764 1498 2364 785 1521 2365 783 1514 2366 753 1496 2367 776 1522 2368 772 1523 2369 1110 1524 2370 2610 1525 2371 1108 1526 2372 957 1527 2373 2570 1528 2374 956 1529 2375 750 1488 2376 772 1530 2377 769 1520 2378 777 1531 2379 761 1486 2380 780 1513 2381 744 41 2382 762 41 2383 743 41 2384 736 1532 2385 760 1533 2386 741 1534 2387 754 41 2388 744 41 2389 735 41 2390 733 41 2391 751 41 2392 732 41 2393 1178 1535 2394 2023 1536 2395 1972 1537 2396 758 1538 2397 737 1539 2398 739 1509 2399 732 41 2400 754 41 2401 735 41 2402 743 41 2403 768 1540 2404 749 1511 2405 765 1541 2406 733 41 2407 746 1512 2408 796 1542 2409 780 1513 2410 799 1543 2411 769 1520 2412 791 1544 2413 788 1545 2414 1847 1546 2415 806 1547 2416 1849 1548 2417 786 1549 2418 797 1550 2419 805 1551 2420 772 1523 2421 795 1552 2422 791 1553 2423 783 1514 2424 804 1554 2425 802 1555 2426 793 1556 2427 769 1520 2428 788 1545 2429 776 1517 2430 794 1557 2431 795 1558 2432 785 1559 2433 805 1551 2434 804 1560 2435 799 1543 2436 783 1514 2437 802 1555 2438 782 41 2439 762 41 2440 763 41 2441 1780 1561 2442 2379 1562 2443 1910 1563 2444 773 41 2445 763 41 2446 754 41 2447 752 41 2448 770 41 2449 751 41 2450 1916 1564 2451 2385 1565 2452 2388 1566 2453 777 1567 2454 756 1568 2455 758 1538 2456 751 41 2457 773 41 2458 754 41 2459 762 41 2460 787 1569 2461 768 1540 2462 784 1570 2463 752 41 2464 765 1541 2465 799 1543 2466 821 1571 2467 818 1572 2468 1889 1573 2469 2770 1574 2470 1738 1575 2471 814 1576 2472 794 1557 2473 813 56 2474 812 1577 2475 788 1545 2476 807 1578 2477 802 1555 2478 823 1579 2479 821 1571 2480 791 1553 2481 814 1580 2482 810 1581 2483 1319 1582 2484 2659 1583 2485 2663 1584 2486 1394 1585 2487 2682 1586 2488 1375 1587 2489 807 1578 2490 791 1544 2491 810 56 2492 815 1588 2493 799 1543 2494 818 1572 2495 801 41 2496 781 41 2497 782 41 2498 774 1589 2499 798 1590 2500 779 1591 2501 792 41 2502 782 41 2503 773 41 2504 771 41 2505 789 41 2506 770 41 2507 1904 1592 2508 2049 1593 2509 2124 1594 2510 796 1595 2511 775 1596 2512 777 1567 2513 770 41 2514 792 41 2515 773 41 2516 781 41 2517 806 1597 2518 787 1569 2519 803 1598 2520 771 41 2521 784 1570 2522 815 1588 2523 837 1599 2524 834 1600 2525 807 1578 2526 829 1601 2527 826 1602 2528 1851 1603 2529 844 1604 2530 1853 1605 2531 824 1606 2532 835 1607 2533 843 1608 2534 810 1581 2535 833 1609 2536 829 1610 2537 821 1571 2538 842 1611 2539 840 1612 2540 831 1613 2541 807 1578 2542 826 1602 2543 814 1576 2544 832 1614 2545 833 1615 2546 823 1616 2547 843 1608 2548 842 1617 2549 837 1599 2550 821 1571 2551 840 1612 2552 801 41 2553 819 41 2554 800 41 2555 1173 1618 2556 2333 1619 2557 2334 1620 2558 811 41 2559 801 41 2560 792 41 2561 809 41 2562 789 41 2563 790 41 2564 1760 1621 2565 2471 1622 2566 1759 1623 2567 815 1624 2568 794 1625 2569 796 1595 2570 808 41 2571 792 41 2572 789 41 2573 800 41 2574 825 1626 2575 806 1597 2576 822 1627 2577 790 41 2578 803 1598 2579 856 1628 2580 840 1612 2581 859 1629 2582 1393 1630 2583 2680 1631 2584 2679 1632 2585 852 1633 2586 832 1614 2587 851 1634 2588 850 1635 2589 826 1602 2590 845 1636 2591 840 1612 2592 861 1637 2593 859 1629 2594 829 1610 2595 852 1638 2596 848 1639 2597 977 1640 2598 2574 1641 2599 958 1642 2600 1887 1643 2601 2768 1644 2602 2626 1459 2603 826 1602 2604 848 1645 2605 845 1636 2606 834 1600 2607 856 1628 2608 853 1646 2609 839 41 2610 819 41 2611 820 41 2612 812 1647 2613 836 1648 2614 817 1649 2615 811 41 2616 839 41 2617 820 41 2618 809 41 2619 827 41 2620 808 41 2621 684 50 2622 1997 1650 2623 1945 1651 2624 834 1652 2625 813 1653 2626 815 1624 2627 808 41 2628 830 41 2629 811 41 2630 819 41 2631 844 1654 2632 825 1626 2633 841 1655 2634 809 41 2635 822 1627 2636 853 1646 2637 875 1656 2638 872 1657 2639 864 1658 2640 848 1645 2641 867 56 2642 1855 1659 2643 882 1660 2644 1857 1661 2645 862 1662 2646 873 1663 2647 881 1664 2648 848 1639 2649 871 1665 2650 867 1666 2651 859 1629 2652 880 1667 2653 878 1668 2654 869 1669 2655 845 1636 2656 864 1658 2657 871 1670 2658 851 1634 2659 870 56 2660 861 1671 2661 881 1664 2662 880 1672 2663 875 1656 2664 859 1629 2665 878 1668 2666 858 41 2667 838 41 2668 839 41 2669 1894 1673 2670 2346 1674 2671 1221 1675 2672 830 41 2673 858 41 2674 839 41 2675 828 41 2676 846 41 2677 827 41 2678 708 1455 2679 2234 1676 2680 2233 1677 2681 853 1678 2682 832 1679 2683 834 1652 2684 846 41 2685 830 41 2686 827 41 2687 838 41 2688 863 1680 2689 844 1654 2690 860 1681 2691 828 41 2692 841 1655 2693 875 1656 2694 897 1682 2695 894 1683 2696 1738 1575 2697 2769 1684 2698 1737 1685 2699 871 1670 2700 889 1686 2701 890 1687 2702 888 1688 2703 864 1658 2704 883 1689 2705 897 1682 2706 880 1667 2707 899 1690 2708 867 1666 2709 890 1691 2710 886 1692 2711 900 1693 2712 2549 1694 2713 2551 1695 2714 1737 1685 2715 2628 1696 2716 1177 1697 2717 864 1658 2718 886 1698 2719 883 1689 2720 891 1699 2721 875 1656 2722 894 1683 2723 877 41 2724 857 41 2725 858 41 2726 850 1700 2727 874 1701 2728 855 1702 2729 849 41 2730 877 41 2731 858 41 2732 866 41 2733 846 41 2734 847 41 2735 1197 1703 2736 1974 1704 2737 1975 1705 2738 872 1706 2739 851 1707 2740 853 1678 2741 865 41 2742 849 41 2743 846 41 2744 857 41 2745 882 1708 2746 863 1680 2747 879 1709 2748 847 41 2749 860 1681 2750 910 1710 2751 894 1683 2752 913 1711 2753 902 1712 2754 886 1698 2755 905 56 2756 1859 1713 2757 920 1714 2758 1861 1715 2759 900 1716 2760 911 1717 2761 919 1718 2762 886 1692 2763 909 1719 2764 905 1720 2765 916 1721 2766 899 1690 2767 918 1722 2768 907 1723 2769 883 1689 2770 902 1712 2771 909 1724 2772 889 1686 2773 908 56 2774 899 1725 2775 919 1718 2776 918 1726 2777 894 1683 2778 916 1721 2779 913 1711 2780 877 41 2781 895 41 2782 876 41 2783 1776 1727 2784 2372 1728 2785 2480 1729 2786 887 41 2787 877 41 2788 868 41 2789 866 41 2790 884 41 2791 865 41 2792 1848 1730 2793 2249 1731 2794 2252 1732 2795 891 1733 2796 870 1734 2797 872 1706 2798 865 41 2799 887 41 2800 868 41 2801 876 41 2802 901 1735 2803 882 1708 2804 879 1709 2805 885 41 2806 866 41 2807 932 1736 2808 916 1721 2809 935 1737 2810 975 1738 2811 2570 1739 2812 2569 1740 2813 909 1724 2814 927 1741 2815 928 1742 2816 926 1743 2817 902 1712 2818 921 1744 2819 935 1737 2820 918 1722 2821 937 1745 2822 905 1720 2823 928 1746 2824 924 1746 2825 1885 1747 2826 2766 1748 2827 1730 1749 2828 1310 1750 2829 2663 1584 2830 2657 1751 2831 902 1712 2832 924 1752 2833 921 1744 2834 910 1710 2835 932 1736 2836 929 1753 2837 915 41 2838 895 41 2839 896 41 2840 888 1754 2841 912 1755 2842 893 1756 2843 906 41 2844 896 41 2845 887 41 2846 904 41 2847 884 41 2848 885 41 2849 1764 1446 2850 2123 1757 2851 2052 1758 2852 910 1759 2853 889 1760 2854 891 1733 2855 884 41 2856 906 41 2857 887 41 2858 895 41 2859 920 1761 2860 901 1735 2861 898 1762 2862 904 41 2863 885 41 2864 948 1763 2865 932 1736 2866 951 1764 2867 940 1765 2868 924 1752 2869 943 1766 2870 1863 1767 2871 958 1768 2872 1865 1769 2873 938 1770 2874 949 1771 2875 957 1772 2876 924 1746 2877 947 1773 2878 943 1774 2879 954 1775 2880 937 1745 2881 956 1776 2882 945 1777 2883 921 1744 2884 940 1765 2885 928 1742 2886 946 1778 2887 947 1779 2888 937 1780 2889 957 1772 2890 956 1781 2891 932 1736 2892 954 1775 2893 951 1764 2894 915 41 2895 933 41 2896 914 41 2897 936 1782 2898 2282 1783 2899 2281 1784 2900 906 41 2901 934 41 2902 915 41 2903 904 41 2904 922 41 2905 903 41 2906 1273 1785 2907 2471 1622 2908 2351 1786 2909 929 1787 2910 908 1788 2911 910 1759 2912 922 41 2913 906 41 2914 903 41 2915 914 41 2916 939 1789 2917 920 1761 2918 917 1790 2919 923 41 2920 904 41 2921 951 1764 2922 973 1791 2923 970 1792 2924 1883 1793 2925 2764 1794 2926 2616 1795 2927 947 1779 2928 965 1796 2929 966 1797 2930 964 1798 2931 940 1765 2932 959 1799 2933 973 1791 2934 956 1776 2935 975 1738 2936 943 1774 2937 966 1800 2938 962 1801 2939 1734 1802 2940 2767 1803 2941 2768 1644 2942 1318 1804 2943 2666 1805 2944 2661 1806 2945 940 1765 2946 962 1807 2947 959 1799 2948 967 1808 2949 951 1764 2950 970 1792 2951 934 41 2952 952 41 2953 933 41 2954 926 1809 2955 950 1810 2956 931 1811 2957 944 41 2958 934 41 2959 925 41 2960 942 41 2961 922 41 2962 923 41 2963 1735 1812 2964 1973 1813 2965 2022 1814 2966 948 1815 2967 927 1816 2968 929 1787 2969 922 41 2970 944 41 2971 925 41 2972 933 41 2973 958 1642 2974 939 1789 2975 936 1782 2976 942 41 2977 923 41 2978 986 1817 2979 970 1792 2980 989 1818 2981 978 1819 2982 962 1807 2983 981 56 2984 1867 1820 2985 996 1821 2986 1869 1822 2987 976 1823 2988 987 1824 2989 995 1825 2990 962 1801 2991 985 1826 2992 981 1827 2993 992 1828 2994 975 1738 2995 994 1829 2996 983 1830 2997 959 1799 2998 978 1819 2999 985 1831 3000 965 1796 3001 984 56 3002 975 1503 3003 995 1825 3004 994 1832 3005 970 1792 3006 992 1828 3007 989 1818 3008 972 41 3009 952 41 3010 953 41 3011 1872 1833 3012 2297 1834 3013 2300 1835 3014 963 41 3015 953 41 3016 944 41 3017 942 41 3018 960 41 3019 941 41 3020 1420 1836 3021 2383 1837 3022 2381 173 3023 967 1838 3024 946 1839 3025 948 1815 3026 941 41 3027 963 41 3028 944 41 3029 952 41 3030 977 1640 3031 958 1642 3032 955 1840 3033 961 41 3034 942 41 3035 989 1818 3036 1011 1841 3037 1008 1842 3038 1882 1843 3039 2762 1844 3040 1724 1845 3041 985 1831 3042 1003 1846 3043 1004 1847 3044 1002 1848 3045 978 1819 3046 997 1849 3047 992 1828 3048 1013 1850 3049 1011 1841 3050 981 1827 3051 1004 1851 3052 1000 1852 3053 1733 1853 3054 2617 1422 3055 2767 1803 3056 892 1854 3057 2551 1695 3058 2547 1855 3059 978 1819 3060 1000 1856 3061 997 1849 3062 1005 1857 3063 989 1818 3064 1008 1842 3065 991 41 3066 971 41 3067 972 41 3068 964 1858 3069 988 1859 3070 969 1860 3071 982 41 3072 972 41 3073 963 41 3074 980 41 3075 960 41 3076 961 41 3077 986 1861 3078 965 1862 3079 967 1838 3080 960 41 3081 982 41 3082 963 41 3083 971 41 3084 996 1863 3085 977 1640 3086 993 1864 3087 961 41 3088 974 1865 3089 1024 1866 3090 1008 1842 3091 1027 1867 3092 1016 1868 3093 1000 1856 3094 1019 56 3095 1871 1869 3096 1034 1870 3097 1873 1871 3098 1033 1872 3099 1006 1873 3100 1025 1874 3101 1000 1852 3102 1023 1875 3103 1019 1876 3104 1011 1841 3105 1032 1877 3106 1030 1878 3107 1021 1879 3108 997 1849 3109 1016 1868 3110 1004 1847 3111 1022 1880 3112 1023 1881 3113 1013 1882 3114 1033 1872 3115 1032 1882 3116 1027 1867 3117 1011 1841 3118 1030 1878 3119 991 41 3120 1009 41 3121 990 41 3122 1850 1883 3123 2258 1884 3124 803 1885 3125 1001 41 3126 991 41 3127 982 41 3128 980 41 3129 998 41 3130 979 41 3131 1772 1477 3132 2371 1886 3133 1906 1887 3134 1005 1888 3135 984 1889 3136 986 1861 3137 998 41 3138 982 41 3139 979 41 3140 990 41 3141 1015 1890 3142 996 1863 3143 993 1864 3144 999 41 3145 980 41 3146 1046 1891 3147 1030 1878 3148 1049 1892 3149 901 1893 3150 2556 1894 3151 2553 1895 3152 1023 1881 3153 1041 1896 3154 1042 1897 3155 1040 1898 3156 1016 1868 3157 1035 1899 3158 1049 1892 3159 1032 1877 3160 1051 1900 3161 1019 1876 3162 1042 1901 3163 1038 1902 3164 1471 1903 3165 2699 1904 3166 2703 1905 3167 1879 1906 3168 2760 1907 3169 2606 1908 3170 1016 1868 3171 1038 1909 3172 1035 1899 3173 1024 1866 3174 1046 1891 3175 1043 1910 3176 1029 41 3177 1009 41 3178 1010 41 3179 1002 1911 3180 1026 1912 3181 1007 1913 3182 1020 41 3183 1010 41 3184 1001 41 3185 1018 41 3186 998 41 3187 999 41 3188 1900 1914 3189 2051 1915 3190 2122 1916 3191 1024 1917 3192 1003 1918 3193 1005 1888 3194 998 41 3195 1020 41 3196 1001 41 3197 1009 41 3198 1034 1919 3199 1015 1890 3200 1012 1920 3201 1018 41 3202 999 41 3203 1043 1910 3204 1065 1921 3205 1062 1922 3206 1054 1923 3207 1038 1909 3208 1057 1924 3209 1875 1925 3210 1072 1926 3211 1877 1927 3212 1052 1928 3213 1063 1929 3214 1071 1930 3215 1038 1902 3216 1061 1931 3217 1057 1932 3218 1068 1933 3219 1051 1900 3220 1070 1934 3221 1059 1935 3222 1035 1899 3223 1054 1923 3224 1061 1936 3225 1041 1896 3226 1060 56 3227 1051 1937 3228 1071 1930 3229 1070 1938 3230 1046 1891 3231 1068 1933 3232 1065 1921 3233 1029 41 3234 1047 41 3235 1028 41 3236 1211 1939 3237 2344 1940 3238 1216 1941 3239 1020 41 3240 1048 41 3241 1029 41 3242 1018 41 3243 1036 41 3244 1017 41 3245 774 1942 3246 2247 1943 3247 2245 1944 3248 1043 1945 3249 1022 1946 3250 1024 1917 3251 1017 41 3252 1039 41 3253 1020 41 3254 1028 41 3255 1053 1947 3256 1034 1919 3257 1031 1948 3258 1037 41 3259 1018 41 3260 1084 1949 3261 1068 1933 3262 1087 1950 3263 1730 1749 3264 2765 1951 3265 1729 1952 3266 1061 1936 3267 1079 1953 3268 1080 1954 3269 1078 1955 3270 1054 1923 3271 1073 1956 3272 1068 1933 3273 1089 1957 3274 1087 1950 3275 1057 1932 3276 1080 1958 3277 1076 1959 3278 1261 1960 3279 2655 1961 3280 1897 1962 3281 1729 1952 3282 2618 1963 3283 1139 1964 3284 1073 1956 3285 1057 1924 3286 1076 56 3287 1062 1922 3288 1084 1949 3289 1081 1965 3290 1048 41 3291 1066 41 3292 1047 41 3293 1040 1966 3294 1064 1967 3295 1045 1968 3296 1058 41 3297 1048 41 3298 1039 41 3299 1056 41 3300 1036 41 3301 1037 41 3302 1062 1969 3303 1041 1970 3304 1043 1945 3305 1055 41 3306 1039 41 3307 1036 41 3308 1066 41 3309 1053 1947 3310 1047 41 3311 1050 1971 3312 1056 41 3313 1037 41 3314 1081 1965 3315 521 1142 3316 518 1176 3317 1073 1956 3318 513 1174 3319 510 1156 3320 1879 1972 3321 400 1973 3322 1828 1168 3323 401 1166 3324 1082 1974 3325 519 1975 3326 1076 1959 3327 517 1976 3328 513 1160 3329 1087 1950 3330 526 1158 3331 524 1977 3332 515 1303 3333 1073 1956 3334 510 1156 3335 1080 1954 3336 516 1150 3337 517 1978 3338 1089 1979 3339 401 1166 3340 526 1145 3341 521 1142 3342 1087 1950 3343 524 1977 3344 1067 41 3345 1085 41 3346 1066 41 3347 1756 1980 3348 2469 1981 3349 2470 1982 3350 1077 41 3351 1067 41 3352 1058 41 3353 1075 41 3354 1055 41 3355 1056 41 3356 1002 1983 3357 2295 1984 3358 2293 1985 3359 1081 1154 3360 1060 1986 3361 1062 1969 3362 1074 41 3363 1058 41 3364 1055 41 3365 1066 41 3366 1091 1148 3367 1072 1987 3368 1088 1141 3369 1056 41 3370 1069 1988 3371 572 41 3372 1104 41 3373 571 41 3374 564 1989 3375 1102 1990 3376 569 1991 3377 1096 41 3378 572 41 3379 563 41 3380 561 41 3381 1093 41 3382 560 41 3383 1711 1992 3384 2017 1993 3385 1715 1994 3386 1100 1995 3387 565 1996 3388 567 1242 3389 560 41 3390 1096 41 3391 563 41 3392 571 41 3393 1109 1997 3394 404 41 3395 574 1394 3396 1094 41 3397 561 41 3398 1103 1226 3399 1125 1998 3400 1122 1999 3401 1052 2000 3402 2589 2001 3403 2591 2002 3404 1099 1239 3405 1117 2003 3406 1118 2004 3407 1116 2005 3408 1092 1228 3409 1111 2006 3410 1106 1236 3411 1127 2007 3412 1125 1998 3413 1095 1234 3414 1118 2008 3415 1114 2009 3416 1128 2010 3417 2612 2011 3418 1109 1997 3419 748 2012 3420 2509 2013 3421 2511 2014 3422 1111 2006 3423 1095 1227 3424 1114 2015 3425 1119 2016 3426 1103 1226 3427 1122 1999 3428 1138 2017 3429 1122 1999 3430 1141 2018 3431 1130 2019 3432 1114 2015 3433 1133 2020 3434 1883 2021 3435 1147 2022 3436 1885 2023 3437 1129 2024 3438 1139 2025 3439 1148 2026 3440 1114 2009 3441 1137 2027 3442 1133 2028 3443 1144 2029 3444 1127 2007 3445 1146 2030 3446 1135 2031 3447 1111 2006 3448 1130 2019 3449 1118 2004 3450 1136 2032 3451 1137 2033 3452 1127 2034 3453 1148 2026 3454 1146 2035 3455 1122 1999 3456 1144 2029 3457 1141 2018 3458 1105 41 3459 1123 41 3460 1104 41 3461 1768 2036 3462 2364 2037 3463 2476 2038 3464 1115 41 3465 1105 41 3466 1096 41 3467 1113 41 3468 1093 41 3469 1094 41 3470 1254 2039 3471 2469 1981 3472 1755 2040 3473 1119 2041 3474 1098 1319 3475 1100 1995 3476 1093 41 3477 1115 41 3478 1096 41 3479 1104 41 3480 1128 2010 3481 1109 1997 3482 1107 2042 3483 1113 41 3484 1094 41 3485 1141 2018 3486 1163 2043 3487 1160 2044 3488 1877 2045 3489 2758 2046 3490 1714 2047 3491 1156 2048 3492 1136 2032 3493 1155 2049 3494 1154 2050 3495 1130 2019 3496 1149 2051 3497 1163 2043 3498 1146 2030 3499 1165 2052 3500 1133 2028 3501 1156 2053 3502 1152 2054 3503 1253 2055 3504 2654 2056 3505 1262 2057 3506 1127 2007 3507 2610 2058 3508 2609 2059 3509 1149 2051 3510 1133 2020 3511 1152 56 3512 1138 2017 3513 1160 2044 3514 1157 2060 3515 1143 41 3516 1123 41 3517 1124 41 3518 1116 2061 3519 1140 2062 3520 1121 2063 3521 1134 41 3522 1124 41 3523 1115 41 3524 1132 41 3525 1112 41 3526 1113 41 3527 1138 2064 3528 1117 2065 3529 1119 2041 3530 1112 41 3531 1134 41 3532 1115 41 3533 1123 41 3534 1147 2066 3535 1128 2010 3536 1126 2067 3537 1132 41 3538 1113 41 3539 1176 2068 3540 1160 2044 3541 1179 2069 3542 1149 2051 3543 1171 2070 3544 1168 2071 3545 1887 2072 3546 1185 2073 3547 1889 2074 3548 1167 2075 3549 1177 2076 3550 1186 2077 3551 1152 2054 3552 1175 2078 3553 1171 2079 3554 1163 2043 3555 1184 2080 3556 1182 2081 3557 1173 1618 3558 1149 2051 3559 1168 2071 3560 1156 2048 3561 1174 2082 3562 1175 2083 3563 1165 2084 3564 1186 2077 3565 1184 1889 3566 1179 2069 3567 1163 2043 3568 1182 2081 3569 1143 41 3570 1161 41 3571 1142 41 3572 20 213 3573 2225 2085 3574 2224 2086 3575 1134 41 3576 1162 41 3577 1143 41 3578 1151 41 3579 1131 41 3580 1132 41 3581 793 2087 3582 2256 2088 3583 798 2089 3584 1157 2090 3585 1136 2091 3586 1138 2064 3587 1131 41 3588 1153 41 3589 1134 41 3590 1142 41 3591 1166 2092 3592 1147 2066 3593 1164 2093 3594 1132 41 3595 1145 2094 3596 1179 2069 3597 1201 2095 3598 1198 2096 3599 692 2097 3600 2505 2098 3601 1838 2099 3602 1175 2083 3603 1193 2100 3604 1194 2101 3605 1192 2102 3606 1168 2071 3607 1187 2103 3608 1182 2081 3609 1203 2104 3610 1201 2095 3611 1171 2079 3612 1194 2105 3613 1190 2106 3614 844 2107 3615 2545 2108 3616 1853 2109 3617 1462 2110 3618 2703 1905 3619 2697 2111 3620 1187 2103 3621 1171 2070 3622 1190 2112 3623 1195 2113 3624 1179 2069 3625 1198 2096 3626 1181 41 3627 1161 41 3628 1162 41 3629 1154 2114 3630 1178 2115 3631 1159 2116 3632 1172 41 3633 1162 41 3634 1153 41 3635 1151 41 3636 1169 41 3637 1150 41 3638 1712 2117 3639 2064 2118 3640 2063 2119 3641 1176 2120 3642 1155 2121 3643 1157 2090 3644 1169 41 3645 1153 41 3646 1150 41 3647 1161 41 3648 1185 2122 3649 1166 2092 3650 1164 2093 3651 1170 41 3652 1151 41 3653 1214 2123 3654 1198 2096 3655 1217 2124 3656 1187 2103 3657 1209 2125 3658 1206 2126 3659 1891 2127 3660 1223 2128 3661 1893 2129 3662 1205 2130 3663 1215 2131 3664 1224 2132 3665 1190 2106 3666 1213 2133 3667 1209 2134 3668 1201 2095 3669 1222 2135 3670 1220 2136 3671 1211 2137 3672 1187 2103 3673 1206 2126 3674 1194 2101 3675 1212 2138 3676 1213 2139 3677 1203 2140 3678 1224 2132 3679 1222 2141 3680 1217 2124 3681 1201 2095 3682 1220 2136 3683 1181 41 3684 1199 41 3685 1180 41 3686 25 2142 3687 2227 2143 3688 2228 2144 3689 1191 41 3690 1181 41 3691 1172 41 3692 1189 41 3693 1169 41 3694 1170 41 3695 1764 1446 3696 2363 2145 3697 1902 2146 3698 1195 2147 3699 1174 2148 3700 1176 2120 3701 1188 41 3702 1172 41 3703 1169 41 3704 1180 41 3705 1204 2149 3706 1185 2122 3707 1202 2150 3708 1170 41 3709 1183 2151 3710 1217 2124 3711 1239 2152 3712 1236 2153 3713 1875 2154 3714 2756 2155 3715 2596 2156 3716 1213 2139 3717 1231 2157 3718 1232 2158 3719 1230 2159 3720 1206 2126 3721 1225 2160 3722 1220 2136 3723 1241 2161 3724 1239 2152 3725 1209 2134 3726 1232 2162 3727 1228 2163 3728 1726 2164 3729 2763 2165 3730 2764 1794 3731 683 2166 3732 2502 2167 3733 691 2168 3734 1225 2160 3735 1209 2125 3736 1228 56 3737 1214 2123 3738 1236 2153 3739 1233 2169 3740 1219 41 3741 1199 41 3742 1200 41 3743 1192 2170 3744 1216 2171 3745 1197 2172 3746 1210 41 3747 1200 41 3748 1191 41 3749 1189 41 3750 1207 41 3751 1188 41 3752 1756 1980 3753 2121 2173 3754 2054 2174 3755 1214 2175 3756 1193 2176 3757 1195 2147 3758 1207 41 3759 1191 41 3760 1188 41 3761 1199 41 3762 1223 2177 3763 1204 2149 3764 1221 2178 3765 1189 41 3766 1202 2150 3767 1252 2179 3768 1236 2153 3769 1255 2180 3770 1225 2160 3771 1247 2181 3772 1244 2182 3773 1895 2183 3774 1261 2184 3775 1897 2185 3776 1262 2186 3777 1234 2187 3778 1253 2188 3779 1228 2163 3780 1251 2189 3781 1247 2190 3782 1239 2152 3783 1260 2191 3784 1258 2192 3785 1249 2193 3786 1225 2160 3787 1244 2182 3788 1232 2158 3789 1250 2194 3790 1251 2195 3791 1241 2196 3792 1262 2186 3793 1260 2196 3794 1255 2180 3795 1239 2152 3796 1258 2192 3797 1219 41 3798 1237 41 3799 1218 41 3800 1506 1274 3801 2402 2197 3802 2401 2198 3803 1229 41 3804 1219 41 3805 1210 41 3806 1227 41 3807 1207 41 3808 1208 41 3809 1752 2199 3810 2467 2200 3811 1751 2201 3812 1233 2202 3813 1212 2203 3814 1214 2175 3815 1226 41 3816 1210 41 3817 1207 41 3818 1218 41 3819 1242 2204 3820 1223 2177 3821 1240 2205 3822 1208 41 3823 1221 2178 3824 1255 2180 3825 1277 2206 3826 1274 2207 3827 835 2208 3828 2542 2209 3829 843 2210 3830 1251 2195 3831 1269 2211 3832 1270 2212 3833 1268 2213 3834 1244 2182 3835 1263 2214 3836 1258 2192 3837 1279 2215 3838 1277 2206 3839 1247 2190 3840 1270 2216 3841 1266 2217 3842 1470 2218 3843 2706 2219 3844 2701 2220 3845 1725 2221 3846 2607 2222 3847 2763 2165 3848 1244 2182 3849 1266 2223 3850 1263 2214 3851 1271 2224 3852 1255 2180 3853 1274 2207 3854 1257 41 3855 1237 41 3856 1238 41 3857 1230 2225 3858 1254 2226 3859 1235 2227 3860 1248 41 3861 1238 41 3862 1229 41 3863 1227 41 3864 1245 41 3865 1226 41 3866 1252 2228 3867 1231 2229 3868 1233 2202 3869 1226 41 3870 1248 41 3871 1229 41 3872 1237 41 3873 1261 2230 3874 1242 2204 3875 1259 2231 3876 1227 41 3877 1240 2205 3878 1290 2232 3879 1274 2207 3880 1293 2233 3881 1263 2214 3882 1285 2234 3883 1282 2235 3884 1899 2236 3885 1299 1453 3886 1901 2237 3887 1281 2238 3888 1291 2239 3889 1300 2240 3890 1266 2217 3891 1289 2241 3892 1285 1293 3893 1277 2206 3894 1298 2242 3895 1296 2243 3896 1287 2244 3897 1263 2214 3898 1282 2235 3899 1289 2245 3900 1269 2211 3901 1288 2246 3902 1279 2247 3903 1300 2240 3904 1298 2248 3905 1274 2207 3906 1296 2243 3907 1293 2233 3908 1257 41 3909 1275 41 3910 1256 41 3911 1325 2249 3912 2365 2250 3913 2366 2251 3914 1267 41 3915 1257 41 3916 1248 41 3917 1246 41 3918 1264 41 3919 1245 41 3920 1910 1563 3921 2378 2252 3922 1373 2253 3923 1271 2254 3924 1250 2255 3925 1252 2228 3926 1245 41 3927 1267 41 3928 1248 41 3929 1256 41 3930 1280 2256 3931 1261 2230 3932 1278 2257 3933 1246 41 3934 1259 2231 3935 1293 2233 3936 1315 2258 3937 1312 2259 3938 1873 2260 3939 2754 2261 3940 1706 2262 3941 1308 2263 3942 1288 2246 3943 1307 2264 3944 1306 2265 3945 1282 2235 3946 1301 2266 3947 1296 2243 3948 1317 2267 3949 1315 2258 3950 1285 1293 3951 1308 2268 3952 1304 2269 3953 1724 1845 3954 2761 2270 3955 1723 2271 3956 1044 2272 3957 2591 2002 3958 2587 2273 3959 1282 2235 3960 1304 2274 3961 1301 2266 3962 1309 2275 3963 1293 2233 3964 1312 2259 3965 1295 41 3966 1275 41 3967 1276 41 3968 1268 2276 3969 1292 2277 3970 1273 2278 3971 1286 41 3972 1276 41 3973 1267 41 3974 1265 41 3975 1283 41 3976 1264 41 3977 1140 2279 3978 2021 2280 3979 1970 2281 3980 1290 2282 3981 1269 2283 3982 1271 2254 3983 1283 41 3984 1267 41 3985 1264 41 3986 1275 41 3987 1299 2284 3988 1280 2256 3989 1297 2285 3990 1265 41 3991 1278 2257 3992 1328 2286 3993 1312 2259 3994 1331 2287 3995 1301 2266 3996 1323 2288 3997 1320 2289 3998 1903 2290 3999 1337 2291 4000 1905 2292 4001 1319 2293 4002 1329 2294 4003 1338 2295 4004 1304 2269 4005 1327 2296 4006 1323 2297 4007 1334 2298 4008 1317 2267 4009 1336 2299 4010 1325 2249 4011 1301 2266 4012 1320 2289 4013 1308 2263 4014 1326 2300 4015 1327 2301 4016 1317 2302 4017 1338 2295 4018 1336 2302 4019 1331 2287 4020 1315 2258 4021 1334 2298 4022 1295 41 4023 1313 41 4024 1294 41 4025 1760 1621 4026 2356 2303 4027 2472 2304 4028 1305 41 4029 1295 41 4030 1286 41 4031 1284 41 4032 1302 41 4033 1283 41 4034 1235 2305 4035 2467 2200 4036 2343 2306 4037 1309 2307 4038 1288 2308 4039 1290 2282 4040 1283 41 4041 1305 41 4042 1286 41 4043 1294 41 4044 1318 2309 4045 1299 2284 4046 1316 2310 4047 1284 41 4048 1297 2285 4049 1350 2311 4050 1334 2298 4051 1353 2312 4052 740 2313 4053 2511 2014 4054 2507 2314 4055 1346 2315 4056 1326 2300 4057 1345 2316 4058 1344 2317 4059 1320 2289 4060 1339 2318 4061 1353 2312 4062 1336 2299 4063 1355 2319 4064 1323 2297 4065 1346 2320 4066 1342 2321 4067 1262 2057 4068 2650 2322 4069 1260 2323 4070 1723 2271 4071 2608 2324 4072 1101 2325 4073 1339 2318 4074 1323 2288 4075 1342 2326 4076 1328 2286 4077 1350 2311 4078 1347 2327 4079 1333 41 4080 1313 41 4081 1314 41 4082 1306 2328 4083 1330 2329 4084 1311 2330 4085 1305 41 4086 1333 41 4087 1314 41 4088 1303 41 4089 1321 41 4090 1302 41 4091 1896 2331 4092 2053 2332 4093 2120 2333 4094 1328 2334 4095 1307 2335 4096 1309 2307 4097 1321 41 4098 1305 41 4099 1302 41 4100 1313 41 4101 1337 2336 4102 1318 2309 4103 1316 2310 4104 1322 41 4105 1303 41 4106 1347 2327 4107 1369 2337 4108 1366 2338 4109 1339 2318 4110 1361 2339 4111 1358 2340 4112 1907 2341 4113 1375 2342 4114 1909 2343 4115 1357 2344 4116 1367 2345 4117 1376 2346 4118 1342 2321 4119 1365 2347 4120 1361 2348 4121 1353 2312 4122 1374 2349 4123 1372 2350 4124 1363 2351 4125 1339 2318 4126 1358 2340 4127 1346 2315 4128 1364 2352 4129 1365 2353 4130 1355 2354 4131 1376 2346 4132 1374 2355 4133 1369 2337 4134 1353 2312 4135 1372 2350 4136 1333 41 4137 1351 41 4138 1332 41 4139 1088 1141 4140 2314 2356 4141 2313 2357 4142 1324 41 4143 1352 41 4144 1333 41 4145 1322 41 4146 1340 41 4147 1321 41 4148 1888 2358 4149 2329 2359 4150 2332 2360 4151 1347 2361 4152 1326 2362 4153 1328 2334 4154 1340 41 4155 1324 41 4156 1321 41 4157 1332 41 4158 1356 2363 4159 1337 2336 4160 1335 2364 4161 1341 41 4162 1322 41 4163 1369 2337 4164 1391 2365 4165 1388 2366 4166 1053 2367 4167 2596 2156 4168 2593 2368 4169 1384 2369 4170 1364 2352 4171 1383 2370 4172 1382 2371 4173 1358 2340 4174 1377 2372 4175 1372 2350 4176 1393 1630 4177 1391 2365 4178 1361 2348 4179 1384 2373 4180 1380 2374 4181 749 2375 4182 2516 2376 4183 2513 2377 4184 1871 2378 4185 2752 2379 4186 2586 2380 4187 1377 2372 4188 1361 2339 4189 1380 2381 4190 1366 2338 4191 1388 2366 4192 1385 2382 4193 1371 41 4194 1351 41 4195 1352 41 4196 1344 2383 4197 1368 2384 4198 1349 2385 4199 1362 41 4200 1352 41 4201 1343 41 4202 1341 41 4203 1359 41 4204 1340 41 4205 1349 2386 4206 1982 2387 4207 1983 2388 4208 1366 2389 4209 1345 2390 4210 1347 2361 4211 1340 41 4212 1362 41 4213 1343 41 4214 1351 41 4215 1375 1587 4216 1356 2363 4217 1354 1506 4218 1360 41 4219 1341 41 4220 1385 2382 4221 1407 2391 4222 1404 2392 4223 1377 2372 4224 1399 2393 4225 1396 2394 4226 1911 2395 4227 1413 2396 4228 1913 2397 4229 1395 2398 4230 1405 2399 4231 1414 2400 4232 1380 2374 4233 1403 2401 4234 1399 2402 4235 1410 2403 4236 1393 1630 4237 1412 2404 4238 1401 2405 4239 1377 2372 4240 1396 2394 4241 1403 2406 4242 1383 2370 4243 1402 2407 4244 1393 2408 4245 1414 2400 4246 1412 2408 4247 1407 2391 4248 1391 2365 4249 1410 2403 4250 1390 41 4251 1370 41 4252 1371 41 4253 679 214 4254 2229 2409 4255 2230 2410 4256 1381 41 4257 1371 41 4258 1362 41 4259 1379 41 4260 1359 41 4261 1360 41 4262 1842 2411 4263 2242 2412 4264 727 2413 4265 1385 2414 4266 1364 2415 4267 1366 2389 4268 1378 41 4269 1362 41 4270 1359 41 4271 1370 41 4272 1394 1585 4273 1375 1587 4274 1392 2416 4275 1360 41 4276 1373 2417 4277 1426 2418 4278 1410 2403 4279 1429 2419 4280 691 2168 4281 2500 2420 4282 690 2421 4283 1422 2422 4284 1402 2407 4285 1421 2423 4286 1420 2424 4287 1396 2394 4288 1415 2425 4289 1410 2403 4290 1431 2426 4291 1429 2419 4292 1399 2402 4293 1422 2427 4294 1418 2428 4295 843 2210 4296 2540 2429 4297 842 2430 4298 1413 2431 4299 2695 2432 4300 1913 2433 4301 1415 2425 4302 1399 2393 4303 1418 2434 4304 1423 2435 4305 1407 2391 4306 1426 2418 4307 1409 41 4308 1389 41 4309 1390 41 4310 1382 2436 4311 1406 1173 4312 1387 2437 4313 1381 41 4314 1409 41 4315 1390 41 4316 1379 41 4317 1397 41 4318 1378 41 4319 1748 2438 4320 2119 2439 4321 2056 2440 4322 1404 2441 4323 1383 2442 4324 1385 2414 4325 1397 41 4326 1381 41 4327 1378 41 4328 1389 41 4329 1413 2443 4330 1394 1585 4331 1392 2416 4332 1398 41 4333 1379 41 4334 1442 2444 4335 1426 2418 4336 1445 2445 4337 1434 2446 4338 1418 2434 4339 1437 56 4340 1915 2447 4341 1451 2448 4342 1917 2449 4343 1452 2450 4344 1424 2451 4345 1443 2452 4346 1418 2428 4347 1441 2453 4348 1437 2454 4349 1429 2419 4350 1450 2455 4351 1448 2456 4352 1439 2457 4353 1415 2425 4354 1434 2446 4355 1422 2422 4356 1440 2458 4357 1441 2459 4358 1431 2460 4359 1452 2450 4360 1450 2461 4361 1426 2418 4362 1448 2456 4363 1445 2445 4364 1428 41 4365 1408 41 4366 1409 41 4367 1756 1980 4368 2355 2462 4369 1898 2463 4370 1419 41 4371 1409 41 4372 1400 41 4373 1417 41 4374 1397 41 4375 1398 41 4376 907 1723 4377 2277 2464 4378 2278 2465 4379 1423 2466 4380 1402 2467 4381 1404 2441 4382 1416 41 4383 1400 41 4384 1397 41 4385 1408 41 4386 1432 2468 4387 1413 2443 4388 1430 2469 4389 1398 41 4390 1411 2470 4391 1445 2445 4392 1467 2471 4393 1464 2472 4394 1205 2473 4395 2629 2474 4396 2633 2475 4397 1441 2459 4398 1459 2476 4399 1460 2477 4400 1458 2478 4401 1434 2446 4402 1453 2479 4403 1467 2471 4404 1450 2455 4405 1469 2480 4406 1437 2454 4407 1460 2481 4408 1456 2482 4409 1869 2483 4410 2750 2484 4411 1698 2485 4412 1280 2256 4413 2652 2486 4414 1261 2230 4415 1434 2446 4416 1456 2487 4417 1453 2479 4418 1461 2488 4419 1445 2445 4420 1464 2472 4421 1428 41 4422 1446 41 4423 1427 41 4424 1420 1401 4425 1444 2489 4426 1425 2490 4427 1438 41 4428 1428 41 4429 1419 41 4430 1436 41 4431 1416 41 4432 1417 41 4433 1601 2491 4434 2019 2492 4435 1721 2493 4436 1442 2494 4437 1421 2090 4438 1423 2466 4439 1416 41 4440 1438 41 4441 1419 41 4442 1427 41 4443 1451 2495 4444 1432 2468 4445 1430 2469 4446 1436 41 4447 1417 41 4448 1480 2496 4449 1464 2472 4450 1483 2497 4451 1472 2498 4452 1456 2487 4453 1475 2499 4454 1919 2500 4455 1489 2501 4456 1921 2502 4457 1471 2503 4458 1481 2504 4459 1490 2505 4460 1456 2482 4461 1479 2506 4462 1475 2507 4463 1486 2508 4464 1469 2480 4465 1488 2509 4466 1477 2510 4467 1453 2479 4468 1472 2498 4469 1479 2511 4470 1459 2476 4471 1478 56 4472 1469 2512 4473 1490 2505 4474 1488 2513 4475 1464 2472 4476 1486 2508 4477 1483 2497 4478 1447 41 4479 1465 41 4480 1446 41 4481 1866 2514 4482 2290 2515 4483 955 2516 4484 1457 41 4485 1447 41 4486 1438 41 4487 1436 41 4488 1454 41 4489 1435 41 4490 1363 2517 4491 2376 2518 4492 1368 2519 4493 1461 2520 4494 1440 2521 4495 1442 2494 4496 1435 41 4497 1457 41 4498 1438 41 4499 1446 41 4500 1470 2522 4501 1451 2495 4502 1449 2523 4503 1455 41 4504 1436 41 4505 1483 2497 4506 1505 2524 4507 1502 2525 4508 1405 2526 4509 2694 2527 4510 1414 2528 4511 1479 2511 4512 1497 2529 4513 1498 2530 4514 1496 2531 4515 1472 2498 4516 1491 2532 4517 1505 2524 4518 1488 2509 4519 1507 2533 4520 1475 2507 4521 1498 2534 4522 1494 2535 4523 1279 2215 4524 2650 2536 4525 2649 2537 4526 863 1680 4527 2544 2538 4528 844 1654 4529 1472 2498 4530 1494 2539 4531 1491 2532 4532 1499 2540 4533 1483 2497 4534 1502 2525 4535 1466 41 4536 1484 41 4537 1465 41 4538 1458 2541 4539 1482 2542 4540 1463 2543 4541 1476 41 4542 1466 41 4543 1457 41 4544 1474 41 4545 1454 41 4546 1455 41 4547 1727 2544 4548 1971 2545 4549 2020 2546 4550 1480 2547 4551 1459 2548 4552 1461 2520 4553 1473 41 4554 1457 41 4555 1454 41 4556 1465 41 4557 1489 2549 4558 1470 2522 4559 1468 2550 4560 1474 41 4561 1455 41 4562 1499 2540 4563 587 1248 4564 584 1272 4565 576 1258 4566 1494 2539 4567 579 1270 4568 1923 2551 4569 456 2552 4570 1824 1267 4571 1509 2553 4572 585 2554 4573 457 1265 4574 1494 2535 4575 583 2555 4576 579 1262 4577 1505 2524 4578 592 2556 4579 590 1260 4580 581 1399 4581 1491 2532 4582 576 1258 4583 583 2557 4584 1497 2529 4585 582 1255 4586 1507 2558 4587 457 1265 4588 592 1251 4589 587 1248 4590 1505 2524 4591 590 1260 4592 1485 41 4593 1503 41 4594 1484 41 4595 1748 2438 4596 2465 2559 4597 2466 2560 4598 1495 41 4599 1485 41 4600 1476 41 4601 1474 41 4602 1492 41 4603 1473 41 4604 1752 2199 4605 2348 2561 4606 2468 2562 4607 1499 1278 4608 1478 2563 4609 1480 2547 4610 1473 41 4611 1495 41 4612 1476 41 4613 1484 41 4614 1508 1275 4615 1489 2549 4616 1487 2564 4617 1493 41 4618 1474 41 4619 1537 1326 4620 1542 2565 4621 1536 2566 4622 1547 1337 4623 1510 2567 4624 1546 1308 4625 1528 2568 4626 1527 1336 4627 1526 2569 4628 1524 2570 4629 1515 1327 4630 1514 2571 4631 1543 1333 4632 1546 2572 4633 1542 2565 4634 1520 2573 4635 2166 2574 4636 1521 1332 4637 1511 1331 4638 1532 2575 4639 1510 2567 4640 2152 2576 4641 2153 2577 4642 2154 2578 4643 1814 2579 4644 2141 2580 4645 1927 2581 4646 1926 1329 4647 1512 2582 4648 1925 2583 4649 1521 2584 4650 2163 2584 4651 1515 2584 4652 1563 2585 4653 116 40 4654 1551 42 4655 2160 2586 4656 2158 2587 4657 1527 2588 4658 2139 2589 4659 1563 2585 4660 1544 2590 4661 251 2591 4662 2162 2592 4663 1559 2593 4664 1536 2594 4665 2160 2595 4666 1537 2596 4667 1545 2597 4668 627 41 4669 640 1246 4670 1544 2590 4671 1519 41 4672 1545 2597 4673 637 41 4674 1513 41 4675 460 41 4676 1539 41 4677 1512 2598 4678 1513 41 4679 1517 41 4680 629 41 4681 626 41 4682 1517 41 4683 1522 2599 4684 1523 41 4685 2138 2600 4686 2151 2601 4687 2149 2602 4688 1531 2603 4689 631 2604 4690 633 1338 4691 1550 2605 4692 125 758 4693 119 759 4694 1602 2606 4695 2062 2607 4696 2061 2608 4697 931 2609 4698 1960 2610 4699 1961 2611 4700 1892 2612 4701 2055 2613 4702 2118 2614 4703 703 2615 4704 1948 2616 4705 1949 2617 4706 91 2618 4707 1945 2619 4708 1944 2620 4709 1740 2621 4710 2117 2622 4711 2058 2623 4712 635 2624 4713 1813 2625 4714 1613 2626 4715 1888 2358 4716 2057 2627 4717 2116 2628 4718 1102 2629 4719 2019 2630 4720 1946 2631 4721 1534 2632 4722 2138 2633 4723 1535 2634 4724 1519 41 4725 626 41 4726 627 41 4727 1518 2635 4728 1517 41 4729 1519 41 4730 1523 41 4731 638 41 4732 629 41 4733 1523 41 4734 1540 2636 4735 1541 41 4736 630 2637 4737 1535 2638 4738 635 2624 4739 1525 2639 4740 1534 2640 4741 1535 2638 4742 1541 41 4743 637 41 4744 638 41 4745 1540 2636 4746 1539 41 4747 1541 41 4748 1559 2641 4749 263 2642 4750 251 2643 4751 1928 2644 4752 3 2645 4753 1934 2646 4754 1548 2647 4755 87 2648 4756 19 2649 4757 1521 1332 4758 1528 2650 4759 1520 2573 4760 263 2642 4761 1564 2651 4762 4 2652 4763 10 761 4764 1550 2653 4765 119 760 4766 1556 2654 4767 17 2655 4768 16 2656 4769 1564 2657 4770 19 2649 4771 4 2658 4772 2143 2659 4773 2135 2660 4774 2153 2577 4775 1732 2661 4776 2115 2662 4777 2060 2663 4778 1501 2664 4779 1990 2665 4780 1991 2666 4781 1557 2667 4782 1576 2668 4783 87 2648 4784 1815 2669 4785 1575 2670 4786 1576 2668 4787 1719 2671 4788 1969 2672 4789 2018 2673 4790 5 2674 4791 2145 2675 4792 2144 2676 4793 1544 2590 4794 2140 2677 4795 2139 2589 4796 1884 2678 4797 2059 2679 4798 2114 2680 4799 1727 2681 4800 2021 2682 4801 1731 2683 4802 1558 2684 4803 2136 2685 4804 2143 2686 4805 1083 2687 4806 1968 2688 4807 1969 2689 4808 1827 2690 4809 1814 2691 4810 1927 2692 4811 1614 2693 4812 1813 2625 4813 1814 2691 4814 1728 2694 4815 2060 2695 4816 2059 2696 4817 1064 2697 4818 2017 2698 4819 1966 2699 4820 1722 2700 4821 2113 2701 4822 2062 2702 4823 1880 2703 4824 2086 2704 4825 2112 2705 4826 1533 1330 4827 1809 2706 4828 1532 2575 4829 1811 2707 4830 1810 2708 4831 1809 2706 4832 1154 2709 4833 2327 2710 4834 2325 1944 4835 1216 1941 4836 2465 2559 4837 1747 2711 4838 1500 2712 4839 1607 2713 4840 585 2554 4841 1607 2713 4842 1806 2714 4843 1608 2715 4844 1800 2716 4845 1803 2717 4846 1804 2718 4847 1867 2719 4848 2748 2720 4849 2576 2721 4850 996 2722 4851 2585 2723 4852 1869 2483 4853 717 2724 4854 2240 2725 4855 722 2726 4856 945 2727 4857 2288 2728 4858 950 2729 4859 1462 2730 4860 1801 2731 4861 1481 2504 4862 1797 2732 4863 1802 2733 4864 1801 2731 4865 1792 2734 4866 1795 2735 4867 1796 2736 4868 1718 2737 4869 2759 2738 4870 2760 1907 4871 987 2739 4872 2582 2740 4873 995 2741 4874 1748 2438 4875 2347 2742 4876 1894 1673 4877 1744 2743 4878 2463 2744 4879 1743 2745 4880 1424 2451 4881 1793 2746 4882 1443 2452 4883 1789 2747 4884 1794 2748 4885 1793 2746 4886 1784 2749 4887 1787 2750 4888 1788 2751 4889 1717 2752 4890 2597 2753 4891 2759 2738 4892 861 1637 4893 2540 2754 4894 2539 2755 4895 35 2756 4896 2222 2757 4897 93 2758 4898 1744 2743 4899 2340 2759 4900 2464 2760 4901 1386 2761 4902 1785 2762 4903 1405 2399 4904 1781 2763 4905 1786 2764 4906 1785 2762 4907 1716 2765 4908 2111 2766 4909 2064 2767 4910 1776 2768 4911 1779 2769 4912 1780 2770 4913 1865 2771 4914 2746 2772 4915 1690 2773 4916 1196 2774 4917 2633 2475 4918 2627 1516 4919 1197 2775 4920 2463 2744 4921 2335 2776 4922 1477 2510 4923 2397 2777 4924 2398 2778 4925 1348 2779 4926 1777 2780 4927 1367 2345 4928 1773 2781 4929 1778 2782 4930 1777 2780 4931 1768 2783 4932 1771 2784 4933 1772 2785 4934 1414 2528 4935 2690 2786 4936 1412 2787 4937 1204 2788 4938 2636 1470 4939 2631 2789 4940 1240 2205 4941 2346 2790 4942 2345 2791 4943 1904 1592 4944 2361 2792 4945 2364 2037 4946 1310 2793 4947 1769 2794 4948 1329 2294 4949 1765 2795 4950 1770 2796 4951 1769 2794 4952 1760 2797 4953 1763 2798 4954 1764 2799 4955 1863 2800 4956 2744 2801 4957 2566 2802 4958 1714 2047 4959 2757 2803 4960 1713 2804 4961 1740 2621 4962 2339 2805 4963 1890 2806 4964 1059 1935 4965 2309 2807 4966 2310 2808 4967 1272 2809 4968 1761 2810 4969 1291 2239 4970 1757 2811 4971 1762 2812 4972 1761 2810 4973 1711 2813 4974 1967 2814 4975 2016 2815 4976 1752 2816 4977 1755 2817 4978 1756 2818 4979 1713 2804 4980 2598 2819 4981 1063 2820 4982 1861 2821 4983 2742 2822 4984 1682 2823 4985 1740 2621 4986 2461 2824 4987 2462 2825 4988 822 1627 4989 2258 2826 4990 2257 2827 4991 1234 2187 4992 1753 2828 4993 1253 2188 4994 1749 2829 4995 1754 2830 4996 1753 2828 4997 1744 2831 4998 1747 2832 4999 1748 2833 5000 995 2741 5001 2580 2834 5002 994 2835 5003 1357 2836 5004 2669 2837 5005 2673 2838 5006 1736 2839 5007 2332 2360 5008 2460 2840 5009 1860 2841 5010 2273 2842 5011 2276 2843 5012 1215 2131 5013 1741 2844 5014 1745 2845 5015 1741 2844 5016 1746 2846 5017 1745 2845 5018 1736 2847 5019 1739 2848 5020 1740 2849 5021 1432 2468 5022 2692 2850 5023 1413 2443 5024 1431 2426 5025 2690 2851 5026 2689 2852 5027 1178 1535 5028 2461 2824 5029 1739 2853 5030 1306 2854 5031 2359 2855 5032 2357 173 5033 1177 2076 5034 1733 2856 5035 1737 2857 5036 1733 2856 5037 1738 2858 5038 1737 2857 5039 1728 2859 5040 1731 2860 5041 1732 2861 5042 1859 2862 5043 2740 2863 5044 2556 1894 5045 1015 1890 5046 2584 2864 5047 996 1863 5048 1732 2661 5049 2331 2865 5050 1886 2866 5051 888 2867 5052 2271 2868 5053 2269 173 5054 1120 2869 5055 1729 2870 5056 1139 2025 5057 1725 2871 5058 1730 2872 5059 1729 2870 5060 1710 2873 5061 2755 2874 5062 2756 2155 5063 711 1483 5064 2504 2875 5065 692 1454 5066 1719 2876 5067 1994 2877 5068 1595 2878 5069 1602 2879 5070 1721 2880 5071 1722 2881 5072 1736 2839 5073 2459 2882 5074 1735 1812 5075 1728 2883 5076 2324 2884 5077 2456 2885 5078 1082 1974 5079 1615 2886 5080 519 1975 5081 1717 2887 5082 1616 2888 5083 1615 2886 5084 1876 2889 5085 2063 2890 5086 2110 2891 5087 1712 2892 5088 1715 2893 5089 1716 2894 5090 1147 2895 5091 2625 2896 5092 1885 1747 5093 938 2897 5094 2559 2898 5095 2561 2899 5096 1159 2900 5097 2459 2882 5098 2327 2710 5099 1392 2416 5100 2378 2901 5101 2377 2902 5102 1063 1929 5103 1709 2903 5104 1713 2904 5105 1709 2903 5106 1714 2905 5107 1713 2904 5108 1704 2906 5109 1707 2907 5110 1708 2908 5111 1709 2909 5112 2587 2273 5113 2755 2874 5114 1139 1964 5115 2624 2910 5116 1148 2911 5117 1920 2912 5118 2393 2913 5119 2396 2914 5120 1722 2700 5121 2323 2915 5122 1881 2916 5123 1025 1874 5124 1701 2917 5125 1705 2918 5126 1701 2917 5127 1706 2919 5128 1705 2918 5129 1696 2920 5130 1699 2921 5131 1700 2922 5132 1857 2923 5133 2738 2924 5134 1674 2925 5135 1013 1850 5136 2580 2926 5137 2579 2927 5138 1732 2661 5139 2457 2928 5140 2458 2929 5141 1211 2137 5142 2341 2930 5143 2342 2931 5144 987 1824 5145 1693 2932 5146 1697 2933 5147 1693 2932 5148 1698 2934 5149 1697 2933 5150 586 1397 5151 1996 2935 5152 1990 2936 5153 1688 2937 5154 1691 2938 5155 1692 2939 5156 709 1417 5157 2500 2940 5158 2499 2941 5159 1348 2942 5160 2673 2838 5161 2667 2943 5162 1898 2463 5163 2354 2944 5164 1259 2945 5165 746 1512 5166 2242 2946 5167 2241 2947 5168 949 1771 5169 1685 2948 5170 1689 2949 5171 1685 2948 5172 1690 2950 5173 1689 2949 5174 1735 2951 5175 2023 2952 5176 1739 2953 5177 1680 2954 5178 1683 2955 5179 1684 2956 5180 1855 2957 5181 2736 2958 5182 2546 2959 5183 1706 2262 5184 2753 2960 5185 1705 2961 5186 1720 2962 5187 2316 2963 5188 2452 2964 5189 1140 2279 5190 2457 2928 5191 1731 2965 5192 911 1717 5193 1677 2966 5194 1681 2967 5195 1677 2966 5196 1682 2968 5197 1681 2967 5198 1720 2969 5199 2087 2970 5200 2086 2971 5201 1672 2972 5202 1675 2973 5203 1676 2974 5204 1356 2975 5205 2676 2976 5206 2671 2977 5207 1705 2961 5208 2588 2978 5209 1025 2979 5210 974 1865 5211 2290 2980 5212 2289 2981 5213 1876 2889 5214 2305 2982 5215 2308 2983 5216 873 1663 5217 1669 2984 5218 1673 2985 5219 1669 2984 5220 1674 2986 5221 1673 2985 5222 1664 2987 5223 1667 2988 5224 1668 2989 5225 930 2990 5226 2561 2899 5227 2557 2991 5228 1853 2109 5229 2734 2992 5230 1666 2993 5231 1881 2916 5232 2322 2994 5233 1107 2995 5234 25 211 5235 2223 2996 5236 35 215 5237 835 1607 5238 1661 2997 5239 1665 2998 5240 1661 2997 5241 1666 2999 5242 1665 2998 5243 1235 3000 5244 1976 3001 5245 1977 3002 5246 1656 3003 5247 1659 3004 5248 1660 3005 5249 1148 2911 5250 2620 3006 5251 1146 3007 5252 939 3008 5253 2566 2802 5254 2563 3009 5255 1458 3010 5256 2391 3011 5257 2389 3012 5258 793 1556 5259 2253 3013 5260 2254 3014 5261 797 1550 5262 1653 3015 5263 1657 3016 5264 1653 3015 5265 1658 3017 5266 1657 3016 5267 1648 3018 5268 1651 3019 5269 1652 3020 5270 1509 3021 5271 2709 3022 5272 2713 3023 5273 1851 3024 5274 2732 3025 5275 2536 3026 5276 1854 3027 5277 2266 3028 5278 841 3029 5279 1716 2765 5280 2315 3030 5281 1878 3031 5282 759 1493 5283 1645 3032 5284 1649 3033 5285 1645 3032 5286 1650 3034 5287 1649 3033 5288 1639 3035 5289 1644 3036 5290 1640 3037 5291 1702 3038 5292 2751 3039 5293 2752 2379 5294 1806 3040 5295 2803 3041 5296 2804 3042 5297 1249 3043 5298 2352 3044 5299 1254 2039 5300 1728 2883 5301 2455 3045 5302 1727 2544 5303 721 1435 5304 1637 3046 5305 1641 3047 5306 1637 3046 5307 1642 3048 5308 1641 3047 5309 1662 3049 5310 2731 3050 5311 2732 3025 5312 1701 3051 5313 2577 3052 5314 2751 3039 5315 1736 3053 5316 2058 3054 5317 2057 3055 5318 1578 3056 5319 1634 3057 5320 1577 3058 5321 1818 3059 5322 1618 3060 5323 1829 3061 5324 1596 3062 5325 1617 1389 5326 1618 3060 5327 1835 3063 5328 1632 3064 5329 1836 3065 5330 1630 3066 5331 1631 1385 5332 1632 3064 5333 1834 3067 5334 1630 3066 5335 1835 3063 5336 1628 3068 5337 1629 1382 5338 1630 3066 5339 1833 3069 5340 1628 3068 5341 1834 3067 5342 1626 3070 5343 1627 1378 5344 1628 3068 5345 1831 3071 5346 1624 3072 5347 1832 3073 5348 1622 3074 5349 1623 1374 5350 1624 3072 5351 1830 3075 5352 1622 3074 5353 1831 3071 5354 1620 3076 5355 1621 1371 5356 1622 3074 5357 1829 3077 5358 1620 3076 5359 1830 3075 5360 1618 3078 5361 1619 1367 5362 1620 3076 5363 634 1314 5364 1811 2707 5365 1533 1330 5366 1611 3079 5367 1812 3080 5368 1811 2707 5369 1613 3081 5370 672 1200 5371 635 3082 5372 1614 3083 5373 1631 3084 5374 1613 3081 5375 618 1291 5376 1611 3079 5377 634 1314 5378 1603 3085 5379 1612 3086 5380 1611 3079 5381 602 1266 5382 1603 3085 5383 618 1291 5384 1603 3085 5385 1610 3087 5386 1604 3088 5387 1708 3089 5388 2109 3090 5389 2066 3091 5390 1808 3092 5391 1605 3093 5392 1606 3094 5393 585 2554 5394 1609 3095 5395 602 1266 5396 1609 3095 5397 1608 2715 5398 1610 3087 5399 1101 1231 5400 1599 3096 5401 1723 3097 5402 1599 3096 5403 1724 3098 5404 1723 3097 5405 1823 3099 5406 1626 3100 5407 1833 3101 5408 1606 3102 5409 1625 1221 5410 1626 3100 5411 568 1212 5412 1597 3103 5413 1599 3096 5414 1597 3103 5415 1600 3104 5416 1599 3096 5417 1601 3105 5418 660 1344 5419 569 3106 5420 1602 3107 5421 1623 3108 5422 1601 3105 5423 552 1184 5424 1593 3109 5425 1597 3103 5426 1593 3109 5427 1598 3110 5428 1597 3103 5429 536 1167 5430 1615 2886 5431 1593 3109 5432 1615 2886 5433 1594 3111 5434 1593 3109 5435 1720 3112 5436 1595 3113 5437 1596 3114 5438 1565 3115 5439 1941 3116 5440 1929 3117 5441 1566 633 5442 1589 3118 5443 1565 3115 5444 1581 3119 5445 1929 3117 5446 1937 3120 5447 1582 634 5448 1565 3115 5449 1581 3119 5450 1589 3118 5451 1939 3121 5452 1941 3116 5453 1590 222 5454 1585 3122 5455 1589 3118 5456 1940 3123 5457 1571 3124 5458 1932 3125 5459 1588 167 5460 1571 3124 5461 1587 3126 5462 1932 3125 5463 1569 3127 5464 1931 3128 5465 1572 181 5466 1569 3127 5467 1571 3124 5468 1936 3129 5469 1573 3130 5470 1933 3131 5471 1580 176 5472 1573 3130 5473 1579 3132 5474 1040 3133 5475 2303 3134 5476 2301 3135 5477 1097 3136 5478 2320 3137 5479 1102 2629 5480 1569 3138 5481 1930 3139 5482 1931 3140 5483 1570 169 5484 1567 3141 5485 1569 3138 5486 1583 3142 5487 1940 3123 5488 1938 3143 5489 1584 168 5490 1587 3126 5491 1583 3142 5492 1933 3131 5493 1581 1452 5494 1937 3144 5495 1574 164 5496 1581 1452 5497 1573 3130 5498 95 223 5499 1586 3145 5500 133 223 5501 1583 3146 5502 1586 3145 5503 1584 3147 5504 92 3148 5505 1635 3149 5506 683 38 5507 1592 3150 5508 1636 3151 5509 1635 3149 5510 1933 3131 5511 127 3152 5512 0 3153 5513 1938 3143 5514 6 3154 5515 80 3155 5516 1931 3140 5517 30 3156 5518 2 3157 5519 1712 3158 5520 2308 2983 5521 2448 3159 5522 1936 3129 5523 0 3153 5524 36 3160 5525 1932 3125 5526 2 3161 5527 117 3162 5528 1940 3123 5529 117 3162 5530 6 3154 5531 1941 3116 5532 126 3163 5533 258 3164 5534 1937 3120 5535 268 3165 5536 127 3166 5537 1929 3117 5538 258 3164 5539 268 3165 5540 1088 3167 5541 1818 3168 5542 525 3169 5543 591 3170 5544 1833 3101 5545 667 3171 5546 1506 3172 5547 1823 3173 5548 591 3174 5549 655 3175 5550 1830 3075 5551 654 3176 5552 654 3176 5553 1831 3071 5554 658 3177 5555 658 3177 5556 1832 3073 5557 661 3178 5558 667 3179 5559 1834 3067 5560 666 3180 5561 666 3180 5562 1835 3063 5563 670 3181 5564 670 3181 5565 1836 3065 5566 673 3182 5567 525 3183 5568 1829 3061 5569 655 3184 5570 1935 3185 5571 689 3186 5572 20 3187 5573 1121 3188 5574 2455 3045 5575 2319 3189 5576 1840 3190 5577 727 3191 5578 708 3192 5579 831 3193 5580 2264 3194 5581 836 3195 5582 1844 3196 5583 765 3197 5584 746 3198 5585 1708 3089 5586 2307 3199 5587 1874 3200 5588 1848 3201 5589 803 3202 5590 784 3203 5591 1363 2351 5592 2373 3204 5593 2374 3205 5594 1852 3206 5595 841 3207 5596 822 3208 5597 1704 3209 5598 2300 1835 5599 2444 3210 5600 1856 3211 5601 879 3212 5602 860 3213 5603 1914 3214 5604 2386 3215 5605 1411 3216 5606 898 3217 5607 1862 3218 5608 917 3219 5609 1126 2067 5610 2322 3220 5611 2321 3221 5612 936 3222 5613 1866 3223 5614 955 3224 5615 1722 2700 5616 2453 3225 5617 2454 3226 5618 974 3227 5619 1870 3228 5620 993 3229 5621 1892 2612 5622 2337 3230 5623 2340 2759 5624 1012 3231 5625 1874 3232 5626 1031 3233 5627 717 1441 5628 2237 3234 5629 2238 3235 5630 1050 3236 5631 1878 3237 5632 1069 3238 5633 1700 3239 5634 2299 3240 5635 1870 3241 5636 574 3242 5637 1881 3243 5638 1107 3244 5639 1846 3245 5640 2250 3246 5641 765 3247 5642 1126 3248 5643 1886 3249 5644 1145 3250 5645 1102 2629 5646 2453 3225 5647 1721 3251 5648 1164 3252 5649 1890 3253 5650 1183 3254 5651 945 1777 5652 2285 3255 5653 2286 3256 5654 1202 3257 5655 1894 3258 5656 1221 3259 5657 1870 3241 5658 2298 3260 5659 993 3261 5660 1240 3262 5661 1898 3263 5662 1259 3264 5663 1720 2962 5664 2451 3265 5665 1719 2671 5666 1278 3266 5667 1902 3267 5668 1297 3268 5669 1401 3269 5670 2384 3270 5671 1406 3271 5672 1316 3272 5673 1906 3273 5674 1335 3274 5675 1696 3275 5676 2292 3276 5677 2440 3277 5678 1354 3278 5679 1910 3279 5680 1373 3280 5681 1083 3281 5682 2451 3265 5683 2311 3282 5684 1392 3283 5685 1914 3284 5686 1411 3285 5687 1192 3286 5688 2335 2776 5689 2333 3287 5690 1430 3288 5691 1918 3289 5692 1449 3290 5693 755 3291 5694 2248 3292 5695 760 3293 5696 1468 3294 5697 1922 3295 5698 1487 3296 5699 983 3297 5700 2296 3298 5701 988 3299 5702 640 3300 5703 1927 2692 5704 1545 3301 5705 1816 3302 5706 1934 2646 5707 1575 2670 5708 1812 3080 5709 1925 2583 5710 1810 2708 5711 1806 2714 5712 1824 1267 5713 1608 2715 5714 1299 3303 5715 2665 3304 5716 1901 3305 5717 1798 3306 5718 1921 2502 5719 1802 2733 5720 1805 3307 5721 2707 3308 5722 2803 3041 5723 1790 3309 5724 1917 2449 5725 1794 2748 5726 1090 3310 5727 2599 3311 5728 2601 3312 5729 1782 3313 5730 1913 2397 5731 1786 2764 5732 1661 3314 5733 2527 3315 5734 2731 3050 5735 1774 3316 5736 1909 2343 5737 1778 2782 5738 1166 2092 5739 2622 3317 5740 1147 2066 5741 1766 3318 5742 1905 2292 5743 1770 2796 5744 786 3319 5745 2519 3320 5746 2521 3321 5747 1758 3322 5748 1901 2237 5749 1762 2812 5750 1849 3323 5751 2730 3324 5752 1658 3325 5753 1750 3326 5754 1897 2185 5755 1754 2830 5756 1291 3327 5757 2664 3328 5758 1300 3329 5759 1742 3330 5760 1893 2129 5761 1746 2846 5762 1165 2052 5763 2620 3331 5764 2619 3332 5765 1734 3333 5766 1889 2074 5767 1738 2858 5768 882 3334 5769 2555 3335 5770 1857 2923 5771 1726 3336 5772 1885 2023 5773 1730 2872 5774 1847 3337 5775 2728 3338 5776 2526 3339 5777 1718 3340 5778 1828 1168 5779 1616 2888 5780 1500 3341 5781 2713 3023 5782 2707 3308 5783 1710 3342 5784 1877 1927 5785 1714 2905 5786 1698 2485 5787 2749 3343 5788 1697 3344 5789 1702 3345 5790 1873 1871 5791 1706 2919 5792 1802 3346 5793 2801 3347 5794 1801 3348 5795 1694 3349 5796 1869 1822 5797 1698 2934 5798 1658 3325 5799 2729 3350 5800 1657 3351 5801 1686 3352 5802 1865 1769 5803 1690 2950 5804 873 3353 5805 2552 3354 5806 881 3355 5807 1678 3356 5808 1861 1715 5809 1682 2968 5810 1508 3357 5811 2716 3358 5812 2711 3359 5813 1670 3360 5814 1857 1661 5815 1674 2986 5816 1697 3344 5817 2578 3361 5818 987 2739 5819 1662 3362 5820 1853 1605 5821 1666 2999 5822 1801 3348 5823 2708 3363 5824 1481 3364 5825 1654 3365 5826 1849 1548 5827 1658 3017 5828 1657 3351 5829 2528 3366 5830 797 3367 5831 1646 3368 5832 1845 1491 5833 1650 3034 5834 1845 3369 5835 2726 3370 5836 1650 3371 5837 1638 3372 5838 1841 1433 5839 1642 3048 5840 1082 3373 5841 2601 3312 5842 2597 2753 5843 1612 3086 5844 1926 1329 5845 1812 3080 5846 1827 1324 5847 1632 3374 5848 1614 3083 5849 1604 3088 5850 1826 1316 5851 1612 3086 5852 1610 3087 5853 1822 1290 5854 1604 3088 5855 1608 2715 5856 1825 1269 5857 1610 3087 5858 1600 3104 5859 1882 1230 5860 1724 3098 5861 1598 3110 5862 1820 1214 5863 1600 3104 5864 1821 1198 5865 1624 3375 5866 1602 3107 5867 1594 3111 5868 1819 1183 5869 1598 3110 5870 1616 2888 5871 1817 1170 5872 1594 3111 5873 1938 162 5874 1585 3376 5875 1583 3146 5876 1591 3377 5877 1838 31 5878 1636 3151 5879 1969 3378 5880 1994 3379 5881 2018 3380 5882 1991 3381 5883 1996 3382 5884 2040 3383 5885 1944 3384 5886 1997 3385 5887 1943 3386 5888 1949 3387 5889 1999 3388 5890 1998 3389 5891 1951 3390 5892 2001 3391 5893 2000 3392 5894 1953 3393 5895 2003 3394 5896 2002 3395 5897 1955 3396 5898 2005 3397 5899 2004 3398 5900 1957 3399 5901 2007 3400 5902 2006 3401 5903 1959 3402 5904 2009 3403 5905 2008 3404 5906 1961 3405 5907 2011 3406 5908 2010 3407 5909 1963 3408 5910 2013 3409 5911 2012 3410 5912 1965 3411 5913 2015 3412 5914 2014 3413 5915 1967 3414 5916 2017 3415 5917 2016 3416 5918 1947 3417 5919 2019 3418 5920 1995 3419 5921 1971 3420 5922 2021 3421 5923 2020 3422 5924 1973 3423 5925 2023 3424 5926 2022 3425 5927 1975 3426 5928 2025 3427 5929 2024 3428 5930 1977 3429 5931 2027 3430 5932 2026 3431 5933 1979 3432 5934 2029 3433 5935 2028 3434 5936 1981 3435 5937 2031 3436 5938 2030 3437 5939 1983 3438 5940 2033 3439 5941 2032 3440 5942 1985 3441 5943 2035 3442 5944 2034 3443 5945 1987 3444 5946 2037 3445 5947 2036 3446 5948 1989 3447 5949 2039 3448 5950 2038 3449 5951 2140 3450 5952 2142 3451 5953 2139 3452 5954 2146 3453 5955 2144 3454 5956 2145 3455 5957 2153 2577 5958 2148 3456 5959 2154 2578 5960 2154 2578 5961 2147 3457 5962 2146 3453 5963 2150 3458 5964 2151 2601 5965 2152 2576 5966 2141 3459 5967 2152 2576 5968 2142 3451 5969 2132 3460 5970 2042 3461 5971 2133 3462 5972 2130 3463 5973 2044 3464 5974 2131 3465 5975 2128 3466 5976 2046 3467 5977 2129 3468 5978 2126 3469 5979 2048 3470 5980 2127 3471 5981 2124 3472 5982 2050 3473 5983 2125 3474 5984 2122 3475 5985 2052 3476 5986 2123 3477 5987 2120 3478 5988 2054 3479 5989 2121 3480 5990 2118 3481 5991 2056 3482 5992 2119 3483 5993 2116 3484 5994 2058 3485 5995 2117 3486 5996 2114 3487 5997 2060 3488 5998 2115 3489 5999 2089 3490 6000 2062 3491 6001 2113 3492 6002 2110 3493 6003 2064 3494 6004 2111 3495 6005 2108 3496 6006 2066 3497 6007 2109 3498 6008 2106 3499 6009 2068 3500 6010 2107 3501 6011 2104 3502 6012 2070 3503 6013 2105 3504 6014 2102 3505 6015 2072 3506 6016 2103 3507 6017 2100 3508 6018 2074 3509 6019 2101 3510 6020 2098 3511 6021 2076 3512 6022 2099 3513 6023 2077 3514 6024 2097 3515 6025 2096 3516 6026 2079 3517 6027 2095 3518 6028 2094 3519 6029 2081 3520 6030 2093 3521 6031 2092 3522 6032 1993 3523 6033 2091 3524 6034 1992 3525 6035 2134 3526 6036 2085 3527 6037 2090 3528 6038 2112 3529 6039 2087 3530 6040 2088 3531 6041 1743 2745 6042 1975 3532 6043 2024 3533 6044 1639 3534 6045 1949 3535 6046 1998 3536 6047 1780 1561 6048 2127 3537 6049 2048 3538 6050 1045 3539 6051 1966 3540 6052 1967 3541 6053 1912 3542 6054 2045 3543 6055 2128 3544 6056 1216 1941 6057 2025 3545 6058 1974 3546 6059 722 2726 6060 1999 3547 6061 1948 3548 6062 1656 3549 6063 2078 3550 6064 2077 3551 6065 1788 3552 6066 2129 3553 6067 2046 3554 6068 1463 3555 6069 1988 3556 6070 1989 3557 6071 1696 3558 6072 2068 3559 6073 2067 3560 6074 1655 3561 6075 2003 3562 6076 1659 3563 6077 1800 3564 6078 2042 3565 6079 2041 3566 6080 1695 3567 6081 2013 3568 6082 1699 3569 6083 1799 3570 6084 2039 3571 6085 1803 3572 6086 1916 1564 6087 2043 3573 6088 2130 3574 6089 1751 2201 6090 1977 3575 6091 2026 3576 6092 1647 3577 6093 1951 3578 6094 2000 3579 6095 1796 3580 6096 2131 3581 6097 2044 3582 6098 1920 2912 6099 2041 3583 6100 2132 3584 6101 893 3585 6102 1958 3586 6103 1959 3587 6104 1880 3588 6105 2088 3589 6106 1818 3590 6107 1254 2039 6108 2027 3591 6109 1976 3592 6110 760 3293 6111 2001 3593 6112 1950 3594 6113 1648 3595 6114 2080 3596 6115 2079 3597 6116 1804 3598 6117 2133 3599 6118 2042 3600 6119 1596 3062 6120 2088 3601 6121 2087 3602 6122 1647 3603 6123 2001 3604 6124 1651 3605 6125 569 3606 6126 1946 3607 6127 1947 3608 6128 1688 3609 6129 2070 3610 6130 2069 3611 6131 1311 3612 6132 1980 3613 6133 1981 3614 6134 1792 3615 6135 2044 3616 6136 2043 3617 6137 1924 3618 6138 2090 3619 6139 1823 3620 6140 1687 3621 6141 2011 3622 6142 1691 3623 6143 1791 3624 6144 2037 3625 6145 1795 3626 6146 1924 3627 6147 2084 3628 6148 2134 3629 6149 1821 1198 6150 2061 3630 6151 2089 3631 6152 1759 1623 6153 1979 3632 6154 2028 3633 6155 1655 3634 6156 1953 3635 6157 2002 3636 6158 1606 3102 6159 2090 3637 6160 2085 3638 6161 1292 1504 6162 2029 3639 6163 1978 3640 6164 1640 3641 6165 2082 3642 6166 2081 3643 6167 798 2089 6168 2003 3644 6169 1952 3645 6170 1639 3646 6171 1999 3647 6172 1643 3648 6173 1680 3649 6174 2072 3650 6175 2071 3651 6176 1784 3652 6177 2046 3653 6178 2045 3654 6179 1935 3655 6180 2091 3656 6181 1837 3657 6182 1159 3658 6183 1972 3659 6184 1973 3660 6185 1679 3661 6186 2009 3662 6187 1683 3663 6188 1783 3664 6189 2035 3665 6190 1787 3666 6191 1840 3667 6192 2093 3668 6193 1842 3669 6194 1767 3670 6195 1981 3671 6196 2030 3672 6197 1663 3673 6198 1955 3674 6199 2004 3675 6200 1844 3676 6201 2095 3677 6202 1846 3678 6203 1848 3679 6204 2097 3680 6205 1850 3681 6206 1330 3682 6207 2031 3683 6208 1980 3684 6209 836 3195 6210 2005 3685 6211 1954 3686 6212 1672 3687 6213 2074 3688 6214 2073 3689 6215 1776 3690 6216 2048 3691 6217 2047 3692 6218 1852 3693 6219 2099 3694 6220 1854 3695 6221 1577 3696 6222 2083 3697 6223 1993 3698 6224 1671 3699 6225 2007 3700 6226 1675 3701 6227 779 3702 6228 1952 3703 6229 1953 3704 6230 1775 3705 6231 2033 3706 6232 1779 3707 6233 1007 3708 6234 1964 3709 6235 1965 3710 6236 1578 3711 6237 1997 3712 6238 1633 3713 6239 1856 3714 6240 2101 3715 6241 1858 3716 6242 1634 3717 6243 2091 3718 6244 2083 3719 6245 1775 3720 6246 1983 3721 6247 2032 3722 6248 1671 3723 6249 1957 3724 6250 2006 3725 6251 1935 3726 6252 1993 3727 6253 1992 3728 6254 1425 3729 6255 1986 3730 6256 1987 3731 6257 1860 3732 6258 2103 3733 6259 1862 3734 6260 1840 3735 6261 2081 3736 6262 2092 3737 6263 1864 3738 6264 2105 3739 6265 1866 3740 6266 1368 2519 6267 2033 3741 6268 1982 3742 6269 874 3743 6270 2007 3744 6271 1956 3745 6272 1644 3746 6273 2093 3747 6274 2082 3748 6275 1664 3749 6276 2076 3750 6277 2075 3751 6278 1768 3752 6279 2050 3753 6280 2049 3754 6281 1868 3755 6282 2107 3756 6283 1870 3757 6284 1663 3758 6285 2005 3759 6286 1667 3760 6287 1767 3761 6288 2031 3762 6289 1771 3763 6290 1844 3764 6291 2079 3765 6292 2094 3766 6293 855 3767 6294 1956 3768 6295 1957 3769 6296 1872 3770 6297 2109 3771 6298 1874 3772 6299 1783 3773 6300 1985 3774 6301 2034 3775 6302 1679 3776 6303 1959 3777 6304 2008 3778 6305 1652 3779 6306 2095 3780 6307 2080 3781 6308 1876 3782 6309 2111 3783 6310 1878 3784 6311 1273 3785 6312 1978 3786 6313 1979 3787 6314 1848 1730 6315 2077 3788 6316 2096 3789 6317 1821 3790 6318 2113 3791 6319 1881 3792 6320 1406 3271 6321 2035 3793 6322 1984 3794 6323 912 3795 6324 2009 3796 6325 1958 3797 6326 1660 3798 6327 2097 3799 6328 2078 3800 6329 1760 3801 6330 2052 3802 6331 2051 3803 6332 1884 3804 6333 2115 3805 6334 1886 3806 6335 1759 3807 6336 2029 3808 6337 1763 3809 6338 1852 3810 6339 2075 3811 6340 2098 3812 6341 1888 3813 6342 2117 3814 6343 1890 3815 6344 1791 3816 6345 1987 3817 6346 2036 3818 6347 1687 3819 6348 1961 3820 6349 2010 3821 6350 1668 3822 6351 2099 3823 6352 2076 3824 6353 1892 3825 6354 2119 3826 6355 1894 3827 6356 1121 3828 6357 1970 3829 6358 1971 3830 6359 1856 3831 6360 2073 3832 6361 2100 3833 6362 1896 3834 6363 2121 3835 6364 1898 3836 6365 1444 3837 6366 2037 3838 6367 1986 3839 6368 950 2729 6369 2011 3840 6370 1960 3841 6371 1676 3842 6372 2101 3843 6373 2074 3844 6374 1752 3845 6375 2054 3846 6376 2053 3847 6377 1900 3848 6378 2123 3849 6379 1902 3850 6380 1808 3851 6381 2085 3852 6382 2084 3853 6383 1751 3854 6384 2027 3855 6385 1755 3856 6386 1860 2841 6387 2071 3857 6388 2102 3858 6389 1807 3859 6390 1996 3860 6391 1605 3861 6392 1904 3862 6393 2125 3863 6394 1906 3864 6395 1799 3865 6396 1989 3866 6397 2038 3867 6398 1695 3868 6399 1963 3869 6400 2012 3870 6401 1684 3871 6402 2103 3872 6403 2072 3873 6404 1908 3874 6405 2127 3875 6406 1910 3876 6407 741 3877 6408 1950 3878 6409 1951 3879 6410 969 3880 6411 1962 3881 6412 1963 3882 6413 1864 3883 6414 2069 3884 6415 2104 3885 6416 1912 3886 6417 2129 3887 6418 1914 3888 6419 1482 3889 6420 2039 3890 6421 1988 3891 6422 988 3299 6423 2013 3892 6424 1962 3893 6425 520 1342 6426 1994 3894 6427 1968 3895 6428 1692 3896 6429 2105 3897 6430 2070 3898 6431 1387 3899 6432 1984 3900 6433 1985 3901 6434 1744 3902 6435 2056 3903 6436 2055 3904 6437 1916 3905 6438 2131 3906 6439 1918 3907 6440 1743 3908 6441 2025 3909 6442 1747 3910 6443 1868 3911 6444 2067 3912 6445 2106 3913 6446 1920 3914 6447 2133 3915 6448 1922 3916 6449 1807 3917 6450 1991 3918 6451 2040 3919 6452 1703 3920 6453 1965 3921 6454 2014 3922 6455 1700 3239 6456 2107 3923 6457 2068 3924 6458 1601 3105 6459 1947 3925 6460 1995 3926 6461 1872 1833 6462 2065 3927 6463 2108 3928 6464 1578 3929 6465 1944 3930 6466 1943 3931 6467 817 3932 6468 1954 3933 6469 1955 3934 6470 1026 3935 6471 2015 3936 6472 1964 3937 6473 1535 3938 6474 2149 3939 6475 1813 3940 6476 1814 2579 6477 2149 3939 6478 2150 3941 6479 1532 2575 6480 1815 2669 6481 1557 2667 6482 1544 2590 6483 1551 42 6484 1518 2635 6485 1927 2581 6486 2140 3942 6487 1545 3943 6488 1520 2573 6489 2168 3944 6490 2165 3945 6491 2158 3946 6492 2159 3947 6493 2157 3948 6494 2161 3949 6495 2156 3950 6496 2155 3951 6497 257 23 6498 2812 3952 6499 2819 3953 6500 125 3954 6501 2168 3955 6502 88 3956 6503 1555 3957 6504 2155 3958 6505 17 3959 6506 2164 3960 6507 2166 3961 6508 2165 3962 6509 1527 3963 6510 2157 3964 6511 1526 3965 6512 1515 3966 6513 2164 3967 6514 1514 3967 6515 11 3968 6516 2168 3968 6517 1552 3968 6518 2164 3967 6519 1550 2605 6520 1514 3967 6521 1524 3969 6522 1558 34 6523 1534 2640 6524 1925 2583 6525 1816 3302 6526 1810 2708 6527 1810 2708 6528 1815 2669 6529 1809 2706 6530 1546 2572 6531 1562 3970 6532 1542 2565 6533 1538 3971 6534 1549 928 6535 1512 2598 6536 2157 3948 6537 2162 3972 6538 2161 3949 6539 1540 2636 6540 1560 24 6541 1538 3971 6542 1528 2650 6543 1552 3973 6544 1520 2573 6545 1516 41 6546 1553 36 6547 1522 2599 6548 2139 3452 6549 2146 3453 6550 2145 3455 6551 2137 3974 6552 1558 2684 6553 2143 2686 6554 1510 2567 6555 1557 2667 6556 1548 2647 6557 1536 2566 6558 1562 3970 6559 1559 2641 6560 1536 2594 6561 2162 2592 6562 2159 3975 6563 1512 2582 6564 1928 2644 6565 1925 2583 6566 2165 3962 6567 2167 3976 6568 2164 3960 6569 2142 3451 6570 2154 2578 6571 2146 3453 6572 1510 2567 6573 1564 2657 6574 1546 1308 6575 1516 41 6576 1551 42 6577 1530 41 6578 1526 2569 6579 1556 2654 6580 1528 2568 6581 2157 3964 6582 1555 3957 6583 1526 3965 6584 1522 2599 6585 1561 25 6586 1540 2636 6587 2151 2601 6588 2143 2659 6589 2153 2577 6590 1514 2571 6591 1554 3977 6592 1524 2570 6593 1552 56 6594 1556 56 6595 2168 56 6596 1552 3978 6597 16 3978 6598 11 3978 6599 459 3979 6600 2169 1364 6601 458 3979 6602 459 1120 6603 2171 3980 6604 2172 1358 6605 454 3981 6606 2171 1355 6607 455 3981 6608 458 1126 6609 2170 934 6610 454 1137 6611 2175 56 6612 2178 3982 6613 2179 3983 6614 646 3984 6615 2174 3985 6616 647 1354 6617 648 1360 6618 2174 3986 6619 2175 56 6620 648 1365 6621 2176 3987 6622 649 1365 6623 2180 3988 6624 2181 3989 6625 2177 3990 6626 2175 3991 6627 2180 3992 6628 2176 3987 6629 2176 3993 6630 2177 3990 6631 2173 1350 6632 2173 3994 6633 2178 3995 6634 2174 3985 6635 2183 3996 6636 2186 56 6637 2187 3997 6638 2177 3998 6639 2182 3999 6640 2178 3995 6641 2179 3983 6642 2182 4000 6643 2183 3996 6644 2179 4001 6645 2184 4002 6646 2180 3992 6647 2187 4003 6648 2192 4004 6649 2188 4005 6650 2183 4006 6651 2188 4005 6652 2184 4002 6653 2184 4007 6654 2185 4008 6655 2181 3989 6656 2181 4009 6657 2186 4010 6658 2182 3999 6659 2192 4011 6660 2193 4012 6661 2189 4013 6662 2188 4014 6663 2189 4013 6664 2185 4008 6665 2185 4015 6666 2190 4016 6667 2186 4010 6668 2187 3997 6669 2190 4017 6670 2191 4018 6671 2195 4019 6672 2198 4020 6673 2199 4021 6674 2189 4022 6675 2194 4023 6676 2190 4016 6677 2191 4018 6678 2194 4024 6679 2195 4019 6680 2191 4025 6681 2196 4026 6682 2192 4004 6683 2200 4027 6684 2201 41 6685 2197 4028 6686 2195 4029 6687 2200 4030 6688 2196 4026 6689 2196 4031 6690 2197 4028 6691 2193 4012 6692 2193 4032 6693 2198 4033 6694 2194 4023 6695 2204 4034 6696 2205 4035 6697 2201 41 6698 2197 4036 6699 2202 4037 6700 2198 4033 6701 2199 4021 6702 2202 56 6703 2203 4038 6704 2199 4039 6705 2204 4040 6706 2200 4030 6707 2207 4041 6708 2210 4042 6709 2211 56 6710 2201 4043 6711 2206 4044 6712 2202 4037 6713 2203 4038 6714 2206 4045 6715 2207 4041 6716 2203 4046 6717 2208 4047 6718 2204 4040 6719 2209 4048 6720 2216 4049 6721 2213 4050 6722 2207 4051 6723 2212 4052 6724 2208 4047 6725 2208 4053 6726 2209 4048 6727 2205 4035 6728 2205 4054 6729 2210 4055 6730 2206 4044 6731 2213 4050 6732 2220 4056 6733 2217 41 6734 2209 4057 6735 2214 4058 6736 2210 4055 6737 2210 4042 6738 2215 4059 6739 2211 56 6740 2211 4060 6741 2216 4061 6742 2212 4052 6743 2219 4062 6744 2217 4062 6745 2220 4063 6746 2213 4064 6747 2218 4065 6748 2214 4058 6749 2214 4066 6750 2219 56 6751 2215 4059 6752 2215 4067 6753 2220 4068 6754 2216 4061 6755 2223 4069 6756 2227 4070 6757 2222 4071 6758 2221 4072 6759 2227 4070 6760 2226 4073 6761 2230 4074 6762 2231 4075 6763 2232 4076 6764 2232 4076 6765 2411 4077 6766 2409 4078 6767 2238 4079 6768 2239 4080 6769 2240 4081 6770 2240 4081 6771 2415 4082 6772 2413 4083 6773 2246 4084 6774 2247 4085 6775 2248 4086 6776 2248 4086 6777 2419 4087 6778 2417 4088 6779 2254 4089 6780 2255 4090 6781 2256 4091 6782 2256 4091 6783 2423 4092 6784 2421 4093 6785 2262 4094 6786 2263 4095 6787 2264 4096 6788 2264 4096 6789 2427 4097 6790 2425 4098 6791 2270 4099 6792 2271 4100 6793 2272 4101 6794 2272 4101 6795 2431 4102 6796 2429 4103 6797 2278 4104 6798 2279 4105 6799 2280 4106 6800 2280 4106 6801 2435 4107 6802 2433 4108 6803 2286 4109 6804 2287 4110 6805 2288 4111 6806 2288 4111 6807 2439 4112 6808 2437 4113 6809 2294 4114 6810 2295 4115 6811 2296 4116 6812 2296 4116 6813 2443 4117 6814 2441 4118 6815 2302 4119 6816 2303 4120 6817 2304 4121 6818 2304 4121 6819 2447 4122 6820 2445 4123 6821 2310 1913 6822 2311 4124 6823 2312 4125 6824 2312 4125 6825 2451 4126 6826 2449 4127 6827 2318 4128 6828 2319 4129 6829 2320 4130 6830 2320 4130 6831 2455 4131 6832 2453 4132 6833 2326 4133 6834 2327 4134 6835 2328 4135 6836 2328 4135 6837 2459 4136 6838 2457 4137 6839 2334 4138 6840 2335 4139 6841 2336 4140 6842 2336 4140 6843 2463 4141 6844 2461 4142 6845 2342 4143 6846 2343 4144 6847 2344 4145 6848 2344 4145 6849 2467 4146 6850 2465 4147 6851 2350 4148 6852 2351 4149 6853 2352 4150 6854 2352 4150 6855 2471 4151 6856 2469 4152 6857 2358 4153 6858 2359 4154 6859 2360 4155 6860 2360 4155 6861 2475 4156 6862 2473 4157 6863 2366 4158 6864 2367 4159 6865 2368 4160 6866 2368 4160 6867 2479 4161 6868 2477 4162 6869 2374 4163 6870 2375 4164 6871 2376 4165 6872 2376 4165 6873 2483 4166 6874 2481 4167 6875 2382 4168 6876 2383 4169 6877 2384 4170 6878 2384 4170 6879 2487 4171 6880 2485 4172 6881 2390 4173 6882 2391 4174 6883 2392 4175 6884 2392 4175 6885 2491 4176 6886 2489 4177 6887 2398 4178 6888 2399 4179 6889 2400 4180 6890 2400 4180 6891 2495 4181 6892 2493 4182 6893 2403 4183 6894 2496 4184 6895 2404 4185 6896 2494 4186 6897 2495 4181 6898 2496 4184 6899 2395 4187 6900 2492 4188 6901 2396 4189 6902 2490 4190 6903 2491 4176 6904 2492 4188 6905 2387 4191 6906 2488 4192 6907 2388 4193 6908 2486 4194 6909 2487 4171 6910 2488 4192 6911 2379 4195 6912 2484 4196 6913 2380 4197 6914 2482 4198 6915 2483 4166 6916 2484 4196 6917 2371 4199 6918 2480 4200 6919 2372 4201 6920 2478 4202 6921 2479 4161 6922 2480 4200 6923 2363 4203 6924 2476 4204 6925 2364 4205 6926 2474 4206 6927 2475 4156 6928 2476 4204 6929 2355 4207 6930 2472 4208 6931 2356 4209 6932 2470 4210 6933 2471 4151 6934 2472 4208 6935 2347 4211 6936 2468 4212 6937 2348 4213 6938 2466 4214 6939 2467 4146 6940 2468 4212 6941 2339 4215 6942 2464 4216 6943 2340 4217 6944 2462 4218 6945 2463 4141 6946 2464 4216 6947 2331 4219 6948 2460 4220 6949 2332 4221 6950 2458 4222 6951 2459 4136 6952 2460 4220 6953 2323 4223 6954 2456 4224 6955 2324 4225 6956 2454 4226 6957 2455 4131 6958 2456 4224 6959 2315 4227 6960 2452 4228 6961 2316 4229 6962 2450 4230 6963 2451 4126 6964 2452 4228 6965 2307 4231 6966 2448 4232 6967 2308 4233 6968 2446 4234 6969 2447 4122 6970 2448 4232 6971 2299 4235 6972 2444 4236 6973 2300 4237 6974 2442 4238 6975 2443 4117 6976 2444 4236 6977 2291 4239 6978 2440 4240 6979 2292 4241 6980 2438 4242 6981 2439 4112 6982 2440 4240 6983 2283 4243 6984 2436 4244 6985 2284 4245 6986 2434 4246 6987 2435 4107 6988 2436 4244 6989 2275 4247 6990 2432 4248 6991 2276 4249 6992 2430 4250 6993 2431 4102 6994 2432 4248 6995 2426 4251 6996 2268 4252 6997 2267 4253 6998 2426 4251 6999 2427 4097 7000 2428 4254 7001 2422 4255 7002 2260 4256 7003 2259 4257 7004 2422 4255 7005 2423 4092 7006 2424 4258 7007 2418 4259 7008 2252 4260 7009 2251 4261 7010 2418 4259 7011 2419 4087 7012 2420 4262 7013 2414 4263 7014 2244 4264 7015 2243 4265 7016 2414 4263 7017 2415 4082 7018 2416 4266 7019 2410 4267 7020 2236 4268 7021 2235 4269 7022 2410 4267 7023 2411 4077 7024 2412 4270 7025 2406 4271 7026 2407 4272 7027 2405 4273 7028 2221 4072 7029 2408 4274 7030 2406 4271 7031 2405 4273 7032 2224 4275 7033 2225 4276 7034 2235 4269 7035 2233 4277 7036 2234 4278 7037 2242 4279 7038 2244 4264 7039 2241 4280 7040 2250 4281 7041 2252 4260 7042 2249 4282 7043 2258 4283 7044 2260 4256 7045 2257 4284 7046 2266 4285 7047 2268 4252 7048 2265 4286 7049 2274 4287 7050 2276 4249 7051 2273 4288 7052 2282 4289 7053 2284 4245 7054 2281 4290 7055 2291 4239 7056 2289 4291 7057 2290 4292 7058 2298 4293 7059 2300 4237 7060 2297 4294 7061 2306 4295 7062 2308 4233 7063 2305 4296 7064 2314 4297 7065 2316 4229 7066 2313 4298 7067 2322 4299 7068 2324 4225 7069 2321 4300 7070 2330 4301 7071 2332 4221 7072 2329 4302 7073 2338 4303 7074 2340 4217 7075 2337 4304 7076 2346 4305 7077 2348 4213 7078 2345 4306 7079 2354 4307 7080 2356 4209 7081 2353 4308 7082 2362 4309 7083 2364 4205 7084 2361 4310 7085 2370 4311 7086 2372 4201 7087 2369 4312 7088 2378 4313 7089 2380 4197 7090 2377 4314 7091 2386 4315 7092 2388 4193 7093 2385 4316 7094 2394 4317 7095 2396 4189 7096 2393 4318 7097 2402 4319 7098 2404 4185 7099 2401 4320 7100 1788 3552 7101 2387 4321 7102 1914 3214 7103 1059 4322 7104 2312 4323 7105 1064 2697 7106 1268 4324 7107 2351 1786 7108 2349 3135 7109 1311 4325 7110 2475 4326 7111 2359 2855 7112 1792 4327 7113 2388 1566 7114 2488 4328 7115 1856 3831 7116 2265 4329 7117 2268 4330 7118 1837 4331 7119 2234 4332 7120 689 4333 7121 1477 4334 7122 2400 4335 7123 1482 3889 7124 1768 2036 7125 2475 4326 7126 1767 3670 7127 1664 4336 7128 2423 4337 7129 1663 3673 7130 1878 3031 7131 2314 4338 7132 1069 4339 7133 1021 1879 7134 2301 4340 7135 2302 4341 7136 1796 3580 7137 2395 4342 7138 1918 4343 7139 1900 1914 7140 2353 4344 7141 2356 2303 7142 1202 2150 7143 2338 4345 7144 2337 4346 7145 1922 4347 7146 2402 4348 7147 1487 4349 7148 1330 3682 7149 2477 4350 7150 1771 4351 7151 1439 2457 7152 2389 4352 7153 2390 4353 7154 1800 4354 7155 2396 2914 7156 2492 4355 7157 836 3195 7158 2425 4356 7159 1667 4357 7160 1772 1477 7161 2477 4350 7162 2478 4358 7163 1668 3822 7164 2425 4356 7165 2426 4359 7166 684 50 7167 2409 4360 7168 1633 4361 7169 91 4362 7170 2226 4363 7171 2227 2143 7172 1804 3598 7173 2403 4364 7174 1922 4347 7175 1633 4361 7176 2410 4365 7177 1634 3717 7178 907 4366 7179 2280 4367 7180 912 3795 7181 1349 4368 7182 2479 4369 7183 2367 4370 7184 1808 4371 7185 2404 4372 7186 2496 4373 7187 1116 4374 7188 2319 3189 7189 2317 1944 7190 855 4375 7191 2427 4376 7192 2263 172 7193 1776 1727 7194 2479 4369 7195 1775 3720 7196 1672 4377 7197 2427 4376 7198 1671 3723 7199 1325 4378 7200 2368 4379 7201 1330 3682 7202 1862 4380 7203 2282 4381 7204 917 4382 7205 869 1669 7206 2269 4383 7207 2270 4384 7208 1884 2678 7209 2321 4385 7210 2324 2884 7211 703 4386 7212 2411 4387 7213 2231 4388 7214 1050 1971 7215 2306 4389 7216 2305 4390 7217 1368 2519 7218 2481 4391 7219 1779 4392 7220 874 3743 7221 2429 4393 7222 1675 4394 7223 1639 3534 7224 2412 4395 7225 2411 4387 7226 1906 1887 7227 2370 4396 7228 1335 4397 7229 1287 2244 7230 2357 4398 7231 2358 4399 7232 1780 1561 7233 2481 4391 7234 2482 4400 7235 1676 3842 7236 2429 4393 7237 2430 4401 7238 1468 2550 7239 2394 4402 7240 2393 4403 7241 1930 4404 7242 2225 4405 7243 30 4406 7244 722 2726 7245 2413 4407 7246 1643 4408 7247 1387 4409 7248 2483 4410 7249 2375 4411 7250 893 4412 7251 2431 4413 7252 2271 2868 7253 1643 4408 7254 2414 4414 7255 1644 3746 7256 964 4415 7257 2287 4416 7258 2285 3135 7259 1784 1449 7260 2483 4410 7261 1783 3773 7262 1680 4417 7263 2431 4413 7264 1679 3776 7265 736 4418 7266 2239 4419 7267 2237 4420 7268 1173 4421 7269 2336 4422 7270 1178 1535 7271 1382 4423 7272 2375 4411 7273 2373 4424 7274 741 4425 7275 2415 4426 7276 2239 4419 7277 1868 3911 7278 2289 4427 7279 2292 3276 7280 1406 3271 7281 2485 4428 7282 1787 4429 7283 912 3795 7284 2433 4430 7285 1683 4431 7286 1844 3764 7287 2241 4432 7288 2244 4433 7289 898 1762 7290 2274 4434 7291 2273 4435 7292 1647 3577 7293 2416 4436 7294 2415 4426 7295 1788 3552 7296 2485 4428 7297 2486 4437 7298 1890 2806 7299 2338 4438 7300 1183 4439 7301 1935 3726 7302 2224 4440 7303 2407 4441 7304 1684 3871 7305 2433 4430 7306 2434 4442 7307 1135 2031 7308 2325 4443 7309 2326 4444 7310 1912 3542 7311 2377 4445 7312 2380 1450 7313 1316 2310 7314 2362 4446 7315 2361 4447 7316 93 2758 7317 2221 4448 7318 1568 4449 7319 760 3293 7320 2417 4450 7321 1651 4451 7322 1425 4452 7323 2487 4453 7324 2383 1837 7325 931 4454 7326 2435 4455 7327 2279 4456 7328 1651 4451 7329 2418 4457 7330 1652 3779 7331 1792 4327 7332 2487 4453 7333 1791 3816 7334 1688 4458 7335 2435 4455 7336 1687 3819 7337 1634 3717 7338 2235 4459 7339 1837 4331 7340 812 4460 7341 2255 4461 7342 2253 1944 7343 1021 4462 7344 2304 4463 7345 1026 3935 7346 779 4464 7347 2419 4465 7348 2247 1943 7349 1567 4466 7350 2405 4467 7351 1930 4404 7352 1230 4468 7353 2343 2306 7354 2341 3135 7355 1444 3837 7356 2489 4469 7357 1795 4470 7358 950 2729 7359 2437 4471 7360 1691 4472 7361 1640 4473 7362 2236 4474 7363 2412 4395 7364 1655 3634 7365 2420 4475 7366 2419 4465 7367 1852 3810 7368 2257 4476 7369 2260 4477 7370 1568 4449 7371 2406 4478 7372 1567 4466 7373 1796 3580 7374 2489 4469 7375 2490 4479 7376 1439 4480 7377 2392 4481 7378 1444 3837 7379 1692 3896 7380 2437 4471 7381 2438 4482 7382 1874 3200 7383 2306 4483 7384 1031 4484 7385 983 1830 7386 2293 4485 7387 2294 4486 7388 755 1499 7389 2245 4487 7390 2246 4488 7391 1644 3746 7392 2243 4489 7393 1842 2411 7394 1896 2331 7395 2345 4490 7396 2348 2561 7397 1164 2093 7398 2330 4491 7399 2329 4492 7400 798 2089 7401 2421 4493 7402 1659 4494 7403 1463 4495 7404 2491 4496 7405 2391 3011 7406 1918 4343 7407 2394 4497 7408 1449 4498 7409 1401 2405 7410 2381 4499 7411 2382 4500 7412 969 4501 7413 2439 4502 7414 2287 4416 7415 1648 4503 7416 2244 4433 7417 2416 4436 7418 1660 3798 7419 2421 4493 7420 2422 4504 7421 1800 4354 7422 2491 4496 7423 1799 3865 7424 1696 3275 7425 2439 4502 7426 1695 3868 7427 1652 3779 7428 2251 4505 7429 1846 3245 7430 869 4506 7431 2272 4507 7432 874 3743 7433 817 4508 7434 2423 4337 7435 2255 4461 7436 1482 3889 7437 2493 4509 7438 1803 4510 7439 988 3299 7440 2441 4511 7441 1699 4512 7442 1656 4513 7443 2252 1732 7444 2420 4475 7445 1078 4324 7446 2311 3282 7447 2309 1944 7448 1804 3598 7449 2493 4509 7450 2494 4514 7451 1700 3239 7452 2441 4511 7453 2442 4515 7454 1287 4516 7455 2360 4517 7456 1292 1504 7457 1858 4518 7458 2274 4519 7459 879 4520 7460 1660 3798 7461 2259 4521 7462 1850 1883 7463 831 1613 7464 2261 4522 7465 2262 4523 7466 1496 4524 7467 2399 4525 7468 2397 1985 7469 1880 2703 7470 2313 4526 7471 2316 2963 7472 1012 1920 7473 2298 4527 7474 2297 4528 7475 1501 4529 7476 2495 4530 7477 2399 4525 7478 1007 4531 7479 2443 4532 7480 2295 1984 7481 784 1570 7482 2250 4533 7483 2249 4534 7484 1664 4336 7485 2260 4477 7486 2424 4535 7487 1902 2146 7488 2362 4536 7489 1297 4537 7490 1249 2193 7491 2349 4538 7492 2350 4539 7493 1808 4371 7494 2495 4530 7495 1807 3917 7496 1704 3209 7497 2443 4532 7498 1703 3920 7499 1924 3627 7500 2401 4540 7501 2404 4372 7502 1430 2469 7503 2386 4541 7504 2385 4542 7505 1668 3822 7506 2267 4543 7507 1854 3027 7508 1577 4544 7509 2407 4441 7510 2408 4545 7511 1026 3935 7512 2445 4546 7513 1707 4547 7514 1672 4377 7515 2268 4330 7516 2428 4548 7517 1578 3929 7518 2408 4545 7519 2226 4363 7520 926 4549 7521 2279 4456 7522 2277 4420 7523 1708 3089 7524 2445 4546 7525 2446 4550 7526 698 4418 7527 2231 4388 7528 2229 3135 7529 1135 4551 7530 2328 4552 7531 1140 2279 7532 1676 3842 7533 2275 4553 7534 1858 4518 7535 1344 4554 7536 2367 4370 7537 2365 1944 7538 1864 3883 7539 2281 4555 7540 2284 4556 7541 1045 4557 7542 2447 4558 7543 2303 3134 7544 1680 4417 7545 2276 2843 7546 2432 4559 7547 860 1681 7548 2266 4560 7549 2265 4561 7550 1840 3735 7551 2233 4562 7552 2236 4474 7553 1886 2866 7554 2330 4563 7555 1145 4564 7556 1712 3158 7557 2447 4558 7558 1711 2813 7559 1097 1237 7560 2317 4565 7561 2318 4566 7562 1684 3871 7563 2283 4567 7564 1862 4380 7565 1908 1163 7566 2369 4568 7567 2372 1728 7568 1278 2257 7569 2354 4569 7570 2353 4570 7571 1064 2697 7572 2449 4571 7573 1715 4572 7574 1688 4458 7575 2284 4556 7576 2436 4573 7577 1716 2765 7578 2449 4571 7579 2450 4574 7580 1692 3896 7581 2291 4575 7582 1866 2514 7583 2500 4576 7584 2501 4577 7585 2499 4578 7586 2502 4579 7587 2497 4580 7588 2501 4577 7589 2505 4581 7590 2503 4582 7591 2506 4583 7592 2510 4584 7593 2511 4585 7594 2509 4586 7595 2512 4587 7596 2507 4588 7597 2511 4585 7598 2515 4589 7599 2513 4590 7600 2516 4591 7601 2520 4592 7602 2521 4593 7603 2519 4594 7604 2521 4593 7605 2518 4595 7606 2517 4596 7607 2525 4597 7608 2523 4598 7609 2526 4599 7610 2530 4600 7611 2531 4601 7612 2529 4602 7613 2531 4601 7614 2528 4603 7615 2527 4604 7616 2536 4605 7617 2534 4606 7618 2533 4607 7619 2540 4608 7620 2541 4609 7621 2539 4610 7622 2542 4611 7623 2537 4612 7624 2541 4609 7625 2545 4613 7626 2543 4614 7627 2546 4615 7628 2550 4616 7629 2551 4617 7630 2549 4618 7631 2551 4617 7632 2548 4619 7633 2547 4620 7634 2556 4621 7635 2554 4622 7636 2553 4623 7637 2560 4624 7638 2561 4625 7639 2559 4626 7640 2562 4627 7641 2557 4628 7642 2561 4625 7643 2566 4629 7644 2564 4630 7645 2563 4631 7646 2570 4632 7647 2571 4633 7648 2569 4634 7649 2572 4635 7650 2567 4636 7651 2571 4633 7652 2576 4637 7653 2574 4638 7654 2573 4639 7655 2580 4640 7656 2581 4641 7657 2579 4642 7658 2582 4643 7659 2577 4644 7660 2581 4641 7661 2585 4645 7662 2583 4646 7663 2586 4647 7664 2590 4648 7665 2591 4649 7666 2589 4650 7667 2592 4651 7668 2587 4652 7669 2591 4649 7670 2596 4653 7671 2594 4654 7672 2593 4655 7673 2600 4656 7674 2601 4657 7675 2599 4658 7676 2601 4657 7677 2598 4659 7678 2597 4660 7679 2605 4661 7680 2603 4662 7681 2606 4663 7682 2610 4664 7683 2613 4665 7684 2609 4666 7685 2614 4667 7686 2607 4668 7687 2613 4665 7688 2616 4669 7689 2612 4670 7690 2611 4671 7691 2620 4672 7692 2623 4673 7693 2619 4674 7694 2624 4675 7695 2617 4676 7696 2623 4673 7697 2625 4677 7698 2621 4678 7699 2626 4679 7700 2630 4680 7701 2633 4681 7702 2629 4682 7703 2634 4683 7704 2627 4684 7705 2633 4681 7706 2635 4685 7707 2631 4686 7708 2636 4687 7709 2640 4688 7710 2643 4689 7711 2639 4690 7712 2644 4691 7713 2637 4692 7714 2643 4689 7715 2645 4693 7716 2641 4694 7717 2646 4695 7718 2650 4696 7719 2653 4697 7720 2649 4698 7721 2653 4697 7722 2648 4699 7723 2647 4700 7724 2656 4701 7725 2652 4702 7726 2651 4703 7727 2660 4704 7728 2663 4705 7729 2659 4706 7730 2663 4705 7731 2658 4707 7732 2657 4708 7733 2665 4709 7734 2661 4710 7735 2666 4711 7736 2670 4712 7737 2673 4713 7738 2669 4714 7739 2673 4713 7740 2668 4715 7741 2667 4716 7742 2675 4717 7743 2671 4718 7744 2676 4719 7745 2680 4720 7746 2683 4721 7747 2679 4722 7748 2683 4721 7749 2678 4723 7750 2677 4724 7751 2686 4725 7752 2682 4726 7753 2681 4727 7754 2690 4728 7755 2693 4729 7756 2689 4730 7757 2694 4731 7758 2687 4732 7759 2693 4729 7760 2696 4733 7761 2692 4734 7762 2691 4735 7763 2700 4736 7764 2703 4737 7765 2699 4738 7766 2703 4737 7767 2698 4739 7768 2697 4740 7769 2706 4741 7770 2702 4742 7771 2701 4743 7772 2710 4744 7773 2713 4745 7774 2709 4746 7775 2714 4747 7776 2707 4748 7777 2713 4745 7778 2716 4749 7779 2712 4750 7780 2711 4751 7781 2708 4752 7782 2803 4753 7783 2707 4748 7784 2803 4753 7785 2802 4754 7786 2804 4755 7787 2698 4739 7788 2799 4756 7789 2697 4740 7790 2797 4757 7791 2800 4758 7792 2799 4756 7793 2688 4759 7794 2795 4760 7795 2687 4732 7796 2793 4761 7797 2796 4762 7798 2795 4760 7799 2678 4723 7800 2791 4763 7801 2677 4724 7802 2789 4764 7803 2792 4765 7804 2791 4763 7805 2668 4715 7806 2787 4766 7807 2667 4716 7808 2785 4767 7809 2788 4768 7810 2787 4766 7811 2657 4708 7812 2781 4769 7813 2783 4770 7814 2781 4769 7815 2784 4771 7816 2783 4770 7817 2648 4699 7818 2779 4772 7819 2647 4700 7820 2777 4773 7821 2780 4774 7822 2779 4772 7823 2637 4692 7824 2773 4775 7825 2775 4776 7826 2773 4775 7827 2776 4777 7828 2775 4776 7829 2627 4684 7830 2769 4778 7831 2771 4779 7832 2769 4778 7833 2772 4780 7834 2771 4779 7835 2617 4676 7836 2765 4781 7837 2767 4782 7838 2765 4781 7839 2768 4783 7840 2767 4782 7841 2608 4784 7842 2763 4785 7843 2607 4668 7844 2761 4786 7845 2764 4787 7846 2763 4785 7847 2597 4660 7848 2757 4788 7849 2759 4789 7850 2757 4788 7851 2760 4790 7852 2759 4789 7853 2587 4652 7854 2753 4791 7855 2755 4792 7856 2755 4792 7857 2754 4793 7858 2756 4794 7859 2577 4644 7860 2749 4795 7861 2751 4796 7862 2749 4795 7863 2752 4797 7864 2751 4796 7865 2567 4636 7866 2745 4798 7867 2747 4799 7868 2747 4799 7869 2746 4800 7870 2748 4801 7871 2557 4628 7872 2741 4802 7873 2743 4803 7874 2743 4803 7875 2742 4804 7876 2744 4805 7877 2547 4620 7878 2737 4806 7879 2739 4807 7880 2737 4806 7881 2740 4808 7882 2739 4807 7883 2537 4612 7884 2733 4809 7885 2735 4810 7886 2733 4809 7887 2736 4811 7888 2735 4810 7889 2527 4604 7890 2729 4812 7891 2731 4813 7892 2729 4812 7893 2732 4814 7894 2731 4813 7895 2517 4596 7896 2725 4815 7897 2727 4816 7898 2725 4815 7899 2728 4817 7900 2727 4816 7901 2507 4588 7902 2721 4818 7903 2723 4819 7904 2721 4818 7905 2724 4820 7906 2723 4819 7907 2497 4580 7908 2717 4821 7909 2719 4822 7910 2717 4821 7911 2720 4823 7912 2719 4822 7913 2802 4754 7914 2716 4749 7915 2804 4755 7916 2800 4758 7917 2705 4824 7918 2706 4741 7919 2794 4825 7920 2696 4733 7921 2796 4762 7922 2792 4765 7923 2685 4826 7924 2686 4725 7925 2786 4827 7926 2676 4719 7927 2788 4768 7928 2782 4828 7929 2666 4711 7930 2784 4771 7931 2778 4829 7932 2656 4701 7933 2780 4774 7934 2774 4830 7935 2646 4695 7936 2776 4777 7937 2770 4831 7938 2636 4687 7939 2772 4780 7940 2768 4783 7941 2625 4677 7942 2626 4679 7943 2762 4832 7944 2616 4669 7945 2764 4787 7946 2758 4833 7947 2606 4663 7948 2760 4790 7949 2754 4793 7950 2596 4653 7951 2756 4794 7952 2750 4834 7953 2586 4647 7954 2752 4797 7955 2746 4800 7956 2576 4637 7957 2748 4801 7958 2742 4804 7959 2566 4629 7960 2744 4805 7961 2738 4835 7962 2556 4621 7963 2740 4808 7964 2734 4836 7965 2546 4615 7966 2736 4811 7967 2730 4837 7968 2536 4605 7969 2732 4814 7970 2726 4838 7971 2526 4599 7972 2728 4817 7973 2722 4839 7974 2516 4591 7975 2724 4820 7976 2718 4840 7977 2506 4583 7978 2720 4823 7979 823 1579 7980 2530 4841 7981 2529 4842 7982 1745 4843 7983 2638 4844 7984 1215 4845 7985 949 4846 7986 2572 4847 7987 957 1527 7988 1101 2325 7989 2614 4848 7990 1110 1524 7991 1746 1413 7992 2773 4849 7993 1745 4843 7994 1895 4850 7995 2776 4851 7996 2646 4852 7997 958 4853 7998 2575 4854 7999 1865 2771 8000 1109 4855 8001 2615 4856 8002 1882 1843 8003 825 1626 8004 2534 4857 8005 806 1597 8006 1241 2161 8007 2640 4858 8008 2639 4859 8009 1367 4860 8010 2684 4861 8011 1376 1423 8012 1897 1962 8013 2778 4862 8014 1754 4863 8015 1242 2204 8016 2642 4864 8017 1223 2177 8018 1167 4865 8019 2619 4866 8020 2623 1421 8021 1375 4867 8022 2685 4868 8023 1909 4869 8024 805 4870 8025 2530 4871 8026 804 4872 8027 1749 4873 8028 2637 4874 8029 2775 4875 8030 1750 4876 8031 2775 4875 8032 2776 4851 8033 1899 4877 8034 2780 4878 8035 2656 4879 8036 711 4880 8037 2506 4881 8038 2503 4882 8039 1015 4883 8040 2586 2380 8041 2583 4884 8042 1224 4885 8043 2640 4886 8044 1222 4887 8045 702 4888 8046 2501 4889 8047 2497 4890 8048 1006 4891 8049 2581 4892 8050 2577 3052 8051 1901 3305 8052 2782 4893 8053 1762 4894 8054 1753 4895 8055 2648 4896 8056 1253 2055 8057 1432 4897 8058 2696 4898 8059 2691 4899 8060 797 3367 8061 2532 4900 8062 805 4870 8063 1754 4863 8064 2777 4901 8065 1753 4895 8066 1903 4902 8067 2784 4903 8068 2666 1805 8069 1424 4904 8070 2693 4905 8071 2687 4906 8072 806 4907 8073 2535 4908 8074 1849 3323 8075 785 1521 8076 2520 4909 8077 2519 4910 8078 1089 1957 8079 2600 4911 8080 2599 4912 8081 1905 4913 8082 2786 4914 8083 1770 4915 8084 1215 4845 8085 2644 4916 8086 1224 4885 8087 710 4917 8088 2499 4918 8089 2501 4889 8090 1757 4919 8091 2647 4920 8092 2779 4921 8093 1014 4922 8094 2579 4923 8095 2581 4892 8096 1223 4924 8097 2645 4925 8098 1893 1411 8099 787 1569 8100 2524 4926 8101 768 1540 8102 1091 1148 8103 2604 4927 8104 1072 1987 8105 1758 4928 8106 2779 4921 8107 2780 4878 8108 1907 4929 8109 2788 4930 8110 2676 2976 8111 1507 2533 8112 2710 4931 8113 2709 4932 8114 1508 1275 8115 2712 4933 8116 1489 2549 8117 1433 4934 8118 2689 4935 8119 2693 4905 8120 767 4936 8121 2520 4937 8122 766 4938 8123 863 4939 8124 2546 2959 8125 2543 4940 8126 1071 4941 8127 2600 4942 8128 1070 4943 8129 1909 4869 8130 2790 4944 8131 1778 4945 8132 854 4946 8133 2541 4947 8134 2537 4948 8135 1761 4949 8136 2658 4950 8137 1291 3327 8138 1762 4894 8139 2781 4951 8140 1761 4949 8141 1280 4952 8142 2656 4879 8143 2651 4953 8144 1911 4954 8145 2792 4955 8146 2686 4956 8147 1490 4957 8148 2710 4958 8149 1488 4959 8150 1272 4960 8151 2653 4961 8152 2647 4920 8153 1913 2433 8154 2794 4962 8155 1786 4963 8156 937 1745 8157 2560 4964 8158 2559 4965 8159 759 4966 8160 2522 4967 8161 767 4936 8162 1063 2820 8163 2602 4968 8164 1071 4941 8165 1765 4969 8166 2657 1751 8167 2783 4970 8168 768 4971 8169 2525 4972 8170 1845 3369 8171 862 4973 8172 2539 4974 8173 2541 4947 8174 1072 4975 8175 2605 4976 8176 1877 2045 8177 1766 4977 8178 2783 4970 8179 2784 4903 8180 1915 4978 8181 2796 4979 8182 2696 4898 8183 939 1789 8184 2564 4980 8185 920 1761 8186 1355 2319 8187 2670 4981 8188 2669 4982 8189 1481 3364 8190 2714 4983 8191 1490 4957 8192 1356 2363 8193 2672 4984 8194 1337 2336 8195 1281 4985 8196 2649 4986 8197 2653 4961 8198 1917 4987 8199 2798 4988 8200 1794 4989 8201 1489 4990 8202 2715 4991 8203 1921 4992 8204 919 4993 8205 2560 4994 8206 918 4995 8207 1769 4996 8208 2668 4997 8209 1329 4998 8210 1665 4999 8211 2538 5000 8212 835 2208 8213 1770 4915 8214 2785 5001 8215 1769 4996 8216 1919 5002 8217 2800 5003 8218 2706 2219 8219 1666 2993 8220 2733 5004 8221 1665 4999 8222 1128 5005 8223 2616 1795 8224 2611 5006 8225 1338 5007 8226 2670 5008 8227 1336 5009 8228 1120 5010 8229 2613 5011 8230 2607 2222 8231 1921 4992 8232 2802 5012 8233 1802 3346 8234 1773 5013 8235 2667 2943 8236 2787 5014 8237 1669 5015 8238 2537 4948 8239 2735 5016 8240 911 5017 8241 2562 5018 8242 919 4993 8243 1774 5019 8244 2787 5014 8245 2788 4930 8246 1923 5020 8247 2804 3042 8248 2716 3358 8249 1670 5021 8250 2735 5016 8251 2736 2958 8252 920 5022 8253 2565 5023 8254 1861 2821 8255 1203 2104 8256 2630 5024 8257 2629 5025 8258 1329 4998 8259 2674 5026 8260 1338 5007 8261 1204 2149 8262 2632 5027 8263 1185 2122 8264 1129 5028 8265 2609 5029 8266 2613 5011 8267 1337 5030 8268 2675 5031 8269 1905 4913 8270 1777 5032 8271 2678 5033 8272 1367 4860 8273 1673 5034 8274 2548 5035 8275 873 3353 8276 1778 4945 8277 2789 5036 8278 1777 5032 8279 1674 2925 8280 2737 5037 8281 1673 5034 8282 1635 5038 8283 2498 5039 8284 683 2166 8285 977 5040 8286 2576 2721 8287 2573 5041 8288 1186 5042 8289 2630 5043 8290 1184 5044 8291 1636 5045 8292 2717 5046 8293 1635 5038 8294 968 5047 8295 2571 5048 8296 2567 5049 8297 1637 5050 8298 2497 4890 8299 2719 5051 8300 1781 5052 8301 2677 5053 8302 2791 5054 8303 1677 5055 8304 2547 1855 8305 2739 5056 8306 1394 5057 8307 2686 4956 8308 2681 5058 8309 1638 5059 8310 2719 5051 8311 2720 5060 8312 1782 5061 8313 2791 5054 8314 2792 4955 8315 1678 5062 8316 2739 5056 8317 2740 2863 8318 1386 5063 8319 2683 5064 8320 2677 5053 8321 747 1465 8322 2510 5065 8323 2509 5066 8324 1051 1900 8325 2590 5067 8326 2589 5068 8327 1177 1697 8328 2634 5069 8329 1186 5042 8330 1641 5070 8331 2508 5071 8332 721 5072 8333 1785 5073 8334 2688 5074 8335 1405 2526 8336 1681 5075 8337 2558 5076 8338 911 5017 8339 976 5077 8340 2569 5078 8341 2571 5048 8342 1185 5079 8343 2635 5080 8344 1889 1573 8345 749 1511 8346 2514 5081 8347 730 1482 8348 1642 5082 8349 2721 5083 8350 1641 5070 8351 1786 4963 8352 2793 5084 8353 1785 5073 8354 1053 1947 8355 2594 5085 8356 1034 1919 8357 1682 2823 8358 2741 5086 8359 1681 5075 8360 1469 2480 8361 2700 5087 8362 2699 5088 8363 1470 2522 8364 2702 5089 8365 1451 2495 8366 729 5090 8367 2510 5091 8368 728 5092 8369 1395 5093 8370 2679 5094 8371 2683 5064 8372 825 5095 8373 2536 3026 8374 2533 5096 8375 1033 5097 8376 2590 5098 8377 1032 5099 8378 816 5100 8379 2531 5101 8380 2527 3315 8381 1645 5102 8382 2507 2314 8383 2723 5103 8384 1789 5104 8385 2687 4906 8386 2795 5105 8387 1685 5106 8388 2557 2991 8389 2743 5107 8390 1646 5108 8391 2723 5103 8392 2724 5109 8393 1790 5110 8394 2795 5105 8395 2796 4979 8396 1686 5111 8397 2743 5107 8398 2744 2801 8399 1242 5112 8400 2646 4852 8401 2641 5113 8402 1452 5114 8403 2700 5115 8404 1450 5116 8405 1234 5117 8406 2643 5118 8407 2637 4874 8408 721 5072 8409 2512 5119 8410 729 5090 8411 899 1690 8412 2550 5120 8413 2549 5121 8414 1649 5122 8415 2518 5123 8416 759 4966 8417 1793 5124 8418 2698 5125 8419 1443 5126 8420 1025 2979 8421 2592 5127 8422 1033 5097 8423 1689 5128 8424 2568 5129 8425 949 4846 8426 1838 2099 8427 2718 5130 8428 1636 5045 8429 730 5131 8430 2515 5132 8431 1841 5133 8432 1650 3371 8433 2725 5134 8434 1649 5122 8435 824 5135 8436 2529 5136 8437 2531 5101 8438 1794 4989 8439 2797 5137 8440 1793 5124 8441 1034 5138 8442 2595 5139 8443 1873 2260 8444 1690 2773 8445 2745 5140 8446 1689 5128 8447 1839 5141 8448 2720 5060 8449 2506 4881 8450 901 1735 8451 2554 5142 8452 882 1708 8453 1317 2267 8454 2660 5143 8455 2659 5144 8456 1443 5126 8457 2704 5145 8458 1452 5114 8459 1318 2309 8460 2662 5146 8461 1299 2284 8462 1243 5147 8463 2639 5148 8464 2643 5118 8465 1841 5133 8466 2722 5149 8467 1642 5082 8468 1451 5150 8469 2705 5151 8470 1917 4987 8471 881 3355 8472 2550 5152 8473 880 5153 8474 1653 5154 8475 2517 5155 8476 2727 5156 8477 1797 5157 8478 2697 2111 8479 2799 5158 8480 1693 5159 8481 2567 5049 8482 2747 5160 8483 1654 5161 8484 2727 5156 8485 2728 3338 8486 1798 5162 8487 2799 5158 8488 2800 5003 8489 1694 5163 8490 2747 5160 8491 2748 2720 8492 1843 5164 8493 2724 5109 8494 2516 2376 8495 787 5165 8496 2526 3339 8497 2523 5166 8498 1091 5167 8499 2606 1908 8500 2603 5168 8501 1300 3329 8502 2660 5169 8503 1298 5170 8504 778 5171 8505 2521 3321 8506 2517 5155 8507 7 627 8508 2816 5172 8509 2807 5173 8510 251 2591 8511 2831 5174 8512 2156 5175 8513 86 5176 8514 2826 5177 8515 2136 2685 8516 2155 3958 8517 2810 5178 8518 17 3959 8519 3 2645 8520 2824 5179 8521 1934 2646 8522 87 2648 8523 2811 5180 8524 19 2649 8525 125 3954 8526 2813 5181 8527 86 5176 8528 19 2649 8529 2805 5182 8530 4 2658 8531 2147 3457 8532 2829 5183 8533 2828 5184 8534 2156 3950 8535 2830 5185 8536 2155 3951 8537 11 5186 8538 2815 5186 8539 88 5186 8540 1934 2646 8541 2822 5187 8542 1575 2670 8543 2148 3456 8544 2825 5188 8545 2829 5183 8546 2147 3457 8547 2827 5189 8548 2144 3454 8549 16 5190 8550 2808 5190 8551 11 5190 8552 1575 2670 8553 2823 5191 8554 1576 2668 8555 17 2655 8556 2809 5192 8557 16 2656 8558 4 2652 8559 2820 5193 8560 263 2642 8561 270 927 8562 2819 3953 8563 2821 5194 8564 88 3956 8565 2817 5195 8566 125 3954 8567 116 40 8568 2806 5196 8569 2816 5172 8570 87 2648 8571 2823 5191 8572 2814 5197 8573 3 5198 8574 2821 5194 8575 12 5199 8576 2135 2660 8577 2826 5200 8578 2825 5188 8579 5 2674 8580 2827 5201 8581 2806 5196 8582 263 2642 8583 2818 5202 8584 251 2643 8585 81 35 8586 2807 5173 8587 2812 3952 8588 2816 5172 8589 2834 5203 8590 2844 5204 8591 2815 5205 8592 2845 5206 8593 2817 5195 8594 2807 5173 8595 2844 5204 8596 2835 5207 8597 2830 5208 8598 2838 5209 8599 2810 5178 8600 2812 3952 8601 2835 5207 8602 2840 5210 8603 2808 5211 8604 2843 5211 8605 2815 5211 8606 2824 5179 8607 2850 5212 8608 2822 5187 8609 2814 5197 8610 2839 5213 8611 2811 5180 8612 2822 5187 8613 2851 5214 8614 2823 5191 8615 2819 3953 8616 2840 5210 8617 2847 5215 8618 2810 5216 8619 2837 5217 8620 2809 5192 8621 2813 5181 8622 2854 5218 8623 2826 5177 8624 2820 5193 8625 2846 5219 8626 2818 5202 8627 12 5220 8628 2852 5221 8629 2824 5179 8630 12 5199 8631 2849 5222 8632 2832 5223 8633 2825 5188 8634 2854 5224 8635 2853 5225 8636 2809 5226 8637 2836 5226 8638 2808 5226 8639 2828 5184 8640 2857 5227 8641 2856 5228 8642 2814 5197 8643 2851 5214 8644 2842 5229 8645 2829 5183 8646 2853 5225 8647 2857 5227 8648 2811 5180 8649 2833 5230 8650 2805 5182 8651 2827 5189 8652 2856 5228 8653 2855 5231 8654 2821 5194 8655 2847 5215 8656 2849 5222 8657 2806 5196 8658 2855 5232 8659 2834 5203 8660 2817 5195 8661 2841 5233 8662 2813 5181 8663 2831 5234 8664 2858 5235 8665 2830 5185 8666 2805 5236 8667 2848 5237 8668 2820 5193 8669 2818 5238 8670 2859 5239 8671 2831 5174 8672 2916 5240 8673 2863 5241 8674 2917 5242 8675 2918 5243 8676 2866 5244 8677 2919 5245 8678 2917 5242 8679 2868 5246 8680 2920 5247 8681 2921 5248 8682 2867 5249 8683 2922 5250 8684 2923 5251 8685 2871 5251 8686 2924 5251 8687 2925 5252 8688 2878 5253 8689 2926 5254 8690 2927 5255 8691 2866 5256 8692 2865 5257 8693 2926 5254 8694 2879 5258 8695 2928 5259 8696 2920 5247 8697 2875 5260 8698 2929 5261 8699 2931 5262 8700 2869 5263 8701 2882 5264 8702 2933 5265 8703 2876 5266 8704 2874 5267 8705 2934 5268 8706 2880 5269 8707 2925 5252 8708 2935 5270 8709 2860 5271 8710 2934 5272 8711 2936 5273 8712 2882 5274 8713 2881 5275 8714 2927 5276 8715 2864 5276 8716 2923 5276 8717 2938 5277 8718 2885 5278 8719 2884 5279 8720 2921 5248 8721 2879 5258 8722 2870 5280 8723 2937 5281 8724 2881 5275 8725 2885 5278 8726 2939 5282 8727 2867 5249 8728 2861 5283 8729 2940 5284 8730 2884 5279 8731 2883 5285 8732 2929 5261 8733 2877 5286 8734 2935 5270 8735 2940 5287 8736 2862 5288 8737 2941 5289 8738 2930 5290 8739 2873 5291 8740 2869 5263 8741 2918 5292 8742 2887 5293 8743 2886 5294 8744 2932 5295 8745 2861 5296 8746 2876 5266 8747 2933 5297 8748 2887 5298 8749 2943 5299 8750 2941 5289 8751 2872 5300 8752 2916 5240 8753 2942 5301 8754 2871 5302 8755 2873 5291 8756 2887 5293 8757 2914 5303 8758 2886 5294 8759 2861 5296 8760 2904 5304 8761 2876 5266 8762 2874 5305 8763 2915 5306 8764 2887 5298 8765 2872 5300 8766 2890 5307 8767 2900 5308 8768 2871 5302 8769 2901 5309 8770 2873 5291 8771 2863 5241 8772 2900 5308 8773 2891 5310 8774 2886 5311 8775 2894 5312 8776 2866 5244 8777 2868 5246 8778 2891 5310 8779 2896 5313 8780 2870 5280 8781 2895 5314 8782 2867 5249 8783 2864 5315 8784 2899 5315 8785 2871 5315 8786 2880 5269 8787 2906 5316 8788 2878 5253 8789 2866 5256 8790 2893 5317 8791 2865 5257 8792 2878 5253 8793 2907 5318 8794 2879 5258 8795 2875 5260 8796 2896 5313 8797 2903 5319 8798 2869 5263 8799 2910 5320 8800 2882 5264 8801 2876 5266 8802 2902 5321 8803 2874 5267 8804 2860 5322 8805 2908 5323 8806 2880 5269 8807 2860 5271 8808 2905 5324 8809 2888 5325 8810 2882 5274 8811 2909 5326 8812 2881 5275 8813 2865 5315 8814 2892 5315 8815 2864 5315 8816 2885 5278 8817 2912 5327 8818 2884 5279 8819 2870 5280 8820 2907 5318 8821 2898 5328 8822 2881 5275 8823 2913 5329 8824 2885 5278 8825 2867 5249 8826 2889 5330 8827 2861 5283 8828 2884 5279 8829 2911 5331 8830 2883 5285 8831 2877 5286 8832 2903 5319 8833 2905 5324 8834 2862 5288 8835 2911 5332 8836 2890 5307 8837 2873 5291 8838 2897 5333 8839 2869 5263 8840 2834 5203 8841 2916 5240 8842 2844 5204 8843 2933 5297 8844 2859 5239 8845 2846 5334 8846 2939 5335 8847 2848 5237 8848 2833 5336 8849 2943 5337 8850 2858 5235 8851 2859 5338 8852 2942 5301 8853 2841 5233 8854 2845 5206 8855 2855 5232 8856 2941 5289 8857 2834 5203 8858 2847 5215 8859 2935 5270 8860 2849 5222 8861 2938 5277 8862 2855 5231 8863 2856 5228 8864 2922 5250 8865 2833 5230 8866 2839 5213 8867 2936 5273 8868 2857 5227 8869 2853 5225 8870 2928 5259 8871 2842 5229 8872 2851 5214 8873 2937 5281 8874 2856 5228 8875 2857 5227 8876 2927 5339 8877 2836 5339 8878 2837 5339 8879 2931 5340 8880 2853 5225 8881 2854 5224 8882 2849 5222 8883 2934 5272 8884 2832 5223 8885 2832 5341 8886 2925 5252 8887 2852 5221 8888 2932 5295 8889 2846 5219 8890 2848 5237 8891 2930 5290 8892 2854 5218 8893 2841 5233 8894 2840 5210 8895 2929 5261 8896 2847 5215 8897 2926 5254 8898 2851 5214 8899 2850 5212 8900 2919 5342 8901 2837 5217 8902 2838 5343 8903 2852 5221 8904 2926 5254 8905 2850 5212 8906 2923 5344 8907 2843 5344 8908 2836 5344 8909 2921 5248 8910 2839 5213 8911 2842 5229 8912 2835 5207 8913 2920 5247 8914 2840 5210 8915 2858 5345 8916 2919 5245 8917 2838 5209 8918 2844 5204 8919 2917 5242 8920 2835 5207 8921 2924 5346 8922 2845 5206 8923 2843 5347 8924 29 0 8925 254 624 8926 685 1 8927 31 3 8928 1 229 8929 18 4 8930 269 6 8931 1 56 8932 31 7 8933 34 9 8934 8 5348 8935 15 10 8936 674 12 8937 121 57 8938 24 13 8939 13 17 8940 14 5349 8941 15 5350 8942 15 5350 8943 8 15 8944 13 17 8945 118 18 8946 8 56 8947 34 19 8948 118 21 8949 9 22 8950 85 21 8951 257 23 8952 270 927 8953 1560 24 8954 15 26 8955 14 56 8956 37 27 8957 1942 29 8958 26 5351 8959 692 30 8960 1554 32 8961 10 762 8962 86 33 8963 81 35 8964 257 23 8965 1561 25 8966 23 37 8967 92 3148 8968 683 38 8969 116 40 8970 7 627 8971 1530 41 8972 33 5 8973 18 4 8974 90 43 8975 29 45 8976 27 1407 8977 37 46 8978 679 48 8979 2230 5352 8980 2232 49 8981 120 41 8982 22 41 8983 32 41 8984 266 41 8985 36 151 8986 0 41 8987 117 41 8988 122 41 8989 32 41 8990 9 51 8991 35 5353 8992 93 52 8993 39 47 8994 37 46 8995 14 54 8996 28 55 8997 38 28 8998 37 27 8999 121 57 9000 123 20 9001 34 19 9002 24 58 9003 34 9 9004 38 11 9005 267 8 9006 31 7 9007 21 60 9008 21 62 9009 31 3 9010 33 5 9011 82 41 9012 83 41 9013 32 41 9014 71 63 9015 46 5354 9016 44 64 9017 44 66 9018 46 5355 9019 99 67 9020 56 69 9021 55 129 9022 45 70 9023 97 72 9024 96 5356 9025 41 73 9026 56 75 9027 47 5357 9028 99 76 9029 72 78 9030 44 5358 9031 98 79 9032 108 81 9033 64 197 9034 41 82 9035 79 84 9036 78 87 9037 101 85 9038 78 87 9039 77 89 9040 102 88 9041 77 89 9042 76 91 9043 103 90 9044 76 91 9045 75 93 9046 104 92 9047 75 93 9048 74 95 9049 105 94 9050 74 95 9051 73 97 9052 106 96 9053 73 97 9054 72 78 9055 107 80 9056 48 98 9057 63 118 9058 40 99 9059 63 101 9060 62 103 9061 109 102 9062 62 103 9063 61 105 9064 110 104 9065 61 105 9066 60 107 9067 111 106 9068 60 107 9069 59 109 9070 112 108 9071 59 109 9072 58 111 9073 113 110 9074 58 111 9075 57 113 9076 114 112 9077 57 113 9078 56 75 9079 115 77 9080 64 114 9081 79 130 9082 43 115 9083 48 98 9084 49 119 9085 62 117 9086 49 119 9087 50 121 9088 61 120 9089 50 121 9090 51 123 9091 60 122 9092 51 123 9093 52 125 9094 59 124 9095 52 125 9096 53 5359 9097 58 126 9098 58 126 9099 53 5359 9100 54 127 9101 57 128 9102 54 127 9103 55 129 9104 79 130 9105 64 114 9106 65 131 9107 78 132 9108 65 131 9109 66 133 9110 77 134 9111 66 133 9112 67 135 9113 76 136 9114 67 135 9115 68 137 9116 75 138 9117 68 137 9118 69 139 9119 74 140 9120 69 139 9121 70 141 9122 70 141 9123 71 63 9124 72 65 9125 96 143 9126 41 5360 9127 33 144 9128 23 146 9129 33 5361 9130 41 147 9131 26 149 9132 42 5362 9133 40 150 9134 1592 153 9135 92 189 9136 97 188 9137 97 188 9138 42 154 9139 1592 153 9140 42 154 9141 26 5363 9142 1942 5364 9143 1591 152 9144 42 154 9145 1942 5364 9146 97 155 9147 100 86 9148 48 156 9149 84 16 9150 8 15 9151 89 158 9152 80 160 9153 126 5365 9154 1939 161 9155 253 41 9156 255 41 9157 83 41 9158 32 41 9159 83 41 9160 80 41 9161 90 43 9162 131 228 9163 1582 163 9164 84 165 9165 132 224 9166 130 166 9167 95 159 9168 89 158 9169 1588 167 9170 1570 169 9171 85 53 9172 93 52 9173 850 171 9174 855 4375 9175 2263 172 9176 24 58 9177 28 59 9178 681 174 9179 94 44 9180 90 43 9181 1574 164 9182 688 177 9183 265 61 9184 21 60 9185 124 179 9186 85 5366 9187 1570 180 9188 40 182 9189 96 5356 9190 97 72 9191 1936 185 9192 36 5367 9193 40 186 9194 40 186 9195 96 143 9196 1580 5368 9197 96 143 9198 94 145 9199 1580 5368 9200 40 186 9201 1580 5368 9202 1579 184 9203 23 187 9204 43 5369 9205 97 188 9206 114 112 9207 115 77 9208 71 190 9209 113 110 9210 114 112 9211 70 191 9212 112 108 9213 113 110 9214 69 192 9215 111 106 9216 112 108 9217 68 193 9218 110 104 9219 111 106 9220 67 194 9221 109 102 9222 110 104 9223 66 195 9224 108 81 9225 109 102 9226 65 196 9227 106 96 9228 107 80 9229 55 198 9230 105 94 9231 106 96 9232 54 199 9233 104 92 9234 105 94 9235 53 200 9236 103 90 9237 104 92 9238 52 201 9239 102 88 9240 103 90 9241 51 202 9242 101 85 9243 102 88 9244 50 203 9245 100 86 9246 101 85 9247 49 204 9248 107 80 9249 98 79 9250 45 205 9251 115 77 9252 99 76 9253 46 206 9254 98 68 9255 99 67 9256 47 207 9257 63 101 9258 108 81 9259 96 83 9260 43 210 9261 79 84 9262 100 86 9263 89 158 9264 124 179 9265 1572 181 9266 25 211 9267 35 215 9268 123 20 9269 30 212 9270 122 41 9271 117 41 9272 20 213 9273 120 41 9274 122 41 9275 679 214 9276 25 211 9277 121 57 9278 8 15 9279 118 5370 9280 124 179 9281 35 215 9282 9 5371 9283 118 18 9284 260 216 9285 132 220 9286 133 217 9287 259 219 9288 130 5372 9289 132 220 9290 261 218 9291 133 217 9292 1586 221 9293 95 223 9294 133 223 9295 132 224 9296 262 41 9297 0 41 9298 127 41 9299 252 225 9300 13 5373 9301 130 226 9302 18 4 9303 128 230 9304 131 228 9305 1 229 9306 129 2355 9307 128 230 9308 134 231 9309 139 5374 9310 138 232 9311 136 234 9312 140 5375 9313 137 235 9314 137 237 9315 140 56 9316 139 238 9317 137 240 9318 138 5376 9319 135 241 9320 136 243 9321 134 5377 9322 139 244 9323 141 246 9324 135 5378 9325 134 247 9326 144 249 9327 145 56 9328 140 250 9329 147 252 9330 144 5379 9331 137 253 9332 146 255 9333 136 5380 9334 140 256 9335 147 258 9336 141 5381 9337 136 259 9338 143 260 9339 142 5382 9340 150 261 9341 144 263 9342 145 5383 9343 146 264 9344 142 266 9345 145 5384 9346 144 267 9347 150 269 9348 144 5385 9349 147 270 9350 143 272 9351 146 274 9352 145 273 9353 143 275 9354 151 5386 9355 147 276 9356 153 278 9357 148 5387 9358 149 279 9359 148 281 9360 142 56 9361 150 282 9362 154 284 9363 149 5388 9364 150 285 9365 153 287 9366 143 5389 9367 142 288 9368 153 290 9369 154 5390 9370 151 291 9371 158 293 9372 157 294 9373 152 293 9374 157 295 9375 148 5391 9376 149 296 9377 152 298 9378 149 5392 9379 154 299 9380 158 301 9381 153 301 9382 148 301 9383 158 302 9384 159 5393 9385 154 303 9386 161 305 9387 160 306 9388 155 305 9389 160 307 9390 157 5394 9391 152 308 9392 155 310 9393 152 5395 9394 159 311 9395 161 313 9396 158 5396 9397 157 314 9398 161 316 9399 156 5397 9400 159 317 9401 397 318 9402 391 5398 9403 166 319 9404 162 321 9405 167 5399 9406 166 322 9407 394 324 9408 167 5400 9409 162 325 9410 166 327 9411 167 5401 9412 394 328 9413 386 330 9414 395 908 9415 156 331 9416 164 333 9417 171 333 9418 165 333 9419 165 56 9420 171 56 9421 167 56 9422 172 334 9423 165 5402 9424 166 335 9425 164 337 9426 162 5403 9427 167 338 9428 172 340 9429 163 5404 9430 162 341 9431 169 343 9432 168 5405 9433 170 344 9434 170 56 9435 168 56 9436 171 56 9437 170 346 9438 165 5406 9439 172 347 9440 169 349 9441 164 349 9442 171 349 9443 176 350 9444 172 5407 9445 164 351 9446 173 353 9447 179 5408 9448 174 354 9449 174 356 9450 179 5409 9451 168 357 9452 175 359 9453 174 5410 9454 170 360 9455 173 362 9456 169 5411 9457 168 363 9458 175 365 9459 176 5412 9460 169 366 9461 177 368 9462 181 369 9463 178 368 9464 178 370 9465 181 5413 9466 179 371 9467 178 373 9468 174 373 9469 175 373 9470 177 374 9471 173 375 9472 179 374 9473 182 376 9474 175 41 9475 173 377 9476 188 379 9477 180 5414 9478 187 380 9479 187 382 9480 180 5415 9481 181 383 9482 187 384 9483 178 5416 9484 182 385 9485 188 387 9486 177 5417 9487 181 388 9488 189 390 9489 182 5418 9490 177 391 9491 184 393 9492 183 395 9493 185 394 9494 183 396 9495 180 5419 9496 187 397 9497 185 398 9498 187 5420 9499 189 399 9500 183 401 9501 184 5421 9502 188 402 9503 184 404 9504 186 5422 9505 189 405 9506 194 407 9507 190 5423 9508 193 408 9509 190 410 9510 183 5424 9511 185 411 9512 193 413 9513 185 5425 9514 186 414 9515 194 416 9516 184 5426 9517 183 417 9518 194 419 9519 191 5427 9520 186 420 9521 198 422 9522 197 5428 9523 192 423 9524 197 424 9525 190 5429 9526 193 425 9527 192 426 9528 193 5430 9529 191 427 9530 198 429 9531 194 5431 9532 190 430 9533 198 432 9534 199 5432 9535 191 433 9536 195 435 9537 203 5433 9538 196 436 9539 203 438 9540 197 5434 9541 192 439 9542 196 441 9543 192 5435 9544 199 442 9545 195 444 9546 198 5436 9547 197 445 9548 195 447 9549 204 5437 9550 199 448 9551 200 450 9552 207 5438 9553 201 451 9554 207 453 9555 203 56 9556 196 454 9557 201 456 9558 196 456 9559 204 456 9560 200 457 9561 195 5439 9562 203 458 9563 200 460 9564 202 5440 9565 204 461 9566 209 463 9567 205 5441 9568 208 464 9569 205 466 9570 207 5442 9571 201 467 9572 208 469 9573 201 5443 9574 202 470 9575 209 472 9576 200 5444 9577 207 473 9578 209 475 9579 206 5445 9580 202 476 9581 215 478 9582 205 5446 9583 208 479 9584 214 480 9585 208 5447 9586 206 481 9587 215 483 9588 216 5448 9589 209 484 9590 216 486 9591 217 5449 9592 206 487 9593 211 489 9594 210 490 9595 212 489 9596 214 491 9597 215 5450 9598 216 492 9599 210 494 9600 215 5451 9601 214 495 9602 213 497 9603 212 5452 9604 214 498 9605 211 500 9606 216 5453 9607 215 501 9608 211 503 9609 213 5454 9610 217 504 9611 219 506 9612 218 5455 9613 221 507 9614 221 56 9615 218 56 9616 210 56 9617 221 509 9618 212 5456 9619 213 510 9620 219 512 9621 211 5457 9622 210 513 9623 222 515 9624 213 5458 9625 211 516 9626 226 517 9627 220 5459 9628 225 518 9629 225 520 9630 220 56 9631 218 521 9632 225 523 9633 221 5460 9634 222 524 9635 226 526 9636 219 527 9637 218 526 9638 227 41 9639 222 41 9640 219 41 9641 231 528 9642 223 5461 9643 230 529 9644 230 531 9645 223 5462 9646 220 532 9647 230 534 9648 225 5463 9649 227 535 9650 231 537 9651 226 5464 9652 220 538 9653 224 540 9654 227 5465 9655 226 541 9656 234 542 9657 228 5466 9658 233 543 9659 233 545 9660 228 56 9661 223 546 9662 233 548 9663 230 5467 9664 224 549 9665 234 551 9666 231 551 9667 223 551 9668 229 552 9669 224 5468 9670 231 553 9671 238 555 9672 237 5469 9673 236 556 9674 236 56 9675 237 56 9676 228 56 9677 236 558 9678 233 5470 9679 229 559 9680 238 561 9681 234 5471 9682 228 562 9683 232 564 9684 229 5472 9685 234 565 9686 241 567 9687 240 5473 9688 235 568 9689 235 570 9690 240 56 9691 237 571 9692 242 573 9693 235 5474 9694 236 574 9695 241 576 9696 238 577 9697 237 576 9698 242 578 9699 232 5475 9700 238 579 9701 248 580 9702 247 581 9703 239 580 9704 239 582 9705 247 56 9706 240 583 9707 239 585 9708 235 5476 9709 242 586 9710 248 588 9711 241 5477 9712 240 589 9713 249 591 9714 242 5478 9715 241 592 9716 244 593 9717 243 5479 9718 245 594 9719 245 596 9720 243 56 9721 247 597 9722 245 599 9723 239 5480 9724 249 600 9725 244 602 9726 248 5481 9727 247 603 9728 246 605 9729 249 5482 9730 248 606 9731 243 607 9732 9 5483 9733 85 608 9734 124 610 9735 118 5484 9736 245 611 9737 124 613 9738 246 5485 9739 244 614 9740 118 616 9741 9 5486 9742 243 617 9743 28 55 9744 27 56 9745 680 619 9746 250 41 9747 258 41 9748 126 41 9749 380 621 9750 346 5487 9751 344 622 9752 254 624 9753 256 625 9754 267 8 9755 255 41 9756 266 41 9757 262 41 9758 256 625 9759 252 225 9760 269 6 9761 39 626 9762 256 625 9763 254 624 9764 83 41 9765 255 41 9766 250 41 9767 7 627 9768 81 35 9769 1553 36 9770 39 626 9771 13 5373 9772 252 225 9773 26 149 9774 36 151 9775 266 41 9776 128 628 9777 272 632 9778 273 629 9779 129 631 9780 271 637 9781 272 632 9782 131 630 9783 273 629 9784 1566 633 9785 269 6 9786 271 636 9787 129 635 9788 252 225 9789 259 227 9790 271 636 9791 271 637 9792 259 219 9793 260 216 9794 21 62 9795 23 37 9796 691 39 9797 250 41 9798 262 41 9799 268 41 9800 377 639 9801 383 876 9802 344 640 9803 264 41 9804 266 41 9805 255 41 9806 374 642 9807 377 883 9808 345 643 9809 273 629 9810 261 218 9811 1590 222 9812 275 645 9813 277 5488 9814 276 646 9815 277 648 9816 279 651 9817 278 649 9818 279 651 9819 281 5489 9820 280 652 9821 281 653 9822 283 656 9823 282 654 9824 283 656 9825 285 5490 9826 284 657 9827 285 658 9828 287 661 9829 286 659 9830 287 661 9831 289 5491 9832 288 662 9833 289 663 9834 291 665 9835 290 664 9836 291 665 9837 293 5492 9838 292 666 9839 293 667 9840 295 5493 9841 294 668 9842 297 670 9843 295 716 9844 319 671 9845 294 673 9846 295 5494 9847 297 674 9848 297 674 9849 275 645 9850 274 647 9851 287 676 9852 285 715 9853 309 677 9854 319 679 9855 318 5495 9856 320 680 9857 321 681 9858 320 680 9859 298 682 9860 282 684 9861 306 712 9862 304 685 9863 290 686 9864 292 713 9865 316 687 9866 283 689 9867 281 56 9868 305 690 9869 291 692 9870 315 720 9871 317 693 9872 278 695 9873 302 717 9874 299 696 9875 288 698 9876 312 718 9877 310 699 9878 296 701 9879 274 719 9880 298 702 9881 279 704 9882 277 721 9883 300 705 9884 289 707 9885 287 676 9886 311 678 9887 297 670 9888 321 672 9889 301 709 9890 282 684 9891 284 41 9892 308 711 9893 292 713 9894 294 722 9895 318 714 9896 283 689 9897 307 691 9898 309 677 9899 293 694 9900 317 693 9901 319 671 9902 278 695 9903 280 41 9904 304 685 9905 290 686 9906 314 688 9907 312 718 9908 274 719 9909 276 697 9910 299 696 9911 279 704 9912 303 706 9913 305 690 9914 291 692 9915 289 707 9916 313 708 9917 275 710 9918 301 709 9919 300 705 9920 286 700 9921 310 699 9922 308 711 9923 296 701 9924 320 703 9925 318 714 9926 317 723 9927 316 727 9928 318 724 9929 315 726 9930 314 5496 9931 316 727 9932 313 728 9933 312 5497 9934 314 729 9935 311 731 9936 310 735 9937 312 732 9938 309 734 9939 308 5498 9940 310 735 9941 307 736 9942 306 740 9943 308 737 9944 305 739 9945 304 5499 9946 306 740 9947 303 741 9948 302 741 9949 304 742 9950 300 743 9951 299 5500 9952 302 741 9953 301 683 9954 298 682 9955 299 744 9956 323 746 9957 322 764 9958 294 747 9959 324 749 9960 295 5501 9961 294 750 9962 325 752 9963 293 5502 9964 295 753 9965 323 755 9966 292 5503 9967 293 756 9968 125 758 9969 323 755 9970 325 757 9971 119 760 9972 325 752 9973 324 754 9974 10 762 9975 324 749 9976 322 751 9977 125 763 9978 86 5504 9979 322 764 9980 327 765 9981 329 5505 9982 328 766 9983 329 768 9984 331 770 9985 330 769 9986 331 770 9987 333 5506 9988 332 771 9989 333 772 9990 335 5507 9991 334 773 9992 335 775 9993 337 5508 9994 336 776 9995 337 778 9996 339 781 9997 338 779 9998 339 781 9999 341 5509 10000 340 782 10001 341 783 10002 343 786 10003 342 784 10004 343 786 10005 345 5510 10006 344 787 10007 345 788 10008 347 5511 10009 346 789 10010 349 790 10011 347 834 10012 371 791 10013 346 793 10014 347 5512 10015 349 794 10016 349 794 10017 327 765 10018 326 767 10019 339 796 10020 337 833 10021 361 797 10022 371 799 10023 370 5513 10024 372 800 10025 373 801 10026 372 800 10027 350 802 10028 334 804 10029 358 830 10030 356 805 10031 342 807 10032 344 831 10033 368 808 10034 335 809 10035 333 838 10036 357 810 10037 343 812 10038 367 56 10039 369 813 10040 330 815 10041 354 835 10042 351 816 10043 338 818 10044 340 836 10045 364 819 10046 326 821 10047 350 837 10048 372 822 10049 331 824 10050 329 839 10051 352 56 10052 339 796 10053 363 798 10054 365 826 10055 327 828 10056 349 790 10057 373 792 10058 334 804 10059 336 41 10060 360 41 10061 344 831 10062 346 840 10063 370 832 10064 335 809 10065 359 811 10066 361 797 10067 345 814 10068 369 813 10069 371 791 10070 332 806 10071 356 805 10072 354 835 10073 342 807 10074 366 41 10075 364 819 10076 328 817 10077 351 816 10078 350 837 10079 333 838 10080 331 824 10081 355 825 10082 343 812 10083 341 827 10084 365 826 10085 329 839 10086 327 828 10087 353 829 10088 338 818 10089 362 820 10090 360 41 10091 348 823 10092 372 822 10093 370 832 10094 369 841 10095 368 845 10096 370 842 10097 367 844 10098 366 5514 10099 368 845 10100 365 846 10101 364 5515 10102 366 847 10103 363 849 10104 362 853 10105 364 850 10106 361 852 10107 360 5516 10108 362 853 10109 359 854 10110 358 858 10111 360 855 10112 357 857 10113 356 860 10114 358 858 10115 355 859 10116 354 862 10117 356 860 10118 352 861 10119 351 5517 10120 354 862 10121 353 863 10122 350 864 10123 351 863 10124 260 865 10125 261 5518 10126 384 866 10127 374 868 10128 347 5519 10129 346 869 10130 272 871 10131 375 879 10132 382 872 10133 379 867 10134 384 866 10135 385 874 10136 378 875 10137 385 874 10138 383 876 10139 380 870 10140 381 878 10141 376 877 10142 381 878 10143 382 872 10144 375 879 10145 272 880 10146 260 5520 10147 379 881 10148 377 883 10149 374 642 10150 376 884 10151 376 884 10152 375 882 10153 379 881 10154 273 886 10155 382 5521 10156 384 887 10157 384 887 10158 382 5521 10159 381 889 10160 381 889 10161 380 621 10162 383 623 10163 334 891 10164 135 5522 10165 138 892 10166 134 894 10167 135 5523 10168 334 895 10169 332 897 10170 333 5524 10171 139 898 10172 335 900 10173 138 5525 10174 139 901 10175 163 903 10176 397 906 10177 388 904 10178 397 906 10179 396 5526 10180 387 907 10181 387 907 10182 396 5526 10183 395 908 10184 155 909 10185 389 912 10186 392 910 10187 389 912 10188 390 914 10189 393 913 10190 391 329 10191 394 328 10192 393 913 10193 160 915 10194 392 918 10195 386 916 10196 392 918 10197 393 920 10198 387 919 10199 393 920 10200 394 324 10201 388 326 10202 155 921 10203 389 924 10204 395 922 10205 389 924 10206 390 926 10207 396 925 10208 390 926 10209 391 5398 10210 397 318 10211 685 1 10212 254 624 10213 265 61 10214 270 927 10215 3 5198 10216 1549 928 10217 406 929 10218 407 5527 10219 401 930 10220 2169 932 10221 649 1349 10222 646 933 10223 420 935 10224 418 978 10225 444 936 10226 425 938 10227 450 973 10228 452 939 10229 436 941 10230 440 981 10231 410 942 10232 423 944 10233 402 1020 10234 431 945 10235 405 947 10236 409 950 10237 408 948 10238 409 950 10239 415 986 10240 422 951 10241 437 952 10242 449 1034 10243 415 953 10244 413 955 10245 412 980 10246 441 956 10247 419 958 10248 439 1031 10249 434 959 10250 414 961 10251 403 962 10252 402 962 10253 410 964 10254 412 967 10255 421 965 10256 412 967 10257 413 969 10258 420 968 10259 413 969 10260 411 988 10261 418 970 10262 420 935 10263 442 937 10264 438 971 10265 425 938 10266 423 944 10267 451 946 10268 439 974 10269 440 1007 10270 436 975 10271 409 954 10272 405 5528 10273 429 977 10274 418 978 10275 399 1022 10276 433 979 10277 412 980 10278 410 942 10279 440 981 10280 423 963 10281 425 983 10282 416 982 10283 425 983 10284 424 985 10285 417 984 10286 424 985 10287 422 951 10288 415 986 10289 399 987 10290 418 970 10291 411 988 10292 449 990 10293 453 990 10294 452 991 10295 448 991 10296 452 991 10297 450 992 10298 447 993 10299 450 992 10300 451 994 10301 446 995 10302 451 994 10303 431 996 10304 432 998 10305 431 999 10306 430 998 10307 433 1000 10308 430 5529 10309 445 1001 10310 444 1002 10311 445 1001 10312 443 1003 10313 442 1004 10314 443 1003 10315 441 1005 10316 438 1006 10317 441 1005 10318 440 1007 10319 422 1008 10320 453 1019 10321 435 1009 10322 428 1011 10323 434 976 10324 436 975 10325 414 1013 10326 446 1026 10327 432 1014 10328 413 955 10329 443 957 10330 445 1016 10331 437 1018 10332 435 1036 10333 453 990 10334 424 940 10335 452 939 10336 453 1019 10337 402 1020 10338 398 1032 10339 430 1021 10340 403 1015 10341 432 1014 10342 433 979 10343 407 960 10344 434 959 10345 428 1023 10346 416 1025 10347 447 56 10348 446 1026 10349 408 1010 10350 435 1009 10351 426 1027 10352 406 943 10353 400 5530 10354 427 1029 10355 416 1025 10356 417 1033 10357 448 1030 10358 421 972 10359 438 971 10360 439 1031 10361 411 1017 10362 445 1016 10363 430 1021 10364 417 1033 10365 415 953 10366 449 1034 10367 429 1035 10368 426 5531 10369 435 1036 10370 419 966 10371 407 5527 10372 406 929 10373 462 1037 10374 463 5532 10375 457 1038 10376 402 1020 10377 645 5533 10378 642 1040 10379 476 1041 10380 474 1084 10381 500 1042 10382 481 1044 10383 506 1079 10384 508 1045 10385 492 1047 10386 496 1087 10387 466 1048 10388 479 1050 10389 458 1126 10390 487 1051 10391 461 1053 10392 465 1056 10393 464 1054 10394 465 1056 10395 471 1092 10396 478 1057 10397 493 1058 10398 505 56 10399 471 1059 10400 469 1061 10401 468 1086 10402 497 1062 10403 475 1064 10404 495 1136 10405 490 1065 10406 470 1067 10407 459 5534 10408 458 1068 10409 466 1070 10410 468 1073 10411 477 1071 10412 468 1073 10413 469 1075 10414 476 1074 10415 469 1075 10416 467 1094 10417 474 1076 10418 476 1041 10419 498 1043 10420 494 1077 10421 481 1044 10422 479 1050 10423 507 1052 10424 495 1080 10425 496 1113 10426 492 1081 10427 465 1060 10428 461 5535 10429 485 1083 10430 474 1084 10431 455 1128 10432 489 1085 10433 468 1086 10434 466 1048 10435 496 1087 10436 479 1069 10437 481 1089 10438 472 1088 10439 481 1089 10440 480 1091 10441 473 1090 10442 480 1091 10443 478 1057 10444 471 1092 10445 455 1093 10446 474 1076 10447 467 1094 10448 505 1096 10449 509 1124 10450 508 1097 10451 504 1098 10452 508 1097 10453 506 1099 10454 503 1100 10455 506 1099 10456 507 1101 10457 502 1102 10458 507 1101 10459 487 1103 10460 488 1105 10461 487 1105 10462 486 1105 10463 489 1000 10464 486 5536 10465 501 1107 10466 500 1108 10467 501 1107 10468 499 1109 10469 498 1110 10470 499 1109 10471 497 1111 10472 494 1112 10473 497 1111 10474 496 1113 10475 478 41 10476 509 1125 10477 491 1114 10478 484 1116 10479 490 1082 10480 492 1081 10481 470 1118 10482 502 1132 10483 488 1119 10484 469 1061 10485 499 1063 10486 501 1121 10487 493 1123 10488 491 1139 10489 509 1124 10490 480 1046 10491 508 1045 10492 509 1125 10493 458 1126 10494 454 1137 10495 486 1127 10496 459 1120 10497 488 1119 10498 489 1085 10499 457 1129 10500 463 1066 10501 490 1065 10502 472 1131 10503 503 56 10504 502 1132 10505 464 1115 10506 491 1114 10507 482 1133 10508 456 1135 10509 483 5537 10510 492 1047 10511 472 1131 10512 473 56 10513 504 56 10514 477 1078 10515 494 1077 10516 495 1136 10517 467 1122 10518 501 1121 10519 486 1127 10520 473 56 10521 471 1059 10522 505 56 10523 485 1138 10524 482 5538 10525 491 1139 10526 475 1072 10527 463 5532 10528 462 1037 10529 525 1140 10530 512 41 10531 1075 41 10532 521 1142 10533 524 1977 10534 540 1143 10535 526 1145 10536 401 1166 10537 428 1146 10538 1085 41 10539 522 41 10540 400 41 10541 1074 41 10542 511 41 10543 514 41 10544 534 1149 10545 517 1978 10546 516 1150 10547 518 1152 10548 516 1195 10549 1079 1153 10550 532 1155 10551 515 1303 10552 510 1156 10553 540 1143 10554 524 1977 10555 526 1158 10556 513 1160 10557 517 1976 10558 534 1161 10559 1908 1163 10560 1776 1727 10561 2047 1164 10562 401 1166 10563 519 1975 10564 536 1167 10565 1075 41 10566 512 41 10567 511 41 10568 514 41 10569 523 41 10570 1086 41 10571 1828 1168 10572 400 1973 10573 427 1169 10574 1078 1171 10575 515 5539 10576 520 1172 10577 527 1157 10578 510 1156 10579 513 1174 10580 523 41 10581 522 41 10582 1085 41 10583 518 1176 10584 521 1142 10585 537 1144 10586 535 1177 10587 537 1144 10588 553 1178 10589 543 1180 10590 527 1157 10591 530 1175 10592 1817 1170 10593 427 1169 10594 426 1182 10595 428 1146 10596 536 1167 10597 552 1184 10598 530 1162 10599 534 1161 10600 550 1186 10601 556 1188 10602 540 1143 10603 542 1159 10604 548 1190 10605 532 1155 10606 527 1157 10607 534 1149 10608 533 1151 10609 549 1191 10610 542 1147 10611 428 1146 10612 429 1185 10613 553 1178 10614 537 1144 10615 540 1143 10616 525 1140 10617 541 1216 10618 529 41 10619 538 41 10620 427 41 10621 400 41 10622 511 41 10623 528 41 10624 531 41 10625 535 1194 10626 533 1218 10627 516 1195 10628 574 1196 10629 661 5540 10630 1832 1197 10631 529 41 10632 528 41 10633 511 41 10634 514 41 10635 531 41 10636 539 41 10637 630 1199 10638 635 3082 10639 672 1200 10640 539 41 10641 538 41 10642 522 41 10643 553 1178 10644 556 1188 10645 573 1202 10646 558 1193 10647 429 1185 10648 405 1204 10649 566 1206 10650 550 1192 10651 549 1191 10652 564 1207 10653 548 1190 10654 543 1180 10655 573 1202 10656 556 1188 10657 558 1189 10658 546 1187 10659 550 1186 10660 566 1210 10661 429 1185 10662 552 1184 10663 568 1212 10664 1819 1183 10665 426 1182 10666 404 1213 10667 559 1208 10668 543 1180 10669 546 1181 10670 551 1179 10671 553 1178 10672 570 1203 10673 541 1216 10674 557 1241 10675 545 41 10676 554 41 10677 426 41 10678 427 41 10679 528 41 10680 544 41 10681 547 41 10682 551 1217 10683 549 1243 10684 533 1218 10685 1605 1219 10686 586 1397 10687 665 1220 10688 545 41 10689 544 41 10690 528 41 10691 531 41 10692 547 41 10693 555 41 10694 607 1222 10695 591 1299 10696 667 1223 10697 555 41 10698 554 41 10699 538 41 10700 1100 1225 10701 567 1215 10702 570 1203 10703 559 1208 10704 562 56 10705 1095 1227 10706 1820 1214 10707 404 1213 10708 1109 1229 10709 405 1204 10710 568 1212 10711 1101 1231 10712 562 1211 10713 566 1210 10714 1099 1233 10715 573 1202 10716 575 1209 10717 1108 1235 10718 1097 1237 10719 564 1207 10720 559 1208 10721 566 1206 10722 565 56 10723 1098 1238 10724 575 1205 10725 405 1204 10726 1110 1232 10727 1103 1226 10728 570 1203 10729 573 1202 10730 557 1241 10731 574 1394 10732 561 41 10733 571 41 10734 404 41 10735 426 41 10736 544 41 10737 560 41 10738 563 41 10739 567 1242 10740 565 1996 10741 549 1243 10742 623 1244 10743 607 1222 10744 666 1224 10745 561 41 10746 560 41 10747 544 41 10748 563 41 10749 572 41 10750 555 41 10751 640 1246 10752 623 1244 10753 670 1245 10754 555 41 10755 572 41 10756 571 41 10757 587 1248 10758 590 1260 10759 606 1249 10760 592 1251 10761 457 1265 10762 484 1252 10763 600 1254 10764 583 2557 10765 582 1255 10766 598 1257 10767 581 1399 10768 576 1258 10769 590 1260 10770 592 2556 10771 608 1261 10772 579 1262 10773 583 2555 10774 600 1263 10775 457 1265 10776 585 2554 10777 602 1266 10778 1824 1267 10779 456 2552 10780 483 1268 10781 593 1259 10782 576 1258 10783 579 1270 10784 584 1272 10785 587 1248 10786 603 1250 10787 1506 1274 10788 591 1299 10789 578 41 10790 1503 41 10791 588 41 10792 456 41 10793 577 41 10794 580 41 10795 1495 41 10796 584 1276 10797 582 1301 10798 1497 1277 10799 1703 1279 10800 2014 5541 10801 2015 1280 10802 578 41 10803 577 41 10804 1492 41 10805 1495 41 10806 580 41 10807 589 41 10808 1496 1282 10809 581 5542 10810 586 1283 10811 589 41 10812 588 41 10813 1503 41 10814 601 1273 10815 603 1250 10816 619 1285 10817 609 1287 10818 593 1259 10819 596 1271 10820 1825 1269 10821 483 1268 10822 482 1289 10823 484 1252 10824 602 1266 10825 618 1291 10826 596 1264 10827 600 1263 10828 616 1293 10829 622 1295 10830 606 1249 10831 608 1261 10832 614 1296 10833 598 1257 10834 593 1259 10835 600 1254 10836 599 1256 10837 615 1297 10838 608 1253 10839 484 1252 10840 485 1292 10841 619 1285 10842 603 1250 10843 606 1249 10844 607 1222 10845 595 41 10846 578 41 10847 588 41 10848 604 41 10849 483 41 10850 594 41 10851 597 41 10852 580 41 10853 601 1300 10854 599 1320 10855 582 1301 10856 532 1155 10857 650 1321 10858 651 1302 10859 595 41 10860 594 41 10861 577 41 10862 580 41 10863 597 41 10864 605 41 10865 564 1207 10866 659 5543 10867 656 1304 10868 589 41 10869 605 41 10870 604 41 10871 636 1305 10872 619 1285 10873 622 1295 10874 624 228 10875 485 1292 10876 461 1307 10877 616 1298 10878 615 1297 10879 631 1309 10880 630 1311 10881 614 1296 10882 609 1287 10883 622 1295 10884 624 56 10885 641 56 10886 612 1294 10887 616 1293 10888 632 1313 10889 485 1292 10890 618 1291 10891 634 1314 10892 1822 1290 10893 482 1289 10894 460 1315 10895 609 1287 10896 612 1288 10897 628 1317 10898 617 1286 10899 619 1285 10900 636 1305 10901 607 1222 10902 623 1244 10903 611 41 10904 604 41 10905 620 41 10906 482 41 10907 594 41 10908 610 41 10909 613 41 10910 617 1319 10911 615 1339 10912 599 1320 10913 548 1190 10914 656 1304 10915 650 1321 10916 611 41 10917 610 41 10918 594 41 10919 597 41 10920 613 41 10921 621 41 10922 640 1322 10923 673 5544 10924 1836 1323 10925 621 41 10926 620 41 10927 604 41 10928 1531 1325 10929 633 1318 10930 636 1305 10931 1515 1327 10932 625 1312 10933 628 1317 10934 1826 1316 10935 460 1315 10936 1513 1328 10937 461 1307 10938 634 1314 10939 1533 1330 10940 628 174 10941 632 1313 10942 1529 1211 10943 639 1306 10944 641 56 10945 1547 56 10946 1525 1334 10947 630 1311 10948 625 1312 10949 1529 1335 10950 632 1310 10951 631 1309 10952 641 1308 10953 461 1307 10954 1511 1331 10955 1537 1326 10956 636 1305 10957 639 1306 10958 623 1244 10959 640 1246 10960 627 41 10961 620 41 10962 637 41 10963 460 41 10964 610 41 10965 626 41 10966 629 41 10967 633 1338 10968 631 2604 10969 615 1339 10970 515 1340 10971 651 5545 10972 653 1341 10973 611 41 10974 627 41 10975 626 41 10976 613 41 10977 629 41 10978 638 41 10979 564 1343 10980 569 3106 10981 660 1344 10982 638 41 10983 637 41 10984 620 41 10985 644 1346 10986 643 5546 10987 642 1347 10988 649 1349 10989 2176 3993 10990 2173 1350 10991 398 1351 10992 642 5547 10993 643 1352 10994 2170 1353 10995 646 3984 10996 647 1354 10997 403 1015 10998 399 1022 10999 643 1356 11000 2172 1358 11001 2171 3980 11002 647 1359 11003 403 1361 11004 644 5548 11005 645 1362 11006 2172 1364 11007 648 1365 11008 649 1365 11009 653 1366 11010 652 1370 11011 1619 1367 11012 651 1369 11013 650 1372 11014 652 1370 11015 652 1370 11016 657 1373 11017 1621 1371 11018 650 1372 11019 656 1375 11020 657 1373 11021 657 1373 11022 660 1376 11023 1623 1374 11024 656 1375 11025 659 5549 11026 660 1376 11027 665 1377 11028 664 1381 11029 1627 1378 11030 663 1380 11031 662 1383 11032 664 1381 11033 664 1381 11034 669 1384 11035 1629 1382 11036 662 1383 11037 668 1386 11038 669 1384 11039 669 1384 11040 672 1387 11041 1631 1385 11042 668 1386 11043 671 5550 11044 672 1387 11045 1595 1388 11046 520 1342 11047 653 1341 11048 630 1311 11049 671 5551 11050 668 1390 11051 614 1296 11052 668 1390 11053 662 1391 11054 557 1241 11055 541 1216 11056 654 1392 11057 574 1394 11058 557 1241 11059 658 1393 11060 581 1396 11061 663 1396 11062 665 1220 11063 598 1257 11064 662 1391 11065 663 1398 11066 541 1216 11067 525 1140 11068 655 1400 11069 687 41 11070 686 41 11071 264 41 11072 25 1401 11073 679 5552 11074 684 1402 11075 82 41 11076 678 41 11077 687 41 11078 676 41 11079 675 41 11080 22 41 11081 1704 1404 11082 1708 5553 11083 2066 1405 11084 682 1193 11085 680 1453 11086 27 1407 11087 22 41 11088 675 41 11089 678 41 11090 686 41 11091 692 1454 11092 26 149 11093 689 1408 11094 676 41 11095 120 41 11096 704 1409 11097 685 1 11098 688 177 11099 1893 1411 11100 2645 4925 11101 2774 1412 11102 700 1414 11103 681 620 11104 680 619 11105 698 1415 11106 679 214 11107 674 12 11108 707 1410 11109 688 177 11110 690 178 11111 677 175 11112 681 174 11113 700 1418 11114 1158 1420 11115 1167 4865 11116 2623 1421 11117 1376 1423 11118 2684 4861 11119 2680 1424 11120 693 1416 11121 674 12 11122 677 14 11123 682 2 11124 685 1 11125 704 1409 11126 720 1427 11127 701 1426 11128 704 1409 11129 693 1416 11130 696 56 11131 715 1429 11132 1839 1431 11133 711 5554 11134 730 1432 11135 710 1434 11136 702 5555 11137 721 1435 11138 696 1419 11139 700 1418 11140 719 1437 11141 707 1410 11142 709 1417 11143 728 1439 11144 717 1441 11145 698 1415 11146 693 1416 11147 700 1414 11148 699 56 11149 718 1442 11150 709 1444 11151 710 1434 11152 729 1436 11153 723 1428 11154 704 1409 11155 707 1410 11156 706 41 11157 705 41 11158 686 41 11159 1764 1446 11160 1763 1505 11161 2473 1447 11162 678 41 11163 697 41 11164 706 41 11165 695 41 11166 694 41 11167 675 41 11168 1784 1449 11169 1912 3542 11170 2380 1450 11171 701 1452 11172 699 1481 11173 680 1453 11174 694 41 11175 697 41 11176 678 41 11177 705 41 11178 711 1483 11179 692 1454 11180 708 1455 11181 695 41 11182 676 41 11183 742 1456 11184 723 1428 11185 726 1440 11186 1166 1458 11187 1887 1643 11188 2626 1459 11189 738 1461 11190 719 1443 11191 718 1442 11192 736 1463 11193 717 1441 11194 712 1430 11195 726 1440 11196 728 1439 11197 747 1465 11198 715 1438 11199 719 1437 11200 738 1466 11201 1891 1468 11202 1742 1471 11203 2772 1469 11204 1742 1471 11205 1741 1515 11206 2771 1472 11207 731 1464 11208 712 1430 11209 715 1429 11210 739 1473 11211 720 1427 11212 723 1428 11213 725 41 11214 724 41 11215 705 41 11216 698 1474 11217 717 5556 11218 722 1475 11219 716 41 11220 725 41 11221 706 41 11222 695 41 11223 714 41 11224 713 41 11225 1772 1477 11226 1906 1887 11227 2125 1478 11228 720 1480 11229 718 1510 11230 699 1481 11231 694 41 11232 713 41 11233 716 41 11234 705 41 11235 724 41 11236 730 1482 11237 727 1484 11238 714 41 11239 695 41 11240 758 1485 11241 739 1473 11242 742 1456 11243 731 1464 11244 734 56 11245 753 1487 11246 1843 1489 11247 749 5557 11248 768 1490 11249 748 1492 11250 740 5558 11251 759 1493 11252 734 1467 11253 738 1466 11254 757 1495 11255 745 1457 11256 747 1465 11257 766 1497 11258 755 1499 11259 736 1463 11260 731 1464 11261 738 1461 11262 737 1462 11263 756 1500 11264 747 1502 11265 748 1492 11266 767 1494 11267 761 1486 11268 742 1456 11269 745 1457 11270 744 41 11271 743 41 11272 724 41 11273 1292 1504 11274 2360 4517 11275 2473 1447 11276 735 41 11277 744 41 11278 725 41 11279 733 41 11280 732 41 11281 713 41 11282 1354 1506 11283 1335 2364 11284 2370 1507 11285 739 1509 11286 737 1539 11287 718 1510 11288 732 41 11289 735 41 11290 716 41 11291 724 41 11292 743 41 11293 749 1511 11294 746 1512 11295 733 41 11296 714 41 11297 780 1513 11298 761 1486 11299 764 1498 11300 1741 1515 11301 1196 2774 11302 2627 1516 11303 776 1517 11304 757 1501 11305 756 1500 11306 774 1519 11307 755 1499 11308 750 1488 11309 764 1498 11310 766 1497 11311 785 1521 11312 753 1496 11313 757 1495 11314 776 1522 11315 1110 1524 11316 2614 4848 11317 2610 1525 11318 957 1527 11319 2572 4847 11320 2570 1528 11321 750 1488 11322 753 1487 11323 772 1530 11324 777 1531 11325 758 1485 11326 761 1486 11327 744 41 11328 763 41 11329 762 41 11330 736 1532 11331 755 5559 11332 760 1533 11333 754 41 11334 763 41 11335 744 41 11336 733 41 11337 752 41 11338 751 41 11339 1178 1535 11340 1739 2853 11341 2023 1536 11342 758 1538 11343 756 1568 11344 737 1539 11345 732 41 11346 751 41 11347 754 41 11348 743 41 11349 762 41 11350 768 1540 11351 765 1541 11352 752 41 11353 733 41 11354 796 1542 11355 777 1531 11356 780 1513 11357 769 1520 11358 772 1530 11359 791 1544 11360 1847 1546 11361 787 5560 11362 806 1547 11363 786 1549 11364 778 5561 11365 797 1550 11366 772 1523 11367 776 1522 11368 795 1552 11369 783 1514 11370 785 1521 11371 804 1554 11372 793 1556 11373 774 1519 11374 769 1520 11375 776 1517 11376 775 1518 11377 794 1557 11378 785 1559 11379 786 1549 11380 805 1551 11381 799 1543 11382 780 1513 11383 783 1514 11384 782 41 11385 781 41 11386 762 41 11387 1780 1561 11388 2482 4400 11389 2379 1562 11390 773 41 11391 782 41 11392 763 41 11393 752 41 11394 771 41 11395 770 41 11396 1916 1564 11397 1430 5562 11398 2385 1565 11399 777 1567 11400 775 1596 11401 756 1568 11402 751 41 11403 770 41 11404 773 41 11405 762 41 11406 781 41 11407 787 1569 11408 784 1570 11409 771 41 11410 752 41 11411 799 1543 11412 802 1555 11413 821 1571 11414 1889 1573 11415 2635 5080 11416 2770 1574 11417 814 1576 11418 795 1558 11419 794 1557 11420 812 1577 11421 793 1556 11422 788 1545 11423 802 1555 11424 804 1554 11425 823 1579 11426 791 1553 11427 795 1552 11428 814 1580 11429 1319 1582 11430 1317 5563 11431 2659 1583 11432 1394 1585 11433 2681 5564 11434 2682 1586 11435 807 1578 11436 788 1545 11437 791 1544 11438 815 1588 11439 796 1542 11440 799 1543 11441 801 41 11442 800 41 11443 781 41 11444 774 1589 11445 793 5565 11446 798 1590 11447 792 41 11448 801 41 11449 782 41 11450 771 41 11451 790 41 11452 789 41 11453 1904 1592 11454 1768 2036 11455 2049 1593 11456 796 1595 11457 794 1625 11458 775 1596 11459 770 41 11460 789 41 11461 792 41 11462 781 41 11463 800 41 11464 806 1597 11465 803 1598 11466 790 41 11467 771 41 11468 815 1588 11469 818 1572 11470 837 1599 11471 807 1578 11472 810 56 11473 829 1601 11474 1851 1603 11475 825 5566 11476 844 1604 11477 824 1606 11478 816 5567 11479 835 1607 11480 810 1581 11481 814 1580 11482 833 1609 11483 821 1571 11484 823 1579 11485 842 1611 11486 831 1613 11487 812 1577 11488 807 1578 11489 814 1576 11490 813 56 11491 832 1614 11492 823 1616 11493 824 1606 11494 843 1608 11495 837 1599 11496 818 1572 11497 821 1571 11498 801 41 11499 820 41 11500 819 41 11501 1173 1618 11502 1192 2102 11503 2333 1619 11504 811 41 11505 820 41 11506 801 41 11507 809 41 11508 808 41 11509 789 41 11510 1760 1621 11511 2472 2304 11512 2471 1622 11513 815 1624 11514 813 1653 11515 794 1625 11516 808 41 11517 811 41 11518 792 41 11519 800 41 11520 819 41 11521 825 1626 11522 822 1627 11523 809 41 11524 790 41 11525 856 1628 11526 837 1599 11527 840 1612 11528 1393 1630 11529 1374 2349 11530 2680 1631 11531 852 1633 11532 833 1615 11533 832 1614 11534 850 1635 11535 831 1613 11536 826 1602 11537 840 1612 11538 842 1611 11539 861 1637 11540 829 1610 11541 833 1609 11542 852 1638 11543 977 1640 11544 2573 5568 11545 2574 1641 11546 1887 1643 11547 1734 1802 11548 2768 1644 11549 826 1602 11550 829 1601 11551 848 1645 11552 834 1600 11553 837 1599 11554 856 1628 11555 839 41 11556 838 41 11557 819 41 11558 812 1647 11559 831 5569 11560 836 1648 11561 811 41 11562 830 41 11563 839 41 11564 809 41 11565 828 41 11566 827 41 11567 684 50 11568 1633 4361 11569 1997 1650 11570 834 1652 11571 832 1679 11572 813 1653 11573 808 41 11574 827 41 11575 830 41 11576 819 41 11577 838 41 11578 844 1654 11579 841 1655 11580 828 41 11581 809 41 11582 853 1646 11583 856 1628 11584 875 1656 11585 864 1658 11586 845 1636 11587 848 1645 11588 1855 1659 11589 863 5570 11590 882 1660 11591 862 1662 11592 854 5571 11593 873 1663 11594 848 1639 11595 852 1638 11596 871 1665 11597 859 1629 11598 861 1637 11599 880 1667 11600 869 1669 11601 850 1635 11602 845 1636 11603 871 1670 11604 852 1633 11605 851 1634 11606 861 1671 11607 862 1662 11608 881 1664 11609 875 1656 11610 856 1628 11611 859 1629 11612 858 41 11613 857 41 11614 838 41 11615 1894 1673 11616 2347 2742 11617 2346 1674 11618 830 41 11619 849 41 11620 858 41 11621 828 41 11622 847 41 11623 846 41 11624 708 1455 11625 689 1408 11626 2234 1676 11627 853 1678 11628 851 1707 11629 832 1679 11630 846 41 11631 849 41 11632 830 41 11633 838 41 11634 857 41 11635 863 1680 11636 860 1681 11637 847 41 11638 828 41 11639 875 1656 11640 878 1668 11641 897 1682 11642 1738 1575 11643 2770 1574 11644 2769 1684 11645 871 1670 11646 870 56 11647 889 1686 11648 888 1688 11649 869 1669 11650 864 1658 11651 897 1682 11652 878 1668 11653 880 1667 11654 867 1666 11655 871 1665 11656 890 1691 11657 900 1693 11658 899 5572 11659 2549 1694 11660 1737 1685 11661 2769 1684 11662 2628 1696 11663 864 1658 11664 867 56 11665 886 1698 11666 891 1699 11667 872 1657 11668 875 1656 11669 877 41 11670 876 41 11671 857 41 11672 850 1700 11673 869 5573 11674 874 1701 11675 849 41 11676 868 41 11677 877 41 11678 866 41 11679 865 41 11680 846 41 11681 1197 1703 11682 1216 5574 11683 1974 1704 11684 872 1706 11685 870 1734 11686 851 1707 11687 865 41 11688 868 41 11689 849 41 11690 857 41 11691 876 41 11692 882 1708 11693 879 1709 11694 866 41 11695 847 41 11696 910 1710 11697 891 1699 11698 894 1683 11699 902 1712 11700 883 1689 11701 886 1698 11702 1859 1713 11703 901 5575 11704 920 1714 11705 900 1716 11706 892 5576 11707 911 1717 11708 886 1692 11709 890 1691 11710 909 1719 11711 916 1721 11712 897 1682 11713 899 1690 11714 907 1723 11715 888 1688 11716 883 1689 11717 909 1724 11718 890 1687 11719 889 1686 11720 899 1725 11721 900 1716 11722 919 1718 11723 894 1683 11724 897 1682 11725 916 1721 11726 877 41 11727 896 41 11728 895 41 11729 1776 1727 11730 1908 1163 11731 2372 1728 11732 887 41 11733 896 41 11734 877 41 11735 866 41 11736 885 41 11737 884 41 11738 1848 1730 11739 784 5577 11740 2249 1731 11741 891 1733 11742 889 1760 11743 870 1734 11744 865 41 11745 884 41 11746 887 41 11747 876 41 11748 895 41 11749 901 1735 11750 879 1709 11751 898 1762 11752 885 41 11753 932 1736 11754 913 1711 11755 916 1721 11756 975 1738 11757 956 1776 11758 2570 1739 11759 909 1724 11760 908 56 11761 927 1741 11762 926 1743 11763 907 1723 11764 902 1712 11765 935 1737 11766 916 1721 11767 918 1722 11768 905 1720 11769 909 1719 11770 928 1746 11771 1885 1747 11772 2625 2896 11773 2766 1748 11774 1310 1750 11775 1319 1582 11776 2663 1584 11777 902 1712 11778 905 56 11779 924 1752 11780 910 1710 11781 913 1711 11782 932 1736 11783 915 41 11784 914 41 11785 895 41 11786 888 1754 11787 907 5578 11788 912 1755 11789 906 41 11790 915 41 11791 896 41 11792 904 41 11793 903 41 11794 884 41 11795 1764 1446 11796 1902 2146 11797 2123 1757 11798 910 1759 11799 908 1788 11800 889 1760 11801 884 41 11802 903 41 11803 906 41 11804 895 41 11805 914 41 11806 920 1761 11807 898 1762 11808 917 1790 11809 904 41 11810 948 1763 11811 929 1753 11812 932 1736 11813 940 1765 11814 921 1744 11815 924 1752 11816 1863 1767 11817 939 5579 11818 958 1768 11819 938 1770 11820 930 5580 11821 949 1771 11822 924 1746 11823 928 1746 11824 947 1773 11825 954 1775 11826 935 1737 11827 937 1745 11828 945 1777 11829 926 1743 11830 921 1744 11831 928 1742 11832 927 1741 11833 946 1778 11834 937 1780 11835 938 1770 11836 957 1772 11837 932 1736 11838 935 1737 11839 954 1775 11840 915 41 11841 934 41 11842 933 41 11843 936 1782 11844 917 1790 11845 2282 1783 11846 906 41 11847 925 41 11848 934 41 11849 904 41 11850 923 41 11851 922 41 11852 1273 1785 11853 1759 1623 11854 2471 1622 11855 929 1787 11856 927 1816 11857 908 1788 11858 922 41 11859 925 41 11860 906 41 11861 914 41 11862 933 41 11863 939 1789 11864 917 1790 11865 936 1782 11866 923 41 11867 951 1764 11868 954 1775 11869 973 1791 11870 1883 1793 11871 1726 2164 11872 2764 1794 11873 947 1779 11874 946 1778 11875 965 1796 11876 964 1798 11877 945 1777 11878 940 1765 11879 973 1791 11880 954 1775 11881 956 1776 11882 943 1774 11883 947 1773 11884 966 1800 11885 1734 1802 11886 1733 1853 11887 2767 1803 11888 1318 1804 11889 1903 4902 11890 2666 1805 11891 940 1765 11892 943 1766 11893 962 1807 11894 967 1808 11895 948 1763 11896 951 1764 11897 934 41 11898 953 41 11899 952 41 11900 926 1809 11901 945 5581 11902 950 1810 11903 944 41 11904 953 41 11905 934 41 11906 942 41 11907 941 41 11908 922 41 11909 1735 1812 11910 1159 2900 11911 1973 1813 11912 948 1815 11913 946 1839 11914 927 1816 11915 922 41 11916 941 41 11917 944 41 11918 933 41 11919 952 41 11920 958 1642 11921 936 1782 11922 955 1840 11923 942 41 11924 986 1817 11925 967 1808 11926 970 1792 11927 978 1819 11928 959 1799 11929 962 1807 11930 1867 1820 11931 977 5582 11932 996 1821 11933 976 1823 11934 968 5583 11935 987 1824 11936 962 1801 11937 966 1800 11938 985 1826 11939 992 1828 11940 973 1791 11941 975 1738 11942 983 1830 11943 964 1798 11944 959 1799 11945 985 1831 11946 966 1797 11947 965 1796 11948 975 1503 11949 976 1823 11950 995 1825 11951 970 1792 11952 973 1791 11953 992 1828 11954 972 41 11955 971 41 11956 952 41 11957 1872 1833 11958 1012 5584 11959 2297 1834 11960 963 41 11961 972 41 11962 953 41 11963 942 41 11964 961 41 11965 960 41 11966 1420 1836 11967 1425 4452 11968 2383 1837 11969 967 1838 11970 965 1862 11971 946 1839 11972 941 41 11973 960 41 11974 963 41 11975 952 41 11976 971 41 11977 977 1640 11978 955 1840 11979 974 1865 11980 961 41 11981 989 1818 11982 992 1828 11983 1011 1841 11984 1882 1843 11985 2615 4856 11986 2762 1844 11987 985 1831 11988 984 56 11989 1003 1846 11990 1002 1848 11991 983 1830 11992 978 1819 11993 992 1828 11994 994 1829 11995 1013 1850 11996 981 1827 11997 985 1826 11998 1004 1851 11999 1733 1853 12000 1158 1420 12001 2617 1422 12002 892 1854 12003 900 1693 12004 2551 1695 12005 978 1819 12006 981 56 12007 1000 1856 12008 1005 1857 12009 986 1817 12010 989 1818 12011 991 41 12012 990 41 12013 971 41 12014 964 1858 12015 983 5585 12016 988 1859 12017 982 41 12018 991 41 12019 972 41 12020 980 41 12021 979 41 12022 960 41 12023 986 1861 12024 984 1889 12025 965 1862 12026 960 41 12027 979 41 12028 982 41 12029 971 41 12030 990 41 12031 996 1863 12032 993 1864 12033 980 41 12034 961 41 12035 1024 1866 12036 1005 1857 12037 1008 1842 12038 1016 1868 12039 997 1849 12040 1000 1856 12041 1871 1869 12042 1015 5586 12043 1034 1870 12044 1033 1872 12045 1014 5587 12046 1006 1873 12047 1000 1852 12048 1004 1851 12049 1023 1875 12050 1011 1841 12051 1013 1850 12052 1032 1877 12053 1021 1879 12054 1002 1848 12055 997 1849 12056 1004 1847 12057 1003 1846 12058 1022 1880 12059 1013 1882 12060 1014 5587 12061 1033 1872 12062 1027 1867 12063 1008 1842 12064 1011 1841 12065 991 41 12066 1010 41 12067 1009 41 12068 1850 1883 12069 2259 4521 12070 2258 1884 12071 1001 41 12072 1010 41 12073 991 41 12074 980 41 12075 999 41 12076 998 41 12077 1772 1477 12078 2478 4358 12079 2371 1886 12080 1005 1888 12081 1003 1918 12082 984 1889 12083 998 41 12084 1001 41 12085 982 41 12086 990 41 12087 1009 41 12088 1015 1890 12089 993 1864 12090 1012 1920 12091 999 41 12092 1046 1891 12093 1027 1867 12094 1030 1878 12095 901 1893 12096 1859 2862 12097 2556 1894 12098 1023 1881 12099 1022 1880 12100 1041 1896 12101 1040 1898 12102 1021 1879 12103 1016 1868 12104 1049 1892 12105 1030 1878 12106 1032 1877 12107 1019 1876 12108 1023 1875 12109 1042 1901 12110 1471 1903 12111 1469 5588 12112 2699 1904 12113 1879 1906 12114 1718 2737 12115 2760 1907 12116 1016 1868 12117 1019 56 12118 1038 1909 12119 1024 1866 12120 1027 1867 12121 1046 1891 12122 1029 41 12123 1028 41 12124 1009 41 12125 1002 1911 12126 1021 5589 12127 1026 1912 12128 1020 41 12129 1029 41 12130 1010 41 12131 1018 41 12132 1017 41 12133 998 41 12134 1900 1914 12135 1760 1621 12136 2051 1915 12137 1024 1917 12138 1022 1946 12139 1003 1918 12140 998 41 12141 1017 41 12142 1020 41 12143 1009 41 12144 1028 41 12145 1034 1919 12146 1012 1920 12147 1031 1948 12148 1018 41 12149 1043 1910 12150 1046 1891 12151 1065 1921 12152 1054 1923 12153 1035 1899 12154 1038 1909 12155 1875 1925 12156 1053 1926 12157 1072 1926 12158 1052 1928 12159 1044 5590 12160 1063 1929 12161 1038 1902 12162 1042 1901 12163 1061 1931 12164 1068 1933 12165 1049 1892 12166 1051 1900 12167 1059 1935 12168 1040 1898 12169 1035 1899 12170 1061 1936 12171 1042 1897 12172 1041 1896 12173 1051 1937 12174 1052 1928 12175 1071 1930 12176 1046 1891 12177 1049 1892 12178 1068 1933 12179 1029 41 12180 1048 41 12181 1047 41 12182 1211 1939 12183 2342 5352 12184 2344 1940 12185 1020 41 12186 1039 41 12187 1048 41 12188 1018 41 12189 1037 41 12190 1036 41 12191 774 1942 12192 779 4464 12193 2247 1943 12194 1043 1945 12195 1041 1970 12196 1022 1946 12197 1017 41 12198 1036 41 12199 1039 41 12200 1028 41 12201 1047 41 12202 1053 1947 12203 1031 1948 12204 1050 1971 12205 1037 41 12206 1084 1949 12207 1065 1921 12208 1068 1933 12209 1730 1749 12210 2766 1748 12211 2765 1951 12212 1061 1936 12213 1060 56 12214 1079 1953 12215 1078 1955 12216 1059 1935 12217 1054 1923 12218 1068 1933 12219 1070 1934 12220 1089 1957 12221 1057 1932 12222 1061 1931 12223 1080 1958 12224 1261 1960 12225 2652 5591 12226 2655 1961 12227 1729 1952 12228 2765 1951 12229 2618 1963 12230 1073 1956 12231 1054 1923 12232 1057 1924 12233 1062 1922 12234 1065 1921 12235 1084 1949 12236 1048 41 12237 1067 41 12238 1066 41 12239 1040 1966 12240 1059 5592 12241 1064 1967 12242 1058 41 12243 1067 41 12244 1048 41 12245 1056 41 12246 1055 41 12247 1036 41 12248 1062 1969 12249 1060 1986 12250 1041 1970 12251 1055 41 12252 1058 41 12253 1039 41 12254 1066 41 12255 1072 1987 12256 1053 1947 12257 1050 1971 12258 1069 1988 12259 1056 41 12260 1081 1965 12261 1084 1949 12262 521 1142 12263 1073 1956 12264 1076 56 12265 513 1174 12266 1879 1972 12267 1091 5593 12268 400 1973 12269 401 1166 12270 1090 5594 12271 1082 1974 12272 1076 1959 12273 1080 1958 12274 517 1976 12275 1087 1950 12276 1089 1957 12277 526 1158 12278 515 1303 12279 1078 1955 12280 1073 1956 12281 1080 1954 12282 1079 1953 12283 516 1150 12284 1089 1979 12285 1090 5594 12286 401 1166 12287 521 1142 12288 1084 1949 12289 1087 1950 12290 1067 41 12291 1086 41 12292 1085 41 12293 1756 1980 12294 1755 2040 12295 2469 1981 12296 1077 41 12297 1086 41 12298 1067 41 12299 1075 41 12300 1074 41 12301 1055 41 12302 1002 1983 12303 1007 4531 12304 2295 1984 12305 1081 1154 12306 1079 1153 12307 1060 1986 12308 1074 41 12309 1077 41 12310 1058 41 12311 1066 41 12312 1085 41 12313 1091 1148 12314 1088 1141 12315 1075 41 12316 1056 41 12317 572 41 12318 1105 41 12319 1104 41 12320 564 1989 12321 1097 5595 12322 1102 1990 12323 1096 41 12324 1105 41 12325 572 41 12326 561 41 12327 1094 41 12328 1093 41 12329 1711 1992 12330 2016 5596 12331 2017 1993 12332 1100 1995 12333 1098 1319 12334 565 1996 12335 560 41 12336 1093 41 12337 1096 41 12338 571 41 12339 1104 41 12340 1109 1997 12341 574 1394 12342 1107 2042 12343 1094 41 12344 1103 1226 12345 1106 1236 12346 1125 1998 12347 1052 2000 12348 1051 5597 12349 2589 2001 12350 1099 1239 12351 1098 1238 12352 1117 2003 12353 1116 2005 12354 1097 1237 12355 1092 1228 12356 1106 1236 12357 1108 1235 12358 1127 2007 12359 1095 1234 12360 1099 1233 12361 1118 2008 12362 1128 2010 12363 2611 5598 12364 2612 2011 12365 748 2012 12366 747 5599 12367 2509 2013 12368 1111 2006 12369 1092 1228 12370 1095 1227 12371 1119 2016 12372 1100 1225 12373 1103 1226 12374 1138 2017 12375 1119 2016 12376 1122 1999 12377 1130 2019 12378 1111 2006 12379 1114 2015 12380 1883 2021 12381 1128 5600 12382 1147 2022 12383 1129 2024 12384 1120 2869 12385 1139 2025 12386 1114 2009 12387 1118 2008 12388 1137 2027 12389 1144 2029 12390 1125 1998 12391 1127 2007 12392 1135 2031 12393 1116 2005 12394 1111 2006 12395 1118 2004 12396 1117 2003 12397 1136 2032 12398 1127 2034 12399 1129 2024 12400 1148 2026 12401 1122 1999 12402 1125 1998 12403 1144 2029 12404 1105 41 12405 1124 41 12406 1123 41 12407 1768 2036 12408 1904 1592 12409 2364 2037 12410 1115 41 12411 1124 41 12412 1105 41 12413 1113 41 12414 1112 41 12415 1093 41 12416 1254 2039 12417 2352 3044 12418 2469 1981 12419 1119 2041 12420 1117 2065 12421 1098 1319 12422 1093 41 12423 1112 41 12424 1115 41 12425 1104 41 12426 1123 41 12427 1128 2010 12428 1107 2042 12429 1126 2067 12430 1113 41 12431 1141 2018 12432 1144 2029 12433 1163 2043 12434 1877 2045 12435 2605 4976 12436 2758 2046 12437 1156 2048 12438 1137 2033 12439 1136 2032 12440 1154 2050 12441 1135 2031 12442 1130 2019 12443 1163 2043 12444 1144 2029 12445 1146 2030 12446 1133 2028 12447 1137 2027 12448 1156 2053 12449 1253 2055 12450 2648 4896 12451 2654 2056 12452 1127 2007 12453 1108 1235 12454 2610 2058 12455 1149 2051 12456 1130 2019 12457 1133 2020 12458 1138 2017 12459 1141 2018 12460 1160 2044 12461 1143 41 12462 1142 41 12463 1123 41 12464 1116 2061 12465 1135 5601 12466 1140 2062 12467 1134 41 12468 1143 41 12469 1124 41 12470 1132 41 12471 1131 41 12472 1112 41 12473 1138 2064 12474 1136 2091 12475 1117 2065 12476 1112 41 12477 1131 41 12478 1134 41 12479 1123 41 12480 1142 41 12481 1147 2066 12482 1126 2067 12483 1145 2094 12484 1132 41 12485 1176 2068 12486 1157 2060 12487 1160 2044 12488 1149 2051 12489 1152 56 12490 1171 2070 12491 1887 2072 12492 1166 5602 12493 1185 2073 12494 1167 2075 12495 1158 5603 12496 1177 2076 12497 1152 2054 12498 1156 2053 12499 1175 2078 12500 1163 2043 12501 1165 2052 12502 1184 2080 12503 1173 1618 12504 1154 2050 12505 1149 2051 12506 1156 2048 12507 1155 2049 12508 1174 2082 12509 1165 2084 12510 1167 2075 12511 1186 2077 12512 1179 2069 12513 1160 2044 12514 1163 2043 12515 1143 41 12516 1162 41 12517 1161 41 12518 20 213 12519 30 212 12520 2225 2085 12521 1134 41 12522 1153 41 12523 1162 41 12524 1151 41 12525 1150 41 12526 1131 41 12527 793 2087 12528 2254 4366 12529 2256 2088 12530 1157 2090 12531 1155 2121 12532 1136 2091 12533 1131 41 12534 1150 41 12535 1153 41 12536 1142 41 12537 1161 41 12538 1166 2092 12539 1164 2093 12540 1151 41 12541 1132 41 12542 1179 2069 12543 1182 2081 12544 1201 2095 12545 692 2097 12546 2504 5604 12547 2505 2098 12548 1175 2083 12549 1174 2082 12550 1193 2100 12551 1192 2102 12552 1173 1618 12553 1168 2071 12554 1182 2081 12555 1184 2080 12556 1203 2104 12557 1171 2079 12558 1175 2078 12559 1194 2105 12560 844 2107 12561 2544 5605 12562 2545 2108 12563 1462 2110 12564 1471 1903 12565 2703 1905 12566 1187 2103 12567 1168 2071 12568 1171 2070 12569 1195 2113 12570 1176 2068 12571 1179 2069 12572 1181 41 12573 1180 41 12574 1161 41 12575 1154 2114 12576 1173 5606 12577 1178 2115 12578 1172 41 12579 1181 41 12580 1162 41 12581 1151 41 12582 1170 41 12583 1169 41 12584 1712 2117 12585 1716 5607 12586 2064 2118 12587 1176 2120 12588 1174 2148 12589 1155 2121 12590 1169 41 12591 1172 41 12592 1153 41 12593 1161 41 12594 1180 41 12595 1185 2122 12596 1164 2093 12597 1183 2151 12598 1170 41 12599 1214 2123 12600 1195 2113 12601 1198 2096 12602 1187 2103 12603 1190 2112 12604 1209 2125 12605 1891 2127 12606 1204 5608 12607 1223 2128 12608 1205 2130 12609 1196 5609 12610 1215 2131 12611 1190 2106 12612 1194 2105 12613 1213 2133 12614 1201 2095 12615 1203 2104 12616 1222 2135 12617 1211 2137 12618 1192 2102 12619 1187 2103 12620 1194 2101 12621 1193 2100 12622 1212 2138 12623 1203 2140 12624 1205 2130 12625 1224 2132 12626 1217 2124 12627 1198 2096 12628 1201 2095 12629 1181 41 12630 1200 41 12631 1199 41 12632 25 2142 12633 91 4362 12634 2227 2143 12635 1191 41 12636 1200 41 12637 1181 41 12638 1189 41 12639 1188 41 12640 1169 41 12641 1764 1446 12642 2474 1448 12643 2363 2145 12644 1195 2147 12645 1193 2176 12646 1174 2148 12647 1188 41 12648 1191 41 12649 1172 41 12650 1180 41 12651 1199 41 12652 1204 2149 12653 1202 2150 12654 1189 41 12655 1170 41 12656 1217 2124 12657 1220 2136 12658 1239 2152 12659 1875 2154 12660 1710 2873 12661 2756 2155 12662 1213 2139 12663 1212 2138 12664 1231 2157 12665 1230 2159 12666 1211 2137 12667 1206 2126 12668 1220 2136 12669 1222 2135 12670 1241 2161 12671 1209 2134 12672 1213 2133 12673 1232 2162 12674 1726 2164 12675 1725 2221 12676 2763 2165 12677 683 2166 12678 2498 5039 12679 2502 2167 12680 1225 2160 12681 1206 2126 12682 1209 2125 12683 1214 2123 12684 1217 2124 12685 1236 2153 12686 1219 41 12687 1218 41 12688 1199 41 12689 1192 2170 12690 1211 5610 12691 1216 2171 12692 1210 41 12693 1219 41 12694 1200 41 12695 1189 41 12696 1208 41 12697 1207 41 12698 1756 1980 12699 1898 2463 12700 2121 2173 12701 1214 2175 12702 1212 2203 12703 1193 2176 12704 1207 41 12705 1210 41 12706 1191 41 12707 1199 41 12708 1218 41 12709 1223 2177 12710 1221 2178 12711 1208 41 12712 1189 41 12713 1252 2179 12714 1233 2169 12715 1236 2153 12716 1225 2160 12717 1228 56 12718 1247 2181 12719 1895 2183 12720 1242 5611 12721 1261 2184 12722 1262 2186 12723 1243 5612 12724 1234 2187 12725 1228 2163 12726 1232 2162 12727 1251 2189 12728 1239 2152 12729 1241 2161 12730 1260 2191 12731 1249 2193 12732 1230 2159 12733 1225 2160 12734 1232 2158 12735 1231 2157 12736 1250 2194 12737 1241 2196 12738 1243 5612 12739 1262 2186 12740 1255 2180 12741 1236 2153 12742 1239 2152 12743 1219 41 12744 1238 41 12745 1237 41 12746 1506 1274 12747 1487 2564 12748 2402 2197 12749 1229 41 12750 1238 41 12751 1219 41 12752 1227 41 12753 1226 41 12754 1207 41 12755 1752 2199 12756 2468 2562 12757 2467 2200 12758 1233 2202 12759 1231 2229 12760 1212 2203 12761 1226 41 12762 1229 41 12763 1210 41 12764 1218 41 12765 1237 41 12766 1242 2204 12767 1240 2205 12768 1227 41 12769 1208 41 12770 1255 2180 12771 1258 2192 12772 1277 2206 12773 835 2208 12774 2538 5000 12775 2542 2209 12776 1251 2195 12777 1250 2194 12778 1269 2211 12779 1268 2213 12780 1249 2193 12781 1244 2182 12782 1258 2192 12783 1260 2191 12784 1279 2215 12785 1247 2190 12786 1251 2189 12787 1270 2216 12788 1470 2218 12789 1919 5002 12790 2706 2219 12791 1725 2221 12792 1120 5010 12793 2607 2222 12794 1244 2182 12795 1247 2181 12796 1266 2223 12797 1271 2224 12798 1252 2179 12799 1255 2180 12800 1257 41 12801 1256 41 12802 1237 41 12803 1230 2225 12804 1249 5613 12805 1254 2226 12806 1248 41 12807 1257 41 12808 1238 41 12809 1227 41 12810 1246 41 12811 1245 41 12812 1252 2228 12813 1250 2255 12814 1231 2229 12815 1226 41 12816 1245 41 12817 1248 41 12818 1237 41 12819 1256 41 12820 1261 2230 12821 1259 2231 12822 1246 41 12823 1227 41 12824 1290 2232 12825 1271 2224 12826 1274 2207 12827 1263 2214 12828 1266 2223 12829 1285 2234 12830 1899 2236 12831 1280 5614 12832 1299 1453 12833 1281 2238 12834 1272 2809 12835 1291 2239 12836 1266 2217 12837 1270 2216 12838 1289 2241 12839 1277 2206 12840 1279 2215 12841 1298 2242 12842 1287 2244 12843 1268 2213 12844 1263 2214 12845 1289 2245 12846 1270 2212 12847 1269 2211 12848 1279 2247 12849 1281 2238 12850 1300 2240 12851 1274 2207 12852 1277 2206 12853 1296 2243 12854 1257 41 12855 1276 41 12856 1275 41 12857 1325 2249 12858 1344 2317 12859 2365 2250 12860 1267 41 12861 1276 41 12862 1257 41 12863 1246 41 12864 1265 41 12865 1264 41 12866 1910 1563 12867 2379 1562 12868 2378 2252 12869 1271 2254 12870 1269 2283 12871 1250 2255 12872 1245 41 12873 1264 41 12874 1267 41 12875 1256 41 12876 1275 41 12877 1280 2256 12878 1278 2257 12879 1265 41 12880 1246 41 12881 1293 2233 12882 1296 2243 12883 1315 2258 12884 1873 2260 12885 2595 5139 12886 2754 2261 12887 1308 2263 12888 1289 2245 12889 1288 2246 12890 1306 2265 12891 1287 2244 12892 1282 2235 12893 1296 2243 12894 1298 2242 12895 1317 2267 12896 1285 1293 12897 1289 2241 12898 1308 2268 12899 1724 1845 12900 2762 1844 12901 2761 2270 12902 1044 2272 12903 1052 2000 12904 2591 2002 12905 1282 2235 12906 1285 2234 12907 1304 2274 12908 1309 2275 12909 1290 2232 12910 1293 2233 12911 1295 41 12912 1294 41 12913 1275 41 12914 1268 2276 12915 1287 5615 12916 1292 2277 12917 1286 41 12918 1295 41 12919 1276 41 12920 1265 41 12921 1284 41 12922 1283 41 12923 1140 2279 12924 1731 2965 12925 2021 2280 12926 1290 2282 12927 1288 2308 12928 1269 2283 12929 1283 41 12930 1286 41 12931 1267 41 12932 1275 41 12933 1294 41 12934 1299 2284 12935 1297 2285 12936 1284 41 12937 1265 41 12938 1328 2286 12939 1309 2275 12940 1312 2259 12941 1301 2266 12942 1304 2274 12943 1323 2288 12944 1903 2290 12945 1318 5616 12946 1337 2291 12947 1319 2293 12948 1310 2793 12949 1329 2294 12950 1304 2269 12951 1308 2268 12952 1327 2296 12953 1334 2298 12954 1315 2258 12955 1317 2267 12956 1325 2249 12957 1306 2265 12958 1301 2266 12959 1308 2263 12960 1307 2264 12961 1326 2300 12962 1317 2302 12963 1319 2293 12964 1338 2295 12965 1331 2287 12966 1312 2259 12967 1315 2258 12968 1295 41 12969 1314 41 12970 1313 41 12971 1760 1621 12972 1900 1914 12973 2356 2303 12974 1305 41 12975 1314 41 12976 1295 41 12977 1284 41 12978 1303 41 12979 1302 41 12980 1235 2305 12981 1751 2201 12982 2467 2200 12983 1309 2307 12984 1307 2335 12985 1288 2308 12986 1283 41 12987 1302 41 12988 1305 41 12989 1294 41 12990 1313 41 12991 1318 2309 12992 1316 2310 12993 1303 41 12994 1284 41 12995 1350 2311 12996 1331 2287 12997 1334 2298 12998 740 2313 12999 748 2012 13000 2511 2014 13001 1346 2315 13002 1327 2301 13003 1326 2300 13004 1344 2317 13005 1325 2249 13006 1320 2289 13007 1353 2312 13008 1334 2298 13009 1336 2299 13010 1323 2297 13011 1327 2296 13012 1346 2320 13013 1262 2057 13014 2654 2056 13015 2650 2322 13016 1723 2271 13017 2761 2270 13018 2608 2324 13019 1339 2318 13020 1320 2289 13021 1323 2288 13022 1328 2286 13023 1331 2287 13024 1350 2311 13025 1333 41 13026 1332 41 13027 1313 41 13028 1306 2328 13029 1325 5617 13030 1330 2329 13031 1305 41 13032 1324 41 13033 1333 41 13034 1303 41 13035 1322 41 13036 1321 41 13037 1896 2331 13038 1752 2199 13039 2053 2332 13040 1328 2334 13041 1326 2362 13042 1307 2335 13043 1321 41 13044 1324 41 13045 1305 41 13046 1313 41 13047 1332 41 13048 1337 2336 13049 1316 2310 13050 1335 2364 13051 1322 41 13052 1347 2327 13053 1350 2311 13054 1369 2337 13055 1339 2318 13056 1342 2326 13057 1361 2339 13058 1907 2341 13059 1356 5618 13060 1375 2342 13061 1357 2344 13062 1348 2779 13063 1367 2345 13064 1342 2321 13065 1346 2320 13066 1365 2347 13067 1353 2312 13068 1355 2319 13069 1374 2349 13070 1363 2351 13071 1344 2317 13072 1339 2318 13073 1346 2315 13074 1345 2316 13075 1364 2352 13076 1355 2354 13077 1357 2344 13078 1376 2346 13079 1369 2337 13080 1350 2311 13081 1353 2312 13082 1333 41 13083 1352 41 13084 1351 41 13085 1088 1141 13086 1069 1988 13087 2314 2356 13088 1324 41 13089 1343 41 13090 1352 41 13091 1322 41 13092 1341 41 13093 1340 41 13094 1888 2358 13095 1164 5619 13096 2329 2359 13097 1347 2361 13098 1345 2390 13099 1326 2362 13100 1340 41 13101 1343 41 13102 1324 41 13103 1332 41 13104 1351 41 13105 1356 2363 13106 1335 2364 13107 1354 1506 13108 1341 41 13109 1369 2337 13110 1372 2350 13111 1391 2365 13112 1053 2367 13113 1875 2154 13114 2596 2156 13115 1384 2369 13116 1365 2353 13117 1364 2352 13118 1382 2371 13119 1363 2351 13120 1358 2340 13121 1372 2350 13122 1374 2349 13123 1393 1630 13124 1361 2348 13125 1365 2347 13126 1384 2373 13127 749 2375 13128 1843 5164 13129 2516 2376 13130 1871 2378 13131 1702 3038 13132 2752 2379 13133 1377 2372 13134 1358 2340 13135 1361 2339 13136 1366 2338 13137 1369 2337 13138 1388 2366 13139 1371 41 13140 1370 41 13141 1351 41 13142 1344 2383 13143 1363 5620 13144 1368 2384 13145 1362 41 13146 1371 41 13147 1352 41 13148 1341 41 13149 1360 41 13150 1359 41 13151 1349 2386 13152 1368 5621 13153 1982 2387 13154 1366 2389 13155 1364 2415 13156 1345 2390 13157 1340 41 13158 1359 41 13159 1362 41 13160 1351 41 13161 1370 41 13162 1375 1587 13163 1354 1506 13164 1373 2417 13165 1360 41 13166 1385 2382 13167 1388 2366 13168 1407 2391 13169 1377 2372 13170 1380 2381 13171 1399 2393 13172 1911 2395 13173 1394 5622 13174 1413 2396 13175 1395 2398 13176 1386 2761 13177 1405 2399 13178 1380 2374 13179 1384 2373 13180 1403 2401 13181 1410 2403 13182 1391 2365 13183 1393 1630 13184 1401 2405 13185 1382 2371 13186 1377 2372 13187 1403 2406 13188 1384 2369 13189 1383 2370 13190 1393 2408 13191 1395 2398 13192 1414 2400 13193 1407 2391 13194 1388 2366 13195 1391 2365 13196 1390 41 13197 1389 41 13198 1370 41 13199 679 214 13200 698 1415 13201 2229 2409 13202 1381 41 13203 1390 41 13204 1371 41 13205 1379 41 13206 1378 41 13207 1359 41 13208 1842 2411 13209 2243 4489 13210 2242 2412 13211 1385 2414 13212 1383 2442 13213 1364 2415 13214 1378 41 13215 1381 41 13216 1362 41 13217 1370 41 13218 1389 41 13219 1394 1585 13220 1392 2416 13221 1379 41 13222 1360 41 13223 1426 2418 13224 1407 2391 13225 1410 2403 13226 691 2168 13227 2502 2167 13228 2500 2420 13229 1422 2422 13230 1403 2406 13231 1402 2407 13232 1420 2424 13233 1401 2405 13234 1396 2394 13235 1410 2403 13236 1412 2404 13237 1431 2426 13238 1399 2402 13239 1403 2401 13240 1422 2427 13241 843 2210 13242 2542 2209 13243 2540 2429 13244 1413 2431 13245 2692 5623 13246 2695 2432 13247 1415 2425 13248 1396 2394 13249 1399 2393 13250 1423 2435 13251 1404 2392 13252 1407 2391 13253 1409 41 13254 1408 41 13255 1389 41 13256 1382 2436 13257 1401 5624 13258 1406 1173 13259 1381 41 13260 1400 41 13261 1409 41 13262 1379 41 13263 1398 41 13264 1397 41 13265 1748 2438 13266 1894 1673 13267 2119 2439 13268 1404 2441 13269 1402 2467 13270 1383 2442 13271 1397 41 13272 1400 41 13273 1381 41 13274 1389 41 13275 1408 41 13276 1413 2443 13277 1392 2416 13278 1411 2470 13279 1398 41 13280 1442 2444 13281 1423 2435 13282 1426 2418 13283 1434 2446 13284 1415 2425 13285 1418 2434 13286 1915 2447 13287 1432 5625 13288 1451 2448 13289 1452 2450 13290 1433 5626 13291 1424 2451 13292 1418 2428 13293 1422 2427 13294 1441 2453 13295 1429 2419 13296 1431 2426 13297 1450 2455 13298 1439 2457 13299 1420 2424 13300 1415 2425 13301 1422 2422 13302 1421 2423 13303 1440 2458 13304 1431 2460 13305 1433 5626 13306 1452 2450 13307 1426 2418 13308 1429 2419 13309 1448 2456 13310 1428 41 13311 1427 41 13312 1408 41 13313 1756 1980 13314 2470 1982 13315 2355 2462 13316 1419 41 13317 1428 41 13318 1409 41 13319 1417 41 13320 1416 41 13321 1397 41 13322 907 1723 13323 926 1743 13324 2277 2464 13325 1423 2466 13326 1421 2090 13327 1402 2467 13328 1416 41 13329 1419 41 13330 1400 41 13331 1408 41 13332 1427 41 13333 1432 2468 13334 1430 2469 13335 1417 41 13336 1398 41 13337 1445 2445 13338 1448 2456 13339 1467 2471 13340 1205 2473 13341 1203 5627 13342 2629 2474 13343 1441 2459 13344 1440 2458 13345 1459 2476 13346 1458 2478 13347 1439 2457 13348 1434 2446 13349 1467 2471 13350 1448 2456 13351 1450 2455 13352 1437 2454 13353 1441 2453 13354 1460 2481 13355 1869 2483 13356 2585 2723 13357 2750 2484 13358 1280 2256 13359 2651 5628 13360 2652 2486 13361 1434 2446 13362 1437 56 13363 1456 2487 13364 1461 2488 13365 1442 2444 13366 1445 2445 13367 1428 41 13368 1447 41 13369 1446 41 13370 1420 1401 13371 1439 5629 13372 1444 2489 13373 1438 41 13374 1447 41 13375 1428 41 13376 1436 41 13377 1435 41 13378 1416 41 13379 1601 2491 13380 1995 5630 13381 2019 2492 13382 1442 2494 13383 1440 2521 13384 1421 2090 13385 1416 41 13386 1435 41 13387 1438 41 13388 1427 41 13389 1446 41 13390 1451 2495 13391 1430 2469 13392 1449 2523 13393 1436 41 13394 1480 2496 13395 1461 2488 13396 1464 2472 13397 1472 2498 13398 1453 2479 13399 1456 2487 13400 1919 2500 13401 1470 2501 13402 1489 2501 13403 1471 2503 13404 1462 2730 13405 1481 2504 13406 1456 2482 13407 1460 2481 13408 1479 2506 13409 1486 2508 13410 1467 2471 13411 1469 2480 13412 1477 2510 13413 1458 2478 13414 1453 2479 13415 1479 2511 13416 1460 2477 13417 1459 2476 13418 1469 2512 13419 1471 2503 13420 1490 2505 13421 1464 2472 13422 1467 2471 13423 1486 2508 13424 1447 41 13425 1466 41 13426 1465 41 13427 1866 2514 13428 2291 4575 13429 2290 2515 13430 1457 41 13431 1466 41 13432 1447 41 13433 1436 41 13434 1455 41 13435 1454 41 13436 1363 2517 13437 2374 4366 13438 2376 2518 13439 1461 2520 13440 1459 2548 13441 1440 2521 13442 1435 41 13443 1454 41 13444 1457 41 13445 1446 41 13446 1465 41 13447 1470 2522 13448 1449 2523 13449 1468 2550 13450 1455 41 13451 1483 2497 13452 1486 2508 13453 1505 2524 13454 1405 2526 13455 2688 5074 13456 2694 2527 13457 1479 2511 13458 1478 56 13459 1497 2529 13460 1496 2531 13461 1477 2510 13462 1472 2498 13463 1505 2524 13464 1486 2508 13465 1488 2509 13466 1475 2507 13467 1479 2506 13468 1498 2534 13469 1279 2215 13470 1260 2191 13471 2650 2536 13472 863 1680 13473 2543 5631 13474 2544 2538 13475 1472 2498 13476 1475 2499 13477 1494 2539 13478 1499 2540 13479 1480 2496 13480 1483 2497 13481 1466 41 13482 1485 41 13483 1484 41 13484 1458 2541 13485 1477 5632 13486 1482 2542 13487 1476 41 13488 1485 41 13489 1466 41 13490 1474 41 13491 1473 41 13492 1454 41 13493 1727 2544 13494 1121 3188 13495 1971 2545 13496 1480 2547 13497 1478 2563 13498 1459 2548 13499 1473 41 13500 1476 41 13501 1457 41 13502 1465 41 13503 1484 41 13504 1489 2549 13505 1468 2550 13506 1487 2564 13507 1474 41 13508 1499 2540 13509 1502 2525 13510 587 1248 13511 576 1258 13512 1491 2532 13513 1494 2539 13514 1923 2551 13515 1508 5633 13516 456 2552 13517 1509 2553 13518 1500 2712 13519 585 2554 13520 1494 2535 13521 1498 2534 13522 583 2555 13523 1505 2524 13524 1507 2533 13525 592 2556 13526 581 1399 13527 1496 2531 13528 1491 2532 13529 583 2557 13530 1498 2530 13531 1497 2529 13532 1507 2558 13533 1509 2553 13534 457 1265 13535 587 1248 13536 1502 2525 13537 1505 2524 13538 1485 41 13539 1504 41 13540 1503 41 13541 1748 2438 13542 1747 2711 13543 2465 2559 13544 1495 41 13545 1504 41 13546 1485 41 13547 1474 41 13548 1493 41 13549 1492 41 13550 1752 2199 13551 1896 2331 13552 2348 2561 13553 1499 1278 13554 1497 1277 13555 1478 2563 13556 1473 41 13557 1492 41 13558 1495 41 13559 1484 41 13560 1503 41 13561 1508 1275 13562 1487 2564 13563 1506 1274 13564 1493 41 13565 1537 1326 13566 1543 1333 13567 1542 2565 13568 1547 1337 13569 1511 1331 13570 1510 2567 13571 1528 2568 13572 1529 1335 13573 1527 1336 13574 1524 2570 13575 1525 1334 13576 1515 1327 13577 1543 1333 13578 1547 56 13579 1546 2572 13580 1520 2573 13581 2165 3945 13582 2166 2574 13583 1511 1331 13584 1533 1330 13585 1532 2575 13586 2152 2576 13587 2151 2601 13588 2153 2577 13589 1814 2579 13590 2150 3941 13591 2141 2580 13592 1926 1329 13593 1513 1328 13594 1512 2582 13595 1521 2584 13596 2166 2584 13597 2163 2584 13598 1563 2585 13599 5 2674 13600 116 40 13601 1527 2588 13602 1531 5634 13603 1537 5635 13604 1537 5635 13605 2160 2586 13606 1527 2588 13607 2139 2589 13608 2145 2675 13609 1563 2585 13610 251 2591 13611 2156 5175 13612 2162 2592 13613 1536 2594 13614 2159 3975 13615 2160 2595 13616 1545 2597 13617 1519 41 13618 627 41 13619 1544 2590 13620 1518 2635 13621 1519 41 13622 637 41 13623 1539 41 13624 1513 41 13625 1539 41 13626 1538 3971 13627 1512 2598 13628 1517 41 13629 1523 41 13630 629 41 13631 1517 41 13632 1516 41 13633 1522 2599 13634 2138 2600 13635 2137 5636 13636 2151 2601 13637 1531 2603 13638 1527 5637 13639 631 2604 13640 1550 2605 13641 2167 5638 13642 125 758 13643 1602 2606 13644 1722 5639 13645 2062 2607 13646 931 2609 13647 950 5640 13648 1960 2610 13649 1892 2612 13650 1744 2743 13651 2055 2613 13652 703 2615 13653 722 5641 13654 1948 2616 13655 91 2618 13656 684 5642 13657 1945 2619 13658 1740 2621 13659 1890 2806 13660 2117 2622 13661 635 2624 13662 1535 2638 13663 1813 2625 13664 1888 2358 13665 1736 2839 13666 2057 2627 13667 1102 2629 13668 1721 3251 13669 2019 2630 13670 1534 2632 13671 2137 3974 13672 2138 2633 13673 1519 41 13674 1517 41 13675 626 41 13676 1518 2635 13677 1516 41 13678 1517 41 13679 1523 41 13680 1541 41 13681 638 41 13682 1523 41 13683 1522 2599 13684 1540 2636 13685 630 2637 13686 1525 2639 13687 1535 2638 13688 1525 2639 13689 1524 3969 13690 1534 2640 13691 1541 41 13692 1539 41 13693 637 41 13694 1540 2636 13695 1538 3971 13696 1539 41 13697 1559 2641 13698 1562 3970 13699 263 2642 13700 1928 2644 13701 1549 5643 13702 3 2645 13703 1548 2647 13704 1557 2667 13705 87 2648 13706 1521 1332 13707 1529 1211 13708 1528 2650 13709 263 2642 13710 1562 3970 13711 1564 2651 13712 10 761 13713 1554 3977 13714 1550 2653 13715 1556 2654 13716 1555 5644 13717 17 2655 13718 1564 2657 13719 1548 2647 13720 19 2649 13721 2143 2659 13722 2136 5645 13723 2135 2660 13724 1732 2661 13725 1886 2866 13726 2115 2662 13727 1501 2664 13728 586 5646 13729 1990 2665 13730 1557 2667 13731 1815 2669 13732 1576 2668 13733 1815 2669 13734 1816 3302 13735 1575 2670 13736 1719 2671 13737 1083 3281 13738 1969 2672 13739 5 2674 13740 1563 2585 13741 2145 2675 13742 1544 2590 13743 1545 2597 13744 2140 2677 13745 1884 2678 13746 1728 2883 13747 2059 2679 13748 1727 2681 13749 2020 5647 13750 2021 2682 13751 1558 2684 13752 86 5176 13753 2136 2685 13754 1083 2687 13755 520 5648 13756 1968 2688 13757 1827 2690 13758 1614 2693 13759 1814 2691 13760 1614 2693 13761 1613 2626 13762 1813 2625 13763 1728 2694 13764 1732 5649 13765 2060 2695 13766 1064 2697 13767 1715 4572 13768 2017 2698 13769 1722 2700 13770 1881 2916 13771 2113 2701 13772 1880 2703 13773 1720 2962 13774 2086 2704 13775 1533 1330 13776 1811 2707 13777 1809 2706 13778 1811 2707 13779 1812 3080 13780 1810 2708 13781 1154 2709 13782 1159 2900 13783 2327 2710 13784 1216 1941 13785 2344 1940 13786 2465 2559 13787 1500 2712 13788 1805 5650 13789 1607 2713 13790 1607 2713 13791 1805 5650 13792 1806 2714 13793 1800 2716 13794 1799 5651 13795 1803 2717 13796 1867 2719 13797 1694 5163 13798 2748 2720 13799 996 2722 13800 2584 5652 13801 2585 2723 13802 717 2724 13803 2238 5653 13804 2240 2725 13805 945 2727 13806 2286 5352 13807 2288 2728 13808 1462 2730 13809 1797 2732 13810 1801 2731 13811 1797 2732 13812 1798 3306 13813 1802 2733 13814 1792 2734 13815 1791 5654 13816 1795 2735 13817 1718 2737 13818 1717 2752 13819 2759 2738 13820 987 2739 13821 2578 3361 13822 2582 2740 13823 1748 2438 13824 2466 2560 13825 2347 2742 13826 1744 2743 13827 2464 2760 13828 2463 2744 13829 1424 2451 13830 1789 2747 13831 1793 2746 13832 1789 2747 13833 1790 3309 13834 1794 2748 13835 1784 2749 13836 1783 5655 13837 1787 2750 13838 1717 2752 13839 1082 3373 13840 2597 2753 13841 861 1637 13842 842 1611 13843 2540 2754 13844 35 2756 13845 2223 5656 13846 2222 2757 13847 1744 2743 13848 1892 2612 13849 2340 2759 13850 1386 2761 13851 1781 2763 13852 1785 2762 13853 1781 2763 13854 1782 3313 13855 1786 2764 13856 1716 2765 13857 1878 3031 13858 2111 2766 13859 1776 2768 13860 1775 5657 13861 1779 2769 13862 1865 2771 13863 2575 4854 13864 2746 2772 13865 1196 2774 13866 1205 2473 13867 2633 2475 13868 1197 2775 13869 1743 2745 13870 2463 2744 13871 1477 2510 13872 1496 2531 13873 2397 2777 13874 1348 2779 13875 1773 2781 13876 1777 2780 13877 1773 2781 13878 1774 3316 13879 1778 2782 13880 1768 2783 13881 1767 5658 13882 1771 2784 13883 1414 2528 13884 2694 2527 13885 2690 2786 13886 1204 2788 13887 1891 1468 13888 2636 1470 13889 1240 2205 13890 1221 2178 13891 2346 2790 13892 1904 1592 13893 1316 5659 13894 2361 2792 13895 1310 2793 13896 1765 2795 13897 1769 2794 13898 1765 2795 13899 1766 3318 13900 1770 2796 13901 1760 2797 13902 1759 5660 13903 1763 2798 13904 1863 2800 13905 1686 5111 13906 2744 2801 13907 1714 2047 13908 2758 2046 13909 2757 2803 13910 1740 2621 13911 2462 2825 13912 2339 2805 13913 1059 1935 13914 1078 1955 13915 2309 2807 13916 1272 2809 13917 1757 2811 13918 1761 2810 13919 1757 2811 13920 1758 3322 13921 1762 2812 13922 1711 2813 13923 1045 4557 13924 1967 2814 13925 1752 2816 13926 1751 5661 13927 1755 2817 13928 1713 2804 13929 2757 2803 13930 2598 2819 13931 1861 2821 13932 2565 5023 13933 2742 2822 13934 1740 2621 13935 1739 2853 13936 2461 2824 13937 822 1627 13938 803 1598 13939 2258 2826 13940 1234 2187 13941 1749 2829 13942 1753 2828 13943 1749 2829 13944 1750 3326 13945 1754 2830 13946 1744 2831 13947 1743 5662 13948 1747 2832 13949 995 2741 13950 2582 2740 13951 2580 2834 13952 1357 2836 13953 1355 5663 13954 2669 2837 13955 1736 2839 13956 1888 2358 13957 2332 2360 13958 1860 2841 13959 898 5664 13960 2273 2842 13961 1215 2131 13962 1196 5609 13963 1741 2844 13964 1741 2844 13965 1742 3330 13966 1746 2846 13967 1736 2847 13968 1735 5665 13969 1739 2848 13970 1432 2468 13971 2691 5666 13972 2692 2850 13973 1431 2426 13974 1412 2404 13975 2690 2851 13976 1178 1535 13977 2336 4422 13978 2461 2824 13979 1306 2854 13980 1311 4325 13981 2359 2855 13982 1177 2076 13983 1158 5603 13984 1733 2856 13985 1733 2856 13986 1734 3333 13987 1738 2858 13988 1728 2859 13989 1727 5667 13990 1731 2860 13991 1859 2862 13992 1678 5062 13993 2740 2863 13994 1015 1890 13995 2583 5668 13996 2584 2864 13997 1732 2661 13998 2458 2929 13999 2331 2865 14000 888 2867 14001 893 4412 14002 2271 2868 14003 1120 2869 14004 1725 2871 14005 1729 2870 14006 1725 2871 14007 1726 3336 14008 1730 2872 14009 1710 2873 14010 1709 2909 14011 2755 2874 14012 711 1483 14013 2503 5669 14014 2504 2875 14015 1719 2876 14016 2018 5670 14017 1994 2877 14018 1602 2879 14019 1601 5671 14020 1721 2880 14021 1736 2839 14022 2460 2840 14023 2459 2882 14024 1728 2883 14025 1884 2678 14026 2324 2884 14027 1082 1974 14028 1717 2887 14029 1615 2886 14030 1717 2887 14031 1718 3340 14032 1616 2888 14033 1876 2889 14034 1712 3158 14035 2063 2890 14036 1712 2892 14037 1711 5672 14038 1715 2893 14039 1147 2895 14040 2622 5673 14041 2625 2896 14042 938 2897 14043 937 5674 14044 2559 2898 14045 1159 2900 14046 1735 1812 14047 2459 2882 14048 1392 2416 14049 1373 2417 14050 2378 2901 14051 1063 1929 14052 1044 5590 14053 1709 2903 14054 1709 2903 14055 1710 3342 14056 1714 2905 14057 1704 2906 14058 1703 5675 14059 1707 2907 14060 1709 2909 14061 1044 2272 14062 2587 2273 14063 1139 1964 14064 2618 1963 14065 2624 2910 14066 1920 2912 14067 1468 5676 14068 2393 2913 14069 1722 2700 14070 2454 3226 14071 2323 2915 14072 1025 1874 14073 1006 1873 14074 1701 2917 14075 1701 2917 14076 1702 3345 14077 1706 2919 14078 1696 2920 14079 1695 5677 14080 1699 2921 14081 1857 2923 14082 2555 3335 14083 2738 2924 14084 1013 1850 14085 994 1829 14086 2580 2926 14087 1732 2661 14088 1731 2965 14089 2457 2928 14090 1211 2137 14091 1230 2159 14092 2341 2930 14093 987 1824 14094 968 5583 14095 1693 2932 14096 1693 2932 14097 1694 3349 14098 1698 2934 14099 586 1397 14100 1605 1219 14101 1996 2935 14102 1688 2937 14103 1687 5678 14104 1691 2938 14105 709 1417 14106 690 178 14107 2500 2940 14108 1348 2942 14109 1357 2836 14110 2673 2838 14111 1898 2463 14112 2355 2462 14113 2354 2944 14114 746 1512 14115 727 1484 14116 2242 2946 14117 949 1771 14118 930 5580 14119 1685 2948 14120 1685 2948 14121 1686 3352 14122 1690 2950 14123 1735 2951 14124 2022 5679 14125 2023 2952 14126 1680 2954 14127 1679 5680 14128 1683 2955 14129 1855 2957 14130 1670 5021 14131 2736 2958 14132 1706 2262 14133 2754 2261 14134 2753 2960 14135 1720 2962 14136 1880 2703 14137 2316 2963 14138 1140 2279 14139 2328 4552 14140 2457 2928 14141 911 1717 14142 892 5576 14143 1677 2966 14144 1677 2966 14145 1678 3356 14146 1682 2968 14147 1720 2969 14148 1596 5681 14149 2087 2970 14150 1672 2972 14151 1671 5682 14152 1675 2973 14153 1356 2975 14154 1907 4929 14155 2676 2976 14156 1705 2961 14157 2753 2960 14158 2588 2978 14159 974 1865 14160 955 1840 14161 2290 2980 14162 1876 2889 14163 1050 5683 14164 2305 2982 14165 873 1663 14166 854 5571 14167 1669 2984 14168 1669 2984 14169 1670 3360 14170 1674 2986 14171 1664 2987 14172 1663 5684 14173 1667 2988 14174 930 2990 14175 938 2897 14176 2561 2899 14177 1853 2109 14178 2545 2108 14179 2734 2992 14180 1881 2916 14181 2323 2915 14182 2322 2994 14183 25 211 14184 2228 5685 14185 2223 2996 14186 835 1607 14187 816 5567 14188 1661 2997 14189 1661 2997 14190 1662 3362 14191 1666 2999 14192 1235 3000 14193 1254 5686 14194 1976 3001 14195 1656 3003 14196 1655 5687 14197 1659 3004 14198 1148 2911 14199 2624 2910 14200 2620 3006 14201 939 3008 14202 1863 2800 14203 2566 2802 14204 1458 3010 14205 1463 4495 14206 2391 3011 14207 793 1556 14208 812 1577 14209 2253 3013 14210 797 1550 14211 778 5561 14212 1653 3015 14213 1653 3015 14214 1654 3365 14215 1658 3017 14216 1648 3018 14217 1647 5688 14218 1651 3019 14219 1509 3021 14220 1507 5689 14221 2709 3022 14222 1851 3024 14223 1662 3049 14224 2732 3025 14225 1854 3027 14226 2267 4543 14227 2266 3028 14228 1716 2765 14229 2450 4574 14230 2315 3030 14231 759 1493 14232 740 5558 14233 1645 3032 14234 1645 3032 14235 1646 3368 14236 1650 3034 14237 1639 3035 14238 1643 5690 14239 1644 3036 14240 1702 3038 14241 1701 3051 14242 2751 3039 14243 1806 3040 14244 1805 3307 14245 2803 3041 14246 1249 3043 14247 2350 5352 14248 2352 3044 14249 1728 2883 14250 2456 2885 14251 2455 3045 14252 721 1435 14253 702 5555 14254 1637 3046 14255 1637 3046 14256 1638 3372 14257 1642 3048 14258 1662 3049 14259 1661 3314 14260 2731 3050 14261 1701 3051 14262 1006 4891 14263 2577 3052 14264 1736 3053 14265 1740 5691 14266 2058 3054 14267 1578 3056 14268 1633 5692 14269 1634 3057 14270 1818 3059 14271 1596 3062 14272 1618 3060 14273 1596 3062 14274 1595 1388 14275 1617 1389 14276 1835 3063 14277 1630 3066 14278 1632 3064 14279 1630 3066 14280 1629 1382 14281 1631 1385 14282 1834 3067 14283 1628 3068 14284 1630 3066 14285 1628 3068 14286 1627 1378 14287 1629 1382 14288 1833 3069 14289 1626 3070 14290 1628 3068 14291 1626 3070 14292 1625 1379 14293 1627 1378 14294 1831 3071 14295 1622 3074 14296 1624 3072 14297 1622 3074 14298 1621 1371 14299 1623 1374 14300 1830 3075 14301 1620 3076 14302 1622 3074 14303 1620 3076 14304 1619 1367 14305 1621 1371 14306 1829 3077 14307 1618 3078 14308 1620 3076 14309 1618 3078 14310 1617 1368 14311 1619 1367 14312 634 1314 14313 1611 3079 14314 1811 2707 14315 1611 3079 14316 1612 3086 14317 1812 3080 14318 1613 3081 14319 1631 3084 14320 672 1200 14321 1614 3083 14322 1632 3374 14323 1631 3084 14324 618 1291 14325 1603 3085 14326 1611 3079 14327 1603 3085 14328 1604 3088 14329 1612 3086 14330 602 1266 14331 1609 3095 14332 1603 3085 14333 1603 3085 14334 1609 3095 14335 1610 3087 14336 1708 3089 14337 1874 3200 14338 2109 3090 14339 1808 3092 14340 1807 5693 14341 1605 3093 14342 585 2554 14343 1607 2713 14344 1609 3095 14345 1609 3095 14346 1607 2713 14347 1608 2715 14348 1101 1231 14349 568 1212 14350 1599 3096 14351 1599 3096 14352 1600 3104 14353 1724 3098 14354 1823 3099 14355 1606 3102 14356 1626 3100 14357 1606 3102 14358 1605 1219 14359 1625 1221 14360 568 1212 14361 552 1184 14362 1597 3103 14363 1597 3103 14364 1598 3110 14365 1600 3104 14366 1601 3105 14367 1623 3108 14368 660 1344 14369 1602 3107 14370 1624 3375 14371 1623 3108 14372 552 1184 14373 536 1167 14374 1593 3109 14375 1593 3109 14376 1594 3111 14377 1598 3110 14378 536 1167 14379 519 1975 14380 1615 2886 14381 1615 2886 14382 1616 2888 14383 1594 3111 14384 1720 3112 14385 1719 5694 14386 1595 3113 14387 1565 3115 14388 1589 3118 14389 1941 3116 14390 1566 633 14391 1590 222 14392 1589 3118 14393 1581 3119 14394 1565 3115 14395 1929 3117 14396 1582 634 14397 1566 633 14398 1565 3115 14399 1589 3118 14400 1585 3122 14401 1939 3121 14402 1590 222 14403 1586 221 14404 1585 3122 14405 1940 3123 14406 1587 3126 14407 1571 3124 14408 1588 167 14409 1572 181 14410 1571 3124 14411 1932 3125 14412 1571 3124 14413 1569 3127 14414 1572 181 14415 1570 180 14416 1569 3127 14417 1936 3129 14418 1579 3132 14419 1573 3130 14420 1580 176 14421 1574 164 14422 1573 3130 14423 1040 3133 14424 1045 4557 14425 2303 3134 14426 1097 3136 14427 2318 5695 14428 2320 3137 14429 1569 3138 14430 1567 3141 14431 1930 3139 14432 1570 169 14433 1568 170 14434 1567 3141 14435 1583 3142 14436 1587 3126 14437 1940 3123 14438 1584 168 14439 1588 167 14440 1587 3126 14441 1933 3131 14442 1573 3130 14443 1581 1452 14444 1574 164 14445 1582 163 14446 1581 1452 14447 95 223 14448 1584 3147 14449 1586 3145 14450 1583 3146 14451 1585 3376 14452 1586 3145 14453 92 3148 14454 1592 3150 14455 1635 3149 14456 1592 3150 14457 1591 3377 14458 1636 3151 14459 1933 3131 14460 1937 3144 14461 127 3152 14462 1938 3143 14463 1940 3123 14464 6 3154 14465 1931 3140 14466 1930 3139 14467 30 3156 14468 1712 3158 14469 1876 2889 14470 2308 2983 14471 1936 3129 14472 1933 3131 14473 0 3153 14474 1932 3125 14475 1931 3128 14476 2 3161 14477 1940 3123 14478 1932 3125 14479 117 3162 14480 1941 3116 14481 1939 3121 14482 126 3163 14483 1937 3120 14484 1929 3117 14485 268 3165 14486 1929 3117 14487 1941 3116 14488 258 3164 14489 1088 3167 14490 1880 5696 14491 1818 3168 14492 591 3170 14493 1823 3099 14494 1833 3101 14495 1506 3172 14496 1924 5697 14497 1823 3173 14498 655 3175 14499 1829 3077 14500 1830 3075 14501 654 3176 14502 1830 3075 14503 1831 3071 14504 658 3177 14505 1831 3071 14506 1832 3073 14507 667 3179 14508 1833 3069 14509 1834 3067 14510 666 3180 14511 1834 3067 14512 1835 3063 14513 670 3181 14514 1835 3063 14515 1836 3065 14516 525 3183 14517 1818 3059 14518 1829 3061 14519 1935 3185 14520 1837 5698 14521 689 3186 14522 1121 3188 14523 1727 2544 14524 2455 3045 14525 1840 3190 14526 1842 5699 14527 727 3191 14528 831 3193 14529 2262 5700 14530 2264 3194 14531 1844 3196 14532 1846 5701 14533 765 3197 14534 1708 3089 14535 2446 4550 14536 2307 3199 14537 1848 3201 14538 1850 5702 14539 803 3202 14540 1363 2351 14541 1382 2371 14542 2373 3204 14543 1852 3206 14544 1854 5703 14545 841 3207 14546 1704 3209 14547 1872 1833 14548 2300 1835 14549 1856 3211 14550 1858 5704 14551 879 3212 14552 1914 3214 14553 2387 4321 14554 2386 3215 14555 898 3217 14556 1860 5705 14557 1862 3218 14558 1126 2067 14559 1107 2042 14560 2322 3220 14561 936 3222 14562 1864 5706 14563 1866 3223 14564 1722 2700 14565 1721 3251 14566 2453 3225 14567 974 3227 14568 1868 5707 14569 1870 3228 14570 1892 2612 14571 1202 5708 14572 2337 3230 14573 1012 3231 14574 1872 5709 14575 1874 3232 14576 717 1441 14577 736 1463 14578 2237 3234 14579 1050 3236 14580 1876 5710 14581 1878 3237 14582 1700 3239 14583 2442 4515 14584 2299 3240 14585 574 3242 14586 1821 5711 14587 1881 3243 14588 1846 3245 14589 2251 4505 14590 2250 3246 14591 1126 3248 14592 1884 5712 14593 1886 3249 14594 1102 2629 14595 2320 3137 14596 2453 3225 14597 1164 3252 14598 1888 5713 14599 1890 3253 14600 945 1777 14601 964 1798 14602 2285 3255 14603 1202 3257 14604 1892 5714 14605 1894 3258 14606 1870 3241 14607 2299 3240 14608 2298 3260 14609 1240 3262 14610 1896 5715 14611 1898 3263 14612 1720 2962 14613 2452 2964 14614 2451 3265 14615 1278 3266 14616 1900 5716 14617 1902 3267 14618 1401 3269 14619 2382 5700 14620 2384 3270 14621 1316 3272 14622 1904 5717 14623 1906 3273 14624 1696 3275 14625 1868 3911 14626 2292 3276 14627 1354 3278 14628 1908 5718 14629 1910 3279 14630 1083 3281 14631 1719 2671 14632 2451 3265 14633 1392 3283 14634 1912 5719 14635 1914 3284 14636 1192 3286 14637 1197 2775 14638 2335 2776 14639 1430 3288 14640 1916 5720 14641 1918 3289 14642 755 3291 14643 2246 5721 14644 2248 3292 14645 1468 3294 14646 1920 5722 14647 1922 3295 14648 983 3297 14649 2294 5700 14650 2296 3298 14651 640 3300 14652 1827 2690 14653 1927 2692 14654 1816 3302 14655 1928 2644 14656 1934 2646 14657 1812 3080 14658 1926 1329 14659 1925 2583 14660 1806 2714 14661 1923 2551 14662 1824 1267 14663 1299 3303 14664 2662 5723 14665 2665 3304 14666 1798 3306 14667 1919 2500 14668 1921 2502 14669 1805 3307 14670 1500 3341 14671 2707 3308 14672 1790 3309 14673 1915 2447 14674 1917 2449 14675 1090 3310 14676 1089 5724 14677 2599 3311 14678 1782 3313 14679 1911 2395 14680 1913 2397 14681 1661 3314 14682 816 5100 14683 2527 3315 14684 1774 3316 14685 1907 2341 14686 1909 2343 14687 1166 2092 14688 2621 5725 14689 2622 3317 14690 1766 3318 14691 1903 2290 14692 1905 2292 14693 786 3319 14694 785 5726 14695 2519 3320 14696 1758 3322 14697 1899 2236 14698 1901 2237 14699 1849 3323 14700 2535 4908 14701 2730 3324 14702 1750 3326 14703 1895 2183 14704 1897 2185 14705 1291 3327 14706 2658 4950 14707 2664 3328 14708 1742 3330 14709 1891 2127 14710 1893 2129 14711 1165 2052 14712 1146 2030 14713 2620 3331 14714 1734 3333 14715 1887 2072 14716 1889 2074 14717 882 3334 14718 2554 5727 14719 2555 3335 14720 1726 3336 14721 1883 2021 14722 1885 2023 14723 1847 3337 14724 1654 5161 14725 2728 3338 14726 1718 3340 14727 1879 1972 14728 1828 1168 14729 1500 3341 14730 1509 3021 14731 2713 3023 14732 1710 3342 14733 1875 1925 14734 1877 1927 14735 1698 2485 14736 2750 2484 14737 2749 3343 14738 1702 3345 14739 1871 1869 14740 1873 1871 14741 1802 3346 14742 2802 5012 14743 2801 3347 14744 1694 3349 14745 1867 1820 14746 1869 1822 14747 1658 3325 14748 2730 3324 14749 2729 3350 14750 1686 3352 14751 1863 1767 14752 1865 1769 14753 873 3353 14754 2548 5035 14755 2552 3354 14756 1678 3356 14757 1859 1713 14758 1861 1715 14759 1508 3357 14760 1923 5020 14761 2716 3358 14762 1670 3360 14763 1855 1659 14764 1857 1661 14765 1697 3344 14766 2749 3343 14767 2578 3361 14768 1662 3362 14769 1851 1603 14770 1853 1605 14771 1801 3348 14772 2801 3347 14773 2708 3363 14774 1654 3365 14775 1847 1546 14776 1849 1548 14777 1657 3351 14778 2729 3350 14779 2528 3366 14780 1646 3368 14781 1843 1489 14782 1845 1491 14783 1845 3369 14784 2525 4972 14785 2726 3370 14786 1638 3372 14787 1839 1431 14788 1841 1433 14789 1082 3373 14790 1090 3310 14791 2601 3312 14792 1612 3086 14793 1826 1316 14794 1926 1329 14795 1827 1324 14796 1836 1323 14797 1632 3374 14798 1604 3088 14799 1822 1290 14800 1826 1316 14801 1610 3087 14802 1825 1269 14803 1822 1290 14804 1608 2715 14805 1824 1267 14806 1825 1269 14807 1600 3104 14808 1820 1214 14809 1882 1230 14810 1598 3110 14811 1819 1183 14812 1820 1214 14813 1821 1198 14814 1832 1197 14815 1624 3375 14816 1594 3111 14817 1817 1170 14818 1819 1183 14819 1616 2888 14820 1828 1168 14821 1817 1170 14822 1938 162 14823 1939 161 14824 1585 3376 14825 1591 3377 14826 1942 29 14827 1838 31 14828 1969 3378 14829 1968 5728 14830 1994 3379 14831 1991 3381 14832 1990 5729 14833 1996 3382 14834 1944 3384 14835 1945 5730 14836 1997 3385 14837 1949 3387 14838 1948 5731 14839 1999 3388 14840 1951 3390 14841 1950 5732 14842 2001 3391 14843 1953 3393 14844 1952 5733 14845 2003 3394 14846 1955 3396 14847 1954 5734 14848 2005 3397 14849 1957 3399 14850 1956 5735 14851 2007 3400 14852 1959 3402 14853 1958 5736 14854 2009 3403 14855 1961 3405 14856 1960 5737 14857 2011 3406 14858 1963 3408 14859 1962 5738 14860 2013 3409 14861 1965 3411 14862 1964 5739 14863 2015 3412 14864 1967 3414 14865 1966 5740 14866 2017 3415 14867 1947 3417 14868 1946 5741 14869 2019 3418 14870 1971 3420 14871 1970 5742 14872 2021 3421 14873 1973 3423 14874 1972 5743 14875 2023 3424 14876 1975 3426 14877 1974 5744 14878 2025 3427 14879 1977 3429 14880 1976 5745 14881 2027 3430 14882 1979 3432 14883 1978 5746 14884 2029 3433 14885 1981 3435 14886 1980 5747 14887 2031 3436 14888 1983 3438 14889 1982 5748 14890 2033 3439 14891 1985 3441 14892 1984 5749 14893 2035 3442 14894 1987 3444 14895 1986 5750 14896 2037 3445 14897 1989 3447 14898 1988 5751 14899 2039 3448 14900 2140 3450 14901 2141 3459 14902 2142 3451 14903 2146 3453 14904 2147 3457 14905 2144 3454 14906 2153 2577 14907 2135 2660 14908 2148 3456 14909 2154 2578 14910 2148 3456 14911 2147 3457 14912 2150 3458 14913 2149 2602 14914 2151 2601 14915 2141 3459 14916 2150 3458 14917 2152 2576 14918 2132 3460 14919 2041 5752 14920 2042 3461 14921 2130 3463 14922 2043 5753 14923 2044 3464 14924 2128 3466 14925 2045 5754 14926 2046 3467 14927 2126 3469 14928 2047 5755 14929 2048 3470 14930 2124 3472 14931 2049 5756 14932 2050 3473 14933 2122 3475 14934 2051 5757 14935 2052 3476 14936 2120 3478 14937 2053 5758 14938 2054 3479 14939 2118 3481 14940 2055 5759 14941 2056 3482 14942 2116 3484 14943 2057 5760 14944 2058 3485 14945 2114 3487 14946 2059 5761 14947 2060 3488 14948 2089 3490 14949 2061 5762 14950 2062 3491 14951 2110 3493 14952 2063 5763 14953 2064 3494 14954 2108 3496 14955 2065 5764 14956 2066 3497 14957 2106 3499 14958 2067 5765 14959 2068 3500 14960 2104 3502 14961 2069 5766 14962 2070 3503 14963 2102 3505 14964 2071 5767 14965 2072 3506 14966 2100 3508 14967 2073 5768 14968 2074 3509 14969 2098 3511 14970 2075 5769 14971 2076 3512 14972 2077 3514 14973 2078 5770 14974 2097 3515 14975 2079 3517 14976 2080 5771 14977 2095 3518 14978 2081 3520 14979 2082 5772 14980 2093 3521 14981 1993 3523 14982 2083 5773 14983 2091 3524 14984 2134 3526 14985 2084 5774 14986 2085 3527 14987 2112 3529 14988 2086 5775 14989 2087 3530 14990 1743 2745 14991 1197 2775 14992 1975 3532 14993 1639 3534 14994 703 4386 14995 1949 3535 14996 1780 1561 14997 1910 1563 14998 2127 3537 14999 1045 3539 15000 1064 5776 15001 1966 3540 15002 1912 3542 15003 1784 1449 15004 2045 3543 15005 1216 1941 15006 1747 2711 15007 2025 3545 15008 722 2726 15009 1643 4408 15010 1999 3547 15011 1656 3549 15012 1660 5777 15013 2078 3550 15014 1788 3552 15015 1914 3214 15016 2129 3553 15017 1463 3555 15018 1482 5778 15019 1988 3556 15020 1696 3558 15021 1700 5779 15022 2068 3559 15023 1655 3561 15024 2002 5780 15025 2003 3562 15026 1800 3564 15027 1804 5781 15028 2042 3565 15029 1695 3567 15030 2012 5782 15031 2013 3568 15032 1799 3570 15033 2038 5783 15034 2039 3571 15035 1916 1564 15036 1792 4327 15037 2043 3573 15038 1751 2201 15039 1235 2305 15040 1977 3575 15041 1647 3577 15042 741 4425 15043 1951 3578 15044 1796 3580 15045 1918 4343 15046 2131 3581 15047 1920 2912 15048 1800 4354 15049 2041 3583 15050 893 3585 15051 912 5784 15052 1958 3586 15053 1880 3588 15054 2112 5785 15055 2088 3589 15056 1254 2039 15057 1755 2040 15058 2027 3591 15059 760 3293 15060 1651 4451 15061 2001 3593 15062 1648 3595 15063 1652 5786 15064 2080 3596 15065 1804 3598 15066 1922 4347 15067 2133 3599 15068 1596 3062 15069 1818 3059 15070 2088 3601 15071 1647 3603 15072 2000 5787 15073 2001 3604 15074 569 3606 15075 1102 5788 15076 1946 3607 15077 1688 3609 15078 1692 5789 15079 2070 3610 15080 1311 3612 15081 1330 5790 15082 1980 3613 15083 1792 3615 15084 1796 5791 15085 2044 3616 15086 1924 3618 15087 2134 5792 15088 2090 3619 15089 1687 3621 15090 2010 5793 15091 2011 3622 15092 1791 3624 15093 2036 5794 15094 2037 3625 15095 1924 3627 15096 1808 4371 15097 2084 3628 15098 1821 1198 15099 1602 3107 15100 2061 3630 15101 1759 1623 15102 1273 1785 15103 1979 3632 15104 1655 3634 15105 779 4464 15106 1953 3635 15107 1606 3102 15108 1823 3099 15109 2090 3637 15110 1292 1504 15111 1763 1505 15112 2029 3639 15113 1640 3641 15114 1644 5795 15115 2082 3642 15116 798 2089 15117 1659 4494 15118 2003 3644 15119 1639 3646 15120 1998 5796 15121 1999 3647 15122 1680 3649 15123 1684 5797 15124 2072 3650 15125 1784 3652 15126 1788 5798 15127 2046 3653 15128 1935 3655 15129 1992 5799 15130 2091 3656 15131 1159 3658 15132 1178 5800 15133 1972 3659 15134 1679 3661 15135 2008 5801 15136 2009 3662 15137 1783 3664 15138 2034 5802 15139 2035 3665 15140 1840 3667 15141 2092 5803 15142 2093 3668 15143 1767 3670 15144 1311 4325 15145 1981 3671 15146 1663 3673 15147 817 4508 15148 1955 3674 15149 1844 3676 15150 2094 5804 15151 2095 3677 15152 1848 3679 15153 2096 5805 15154 2097 3680 15155 1330 3682 15156 1771 4351 15157 2031 3683 15158 836 3195 15159 1667 4357 15160 2005 3685 15161 1672 3687 15162 1676 5806 15163 2074 3688 15164 1776 3690 15165 1780 5807 15166 2048 3691 15167 1852 3693 15168 2098 5808 15169 2099 3694 15170 1577 3696 15171 1634 5809 15172 2083 3697 15173 1671 3699 15174 2006 5810 15175 2007 3700 15176 779 3702 15177 798 5811 15178 1952 3703 15179 1775 3705 15180 2032 5812 15181 2033 3706 15182 1007 3708 15183 1026 5813 15184 1964 3709 15185 1578 3711 15186 1943 5814 15187 1997 3712 15188 1856 3714 15189 2100 5815 15190 2101 3715 15191 1634 3717 15192 1837 4331 15193 2091 3718 15194 1775 3720 15195 1349 4368 15196 1983 3721 15197 1671 3723 15198 855 4375 15199 1957 3724 15200 1935 3726 15201 1577 4544 15202 1993 3727 15203 1425 3729 15204 1444 5816 15205 1986 3730 15206 1860 3732 15207 2102 5817 15208 2103 3733 15209 1840 3735 15210 1640 4473 15211 2081 3736 15212 1864 3738 15213 2104 5818 15214 2105 3739 15215 1368 2519 15216 1779 4392 15217 2033 3741 15218 874 3743 15219 1675 4394 15220 2007 3744 15221 1644 3746 15222 1842 2411 15223 2093 3747 15224 1664 3749 15225 1668 5819 15226 2076 3750 15227 1768 3752 15228 1772 5820 15229 2050 3753 15230 1868 3755 15231 2106 5821 15232 2107 3756 15233 1663 3758 15234 2004 5822 15235 2005 3759 15236 1767 3761 15237 2030 5823 15238 2031 3762 15239 1844 3764 15240 1648 4503 15241 2079 3765 15242 855 3767 15243 874 5824 15244 1956 3768 15245 1872 3770 15246 2108 5825 15247 2109 3771 15248 1783 3773 15249 1387 4409 15250 1985 3774 15251 1679 3776 15252 893 4412 15253 1959 3777 15254 1652 3779 15255 1846 3245 15256 2095 3780 15257 1876 3782 15258 2110 5826 15259 2111 3783 15260 1273 3785 15261 1292 5827 15262 1978 3786 15263 1848 1730 15264 1656 4513 15265 2077 3788 15266 1821 3790 15267 2089 5828 15268 2113 3791 15269 1406 3271 15270 1787 4429 15271 2035 3793 15272 912 3795 15273 1683 4431 15274 2009 3796 15275 1660 3798 15276 1850 1883 15277 2097 3799 15278 1760 3801 15279 1764 5829 15280 2052 3802 15281 1884 3804 15282 2114 5830 15283 2115 3805 15284 1759 3807 15285 2028 5831 15286 2029 3808 15287 1852 3810 15288 1664 4336 15289 2075 3811 15290 1888 3813 15291 2116 5832 15292 2117 3814 15293 1791 3816 15294 1425 4452 15295 1987 3817 15296 1687 3819 15297 931 4454 15298 1961 3820 15299 1668 3822 15300 1854 3027 15301 2099 3823 15302 1892 3825 15303 2118 5833 15304 2119 3826 15305 1121 3828 15306 1140 5834 15307 1970 3829 15308 1856 3831 15309 1672 4377 15310 2073 3832 15311 1896 3834 15312 2120 5835 15313 2121 3835 15314 1444 3837 15315 1795 4470 15316 2037 3838 15317 950 2729 15318 1691 4472 15319 2011 3840 15320 1676 3842 15321 1858 4518 15322 2101 3843 15323 1752 3845 15324 1756 5836 15325 2054 3846 15326 1900 3848 15327 2122 5837 15328 2123 3849 15329 1808 3851 15330 1606 5838 15331 2085 3852 15332 1751 3854 15333 2026 5839 15334 2027 3855 15335 1860 2841 15336 1680 4417 15337 2071 3857 15338 1807 3859 15339 2040 5840 15340 1996 3860 15341 1904 3862 15342 2124 5841 15343 2125 3863 15344 1799 3865 15345 1463 4495 15346 1989 3866 15347 1695 3868 15348 969 4501 15349 1963 3869 15350 1684 3871 15351 1862 4380 15352 2103 3872 15353 1908 3874 15354 2126 5842 15355 2127 3875 15356 741 3877 15357 760 5843 15358 1950 3878 15359 969 3880 15360 988 5844 15361 1962 3881 15362 1864 3883 15363 1688 4458 15364 2069 3884 15365 1912 3886 15366 2128 5845 15367 2129 3887 15368 1482 3889 15369 1803 4510 15370 2039 3890 15371 988 3299 15372 1699 4512 15373 2013 3892 15374 520 1342 15375 1595 1388 15376 1994 3894 15377 1692 3896 15378 1866 2514 15379 2105 3897 15380 1387 3899 15381 1406 5846 15382 1984 3900 15383 1744 3902 15384 1748 5847 15385 2056 3903 15386 1916 3905 15387 2130 5848 15388 2131 3906 15389 1743 3908 15390 2024 5849 15391 2025 3909 15392 1868 3911 15393 1696 3275 15394 2067 3912 15395 1920 3914 15396 2132 5850 15397 2133 3915 15398 1807 3917 15399 1501 4529 15400 1991 3918 15401 1703 3920 15402 1007 4531 15403 1965 3921 15404 1700 3239 15405 1870 3241 15406 2107 3923 15407 1601 3105 15408 569 3106 15409 1947 3925 15410 1872 1833 15411 1704 3209 15412 2065 3927 15413 1578 3929 15414 91 4362 15415 1944 3930 15416 817 3932 15417 836 5851 15418 1954 3933 15419 1026 3935 15420 1707 4547 15421 2015 3936 15422 1535 3938 15423 2138 5852 15424 2149 3939 15425 1814 2579 15426 1813 3940 15427 2149 3939 15428 1532 2575 15429 1809 2706 15430 1815 2669 15431 1544 2590 15432 1563 2585 15433 1551 42 15434 1927 2581 15435 2141 2580 15436 2140 3942 15437 1520 2573 15438 1552 3973 15439 2168 3944 15440 2158 3946 15441 2160 56 15442 2159 3947 15443 2161 3949 15444 2162 3972 15445 2156 3950 15446 257 23 15447 81 35 15448 2812 3952 15449 125 3954 15450 2167 3976 15451 2168 3955 15452 1555 3957 15453 2161 5853 15454 2155 3958 15455 2164 3960 15456 2163 5854 15457 2166 3961 15458 1527 3963 15459 2158 5855 15460 2157 3964 15461 1515 3966 15462 2163 3966 15463 2164 3967 15464 11 5856 15465 88 5856 15466 2168 5856 15467 2164 3967 15468 2167 5638 15469 1550 2605 15470 1524 3969 15471 1554 32 15472 1558 34 15473 1925 2583 15474 1928 2644 15475 1816 3302 15476 1810 2708 15477 1816 3302 15478 1815 2669 15479 1546 2572 15480 1564 2651 15481 1562 3970 15482 1538 3971 15483 1560 24 15484 1549 928 15485 2157 3948 15486 2159 3947 15487 2162 3972 15488 1540 2636 15489 1561 25 15490 1560 24 15491 1528 2650 15492 1556 5857 15493 1552 3973 15494 1516 41 15495 1530 41 15496 1553 36 15497 2139 3452 15498 2142 3451 15499 2146 3453 15500 2137 3974 15501 1534 2632 15502 1558 2684 15503 1510 2567 15504 1532 2575 15505 1557 2667 15506 1536 2566 15507 1542 2565 15508 1562 3970 15509 1536 2594 15510 1559 2593 15511 2162 2592 15512 1512 2582 15513 1549 5643 15514 1928 2644 15515 2165 3962 15516 2168 3955 15517 2167 3976 15518 2142 3451 15519 2152 2576 15520 2154 2578 15521 1510 2567 15522 1548 2647 15523 1564 2657 15524 1516 41 15525 1518 2635 15526 1551 42 15527 1526 2569 15528 1555 5644 15529 1556 2654 15530 2157 3964 15531 2161 5853 15532 1555 3957 15533 1522 2599 15534 1553 36 15535 1561 25 15536 2151 2601 15537 2137 5636 15538 2143 2659 15539 1514 2571 15540 1550 2653 15541 1554 3977 15542 1552 3978 15543 1556 3978 15544 16 3978 15545 459 3979 15546 2172 1364 15547 2169 1364 15548 459 1120 15549 455 1128 15550 2171 3980 15551 454 3981 15552 2170 1353 15553 2171 1355 15554 458 1126 15555 2169 932 15556 2170 934 15557 2175 56 15558 2174 3986 15559 2178 3982 15560 646 3984 15561 2173 3994 15562 2174 3985 15563 648 1360 15564 647 1359 15565 2174 3986 15566 648 1365 15567 2175 3991 15568 2176 3987 15569 2180 3988 15570 2184 4007 15571 2181 3989 15572 2175 3991 15573 2179 4001 15574 2180 3992 15575 2176 3993 15576 2180 3988 15577 2177 3990 15578 2173 3994 15579 2177 3998 15580 2178 3995 15581 2183 3996 15582 2182 4000 15583 2186 56 15584 2177 3998 15585 2181 4009 15586 2182 3999 15587 2179 3983 15588 2178 3982 15589 2182 4000 15590 2179 4001 15591 2183 4006 15592 2184 4002 15593 2187 4003 15594 2191 4025 15595 2192 4004 15596 2183 4006 15597 2187 4003 15598 2188 4005 15599 2184 4007 15600 2188 4014 15601 2185 4008 15602 2181 4009 15603 2185 4015 15604 2186 4010 15605 2192 4011 15606 2196 4031 15607 2193 4012 15608 2188 4014 15609 2192 4011 15610 2189 4013 15611 2185 4015 15612 2189 4022 15613 2190 4016 15614 2187 3997 15615 2186 56 15616 2190 4017 15617 2195 4019 15618 2194 4024 15619 2198 4020 15620 2189 4022 15621 2193 4032 15622 2194 4023 15623 2191 4018 15624 2190 4017 15625 2194 4024 15626 2191 4025 15627 2195 4029 15628 2196 4026 15629 2200 4027 15630 2204 4034 15631 2201 41 15632 2195 4029 15633 2199 4039 15634 2200 4030 15635 2196 4031 15636 2200 4027 15637 2197 4028 15638 2193 4032 15639 2197 4036 15640 2198 4033 15641 2204 4034 15642 2208 4053 15643 2205 4035 15644 2197 4036 15645 2201 4043 15646 2202 4037 15647 2199 4021 15648 2198 4020 15649 2202 56 15650 2199 4039 15651 2203 4046 15652 2204 4040 15653 2207 4041 15654 2206 4045 15655 2210 4042 15656 2201 4043 15657 2205 4054 15658 2206 4044 15659 2203 4038 15660 2202 56 15661 2206 4045 15662 2203 4046 15663 2207 4051 15664 2208 4047 15665 2209 4048 15666 2212 41 15667 2216 4049 15668 2207 4051 15669 2211 4060 15670 2212 4052 15671 2208 4053 15672 2212 41 15673 2209 4048 15674 2205 4054 15675 2209 4057 15676 2210 4055 15677 2213 4050 15678 2216 4049 15679 2220 4056 15680 2209 4057 15681 2213 4064 15682 2214 4058 15683 2210 4042 15684 2214 4066 15685 2215 4059 15686 2211 4060 15687 2215 4067 15688 2216 4061 15689 2219 4062 15690 2218 4063 15691 2217 4062 15692 2213 4064 15693 2217 5858 15694 2218 4065 15695 2214 4066 15696 2218 56 15697 2219 56 15698 2215 4067 15699 2219 5859 15700 2220 4068 15701 2223 4069 15702 2228 5860 15703 2227 4070 15704 2221 4072 15705 2222 4071 15706 2227 4070 15707 2230 4074 15708 2229 5861 15709 2231 4075 15710 2232 4076 15711 2231 4075 15712 2411 4077 15713 2238 4079 15714 2237 5862 15715 2239 4080 15716 2240 4081 15717 2239 4080 15718 2415 4082 15719 2246 4084 15720 2245 5863 15721 2247 4085 15722 2248 4086 15723 2247 4085 15724 2419 4087 15725 2254 4089 15726 2253 5864 15727 2255 4090 15728 2256 4091 15729 2255 4090 15730 2423 4092 15731 2262 4094 15732 2261 5865 15733 2263 4095 15734 2264 4096 15735 2263 4095 15736 2427 4097 15737 2270 4099 15738 2269 5866 15739 2271 4100 15740 2272 4101 15741 2271 4100 15742 2431 4102 15743 2278 4104 15744 2277 5867 15745 2279 4105 15746 2280 4106 15747 2279 4105 15748 2435 4107 15749 2286 4109 15750 2285 5868 15751 2287 4110 15752 2288 4111 15753 2287 4110 15754 2439 4112 15755 2294 4114 15756 2293 5869 15757 2295 4115 15758 2296 4116 15759 2295 4115 15760 2443 4117 15761 2302 4119 15762 2301 5870 15763 2303 4120 15764 2304 4121 15765 2303 4120 15766 2447 4122 15767 2310 1913 15768 2309 5870 15769 2311 4124 15770 2312 4125 15771 2311 4124 15772 2451 4126 15773 2318 4128 15774 2317 5871 15775 2319 4129 15776 2320 4130 15777 2319 4129 15778 2455 4131 15779 2326 4133 15780 2325 5872 15781 2327 4134 15782 2328 4135 15783 2327 4134 15784 2459 4136 15785 2334 4138 15786 2333 5873 15787 2335 4139 15788 2336 4140 15789 2335 4139 15790 2463 4141 15791 2342 4143 15792 2341 5874 15793 2343 4144 15794 2344 4145 15795 2343 4144 15796 2467 4146 15797 2350 4148 15798 2349 5875 15799 2351 4149 15800 2352 4150 15801 2351 4149 15802 2471 4151 15803 2358 4153 15804 2357 5876 15805 2359 4154 15806 2360 4155 15807 2359 4154 15808 2475 4156 15809 2366 4158 15810 2365 5877 15811 2367 4159 15812 2368 4160 15813 2367 4159 15814 2479 4161 15815 2374 4163 15816 2373 5878 15817 2375 4164 15818 2376 4165 15819 2375 4164 15820 2483 4166 15821 2382 4168 15822 2381 5879 15823 2383 4169 15824 2384 4170 15825 2383 4169 15826 2487 4171 15827 2390 4173 15828 2389 5880 15829 2391 4174 15830 2392 4175 15831 2391 4174 15832 2491 4176 15833 2398 4178 15834 2397 5881 15835 2399 4179 15836 2400 4180 15837 2399 4179 15838 2495 4181 15839 2403 4183 15840 2494 4186 15841 2496 4184 15842 2494 4186 15843 2493 4182 15844 2495 4181 15845 2395 4187 15846 2490 4190 15847 2492 4188 15848 2490 4190 15849 2489 4177 15850 2491 4176 15851 2387 4191 15852 2486 4194 15853 2488 4192 15854 2486 4194 15855 2485 4172 15856 2487 4171 15857 2379 4195 15858 2482 4198 15859 2484 4196 15860 2482 4198 15861 2481 4167 15862 2483 4166 15863 2371 4199 15864 2478 4202 15865 2480 4200 15866 2478 4202 15867 2477 4162 15868 2479 4161 15869 2363 4203 15870 2474 4206 15871 2476 4204 15872 2474 4206 15873 2473 4157 15874 2475 4156 15875 2355 4207 15876 2470 4210 15877 2472 4208 15878 2470 4210 15879 2469 4152 15880 2471 4151 15881 2347 4211 15882 2466 4214 15883 2468 4212 15884 2466 4214 15885 2465 4147 15886 2467 4146 15887 2339 4215 15888 2462 4218 15889 2464 4216 15890 2462 4218 15891 2461 4142 15892 2463 4141 15893 2331 4219 15894 2458 4222 15895 2460 4220 15896 2458 4222 15897 2457 4137 15898 2459 4136 15899 2323 4223 15900 2454 4226 15901 2456 4224 15902 2454 4226 15903 2453 4132 15904 2455 4131 15905 2315 4227 15906 2450 4230 15907 2452 4228 15908 2450 4230 15909 2449 4127 15910 2451 4126 15911 2307 4231 15912 2446 4234 15913 2448 4232 15914 2446 4234 15915 2445 4123 15916 2447 4122 15917 2299 4235 15918 2442 4238 15919 2444 4236 15920 2442 4238 15921 2441 4118 15922 2443 4117 15923 2291 4239 15924 2438 4242 15925 2440 4240 15926 2438 4242 15927 2437 4113 15928 2439 4112 15929 2283 4243 15930 2434 4246 15931 2436 4244 15932 2434 4246 15933 2433 4108 15934 2435 4107 15935 2275 4247 15936 2430 4250 15937 2432 4248 15938 2430 4250 15939 2429 4103 15940 2431 4102 15941 2426 4251 15942 2428 4254 15943 2268 4252 15944 2426 4251 15945 2425 4098 15946 2427 4097 15947 2422 4255 15948 2424 4258 15949 2260 4256 15950 2422 4255 15951 2421 4093 15952 2423 4092 15953 2418 4259 15954 2420 4262 15955 2252 4260 15956 2418 4259 15957 2417 4088 15958 2419 4087 15959 2414 4263 15960 2416 4266 15961 2244 4264 15962 2414 4263 15963 2413 4083 15964 2415 4082 15965 2410 4267 15966 2412 4270 15967 2236 4268 15968 2410 4267 15969 2409 4078 15970 2411 4077 15971 2406 4271 15972 2408 4274 15973 2407 4272 15974 2221 4072 15975 2226 4073 15976 2408 4274 15977 2405 4273 15978 2407 4272 15979 2224 4275 15980 2235 4269 15981 2236 4268 15982 2233 4277 15983 2242 4279 15984 2243 4265 15985 2244 4264 15986 2250 4281 15987 2251 4261 15988 2252 4260 15989 2258 4283 15990 2259 4257 15991 2260 4256 15992 2266 4285 15993 2267 4253 15994 2268 4252 15995 2274 4287 15996 2275 4247 15997 2276 4249 15998 2282 4289 15999 2283 4243 16000 2284 4245 16001 2291 4239 16002 2292 4241 16003 2289 4291 16004 2298 4293 16005 2299 4235 16006 2300 4237 16007 2306 4295 16008 2307 4231 16009 2308 4233 16010 2314 4297 16011 2315 4227 16012 2316 4229 16013 2322 4299 16014 2323 4223 16015 2324 4225 16016 2330 4301 16017 2331 4219 16018 2332 4221 16019 2338 4303 16020 2339 4215 16021 2340 4217 16022 2346 4305 16023 2347 4211 16024 2348 4213 16025 2354 4307 16026 2355 4207 16027 2356 4209 16028 2362 4309 16029 2363 4203 16030 2364 4205 16031 2370 4311 16032 2371 4199 16033 2372 4201 16034 2378 4313 16035 2379 4195 16036 2380 4197 16037 2386 4315 16038 2387 4191 16039 2388 4193 16040 2394 4317 16041 2395 4187 16042 2396 4189 16043 2402 4319 16044 2403 4183 16045 2404 4185 16046 1788 3552 16047 2486 4437 16048 2387 4321 16049 1059 4322 16050 2310 5882 16051 2312 4323 16052 1268 4324 16053 1273 1785 16054 2351 1786 16055 1311 4325 16056 1767 3670 16057 2475 4326 16058 1792 4327 16059 1916 1564 16060 2388 1566 16061 1856 3831 16062 860 5883 16063 2265 4329 16064 1837 4331 16065 2235 4459 16066 2234 4332 16067 1477 4334 16068 2398 4366 16069 2400 4335 16070 1768 2036 16071 2476 2038 16072 2475 4326 16073 1664 4336 16074 2424 4535 16075 2423 4337 16076 1878 3031 16077 2315 3030 16078 2314 4338 16079 1021 1879 16080 1040 1898 16081 2301 4340 16082 1796 3580 16083 2490 4479 16084 2395 4342 16085 1900 1914 16086 1278 5884 16087 2353 4344 16088 1202 2150 16089 1183 2151 16090 2338 4345 16091 1922 4347 16092 2403 4364 16093 2402 4348 16094 1330 3682 16095 2368 4379 16096 2477 4350 16097 1439 2457 16098 1458 2478 16099 2389 4352 16100 1800 4354 16101 1920 2912 16102 2396 2914 16103 836 3195 16104 2264 3194 16105 2425 4356 16106 1772 1477 16107 1771 4351 16108 2477 4350 16109 1668 3822 16110 1667 4357 16111 2425 4356 16112 684 50 16113 2232 49 16114 2409 4360 16115 91 4362 16116 1578 3929 16117 2226 4363 16118 1804 3598 16119 2494 4514 16120 2403 4364 16121 1633 4361 16122 2409 4360 16123 2410 4365 16124 907 4366 16125 2278 4366 16126 2280 4367 16127 1349 4368 16128 1775 3720 16129 2479 4369 16130 1808 4371 16131 1924 3627 16132 2404 4372 16133 1116 4374 16134 1121 3188 16135 2319 3189 16136 855 4375 16137 1671 3723 16138 2427 4376 16139 1776 1727 16140 2480 1729 16141 2479 4369 16142 1672 4377 16143 2428 4548 16144 2427 4376 16145 1325 4378 16146 2366 5700 16147 2368 4379 16148 1862 4380 16149 2283 4567 16150 2282 4381 16151 869 1669 16152 888 1688 16153 2269 4383 16154 1884 2678 16155 1126 5885 16156 2321 4385 16157 703 4386 16158 1639 3534 16159 2411 4387 16160 1050 1971 16161 1031 1948 16162 2306 4389 16163 1368 2519 16164 2376 2518 16165 2481 4391 16166 874 3743 16167 2272 4507 16168 2429 4393 16169 1639 3534 16170 1640 4473 16171 2412 4395 16172 1906 1887 16173 2371 1886 16174 2370 4396 16175 1287 2244 16176 1306 2265 16177 2357 4398 16178 1780 1561 16179 1779 4392 16180 2481 4391 16181 1676 3842 16182 1675 4394 16183 2429 4393 16184 1468 2550 16185 1449 2523 16186 2394 4402 16187 1930 4404 16188 2405 4467 16189 2225 4405 16190 722 2726 16191 2240 2725 16192 2413 4407 16193 1387 4409 16194 1783 3773 16195 2483 4410 16196 893 4412 16197 1679 3776 16198 2431 4413 16199 1643 4408 16200 2413 4407 16201 2414 4414 16202 964 4415 16203 969 4501 16204 2287 4416 16205 1784 1449 16206 2484 1451 16207 2483 4410 16208 1680 4417 16209 2432 4559 16210 2431 4413 16211 736 4418 16212 741 4425 16213 2239 4419 16214 1173 4421 16215 2334 5886 16216 2336 4422 16217 1382 4423 16218 1387 4409 16219 2375 4411 16220 741 4425 16221 1647 3577 16222 2415 4426 16223 1868 3911 16224 974 5887 16225 2289 4427 16226 1406 3271 16227 2384 3270 16228 2485 4428 16229 912 3795 16230 2280 4367 16231 2433 4430 16232 1844 3764 16233 746 5888 16234 2241 4432 16235 898 1762 16236 879 1709 16237 2274 4434 16238 1647 3577 16239 1648 4503 16240 2416 4436 16241 1788 3552 16242 1787 4429 16243 2485 4428 16244 1890 2806 16245 2339 2805 16246 2338 4438 16247 1935 3726 16248 20 5889 16249 2224 4440 16250 1684 3871 16251 1683 4431 16252 2433 4430 16253 1135 2031 16254 1154 2050 16255 2325 4443 16256 1912 3542 16257 1392 5890 16258 2377 4445 16259 1316 2310 16260 1297 2285 16261 2362 4446 16262 93 2758 16263 2222 2757 16264 2221 4448 16265 760 3293 16266 2248 3292 16267 2417 4450 16268 1425 4452 16269 1791 3816 16270 2487 4453 16271 931 4454 16272 1687 3819 16273 2435 4455 16274 1651 4451 16275 2417 4450 16276 2418 4457 16277 1792 4327 16278 2488 4328 16279 2487 4453 16280 1688 4458 16281 2436 4573 16282 2435 4455 16283 1634 3717 16284 2410 4365 16285 2235 4459 16286 812 4460 16287 817 4508 16288 2255 4461 16289 1021 4462 16290 2302 5653 16291 2304 4463 16292 779 4464 16293 1655 3634 16294 2419 4465 16295 1567 4466 16296 2406 4478 16297 2405 4467 16298 1230 4468 16299 1235 2305 16300 2343 2306 16301 1444 3837 16302 2392 4481 16303 2489 4469 16304 950 2729 16305 2288 2728 16306 2437 4471 16307 1640 4473 16308 1840 3735 16309 2236 4474 16310 1655 3634 16311 1656 4513 16312 2420 4475 16313 1852 3810 16314 822 5891 16315 2257 4476 16316 1568 4449 16317 2221 4448 16318 2406 4478 16319 1796 3580 16320 1795 4470 16321 2489 4469 16322 1439 4480 16323 2390 5700 16324 2392 4481 16325 1692 3896 16326 1691 4472 16327 2437 4471 16328 1874 3200 16329 2307 3199 16330 2306 4483 16331 983 1830 16332 1002 1848 16333 2293 4485 16334 755 1499 16335 774 1519 16336 2245 4487 16337 1644 3746 16338 2414 4414 16339 2243 4489 16340 1896 2331 16341 1240 5892 16342 2345 4490 16343 1164 2093 16344 1145 2094 16345 2330 4491 16346 798 2089 16347 2256 2088 16348 2421 4493 16349 1463 4495 16350 1799 3865 16351 2491 4496 16352 1918 4343 16353 2395 4342 16354 2394 4497 16355 1401 2405 16356 1420 2424 16357 2381 4499 16358 969 4501 16359 1695 3868 16360 2439 4502 16361 1648 4503 16362 1844 3764 16363 2244 4433 16364 1660 3798 16365 1659 4494 16366 2421 4493 16367 1800 4354 16368 2492 4355 16369 2491 4496 16370 1696 3275 16371 2440 3277 16372 2439 4502 16373 1652 3779 16374 2418 4457 16375 2251 4505 16376 869 4506 16377 2270 5700 16378 2272 4507 16379 817 4508 16380 1663 3673 16381 2423 4337 16382 1482 3889 16383 2400 4335 16384 2493 4509 16385 988 3299 16386 2296 3298 16387 2441 4511 16388 1656 4513 16389 1848 1730 16390 2252 1732 16391 1078 4324 16392 1083 3281 16393 2311 3282 16394 1804 3598 16395 1803 4510 16396 2493 4509 16397 1700 3239 16398 1699 4512 16399 2441 4511 16400 1287 4516 16401 2358 5893 16402 2360 4517 16403 1858 4518 16404 2275 4553 16405 2274 4519 16406 1660 3798 16407 2422 4504 16408 2259 4521 16409 831 1613 16410 850 1635 16411 2261 4522 16412 1496 4524 16413 1501 4529 16414 2399 4525 16415 1880 2703 16416 1088 5894 16417 2313 4526 16418 1012 1920 16419 993 1864 16420 2298 4527 16421 1501 4529 16422 1807 3917 16423 2495 4530 16424 1007 4531 16425 1703 3920 16426 2443 4532 16427 784 1570 16428 765 1541 16429 2250 4533 16430 1664 4336 16431 1852 3810 16432 2260 4477 16433 1902 2146 16434 2363 2145 16435 2362 4536 16436 1249 2193 16437 1268 2213 16438 2349 4538 16439 1808 4371 16440 2496 4373 16441 2495 4530 16442 1704 3209 16443 2444 3210 16444 2443 4532 16445 1924 3627 16446 1506 5895 16447 2401 4540 16448 1430 2469 16449 1411 2470 16450 2386 4541 16451 1668 3822 16452 2426 4359 16453 2267 4543 16454 1577 4544 16455 1935 3726 16456 2407 4441 16457 1026 3935 16458 2304 4463 16459 2445 4546 16460 1672 4377 16461 1856 3831 16462 2268 4330 16463 1578 3929 16464 1577 4544 16465 2408 4545 16466 926 4549 16467 931 4454 16468 2279 4456 16469 1708 3089 16470 1707 4547 16471 2445 4546 16472 698 4418 16473 703 4386 16474 2231 4388 16475 1135 4551 16476 2326 5886 16477 2328 4552 16478 1676 3842 16479 2430 4401 16480 2275 4553 16481 1344 4554 16482 1349 4368 16483 2367 4370 16484 1864 3883 16485 936 5896 16486 2281 4555 16487 1045 4557 16488 1711 2813 16489 2447 4558 16490 1680 4417 16491 1860 2841 16492 2276 2843 16493 860 1681 16494 841 1655 16495 2266 4560 16496 1840 3735 16497 708 5897 16498 2233 4562 16499 1886 2866 16500 2331 2865 16501 2330 4563 16502 1712 3158 16503 2448 3159 16504 2447 4558 16505 1097 1237 16506 1116 2005 16507 2317 4565 16508 1684 3871 16509 2434 4442 16510 2283 4567 16511 1908 1163 16512 1354 5898 16513 2369 4568 16514 1278 2257 16515 1259 2231 16516 2354 4569 16517 1064 2697 16518 2312 4323 16519 2449 4571 16520 1688 4458 16521 1864 3883 16522 2284 4556 16523 1716 2765 16524 1715 4572 16525 2449 4571 16526 1692 3896 16527 2438 4482 16528 2291 4575 16529 2500 4576 16530 2502 4579 16531 2501 4577 16532 2502 4579 16533 2498 5899 16534 2497 4580 16535 2505 4581 16536 2504 5900 16537 2503 4582 16538 2510 4584 16539 2512 4587 16540 2511 4585 16541 2512 4587 16542 2508 5901 16543 2507 4588 16544 2515 4589 16545 2514 5902 16546 2513 4590 16547 2520 4592 16548 2522 5903 16549 2521 4593 16550 2521 4593 16551 2522 5903 16552 2518 4595 16553 2525 4597 16554 2524 5904 16555 2523 4598 16556 2530 4600 16557 2532 5905 16558 2531 4601 16559 2531 4601 16560 2532 5905 16561 2528 4603 16562 2536 4605 16563 2535 5906 16564 2534 4606 16565 2540 4608 16566 2542 4611 16567 2541 4609 16568 2542 4611 16569 2538 5907 16570 2537 4612 16571 2545 4613 16572 2544 5908 16573 2543 4614 16574 2550 4616 16575 2552 5909 16576 2551 4617 16577 2551 4617 16578 2552 5909 16579 2548 4619 16580 2556 4621 16581 2555 5910 16582 2554 4622 16583 2560 4624 16584 2562 4627 16585 2561 4625 16586 2562 4627 16587 2558 5911 16588 2557 4628 16589 2566 4629 16590 2565 5912 16591 2564 4630 16592 2570 4632 16593 2572 4635 16594 2571 4633 16595 2572 4635 16596 2568 5913 16597 2567 4636 16598 2576 4637 16599 2575 5914 16600 2574 4638 16601 2580 4640 16602 2582 4643 16603 2581 4641 16604 2582 4643 16605 2578 5915 16606 2577 4644 16607 2585 4645 16608 2584 5916 16609 2583 4646 16610 2590 4648 16611 2592 4651 16612 2591 4649 16613 2592 4651 16614 2588 5917 16615 2587 4652 16616 2596 4653 16617 2595 5918 16618 2594 4654 16619 2600 4656 16620 2602 5919 16621 2601 4657 16622 2601 4657 16623 2602 5919 16624 2598 4659 16625 2605 4661 16626 2604 5920 16627 2603 4662 16628 2610 4664 16629 2614 4667 16630 2613 4665 16631 2614 4667 16632 2608 4784 16633 2607 4668 16634 2616 4669 16635 2615 5921 16636 2612 4670 16637 2620 4672 16638 2624 4675 16639 2623 4673 16640 2624 4675 16641 2618 5922 16642 2617 4676 16643 2625 4677 16644 2622 5923 16645 2621 4678 16646 2630 4680 16647 2634 4683 16648 2633 4681 16649 2634 4683 16650 2628 5924 16651 2627 4684 16652 2635 4685 16653 2632 5925 16654 2631 4686 16655 2640 4688 16656 2644 4691 16657 2643 4689 16658 2644 4691 16659 2638 5926 16660 2637 4692 16661 2645 4693 16662 2642 5927 16663 2641 4694 16664 2650 4696 16665 2654 5928 16666 2653 4697 16667 2653 4697 16668 2654 5928 16669 2648 4699 16670 2656 4701 16671 2655 5929 16672 2652 4702 16673 2660 4704 16674 2664 5930 16675 2663 4705 16676 2663 4705 16677 2664 5930 16678 2658 4707 16679 2665 4709 16680 2662 5931 16681 2661 4710 16682 2670 4712 16683 2674 5932 16684 2673 4713 16685 2673 4713 16686 2674 5932 16687 2668 4715 16688 2675 4717 16689 2672 5933 16690 2671 4718 16691 2680 4720 16692 2684 5934 16693 2683 4721 16694 2683 4721 16695 2684 5934 16696 2678 4723 16697 2686 4725 16698 2685 4826 16699 2682 4726 16700 2690 4728 16701 2694 4731 16702 2693 4729 16703 2694 4731 16704 2688 4759 16705 2687 4732 16706 2696 4733 16707 2695 5935 16708 2692 4734 16709 2700 4736 16710 2704 5936 16711 2703 4737 16712 2703 4737 16713 2704 5936 16714 2698 4739 16715 2706 4741 16716 2705 4824 16717 2702 4742 16718 2710 4744 16719 2714 4747 16720 2713 4745 16721 2714 4747 16722 2708 4752 16723 2707 4748 16724 2716 4749 16725 2715 5937 16726 2712 4750 16727 2708 4752 16728 2801 5938 16729 2803 4753 16730 2803 4753 16731 2801 5938 16732 2802 4754 16733 2698 4739 16734 2797 4757 16735 2799 4756 16736 2797 4757 16737 2798 5939 16738 2800 4758 16739 2688 4759 16740 2793 4761 16741 2795 4760 16742 2793 4761 16743 2794 4825 16744 2796 4762 16745 2678 4723 16746 2789 4764 16747 2791 4763 16748 2789 4764 16749 2790 5940 16750 2792 4765 16751 2668 4715 16752 2785 4767 16753 2787 4766 16754 2785 4767 16755 2786 4827 16756 2788 4768 16757 2657 4708 16758 2658 4707 16759 2781 4769 16760 2781 4769 16761 2782 4828 16762 2784 4771 16763 2648 4699 16764 2777 4773 16765 2779 4772 16766 2777 4773 16767 2778 4829 16768 2780 4774 16769 2637 4692 16770 2638 5926 16771 2773 4775 16772 2773 4775 16773 2774 4830 16774 2776 4777 16775 2627 4684 16776 2628 5924 16777 2769 4778 16778 2769 4778 16779 2770 4831 16780 2772 4780 16781 2617 4676 16782 2618 5922 16783 2765 4781 16784 2765 4781 16785 2766 5941 16786 2768 4783 16787 2608 4784 16788 2761 4786 16789 2763 4785 16790 2761 4786 16791 2762 4832 16792 2764 4787 16793 2597 4660 16794 2598 4659 16795 2757 4788 16796 2757 4788 16797 2758 4833 16798 2760 4790 16799 2587 4652 16800 2588 5917 16801 2753 4791 16802 2755 4792 16803 2753 4791 16804 2754 4793 16805 2577 4644 16806 2578 5915 16807 2749 4795 16808 2749 4795 16809 2750 4834 16810 2752 4797 16811 2567 4636 16812 2568 5913 16813 2745 4798 16814 2747 4799 16815 2745 4798 16816 2746 4800 16817 2557 4628 16818 2558 5911 16819 2741 4802 16820 2743 4803 16821 2741 4802 16822 2742 4804 16823 2547 4620 16824 2548 4619 16825 2737 4806 16826 2737 4806 16827 2738 4835 16828 2740 4808 16829 2537 4612 16830 2538 5907 16831 2733 4809 16832 2733 4809 16833 2734 4836 16834 2736 4811 16835 2527 4604 16836 2528 4603 16837 2729 4812 16838 2729 4812 16839 2730 4837 16840 2732 4814 16841 2517 4596 16842 2518 4595 16843 2725 4815 16844 2725 4815 16845 2726 4838 16846 2728 4817 16847 2507 4588 16848 2508 5901 16849 2721 4818 16850 2721 4818 16851 2722 4839 16852 2724 4820 16853 2497 4580 16854 2498 5899 16855 2717 4821 16856 2717 4821 16857 2718 4840 16858 2720 4823 16859 2802 4754 16860 2715 5937 16861 2716 4749 16862 2800 4758 16863 2798 5939 16864 2705 4824 16865 2794 4825 16866 2695 5935 16867 2696 4733 16868 2792 4765 16869 2790 5940 16870 2685 4826 16871 2786 4827 16872 2675 4717 16873 2676 4719 16874 2782 4828 16875 2665 4709 16876 2666 4711 16877 2778 4829 16878 2655 5929 16879 2656 4701 16880 2774 4830 16881 2645 4693 16882 2646 4695 16883 2770 4831 16884 2635 4685 16885 2636 4687 16886 2768 4783 16887 2766 5941 16888 2625 4677 16889 2762 4832 16890 2615 5921 16891 2616 4669 16892 2758 4833 16893 2605 4661 16894 2606 4663 16895 2754 4793 16896 2595 5918 16897 2596 4653 16898 2750 4834 16899 2585 4645 16900 2586 4647 16901 2746 4800 16902 2575 5914 16903 2576 4637 16904 2742 4804 16905 2565 5912 16906 2566 4629 16907 2738 4835 16908 2555 5910 16909 2556 4621 16910 2734 4836 16911 2545 4613 16912 2546 4615 16913 2730 4837 16914 2535 5906 16915 2536 4605 16916 2726 4838 16917 2525 4597 16918 2526 4599 16919 2722 4839 16920 2515 4589 16921 2516 4591 16922 2718 4840 16923 2505 4581 16924 2506 4583 16925 823 1579 16926 804 1554 16927 2530 4841 16928 1745 4843 16929 2773 4849 16930 2638 4844 16931 949 4846 16932 2568 5129 16933 2572 4847 16934 1101 2325 16935 2608 2324 16936 2614 4848 16937 1746 1413 16938 2774 1412 16939 2773 4849 16940 1895 4850 16941 1750 4876 16942 2776 4851 16943 958 4853 16944 2574 5942 16945 2575 4854 16946 1109 4855 16947 2612 5943 16948 2615 4856 16949 825 1626 16950 2533 5944 16951 2534 4857 16952 1241 2161 16953 1222 2135 16954 2640 4858 16955 1367 4860 16956 2678 5033 16957 2684 4861 16958 1897 1962 16959 2655 1961 16960 2778 4862 16961 1242 2204 16962 2641 5945 16963 2642 4864 16964 1167 4865 16965 1165 5946 16966 2619 4866 16967 1375 4867 16968 2682 5947 16969 2685 4868 16970 805 4870 16971 2532 4900 16972 2530 4871 16973 1749 4873 16974 1234 5117 16975 2637 4874 16976 1750 4876 16977 1749 4873 16978 2775 4875 16979 1899 4877 16980 1758 4928 16981 2780 4878 16982 711 4880 16983 1839 5141 16984 2506 4881 16985 1015 4883 16986 1871 2378 16987 2586 2380 16988 1224 4885 16989 2644 4916 16990 2640 4886 16991 702 4888 16992 710 4917 16993 2501 4889 16994 1006 4891 16995 1014 4922 16996 2581 4892 16997 1901 3305 16998 2665 3304 16999 2782 4893 17000 1753 4895 17001 2777 4901 17002 2648 4896 17003 1432 4897 17004 1915 4978 17005 2696 4898 17006 797 3367 17007 2528 3366 17008 2532 4900 17009 1754 4863 17010 2778 4862 17011 2777 4901 17012 1903 4902 17013 1766 4977 17014 2784 4903 17015 1424 4904 17016 1433 4934 17017 2693 4905 17018 806 4907 17019 2534 5948 17020 2535 4908 17021 785 1521 17022 766 1497 17023 2520 4909 17024 1089 1957 17025 1070 1934 17026 2600 4911 17027 1905 4913 17028 2675 5031 17029 2786 4914 17030 1215 4845 17031 2638 4844 17032 2644 4916 17033 710 4917 17034 709 5949 17035 2499 4918 17036 1757 4919 17037 1272 4960 17038 2647 4920 17039 1014 4922 17040 1013 5950 17041 2579 4923 17042 1223 4924 17043 2642 5951 17044 2645 4925 17045 787 1569 17046 2523 5952 17047 2524 4926 17048 1091 1148 17049 2603 5953 17050 2604 4927 17051 1758 4928 17052 1757 4919 17053 2779 4921 17054 1907 4929 17055 1774 5019 17056 2788 4930 17057 1507 2533 17058 1488 2509 17059 2710 4931 17060 1508 1275 17061 2711 5954 17062 2712 4933 17063 1433 4934 17064 1431 5955 17065 2689 4935 17066 767 4936 17067 2522 4967 17068 2520 4937 17069 863 4939 17070 1855 2957 17071 2546 2959 17072 1071 4941 17073 2602 4968 17074 2600 4942 17075 1909 4869 17076 2685 4868 17077 2790 4944 17078 854 4946 17079 862 4973 17080 2541 4947 17081 1761 4949 17082 2781 4951 17083 2658 4950 17084 1762 4894 17085 2782 4893 17086 2781 4951 17087 1280 4952 17088 1899 4877 17089 2656 4879 17090 1911 4954 17091 1782 5061 17092 2792 4955 17093 1490 4957 17094 2714 4983 17095 2710 4958 17096 1272 4960 17097 1281 4985 17098 2653 4961 17099 1913 2433 17100 2695 2432 17101 2794 4962 17102 937 1745 17103 918 1722 17104 2560 4964 17105 759 4966 17106 2518 5123 17107 2522 4967 17108 1063 2820 17109 2598 2819 17110 2602 4968 17111 1765 4969 17112 1310 1750 17113 2657 1751 17114 768 4971 17115 2524 5956 17116 2525 4972 17117 862 4973 17118 861 5957 17119 2539 4974 17120 1072 4975 17121 2604 5958 17122 2605 4976 17123 1766 4977 17124 1765 4969 17125 2783 4970 17126 1915 4978 17127 1790 5110 17128 2796 4979 17129 939 1789 17130 2563 5959 17131 2564 4980 17132 1355 2319 17133 1336 2299 17134 2670 4981 17135 1481 3364 17136 2708 3363 17137 2714 4983 17138 1356 2363 17139 2671 5960 17140 2672 4984 17141 1281 4985 17142 1279 5961 17143 2649 4986 17144 1917 4987 17145 2705 5151 17146 2798 4988 17147 1489 4990 17148 2712 5962 17149 2715 4991 17150 919 4993 17151 2562 5018 17152 2560 4994 17153 1769 4996 17154 2785 5001 17155 2668 4997 17156 1665 4999 17157 2733 5004 17158 2538 5000 17159 1770 4915 17160 2786 4914 17161 2785 5001 17162 1919 5002 17163 1798 5162 17164 2800 5003 17165 1666 2993 17166 2734 2992 17167 2733 5004 17168 1128 5005 17169 1883 1793 17170 2616 1795 17171 1338 5007 17172 2674 5026 17173 2670 5008 17174 1120 5010 17175 1129 5028 17176 2613 5011 17177 1921 4992 17178 2715 4991 17179 2802 5012 17180 1773 5013 17181 1348 2942 17182 2667 2943 17183 1669 5015 17184 854 4946 17185 2537 4948 17186 911 5017 17187 2558 5076 17188 2562 5018 17189 1774 5019 17190 1773 5013 17191 2787 5014 17192 1923 5020 17193 1806 3040 17194 2804 3042 17195 1670 5021 17196 1669 5015 17197 2735 5016 17198 920 5022 17199 2564 5963 17200 2565 5023 17201 1203 2104 17202 1184 2080 17203 2630 5024 17204 1329 4998 17205 2668 4997 17206 2674 5026 17207 1204 2149 17208 2631 5964 17209 2632 5027 17210 1129 5028 17211 1127 5965 17212 2609 5029 17213 1337 5030 17214 2672 5966 17215 2675 5031 17216 1777 5032 17217 2789 5036 17218 2678 5033 17219 1673 5034 17220 2737 5037 17221 2548 5035 17222 1778 4945 17223 2790 4944 17224 2789 5036 17225 1674 2925 17226 2738 2924 17227 2737 5037 17228 1635 5038 17229 2717 5046 17230 2498 5039 17231 977 5040 17232 1867 2719 17233 2576 2721 17234 1186 5042 17235 2634 5069 17236 2630 5043 17237 1636 5045 17238 2718 5130 17239 2717 5046 17240 968 5047 17241 976 5077 17242 2571 5048 17243 1637 5050 17244 702 4888 17245 2497 4890 17246 1781 5052 17247 1386 5063 17248 2677 5053 17249 1677 5055 17250 892 1854 17251 2547 1855 17252 1394 5057 17253 1911 4954 17254 2686 4956 17255 1638 5059 17256 1637 5050 17257 2719 5051 17258 1782 5061 17259 1781 5052 17260 2791 5054 17261 1678 5062 17262 1677 5055 17263 2739 5056 17264 1386 5063 17265 1395 5093 17266 2683 5064 17267 747 1465 17268 728 1439 17269 2510 5065 17270 1051 1900 17271 1032 1877 17272 2590 5067 17273 1177 1697 17274 2628 1696 17275 2634 5069 17276 1641 5070 17277 2721 5083 17278 2508 5071 17279 1785 5073 17280 2793 5084 17281 2688 5074 17282 1681 5075 17283 2741 5086 17284 2558 5076 17285 976 5077 17286 975 5967 17287 2569 5078 17288 1185 5079 17289 2632 5968 17290 2635 5080 17291 749 1511 17292 2513 5969 17293 2514 5081 17294 1642 5082 17295 2722 5149 17296 2721 5083 17297 1786 4963 17298 2794 4962 17299 2793 5084 17300 1053 1947 17301 2593 5970 17302 2594 5085 17303 1682 2823 17304 2742 2822 17305 2741 5086 17306 1469 2480 17307 1450 2455 17308 2700 5087 17309 1470 2522 17310 2701 5971 17311 2702 5089 17312 729 5090 17313 2512 5119 17314 2510 5091 17315 1395 5093 17316 1393 5972 17317 2679 5094 17318 825 5095 17319 1851 3024 17320 2536 3026 17321 1033 5097 17322 2592 5127 17323 2590 5098 17324 816 5100 17325 824 5135 17326 2531 5101 17327 1645 5102 17328 740 2313 17329 2507 2314 17330 1789 5104 17331 1424 4904 17332 2687 4906 17333 1685 5106 17334 930 2990 17335 2557 2991 17336 1646 5108 17337 1645 5102 17338 2723 5103 17339 1790 5110 17340 1789 5104 17341 2795 5105 17342 1686 5111 17343 1685 5106 17344 2743 5107 17345 1242 5112 17346 1895 4850 17347 2646 4852 17348 1452 5114 17349 2704 5145 17350 2700 5115 17351 1234 5117 17352 1243 5147 17353 2643 5118 17354 721 5072 17355 2508 5071 17356 2512 5119 17357 899 1690 17358 880 1667 17359 2550 5120 17360 1649 5122 17361 2725 5134 17362 2518 5123 17363 1793 5124 17364 2797 5137 17365 2698 5125 17366 1025 2979 17367 2588 2978 17368 2592 5127 17369 1689 5128 17370 2745 5140 17371 2568 5129 17372 1838 2099 17373 2505 2098 17374 2718 5130 17375 730 5131 17376 2514 5973 17377 2515 5132 17378 1650 3371 17379 2726 3370 17380 2725 5134 17381 824 5135 17382 823 5974 17383 2529 5136 17384 1794 4989 17385 2798 4988 17386 2797 5137 17387 1034 5138 17388 2594 5975 17389 2595 5139 17390 1690 2773 17391 2746 2772 17392 2745 5140 17393 1839 5141 17394 1638 5059 17395 2720 5060 17396 901 1735 17397 2553 5976 17398 2554 5142 17399 1317 2267 17400 1298 2242 17401 2660 5143 17402 1443 5126 17403 2698 5125 17404 2704 5145 17405 1318 2309 17406 2661 5977 17407 2662 5146 17408 1243 5147 17409 1241 5978 17410 2639 5148 17411 1841 5133 17412 2515 5132 17413 2722 5149 17414 1451 5150 17415 2702 5979 17416 2705 5151 17417 881 3355 17418 2552 3354 17419 2550 5152 17420 1653 5154 17421 778 5171 17422 2517 5155 17423 1797 5157 17424 1462 2110 17425 2697 2111 17426 1693 5159 17427 968 5047 17428 2567 5049 17429 1654 5161 17430 1653 5154 17431 2727 5156 17432 1798 5162 17433 1797 5157 17434 2799 5158 17435 1694 5163 17436 1693 5159 17437 2747 5160 17438 1843 5164 17439 1646 5108 17440 2724 5109 17441 787 5165 17442 1847 3337 17443 2526 3339 17444 1091 5167 17445 1879 1906 17446 2606 1908 17447 1300 3329 17448 2664 3328 17449 2660 5169 17450 778 5171 17451 786 3319 17452 2521 3321 17453 7 627 17454 116 40 17455 2816 5172 17456 251 2591 17457 2818 5238 17458 2831 5174 17459 86 5176 17460 2813 5181 17461 2826 5177 17462 2155 3958 17463 2830 5208 17464 2810 5178 17465 3 2645 17466 12 5220 17467 2824 5179 17468 87 2648 17469 2814 5197 17470 2811 5180 17471 125 3954 17472 2817 5195 17473 2813 5181 17474 19 2649 17475 2811 5180 17476 2805 5182 17477 2147 3457 17478 2148 3456 17479 2829 5183 17480 2156 3950 17481 2831 5234 17482 2830 5185 17483 11 5980 17484 2808 5980 17485 2815 5980 17486 1934 2646 17487 2824 5179 17488 2822 5187 17489 2148 3456 17490 2135 2660 17491 2825 5188 17492 2147 3457 17493 2828 5184 17494 2827 5189 17495 16 5981 17496 2809 5981 17497 2808 5981 17498 1575 2670 17499 2822 5187 17500 2823 5191 17501 17 2655 17502 2810 5216 17503 2809 5192 17504 4 2652 17505 2805 5236 17506 2820 5193 17507 270 927 17508 257 23 17509 2819 3953 17510 88 3956 17511 2815 5205 17512 2817 5195 17513 116 40 17514 5 2674 17515 2806 5196 17516 87 2648 17517 1576 2668 17518 2823 5191 17519 3 5198 17520 270 927 17521 2821 5194 17522 2135 2660 17523 2136 5645 17524 2826 5200 17525 5 2674 17526 2144 2676 17527 2827 5201 17528 263 2642 17529 2820 5193 17530 2818 5202 17531 81 35 17532 7 627 17533 2807 5173 17534 2816 5172 17535 2806 5196 17536 2834 5203 17537 2815 5205 17538 2843 5347 17539 2845 5206 17540 2807 5173 17541 2816 5172 17542 2844 5204 17543 2830 5208 17544 2858 5345 17545 2838 5209 17546 2812 3952 17547 2807 5173 17548 2835 5207 17549 2808 5982 17550 2836 5982 17551 2843 5982 17552 2824 5179 17553 2852 5221 17554 2850 5212 17555 2814 5197 17556 2842 5229 17557 2839 5213 17558 2822 5187 17559 2850 5212 17560 2851 5214 17561 2819 3953 17562 2812 3952 17563 2840 5210 17564 2810 5216 17565 2838 5343 17566 2837 5217 17567 2813 5181 17568 2841 5233 17569 2854 5218 17570 2820 5193 17571 2848 5237 17572 2846 5219 17573 12 5220 17574 2832 5341 17575 2852 5221 17576 12 5199 17577 2821 5194 17578 2849 5222 17579 2825 5188 17580 2826 5200 17581 2854 5224 17582 2809 5226 17583 2837 5226 17584 2836 5226 17585 2828 5184 17586 2829 5183 17587 2857 5227 17588 2814 5197 17589 2823 5191 17590 2851 5214 17591 2829 5183 17592 2825 5188 17593 2853 5225 17594 2811 5180 17595 2839 5213 17596 2833 5230 17597 2827 5189 17598 2828 5184 17599 2856 5228 17600 2821 5194 17601 2819 3953 17602 2847 5215 17603 2806 5196 17604 2827 5201 17605 2855 5232 17606 2817 5195 17607 2845 5206 17608 2841 5233 17609 2831 5234 17610 2859 5338 17611 2858 5235 17612 2805 5236 17613 2833 5336 17614 2848 5237 17615 2818 5238 17616 2846 5334 17617 2859 5239 17618 2916 5240 17619 2872 5300 17620 2863 5241 17621 2918 5243 17622 2886 5311 17623 2866 5244 17624 2917 5242 17625 2863 5241 17626 2868 5246 17627 2921 5248 17628 2870 5280 17629 2867 5249 17630 2923 5983 17631 2864 5983 17632 2871 5983 17633 2925 5252 17634 2880 5269 17635 2878 5253 17636 2927 5255 17637 2919 5342 17638 2866 5256 17639 2926 5254 17640 2878 5253 17641 2879 5258 17642 2920 5247 17643 2868 5246 17644 2875 5260 17645 2931 5262 17646 2930 5290 17647 2869 5263 17648 2933 5265 17649 2932 5295 17650 2876 5266 17651 2934 5268 17652 2860 5322 17653 2880 5269 17654 2935 5270 17655 2877 5286 17656 2860 5271 17657 2936 5273 17658 2931 5340 17659 2882 5274 17660 2927 5276 17661 2865 5276 17662 2864 5276 17663 2938 5277 17664 2937 5281 17665 2885 5278 17666 2921 5248 17667 2928 5259 17668 2879 5258 17669 2937 5281 17670 2936 5273 17671 2881 5275 17672 2939 5282 17673 2922 5250 17674 2867 5249 17675 2940 5284 17676 2938 5277 17677 2884 5279 17678 2929 5261 17679 2875 5260 17680 2877 5286 17681 2940 5287 17682 2883 5984 17683 2862 5288 17684 2930 5290 17685 2942 5301 17686 2873 5291 17687 2918 5292 17688 2943 5337 17689 2887 5293 17690 2932 5295 17691 2939 5335 17692 2861 5296 17693 2933 5297 17694 2874 5305 17695 2887 5298 17696 2941 5289 17697 2862 5288 17698 2872 5300 17699 2942 5301 17700 2924 5346 17701 2871 5302 17702 2887 5293 17703 2915 5985 17704 2914 5303 17705 2861 5296 17706 2889 5986 17707 2904 5304 17708 2874 5305 17709 2902 5987 17710 2915 5306 17711 2872 5300 17712 2862 5288 17713 2890 5307 17714 2871 5302 17715 2899 5988 17716 2901 5309 17717 2863 5241 17718 2872 5300 17719 2900 5308 17720 2886 5311 17721 2914 5989 17722 2894 5312 17723 2868 5246 17724 2863 5241 17725 2891 5310 17726 2870 5280 17727 2898 5328 17728 2895 5314 17729 2864 5990 17730 2892 5990 17731 2899 5990 17732 2880 5269 17733 2908 5323 17734 2906 5316 17735 2866 5256 17736 2894 5991 17737 2893 5317 17738 2878 5253 17739 2906 5316 17740 2907 5318 17741 2875 5260 17742 2868 5246 17743 2896 5313 17744 2869 5263 17745 2897 5333 17746 2910 5320 17747 2876 5266 17748 2904 5304 17749 2902 5321 17750 2860 5322 17751 2888 5992 17752 2908 5323 17753 2860 5271 17754 2877 5286 17755 2905 5324 17756 2882 5274 17757 2910 5993 17758 2909 5326 17759 2865 5994 17760 2893 5994 17761 2892 5994 17762 2885 5278 17763 2913 5329 17764 2912 5327 17765 2870 5280 17766 2879 5258 17767 2907 5318 17768 2881 5275 17769 2909 5326 17770 2913 5329 17771 2867 5249 17772 2895 5314 17773 2889 5330 17774 2884 5279 17775 2912 5327 17776 2911 5331 17777 2877 5286 17778 2875 5260 17779 2903 5319 17780 2862 5288 17781 2883 5984 17782 2911 5332 17783 2873 5291 17784 2901 5309 17785 2897 5333 17786 2834 5203 17787 2941 5289 17788 2916 5240 17789 2933 5297 17790 2943 5299 17791 2859 5239 17792 2939 5335 17793 2932 5295 17794 2848 5237 17795 2943 5337 17796 2918 5292 17797 2858 5235 17798 2942 5301 17799 2930 5290 17800 2841 5233 17801 2855 5232 17802 2940 5287 17803 2941 5289 17804 2847 5215 17805 2929 5261 17806 2935 5270 17807 2938 5277 17808 2940 5284 17809 2855 5231 17810 2922 5250 17811 2939 5282 17812 2833 5230 17813 2936 5273 17814 2937 5281 17815 2857 5227 17816 2928 5259 17817 2921 5248 17818 2842 5229 17819 2937 5281 17820 2938 5277 17821 2856 5228 17822 2927 5995 17823 2923 5995 17824 2836 5995 17825 2931 5340 17826 2936 5273 17827 2853 5225 17828 2849 5222 17829 2935 5270 17830 2934 5272 17831 2832 5341 17832 2934 5268 17833 2925 5252 17834 2932 5295 17835 2933 5265 17836 2846 5219 17837 2930 5290 17838 2931 5262 17839 2854 5218 17840 2840 5210 17841 2920 5247 17842 2929 5261 17843 2926 5254 17844 2928 5259 17845 2851 5214 17846 2919 5342 17847 2927 5255 17848 2837 5217 17849 2852 5221 17850 2925 5252 17851 2926 5254 17852 2923 5996 17853 2924 5996 17854 2843 5996 17855 2921 5248 17856 2922 5250 17857 2839 5213 17858 2835 5207 17859 2917 5242 17860 2920 5247 17861 2858 5345 17862 2918 5243 17863 2919 5245 17864 2844 5204 17865 2916 5240 17866 2917 5242 17867 2924 5346 17868 2942 5301 17869 2845 5206 17870</p>
        </triangles>
      </mesh>
    </geometry>
  </library_geometries>
  <library_visual_scenes>
    <visual_scene id="Scene" name="Scene">
      <node id="full_dam" name="full_dam" type="NODE">
        <matrix sid="transform">1 0 0 0 0 1 0 0 0 0 1 0 0 0 0 1</matrix>
        <instance_geometry url="#Hyd_001-mesh" name="full_dam">
          <bind_material>
            <technique_common>
              <instance_material symbol="Material_003-material" target="#Material_003-material">
                <bind_vertex_input semantic="UVMap" input_semantic="TEXCOORD" input_set="0" />
              </instance_material>
            </technique_common>
          </bind_material>
        </instance_geometry>
      </node>
    </visual_scene>
  </library_visual_scenes>
  <scene>
    <instance_visual_scene url="#Scene" />
  </scene>
</COLLADA>