<?xml version="1.0" encoding="utf-8"?>
<COLLADA xmlns="http://www.collada.org/2005/11/COLLADASchema" version="1.4.1" xmlns:xsi="http://www.w3.org/2001/XMLSchema-instance">
  <asset>
    <contributor>
      <author>Blender User</author>
      <authoring_tool>Blender 4.0.1 commit date:2023-11-16, commit time:16:40, hash:d0dd92834a08</authoring_tool>
    </contributor>
    <created>2025-11-04T15:33:02</created>
    <modified>2025-11-04T15:33:02</modified>
    <unit name="meter" meter="1"/>
    <up_axis>Z_UP</up_axis>
  </asset>
  <library_effects>
    <effect id="vegetacao_002-effect">
      <profile_COMMON>
        <newparam sid="Troncos_Text_png_001_png-surface">
          <surface type="2D">
            <init_from>Troncos_Text_png_001_png</init_from>
          </surface>
        </newparam>
        <newparam sid="Troncos_Text_png_001_png-sampler">
          <sampler2D>
            <source>Troncos_Text_png_001_png-surface</source>
          </sampler2D>
        </newparam>
        <technique sid="common">
          <lambert>
            <emission>
              <color sid="emission">0 0 0 1</color>
            </emission>
            <diffuse>
              <texture texture="Troncos_Text_png_001_png-sampler" texcoord="UVMap"/>
            </diffuse>
            <index_of_refraction>
              <float sid="ior">1.45</float>
            </index_of_refraction>
          </lambert>
        </technique>
      </profile_COMMON>
    </effect>
  </library_effects>
  <library_images>
    <image id="Troncos_Text_png_001_png" name="Troncos_Text_png_001_png">
      <init_from>Troncos_Text.png.001.png</init_from>
    </image>
  </library_images>
  <library_materials>
    <material id="vegetacao_002-material" name="vegetacao.002">
      <instance_effect url="#vegetacao_002-effect"/>
    </material>
  </library_materials>
  <library_geometries>
    <geometry id="troncos_002-mesh" name="troncos.002">
      <mesh>
        <source id="troncos_002-mesh-positions">
          <float_array id="troncos_002-mesh-positions-array" count="3078">-294.1105 245.4824 3.814354 -294.1105 245.4824 0.114109 -295.0457 242.5895 3.814354 -295.0457 242.5895 0.114109 -296.3594 238.1235 3.814354 -296.3594 238.1235 0.114109 -297.2568 233.6139 3.814354 -297.2568 233.6139 0.114109 -298.0348 229.6277 3.814354 -298.0348 229.6277 0.114109 -299.1755 223.5248 3.814354 -299.1755 223.5248 0.114109 -299.8369 216.316 3.814354 -299.8369 216.316 0.114109 -300.0031 208.9307 3.814354 -300.0031 208.9307 0.114109 -299.5187 201.7289 3.814354 -299.5187 201.7289 0.114109 -298.2589 194.2551 3.814354 -298.2589 194.2551 0.114109 -297.0689 187.353 3.814354 -297.0689 187.353 0.114109 -295.3636 180.2363 3.814354 -295.3636 180.2363 0.114109 -293.4004 172.8091 3.814354 -293.4004 172.8091 0.114109 -289.1776 159.029 3.814354 -289.1776 159.029 0.114109 -284.1034 151.0808 3.814354 -284.1034 151.0808 0.114109 -275.9814 141.0433 3.814354 -275.9814 141.0433 0.114109 -268.7767 133.5512 3.814354 -268.7767 133.5512 0.114109 -255.0115 120.6962 3.814354 -255.0115 120.6962 0.114109 -246.075 114.4529 3.814354 -246.075 114.4529 0.114109 -224.3426 99.99506 3.814354 -224.3426 99.99506 0.114109 -210.8304 91.38587 3.814354 -210.8304 91.38587 0.114109 -199.4175 84.29663 3.814354 -199.4175 84.29663 0.114109 -182.8822 74.67609 3.814354 -182.8822 74.67609 0.114109 -158.6522 60.72192 3.814354 -158.6522 60.72192 0.114109 -131.7169 45.4281 3.814354 -131.7169 45.4281 0.114109 -99.83661 27.54407 3.814354 -99.83661 27.54407 0.114109 -70.40064 13.36426 3.814354 -70.40064 13.36426 0.114109 -44.97668 3.039856 3.814354 -44.97668 3.039856 0.114109 -0.3692627 -15.03613 3.814354 -0.3692627 -15.03613 0.114109 -230.1223 239.8984 3.814354 -230.1223 239.8984 0.114109 -234.4344 244.2071 3.814354 -234.4344 244.2071 0.114109 -227.8847 236.2428 3.814354 -227.8847 236.2428 0.114109 -223.1573 231.9943 3.814354 -223.1573 231.9943 0.114109 -218.5876 228.0042 3.814354 -218.5876 228.0042 0.114109 -212.491 222.0455 3.814354 -212.491 222.0455 0.114109 -209.4123 214.8464 3.814354 -209.4123 214.8464 0.114109 -204.8469 207.4741 3.814354 -204.8469 207.4741 0.114109 -200.1254 200.2837 3.814354 -200.1254 200.2837 0.114109 -195.7843 192.9071 3.814354 -195.7843 192.9071 0.114109 -191.3337 185.9548 3.814354 -191.3337 185.9548 0.114109 -186.3676 178.7878 3.814354 -186.3676 178.7878 0.114109 -181.984 171.4365 3.814354 -181.984 171.4365 0.114109 -173.4023 157.7189 3.814354 -173.4023 157.7189 0.114109 -167.9925 150.0428 3.814354 -167.9925 150.0428 0.114109 -160.1965 140.0104 3.814354 -160.1966 140.0104 0.114109 -153.0857 132.6321 3.814354 -153.0857 132.6321 0.114109 -140.5298 119.8627 3.814354 -140.5298 119.8627 0.114109 -133.3384 113.7384 3.814354 -133.3384 113.7384 0.114109 -116.334 99.3534 3.814354 -116.334 99.3534 0.114109 -106.0825 90.79444 3.814354 -106.0825 90.79444 0.114109 -97.27814 83.74542 3.814354 -97.27814 83.74542 0.114109 -84.65564 74.18518 3.814354 -84.65564 74.18518 0.114109 -67.11005 60.33404 3.814354 -67.10999 60.33404 0.114109 -48.00037 45.16077 3.814354 -48.00037 45.16077 0.114109 -25.41296 27.41998 3.814354 -25.41296 27.41998 0.114109 -11.39307 12.71722 3.781967 -11.39307 12.71722 0.1464958 -1.898071 -2.707275 3.781967 -1.898071 -2.707275 0.1464958 1.048828 -15.54095 3.760666 1.048828 -15.54095 0.167797 -277.0055 250.2145 3.655922 -277.0055 250.2145 0.2725449 -251.3824 249.6669 3.655922 -251.3824 249.6669 0.2725449 -286.9303 242.2532 3.814354 -278.8148 241.9167 3.814354 -270.6995 241.5804 3.814354 -262.584 241.244 3.814354 -254.4686 240.9076 3.814354 -246.3532 240.5712 3.814354 -238.2378 240.2349 3.814354 -238.2378 240.2349 0.114109 -246.3532 240.5712 0.114109 -254.4686 240.9076 0.114109 -262.584 241.244 0.114109 -270.6995 241.5804 0.114109 -278.8148 241.9167 0.114109 -286.9303 242.2532 0.114109 -241.8939 244.3665 3.814354 -249.3535 244.5259 3.814354 -256.813 244.6853 3.814354 -264.2725 244.8447 3.814354 -271.732 245.0041 3.814354 -279.1915 245.1636 3.814354 -286.651 245.323 3.814354 -286.651 245.323 0.114109 -279.1915 245.1636 0.114109 -271.732 245.0041 0.114109 -264.2725 244.8447 0.114109 -256.813 244.6853 0.114109 -249.3535 244.5259 0.114109 -241.8939 244.3665 0.114109 -287.8001 237.8885 3.814354 -279.2407 237.6534 3.814354 -270.6814 237.4183 3.814354 -262.122 237.1832 3.814354 -253.5627 236.9481 3.814354 -245.0034 236.713 3.814354 -236.444 236.4779 3.814354 -236.444 236.4779 0.114109 -245.0034 236.713 0.114109 -253.5627 236.9481 0.114109 -262.122 237.1832 0.114109 -270.6814 237.4183 0.114109 -279.2407 237.6534 0.114109 -287.8001 237.8885 0.114109 -287.9944 233.4115 3.814354 -278.7319 233.209 3.814354 -269.4695 233.0065 3.814354 -260.207 232.8041 3.814354 -250.9446 232.6016 3.814354 -241.6822 232.3992 3.814354 -232.4197 232.1967 3.814354 -232.4197 232.1967 0.114109 -241.6822 232.3992 0.114109 -250.9446 232.6016 0.114109 -260.207 232.8041 0.114109 -269.4695 233.0065 0.114109 -278.7319 233.209 0.114109 -287.9944 233.4115 0.114109 -288.1039 229.4247 3.814354 -278.173 229.2218 3.814354 -268.2421 229.0189 3.814354 -258.3112 228.816 3.814354 -248.3803 228.613 3.814354 -238.4494 228.4101 3.814354 -228.5185 228.2071 3.814354 -228.5185 228.2071 0.114109 -238.4494 228.4101 0.114109 -248.3803 228.613 0.114109 -258.3112 228.816 0.114109 -268.2421 229.0189 0.114109 -278.173 229.2218 0.114109 -288.1039 229.4247 0.114109 -288.3399 223.3398 3.814354 -277.5044 223.155 3.814354 -266.6688 222.97 3.814354 -255.8332 222.7852 3.814354 -244.9977 222.6002 3.814354 -234.1621 222.4153 3.814354 -223.3266 222.2304 3.814354 -223.3266 222.2304 0.114109 -234.1621 222.4153 0.114109 -244.9977 222.6002 0.114109 -255.8332 222.7852 0.114109 -266.6688 222.97 0.114109 -277.5044 223.155 0.114109 -288.3399 223.3398 0.114109 -288.5338 216.1323 3.814354 -277.2307 215.9486 3.814354 -265.9276 215.7649 3.814354 -254.6246 215.5812 3.814354 -243.3215 215.3975 3.814354 -232.0184 215.2138 3.814354 -220.7154 215.0301 3.814354 -220.7154 215.0301 0.114109 -232.0184 215.2138 0.114109 -243.3215 215.3975 0.114109 -254.6246 215.5812 0.114109 -265.9276 215.7649 0.114109 -277.2307 215.9486 0.114109 -288.5338 216.1323 0.114109 -288.1086 208.7487 3.814354 -276.2141 208.5665 3.814354 -264.3195 208.3845 3.814354 -252.425 208.2024 3.814354 -240.5305 208.0203 3.814354 -228.636 207.8383 3.814354 -216.7415 207.6562 3.814354 -216.7415 207.6562 0.114109 -228.636 207.8383 0.114109 -240.5305 208.0203 0.114109 -252.425 208.2024 0.114109 -264.3195 208.3845 0.114109 -276.2141 208.5665 0.114109 -288.1086 208.7487 0.114109 -287.0946 201.5482 3.814354 -274.6704 201.3675 3.814354 -262.2462 201.1869 3.814354 -249.8221 201.0063 3.814354 -237.3979 200.8256 3.814354 -224.9738 200.645 3.814354 -212.5496 200.4643 3.814354 -212.5496 200.4643 0.114109 -224.9738 200.645 0.114109 -237.3979 200.8256 0.114109 -249.8221 201.0063 0.114109 -262.2463 201.1869 0.114109 -274.6704 201.3675 0.114109 -287.0946 201.5482 0.114109 -285.4495 194.0866 3.814354 -272.6402 193.9181 3.814354 -259.8309 193.7496 3.814354 -247.0215 193.5811 3.814354 -234.2122 193.4126 3.814354 -221.4029 193.2441 3.814354 -208.5936 193.0756 3.814354 -208.5936 193.0756 0.114109 -221.4029 193.2441 0.114109 -234.2122 193.4126 0.114109 -247.0215 193.5811 0.114109 -259.8309 193.7496 0.114109 -272.6402 193.9181 0.114109 -285.4495 194.0866 0.114109 -283.852 187.1782 3.814354 -270.6351 187.0035 3.814354 -257.4182 186.8287 3.814354 -244.2013 186.6539 3.814354 -230.9844 186.4791 3.814354 -217.7675 186.3044 3.814354 -204.5506 186.1296 3.814354 -204.5506 186.1296 0.114109 -217.7675 186.3044 0.114109 -230.9844 186.4791 0.114109 -244.2013 186.6539 0.114109 -257.4182 186.8287 0.114109 -270.6351 187.0035 0.114109 -283.852 187.1782 0.114109 -281.7391 180.0552 3.814354 -268.1146 179.8741 3.814354 -254.49 179.6931 3.814354 -240.8656 179.512 3.814354 -227.2411 179.331 3.814354 -213.6166 179.1499 3.814354 -199.9921 178.9689 3.814354 -199.9921 178.9689 0.114109 -213.6166 179.1499 0.114109 -227.2411 179.331 0.114109 -240.8656 179.5121 0.114109 -254.4901 179.6931 0.114109 -268.1146 179.8741 0.114109 -281.7391 180.0552 0.114109 -279.4733 172.6375 3.814354 -265.5462 172.4659 3.814354 -251.6192 172.2944 3.814354 -237.6922 172.1228 3.814354 -223.7651 171.9512 3.814354 -209.8381 171.7796 3.814354 -195.911 171.608 3.814354 -195.911 171.608 0.114109 -209.8381 171.7796 0.114109 -223.7651 171.9512 0.114109 -237.6922 172.1228 0.114109 -251.6192 172.2943 0.114109 -265.5463 172.4659 0.114109 -279.4733 172.6375 0.114109 -274.7057 158.8652 3.814354 -260.2338 158.7015 3.814354 -245.7618 158.5377 3.814354 -231.2899 158.3739 3.814354 -216.818 158.2101 3.814354 -202.3461 158.0464 3.814354 -187.8742 157.8826 3.814354 -187.8742 157.8826 0.114109 -202.3461 158.0464 0.114109 -216.818 158.2101 0.114109 -231.2899 158.3739 0.114109 -245.7618 158.5377 0.114109 -260.2338 158.7015 0.114109 -274.7057 158.8652 0.114109 -269.5895 150.951 3.814354 -255.0757 150.8213 3.814354 -240.5618 150.6916 3.814354 -226.048 150.5618 3.814354 -211.5341 150.4321 3.814354 -197.0203 150.3024 3.814354 -182.5064 150.1726 3.814354 -182.5064 150.1726 0.114109 -197.0203 150.3024 0.114109 -211.5341 150.4321 0.114109 -226.048 150.5618 0.114109 -240.5618 150.6916 0.114109 -255.0757 150.8213 0.114109 -269.5896 150.951 0.114109 -261.5083 140.9142 3.814354 -247.0352 140.7851 3.814354 -232.5621 140.656 3.814354 -218.089 140.5269 3.814354 -203.6159 140.3978 3.814354 -189.1428 140.2687 3.814354 -174.6697 140.1395 3.814354 -174.6697 140.1395 0.114109 -189.1428 140.2687 0.114109 -203.6159 140.3978 0.114109 -218.089 140.5269 0.114109 -232.5621 140.656 0.114109 -247.0352 140.7851 0.114109 -261.5083 140.9142 0.114109 -254.3153 133.4363 3.814354 -239.8539 133.3214 3.814354 -225.3926 133.2065 3.814354 -210.9312 133.0917 3.814354 -196.4698 132.9768 3.814354 -182.0084 132.8619 3.814354 -167.5471 132.747 3.814354 -167.5471 132.747 0.114109 -182.0084 132.8619 0.114109 -196.4698 132.9768 0.114109 -210.9312 133.0917 0.114109 -225.3926 133.2065 0.114109 -239.8539 133.3214 0.114109 -254.3153 133.4363 0.114109 -240.7013 120.592 3.814354 -226.3911 120.4878 3.814354 -212.0809 120.3837 3.814354 -197.7707 120.2794 3.814354 -183.4604 120.1752 3.814354 -169.1503 120.071 3.814354 -154.8401 119.9669 3.814354 -154.84 119.9669 0.114109 -169.1503 120.071 0.114109 -183.4604 120.1752 0.114109 -197.7707 120.2794 0.114109 -212.0809 120.3836 0.114109 -226.3911 120.4878 0.114109 -240.7013 120.592 0.114109 -231.9829 114.3636 3.814354 -217.8908 114.2743 3.814354 -203.7988 114.185 3.814354 -189.7067 114.0957 3.814354 -175.6146 114.0064 3.814354 -161.5226 113.9171 3.814354 -147.4305 113.8278 3.814354 -147.4305 113.8278 0.114109 -161.5225 113.9171 0.114109 -175.6146 114.0064 0.114109 -189.7067 114.0957 0.114109 -203.7987 114.185 0.114109 -217.8908 114.2743 0.114109 -231.9829 114.3636 0.114109 -210.8415 99.91486 3.814354 -197.3404 99.8346 3.814354 -183.8394 99.7544 3.814354 -170.3383 99.6742 3.814354 -156.8372 99.594 3.814354 -143.3362 99.5138 3.814354 -129.8351 99.4336 3.814354 -129.8351 99.4336 0.114109 -143.3362 99.5138 0.114109 -156.8372 99.594 0.114109 -170.3383 99.6742 0.114109 -183.8394 99.7544 0.114109 -197.3404 99.8346 0.114109 -210.8415 99.91486 0.114109 -197.737 91.31189 3.814354 -184.6435 91.23798 3.814354 -171.55 91.16407 3.814354 -158.4565 91.09015 3.814354 -145.363 91.01624 3.814354 -132.2695 90.94232 3.814354 -119.176 90.86841 3.814354 -119.176 90.86841 0.114109 -132.2695 90.94226 0.114109 -145.363 91.01624 0.114109 -158.4565 91.09015 0.114109 -171.55 91.16407 0.114109 -184.6435 91.23798 0.114109 -197.737 91.31189 0.114109 -186.6501 84.22772 3.814354 -173.8826 84.15882 3.814354 -161.1152 84.08997 3.814354 -148.3478 84.02106 3.814354 -135.5804 83.95215 3.814354 -122.813 83.88324 3.814354 -110.0455 83.81433 3.814354 -110.0455 83.81433 0.114109 -122.813 83.88324 0.114109 -135.5804 83.95215 0.114109 -148.3478 84.021 0.114109 -161.1152 84.08991 0.114109 -173.8827 84.15882 0.114109 -186.6501 84.22772 0.114109 -170.6039 74.61469 3.814354 -158.3256 74.55335 3.814354 -146.0473 74.49201 3.814354 -133.7689 74.43061 3.814354 -121.4906 74.36927 3.814354 -109.2123 74.30792 3.814354 -96.93396 74.24652 3.814354 -96.93396 74.24652 0.114109 -109.2123 74.30792 0.114109 -121.4906 74.36927 0.114109 -133.7689 74.43061 0.114109 -146.0473 74.49201 0.114109 -158.3256 74.55335 0.114109 -170.6039 74.61475 0.114109 -147.2094 60.67346 3.814354 -135.7667 60.625 3.814354 -124.3239 60.57648 3.814354 -112.8811 60.52801 3.814354 -101.4384 60.47949 3.814354 -89.99555 60.43103 3.814354 -78.5528 60.38257 3.814354 -78.5528 60.38257 0.114109 -89.99555 60.43103 0.114109 -101.4383 60.47949 0.114109 -112.8811 60.52801 0.114109 -124.3239 60.57648 0.114109 -135.7666 60.625 0.114109 -147.2094 60.67346 0.114109 -121.2524 45.39471 3.814354 -110.7878 45.36127 3.814354 -100.3232 45.32788 3.814354 -89.85865 45.29443 3.814354 -79.39411 45.26105 3.814354 -68.92951 45.22766 3.814354 -58.46496 45.19421 3.814354 -58.4649 45.19421 0.114109 -68.92951 45.2276 0.114109 -79.39405 45.26099 0.114109 -89.85865 45.29443 0.114109 -100.3232 45.32788 0.114109 -110.7878 45.36127 0.114109 -121.2524 45.39465 0.114109 -90.53363 27.52857 3.814354 -81.23072 27.51306 3.814354 -71.92774 27.49756 3.814354 -62.62475 27.482 3.814354 -53.32178 27.46649 3.814354 -44.01886 27.45099 3.814354 -34.71594 27.43549 3.814354 -34.71594 27.43549 0.114109 -44.01886 27.45099 0.114109 -53.32184 27.46655 0.114109 -62.62482 27.48206 0.114109 -71.92774 27.49756 0.114109 -81.23072 27.51306 0.114109 -90.53369 27.52857 0.114109 -63.02472 13.28339 3.810307 -55.64874 13.20251 3.806259 -48.27276 13.12164 3.802208 -40.89685 13.04077 3.798161 -33.52093 12.9599 3.794113 -26.14496 12.87897 3.790066 -18.76904 12.7981 3.786018 -18.76898 12.7981 0.1424484 -26.14496 12.87897 0.138401 -33.52093 12.95984 0.1343536 -40.89685 13.04071 0.1303024 -48.27283 13.12158 0.126255 -55.6488 13.20251 0.1222076 -63.02472 13.28339 0.1181602 -39.59186 2.321472 3.810307 -34.20703 1.603088 3.806259 -28.82221 0.8846436 3.802208 -23.43738 0.1662597 3.798161 -18.05255 -0.552124 3.794113 -12.66772 -1.270508 3.790066 -7.282898 -1.988892 3.786018 -7.282898 -1.988892 0.1424484 -12.66772 -1.270508 0.138401 -18.05255 -0.552124 0.1343536 -23.43738 0.1662597 0.1303024 -28.82221 0.8847046 0.126255 -34.20703 1.603088 0.1222076 -39.59186 2.321472 0.1181602 -0.1920166 -15.09924 3.807644 -0.0147705 -15.16235 3.800934 0.1625366 -15.22546 3.79422 0.3397827 -15.28857 3.78751 0.5170288 -15.35168 3.7808 0.6943359 -15.41479 3.77409 0.871582 -15.47784 3.76738 0.871582 -15.47784 0.161087 0.6943359 -15.41479 0.1543769 0.5170899 -15.35168 0.1476631 0.3397827 -15.28857 0.140953 0.1625366 -15.22546 0.134243 -0.0147705 -15.16235 0.1275329 -0.1920166 -15.09924 0.1208229 -254.5853 249.7353 3.655922 -257.7882 249.8038 3.655922 -260.991 249.8722 3.655922 -264.194 249.9407 3.655922 -267.3968 250.0092 3.655922 -270.5997 250.0776 3.655922 -273.8026 250.1461 3.655922 -273.8026 250.1461 0.2725449 -270.5997 250.0776 0.2725449 -267.3968 250.0092 0.2725449 -264.194 249.9407 0.2725449 -260.991 249.8722 0.2725449 -257.7882 249.8038 0.2725449 -254.5853 249.7353 0.2725449 22.67285 -51.72327 3.744064 22.67285 -51.72327 0.1843833 28.51276 -63.40857 3.744064 28.51276 -63.40857 0.1843833 31.78845 -68.52259 3.744064 31.78845 -68.52259 0.1843833 35.06055 -74.34326 3.744064 35.06055 -74.34326 0.1843833 37.99676 -78.77588 3.744064 37.99676 -78.77588 0.1843833 41.86944 -84.37097 3.744064 41.86944 -84.37097 0.1843833 46.33722 -90.57648 3.744064 46.33722 -90.57648 0.1843833 50.8064 -96.34253 3.744064 50.8064 -96.34253 0.1843833 55.22009 -102.1869 3.744064 55.22009 -102.1869 0.1843833 60.12121 -108.1827 3.744064 60.12121 -108.1827 0.1843833 64.45801 -113.1509 3.744064 64.45801 -113.1509 0.1843833 70.03192 -119.8494 3.744064 70.03192 -119.8494 0.1843833 75.13178 -124.991 3.744064 75.13178 -124.991 0.1843833 82.07349 -131.2737 3.744064 82.07349 -131.2737 0.1843833 91.95008 -140.0424 3.744064 91.95008 -140.0424 0.1843833 100.2734 -147.0961 3.744064 100.2734 -147.0961 0.1843833 115.3898 -158.9753 3.744064 115.3898 -158.9753 0.1843833 123.6137 -165.9642 3.744064 123.6137 -165.9642 0.1843833 131.2898 -171.7152 3.744064 131.2898 -171.7152 0.1843833 142.6094 -179.6036 3.744064 142.6094 -179.6036 0.1843833 161.7588 -190.969 3.744064 161.7588 -190.969 0.1843833 188.4133 -203.1792 3.744064 189.4615 -203.1953 0.1843833 215.9473 -217.08 3.744064 215.9473 -217.08 0.1843833 242.6761 -228.0862 3.744064 242.6761 -228.0862 0.1843833 262.1818 -236.0529 3.744064 262.1818 -236.0529 0.1843833 297.3906 -249.8328 3.744064 297.3906 -249.8328 0.1843833 78.96649 -45.77356 3.744064 80.3725 -45.79523 0.5076332 98.41651 -54.7041 3.744064 98.41651 -54.7041 0 106.8792 -58.75519 3.744064 106.8792 -58.75519 0.1843833 114.1097 -64.10218 3.744064 114.1097 -64.10218 0.1843833 124.4606 -70.02783 3.744064 124.4606 -70.02783 0.1843833 131.3232 -75.57947 3.744064 131.3232 -75.57947 0.1843833 137.4674 -81.3725 3.744064 137.4674 -81.3725 0.1843833 143.2562 -86.82776 3.744064 143.2562 -86.82776 0.1843833 149.9213 -92.37555 3.744064 149.9213 -92.37555 0.1843833 156.9144 -98.05976 3.744064 156.9144 -98.05976 0.1843833 165.5196 -109.5073 3.744064 165.5196 -109.5073 0.1843833 171.3751 -115.9544 3.744064 171.3751 -115.9544 0.1843833 177.355 -121.1231 3.744064 177.355 -121.1231 0.1843833 183.0455 -127.2924 3.744064 183.0455 -127.2924 0.1843833 191.8635 -136.0365 3.744064 191.8635 -136.0364 0.1843833 198.6594 -143.0583 3.744064 198.6594 -143.0583 0.1843833 209.6479 -155.0696 3.744064 209.6479 -155.0696 0.1843833 215.0249 -162.1495 3.744064 215.0249 -162.1495 0.1843833 220.4236 -167.9733 3.744064 220.4236 -167.9733 0.1843833 228.3269 -175.9707 3.744064 228.3269 -175.9707 0.1843833 241.6403 -187.5227 3.744064 241.6403 -187.5227 0.1843833 262.5106 -199.9673 3.744064 262.5106 -199.9673 0.1843833 280.8829 -214.1112 3.744064 280.8829 -214.1112 0.1843833 294.1837 -226.2111 3.715778 294.1838 -226.2111 0.2126693 300.0031 -239.2859 3.715778 300.0031 -239.2859 0.2126693 298.6487 -250.2145 3.697174 298.6487 -250.2145 0.2312774 18.85065 -42.55182 3.605686 18.85065 -42.55182 0.3227615 42.94775 -39.78906 3.605686 42.94775 -39.78906 0.685421 30.98596 -50.99927 3.744064 38.0412 -50.2558 3.744064 45.09637 -49.51239 3.744064 52.15161 -48.76898 3.744064 59.20685 -48.02551 3.744064 66.26209 -47.2821 3.744064 73.31732 -46.5387 3.744064 73.31732 -46.5387 0.1843833 66.26209 -47.2821 0.1843833 59.20685 -48.02551 0.1843833 52.15161 -48.76898 0.1843833 45.09637 -49.51239 0.1843833 38.0412 -50.2558 0.1843833 30.98596 -50.99927 0.1843833 38.16797 -62.33459 3.744064 46.7749 -61.24457 3.744064 55.38183 -60.15448 3.744064 63.98877 -59.06439 3.744064 72.59571 -57.97436 3.744064 81.20264 -56.88428 3.744064 89.80957 -55.79419 3.744064 89.80957 -55.79419 0.1843833 81.20264 -56.88428 0.1843833 72.59571 -57.97436 0.1843833 63.98877 -59.06439 0.1843833 55.38183 -60.15448 0.1843833 46.7749 -61.24457 0.1843833 38.16797 -62.33459 0.1843833 41.1748 -67.30164 3.744064 50.5611 -66.08075 3.744064 59.94745 -64.8598 3.744064 69.3338 -63.63891 3.744064 78.72016 -62.41797 3.744064 88.10645 -61.19708 3.744064 97.4928 -59.97613 3.744064 97.4928 -59.97613 0.1843833 88.10645 -61.19702 0.1843833 78.72016 -62.41797 0.1843833 69.3338 -63.63891 0.1843833 59.94745 -64.8598 0.1843833 50.5611 -66.08075 0.1843833 41.17474 -67.30164 0.1843833 45.57867 -73.07294 3.744064 55.36883 -71.79138 3.744064 65.159 -70.50989 3.744064 74.94916 -69.22834 3.744064 84.73926 -67.94678 3.744064 94.52942 -66.66522 3.744064 104.3196 -65.38373 3.744064 104.3196 -65.38373 0.1843833 94.52942 -66.66522 0.1843833 84.73926 -67.94678 0.1843833 74.94916 -69.22834 0.1843833 65.159 -70.50989 0.1843833 55.36883 -71.79138 0.1843833 45.57867 -73.07294 0.1843833 52.10162 -77.37689 3.744064 62.4386 -76.32703 3.744064 72.77564 -75.27716 3.744064 83.11261 -74.2273 3.744064 93.44959 -73.17743 3.744064 103.7866 -72.12757 3.744064 114.1236 -71.0777 3.744064 114.1236 -71.0777 0.1843833 103.7866 -72.12757 0.1843833 93.44959 -73.17743 0.1843833 83.11261 -74.2273 0.1843833 72.77564 -75.27716 0.1843833 62.4386 -76.32703 0.1843833 52.10162 -77.37689 0.1843833 55.74896 -83.3136 3.744064 66.54529 -82.20874 3.744064 77.34162 -81.10388 3.744064 88.13788 -79.99897 3.744064 98.93421 -78.89411 3.744064 109.7306 -77.78925 3.744064 120.5269 -76.68433 3.744064 120.5269 -76.68433 0.1843833 109.7306 -77.78925 0.1843833 98.93421 -78.89411 0.1843833 88.13788 -79.99897 0.1843833 77.34162 -81.10388 0.1843833 66.54529 -82.20874 0.1843833 55.74896 -83.3136 0.1843833 59.56293 -89.45423 3.744064 70.6922 -88.29969 3.744064 81.82141 -87.14514 3.744064 92.95056 -85.9906 3.744064 104.0798 -84.83612 3.744064 115.209 -83.68158 3.744064 126.3382 -82.52704 3.744064 126.3382 -82.52704 0.1843833 115.209 -83.68152 0.1843833 104.0798 -84.83612 0.1843833 92.95056 -85.9906 0.1843833 81.82135 -87.14514 0.1843833 70.6922 -88.29969 0.1843833 59.56293 -89.45423 0.1843833 62.87225 -95.16107 3.744064 74.35565 -93.97058 3.744064 85.83911 -92.78009 3.744064 97.32251 -91.5896 3.744064 108.806 -90.39917 3.744064 120.2894 -89.20868 3.744064 131.7728 -88.01819 3.744064 131.7728 -88.01819 0.1843833 120.2894 -89.20868 0.1843833 108.806 -90.39917 0.1843833 97.32251 -91.5896 0.1843833 85.83911 -92.78009 0.1843833 74.35565 -93.97058 0.1843833 62.87225 -95.16107 0.1843833 67.05774 -100.9605 3.744064 78.89539 -99.73401 3.744064 90.73303 -98.50763 3.744064 102.5707 -97.28119 3.744064 114.4083 -96.05481 3.744064 126.246 -94.82837 3.744064 138.0836 -93.60199 3.744064 138.0836 -93.60199 0.1843833 126.246 -94.82837 0.1843833 114.4083 -96.05481 0.1843833 102.5707 -97.28119 0.1843833 90.73303 -98.50757 0.1843833 78.89545 -99.73401 0.1843833 67.05774 -100.9605 0.1843833 72.2204 -106.9173 3.744064 84.31952 -105.6519 3.744064 96.4187 -104.3866 3.744064 108.5178 -103.1212 3.744064 120.617 -101.8558 3.744064 132.7161 -100.5905 3.744064 144.8152 -99.32514 3.744064 144.8152 -99.32514 0.1843833 132.7161 -100.5905 0.1843833 120.6169 -101.8558 0.1843833 108.5178 -103.1212 0.1843833 96.4187 -104.3866 0.1843833 84.31952 -105.6519 0.1843833 72.2204 -106.9173 0.1843833 77.0907 -112.6955 3.744064 89.72339 -112.2401 3.744064 102.3561 -111.7846 3.744064 114.9888 -111.3292 3.744064 127.6215 -110.8737 3.744064 140.2543 -110.4183 3.744064 152.887 -109.9628 3.744064 152.887 -109.9628 0.1843833 140.2543 -110.4182 0.1843833 127.6215 -110.8737 0.1843833 114.9888 -111.3292 0.1843833 102.3561 -111.7845 0.1843833 89.72339 -112.2401 0.1843833 77.0907 -112.6955 0.1843833 82.69983 -119.3625 3.744064 95.3678 -118.8756 3.744064 108.0357 -118.3887 3.744064 120.7036 -117.9019 3.744064 133.3715 -117.415 3.744064 146.0393 -116.9282 3.744064 158.7073 -116.4413 3.744064 158.7073 -116.4413 0.1843833 146.0393 -116.9282 0.1843833 133.3715 -117.415 0.1843833 120.7036 -117.9019 0.1843833 108.0357 -118.3887 0.1843833 95.36774 -118.8756 0.1843833 82.69983 -119.3625 0.1843833 88.92884 -124.5231 3.744064 101.5612 -124.0374 3.744064 114.1934 -123.5517 3.744064 126.8258 -123.066 3.744064 139.4581 -122.5803 3.744064 152.0903 -122.0945 3.744064 164.7227 -121.6088 3.744064 164.7227 -121.6088 0.1843833 152.0903 -122.0945 0.1843833 139.4581 -122.5803 0.1843833 126.8257 -123.066 0.1843833 114.1934 -123.5517 0.1843833 101.5612 -124.0374 0.1843833 88.92884 -124.5231 0.1843833 94.69507 -130.776 3.744064 107.3166 -130.2783 3.744064 119.938 -129.7806 3.744064 132.5596 -129.283 3.744064 145.181 -128.7853 3.744064 157.8025 -128.2877 3.744064 170.424 -127.79 3.744064 170.424 -127.79 0.1843833 157.8025 -128.2877 0.1843833 145.181 -128.7853 0.1843833 132.5596 -129.283 0.1843833 119.938 -129.7806 0.1843833 107.3166 -130.2783 0.1843833 94.69507 -130.776 0.1843833 104.4393 -139.5416 3.744064 116.9284 -139.0409 3.744064 129.4176 -138.5402 3.744064 141.9067 -138.0394 3.744064 154.3959 -137.5387 3.744064 166.8851 -137.0379 3.744064 179.3743 -136.5372 3.744064 179.3743 -136.5372 0.1843833 166.8851 -137.0379 0.1843833 154.3959 -137.5387 0.1843833 141.9067 -138.0394 0.1843833 129.4176 -138.5402 0.1843833 116.9284 -139.0409 0.1843833 104.4393 -139.5416 0.1843833 112.5717 -146.5913 3.744064 124.8699 -146.0866 3.744064 137.1681 -145.5819 3.744064 149.4664 -145.0772 3.744064 161.7646 -144.5725 3.744064 174.0629 -144.0677 3.744064 186.3611 -143.5631 3.744064 186.3611 -143.5631 0.1843833 174.0629 -144.0677 0.1843833 161.7646 -144.5725 0.1843833 149.4664 -145.0772 0.1843833 137.1681 -145.5819 0.1843833 124.8699 -146.0866 0.1843833 112.5717 -146.5913 0.1843833 127.1721 -158.4872 3.744064 138.9543 -157.999 3.744064 150.7366 -157.5107 3.744064 162.5188 -157.0225 3.744064 174.3011 -156.5343 3.744064 186.0834 -156.046 3.744064 197.8656 -155.5579 3.744064 197.8656 -155.5579 0.1843833 186.0833 -156.0461 0.1843833 174.3011 -156.5343 0.1843833 162.5188 -157.0225 0.1843833 150.7366 -157.5107 0.1843833 138.9543 -157.999 0.1843833 127.1721 -158.4872 0.1843833 135.04 -165.4874 3.744064 146.4664 -165.0106 3.744064 157.8929 -164.5337 3.744064 169.3193 -164.0569 3.744064 180.7457 -163.5801 3.744064 192.1721 -163.1032 3.744064 203.5985 -162.6263 3.744064 203.5985 -162.6263 0.1843833 192.1721 -163.1032 0.1843833 180.7457 -163.5801 0.1843833 169.3193 -164.0569 0.1843833 157.8929 -164.5337 0.1843833 146.4665 -165.0106 0.1843833 135.04 -165.4874 0.1843833 142.4315 -171.2475 3.744064 153.5732 -170.7797 3.744064 164.715 -170.312 3.744064 175.8567 -169.8442 3.744064 186.9985 -169.3765 3.744064 198.1401 -168.9087 3.744064 209.2819 -168.441 3.744064 209.2819 -168.441 0.1843833 198.1401 -168.9087 0.1843833 186.9984 -169.3765 0.1843833 175.8567 -169.8442 0.1843833 164.715 -170.312 0.1843833 153.5732 -170.7797 0.1843833 142.4315 -171.2475 0.1843833 153.324 -179.1494 3.744064 164.0388 -178.6953 3.744064 174.7534 -178.2413 3.744064 185.4681 -177.7872 3.744064 196.1829 -177.3331 3.744064 206.8975 -176.879 3.744064 217.6122 -176.4249 3.744064 217.6122 -176.4249 0.1843833 206.8975 -176.879 0.1843833 196.1829 -177.3331 0.1843833 185.4681 -177.7872 0.1843833 174.7534 -178.2413 0.1843833 164.0388 -178.6953 0.1843833 153.324 -179.1494 0.1843833 171.7439 -190.5382 3.744064 181.7291 -190.1074 3.744064 191.7143 -189.6766 3.744064 201.6995 -189.2458 3.744064 211.6847 -188.8151 3.744064 221.6699 -188.3843 3.744064 231.6551 -187.9535 3.744064 231.6551 -187.9535 0.1843833 221.6699 -188.3843 0.1843833 211.6847 -188.8151 0.1843833 201.6995 -189.2458 0.1843833 191.7144 -189.6766 0.1843833 181.7291 -190.1074 0.1843833 171.744 -190.5382 0.1843833 197.0203 -202.7676 3.744064 207.7239 -202.3883 3.744064 216.855 -201.9849 3.744064 225.9861 -201.5813 3.744064 235.1172 -201.1779 3.744064 244.2484 -200.7743 3.744064 253.3795 -200.3708 3.744064 253.3795 -200.3708 0.1843833 244.2484 -200.7744 0.1843833 235.1173 -201.1779 0.1843833 225.9861 -201.5814 0.1843833 216.855 -201.9849 0.1843833 207.7239 -202.3883 0.1843833 198.5926 -202.7919 0.1843833 224.0642 -216.7089 3.744064 232.1811 -216.3378 3.744064 240.2981 -215.9667 3.744064 248.415 -215.5956 3.744064 256.532 -215.2245 3.744064 264.6491 -214.8534 3.744064 272.7659 -214.4823 3.744064 272.7659 -214.4823 0.1843833 264.6491 -214.8534 0.1843833 256.532 -215.2245 0.1843833 248.415 -215.5956 0.1843833 240.2981 -215.9667 0.1843833 232.1811 -216.3378 0.1843833 224.0641 -216.7089 0.1843833 249.1147 -227.8518 3.740528 255.5531 -227.6173 3.736992 261.9916 -227.3829 3.733456 268.43 -227.1486 3.729919 274.8685 -226.9142 3.726383 281.307 -226.6798 3.722851 287.7454 -226.4454 3.719315 287.7454 -226.4454 0.2091369 281.307 -226.6798 0.2056007 274.8685 -226.9142 0.2020645 268.4299 -227.1486 0.1985282 261.9916 -227.3829 0.194992 255.5531 -227.6173 0.1914558 249.1147 -227.8518 0.1879196 266.9094 -236.4569 3.740528 271.6371 -236.8611 3.736992 276.3648 -237.2653 3.733456 281.0924 -237.6693 3.729919 285.8201 -238.0735 3.726383 290.5477 -238.4775 3.722851 295.2754 -238.8817 3.719315 295.2754 -238.8817 0.2091369 290.5477 -238.4775 0.2056007 285.8201 -238.0735 0.2020645 281.0924 -237.6693 0.1985282 276.3648 -237.2653 0.194992 271.6371 -236.8611 0.1914558 266.9094 -236.4569 0.1879196 297.5479 -249.8805 3.738201 297.7051 -249.9281 3.732342 297.8624 -249.9759 3.726479 298.0197 -250.0237 3.720619 298.1769 -250.0713 3.714756 298.3341 -250.119 3.708897 298.4915 -250.1669 3.703033 298.4915 -250.1669 0.2254142 298.3341 -250.119 0.219551 298.177 -250.0714 0.2136917 298.0197 -250.0237 0.2078285 297.8624 -249.9759 0.2019691 297.7051 -249.9281 0.1961059 297.5479 -249.8805 0.1902465 40.17145 -40.13806 3.605686 37.3952 -40.48706 3.605686 34.6189 -40.836 3.605686 31.84265 -41.185 3.605686 29.06635 -41.53393 3.605686 26.2901 -41.88293 3.605686 22.04627 -42.20929 3.605686 22.04627 -42.20929 0.3227615 26.2901 -41.88293 0.3227615 29.06635 -41.53393 0.3227615 31.84265 -41.185 0.3227615 34.6189 -40.836 0.3227615 37.3952 -40.48706 0.3227615 40.17145 -40.13806 0.3227615</float_array>
          <technique_common>
            <accessor source="#troncos_002-mesh-positions-array" count="1026" stride="3">
              <param name="X" type="float"/>
              <param name="Y" type="float"/>
              <param name="Z" type="float"/>
            </accessor>
          </technique_common>
        </source>
        <source id="troncos_002-mesh-normals">
          <float_array id="troncos_002-mesh-normals-array" count="4197">-0.9593546 0.2822037 0 -0.951522 0.3075808 0 -0.9807674 0.1951804 0 -0.9814829 0.1915504 0 -0.9958177 0.09136313 0 -0.9829782 0.1837221 0 -0.9997469 0.02249854 0 -0.9860888 -0.1662201 0 -0.9977461 -0.06710344 0 -0.985462 -0.1698964 0 -0.9667974 -0.2555443 0 -0.9724714 -0.2330222 0 -0.8428812 -0.5380997 0 -0.9561152 -0.2929912 0 -0.7773796 -0.629032 0 -0.682532 -0.7308558 0 -0.7208008 -0.6931424 0 -0.5727054 -0.8197613 0 -0.5373449 -0.8433626 0 -0.5538944 -0.832587 0 -0.5276494 -0.8494623 0 -0.4990603 -0.8665673 0 -0.5028944 -0.8643479 0 -0.48925 -0.8721436 0 -0.4937573 -0.8695998 0 -0.433988 -0.9009187 0 -0.3755605 -0.9267979 0 -0.3762494 -0.9265185 0 0.6218304 0.783152 9.91553e-6 0.6176825 0.7864276 0 0.7237133 0.6901007 0 0 0 1 0 0 -1 0 0 -1 0 0 1 0 0 -1 0 0 -1 0 0 1 0 0 -1 0 0 1 0 0 1 0 0 1 0 0 -1 0 0 1 0 0 -1 0 0 1 0 0 -1 0 0 1 -3.22938e-6 -0.001939296 0.9999982 -0.335432 -0.9420645 0 0.9746356 0.223798 0 0.8515845 0.5242174 0 6.17811e-4 -0.001008272 0.9999994 5.53994e-4 4.30303e-4 0.9999998 5.64488e-4 0.001390039 -0.9999989 0 0 1 0 0 1 0 0 -1 0 0 1 0 0 1 0 0 1 0 0 1 0 0 1 0 0 1 0 0 1 0 0 1 0 0 1 0 0 1 0 0 -1 0 0 1 0 0 1 0 0 -1 0 0 -1 0 0 1 0 0 1 6.63879e-4 0.03106421 0.9995172 0.00112158 0.002767801 -0.9999956 0.6196262 0.7848971 0 0.6037675 0.7971606 0 0.6249927 0.7806307 0 0.6408945 0.767629 0 0.6458554 0.7634599 -1.18494e-5 0.6483557 0.7613377 0 0.713046 0.7011173 0 0.7200333 0.6939396 0 0.7896198 0.6135964 -5.19302e-6 0.817401 0.5760691 0 0.8477703 0.5303636 -1.22329e-5 0.8588923 0.5121563 0 0.8219619 0.5695424 0 0.8422072 0.539154 0 0.8618326 0.507193 0 0.8359015 0.5488796 0 0.8501837 0.5264862 0 0.9194482 0.3932112 0 0.6989762 0.7151451 0 0.6577183 0.753264 0 0.6684318 0.7437735 0 0.8529048 0.5220664 0 0.7068218 0.7073917 0 0.02135699 0.999772 0 0.3066344 0.9518274 0 6.63643e-4 0.03106385 -0.9995172 -0.2666328 0.9637983 0 6.63913e-4 0.0310648 -0.9995172 6.63921e-4 0.03106504 -0.9995172 6.63926e-4 0.03106522 -0.9995172 6.63925e-4 0.03106504 -0.9995172 6.63918e-4 0.0310654 -0.9995172 6.63919e-4 0.03106504 -0.9995172 6.63917e-4 0.03106462 -0.9995172 0.02135723 0.999772 0 0.02137631 0.9997715 0 0.02135676 0.999772 0 6.17054e-4 -0.001008689 -0.9999994 6.87603e-4 -4.79921e-4 -0.9999997 7.58644e-4 5.25885e-5 -0.9999997 8.30948e-4 5.89267e-4 -0.9999995 9.01994e-4 0.001126945 -0.9999991 9.74355e-4 0.001669466 -0.9999982 0.001047194 0.002215564 -0.9999971 6.63657e-4 0.03106343 0.9995173 6.63876e-4 0.03106403 0.9995172 6.6388e-4 0.03106421 0.9995172 6.63981e-4 0.03106462 0.9995172 6.63888e-4 0.03106421 0.9995172 6.63988e-4 0.03106421 0.9995172 6.63979e-4 0.03106421 0.9995172 0 0 1 0 0 1 0 0 1 0 0 1 0 0 1 0 0 1 0 0 1 0 0 1 0 0 1 0 0 1 0 0 -1 0 0 -1 0 0 -1 0 0 1 0 0 1 0 0 1 0 0 1 0 0 1 0 0 1 0 0 1 0 0 1 0 0 1 0 0 1 0 0 1 0 0 1 0 0 1 0 0 -1 0 0 -1 0 0 1 0 0 1 0 0 1 0 0 1 0 0 1 0 0 1 0 0 1 0 0 1 0 0 1 0 0 1 0 0 1 0 0 1 0 0 1 0 0 1 0 0 1 0 0 1 0 0 1 0 0 1 0 0 1 0 0 1 0 0 1 0 0 -1 0 0 -1 0 0 1 0 0 1 0 0 1 0 0 1 0 0 1 0 0 1 0 0 1 0 0 1 0 0 1 0 0 1 0 0 1 0 0 1 0 0 1 0 0 1 0 0 -1 0 0 1 0 0 1 0 0 1 0 0 1 0 0 1 0 0 1 0 0 1 0 0 1 0 0 1 0 0 1 0 0 1 0 0 1 0 0 1 0 0 1 0 0 -1 0 0 -1 0 0 -1 0 0 1 0 0 1 0 0 1 0 0 1 0 0 1 0 0 1 0 0 1 0 0 1 0 0 1 0 0 1 0 0 1 0 0 1 0 0 1 0 0 1 0 0 1 0 0 1 0 0 1 0 0 1 0 0 1 0 0 1 0 0 1 0 0 -1 0 0 -1 0 0 -1 0 0 1 0 0 1 0 0 1 0 0 1 0 0 1 0 0 1 0 0 1 0 0 1 0 0 1 0 0 1 0 0 1 0 0 1 0 0 1 0 0 1 0 0 -1 5.53445e-4 4.29899e-4 -0.9999998 5.54518e-4 5.28172e-4 -0.9999998 5.55699e-4 6.36162e-4 -0.9999997 5.57536e-4 7.56096e-4 -0.9999997 5.58458e-4 8.87676e-4 -0.9999995 5.60087e-4 0.001035273 -0.9999994 5.61902e-4 0.001201093 -0.9999992 5.64009e-4 0.001388728 0.9999989 5.61906e-4 0.001201093 0.9999991 5.60601e-4 0.001036286 0.9999994 5.58495e-4 8.87671e-4 0.9999995 5.5701e-4 7.5538e-4 0.9999996 5.55699e-4 6.36165e-4 0.9999997 5.54538e-4 5.28177e-4 0.9999997 0.001120567 0.002765178 0.9999956 0.001047194 0.002215564 0.9999971 9.75344e-4 0.001671493 0.9999982 9.01982e-4 0.001126945 0.9999991 8.3001e-4 5.87896e-4 0.9999995 7.58615e-4 5.22754e-5 0.9999998 6.87568e-4 -4.79922e-4 0.9999997 -0.3354319 -0.9420645 0 -0.3351442 -0.9421669 0 -0.3354317 -0.9420645 -5.55881e-6 -0.3353294 -0.9421011 -5.57891e-6 -0.3353295 -0.942101 0 -3.23272e-6 -0.001939594 -0.9999982 -2.78273e-6 -0.00167042 -0.9999986 -2.34085e-6 -0.001398682 -0.9999991 -1.87339e-6 -0.001124083 -0.9999994 -1.41222e-6 -8.47204e-4 -0.9999997 -9.44807e-7 -5.67609e-4 -0.9999999 -4.74685e-7 -2.8531e-4 -1 0 0 1 -4.92907e-7 -2.85041e-4 1 -9.50365e-7 -5.67343e-4 0.9999999 -1.4052e-6 -8.47217e-4 0.9999997 -1.85223e-6 -0.001124143 0.9999995 -2.35342e-6 -0.001398444 0.9999991 -2.79347e-6 -0.001670122 0.9999986 0 0 1 0 0 1 0 0 1 0 0 1 0 0 1 0 0 1 0 0 1 0 0 -1 0 0 -1 0 0 -1 0 0 1 0 0 1 0 0 1 0 0 1 0 0 1 0 0 1 0 0 1 0 0 -1 0 0 -1 0 0 -1 0 0 1 0 0 1 0 0 1 0 0 1 0 0 1 0 0 1 0 0 1 0 0 -1 0 0 -1 0 0 -1 0 0 1 0 0 1 0 0 1 0 0 1 0 0 1 0 0 1 0 0 1 0 0 1 0 0 1 0 0 1 0 0 1 0 0 1 0 0 1 0 0 1 0 0 -1 0 0 -1 0 0 -1 0 0 -1 0 0 -1 0 0 -1 0 0 -1 0 0 1 0 0 1 0 0 1 0 0 1 0 0 1 0 0 1 0 0 1 0 0 -1 0 0 -1 0 0 -1 0 0 -1 0 0 -1 0 0 -1 0 0 1 0 0 1 0 0 1 0 0 1 0 0 1 0 0 1 0 0 1 0 0 -1 0 0 -1 0 0 -1 0 0 -1 0 0 -1 0 0 -1 0 0 1 0 0 1 0 0 1 0 0 1 0 0 1 0 0 1 0 0 1 0 0 -1 0 0 -1 0 0 -1 0 0 -1 0 0 -1 0 0 -1 0 0 1 0 0 1 0 0 1 0 0 1 0 0 1 0 0 1 0 0 1 -0.001547813 0.01444125 0.9998946 -0.871706 -0.4900295 0 -0.8420675 -0.5393722 0 -0.8336836 -0.5522425 0 -0.8115464 -0.5842881 0 -0.8222507 -0.5691256 0 -0.7903829 -0.6126133 0 -0.7742438 -0.6328875 0 -0.7980018 -0.6026552 0 -0.7686784 -0.6396355 0 -0.7533606 -0.6576077 0 -0.709983 -0.7042189 0 -0.6639195 -0.7478042 0 -0.671038 -0.7414231 0 -0.6465221 -0.7628954 0 -0.6475725 -0.762004 0 -0.6178908 -0.786264 0 -0.5995905 -0.800307 0 -0.510388 -0.8599443 0 -0.5717423 -0.8204333 0 -0.4469943 -0.885386 -0.1276236 -0.4164733 -0.909148 0 -0.3807563 -0.9246755 0 -0.3644574 -0.9312201 0 -0.3781087 -0.9257612 0 0.5121461 0.8588984 0 0.6100181 0.7923874 0 0.6729175 0.7397176 2.40732e-5 -0.001668632 0.01327401 0.9999106 0.1639026 0.9864766 0 0.4110107 0.8951494 0.1725631 0 0 1 0 0 1 0 0 1 0 0 1 0 0 -1 0 0 1 0 0 -1 0 0 1 8.94418e-5 -0.00195676 0.9999982 -0.290489 -0.9568784 0 0.9924082 -0.1229883 0 0.9135965 0.4066224 2.81906e-5 6.403e-4 -0.001260221 0.999999 5.37478e-4 3.25388e-4 0.9999998 5.04285e-4 0.00123465 -0.9999991 0 0 1 0 0 1 0 0 1 0 0 1 0 0 1 0 0 -1 0 0 1 0 0 1 0 0 1 0 0 1 0 0 1 0 0 1 0 0 1 0 0 1 0 0 1 0.02531206 0.1867913 -0.9820735 9.56932e-4 0.002444982 -0.9999966 0.6553758 0.755303 0 0.7112796 0.7029091 0 0.7333615 0.679839 0 0.7963624 0.60482 1.15719e-5 0.737823 0.6749943 0 0.7185693 0.6954554 0 0.7041241 0.7100769 2.7715e-5 0.735054 0.6780086 0 0.6539256 0.7565589 0 0.7402548 0.6723265 0 0.7993446 0.6008729 0 0.6307436 0.7759913 -7.61048e-6 0.6397473 0.7685853 0 0.6858291 0.7277627 0 0.6860062 0.7275958 0 0.6289373 0.7774561 0 0.4968278 0.8678492 0 0.5945807 0.804036 0 0.4317793 0.9019793 0 0 0 1 -0.001645982 0.01309388 0.999913 -0.1247246 0.9921914 0 -0.001122653 0.0145992 -0.9998928 -0.001765847 0.01404702 -0.9998998 -0.001740157 0.01384592 -0.9999027 -0.001715838 0.01364946 -0.9999054 -0.001691639 0.0134598 -0.999908 -0.001668632 0.01327407 -0.9999105 -0.1065768 0.9943045 0 -0.07667458 0.9970562 0 -0.1247274 0.9921911 0 -0.1247033 0.9921942 0 6.39444e-4 -0.001260101 -0.999999 6.8469e-4 -7.40386e-4 -0.9999996 7.29357e-4 -2.17902e-4 -0.9999997 7.74335e-4 3.08154e-4 -0.9999997 8.19537e-4 8.37171e-4 -0.9999994 8.65114e-4 0.001369953 -0.9999987 9.10923e-4 0.001905739 -0.9999979 -0.001691639 0.0134598 0.999908 -0.001715838 0.01364946 0.9999055 -0.001740157 0.01384592 0.9999027 -0.001765787 0.01404702 0.9998999 -0.001122474 0.0145992 0.9998928 -0.001259326 0.0144602 -0.9998947 0 0 1 0 0 1 0 0 1 0 0 1 0 0 1 0 0 1 0.03845489 0.06852233 -0.9969082 -0.8945113 -0.4470456 0 -0.0173673 -0.03190785 -0.99934 0 0 -1 0 0 -1 0 0 1 0 0 1 0 0 1 0 0 1 0 0 1 0 0 1 0 0 1 0 0 1 0 0 1 0 0 1 0 0 1 0 0 1 0 0 1 0 0 1 0 0 -1 0 0 -1 0 0 -1 0 0 -1 0 0 1 0 0 1 0 0 1 0 0 1 0 0 1 0 0 1 0 0 1 0 0 1 0 0 1 0 0 1 0 0 1 0 0 1 0 0 1 0 0 1 0 0 1 0 0 1 0 0 1 0 0 1 0 0 1 0 0 1 0 0 1 0 0 -1 0 0 1 0 0 1 0 0 1 0 0 1 0 0 1 0 0 1 0 0 1 0 0 1 0 0 1 0 0 1 0 0 1 0 0 1 0 0 1 0 0 1 0 0 -1 0 0 -1 0 0 -1 0 0 1 0 0 1 0 0 1 0 0 1 0 0 1 0 0 1 0 0 1 0 0 1 0 0 1 0 0 1 0 0 1 0 0 1 0 0 1 0 0 1 0 0 -1 0 0 1 0 0 1 0 0 1 0 0 1 0 0 1 0 0 1 0 0 1 0 0 1 0 0 1 0 0 1 0 0 1 0 0 1 0 0 1 0 0 1 0 0 1 0 0 1 0 0 1 0 0 1 0 0 1 0 0 1 0 0 1 0 0 -1 0 0 -1 0 0 1 0 0 1 0 0 1 0 0 1 0 0 1 0 0 1 0 0 1 0 0 1 0 0 1 0 0 1 0 0 1 0 0 1 0 0 1 0 0 1 0 0 -1 0 0 -1 0 0 -1 0 0 -1 5.36809e-4 3.25032e-4 -0.9999998 5.34006e-4 4.18273e-4 -0.9999998 5.30287e-4 5.20419e-4 -0.9999998 5.26175e-4 6.33288e-4 -0.9999997 5.21631e-4 7.58673e-4 -0.9999996 5.16517e-4 8.98729e-4 -0.9999995 5.10764e-4 0.001056194 -0.9999994 5.04304e-4 0.00123465 0.9999991 5.10846e-4 0.001056194 0.9999994 5.16596e-4 8.98729e-4 0.9999995 5.21555e-4 7.58664e-4 0.9999997 5.26206e-4 6.33289e-4 0.9999998 5.29791e-4 5.19859e-4 0.9999998 5.34018e-4 4.18273e-4 0.9999998 9.56946e-4 0.002445042 0.9999966 9.10966e-4 0.001905739 0.9999978 8.6516e-4 0.001369953 0.9999987 8.19497e-4 8.37161e-4 0.9999994 7.74389e-4 3.08161e-4 0.9999997 7.28525e-4 -2.1883e-4 0.9999997 6.8455e-4 -7.40725e-4 0.9999996 -0.2897522 -0.9571018 0 -0.2909771 -0.95673 0 -0.2899042 -0.9570557 0 -0.2903236 -0.9569286 2.65102e-5 -0.2903722 -0.9569138 0 -0.2910277 -0.9567146 0 -0.2898321 -0.9570776 0 8.94745e-5 -0.001957058 -0.9999982 7.70644e-5 -0.0016855 -0.9999986 6.45217e-5 -0.001411318 -0.9999991 5.18667e-5 -0.001134455 -0.9999994 3.90879e-5 -8.54976e-4 -0.9999997 2.61855e-5 -5.72763e-4 -0.9999998 1.31563e-5 -2.87775e-4 -1 0 0 1 1.31995e-5 -2.87775e-4 1 2.62282e-5 -5.7276e-4 0.9999998 3.90547e-5 -8.54976e-4 0.9999997 5.18333e-5 -0.001134455 0.9999994 6.44889e-5 -0.001411318 0.9999991 7.71015e-5 -0.001685202 0.9999986 0 0 1 0 0 1 0 0 1 0 0 1 0 0 1 0 0 1 0 0 1 0 0 -1 0 0 1 0 0 1 0 0 1 0 0 -1 0 0 -1 0 0 1 0 0 1 0 0 1 0 0 1 0 0 1 0 0 1 0 0 1 0 0 -1 0 0 -1 0 0 -1 0 0 -1 0 0 -1 0 0 -1 0 0 -1 0 0 -1 0 0 -1 0 0 -1 0 0 -1 0 0 1 0 0 1 0 0 1 0 0 1 0 0 1 0 0 1 0 0 1 0 0 1 0 0 1 0 0 1 0 0 1 0 0 1 0 0 1 0 0 -1 0 0 -1 0 0 1 0 0 1 0 0 -1 0 0 -1 0 0 -1 0 0 1 0 0 1 0 0 1 0 0 1 0 0 1 0 0 -1 0 0 -1 0 0 -1 0 0 -1 0 0 -1 0 0 -1 0 0 -1 0 0 -1 0 0 -1 0 0 -1 -0.9230496 -0.3846809 0 -0.951522 0.3075808 0 -0.9807702 0.1951666 0 -0.9814828 0.1915504 0 -0.9829745 0.1837427 0 -0.9997469 0.02249854 0 -0.9860859 -0.1662371 0 -0.9667953 -0.2555523 0 -0.9724694 -0.2330308 0 -0.9561139 -0.2929953 0 -0.777377 -0.629035 0 -0.6825302 -0.7308574 0 -0.720796 -0.6931474 0 -0.5727068 -0.8197603 0 -0.5373439 -0.8433632 0 -0.5538938 -0.8325874 0 -0.5276483 -0.8494631 0 -0.5028944 -0.8643479 0 -0.4892501 -0.8721436 0 -0.4937576 -0.8695997 0 -0.4339879 -0.9009187 0 -0.3755606 -0.9267979 0 -0.3762494 -0.9265184 0 0.6218318 0.7831509 0 0.6176825 0.7864277 0 0.7237133 0.6901009 0 0 0 -1 0 0 1 0 0 -1 0 0 -1 0 0 -1 0 0 -1 0 0 -1 0 0 -1 0 0 -1 0 0 -1 0 0 -1 0 0 -1 0 0 -1 0 0 -1 5.3072e-4 -0.001696765 0.9999985 5.57944e-4 7.93057e-4 -0.9999996 -0.3354321 -0.9420644 0 0.9746356 0.2237981 0 0.04057163 0.007658123 0.9991474 8.19709e-4 5.04559e-4 0.9999995 0.001052439 0.002249836 -0.9999969 0 0 -1 0 0 -1 0 0 -1 0 0 -1 0 0 -1 0 0 1 0 0 1 0 0 -1 6.63648e-4 0.03106558 0.9995172 0.175109 0.3959004 -0.9014432 0.6196253 0.7848978 8.85472e-6 0.6037669 0.7971609 0 0.6408921 0.7676311 -1.0754e-5 0.6458569 0.7634587 0 0.7130469 0.7011164 0 0.7200329 0.6939399 0 0.7896205 0.6135956 0 0.8173978 0.5760738 -1.30644e-5 0.8477712 0.5303622 0 0.8588923 0.5121563 0 0.821962 0.5695425 0 0.8422091 0.5391511 0 0.8618326 0.507193 0 0.8358997 0.5488823 0 0.8501855 0.5264834 0 0.9194482 0.3932113 0 0.6989761 0.7151451 0 0.6577183 0.7532641 0 0.6684319 0.7437734 0 0.8529083 0.5220608 0 0.7068218 0.7073917 0 0.02135699 0.999772 0 0.3066353 0.9518271 0 6.636e-4 0.03106534 -0.9995172 -0.2666313 0.9637987 0 6.63635e-4 0.03106671 -0.9995171 6.63615e-4 0.03106534 -0.9995172 6.64196e-4 0.03106534 -0.9995172 6.64208e-4 0.03106546 -0.9995172 6.63613e-4 0.03106462 -0.9995172 6.6362e-4 0.0310651 -0.9995172 6.64222e-4 0.03106558 -0.9995172 0.02137583 0.9997715 0 0.04054993 0.007652759 -0.9991483 0.04753047 0.02735382 -0.9984952 0.05630564 0.05206573 -0.9970551 0.06741452 0.08369368 -0.9942085 0.08222985 0.1258285 -0.9886382 0.1024029 0.1837548 -0.9776237 0.1315499 0.2679861 -0.9543994 6.63688e-4 0.03106439 0.9995173 6.64155e-4 0.03106439 0.9995173 6.63678e-4 0.03106397 0.9995172 6.63448e-4 0.03106409 0.9995172 6.64338e-4 0.03106439 0.9995173 6.64089e-4 0.03106462 0.9995172 6.63395e-4 0.03106415 0.9995172 0 0 1 0 0 1 0 0 1 0 0 1 0 0 1 0 0 1 0 0 -1 0 0 -1 0 0 -1 0 0 -1 0 0 -1 0 0 -1 0 0 -1 0 0 -1 0 0 -1 0 0 -1 0 0 -1 0 0 -1 0 0 -1 0 0 -1 0 0 1 0 0 1 0 0 1 0 0 1 0 0 1 0 0 1 0 0 1 0 0 -1 0 0 -1 0 0 -1 0 0 -1 0 0 -1 0 0 -1 0 0 -1 0 0 1 0 0 1 0 0 1 0 0 -1 0 0 -1 0 0 -1 0 0 -1 0 0 -1 0 0 1 0 0 1 0 0 1 0 0 -1 0 0 -1 0 0 -1 0 0 -1 0 0 -1 0 0 -1 0 0 -1 0 0 -1 0 0 -1 0 0 -1 0 0 -1 0 0 -1 0 0 -1 0 0 -1 0 0 1 0 0 1 0 0 1 0 0 1 0 0 1 0 0 -1 0 0 -1 0 0 -1 0 0 -1 0 0 -1 0 0 -1 0 0 -1 0 0 -1 0 0 -1 0 0 -1 0 0 -1 0 0 -1 0 0 -1 0 0 -1 0 0 1 0 0 1 0 0 1 0 0 1 0 0 -1 0 0 -1 0 0 -1 0 0 -1 0 0 -1 0 0 -1 0 0 -1 8.18878e-4 5.04084e-4 -0.9999995 8.38523e-4 6.51339e-4 -0.9999995 8.61042e-4 8.20134e-4 -0.9999994 8.87951e-4 0.001016497 -0.9999992 9.17668e-4 0.001244425 -0.9999989 9.53908e-4 0.001516222 -0.9999985 9.97659e-4 0.001844167 -0.9999979 0.001051425 0.002247691 0.999997 9.9774e-4 0.001844167 0.9999979 9.54702e-4 0.001517653 0.9999985 9.17659e-4 0.001244425 0.9999989 8.87221e-4 0.001015543 0.9999992 8.61008e-4 8.20134e-4 0.9999994 8.38471e-4 6.51343e-4 0.9999995 0.1750355 0.3957211 0.9015362 0.1315501 0.2679895 0.9543985 0.1024534 0.1838566 0.9775992 0.08223223 0.1258271 0.9886382 0.06745576 0.08374553 0.9942015 0.0562458 0.05200797 0.9970616 0.04753226 0.02735382 0.9984951 -0.3354321 -0.9420644 0 -0.3351438 -0.9421671 0 -0.3353297 -0.9421009 0 -0.3353296 -0.942101 0 -0.335432 -0.9420645 0 5.30122e-4 -0.001697242 -0.9999985 5.33876e-4 -0.001354396 -0.9999989 5.37679e-4 -0.001007497 -0.9999994 5.42061e-4 -6.55651e-4 -0.9999997 5.4543e-4 -3.00686e-4 -0.9999999 5.49375e-4 5.90855e-5 -0.9999999 5.53371e-4 4.23305e-4 -0.9999998 5.57405e-4 7.92307e-4 0.9999995 5.53448e-4 4.2357e-4 0.9999998 5.49911e-4 5.99542e-5 0.9999999 5.45403e-4 -3.00684e-4 0.9999999 5.41523e-4 -6.56107e-4 0.9999997 5.37688e-4 -0.001007258 0.9999994 5.33827e-4 -0.001354157 0.999999 0 0 1 0 0 1 0 0 -1 0 0 -1 0 0 -1 0 0 -1 0 0 -1 0 0 -1 0 0 -1 0 0 -1 0 0 -1 0 0 -1 0 0 -1 0 0 -1 0 0 -1 0 0 -1 0 0 -1 0 0 -1 0 0 -1 0 0 -1 0 0 -1 0 0 -1 0 0 -1 0 0 -1 0 0 -1 0 0 -1 0 0 -1 0 0 -1 0 0 -1 0 0 -1 0 0 -1 0 0 -1 0 0 -1 0 0 -1 0 0 -1 0 0 -1 0 0 -1 0 0 -1 0 0 -1 0 0 -1 0 0 -1 0 0 -1 0 0 -1 0 0 -1 0 0 -1 0 0 1 0 0 1 0 0 1 0 0 1 0 0 1 0 0 -1 0 0 -1 0 0 -1 0 0 -1 0 0 -1 0 0 -1 0 0 -1 0 0 -1 0 0 -1 0 0 -1 0 0 -1 0 0 -1 0 0 -1 0 0 -1 0 0 1 0 0 -1 0 0 -1 0 0 -1 0 0 -1 0 0 -1 0 0 -1 0 0 -1 0 0 -1 0 0 -1 0 0 -1 0 0 -1 0 0 -1 0 0 -1 0 0 -1 0 0 -1 0 0 -1 0 0 -1 0 0 -1 0 0 -1 0 0 -1 0 0 -1 0 0 -1 0 0 -1 0 0 -1 0 0 -1 0 0 -1 0 0 -1 0 0 -1 0 0 -1 0 0 -1 0 0 -1 0 0 -1 0 0 -1 0 0 -1 0 0 -1 0 0 1 0 0 1 0 0 1 0 0 1 0 0 -1 0 0 -1 0 0 -1 0 0 -1 0 0 -1 0 0 -1 0 0 -1 0 0 -1 0 0 -1 0 0 -1 0 0 -1 0 0 -1 0 0 -1 0 0 1 0 0 1 -0.001259386 0.0144602 0.9998947 -0.8420675 -0.5393722 0 -0.833684 -0.5522419 0 -0.8115463 -0.5842882 0 -0.8222501 -0.5691265 0 -0.7903822 -0.612614 0 -0.7742433 -0.6328881 0 -0.7980012 -0.602656 0 -0.768679 -0.6396349 0 -0.7099829 -0.7042189 0 -0.6639188 -0.7478048 0 -0.6465229 -0.7628946 0 -0.6475733 -0.7620033 0 -0.6178908 -0.786264 0 -0.5103873 -0.8599447 0 -0.4642999 -0.8856781 0 -0.4011321 -0.9088965 -0.1140186 -0.3807559 -0.9246756 0 -0.3781082 -0.9257615 0 0.5121468 0.8588981 0 0.6100189 0.7923869 0 0.6729217 0.7397138 0 -0.001473605 0.01398575 0.9999011 0.1584399 0.9854055 0.06223392 0.4427106 0.8966646 0 0 0 -1 0 0 -1 0 0 1 0 0 -1 0 0 -1 0 0 1 0 0 -1 0 0 -1 0 0 -1 0 0 -1 0 0 -1 0 0 1 0 0 -1 0 0 -1 6.10008e-4 -0.001667201 0.9999985 5.18357e-4 8.47972e-4 -0.9999995 -0.290416 -0.9569005 0 0.9924082 -0.1229878 0 0.9136 0.4066143 0 0.03539979 -0.006088137 0.9993547 7.7742e-4 3.46083e-4 0.9999997 9.08547e-4 0.001878798 -0.9999979 0 0 -1 0 0 -1 0 0 1 0 0 1 0 0 -1 0 0 -1 0 0 -1 0 0 1 0 0 -1 0 0 1 0.0711776 0.3884574 -0.9187136 0.1160602 0.2647326 -0.9573123 0.6553768 0.7553022 0 0.7333672 0.6798328 1.2955e-5 0.7963616 0.6048209 0 0.7378241 0.6749932 0 0.7185776 0.6954469 2.44369e-5 0.7041293 0.7100718 0 0.7350519 0.6780109 0 0.6539257 0.7565589 0 0.7402548 0.6723265 0 0.7993423 0.600876 -1.18295e-5 0.6307473 0.7759883 0 0.6397483 0.7685846 0 0.6860072 0.7275948 0 0.6289373 0.7774562 0 0.4968277 0.8678492 0 0.4317793 0.9019793 0 -0.001725196 0.01273745 0.9999174 -0.1247248 0.9921914 0 -0.001516997 0.01439607 -0.9998952 -0.001508057 0.01431214 -0.9998965 -0.001499295 0.01422917 -0.9998977 -0.001490771 0.01414686 -0.9998989 -0.001482129 0.01406604 -0.9999 -0.001473665 0.01398575 -0.9999011 -0.1065766 0.9943046 0 -0.07667458 0.9970562 0 -0.1247273 0.9921911 0 -0.1247031 0.9921941 0 0.03542304 -0.006091773 -0.9993539 0.04028433 0.01003867 -0.9991379 0.04625427 0.02974086 -0.9984869 0.05360513 0.05424243 -0.9970879 0.06297737 0.08554017 -0.9943423 0.07560324 0.1273253 -0.9889755 0.09184092 0.1828701 -0.978838 -0.001482129 0.01406604 0.9999 -0.001490712 0.0141468 0.9998989 -0.001499354 0.01422917 0.9998977 -0.001508057 0.01431214 0.9998965 -0.001517057 0.01439607 0.9998953 -0.001547873 0.01444125 -0.9998946 0 0 1 0 0 1 -0.0227853 0.01081305 -0.9996819 -0.8945114 -0.4470453 0 0.004652321 -0.03576618 -0.9993494 0 0 -1 0 0 -1 0 0 -1 0 0 -1 0 0 1 0 0 1 0 0 1 0 0 1 0 0 1 0 0 1 0 0 -1 0 0 -1 0 0 -1 0 0 1 0 0 1 0 0 1 0 0 1 0 0 1 0 0 1 0 0 1 0 0 1 0 0 -1 0 0 -1 0 0 -1 0 0 1 0 0 1 0 0 -1 0 0 -1 0 0 -1 0 0 -1 0 0 -1 0 0 -1 0 0 -1 0 0 -1 0 0 -1 0 0 -1 0 0 -1 0 0 -1 0 0 -1 0 0 -1 0 0 1 0 0 1 0 0 -1 0 0 -1 0 0 -1 0 0 -1 0 0 -1 0 0 -1 0 0 -1 0 0 1 0 0 1 0 0 1 0 0 1 0 0 1 0 0 1 0 0 -1 0 0 -1 0 0 1 0 0 1 0 0 1 0 0 1 0 0 1 0 0 1 0 0 -1 0 0 -1 0 0 -1 0 0 -1 0 0 -1 0 0 -1 0 0 -1 7.7674e-4 3.45699e-4 -0.9999997 7.88818e-4 4.77622e-4 -0.9999997 8.0166e-4 6.27907e-4 -0.9999996 8.16486e-4 8.01294e-4 -0.9999994 8.33753e-4 0.001003444 -0.9999992 8.54192e-4 0.001242339 -0.9999989 8.78693e-4 0.001528859 -0.9999985 9.08449e-4 0.001878798 0.9999979 8.78593e-4 0.001528859 0.9999985 8.54109e-4 0.001242339 0.9999989 8.33688e-4 0.001003444 0.9999992 8.16436e-4 8.01294e-4 0.9999994 8.00594e-4 6.27232e-4 0.9999996 7.88787e-4 4.77622e-4 0.9999997 0.1160283 0.264673 0.9573326 0.09185701 0.1829096 0.9788292 0.07558506 0.1273001 0.9889801 0.06298786 0.08555382 0.9943405 0.05359959 0.05423563 0.9970886 0.04623228 0.0297268 0.9984884 0.04028493 0.01003831 0.9991378 -0.2897624 -0.9570986 0 -0.2910595 -0.956705 0 -0.2905613 -0.9568564 1.70231e-5 -0.2897117 -0.957114 0 -0.2904563 -0.9568883 0 -0.2910839 -0.9566975 0 -0.2897875 -0.9570911 0 6.09359e-4 -0.001667857 -0.9999985 5.97328e-4 -0.001321196 -0.9999991 5.8457e-4 -9.70679e-4 -0.9999994 5.71647e-4 -6.15851e-4 -0.9999997 5.58585e-4 -2.56633e-4 -0.9999998 5.45343e-4 1.07004e-4 -1 5.31926e-4 4.75178e-4 -0.9999998 5.18317e-4 8.47966e-4 0.9999996 5.31884e-4 4.75176e-4 0.9999998 5.45304e-4 1.07002e-4 1 5.58649e-4 -2.56644e-4 0.9999998 5.71622e-4 -6.1584e-4 0.9999997 5.84058e-4 -9.71159e-4 0.9999994 5.97299e-4 -0.001320838 0.9999991 0 0 1 0 0 1 0 0 -1 0 0 -1 0 0 -1 0 0 -1 0 0 -1 0 0 -1 0 0 -1 0 0 -1 0 0 -1 0 0 -1 0 0 -1 0 0 -1 0 0 -1 0 0 -1 0 0 1 0 0 1 0 0 1 0 0 1 0 0 -1 0 0 -1 0 0 -1 0 0 -1 0 0 -1 0 0 -1 0 0 -1 0 0 -1 0 0 -1 0 0 -1 0 0 -1 0 0 -1 0 0 -1 0 0 -1 0 0 1 0 0 1 0 0 -1 0 0 -1 0 0 -1 0 0 -1 0 0 -1 0 0 -1 0 0 -1 0 0 -1 0 0 -1 0 0 -1 0 0 -1 0 0 -1 0 0 -1 0 0 -1 0 0 1 0 0 1 0 0 1 0 0 1 0 0 1 0 0 -1 0 0 -1 0 0 -1 0 0 -1 0 0 -1 0 0 -1 0 0 -1 0 0 -1 0 0 -1 0 0 -1 0 0 -1 0 0 -1 0 0 -1 0 0 -1 0 0 1 0 0 -1 0 0 -1 0 0 -1 0 0 -1 0 0 -1 0 0 -1 0 0 -1 0 0 -1 0 0 -1 0 0 -1 0 0 -1 0 0 -1 0 0 -1 0 0 -1 0 0 -1 0 0 -1 0 0 -1 0 0 -1 0 0 -1 0 0 -1 0 0 -1 0 0 -1 0 0 -1 0 0 -1 0 0 -1 0 0 -1 0 0 -1 0 0 -1 0 0 -1 0 0 -1 0 0 -1 0 0 -1 -0.9230494 -0.3846815 0</float_array>
          <technique_common>
            <accessor source="#troncos_002-mesh-normals-array" count="1399" stride="3">
              <param name="X" type="float"/>
              <param name="Y" type="float"/>
              <param name="Z" type="float"/>
            </accessor>
          </technique_common>
        </source>
        <source id="troncos_002-mesh-map-0">
          <float_array id="troncos_002-mesh-map-0-array" count="12264">0.173249 0.9720294 0.1786141 0.9912366 0.184523 0.9762361 0.1884692 0.9932921 0.184523 0.9762361 0.1786141 0.9912366 0.1619802 0.9665002 0.1641911 0.9863988 0.173249 0.9720294 0.1519555 0.9610085 0.1509764 0.9804602 0.1619802 0.9665002 0.120802 0.9402343 0.1234284 0.9647641 0.1370041 0.9519947 0.1370041 0.9519947 0.1398173 0.9746353 0.1519555 0.9610085 0.1055536 0.9271326 0.1057769 0.9520114 0.120802 0.9402343 0.07926714 0.8977184 0.07480031 0.9229827 0.09205073 0.9133478 0.09205073 0.9133478 0.08930766 0.9378204 0.1055536 0.9271326 0.0680564 0.8828565 0.06109142 0.9066448 0.07926714 0.8977184 0.04746776 0.8495445 0.03824591 0.8741828 0.05752837 0.8667705 0.05752837 0.8667705 0.04935812 0.8909995 0.0680564 0.8828565 0.02709811 0.7960982 0.01217722 0.821654 0.03214657 0.8176539 0.03214657 0.8176539 0.02772992 0.8560398 0.04746776 0.8495445 0.02436083 0.7653663 0.006590783 0.7981992 0.02709811 0.7960982 0.02936583 0.6945082 0.003723442 0.7394038 0.02480548 0.7401127 0.02480548 0.7401127 0.003469705 0.7657935 0.02436083 0.7653663 0.03545677 0.6682467 0.00864911 0.6922462 0.02936583 0.6945082 0.06578099 0.5646805 0.03262269 0.6003387 0.05351841 0.6041839 0.05351841 0.6041839 0.01463222 0.665041 0.03545677 0.6682467 0.07662802 0.5316359 0.04486811 0.5605214 0.06578099 0.5646805 0.1180834 0.4162151 0.07258921 0.4801263 0.09333473 0.4847499 0.09333473 0.4847499 0.05584996 0.5272091 0.07662802 0.5316359 0.1785835 0.2532587 0.1252388 0.3360405 0.1457749 0.340801 0.1457749 0.340801 0.09743016 0.4115345 0.1180834 0.4162151 0.2130774 0.1784371 0.1586652 0.2480002 0.1785835 0.2532587 0.2993277 0.03094995 0.2280826 0.1135511 0.2462181 0.1189463 0.2462181 0.1189463 0.1943614 0.1724158 0.2130774 0.1784371 0.3516006 0.1951467 0.3235335 0.2533765 0.3443026 0.2550325 0.3516006 0.1951467 0.3383132 0.12585 0.3308888 0.1937094 0.3582097 0.1258941 0.3343917 0.07984787 0.3383132 0.12585 0.8117041 0.1151463 0.82889 0.1147032 0.8125664 0.1015617 0.3249539 0.8917346 0.3100435 0.8896306 0.3094014 0.9023641 0.1900742 0.9588769 0.184523 0.9762361 0.1994467 0.9648284 0.8071282 0.1530991 0.8273912 0.1556681 0.8071321 0.1393425 0.173355 0.944873 0.1619802 0.9665002 0.1812872 0.9515937 0.1461449 0.9219241 0.1055536 0.9271326 0.120802 0.9402343 0.1323665 0.9078678 0.09205073 0.9133478 0.1055536 0.9271326 0.7885153 0.2096202 0.8206177 0.2095846 0.7957567 0.1897739 0.1090266 0.8767899 0.0680564 0.8828565 0.07926714 0.8977184 0.1202203 0.8931021 0.07926714 0.8977184 0.09205073 0.9133478 0.7686944 0.2685741 0.8031065 0.2717434 0.7748456 0.2493627 0.08019495 0.8275458 0.03214657 0.8176539 0.04746776 0.8495445 0.08957993 0.8448621 0.04746776 0.8495445 0.05752837 0.8667705 0.7442048 0.3471051 0.7870053 0.3333735 0.7562527 0.3090605 0.7349236 0.4011402 0.7715013 0.3951978 0.7393445 0.3699472 0.05931359 0.7725861 0.02436083 0.7653663 0.02709811 0.7960982 0.06124734 0.6700209 0.03545677 0.6682467 0.02936583 0.6945082 0.06766605 0.6436991 0.05351841 0.6041839 0.03545677 0.6682467 0.7382848 0.4944784 0.7669078 0.4957352 0.7351422 0.4708821 0.09618532 0.5415464 0.07662802 0.5316359 0.06578099 0.5646805 0.08475893 0.5803872 0.06578099 0.5646805 0.05351841 0.6041839 0.756312 0.6118642 0.780431 0.6063645 0.7512853 0.5836781 0.1443883 0.3958201 0.1457749 0.340801 0.1180834 0.4162151 0.1217222 0.4628171 0.1180834 0.4162151 0.09333473 0.4847499 0.7882517 0.7695253 0.8016421 0.7273402 0.7758609 0.7075943 0.810507 0.9010897 0.8268926 0.8603903 0.8043776 0.8439286 0.1992956 0.237307 0.2130774 0.1784371 0.1785835 0.2532587 0.3000991 0.03023362 0.2820562 0.006773173 0.2993277 0.03094995 0.2888002 0.005039453 0.3184964 0.04335403 0.3364256 0.03231924 0.3364256 0.03231924 0.3343917 0.07984787 0.3534658 0.07703697 0.7971495 0.9988233 0.8196281 0.9650388 0.8063784 0.9533859 0.8063784 0.9533859 0.8294775 0.9146252 0.810507 0.9010897 0.2288439 0.1660658 0.2462181 0.1189463 0.2130774 0.1784371 0.1696563 0.322342 0.1785835 0.2532587 0.1457749 0.340801 0.8043776 0.8439286 0.8123832 0.7876746 0.7882517 0.7695253 0.7758609 0.7075943 0.7922339 0.6725678 0.7648029 0.6513528 0.1061063 0.5089567 0.09333473 0.4847499 0.07662802 0.5316359 0.7648029 0.6513528 0.7847601 0.6339628 0.756312 0.6118642 0.7512853 0.5836781 0.7761877 0.5736043 0.7461612 0.5501938 0.7461612 0.5501938 0.769599 0.5189281 0.7382848 0.4944784 0.05773711 0.7159849 0.02936583 0.6945082 0.02480548 0.7401127 0.7351422 0.4708821 0.7667554 0.4515818 0.7346806 0.4264488 0.7346806 0.4264488 0.7669919 0.426319 0.7349236 0.4011402 0.05690801 0.7413661 0.02480548 0.7401127 0.02436083 0.7653663 0.06383645 0.7949823 0.02709811 0.7960982 0.03214657 0.8176539 0.7393445 0.3699472 0.776193 0.3723434 0.7442048 0.3471051 0.7562527 0.3090605 0.7932813 0.3128605 0.7632257 0.2890524 0.09885615 0.861433 0.05752837 0.8667705 0.0680564 0.8828565 0.7632257 0.2890524 0.7978525 0.2916685 0.7686944 0.2685741 0.7748456 0.2493627 0.8095327 0.2512594 0.7821592 0.2295213 0.7821592 0.2295213 0.8147019 0.2304477 0.7885153 0.2096202 0.1461449 0.9219241 0.1370041 0.9519947 0.1609246 0.9345402 0.7957567 0.1897739 0.8294775 0.1915898 0.805664 0.172583 0.805664 0.172583 0.8288804 0.170578 0.8071282 0.1530991 0.1609246 0.9345402 0.1519555 0.9610085 0.173355 0.944873 0.1812872 0.9515937 0.173249 0.9720294 0.1900742 0.9588769 0.8071321 0.1393425 0.826115 0.1400306 0.8074986 0.1248596 0.8074986 0.1248596 0.8291068 0.1297305 0.8117041 0.1151463 0.7146245 0.02271294 0.747074 0.03057044 0.6983008 0.009571552 0.2567178 0.1084676 0.2993277 0.03094995 0.2462181 0.1189463 0.3443026 0.2550325 0.316099 0.3084726 0.3370122 0.3102892 0.3101414 0.3478928 0.3370122 0.3102892 0.316099 0.3084726 0.306514 0.3763626 0.3313186 0.3497068 0.3101414 0.3478928 0.306514 0.3763626 0.3242065 0.4115231 0.3277389 0.3779178 0.3028397 0.4101786 0.3189536 0.4679791 0.3242065 0.4115231 0.2954793 0.4914695 0.3189536 0.4679791 0.2974693 0.4669222 0.295161 0.5384994 0.31744 0.491993 0.2954793 0.4914695 0.295161 0.5384994 0.3179521 0.5648851 0.3172292 0.5383265 0.2956961 0.5656317 0.3210585 0.5977452 0.3179521 0.5648851 0.2991451 0.599411 0.3245866 0.6217781 0.3210585 0.5977452 0.3028203 0.6240105 0.3324896 0.6630965 0.3245866 0.6217781 0.3155492 0.6873925 0.3324896 0.6630965 0.3110027 0.6657423 0.3191903 0.7095517 0.3368932 0.684825 0.3155492 0.6873925 0.3229369 0.7308703 0.3409182 0.7071663 0.3191903 0.7095517 0.3271439 0.7527271 0.3447459 0.7283939 0.3229369 0.7308703 0.3304843 0.7747319 0.3487336 0.7504772 0.3271439 0.7527271 0.3337129 0.7972215 0.3522253 0.7726272 0.3304843 0.7747319 0.3377472 0.8160997 0.3557243 0.7950856 0.3337129 0.7972215 0.3377472 0.8160997 0.3573139 0.8375884 0.3582097 0.815512 0.3358247 0.8361356 0.3549954 0.8535238 0.3573139 0.8375884 0.3295762 0.8676431 0.3549954 0.8535238 0.3331144 0.8512181 0.3289187 0.8784523 0.3520574 0.8700003 0.3295762 0.8676431 0.3289187 0.8784523 0.3448598 0.8977554 0.3498301 0.8815452 0.3027634 0.9407055 0.2989148 0.9268002 0.291801 0.932079 0.2989148 0.9268002 0.3448598 0.8977554 0.3249539 0.8917346 0.3094014 0.9023641 0.2989148 0.9268002 0.3249539 0.8917346 0.1884692 0.9932921 0.2357121 0.9673197 0.1916347 0.9783027 0.2357121 0.9673197 0.2052707 0.9698393 0.1916347 0.9783027 0.2440454 0.9629905 0.2220761 0.960203 0.2052707 0.9698393 0.252443 0.9583814 0.2400344 0.9496111 0.2220761 0.960203 0.2607018 0.9534492 0.2582429 0.9381389 0.2400344 0.9496111 0.2582429 0.9381389 0.2766954 0.942975 0.2760125 0.9261314 0.2760125 0.9261314 0.2843769 0.9375494 0.2930793 0.9140649 0.2930793 0.9140649 0.291801 0.932079 0.3094014 0.9023641 0.2431885 0.9785288 0.2440454 0.9629905 0.2357121 0.9673197 0.2528373 0.9736371 0.252443 0.9583814 0.2440454 0.9629905 0.2618511 0.9685309 0.2607018 0.9534492 0.252443 0.9583814 0.2705031 0.9632576 0.2687736 0.9482702 0.2607018 0.9534492 0.2788946 0.9578377 0.2766954 0.942975 0.2687736 0.9482702 0.2870765 0.9522828 0.2843769 0.9375494 0.2766954 0.942975 0.295042 0.9465829 0.291801 0.932079 0.2843769 0.9375494 0.3184964 0.04335403 0.3047177 0.02691477 0.3109285 0.05235528 0.3109285 0.05235528 0.3039513 0.02710127 0.3028897 0.06104868 0.3028897 0.06104868 0.3031756 0.02755558 0.2944127 0.06993544 0.2944127 0.06993544 0.3023908 0.02815324 0.2855058 0.07917398 0.2855058 0.07917398 0.3016188 0.02882152 0.2762147 0.08872246 0.2762147 0.08872246 0.3008589 0.02952098 0.266602 0.09850269 0.266602 0.09850269 0.3000991 0.03023362 0.2567178 0.1084676 0.8031451 0.07571089 0.8125664 0.1015617 0.82889 0.1147032 0.7961362 0.07006835 0.7962427 0.08842027 0.8125664 0.1015617 0.7891273 0.06442582 0.7799191 0.07527881 0.7962427 0.08842027 0.7821185 0.05878329 0.7635954 0.06213736 0.7799191 0.07527881 0.7635954 0.06213736 0.7681007 0.04749816 0.7472718 0.04899591 0.7472718 0.04899591 0.7610917 0.04185563 0.7309481 0.03585445 0.7309481 0.03585445 0.7540829 0.03621304 0.7146245 0.02271294 0.6898855 0.01305741 0.6958007 0.0338338 0.7072882 0.02764153 0.7072882 0.02764153 0.714417 0.04900479 0.7246908 0.04222565 0.7246908 0.04222565 0.7330334 0.06417578 0.7420935 0.05680984 0.7330334 0.06417578 0.7594962 0.07139396 0.7420935 0.05680984 0.7516497 0.07934671 0.7768988 0.08597809 0.7594962 0.07139396 0.770266 0.09451764 0.7943015 0.1005622 0.7768988 0.08597809 0.7888823 0.1096887 0.8117041 0.1151463 0.7943015 0.1005622 0.6771844 0.01866281 0.6855773 0.04138863 0.6958007 0.0338338 0.6855773 0.04138863 0.714417 0.04900479 0.6958007 0.0338338 0.7058365 0.05771422 0.7330334 0.06417578 0.714417 0.04900479 0.7260956 0.07403993 0.7516497 0.07934671 0.7330334 0.06417578 0.7463548 0.09036558 0.770266 0.09451764 0.7516497 0.07934671 0.7666138 0.1066912 0.7888823 0.1096887 0.770266 0.09451764 0.7868729 0.1230168 0.8074986 0.1248596 0.7888823 0.1096887 0.3295762 0.8676431 0.3099424 0.8661496 0.3076936 0.8800874 0.3076936 0.8800874 0.2876596 0.8801184 0.2879517 0.8931291 0.2879517 0.8931291 0.2661107 0.8945044 0.2683753 0.9066201 0.2683753 0.9066201 0.2445779 0.9090564 0.2485216 0.9202108 0.2485216 0.9202108 0.2230017 0.923471 0.228507 0.9335355 0.228507 0.9335355 0.2017176 0.9375755 0.2087685 0.9463577 0.2087685 0.9463577 0.1812872 0.9515937 0.1900742 0.9588769 0.3358247 0.8361356 0.3128315 0.8326181 0.3119661 0.8522917 0.3119661 0.8522917 0.2867806 0.8497315 0.2879136 0.8677716 0.2879136 0.8677716 0.2609504 0.8666644 0.264494 0.8831325 0.264494 0.8831325 0.23548 0.8836236 0.241335 0.8986977 0.241335 0.8986977 0.2102363 0.9005939 0.2182482 0.9142063 0.2182482 0.9142063 0.1853089 0.9175044 0.1954539 0.9295248 0.1954539 0.9295248 0.1609246 0.9345402 0.173355 0.944873 0.6548635 0.03074669 0.6627833 0.05854201 0.6766157 0.04822564 0.6627833 0.05854201 0.6983677 0.06570452 0.6766157 0.04822564 0.6865968 0.07754886 0.7201198 0.08318346 0.6983677 0.06570452 0.7104102 0.0965557 0.7418719 0.1006624 0.7201198 0.08318346 0.7342237 0.1155626 0.763624 0.1181413 0.7418719 0.1006624 0.7580371 0.1345694 0.7853761 0.1356202 0.763624 0.1181413 0.7818506 0.1535762 0.8071282 0.1530991 0.7853761 0.1356202 0.6389699 0.03953522 0.6465906 0.07090961 0.6627833 0.05854201 0.6465906 0.07090961 0.6865968 0.07754886 0.6627833 0.05854201 0.6714515 0.09072029 0.7104102 0.0965557 0.6865968 0.07754886 0.6963126 0.110531 0.7342237 0.1155626 0.7104102 0.0965557 0.7211735 0.1303418 0.7580371 0.1345694 0.7342237 0.1155626 0.7460346 0.1501525 0.7818506 0.1535762 0.7580371 0.1345694 0.7708956 0.1699633 0.805664 0.172583 0.7818506 0.1535762 0.3377472 0.8160997 0.3051219 0.8146224 0.3128315 0.8326181 0.3128315 0.8326181 0.2778829 0.8325746 0.2867806 0.8497315 0.2867806 0.8497315 0.2509136 0.85044 0.2609504 0.8666644 0.2609504 0.8666644 0.2242656 0.8682731 0.23548 0.8836236 0.23548 0.8836236 0.1978989 0.8861045 0.2102363 0.9005939 0.2102363 0.9005939 0.1718399 0.9039428 0.1853089 0.9175044 0.1853089 0.9175044 0.1461449 0.9219241 0.1609246 0.9345402 0.5905458 0.07735419 0.6313965 0.08465492 0.6052101 0.06382739 0.617919 0.0990923 0.6575829 0.1054825 0.6313965 0.08465492 0.6452924 0.1208305 0.6837694 0.12631 0.6575829 0.1054825 0.6726657 0.1425687 0.7099558 0.1471375 0.6837694 0.12631 0.700039 0.1643068 0.7361422 0.1679651 0.7099558 0.1471375 0.7274124 0.186045 0.7623288 0.1887927 0.7361422 0.1679651 0.7547858 0.2077832 0.7885153 0.2096202 0.7623288 0.1887927 0.5770202 0.0926972 0.617919 0.0990923 0.5905458 0.07735419 0.6052808 0.115078 0.6452924 0.1208305 0.617919 0.0990923 0.6335416 0.1374588 0.6726657 0.1425687 0.6452924 0.1208305 0.6618022 0.1598396 0.700039 0.1643068 0.6726657 0.1425687 0.6900631 0.1822203 0.7274124 0.186045 0.700039 0.1643068 0.7183238 0.2046012 0.7547858 0.2077832 0.7274124 0.186045 0.7465847 0.2269819 0.7821592 0.2295213 0.7547858 0.2077832 0.5528388 0.1223941 0.5937461 0.1300066 0.5645882 0.1069121 0.5828939 0.1462024 0.622904 0.1531012 0.5937461 0.1300066 0.612949 0.1700108 0.652062 0.1761958 0.622904 0.1531012 0.6430042 0.1938191 0.6812199 0.1992903 0.652062 0.1761958 0.6730595 0.2176274 0.710378 0.222385 0.6812199 0.1992903 0.7031147 0.2414358 0.7395361 0.2454795 0.710378 0.222385 0.7331701 0.2652443 0.7686944 0.2685741 0.7395361 0.2454795 0.3191903 0.7095517 0.2827606 0.7106191 0.2866756 0.7321329 0.2866756 0.7321329 0.2497639 0.7336049 0.2545192 0.7541841 0.2545192 0.7541841 0.2171033 0.7562886 0.2227714 0.7759515 0.2227714 0.7759515 0.184825 0.778723 0.1914175 0.7975048 0.1914175 0.7975048 0.1528974 0.8009474 0.1603991 0.8188999 0.1603991 0.8188999 0.1212255 0.822983 0.1296074 0.8401811 0.1296074 0.8401811 0.08957993 0.8448621 0.09885615 0.861433 0.540987 0.1388676 0.5828939 0.1462024 0.5528388 0.1223941 0.5717389 0.1631808 0.612949 0.1700108 0.5828939 0.1462024 0.602491 0.187494 0.6430042 0.1938191 0.612949 0.1700108 0.6332432 0.2118074 0.6730595 0.2176274 0.6430042 0.1938191 0.6639953 0.2361207 0.7031147 0.2414358 0.6730595 0.2176274 0.6947476 0.260434 0.7331701 0.2652443 0.7031147 0.2414358 0.7255001 0.2847474 0.7632257 0.2890524 0.7331701 0.2652443 0.5142564 0.1931872 0.5522813 0.1956711 0.5202946 0.1704323 0.5464113 0.2184385 0.5842682 0.2209101 0.5522813 0.1956711 0.5785664 0.2436899 0.6162551 0.2461491 0.5842682 0.2209101 0.6107214 0.2689414 0.6482422 0.2713882 0.6162551 0.2461491 0.6428767 0.294193 0.6802294 0.2966272 0.6482422 0.2713882 0.6750322 0.3194445 0.712217 0.3218663 0.6802294 0.2966272 0.7071881 0.344696 0.7442048 0.3471051 0.712217 0.3218663 0.3028203 0.6240105 0.2635833 0.6251858 0.2672694 0.6493406 0.2672694 0.6493406 0.2285097 0.6504697 0.2323533 0.6743267 0.2323533 0.6743267 0.1938732 0.6754563 0.1978542 0.6990423 0.1978542 0.6990423 0.1596287 0.7001627 0.1637375 0.723474 0.1637375 0.723474 0.125781 0.7245882 0.1300122 0.7476231 0.1300122 0.7476231 0.09232687 0.7487303 0.0966826 0.77148 0.0966826 0.77148 0.05931359 0.7725861 0.06383645 0.7949823 0.2956961 0.5656317 0.2609212 0.5652021 0.2604101 0.5920646 0.2604101 0.5920646 0.226301 0.5911619 0.2255704 0.6177442 0.2255704 0.6177442 0.1918826 0.6166954 0.1910835 0.6430263 0.1910835 0.6430263 0.1577572 0.6419112 0.1569579 0.6680172 0.1569579 0.6680172 0.1239771 0.6668744 0.1232171 0.6927459 0.1232171 0.6927459 0.09061032 0.6915988 0.08989512 0.7171912 0.08989512 0.7171912 0.05773711 0.7159849 0.05690801 0.7413661 0.5101829 0.2505034 0.5425273 0.250059 0.5104622 0.224879 0.5422528 0.2756382 0.5745925 0.2752391 0.5425273 0.250059 0.5743229 0.3007731 0.6066579 0.3004192 0.5745925 0.2752391 0.6063933 0.3259082 0.6387235 0.3255996 0.6066579 0.3004192 0.638464 0.3510436 0.6707895 0.3507801 0.6387235 0.3255996 0.6705352 0.3761789 0.7028562 0.3759603 0.6707895 0.3507801 0.7026073 0.4013141 0.7349236 0.4011402 0.7028562 0.3759603 0.51284 0.2968894 0.5422528 0.2756382 0.5101829 0.2505034 0.5445954 0.321745 0.5743229 0.3007731 0.5422528 0.2756382 0.5763509 0.3466008 0.6063933 0.3259082 0.5743229 0.3007731 0.6081069 0.3714569 0.638464 0.3510436 0.6063933 0.3259082 0.6398633 0.3963134 0.6705352 0.3761789 0.638464 0.3510436 0.6716209 0.4211701 0.7026073 0.4013141 0.6705352 0.3761789 0.7033802 0.4460267 0.7346806 0.4264488 0.7026073 0.4013141 0.295161 0.5384994 0.2618317 0.5180421 0.2609212 0.5652021 0.2609212 0.5652021 0.2281464 0.5441293 0.226301 0.5911619 0.226301 0.5911619 0.1943703 0.5698227 0.1918826 0.6166954 0.1918826 0.6166954 0.1606894 0.595188 0.1577572 0.6419112 0.1577572 0.6419112 0.1272092 0.6203004 0.1239771 0.6668744 0.1239771 0.6668744 0.0940206 0.6452221 0.09061032 0.6915988 0.09061032 0.6915988 0.06124734 0.6700209 0.05773711 0.7159849 0.5361195 0.3862466 0.550462 0.3477525 0.5191617 0.323299 0.5661188 0.4096658 0.5817627 0.3722064 0.550462 0.3477525 0.5961184 0.4330858 0.6130637 0.3966606 0.5817627 0.3722064 0.626119 0.456507 0.6443654 0.4211151 0.6130637 0.3966606 0.6561217 0.4799295 0.6756689 0.4455703 0.6443654 0.4211151 0.6861283 0.5033524 0.7069749 0.470025 0.6756689 0.4455703 0.7161408 0.5267748 0.7382848 0.4944784 0.7069749 0.470025 0.5474935 0.4247149 0.5661188 0.4096658 0.5361195 0.3862466 0.5765949 0.4474211 0.5961184 0.4330858 0.5661188 0.4096658 0.605697 0.4701293 0.626119 0.456507 0.5961184 0.4330858 0.6348009 0.4928393 0.6561217 0.4799295 0.626119 0.456507 0.6639086 0.5155511 0.6861283 0.5033524 0.6561217 0.4799295 0.693023 0.5382639 0.7161408 0.5267748 0.6861283 0.5033524 0.722148 0.5609745 0.7461612 0.5501938 0.7161408 0.5267748 0.5734108 0.5023518 0.5858809 0.4790229 0.5574981 0.4568856 0.6007162 0.5236374 0.6142652 0.5011625 0.5858809 0.4790229 0.6280242 0.5449268 0.6426524 0.5233049 0.6142652 0.5011625 0.6553393 0.566221 0.6710458 0.54545 0.6426524 0.5233049 0.6826699 0.5875191 0.6994507 0.5675958 0.6710458 0.54545 0.7100282 0.6088158 0.7278738 0.5897373 0.6994507 0.5675958 0.7374069 0.6300976 0.756312 0.6118642 0.7278738 0.5897373 0.3101414 0.3478928 0.2891289 0.3305514 0.2815677 0.3710946 0.2815677 0.3710946 0.2617591 0.3526807 0.252778 0.3941741 0.252778 0.3941741 0.2341456 0.3747514 0.2237907 0.4172303 0.2237907 0.4172303 0.2063152 0.3967933 0.1945713 0.4402637 0.1945713 0.4402637 0.1782655 0.4188257 0.1651637 0.4632421 0.1651637 0.4632421 0.1500411 0.4408418 0.1356511 0.4861415 0.1356511 0.4861415 0.1217222 0.4628171 0.1061063 0.5089567 0.5970315 0.5687344 0.6007162 0.5236374 0.5734108 0.5023518 0.6224989 0.5885694 0.6280242 0.5449268 0.6007162 0.5236374 0.647979 0.6084152 0.6553393 0.566221 0.6280242 0.5449268 0.6734853 0.6282714 0.6826699 0.5875191 0.6553393 0.566221 0.6990363 0.6481359 0.7100282 0.6088158 0.6826699 0.5875191 0.7246087 0.6679836 0.7374069 0.6300976 0.7100282 0.6088158 0.7502034 0.687804 0.7648029 0.6513528 0.7374069 0.6300976 0.6557047 0.7290514 0.6470697 0.6603575 0.6237355 0.6421802 0.6765867 0.7454035 0.6704493 0.6785612 0.6470697 0.6603575 0.6975842 0.7618216 0.6938994 0.6967898 0.6704493 0.6785612 0.7184939 0.7781558 0.7173525 0.7149906 0.6938994 0.6967898 0.7394684 0.794491 0.7408336 0.733169 0.7173525 0.7149906 0.7606956 0.8109012 0.7644319 0.7513465 0.7408336 0.733169 0.7823106 0.8273979 0.7882517 0.7695253 0.7644319 0.7513465 0.3308888 0.1937094 0.3195117 0.1415472 0.3084977 0.2121927 0.3084977 0.2121927 0.3002488 0.1574198 0.2858228 0.230588 0.2858228 0.230588 0.2805471 0.173343 0.2629304 0.2489514 0.2629304 0.2489514 0.2604958 0.189325 0.2398436 0.2673161 0.2398436 0.2673161 0.2401862 0.2053537 0.2166087 0.2856661 0.2166087 0.2856661 0.2197344 0.2213814 0.1932416 0.3039894 0.1932416 0.3039894 0.1992956 0.237307 0.1696563 0.322342 0.3343917 0.07984787 0.3109285 0.05235528 0.3202201 0.09201556 0.3202201 0.09201556 0.3028897 0.06104868 0.3059703 0.1040361 0.3059703 0.1040361 0.2944127 0.06993544 0.291288 0.1161524 0.291288 0.1161524 0.2855058 0.07917398 0.276179 0.1284173 0.276179 0.1284173 0.2762147 0.08872246 0.2606947 0.1408313 0.2606947 0.1408313 0.266602 0.09850269 0.2448945 0.1533849 0.2448945 0.1533849 0.2567178 0.1084676 0.2288439 0.1660658 0.7244411 0.8720468 0.7068784 0.8198336 0.6902123 0.8062775 0.7345618 0.8829209 0.7231843 0.8330929 0.7068784 0.8198336 0.7453334 0.8943068 0.7396916 0.8464402 0.7231843 0.8330929 0.7566602 0.9059807 0.7566254 0.8599757 0.7396916 0.8464402 0.7684805 0.9178143 0.7740685 0.8736611 0.7566254 0.8599757 0.7807439 0.9297101 0.7920344 0.8874028 0.7740685 0.8736611 0.7933967 0.9415898 0.810507 0.9010897 0.7920344 0.8874028 0.7766496 0.9738332 0.7345618 0.8829209 0.7244411 0.8720468 0.7819679 0.9800888 0.7453334 0.8943068 0.7345618 0.8829209 0.7865375 0.9855698 0.7566602 0.9059807 0.7453334 0.8943068 0.790255 0.9901216 0.7684805 0.9178143 0.7566602 0.9059807 0.7930768 0.9936403 0.7807439 0.9297101 0.7684805 0.9178143 0.7950587 0.9961473 0.7933967 0.9415898 0.7807439 0.9297101 0.7963493 0.997795 0.8063784 0.9533859 0.7933967 0.9415898 0.2888002 0.005039453 0.3047177 0.02691477 0.3057155 0.02713614 0.2879865 0.005275428 0.3039513 0.02710127 0.3047177 0.02691477 0.3039513 0.02710127 0.2863464 0.005718708 0.3031756 0.02755558 0.2863464 0.005718708 0.3023908 0.02815324 0.3031756 0.02755558 0.2855148 0.00593245 0.3016188 0.02882152 0.3023908 0.02815324 0.284676 0.006142497 0.3008589 0.02952098 0.3016188 0.02882152 0.2838305 0.006349325 0.3000991 0.03023362 0.3008589 0.02952098 0.3383132 0.12585 0.3202201 0.09201556 0.3195117 0.1415472 0.3195117 0.1415472 0.3059703 0.1040361 0.3002488 0.1574198 0.3002488 0.1574198 0.291288 0.1161524 0.2805471 0.173343 0.2805471 0.173343 0.276179 0.1284173 0.2604958 0.189325 0.2604958 0.189325 0.2606947 0.1408313 0.2401862 0.2053537 0.2401862 0.2053537 0.2448945 0.1533849 0.2197344 0.2213814 0.2197344 0.2213814 0.2288439 0.1660658 0.1992956 0.237307 0.6902123 0.8062775 0.6765867 0.7454035 0.6557047 0.7290514 0.7068784 0.8198336 0.6975842 0.7618216 0.6765867 0.7454035 0.7231843 0.8330929 0.7184939 0.7781558 0.6975842 0.7618216 0.7396916 0.8464402 0.7394684 0.794491 0.7184939 0.7781558 0.7566254 0.8599757 0.7606956 0.8109012 0.7394684 0.794491 0.7740685 0.8736611 0.7823106 0.8273979 0.7606956 0.8109012 0.7920344 0.8874028 0.8043776 0.8439286 0.7823106 0.8273979 0.6237355 0.6421802 0.6224989 0.5885694 0.5970315 0.5687344 0.6470697 0.6603575 0.647979 0.6084152 0.6224989 0.5885694 0.6704493 0.6785612 0.6734853 0.6282714 0.647979 0.6084152 0.6938994 0.6967898 0.6990363 0.6481359 0.6734853 0.6282714 0.7173525 0.7149906 0.7246087 0.6679836 0.6990363 0.6481359 0.7408336 0.733169 0.7502034 0.687804 0.7246087 0.6679836 0.7644319 0.7513465 0.7758609 0.7075943 0.7502034 0.687804 0.316099 0.3084726 0.2985078 0.2737084 0.2891289 0.3305514 0.2891289 0.3305514 0.2733536 0.2940239 0.2617591 0.3526807 0.2617591 0.3526807 0.2479632 0.3143749 0.2341456 0.3747514 0.2341456 0.3747514 0.2223756 0.3347208 0.2063152 0.3967933 0.2063152 0.3967933 0.1965957 0.3550593 0.1782655 0.4188257 0.1782655 0.4188257 0.1705936 0.3754201 0.1500411 0.4408418 0.1500411 0.4408418 0.1443883 0.3958201 0.1217222 0.4628171 0.3235335 0.2533765 0.3084977 0.2121927 0.2985078 0.2737084 0.2985078 0.2737084 0.2858228 0.230588 0.2733536 0.2940239 0.2733536 0.2940239 0.2629304 0.2489514 0.2479632 0.3143749 0.2479632 0.3143749 0.2398436 0.2673161 0.2223756 0.3347208 0.2223756 0.3347208 0.2166087 0.2856661 0.1965957 0.3550593 0.1965957 0.3550593 0.1932416 0.3039894 0.1705936 0.3754201 0.1705936 0.3754201 0.1696563 0.322342 0.1443883 0.3958201 0.5574981 0.4568856 0.5765949 0.4474211 0.5474935 0.4247149 0.5858809 0.4790229 0.605697 0.4701293 0.5765949 0.4474211 0.6142652 0.5011625 0.6348009 0.4928393 0.605697 0.4701293 0.6426524 0.5233049 0.6639086 0.5155511 0.6348009 0.4928393 0.6710458 0.54545 0.693023 0.5382639 0.6639086 0.5155511 0.6994507 0.5675958 0.722148 0.5609745 0.693023 0.5382639 0.7278738 0.5897373 0.7512853 0.5836781 0.722148 0.5609745 0.3028397 0.4101786 0.2769897 0.4001423 0.2723949 0.4347972 0.2723949 0.4347972 0.2473313 0.4238959 0.2415524 0.459462 0.2415524 0.459462 0.2174017 0.4476392 0.2103733 0.4839975 0.2103733 0.4839975 0.1872298 0.4713016 0.1790041 0.50836 0.1790041 0.50836 0.1569114 0.4948493 0.1475605 0.532536 0.1475605 0.532536 0.1265372 0.5182701 0.1161336 0.5565308 0.1161336 0.5565308 0.09618532 0.5415464 0.08475893 0.5803872 0.306514 0.3763626 0.2815677 0.3710946 0.2769897 0.4001423 0.2769897 0.4001423 0.252778 0.3941741 0.2473313 0.4238959 0.2473313 0.4238959 0.2237907 0.4172303 0.2174017 0.4476392 0.2174017 0.4476392 0.1945713 0.4402637 0.1872298 0.4713016 0.1872298 0.4713016 0.1651637 0.4632421 0.1569114 0.4948493 0.1569114 0.4948493 0.1356511 0.4861415 0.1265372 0.5182701 0.1265372 0.5182701 0.1061063 0.5089567 0.09618532 0.5415464 0.5191617 0.323299 0.5445954 0.321745 0.51284 0.2968894 0.550462 0.3477525 0.5763509 0.3466008 0.5445954 0.321745 0.5817627 0.3722064 0.6081069 0.3714569 0.5763509 0.3466008 0.6130637 0.3966606 0.6398633 0.3963134 0.6081069 0.3714569 0.6443654 0.4211151 0.6716209 0.4211701 0.6398633 0.3963134 0.6756689 0.4455703 0.7033802 0.4460267 0.6716209 0.4211701 0.7069749 0.470025 0.7351422 0.4708821 0.7033802 0.4460267 0.2974693 0.4669222 0.2723949 0.4347972 0.265067 0.4931431 0.265067 0.4931431 0.2415524 0.459462 0.2321419 0.5188968 0.2321419 0.5188968 0.2103733 0.4839975 0.1990593 0.5443556 0.1990593 0.5443556 0.1790041 0.50836 0.1659626 0.5695067 0.1659626 0.5695067 0.1475605 0.532536 0.132972 0.594405 0.132972 0.594405 0.1161336 0.5565308 0.1001716 0.6191161 0.1001716 0.6191161 0.08475893 0.5803872 0.06766605 0.6436991 0.2954793 0.4914695 0.265067 0.4931431 0.2618317 0.5180421 0.2618317 0.5180421 0.2321419 0.5188968 0.2281464 0.5441293 0.2281464 0.5441293 0.1990593 0.5443556 0.1943703 0.5698227 0.1943703 0.5698227 0.1659626 0.5695067 0.1606894 0.595188 0.1606894 0.595188 0.132972 0.594405 0.1272092 0.6203004 0.1272092 0.6203004 0.1001716 0.6191161 0.0940206 0.6452221 0.0940206 0.6452221 0.06766605 0.6436991 0.06124734 0.6700209 0.2991451 0.599411 0.2604101 0.5920646 0.2635833 0.6251858 0.2635833 0.6251858 0.2255704 0.6177442 0.2285097 0.6504697 0.2285097 0.6504697 0.1910835 0.6430263 0.1938732 0.6754563 0.1938732 0.6754563 0.1569579 0.6680172 0.1596287 0.7001627 0.1596287 0.7001627 0.1232171 0.6927459 0.125781 0.7245882 0.125781 0.7245882 0.08989512 0.7171912 0.09232687 0.7487303 0.09232687 0.7487303 0.05690801 0.7413661 0.05931359 0.7725861 0.5104622 0.224879 0.5464113 0.2184385 0.5142564 0.1931872 0.5425273 0.250059 0.5785664 0.2436899 0.5464113 0.2184385 0.5745925 0.2752391 0.6107214 0.2689414 0.5785664 0.2436899 0.6066579 0.3004192 0.6428767 0.294193 0.6107214 0.2689414 0.6387235 0.3255996 0.6750322 0.3194445 0.6428767 0.294193 0.6707895 0.3507801 0.7071881 0.344696 0.6750322 0.3194445 0.7028562 0.3759603 0.7393445 0.3699472 0.7071881 0.344696 0.5202946 0.1704323 0.5717389 0.1631808 0.540987 0.1388676 0.5522813 0.1956711 0.602491 0.187494 0.5717389 0.1631808 0.5842682 0.2209101 0.6332432 0.2118074 0.602491 0.187494 0.6162551 0.2461491 0.6639953 0.2361207 0.6332432 0.2118074 0.6482422 0.2713882 0.6947476 0.260434 0.6639953 0.2361207 0.6802294 0.2966272 0.7255001 0.2847474 0.6947476 0.260434 0.712217 0.3218663 0.7562527 0.3090605 0.7255001 0.2847474 0.3155492 0.6873925 0.2770467 0.6894912 0.2827606 0.7106191 0.2827606 0.7106191 0.2434519 0.7131924 0.2497639 0.7336049 0.2497639 0.7336049 0.2101391 0.7365855 0.2171033 0.7562886 0.2171033 0.7562886 0.1771909 0.7597114 0.184825 0.778723 0.184825 0.778723 0.1446062 0.7825929 0.1528974 0.8009474 0.1528974 0.8009474 0.1123305 0.8052271 0.1212255 0.822983 0.1212255 0.822983 0.08019495 0.8275458 0.08957993 0.8448621 0.3110027 0.6657423 0.2672694 0.6493406 0.2770467 0.6894912 0.2770467 0.6894912 0.2323533 0.6743267 0.2434519 0.7131924 0.2434519 0.7131924 0.1978542 0.6990423 0.2101391 0.7365855 0.2101391 0.7365855 0.1637375 0.723474 0.1771909 0.7597114 0.1771909 0.7597114 0.1300122 0.7476231 0.1446062 0.7825929 0.1446062 0.7825929 0.0966826 0.77148 0.1123305 0.8052271 0.1123305 0.8052271 0.06383645 0.7949823 0.08019495 0.8275458 0.5645882 0.1069121 0.6052808 0.115078 0.5770202 0.0926972 0.5937461 0.1300066 0.6335416 0.1374588 0.6052808 0.115078 0.622904 0.1531012 0.6618022 0.1598396 0.6335416 0.1374588 0.652062 0.1761958 0.6900631 0.1822203 0.6618022 0.1598396 0.6812199 0.1992903 0.7183238 0.2046012 0.6900631 0.1822203 0.710378 0.222385 0.7465847 0.2269819 0.7183238 0.2046012 0.7395361 0.2454795 0.7748456 0.2493627 0.7465847 0.2269819 0.3271439 0.7527271 0.2911381 0.75234 0.2965431 0.7732886 0.2965431 0.7732886 0.2598977 0.7734705 0.2661617 0.7934793 0.2661617 0.7934793 0.2290826 0.7943273 0.2363071 0.8134928 0.2363071 0.8134928 0.1986764 0.8150267 0.2068654 0.8334164 0.2068654 0.8334164 0.1685965 0.8356209 0.1777423 0.8532799 0.1777423 0.8532799 0.138749 0.8561667 0.1488784 0.8731419 0.1488784 0.8731419 0.1090266 0.8767899 0.1202203 0.8931021 0.3229369 0.7308703 0.2866756 0.7321329 0.2911381 0.75234 0.2911381 0.75234 0.2545192 0.7541841 0.2598977 0.7734705 0.2598977 0.7734705 0.2227714 0.7759515 0.2290826 0.7943273 0.2290826 0.7943273 0.1914175 0.7975048 0.1986764 0.8150267 0.1986764 0.8150267 0.1603991 0.8188999 0.1685965 0.8356209 0.1685965 0.8356209 0.1296074 0.8401811 0.138749 0.8561667 0.138749 0.8561667 0.09885615 0.861433 0.1090266 0.8767899 0.6052101 0.06382739 0.6465906 0.07090961 0.6217296 0.05109888 0.6313965 0.08465492 0.6714515 0.09072029 0.6465906 0.07090961 0.6575829 0.1054825 0.6963126 0.110531 0.6714515 0.09072029 0.6837694 0.12631 0.7211735 0.1303418 0.6963126 0.110531 0.7099558 0.1471375 0.7460346 0.1501525 0.7211735 0.1303418 0.7361422 0.1679651 0.7708956 0.1699633 0.7460346 0.1501525 0.7623288 0.1887927 0.7957567 0.1897739 0.7708956 0.1699633 0.3304843 0.7747319 0.2965431 0.7732886 0.300612 0.7941424 0.300612 0.7941424 0.2661617 0.7934793 0.2715611 0.8131142 0.2715611 0.8131142 0.2363071 0.8134928 0.2430807 0.8320952 0.2430807 0.8320952 0.2068654 0.8334164 0.2149574 0.8510158 0.2149574 0.8510158 0.1777423 0.8532799 0.1871382 0.869911 0.1871382 0.869911 0.1488784 0.8731419 0.1596053 0.8888258 0.1596053 0.8888258 0.1202203 0.8931021 0.1323665 0.9078678 0.3337129 0.7972215 0.300612 0.7941424 0.3051219 0.8146224 0.3051219 0.8146224 0.2715611 0.8131142 0.2778829 0.8325746 0.2778829 0.8325746 0.2430807 0.8320952 0.2509136 0.85044 0.2509136 0.85044 0.2149574 0.8510158 0.2242656 0.8682731 0.2242656 0.8682731 0.1871382 0.869911 0.1978989 0.8861045 0.1978989 0.8861045 0.1596053 0.8888258 0.1718399 0.9039428 0.1718399 0.9039428 0.1323665 0.9078678 0.1461449 0.9219241 0.3331144 0.8512181 0.3119661 0.8522917 0.3099424 0.8661496 0.3099424 0.8661496 0.2879136 0.8677716 0.2876596 0.8801184 0.2876596 0.8801184 0.264494 0.8831325 0.2661107 0.8945044 0.2661107 0.8945044 0.241335 0.8986977 0.2445779 0.9090564 0.2445779 0.9090564 0.2182482 0.9142063 0.2230017 0.923471 0.2230017 0.923471 0.1954539 0.9295248 0.2017176 0.9375755 0.2017176 0.9375755 0.173355 0.944873 0.1812872 0.9515937 0.6653182 0.02506297 0.6766157 0.04822564 0.6855773 0.04138863 0.6766157 0.04822564 0.7058365 0.05771422 0.6855773 0.04138863 0.6983677 0.06570452 0.7260956 0.07403993 0.7058365 0.05771422 0.7201198 0.08318346 0.7463548 0.09036558 0.7260956 0.07403993 0.7418719 0.1006624 0.7666138 0.1066912 0.7463548 0.09036558 0.763624 0.1181413 0.7868729 0.1230168 0.7666138 0.1066912 0.7853761 0.1356202 0.8071321 0.1393425 0.7868729 0.1230168 0.3289187 0.8784523 0.3076936 0.8800874 0.3100435 0.8896306 0.3100435 0.8896306 0.2879517 0.8931291 0.2921829 0.9022579 0.2921829 0.9022579 0.2683753 0.9066201 0.2740148 0.9153944 0.2740148 0.9153944 0.2485216 0.9202108 0.255314 0.928613 0.255314 0.928613 0.228507 0.9335355 0.2362291 0.9414713 0.228507 0.9335355 0.217377 0.9536063 0.2362291 0.9414713 0.2087685 0.9463577 0.1994467 0.9648284 0.217377 0.9536063 0.1916347 0.9783027 0.1994467 0.9648284 0.184523 0.9762361 0.2220761 0.960203 0.1994467 0.9648284 0.2052707 0.9698393 0.2400344 0.9496111 0.217377 0.9536063 0.2220761 0.960203 0.2582429 0.9381389 0.2362291 0.9414713 0.2400344 0.9496111 0.2760125 0.9261314 0.255314 0.928613 0.2582429 0.9381389 0.2930793 0.9140649 0.2740148 0.9153944 0.2760125 0.9261314 0.3094014 0.9023641 0.2921829 0.9022579 0.2930793 0.9140649 0.7072882 0.02764153 0.6983008 0.009571552 0.6898855 0.01305741 0.7072882 0.02764153 0.7309481 0.03585445 0.7146245 0.02271294 0.7246908 0.04222565 0.7472718 0.04899591 0.7309481 0.03585445 0.7420935 0.05680984 0.7635954 0.06213736 0.7472718 0.04899591 0.7594962 0.07139396 0.7799191 0.07527881 0.7635954 0.06213736 0.7768988 0.08597809 0.7962427 0.08842027 0.7799191 0.07527881 0.7943015 0.1005622 0.8125664 0.1015617 0.7962427 0.08842027 0.8291068 0.1297305 0.8071282 0.1530991 0.8288804 0.170578 0.6898855 0.01305741 0.7540829 0.03621304 0.747074 0.03057044 0.120802 0.9402343 0.1234284 0.9647641 0.1370041 0.9519947 0.1370041 0.9519947 0.1398173 0.9746353 0.1519555 0.9610085 0.1055536 0.9271326 0.1057769 0.9520114 0.120802 0.9402343 0.07926714 0.8977184 0.07480031 0.9229827 0.09205073 0.9133478 0.09205073 0.9133478 0.08930766 0.9378204 0.1055536 0.9271326 0.0680564 0.8828565 0.06109142 0.9066448 0.07926714 0.8977184 0.04746776 0.8495445 0.03824591 0.8741828 0.05752837 0.8667705 0.05752837 0.8667705 0.04935812 0.8909995 0.0680564 0.8828565 0.02709811 0.7960982 0.01217722 0.821654 0.03214657 0.8176539 0.03214657 0.8176539 0.02772992 0.8560398 0.04746776 0.8495445 0.02436083 0.7653663 0.006590783 0.7981992 0.02709811 0.7960982 0.02936583 0.6945082 0.003723442 0.7394038 0.02480548 0.7401127 0.02480548 0.7401127 0.003469705 0.7657935 0.02436083 0.7653663 0.03545677 0.6682467 0.00864911 0.6922462 0.02936583 0.6945082 0.06578099 0.5646805 0.03262269 0.6003387 0.05351841 0.6041839 0.05351841 0.6041839 0.01463222 0.665041 0.03545677 0.6682467 0.07662802 0.5316359 0.04486811 0.5605214 0.06578099 0.5646805 0.1180834 0.4162151 0.07258921 0.4801263 0.09333473 0.4847499 0.09333473 0.4847499 0.05584996 0.5272091 0.07662802 0.5316359 0.1457749 0.340801 0.1586652 0.2480002 0.1252388 0.3360405 0.1180834 0.4162151 0.1252388 0.3360405 0.09743016 0.4115345 0.2130774 0.1784371 0.1586652 0.2480002 0.1785835 0.2532587 0.2993277 0.03094995 0.2280826 0.1135511 0.2462181 0.1189463 0.2462181 0.1189463 0.1943614 0.1724158 0.2130774 0.1784371 0.3516006 0.1951467 0.3235335 0.2533765 0.3443026 0.2550325 0.3516006 0.1951467 0.3383132 0.12585 0.3308888 0.1937094 0.3383132 0.12585 0.3534658 0.07703697 0.3343917 0.07984787 0.7943015 0.1005622 0.7961362 0.07006835 0.7891273 0.06442582 0.3498301 0.8815452 0.2989148 0.9268002 0.3101467 0.9344385 0.3573139 0.8375884 0.3289187 0.8784523 0.3498301 0.8815452 0.1461449 0.9219241 0.1055536 0.9271326 0.120802 0.9402343 0.1323665 0.9078678 0.09205073 0.9133478 0.1055536 0.9271326 0.7885153 0.2096202 0.8206177 0.2095846 0.7957567 0.1897739 0.1090266 0.8767899 0.0680564 0.8828565 0.07926714 0.8977184 0.1202203 0.8931021 0.07926714 0.8977184 0.09205073 0.9133478 0.7686944 0.2685741 0.8031065 0.2717434 0.7748456 0.2493627 0.08019495 0.8275458 0.03214657 0.8176539 0.04746776 0.8495445 0.08957993 0.8448621 0.04746776 0.8495445 0.05752837 0.8667705 0.7442048 0.3471051 0.7870053 0.3333735 0.7562527 0.3090605 0.7349236 0.4011402 0.7715013 0.3951978 0.7393445 0.3699472 0.05931359 0.7725861 0.02436083 0.7653663 0.02709811 0.7960982 0.06124734 0.6700209 0.03545677 0.6682467 0.02936583 0.6945082 0.06766605 0.6436991 0.05351841 0.6041839 0.03545677 0.6682467 0.7382848 0.4944784 0.7669078 0.4957352 0.7351422 0.4708821 0.09618532 0.5415464 0.07662802 0.5316359 0.06578099 0.5646805 0.08475893 0.5803872 0.06578099 0.5646805 0.05351841 0.6041839 0.756312 0.6118642 0.780431 0.6063645 0.7512853 0.5836781 0.1443883 0.3958201 0.1457749 0.340801 0.1180834 0.4162151 0.1217222 0.4628171 0.1180834 0.4162151 0.09333473 0.4847499 0.7882517 0.7695253 0.8016421 0.7273402 0.7758609 0.7075943 0.810507 0.9010897 0.8268926 0.8603903 0.8043776 0.8439286 0.1992956 0.237307 0.2130774 0.1784371 0.1785835 0.2532587 0.2829792 0.006552636 0.2993277 0.03094995 0.3000991 0.03023362 0.3364256 0.03231924 0.3057155 0.02713614 0.3184964 0.04335403 0.3364256 0.03231924 0.3343917 0.07984787 0.3534658 0.07703697 0.7971495 0.9988233 0.8196281 0.9650388 0.8063784 0.9533859 0.8063784 0.9533859 0.8294775 0.9146252 0.810507 0.9010897 0.2288439 0.1660658 0.2462181 0.1189463 0.2130774 0.1784371 0.1696563 0.322342 0.1785835 0.2532587 0.1457749 0.340801 0.8043776 0.8439286 0.8123832 0.7876746 0.7882517 0.7695253 0.7758609 0.7075943 0.7922339 0.6725678 0.7648029 0.6513528 0.1061063 0.5089567 0.09333473 0.4847499 0.07662802 0.5316359 0.7648029 0.6513528 0.7847601 0.6339628 0.756312 0.6118642 0.7512853 0.5836781 0.7761877 0.5736043 0.7461612 0.5501938 0.7461612 0.5501938 0.769599 0.5189281 0.7382848 0.4944784 0.05773711 0.7159849 0.02936583 0.6945082 0.02480548 0.7401127 0.7351422 0.4708821 0.7667554 0.4515818 0.7346806 0.4264488 0.7346806 0.4264488 0.7669919 0.426319 0.7349236 0.4011402 0.05690801 0.7413661 0.02480548 0.7401127 0.02436083 0.7653663 0.06383645 0.7949823 0.02709811 0.7960982 0.03214657 0.8176539 0.7393445 0.3699472 0.776193 0.3723434 0.7442048 0.3471051 0.7562527 0.3090605 0.7932813 0.3128605 0.7632257 0.2890524 0.09885615 0.861433 0.05752837 0.8667705 0.0680564 0.8828565 0.7632257 0.2890524 0.7978525 0.2916685 0.7686944 0.2685741 0.7748456 0.2493627 0.8095327 0.2512594 0.7821592 0.2295213 0.7821592 0.2295213 0.8147019 0.2304477 0.7885153 0.2096202 0.1609246 0.9345402 0.120802 0.9402343 0.1370041 0.9519947 0.7957567 0.1897739 0.8294775 0.1915898 0.805664 0.172583 0.805664 0.172583 0.8288804 0.170578 0.8071282 0.1530991 0.173355 0.944873 0.1370041 0.9519947 0.1519555 0.9610085 0.1994467 0.9648284 0.1519555 0.9610085 0.184523 0.9762361 0.3100435 0.8896306 0.2989148 0.9268002 0.3289187 0.8784523 0.2567178 0.1084676 0.2993277 0.03094995 0.2462181 0.1189463 0.3235335 0.2533765 0.3370122 0.3102892 0.3443026 0.2550325 0.3101414 0.3478928 0.3370122 0.3102892 0.316099 0.3084726 0.3101414 0.3478928 0.3277389 0.3779178 0.3313186 0.3497068 0.306514 0.3763626 0.3242065 0.4115231 0.3277389 0.3779178 0.2974693 0.4669222 0.3242065 0.4115231 0.3028397 0.4101786 0.2974693 0.4669222 0.31744 0.491993 0.3189536 0.4679791 0.295161 0.5384994 0.31744 0.491993 0.2954793 0.4914695 0.295161 0.5384994 0.3179521 0.5648851 0.3172292 0.5383265 0.2956961 0.5656317 0.3210585 0.5977452 0.3179521 0.5648851 0.3028203 0.6240105 0.3210585 0.5977452 0.2991451 0.599411 0.3028203 0.6240105 0.3324896 0.6630965 0.3245866 0.6217781 0.3110027 0.6657423 0.3368932 0.684825 0.3324896 0.6630965 0.3191903 0.7095517 0.3368932 0.684825 0.3155492 0.6873925 0.3229369 0.7308703 0.3409182 0.7071663 0.3191903 0.7095517 0.3271439 0.7527271 0.3447459 0.7283939 0.3229369 0.7308703 0.3304843 0.7747319 0.3487336 0.7504772 0.3271439 0.7527271 0.3337129 0.7972215 0.3522253 0.7726272 0.3304843 0.7747319 0.3377472 0.8160997 0.3557243 0.7950856 0.3337129 0.7972215 0.3377472 0.8160997 0.3573139 0.8375884 0.3582097 0.815512 0.7072882 0.02764153 0.6548635 0.03074669 0.6766157 0.04822564 0.8117041 0.1151463 0.8031451 0.07571089 0.7961362 0.07006835 0.3027634 0.9407055 0.2989148 0.9268002 0.291801 0.932079 0.252443 0.9583814 0.1994467 0.9648284 0.2440454 0.9629905 0.2607018 0.9534492 0.217377 0.9536063 0.252443 0.9583814 0.2687736 0.9482702 0.2362291 0.9414713 0.2607018 0.9534492 0.2766954 0.942975 0.255314 0.928613 0.2687736 0.9482702 0.2843769 0.9375494 0.2740148 0.9153944 0.2766954 0.942975 0.291801 0.932079 0.2921829 0.9022579 0.2843769 0.9375494 0.2431885 0.9785288 0.2440454 0.9629905 0.2357121 0.9673197 0.2528373 0.9736371 0.252443 0.9583814 0.2440454 0.9629905 0.2618511 0.9685309 0.2607018 0.9534492 0.252443 0.9583814 0.2705031 0.9632576 0.2687736 0.9482702 0.2607018 0.9534492 0.2788946 0.9578377 0.2766954 0.942975 0.2687736 0.9482702 0.2870765 0.9522828 0.2843769 0.9375494 0.2766954 0.942975 0.295042 0.9465829 0.291801 0.932079 0.2843769 0.9375494 0.3184964 0.04335403 0.3047177 0.02691477 0.3109285 0.05235528 0.3109285 0.05235528 0.3039513 0.02710127 0.3028897 0.06104868 0.3028897 0.06104868 0.3031756 0.02755558 0.2944127 0.06993544 0.2944127 0.06993544 0.3023908 0.02815324 0.2855058 0.07917398 0.2855058 0.07917398 0.3016188 0.02882152 0.2762147 0.08872246 0.2762147 0.08872246 0.3008589 0.02952098 0.266602 0.09850269 0.266602 0.09850269 0.3000991 0.03023362 0.2567178 0.1084676 0.7768988 0.08597809 0.7891273 0.06442582 0.7821185 0.05878329 0.7594962 0.07139396 0.7821185 0.05878329 0.7751095 0.05314069 0.7420935 0.05680984 0.7751095 0.05314069 0.7681007 0.04749816 0.7246908 0.04222565 0.7681007 0.04749816 0.7610917 0.04185563 0.7072882 0.02764153 0.7610917 0.04185563 0.7540829 0.03621304 0.184523 0.9762361 0.2440454 0.9629905 0.1994467 0.9648284 0.7246908 0.04222565 0.6766157 0.04822564 0.6983677 0.06570452 0.7420935 0.05680984 0.6983677 0.06570452 0.7201198 0.08318346 0.7594962 0.07139396 0.7201198 0.08318346 0.7418719 0.1006624 0.7768988 0.08597809 0.7418719 0.1006624 0.763624 0.1181413 0.7943015 0.1005622 0.763624 0.1181413 0.7853761 0.1356202 0.8117041 0.1151463 0.7853761 0.1356202 0.8071282 0.1530991 0.3289187 0.8784523 0.3119661 0.8522917 0.3100435 0.8896306 0.184523 0.9762361 0.1398173 0.9746353 0.1786141 0.9912366 0.3358247 0.8361356 0.3128315 0.8326181 0.3119661 0.8522917 0.3119661 0.8522917 0.2867806 0.8497315 0.2879136 0.8677716 0.2879136 0.8677716 0.2609504 0.8666644 0.264494 0.8831325 0.264494 0.8831325 0.23548 0.8836236 0.241335 0.8986977 0.241335 0.8986977 0.2102363 0.9005939 0.2182482 0.9142063 0.2182482 0.9142063 0.1853089 0.9175044 0.1954539 0.9295248 0.1954539 0.9295248 0.1609246 0.9345402 0.173355 0.944873 0.6389699 0.03953522 0.6766157 0.04822564 0.6548635 0.03074669 0.6627833 0.05854201 0.6983677 0.06570452 0.6766157 0.04822564 0.6865968 0.07754886 0.7201198 0.08318346 0.6983677 0.06570452 0.7104102 0.0965557 0.7418719 0.1006624 0.7201198 0.08318346 0.7342237 0.1155626 0.763624 0.1181413 0.7418719 0.1006624 0.7580371 0.1345694 0.7853761 0.1356202 0.763624 0.1181413 0.7818506 0.1535762 0.8071282 0.1530991 0.7853761 0.1356202 0.6217296 0.05109888 0.6627833 0.05854201 0.6389699 0.03953522 0.6465906 0.07090961 0.6865968 0.07754886 0.6627833 0.05854201 0.6714515 0.09072029 0.7104102 0.0965557 0.6865968 0.07754886 0.6963126 0.110531 0.7342237 0.1155626 0.7104102 0.0965557 0.7211735 0.1303418 0.7580371 0.1345694 0.7342237 0.1155626 0.7460346 0.1501525 0.7818506 0.1535762 0.7580371 0.1345694 0.7708956 0.1699633 0.805664 0.172583 0.7818506 0.1535762 0.3377472 0.8160997 0.3051219 0.8146224 0.3128315 0.8326181 0.3128315 0.8326181 0.2778829 0.8325746 0.2867806 0.8497315 0.2867806 0.8497315 0.2509136 0.85044 0.2609504 0.8666644 0.2609504 0.8666644 0.2242656 0.8682731 0.23548 0.8836236 0.23548 0.8836236 0.1978989 0.8861045 0.2102363 0.9005939 0.2102363 0.9005939 0.1718399 0.9039428 0.1853089 0.9175044 0.1853089 0.9175044 0.1461449 0.9219241 0.1609246 0.9345402 0.5905458 0.07735419 0.6313965 0.08465492 0.6052101 0.06382739 0.617919 0.0990923 0.6575829 0.1054825 0.6313965 0.08465492 0.6452924 0.1208305 0.6837694 0.12631 0.6575829 0.1054825 0.6726657 0.1425687 0.7099558 0.1471375 0.6837694 0.12631 0.700039 0.1643068 0.7361422 0.1679651 0.7099558 0.1471375 0.7274124 0.186045 0.7623288 0.1887927 0.7361422 0.1679651 0.7547858 0.2077832 0.7885153 0.2096202 0.7623288 0.1887927 0.5770202 0.0926972 0.617919 0.0990923 0.5905458 0.07735419 0.6052808 0.115078 0.6452924 0.1208305 0.617919 0.0990923 0.6335416 0.1374588 0.6726657 0.1425687 0.6452924 0.1208305 0.6618022 0.1598396 0.700039 0.1643068 0.6726657 0.1425687 0.6900631 0.1822203 0.7274124 0.186045 0.700039 0.1643068 0.7183238 0.2046012 0.7547858 0.2077832 0.7274124 0.186045 0.7465847 0.2269819 0.7821592 0.2295213 0.7547858 0.2077832 0.5528388 0.1223941 0.5937461 0.1300066 0.5645882 0.1069121 0.5828939 0.1462024 0.622904 0.1531012 0.5937461 0.1300066 0.612949 0.1700108 0.652062 0.1761958 0.622904 0.1531012 0.6430042 0.1938191 0.6812199 0.1992903 0.652062 0.1761958 0.6730595 0.2176274 0.710378 0.222385 0.6812199 0.1992903 0.7031147 0.2414358 0.7395361 0.2454795 0.710378 0.222385 0.7331701 0.2652443 0.7686944 0.2685741 0.7395361 0.2454795 0.3191903 0.7095517 0.2827606 0.7106191 0.2866756 0.7321329 0.2866756 0.7321329 0.2497639 0.7336049 0.2545192 0.7541841 0.2545192 0.7541841 0.2171033 0.7562886 0.2227714 0.7759515 0.2227714 0.7759515 0.184825 0.778723 0.1914175 0.7975048 0.1914175 0.7975048 0.1528974 0.8009474 0.1603991 0.8188999 0.1603991 0.8188999 0.1212255 0.822983 0.1296074 0.8401811 0.1296074 0.8401811 0.08957993 0.8448621 0.09885615 0.861433 0.540987 0.1388676 0.5828939 0.1462024 0.5528388 0.1223941 0.5717389 0.1631808 0.612949 0.1700108 0.5828939 0.1462024 0.602491 0.187494 0.6430042 0.1938191 0.612949 0.1700108 0.6332432 0.2118074 0.6730595 0.2176274 0.6430042 0.1938191 0.6639953 0.2361207 0.7031147 0.2414358 0.6730595 0.2176274 0.6947476 0.260434 0.7331701 0.2652443 0.7031147 0.2414358 0.7255001 0.2847474 0.7632257 0.2890524 0.7331701 0.2652443 0.5142564 0.1931872 0.5522813 0.1956711 0.5202946 0.1704323 0.5464113 0.2184385 0.5842682 0.2209101 0.5522813 0.1956711 0.5785664 0.2436899 0.6162551 0.2461491 0.5842682 0.2209101 0.6107214 0.2689414 0.6482422 0.2713882 0.6162551 0.2461491 0.6428767 0.294193 0.6802294 0.2966272 0.6482422 0.2713882 0.6750322 0.3194445 0.712217 0.3218663 0.6802294 0.2966272 0.7071881 0.344696 0.7442048 0.3471051 0.712217 0.3218663 0.3028203 0.6240105 0.2635833 0.6251858 0.2672694 0.6493406 0.2672694 0.6493406 0.2285097 0.6504697 0.2323533 0.6743267 0.2323533 0.6743267 0.1938732 0.6754563 0.1978542 0.6990423 0.1978542 0.6990423 0.1596287 0.7001627 0.1637375 0.723474 0.1637375 0.723474 0.125781 0.7245882 0.1300122 0.7476231 0.1300122 0.7476231 0.09232687 0.7487303 0.0966826 0.77148 0.0966826 0.77148 0.05931359 0.7725861 0.06383645 0.7949823 0.2956961 0.5656317 0.2609212 0.5652021 0.2604101 0.5920646 0.2604101 0.5920646 0.226301 0.5911619 0.2255704 0.6177442 0.2255704 0.6177442 0.1918826 0.6166954 0.1910835 0.6430263 0.1910835 0.6430263 0.1577572 0.6419112 0.1569579 0.6680172 0.1569579 0.6680172 0.1239771 0.6668744 0.1232171 0.6927459 0.1232171 0.6927459 0.09061032 0.6915988 0.08989512 0.7171912 0.08989512 0.7171912 0.05773711 0.7159849 0.05690801 0.7413661 0.5101829 0.2505034 0.5425273 0.250059 0.5104622 0.224879 0.5422528 0.2756382 0.5745925 0.2752391 0.5425273 0.250059 0.5743229 0.3007731 0.6066579 0.3004192 0.5745925 0.2752391 0.6063933 0.3259082 0.6387235 0.3255996 0.6066579 0.3004192 0.638464 0.3510436 0.6707895 0.3507801 0.6387235 0.3255996 0.6705352 0.3761789 0.7028562 0.3759603 0.6707895 0.3507801 0.7026073 0.4013141 0.7349236 0.4011402 0.7028562 0.3759603 0.51284 0.2968894 0.5422528 0.2756382 0.5101829 0.2505034 0.5445954 0.321745 0.5743229 0.3007731 0.5422528 0.2756382 0.5763509 0.3466008 0.6063933 0.3259082 0.5743229 0.3007731 0.6081069 0.3714569 0.638464 0.3510436 0.6063933 0.3259082 0.6398633 0.3963134 0.6705352 0.3761789 0.638464 0.3510436 0.6716209 0.4211701 0.7026073 0.4013141 0.6705352 0.3761789 0.7033802 0.4460267 0.7346806 0.4264488 0.7026073 0.4013141 0.295161 0.5384994 0.2618317 0.5180421 0.2609212 0.5652021 0.2609212 0.5652021 0.2281464 0.5441293 0.226301 0.5911619 0.226301 0.5911619 0.1943703 0.5698227 0.1918826 0.6166954 0.1918826 0.6166954 0.1606894 0.595188 0.1577572 0.6419112 0.1577572 0.6419112 0.1272092 0.6203004 0.1239771 0.6668744 0.1239771 0.6668744 0.0940206 0.6452221 0.09061032 0.6915988 0.09061032 0.6915988 0.06124734 0.6700209 0.05773711 0.7159849 0.5361195 0.3862466 0.550462 0.3477525 0.5191617 0.323299 0.5661188 0.4096658 0.5817627 0.3722064 0.550462 0.3477525 0.5961184 0.4330858 0.6130637 0.3966606 0.5817627 0.3722064 0.626119 0.456507 0.6443654 0.4211151 0.6130637 0.3966606 0.6561217 0.4799295 0.6756689 0.4455703 0.6443654 0.4211151 0.6861283 0.5033524 0.7069749 0.470025 0.6756689 0.4455703 0.7161408 0.5267748 0.7382848 0.4944784 0.7069749 0.470025 0.5474935 0.4247149 0.5661188 0.4096658 0.5361195 0.3862466 0.5765949 0.4474211 0.5961184 0.4330858 0.5661188 0.4096658 0.605697 0.4701293 0.626119 0.456507 0.5961184 0.4330858 0.6348009 0.4928393 0.6561217 0.4799295 0.626119 0.456507 0.6639086 0.5155511 0.6861283 0.5033524 0.6561217 0.4799295 0.693023 0.5382639 0.7161408 0.5267748 0.6861283 0.5033524 0.722148 0.5609745 0.7461612 0.5501938 0.7161408 0.5267748 0.5734108 0.5023518 0.5858809 0.4790229 0.5574981 0.4568856 0.6007162 0.5236374 0.6142652 0.5011625 0.5858809 0.4790229 0.6280242 0.5449268 0.6426524 0.5233049 0.6142652 0.5011625 0.6553393 0.566221 0.6710458 0.54545 0.6426524 0.5233049 0.6826699 0.5875191 0.6994507 0.5675958 0.6710458 0.54545 0.7100282 0.6088158 0.7278738 0.5897373 0.6994507 0.5675958 0.7374069 0.6300976 0.756312 0.6118642 0.7278738 0.5897373 0.3101414 0.3478928 0.2891289 0.3305514 0.2815677 0.3710946 0.2815677 0.3710946 0.2617591 0.3526807 0.252778 0.3941741 0.252778 0.3941741 0.2341456 0.3747514 0.2237907 0.4172303 0.2237907 0.4172303 0.2063152 0.3967933 0.1945713 0.4402637 0.1945713 0.4402637 0.1782655 0.4188257 0.1651637 0.4632421 0.1651637 0.4632421 0.1500411 0.4408418 0.1356511 0.4861415 0.1356511 0.4861415 0.1217222 0.4628171 0.1061063 0.5089567 0.5970315 0.5687344 0.6007162 0.5236374 0.5734108 0.5023518 0.6224989 0.5885694 0.6280242 0.5449268 0.6007162 0.5236374 0.647979 0.6084152 0.6553393 0.566221 0.6280242 0.5449268 0.6734853 0.6282714 0.6826699 0.5875191 0.6553393 0.566221 0.6990363 0.6481359 0.7100282 0.6088158 0.6826699 0.5875191 0.7246087 0.6679836 0.7374069 0.6300976 0.7100282 0.6088158 0.7502034 0.687804 0.7648029 0.6513528 0.7374069 0.6300976 0.6557047 0.7290514 0.6470697 0.6603575 0.6237355 0.6421802 0.6765867 0.7454035 0.6704493 0.6785612 0.6470697 0.6603575 0.6975842 0.7618216 0.6938994 0.6967898 0.6704493 0.6785612 0.7184939 0.7781558 0.7173525 0.7149906 0.6938994 0.6967898 0.7394684 0.794491 0.7408336 0.733169 0.7173525 0.7149906 0.7606956 0.8109012 0.7644319 0.7513465 0.7408336 0.733169 0.7823106 0.8273979 0.7882517 0.7695253 0.7644319 0.7513465 0.3308888 0.1937094 0.3195117 0.1415472 0.3084977 0.2121927 0.3084977 0.2121927 0.3002488 0.1574198 0.2858228 0.230588 0.2858228 0.230588 0.2805471 0.173343 0.2629304 0.2489514 0.2629304 0.2489514 0.2604958 0.189325 0.2398436 0.2673161 0.2398436 0.2673161 0.2401862 0.2053537 0.2166087 0.2856661 0.2166087 0.2856661 0.2197344 0.2213814 0.1932416 0.3039894 0.1932416 0.3039894 0.1992956 0.237307 0.1696563 0.322342 0.3343917 0.07984787 0.3109285 0.05235528 0.3202201 0.09201556 0.3202201 0.09201556 0.3028897 0.06104868 0.3059703 0.1040361 0.3059703 0.1040361 0.2944127 0.06993544 0.291288 0.1161524 0.291288 0.1161524 0.2855058 0.07917398 0.276179 0.1284173 0.276179 0.1284173 0.2762147 0.08872246 0.2606947 0.1408313 0.2606947 0.1408313 0.266602 0.09850269 0.2448945 0.1533849 0.2448945 0.1533849 0.2567178 0.1084676 0.2288439 0.1660658 0.7244411 0.8720468 0.7068784 0.8198336 0.6902123 0.8062775 0.7345618 0.8829209 0.7231843 0.8330929 0.7068784 0.8198336 0.7453334 0.8943068 0.7396916 0.8464402 0.7231843 0.8330929 0.7566602 0.9059807 0.7566254 0.8599757 0.7396916 0.8464402 0.7684805 0.9178143 0.7740685 0.8736611 0.7566254 0.8599757 0.7807439 0.9297101 0.7920344 0.8874028 0.7740685 0.8736611 0.7933967 0.9415898 0.810507 0.9010897 0.7920344 0.8874028 0.7766496 0.9738332 0.7345618 0.8829209 0.7244411 0.8720468 0.7819679 0.9800888 0.7453334 0.8943068 0.7345618 0.8829209 0.7865375 0.9855698 0.7566602 0.9059807 0.7453334 0.8943068 0.790255 0.9901216 0.7684805 0.9178143 0.7566602 0.9059807 0.7930768 0.9936403 0.7807439 0.9297101 0.7684805 0.9178143 0.7950587 0.9961473 0.7933967 0.9415898 0.7807439 0.9297101 0.7963493 0.997795 0.8063784 0.9533859 0.7933967 0.9415898 0.3057155 0.02713614 0.2879865 0.005275428 0.3047177 0.02691477 0.2879865 0.005275428 0.3039513 0.02710127 0.3047177 0.02691477 0.2871702 0.005500614 0.3031756 0.02755558 0.3039513 0.02710127 0.2863464 0.005718708 0.3023908 0.02815324 0.3031756 0.02755558 0.2855148 0.00593245 0.3016188 0.02882152 0.3023908 0.02815324 0.284676 0.006142497 0.3008589 0.02952098 0.3016188 0.02882152 0.2838305 0.006349325 0.3000991 0.03023362 0.3008589 0.02952098 0.3383132 0.12585 0.3202201 0.09201556 0.3195117 0.1415472 0.3195117 0.1415472 0.3059703 0.1040361 0.3002488 0.1574198 0.3002488 0.1574198 0.291288 0.1161524 0.2805471 0.173343 0.2805471 0.173343 0.276179 0.1284173 0.2604958 0.189325 0.2604958 0.189325 0.2606947 0.1408313 0.2401862 0.2053537 0.2401862 0.2053537 0.2448945 0.1533849 0.2197344 0.2213814 0.2197344 0.2213814 0.2288439 0.1660658 0.1992956 0.237307 0.6902123 0.8062775 0.6765867 0.7454035 0.6557047 0.7290514 0.7068784 0.8198336 0.6975842 0.7618216 0.6765867 0.7454035 0.7231843 0.8330929 0.7184939 0.7781558 0.6975842 0.7618216 0.7396916 0.8464402 0.7394684 0.794491 0.7184939 0.7781558 0.7566254 0.8599757 0.7606956 0.8109012 0.7394684 0.794491 0.7740685 0.8736611 0.7823106 0.8273979 0.7606956 0.8109012 0.7920344 0.8874028 0.8043776 0.8439286 0.7823106 0.8273979 0.6237355 0.6421802 0.6224989 0.5885694 0.5970315 0.5687344 0.6470697 0.6603575 0.647979 0.6084152 0.6224989 0.5885694 0.6704493 0.6785612 0.6734853 0.6282714 0.647979 0.6084152 0.6938994 0.6967898 0.6990363 0.6481359 0.6734853 0.6282714 0.7173525 0.7149906 0.7246087 0.6679836 0.6990363 0.6481359 0.7408336 0.733169 0.7502034 0.687804 0.7246087 0.6679836 0.7644319 0.7513465 0.7758609 0.7075943 0.7502034 0.687804 0.316099 0.3084726 0.2985078 0.2737084 0.2891289 0.3305514 0.2891289 0.3305514 0.2733536 0.2940239 0.2617591 0.3526807 0.2617591 0.3526807 0.2479632 0.3143749 0.2341456 0.3747514 0.2341456 0.3747514 0.2223756 0.3347208 0.2063152 0.3967933 0.2063152 0.3967933 0.1965957 0.3550593 0.1782655 0.4188257 0.1782655 0.4188257 0.1705936 0.3754201 0.1500411 0.4408418 0.1500411 0.4408418 0.1443883 0.3958201 0.1217222 0.4628171 0.3235335 0.2533765 0.3084977 0.2121927 0.2985078 0.2737084 0.2985078 0.2737084 0.2858228 0.230588 0.2733536 0.2940239 0.2733536 0.2940239 0.2629304 0.2489514 0.2479632 0.3143749 0.2479632 0.3143749 0.2398436 0.2673161 0.2223756 0.3347208 0.2223756 0.3347208 0.2166087 0.2856661 0.1965957 0.3550593 0.1965957 0.3550593 0.1932416 0.3039894 0.1705936 0.3754201 0.1705936 0.3754201 0.1696563 0.322342 0.1443883 0.3958201 0.5574981 0.4568856 0.5765949 0.4474211 0.5474935 0.4247149 0.5858809 0.4790229 0.605697 0.4701293 0.5765949 0.4474211 0.6142652 0.5011625 0.6348009 0.4928393 0.605697 0.4701293 0.6426524 0.5233049 0.6639086 0.5155511 0.6348009 0.4928393 0.6710458 0.54545 0.693023 0.5382639 0.6639086 0.5155511 0.6994507 0.5675958 0.722148 0.5609745 0.693023 0.5382639 0.7278738 0.5897373 0.7512853 0.5836781 0.722148 0.5609745 0.3028397 0.4101786 0.2769897 0.4001423 0.2723949 0.4347972 0.2723949 0.4347972 0.2473313 0.4238959 0.2415524 0.459462 0.2415524 0.459462 0.2174017 0.4476392 0.2103733 0.4839975 0.2103733 0.4839975 0.1872298 0.4713016 0.1790041 0.50836 0.1790041 0.50836 0.1569114 0.4948493 0.1475605 0.532536 0.1475605 0.532536 0.1265372 0.5182701 0.1161336 0.5565308 0.1161336 0.5565308 0.09618532 0.5415464 0.08475893 0.5803872 0.306514 0.3763626 0.2815677 0.3710946 0.2769897 0.4001423 0.2769897 0.4001423 0.252778 0.3941741 0.2473313 0.4238959 0.2473313 0.4238959 0.2237907 0.4172303 0.2174017 0.4476392 0.2174017 0.4476392 0.1945713 0.4402637 0.1872298 0.4713016 0.1872298 0.4713016 0.1651637 0.4632421 0.1569114 0.4948493 0.1569114 0.4948493 0.1356511 0.4861415 0.1265372 0.5182701 0.1265372 0.5182701 0.1061063 0.5089567 0.09618532 0.5415464 0.5191617 0.323299 0.5445954 0.321745 0.51284 0.2968894 0.550462 0.3477525 0.5763509 0.3466008 0.5445954 0.321745 0.5817627 0.3722064 0.6081069 0.3714569 0.5763509 0.3466008 0.6130637 0.3966606 0.6398633 0.3963134 0.6081069 0.3714569 0.6443654 0.4211151 0.6716209 0.4211701 0.6398633 0.3963134 0.6756689 0.4455703 0.7033802 0.4460267 0.6716209 0.4211701 0.7069749 0.470025 0.7351422 0.4708821 0.7033802 0.4460267 0.2974693 0.4669222 0.2723949 0.4347972 0.265067 0.4931431 0.265067 0.4931431 0.2415524 0.459462 0.2321419 0.5188968 0.2321419 0.5188968 0.2103733 0.4839975 0.1990593 0.5443556 0.1990593 0.5443556 0.1790041 0.50836 0.1659626 0.5695067 0.1659626 0.5695067 0.1475605 0.532536 0.132972 0.594405 0.132972 0.594405 0.1161336 0.5565308 0.1001716 0.6191161 0.1001716 0.6191161 0.08475893 0.5803872 0.06766605 0.6436991 0.2954793 0.4914695 0.265067 0.4931431 0.2618317 0.5180421 0.2618317 0.5180421 0.2321419 0.5188968 0.2281464 0.5441293 0.2281464 0.5441293 0.1990593 0.5443556 0.1943703 0.5698227 0.1943703 0.5698227 0.1659626 0.5695067 0.1606894 0.595188 0.1606894 0.595188 0.132972 0.594405 0.1272092 0.6203004 0.1272092 0.6203004 0.1001716 0.6191161 0.0940206 0.6452221 0.0940206 0.6452221 0.06766605 0.6436991 0.06124734 0.6700209 0.2991451 0.599411 0.2604101 0.5920646 0.2635833 0.6251858 0.2635833 0.6251858 0.2255704 0.6177442 0.2285097 0.6504697 0.2285097 0.6504697 0.1910835 0.6430263 0.1938732 0.6754563 0.1938732 0.6754563 0.1569579 0.6680172 0.1596287 0.7001627 0.1596287 0.7001627 0.1232171 0.6927459 0.125781 0.7245882 0.125781 0.7245882 0.08989512 0.7171912 0.09232687 0.7487303 0.09232687 0.7487303 0.05690801 0.7413661 0.05931359 0.7725861 0.5104622 0.224879 0.5464113 0.2184385 0.5142564 0.1931872 0.5425273 0.250059 0.5785664 0.2436899 0.5464113 0.2184385 0.5745925 0.2752391 0.6107214 0.2689414 0.5785664 0.2436899 0.6066579 0.3004192 0.6428767 0.294193 0.6107214 0.2689414 0.6387235 0.3255996 0.6750322 0.3194445 0.6428767 0.294193 0.6707895 0.3507801 0.7071881 0.344696 0.6750322 0.3194445 0.7028562 0.3759603 0.7393445 0.3699472 0.7071881 0.344696 0.5202946 0.1704323 0.5717389 0.1631808 0.540987 0.1388676 0.5522813 0.1956711 0.602491 0.187494 0.5717389 0.1631808 0.5842682 0.2209101 0.6332432 0.2118074 0.602491 0.187494 0.6162551 0.2461491 0.6639953 0.2361207 0.6332432 0.2118074 0.6482422 0.2713882 0.6947476 0.260434 0.6639953 0.2361207 0.6802294 0.2966272 0.7255001 0.2847474 0.6947476 0.260434 0.712217 0.3218663 0.7562527 0.3090605 0.7255001 0.2847474 0.3155492 0.6873925 0.2770467 0.6894912 0.2827606 0.7106191 0.2827606 0.7106191 0.2434519 0.7131924 0.2497639 0.7336049 0.2497639 0.7336049 0.2101391 0.7365855 0.2171033 0.7562886 0.2171033 0.7562886 0.1771909 0.7597114 0.184825 0.778723 0.184825 0.778723 0.1446062 0.7825929 0.1528974 0.8009474 0.1528974 0.8009474 0.1123305 0.8052271 0.1212255 0.822983 0.1212255 0.822983 0.08019495 0.8275458 0.08957993 0.8448621 0.3110027 0.6657423 0.2672694 0.6493406 0.2770467 0.6894912 0.2770467 0.6894912 0.2323533 0.6743267 0.2434519 0.7131924 0.2434519 0.7131924 0.1978542 0.6990423 0.2101391 0.7365855 0.2101391 0.7365855 0.1637375 0.723474 0.1771909 0.7597114 0.1771909 0.7597114 0.1300122 0.7476231 0.1446062 0.7825929 0.1446062 0.7825929 0.0966826 0.77148 0.1123305 0.8052271 0.1123305 0.8052271 0.06383645 0.7949823 0.08019495 0.8275458 0.5645882 0.1069121 0.6052808 0.115078 0.5770202 0.0926972 0.5937461 0.1300066 0.6335416 0.1374588 0.6052808 0.115078 0.622904 0.1531012 0.6618022 0.1598396 0.6335416 0.1374588 0.652062 0.1761958 0.6900631 0.1822203 0.6618022 0.1598396 0.6812199 0.1992903 0.7183238 0.2046012 0.6900631 0.1822203 0.710378 0.222385 0.7465847 0.2269819 0.7183238 0.2046012 0.7395361 0.2454795 0.7748456 0.2493627 0.7465847 0.2269819 0.3271439 0.7527271 0.2911381 0.75234 0.2965431 0.7732886 0.2965431 0.7732886 0.2598977 0.7734705 0.2661617 0.7934793 0.2661617 0.7934793 0.2290826 0.7943273 0.2363071 0.8134928 0.2363071 0.8134928 0.1986764 0.8150267 0.2068654 0.8334164 0.2068654 0.8334164 0.1685965 0.8356209 0.1777423 0.8532799 0.1777423 0.8532799 0.138749 0.8561667 0.1488784 0.8731419 0.1488784 0.8731419 0.1090266 0.8767899 0.1202203 0.8931021 0.3229369 0.7308703 0.2866756 0.7321329 0.2911381 0.75234 0.2911381 0.75234 0.2545192 0.7541841 0.2598977 0.7734705 0.2598977 0.7734705 0.2227714 0.7759515 0.2290826 0.7943273 0.2290826 0.7943273 0.1914175 0.7975048 0.1986764 0.8150267 0.1986764 0.8150267 0.1603991 0.8188999 0.1685965 0.8356209 0.1685965 0.8356209 0.1296074 0.8401811 0.138749 0.8561667 0.138749 0.8561667 0.09885615 0.861433 0.1090266 0.8767899 0.6052101 0.06382739 0.6465906 0.07090961 0.6217296 0.05109888 0.6313965 0.08465492 0.6714515 0.09072029 0.6465906 0.07090961 0.6575829 0.1054825 0.6963126 0.110531 0.6714515 0.09072029 0.6837694 0.12631 0.7211735 0.1303418 0.6963126 0.110531 0.7099558 0.1471375 0.7460346 0.1501525 0.7211735 0.1303418 0.7361422 0.1679651 0.7708956 0.1699633 0.7460346 0.1501525 0.7623288 0.1887927 0.7957567 0.1897739 0.7708956 0.1699633 0.3304843 0.7747319 0.2965431 0.7732886 0.300612 0.7941424 0.300612 0.7941424 0.2661617 0.7934793 0.2715611 0.8131142 0.2715611 0.8131142 0.2363071 0.8134928 0.2430807 0.8320952 0.2430807 0.8320952 0.2068654 0.8334164 0.2149574 0.8510158 0.2149574 0.8510158 0.1777423 0.8532799 0.1871382 0.869911 0.1871382 0.869911 0.1488784 0.8731419 0.1596053 0.8888258 0.1596053 0.8888258 0.1202203 0.8931021 0.1323665 0.9078678 0.3337129 0.7972215 0.300612 0.7941424 0.3051219 0.8146224 0.3051219 0.8146224 0.2715611 0.8131142 0.2778829 0.8325746 0.2778829 0.8325746 0.2430807 0.8320952 0.2509136 0.85044 0.2509136 0.85044 0.2149574 0.8510158 0.2242656 0.8682731 0.2242656 0.8682731 0.1871382 0.869911 0.1978989 0.8861045 0.1978989 0.8861045 0.1596053 0.8888258 0.1718399 0.9039428 0.1718399 0.9039428 0.1323665 0.9078678 0.1461449 0.9219241 0.3100435 0.8896306 0.2879136 0.8677716 0.2921829 0.9022579 0.2921829 0.9022579 0.264494 0.8831325 0.2740148 0.9153944 0.2740148 0.9153944 0.241335 0.8986977 0.255314 0.928613 0.255314 0.928613 0.2182482 0.9142063 0.2362291 0.9414713 0.2362291 0.9414713 0.1954539 0.9295248 0.217377 0.9536063 0.217377 0.9536063 0.173355 0.944873 0.1994467 0.9648284 0.1786141 0.9912366 0.2357121 0.9673197 0.184523 0.9762361 0.173249 0.9720294 0.1641911 0.9863988 0.1786141 0.9912366 0.1884692 0.9932921 0.1916347 0.9783027 0.184523 0.9762361 0.1619802 0.9665002 0.1509764 0.9804602 0.1641911 0.9863988 0.1519555 0.9610085 0.1398173 0.9746353 0.1509764 0.9804602 0.120802 0.9402343 0.1057769 0.9520114 0.1234284 0.9647641 0.1370041 0.9519947 0.1234284 0.9647641 0.1398173 0.9746353 0.1055536 0.9271326 0.08930766 0.9378204 0.1057769 0.9520114 0.07926714 0.8977184 0.06109142 0.9066448 0.07480031 0.9229827 0.09205073 0.9133478 0.07480031 0.9229827 0.08930766 0.9378204 0.0680564 0.8828565 0.04935812 0.8909995 0.06109142 0.9066448 0.04746776 0.8495445 0.02772992 0.8560398 0.03824591 0.8741828 0.05752837 0.8667705 0.03824591 0.8741828 0.04935812 0.8909995 0.02709811 0.7960982 0.006590783 0.7981992 0.01217722 0.821654 0.03214657 0.8176539 0.01217722 0.821654 0.02772992 0.8560398 0.02436083 0.7653663 0.003469705 0.7657935 0.006590783 0.7981992 0.02936583 0.6945082 0.00864911 0.6922462 0.003723442 0.7394038 0.02480548 0.7401127 0.003723442 0.7394038 0.003469705 0.7657935 0.03545677 0.6682467 0.01463222 0.665041 0.00864911 0.6922462 0.06578099 0.5646805 0.04486811 0.5605214 0.03262269 0.6003387 0.05351841 0.6041839 0.03262269 0.6003387 0.01463222 0.665041 0.07662802 0.5316359 0.05584996 0.5272091 0.04486811 0.5605214 0.1180834 0.4162151 0.09743016 0.4115345 0.07258921 0.4801263 0.09333473 0.4847499 0.07258921 0.4801263 0.05584996 0.5272091 0.1785835 0.2532587 0.1586652 0.2480002 0.1252388 0.3360405 0.1457749 0.340801 0.1252388 0.3360405 0.09743016 0.4115345 0.2130774 0.1784371 0.1943614 0.1724158 0.1586652 0.2480002 0.2993277 0.03094995 0.2820562 0.006773173 0.2280826 0.1135511 0.2462181 0.1189463 0.2280826 0.1135511 0.1943614 0.1724158 0.3516006 0.1951467 0.3308888 0.1937094 0.3235335 0.2533765 0.3516006 0.1951467 0.3582097 0.1258941 0.3383132 0.12585 0.3582097 0.1258941 0.3534658 0.07703697 0.3343917 0.07984787 0.8117041 0.1151463 0.8291068 0.1297305 0.82889 0.1147032 0.3249539 0.8917346 0.3289187 0.8784523 0.3100435 0.8896306 0.1900742 0.9588769 0.173249 0.9720294 0.184523 0.9762361 0.8071282 0.1530991 0.8288804 0.170578 0.8273912 0.1556681 0.173355 0.944873 0.1519555 0.9610085 0.1619802 0.9665002 0.1461449 0.9219241 0.1323665 0.9078678 0.1055536 0.9271326 0.1323665 0.9078678 0.1202203 0.8931021 0.09205073 0.9133478 0.7885153 0.2096202 0.8147019 0.2304477 0.8206177 0.2095846 0.1090266 0.8767899 0.09885615 0.861433 0.0680564 0.8828565 0.1202203 0.8931021 0.1090266 0.8767899 0.07926714 0.8977184 0.7686944 0.2685741 0.7978525 0.2916685 0.8031065 0.2717434 0.08019495 0.8275458 0.06383645 0.7949823 0.03214657 0.8176539 0.08957993 0.8448621 0.08019495 0.8275458 0.04746776 0.8495445 0.7442048 0.3471051 0.776193 0.3723434 0.7870053 0.3333735 0.7349236 0.4011402 0.7669919 0.426319 0.7715013 0.3951978 0.05931359 0.7725861 0.05690801 0.7413661 0.02436083 0.7653663 0.06124734 0.6700209 0.06766605 0.6436991 0.03545677 0.6682467 0.06766605 0.6436991 0.08475893 0.5803872 0.05351841 0.6041839 0.7382848 0.4944784 0.769599 0.5189281 0.7669078 0.4957352 0.09618532 0.5415464 0.1061063 0.5089567 0.07662802 0.5316359 0.08475893 0.5803872 0.09618532 0.5415464 0.06578099 0.5646805 0.756312 0.6118642 0.7847601 0.6339628 0.780431 0.6063645 0.1443883 0.3958201 0.1696563 0.322342 0.1457749 0.340801 0.1217222 0.4628171 0.1443883 0.3958201 0.1180834 0.4162151 0.7882517 0.7695253 0.8123832 0.7876746 0.8016421 0.7273402 0.810507 0.9010897 0.8294775 0.9146252 0.8268926 0.8603903 0.1992956 0.237307 0.2288439 0.1660658 0.2130774 0.1784371 0.3000991 0.03023362 0.2829792 0.006552636 0.2820562 0.006773173 0.2888002 0.005039453 0.3057155 0.02713614 0.3184964 0.04335403 0.3364256 0.03231924 0.3184964 0.04335403 0.3343917 0.07984787 0.7971495 0.9988233 0.7976679 0.9994928 0.8196281 0.9650388 0.8063784 0.9533859 0.8196281 0.9650388 0.8294775 0.9146252 0.2288439 0.1660658 0.2567178 0.1084676 0.2462181 0.1189463 0.1696563 0.322342 0.1992956 0.237307 0.1785835 0.2532587 0.8043776 0.8439286 0.8268926 0.8603903 0.8123832 0.7876746 0.7758609 0.7075943 0.8016421 0.7273402 0.7922339 0.6725678 0.1061063 0.5089567 0.1217222 0.4628171 0.09333473 0.4847499 0.7648029 0.6513528 0.7922339 0.6725678 0.7847601 0.6339628 0.7512853 0.5836781 0.780431 0.6063645 0.7761877 0.5736043 0.7461612 0.5501938 0.7761877 0.5736043 0.769599 0.5189281 0.05773711 0.7159849 0.06124734 0.6700209 0.02936583 0.6945082 0.7351422 0.4708821 0.7669078 0.4957352 0.7667554 0.4515818 0.7346806 0.4264488 0.7667554 0.4515818 0.7669919 0.426319 0.05690801 0.7413661 0.05773711 0.7159849 0.02480548 0.7401127 0.06383645 0.7949823 0.05931359 0.7725861 0.02709811 0.7960982 0.7393445 0.3699472 0.7715013 0.3951978 0.776193 0.3723434 0.7562527 0.3090605 0.7870053 0.3333735 0.7932813 0.3128605 0.09885615 0.861433 0.08957993 0.8448621 0.05752837 0.8667705 0.7632257 0.2890524 0.7932813 0.3128605 0.7978525 0.2916685 0.7748456 0.2493627 0.8031065 0.2717434 0.8095327 0.2512594 0.7821592 0.2295213 0.8095327 0.2512594 0.8147019 0.2304477 0.1461449 0.9219241 0.120802 0.9402343 0.1370041 0.9519947 0.7957567 0.1897739 0.8206177 0.2095846 0.8294775 0.1915898 0.805664 0.172583 0.8294775 0.1915898 0.8288804 0.170578 0.1609246 0.9345402 0.1370041 0.9519947 0.1519555 0.9610085 0.1812872 0.9515937 0.1619802 0.9665002 0.173249 0.9720294 0.8071321 0.1393425 0.8273912 0.1556681 0.826115 0.1400306 0.8074986 0.1248596 0.826115 0.1400306 0.8291068 0.1297305 0.7146245 0.02271294 0.7540829 0.03621304 0.747074 0.03057044 0.2567178 0.1084676 0.3000991 0.03023362 0.2993277 0.03094995 0.3443026 0.2550325 0.3235335 0.2533765 0.316099 0.3084726 0.3101414 0.3478928 0.3313186 0.3497068 0.3370122 0.3102892 0.306514 0.3763626 0.3277389 0.3779178 0.3313186 0.3497068 0.306514 0.3763626 0.3028397 0.4101786 0.3242065 0.4115231 0.3028397 0.4101786 0.2974693 0.4669222 0.3189536 0.4679791 0.2954793 0.4914695 0.31744 0.491993 0.3189536 0.4679791 0.295161 0.5384994 0.3172292 0.5383265 0.31744 0.491993 0.295161 0.5384994 0.2956961 0.5656317 0.3179521 0.5648851 0.2956961 0.5656317 0.2991451 0.599411 0.3210585 0.5977452 0.2991451 0.599411 0.3028203 0.6240105 0.3245866 0.6217781 0.3028203 0.6240105 0.3110027 0.6657423 0.3324896 0.6630965 0.3155492 0.6873925 0.3368932 0.684825 0.3324896 0.6630965 0.3191903 0.7095517 0.3409182 0.7071663 0.3368932 0.684825 0.3229369 0.7308703 0.3447459 0.7283939 0.3409182 0.7071663 0.3271439 0.7527271 0.3487336 0.7504772 0.3447459 0.7283939 0.3304843 0.7747319 0.3522253 0.7726272 0.3487336 0.7504772 0.3337129 0.7972215 0.3557243 0.7950856 0.3522253 0.7726272 0.3377472 0.8160997 0.3582097 0.815512 0.3557243 0.7950856 0.3377472 0.8160997 0.3358247 0.8361356 0.3573139 0.8375884 0.3358247 0.8361356 0.3331144 0.8512181 0.3549954 0.8535238 0.3295762 0.8676431 0.3520574 0.8700003 0.3549954 0.8535238 0.3289187 0.8784523 0.3498301 0.8815452 0.3520574 0.8700003 0.3289187 0.8784523 0.3249539 0.8917346 0.3448598 0.8977554 0.3027634 0.9407055 0.3101467 0.9344385 0.2989148 0.9268002 0.2989148 0.9268002 0.3101467 0.9344385 0.3448598 0.8977554 0.3094014 0.9023641 0.291801 0.932079 0.2989148 0.9268002 0.1884692 0.9932921 0.2431885 0.9785288 0.2357121 0.9673197 0.2357121 0.9673197 0.2440454 0.9629905 0.2052707 0.9698393 0.2440454 0.9629905 0.252443 0.9583814 0.2220761 0.960203 0.252443 0.9583814 0.2607018 0.9534492 0.2400344 0.9496111 0.2607018 0.9534492 0.2687736 0.9482702 0.2582429 0.9381389 0.2582429 0.9381389 0.2687736 0.9482702 0.2766954 0.942975 0.2760125 0.9261314 0.2766954 0.942975 0.2843769 0.9375494 0.2930793 0.9140649 0.2843769 0.9375494 0.291801 0.932079 0.2431885 0.9785288 0.2528373 0.9736371 0.2440454 0.9629905 0.2528373 0.9736371 0.2618511 0.9685309 0.252443 0.9583814 0.2618511 0.9685309 0.2705031 0.9632576 0.2607018 0.9534492 0.2705031 0.9632576 0.2788946 0.9578377 0.2687736 0.9482702 0.2788946 0.9578377 0.2870765 0.9522828 0.2766954 0.942975 0.2870765 0.9522828 0.295042 0.9465829 0.2843769 0.9375494 0.295042 0.9465829 0.3027634 0.9407055 0.291801 0.932079 0.3184964 0.04335403 0.3057155 0.02713614 0.3047177 0.02691477 0.3109285 0.05235528 0.3047177 0.02691477 0.3039513 0.02710127 0.3028897 0.06104868 0.3039513 0.02710127 0.3031756 0.02755558 0.2944127 0.06993544 0.3031756 0.02755558 0.3023908 0.02815324 0.2855058 0.07917398 0.3023908 0.02815324 0.3016188 0.02882152 0.2762147 0.08872246 0.3016188 0.02882152 0.3008589 0.02952098 0.266602 0.09850269 0.3008589 0.02952098 0.3000991 0.03023362 0.8031451 0.07571089 0.7961362 0.07006835 0.8125664 0.1015617 0.7961362 0.07006835 0.7891273 0.06442582 0.7962427 0.08842027 0.7891273 0.06442582 0.7821185 0.05878329 0.7799191 0.07527881 0.7821185 0.05878329 0.7751095 0.05314069 0.7635954 0.06213736 0.7635954 0.06213736 0.7751095 0.05314069 0.7681007 0.04749816 0.7472718 0.04899591 0.7681007 0.04749816 0.7610917 0.04185563 0.7309481 0.03585445 0.7610917 0.04185563 0.7540829 0.03621304 0.6898855 0.01305741 0.6771844 0.01866281 0.6958007 0.0338338 0.7072882 0.02764153 0.6958007 0.0338338 0.714417 0.04900479 0.7246908 0.04222565 0.714417 0.04900479 0.7330334 0.06417578 0.7330334 0.06417578 0.7516497 0.07934671 0.7594962 0.07139396 0.7516497 0.07934671 0.770266 0.09451764 0.7768988 0.08597809 0.770266 0.09451764 0.7888823 0.1096887 0.7943015 0.1005622 0.7888823 0.1096887 0.8074986 0.1248596 0.8117041 0.1151463 0.6771844 0.01866281 0.6653182 0.02506297 0.6855773 0.04138863 0.6855773 0.04138863 0.7058365 0.05771422 0.714417 0.04900479 0.7058365 0.05771422 0.7260956 0.07403993 0.7330334 0.06417578 0.7260956 0.07403993 0.7463548 0.09036558 0.7516497 0.07934671 0.7463548 0.09036558 0.7666138 0.1066912 0.770266 0.09451764 0.7666138 0.1066912 0.7868729 0.1230168 0.7888823 0.1096887 0.7868729 0.1230168 0.8071321 0.1393425 0.8074986 0.1248596 0.3295762 0.8676431 0.3331144 0.8512181 0.3099424 0.8661496 0.3076936 0.8800874 0.3099424 0.8661496 0.2876596 0.8801184 0.2879517 0.8931291 0.2876596 0.8801184 0.2661107 0.8945044 0.2683753 0.9066201 0.2661107 0.8945044 0.2445779 0.9090564 0.2485216 0.9202108 0.2445779 0.9090564 0.2230017 0.923471 0.228507 0.9335355 0.2230017 0.923471 0.2017176 0.9375755 0.2087685 0.9463577 0.2017176 0.9375755 0.1812872 0.9515937 0.3358247 0.8361356 0.3377472 0.8160997 0.3128315 0.8326181 0.3119661 0.8522917 0.3128315 0.8326181 0.2867806 0.8497315 0.2879136 0.8677716 0.2867806 0.8497315 0.2609504 0.8666644 0.264494 0.8831325 0.2609504 0.8666644 0.23548 0.8836236 0.241335 0.8986977 0.23548 0.8836236 0.2102363 0.9005939 0.2182482 0.9142063 0.2102363 0.9005939 0.1853089 0.9175044 0.1954539 0.9295248 0.1853089 0.9175044 0.1609246 0.9345402 0.6548635 0.03074669 0.6389699 0.03953522 0.6627833 0.05854201 0.6627833 0.05854201 0.6865968 0.07754886 0.6983677 0.06570452 0.6865968 0.07754886 0.7104102 0.0965557 0.7201198 0.08318346 0.7104102 0.0965557 0.7342237 0.1155626 0.7418719 0.1006624 0.7342237 0.1155626 0.7580371 0.1345694 0.763624 0.1181413 0.7580371 0.1345694 0.7818506 0.1535762 0.7853761 0.1356202 0.7818506 0.1535762 0.805664 0.172583 0.8071282 0.1530991 0.6389699 0.03953522 0.6217296 0.05109888 0.6465906 0.07090961 0.6465906 0.07090961 0.6714515 0.09072029 0.6865968 0.07754886 0.6714515 0.09072029 0.6963126 0.110531 0.7104102 0.0965557 0.6963126 0.110531 0.7211735 0.1303418 0.7342237 0.1155626 0.7211735 0.1303418 0.7460346 0.1501525 0.7580371 0.1345694 0.7460346 0.1501525 0.7708956 0.1699633 0.7818506 0.1535762 0.7708956 0.1699633 0.7957567 0.1897739 0.805664 0.172583 0.3377472 0.8160997 0.3337129 0.7972215 0.3051219 0.8146224 0.3128315 0.8326181 0.3051219 0.8146224 0.2778829 0.8325746 0.2867806 0.8497315 0.2778829 0.8325746 0.2509136 0.85044 0.2609504 0.8666644 0.2509136 0.85044 0.2242656 0.8682731 0.23548 0.8836236 0.2242656 0.8682731 0.1978989 0.8861045 0.2102363 0.9005939 0.1978989 0.8861045 0.1718399 0.9039428 0.1853089 0.9175044 0.1718399 0.9039428 0.1461449 0.9219241 0.5905458 0.07735419 0.617919 0.0990923 0.6313965 0.08465492 0.617919 0.0990923 0.6452924 0.1208305 0.6575829 0.1054825 0.6452924 0.1208305 0.6726657 0.1425687 0.6837694 0.12631 0.6726657 0.1425687 0.700039 0.1643068 0.7099558 0.1471375 0.700039 0.1643068 0.7274124 0.186045 0.7361422 0.1679651 0.7274124 0.186045 0.7547858 0.2077832 0.7623288 0.1887927 0.7547858 0.2077832 0.7821592 0.2295213 0.7885153 0.2096202 0.5770202 0.0926972 0.6052808 0.115078 0.617919 0.0990923 0.6052808 0.115078 0.6335416 0.1374588 0.6452924 0.1208305 0.6335416 0.1374588 0.6618022 0.1598396 0.6726657 0.1425687 0.6618022 0.1598396 0.6900631 0.1822203 0.700039 0.1643068 0.6900631 0.1822203 0.7183238 0.2046012 0.7274124 0.186045 0.7183238 0.2046012 0.7465847 0.2269819 0.7547858 0.2077832 0.7465847 0.2269819 0.7748456 0.2493627 0.7821592 0.2295213 0.5528388 0.1223941 0.5828939 0.1462024 0.5937461 0.1300066 0.5828939 0.1462024 0.612949 0.1700108 0.622904 0.1531012 0.612949 0.1700108 0.6430042 0.1938191 0.652062 0.1761958 0.6430042 0.1938191 0.6730595 0.2176274 0.6812199 0.1992903 0.6730595 0.2176274 0.7031147 0.2414358 0.710378 0.222385 0.7031147 0.2414358 0.7331701 0.2652443 0.7395361 0.2454795 0.7331701 0.2652443 0.7632257 0.2890524 0.7686944 0.2685741 0.3191903 0.7095517 0.3155492 0.6873925 0.2827606 0.7106191 0.2866756 0.7321329 0.2827606 0.7106191 0.2497639 0.7336049 0.2545192 0.7541841 0.2497639 0.7336049 0.2171033 0.7562886 0.2227714 0.7759515 0.2171033 0.7562886 0.184825 0.778723 0.1914175 0.7975048 0.184825 0.778723 0.1528974 0.8009474 0.1603991 0.8188999 0.1528974 0.8009474 0.1212255 0.822983 0.1296074 0.8401811 0.1212255 0.822983 0.08957993 0.8448621 0.540987 0.1388676 0.5717389 0.1631808 0.5828939 0.1462024 0.5717389 0.1631808 0.602491 0.187494 0.612949 0.1700108 0.602491 0.187494 0.6332432 0.2118074 0.6430042 0.1938191 0.6332432 0.2118074 0.6639953 0.2361207 0.6730595 0.2176274 0.6639953 0.2361207 0.6947476 0.260434 0.7031147 0.2414358 0.6947476 0.260434 0.7255001 0.2847474 0.7331701 0.2652443 0.7255001 0.2847474 0.7562527 0.3090605 0.7632257 0.2890524 0.5142564 0.1931872 0.5464113 0.2184385 0.5522813 0.1956711 0.5464113 0.2184385 0.5785664 0.2436899 0.5842682 0.2209101 0.5785664 0.2436899 0.6107214 0.2689414 0.6162551 0.2461491 0.6107214 0.2689414 0.6428767 0.294193 0.6482422 0.2713882 0.6428767 0.294193 0.6750322 0.3194445 0.6802294 0.2966272 0.6750322 0.3194445 0.7071881 0.344696 0.712217 0.3218663 0.7071881 0.344696 0.7393445 0.3699472 0.7442048 0.3471051 0.3028203 0.6240105 0.2991451 0.599411 0.2635833 0.6251858 0.2672694 0.6493406 0.2635833 0.6251858 0.2285097 0.6504697 0.2323533 0.6743267 0.2285097 0.6504697 0.1938732 0.6754563 0.1978542 0.6990423 0.1938732 0.6754563 0.1596287 0.7001627 0.1637375 0.723474 0.1596287 0.7001627 0.125781 0.7245882 0.1300122 0.7476231 0.125781 0.7245882 0.09232687 0.7487303 0.0966826 0.77148 0.09232687 0.7487303 0.05931359 0.7725861 0.2956961 0.5656317 0.295161 0.5384994 0.2609212 0.5652021 0.2604101 0.5920646 0.2609212 0.5652021 0.226301 0.5911619 0.2255704 0.6177442 0.226301 0.5911619 0.1918826 0.6166954 0.1910835 0.6430263 0.1918826 0.6166954 0.1577572 0.6419112 0.1569579 0.6680172 0.1577572 0.6419112 0.1239771 0.6668744 0.1232171 0.6927459 0.1239771 0.6668744 0.09061032 0.6915988 0.08989512 0.7171912 0.09061032 0.6915988 0.05773711 0.7159849 0.5101829 0.2505034 0.5422528 0.2756382 0.5425273 0.250059 0.5422528 0.2756382 0.5743229 0.3007731 0.5745925 0.2752391 0.5743229 0.3007731 0.6063933 0.3259082 0.6066579 0.3004192 0.6063933 0.3259082 0.638464 0.3510436 0.6387235 0.3255996 0.638464 0.3510436 0.6705352 0.3761789 0.6707895 0.3507801 0.6705352 0.3761789 0.7026073 0.4013141 0.7028562 0.3759603 0.7026073 0.4013141 0.7346806 0.4264488 0.7349236 0.4011402 0.51284 0.2968894 0.5445954 0.321745 0.5422528 0.2756382 0.5445954 0.321745 0.5763509 0.3466008 0.5743229 0.3007731 0.5763509 0.3466008 0.6081069 0.3714569 0.6063933 0.3259082 0.6081069 0.3714569 0.6398633 0.3963134 0.638464 0.3510436 0.6398633 0.3963134 0.6716209 0.4211701 0.6705352 0.3761789 0.6716209 0.4211701 0.7033802 0.4460267 0.7026073 0.4013141 0.7033802 0.4460267 0.7351422 0.4708821 0.7346806 0.4264488 0.295161 0.5384994 0.2954793 0.4914695 0.2618317 0.5180421 0.2609212 0.5652021 0.2618317 0.5180421 0.2281464 0.5441293 0.226301 0.5911619 0.2281464 0.5441293 0.1943703 0.5698227 0.1918826 0.6166954 0.1943703 0.5698227 0.1606894 0.595188 0.1577572 0.6419112 0.1606894 0.595188 0.1272092 0.6203004 0.1239771 0.6668744 0.1272092 0.6203004 0.0940206 0.6452221 0.09061032 0.6915988 0.0940206 0.6452221 0.06124734 0.6700209 0.5361195 0.3862466 0.5661188 0.4096658 0.550462 0.3477525 0.5661188 0.4096658 0.5961184 0.4330858 0.5817627 0.3722064 0.5961184 0.4330858 0.626119 0.456507 0.6130637 0.3966606 0.626119 0.456507 0.6561217 0.4799295 0.6443654 0.4211151 0.6561217 0.4799295 0.6861283 0.5033524 0.6756689 0.4455703 0.6861283 0.5033524 0.7161408 0.5267748 0.7069749 0.470025 0.7161408 0.5267748 0.7461612 0.5501938 0.7382848 0.4944784 0.5474935 0.4247149 0.5765949 0.4474211 0.5661188 0.4096658 0.5765949 0.4474211 0.605697 0.4701293 0.5961184 0.4330858 0.605697 0.4701293 0.6348009 0.4928393 0.626119 0.456507 0.6348009 0.4928393 0.6639086 0.5155511 0.6561217 0.4799295 0.6639086 0.5155511 0.693023 0.5382639 0.6861283 0.5033524 0.693023 0.5382639 0.722148 0.5609745 0.7161408 0.5267748 0.722148 0.5609745 0.7512853 0.5836781 0.7461612 0.5501938 0.5734108 0.5023518 0.6007162 0.5236374 0.5858809 0.4790229 0.6007162 0.5236374 0.6280242 0.5449268 0.6142652 0.5011625 0.6280242 0.5449268 0.6553393 0.566221 0.6426524 0.5233049 0.6553393 0.566221 0.6826699 0.5875191 0.6710458 0.54545 0.6826699 0.5875191 0.7100282 0.6088158 0.6994507 0.5675958 0.7100282 0.6088158 0.7374069 0.6300976 0.7278738 0.5897373 0.7374069 0.6300976 0.7648029 0.6513528 0.756312 0.6118642 0.3101414 0.3478928 0.316099 0.3084726 0.2891289 0.3305514 0.2815677 0.3710946 0.2891289 0.3305514 0.2617591 0.3526807 0.252778 0.3941741 0.2617591 0.3526807 0.2341456 0.3747514 0.2237907 0.4172303 0.2341456 0.3747514 0.2063152 0.3967933 0.1945713 0.4402637 0.2063152 0.3967933 0.1782655 0.4188257 0.1651637 0.4632421 0.1782655 0.4188257 0.1500411 0.4408418 0.1356511 0.4861415 0.1500411 0.4408418 0.1217222 0.4628171 0.5970315 0.5687344 0.6224989 0.5885694 0.6007162 0.5236374 0.6224989 0.5885694 0.647979 0.6084152 0.6280242 0.5449268 0.647979 0.6084152 0.6734853 0.6282714 0.6553393 0.566221 0.6734853 0.6282714 0.6990363 0.6481359 0.6826699 0.5875191 0.6990363 0.6481359 0.7246087 0.6679836 0.7100282 0.6088158 0.7246087 0.6679836 0.7502034 0.687804 0.7374069 0.6300976 0.7502034 0.687804 0.7758609 0.7075943 0.7648029 0.6513528 0.6557047 0.7290514 0.6765867 0.7454035 0.6470697 0.6603575 0.6765867 0.7454035 0.6975842 0.7618216 0.6704493 0.6785612 0.6975842 0.7618216 0.7184939 0.7781558 0.6938994 0.6967898 0.7184939 0.7781558 0.7394684 0.794491 0.7173525 0.7149906 0.7394684 0.794491 0.7606956 0.8109012 0.7408336 0.733169 0.7606956 0.8109012 0.7823106 0.8273979 0.7644319 0.7513465 0.7823106 0.8273979 0.8043776 0.8439286 0.7882517 0.7695253 0.3308888 0.1937094 0.3383132 0.12585 0.3195117 0.1415472 0.3084977 0.2121927 0.3195117 0.1415472 0.3002488 0.1574198 0.2858228 0.230588 0.3002488 0.1574198 0.2805471 0.173343 0.2629304 0.2489514 0.2805471 0.173343 0.2604958 0.189325 0.2398436 0.2673161 0.2604958 0.189325 0.2401862 0.2053537 0.2166087 0.2856661 0.2401862 0.2053537 0.2197344 0.2213814 0.1932416 0.3039894 0.2197344 0.2213814 0.1992956 0.237307 0.3343917 0.07984787 0.3184964 0.04335403 0.3109285 0.05235528 0.3202201 0.09201556 0.3109285 0.05235528 0.3028897 0.06104868 0.3059703 0.1040361 0.3028897 0.06104868 0.2944127 0.06993544 0.291288 0.1161524 0.2944127 0.06993544 0.2855058 0.07917398 0.276179 0.1284173 0.2855058 0.07917398 0.2762147 0.08872246 0.2606947 0.1408313 0.2762147 0.08872246 0.266602 0.09850269 0.2448945 0.1533849 0.266602 0.09850269 0.2567178 0.1084676 0.7244411 0.8720468 0.7345618 0.8829209 0.7068784 0.8198336 0.7345618 0.8829209 0.7453334 0.8943068 0.7231843 0.8330929 0.7453334 0.8943068 0.7566602 0.9059807 0.7396916 0.8464402 0.7566602 0.9059807 0.7684805 0.9178143 0.7566254 0.8599757 0.7684805 0.9178143 0.7807439 0.9297101 0.7740685 0.8736611 0.7807439 0.9297101 0.7933967 0.9415898 0.7920344 0.8874028 0.7933967 0.9415898 0.8063784 0.9533859 0.810507 0.9010897 0.7766496 0.9738332 0.7819679 0.9800888 0.7345618 0.8829209 0.7819679 0.9800888 0.7865375 0.9855698 0.7453334 0.8943068 0.7865375 0.9855698 0.790255 0.9901216 0.7566602 0.9059807 0.790255 0.9901216 0.7930768 0.9936403 0.7684805 0.9178143 0.7930768 0.9936403 0.7950587 0.9961473 0.7807439 0.9297101 0.7950587 0.9961473 0.7963493 0.997795 0.7933967 0.9415898 0.7963493 0.997795 0.7971495 0.9988233 0.8063784 0.9533859 0.2888002 0.005039453 0.2879865 0.005275428 0.3047177 0.02691477 0.2879865 0.005275428 0.2871702 0.005500614 0.3039513 0.02710127 0.3039513 0.02710127 0.2871702 0.005500614 0.2863464 0.005718708 0.2863464 0.005718708 0.2855148 0.00593245 0.3023908 0.02815324 0.2855148 0.00593245 0.284676 0.006142497 0.3016188 0.02882152 0.284676 0.006142497 0.2838305 0.006349325 0.3008589 0.02952098 0.2838305 0.006349325 0.2829792 0.006552636 0.3000991 0.03023362 0.3383132 0.12585 0.3343917 0.07984787 0.3202201 0.09201556 0.3195117 0.1415472 0.3202201 0.09201556 0.3059703 0.1040361 0.3002488 0.1574198 0.3059703 0.1040361 0.291288 0.1161524 0.2805471 0.173343 0.291288 0.1161524 0.276179 0.1284173 0.2604958 0.189325 0.276179 0.1284173 0.2606947 0.1408313 0.2401862 0.2053537 0.2606947 0.1408313 0.2448945 0.1533849 0.2197344 0.2213814 0.2448945 0.1533849 0.2288439 0.1660658 0.6902123 0.8062775 0.7068784 0.8198336 0.6765867 0.7454035 0.7068784 0.8198336 0.7231843 0.8330929 0.6975842 0.7618216 0.7231843 0.8330929 0.7396916 0.8464402 0.7184939 0.7781558 0.7396916 0.8464402 0.7566254 0.8599757 0.7394684 0.794491 0.7566254 0.8599757 0.7740685 0.8736611 0.7606956 0.8109012 0.7740685 0.8736611 0.7920344 0.8874028 0.7823106 0.8273979 0.7920344 0.8874028 0.810507 0.9010897 0.8043776 0.8439286 0.6237355 0.6421802 0.6470697 0.6603575 0.6224989 0.5885694 0.6470697 0.6603575 0.6704493 0.6785612 0.647979 0.6084152 0.6704493 0.6785612 0.6938994 0.6967898 0.6734853 0.6282714 0.6938994 0.6967898 0.7173525 0.7149906 0.6990363 0.6481359 0.7173525 0.7149906 0.7408336 0.733169 0.7246087 0.6679836 0.7408336 0.733169 0.7644319 0.7513465 0.7502034 0.687804 0.7644319 0.7513465 0.7882517 0.7695253 0.7758609 0.7075943 0.316099 0.3084726 0.3235335 0.2533765 0.2985078 0.2737084 0.2891289 0.3305514 0.2985078 0.2737084 0.2733536 0.2940239 0.2617591 0.3526807 0.2733536 0.2940239 0.2479632 0.3143749 0.2341456 0.3747514 0.2479632 0.3143749 0.2223756 0.3347208 0.2063152 0.3967933 0.2223756 0.3347208 0.1965957 0.3550593 0.1782655 0.4188257 0.1965957 0.3550593 0.1705936 0.3754201 0.1500411 0.4408418 0.1705936 0.3754201 0.1443883 0.3958201 0.3235335 0.2533765 0.3308888 0.1937094 0.3084977 0.2121927 0.2985078 0.2737084 0.3084977 0.2121927 0.2858228 0.230588 0.2733536 0.2940239 0.2858228 0.230588 0.2629304 0.2489514 0.2479632 0.3143749 0.2629304 0.2489514 0.2398436 0.2673161 0.2223756 0.3347208 0.2398436 0.2673161 0.2166087 0.2856661 0.1965957 0.3550593 0.2166087 0.2856661 0.1932416 0.3039894 0.1705936 0.3754201 0.1932416 0.3039894 0.1696563 0.322342 0.5574981 0.4568856 0.5858809 0.4790229 0.5765949 0.4474211 0.5858809 0.4790229 0.6142652 0.5011625 0.605697 0.4701293 0.6142652 0.5011625 0.6426524 0.5233049 0.6348009 0.4928393 0.6426524 0.5233049 0.6710458 0.54545 0.6639086 0.5155511 0.6710458 0.54545 0.6994507 0.5675958 0.693023 0.5382639 0.6994507 0.5675958 0.7278738 0.5897373 0.722148 0.5609745 0.7278738 0.5897373 0.756312 0.6118642 0.7512853 0.5836781 0.3028397 0.4101786 0.306514 0.3763626 0.2769897 0.4001423 0.2723949 0.4347972 0.2769897 0.4001423 0.2473313 0.4238959 0.2415524 0.459462 0.2473313 0.4238959 0.2174017 0.4476392 0.2103733 0.4839975 0.2174017 0.4476392 0.1872298 0.4713016 0.1790041 0.50836 0.1872298 0.4713016 0.1569114 0.4948493 0.1475605 0.532536 0.1569114 0.4948493 0.1265372 0.5182701 0.1161336 0.5565308 0.1265372 0.5182701 0.09618532 0.5415464 0.306514 0.3763626 0.3101414 0.3478928 0.2815677 0.3710946 0.2769897 0.4001423 0.2815677 0.3710946 0.252778 0.3941741 0.2473313 0.4238959 0.252778 0.3941741 0.2237907 0.4172303 0.2174017 0.4476392 0.2237907 0.4172303 0.1945713 0.4402637 0.1872298 0.4713016 0.1945713 0.4402637 0.1651637 0.4632421 0.1569114 0.4948493 0.1651637 0.4632421 0.1356511 0.4861415 0.1265372 0.5182701 0.1356511 0.4861415 0.1061063 0.5089567 0.5191617 0.323299 0.550462 0.3477525 0.5445954 0.321745 0.550462 0.3477525 0.5817627 0.3722064 0.5763509 0.3466008 0.5817627 0.3722064 0.6130637 0.3966606 0.6081069 0.3714569 0.6130637 0.3966606 0.6443654 0.4211151 0.6398633 0.3963134 0.6443654 0.4211151 0.6756689 0.4455703 0.6716209 0.4211701 0.6756689 0.4455703 0.7069749 0.470025 0.7033802 0.4460267 0.7069749 0.470025 0.7382848 0.4944784 0.7351422 0.4708821 0.2974693 0.4669222 0.3028397 0.4101786 0.2723949 0.4347972 0.265067 0.4931431 0.2723949 0.4347972 0.2415524 0.459462 0.2321419 0.5188968 0.2415524 0.459462 0.2103733 0.4839975 0.1990593 0.5443556 0.2103733 0.4839975 0.1790041 0.50836 0.1659626 0.5695067 0.1790041 0.50836 0.1475605 0.532536 0.132972 0.594405 0.1475605 0.532536 0.1161336 0.5565308 0.1001716 0.6191161 0.1161336 0.5565308 0.08475893 0.5803872 0.2954793 0.4914695 0.2974693 0.4669222 0.265067 0.4931431 0.2618317 0.5180421 0.265067 0.4931431 0.2321419 0.5188968 0.2281464 0.5441293 0.2321419 0.5188968 0.1990593 0.5443556 0.1943703 0.5698227 0.1990593 0.5443556 0.1659626 0.5695067 0.1606894 0.595188 0.1659626 0.5695067 0.132972 0.594405 0.1272092 0.6203004 0.132972 0.594405 0.1001716 0.6191161 0.0940206 0.6452221 0.1001716 0.6191161 0.06766605 0.6436991 0.2991451 0.599411 0.2956961 0.5656317 0.2604101 0.5920646 0.2635833 0.6251858 0.2604101 0.5920646 0.2255704 0.6177442 0.2285097 0.6504697 0.2255704 0.6177442 0.1910835 0.6430263 0.1938732 0.6754563 0.1910835 0.6430263 0.1569579 0.6680172 0.1596287 0.7001627 0.1569579 0.6680172 0.1232171 0.6927459 0.125781 0.7245882 0.1232171 0.6927459 0.08989512 0.7171912 0.09232687 0.7487303 0.08989512 0.7171912 0.05690801 0.7413661 0.5104622 0.224879 0.5425273 0.250059 0.5464113 0.2184385 0.5425273 0.250059 0.5745925 0.2752391 0.5785664 0.2436899 0.5745925 0.2752391 0.6066579 0.3004192 0.6107214 0.2689414 0.6066579 0.3004192 0.6387235 0.3255996 0.6428767 0.294193 0.6387235 0.3255996 0.6707895 0.3507801 0.6750322 0.3194445 0.6707895 0.3507801 0.7028562 0.3759603 0.7071881 0.344696 0.7028562 0.3759603 0.7349236 0.4011402 0.7393445 0.3699472 0.5202946 0.1704323 0.5522813 0.1956711 0.5717389 0.1631808 0.5522813 0.1956711 0.5842682 0.2209101 0.602491 0.187494 0.5842682 0.2209101 0.6162551 0.2461491 0.6332432 0.2118074 0.6162551 0.2461491 0.6482422 0.2713882 0.6639953 0.2361207 0.6482422 0.2713882 0.6802294 0.2966272 0.6947476 0.260434 0.6802294 0.2966272 0.712217 0.3218663 0.7255001 0.2847474 0.712217 0.3218663 0.7442048 0.3471051 0.7562527 0.3090605 0.3155492 0.6873925 0.3110027 0.6657423 0.2770467 0.6894912 0.2827606 0.7106191 0.2770467 0.6894912 0.2434519 0.7131924 0.2497639 0.7336049 0.2434519 0.7131924 0.2101391 0.7365855 0.2171033 0.7562886 0.2101391 0.7365855 0.1771909 0.7597114 0.184825 0.778723 0.1771909 0.7597114 0.1446062 0.7825929 0.1528974 0.8009474 0.1446062 0.7825929 0.1123305 0.8052271 0.1212255 0.822983 0.1123305 0.8052271 0.08019495 0.8275458 0.3110027 0.6657423 0.3028203 0.6240105 0.2672694 0.6493406 0.2770467 0.6894912 0.2672694 0.6493406 0.2323533 0.6743267 0.2434519 0.7131924 0.2323533 0.6743267 0.1978542 0.6990423 0.2101391 0.7365855 0.1978542 0.6990423 0.1637375 0.723474 0.1771909 0.7597114 0.1637375 0.723474 0.1300122 0.7476231 0.1446062 0.7825929 0.1300122 0.7476231 0.0966826 0.77148 0.1123305 0.8052271 0.0966826 0.77148 0.06383645 0.7949823 0.5645882 0.1069121 0.5937461 0.1300066 0.6052808 0.115078 0.5937461 0.1300066 0.622904 0.1531012 0.6335416 0.1374588 0.622904 0.1531012 0.652062 0.1761958 0.6618022 0.1598396 0.652062 0.1761958 0.6812199 0.1992903 0.6900631 0.1822203 0.6812199 0.1992903 0.710378 0.222385 0.7183238 0.2046012 0.710378 0.222385 0.7395361 0.2454795 0.7465847 0.2269819 0.7395361 0.2454795 0.7686944 0.2685741 0.7748456 0.2493627 0.3271439 0.7527271 0.3229369 0.7308703 0.2911381 0.75234 0.2965431 0.7732886 0.2911381 0.75234 0.2598977 0.7734705 0.2661617 0.7934793 0.2598977 0.7734705 0.2290826 0.7943273 0.2363071 0.8134928 0.2290826 0.7943273 0.1986764 0.8150267 0.2068654 0.8334164 0.1986764 0.8150267 0.1685965 0.8356209 0.1777423 0.8532799 0.1685965 0.8356209 0.138749 0.8561667 0.1488784 0.8731419 0.138749 0.8561667 0.1090266 0.8767899 0.3229369 0.7308703 0.3191903 0.7095517 0.2866756 0.7321329 0.2911381 0.75234 0.2866756 0.7321329 0.2545192 0.7541841 0.2598977 0.7734705 0.2545192 0.7541841 0.2227714 0.7759515 0.2290826 0.7943273 0.2227714 0.7759515 0.1914175 0.7975048 0.1986764 0.8150267 0.1914175 0.7975048 0.1603991 0.8188999 0.1685965 0.8356209 0.1603991 0.8188999 0.1296074 0.8401811 0.138749 0.8561667 0.1296074 0.8401811 0.09885615 0.861433 0.6052101 0.06382739 0.6313965 0.08465492 0.6465906 0.07090961 0.6313965 0.08465492 0.6575829 0.1054825 0.6714515 0.09072029 0.6575829 0.1054825 0.6837694 0.12631 0.6963126 0.110531 0.6837694 0.12631 0.7099558 0.1471375 0.7211735 0.1303418 0.7099558 0.1471375 0.7361422 0.1679651 0.7460346 0.1501525 0.7361422 0.1679651 0.7623288 0.1887927 0.7708956 0.1699633 0.7623288 0.1887927 0.7885153 0.2096202 0.7957567 0.1897739 0.3304843 0.7747319 0.3271439 0.7527271 0.2965431 0.7732886 0.300612 0.7941424 0.2965431 0.7732886 0.2661617 0.7934793 0.2715611 0.8131142 0.2661617 0.7934793 0.2363071 0.8134928 0.2430807 0.8320952 0.2363071 0.8134928 0.2068654 0.8334164 0.2149574 0.8510158 0.2068654 0.8334164 0.1777423 0.8532799 0.1871382 0.869911 0.1777423 0.8532799 0.1488784 0.8731419 0.1596053 0.8888258 0.1488784 0.8731419 0.1202203 0.8931021 0.3337129 0.7972215 0.3304843 0.7747319 0.300612 0.7941424 0.3051219 0.8146224 0.300612 0.7941424 0.2715611 0.8131142 0.2778829 0.8325746 0.2715611 0.8131142 0.2430807 0.8320952 0.2509136 0.85044 0.2430807 0.8320952 0.2149574 0.8510158 0.2242656 0.8682731 0.2149574 0.8510158 0.1871382 0.869911 0.1978989 0.8861045 0.1871382 0.869911 0.1596053 0.8888258 0.1718399 0.9039428 0.1596053 0.8888258 0.1323665 0.9078678 0.3331144 0.8512181 0.3358247 0.8361356 0.3119661 0.8522917 0.3099424 0.8661496 0.3119661 0.8522917 0.2879136 0.8677716 0.2876596 0.8801184 0.2879136 0.8677716 0.264494 0.8831325 0.2661107 0.8945044 0.264494 0.8831325 0.241335 0.8986977 0.2445779 0.9090564 0.241335 0.8986977 0.2182482 0.9142063 0.2230017 0.923471 0.2182482 0.9142063 0.1954539 0.9295248 0.2017176 0.9375755 0.1954539 0.9295248 0.173355 0.944873 0.6653182 0.02506297 0.6548635 0.03074669 0.6766157 0.04822564 0.6766157 0.04822564 0.6983677 0.06570452 0.7058365 0.05771422 0.6983677 0.06570452 0.7201198 0.08318346 0.7260956 0.07403993 0.7201198 0.08318346 0.7418719 0.1006624 0.7463548 0.09036558 0.7418719 0.1006624 0.763624 0.1181413 0.7666138 0.1066912 0.763624 0.1181413 0.7853761 0.1356202 0.7868729 0.1230168 0.7853761 0.1356202 0.8071282 0.1530991 0.8071321 0.1393425 0.3289187 0.8784523 0.3295762 0.8676431 0.3076936 0.8800874 0.3100435 0.8896306 0.3076936 0.8800874 0.2879517 0.8931291 0.2921829 0.9022579 0.2879517 0.8931291 0.2683753 0.9066201 0.2740148 0.9153944 0.2683753 0.9066201 0.2485216 0.9202108 0.255314 0.928613 0.2485216 0.9202108 0.228507 0.9335355 0.228507 0.9335355 0.2087685 0.9463577 0.217377 0.9536063 0.2087685 0.9463577 0.1900742 0.9588769 0.1994467 0.9648284 0.1916347 0.9783027 0.2052707 0.9698393 0.1994467 0.9648284 0.2220761 0.960203 0.217377 0.9536063 0.1994467 0.9648284 0.2400344 0.9496111 0.2362291 0.9414713 0.217377 0.9536063 0.2582429 0.9381389 0.255314 0.928613 0.2362291 0.9414713 0.2760125 0.9261314 0.2740148 0.9153944 0.255314 0.928613 0.2930793 0.9140649 0.2921829 0.9022579 0.2740148 0.9153944 0.3094014 0.9023641 0.3100435 0.8896306 0.2921829 0.9022579 0.7072882 0.02764153 0.7146245 0.02271294 0.6983008 0.009571552 0.7072882 0.02764153 0.7246908 0.04222565 0.7309481 0.03585445 0.7246908 0.04222565 0.7420935 0.05680984 0.7472718 0.04899591 0.7420935 0.05680984 0.7594962 0.07139396 0.7635954 0.06213736 0.7594962 0.07139396 0.7768988 0.08597809 0.7799191 0.07527881 0.7768988 0.08597809 0.7943015 0.1005622 0.7962427 0.08842027 0.7943015 0.1005622 0.8117041 0.1151463 0.8125664 0.1015617 0.8291068 0.1297305 0.8117041 0.1151463 0.8071282 0.1530991 0.6898855 0.01305741 0.7072882 0.02764153 0.7540829 0.03621304 0.120802 0.9402343 0.1057769 0.9520114 0.1234284 0.9647641 0.1370041 0.9519947 0.1234284 0.9647641 0.1398173 0.9746353 0.1055536 0.9271326 0.08930766 0.9378204 0.1057769 0.9520114 0.07926714 0.8977184 0.06109142 0.9066448 0.07480031 0.9229827 0.09205073 0.9133478 0.07480031 0.9229827 0.08930766 0.9378204 0.0680564 0.8828565 0.04935812 0.8909995 0.06109142 0.9066448 0.04746776 0.8495445 0.02772992 0.8560398 0.03824591 0.8741828 0.05752837 0.8667705 0.03824591 0.8741828 0.04935812 0.8909995 0.02709811 0.7960982 0.006590783 0.7981992 0.01217722 0.821654 0.03214657 0.8176539 0.01217722 0.821654 0.02772992 0.8560398 0.02436083 0.7653663 0.003469705 0.7657935 0.006590783 0.7981992 0.02936583 0.6945082 0.00864911 0.6922462 0.003723442 0.7394038 0.02480548 0.7401127 0.003723442 0.7394038 0.003469705 0.7657935 0.03545677 0.6682467 0.01463222 0.665041 0.00864911 0.6922462 0.06578099 0.5646805 0.04486811 0.5605214 0.03262269 0.6003387 0.05351841 0.6041839 0.03262269 0.6003387 0.01463222 0.665041 0.07662802 0.5316359 0.05584996 0.5272091 0.04486811 0.5605214 0.1180834 0.4162151 0.09743016 0.4115345 0.07258921 0.4801263 0.09333473 0.4847499 0.07258921 0.4801263 0.05584996 0.5272091 0.1457749 0.340801 0.1785835 0.2532587 0.1586652 0.2480002 0.1180834 0.4162151 0.1457749 0.340801 0.1252388 0.3360405 0.2130774 0.1784371 0.1943614 0.1724158 0.1586652 0.2480002 0.2993277 0.03094995 0.2820562 0.006773173 0.2280826 0.1135511 0.2462181 0.1189463 0.2280826 0.1135511 0.1943614 0.1724158 0.3516006 0.1951467 0.3308888 0.1937094 0.3235335 0.2533765 0.3516006 0.1951467 0.3582097 0.1258941 0.3383132 0.12585 0.3383132 0.12585 0.3582097 0.1258941 0.3534658 0.07703697 0.7943015 0.1005622 0.8117041 0.1151463 0.7961362 0.07006835 0.3498301 0.8815452 0.3289187 0.8784523 0.2989148 0.9268002 0.3573139 0.8375884 0.3358247 0.8361356 0.3289187 0.8784523 0.1461449 0.9219241 0.1323665 0.9078678 0.1055536 0.9271326 0.1323665 0.9078678 0.1202203 0.8931021 0.09205073 0.9133478 0.7885153 0.2096202 0.8147019 0.2304477 0.8206177 0.2095846 0.1090266 0.8767899 0.09885615 0.861433 0.0680564 0.8828565 0.1202203 0.8931021 0.1090266 0.8767899 0.07926714 0.8977184 0.7686944 0.2685741 0.7978525 0.2916685 0.8031065 0.2717434 0.08019495 0.8275458 0.06383645 0.7949823 0.03214657 0.8176539 0.08957993 0.8448621 0.08019495 0.8275458 0.04746776 0.8495445 0.7442048 0.3471051 0.776193 0.3723434 0.7870053 0.3333735 0.7349236 0.4011402 0.7669919 0.426319 0.7715013 0.3951978 0.05931359 0.7725861 0.05690801 0.7413661 0.02436083 0.7653663 0.06124734 0.6700209 0.06766605 0.6436991 0.03545677 0.6682467 0.06766605 0.6436991 0.08475893 0.5803872 0.05351841 0.6041839 0.7382848 0.4944784 0.769599 0.5189281 0.7669078 0.4957352 0.09618532 0.5415464 0.1061063 0.5089567 0.07662802 0.5316359 0.08475893 0.5803872 0.09618532 0.5415464 0.06578099 0.5646805 0.756312 0.6118642 0.7847601 0.6339628 0.780431 0.6063645 0.1443883 0.3958201 0.1696563 0.322342 0.1457749 0.340801 0.1217222 0.4628171 0.1443883 0.3958201 0.1180834 0.4162151 0.7882517 0.7695253 0.8123832 0.7876746 0.8016421 0.7273402 0.810507 0.9010897 0.8294775 0.9146252 0.8268926 0.8603903 0.1992956 0.237307 0.2288439 0.1660658 0.2130774 0.1784371 0.2829792 0.006552636 0.2820562 0.006773173 0.2993277 0.03094995 0.3364256 0.03231924 0.2888002 0.005039453 0.3057155 0.02713614 0.3364256 0.03231924 0.3184964 0.04335403 0.3343917 0.07984787 0.7971495 0.9988233 0.7976679 0.9994928 0.8196281 0.9650388 0.8063784 0.9533859 0.8196281 0.9650388 0.8294775 0.9146252 0.2288439 0.1660658 0.2567178 0.1084676 0.2462181 0.1189463 0.1696563 0.322342 0.1992956 0.237307 0.1785835 0.2532587 0.8043776 0.8439286 0.8268926 0.8603903 0.8123832 0.7876746 0.7758609 0.7075943 0.8016421 0.7273402 0.7922339 0.6725678 0.1061063 0.5089567 0.1217222 0.4628171 0.09333473 0.4847499 0.7648029 0.6513528 0.7922339 0.6725678 0.7847601 0.6339628 0.7512853 0.5836781 0.780431 0.6063645 0.7761877 0.5736043 0.7461612 0.5501938 0.7761877 0.5736043 0.769599 0.5189281 0.05773711 0.7159849 0.06124734 0.6700209 0.02936583 0.6945082 0.7351422 0.4708821 0.7669078 0.4957352 0.7667554 0.4515818 0.7346806 0.4264488 0.7667554 0.4515818 0.7669919 0.426319 0.05690801 0.7413661 0.05773711 0.7159849 0.02480548 0.7401127 0.06383645 0.7949823 0.05931359 0.7725861 0.02709811 0.7960982 0.7393445 0.3699472 0.7715013 0.3951978 0.776193 0.3723434 0.7562527 0.3090605 0.7870053 0.3333735 0.7932813 0.3128605 0.09885615 0.861433 0.08957993 0.8448621 0.05752837 0.8667705 0.7632257 0.2890524 0.7932813 0.3128605 0.7978525 0.2916685 0.7748456 0.2493627 0.8031065 0.2717434 0.8095327 0.2512594 0.7821592 0.2295213 0.8095327 0.2512594 0.8147019 0.2304477 0.1609246 0.9345402 0.1461449 0.9219241 0.120802 0.9402343 0.7957567 0.1897739 0.8206177 0.2095846 0.8294775 0.1915898 0.805664 0.172583 0.8294775 0.1915898 0.8288804 0.170578 0.173355 0.944873 0.1609246 0.9345402 0.1370041 0.9519947 0.1994467 0.9648284 0.173355 0.944873 0.1519555 0.9610085 0.3100435 0.8896306 0.291801 0.932079 0.2989148 0.9268002 0.2567178 0.1084676 0.3000991 0.03023362 0.2993277 0.03094995 0.3235335 0.2533765 0.316099 0.3084726 0.3370122 0.3102892 0.3101414 0.3478928 0.3313186 0.3497068 0.3370122 0.3102892 0.3101414 0.3478928 0.306514 0.3763626 0.3277389 0.3779178 0.306514 0.3763626 0.3028397 0.4101786 0.3242065 0.4115231 0.2974693 0.4669222 0.3189536 0.4679791 0.3242065 0.4115231 0.2974693 0.4669222 0.2954793 0.4914695 0.31744 0.491993 0.295161 0.5384994 0.3172292 0.5383265 0.31744 0.491993 0.295161 0.5384994 0.2956961 0.5656317 0.3179521 0.5648851 0.2956961 0.5656317 0.2991451 0.599411 0.3210585 0.5977452 0.3028203 0.6240105 0.3245866 0.6217781 0.3210585 0.5977452 0.3028203 0.6240105 0.3110027 0.6657423 0.3324896 0.6630965 0.3110027 0.6657423 0.3155492 0.6873925 0.3368932 0.684825 0.3191903 0.7095517 0.3409182 0.7071663 0.3368932 0.684825 0.3229369 0.7308703 0.3447459 0.7283939 0.3409182 0.7071663 0.3271439 0.7527271 0.3487336 0.7504772 0.3447459 0.7283939 0.3304843 0.7747319 0.3522253 0.7726272 0.3487336 0.7504772 0.3337129 0.7972215 0.3557243 0.7950856 0.3522253 0.7726272 0.3377472 0.8160997 0.3582097 0.815512 0.3557243 0.7950856 0.3377472 0.8160997 0.3358247 0.8361356 0.3573139 0.8375884 0.7072882 0.02764153 0.6898855 0.01305741 0.6548635 0.03074669 0.8117041 0.1151463 0.8291068 0.1297305 0.8031451 0.07571089 0.3027634 0.9407055 0.3101467 0.9344385 0.2989148 0.9268002 0.252443 0.9583814 0.217377 0.9536063 0.1994467 0.9648284 0.2607018 0.9534492 0.2362291 0.9414713 0.217377 0.9536063 0.2687736 0.9482702 0.255314 0.928613 0.2362291 0.9414713 0.2766954 0.942975 0.2740148 0.9153944 0.255314 0.928613 0.2843769 0.9375494 0.2921829 0.9022579 0.2740148 0.9153944 0.291801 0.932079 0.3100435 0.8896306 0.2921829 0.9022579 0.2431885 0.9785288 0.2528373 0.9736371 0.2440454 0.9629905 0.2528373 0.9736371 0.2618511 0.9685309 0.252443 0.9583814 0.2618511 0.9685309 0.2705031 0.9632576 0.2607018 0.9534492 0.2705031 0.9632576 0.2788946 0.9578377 0.2687736 0.9482702 0.2788946 0.9578377 0.2870765 0.9522828 0.2766954 0.942975 0.2870765 0.9522828 0.295042 0.9465829 0.2843769 0.9375494 0.295042 0.9465829 0.3027634 0.9407055 0.291801 0.932079 0.3184964 0.04335403 0.3057155 0.02713614 0.3047177 0.02691477 0.3109285 0.05235528 0.3047177 0.02691477 0.3039513 0.02710127 0.3028897 0.06104868 0.3039513 0.02710127 0.3031756 0.02755558 0.2944127 0.06993544 0.3031756 0.02755558 0.3023908 0.02815324 0.2855058 0.07917398 0.3023908 0.02815324 0.3016188 0.02882152 0.2762147 0.08872246 0.3016188 0.02882152 0.3008589 0.02952098 0.266602 0.09850269 0.3008589 0.02952098 0.3000991 0.03023362 0.7768988 0.08597809 0.7943015 0.1005622 0.7891273 0.06442582 0.7594962 0.07139396 0.7768988 0.08597809 0.7821185 0.05878329 0.7420935 0.05680984 0.7594962 0.07139396 0.7751095 0.05314069 0.7246908 0.04222565 0.7420935 0.05680984 0.7681007 0.04749816 0.7072882 0.02764153 0.7246908 0.04222565 0.7610917 0.04185563 0.184523 0.9762361 0.2357121 0.9673197 0.2440454 0.9629905 0.7246908 0.04222565 0.7072882 0.02764153 0.6766157 0.04822564 0.7420935 0.05680984 0.7246908 0.04222565 0.6983677 0.06570452 0.7594962 0.07139396 0.7420935 0.05680984 0.7201198 0.08318346 0.7768988 0.08597809 0.7594962 0.07139396 0.7418719 0.1006624 0.7943015 0.1005622 0.7768988 0.08597809 0.763624 0.1181413 0.8117041 0.1151463 0.7943015 0.1005622 0.7853761 0.1356202 0.3289187 0.8784523 0.3358247 0.8361356 0.3119661 0.8522917 0.184523 0.9762361 0.1519555 0.9610085 0.1398173 0.9746353 0.3358247 0.8361356 0.3377472 0.8160997 0.3128315 0.8326181 0.3119661 0.8522917 0.3128315 0.8326181 0.2867806 0.8497315 0.2879136 0.8677716 0.2867806 0.8497315 0.2609504 0.8666644 0.264494 0.8831325 0.2609504 0.8666644 0.23548 0.8836236 0.241335 0.8986977 0.23548 0.8836236 0.2102363 0.9005939 0.2182482 0.9142063 0.2102363 0.9005939 0.1853089 0.9175044 0.1954539 0.9295248 0.1853089 0.9175044 0.1609246 0.9345402 0.6389699 0.03953522 0.6627833 0.05854201 0.6766157 0.04822564 0.6627833 0.05854201 0.6865968 0.07754886 0.6983677 0.06570452 0.6865968 0.07754886 0.7104102 0.0965557 0.7201198 0.08318346 0.7104102 0.0965557 0.7342237 0.1155626 0.7418719 0.1006624 0.7342237 0.1155626 0.7580371 0.1345694 0.763624 0.1181413 0.7580371 0.1345694 0.7818506 0.1535762 0.7853761 0.1356202 0.7818506 0.1535762 0.805664 0.172583 0.8071282 0.1530991 0.6217296 0.05109888 0.6465906 0.07090961 0.6627833 0.05854201 0.6465906 0.07090961 0.6714515 0.09072029 0.6865968 0.07754886 0.6714515 0.09072029 0.6963126 0.110531 0.7104102 0.0965557 0.6963126 0.110531 0.7211735 0.1303418 0.7342237 0.1155626 0.7211735 0.1303418 0.7460346 0.1501525 0.7580371 0.1345694 0.7460346 0.1501525 0.7708956 0.1699633 0.7818506 0.1535762 0.7708956 0.1699633 0.7957567 0.1897739 0.805664 0.172583 0.3377472 0.8160997 0.3337129 0.7972215 0.3051219 0.8146224 0.3128315 0.8326181 0.3051219 0.8146224 0.2778829 0.8325746 0.2867806 0.8497315 0.2778829 0.8325746 0.2509136 0.85044 0.2609504 0.8666644 0.2509136 0.85044 0.2242656 0.8682731 0.23548 0.8836236 0.2242656 0.8682731 0.1978989 0.8861045 0.2102363 0.9005939 0.1978989 0.8861045 0.1718399 0.9039428 0.1853089 0.9175044 0.1718399 0.9039428 0.1461449 0.9219241 0.5905458 0.07735419 0.617919 0.0990923 0.6313965 0.08465492 0.617919 0.0990923 0.6452924 0.1208305 0.6575829 0.1054825 0.6452924 0.1208305 0.6726657 0.1425687 0.6837694 0.12631 0.6726657 0.1425687 0.700039 0.1643068 0.7099558 0.1471375 0.700039 0.1643068 0.7274124 0.186045 0.7361422 0.1679651 0.7274124 0.186045 0.7547858 0.2077832 0.7623288 0.1887927 0.7547858 0.2077832 0.7821592 0.2295213 0.7885153 0.2096202 0.5770202 0.0926972 0.6052808 0.115078 0.617919 0.0990923 0.6052808 0.115078 0.6335416 0.1374588 0.6452924 0.1208305 0.6335416 0.1374588 0.6618022 0.1598396 0.6726657 0.1425687 0.6618022 0.1598396 0.6900631 0.1822203 0.700039 0.1643068 0.6900631 0.1822203 0.7183238 0.2046012 0.7274124 0.186045 0.7183238 0.2046012 0.7465847 0.2269819 0.7547858 0.2077832 0.7465847 0.2269819 0.7748456 0.2493627 0.7821592 0.2295213 0.5528388 0.1223941 0.5828939 0.1462024 0.5937461 0.1300066 0.5828939 0.1462024 0.612949 0.1700108 0.622904 0.1531012 0.612949 0.1700108 0.6430042 0.1938191 0.652062 0.1761958 0.6430042 0.1938191 0.6730595 0.2176274 0.6812199 0.1992903 0.6730595 0.2176274 0.7031147 0.2414358 0.710378 0.222385 0.7031147 0.2414358 0.7331701 0.2652443 0.7395361 0.2454795 0.7331701 0.2652443 0.7632257 0.2890524 0.7686944 0.2685741 0.3191903 0.7095517 0.3155492 0.6873925 0.2827606 0.7106191 0.2866756 0.7321329 0.2827606 0.7106191 0.2497639 0.7336049 0.2545192 0.7541841 0.2497639 0.7336049 0.2171033 0.7562886 0.2227714 0.7759515 0.2171033 0.7562886 0.184825 0.778723 0.1914175 0.7975048 0.184825 0.778723 0.1528974 0.8009474 0.1603991 0.8188999 0.1528974 0.8009474 0.1212255 0.822983 0.1296074 0.8401811 0.1212255 0.822983 0.08957993 0.8448621 0.540987 0.1388676 0.5717389 0.1631808 0.5828939 0.1462024 0.5717389 0.1631808 0.602491 0.187494 0.612949 0.1700108 0.602491 0.187494 0.6332432 0.2118074 0.6430042 0.1938191 0.6332432 0.2118074 0.6639953 0.2361207 0.6730595 0.2176274 0.6639953 0.2361207 0.6947476 0.260434 0.7031147 0.2414358 0.6947476 0.260434 0.7255001 0.2847474 0.7331701 0.2652443 0.7255001 0.2847474 0.7562527 0.3090605 0.7632257 0.2890524 0.5142564 0.1931872 0.5464113 0.2184385 0.5522813 0.1956711 0.5464113 0.2184385 0.5785664 0.2436899 0.5842682 0.2209101 0.5785664 0.2436899 0.6107214 0.2689414 0.6162551 0.2461491 0.6107214 0.2689414 0.6428767 0.294193 0.6482422 0.2713882 0.6428767 0.294193 0.6750322 0.3194445 0.6802294 0.2966272 0.6750322 0.3194445 0.7071881 0.344696 0.712217 0.3218663 0.7071881 0.344696 0.7393445 0.3699472 0.7442048 0.3471051 0.3028203 0.6240105 0.2991451 0.599411 0.2635833 0.6251858 0.2672694 0.6493406 0.2635833 0.6251858 0.2285097 0.6504697 0.2323533 0.6743267 0.2285097 0.6504697 0.1938732 0.6754563 0.1978542 0.6990423 0.1938732 0.6754563 0.1596287 0.7001627 0.1637375 0.723474 0.1596287 0.7001627 0.125781 0.7245882 0.1300122 0.7476231 0.125781 0.7245882 0.09232687 0.7487303 0.0966826 0.77148 0.09232687 0.7487303 0.05931359 0.7725861 0.2956961 0.5656317 0.295161 0.5384994 0.2609212 0.5652021 0.2604101 0.5920646 0.2609212 0.5652021 0.226301 0.5911619 0.2255704 0.6177442 0.226301 0.5911619 0.1918826 0.6166954 0.1910835 0.6430263 0.1918826 0.6166954 0.1577572 0.6419112 0.1569579 0.6680172 0.1577572 0.6419112 0.1239771 0.6668744 0.1232171 0.6927459 0.1239771 0.6668744 0.09061032 0.6915988 0.08989512 0.7171912 0.09061032 0.6915988 0.05773711 0.7159849 0.5101829 0.2505034 0.5422528 0.2756382 0.5425273 0.250059 0.5422528 0.2756382 0.5743229 0.3007731 0.5745925 0.2752391 0.5743229 0.3007731 0.6063933 0.3259082 0.6066579 0.3004192 0.6063933 0.3259082 0.638464 0.3510436 0.6387235 0.3255996 0.638464 0.3510436 0.6705352 0.3761789 0.6707895 0.3507801 0.6705352 0.3761789 0.7026073 0.4013141 0.7028562 0.3759603 0.7026073 0.4013141 0.7346806 0.4264488 0.7349236 0.4011402 0.51284 0.2968894 0.5445954 0.321745 0.5422528 0.2756382 0.5445954 0.321745 0.5763509 0.3466008 0.5743229 0.3007731 0.5763509 0.3466008 0.6081069 0.3714569 0.6063933 0.3259082 0.6081069 0.3714569 0.6398633 0.3963134 0.638464 0.3510436 0.6398633 0.3963134 0.6716209 0.4211701 0.6705352 0.3761789 0.6716209 0.4211701 0.7033802 0.4460267 0.7026073 0.4013141 0.7033802 0.4460267 0.7351422 0.4708821 0.7346806 0.4264488 0.295161 0.5384994 0.2954793 0.4914695 0.2618317 0.5180421 0.2609212 0.5652021 0.2618317 0.5180421 0.2281464 0.5441293 0.226301 0.5911619 0.2281464 0.5441293 0.1943703 0.5698227 0.1918826 0.6166954 0.1943703 0.5698227 0.1606894 0.595188 0.1577572 0.6419112 0.1606894 0.595188 0.1272092 0.6203004 0.1239771 0.6668744 0.1272092 0.6203004 0.0940206 0.6452221 0.09061032 0.6915988 0.0940206 0.6452221 0.06124734 0.6700209 0.5361195 0.3862466 0.5661188 0.4096658 0.550462 0.3477525 0.5661188 0.4096658 0.5961184 0.4330858 0.5817627 0.3722064 0.5961184 0.4330858 0.626119 0.456507 0.6130637 0.3966606 0.626119 0.456507 0.6561217 0.4799295 0.6443654 0.4211151 0.6561217 0.4799295 0.6861283 0.5033524 0.6756689 0.4455703 0.6861283 0.5033524 0.7161408 0.5267748 0.7069749 0.470025 0.7161408 0.5267748 0.7461612 0.5501938 0.7382848 0.4944784 0.5474935 0.4247149 0.5765949 0.4474211 0.5661188 0.4096658 0.5765949 0.4474211 0.605697 0.4701293 0.5961184 0.4330858 0.605697 0.4701293 0.6348009 0.4928393 0.626119 0.456507 0.6348009 0.4928393 0.6639086 0.5155511 0.6561217 0.4799295 0.6639086 0.5155511 0.693023 0.5382639 0.6861283 0.5033524 0.693023 0.5382639 0.722148 0.5609745 0.7161408 0.5267748 0.722148 0.5609745 0.7512853 0.5836781 0.7461612 0.5501938 0.5734108 0.5023518 0.6007162 0.5236374 0.5858809 0.4790229 0.6007162 0.5236374 0.6280242 0.5449268 0.6142652 0.5011625 0.6280242 0.5449268 0.6553393 0.566221 0.6426524 0.5233049 0.6553393 0.566221 0.6826699 0.5875191 0.6710458 0.54545 0.6826699 0.5875191 0.7100282 0.6088158 0.6994507 0.5675958 0.7100282 0.6088158 0.7374069 0.6300976 0.7278738 0.5897373 0.7374069 0.6300976 0.7648029 0.6513528 0.756312 0.6118642 0.3101414 0.3478928 0.316099 0.3084726 0.2891289 0.3305514 0.2815677 0.3710946 0.2891289 0.3305514 0.2617591 0.3526807 0.252778 0.3941741 0.2617591 0.3526807 0.2341456 0.3747514 0.2237907 0.4172303 0.2341456 0.3747514 0.2063152 0.3967933 0.1945713 0.4402637 0.2063152 0.3967933 0.1782655 0.4188257 0.1651637 0.4632421 0.1782655 0.4188257 0.1500411 0.4408418 0.1356511 0.4861415 0.1500411 0.4408418 0.1217222 0.4628171 0.5970315 0.5687344 0.6224989 0.5885694 0.6007162 0.5236374 0.6224989 0.5885694 0.647979 0.6084152 0.6280242 0.5449268 0.647979 0.6084152 0.6734853 0.6282714 0.6553393 0.566221 0.6734853 0.6282714 0.6990363 0.6481359 0.6826699 0.5875191 0.6990363 0.6481359 0.7246087 0.6679836 0.7100282 0.6088158 0.7246087 0.6679836 0.7502034 0.687804 0.7374069 0.6300976 0.7502034 0.687804 0.7758609 0.7075943 0.7648029 0.6513528 0.6557047 0.7290514 0.6765867 0.7454035 0.6470697 0.6603575 0.6765867 0.7454035 0.6975842 0.7618216 0.6704493 0.6785612 0.6975842 0.7618216 0.7184939 0.7781558 0.6938994 0.6967898 0.7184939 0.7781558 0.7394684 0.794491 0.7173525 0.7149906 0.7394684 0.794491 0.7606956 0.8109012 0.7408336 0.733169 0.7606956 0.8109012 0.7823106 0.8273979 0.7644319 0.7513465 0.7823106 0.8273979 0.8043776 0.8439286 0.7882517 0.7695253 0.3308888 0.1937094 0.3383132 0.12585 0.3195117 0.1415472 0.3084977 0.2121927 0.3195117 0.1415472 0.3002488 0.1574198 0.2858228 0.230588 0.3002488 0.1574198 0.2805471 0.173343 0.2629304 0.2489514 0.2805471 0.173343 0.2604958 0.189325 0.2398436 0.2673161 0.2604958 0.189325 0.2401862 0.2053537 0.2166087 0.2856661 0.2401862 0.2053537 0.2197344 0.2213814 0.1932416 0.3039894 0.2197344 0.2213814 0.1992956 0.237307 0.3343917 0.07984787 0.3184964 0.04335403 0.3109285 0.05235528 0.3202201 0.09201556 0.3109285 0.05235528 0.3028897 0.06104868 0.3059703 0.1040361 0.3028897 0.06104868 0.2944127 0.06993544 0.291288 0.1161524 0.2944127 0.06993544 0.2855058 0.07917398 0.276179 0.1284173 0.2855058 0.07917398 0.2762147 0.08872246 0.2606947 0.1408313 0.2762147 0.08872246 0.266602 0.09850269 0.2448945 0.1533849 0.266602 0.09850269 0.2567178 0.1084676 0.7244411 0.8720468 0.7345618 0.8829209 0.7068784 0.8198336 0.7345618 0.8829209 0.7453334 0.8943068 0.7231843 0.8330929 0.7453334 0.8943068 0.7566602 0.9059807 0.7396916 0.8464402 0.7566602 0.9059807 0.7684805 0.9178143 0.7566254 0.8599757 0.7684805 0.9178143 0.7807439 0.9297101 0.7740685 0.8736611 0.7807439 0.9297101 0.7933967 0.9415898 0.7920344 0.8874028 0.7933967 0.9415898 0.8063784 0.9533859 0.810507 0.9010897 0.7766496 0.9738332 0.7819679 0.9800888 0.7345618 0.8829209 0.7819679 0.9800888 0.7865375 0.9855698 0.7453334 0.8943068 0.7865375 0.9855698 0.790255 0.9901216 0.7566602 0.9059807 0.790255 0.9901216 0.7930768 0.9936403 0.7684805 0.9178143 0.7930768 0.9936403 0.7950587 0.9961473 0.7807439 0.9297101 0.7950587 0.9961473 0.7963493 0.997795 0.7933967 0.9415898 0.7963493 0.997795 0.7971495 0.9988233 0.8063784 0.9533859 0.3057155 0.02713614 0.2888002 0.005039453 0.2879865 0.005275428 0.2879865 0.005275428 0.2871702 0.005500614 0.3039513 0.02710127 0.2871702 0.005500614 0.2863464 0.005718708 0.3031756 0.02755558 0.2863464 0.005718708 0.2855148 0.00593245 0.3023908 0.02815324 0.2855148 0.00593245 0.284676 0.006142497 0.3016188 0.02882152 0.284676 0.006142497 0.2838305 0.006349325 0.3008589 0.02952098 0.2838305 0.006349325 0.2829792 0.006552636 0.3000991 0.03023362 0.3383132 0.12585 0.3343917 0.07984787 0.3202201 0.09201556 0.3195117 0.1415472 0.3202201 0.09201556 0.3059703 0.1040361 0.3002488 0.1574198 0.3059703 0.1040361 0.291288 0.1161524 0.2805471 0.173343 0.291288 0.1161524 0.276179 0.1284173 0.2604958 0.189325 0.276179 0.1284173 0.2606947 0.1408313 0.2401862 0.2053537 0.2606947 0.1408313 0.2448945 0.1533849 0.2197344 0.2213814 0.2448945 0.1533849 0.2288439 0.1660658 0.6902123 0.8062775 0.7068784 0.8198336 0.6765867 0.7454035 0.7068784 0.8198336 0.7231843 0.8330929 0.6975842 0.7618216 0.7231843 0.8330929 0.7396916 0.8464402 0.7184939 0.7781558 0.7396916 0.8464402 0.7566254 0.8599757 0.7394684 0.794491 0.7566254 0.8599757 0.7740685 0.8736611 0.7606956 0.8109012 0.7740685 0.8736611 0.7920344 0.8874028 0.7823106 0.8273979 0.7920344 0.8874028 0.810507 0.9010897 0.8043776 0.8439286 0.6237355 0.6421802 0.6470697 0.6603575 0.6224989 0.5885694 0.6470697 0.6603575 0.6704493 0.6785612 0.647979 0.6084152 0.6704493 0.6785612 0.6938994 0.6967898 0.6734853 0.6282714 0.6938994 0.6967898 0.7173525 0.7149906 0.6990363 0.6481359 0.7173525 0.7149906 0.7408336 0.733169 0.7246087 0.6679836 0.7408336 0.733169 0.7644319 0.7513465 0.7502034 0.687804 0.7644319 0.7513465 0.7882517 0.7695253 0.7758609 0.7075943 0.316099 0.3084726 0.3235335 0.2533765 0.2985078 0.2737084 0.2891289 0.3305514 0.2985078 0.2737084 0.2733536 0.2940239 0.2617591 0.3526807 0.2733536 0.2940239 0.2479632 0.3143749 0.2341456 0.3747514 0.2479632 0.3143749 0.2223756 0.3347208 0.2063152 0.3967933 0.2223756 0.3347208 0.1965957 0.3550593 0.1782655 0.4188257 0.1965957 0.3550593 0.1705936 0.3754201 0.1500411 0.4408418 0.1705936 0.3754201 0.1443883 0.3958201 0.3235335 0.2533765 0.3308888 0.1937094 0.3084977 0.2121927 0.2985078 0.2737084 0.3084977 0.2121927 0.2858228 0.230588 0.2733536 0.2940239 0.2858228 0.230588 0.2629304 0.2489514 0.2479632 0.3143749 0.2629304 0.2489514 0.2398436 0.2673161 0.2223756 0.3347208 0.2398436 0.2673161 0.2166087 0.2856661 0.1965957 0.3550593 0.2166087 0.2856661 0.1932416 0.3039894 0.1705936 0.3754201 0.1932416 0.3039894 0.1696563 0.322342 0.5574981 0.4568856 0.5858809 0.4790229 0.5765949 0.4474211 0.5858809 0.4790229 0.6142652 0.5011625 0.605697 0.4701293 0.6142652 0.5011625 0.6426524 0.5233049 0.6348009 0.4928393 0.6426524 0.5233049 0.6710458 0.54545 0.6639086 0.5155511 0.6710458 0.54545 0.6994507 0.5675958 0.693023 0.5382639 0.6994507 0.5675958 0.7278738 0.5897373 0.722148 0.5609745 0.7278738 0.5897373 0.756312 0.6118642 0.7512853 0.5836781 0.3028397 0.4101786 0.306514 0.3763626 0.2769897 0.4001423 0.2723949 0.4347972 0.2769897 0.4001423 0.2473313 0.4238959 0.2415524 0.459462 0.2473313 0.4238959 0.2174017 0.4476392 0.2103733 0.4839975 0.2174017 0.4476392 0.1872298 0.4713016 0.1790041 0.50836 0.1872298 0.4713016 0.1569114 0.4948493 0.1475605 0.532536 0.1569114 0.4948493 0.1265372 0.5182701 0.1161336 0.5565308 0.1265372 0.5182701 0.09618532 0.5415464 0.306514 0.3763626 0.3101414 0.3478928 0.2815677 0.3710946 0.2769897 0.4001423 0.2815677 0.3710946 0.252778 0.3941741 0.2473313 0.4238959 0.252778 0.3941741 0.2237907 0.4172303 0.2174017 0.4476392 0.2237907 0.4172303 0.1945713 0.4402637 0.1872298 0.4713016 0.1945713 0.4402637 0.1651637 0.4632421 0.1569114 0.4948493 0.1651637 0.4632421 0.1356511 0.4861415 0.1265372 0.5182701 0.1356511 0.4861415 0.1061063 0.5089567 0.5191617 0.323299 0.550462 0.3477525 0.5445954 0.321745 0.550462 0.3477525 0.5817627 0.3722064 0.5763509 0.3466008 0.5817627 0.3722064 0.6130637 0.3966606 0.6081069 0.3714569 0.6130637 0.3966606 0.6443654 0.4211151 0.6398633 0.3963134 0.6443654 0.4211151 0.6756689 0.4455703 0.6716209 0.4211701 0.6756689 0.4455703 0.7069749 0.470025 0.7033802 0.4460267 0.7069749 0.470025 0.7382848 0.4944784 0.7351422 0.4708821 0.2974693 0.4669222 0.3028397 0.4101786 0.2723949 0.4347972 0.265067 0.4931431 0.2723949 0.4347972 0.2415524 0.459462 0.2321419 0.5188968 0.2415524 0.459462 0.2103733 0.4839975 0.1990593 0.5443556 0.2103733 0.4839975 0.1790041 0.50836 0.1659626 0.5695067 0.1790041 0.50836 0.1475605 0.532536 0.132972 0.594405 0.1475605 0.532536 0.1161336 0.5565308 0.1001716 0.6191161 0.1161336 0.5565308 0.08475893 0.5803872 0.2954793 0.4914695 0.2974693 0.4669222 0.265067 0.4931431 0.2618317 0.5180421 0.265067 0.4931431 0.2321419 0.5188968 0.2281464 0.5441293 0.2321419 0.5188968 0.1990593 0.5443556 0.1943703 0.5698227 0.1990593 0.5443556 0.1659626 0.5695067 0.1606894 0.595188 0.1659626 0.5695067 0.132972 0.594405 0.1272092 0.6203004 0.132972 0.594405 0.1001716 0.6191161 0.0940206 0.6452221 0.1001716 0.6191161 0.06766605 0.6436991 0.2991451 0.599411 0.2956961 0.5656317 0.2604101 0.5920646 0.2635833 0.6251858 0.2604101 0.5920646 0.2255704 0.6177442 0.2285097 0.6504697 0.2255704 0.6177442 0.1910835 0.6430263 0.1938732 0.6754563 0.1910835 0.6430263 0.1569579 0.6680172 0.1596287 0.7001627 0.1569579 0.6680172 0.1232171 0.6927459 0.125781 0.7245882 0.1232171 0.6927459 0.08989512 0.7171912 0.09232687 0.7487303 0.08989512 0.7171912 0.05690801 0.7413661 0.5104622 0.224879 0.5425273 0.250059 0.5464113 0.2184385 0.5425273 0.250059 0.5745925 0.2752391 0.5785664 0.2436899 0.5745925 0.2752391 0.6066579 0.3004192 0.6107214 0.2689414 0.6066579 0.3004192 0.6387235 0.3255996 0.6428767 0.294193 0.6387235 0.3255996 0.6707895 0.3507801 0.6750322 0.3194445 0.6707895 0.3507801 0.7028562 0.3759603 0.7071881 0.344696 0.7028562 0.3759603 0.7349236 0.4011402 0.7393445 0.3699472 0.5202946 0.1704323 0.5522813 0.1956711 0.5717389 0.1631808 0.5522813 0.1956711 0.5842682 0.2209101 0.602491 0.187494 0.5842682 0.2209101 0.6162551 0.2461491 0.6332432 0.2118074 0.6162551 0.2461491 0.6482422 0.2713882 0.6639953 0.2361207 0.6482422 0.2713882 0.6802294 0.2966272 0.6947476 0.260434 0.6802294 0.2966272 0.712217 0.3218663 0.7255001 0.2847474 0.712217 0.3218663 0.7442048 0.3471051 0.7562527 0.3090605 0.3155492 0.6873925 0.3110027 0.6657423 0.2770467 0.6894912 0.2827606 0.7106191 0.2770467 0.6894912 0.2434519 0.7131924 0.2497639 0.7336049 0.2434519 0.7131924 0.2101391 0.7365855 0.2171033 0.7562886 0.2101391 0.7365855 0.1771909 0.7597114 0.184825 0.778723 0.1771909 0.7597114 0.1446062 0.7825929 0.1528974 0.8009474 0.1446062 0.7825929 0.1123305 0.8052271 0.1212255 0.822983 0.1123305 0.8052271 0.08019495 0.8275458 0.3110027 0.6657423 0.3028203 0.6240105 0.2672694 0.6493406 0.2770467 0.6894912 0.2672694 0.6493406 0.2323533 0.6743267 0.2434519 0.7131924 0.2323533 0.6743267 0.1978542 0.6990423 0.2101391 0.7365855 0.1978542 0.6990423 0.1637375 0.723474 0.1771909 0.7597114 0.1637375 0.723474 0.1300122 0.7476231 0.1446062 0.7825929 0.1300122 0.7476231 0.0966826 0.77148 0.1123305 0.8052271 0.0966826 0.77148 0.06383645 0.7949823 0.5645882 0.1069121 0.5937461 0.1300066 0.6052808 0.115078 0.5937461 0.1300066 0.622904 0.1531012 0.6335416 0.1374588 0.622904 0.1531012 0.652062 0.1761958 0.6618022 0.1598396 0.652062 0.1761958 0.6812199 0.1992903 0.6900631 0.1822203 0.6812199 0.1992903 0.710378 0.222385 0.7183238 0.2046012 0.710378 0.222385 0.7395361 0.2454795 0.7465847 0.2269819 0.7395361 0.2454795 0.7686944 0.2685741 0.7748456 0.2493627 0.3271439 0.7527271 0.3229369 0.7308703 0.2911381 0.75234 0.2965431 0.7732886 0.2911381 0.75234 0.2598977 0.7734705 0.2661617 0.7934793 0.2598977 0.7734705 0.2290826 0.7943273 0.2363071 0.8134928 0.2290826 0.7943273 0.1986764 0.8150267 0.2068654 0.8334164 0.1986764 0.8150267 0.1685965 0.8356209 0.1777423 0.8532799 0.1685965 0.8356209 0.138749 0.8561667 0.1488784 0.8731419 0.138749 0.8561667 0.1090266 0.8767899 0.3229369 0.7308703 0.3191903 0.7095517 0.2866756 0.7321329 0.2911381 0.75234 0.2866756 0.7321329 0.2545192 0.7541841 0.2598977 0.7734705 0.2545192 0.7541841 0.2227714 0.7759515 0.2290826 0.7943273 0.2227714 0.7759515 0.1914175 0.7975048 0.1986764 0.8150267 0.1914175 0.7975048 0.1603991 0.8188999 0.1685965 0.8356209 0.1603991 0.8188999 0.1296074 0.8401811 0.138749 0.8561667 0.1296074 0.8401811 0.09885615 0.861433 0.6052101 0.06382739 0.6313965 0.08465492 0.6465906 0.07090961 0.6313965 0.08465492 0.6575829 0.1054825 0.6714515 0.09072029 0.6575829 0.1054825 0.6837694 0.12631 0.6963126 0.110531 0.6837694 0.12631 0.7099558 0.1471375 0.7211735 0.1303418 0.7099558 0.1471375 0.7361422 0.1679651 0.7460346 0.1501525 0.7361422 0.1679651 0.7623288 0.1887927 0.7708956 0.1699633 0.7623288 0.1887927 0.7885153 0.2096202 0.7957567 0.1897739 0.3304843 0.7747319 0.3271439 0.7527271 0.2965431 0.7732886 0.300612 0.7941424 0.2965431 0.7732886 0.2661617 0.7934793 0.2715611 0.8131142 0.2661617 0.7934793 0.2363071 0.8134928 0.2430807 0.8320952 0.2363071 0.8134928 0.2068654 0.8334164 0.2149574 0.8510158 0.2068654 0.8334164 0.1777423 0.8532799 0.1871382 0.869911 0.1777423 0.8532799 0.1488784 0.8731419 0.1596053 0.8888258 0.1488784 0.8731419 0.1202203 0.8931021 0.3337129 0.7972215 0.3304843 0.7747319 0.300612 0.7941424 0.3051219 0.8146224 0.300612 0.7941424 0.2715611 0.8131142 0.2778829 0.8325746 0.2715611 0.8131142 0.2430807 0.8320952 0.2509136 0.85044 0.2430807 0.8320952 0.2149574 0.8510158 0.2242656 0.8682731 0.2149574 0.8510158 0.1871382 0.869911 0.1978989 0.8861045 0.1871382 0.869911 0.1596053 0.8888258 0.1718399 0.9039428 0.1596053 0.8888258 0.1323665 0.9078678 0.3100435 0.8896306 0.3119661 0.8522917 0.2879136 0.8677716 0.2921829 0.9022579 0.2879136 0.8677716 0.264494 0.8831325 0.2740148 0.9153944 0.264494 0.8831325 0.241335 0.8986977 0.255314 0.928613 0.241335 0.8986977 0.2182482 0.9142063 0.2362291 0.9414713 0.2182482 0.9142063 0.1954539 0.9295248 0.217377 0.9536063 0.1954539 0.9295248 0.173355 0.944873 0.1786141 0.9912366 0.2431885 0.9785288 0.2357121 0.9673197</float_array>
          <technique_common>
            <accessor source="#troncos_002-mesh-map-0-array" count="6132" stride="2">
              <param name="S" type="float"/>
              <param name="T" type="float"/>
            </accessor>
          </technique_common>
        </source>
        <vertices id="troncos_002-mesh-vertices">
          <input semantic="POSITION" source="#troncos_002-mesh-positions"/>
        </vertices>
        <triangles material="vegetacao_002-material" count="2044">
          <input semantic="VERTEX" source="#troncos_002-mesh-vertices" offset="0"/>
          <input semantic="NORMAL" source="#troncos_002-mesh-normals" offset="1"/>
          <input semantic="TEXCOORD" source="#troncos_002-mesh-map-0" offset="2" set="0"/>
          <p>5 0 0 2 0 1 3 0 2 0 1 3 3 1 4 2 1 5 7 2 6 4 2 7 5 2 8 9 3 9 6 3 10 7 3 11 13 4 12 10 4 13 11 4 14 11 5 15 8 5 16 9 5 17 15 6 18 12 6 19 13 6 20 19 7 21 16 7 22 17 7 23 17 8 24 14 8 25 15 8 26 21 9 27 18 9 28 19 9 29 25 10 30 22 10 31 23 10 32 23 11 33 20 11 34 21 11 35 29 12 36 26 12 37 27 12 38 27 13 39 24 13 40 25 13 41 31 14 42 28 14 43 29 14 44 35 15 45 32 15 46 33 15 47 33 16 48 30 16 49 31 16 50 37 17 51 34 17 52 35 17 53 41 18 54 38 18 55 39 18 56 39 19 57 36 19 58 37 19 59 43 20 60 40 20 61 41 20 62 47 21 63 44 21 64 45 21 65 45 22 66 42 22 67 43 22 68 51 23 69 48 23 70 49 23 71 49 24 72 46 24 73 47 24 74 53 25 75 50 25 76 51 25 77 57 26 78 54 26 79 55 26 80 55 27 81 52 27 82 53 27 83 106 28 84 105 28 85 104 28 86 106 29 87 109 29 88 107 29 89 108 30 90 111 30 91 109 30 92 126 31 93 60 31 94 134 31 95 61 32 96 127 32 97 147 32 98 161 33 99 3 33 100 133 33 101 182 34 102 64 34 103 168 34 104 189 35 105 7 35 106 175 35 107 217 32 108 15 32 109 13 32 110 231 36 111 17 36 112 15 36 113 224 37 114 70 37 115 210 37 116 259 32 117 21 32 118 19 32 119 245 38 120 19 38 121 17 38 122 266 39 123 76 39 124 252 39 125 301 32 126 27 32 127 25 32 128 287 32 129 25 32 130 23 32 131 308 40 132 82 40 133 294 40 134 336 41 135 86 41 136 322 41 137 329 32 138 31 32 139 29 32 140 371 32 141 37 32 142 35 32 143 385 42 144 39 42 145 37 42 146 378 43 147 92 43 148 364 43 149 413 32 150 43 32 151 41 32 152 399 44 153 41 44 154 39 44 155 420 45 156 98 45 157 406 45 158 455 46 159 49 46 160 47 46 161 441 32 162 47 32 163 45 32 164 462 47 165 104 47 166 448 47 167 490 48 168 108 48 169 476 48 170 483 32 171 53 32 172 51 32 173 525 49 174 56 49 175 57 49 176 114 50 177 113 50 178 112 50 179 112 51 180 111 51 181 110 51 182 518 52 183 112 52 184 504 52 185 504 53 186 110 53 187 490 53 188 497 54 189 55 54 190 53 54 191 469 32 192 51 32 193 49 32 194 476 55 195 106 55 196 462 55 197 448 56 198 102 56 199 434 56 200 427 57 201 45 57 202 43 57 203 434 58 204 100 58 205 420 58 206 406 59 207 96 59 208 392 59 209 392 60 210 94 60 211 378 60 212 357 32 213 35 32 214 33 32 215 364 61 216 90 61 217 350 61 218 350 62 219 88 62 220 336 62 221 343 32 222 33 32 223 31 32 224 315 32 225 29 32 226 27 32 227 322 63 228 84 63 229 308 63 230 294 64 231 80 64 232 280 64 233 273 32 234 23 32 235 21 32 236 280 65 237 78 65 238 266 65 239 252 66 240 74 66 241 238 66 242 238 67 243 72 67 244 224 67 245 217 68 246 11 68 247 203 68 248 210 69 249 68 69 250 196 69 251 196 70 252 66 70 253 182 70 254 203 71 255 9 71 256 189 71 257 175 72 258 5 72 259 161 72 260 168 73 261 62 73 262 154 73 263 154 74 264 58 74 265 126 74 266 140 75 267 116 75 268 0 75 269 511 76 270 57 76 271 55 76 272 104 77 273 103 77 274 102 77 275 101 78 276 102 78 277 103 78 278 99 79 279 100 79 280 101 79 281 99 80 282 96 80 283 98 80 284 97 81 285 94 81 286 96 81 287 93 82 288 94 82 289 95 82 290 91 83 291 92 83 292 93 83 293 91 84 294 88 84 295 90 84 296 89 85 297 86 85 298 88 85 299 87 86 300 84 86 301 86 86 302 85 87 303 82 87 304 84 87 305 81 88 306 82 88 307 83 88 308 79 89 309 80 89 310 81 89 311 77 90 312 78 90 313 79 90 314 75 91 315 76 91 316 77 91 317 73 92 318 74 92 319 75 92 320 71 93 321 72 93 322 73 93 323 69 94 324 70 94 325 71 94 326 69 95 327 66 95 328 68 95 329 67 96 330 64 96 331 66 96 332 63 97 333 64 97 334 65 97 335 59 98 336 62 98 337 63 98 338 59 99 339 60 99 340 58 99 341 526 100 342 119 100 343 539 100 344 119 101 345 60 101 346 61 101 347 147 102 348 119 102 349 61 102 350 0 103 351 117 103 352 1 103 353 117 104 354 141 104 355 1 104 356 533 105 357 142 105 358 141 105 359 534 106 360 143 106 361 142 106 362 535 107 363 144 107 364 143 107 365 144 108 366 537 108 367 145 108 368 145 109 369 538 109 370 146 109 371 146 110 372 539 110 373 147 110 374 116 100 375 533 100 376 117 100 377 532 111 378 534 111 379 533 111 380 531 112 381 535 112 382 534 112 383 530 112 384 536 112 385 535 112 386 529 113 387 537 113 388 536 113 389 528 111 390 538 111 391 537 111 392 527 112 393 539 112 394 538 112 395 113 114 396 519 114 397 505 114 398 505 115 399 520 115 400 506 115 401 506 116 402 521 116 403 507 116 404 507 117 405 522 117 406 508 117 407 508 118 408 523 118 409 509 118 410 509 119 411 524 119 412 510 119 413 510 120 414 525 120 415 511 120 416 118 121 417 134 121 418 60 121 419 526 122 420 135 122 421 134 122 422 527 123 423 136 123 424 135 123 425 528 124 426 137 124 427 136 124 428 137 125 429 530 125 430 138 125 431 138 126 432 531 126 433 139 126 434 139 127 435 532 127 436 140 127 437 2 74 438 148 74 439 120 74 440 120 74 441 149 74 442 121 74 443 121 128 444 150 128 445 122 128 446 150 129 447 123 129 448 122 129 449 151 74 450 124 74 451 123 74 452 152 130 453 125 130 454 124 130 455 153 131 456 126 131 457 125 131 458 4 74 459 162 74 460 148 74 461 162 132 462 149 132 463 148 132 464 163 133 465 150 133 466 149 133 467 164 134 468 151 134 469 150 134 470 165 135 471 152 135 472 151 135 473 166 136 474 153 136 475 152 136 476 167 137 477 154 137 478 153 137 479 63 32 480 169 32 481 155 32 482 155 32 483 170 32 484 156 32 485 156 32 486 171 32 487 157 32 488 157 32 489 172 32 490 158 32 491 158 32 492 173 32 493 159 32 494 159 32 495 174 32 496 160 32 497 160 138 498 175 138 499 161 138 500 67 32 501 197 32 502 183 32 503 183 139 504 198 139 505 184 139 506 184 32 507 199 32 508 185 32 509 185 32 510 200 32 511 186 32 512 186 32 513 201 32 514 187 32 515 187 140 516 202 140 517 188 140 518 188 32 519 203 32 520 189 32 521 8 74 522 190 74 523 176 74 524 190 141 525 177 141 526 176 141 527 191 142 528 178 142 529 177 142 530 192 143 531 179 143 532 178 143 533 193 144 534 180 144 535 179 144 536 194 145 537 181 145 538 180 145 539 195 146 540 182 146 541 181 146 542 10 147 543 204 147 544 190 147 545 204 148 546 191 148 547 190 148 548 205 149 549 192 149 550 191 149 551 206 150 552 193 150 553 192 150 554 207 151 555 194 151 556 193 151 557 208 152 558 195 152 559 194 152 560 209 153 561 196 153 562 195 153 563 69 32 564 211 32 565 197 32 566 197 154 567 212 154 568 198 154 569 198 32 570 213 32 571 199 32 572 199 155 573 214 155 574 200 155 575 200 32 576 215 32 577 201 32 578 201 32 579 216 32 580 202 32 581 202 32 582 217 32 583 203 32 584 16 156 585 218 156 586 14 156 587 232 157 588 219 157 589 218 157 590 233 158 591 220 158 592 219 158 593 234 159 594 221 159 595 220 159 596 235 160 597 222 160 598 221 160 599 236 161 600 223 161 601 222 161 602 237 162 603 224 162 604 223 162 605 18 163 606 232 163 607 16 163 608 246 164 609 233 164 610 232 164 611 247 165 612 234 165 613 233 165 614 248 166 615 235 166 616 234 166 617 249 167 618 236 167 619 235 167 620 250 168 621 237 168 622 236 168 623 251 169 624 238 169 625 237 169 626 22 170 627 260 170 628 20 170 629 274 171 630 261 171 631 260 171 632 275 172 633 262 172 634 261 172 635 276 173 636 263 173 637 262 173 638 277 174 639 264 174 640 263 174 641 278 175 642 265 175 643 264 175 644 279 176 645 266 176 646 265 176 647 79 32 648 281 32 649 267 32 650 267 177 651 282 177 652 268 177 653 268 32 654 283 32 655 269 32 656 269 32 657 284 32 658 270 32 659 270 178 660 285 178 661 271 178 662 271 32 663 286 32 664 272 32 665 272 32 666 287 32 667 273 32 668 24 179 669 274 179 670 22 179 671 288 180 672 275 180 673 274 180 674 289 181 675 276 181 676 275 181 677 290 182 678 277 182 679 276 182 680 291 183 681 278 183 682 277 183 683 292 184 684 279 184 685 278 184 686 293 185 687 280 185 688 279 185 689 28 186 690 302 186 691 26 186 692 316 187 693 303 187 694 302 187 695 317 188 696 304 188 697 303 188 698 318 189 699 305 189 700 304 189 701 319 190 702 306 190 703 305 190 704 320 191 705 307 191 706 306 191 707 321 192 708 308 192 709 307 192 710 85 32 711 323 32 712 309 32 713 309 32 714 324 32 715 310 32 716 310 32 717 325 32 718 311 32 719 311 32 720 326 32 721 312 32 722 312 32 723 327 32 724 313 32 725 313 32 726 328 32 727 314 32 728 314 32 729 329 32 730 315 32 731 89 32 732 351 32 733 337 32 734 337 32 735 352 32 736 338 32 737 338 32 738 353 32 739 339 32 740 339 32 741 354 32 742 340 32 743 340 32 744 355 32 745 341 32 746 341 32 747 356 32 748 342 32 749 342 193 750 357 193 751 343 193 752 32 194 753 330 194 754 30 194 755 344 195 756 331 195 757 330 195 758 345 196 759 332 196 760 331 196 761 346 197 762 333 197 763 332 197 764 347 198 765 334 198 766 333 198 767 348 199 768 335 199 769 334 199 770 349 200 771 336 200 772 335 200 773 34 201 774 344 201 775 32 201 776 358 202 777 345 202 778 344 202 779 359 203 780 346 203 781 345 203 782 360 204 783 347 204 784 346 204 785 361 205 786 348 205 787 347 205 788 362 206 789 349 206 790 348 206 791 363 207 792 350 207 793 349 207 794 91 208 795 365 208 796 351 208 797 351 32 798 366 32 799 352 32 800 352 32 801 367 32 802 353 32 803 353 209 804 368 209 805 354 209 806 354 210 807 369 210 808 355 210 809 355 32 810 370 32 811 356 32 812 356 32 813 371 32 814 357 32 815 38 211 816 372 211 817 36 211 818 386 212 819 373 212 820 372 212 821 387 213 822 374 213 823 373 213 824 388 214 825 375 214 826 374 214 827 389 215 828 376 215 829 375 215 830 390 216 831 377 216 832 376 216 833 391 217 834 378 217 835 377 217 836 40 218 837 386 218 838 38 218 839 400 219 840 387 219 841 386 219 842 401 220 843 388 220 844 387 220 845 402 221 846 389 221 847 388 221 848 403 222 849 390 222 850 389 222 851 404 223 852 391 223 853 390 223 854 405 224 855 392 224 856 391 224 857 44 225 858 414 225 859 42 225 860 428 226 861 415 226 862 414 226 863 429 227 864 416 227 865 415 227 866 430 228 867 417 228 868 416 228 869 431 229 870 418 229 871 417 229 872 432 230 873 419 230 874 418 230 875 433 231 876 420 231 877 419 231 878 101 232 879 435 232 880 421 232 881 421 233 882 436 233 883 422 233 884 422 32 885 437 32 886 423 32 887 423 32 888 438 32 889 424 32 890 424 32 891 439 32 892 425 32 893 425 32 894 440 32 895 426 32 896 426 234 897 441 234 898 427 234 899 46 235 900 428 235 901 44 235 902 442 236 903 429 236 904 428 236 905 443 237 906 430 237 907 429 237 908 444 238 909 431 238 910 430 238 911 445 239 912 432 239 913 431 239 914 446 240 915 433 240 916 432 240 917 447 241 918 434 241 919 433 241 920 50 242 921 456 242 922 48 242 923 470 243 924 457 243 925 456 243 926 471 244 927 458 244 928 457 244 929 472 245 930 459 245 931 458 245 932 473 246 933 460 246 934 459 246 935 474 247 936 461 247 937 460 247 938 475 248 939 462 248 940 461 248 941 107 32 942 477 32 943 463 32 944 463 32 945 478 32 946 464 32 947 464 32 948 479 32 949 465 32 950 465 249 951 480 249 952 466 249 953 466 32 954 481 32 955 467 32 956 467 32 957 482 32 958 468 32 959 468 32 960 483 32 961 469 32 962 111 250 963 505 250 964 491 250 965 491 251 966 506 251 967 492 251 968 492 252 969 507 252 970 493 252 971 493 253 972 508 253 973 494 253 974 494 254 975 509 254 976 495 254 977 495 255 978 510 255 979 496 255 980 496 256 981 511 256 982 497 256 983 54 257 984 484 257 985 52 257 986 498 258 987 485 258 988 484 258 989 499 259 990 486 259 991 485 259 992 500 260 993 487 260 994 486 260 995 501 261 996 488 261 997 487 261 998 502 262 999 489 262 1000 488 262 1001 503 263 1002 490 263 1003 489 263 1004 56 264 1005 498 264 1006 54 264 1007 512 265 1008 499 265 1009 498 265 1010 513 266 1011 500 266 1012 499 266 1013 514 267 1014 501 267 1015 500 267 1016 515 268 1017 502 268 1018 501 268 1019 516 269 1020 503 269 1021 502 269 1022 517 270 1023 504 270 1024 503 270 1025 114 271 1026 519 271 1027 115 271 1028 518 272 1029 520 272 1030 519 272 1031 520 273 1032 516 273 1033 521 273 1034 516 274 1035 522 274 1036 521 274 1037 515 49 1038 523 49 1039 522 49 1040 514 275 1041 524 275 1042 523 275 1043 513 49 1044 525 49 1045 524 49 1046 109 276 1047 491 276 1048 477 276 1049 477 277 1050 492 277 1051 478 277 1052 478 278 1053 493 278 1054 479 278 1055 479 279 1056 494 279 1057 480 279 1058 480 280 1059 495 280 1060 481 280 1061 481 281 1062 496 281 1063 482 281 1064 482 282 1065 497 282 1066 483 282 1067 52 283 1068 470 283 1069 50 283 1070 484 284 1071 471 284 1072 470 284 1073 485 285 1074 472 285 1075 471 285 1076 486 286 1077 473 286 1078 472 286 1079 487 287 1080 474 287 1081 473 287 1082 488 288 1083 475 288 1084 474 288 1085 489 289 1086 476 289 1087 475 289 1088 48 290 1089 442 290 1090 46 290 1091 456 291 1092 443 291 1093 442 291 1094 457 292 1095 444 292 1096 443 292 1097 458 293 1098 445 293 1099 444 293 1100 459 294 1101 446 294 1102 445 294 1103 460 295 1104 447 295 1105 446 295 1106 461 296 1107 448 296 1108 447 296 1109 103 32 1110 449 32 1111 435 32 1112 435 32 1113 450 32 1114 436 32 1115 436 32 1116 451 32 1117 437 32 1118 437 32 1119 452 32 1120 438 32 1121 438 32 1122 453 32 1123 439 32 1124 439 32 1125 454 32 1126 440 32 1127 440 32 1128 455 32 1129 441 32 1130 105 32 1131 463 32 1132 449 32 1133 449 32 1134 464 32 1135 450 32 1136 450 297 1137 465 297 1138 451 297 1139 451 32 1140 466 32 1141 452 32 1142 452 298 1143 467 298 1144 453 298 1145 453 32 1146 468 32 1147 454 32 1148 454 299 1149 469 299 1150 455 299 1151 42 300 1152 400 300 1153 40 300 1154 414 301 1155 401 301 1156 400 301 1157 415 302 1158 402 302 1159 401 302 1160 416 303 1161 403 303 1162 402 303 1163 417 304 1164 404 304 1165 403 304 1166 418 305 1167 405 305 1168 404 305 1169 419 306 1170 406 306 1171 405 306 1172 97 32 1173 407 32 1174 393 32 1175 393 307 1176 408 307 1177 394 307 1178 394 32 1179 409 32 1180 395 32 1181 395 32 1182 410 32 1183 396 32 1184 396 32 1185 411 32 1186 397 32 1187 397 32 1188 412 32 1189 398 32 1190 398 32 1191 413 32 1192 399 32 1193 99 32 1194 421 32 1195 407 32 1196 407 32 1197 422 32 1198 408 32 1199 408 32 1200 423 32 1201 409 32 1202 409 308 1203 424 308 1204 410 308 1205 410 32 1206 425 32 1207 411 32 1208 411 309 1209 426 309 1210 412 309 1211 412 32 1212 427 32 1213 413 32 1214 36 310 1215 358 310 1216 34 310 1217 372 311 1218 359 311 1219 358 311 1220 373 312 1221 360 312 1222 359 312 1223 374 313 1224 361 313 1225 360 313 1226 375 314 1227 362 314 1228 361 314 1229 376 315 1230 363 315 1231 362 315 1232 377 316 1233 364 316 1234 363 316 1235 95 32 1236 393 32 1237 379 32 1238 379 32 1239 394 32 1240 380 32 1241 380 32 1242 395 32 1243 381 32 1244 381 317 1245 396 317 1246 382 317 1247 382 32 1248 397 32 1249 383 32 1250 383 32 1251 398 32 1252 384 32 1253 384 32 1254 399 32 1255 385 32 1256 93 32 1257 379 32 1258 365 32 1259 365 32 1260 380 32 1261 366 32 1262 366 318 1263 381 318 1264 367 318 1265 367 32 1266 382 32 1267 368 32 1268 368 32 1269 383 32 1270 369 32 1271 369 32 1272 384 32 1273 370 32 1274 370 32 1275 385 32 1276 371 32 1277 87 32 1278 337 32 1279 323 32 1280 323 32 1281 338 32 1282 324 32 1283 324 32 1284 339 32 1285 325 32 1286 325 32 1287 340 32 1288 326 32 1289 326 32 1290 341 32 1291 327 32 1292 327 319 1293 342 319 1294 328 319 1295 328 32 1296 343 32 1297 329 32 1298 30 320 1299 316 320 1300 28 320 1301 330 321 1302 317 321 1303 316 321 1304 331 322 1305 318 322 1306 317 322 1307 332 323 1308 319 323 1309 318 323 1310 333 324 1311 320 324 1312 319 324 1313 334 325 1314 321 325 1315 320 325 1316 335 326 1317 322 326 1318 321 326 1319 26 327 1320 288 327 1321 24 327 1322 302 328 1323 289 328 1324 288 328 1325 303 329 1326 290 329 1327 289 329 1328 304 330 1329 291 330 1330 290 330 1331 305 331 1332 292 331 1333 291 331 1334 306 332 1335 293 332 1336 292 332 1337 307 333 1338 294 333 1339 293 333 1340 81 32 1341 295 32 1342 281 32 1343 281 32 1344 296 32 1345 282 32 1346 282 32 1347 297 32 1348 283 32 1349 283 32 1350 298 32 1351 284 32 1352 284 334 1353 299 334 1354 285 334 1355 285 32 1356 300 32 1357 286 32 1358 286 335 1359 301 335 1360 287 335 1361 83 336 1362 309 336 1363 295 336 1364 295 32 1365 310 32 1366 296 32 1367 296 337 1368 311 337 1369 297 337 1370 297 338 1371 312 338 1372 298 338 1373 298 32 1374 313 32 1375 299 32 1376 299 339 1377 314 339 1378 300 339 1379 300 340 1380 315 340 1381 301 340 1382 20 341 1383 246 341 1384 18 341 1385 260 342 1386 247 342 1387 246 342 1388 261 343 1389 248 343 1390 247 343 1391 262 344 1392 249 344 1393 248 344 1394 263 345 1395 250 345 1396 249 345 1397 264 346 1398 251 346 1399 250 346 1400 265 347 1401 252 347 1402 251 347 1403 75 32 1404 253 32 1405 239 32 1406 239 348 1407 254 348 1408 240 348 1409 240 32 1410 255 32 1411 241 32 1412 241 32 1413 256 32 1414 242 32 1415 242 32 1416 257 32 1417 243 32 1418 243 32 1419 258 32 1420 244 32 1421 244 32 1422 259 32 1423 245 32 1424 77 349 1425 267 349 1426 253 349 1427 253 32 1428 268 32 1429 254 32 1430 254 350 1431 269 350 1432 255 350 1433 255 351 1434 270 351 1435 256 351 1436 256 32 1437 271 32 1438 257 32 1439 257 352 1440 272 352 1441 258 352 1442 258 353 1443 273 353 1444 259 353 1445 14 354 1446 204 354 1447 12 354 1448 218 355 1449 205 355 1450 204 355 1451 219 356 1452 206 356 1453 205 356 1454 220 357 1455 207 357 1456 206 357 1457 221 358 1458 208 358 1459 207 358 1460 222 359 1461 209 359 1462 208 359 1463 223 360 1464 210 360 1465 209 360 1466 73 32 1467 239 32 1468 225 32 1469 225 32 1470 240 32 1471 226 32 1472 226 32 1473 241 32 1474 227 32 1475 227 32 1476 242 32 1477 228 32 1478 228 32 1479 243 32 1480 229 32 1481 229 361 1482 244 361 1483 230 361 1484 230 362 1485 245 362 1486 231 362 1487 71 32 1488 225 32 1489 211 32 1490 211 363 1491 226 363 1492 212 363 1493 212 32 1494 227 32 1495 213 32 1496 213 364 1497 228 364 1498 214 364 1499 214 32 1500 229 32 1501 215 32 1502 215 32 1503 230 32 1504 216 32 1505 216 32 1506 231 32 1507 217 32 1508 65 32 1509 183 32 1510 169 32 1511 169 365 1512 184 365 1513 170 365 1514 170 32 1515 185 32 1516 171 32 1517 171 32 1518 186 32 1519 172 32 1520 172 366 1521 187 366 1522 173 366 1523 173 32 1524 188 32 1525 174 32 1526 174 32 1527 189 32 1528 175 32 1529 6 367 1530 176 367 1531 162 367 1532 176 368 1533 163 368 1534 162 368 1535 177 369 1536 164 369 1537 163 369 1538 178 370 1539 165 370 1540 164 370 1541 179 371 1542 166 371 1543 165 371 1544 180 372 1545 167 372 1546 166 372 1547 181 373 1548 168 373 1549 167 373 1550 59 374 1551 155 374 1552 127 374 1553 127 32 1554 156 32 1555 128 32 1556 128 32 1557 157 32 1558 129 32 1559 129 375 1560 158 375 1561 130 375 1562 130 32 1563 159 32 1564 131 32 1565 159 376 1566 132 376 1567 131 376 1568 160 377 1569 133 377 1570 132 377 1571 1 378 1572 133 378 1573 3 378 1574 142 32 1575 133 32 1576 141 32 1577 143 32 1578 132 32 1579 142 32 1580 144 379 1581 131 379 1582 143 379 1583 145 32 1584 130 32 1585 144 32 1586 146 32 1587 129 32 1588 145 32 1589 147 32 1590 128 32 1591 146 32 1592 120 74 1593 0 74 1594 2 74 1595 120 380 1596 139 380 1597 140 380 1598 121 381 1599 138 381 1600 139 381 1601 122 382 1602 137 382 1603 138 382 1604 123 383 1605 136 383 1606 137 383 1607 124 384 1608 135 384 1609 136 384 1610 125 385 1611 134 385 1612 135 385 1613 592 386 1614 668 386 1615 594 386 1616 540 387 1617 1018 387 1618 644 387 1619 547 388 1620 544 388 1621 545 388 1622 545 389 1623 542 389 1624 543 389 1625 549 390 1626 546 390 1627 547 390 1628 553 391 1629 550 391 1630 551 391 1631 551 392 1632 548 392 1633 549 392 1634 555 393 1635 552 393 1636 553 393 1637 559 394 1638 556 394 1639 557 394 1640 557 395 1641 554 395 1642 555 395 1643 563 396 1644 560 396 1645 561 396 1646 561 397 1647 558 397 1648 559 397 1649 565 398 1650 562 398 1651 563 398 1652 569 399 1653 566 399 1654 567 399 1655 567 400 1656 564 400 1657 565 400 1658 571 401 1659 568 401 1660 569 401 1661 575 402 1662 572 402 1663 573 402 1664 573 403 1665 570 403 1666 571 403 1667 577 404 1668 574 404 1669 575 404 1670 581 405 1671 578 405 1672 579 405 1673 579 406 1674 576 406 1675 577 406 1676 583 407 1677 584 407 1678 582 407 1679 581 408 1680 582 408 1681 580 408 1682 587 409 1683 584 409 1684 585 409 1685 591 410 1686 588 410 1687 589 410 1688 589 411 1689 586 411 1690 587 411 1691 634 412 1692 633 412 1693 632 412 1694 634 413 1695 637 413 1696 635 413 1697 637 414 1698 638 414 1699 639 414 1700 653 415 1701 1012 415 1702 1013 415 1703 592 416 1704 647 416 1705 646 416 1706 594 417 1707 593 417 1708 592 417 1709 703 32 1710 549 32 1711 547 32 1712 717 32 1713 551 32 1714 549 32 1715 710 418 1716 598 418 1717 696 418 1718 745 32 1719 555 32 1720 553 32 1721 731 32 1722 553 32 1723 551 32 1724 752 74 1725 604 74 1726 738 74 1727 787 32 1728 561 32 1729 559 32 1730 773 32 1731 559 32 1732 557 32 1733 794 419 1734 610 419 1735 780 419 1736 822 420 1737 614 420 1738 808 420 1739 815 32 1740 565 32 1741 563 32 1742 857 32 1743 571 32 1744 569 32 1745 871 32 1746 573 32 1747 571 32 1748 864 421 1749 620 421 1750 850 421 1751 899 422 1752 577 422 1753 575 422 1754 885 32 1755 575 32 1756 573 32 1757 906 423 1758 626 423 1759 892 423 1760 941 424 1761 583 424 1762 581 424 1763 927 32 1764 581 32 1765 579 32 1766 948 425 1767 632 425 1768 934 425 1769 976 426 1770 636 426 1771 962 426 1772 969 32 1773 587 32 1774 585 32 1775 998 427 1776 591 427 1777 1011 427 1778 640 428 1779 643 428 1780 641 428 1781 640 429 1782 639 429 1783 638 429 1784 1004 430 1785 640 430 1786 990 430 1787 990 431 1788 638 431 1789 976 431 1790 983 432 1791 589 432 1792 587 432 1793 955 32 1794 585 32 1795 583 32 1796 962 433 1797 634 433 1798 948 433 1799 934 434 1800 630 434 1801 920 434 1802 913 32 1803 579 32 1804 577 32 1805 920 435 1806 628 435 1807 906 435 1808 892 436 1809 624 436 1810 878 436 1811 878 437 1812 622 437 1813 864 437 1814 843 438 1815 569 438 1816 567 438 1817 850 439 1818 618 439 1819 836 439 1820 836 440 1821 616 440 1822 822 440 1823 829 32 1824 567 32 1825 565 32 1826 801 32 1827 563 32 1828 561 32 1829 808 441 1830 612 441 1831 794 441 1832 780 442 1833 608 442 1834 766 442 1835 759 32 1836 557 32 1837 555 32 1838 766 443 1839 606 443 1840 752 443 1841 738 444 1842 602 444 1843 724 444 1844 724 445 1845 600 445 1846 710 445 1847 689 32 1848 547 32 1849 545 32 1850 696 446 1851 596 446 1852 682 446 1853 682 447 1854 594 447 1855 668 447 1856 675 32 1857 545 32 1858 543 32 1859 661 32 1860 543 32 1861 541 32 1862 655 448 1863 647 448 1864 593 448 1865 997 449 1866 591 449 1867 589 449 1868 633 450 1869 630 450 1870 632 450 1871 629 451 1872 630 451 1873 631 451 1874 629 452 1875 626 452 1876 628 452 1877 627 453 1878 624 453 1879 626 453 1880 623 454 1881 624 454 1882 625 454 1883 623 455 1884 620 455 1885 622 455 1886 619 456 1887 620 456 1888 621 456 1889 619 457 1890 616 457 1891 618 457 1892 617 458 1893 614 458 1894 616 458 1895 613 459 1896 614 459 1897 615 459 1898 613 460 1899 610 460 1900 612 460 1901 611 461 1902 608 461 1903 610 461 1904 607 462 1905 608 462 1906 609 462 1907 605 463 1908 606 463 1909 607 463 1910 603 464 1911 604 464 1912 605 464 1913 601 465 1914 602 465 1915 603 465 1916 599 466 1917 600 466 1918 601 466 1919 597 467 1920 598 467 1921 599 467 1922 597 468 1923 594 468 1924 596 468 1925 648 469 1926 542 469 1927 662 469 1928 654 470 1929 646 470 1930 1012 470 1931 1012 471 1932 647 471 1933 1025 471 1934 1020 472 1935 661 472 1936 1019 472 1937 1021 473 1938 660 473 1939 1020 473 1940 1022 474 1941 659 474 1942 1021 474 1943 1023 475 1944 658 475 1945 1022 475 1946 1024 476 1947 657 476 1948 1023 476 1949 1025 477 1950 656 477 1951 1024 477 1952 644 478 1953 1019 478 1954 645 478 1955 1018 479 1956 1020 479 1957 1019 479 1958 1017 480 1959 1021 480 1960 1020 480 1961 1016 481 1962 1022 481 1963 1021 481 1964 1015 480 1965 1023 480 1966 1022 480 1967 1014 481 1968 1024 481 1969 1023 481 1970 1013 480 1971 1025 480 1972 1024 480 1973 641 482 1974 1005 482 1975 991 482 1976 991 483 1977 1006 483 1978 992 483 1979 992 484 1980 1007 484 1981 993 484 1982 993 485 1983 1008 485 1984 994 485 1985 994 486 1986 1009 486 1987 995 486 1988 995 487 1989 1010 487 1990 996 487 1991 996 488 1992 1011 488 1993 997 488 1994 652 489 1995 1013 489 1996 1014 489 1997 651 490 1998 1014 490 1999 1015 490 2000 650 491 2001 1015 491 2002 1016 491 2003 649 492 2004 1016 492 2005 1017 492 2006 648 493 2007 1017 493 2008 1018 493 2009 541 494 2010 1019 494 2011 661 494 2012 649 495 2013 662 495 2014 663 495 2015 650 496 2016 663 496 2017 664 496 2018 651 497 2019 664 497 2020 665 497 2021 652 498 2022 665 498 2023 666 498 2024 653 499 2025 666 499 2026 667 499 2027 654 500 2028 667 500 2029 668 500 2030 593 501 2031 669 501 2032 655 501 2033 541 502 2034 542 502 2035 540 502 2036 595 503 2037 683 503 2038 669 503 2039 669 504 2040 684 504 2041 670 504 2042 670 505 2043 685 505 2044 671 505 2045 671 32 2046 686 32 2047 672 32 2048 672 32 2049 687 32 2050 673 32 2051 673 32 2052 688 32 2053 674 32 2054 674 32 2055 689 32 2056 675 32 2057 544 506 2058 662 506 2059 542 506 2060 676 507 2061 663 507 2062 662 507 2063 677 508 2064 664 508 2065 663 508 2066 678 509 2067 665 509 2068 664 509 2069 679 510 2070 666 510 2071 665 510 2072 680 511 2073 667 511 2074 666 511 2075 681 512 2076 668 512 2077 667 512 2078 546 513 2079 676 513 2080 544 513 2081 690 514 2082 677 514 2083 676 514 2084 691 515 2085 678 515 2086 677 515 2087 692 516 2088 679 516 2089 678 516 2090 693 517 2091 680 517 2092 679 517 2093 694 518 2094 681 518 2095 680 518 2096 695 519 2097 682 519 2098 681 519 2099 597 520 2100 697 520 2101 683 520 2102 683 521 2103 698 521 2104 684 521 2105 684 522 2106 699 522 2107 685 522 2108 685 32 2109 700 32 2110 686 32 2111 686 32 2112 701 32 2113 687 32 2114 687 523 2115 702 523 2116 688 523 2117 688 32 2118 703 32 2119 689 32 2120 550 524 2121 704 524 2122 548 524 2123 718 525 2124 705 525 2125 704 525 2126 719 526 2127 706 526 2128 705 526 2129 720 527 2130 707 527 2131 706 527 2132 721 528 2133 708 528 2134 707 528 2135 722 529 2136 709 529 2137 708 529 2138 723 530 2139 710 530 2140 709 530 2141 552 531 2142 718 531 2143 550 531 2144 732 532 2145 719 532 2146 718 532 2147 733 533 2148 720 533 2149 719 533 2150 734 534 2151 721 534 2152 720 534 2153 735 535 2154 722 535 2155 721 535 2156 736 536 2157 723 536 2158 722 536 2159 737 537 2160 724 537 2161 723 537 2162 556 538 2163 746 538 2164 554 538 2165 760 539 2166 747 539 2167 746 539 2168 761 540 2169 748 540 2170 747 540 2171 762 541 2172 749 541 2173 748 541 2174 763 542 2175 750 542 2176 749 542 2177 764 543 2178 751 543 2179 750 543 2180 765 544 2181 752 544 2182 751 544 2183 607 545 2184 767 545 2185 753 545 2186 753 32 2187 768 32 2188 754 32 2189 754 32 2190 769 32 2191 755 32 2192 755 32 2193 770 32 2194 756 32 2195 756 32 2196 771 32 2197 757 32 2198 757 32 2199 772 32 2200 758 32 2201 758 32 2202 773 32 2203 759 32 2204 558 546 2205 760 546 2206 556 546 2207 774 547 2208 761 547 2209 760 547 2210 775 548 2211 762 548 2212 761 548 2213 776 549 2214 763 549 2215 762 549 2216 777 550 2217 764 550 2218 763 550 2219 778 551 2220 765 551 2221 764 551 2222 779 552 2223 766 552 2224 765 552 2225 562 553 2226 788 553 2227 560 553 2228 802 554 2229 789 554 2230 788 554 2231 803 555 2232 790 555 2233 789 555 2234 804 556 2235 791 556 2236 790 556 2237 805 557 2238 792 557 2239 791 557 2240 806 558 2241 793 558 2242 792 558 2243 807 559 2244 794 559 2245 793 559 2246 613 32 2247 809 32 2248 795 32 2249 795 32 2250 810 32 2251 796 32 2252 796 32 2253 811 32 2254 797 32 2255 797 560 2256 812 560 2257 798 560 2258 798 561 2259 813 561 2260 799 561 2261 799 32 2262 814 32 2263 800 32 2264 800 32 2265 815 32 2266 801 32 2267 617 32 2268 837 32 2269 823 32 2270 823 32 2271 838 32 2272 824 32 2273 824 32 2274 839 32 2275 825 32 2276 825 562 2277 840 562 2278 826 562 2279 826 32 2280 841 32 2281 827 32 2282 827 32 2283 842 32 2284 828 32 2285 828 32 2286 843 32 2287 829 32 2288 566 563 2289 816 563 2290 564 563 2291 830 564 2292 817 564 2293 816 564 2294 831 565 2295 818 565 2296 817 565 2297 832 566 2298 819 566 2299 818 566 2300 833 567 2301 820 567 2302 819 567 2303 834 568 2304 821 568 2305 820 568 2306 835 569 2307 822 569 2308 821 569 2309 568 570 2310 830 570 2311 566 570 2312 844 571 2313 831 571 2314 830 571 2315 845 572 2316 832 572 2317 831 572 2318 846 573 2319 833 573 2320 832 573 2321 847 574 2322 834 574 2323 833 574 2324 848 575 2325 835 575 2326 834 575 2327 849 576 2328 836 576 2329 835 576 2330 619 32 2331 851 32 2332 837 32 2333 837 32 2334 852 32 2335 838 32 2336 838 32 2337 853 32 2338 839 32 2339 839 32 2340 854 32 2341 840 32 2342 840 32 2343 855 32 2344 841 32 2345 841 32 2346 856 32 2347 842 32 2348 842 577 2349 857 577 2350 843 577 2351 572 578 2352 858 578 2353 570 578 2354 872 579 2355 859 579 2356 858 579 2357 873 580 2358 860 580 2359 859 580 2360 874 581 2361 861 581 2362 860 581 2363 875 582 2364 862 582 2365 861 582 2366 876 583 2367 863 583 2368 862 583 2369 877 584 2370 864 584 2371 863 584 2372 574 585 2373 872 585 2374 572 585 2375 886 586 2376 873 586 2377 872 586 2378 887 587 2379 874 587 2380 873 587 2381 888 588 2382 875 588 2383 874 588 2384 889 589 2385 876 589 2386 875 589 2387 890 590 2388 877 590 2389 876 590 2390 891 591 2391 878 591 2392 877 591 2393 578 592 2394 900 592 2395 576 592 2396 914 593 2397 901 593 2398 900 593 2399 915 594 2400 902 594 2401 901 594 2402 916 595 2403 903 595 2404 902 595 2405 917 596 2406 904 596 2407 903 596 2408 918 597 2409 905 597 2410 904 597 2411 919 598 2412 906 598 2413 905 598 2414 629 32 2415 921 32 2416 907 32 2417 907 599 2418 922 599 2419 908 599 2420 908 32 2421 923 32 2422 909 32 2423 909 32 2424 924 32 2425 910 32 2426 910 600 2427 925 600 2428 911 600 2429 911 32 2430 926 32 2431 912 32 2432 912 32 2433 927 32 2434 913 32 2435 580 601 2436 914 601 2437 578 601 2438 928 602 2439 915 602 2440 914 602 2441 929 603 2442 916 603 2443 915 603 2444 930 604 2445 917 604 2446 916 604 2447 931 605 2448 918 605 2449 917 605 2450 932 606 2451 919 606 2452 918 606 2453 933 607 2454 920 607 2455 919 607 2456 584 608 2457 942 608 2458 582 608 2459 956 609 2460 943 609 2461 942 609 2462 957 610 2463 944 610 2464 943 610 2465 958 611 2466 945 611 2467 944 611 2468 959 612 2469 946 612 2470 945 612 2471 960 613 2472 947 613 2473 946 613 2474 961 614 2475 948 614 2476 947 614 2477 635 615 2478 963 615 2479 949 615 2480 949 616 2481 964 616 2482 950 616 2483 950 617 2484 965 617 2485 951 617 2486 951 618 2487 966 618 2488 952 618 2489 952 32 2490 967 32 2491 953 32 2492 953 32 2493 968 32 2494 954 32 2495 954 32 2496 969 32 2497 955 32 2498 639 619 2499 991 619 2500 977 619 2501 977 620 2502 992 620 2503 978 620 2504 978 621 2505 993 621 2506 979 621 2507 979 622 2508 994 622 2509 980 622 2510 980 623 2511 995 623 2512 981 623 2513 981 624 2514 996 624 2515 982 624 2516 982 625 2517 997 625 2518 983 625 2519 588 626 2520 970 626 2521 586 626 2522 984 627 2523 971 627 2524 970 627 2525 985 628 2526 972 628 2527 971 628 2528 986 629 2529 973 629 2530 972 629 2531 987 630 2532 974 630 2533 973 630 2534 988 631 2535 975 631 2536 974 631 2537 989 632 2538 976 632 2539 975 632 2540 590 633 2541 984 633 2542 588 633 2543 998 634 2544 985 634 2545 984 634 2546 999 635 2547 986 635 2548 985 635 2549 1000 636 2550 987 636 2551 986 636 2552 1001 637 2553 988 637 2554 987 637 2555 1002 638 2556 989 638 2557 988 638 2558 1003 639 2559 990 639 2560 989 639 2561 643 640 2562 1004 640 2563 1005 640 2564 1004 641 2565 1006 641 2566 1005 641 2567 1003 642 2568 1007 642 2569 1006 642 2570 1002 643 2571 1008 643 2572 1007 643 2573 1001 644 2574 1009 644 2575 1008 644 2576 1000 645 2577 1010 645 2578 1009 645 2579 999 646 2580 1011 646 2581 1010 646 2582 637 647 2583 977 647 2584 963 647 2585 963 648 2586 978 648 2587 964 648 2588 964 649 2589 979 649 2590 965 649 2591 965 650 2592 980 650 2593 966 650 2594 966 651 2595 981 651 2596 967 651 2597 967 652 2598 982 652 2599 968 652 2600 968 653 2601 983 653 2602 969 653 2603 586 654 2604 956 654 2605 584 654 2606 970 655 2607 957 655 2608 956 655 2609 971 656 2610 958 656 2611 957 656 2612 972 657 2613 959 657 2614 958 657 2615 973 658 2616 960 658 2617 959 658 2618 974 659 2619 961 659 2620 960 659 2621 975 660 2622 962 660 2623 961 660 2624 582 661 2625 928 661 2626 580 661 2627 942 662 2628 929 662 2629 928 662 2630 943 663 2631 930 663 2632 929 663 2633 944 664 2634 931 664 2635 930 664 2636 945 665 2637 932 665 2638 931 665 2639 946 666 2640 933 666 2641 932 666 2642 947 667 2643 934 667 2644 933 667 2645 631 32 2646 935 32 2647 921 32 2648 921 32 2649 936 32 2650 922 32 2651 922 32 2652 937 32 2653 923 32 2654 923 32 2655 938 32 2656 924 32 2657 924 32 2658 939 32 2659 925 32 2660 925 32 2661 940 32 2662 926 32 2663 926 32 2664 941 32 2665 927 32 2666 633 32 2667 949 32 2668 935 32 2669 935 32 2670 950 32 2671 936 32 2672 936 668 2673 951 668 2674 937 668 2675 937 32 2676 952 32 2677 938 32 2678 938 32 2679 953 32 2680 939 32 2681 939 32 2682 954 32 2683 940 32 2684 940 32 2685 955 32 2686 941 32 2687 576 669 2688 886 669 2689 574 669 2690 900 74 2691 887 74 2692 886 74 2693 901 670 2694 888 670 2695 887 670 2696 902 74 2697 889 74 2698 888 74 2699 903 671 2700 890 671 2701 889 671 2702 904 74 2703 891 74 2704 890 74 2705 905 74 2706 892 74 2707 891 74 2708 625 32 2709 893 32 2710 879 32 2711 879 32 2712 894 32 2713 880 32 2714 880 32 2715 895 32 2716 881 32 2717 881 32 2718 896 32 2719 882 32 2720 882 32 2721 897 32 2722 883 32 2723 883 32 2724 898 32 2725 884 32 2726 884 32 2727 899 32 2728 885 32 2729 627 32 2730 907 32 2731 893 32 2732 893 32 2733 908 32 2734 894 32 2735 894 32 2736 909 32 2737 895 32 2738 895 672 2739 910 672 2740 896 672 2741 896 32 2742 911 32 2743 897 32 2744 897 673 2745 912 673 2746 898 673 2747 898 32 2748 913 32 2749 899 32 2750 570 674 2751 844 674 2752 568 674 2753 858 675 2754 845 675 2755 844 675 2756 859 676 2757 846 676 2758 845 676 2759 860 677 2760 847 677 2761 846 677 2762 861 678 2763 848 678 2764 847 678 2765 862 679 2766 849 679 2767 848 679 2768 863 680 2769 850 680 2770 849 680 2771 623 681 2772 879 681 2773 865 681 2774 865 682 2775 880 682 2776 866 682 2777 866 32 2778 881 32 2779 867 32 2780 867 683 2781 882 683 2782 868 683 2783 868 32 2784 883 32 2785 869 32 2786 869 684 2787 884 684 2788 870 684 2789 870 32 2790 885 32 2791 871 32 2792 621 685 2793 865 685 2794 851 685 2795 851 32 2796 866 32 2797 852 32 2798 852 32 2799 867 32 2800 853 32 2801 853 32 2802 868 32 2803 854 32 2804 854 686 2805 869 686 2806 855 686 2807 855 32 2808 870 32 2809 856 32 2810 856 32 2811 871 32 2812 857 32 2813 615 687 2814 823 687 2815 809 687 2816 809 688 2817 824 688 2818 810 688 2819 810 689 2820 825 689 2821 811 689 2822 811 690 2823 826 690 2824 812 690 2825 812 691 2826 827 691 2827 813 691 2828 813 32 2829 828 32 2830 814 32 2831 814 32 2832 829 32 2833 815 32 2834 564 692 2835 802 692 2836 562 692 2837 816 693 2838 803 693 2839 802 693 2840 817 694 2841 804 694 2842 803 694 2843 818 695 2844 805 695 2845 804 695 2846 819 74 2847 806 74 2848 805 74 2849 820 696 2850 807 696 2851 806 696 2852 821 697 2853 808 697 2854 807 697 2855 560 698 2856 774 698 2857 558 698 2858 788 699 2859 775 699 2860 774 699 2861 789 700 2862 776 700 2863 775 700 2864 790 701 2865 777 701 2866 776 701 2867 791 702 2868 778 702 2869 777 702 2870 792 703 2871 779 703 2872 778 703 2873 793 704 2874 780 704 2875 779 704 2876 609 32 2877 781 32 2878 767 32 2879 767 32 2880 782 32 2881 768 32 2882 768 32 2883 783 32 2884 769 32 2885 769 32 2886 784 32 2887 770 32 2888 770 705 2889 785 705 2890 771 705 2891 771 32 2892 786 32 2893 772 32 2894 772 32 2895 787 32 2896 773 32 2897 611 32 2898 795 32 2899 781 32 2900 781 706 2901 796 706 2902 782 706 2903 782 32 2904 797 32 2905 783 32 2906 783 32 2907 798 32 2908 784 32 2909 784 32 2910 799 32 2911 785 32 2912 785 32 2913 800 32 2914 786 32 2915 786 32 2916 801 32 2917 787 32 2918 554 707 2919 732 707 2920 552 707 2921 746 74 2922 733 74 2923 732 74 2924 747 74 2925 734 74 2926 733 74 2927 748 74 2928 735 74 2929 734 74 2930 749 708 2931 736 708 2932 735 708 2933 750 74 2934 737 74 2935 736 74 2936 751 74 2937 738 74 2938 737 74 2939 603 32 2940 739 32 2941 725 32 2942 725 32 2943 740 32 2944 726 32 2945 726 709 2946 741 709 2947 727 709 2948 727 710 2949 742 710 2950 728 710 2951 728 32 2952 743 32 2953 729 32 2954 729 32 2955 744 32 2956 730 32 2957 730 711 2958 745 711 2959 731 711 2960 605 32 2961 753 32 2962 739 32 2963 739 32 2964 754 32 2965 740 32 2966 740 32 2967 755 32 2968 741 32 2969 741 32 2970 756 32 2971 742 32 2972 742 32 2973 757 32 2974 743 32 2975 743 32 2976 758 32 2977 744 32 2978 744 32 2979 759 32 2980 745 32 2981 548 712 2982 690 712 2983 546 712 2984 704 713 2985 691 713 2986 690 713 2987 705 74 2988 692 74 2989 691 74 2990 706 714 2991 693 714 2992 692 714 2993 707 715 2994 694 715 2995 693 715 2996 708 716 2997 695 716 2998 694 716 2999 709 74 3000 696 74 3001 695 74 3002 601 717 3003 725 717 3004 711 717 3005 711 32 3006 726 32 3007 712 32 3008 712 718 3009 727 718 3010 713 718 3011 713 32 3012 728 32 3013 714 32 3014 714 719 3015 729 719 3016 715 719 3017 715 720 3018 730 720 3019 716 720 3020 716 32 3021 731 32 3022 717 32 3023 599 32 3024 711 32 3025 697 32 3026 697 721 3027 712 721 3028 698 721 3029 698 32 3030 713 32 3031 699 32 3032 699 32 3033 714 32 3034 700 32 3035 700 722 3036 715 722 3037 701 722 3038 701 723 3039 716 723 3040 702 723 3041 702 724 3042 717 724 3043 703 724 3044 655 32 3045 670 32 3046 656 32 3047 656 725 3048 671 725 3049 657 725 3050 657 32 3051 672 32 3052 658 32 3053 658 726 3054 673 726 3055 659 726 3056 659 32 3057 674 32 3058 660 32 3059 660 32 3060 675 32 3061 661 32 3062 540 727 3063 645 727 3064 541 727 3065 5 0 3066 4 0 3067 2 0 3068 0 728 3069 1 728 3070 3 728 3071 7 729 3072 6 729 3073 4 729 3074 9 730 3075 8 730 3076 6 730 3077 13 4 3078 12 4 3079 10 4 3080 11 731 3081 10 731 3082 8 731 3083 15 732 3084 14 732 3085 12 732 3086 19 733 3087 18 733 3088 16 733 3089 17 8 3090 16 8 3091 14 8 3092 21 9 3093 20 9 3094 18 9 3095 25 734 3096 24 734 3097 22 734 3098 23 735 3099 22 735 3100 20 735 3101 29 12 3102 28 12 3103 26 12 3104 27 736 3105 26 736 3106 24 736 3107 31 737 3108 30 737 3109 28 737 3110 35 738 3111 34 738 3112 32 738 3113 33 739 3114 32 739 3115 30 739 3116 37 740 3117 36 740 3118 34 740 3119 41 741 3120 40 741 3121 38 741 3122 39 742 3123 38 742 3124 36 742 3125 43 743 3126 42 743 3127 40 743 3128 47 21 3129 46 21 3130 44 21 3131 45 744 3132 44 744 3133 42 744 3134 51 745 3135 50 745 3136 48 745 3137 49 746 3138 48 746 3139 46 746 3140 53 747 3141 52 747 3142 50 747 3143 57 748 3144 56 748 3145 54 748 3146 55 749 3147 54 749 3148 52 749 3149 106 750 3150 107 750 3151 105 750 3152 106 751 3153 108 751 3154 109 751 3155 108 752 3156 110 752 3157 111 752 3158 126 74 3159 58 74 3160 60 74 3161 61 753 3162 59 753 3163 127 753 3164 161 32 3165 5 32 3166 3 32 3167 182 754 3168 66 754 3169 64 754 3170 189 32 3171 9 32 3172 7 32 3173 217 755 3174 231 755 3175 15 755 3176 231 756 3177 245 756 3178 17 756 3179 224 74 3180 72 74 3181 70 74 3182 259 757 3183 273 757 3184 21 757 3185 245 758 3186 259 758 3187 19 758 3188 266 74 3189 78 74 3190 76 74 3191 301 759 3192 315 759 3193 27 759 3194 287 760 3195 301 760 3196 25 760 3197 308 74 3198 84 74 3199 82 74 3200 336 74 3201 88 74 3202 86 74 3203 329 761 3204 343 761 3205 31 761 3206 371 762 3207 385 762 3208 37 762 3209 385 763 3210 399 763 3211 39 763 3212 378 74 3213 94 74 3214 92 74 3215 413 32 3216 427 32 3217 43 32 3218 399 764 3219 413 764 3220 41 764 3221 420 74 3222 100 74 3223 98 74 3224 455 765 3225 469 765 3226 49 765 3227 441 766 3228 455 766 3229 47 766 3230 462 74 3231 106 74 3232 104 74 3233 490 767 3234 110 767 3235 108 767 3236 483 768 3237 497 768 3238 53 768 3239 525 769 3240 512 769 3241 56 769 3242 114 770 3243 115 770 3244 113 770 3245 112 51 3246 113 51 3247 111 51 3248 518 771 3249 114 771 3250 112 771 3251 504 772 3252 112 772 3253 110 772 3254 497 773 3255 511 773 3256 55 773 3257 469 774 3258 483 774 3259 51 774 3260 476 74 3261 108 74 3262 106 74 3263 448 74 3264 104 74 3265 102 74 3266 427 775 3267 441 775 3268 45 775 3269 434 74 3270 102 74 3271 100 74 3272 406 74 3273 98 74 3274 96 74 3275 392 74 3276 96 74 3277 94 74 3278 357 776 3279 371 776 3280 35 776 3281 364 74 3282 92 74 3283 90 74 3284 350 74 3285 90 74 3286 88 74 3287 343 777 3288 357 777 3289 33 777 3290 315 778 3291 329 778 3292 29 778 3293 322 74 3294 86 74 3295 84 74 3296 294 74 3297 82 74 3298 80 74 3299 273 32 3300 287 32 3301 23 32 3302 280 74 3303 80 74 3304 78 74 3305 252 74 3306 76 74 3307 74 74 3308 238 779 3309 74 779 3310 72 779 3311 217 32 3312 13 32 3313 11 32 3314 210 780 3315 70 780 3316 68 780 3317 196 74 3318 68 74 3319 66 74 3320 203 781 3321 11 781 3322 9 781 3323 175 32 3324 7 32 3325 5 32 3326 168 74 3327 64 74 3328 62 74 3329 154 74 3330 62 74 3331 58 74 3332 140 782 3333 532 782 3334 116 782 3335 511 783 3336 525 783 3337 57 783 3338 104 784 3339 105 784 3340 103 784 3341 101 785 3342 100 785 3343 102 785 3344 99 79 3345 98 79 3346 100 79 3347 99 786 3348 97 786 3349 96 786 3350 97 787 3351 95 787 3352 94 787 3353 93 82 3354 92 82 3355 94 82 3356 91 788 3357 90 788 3358 92 788 3359 91 789 3360 89 789 3361 88 789 3362 89 790 3363 87 790 3364 86 790 3365 87 791 3366 85 791 3367 84 791 3368 85 792 3369 83 792 3370 82 792 3371 81 793 3372 80 793 3373 82 793 3374 79 794 3375 78 794 3376 80 794 3377 77 795 3378 76 795 3379 78 795 3380 75 796 3381 74 796 3382 76 796 3383 73 797 3384 72 797 3385 74 797 3386 71 798 3387 70 798 3388 72 798 3389 69 799 3390 68 799 3391 70 799 3392 69 800 3393 67 800 3394 66 800 3395 67 801 3396 65 801 3397 64 801 3398 63 802 3399 62 802 3400 64 802 3401 59 803 3402 58 803 3403 62 803 3404 59 804 3405 61 804 3406 60 804 3407 526 805 3408 118 805 3409 119 805 3410 119 806 3411 118 806 3412 60 806 3413 147 807 3414 539 807 3415 119 807 3416 0 808 3417 116 808 3418 117 808 3419 117 809 3420 533 809 3421 141 809 3422 533 810 3423 534 810 3424 142 810 3425 534 811 3426 535 811 3427 143 811 3428 535 812 3429 536 812 3430 144 812 3431 144 813 3432 536 813 3433 537 813 3434 145 814 3435 537 814 3436 538 814 3437 146 815 3438 538 815 3439 539 815 3440 116 111 3441 532 111 3442 533 111 3443 532 111 3444 531 111 3445 534 111 3446 531 816 3447 530 816 3448 535 816 3449 530 112 3450 529 112 3451 536 112 3452 529 111 3453 528 111 3454 537 111 3455 528 111 3456 527 111 3457 538 111 3458 527 112 3459 526 112 3460 539 112 3461 113 817 3462 115 817 3463 519 817 3464 505 818 3465 519 818 3466 520 818 3467 506 819 3468 520 819 3469 521 819 3470 507 820 3471 521 820 3472 522 820 3473 508 821 3474 522 821 3475 523 821 3476 509 822 3477 523 822 3478 524 822 3479 510 823 3480 524 823 3481 525 823 3482 118 824 3483 526 824 3484 134 824 3485 526 825 3486 527 825 3487 135 825 3488 527 826 3489 528 826 3490 136 826 3491 528 827 3492 529 827 3493 137 827 3494 137 828 3495 529 828 3496 530 828 3497 138 829 3498 530 829 3499 531 829 3500 139 830 3501 531 830 3502 532 830 3503 2 831 3504 4 831 3505 148 831 3506 120 832 3507 148 832 3508 149 832 3509 121 833 3510 149 833 3511 150 833 3512 150 74 3513 151 74 3514 123 74 3515 151 74 3516 152 74 3517 124 74 3518 152 74 3519 153 74 3520 125 74 3521 153 834 3522 154 834 3523 126 834 3524 4 835 3525 6 835 3526 162 835 3527 162 74 3528 163 74 3529 149 74 3530 163 74 3531 164 74 3532 150 74 3533 164 836 3534 165 836 3535 151 836 3536 165 74 3537 166 74 3538 152 74 3539 166 74 3540 167 74 3541 153 74 3542 167 74 3543 168 74 3544 154 74 3545 63 837 3546 65 837 3547 169 837 3548 155 838 3549 169 838 3550 170 838 3551 156 839 3552 170 839 3553 171 839 3554 157 840 3555 171 840 3556 172 840 3557 158 841 3558 172 841 3559 173 841 3560 159 842 3561 173 842 3562 174 842 3563 160 843 3564 174 843 3565 175 843 3566 67 844 3567 69 844 3568 197 844 3569 183 845 3570 197 845 3571 198 845 3572 184 846 3573 198 846 3574 199 846 3575 185 847 3576 199 847 3577 200 847 3578 186 848 3579 200 848 3580 201 848 3581 187 849 3582 201 849 3583 202 849 3584 188 850 3585 202 850 3586 203 850 3587 8 851 3588 10 851 3589 190 851 3590 190 74 3591 191 74 3592 177 74 3593 191 74 3594 192 74 3595 178 74 3596 192 74 3597 193 74 3598 179 74 3599 193 852 3600 194 852 3601 180 852 3602 194 74 3603 195 74 3604 181 74 3605 195 853 3606 196 853 3607 182 853 3608 10 854 3609 12 854 3610 204 854 3611 204 74 3612 205 74 3613 191 74 3614 205 855 3615 206 855 3616 192 855 3617 206 856 3618 207 856 3619 193 856 3620 207 857 3621 208 857 3622 194 857 3623 208 74 3624 209 74 3625 195 74 3626 209 74 3627 210 74 3628 196 74 3629 69 858 3630 71 858 3631 211 858 3632 197 859 3633 211 859 3634 212 859 3635 198 860 3636 212 860 3637 213 860 3638 199 861 3639 213 861 3640 214 861 3641 200 862 3642 214 862 3643 215 862 3644 201 863 3645 215 863 3646 216 863 3647 202 864 3648 216 864 3649 217 864 3650 16 74 3651 232 74 3652 218 74 3653 232 865 3654 233 865 3655 219 865 3656 233 74 3657 234 74 3658 220 74 3659 234 74 3660 235 74 3661 221 74 3662 235 866 3663 236 866 3664 222 866 3665 236 74 3666 237 74 3667 223 74 3668 237 74 3669 238 74 3670 224 74 3671 18 74 3672 246 74 3673 232 74 3674 246 74 3675 247 74 3676 233 74 3677 247 74 3678 248 74 3679 234 74 3680 248 74 3681 249 74 3682 235 74 3683 249 867 3684 250 867 3685 236 867 3686 250 74 3687 251 74 3688 237 74 3689 251 74 3690 252 74 3691 238 74 3692 22 74 3693 274 74 3694 260 74 3695 274 74 3696 275 74 3697 261 74 3698 275 74 3699 276 74 3700 262 74 3701 276 74 3702 277 74 3703 263 74 3704 277 74 3705 278 74 3706 264 74 3707 278 74 3708 279 74 3709 265 74 3710 279 74 3711 280 74 3712 266 74 3713 79 868 3714 81 868 3715 281 868 3716 267 869 3717 281 869 3718 282 869 3719 268 32 3720 282 32 3721 283 32 3722 269 32 3723 283 32 3724 284 32 3725 270 870 3726 284 870 3727 285 870 3728 271 871 3729 285 871 3730 286 871 3731 272 872 3732 286 872 3733 287 872 3734 24 74 3735 288 74 3736 274 74 3737 288 74 3738 289 74 3739 275 74 3740 289 74 3741 290 74 3742 276 74 3743 290 873 3744 291 873 3745 277 873 3746 291 74 3747 292 74 3748 278 74 3749 292 74 3750 293 74 3751 279 74 3752 293 74 3753 294 74 3754 280 74 3755 28 874 3756 316 874 3757 302 874 3758 316 875 3759 317 875 3760 303 875 3761 317 74 3762 318 74 3763 304 74 3764 318 74 3765 319 74 3766 305 74 3767 319 74 3768 320 74 3769 306 74 3770 320 74 3771 321 74 3772 307 74 3773 321 74 3774 322 74 3775 308 74 3776 85 876 3777 87 876 3778 323 876 3779 309 877 3780 323 877 3781 324 877 3782 310 878 3783 324 878 3784 325 878 3785 311 879 3786 325 879 3787 326 879 3788 312 880 3789 326 880 3790 327 880 3791 313 881 3792 327 881 3793 328 881 3794 314 882 3795 328 882 3796 329 882 3797 89 883 3798 91 883 3799 351 883 3800 337 884 3801 351 884 3802 352 884 3803 338 885 3804 352 885 3805 353 885 3806 339 886 3807 353 886 3808 354 886 3809 340 887 3810 354 887 3811 355 887 3812 341 888 3813 355 888 3814 356 888 3815 342 889 3816 356 889 3817 357 889 3818 32 74 3819 344 74 3820 330 74 3821 344 74 3822 345 74 3823 331 74 3824 345 74 3825 346 74 3826 332 74 3827 346 74 3828 347 74 3829 333 74 3830 347 890 3831 348 890 3832 334 890 3833 348 891 3834 349 891 3835 335 891 3836 349 74 3837 350 74 3838 336 74 3839 34 892 3840 358 892 3841 344 892 3842 358 74 3843 359 74 3844 345 74 3845 359 74 3846 360 74 3847 346 74 3848 360 74 3849 361 74 3850 347 74 3851 361 74 3852 362 74 3853 348 74 3854 362 893 3855 363 893 3856 349 893 3857 363 894 3858 364 894 3859 350 894 3860 91 895 3861 93 895 3862 365 895 3863 351 896 3864 365 896 3865 366 896 3866 352 897 3867 366 897 3868 367 897 3869 353 898 3870 367 898 3871 368 898 3872 354 899 3873 368 899 3874 369 899 3875 355 900 3876 369 900 3877 370 900 3878 356 901 3879 370 901 3880 371 901 3881 38 74 3882 386 74 3883 372 74 3884 386 74 3885 387 74 3886 373 74 3887 387 74 3888 388 74 3889 374 74 3890 388 74 3891 389 74 3892 375 74 3893 389 74 3894 390 74 3895 376 74 3896 390 74 3897 391 74 3898 377 74 3899 391 74 3900 392 74 3901 378 74 3902 40 74 3903 400 74 3904 386 74 3905 400 74 3906 401 74 3907 387 74 3908 401 74 3909 402 74 3910 388 74 3911 402 74 3912 403 74 3913 389 74 3914 403 74 3915 404 74 3916 390 74 3917 404 74 3918 405 74 3919 391 74 3920 405 74 3921 406 74 3922 392 74 3923 44 74 3924 428 74 3925 414 74 3926 428 74 3927 429 74 3928 415 74 3929 429 74 3930 430 74 3931 416 74 3932 430 74 3933 431 74 3934 417 74 3935 431 74 3936 432 74 3937 418 74 3938 432 74 3939 433 74 3940 419 74 3941 433 74 3942 434 74 3943 420 74 3944 101 902 3945 103 902 3946 435 902 3947 421 903 3948 435 903 3949 436 903 3950 422 904 3951 436 904 3952 437 904 3953 423 905 3954 437 905 3955 438 905 3956 424 906 3957 438 906 3958 439 906 3959 425 907 3960 439 907 3961 440 907 3962 426 908 3963 440 908 3964 441 908 3965 46 909 3966 442 909 3967 428 909 3968 442 910 3969 443 910 3970 429 910 3971 443 74 3972 444 74 3973 430 74 3974 444 74 3975 445 74 3976 431 74 3977 445 911 3978 446 911 3979 432 911 3980 446 912 3981 447 912 3982 433 912 3983 447 74 3984 448 74 3985 434 74 3986 50 74 3987 470 74 3988 456 74 3989 470 74 3990 471 74 3991 457 74 3992 471 74 3993 472 74 3994 458 74 3995 472 74 3996 473 74 3997 459 74 3998 473 74 3999 474 74 4000 460 74 4001 474 74 4002 475 74 4003 461 74 4004 475 74 4005 476 74 4006 462 74 4007 107 913 4008 109 913 4009 477 913 4010 463 914 4011 477 914 4012 478 914 4013 464 915 4014 478 915 4015 479 915 4016 465 916 4017 479 916 4018 480 916 4019 466 917 4020 480 917 4021 481 917 4022 467 918 4023 481 918 4024 482 918 4025 468 919 4026 482 919 4027 483 919 4028 111 920 4029 113 920 4030 505 920 4031 491 921 4032 505 921 4033 506 921 4034 492 922 4035 506 922 4036 507 922 4037 493 923 4038 507 923 4039 508 923 4040 494 924 4041 508 924 4042 509 924 4043 495 925 4044 509 925 4045 510 925 4046 496 926 4047 510 926 4048 511 926 4049 54 927 4050 498 927 4051 484 927 4052 498 928 4053 499 928 4054 485 928 4055 499 929 4056 500 929 4057 486 929 4058 500 930 4059 501 930 4060 487 930 4061 501 931 4062 502 931 4063 488 931 4064 502 932 4065 503 932 4066 489 932 4067 503 933 4068 504 933 4069 490 933 4070 56 934 4071 512 934 4072 498 934 4073 512 935 4074 513 935 4075 499 935 4076 513 936 4077 514 936 4078 500 936 4079 514 937 4080 515 937 4081 501 937 4082 515 938 4083 516 938 4084 502 938 4085 516 939 4086 517 939 4087 503 939 4088 517 940 4089 518 940 4090 504 940 4091 114 941 4092 518 941 4093 519 941 4094 518 942 4095 517 942 4096 520 942 4097 520 943 4098 517 943 4099 516 943 4100 516 769 4101 515 769 4102 522 769 4103 515 49 4104 514 49 4105 523 49 4106 514 944 4107 513 944 4108 524 944 4109 513 945 4110 512 945 4111 525 945 4112 109 946 4113 111 946 4114 491 946 4115 477 947 4116 491 947 4117 492 947 4118 478 948 4119 492 948 4120 493 948 4121 479 949 4122 493 949 4123 494 949 4124 480 950 4125 494 950 4126 495 950 4127 481 951 4128 495 951 4129 496 951 4130 482 952 4131 496 952 4132 497 952 4133 52 953 4134 484 953 4135 470 953 4136 484 954 4137 485 954 4138 471 954 4139 485 955 4140 486 955 4141 472 955 4142 486 956 4143 487 956 4144 473 956 4145 487 957 4146 488 957 4147 474 957 4148 488 958 4149 489 958 4150 475 958 4151 489 959 4152 490 959 4153 476 959 4154 48 74 4155 456 74 4156 442 74 4157 456 74 4158 457 74 4159 443 74 4160 457 74 4161 458 74 4162 444 74 4163 458 960 4164 459 960 4165 445 960 4166 459 74 4167 460 74 4168 446 74 4169 460 74 4170 461 74 4171 447 74 4172 461 961 4173 462 961 4174 448 961 4175 103 962 4176 105 962 4177 449 962 4178 435 963 4179 449 963 4180 450 963 4181 436 964 4182 450 964 4183 451 964 4184 437 965 4185 451 965 4186 452 965 4187 438 966 4188 452 966 4189 453 966 4190 439 967 4191 453 967 4192 454 967 4193 440 968 4194 454 968 4195 455 968 4196 105 969 4197 107 969 4198 463 969 4199 449 970 4200 463 970 4201 464 970 4202 450 971 4203 464 971 4204 465 971 4205 451 972 4206 465 972 4207 466 972 4208 452 973 4209 466 973 4210 467 973 4211 453 974 4212 467 974 4213 468 974 4214 454 975 4215 468 975 4216 469 975 4217 42 74 4218 414 74 4219 400 74 4220 414 74 4221 415 74 4222 401 74 4223 415 74 4224 416 74 4225 402 74 4226 416 74 4227 417 74 4228 403 74 4229 417 74 4230 418 74 4231 404 74 4232 418 74 4233 419 74 4234 405 74 4235 419 74 4236 420 74 4237 406 74 4238 97 976 4239 99 976 4240 407 976 4241 393 977 4242 407 977 4243 408 977 4244 394 978 4245 408 978 4246 409 978 4247 395 979 4248 409 979 4249 410 979 4250 396 980 4251 410 980 4252 411 980 4253 397 981 4254 411 981 4255 412 981 4256 398 982 4257 412 982 4258 413 982 4259 99 32 4260 101 32 4261 421 32 4262 407 32 4263 421 32 4264 422 32 4265 408 32 4266 422 32 4267 423 32 4268 409 983 4269 423 983 4270 424 983 4271 410 32 4272 424 32 4273 425 32 4274 411 32 4275 425 32 4276 426 32 4277 412 32 4278 426 32 4279 427 32 4280 36 74 4281 372 74 4282 358 74 4283 372 74 4284 373 74 4285 359 74 4286 373 74 4287 374 74 4288 360 74 4289 374 74 4290 375 74 4291 361 74 4292 375 74 4293 376 74 4294 362 74 4295 376 74 4296 377 74 4297 363 74 4298 377 74 4299 378 74 4300 364 74 4301 95 984 4302 97 984 4303 393 984 4304 379 985 4305 393 985 4306 394 985 4307 380 986 4308 394 986 4309 395 986 4310 381 987 4311 395 987 4312 396 987 4313 382 988 4314 396 988 4315 397 988 4316 383 989 4317 397 989 4318 398 989 4319 384 990 4320 398 990 4321 399 990 4322 93 991 4323 95 991 4324 379 991 4325 365 992 4326 379 992 4327 380 992 4328 366 993 4329 380 993 4330 381 993 4331 367 994 4332 381 994 4333 382 994 4334 368 995 4335 382 995 4336 383 995 4337 369 996 4338 383 996 4339 384 996 4340 370 997 4341 384 997 4342 385 997 4343 87 998 4344 89 998 4345 337 998 4346 323 999 4347 337 999 4348 338 999 4349 324 1000 4350 338 1000 4351 339 1000 4352 325 1001 4353 339 1001 4354 340 1001 4355 326 1002 4356 340 1002 4357 341 1002 4358 327 1003 4359 341 1003 4360 342 1003 4361 328 1004 4362 342 1004 4363 343 1004 4364 30 74 4365 330 74 4366 316 74 4367 330 74 4368 331 74 4369 317 74 4370 331 1005 4371 332 1005 4372 318 1005 4373 332 74 4374 333 74 4375 319 74 4376 333 74 4377 334 74 4378 320 74 4379 334 1006 4380 335 1006 4381 321 1006 4382 335 74 4383 336 74 4384 322 74 4385 26 1007 4386 302 1007 4387 288 1007 4388 302 74 4389 303 74 4390 289 74 4391 303 74 4392 304 74 4393 290 74 4394 304 74 4395 305 74 4396 291 74 4397 305 1008 4398 306 1008 4399 292 1008 4400 306 1009 4401 307 1009 4402 293 1009 4403 307 74 4404 308 74 4405 294 74 4406 81 1010 4407 83 1010 4408 295 1010 4409 281 1011 4410 295 1011 4411 296 1011 4412 282 1012 4413 296 1012 4414 297 1012 4415 283 1013 4416 297 1013 4417 298 1013 4418 284 1014 4419 298 1014 4420 299 1014 4421 285 1015 4422 299 1015 4423 300 1015 4424 286 1016 4425 300 1016 4426 301 1016 4427 83 1017 4428 85 1017 4429 309 1017 4430 295 1018 4431 309 1018 4432 310 1018 4433 296 1019 4434 310 1019 4435 311 1019 4436 297 1020 4437 311 1020 4438 312 1020 4439 298 1021 4440 312 1021 4441 313 1021 4442 299 1022 4443 313 1022 4444 314 1022 4445 300 1023 4446 314 1023 4447 315 1023 4448 20 74 4449 260 74 4450 246 74 4451 260 74 4452 261 74 4453 247 74 4454 261 74 4455 262 74 4456 248 74 4457 262 74 4458 263 74 4459 249 74 4460 263 74 4461 264 74 4462 250 74 4463 264 1024 4464 265 1024 4465 251 1024 4466 265 74 4467 266 74 4468 252 74 4469 75 1025 4470 77 1025 4471 253 1025 4472 239 1026 4473 253 1026 4474 254 1026 4475 240 1027 4476 254 1027 4477 255 1027 4478 241 1028 4479 255 1028 4480 256 1028 4481 242 1029 4482 256 1029 4483 257 1029 4484 243 1030 4485 257 1030 4486 258 1030 4487 244 1031 4488 258 1031 4489 259 1031 4490 77 1032 4491 79 1032 4492 267 1032 4493 253 1033 4494 267 1033 4495 268 1033 4496 254 1034 4497 268 1034 4498 269 1034 4499 255 1035 4500 269 1035 4501 270 1035 4502 256 1036 4503 270 1036 4504 271 1036 4505 257 1037 4506 271 1037 4507 272 1037 4508 258 1038 4509 272 1038 4510 273 1038 4511 14 74 4512 218 74 4513 204 74 4514 218 74 4515 219 74 4516 205 74 4517 219 74 4518 220 74 4519 206 74 4520 220 74 4521 221 74 4522 207 74 4523 221 74 4524 222 74 4525 208 74 4526 222 74 4527 223 74 4528 209 74 4529 223 74 4530 224 74 4531 210 74 4532 73 1039 4533 75 1039 4534 239 1039 4535 225 1040 4536 239 1040 4537 240 1040 4538 226 1041 4539 240 1041 4540 241 1041 4541 227 1042 4542 241 1042 4543 242 1042 4544 228 1043 4545 242 1043 4546 243 1043 4547 229 1044 4548 243 1044 4549 244 1044 4550 230 1045 4551 244 1045 4552 245 1045 4553 71 1046 4554 73 1046 4555 225 1046 4556 211 1047 4557 225 1047 4558 226 1047 4559 212 1048 4560 226 1048 4561 227 1048 4562 213 1049 4563 227 1049 4564 228 1049 4565 214 1050 4566 228 1050 4567 229 1050 4568 215 1051 4569 229 1051 4570 230 1051 4571 216 1052 4572 230 1052 4573 231 1052 4574 65 1053 4575 67 1053 4576 183 1053 4577 169 1054 4578 183 1054 4579 184 1054 4580 170 1055 4581 184 1055 4582 185 1055 4583 171 1056 4584 185 1056 4585 186 1056 4586 172 1057 4587 186 1057 4588 187 1057 4589 173 1058 4590 187 1058 4591 188 1058 4592 174 1059 4593 188 1059 4594 189 1059 4595 6 1060 4596 8 1060 4597 176 1060 4598 176 1061 4599 177 1061 4600 163 1061 4601 177 74 4602 178 74 4603 164 74 4604 178 1062 4605 179 1062 4606 165 1062 4607 179 74 4608 180 74 4609 166 74 4610 180 1063 4611 181 1063 4612 167 1063 4613 181 74 4614 182 74 4615 168 74 4616 59 1064 4617 63 1064 4618 155 1064 4619 127 1065 4620 155 1065 4621 156 1065 4622 128 1066 4623 156 1066 4624 157 1066 4625 129 1067 4626 157 1067 4627 158 1067 4628 130 1068 4629 158 1068 4630 159 1068 4631 159 32 4632 160 32 4633 132 32 4634 160 1069 4635 161 1069 4636 133 1069 4637 1 1070 4638 141 1070 4639 133 1070 4640 142 1071 4641 132 1071 4642 133 1071 4643 143 1072 4644 131 1072 4645 132 1072 4646 144 1073 4647 130 1073 4648 131 1073 4649 145 1074 4650 129 1074 4651 130 1074 4652 146 1075 4653 128 1075 4654 129 1075 4655 147 1076 4656 127 1076 4657 128 1076 4658 120 1077 4659 140 1077 4660 0 1077 4661 120 74 4662 121 74 4663 139 74 4664 121 74 4665 122 74 4666 138 74 4667 122 74 4668 123 74 4669 137 74 4670 123 74 4671 124 74 4672 136 74 4673 124 74 4674 125 74 4675 135 74 4676 125 74 4677 126 74 4678 134 74 4679 592 1078 4680 654 1078 4681 668 1078 4682 540 1079 4683 648 1079 4684 1018 1079 4685 547 388 4686 546 388 4687 544 388 4688 545 1080 4689 544 1080 4690 542 1080 4691 549 1081 4692 548 1081 4693 546 1081 4694 553 1082 4695 552 1082 4696 550 1082 4697 551 1083 4698 550 1083 4699 548 1083 4700 555 1084 4701 554 1084 4702 552 1084 4703 559 1085 4704 558 1085 4705 556 1085 4706 557 1086 4707 556 1086 4708 554 1086 4709 563 1087 4710 562 1087 4711 560 1087 4712 561 397 4713 560 397 4714 558 397 4715 565 1088 4716 564 1088 4717 562 1088 4718 569 1089 4719 568 1089 4720 566 1089 4721 567 400 4722 566 400 4723 564 400 4724 571 1090 4725 570 1090 4726 568 1090 4727 575 1091 4728 574 1091 4729 572 1091 4730 573 1092 4731 572 1092 4732 570 1092 4733 577 404 4734 576 404 4735 574 404 4736 581 1093 4737 580 1093 4738 578 1093 4739 579 406 4740 578 406 4741 576 406 4742 583 1094 4743 585 1094 4744 584 1094 4745 581 1095 4746 583 1095 4747 582 1095 4748 587 1096 4749 586 1096 4750 584 1096 4751 591 410 4752 590 410 4753 588 410 4754 589 1097 4755 588 1097 4756 586 1097 4757 634 1098 4758 635 1098 4759 633 1098 4760 634 1099 4761 636 1099 4762 637 1099 4763 637 1100 4764 636 1100 4765 638 1100 4766 653 1101 4767 654 1101 4768 1012 1101 4769 592 1102 4770 593 1102 4771 647 1102 4772 594 1103 4773 595 1103 4774 593 1103 4775 703 1104 4776 717 1104 4777 549 1104 4778 717 32 4779 731 32 4780 551 32 4781 710 74 4782 600 74 4783 598 74 4784 745 32 4785 759 32 4786 555 32 4787 731 1105 4788 745 1105 4789 553 1105 4790 752 1106 4791 606 1106 4792 604 1106 4793 787 1107 4794 801 1107 4795 561 1107 4796 773 1108 4797 787 1108 4798 559 1108 4799 794 74 4800 612 74 4801 610 74 4802 822 1109 4803 616 1109 4804 614 1109 4805 815 1110 4806 829 1110 4807 565 1110 4808 857 1111 4809 871 1111 4810 571 1111 4811 871 1112 4812 885 1112 4813 573 1112 4814 864 74 4815 622 74 4816 620 74 4817 899 1113 4818 913 1113 4819 577 1113 4820 885 1114 4821 899 1114 4822 575 1114 4823 906 1115 4824 628 1115 4825 626 1115 4826 941 1116 4827 955 1116 4828 583 1116 4829 927 1117 4830 941 1117 4831 581 1117 4832 948 74 4833 634 74 4834 632 74 4835 976 1118 4836 638 1118 4837 636 1118 4838 969 1119 4839 983 1119 4840 587 1119 4841 998 1120 4842 590 1120 4843 591 1120 4844 640 1121 4845 642 1121 4846 643 1121 4847 640 1122 4848 641 1122 4849 639 1122 4850 1004 1123 4851 642 1123 4852 640 1123 4853 990 1124 4854 640 1124 4855 638 1124 4856 983 1125 4857 997 1125 4858 589 1125 4859 955 1126 4860 969 1126 4861 585 1126 4862 962 74 4863 636 74 4864 634 74 4865 934 74 4866 632 74 4867 630 74 4868 913 1127 4869 927 1127 4870 579 1127 4871 920 74 4872 630 74 4873 628 74 4874 892 1128 4875 626 1128 4876 624 1128 4877 878 1129 4878 624 1129 4879 622 1129 4880 843 1130 4881 857 1130 4882 569 1130 4883 850 74 4884 620 74 4885 618 74 4886 836 74 4887 618 74 4888 616 74 4889 829 1131 4890 843 1131 4891 567 1131 4892 801 1132 4893 815 1132 4894 563 1132 4895 808 74 4896 614 74 4897 612 74 4898 780 74 4899 610 74 4900 608 74 4901 759 32 4902 773 32 4903 557 32 4904 766 1133 4905 608 1133 4906 606 1133 4907 738 74 4908 604 74 4909 602 74 4910 724 74 4911 602 74 4912 600 74 4913 689 1134 4914 703 1134 4915 547 1134 4916 696 74 4917 598 74 4918 596 74 4919 682 1135 4920 596 1135 4921 594 1135 4922 675 32 4923 689 32 4924 545 32 4925 661 32 4926 675 32 4927 543 32 4928 655 1136 4929 1025 1136 4930 647 1136 4931 997 1137 4932 1011 1137 4933 591 1137 4934 633 1138 4935 631 1138 4936 630 1138 4937 629 451 4938 628 451 4939 630 451 4940 629 1139 4941 627 1139 4942 626 1139 4943 627 1140 4944 625 1140 4945 624 1140 4946 623 1141 4947 622 1141 4948 624 1141 4949 623 1142 4950 621 1142 4951 620 1142 4952 619 1143 4953 618 1143 4954 620 1143 4955 619 1144 4956 617 1144 4957 616 1144 4958 617 1145 4959 615 1145 4960 614 1145 4961 613 1146 4962 612 1146 4963 614 1146 4964 613 1147 4965 611 1147 4966 610 1147 4967 611 1148 4968 609 1148 4969 608 1148 4970 607 1149 4971 606 1149 4972 608 1149 4973 605 463 4974 604 463 4975 606 463 4976 603 1150 4977 602 1150 4978 604 1150 4979 601 1151 4980 600 1151 4981 602 1151 4982 599 1152 4983 598 1152 4984 600 1152 4985 597 467 4986 596 467 4987 598 467 4988 597 1153 4989 595 1153 4990 594 1153 4991 648 74 4992 540 74 4993 542 74 4994 654 1154 4995 592 1154 4996 646 1154 4997 1012 1155 4998 646 1155 4999 647 1155 5000 1020 1156 5001 660 1156 5002 661 1156 5003 1021 1157 5004 659 1157 5005 660 1157 5006 1022 1158 5007 658 1158 5008 659 1158 5009 1023 1159 5010 657 1159 5011 658 1159 5012 1024 1160 5013 656 1160 5014 657 1160 5015 1025 1161 5016 655 1161 5017 656 1161 5018 644 1162 5019 1018 1162 5020 1019 1162 5021 1018 1163 5022 1017 1163 5023 1020 1163 5024 1017 1164 5025 1016 1164 5026 1021 1164 5027 1016 1165 5028 1015 1165 5029 1022 1165 5030 1015 1164 5031 1014 1164 5032 1023 1164 5033 1014 1165 5034 1013 1165 5035 1024 1165 5036 1013 1164 5037 1012 1164 5038 1025 1164 5039 641 1166 5040 643 1166 5041 1005 1166 5042 991 1167 5043 1005 1167 5044 1006 1167 5045 992 1168 5046 1006 1168 5047 1007 1168 5048 993 1169 5049 1007 1169 5050 1008 1169 5051 994 1170 5052 1008 1170 5053 1009 1170 5054 995 1171 5055 1009 1171 5056 1010 1171 5057 996 1172 5058 1010 1172 5059 1011 1172 5060 652 1173 5061 653 1173 5062 1013 1173 5063 651 1174 5064 652 1174 5065 1014 1174 5066 650 1175 5067 651 1175 5068 1015 1175 5069 649 1176 5070 650 1176 5071 1016 1176 5072 648 1177 5073 649 1177 5074 1017 1177 5075 541 1178 5076 645 1178 5077 1019 1178 5078 649 74 5079 648 74 5080 662 74 5081 650 1179 5082 649 1179 5083 663 1179 5084 651 74 5085 650 74 5086 664 74 5087 652 1180 5088 651 1180 5089 665 1180 5090 653 74 5091 652 74 5092 666 74 5093 654 74 5094 653 74 5095 667 74 5096 593 1181 5097 595 1181 5098 669 1181 5099 541 1182 5100 543 1182 5101 542 1182 5102 595 1183 5103 597 1183 5104 683 1183 5105 669 1184 5106 683 1184 5107 684 1184 5108 670 32 5109 684 32 5110 685 32 5111 671 32 5112 685 32 5113 686 32 5114 672 1185 5115 686 1185 5116 687 1185 5117 673 1186 5118 687 1186 5119 688 1186 5120 674 1187 5121 688 1187 5122 689 1187 5123 544 1188 5124 676 1188 5125 662 1188 5126 676 74 5127 677 74 5128 663 74 5129 677 1189 5130 678 1189 5131 664 1189 5132 678 74 5133 679 74 5134 665 74 5135 679 74 5136 680 74 5137 666 74 5138 680 1190 5139 681 1190 5140 667 1190 5141 681 1191 5142 682 1191 5143 668 1191 5144 546 1192 5145 690 1192 5146 676 1192 5147 690 1193 5148 691 1193 5149 677 1193 5150 691 74 5151 692 74 5152 678 74 5153 692 74 5154 693 74 5155 679 74 5156 693 74 5157 694 74 5158 680 74 5159 694 74 5160 695 74 5161 681 74 5162 695 74 5163 696 74 5164 682 74 5165 597 1194 5166 599 1194 5167 697 1194 5168 683 1195 5169 697 1195 5170 698 1195 5171 684 32 5172 698 32 5173 699 32 5174 685 32 5175 699 32 5176 700 32 5177 686 32 5178 700 32 5179 701 32 5180 687 1196 5181 701 1196 5182 702 1196 5183 688 32 5184 702 32 5185 703 32 5186 550 1197 5187 718 1197 5188 704 1197 5189 718 74 5190 719 74 5191 705 74 5192 719 74 5193 720 74 5194 706 74 5195 720 1198 5196 721 1198 5197 707 1198 5198 721 1199 5199 722 1199 5200 708 1199 5201 722 74 5202 723 74 5203 709 74 5204 723 74 5205 724 74 5206 710 74 5207 552 74 5208 732 74 5209 718 74 5210 732 74 5211 733 74 5212 719 74 5213 733 74 5214 734 74 5215 720 74 5216 734 74 5217 735 74 5218 721 74 5219 735 1200 5220 736 1200 5221 722 1200 5222 736 74 5223 737 74 5224 723 74 5225 737 1201 5226 738 1201 5227 724 1201 5228 556 1202 5229 760 1202 5230 746 1202 5231 760 1203 5232 761 1203 5233 747 1203 5234 761 74 5235 762 74 5236 748 74 5237 762 74 5238 763 74 5239 749 74 5240 763 74 5241 764 74 5242 750 74 5243 764 74 5244 765 74 5245 751 74 5246 765 1204 5247 766 1204 5248 752 1204 5249 607 32 5250 609 32 5251 767 32 5252 753 1205 5253 767 1205 5254 768 1205 5255 754 32 5256 768 32 5257 769 32 5258 755 1206 5259 769 1206 5260 770 1206 5261 756 1207 5262 770 1207 5263 771 1207 5264 757 32 5265 771 32 5266 772 32 5267 758 32 5268 772 32 5269 773 32 5270 558 74 5271 774 74 5272 760 74 5273 774 1208 5274 775 1208 5275 761 1208 5276 775 74 5277 776 74 5278 762 74 5279 776 74 5280 777 74 5281 763 74 5282 777 74 5283 778 74 5284 764 74 5285 778 1209 5286 779 1209 5287 765 1209 5288 779 74 5289 780 74 5290 766 74 5291 562 74 5292 802 74 5293 788 74 5294 802 74 5295 803 74 5296 789 74 5297 803 74 5298 804 74 5299 790 74 5300 804 74 5301 805 74 5302 791 74 5303 805 74 5304 806 74 5305 792 74 5306 806 74 5307 807 74 5308 793 74 5309 807 74 5310 808 74 5311 794 74 5312 613 1210 5313 615 1210 5314 809 1210 5315 795 1211 5316 809 1211 5317 810 1211 5318 796 1212 5319 810 1212 5320 811 1212 5321 797 1213 5322 811 1213 5323 812 1213 5324 798 1214 5325 812 1214 5326 813 1214 5327 799 1215 5328 813 1215 5329 814 1215 5330 800 1216 5331 814 1216 5332 815 1216 5333 617 1217 5334 619 1217 5335 837 1217 5336 823 1218 5337 837 1218 5338 838 1218 5339 824 1219 5340 838 1219 5341 839 1219 5342 825 1220 5343 839 1220 5344 840 1220 5345 826 1221 5346 840 1221 5347 841 1221 5348 827 1222 5349 841 1222 5350 842 1222 5351 828 1223 5352 842 1223 5353 843 1223 5354 566 74 5355 830 74 5356 816 74 5357 830 1224 5358 831 1224 5359 817 1224 5360 831 74 5361 832 74 5362 818 74 5363 832 74 5364 833 74 5365 819 74 5366 833 74 5367 834 74 5368 820 74 5369 834 74 5370 835 74 5371 821 74 5372 835 74 5373 836 74 5374 822 74 5375 568 74 5376 844 74 5377 830 74 5378 844 74 5379 845 74 5380 831 74 5381 845 74 5382 846 74 5383 832 74 5384 846 74 5385 847 74 5386 833 74 5387 847 74 5388 848 74 5389 834 74 5390 848 1225 5391 849 1225 5392 835 1225 5393 849 74 5394 850 74 5395 836 74 5396 619 1226 5397 621 1226 5398 851 1226 5399 837 1227 5400 851 1227 5401 852 1227 5402 838 1228 5403 852 1228 5404 853 1228 5405 839 1229 5406 853 1229 5407 854 1229 5408 840 1230 5409 854 1230 5410 855 1230 5411 841 1231 5412 855 1231 5413 856 1231 5414 842 1232 5415 856 1232 5416 857 1232 5417 572 74 5418 872 74 5419 858 74 5420 872 1233 5421 873 1233 5422 859 1233 5423 873 74 5424 874 74 5425 860 74 5426 874 74 5427 875 74 5428 861 74 5429 875 1234 5430 876 1234 5431 862 1234 5432 876 74 5433 877 74 5434 863 74 5435 877 1235 5436 878 1235 5437 864 1235 5438 574 74 5439 886 74 5440 872 74 5441 886 74 5442 887 74 5443 873 74 5444 887 1236 5445 888 1236 5446 874 1236 5447 888 74 5448 889 74 5449 875 74 5450 889 74 5451 890 74 5452 876 74 5453 890 74 5454 891 74 5455 877 74 5456 891 74 5457 892 74 5458 878 74 5459 578 74 5460 914 74 5461 900 74 5462 914 74 5463 915 74 5464 901 74 5465 915 74 5466 916 74 5467 902 74 5468 916 1237 5469 917 1237 5470 903 1237 5471 917 74 5472 918 74 5473 904 74 5474 918 1238 5475 919 1238 5476 905 1238 5477 919 74 5478 920 74 5479 906 74 5480 629 1239 5481 631 1239 5482 921 1239 5483 907 32 5484 921 32 5485 922 32 5486 908 32 5487 922 32 5488 923 32 5489 909 32 5490 923 32 5491 924 32 5492 910 32 5493 924 32 5494 925 32 5495 911 1240 5496 925 1240 5497 926 1240 5498 912 32 5499 926 32 5500 927 32 5501 580 74 5502 928 74 5503 914 74 5504 928 1241 5505 929 1241 5506 915 1241 5507 929 1242 5508 930 1242 5509 916 1242 5510 930 74 5511 931 74 5512 917 74 5513 931 74 5514 932 74 5515 918 74 5516 932 1243 5517 933 1243 5518 919 1243 5519 933 74 5520 934 74 5521 920 74 5522 584 74 5523 956 74 5524 942 74 5525 956 1244 5526 957 1244 5527 943 1244 5528 957 74 5529 958 74 5530 944 74 5531 958 1245 5532 959 1245 5533 945 1245 5534 959 74 5535 960 74 5536 946 74 5537 960 74 5538 961 74 5539 947 74 5540 961 1246 5541 962 1246 5542 948 1246 5543 635 1247 5544 637 1247 5545 963 1247 5546 949 1248 5547 963 1248 5548 964 1248 5549 950 1249 5550 964 1249 5551 965 1249 5552 951 1250 5553 965 1250 5554 966 1250 5555 952 1251 5556 966 1251 5557 967 1251 5558 953 1252 5559 967 1252 5560 968 1252 5561 954 1253 5562 968 1253 5563 969 1253 5564 639 1254 5565 641 1254 5566 991 1254 5567 977 1255 5568 991 1255 5569 992 1255 5570 978 1256 5571 992 1256 5572 993 1256 5573 979 1257 5574 993 1257 5575 994 1257 5576 980 1258 5577 994 1258 5578 995 1258 5579 981 1259 5580 995 1259 5581 996 1259 5582 982 1260 5583 996 1260 5584 997 1260 5585 588 1261 5586 984 1261 5587 970 1261 5588 984 1262 5589 985 1262 5590 971 1262 5591 985 1263 5592 986 1263 5593 972 1263 5594 986 1264 5595 987 1264 5596 973 1264 5597 987 1265 5598 988 1265 5599 974 1265 5600 988 1266 5601 989 1266 5602 975 1266 5603 989 1267 5604 990 1267 5605 976 1267 5606 590 1268 5607 998 1268 5608 984 1268 5609 998 1269 5610 999 1269 5611 985 1269 5612 999 1270 5613 1000 1270 5614 986 1270 5615 1000 1271 5616 1001 1271 5617 987 1271 5618 1001 1272 5619 1002 1272 5620 988 1272 5621 1002 1273 5622 1003 1273 5623 989 1273 5624 1003 1274 5625 1004 1274 5626 990 1274 5627 643 1275 5628 642 1275 5629 1004 1275 5630 1004 1276 5631 1003 1276 5632 1006 1276 5633 1003 1277 5634 1002 1277 5635 1007 1277 5636 1002 1278 5637 1001 1278 5638 1008 1278 5639 1001 1279 5640 1000 1279 5641 1009 1279 5642 1000 1280 5643 999 1280 5644 1010 1280 5645 999 1281 5646 998 1281 5647 1011 1281 5648 637 1282 5649 639 1282 5650 977 1282 5651 963 1283 5652 977 1283 5653 978 1283 5654 964 1284 5655 978 1284 5656 979 1284 5657 965 1285 5658 979 1285 5659 980 1285 5660 966 1286 5661 980 1286 5662 981 1286 5663 967 1287 5664 981 1287 5665 982 1287 5666 968 1288 5667 982 1288 5668 983 1288 5669 586 1289 5670 970 1289 5671 956 1289 5672 970 1290 5673 971 1290 5674 957 1290 5675 971 1291 5676 972 1291 5677 958 1291 5678 972 1292 5679 973 1292 5680 959 1292 5681 973 1293 5682 974 1293 5683 960 1293 5684 974 1294 5685 975 1294 5686 961 1294 5687 975 1295 5688 976 1295 5689 962 1295 5690 582 74 5691 942 74 5692 928 74 5693 942 74 5694 943 74 5695 929 74 5696 943 1296 5697 944 1296 5698 930 1296 5699 944 74 5700 945 74 5701 931 74 5702 945 1297 5703 946 1297 5704 932 1297 5705 946 74 5706 947 74 5707 933 74 5708 947 74 5709 948 74 5710 934 74 5711 631 1298 5712 633 1298 5713 935 1298 5714 921 1299 5715 935 1299 5716 936 1299 5717 922 1300 5718 936 1300 5719 937 1300 5720 923 1301 5721 937 1301 5722 938 1301 5723 924 1302 5724 938 1302 5725 939 1302 5726 925 1303 5727 939 1303 5728 940 1303 5729 926 1304 5730 940 1304 5731 941 1304 5732 633 1305 5733 635 1305 5734 949 1305 5735 935 1306 5736 949 1306 5737 950 1306 5738 936 1307 5739 950 1307 5740 951 1307 5741 937 1308 5742 951 1308 5743 952 1308 5744 938 1309 5745 952 1309 5746 953 1309 5747 939 1310 5748 953 1310 5749 954 1310 5750 940 1311 5751 954 1311 5752 955 1311 5753 576 1312 5754 900 1312 5755 886 1312 5756 900 1313 5757 901 1313 5758 887 1313 5759 901 74 5760 902 74 5761 888 74 5762 902 74 5763 903 74 5764 889 74 5765 903 74 5766 904 74 5767 890 74 5768 904 1314 5769 905 1314 5770 891 1314 5771 905 1315 5772 906 1315 5773 892 1315 5774 625 1316 5775 627 1316 5776 893 1316 5777 879 1317 5778 893 1317 5779 894 1317 5780 880 1318 5781 894 1318 5782 895 1318 5783 881 1319 5784 895 1319 5785 896 1319 5786 882 1320 5787 896 1320 5788 897 1320 5789 883 1321 5790 897 1321 5791 898 1321 5792 884 1322 5793 898 1322 5794 899 1322 5795 627 1323 5796 629 1323 5797 907 1323 5798 893 1324 5799 907 1324 5800 908 1324 5801 894 1325 5802 908 1325 5803 909 1325 5804 895 1326 5805 909 1326 5806 910 1326 5807 896 1327 5808 910 1327 5809 911 1327 5810 897 1328 5811 911 1328 5812 912 1328 5813 898 1329 5814 912 1329 5815 913 1329 5816 570 1330 5817 858 1330 5818 844 1330 5819 858 74 5820 859 74 5821 845 74 5822 859 74 5823 860 74 5824 846 74 5825 860 1331 5826 861 1331 5827 847 1331 5828 861 74 5829 862 74 5830 848 74 5831 862 74 5832 863 74 5833 849 74 5834 863 74 5835 864 74 5836 850 74 5837 623 32 5838 625 32 5839 879 32 5840 865 32 5841 879 32 5842 880 32 5843 866 32 5844 880 32 5845 881 32 5846 867 32 5847 881 32 5848 882 32 5849 868 32 5850 882 32 5851 883 32 5852 869 32 5853 883 32 5854 884 32 5855 870 32 5856 884 32 5857 885 32 5858 621 1332 5859 623 1332 5860 865 1332 5861 851 1333 5862 865 1333 5863 866 1333 5864 852 1334 5865 866 1334 5866 867 1334 5867 853 1335 5868 867 1335 5869 868 1335 5870 854 1336 5871 868 1336 5872 869 1336 5873 855 1337 5874 869 1337 5875 870 1337 5876 856 1338 5877 870 1338 5878 871 1338 5879 615 1339 5880 617 1339 5881 823 1339 5882 809 1340 5883 823 1340 5884 824 1340 5885 810 1341 5886 824 1341 5887 825 1341 5888 811 1342 5889 825 1342 5890 826 1342 5891 812 1343 5892 826 1343 5893 827 1343 5894 813 1344 5895 827 1344 5896 828 1344 5897 814 1345 5898 828 1345 5899 829 1345 5900 564 74 5901 816 74 5902 802 74 5903 816 1346 5904 817 1346 5905 803 1346 5906 817 74 5907 818 74 5908 804 74 5909 818 1347 5910 819 1347 5911 805 1347 5912 819 74 5913 820 74 5914 806 74 5915 820 1348 5916 821 1348 5917 807 1348 5918 821 74 5919 822 74 5920 808 74 5921 560 74 5922 788 74 5923 774 74 5924 788 1349 5925 789 1349 5926 775 1349 5927 789 74 5928 790 74 5929 776 74 5930 790 74 5931 791 74 5932 777 74 5933 791 1350 5934 792 1350 5935 778 1350 5936 792 74 5937 793 74 5938 779 74 5939 793 74 5940 794 74 5941 780 74 5942 609 1351 5943 611 1351 5944 781 1351 5945 767 1352 5946 781 1352 5947 782 1352 5948 768 1353 5949 782 1353 5950 783 1353 5951 769 1354 5952 783 1354 5953 784 1354 5954 770 1355 5955 784 1355 5956 785 1355 5957 771 1356 5958 785 1356 5959 786 1356 5960 772 1357 5961 786 1357 5962 787 1357 5963 611 1358 5964 613 1358 5965 795 1358 5966 781 1359 5967 795 1359 5968 796 1359 5969 782 1360 5970 796 1360 5971 797 1360 5972 783 1361 5973 797 1361 5974 798 1361 5975 784 1362 5976 798 1362 5977 799 1362 5978 785 1363 5979 799 1363 5980 800 1363 5981 786 1364 5982 800 1364 5983 801 1364 5984 554 1365 5985 746 1365 5986 732 1365 5987 746 74 5988 747 74 5989 733 74 5990 747 74 5991 748 74 5992 734 74 5993 748 74 5994 749 74 5995 735 74 5996 749 74 5997 750 74 5998 736 74 5999 750 74 6000 751 74 6001 737 74 6002 751 74 6003 752 74 6004 738 74 6005 603 1366 6006 605 1366 6007 739 1366 6008 725 1367 6009 739 1367 6010 740 1367 6011 726 1368 6012 740 1368 6013 741 1368 6014 727 1369 6015 741 1369 6016 742 1369 6017 728 1370 6018 742 1370 6019 743 1370 6020 729 1371 6021 743 1371 6022 744 1371 6023 730 1372 6024 744 1372 6025 745 1372 6026 605 1373 6027 607 1373 6028 753 1373 6029 739 1374 6030 753 1374 6031 754 1374 6032 740 1375 6033 754 1375 6034 755 1375 6035 741 1376 6036 755 1376 6037 756 1376 6038 742 1377 6039 756 1377 6040 757 1377 6041 743 1378 6042 757 1378 6043 758 1378 6044 744 1379 6045 758 1379 6046 759 1379 6047 548 74 6048 704 74 6049 690 74 6050 704 74 6051 705 74 6052 691 74 6053 705 74 6054 706 74 6055 692 74 6056 706 74 6057 707 74 6058 693 74 6059 707 74 6060 708 74 6061 694 74 6062 708 74 6063 709 74 6064 695 74 6065 709 74 6066 710 74 6067 696 74 6068 601 1380 6069 603 1380 6070 725 1380 6071 711 32 6072 725 32 6073 726 32 6074 712 1381 6075 726 1381 6076 727 1381 6077 713 1382 6078 727 1382 6079 728 1382 6080 714 32 6081 728 32 6082 729 32 6083 715 1383 6084 729 1383 6085 730 1383 6086 716 1384 6087 730 1384 6088 731 1384 6089 599 1385 6090 601 1385 6091 711 1385 6092 697 1386 6093 711 1386 6094 712 1386 6095 698 1387 6096 712 1387 6097 713 1387 6098 699 1388 6099 713 1388 6100 714 1388 6101 700 1389 6102 714 1389 6103 715 1389 6104 701 1390 6105 715 1390 6106 716 1390 6107 702 1391 6108 716 1391 6109 717 1391 6110 655 1392 6111 669 1392 6112 670 1392 6113 656 1393 6114 670 1393 6115 671 1393 6116 657 1394 6117 671 1394 6118 672 1394 6119 658 1395 6120 672 1395 6121 673 1395 6122 659 1396 6123 673 1396 6124 674 1396 6125 660 1397 6126 674 1397 6127 675 1397 6128 540 1398 6129 644 1398 6130 645 1398 6131</p>
        </triangles>
      </mesh>
    </geometry>
  </library_geometries>
  <library_visual_scenes>
    <visual_scene id="Scene" name="Scene">
      <node id="trunk" name="trunk" type="NODE">
        <matrix sid="transform">1 0 0 695.8539 0 1 0 -810.0712 0 0 1 33.83152 0 0 0 1</matrix>
        <instance_geometry url="#troncos_002-mesh" name="trunk">
          <bind_material>
            <technique_common>
              <instance_material symbol="vegetacao_002-material" target="#vegetacao_002-material">
                <bind_vertex_input semantic="UVMap" input_semantic="TEXCOORD" input_set="0"/>
              </instance_material>
            </technique_common>
          </bind_material>
        </instance_geometry>
      </node>
    </visual_scene>
  </library_visual_scenes>
  <scene>
    <instance_visual_scene url="#Scene"/>
  </scene>
</COLLADA>