<?xml version='1.0' encoding='utf-8'?>
<COLLADA xmlns="http://www.collada.org/2005/11/COLLADASchema" version="1.4.1">
  <asset>
    <contributor>
      <author>Blender User</author>
      <authoring_tool>Blender 4.0.1 commit date:2023-11-16, commit time:16:40, hash:d0dd92834a08</authoring_tool>
    </contributor>
    <created>2025-09-23T14:23:58</created>
    <modified>2025-09-23T14:23:58</modified>
    <unit name="meter" meter="1" />
    <up_axis>Z_UP</up_axis>
  </asset>
  <library_effects>
    <effect id="vegetacao_002-effect">
      <profile_COMMON>
        <newparam sid="Troncos_Text-surface">
          <surface type="2D">
            <init_from>Troncos_Text</init_from>
          </surface>
        </newparam>
        <newparam sid="Troncos_Text-sampler">
          <sampler2D>
            <source>Troncos_Text-surface</source>
          </sampler2D>
        </newparam>
        <technique sid="common">
          <phong><emission>
              <color sid="emission">0 0 0 1</color>
            <color>0.45 0.45 0.45 1.0</color></emission>
            <ambient><color>1.0 1.0 1.0 1.0</color></ambient><diffuse><texture texture="Troncos_Text-sampler" texcoord="UVMap" />
            </diffuse><specular><color>0.20 0.20 0.20 1.0</color></specular><shininess><float>30.0</float></shininess></phong></technique>
      </profile_COMMON>
    </effect>
  </library_effects>
  <library_images>
    <image id="Troncos_Text" name="Troncos_Text">
      <init_from>Troncos_Text.png</init_from>
    </image>
  </library_images>
  <library_materials>
    <material id="vegetacao_002-material" name="vegetacao.002">
      <instance_effect url="#vegetacao_002-effect" />
    </material>
  </library_materials>
  <library_geometries>
    <geometry id="troncos_002-mesh" name="troncos.002">
      <mesh>
        <source id="troncos_002-mesh-positions">
          <float_array id="troncos_002-mesh-positions-array" count="3078">-294.1105 245.4824 3.814354 -294.1105 245.4824 0.114109 -295.0457 242.5895 3.814354 -295.0457 242.5895 0.114109 -296.3594 238.1235 3.814354 -296.3594 238.1235 0.114109 -297.2568 233.6139 3.814354 -297.2568 233.6139 0.114109 -298.0348 229.6277 3.814354 -298.0348 229.6277 0.114109 -299.1755 223.5248 3.814354 -299.1755 223.5248 0.114109 -299.8369 216.316 3.814354 -299.8369 216.316 0.114109 -300.0031 208.9307 3.814354 -300.0031 208.9307 0.114109 -299.5187 201.7289 3.814354 -299.5187 201.7289 0.114109 -298.2589 194.2551 3.814354 -298.2589 194.2551 0.114109 -297.0689 187.353 3.814354 -297.0689 187.353 0.114109 -295.3636 180.2363 3.814354 -295.3636 180.2363 0.114109 -293.4004 172.8091 3.814354 -293.4004 172.8091 0.114109 -289.1776 159.029 3.814354 -289.1776 159.029 0.114109 -284.1034 151.0808 3.814354 -284.1034 151.0808 0.114109 -275.9814 141.0433 3.814354 -275.9814 141.0433 0.114109 -268.7767 133.5512 3.814354 -268.7767 133.5512 0.114109 -255.0115 120.6962 3.814354 -255.0115 120.6962 0.114109 -246.075 114.4529 3.814354 -246.075 114.4529 0.114109 -224.3426 99.99506 3.814354 -224.3426 99.99506 0.114109 -210.8304 91.38587 3.814354 -210.8304 91.38587 0.114109 -199.4175 84.29663 3.814354 -199.4175 84.29663 0.114109 -182.8822 74.67609 3.814354 -182.8822 74.67609 0.114109 -158.6522 60.72192 3.814354 -158.6522 60.72192 0.114109 -131.7169 45.4281 3.814354 -131.7169 45.4281 0.114109 -99.83661 27.54407 3.814354 -99.83661 27.54407 0.114109 -70.40064 13.36426 3.814354 -70.40064 13.36426 0.114109 -44.97668 3.039856 3.814354 -44.97668 3.039856 0.114109 -0.3692627 -15.03613 3.814354 -0.3692627 -15.03613 0.114109 -230.1223 239.8984 3.814354 -230.1223 239.8984 0.114109 -234.4344 244.2071 3.814354 -234.4344 244.2071 0.114109 -227.8847 236.2428 3.814354 -227.8847 236.2428 0.114109 -223.1573 231.9943 3.814354 -223.1573 231.9943 0.114109 -218.5876 228.0042 3.814354 -218.5876 228.0042 0.114109 -212.491 222.0455 3.814354 -212.491 222.0455 0.114109 -209.4123 214.8464 3.814354 -209.4123 214.8464 0.114109 -204.8469 207.4741 3.814354 -204.8469 207.4741 0.114109 -200.1254 200.2837 3.814354 -200.1254 200.2837 0.114109 -195.7843 192.9071 3.814354 -195.7843 192.9071 0.114109 -191.3337 185.9548 3.814354 -191.3337 185.9548 0.114109 -186.3676 178.7878 3.814354 -186.3676 178.7878 0.114109 -181.984 171.4365 3.814354 -181.984 171.4365 0.114109 -173.4023 157.7189 3.814354 -173.4023 157.7189 0.114109 -167.9925 150.0428 3.814354 -167.9925 150.0428 0.114109 -160.1965 140.0104 3.814354 -160.1966 140.0104 0.114109 -153.0857 132.6321 3.814354 -153.0857 132.6321 0.114109 -140.5298 119.8627 3.814354 -140.5298 119.8627 0.114109 -133.3384 113.7384 3.814354 -133.3384 113.7384 0.114109 -116.334 99.3534 3.814354 -116.334 99.3534 0.114109 -106.0825 90.79444 3.814354 -106.0825 90.79444 0.114109 -97.27814 83.74542 3.814354 -97.27814 83.74542 0.114109 -84.65564 74.18518 3.814354 -84.65564 74.18518 0.114109 -67.11005 60.33404 3.814354 -67.10999 60.33404 0.114109 -48.00037 45.16077 3.814354 -48.00037 45.16077 0.114109 -25.41296 27.41998 3.814354 -25.41296 27.41998 0.114109 -11.39307 12.71722 3.781967 -11.39307 12.71722 0.1464958 -1.898071 -2.707275 3.781967 -1.898071 -2.707275 0.1464958 1.048828 -15.54095 3.760666 1.048828 -15.54095 0.167797 -277.0055 250.2145 3.655922 -277.0055 250.2145 0.2725449 -251.3824 249.6669 3.655922 -251.3824 249.6669 0.2725449 -286.9303 242.2532 3.814354 -278.8148 241.9167 3.814354 -270.6995 241.5804 3.814354 -262.584 241.244 3.814354 -254.4686 240.9076 3.814354 -246.3532 240.5712 3.814354 -238.2378 240.2349 3.814354 -238.2378 240.2349 0.114109 -246.3532 240.5712 0.114109 -254.4686 240.9076 0.114109 -262.584 241.244 0.114109 -270.6995 241.5804 0.114109 -278.8148 241.9167 0.114109 -286.9303 242.2532 0.114109 -241.8939 244.3665 3.814354 -249.3535 244.5259 3.814354 -256.813 244.6853 3.814354 -264.2725 244.8447 3.814354 -271.732 245.0041 3.814354 -279.1915 245.1636 3.814354 -286.651 245.323 3.814354 -286.651 245.323 0.114109 -279.1915 245.1636 0.114109 -271.732 245.0041 0.114109 -264.2725 244.8447 0.114109 -256.813 244.6853 0.114109 -249.3535 244.5259 0.114109 -241.8939 244.3665 0.114109 -287.8001 237.8885 3.814354 -279.2407 237.6534 3.814354 -270.6814 237.4183 3.814354 -262.122 237.1832 3.814354 -253.5627 236.9481 3.814354 -245.0034 236.713 3.814354 -236.444 236.4779 3.814354 -236.444 236.4779 0.114109 -245.0034 236.713 0.114109 -253.5627 236.9481 0.114109 -262.122 237.1832 0.114109 -270.6814 237.4183 0.114109 -279.2407 237.6534 0.114109 -287.8001 237.8885 0.114109 -287.9944 233.4115 3.814354 -278.7319 233.209 3.814354 -269.4695 233.0065 3.814354 -260.207 232.8041 3.814354 -250.9446 232.6016 3.814354 -241.6822 232.3992 3.814354 -232.4197 232.1967 3.814354 -232.4197 232.1967 0.114109 -241.6822 232.3992 0.114109 -250.9446 232.6016 0.114109 -260.207 232.8041 0.114109 -269.4695 233.0065 0.114109 -278.7319 233.209 0.114109 -287.9944 233.4115 0.114109 -288.1039 229.4247 3.814354 -278.173 229.2218 3.814354 -268.2421 229.0189 3.814354 -258.3112 228.816 3.814354 -248.3803 228.613 3.814354 -238.4494 228.4101 3.814354 -228.5185 228.2071 3.814354 -228.5185 228.2071 0.114109 -238.4494 228.4101 0.114109 -248.3803 228.613 0.114109 -258.3112 228.816 0.114109 -268.2421 229.0189 0.114109 -278.173 229.2218 0.114109 -288.1039 229.4247 0.114109 -288.3399 223.3398 3.814354 -277.5044 223.155 3.814354 -266.6688 222.97 3.814354 -255.8332 222.7852 3.814354 -244.9977 222.6002 3.814354 -234.1621 222.4153 3.814354 -223.3266 222.2304 3.814354 -223.3266 222.2304 0.114109 -234.1621 222.4153 0.114109 -244.9977 222.6002 0.114109 -255.8332 222.7852 0.114109 -266.6688 222.97 0.114109 -277.5044 223.155 0.114109 -288.3399 223.3398 0.114109 -288.5338 216.1323 3.814354 -277.2307 215.9486 3.814354 -265.9276 215.7649 3.814354 -254.6246 215.5812 3.814354 -243.3215 215.3975 3.814354 -232.0184 215.2138 3.814354 -220.7154 215.0301 3.814354 -220.7154 215.0301 0.114109 -232.0184 215.2138 0.114109 -243.3215 215.3975 0.114109 -254.6246 215.5812 0.114109 -265.9276 215.7649 0.114109 -277.2307 215.9486 0.114109 -288.5338 216.1323 0.114109 -288.1086 208.7487 3.814354 -276.2141 208.5665 3.814354 -264.3195 208.3845 3.814354 -252.425 208.2024 3.814354 -240.5305 208.0203 3.814354 -228.636 207.8383 3.814354 -216.7415 207.6562 3.814354 -216.7415 207.6562 0.114109 -228.636 207.8383 0.114109 -240.5305 208.0203 0.114109 -252.425 208.2024 0.114109 -264.3195 208.3845 0.114109 -276.2141 208.5665 0.114109 -288.1086 208.7487 0.114109 -287.0946 201.5482 3.814354 -274.6704 201.3675 3.814354 -262.2462 201.1869 3.814354 -249.8221 201.0063 3.814354 -237.3979 200.8256 3.814354 -224.9738 200.645 3.814354 -212.5496 200.4643 3.814354 -212.5496 200.4643 0.114109 -224.9738 200.645 0.114109 -237.3979 200.8256 0.114109 -249.8221 201.0063 0.114109 -262.2463 201.1869 0.114109 -274.6704 201.3675 0.114109 -287.0946 201.5482 0.114109 -285.4495 194.0866 3.814354 -272.6402 193.9181 3.814354 -259.8309 193.7496 3.814354 -247.0215 193.5811 3.814354 -234.2122 193.4126 3.814354 -221.4029 193.2441 3.814354 -208.5936 193.0756 3.814354 -208.5936 193.0756 0.114109 -221.4029 193.2441 0.114109 -234.2122 193.4126 0.114109 -247.0215 193.5811 0.114109 -259.8309 193.7496 0.114109 -272.6402 193.9181 0.114109 -285.4495 194.0866 0.114109 -283.852 187.1782 3.814354 -270.6351 187.0035 3.814354 -257.4182 186.8287 3.814354 -244.2013 186.6539 3.814354 -230.9844 186.4791 3.814354 -217.7675 186.3044 3.814354 -204.5506 186.1296 3.814354 -204.5506 186.1296 0.114109 -217.7675 186.3044 0.114109 -230.9844 186.4791 0.114109 -244.2013 186.6539 0.114109 -257.4182 186.8287 0.114109 -270.6351 187.0035 0.114109 -283.852 187.1782 0.114109 -281.7391 180.0552 3.814354 -268.1146 179.8741 3.814354 -254.49 179.6931 3.814354 -240.8656 179.512 3.814354 -227.2411 179.331 3.814354 -213.6166 179.1499 3.814354 -199.9921 178.9689 3.814354 -199.9921 178.9689 0.114109 -213.6166 179.1499 0.114109 -227.2411 179.331 0.114109 -240.8656 179.5121 0.114109 -254.4901 179.6931 0.114109 -268.1146 179.8741 0.114109 -281.7391 180.0552 0.114109 -279.4733 172.6375 3.814354 -265.5462 172.4659 3.814354 -251.6192 172.2944 3.814354 -237.6922 172.1228 3.814354 -223.7651 171.9512 3.814354 -209.8381 171.7796 3.814354 -195.911 171.608 3.814354 -195.911 171.608 0.114109 -209.8381 171.7796 0.114109 -223.7651 171.9512 0.114109 -237.6922 172.1228 0.114109 -251.6192 172.2943 0.114109 -265.5463 172.4659 0.114109 -279.4733 172.6375 0.114109 -274.7057 158.8652 3.814354 -260.2338 158.7015 3.814354 -245.7618 158.5377 3.814354 -231.2899 158.3739 3.814354 -216.818 158.2101 3.814354 -202.3461 158.0464 3.814354 -187.8742 157.8826 3.814354 -187.8742 157.8826 0.114109 -202.3461 158.0464 0.114109 -216.818 158.2101 0.114109 -231.2899 158.3739 0.114109 -245.7618 158.5377 0.114109 -260.2338 158.7015 0.114109 -274.7057 158.8652 0.114109 -269.5895 150.951 3.814354 -255.0757 150.8213 3.814354 -240.5618 150.6916 3.814354 -226.048 150.5618 3.814354 -211.5341 150.4321 3.814354 -197.0203 150.3024 3.814354 -182.5064 150.1726 3.814354 -182.5064 150.1726 0.114109 -197.0203 150.3024 0.114109 -211.5341 150.4321 0.114109 -226.048 150.5618 0.114109 -240.5618 150.6916 0.114109 -255.0757 150.8213 0.114109 -269.5896 150.951 0.114109 -261.5083 140.9142 3.814354 -247.0352 140.7851 3.814354 -232.5621 140.656 3.814354 -218.089 140.5269 3.814354 -203.6159 140.3978 3.814354 -189.1428 140.2687 3.814354 -174.6697 140.1395 3.814354 -174.6697 140.1395 0.114109 -189.1428 140.2687 0.114109 -203.6159 140.3978 0.114109 -218.089 140.5269 0.114109 -232.5621 140.656 0.114109 -247.0352 140.7851 0.114109 -261.5083 140.9142 0.114109 -254.3153 133.4363 3.814354 -239.8539 133.3214 3.814354 -225.3926 133.2065 3.814354 -210.9312 133.0917 3.814354 -196.4698 132.9768 3.814354 -182.0084 132.8619 3.814354 -167.5471 132.747 3.814354 -167.5471 132.747 0.114109 -182.0084 132.8619 0.114109 -196.4698 132.9768 0.114109 -210.9312 133.0917 0.114109 -225.3926 133.2065 0.114109 -239.8539 133.3214 0.114109 -254.3153 133.4363 0.114109 -240.7013 120.592 3.814354 -226.3911 120.4878 3.814354 -212.0809 120.3837 3.814354 -197.7707 120.2794 3.814354 -183.4604 120.1752 3.814354 -169.1503 120.071 3.814354 -154.8401 119.9669 3.814354 -154.84 119.9669 0.114109 -169.1503 120.071 0.114109 -183.4604 120.1752 0.114109 -197.7707 120.2794 0.114109 -212.0809 120.3836 0.114109 -226.3911 120.4878 0.114109 -240.7013 120.592 0.114109 -231.9829 114.3636 3.814354 -217.8908 114.2743 3.814354 -203.7988 114.185 3.814354 -189.7067 114.0957 3.814354 -175.6146 114.0064 3.814354 -161.5226 113.9171 3.814354 -147.4305 113.8278 3.814354 -147.4305 113.8278 0.114109 -161.5225 113.9171 0.114109 -175.6146 114.0064 0.114109 -189.7067 114.0957 0.114109 -203.7987 114.185 0.114109 -217.8908 114.2743 0.114109 -231.9829 114.3636 0.114109 -210.8415 99.91486 3.814354 -197.3404 99.8346 3.814354 -183.8394 99.7544 3.814354 -170.3383 99.6742 3.814354 -156.8372 99.594 3.814354 -143.3362 99.5138 3.814354 -129.8351 99.4336 3.814354 -129.8351 99.4336 0.114109 -143.3362 99.5138 0.114109 -156.8372 99.594 0.114109 -170.3383 99.6742 0.114109 -183.8394 99.7544 0.114109 -197.3404 99.8346 0.114109 -210.8415 99.91486 0.114109 -197.737 91.31189 3.814354 -184.6435 91.23798 3.814354 -171.55 91.16407 3.814354 -158.4565 91.09015 3.814354 -145.363 91.01624 3.814354 -132.2695 90.94232 3.814354 -119.176 90.86841 3.814354 -119.176 90.86841 0.114109 -132.2695 90.94226 0.114109 -145.363 91.01624 0.114109 -158.4565 91.09015 0.114109 -171.55 91.16407 0.114109 -184.6435 91.23798 0.114109 -197.737 91.31189 0.114109 -186.6501 84.22772 3.814354 -173.8826 84.15882 3.814354 -161.1152 84.08997 3.814354 -148.3478 84.02106 3.814354 -135.5804 83.95215 3.814354 -122.813 83.88324 3.814354 -110.0455 83.81433 3.814354 -110.0455 83.81433 0.114109 -122.813 83.88324 0.114109 -135.5804 83.95215 0.114109 -148.3478 84.021 0.114109 -161.1152 84.08991 0.114109 -173.8827 84.15882 0.114109 -186.6501 84.22772 0.114109 -170.6039 74.61469 3.814354 -158.3256 74.55335 3.814354 -146.0473 74.49201 3.814354 -133.7689 74.43061 3.814354 -121.4906 74.36927 3.814354 -109.2123 74.30792 3.814354 -96.93396 74.24652 3.814354 -96.93396 74.24652 0.114109 -109.2123 74.30792 0.114109 -121.4906 74.36927 0.114109 -133.7689 74.43061 0.114109 -146.0473 74.49201 0.114109 -158.3256 74.55335 0.114109 -170.6039 74.61475 0.114109 -147.2094 60.67346 3.814354 -135.7667 60.625 3.814354 -124.3239 60.57648 3.814354 -112.8811 60.52801 3.814354 -101.4384 60.47949 3.814354 -89.99555 60.43103 3.814354 -78.5528 60.38257 3.814354 -78.5528 60.38257 0.114109 -89.99555 60.43103 0.114109 -101.4383 60.47949 0.114109 -112.8811 60.52801 0.114109 -124.3239 60.57648 0.114109 -135.7666 60.625 0.114109 -147.2094 60.67346 0.114109 -121.2524 45.39471 3.814354 -110.7878 45.36127 3.814354 -100.3232 45.32788 3.814354 -89.85865 45.29443 3.814354 -79.39411 45.26105 3.814354 -68.92951 45.22766 3.814354 -58.46496 45.19421 3.814354 -58.4649 45.19421 0.114109 -68.92951 45.2276 0.114109 -79.39405 45.26099 0.114109 -89.85865 45.29443 0.114109 -100.3232 45.32788 0.114109 -110.7878 45.36127 0.114109 -121.2524 45.39465 0.114109 -90.53363 27.52857 3.814354 -81.23072 27.51306 3.814354 -71.92774 27.49756 3.814354 -62.62475 27.482 3.814354 -53.32178 27.46649 3.814354 -44.01886 27.45099 3.814354 -34.71594 27.43549 3.814354 -34.71594 27.43549 0.114109 -44.01886 27.45099 0.114109 -53.32184 27.46655 0.114109 -62.62482 27.48206 0.114109 -71.92774 27.49756 0.114109 -81.23072 27.51306 0.114109 -90.53369 27.52857 0.114109 -63.02472 13.28339 3.810307 -55.64874 13.20251 3.806259 -48.27276 13.12164 3.802208 -40.89685 13.04077 3.798161 -33.52093 12.9599 3.794113 -26.14496 12.87897 3.790066 -18.76904 12.7981 3.786018 -18.76898 12.7981 0.1424484 -26.14496 12.87897 0.138401 -33.52093 12.95984 0.1343536 -40.89685 13.04071 0.1303024 -48.27283 13.12158 0.126255 -55.6488 13.20251 0.1222076 -63.02472 13.28339 0.1181602 -39.59186 2.321472 3.810307 -34.20703 1.603088 3.806259 -28.82221 0.8846436 3.802208 -23.43738 0.1662597 3.798161 -18.05255 -0.552124 3.794113 -12.66772 -1.270508 3.790066 -7.282898 -1.988892 3.786018 -7.282898 -1.988892 0.1424484 -12.66772 -1.270508 0.138401 -18.05255 -0.552124 0.1343536 -23.43738 0.1662597 0.1303024 -28.82221 0.8847046 0.126255 -34.20703 1.603088 0.1222076 -39.59186 2.321472 0.1181602 -0.1920166 -15.09924 3.807644 -0.0147705 -15.16235 3.800934 0.1625366 -15.22546 3.79422 0.3397827 -15.28857 3.78751 0.5170288 -15.35168 3.7808 0.6943359 -15.41479 3.77409 0.871582 -15.47784 3.76738 0.871582 -15.47784 0.161087 0.6943359 -15.41479 0.1543769 0.5170899 -15.35168 0.1476631 0.3397827 -15.28857 0.140953 0.1625366 -15.22546 0.134243 -0.0147705 -15.16235 0.1275329 -0.1920166 -15.09924 0.1208229 -254.5853 249.7353 3.655922 -257.7882 249.8038 3.655922 -260.991 249.8722 3.655922 -264.194 249.9407 3.655922 -267.3968 250.0092 3.655922 -270.5997 250.0776 3.655922 -273.8026 250.1461 3.655922 -273.8026 250.1461 0.2725449 -270.5997 250.0776 0.2725449 -267.3968 250.0092 0.2725449 -264.194 249.9407 0.2725449 -260.991 249.8722 0.2725449 -257.7882 249.8038 0.2725449 -254.5853 249.7353 0.2725449 22.67285 -51.72327 3.744064 22.67285 -51.72327 0.1843833 28.51276 -63.40857 3.744064 28.51276 -63.40857 0.1843833 31.78845 -68.52259 3.744064 31.78845 -68.52259 0.1843833 35.06055 -74.34326 3.744064 35.06055 -74.34326 0.1843833 37.99676 -78.77588 3.744064 37.99676 -78.77588 0.1843833 41.86944 -84.37097 3.744064 41.86944 -84.37097 0.1843833 46.33722 -90.57648 3.744064 46.33722 -90.57648 0.1843833 50.8064 -96.34253 3.744064 50.8064 -96.34253 0.1843833 55.22009 -102.1869 3.744064 55.22009 -102.1869 0.1843833 60.12121 -108.1827 3.744064 60.12121 -108.1827 0.1843833 64.45801 -113.1509 3.744064 64.45801 -113.1509 0.1843833 70.03192 -119.8494 3.744064 70.03192 -119.8494 0.1843833 75.13178 -124.991 3.744064 75.13178 -124.991 0.1843833 82.07349 -131.2737 3.744064 82.07349 -131.2737 0.1843833 91.95008 -140.0424 3.744064 91.95008 -140.0424 0.1843833 100.2734 -147.0961 3.744064 100.2734 -147.0961 0.1843833 115.3898 -158.9753 3.744064 115.3898 -158.9753 0.1843833 123.6137 -165.9642 3.744064 123.6137 -165.9642 0.1843833 131.2898 -171.7152 3.744064 131.2898 -171.7152 0.1843833 142.6094 -179.6036 3.744064 142.6094 -179.6036 0.1843833 161.7588 -190.969 3.744064 161.7588 -190.969 0.1843833 188.4133 -203.1792 3.744064 189.4615 -203.1953 0.1843833 215.9473 -217.08 3.744064 215.9473 -217.08 0.1843833 242.6761 -228.0862 3.744064 242.6761 -228.0862 0.1843833 262.1818 -236.0529 3.744064 262.1818 -236.0529 0.1843833 297.3906 -249.8328 3.744064 297.3906 -249.8328 0.1843833 78.96649 -45.77356 3.744064 80.3725 -45.79523 0.5076332 98.41651 -54.7041 3.744064 98.41651 -54.7041 0 106.8792 -58.75519 3.744064 106.8792 -58.75519 0.1843833 114.1097 -64.10218 3.744064 114.1097 -64.10218 0.1843833 124.4606 -70.02783 3.744064 124.4606 -70.02783 0.1843833 131.3232 -75.57947 3.744064 131.3232 -75.57947 0.1843833 137.4674 -81.3725 3.744064 137.4674 -81.3725 0.1843833 143.2562 -86.82776 3.744064 143.2562 -86.82776 0.1843833 149.9213 -92.37555 3.744064 149.9213 -92.37555 0.1843833 156.9144 -98.05976 3.744064 156.9144 -98.05976 0.1843833 165.5196 -109.5073 3.744064 165.5196 -109.5073 0.1843833 171.3751 -115.9544 3.744064 171.3751 -115.9544 0.1843833 177.355 -121.1231 3.744064 177.355 -121.1231 0.1843833 183.0455 -127.2924 3.744064 183.0455 -127.2924 0.1843833 191.8635 -136.0365 3.744064 191.8635 -136.0364 0.1843833 198.6594 -143.0583 3.744064 198.6594 -143.0583 0.1843833 209.6479 -155.0696 3.744064 209.6479 -155.0696 0.1843833 215.0249 -162.1495 3.744064 215.0249 -162.1495 0.1843833 220.4236 -167.9733 3.744064 220.4236 -167.9733 0.1843833 228.3269 -175.9707 3.744064 228.3269 -175.9707 0.1843833 241.6403 -187.5227 3.744064 241.6403 -187.5227 0.1843833 262.5106 -199.9673 3.744064 262.5106 -199.9673 0.1843833 280.8829 -214.1112 3.744064 280.8829 -214.1112 0.1843833 294.1837 -226.2111 3.715778 294.1838 -226.2111 0.2126693 300.0031 -239.2859 3.715778 300.0031 -239.2859 0.2126693 298.6487 -250.2145 3.697174 298.6487 -250.2145 0.2312774 18.85065 -42.55182 3.605686 18.85065 -42.55182 0.3227615 42.94775 -39.78906 3.605686 42.94775 -39.78906 0.685421 30.98596 -50.99927 3.744064 38.0412 -50.2558 3.744064 45.09637 -49.51239 3.744064 52.15161 -48.76898 3.744064 59.20685 -48.02551 3.744064 66.26209 -47.2821 3.744064 73.31732 -46.5387 3.744064 73.31732 -46.5387 0.1843833 66.26209 -47.2821 0.1843833 59.20685 -48.02551 0.1843833 52.15161 -48.76898 0.1843833 45.09637 -49.51239 0.1843833 38.0412 -50.2558 0.1843833 30.98596 -50.99927 0.1843833 38.16797 -62.33459 3.744064 46.7749 -61.24457 3.744064 55.38183 -60.15448 3.744064 63.98877 -59.06439 3.744064 72.59571 -57.97436 3.744064 81.20264 -56.88428 3.744064 89.80957 -55.79419 3.744064 89.80957 -55.79419 0.1843833 81.20264 -56.88428 0.1843833 72.59571 -57.97436 0.1843833 63.98877 -59.06439 0.1843833 55.38183 -60.15448 0.1843833 46.7749 -61.24457 0.1843833 38.16797 -62.33459 0.1843833 41.1748 -67.30164 3.744064 50.5611 -66.08075 3.744064 59.94745 -64.8598 3.744064 69.3338 -63.63891 3.744064 78.72016 -62.41797 3.744064 88.10645 -61.19708 3.744064 97.4928 -59.97613 3.744064 97.4928 -59.97613 0.1843833 88.10645 -61.19702 0.1843833 78.72016 -62.41797 0.1843833 69.3338 -63.63891 0.1843833 59.94745 -64.8598 0.1843833 50.5611 -66.08075 0.1843833 41.17474 -67.30164 0.1843833 45.57867 -73.07294 3.744064 55.36883 -71.79138 3.744064 65.159 -70.50989 3.744064 74.94916 -69.22834 3.744064 84.73926 -67.94678 3.744064 94.52942 -66.66522 3.744064 104.3196 -65.38373 3.744064 104.3196 -65.38373 0.1843833 94.52942 -66.66522 0.1843833 84.73926 -67.94678 0.1843833 74.94916 -69.22834 0.1843833 65.159 -70.50989 0.1843833 55.36883 -71.79138 0.1843833 45.57867 -73.07294 0.1843833 52.10162 -77.37689 3.744064 62.4386 -76.32703 3.744064 72.77564 -75.27716 3.744064 83.11261 -74.2273 3.744064 93.44959 -73.17743 3.744064 103.7866 -72.12757 3.744064 114.1236 -71.0777 3.744064 114.1236 -71.0777 0.1843833 103.7866 -72.12757 0.1843833 93.44959 -73.17743 0.1843833 83.11261 -74.2273 0.1843833 72.77564 -75.27716 0.1843833 62.4386 -76.32703 0.1843833 52.10162 -77.37689 0.1843833 55.74896 -83.3136 3.744064 66.54529 -82.20874 3.744064 77.34162 -81.10388 3.744064 88.13788 -79.99897 3.744064 98.93421 -78.89411 3.744064 109.7306 -77.78925 3.744064 120.5269 -76.68433 3.744064 120.5269 -76.68433 0.1843833 109.7306 -77.78925 0.1843833 98.93421 -78.89411 0.1843833 88.13788 -79.99897 0.1843833 77.34162 -81.10388 0.1843833 66.54529 -82.20874 0.1843833 55.74896 -83.3136 0.1843833 59.56293 -89.45423 3.744064 70.6922 -88.29969 3.744064 81.82141 -87.14514 3.744064 92.95056 -85.9906 3.744064 104.0798 -84.83612 3.744064 115.209 -83.68158 3.744064 126.3382 -82.52704 3.744064 126.3382 -82.52704 0.1843833 115.209 -83.68152 0.1843833 104.0798 -84.83612 0.1843833 92.95056 -85.9906 0.1843833 81.82135 -87.14514 0.1843833 70.6922 -88.29969 0.1843833 59.56293 -89.45423 0.1843833 62.87225 -95.16107 3.744064 74.35565 -93.97058 3.744064 85.83911 -92.78009 3.744064 97.32251 -91.5896 3.744064 108.806 -90.39917 3.744064 120.2894 -89.20868 3.744064 131.7728 -88.01819 3.744064 131.7728 -88.01819 0.1843833 120.2894 -89.20868 0.1843833 108.806 -90.39917 0.1843833 97.32251 -91.5896 0.1843833 85.83911 -92.78009 0.1843833 74.35565 -93.97058 0.1843833 62.87225 -95.16107 0.1843833 67.05774 -100.9605 3.744064 78.89539 -99.73401 3.744064 90.73303 -98.50763 3.744064 102.5707 -97.28119 3.744064 114.4083 -96.05481 3.744064 126.246 -94.82837 3.744064 138.0836 -93.60199 3.744064 138.0836 -93.60199 0.1843833 126.246 -94.82837 0.1843833 114.4083 -96.05481 0.1843833 102.5707 -97.28119 0.1843833 90.73303 -98.50757 0.1843833 78.89545 -99.73401 0.1843833 67.05774 -100.9605 0.1843833 72.2204 -106.9173 3.744064 84.31952 -105.6519 3.744064 96.4187 -104.3866 3.744064 108.5178 -103.1212 3.744064 120.617 -101.8558 3.744064 132.7161 -100.5905 3.744064 144.8152 -99.32514 3.744064 144.8152 -99.32514 0.1843833 132.7161 -100.5905 0.1843833 120.6169 -101.8558 0.1843833 108.5178 -103.1212 0.1843833 96.4187 -104.3866 0.1843833 84.31952 -105.6519 0.1843833 72.2204 -106.9173 0.1843833 77.0907 -112.6955 3.744064 89.72339 -112.2401 3.744064 102.3561 -111.7846 3.744064 114.9888 -111.3292 3.744064 127.6215 -110.8737 3.744064 140.2543 -110.4183 3.744064 152.887 -109.9628 3.744064 152.887 -109.9628 0.1843833 140.2543 -110.4182 0.1843833 127.6215 -110.8737 0.1843833 114.9888 -111.3292 0.1843833 102.3561 -111.7845 0.1843833 89.72339 -112.2401 0.1843833 77.0907 -112.6955 0.1843833 82.69983 -119.3625 3.744064 95.3678 -118.8756 3.744064 108.0357 -118.3887 3.744064 120.7036 -117.9019 3.744064 133.3715 -117.415 3.744064 146.0393 -116.9282 3.744064 158.7073 -116.4413 3.744064 158.7073 -116.4413 0.1843833 146.0393 -116.9282 0.1843833 133.3715 -117.415 0.1843833 120.7036 -117.9019 0.1843833 108.0357 -118.3887 0.1843833 95.36774 -118.8756 0.1843833 82.69983 -119.3625 0.1843833 88.92884 -124.5231 3.744064 101.5612 -124.0374 3.744064 114.1934 -123.5517 3.744064 126.8258 -123.066 3.744064 139.4581 -122.5803 3.744064 152.0903 -122.0945 3.744064 164.7227 -121.6088 3.744064 164.7227 -121.6088 0.1843833 152.0903 -122.0945 0.1843833 139.4581 -122.5803 0.1843833 126.8257 -123.066 0.1843833 114.1934 -123.5517 0.1843833 101.5612 -124.0374 0.1843833 88.92884 -124.5231 0.1843833 94.69507 -130.776 3.744064 107.3166 -130.2783 3.744064 119.938 -129.7806 3.744064 132.5596 -129.283 3.744064 145.181 -128.7853 3.744064 157.8025 -128.2877 3.744064 170.424 -127.79 3.744064 170.424 -127.79 0.1843833 157.8025 -128.2877 0.1843833 145.181 -128.7853 0.1843833 132.5596 -129.283 0.1843833 119.938 -129.7806 0.1843833 107.3166 -130.2783 0.1843833 94.69507 -130.776 0.1843833 104.4393 -139.5416 3.744064 116.9284 -139.0409 3.744064 129.4176 -138.5402 3.744064 141.9067 -138.0394 3.744064 154.3959 -137.5387 3.744064 166.8851 -137.0379 3.744064 179.3743 -136.5372 3.744064 179.3743 -136.5372 0.1843833 166.8851 -137.0379 0.1843833 154.3959 -137.5387 0.1843833 141.9067 -138.0394 0.1843833 129.4176 -138.5402 0.1843833 116.9284 -139.0409 0.1843833 104.4393 -139.5416 0.1843833 112.5717 -146.5913 3.744064 124.8699 -146.0866 3.744064 137.1681 -145.5819 3.744064 149.4664 -145.0772 3.744064 161.7646 -144.5725 3.744064 174.0629 -144.0677 3.744064 186.3611 -143.5631 3.744064 186.3611 -143.5631 0.1843833 174.0629 -144.0677 0.1843833 161.7646 -144.5725 0.1843833 149.4664 -145.0772 0.1843833 137.1681 -145.5819 0.1843833 124.8699 -146.0866 0.1843833 112.5717 -146.5913 0.1843833 127.1721 -158.4872 3.744064 138.9543 -157.999 3.744064 150.7366 -157.5107 3.744064 162.5188 -157.0225 3.744064 174.3011 -156.5343 3.744064 186.0834 -156.046 3.744064 197.8656 -155.5579 3.744064 197.8656 -155.5579 0.1843833 186.0833 -156.0461 0.1843833 174.3011 -156.5343 0.1843833 162.5188 -157.0225 0.1843833 150.7366 -157.5107 0.1843833 138.9543 -157.999 0.1843833 127.1721 -158.4872 0.1843833 135.04 -165.4874 3.744064 146.4664 -165.0106 3.744064 157.8929 -164.5337 3.744064 169.3193 -164.0569 3.744064 180.7457 -163.5801 3.744064 192.1721 -163.1032 3.744064 203.5985 -162.6263 3.744064 203.5985 -162.6263 0.1843833 192.1721 -163.1032 0.1843833 180.7457 -163.5801 0.1843833 169.3193 -164.0569 0.1843833 157.8929 -164.5337 0.1843833 146.4665 -165.0106 0.1843833 135.04 -165.4874 0.1843833 142.4315 -171.2475 3.744064 153.5732 -170.7797 3.744064 164.715 -170.312 3.744064 175.8567 -169.8442 3.744064 186.9985 -169.3765 3.744064 198.1401 -168.9087 3.744064 209.2819 -168.441 3.744064 209.2819 -168.441 0.1843833 198.1401 -168.9087 0.1843833 186.9984 -169.3765 0.1843833 175.8567 -169.8442 0.1843833 164.715 -170.312 0.1843833 153.5732 -170.7797 0.1843833 142.4315 -171.2475 0.1843833 153.324 -179.1494 3.744064 164.0388 -178.6953 3.744064 174.7534 -178.2413 3.744064 185.4681 -177.7872 3.744064 196.1829 -177.3331 3.744064 206.8975 -176.879 3.744064 217.6122 -176.4249 3.744064 217.6122 -176.4249 0.1843833 206.8975 -176.879 0.1843833 196.1829 -177.3331 0.1843833 185.4681 -177.7872 0.1843833 174.7534 -178.2413 0.1843833 164.0388 -178.6953 0.1843833 153.324 -179.1494 0.1843833 171.7439 -190.5382 3.744064 181.7291 -190.1074 3.744064 191.7143 -189.6766 3.744064 201.6995 -189.2458 3.744064 211.6847 -188.8151 3.744064 221.6699 -188.3843 3.744064 231.6551 -187.9535 3.744064 231.6551 -187.9535 0.1843833 221.6699 -188.3843 0.1843833 211.6847 -188.8151 0.1843833 201.6995 -189.2458 0.1843833 191.7144 -189.6766 0.1843833 181.7291 -190.1074 0.1843833 171.744 -190.5382 0.1843833 197.0203 -202.7676 3.744064 207.7239 -202.3883 3.744064 216.855 -201.9849 3.744064 225.9861 -201.5813 3.744064 235.1172 -201.1779 3.744064 244.2484 -200.7743 3.744064 253.3795 -200.3708 3.744064 253.3795 -200.3708 0.1843833 244.2484 -200.7744 0.1843833 235.1173 -201.1779 0.1843833 225.9861 -201.5814 0.1843833 216.855 -201.9849 0.1843833 207.7239 -202.3883 0.1843833 198.5926 -202.7919 0.1843833 224.0642 -216.7089 3.744064 232.1811 -216.3378 3.744064 240.2981 -215.9667 3.744064 248.415 -215.5956 3.744064 256.532 -215.2245 3.744064 264.6491 -214.8534 3.744064 272.7659 -214.4823 3.744064 272.7659 -214.4823 0.1843833 264.6491 -214.8534 0.1843833 256.532 -215.2245 0.1843833 248.415 -215.5956 0.1843833 240.2981 -215.9667 0.1843833 232.1811 -216.3378 0.1843833 224.0641 -216.7089 0.1843833 249.1147 -227.8518 3.740528 255.5531 -227.6173 3.736992 261.9916 -227.3829 3.733456 268.43 -227.1486 3.729919 274.8685 -226.9142 3.726383 281.307 -226.6798 3.722851 287.7454 -226.4454 3.719315 287.7454 -226.4454 0.2091369 281.307 -226.6798 0.2056007 274.8685 -226.9142 0.2020645 268.4299 -227.1486 0.1985282 261.9916 -227.3829 0.194992 255.5531 -227.6173 0.1914558 249.1147 -227.8518 0.1879196 266.9094 -236.4569 3.740528 271.6371 -236.8611 3.736992 276.3648 -237.2653 3.733456 281.0924 -237.6693 3.729919 285.8201 -238.0735 3.726383 290.5477 -238.4775 3.722851 295.2754 -238.8817 3.719315 295.2754 -238.8817 0.2091369 290.5477 -238.4775 0.2056007 285.8201 -238.0735 0.2020645 281.0924 -237.6693 0.1985282 276.3648 -237.2653 0.194992 271.6371 -236.8611 0.1914558 266.9094 -236.4569 0.1879196 297.5479 -249.8805 3.738201 297.7051 -249.9281 3.732342 297.8624 -249.9759 3.726479 298.0197 -250.0237 3.720619 298.1769 -250.0713 3.714756 298.3341 -250.119 3.708897 298.4915 -250.1669 3.703033 298.4915 -250.1669 0.2254142 298.3341 -250.119 0.219551 298.177 -250.0714 0.2136917 298.0197 -250.0237 0.2078285 297.8624 -249.9759 0.2019691 297.7051 -249.9281 0.1961059 297.5479 -249.8805 0.1902465 40.17145 -40.13806 3.605686 37.3952 -40.48706 3.605686 34.6189 -40.836 3.605686 31.84265 -41.185 3.605686 29.06635 -41.53393 3.605686 26.2901 -41.88293 3.605686 22.04627 -42.20929 3.605686 22.04627 -42.20929 0.3227615 26.2901 -41.88293 0.3227615 29.06635 -41.53393 0.3227615 31.84265 -41.185 0.3227615 34.6189 -40.836 0.3227615 37.3952 -40.48706 0.3227615 40.17145 -40.13806 0.3227615</float_array>
          <technique_common>
            <accessor source="#troncos_002-mesh-positions-array" count="1026" stride="3">
              <param name="X" type="float" />
              <param name="Y" type="float" />
              <param name="Z" type="float" />
            </accessor>
          </technique_common>
        </source>
        <source id="troncos_002-mesh-normals">
          <float_array id="troncos_002-mesh-normals-array" count="4212">0.9593546 -0.2822037 0 0.951522 -0.3075808 0 0.9807674 -0.1951804 0 0.9814829 -0.1915504 0 0.9958177 -0.09136313 0 0.9829782 -0.1837221 0 0.9997469 -0.02249854 0 0.9860888 0.1662201 0 0.9977461 0.06710344 0 0.985462 0.1698964 0 0.9667974 0.2555443 0 0.9724714 0.2330222 0 0.8428812 0.5380997 0 0.9561152 0.2929912 0 0.7773796 0.629032 0 0.682532 0.7308558 0 0.7208008 0.6931424 0 0.5727054 0.8197613 0 0.5373449 0.8433626 0 0.5538944 0.832587 0 0.5276494 0.8494623 0 0.4990603 0.8665673 0 0.5028944 0.8643479 0 0.48925 0.8721436 0 0.4937573 0.8695998 0 0.433988 0.9009187 0 0.3755605 0.9267979 0 0.3762494 0.9265185 0 -0.6218304 -0.783152 -9.4639e-6 -0.6176825 -0.7864276 0 -0.7237133 -0.6901007 0 0 0 -1 0 0 1 0 0 1 0 0 1 0 0 1 0 0 -1 0 0 1 0 0 1 0 0 1 0 0 1 0 0 -1 0 0 1 0 0 1 0 0 1 0 0 1 0 0 1 0 0 1 3.25552e-6 0.001939296 -0.9999982 -5.57944e-4 -7.93057e-4 0.9999996 0.3354321 0.9420644 0 -0.9746356 -0.223798 0 -0.8515845 -0.5242174 0 -6.17754e-4 0.001008272 -0.9999994 -5.53969e-4 -4.30303e-4 -0.9999998 -0.001052439 -0.002249836 0.9999969 0 0 1 0 0 1 0 0 -1 0 0 -1 0 0 1 0 0 1 0 0 1 0 0 1 0 0 1 0 0 -1 -6.63648e-4 -0.03106558 -0.9995172 -0.175109 -0.3959004 0.9014432 -0.6196253 -0.7848978 -8.85472e-6 -0.6037675 -0.7971606 0 -0.6249927 -0.7806307 0 -0.6408921 -0.7676311 1.0754e-5 -0.6458569 -0.7634587 0 -0.6483557 -0.7613377 0 -0.713046 -0.7011173 0 -0.7200333 -0.6939396 0 -0.7896198 -0.6135964 5.166e-6 -0.8173978 -0.5760738 1.30644e-5 -0.8477712 -0.5303622 0 -0.8588923 -0.5121563 0 -0.8219619 -0.5695424 0 -0.8422072 -0.539154 0 -0.8618326 -0.507193 0 -0.8359015 -0.5488796 0 -0.8501837 -0.5264862 0 -0.9194482 -0.3932112 0 -0.6989762 -0.7151451 0 -0.6577183 -0.753264 0 -0.6684318 -0.7437735 0 -0.8529048 -0.5220664 0 -0.7068218 -0.7073917 0 -0.02135699 -0.999772 0 -0.3066346 -0.9518274 0 -6.636e-4 -0.03106534 0.9995172 0.2666313 -0.9637987 0 -6.63914e-4 -0.0310648 0.9995172 -6.63917e-4 -0.0310648 0.9995172 -6.63922e-4 -0.03106504 0.9995172 -6.63925e-4 -0.03106504 0.9995172 -6.63613e-4 -0.03106462 0.9995172 -6.6362e-4 -0.0310651 0.9995172 -6.64222e-4 -0.03106558 0.9995172 -0.02135723 -0.999772 0 -0.02137631 -0.9997715 0 -0.02135676 -0.999772 0 -0.04054993 -0.007652759 0.9991483 -0.04753047 -0.02735382 0.9984952 -0.05630564 -0.05206573 0.9970551 -0.06741452 -0.08369368 0.9942085 -0.08222985 -0.1258285 0.9886382 -0.1024029 -0.1837548 0.9776237 -0.1315499 -0.2679861 0.9543994 -6.63662e-4 -0.03106325 -0.9995172 -6.63879e-4 -0.03106403 -0.9995172 -6.63888e-4 -0.03106445 -0.9995172 -6.63984e-4 -0.03106462 -0.9995172 -6.64338e-4 -0.03106439 -0.9995173 -6.64089e-4 -0.03106462 -0.9995172 -6.63395e-4 -0.03106415 -0.9995172 0 0 -1 0 0 -1 0 0 -1 0 0 -1 0 0 -1 0 0 1 0 0 1 0 0 1 0 0 1 0 0 1 0 0 1 0 0 1 0 0 1 0 0 1 0 0 1 0 0 1 0 0 1 0 0 1 0 0 1 0 0 -1 0 0 -1 0 0 -1 0 0 -1 0 0 -1 0 0 -1 0 0 1 0 0 1 0 0 1 0 0 1 0 0 1 0 0 1 0 0 1 0 0 -1 0 0 -1 0 0 -1 0 0 -1 0 0 1 0 0 1 0 0 1 0 0 1 0 0 1 0 0 -1 0 0 -1 0 0 -1 0 0 1 0 0 1 0 0 1 0 0 1 0 0 1 0 0 1 0 0 1 0 0 1 0 0 1 0 0 1 0 0 1 0 0 1 0 0 1 0 0 1 0 0 -1 0 0 -1 0 0 -1 0 0 1 0 0 1 0 0 1 0 0 1 0 0 1 0 0 1 0 0 1 0 0 -1 0 0 -1 0 0 -1 0 0 -1 0 0 -1 0 0 -1 0 0 -1 0 0 -1 0 0 1 0 0 1 0 0 1 0 0 1 0 0 1 0 0 1 0 0 1 0 0 -1 0 0 -1 0 0 1 0 0 1 0 0 1 0 0 1 0 0 1 0 0 1 0 0 1 -8.18878e-4 -5.04084e-4 0.9999995 -8.38523e-4 -6.51339e-4 0.9999995 -8.61042e-4 -8.20134e-4 0.9999994 -8.87951e-4 -0.001016497 0.9999992 -9.17668e-4 -0.001244425 0.9999989 -9.53908e-4 -0.001516222 0.9999985 -9.97659e-4 -0.001844167 0.9999979 -5.6405e-4 -0.001388728 -0.9999989 -5.61867e-4 -0.001201093 -0.9999991 -5.60579e-4 -0.001036286 -0.9999994 -5.58487e-4 -8.87671e-4 -0.9999995 -5.57019e-4 -7.5538e-4 -0.9999996 -5.55697e-4 -6.36165e-4 -0.9999997 -5.54574e-4 -5.28177e-4 -0.9999998 -0.001120567 -0.002765178 -0.9999956 -0.001047313 -0.002215564 -0.9999971 -9.75358e-4 -0.001671493 -0.9999982 -9.01945e-4 -0.001126945 -0.9999991 -8.30068e-4 -5.87896e-4 -0.9999995 -7.58651e-4 -5.22754e-5 -0.9999998 -6.87575e-4 4.79921e-4 -0.9999997 0.3354319 0.9420645 0 0.3351442 0.9421669 0 0.3353297 0.9421009 0 0.3353293 0.942101 5.6007e-6 0.3354319 0.9420645 0 0.3353295 0.942101 0 0.335432 0.9420645 0 -5.30122e-4 0.001697242 0.9999985 -5.33876e-4 0.001354396 0.9999989 -5.37679e-4 0.001007497 0.9999994 -5.42061e-4 6.55651e-4 0.9999997 -5.4543e-4 3.00686e-4 0.9999999 -5.49375e-4 -5.90855e-5 0.9999999 -5.53371e-4 -4.23305e-4 0.9999998 0 0 -1 5.19811e-7 2.85041e-4 -1 9.7714e-7 5.67343e-4 -0.9999999 1.43011e-6 8.47218e-4 -0.9999997 1.87875e-6 0.001124143 -0.9999995 2.37982e-6 0.001398444 -0.9999991 2.81974e-6 0.001670122 -0.9999986 0 0 -1 0 0 -1 0 0 -1 0 0 1 0 0 1 0 0 1 0 0 1 0 0 1 0 0 1 0 0 1 0 0 1 0 0 1 0 0 1 0 0 1 0 0 1 0 0 1 0 0 1 0 0 -1 0 0 1 0 0 1 0 0 1 0 0 1 0 0 1 0 0 1 0 0 1 0 0 1 0 0 -1 0 0 -1 0 0 -1 0 0 1 0 0 1 0 0 1 0 0 1 0 0 1 0 0 1 0 0 1 0 0 1 0 0 1 0 0 1 0 0 1 0 0 1 0 0 1 0 0 1 0 0 1 0 0 1 0 0 1 0 0 1 0 0 1 0 0 1 0 0 1 0 0 -1 0 0 -1 0 0 1 0 0 1 0 0 1 0 0 1 0 0 1 0 0 1 0 0 1 0 0 1 0 0 1 0 0 1 0 0 1 0 0 1 0 0 1 0 0 1 0 0 -1 0 0 -1 0 0 1 0 0 1 0 0 1 0 0 1 0 0 1 0 0 1 0 0 1 0 0 1 0 0 1 0 0 1 0 0 1 0 0 1 0 0 1 0 0 1 0 0 -1 0 0 -1 0 0 -1 0 0 1 0 0 1 0 0 1 0 0 1 0 0 1 0 0 1 0 0 1 0 0 1 0 0 1 0 0 1 0 0 1 0 0 1 0 0 1 0 0 1 0 0 1 0 0 1 0 0 1 0 0 1 0 0 1 0 0 1 0 0 1 0 0 -1 0 0 -1 0 0 -1 0 0 1 0 0 1 0 0 1 0 0 1 0 0 1 0 0 1 0 0 1 0 0 1 0 0 1 0 0 1 0 0 1 0 0 1 0 0 1 0 0 -1 0.001259386 -0.0144602 -0.9998947 0.871706 0.4900295 0 0.8420675 0.5393722 0 0.8336836 0.5522425 0 0.8115464 0.5842881 0 0.8222507 0.5691256 0 0.7903829 0.6126133 0 0.7742438 0.6328875 0 0.7980018 0.6026552 0 0.7686784 0.6396355 0 0.7533606 0.6576077 0 0.709983 0.7042189 0 0.6639195 0.7478042 0 0.671038 0.7414231 0 0.6465221 0.7628954 0 0.6475725 0.762004 0 0.6178908 0.786264 0 0.5995905 0.800307 0 0.510388 0.8599443 0 0.5717423 0.8204333 0 0.4642999 0.8856781 0 0.4011321 0.9088965 0.1140186 0.3807563 0.9246755 0 0.3644574 0.9312201 0 0.3781087 0.9257612 0 -0.5121461 -0.8588984 0 -0.6100181 -0.7923874 0 -0.6729217 -0.7397138 0 0.001473605 -0.01398575 -0.9999011 -0.1584399 -0.9854055 -0.06223392 -0.4427106 -0.8966646 0 0 0 1 0 0 1 0 0 1 0 0 1 0 0 1 0 0 1 0 0 1 0 0 1 0 0 1 0 0 1 0 0 1 0 0 -1 -8.94745e-5 0.00195676 -0.9999982 -5.18357e-4 -8.47972e-4 0.9999995 0.290468 0.9568848 0 -0.9924082 0.1229878 0 -0.9135965 -0.4066224 -2.92184e-5 -6.40369e-4 0.001260221 -0.999999 -5.37472e-4 -3.25388e-4 -0.9999998 -9.08547e-4 -0.001878798 0.9999979 0 0 1 0 0 -1 0 0 1 0 0 1 0 0 1 0 0 1 0 0 -1 0 0 1 0 0 -1 0 0 1 -0.02531212 -0.1867915 0.9820735 -0.1160602 -0.2647326 0.9573123 -0.6553758 -0.755303 0 -0.7112796 -0.7029091 0 -0.7333672 -0.6798328 -1.2955e-5 -0.7963616 -0.6048209 0 -0.737823 -0.6749943 0 -0.7185776 -0.6954469 -2.44369e-5 -0.7041241 -0.7100769 -2.76143e-5 -0.735054 -0.6780086 0 -0.6539256 -0.7565589 0 -0.7402548 -0.6723265 0 -0.7993423 -0.600876 1.18295e-5 -0.6307473 -0.7759883 0 -0.6397473 -0.7685853 0 -0.6858291 -0.7277627 0 -0.6860062 -0.7275958 0 -0.6289373 -0.7774561 0 -0.4968278 -0.8678492 0 -0.5945807 -0.804036 0 -0.4317793 -0.9019793 0 0.001645982 -0.01309382 -0.999913 0.1247246 -0.9921915 0 0.001122653 -0.0145992 0.9998928 0.001765787 -0.01404702 0.9998999 0.001740157 -0.01384592 0.9999027 0.001715838 -0.01364946 0.9999055 0.001691639 -0.0134598 0.999908 0.001668632 -0.01327401 0.9999106 0.1065768 -0.9943045 0 0.07667458 -0.9970562 0 0.1247274 -0.9921911 0 0.1247033 -0.9921942 0 -0.03542304 0.006091773 0.9993539 -0.04028433 -0.01003867 0.9991379 -0.04625427 -0.02974086 0.9984869 -0.05360513 -0.05424243 0.9970879 -0.06297737 -0.08554017 0.9943423 -0.07560324 -0.1273253 0.9889755 -0.09184092 -0.1828701 0.978838 0.001482129 -0.01406604 -0.9999 0.001490712 -0.0141468 -0.9998989 0.001499354 -0.01422917 -0.9998977 0.001508057 -0.01431214 -0.9998965 0.001517057 -0.01439607 -0.9998953 0.001547873 -0.01444125 0.9998946 0 0 -1 0 0 -1 -0.03845489 -0.06852233 0.9969082 0.8945113 0.4470456 0 -0.004652321 0.03576618 0.9993494 0 0 1 0 0 1 0 0 1 0 0 1 0 0 -1 0 0 -1 0 0 -1 0 0 -1 0 0 -1 0 0 -1 0 0 -1 0 0 1 0 0 1 0 0 1 0 0 -1 0 0 -1 0 0 -1 0 0 -1 0 0 1 0 0 1 0 0 1 0 0 -1 0 0 -1 0 0 -1 0 0 -1 0 0 -1 0 0 -1 0 0 1 0 0 1 0 0 1 0 0 1 0 0 1 0 0 1 0 0 1 0 0 1 0 0 1 0 0 1 0 0 1 0 0 1 0 0 1 0 0 1 0 0 -1 0 0 -1 0 0 -1 0 0 -1 0 0 -1 0 0 1 0 0 1 0 0 1 0 0 1 0 0 1 0 0 1 0 0 1 0 0 -1 0 0 -1 0 0 -1 0 0 -1 0 0 -1 0 0 -1 0 0 -1 0 0 1 0 0 1 0 0 -1 0 0 -1 0 0 -1 0 0 -1 0 0 1 0 0 1 0 0 1 0 0 1 0 0 1 0 0 1 0 0 1 -7.7674e-4 -3.45699e-4 0.9999997 -7.88818e-4 -4.77622e-4 0.9999997 -8.0166e-4 -6.27907e-4 0.9999996 -8.16486e-4 -8.01294e-4 0.9999994 -8.33753e-4 -0.001003444 0.9999992 -8.54192e-4 -0.001242339 0.9999989 -8.78693e-4 -0.001528859 0.9999985 -5.04276e-4 -0.00123465 -0.9999991 -5.10836e-4 -0.001056194 -0.9999994 -5.16578e-4 -8.98729e-4 -0.9999995 -5.2157e-4 -7.58664e-4 -0.9999997 -5.26246e-4 -6.33289e-4 -0.9999998 -5.29743e-4 -5.19859e-4 -0.9999998 -5.33988e-4 -4.18273e-4 -0.9999998 -9.56932e-4 -0.002444982 -0.9999966 -9.10988e-4 -0.001905739 -0.9999979 -8.65225e-4 -0.001369953 -0.9999987 -8.19556e-4 -8.37171e-4 -0.9999994 -7.74399e-4 -3.08154e-4 -0.9999997 -7.28589e-4 2.18835e-4 -0.9999997 -6.8457e-4 7.40717e-4 -0.9999996 0.2897624 0.9570986 0 0.2909935 0.9567251 0 0.2899357 0.9570462 0 0.2903277 0.9569273 -2.27567e-5 0.290392 0.9569078 0 0.2910189 0.9567173 0 0.2898403 0.9570751 0 -6.09359e-4 0.001667857 0.9999985 -5.97328e-4 0.001321196 0.9999991 -5.8457e-4 9.70679e-4 0.9999994 -5.71647e-4 6.15851e-4 0.9999997 -5.58585e-4 2.56633e-4 0.9999998 -5.45343e-4 -1.07004e-4 1 -5.31926e-4 -4.75178e-4 0.9999998 -1.3233e-5 2.87775e-4 -1 -2.62617e-5 5.72763e-4 -0.9999998 -3.90879e-5 8.54976e-4 -0.9999997 -5.18662e-5 0.001134455 -0.9999994 -6.45217e-5 0.001411318 -0.9999991 -7.71344e-5 0.001685202 -0.9999986 0 0 1 0 0 1 0 0 1 0 0 1 0 0 1 0 0 1 0 0 1 0 0 1 0 0 1 0 0 1 0 0 1 0 0 1 0 0 1 0 0 1 0 0 -1 0 0 1 0 0 1 0 0 1 0 0 1 0 0 1 0 0 1 0 0 1 0 0 1 0 0 1 0 0 1 0 0 1 0 0 1 0 0 1 0 0 1 0 0 -1 0 0 -1 0 0 1 0 0 1 0 0 1 0 0 1 0 0 1 0 0 1 0 0 1 0 0 1 0 0 1 0 0 1 0 0 1 0 0 1 0 0 1 0 0 1 0 0 -1 0 0 -1 0 0 1 0 0 1 0 0 1 0 0 1 0 0 1 0 0 1 0 0 1 0 0 1 0 0 1 0 0 1 0 0 1 0 0 1 0 0 1 0 0 1 0 0 1 0 0 1 0 0 1 0 0 1 0 0 1 0 0 1 0 0 1 0 0 1 0 0 1 0 0 1 0 0 1 0 0 1 0 0 1 0 0 1 0 0 -1 0 0 1 0 0 1 0 0 1 0 0 1 0 0 1 0 0 1 0 0 1 0 0 1 0 0 1 0 0 1 0 0 1 0 0 1 0 0 1 0 0 1 0 0 1 0 0 1 0 0 1 0 0 1 0.9230496 0.3846811 0 0.951522 -0.3075808 0 0.9807702 -0.1951666 0 0.9814828 -0.1915504 0 0.9829745 -0.1837427 0 0.9997469 -0.02249854 0 0.9860859 0.1662371 0 0.9667953 0.2555523 0 0.9724694 0.2330308 0 0.9561139 0.2929953 0 0.777377 0.629035 0 0.6825302 0.7308574 0 0.720796 0.6931474 0 0.5727068 0.8197603 0 0.5373439 0.8433632 0 0.5538938 0.8325874 0 0.5276483 0.8494631 0 0.5028944 0.8643479 0 0.4892501 0.8721436 0 0.4937576 0.8695997 0 0.4339879 0.9009187 0 0.3755606 0.9267979 0 0.3762494 0.9265184 0 -0.6218318 -0.7831509 0 -0.6176825 -0.7864277 0 -0.7237132 -0.6901009 0 0 0 -1 0 0 1 0 0 1 0 0 -1 0 0 1 0 0 1 0 0 -1 0 0 1 0 0 -1 0 0 -1 0 0 -1 0 0 1 0 0 -1 0 0 1 0 0 -1 0 0 1 0 0 -1 -5.30695e-4 0.001696765 -0.9999985 -0.9746356 -0.2237981 0 -0.04057163 -0.007658123 -0.9991473 -8.19659e-4 -5.04559e-4 -0.9999995 -5.64488e-4 -0.001390039 0.9999989 0 0 -1 0 0 -1 0 0 1 0 0 -1 0 0 -1 0 0 -1 0 0 -1 0 0 -1 0 0 -1 0 0 -1 0 0 -1 0 0 -1 0 0 -1 0 0 1 0 0 -1 0 0 -1 0 0 1 0 0 1 0 0 -1 0 0 -1 -6.63879e-4 -0.03106421 -0.9995172 -0.00112158 -0.002767801 0.9999956 -0.6196262 -0.7848971 0 -0.6037669 -0.7971609 0 -0.6408945 -0.767629 0 -0.6458554 -0.7634599 1.18494e-5 -0.7130469 -0.7011164 0 -0.7200329 -0.6939399 0 -0.7896205 -0.6135956 0 -0.817401 -0.5760691 0 -0.8477703 -0.5303636 1.22329e-5 -0.8588923 -0.5121563 0 -0.821962 -0.5695425 0 -0.8422091 -0.5391511 0 -0.8618326 -0.507193 0 -0.8358997 -0.5488823 0 -0.8501855 -0.5264834 0 -0.9194482 -0.3932113 0 -0.6989761 -0.7151451 0 -0.6577183 -0.7532641 0 -0.6684319 -0.7437734 0 -0.8529083 -0.5220608 0 -0.7068218 -0.7073917 0 -0.02135699 -0.999772 0 -0.306635 -0.9518272 0 -6.63643e-4 -0.03106385 0.9995172 0.2666328 -0.9637983 0 -6.63633e-4 -0.03106647 0.9995171 -6.63613e-4 -0.0310651 0.9995172 -6.64195e-4 -0.0310651 0.9995172 -6.64209e-4 -0.03106534 0.9995172 -6.63918e-4 -0.0310654 0.9995172 -6.63919e-4 -0.03106504 0.9995172 -6.63917e-4 -0.03106462 0.9995172 -0.02137583 -0.9997715 0 -6.17054e-4 0.001008689 0.9999994 -6.87603e-4 4.79921e-4 0.9999997 -7.58644e-4 -5.25885e-5 0.9999997 -8.30948e-4 -5.89267e-4 0.9999995 -9.01994e-4 -0.001126945 0.9999991 -9.74355e-4 -0.001669466 0.9999982 -0.001047194 -0.002215564 0.9999971 -6.63624e-4 -0.03106397 -0.9995172 -6.64109e-4 -0.03106462 -0.9995172 -6.63629e-4 -0.03106415 -0.9995172 -6.63888e-4 -0.03106421 -0.9995172 -6.63988e-4 -0.03106421 -0.9995172 -6.63979e-4 -0.03106421 -0.9995172 0 0 -1 0 0 -1 0 0 -1 0 0 -1 0 0 -1 0 0 -1 0 0 -1 0 0 -1 0 0 -1 0 0 -1 0 0 -1 0 0 1 0 0 1 0 0 1 0 0 -1 0 0 -1 0 0 -1 0 0 -1 0 0 -1 0 0 -1 0 0 -1 0 0 -1 0 0 -1 0 0 -1 0 0 -1 0 0 -1 0 0 -1 0 0 1 0 0 1 0 0 -1 0 0 -1 0 0 -1 0 0 -1 0 0 -1 0 0 -1 0 0 -1 0 0 -1 0 0 -1 0 0 -1 0 0 -1 0 0 -1 0 0 -1 0 0 -1 0 0 -1 0 0 -1 0 0 -1 0 0 -1 0 0 -1 0 0 -1 0 0 -1 0 0 1 0 0 1 0 0 -1 0 0 -1 0 0 -1 0 0 -1 0 0 -1 0 0 -1 0 0 -1 0 0 -1 0 0 -1 0 0 -1 0 0 -1 0 0 -1 0 0 -1 0 0 -1 0 0 1 0 0 -1 0 0 -1 0 0 -1 0 0 -1 0 0 -1 0 0 -1 0 0 -1 0 0 -1 0 0 -1 0 0 -1 0 0 -1 0 0 -1 0 0 -1 0 0 -1 0 0 1 0 0 1 0 0 1 0 0 -1 0 0 -1 0 0 -1 0 0 -1 0 0 -1 0 0 -1 0 0 -1 0 0 -1 0 0 -1 0 0 -1 0 0 -1 0 0 -1 0 0 -1 0 0 -1 0 0 -1 0 0 -1 0 0 -1 0 0 -1 0 0 -1 0 0 -1 0 0 -1 0 0 1 0 0 1 0 0 1 0 0 -1 0 0 -1 0 0 -1 0 0 -1 0 0 -1 0 0 -1 0 0 -1 0 0 -1 0 0 -1 0 0 -1 0 0 -1 0 0 -1 0 0 -1 0 0 -1 0 0 1 -5.53445e-4 -4.29899e-4 0.9999998 -5.54518e-4 -5.28172e-4 0.9999998 -5.55699e-4 -6.36162e-4 0.9999997 -5.57536e-4 -7.56096e-4 0.9999997 -5.58458e-4 -8.87676e-4 0.9999995 -5.60087e-4 -0.001035273 0.9999994 -5.61902e-4 -0.001201093 0.9999992 -0.001051425 -0.002247691 -0.999997 -9.9771e-4 -0.001844167 -0.9999978 -9.5472e-4 -0.001517653 -0.9999984 -9.17617e-4 -0.001244425 -0.9999988 -8.87159e-4 -0.001015543 -0.9999991 -8.61044e-4 -8.20134e-4 -0.9999994 -8.38478e-4 -6.51343e-4 -0.9999995 -0.1750244 -0.3957175 -0.90154 -0.1315498 -0.2679861 -0.9543994 -0.1024536 -0.1838554 -0.9775993 -0.0822336 -0.1258285 -0.9886379 -0.06745654 -0.08374619 -0.9942014 -0.0562458 -0.05200773 -0.9970616 -0.04753112 -0.02735382 -0.9984952 0.335432 0.9420645 0 0.3351439 0.9421671 0 0.3354317 0.9420645 5.55881e-6 0.335432 0.9420644 0 0.3353296 0.942101 0 0.335432 0.9420645 0 3.23272e-6 0.001939594 0.9999982 2.78273e-6 0.00167042 0.9999986 2.34085e-6 0.001398682 0.9999991 1.87339e-6 0.001124083 0.9999994 1.41222e-6 8.47204e-4 0.9999997 9.44807e-7 5.67609e-4 0.9999999 4.74685e-7 2.8531e-4 1 -5.57435e-4 -7.92307e-4 -0.9999996 -5.53418e-4 -4.2357e-4 -0.9999998 -5.49892e-4 -5.99547e-5 -1 -5.45397e-4 3.00684e-4 -0.9999998 -5.4153e-4 6.56107e-4 -0.9999997 -5.37686e-4 0.001007258 -0.9999994 -5.33862e-4 0.001354157 -0.9999989 0 0 -1 0 0 -1 0 0 -1 0 0 -1 0 0 -1 0 0 -1 0 0 -1 0 0 1 0 0 1 0 0 1 0 0 -1 0 0 -1 0 0 -1 0 0 -1 0 0 -1 0 0 -1 0 0 -1 0 0 1 0 0 1 0 0 1 0 0 -1 0 0 -1 0 0 -1 0 0 -1 0 0 -1 0 0 -1 0 0 -1 0 0 1 0 0 1 0 0 1 0 0 -1 0 0 -1 0 0 -1 0 0 -1 0 0 -1 0 0 -1 0 0 -1 0 0 -1 0 0 -1 0 0 -1 0 0 -1 0 0 -1 0 0 -1 0 0 -1 0 0 1 0 0 1 0 0 1 0 0 1 0 0 1 0 0 1 0 0 1 0 0 -1 0 0 -1 0 0 -1 0 0 -1 0 0 -1 0 0 -1 0 0 -1 0 0 1 0 0 1 0 0 1 0 0 1 0 0 1 0 0 1 0 0 -1 0 0 -1 0 0 -1 0 0 -1 0 0 -1 0 0 -1 0 0 -1 0 0 1 0 0 1 0 0 1 0 0 1 0 0 1 0 0 1 0 0 -1 0 0 -1 0 0 -1 0 0 -1 0 0 -1 0 0 -1 0 0 -1 0 0 1 0 0 1 0 0 1 0 0 1 0 0 1 0 0 1 0 0 -1 0 0 -1 0 0 -1 0 0 -1 0 0 -1 0 0 -1 0 0 -1 0.001547813 -0.01444125 -0.9998946 0.8420675 0.5393722 0 0.833684 0.5522419 0 0.8115463 0.5842882 0 0.8222501 0.5691265 0 0.7903822 0.612614 0 0.7742433 0.6328881 0 0.7980012 0.602656 0 0.768679 0.6396349 0 0.7099829 0.7042189 0 0.6639188 0.7478048 0 0.6465229 0.7628946 0 0.6475733 0.7620033 0 0.6178908 0.786264 0 0.5103873 0.8599447 0 0.4469943 0.885386 0.1276236 0.4164733 0.909148 0 0.3807559 0.9246756 0 0.3781082 0.9257615 0 -0.5121468 -0.8588981 0 -0.6100189 -0.7923869 0 -0.6729175 -0.7397176 -2.40732e-5 0.001668632 -0.01327401 -0.9999106 -0.1639026 -0.9864766 0 -0.4110107 -0.8951494 -0.1725631 0 0 -1 0 0 -1 0 0 -1 0 0 -1 0 0 -1 0 0 1 0 0 -1 0 0 1 0 0 -1 -6.10004e-4 0.001667201 -0.9999985 0.290437 0.9568942 0 -0.9924082 0.1229883 0 -0.9136 -0.4066143 0 -0.03540056 0.006088316 -0.9993547 -7.7748e-4 -3.46083e-4 -0.9999997 -5.04285e-4 -0.00123465 0.9999991 0 0 -1 0 0 -1 0 0 -1 0 0 -1 0 0 -1 0 0 1 0 0 -1 0 0 -1 0 0 -1 0 0 -1 0 0 -1 0 0 -1 0 0 -1 0 0 -1 -0.07117748 -0.3884568 0.9187138 -9.56932e-4 -0.002444982 0.9999966 -0.6553768 -0.7553022 0 -0.7333615 -0.679839 0 -0.7963624 -0.60482 -1.15719e-5 -0.7378241 -0.6749932 0 -0.7185693 -0.6954554 0 -0.7041293 -0.7100718 0 -0.7350519 -0.6780109 0 -0.6539257 -0.7565589 0 -0.7402548 -0.6723265 0 -0.7993446 -0.6008729 0 -0.6307436 -0.7759913 7.61048e-6 -0.6397483 -0.7685846 0 -0.6860072 -0.7275948 0 -0.6289373 -0.7774562 0 -0.4968277 -0.8678492 0 -0.4317792 -0.9019795 0 0 0 -1 0.001725196 -0.01273745 -0.9999175 0.1247248 -0.9921914 0 0.001516997 -0.01439607 0.9998953 0.001508057 -0.01431214 0.9998965 0.001499295 -0.01422917 0.9998977 0.001490771 -0.0141468 0.9998989 0.001482129 -0.01406604 0.9999 0.001473665 -0.01398575 0.9999011 0.1065766 -0.9943046 0 0.07667458 -0.9970562 0 0.1247273 -0.9921911 0 0.1247031 -0.9921941 0 -6.39444e-4 0.001260101 0.999999 -6.8469e-4 7.40386e-4 0.9999996 -7.29357e-4 2.17902e-4 0.9999997 -7.74335e-4 -3.08154e-4 0.9999997 -8.19537e-4 -8.37171e-4 0.9999994 -8.65114e-4 -0.001369953 0.9999987 -9.10923e-4 -0.001905739 0.9999979 0.001691639 -0.0134598 -0.999908 0.001715838 -0.01364946 -0.9999055 0.001740157 -0.01384592 -0.9999027 0.001765787 -0.01404702 -0.9998999 0.001122474 -0.0145992 -0.9998928 0.001259326 -0.0144602 0.9998947 0 0 -1 0 0 -1 0 0 -1 0 0 -1 0 0 -1 0 0 -1 0.0227853 -0.01081305 0.9996819 0.8945114 0.4470453 0 0.0173673 0.03190785 0.99934 0 0 1 0 0 1 0 0 -1 0 0 -1 0 0 -1 0 0 -1 0 0 -1 0 0 -1 0 0 -1 0 0 -1 0 0 -1 0 0 -1 0 0 -1 0 0 -1 0 0 1 0 0 1 0 0 1 0 0 1 0 0 -1 0 0 -1 0 0 -1 0 0 -1 0 0 -1 0 0 -1 0 0 -1 0 0 -1 0 0 -1 0 0 -1 0 0 -1 0 0 -1 0 0 -1 0 0 -1 0 0 -1 0 0 -1 0 0 -1 0 0 1 0 0 -1 0 0 -1 0 0 -1 0 0 -1 0 0 -1 0 0 -1 0 0 -1 0 0 -1 0 0 -1 0 0 -1 0 0 -1 0 0 -1 0 0 -1 0 0 1 0 0 1 0 0 1 0 0 -1 0 0 -1 0 0 -1 0 0 -1 0 0 -1 0 0 -1 0 0 -1 0 0 -1 0 0 -1 0 0 -1 0 0 -1 0 0 -1 0 0 -1 0 0 -1 0 0 1 0 0 -1 0 0 -1 0 0 -1 0 0 -1 0 0 -1 0 0 -1 0 0 -1 0 0 -1 0 0 -1 0 0 -1 0 0 -1 0 0 -1 0 0 -1 0 0 -1 0 0 -1 0 0 -1 0 0 1 0 0 1 0 0 -1 0 0 -1 0 0 -1 0 0 -1 0 0 -1 0 0 -1 0 0 -1 0 0 -1 0 0 -1 0 0 -1 0 0 -1 0 0 -1 0 0 -1 0 0 -1 0 0 1 0 0 1 0 0 1 0 0 1 -5.36809e-4 -3.25032e-4 0.9999998 -5.34006e-4 -4.18273e-4 0.9999998 -5.30287e-4 -5.20419e-4 0.9999998 -5.26175e-4 -6.33288e-4 0.9999997 -5.21631e-4 -7.58673e-4 0.9999996 -5.16517e-4 -8.98729e-4 0.9999995 -5.10764e-4 -0.001056194 0.9999994 -9.08443e-4 -0.001878798 -0.9999979 -8.78613e-4 -0.001528859 -0.9999985 -8.54191e-4 -0.001242339 -0.9999989 -8.33752e-4 -0.001003444 -0.9999992 -8.16451e-4 -8.01294e-4 -0.9999994 -8.00654e-4 -6.27229e-4 -0.9999996 -7.88808e-4 -4.77622e-4 -0.9999997 -0.1160553 -0.2647327 -0.9573128 -0.09183889 -0.1828702 -0.9788382 -0.07559806 -0.1273254 -0.9889759 -0.06297814 -0.08554017 -0.9943424 -0.05360651 -0.05424422 -0.9970877 -0.04623758 -0.02972894 -0.998488 -0.04028469 -0.01003837 -0.9991378 0.2897522 0.9571018 0 0.2910431 0.9567101 0 0.2905302 0.9568659 -1.32647e-5 0.2897079 0.9571152 0 0.2904366 0.9568943 0 0.2910928 0.9566949 0 0.2897794 0.9570935 0 -8.94745e-5 0.001957058 0.9999982 -7.70644e-5 0.0016855 0.9999986 -6.45217e-5 0.001411318 0.9999991 -5.18667e-5 0.001134455 0.9999994 -3.90879e-5 8.54976e-4 0.9999997 -2.61855e-5 5.72763e-4 0.9999998 -1.31563e-5 2.87775e-4 1 -5.18349e-4 -8.47968e-4 -0.9999995 -5.3188e-4 -4.75178e-4 -0.9999998 -5.45292e-4 -1.07004e-4 -1 -5.58659e-4 2.56642e-4 -0.9999998 -5.71656e-4 6.15842e-4 -0.9999997 -5.84015e-4 9.71165e-4 -0.9999994 -5.97269e-4 0.001320838 -0.9999991 0 0 -1 0 0 -1 0 0 -1 0 0 -1 0 0 -1 0 0 -1 0 0 -1 0 0 1 0 0 -1 0 0 -1 0 0 -1 0 0 -1 0 0 -1 0 0 -1 0 0 -1 0 0 1 0 0 1 0 0 -1 0 0 -1 0 0 -1 0 0 -1 0 0 -1 0 0 -1 0 0 -1 0 0 1 0 0 1 0 0 1 0 0 1 0 0 1 0 0 1 0 0 1 0 0 1 0 0 1 0 0 1 0 0 1 0 0 -1 0 0 -1 0 0 -1 0 0 -1 0 0 -1 0 0 -1 0 0 -1 0 0 -1 0 0 -1 0 0 -1 0 0 -1 0 0 -1 0 0 -1 0 0 -1 0 0 1 0 0 1 0 0 -1 0 0 -1 0 0 -1 0 0 -1 0 0 -1 0 0 -1 0 0 -1 0 0 1 0 0 1 0 0 1 0 0 -1 0 0 -1 0 0 -1 0 0 -1 0 0 -1 0 0 -1 0 0 -1 0 0 1 0 0 1 0 0 1 0 0 1 0 0 1 0 0 1 0 0 1 0 0 1 0 0 1 0.9230494 0.3846814 0</float_array>
          <technique_common>
            <accessor source="#troncos_002-mesh-normals-array" count="1404" stride="3">
              <param name="X" type="float" />
              <param name="Y" type="float" />
              <param name="Z" type="float" />
            </accessor>
          </technique_common>
        </source>
        <source id="troncos_002-mesh-map-0">
          <float_array id="troncos_002-mesh-map-0-array" count="12264">0.1786141 0.9912366 0.173249 0.9720294 0.184523 0.9762361 0.184523 0.9762361 0.1884692 0.9932921 0.1786141 0.9912366 0.1641911 0.9863988 0.1619802 0.9665002 0.173249 0.9720294 0.1509764 0.9804602 0.1519555 0.9610085 0.1619802 0.9665002 0.1234284 0.9647641 0.120802 0.9402343 0.1370041 0.9519947 0.1398173 0.9746353 0.1370041 0.9519947 0.1519555 0.9610085 0.1057769 0.9520114 0.1055536 0.9271326 0.120802 0.9402343 0.07480031 0.9229827 0.07926714 0.8977184 0.09205073 0.9133478 0.08930766 0.9378204 0.09205073 0.9133478 0.1055536 0.9271326 0.06109142 0.9066448 0.0680564 0.8828565 0.07926714 0.8977184 0.03824591 0.8741828 0.04746776 0.8495445 0.05752837 0.8667705 0.04935812 0.8909995 0.05752837 0.8667705 0.0680564 0.8828565 0.01217722 0.821654 0.02709811 0.7960982 0.03214657 0.8176539 0.02772992 0.8560398 0.03214657 0.8176539 0.04746776 0.8495445 0.006590783 0.7981992 0.02436083 0.7653663 0.02709811 0.7960982 0.003723442 0.7394038 0.02936583 0.6945082 0.02480548 0.7401127 0.003469705 0.7657935 0.02480548 0.7401127 0.02436083 0.7653663 0.00864911 0.6922462 0.03545677 0.6682467 0.02936583 0.6945082 0.03262269 0.6003387 0.06578099 0.5646805 0.05351841 0.6041839 0.01463222 0.665041 0.05351841 0.6041839 0.03545677 0.6682467 0.04486811 0.5605214 0.07662802 0.5316359 0.06578099 0.5646805 0.07258921 0.4801263 0.1180834 0.4162151 0.09333473 0.4847499 0.05584996 0.5272091 0.09333473 0.4847499 0.07662802 0.5316359 0.1252388 0.3360405 0.1785835 0.2532587 0.1457749 0.340801 0.09743016 0.4115345 0.1457749 0.340801 0.1180834 0.4162151 0.1586652 0.2480002 0.2130774 0.1784371 0.1785835 0.2532587 0.2280826 0.1135511 0.2993277 0.03094995 0.2462181 0.1189463 0.1943614 0.1724158 0.2462181 0.1189463 0.2130774 0.1784371 0.3235335 0.2533765 0.3516006 0.1951467 0.3443026 0.2550325 0.3383132 0.12585 0.3516006 0.1951467 0.3308888 0.1937094 0.3343917 0.07984787 0.3582097 0.1258941 0.3383132 0.12585 0.8117041 0.1151463 0.82889 0.1147032 0.8291068 0.1297305 0.3100435 0.8896306 0.3249539 0.8917346 0.3094014 0.9023641 0.184523 0.9762361 0.1900742 0.9588769 0.1994467 0.9648284 0.8273912 0.1556681 0.8071282 0.1530991 0.8071321 0.1393425 0.1619802 0.9665002 0.173355 0.944873 0.1812872 0.9515937 0.1461449 0.9219241 0.1055536 0.9271326 0.1323665 0.9078678 0.1323665 0.9078678 0.09205073 0.9133478 0.1202203 0.8931021 0.8206177 0.2095846 0.7885153 0.2096202 0.7957567 0.1897739 0.1090266 0.8767899 0.0680564 0.8828565 0.09885615 0.861433 0.1202203 0.8931021 0.07926714 0.8977184 0.1090266 0.8767899 0.8031065 0.2717434 0.7686944 0.2685741 0.7748456 0.2493627 0.08019495 0.8275458 0.03214657 0.8176539 0.06383645 0.7949823 0.08957993 0.8448621 0.04746776 0.8495445 0.08019495 0.8275458 0.7870053 0.3333735 0.7442048 0.3471051 0.7562527 0.3090605 0.7715013 0.3951978 0.7349236 0.4011402 0.7393445 0.3699472 0.05931359 0.7725861 0.02436083 0.7653663 0.05690801 0.7413661 0.06124734 0.6700209 0.03545677 0.6682467 0.06766605 0.6436991 0.06766605 0.6436991 0.05351841 0.6041839 0.08475893 0.5803872 0.7669078 0.4957352 0.7382848 0.4944784 0.7351422 0.4708821 0.09618532 0.5415464 0.07662802 0.5316359 0.1061063 0.5089567 0.08475893 0.5803872 0.06578099 0.5646805 0.09618532 0.5415464 0.780431 0.6063645 0.756312 0.6118642 0.7512853 0.5836781 0.1443883 0.3958201 0.1457749 0.340801 0.1696563 0.322342 0.1217222 0.4628171 0.1180834 0.4162151 0.1443883 0.3958201 0.8016421 0.7273402 0.7882517 0.7695253 0.7758609 0.7075943 0.8268926 0.8603903 0.810507 0.9010897 0.8043776 0.8439286 0.1992956 0.237307 0.2130774 0.1784371 0.2288439 0.1660658 0.3000991 0.03023362 0.2820562 0.006773173 0.2829792 0.006552636 0.3184964 0.04335403 0.2888002 0.005039453 0.3364256 0.03231924 0.3343917 0.07984787 0.3364256 0.03231924 0.3534658 0.07703697 0.8196281 0.9650388 0.7971495 0.9988233 0.8063784 0.9533859 0.8294775 0.9146252 0.8063784 0.9533859 0.810507 0.9010897 0.2288439 0.1660658 0.2462181 0.1189463 0.2567178 0.1084676 0.1696563 0.322342 0.1785835 0.2532587 0.1992956 0.237307 0.8123832 0.7876746 0.8043776 0.8439286 0.7882517 0.7695253 0.7922339 0.6725678 0.7758609 0.7075943 0.7648029 0.6513528 0.1061063 0.5089567 0.09333473 0.4847499 0.1217222 0.4628171 0.7847601 0.6339628 0.7648029 0.6513528 0.756312 0.6118642 0.7761877 0.5736043 0.7512853 0.5836781 0.7461612 0.5501938 0.769599 0.5189281 0.7461612 0.5501938 0.7382848 0.4944784 0.05773711 0.7159849 0.02936583 0.6945082 0.06124734 0.6700209 0.7667554 0.4515818 0.7351422 0.4708821 0.7346806 0.4264488 0.7669919 0.426319 0.7346806 0.4264488 0.7349236 0.4011402 0.05690801 0.7413661 0.02480548 0.7401127 0.05773711 0.7159849 0.06383645 0.7949823 0.02709811 0.7960982 0.05931359 0.7725861 0.776193 0.3723434 0.7393445 0.3699472 0.7442048 0.3471051 0.7932813 0.3128605 0.7562527 0.3090605 0.7632257 0.2890524 0.09885615 0.861433 0.05752837 0.8667705 0.08957993 0.8448621 0.7978525 0.2916685 0.7632257 0.2890524 0.7686944 0.2685741 0.8095327 0.2512594 0.7748456 0.2493627 0.7821592 0.2295213 0.8147019 0.2304477 0.7821592 0.2295213 0.7885153 0.2096202 0.1370041 0.9519947 0.1461449 0.9219241 0.1609246 0.9345402 0.8294775 0.1915898 0.7957567 0.1897739 0.805664 0.172583 0.8288804 0.170578 0.805664 0.172583 0.8071282 0.1530991 0.1519555 0.9610085 0.1609246 0.9345402 0.173355 0.944873 0.173249 0.9720294 0.1812872 0.9515937 0.1900742 0.9588769 0.826115 0.1400306 0.8071321 0.1393425 0.8074986 0.1248596 0.8291068 0.1297305 0.8074986 0.1248596 0.8117041 0.1151463 0.7146245 0.02271294 0.747074 0.03057044 0.7540829 0.03621304 0.2567178 0.1084676 0.2993277 0.03094995 0.3000991 0.03023362 0.3443026 0.2550325 0.316099 0.3084726 0.3235335 0.2533765 0.3370122 0.3102892 0.3101414 0.3478928 0.316099 0.3084726 0.3313186 0.3497068 0.306514 0.3763626 0.3101414 0.3478928 0.306514 0.3763626 0.3242065 0.4115231 0.3028397 0.4101786 0.3028397 0.4101786 0.3189536 0.4679791 0.2974693 0.4669222 0.3189536 0.4679791 0.2954793 0.4914695 0.2974693 0.4669222 0.31744 0.491993 0.295161 0.5384994 0.2954793 0.4914695 0.3179521 0.5648851 0.295161 0.5384994 0.3172292 0.5383265 0.3210585 0.5977452 0.2956961 0.5656317 0.3179521 0.5648851 0.2991451 0.599411 0.3245866 0.6217781 0.3028203 0.6240105 0.3028203 0.6240105 0.3324896 0.6630965 0.3110027 0.6657423 0.3324896 0.6630965 0.3155492 0.6873925 0.3110027 0.6657423 0.3368932 0.684825 0.3191903 0.7095517 0.3155492 0.6873925 0.3409182 0.7071663 0.3229369 0.7308703 0.3191903 0.7095517 0.3447459 0.7283939 0.3271439 0.7527271 0.3229369 0.7308703 0.3487336 0.7504772 0.3304843 0.7747319 0.3271439 0.7527271 0.3522253 0.7726272 0.3337129 0.7972215 0.3304843 0.7747319 0.3557243 0.7950856 0.3377472 0.8160997 0.3337129 0.7972215 0.3573139 0.8375884 0.3377472 0.8160997 0.3582097 0.815512 0.3549954 0.8535238 0.3358247 0.8361356 0.3573139 0.8375884 0.3549954 0.8535238 0.3295762 0.8676431 0.3331144 0.8512181 0.3520574 0.8700003 0.3289187 0.8784523 0.3295762 0.8676431 0.3448598 0.8977554 0.3289187 0.8784523 0.3498301 0.8815452 0.2989148 0.9268002 0.3027634 0.9407055 0.291801 0.932079 0.3448598 0.8977554 0.2989148 0.9268002 0.3249539 0.8917346 0.3094014 0.9023641 0.2989148 0.9268002 0.291801 0.932079 0.1884692 0.9932921 0.2357121 0.9673197 0.2431885 0.9785288 0.2052707 0.9698393 0.2357121 0.9673197 0.1916347 0.9783027 0.2220761 0.960203 0.2440454 0.9629905 0.2052707 0.9698393 0.2400344 0.9496111 0.252443 0.9583814 0.2220761 0.960203 0.2582429 0.9381389 0.2607018 0.9534492 0.2400344 0.9496111 0.2582429 0.9381389 0.2766954 0.942975 0.2687736 0.9482702 0.2760125 0.9261314 0.2843769 0.9375494 0.2766954 0.942975 0.2930793 0.9140649 0.291801 0.932079 0.2843769 0.9375494 0.2440454 0.9629905 0.2431885 0.9785288 0.2357121 0.9673197 0.252443 0.9583814 0.2528373 0.9736371 0.2440454 0.9629905 0.2607018 0.9534492 0.2618511 0.9685309 0.252443 0.9583814 0.2687736 0.9482702 0.2705031 0.9632576 0.2607018 0.9534492 0.2766954 0.942975 0.2788946 0.9578377 0.2687736 0.9482702 0.2843769 0.9375494 0.2870765 0.9522828 0.2766954 0.942975 0.291801 0.932079 0.295042 0.9465829 0.2843769 0.9375494 0.3184964 0.04335403 0.3047177 0.02691477 0.3057155 0.02713614 0.3109285 0.05235528 0.3039513 0.02710127 0.3047177 0.02691477 0.3028897 0.06104868 0.3031756 0.02755558 0.3039513 0.02710127 0.2944127 0.06993544 0.3023908 0.02815324 0.3031756 0.02755558 0.2855058 0.07917398 0.3016188 0.02882152 0.3023908 0.02815324 0.2762147 0.08872246 0.3008589 0.02952098 0.3016188 0.02882152 0.266602 0.09850269 0.3000991 0.03023362 0.3008589 0.02952098 0.8125664 0.1015617 0.8031451 0.07571089 0.82889 0.1147032 0.7962427 0.08842027 0.7961362 0.07006835 0.8125664 0.1015617 0.7799191 0.07527881 0.7891273 0.06442582 0.7962427 0.08842027 0.7635954 0.06213736 0.7821185 0.05878329 0.7799191 0.07527881 0.7635954 0.06213736 0.7681007 0.04749816 0.7751095 0.05314069 0.7472718 0.04899591 0.7610917 0.04185563 0.7681007 0.04749816 0.7309481 0.03585445 0.7540829 0.03621304 0.7610917 0.04185563 0.6898855 0.01305741 0.6958007 0.0338338 0.6771844 0.01866281 0.7072882 0.02764153 0.714417 0.04900479 0.6958007 0.0338338 0.7246908 0.04222565 0.7330334 0.06417578 0.714417 0.04900479 0.7594962 0.07139396 0.7330334 0.06417578 0.7420935 0.05680984 0.7768988 0.08597809 0.7516497 0.07934671 0.7594962 0.07139396 0.7943015 0.1005622 0.770266 0.09451764 0.7768988 0.08597809 0.8117041 0.1151463 0.7888823 0.1096887 0.7943015 0.1005622 0.6771844 0.01866281 0.6855773 0.04138863 0.6653182 0.02506297 0.714417 0.04900479 0.6855773 0.04138863 0.6958007 0.0338338 0.7330334 0.06417578 0.7058365 0.05771422 0.714417 0.04900479 0.7516497 0.07934671 0.7260956 0.07403993 0.7330334 0.06417578 0.770266 0.09451764 0.7463548 0.09036558 0.7516497 0.07934671 0.7888823 0.1096887 0.7666138 0.1066912 0.770266 0.09451764 0.8074986 0.1248596 0.7868729 0.1230168 0.7888823 0.1096887 0.3295762 0.8676431 0.3099424 0.8661496 0.3331144 0.8512181 0.3076936 0.8800874 0.2876596 0.8801184 0.3099424 0.8661496 0.2879517 0.8931291 0.2661107 0.8945044 0.2876596 0.8801184 0.2683753 0.9066201 0.2445779 0.9090564 0.2661107 0.8945044 0.2485216 0.9202108 0.2230017 0.923471 0.2445779 0.9090564 0.228507 0.9335355 0.2017176 0.9375755 0.2230017 0.923471 0.2087685 0.9463577 0.1812872 0.9515937 0.2017176 0.9375755 0.3358247 0.8361356 0.3128315 0.8326181 0.3377472 0.8160997 0.3119661 0.8522917 0.2867806 0.8497315 0.3128315 0.8326181 0.2879136 0.8677716 0.2609504 0.8666644 0.2867806 0.8497315 0.264494 0.8831325 0.23548 0.8836236 0.2609504 0.8666644 0.241335 0.8986977 0.2102363 0.9005939 0.23548 0.8836236 0.2182482 0.9142063 0.1853089 0.9175044 0.2102363 0.9005939 0.1954539 0.9295248 0.1609246 0.9345402 0.1853089 0.9175044 0.6548635 0.03074669 0.6627833 0.05854201 0.6389699 0.03953522 0.6983677 0.06570452 0.6627833 0.05854201 0.6766157 0.04822564 0.7201198 0.08318346 0.6865968 0.07754886 0.6983677 0.06570452 0.7418719 0.1006624 0.7104102 0.0965557 0.7201198 0.08318346 0.763624 0.1181413 0.7342237 0.1155626 0.7418719 0.1006624 0.7853761 0.1356202 0.7580371 0.1345694 0.763624 0.1181413 0.8071282 0.1530991 0.7818506 0.1535762 0.7853761 0.1356202 0.6389699 0.03953522 0.6465906 0.07090961 0.6217296 0.05109888 0.6865968 0.07754886 0.6465906 0.07090961 0.6627833 0.05854201 0.7104102 0.0965557 0.6714515 0.09072029 0.6865968 0.07754886 0.7342237 0.1155626 0.6963126 0.110531 0.7104102 0.0965557 0.7580371 0.1345694 0.7211735 0.1303418 0.7342237 0.1155626 0.7818506 0.1535762 0.7460346 0.1501525 0.7580371 0.1345694 0.805664 0.172583 0.7708956 0.1699633 0.7818506 0.1535762 0.3377472 0.8160997 0.3051219 0.8146224 0.3337129 0.7972215 0.3128315 0.8326181 0.2778829 0.8325746 0.3051219 0.8146224 0.2867806 0.8497315 0.2509136 0.85044 0.2778829 0.8325746 0.2609504 0.8666644 0.2242656 0.8682731 0.2509136 0.85044 0.23548 0.8836236 0.1978989 0.8861045 0.2242656 0.8682731 0.2102363 0.9005939 0.1718399 0.9039428 0.1978989 0.8861045 0.1853089 0.9175044 0.1461449 0.9219241 0.1718399 0.9039428 0.6313965 0.08465492 0.5905458 0.07735419 0.6052101 0.06382739 0.6575829 0.1054825 0.617919 0.0990923 0.6313965 0.08465492 0.6837694 0.12631 0.6452924 0.1208305 0.6575829 0.1054825 0.7099558 0.1471375 0.6726657 0.1425687 0.6837694 0.12631 0.7361422 0.1679651 0.700039 0.1643068 0.7099558 0.1471375 0.7623288 0.1887927 0.7274124 0.186045 0.7361422 0.1679651 0.7885153 0.2096202 0.7547858 0.2077832 0.7623288 0.1887927 0.617919 0.0990923 0.5770202 0.0926972 0.5905458 0.07735419 0.6452924 0.1208305 0.6052808 0.115078 0.617919 0.0990923 0.6726657 0.1425687 0.6335416 0.1374588 0.6452924 0.1208305 0.700039 0.1643068 0.6618022 0.1598396 0.6726657 0.1425687 0.7274124 0.186045 0.6900631 0.1822203 0.700039 0.1643068 0.7547858 0.2077832 0.7183238 0.2046012 0.7274124 0.186045 0.7821592 0.2295213 0.7465847 0.2269819 0.7547858 0.2077832 0.5937461 0.1300066 0.5528388 0.1223941 0.5645882 0.1069121 0.622904 0.1531012 0.5828939 0.1462024 0.5937461 0.1300066 0.652062 0.1761958 0.612949 0.1700108 0.622904 0.1531012 0.6812199 0.1992903 0.6430042 0.1938191 0.652062 0.1761958 0.710378 0.222385 0.6730595 0.2176274 0.6812199 0.1992903 0.7395361 0.2454795 0.7031147 0.2414358 0.710378 0.222385 0.7686944 0.2685741 0.7331701 0.2652443 0.7395361 0.2454795 0.3191903 0.7095517 0.2827606 0.7106191 0.3155492 0.6873925 0.2866756 0.7321329 0.2497639 0.7336049 0.2827606 0.7106191 0.2545192 0.7541841 0.2171033 0.7562886 0.2497639 0.7336049 0.2227714 0.7759515 0.184825 0.778723 0.2171033 0.7562886 0.1914175 0.7975048 0.1528974 0.8009474 0.184825 0.778723 0.1603991 0.8188999 0.1212255 0.822983 0.1528974 0.8009474 0.1296074 0.8401811 0.08957993 0.8448621 0.1212255 0.822983 0.5828939 0.1462024 0.540987 0.1388676 0.5528388 0.1223941 0.612949 0.1700108 0.5717389 0.1631808 0.5828939 0.1462024 0.6430042 0.1938191 0.602491 0.187494 0.612949 0.1700108 0.6730595 0.2176274 0.6332432 0.2118074 0.6430042 0.1938191 0.7031147 0.2414358 0.6639953 0.2361207 0.6730595 0.2176274 0.7331701 0.2652443 0.6947476 0.260434 0.7031147 0.2414358 0.7632257 0.2890524 0.7255001 0.2847474 0.7331701 0.2652443 0.5522813 0.1956711 0.5142564 0.1931872 0.5202946 0.1704323 0.5842682 0.2209101 0.5464113 0.2184385 0.5522813 0.1956711 0.6162551 0.2461491 0.5785664 0.2436899 0.5842682 0.2209101 0.6482422 0.2713882 0.6107214 0.2689414 0.6162551 0.2461491 0.6802294 0.2966272 0.6428767 0.294193 0.6482422 0.2713882 0.712217 0.3218663 0.6750322 0.3194445 0.6802294 0.2966272 0.7442048 0.3471051 0.7071881 0.344696 0.712217 0.3218663 0.3028203 0.6240105 0.2635833 0.6251858 0.2991451 0.599411 0.2672694 0.6493406 0.2285097 0.6504697 0.2635833 0.6251858 0.2323533 0.6743267 0.1938732 0.6754563 0.2285097 0.6504697 0.1978542 0.6990423 0.1596287 0.7001627 0.1938732 0.6754563 0.1637375 0.723474 0.125781 0.7245882 0.1596287 0.7001627 0.1300122 0.7476231 0.09232687 0.7487303 0.125781 0.7245882 0.0966826 0.77148 0.05931359 0.7725861 0.09232687 0.7487303 0.2956961 0.5656317 0.2609212 0.5652021 0.295161 0.5384994 0.2604101 0.5920646 0.226301 0.5911619 0.2609212 0.5652021 0.2255704 0.6177442 0.1918826 0.6166954 0.226301 0.5911619 0.1910835 0.6430263 0.1577572 0.6419112 0.1918826 0.6166954 0.1569579 0.6680172 0.1239771 0.6668744 0.1577572 0.6419112 0.1232171 0.6927459 0.09061032 0.6915988 0.1239771 0.6668744 0.08989512 0.7171912 0.05773711 0.7159849 0.09061032 0.6915988 0.5425273 0.250059 0.5101829 0.2505034 0.5104622 0.224879 0.5745925 0.2752391 0.5422528 0.2756382 0.5425273 0.250059 0.6066579 0.3004192 0.5743229 0.3007731 0.5745925 0.2752391 0.6387235 0.3255996 0.6063933 0.3259082 0.6066579 0.3004192 0.6707895 0.3507801 0.638464 0.3510436 0.6387235 0.3255996 0.7028562 0.3759603 0.6705352 0.3761789 0.6707895 0.3507801 0.7349236 0.4011402 0.7026073 0.4013141 0.7028562 0.3759603 0.5422528 0.2756382 0.51284 0.2968894 0.5101829 0.2505034 0.5743229 0.3007731 0.5445954 0.321745 0.5422528 0.2756382 0.6063933 0.3259082 0.5763509 0.3466008 0.5743229 0.3007731 0.638464 0.3510436 0.6081069 0.3714569 0.6063933 0.3259082 0.6705352 0.3761789 0.6398633 0.3963134 0.638464 0.3510436 0.7026073 0.4013141 0.6716209 0.4211701 0.6705352 0.3761789 0.7346806 0.4264488 0.7033802 0.4460267 0.7026073 0.4013141 0.295161 0.5384994 0.2618317 0.5180421 0.2954793 0.4914695 0.2609212 0.5652021 0.2281464 0.5441293 0.2618317 0.5180421 0.226301 0.5911619 0.1943703 0.5698227 0.2281464 0.5441293 0.1918826 0.6166954 0.1606894 0.595188 0.1943703 0.5698227 0.1577572 0.6419112 0.1272092 0.6203004 0.1606894 0.595188 0.1239771 0.6668744 0.0940206 0.6452221 0.1272092 0.6203004 0.09061032 0.6915988 0.06124734 0.6700209 0.0940206 0.6452221 0.550462 0.3477525 0.5361195 0.3862466 0.5191617 0.323299 0.5817627 0.3722064 0.5661188 0.4096658 0.550462 0.3477525 0.6130637 0.3966606 0.5961184 0.4330858 0.5817627 0.3722064 0.6443654 0.4211151 0.626119 0.456507 0.6130637 0.3966606 0.6756689 0.4455703 0.6561217 0.4799295 0.6443654 0.4211151 0.7069749 0.470025 0.6861283 0.5033524 0.6756689 0.4455703 0.7382848 0.4944784 0.7161408 0.5267748 0.7069749 0.470025 0.5661188 0.4096658 0.5474935 0.4247149 0.5361195 0.3862466 0.5961184 0.4330858 0.5765949 0.4474211 0.5661188 0.4096658 0.626119 0.456507 0.605697 0.4701293 0.5961184 0.4330858 0.6561217 0.4799295 0.6348009 0.4928393 0.626119 0.456507 0.6861283 0.5033524 0.6639086 0.5155511 0.6561217 0.4799295 0.7161408 0.5267748 0.693023 0.5382639 0.6861283 0.5033524 0.7461612 0.5501938 0.722148 0.5609745 0.7161408 0.5267748 0.5858809 0.4790229 0.5734108 0.5023518 0.5574981 0.4568856 0.6142652 0.5011625 0.6007162 0.5236374 0.5858809 0.4790229 0.6426524 0.5233049 0.6280242 0.5449268 0.6142652 0.5011625 0.6710458 0.54545 0.6553393 0.566221 0.6426524 0.5233049 0.6994507 0.5675958 0.6826699 0.5875191 0.6710458 0.54545 0.7278738 0.5897373 0.7100282 0.6088158 0.6994507 0.5675958 0.756312 0.6118642 0.7374069 0.6300976 0.7278738 0.5897373 0.3101414 0.3478928 0.2891289 0.3305514 0.316099 0.3084726 0.2815677 0.3710946 0.2617591 0.3526807 0.2891289 0.3305514 0.252778 0.3941741 0.2341456 0.3747514 0.2617591 0.3526807 0.2237907 0.4172303 0.2063152 0.3967933 0.2341456 0.3747514 0.1945713 0.4402637 0.1782655 0.4188257 0.2063152 0.3967933 0.1651637 0.4632421 0.1500411 0.4408418 0.1782655 0.4188257 0.1356511 0.4861415 0.1217222 0.4628171 0.1500411 0.4408418 0.6007162 0.5236374 0.5970315 0.5687344 0.5734108 0.5023518 0.6280242 0.5449268 0.6224989 0.5885694 0.6007162 0.5236374 0.6553393 0.566221 0.647979 0.6084152 0.6280242 0.5449268 0.6826699 0.5875191 0.6734853 0.6282714 0.6553393 0.566221 0.7100282 0.6088158 0.6990363 0.6481359 0.6826699 0.5875191 0.7374069 0.6300976 0.7246087 0.6679836 0.7100282 0.6088158 0.7648029 0.6513528 0.7502034 0.687804 0.7374069 0.6300976 0.6470697 0.6603575 0.6557047 0.7290514 0.6237355 0.6421802 0.6704493 0.6785612 0.6765867 0.7454035 0.6470697 0.6603575 0.6938994 0.6967898 0.6975842 0.7618216 0.6704493 0.6785612 0.7173525 0.7149906 0.7184939 0.7781558 0.6938994 0.6967898 0.7408336 0.733169 0.7394684 0.794491 0.7173525 0.7149906 0.7644319 0.7513465 0.7606956 0.8109012 0.7408336 0.733169 0.7882517 0.7695253 0.7823106 0.8273979 0.7644319 0.7513465 0.3308888 0.1937094 0.3195117 0.1415472 0.3383132 0.12585 0.3084977 0.2121927 0.3002488 0.1574198 0.3195117 0.1415472 0.2858228 0.230588 0.2805471 0.173343 0.3002488 0.1574198 0.2629304 0.2489514 0.2604958 0.189325 0.2805471 0.173343 0.2398436 0.2673161 0.2401862 0.2053537 0.2604958 0.189325 0.2166087 0.2856661 0.2197344 0.2213814 0.2401862 0.2053537 0.1932416 0.3039894 0.1992956 0.237307 0.2197344 0.2213814 0.3343917 0.07984787 0.3109285 0.05235528 0.3184964 0.04335403 0.3202201 0.09201556 0.3028897 0.06104868 0.3109285 0.05235528 0.3059703 0.1040361 0.2944127 0.06993544 0.3028897 0.06104868 0.291288 0.1161524 0.2855058 0.07917398 0.2944127 0.06993544 0.276179 0.1284173 0.2762147 0.08872246 0.2855058 0.07917398 0.2606947 0.1408313 0.266602 0.09850269 0.2762147 0.08872246 0.2448945 0.1533849 0.2567178 0.1084676 0.266602 0.09850269 0.7068784 0.8198336 0.7244411 0.8720468 0.6902123 0.8062775 0.7231843 0.8330929 0.7345618 0.8829209 0.7068784 0.8198336 0.7396916 0.8464402 0.7453334 0.8943068 0.7231843 0.8330929 0.7566254 0.8599757 0.7566602 0.9059807 0.7396916 0.8464402 0.7740685 0.8736611 0.7684805 0.9178143 0.7566254 0.8599757 0.7920344 0.8874028 0.7807439 0.9297101 0.7740685 0.8736611 0.810507 0.9010897 0.7933967 0.9415898 0.7920344 0.8874028 0.7345618 0.8829209 0.7766496 0.9738332 0.7244411 0.8720468 0.7453334 0.8943068 0.7819679 0.9800888 0.7345618 0.8829209 0.7566602 0.9059807 0.7865375 0.9855698 0.7453334 0.8943068 0.7684805 0.9178143 0.790255 0.9901216 0.7566602 0.9059807 0.7807439 0.9297101 0.7930768 0.9936403 0.7684805 0.9178143 0.7933967 0.9415898 0.7950587 0.9961473 0.7807439 0.9297101 0.8063784 0.9533859 0.7963493 0.997795 0.7933967 0.9415898 0.3047177 0.02691477 0.2888002 0.005039453 0.3057155 0.02713614 0.3039513 0.02710127 0.2879865 0.005275428 0.3047177 0.02691477 0.3039513 0.02710127 0.2863464 0.005718708 0.2871702 0.005500614 0.3023908 0.02815324 0.2863464 0.005718708 0.3031756 0.02755558 0.3016188 0.02882152 0.2855148 0.00593245 0.3023908 0.02815324 0.3008589 0.02952098 0.284676 0.006142497 0.3016188 0.02882152 0.3000991 0.03023362 0.2838305 0.006349325 0.3008589 0.02952098 0.3383132 0.12585 0.3202201 0.09201556 0.3343917 0.07984787 0.3195117 0.1415472 0.3059703 0.1040361 0.3202201 0.09201556 0.3002488 0.1574198 0.291288 0.1161524 0.3059703 0.1040361 0.2805471 0.173343 0.276179 0.1284173 0.291288 0.1161524 0.2604958 0.189325 0.2606947 0.1408313 0.276179 0.1284173 0.2401862 0.2053537 0.2448945 0.1533849 0.2606947 0.1408313 0.2197344 0.2213814 0.2288439 0.1660658 0.2448945 0.1533849 0.6765867 0.7454035 0.6902123 0.8062775 0.6557047 0.7290514 0.6975842 0.7618216 0.7068784 0.8198336 0.6765867 0.7454035 0.7184939 0.7781558 0.7231843 0.8330929 0.6975842 0.7618216 0.7394684 0.794491 0.7396916 0.8464402 0.7184939 0.7781558 0.7606956 0.8109012 0.7566254 0.8599757 0.7394684 0.794491 0.7823106 0.8273979 0.7740685 0.8736611 0.7606956 0.8109012 0.8043776 0.8439286 0.7920344 0.8874028 0.7823106 0.8273979 0.6224989 0.5885694 0.6237355 0.6421802 0.5970315 0.5687344 0.647979 0.6084152 0.6470697 0.6603575 0.6224989 0.5885694 0.6734853 0.6282714 0.6704493 0.6785612 0.647979 0.6084152 0.6990363 0.6481359 0.6938994 0.6967898 0.6734853 0.6282714 0.7246087 0.6679836 0.7173525 0.7149906 0.6990363 0.6481359 0.7502034 0.687804 0.7408336 0.733169 0.7246087 0.6679836 0.7758609 0.7075943 0.7644319 0.7513465 0.7502034 0.687804 0.316099 0.3084726 0.2985078 0.2737084 0.3235335 0.2533765 0.2891289 0.3305514 0.2733536 0.2940239 0.2985078 0.2737084 0.2617591 0.3526807 0.2479632 0.3143749 0.2733536 0.2940239 0.2341456 0.3747514 0.2223756 0.3347208 0.2479632 0.3143749 0.2063152 0.3967933 0.1965957 0.3550593 0.2223756 0.3347208 0.1782655 0.4188257 0.1705936 0.3754201 0.1965957 0.3550593 0.1500411 0.4408418 0.1443883 0.3958201 0.1705936 0.3754201 0.3235335 0.2533765 0.3084977 0.2121927 0.3308888 0.1937094 0.2985078 0.2737084 0.2858228 0.230588 0.3084977 0.2121927 0.2733536 0.2940239 0.2629304 0.2489514 0.2858228 0.230588 0.2479632 0.3143749 0.2398436 0.2673161 0.2629304 0.2489514 0.2223756 0.3347208 0.2166087 0.2856661 0.2398436 0.2673161 0.1965957 0.3550593 0.1932416 0.3039894 0.2166087 0.2856661 0.1705936 0.3754201 0.1696563 0.322342 0.1932416 0.3039894 0.5765949 0.4474211 0.5574981 0.4568856 0.5474935 0.4247149 0.605697 0.4701293 0.5858809 0.4790229 0.5765949 0.4474211 0.6348009 0.4928393 0.6142652 0.5011625 0.605697 0.4701293 0.6639086 0.5155511 0.6426524 0.5233049 0.6348009 0.4928393 0.693023 0.5382639 0.6710458 0.54545 0.6639086 0.5155511 0.722148 0.5609745 0.6994507 0.5675958 0.693023 0.5382639 0.7512853 0.5836781 0.7278738 0.5897373 0.722148 0.5609745 0.3028397 0.4101786 0.2769897 0.4001423 0.306514 0.3763626 0.2723949 0.4347972 0.2473313 0.4238959 0.2769897 0.4001423 0.2415524 0.459462 0.2174017 0.4476392 0.2473313 0.4238959 0.2103733 0.4839975 0.1872298 0.4713016 0.2174017 0.4476392 0.1790041 0.50836 0.1569114 0.4948493 0.1872298 0.4713016 0.1475605 0.532536 0.1265372 0.5182701 0.1569114 0.4948493 0.1161336 0.5565308 0.09618532 0.5415464 0.1265372 0.5182701 0.306514 0.3763626 0.2815677 0.3710946 0.3101414 0.3478928 0.2769897 0.4001423 0.252778 0.3941741 0.2815677 0.3710946 0.2473313 0.4238959 0.2237907 0.4172303 0.252778 0.3941741 0.2174017 0.4476392 0.1945713 0.4402637 0.2237907 0.4172303 0.1872298 0.4713016 0.1651637 0.4632421 0.1945713 0.4402637 0.1569114 0.4948493 0.1356511 0.4861415 0.1651637 0.4632421 0.1265372 0.5182701 0.1061063 0.5089567 0.1356511 0.4861415 0.5445954 0.321745 0.5191617 0.323299 0.51284 0.2968894 0.5763509 0.3466008 0.550462 0.3477525 0.5445954 0.321745 0.6081069 0.3714569 0.5817627 0.3722064 0.5763509 0.3466008 0.6398633 0.3963134 0.6130637 0.3966606 0.6081069 0.3714569 0.6716209 0.4211701 0.6443654 0.4211151 0.6398633 0.3963134 0.7033802 0.4460267 0.6756689 0.4455703 0.6716209 0.4211701 0.7351422 0.4708821 0.7069749 0.470025 0.7033802 0.4460267 0.2974693 0.4669222 0.2723949 0.4347972 0.3028397 0.4101786 0.265067 0.4931431 0.2415524 0.459462 0.2723949 0.4347972 0.2321419 0.5188968 0.2103733 0.4839975 0.2415524 0.459462 0.1990593 0.5443556 0.1790041 0.50836 0.2103733 0.4839975 0.1659626 0.5695067 0.1475605 0.532536 0.1790041 0.50836 0.132972 0.594405 0.1161336 0.5565308 0.1475605 0.532536 0.1001716 0.6191161 0.08475893 0.5803872 0.1161336 0.5565308 0.2954793 0.4914695 0.265067 0.4931431 0.2974693 0.4669222 0.2618317 0.5180421 0.2321419 0.5188968 0.265067 0.4931431 0.2281464 0.5441293 0.1990593 0.5443556 0.2321419 0.5188968 0.1943703 0.5698227 0.1659626 0.5695067 0.1990593 0.5443556 0.1606894 0.595188 0.132972 0.594405 0.1659626 0.5695067 0.1272092 0.6203004 0.1001716 0.6191161 0.132972 0.594405 0.0940206 0.6452221 0.06766605 0.6436991 0.1001716 0.6191161 0.2991451 0.599411 0.2604101 0.5920646 0.2956961 0.5656317 0.2635833 0.6251858 0.2255704 0.6177442 0.2604101 0.5920646 0.2285097 0.6504697 0.1910835 0.6430263 0.2255704 0.6177442 0.1938732 0.6754563 0.1569579 0.6680172 0.1910835 0.6430263 0.1596287 0.7001627 0.1232171 0.6927459 0.1569579 0.6680172 0.125781 0.7245882 0.08989512 0.7171912 0.1232171 0.6927459 0.09232687 0.7487303 0.05690801 0.7413661 0.08989512 0.7171912 0.5464113 0.2184385 0.5104622 0.224879 0.5142564 0.1931872 0.5785664 0.2436899 0.5425273 0.250059 0.5464113 0.2184385 0.6107214 0.2689414 0.5745925 0.2752391 0.5785664 0.2436899 0.6428767 0.294193 0.6066579 0.3004192 0.6107214 0.2689414 0.6750322 0.3194445 0.6387235 0.3255996 0.6428767 0.294193 0.7071881 0.344696 0.6707895 0.3507801 0.6750322 0.3194445 0.7393445 0.3699472 0.7028562 0.3759603 0.7071881 0.344696 0.5717389 0.1631808 0.5202946 0.1704323 0.540987 0.1388676 0.602491 0.187494 0.5522813 0.1956711 0.5717389 0.1631808 0.6332432 0.2118074 0.5842682 0.2209101 0.602491 0.187494 0.6639953 0.2361207 0.6162551 0.2461491 0.6332432 0.2118074 0.6947476 0.260434 0.6482422 0.2713882 0.6639953 0.2361207 0.7255001 0.2847474 0.6802294 0.2966272 0.6947476 0.260434 0.7562527 0.3090605 0.712217 0.3218663 0.7255001 0.2847474 0.3155492 0.6873925 0.2770467 0.6894912 0.3110027 0.6657423 0.2827606 0.7106191 0.2434519 0.7131924 0.2770467 0.6894912 0.2497639 0.7336049 0.2101391 0.7365855 0.2434519 0.7131924 0.2171033 0.7562886 0.1771909 0.7597114 0.2101391 0.7365855 0.184825 0.778723 0.1446062 0.7825929 0.1771909 0.7597114 0.1528974 0.8009474 0.1123305 0.8052271 0.1446062 0.7825929 0.1212255 0.822983 0.08019495 0.8275458 0.1123305 0.8052271 0.3110027 0.6657423 0.2672694 0.6493406 0.3028203 0.6240105 0.2770467 0.6894912 0.2323533 0.6743267 0.2672694 0.6493406 0.2434519 0.7131924 0.1978542 0.6990423 0.2323533 0.6743267 0.2101391 0.7365855 0.1637375 0.723474 0.1978542 0.6990423 0.1771909 0.7597114 0.1300122 0.7476231 0.1637375 0.723474 0.1446062 0.7825929 0.0966826 0.77148 0.1300122 0.7476231 0.1123305 0.8052271 0.06383645 0.7949823 0.0966826 0.77148 0.6052808 0.115078 0.5645882 0.1069121 0.5770202 0.0926972 0.6335416 0.1374588 0.5937461 0.1300066 0.6052808 0.115078 0.6618022 0.1598396 0.622904 0.1531012 0.6335416 0.1374588 0.6900631 0.1822203 0.652062 0.1761958 0.6618022 0.1598396 0.7183238 0.2046012 0.6812199 0.1992903 0.6900631 0.1822203 0.7465847 0.2269819 0.710378 0.222385 0.7183238 0.2046012 0.7748456 0.2493627 0.7395361 0.2454795 0.7465847 0.2269819 0.3271439 0.7527271 0.2911381 0.75234 0.3229369 0.7308703 0.2965431 0.7732886 0.2598977 0.7734705 0.2911381 0.75234 0.2661617 0.7934793 0.2290826 0.7943273 0.2598977 0.7734705 0.2363071 0.8134928 0.1986764 0.8150267 0.2290826 0.7943273 0.2068654 0.8334164 0.1685965 0.8356209 0.1986764 0.8150267 0.1777423 0.8532799 0.138749 0.8561667 0.1685965 0.8356209 0.1488784 0.8731419 0.1090266 0.8767899 0.138749 0.8561667 0.3229369 0.7308703 0.2866756 0.7321329 0.3191903 0.7095517 0.2911381 0.75234 0.2545192 0.7541841 0.2866756 0.7321329 0.2598977 0.7734705 0.2227714 0.7759515 0.2545192 0.7541841 0.2290826 0.7943273 0.1914175 0.7975048 0.2227714 0.7759515 0.1986764 0.8150267 0.1603991 0.8188999 0.1914175 0.7975048 0.1685965 0.8356209 0.1296074 0.8401811 0.1603991 0.8188999 0.138749 0.8561667 0.09885615 0.861433 0.1296074 0.8401811 0.6465906 0.07090961 0.6052101 0.06382739 0.6217296 0.05109888 0.6714515 0.09072029 0.6313965 0.08465492 0.6465906 0.07090961 0.6963126 0.110531 0.6575829 0.1054825 0.6714515 0.09072029 0.7211735 0.1303418 0.6837694 0.12631 0.6963126 0.110531 0.7460346 0.1501525 0.7099558 0.1471375 0.7211735 0.1303418 0.7708956 0.1699633 0.7361422 0.1679651 0.7460346 0.1501525 0.7957567 0.1897739 0.7623288 0.1887927 0.7708956 0.1699633 0.3304843 0.7747319 0.2965431 0.7732886 0.3271439 0.7527271 0.300612 0.7941424 0.2661617 0.7934793 0.2965431 0.7732886 0.2715611 0.8131142 0.2363071 0.8134928 0.2661617 0.7934793 0.2430807 0.8320952 0.2068654 0.8334164 0.2363071 0.8134928 0.2149574 0.8510158 0.1777423 0.8532799 0.2068654 0.8334164 0.1871382 0.869911 0.1488784 0.8731419 0.1777423 0.8532799 0.1596053 0.8888258 0.1202203 0.8931021 0.1488784 0.8731419 0.3337129 0.7972215 0.300612 0.7941424 0.3304843 0.7747319 0.3051219 0.8146224 0.2715611 0.8131142 0.300612 0.7941424 0.2778829 0.8325746 0.2430807 0.8320952 0.2715611 0.8131142 0.2509136 0.85044 0.2149574 0.8510158 0.2430807 0.8320952 0.2242656 0.8682731 0.1871382 0.869911 0.2149574 0.8510158 0.1978989 0.8861045 0.1596053 0.8888258 0.1871382 0.869911 0.1718399 0.9039428 0.1323665 0.9078678 0.1596053 0.8888258 0.3331144 0.8512181 0.3119661 0.8522917 0.3358247 0.8361356 0.3099424 0.8661496 0.2879136 0.8677716 0.3119661 0.8522917 0.2876596 0.8801184 0.264494 0.8831325 0.2879136 0.8677716 0.2661107 0.8945044 0.241335 0.8986977 0.264494 0.8831325 0.2445779 0.9090564 0.2182482 0.9142063 0.241335 0.8986977 0.2230017 0.923471 0.1954539 0.9295248 0.2182482 0.9142063 0.2017176 0.9375755 0.173355 0.944873 0.1954539 0.9295248 0.6653182 0.02506297 0.6766157 0.04822564 0.6548635 0.03074669 0.7058365 0.05771422 0.6766157 0.04822564 0.6855773 0.04138863 0.7260956 0.07403993 0.6983677 0.06570452 0.7058365 0.05771422 0.7463548 0.09036558 0.7201198 0.08318346 0.7260956 0.07403993 0.7666138 0.1066912 0.7418719 0.1006624 0.7463548 0.09036558 0.7868729 0.1230168 0.763624 0.1181413 0.7666138 0.1066912 0.8071321 0.1393425 0.7853761 0.1356202 0.7868729 0.1230168 0.3289187 0.8784523 0.3076936 0.8800874 0.3295762 0.8676431 0.3100435 0.8896306 0.2879517 0.8931291 0.3076936 0.8800874 0.2921829 0.9022579 0.2683753 0.9066201 0.2879517 0.8931291 0.2740148 0.9153944 0.2485216 0.9202108 0.2683753 0.9066201 0.255314 0.928613 0.228507 0.9335355 0.2485216 0.9202108 0.217377 0.9536063 0.228507 0.9335355 0.2362291 0.9414713 0.1994467 0.9648284 0.2087685 0.9463577 0.217377 0.9536063 0.1916347 0.9783027 0.1994467 0.9648284 0.2052707 0.9698393 0.1994467 0.9648284 0.2220761 0.960203 0.2052707 0.9698393 0.217377 0.9536063 0.2400344 0.9496111 0.2220761 0.960203 0.2362291 0.9414713 0.2582429 0.9381389 0.2400344 0.9496111 0.255314 0.928613 0.2760125 0.9261314 0.2582429 0.9381389 0.2740148 0.9153944 0.2930793 0.9140649 0.2760125 0.9261314 0.2921829 0.9022579 0.3094014 0.9023641 0.2930793 0.9140649 0.6983008 0.009571552 0.7072882 0.02764153 0.6898855 0.01305741 0.7072882 0.02764153 0.7309481 0.03585445 0.7246908 0.04222565 0.7246908 0.04222565 0.7472718 0.04899591 0.7420935 0.05680984 0.7420935 0.05680984 0.7635954 0.06213736 0.7594962 0.07139396 0.7594962 0.07139396 0.7799191 0.07527881 0.7768988 0.08597809 0.7768988 0.08597809 0.7962427 0.08842027 0.7943015 0.1005622 0.7943015 0.1005622 0.8125664 0.1015617 0.8117041 0.1151463 0.8071282 0.1530991 0.8291068 0.1297305 0.8288804 0.170578 0.6898855 0.01305741 0.7540829 0.03621304 0.7072882 0.02764153 0.1234284 0.9647641 0.120802 0.9402343 0.1370041 0.9519947 0.1398173 0.9746353 0.1370041 0.9519947 0.1519555 0.9610085 0.1057769 0.9520114 0.1055536 0.9271326 0.120802 0.9402343 0.07480031 0.9229827 0.07926714 0.8977184 0.09205073 0.9133478 0.08930766 0.9378204 0.09205073 0.9133478 0.1055536 0.9271326 0.06109142 0.9066448 0.0680564 0.8828565 0.07926714 0.8977184 0.03824591 0.8741828 0.04746776 0.8495445 0.05752837 0.8667705 0.04935812 0.8909995 0.05752837 0.8667705 0.0680564 0.8828565 0.01217722 0.821654 0.02709811 0.7960982 0.03214657 0.8176539 0.02772992 0.8560398 0.03214657 0.8176539 0.04746776 0.8495445 0.006590783 0.7981992 0.02436083 0.7653663 0.02709811 0.7960982 0.003723442 0.7394038 0.02936583 0.6945082 0.02480548 0.7401127 0.003469705 0.7657935 0.02480548 0.7401127 0.02436083 0.7653663 0.00864911 0.6922462 0.03545677 0.6682467 0.02936583 0.6945082 0.03262269 0.6003387 0.06578099 0.5646805 0.05351841 0.6041839 0.01463222 0.665041 0.05351841 0.6041839 0.03545677 0.6682467 0.04486811 0.5605214 0.07662802 0.5316359 0.06578099 0.5646805 0.07258921 0.4801263 0.1180834 0.4162151 0.09333473 0.4847499 0.05584996 0.5272091 0.09333473 0.4847499 0.07662802 0.5316359 0.1457749 0.340801 0.1586652 0.2480002 0.1785835 0.2532587 0.1180834 0.4162151 0.1252388 0.3360405 0.1457749 0.340801 0.1586652 0.2480002 0.2130774 0.1784371 0.1785835 0.2532587 0.2280826 0.1135511 0.2993277 0.03094995 0.2462181 0.1189463 0.1943614 0.1724158 0.2462181 0.1189463 0.2130774 0.1784371 0.3235335 0.2533765 0.3516006 0.1951467 0.3443026 0.2550325 0.3383132 0.12585 0.3516006 0.1951467 0.3308888 0.1937094 0.3383132 0.12585 0.3534658 0.07703697 0.3582097 0.1258941 0.7943015 0.1005622 0.7961362 0.07006835 0.8117041 0.1151463 0.3498301 0.8815452 0.2989148 0.9268002 0.3289187 0.8784523 0.3573139 0.8375884 0.3289187 0.8784523 0.3358247 0.8361356 0.1461449 0.9219241 0.1055536 0.9271326 0.1323665 0.9078678 0.1323665 0.9078678 0.09205073 0.9133478 0.1202203 0.8931021 0.8206177 0.2095846 0.7885153 0.2096202 0.7957567 0.1897739 0.1090266 0.8767899 0.0680564 0.8828565 0.09885615 0.861433 0.1202203 0.8931021 0.07926714 0.8977184 0.1090266 0.8767899 0.8031065 0.2717434 0.7686944 0.2685741 0.7748456 0.2493627 0.08019495 0.8275458 0.03214657 0.8176539 0.06383645 0.7949823 0.08957993 0.8448621 0.04746776 0.8495445 0.08019495 0.8275458 0.7870053 0.3333735 0.7442048 0.3471051 0.7562527 0.3090605 0.7715013 0.3951978 0.7349236 0.4011402 0.7393445 0.3699472 0.05931359 0.7725861 0.02436083 0.7653663 0.05690801 0.7413661 0.06124734 0.6700209 0.03545677 0.6682467 0.06766605 0.6436991 0.06766605 0.6436991 0.05351841 0.6041839 0.08475893 0.5803872 0.7669078 0.4957352 0.7382848 0.4944784 0.7351422 0.4708821 0.09618532 0.5415464 0.07662802 0.5316359 0.1061063 0.5089567 0.08475893 0.5803872 0.06578099 0.5646805 0.09618532 0.5415464 0.780431 0.6063645 0.756312 0.6118642 0.7512853 0.5836781 0.1443883 0.3958201 0.1457749 0.340801 0.1696563 0.322342 0.1217222 0.4628171 0.1180834 0.4162151 0.1443883 0.3958201 0.8016421 0.7273402 0.7882517 0.7695253 0.7758609 0.7075943 0.8268926 0.8603903 0.810507 0.9010897 0.8043776 0.8439286 0.1992956 0.237307 0.2130774 0.1784371 0.2288439 0.1660658 0.2993277 0.03094995 0.2829792 0.006552636 0.3000991 0.03023362 0.3364256 0.03231924 0.3057155 0.02713614 0.2888002 0.005039453 0.3343917 0.07984787 0.3364256 0.03231924 0.3534658 0.07703697 0.8196281 0.9650388 0.7971495 0.9988233 0.8063784 0.9533859 0.8294775 0.9146252 0.8063784 0.9533859 0.810507 0.9010897 0.2288439 0.1660658 0.2462181 0.1189463 0.2567178 0.1084676 0.1696563 0.322342 0.1785835 0.2532587 0.1992956 0.237307 0.8123832 0.7876746 0.8043776 0.8439286 0.7882517 0.7695253 0.7922339 0.6725678 0.7758609 0.7075943 0.7648029 0.6513528 0.1061063 0.5089567 0.09333473 0.4847499 0.1217222 0.4628171 0.7847601 0.6339628 0.7648029 0.6513528 0.756312 0.6118642 0.7761877 0.5736043 0.7512853 0.5836781 0.7461612 0.5501938 0.769599 0.5189281 0.7461612 0.5501938 0.7382848 0.4944784 0.05773711 0.7159849 0.02936583 0.6945082 0.06124734 0.6700209 0.7667554 0.4515818 0.7351422 0.4708821 0.7346806 0.4264488 0.7669919 0.426319 0.7346806 0.4264488 0.7349236 0.4011402 0.05690801 0.7413661 0.02480548 0.7401127 0.05773711 0.7159849 0.06383645 0.7949823 0.02709811 0.7960982 0.05931359 0.7725861 0.776193 0.3723434 0.7393445 0.3699472 0.7442048 0.3471051 0.7932813 0.3128605 0.7562527 0.3090605 0.7632257 0.2890524 0.09885615 0.861433 0.05752837 0.8667705 0.08957993 0.8448621 0.7978525 0.2916685 0.7632257 0.2890524 0.7686944 0.2685741 0.8095327 0.2512594 0.7748456 0.2493627 0.7821592 0.2295213 0.8147019 0.2304477 0.7821592 0.2295213 0.7885153 0.2096202 0.1609246 0.9345402 0.120802 0.9402343 0.1461449 0.9219241 0.8294775 0.1915898 0.7957567 0.1897739 0.805664 0.172583 0.8288804 0.170578 0.805664 0.172583 0.8071282 0.1530991 0.173355 0.944873 0.1370041 0.9519947 0.1609246 0.9345402 0.1519555 0.9610085 0.1994467 0.9648284 0.184523 0.9762361 0.2989148 0.9268002 0.3100435 0.8896306 0.3289187 0.8784523 0.2567178 0.1084676 0.2993277 0.03094995 0.3000991 0.03023362 0.3370122 0.3102892 0.3235335 0.2533765 0.3443026 0.2550325 0.3370122 0.3102892 0.3101414 0.3478928 0.316099 0.3084726 0.3101414 0.3478928 0.3277389 0.3779178 0.306514 0.3763626 0.306514 0.3763626 0.3242065 0.4115231 0.3028397 0.4101786 0.3242065 0.4115231 0.2974693 0.4669222 0.3028397 0.4101786 0.2974693 0.4669222 0.31744 0.491993 0.2954793 0.4914695 0.31744 0.491993 0.295161 0.5384994 0.2954793 0.4914695 0.3179521 0.5648851 0.295161 0.5384994 0.3172292 0.5383265 0.3210585 0.5977452 0.2956961 0.5656317 0.3179521 0.5648851 0.3210585 0.5977452 0.3028203 0.6240105 0.2991451 0.599411 0.3028203 0.6240105 0.3324896 0.6630965 0.3110027 0.6657423 0.3110027 0.6657423 0.3368932 0.684825 0.3155492 0.6873925 0.3368932 0.684825 0.3191903 0.7095517 0.3155492 0.6873925 0.3409182 0.7071663 0.3229369 0.7308703 0.3191903 0.7095517 0.3447459 0.7283939 0.3271439 0.7527271 0.3229369 0.7308703 0.3487336 0.7504772 0.3304843 0.7747319 0.3271439 0.7527271 0.3522253 0.7726272 0.3337129 0.7972215 0.3304843 0.7747319 0.3557243 0.7950856 0.3377472 0.8160997 0.3337129 0.7972215 0.3573139 0.8375884 0.3377472 0.8160997 0.3582097 0.815512 0.7072882 0.02764153 0.6548635 0.03074669 0.6898855 0.01305741 0.8031451 0.07571089 0.8117041 0.1151463 0.7961362 0.07006835 0.2989148 0.9268002 0.3027634 0.9407055 0.291801 0.932079 0.1994467 0.9648284 0.252443 0.9583814 0.2440454 0.9629905 0.217377 0.9536063 0.2607018 0.9534492 0.252443 0.9583814 0.2362291 0.9414713 0.2687736 0.9482702 0.2607018 0.9534492 0.255314 0.928613 0.2766954 0.942975 0.2687736 0.9482702 0.2740148 0.9153944 0.2843769 0.9375494 0.2766954 0.942975 0.2921829 0.9022579 0.291801 0.932079 0.2843769 0.9375494 0.2440454 0.9629905 0.2431885 0.9785288 0.2357121 0.9673197 0.252443 0.9583814 0.2528373 0.9736371 0.2440454 0.9629905 0.2607018 0.9534492 0.2618511 0.9685309 0.252443 0.9583814 0.2687736 0.9482702 0.2705031 0.9632576 0.2607018 0.9534492 0.2766954 0.942975 0.2788946 0.9578377 0.2687736 0.9482702 0.2843769 0.9375494 0.2870765 0.9522828 0.2766954 0.942975 0.291801 0.932079 0.295042 0.9465829 0.2843769 0.9375494 0.3184964 0.04335403 0.3047177 0.02691477 0.3057155 0.02713614 0.3109285 0.05235528 0.3039513 0.02710127 0.3047177 0.02691477 0.3028897 0.06104868 0.3031756 0.02755558 0.3039513 0.02710127 0.2944127 0.06993544 0.3023908 0.02815324 0.3031756 0.02755558 0.2855058 0.07917398 0.3016188 0.02882152 0.3023908 0.02815324 0.2762147 0.08872246 0.3008589 0.02952098 0.3016188 0.02882152 0.266602 0.09850269 0.3000991 0.03023362 0.3008589 0.02952098 0.7768988 0.08597809 0.7891273 0.06442582 0.7943015 0.1005622 0.7594962 0.07139396 0.7821185 0.05878329 0.7768988 0.08597809 0.7420935 0.05680984 0.7751095 0.05314069 0.7594962 0.07139396 0.7246908 0.04222565 0.7681007 0.04749816 0.7420935 0.05680984 0.7072882 0.02764153 0.7610917 0.04185563 0.7246908 0.04222565 0.184523 0.9762361 0.2440454 0.9629905 0.2357121 0.9673197 0.7246908 0.04222565 0.6766157 0.04822564 0.7072882 0.02764153 0.7420935 0.05680984 0.6983677 0.06570452 0.7246908 0.04222565 0.7594962 0.07139396 0.7201198 0.08318346 0.7420935 0.05680984 0.7768988 0.08597809 0.7418719 0.1006624 0.7594962 0.07139396 0.7943015 0.1005622 0.763624 0.1181413 0.7768988 0.08597809 0.8117041 0.1151463 0.7853761 0.1356202 0.7943015 0.1005622 0.3119661 0.8522917 0.3289187 0.8784523 0.3100435 0.8896306 0.1398173 0.9746353 0.184523 0.9762361 0.1786141 0.9912366 0.3358247 0.8361356 0.3128315 0.8326181 0.3377472 0.8160997 0.3119661 0.8522917 0.2867806 0.8497315 0.3128315 0.8326181 0.2879136 0.8677716 0.2609504 0.8666644 0.2867806 0.8497315 0.264494 0.8831325 0.23548 0.8836236 0.2609504 0.8666644 0.241335 0.8986977 0.2102363 0.9005939 0.23548 0.8836236 0.2182482 0.9142063 0.1853089 0.9175044 0.2102363 0.9005939 0.1954539 0.9295248 0.1609246 0.9345402 0.1853089 0.9175044 0.6766157 0.04822564 0.6389699 0.03953522 0.6548635 0.03074669 0.6983677 0.06570452 0.6627833 0.05854201 0.6766157 0.04822564 0.7201198 0.08318346 0.6865968 0.07754886 0.6983677 0.06570452 0.7418719 0.1006624 0.7104102 0.0965557 0.7201198 0.08318346 0.763624 0.1181413 0.7342237 0.1155626 0.7418719 0.1006624 0.7853761 0.1356202 0.7580371 0.1345694 0.763624 0.1181413 0.8071282 0.1530991 0.7818506 0.1535762 0.7853761 0.1356202 0.6627833 0.05854201 0.6217296 0.05109888 0.6389699 0.03953522 0.6865968 0.07754886 0.6465906 0.07090961 0.6627833 0.05854201 0.7104102 0.0965557 0.6714515 0.09072029 0.6865968 0.07754886 0.7342237 0.1155626 0.6963126 0.110531 0.7104102 0.0965557 0.7580371 0.1345694 0.7211735 0.1303418 0.7342237 0.1155626 0.7818506 0.1535762 0.7460346 0.1501525 0.7580371 0.1345694 0.805664 0.172583 0.7708956 0.1699633 0.7818506 0.1535762 0.3377472 0.8160997 0.3051219 0.8146224 0.3337129 0.7972215 0.3128315 0.8326181 0.2778829 0.8325746 0.3051219 0.8146224 0.2867806 0.8497315 0.2509136 0.85044 0.2778829 0.8325746 0.2609504 0.8666644 0.2242656 0.8682731 0.2509136 0.85044 0.23548 0.8836236 0.1978989 0.8861045 0.2242656 0.8682731 0.2102363 0.9005939 0.1718399 0.9039428 0.1978989 0.8861045 0.1853089 0.9175044 0.1461449 0.9219241 0.1718399 0.9039428 0.6313965 0.08465492 0.5905458 0.07735419 0.6052101 0.06382739 0.6575829 0.1054825 0.617919 0.0990923 0.6313965 0.08465492 0.6837694 0.12631 0.6452924 0.1208305 0.6575829 0.1054825 0.7099558 0.1471375 0.6726657 0.1425687 0.6837694 0.12631 0.7361422 0.1679651 0.700039 0.1643068 0.7099558 0.1471375 0.7623288 0.1887927 0.7274124 0.186045 0.7361422 0.1679651 0.7885153 0.2096202 0.7547858 0.2077832 0.7623288 0.1887927 0.617919 0.0990923 0.5770202 0.0926972 0.5905458 0.07735419 0.6452924 0.1208305 0.6052808 0.115078 0.617919 0.0990923 0.6726657 0.1425687 0.6335416 0.1374588 0.6452924 0.1208305 0.700039 0.1643068 0.6618022 0.1598396 0.6726657 0.1425687 0.7274124 0.186045 0.6900631 0.1822203 0.700039 0.1643068 0.7547858 0.2077832 0.7183238 0.2046012 0.7274124 0.186045 0.7821592 0.2295213 0.7465847 0.2269819 0.7547858 0.2077832 0.5937461 0.1300066 0.5528388 0.1223941 0.5645882 0.1069121 0.622904 0.1531012 0.5828939 0.1462024 0.5937461 0.1300066 0.652062 0.1761958 0.612949 0.1700108 0.622904 0.1531012 0.6812199 0.1992903 0.6430042 0.1938191 0.652062 0.1761958 0.710378 0.222385 0.6730595 0.2176274 0.6812199 0.1992903 0.7395361 0.2454795 0.7031147 0.2414358 0.710378 0.222385 0.7686944 0.2685741 0.7331701 0.2652443 0.7395361 0.2454795 0.3191903 0.7095517 0.2827606 0.7106191 0.3155492 0.6873925 0.2866756 0.7321329 0.2497639 0.7336049 0.2827606 0.7106191 0.2545192 0.7541841 0.2171033 0.7562886 0.2497639 0.7336049 0.2227714 0.7759515 0.184825 0.778723 0.2171033 0.7562886 0.1914175 0.7975048 0.1528974 0.8009474 0.184825 0.778723 0.1603991 0.8188999 0.1212255 0.822983 0.1528974 0.8009474 0.1296074 0.8401811 0.08957993 0.8448621 0.1212255 0.822983 0.5828939 0.1462024 0.540987 0.1388676 0.5528388 0.1223941 0.612949 0.1700108 0.5717389 0.1631808 0.5828939 0.1462024 0.6430042 0.1938191 0.602491 0.187494 0.612949 0.1700108 0.6730595 0.2176274 0.6332432 0.2118074 0.6430042 0.1938191 0.7031147 0.2414358 0.6639953 0.2361207 0.6730595 0.2176274 0.7331701 0.2652443 0.6947476 0.260434 0.7031147 0.2414358 0.7632257 0.2890524 0.7255001 0.2847474 0.7331701 0.2652443 0.5522813 0.1956711 0.5142564 0.1931872 0.5202946 0.1704323 0.5842682 0.2209101 0.5464113 0.2184385 0.5522813 0.1956711 0.6162551 0.2461491 0.5785664 0.2436899 0.5842682 0.2209101 0.6482422 0.2713882 0.6107214 0.2689414 0.6162551 0.2461491 0.6802294 0.2966272 0.6428767 0.294193 0.6482422 0.2713882 0.712217 0.3218663 0.6750322 0.3194445 0.6802294 0.2966272 0.7442048 0.3471051 0.7071881 0.344696 0.712217 0.3218663 0.3028203 0.6240105 0.2635833 0.6251858 0.2991451 0.599411 0.2672694 0.6493406 0.2285097 0.6504697 0.2635833 0.6251858 0.2323533 0.6743267 0.1938732 0.6754563 0.2285097 0.6504697 0.1978542 0.6990423 0.1596287 0.7001627 0.1938732 0.6754563 0.1637375 0.723474 0.125781 0.7245882 0.1596287 0.7001627 0.1300122 0.7476231 0.09232687 0.7487303 0.125781 0.7245882 0.0966826 0.77148 0.05931359 0.7725861 0.09232687 0.7487303 0.2956961 0.5656317 0.2609212 0.5652021 0.295161 0.5384994 0.2604101 0.5920646 0.226301 0.5911619 0.2609212 0.5652021 0.2255704 0.6177442 0.1918826 0.6166954 0.226301 0.5911619 0.1910835 0.6430263 0.1577572 0.6419112 0.1918826 0.6166954 0.1569579 0.6680172 0.1239771 0.6668744 0.1577572 0.6419112 0.1232171 0.6927459 0.09061032 0.6915988 0.1239771 0.6668744 0.08989512 0.7171912 0.05773711 0.7159849 0.09061032 0.6915988 0.5425273 0.250059 0.5101829 0.2505034 0.5104622 0.224879 0.5745925 0.2752391 0.5422528 0.2756382 0.5425273 0.250059 0.6066579 0.3004192 0.5743229 0.3007731 0.5745925 0.2752391 0.6387235 0.3255996 0.6063933 0.3259082 0.6066579 0.3004192 0.6707895 0.3507801 0.638464 0.3510436 0.6387235 0.3255996 0.7028562 0.3759603 0.6705352 0.3761789 0.6707895 0.3507801 0.7349236 0.4011402 0.7026073 0.4013141 0.7028562 0.3759603 0.5422528 0.2756382 0.51284 0.2968894 0.5101829 0.2505034 0.5743229 0.3007731 0.5445954 0.321745 0.5422528 0.2756382 0.6063933 0.3259082 0.5763509 0.3466008 0.5743229 0.3007731 0.638464 0.3510436 0.6081069 0.3714569 0.6063933 0.3259082 0.6705352 0.3761789 0.6398633 0.3963134 0.638464 0.3510436 0.7026073 0.4013141 0.6716209 0.4211701 0.6705352 0.3761789 0.7346806 0.4264488 0.7033802 0.4460267 0.7026073 0.4013141 0.295161 0.5384994 0.2618317 0.5180421 0.2954793 0.4914695 0.2609212 0.5652021 0.2281464 0.5441293 0.2618317 0.5180421 0.226301 0.5911619 0.1943703 0.5698227 0.2281464 0.5441293 0.1918826 0.6166954 0.1606894 0.595188 0.1943703 0.5698227 0.1577572 0.6419112 0.1272092 0.6203004 0.1606894 0.595188 0.1239771 0.6668744 0.0940206 0.6452221 0.1272092 0.6203004 0.09061032 0.6915988 0.06124734 0.6700209 0.0940206 0.6452221 0.550462 0.3477525 0.5361195 0.3862466 0.5191617 0.323299 0.5817627 0.3722064 0.5661188 0.4096658 0.550462 0.3477525 0.6130637 0.3966606 0.5961184 0.4330858 0.5817627 0.3722064 0.6443654 0.4211151 0.626119 0.456507 0.6130637 0.3966606 0.6756689 0.4455703 0.6561217 0.4799295 0.6443654 0.4211151 0.7069749 0.470025 0.6861283 0.5033524 0.6756689 0.4455703 0.7382848 0.4944784 0.7161408 0.5267748 0.7069749 0.470025 0.5661188 0.4096658 0.5474935 0.4247149 0.5361195 0.3862466 0.5961184 0.4330858 0.5765949 0.4474211 0.5661188 0.4096658 0.626119 0.456507 0.605697 0.4701293 0.5961184 0.4330858 0.6561217 0.4799295 0.6348009 0.4928393 0.626119 0.456507 0.6861283 0.5033524 0.6639086 0.5155511 0.6561217 0.4799295 0.7161408 0.5267748 0.693023 0.5382639 0.6861283 0.5033524 0.7461612 0.5501938 0.722148 0.5609745 0.7161408 0.5267748 0.5858809 0.4790229 0.5734108 0.5023518 0.5574981 0.4568856 0.6142652 0.5011625 0.6007162 0.5236374 0.5858809 0.4790229 0.6426524 0.5233049 0.6280242 0.5449268 0.6142652 0.5011625 0.6710458 0.54545 0.6553393 0.566221 0.6426524 0.5233049 0.6994507 0.5675958 0.6826699 0.5875191 0.6710458 0.54545 0.7278738 0.5897373 0.7100282 0.6088158 0.6994507 0.5675958 0.756312 0.6118642 0.7374069 0.6300976 0.7278738 0.5897373 0.3101414 0.3478928 0.2891289 0.3305514 0.316099 0.3084726 0.2815677 0.3710946 0.2617591 0.3526807 0.2891289 0.3305514 0.252778 0.3941741 0.2341456 0.3747514 0.2617591 0.3526807 0.2237907 0.4172303 0.2063152 0.3967933 0.2341456 0.3747514 0.1945713 0.4402637 0.1782655 0.4188257 0.2063152 0.3967933 0.1651637 0.4632421 0.1500411 0.4408418 0.1782655 0.4188257 0.1356511 0.4861415 0.1217222 0.4628171 0.1500411 0.4408418 0.6007162 0.5236374 0.5970315 0.5687344 0.5734108 0.5023518 0.6280242 0.5449268 0.6224989 0.5885694 0.6007162 0.5236374 0.6553393 0.566221 0.647979 0.6084152 0.6280242 0.5449268 0.6826699 0.5875191 0.6734853 0.6282714 0.6553393 0.566221 0.7100282 0.6088158 0.6990363 0.6481359 0.6826699 0.5875191 0.7374069 0.6300976 0.7246087 0.6679836 0.7100282 0.6088158 0.7648029 0.6513528 0.7502034 0.687804 0.7374069 0.6300976 0.6470697 0.6603575 0.6557047 0.7290514 0.6237355 0.6421802 0.6704493 0.6785612 0.6765867 0.7454035 0.6470697 0.6603575 0.6938994 0.6967898 0.6975842 0.7618216 0.6704493 0.6785612 0.7173525 0.7149906 0.7184939 0.7781558 0.6938994 0.6967898 0.7408336 0.733169 0.7394684 0.794491 0.7173525 0.7149906 0.7644319 0.7513465 0.7606956 0.8109012 0.7408336 0.733169 0.7882517 0.7695253 0.7823106 0.8273979 0.7644319 0.7513465 0.3308888 0.1937094 0.3195117 0.1415472 0.3383132 0.12585 0.3084977 0.2121927 0.3002488 0.1574198 0.3195117 0.1415472 0.2858228 0.230588 0.2805471 0.173343 0.3002488 0.1574198 0.2629304 0.2489514 0.2604958 0.189325 0.2805471 0.173343 0.2398436 0.2673161 0.2401862 0.2053537 0.2604958 0.189325 0.2166087 0.2856661 0.2197344 0.2213814 0.2401862 0.2053537 0.1932416 0.3039894 0.1992956 0.237307 0.2197344 0.2213814 0.3343917 0.07984787 0.3109285 0.05235528 0.3184964 0.04335403 0.3202201 0.09201556 0.3028897 0.06104868 0.3109285 0.05235528 0.3059703 0.1040361 0.2944127 0.06993544 0.3028897 0.06104868 0.291288 0.1161524 0.2855058 0.07917398 0.2944127 0.06993544 0.276179 0.1284173 0.2762147 0.08872246 0.2855058 0.07917398 0.2606947 0.1408313 0.266602 0.09850269 0.2762147 0.08872246 0.2448945 0.1533849 0.2567178 0.1084676 0.266602 0.09850269 0.7068784 0.8198336 0.7244411 0.8720468 0.6902123 0.8062775 0.7231843 0.8330929 0.7345618 0.8829209 0.7068784 0.8198336 0.7396916 0.8464402 0.7453334 0.8943068 0.7231843 0.8330929 0.7566254 0.8599757 0.7566602 0.9059807 0.7396916 0.8464402 0.7740685 0.8736611 0.7684805 0.9178143 0.7566254 0.8599757 0.7920344 0.8874028 0.7807439 0.9297101 0.7740685 0.8736611 0.810507 0.9010897 0.7933967 0.9415898 0.7920344 0.8874028 0.7345618 0.8829209 0.7766496 0.9738332 0.7244411 0.8720468 0.7453334 0.8943068 0.7819679 0.9800888 0.7345618 0.8829209 0.7566602 0.9059807 0.7865375 0.9855698 0.7453334 0.8943068 0.7684805 0.9178143 0.790255 0.9901216 0.7566602 0.9059807 0.7807439 0.9297101 0.7930768 0.9936403 0.7684805 0.9178143 0.7933967 0.9415898 0.7950587 0.9961473 0.7807439 0.9297101 0.8063784 0.9533859 0.7963493 0.997795 0.7933967 0.9415898 0.3057155 0.02713614 0.2879865 0.005275428 0.2888002 0.005039453 0.3039513 0.02710127 0.2879865 0.005275428 0.3047177 0.02691477 0.3031756 0.02755558 0.2871702 0.005500614 0.3039513 0.02710127 0.3023908 0.02815324 0.2863464 0.005718708 0.3031756 0.02755558 0.3016188 0.02882152 0.2855148 0.00593245 0.3023908 0.02815324 0.3008589 0.02952098 0.284676 0.006142497 0.3016188 0.02882152 0.3000991 0.03023362 0.2838305 0.006349325 0.3008589 0.02952098 0.3383132 0.12585 0.3202201 0.09201556 0.3343917 0.07984787 0.3195117 0.1415472 0.3059703 0.1040361 0.3202201 0.09201556 0.3002488 0.1574198 0.291288 0.1161524 0.3059703 0.1040361 0.2805471 0.173343 0.276179 0.1284173 0.291288 0.1161524 0.2604958 0.189325 0.2606947 0.1408313 0.276179 0.1284173 0.2401862 0.2053537 0.2448945 0.1533849 0.2606947 0.1408313 0.2197344 0.2213814 0.2288439 0.1660658 0.2448945 0.1533849 0.6765867 0.7454035 0.6902123 0.8062775 0.6557047 0.7290514 0.6975842 0.7618216 0.7068784 0.8198336 0.6765867 0.7454035 0.7184939 0.7781558 0.7231843 0.8330929 0.6975842 0.7618216 0.7394684 0.794491 0.7396916 0.8464402 0.7184939 0.7781558 0.7606956 0.8109012 0.7566254 0.8599757 0.7394684 0.794491 0.7823106 0.8273979 0.7740685 0.8736611 0.7606956 0.8109012 0.8043776 0.8439286 0.7920344 0.8874028 0.7823106 0.8273979 0.6224989 0.5885694 0.6237355 0.6421802 0.5970315 0.5687344 0.647979 0.6084152 0.6470697 0.6603575 0.6224989 0.5885694 0.6734853 0.6282714 0.6704493 0.6785612 0.647979 0.6084152 0.6990363 0.6481359 0.6938994 0.6967898 0.6734853 0.6282714 0.7246087 0.6679836 0.7173525 0.7149906 0.6990363 0.6481359 0.7502034 0.687804 0.7408336 0.733169 0.7246087 0.6679836 0.7758609 0.7075943 0.7644319 0.7513465 0.7502034 0.687804 0.316099 0.3084726 0.2985078 0.2737084 0.3235335 0.2533765 0.2891289 0.3305514 0.2733536 0.2940239 0.2985078 0.2737084 0.2617591 0.3526807 0.2479632 0.3143749 0.2733536 0.2940239 0.2341456 0.3747514 0.2223756 0.3347208 0.2479632 0.3143749 0.2063152 0.3967933 0.1965957 0.3550593 0.2223756 0.3347208 0.1782655 0.4188257 0.1705936 0.3754201 0.1965957 0.3550593 0.1500411 0.4408418 0.1443883 0.3958201 0.1705936 0.3754201 0.3235335 0.2533765 0.3084977 0.2121927 0.3308888 0.1937094 0.2985078 0.2737084 0.2858228 0.230588 0.3084977 0.2121927 0.2733536 0.2940239 0.2629304 0.2489514 0.2858228 0.230588 0.2479632 0.3143749 0.2398436 0.2673161 0.2629304 0.2489514 0.2223756 0.3347208 0.2166087 0.2856661 0.2398436 0.2673161 0.1965957 0.3550593 0.1932416 0.3039894 0.2166087 0.2856661 0.1705936 0.3754201 0.1696563 0.322342 0.1932416 0.3039894 0.5765949 0.4474211 0.5574981 0.4568856 0.5474935 0.4247149 0.605697 0.4701293 0.5858809 0.4790229 0.5765949 0.4474211 0.6348009 0.4928393 0.6142652 0.5011625 0.605697 0.4701293 0.6639086 0.5155511 0.6426524 0.5233049 0.6348009 0.4928393 0.693023 0.5382639 0.6710458 0.54545 0.6639086 0.5155511 0.722148 0.5609745 0.6994507 0.5675958 0.693023 0.5382639 0.7512853 0.5836781 0.7278738 0.5897373 0.722148 0.5609745 0.3028397 0.4101786 0.2769897 0.4001423 0.306514 0.3763626 0.2723949 0.4347972 0.2473313 0.4238959 0.2769897 0.4001423 0.2415524 0.459462 0.2174017 0.4476392 0.2473313 0.4238959 0.2103733 0.4839975 0.1872298 0.4713016 0.2174017 0.4476392 0.1790041 0.50836 0.1569114 0.4948493 0.1872298 0.4713016 0.1475605 0.532536 0.1265372 0.5182701 0.1569114 0.4948493 0.1161336 0.5565308 0.09618532 0.5415464 0.1265372 0.5182701 0.306514 0.3763626 0.2815677 0.3710946 0.3101414 0.3478928 0.2769897 0.4001423 0.252778 0.3941741 0.2815677 0.3710946 0.2473313 0.4238959 0.2237907 0.4172303 0.252778 0.3941741 0.2174017 0.4476392 0.1945713 0.4402637 0.2237907 0.4172303 0.1872298 0.4713016 0.1651637 0.4632421 0.1945713 0.4402637 0.1569114 0.4948493 0.1356511 0.4861415 0.1651637 0.4632421 0.1265372 0.5182701 0.1061063 0.5089567 0.1356511 0.4861415 0.5445954 0.321745 0.5191617 0.323299 0.51284 0.2968894 0.5763509 0.3466008 0.550462 0.3477525 0.5445954 0.321745 0.6081069 0.3714569 0.5817627 0.3722064 0.5763509 0.3466008 0.6398633 0.3963134 0.6130637 0.3966606 0.6081069 0.3714569 0.6716209 0.4211701 0.6443654 0.4211151 0.6398633 0.3963134 0.7033802 0.4460267 0.6756689 0.4455703 0.6716209 0.4211701 0.7351422 0.4708821 0.7069749 0.470025 0.7033802 0.4460267 0.2974693 0.4669222 0.2723949 0.4347972 0.3028397 0.4101786 0.265067 0.4931431 0.2415524 0.459462 0.2723949 0.4347972 0.2321419 0.5188968 0.2103733 0.4839975 0.2415524 0.459462 0.1990593 0.5443556 0.1790041 0.50836 0.2103733 0.4839975 0.1659626 0.5695067 0.1475605 0.532536 0.1790041 0.50836 0.132972 0.594405 0.1161336 0.5565308 0.1475605 0.532536 0.1001716 0.6191161 0.08475893 0.5803872 0.1161336 0.5565308 0.2954793 0.4914695 0.265067 0.4931431 0.2974693 0.4669222 0.2618317 0.5180421 0.2321419 0.5188968 0.265067 0.4931431 0.2281464 0.5441293 0.1990593 0.5443556 0.2321419 0.5188968 0.1943703 0.5698227 0.1659626 0.5695067 0.1990593 0.5443556 0.1606894 0.595188 0.132972 0.594405 0.1659626 0.5695067 0.1272092 0.6203004 0.1001716 0.6191161 0.132972 0.594405 0.0940206 0.6452221 0.06766605 0.6436991 0.1001716 0.6191161 0.2991451 0.599411 0.2604101 0.5920646 0.2956961 0.5656317 0.2635833 0.6251858 0.2255704 0.6177442 0.2604101 0.5920646 0.2285097 0.6504697 0.1910835 0.6430263 0.2255704 0.6177442 0.1938732 0.6754563 0.1569579 0.6680172 0.1910835 0.6430263 0.1596287 0.7001627 0.1232171 0.6927459 0.1569579 0.6680172 0.125781 0.7245882 0.08989512 0.7171912 0.1232171 0.6927459 0.09232687 0.7487303 0.05690801 0.7413661 0.08989512 0.7171912 0.5464113 0.2184385 0.5104622 0.224879 0.5142564 0.1931872 0.5785664 0.2436899 0.5425273 0.250059 0.5464113 0.2184385 0.6107214 0.2689414 0.5745925 0.2752391 0.5785664 0.2436899 0.6428767 0.294193 0.6066579 0.3004192 0.6107214 0.2689414 0.6750322 0.3194445 0.6387235 0.3255996 0.6428767 0.294193 0.7071881 0.344696 0.6707895 0.3507801 0.6750322 0.3194445 0.7393445 0.3699472 0.7028562 0.3759603 0.7071881 0.344696 0.5717389 0.1631808 0.5202946 0.1704323 0.540987 0.1388676 0.602491 0.187494 0.5522813 0.1956711 0.5717389 0.1631808 0.6332432 0.2118074 0.5842682 0.2209101 0.602491 0.187494 0.6639953 0.2361207 0.6162551 0.2461491 0.6332432 0.2118074 0.6947476 0.260434 0.6482422 0.2713882 0.6639953 0.2361207 0.7255001 0.2847474 0.6802294 0.2966272 0.6947476 0.260434 0.7562527 0.3090605 0.712217 0.3218663 0.7255001 0.2847474 0.3155492 0.6873925 0.2770467 0.6894912 0.3110027 0.6657423 0.2827606 0.7106191 0.2434519 0.7131924 0.2770467 0.6894912 0.2497639 0.7336049 0.2101391 0.7365855 0.2434519 0.7131924 0.2171033 0.7562886 0.1771909 0.7597114 0.2101391 0.7365855 0.184825 0.778723 0.1446062 0.7825929 0.1771909 0.7597114 0.1528974 0.8009474 0.1123305 0.8052271 0.1446062 0.7825929 0.1212255 0.822983 0.08019495 0.8275458 0.1123305 0.8052271 0.3110027 0.6657423 0.2672694 0.6493406 0.3028203 0.6240105 0.2770467 0.6894912 0.2323533 0.6743267 0.2672694 0.6493406 0.2434519 0.7131924 0.1978542 0.6990423 0.2323533 0.6743267 0.2101391 0.7365855 0.1637375 0.723474 0.1978542 0.6990423 0.1771909 0.7597114 0.1300122 0.7476231 0.1637375 0.723474 0.1446062 0.7825929 0.0966826 0.77148 0.1300122 0.7476231 0.1123305 0.8052271 0.06383645 0.7949823 0.0966826 0.77148 0.6052808 0.115078 0.5645882 0.1069121 0.5770202 0.0926972 0.6335416 0.1374588 0.5937461 0.1300066 0.6052808 0.115078 0.6618022 0.1598396 0.622904 0.1531012 0.6335416 0.1374588 0.6900631 0.1822203 0.652062 0.1761958 0.6618022 0.1598396 0.7183238 0.2046012 0.6812199 0.1992903 0.6900631 0.1822203 0.7465847 0.2269819 0.710378 0.222385 0.7183238 0.2046012 0.7748456 0.2493627 0.7395361 0.2454795 0.7465847 0.2269819 0.3271439 0.7527271 0.2911381 0.75234 0.3229369 0.7308703 0.2965431 0.7732886 0.2598977 0.7734705 0.2911381 0.75234 0.2661617 0.7934793 0.2290826 0.7943273 0.2598977 0.7734705 0.2363071 0.8134928 0.1986764 0.8150267 0.2290826 0.7943273 0.2068654 0.8334164 0.1685965 0.8356209 0.1986764 0.8150267 0.1777423 0.8532799 0.138749 0.8561667 0.1685965 0.8356209 0.1488784 0.8731419 0.1090266 0.8767899 0.138749 0.8561667 0.3229369 0.7308703 0.2866756 0.7321329 0.3191903 0.7095517 0.2911381 0.75234 0.2545192 0.7541841 0.2866756 0.7321329 0.2598977 0.7734705 0.2227714 0.7759515 0.2545192 0.7541841 0.2290826 0.7943273 0.1914175 0.7975048 0.2227714 0.7759515 0.1986764 0.8150267 0.1603991 0.8188999 0.1914175 0.7975048 0.1685965 0.8356209 0.1296074 0.8401811 0.1603991 0.8188999 0.138749 0.8561667 0.09885615 0.861433 0.1296074 0.8401811 0.6465906 0.07090961 0.6052101 0.06382739 0.6217296 0.05109888 0.6714515 0.09072029 0.6313965 0.08465492 0.6465906 0.07090961 0.6963126 0.110531 0.6575829 0.1054825 0.6714515 0.09072029 0.7211735 0.1303418 0.6837694 0.12631 0.6963126 0.110531 0.7460346 0.1501525 0.7099558 0.1471375 0.7211735 0.1303418 0.7708956 0.1699633 0.7361422 0.1679651 0.7460346 0.1501525 0.7957567 0.1897739 0.7623288 0.1887927 0.7708956 0.1699633 0.3304843 0.7747319 0.2965431 0.7732886 0.3271439 0.7527271 0.300612 0.7941424 0.2661617 0.7934793 0.2965431 0.7732886 0.2715611 0.8131142 0.2363071 0.8134928 0.2661617 0.7934793 0.2430807 0.8320952 0.2068654 0.8334164 0.2363071 0.8134928 0.2149574 0.8510158 0.1777423 0.8532799 0.2068654 0.8334164 0.1871382 0.869911 0.1488784 0.8731419 0.1777423 0.8532799 0.1596053 0.8888258 0.1202203 0.8931021 0.1488784 0.8731419 0.3337129 0.7972215 0.300612 0.7941424 0.3304843 0.7747319 0.3051219 0.8146224 0.2715611 0.8131142 0.300612 0.7941424 0.2778829 0.8325746 0.2430807 0.8320952 0.2715611 0.8131142 0.2509136 0.85044 0.2149574 0.8510158 0.2430807 0.8320952 0.2242656 0.8682731 0.1871382 0.869911 0.2149574 0.8510158 0.1978989 0.8861045 0.1596053 0.8888258 0.1871382 0.869911 0.1718399 0.9039428 0.1323665 0.9078678 0.1596053 0.8888258 0.2879136 0.8677716 0.3100435 0.8896306 0.2921829 0.9022579 0.264494 0.8831325 0.2921829 0.9022579 0.2740148 0.9153944 0.241335 0.8986977 0.2740148 0.9153944 0.255314 0.928613 0.2182482 0.9142063 0.255314 0.928613 0.2362291 0.9414713 0.1954539 0.9295248 0.2362291 0.9414713 0.217377 0.9536063 0.173355 0.944873 0.217377 0.9536063 0.1994467 0.9648284 0.2357121 0.9673197 0.1786141 0.9912366 0.184523 0.9762361 0.1786141 0.9912366 0.1641911 0.9863988 0.173249 0.9720294 0.184523 0.9762361 0.1916347 0.9783027 0.1884692 0.9932921 0.1641911 0.9863988 0.1509764 0.9804602 0.1619802 0.9665002 0.1509764 0.9804602 0.1398173 0.9746353 0.1519555 0.9610085 0.1234284 0.9647641 0.1057769 0.9520114 0.120802 0.9402343 0.1398173 0.9746353 0.1234284 0.9647641 0.1370041 0.9519947 0.1057769 0.9520114 0.08930766 0.9378204 0.1055536 0.9271326 0.07480031 0.9229827 0.06109142 0.9066448 0.07926714 0.8977184 0.08930766 0.9378204 0.07480031 0.9229827 0.09205073 0.9133478 0.06109142 0.9066448 0.04935812 0.8909995 0.0680564 0.8828565 0.03824591 0.8741828 0.02772992 0.8560398 0.04746776 0.8495445 0.04935812 0.8909995 0.03824591 0.8741828 0.05752837 0.8667705 0.01217722 0.821654 0.006590783 0.7981992 0.02709811 0.7960982 0.02772992 0.8560398 0.01217722 0.821654 0.03214657 0.8176539 0.006590783 0.7981992 0.003469705 0.7657935 0.02436083 0.7653663 0.003723442 0.7394038 0.00864911 0.6922462 0.02936583 0.6945082 0.003469705 0.7657935 0.003723442 0.7394038 0.02480548 0.7401127 0.00864911 0.6922462 0.01463222 0.665041 0.03545677 0.6682467 0.03262269 0.6003387 0.04486811 0.5605214 0.06578099 0.5646805 0.01463222 0.665041 0.03262269 0.6003387 0.05351841 0.6041839 0.04486811 0.5605214 0.05584996 0.5272091 0.07662802 0.5316359 0.07258921 0.4801263 0.09743016 0.4115345 0.1180834 0.4162151 0.05584996 0.5272091 0.07258921 0.4801263 0.09333473 0.4847499 0.1252388 0.3360405 0.1586652 0.2480002 0.1785835 0.2532587 0.09743016 0.4115345 0.1252388 0.3360405 0.1457749 0.340801 0.1586652 0.2480002 0.1943614 0.1724158 0.2130774 0.1784371 0.2280826 0.1135511 0.2820562 0.006773173 0.2993277 0.03094995 0.1943614 0.1724158 0.2280826 0.1135511 0.2462181 0.1189463 0.3235335 0.2533765 0.3308888 0.1937094 0.3516006 0.1951467 0.3383132 0.12585 0.3582097 0.1258941 0.3516006 0.1951467 0.3343917 0.07984787 0.3534658 0.07703697 0.3582097 0.1258941 0.8117041 0.1151463 0.8125664 0.1015617 0.82889 0.1147032 0.3100435 0.8896306 0.3289187 0.8784523 0.3249539 0.8917346 0.184523 0.9762361 0.173249 0.9720294 0.1900742 0.9588769 0.8273912 0.1556681 0.8288804 0.170578 0.8071282 0.1530991 0.1619802 0.9665002 0.1519555 0.9610085 0.173355 0.944873 0.1461449 0.9219241 0.120802 0.9402343 0.1055536 0.9271326 0.1323665 0.9078678 0.1055536 0.9271326 0.09205073 0.9133478 0.8206177 0.2095846 0.8147019 0.2304477 0.7885153 0.2096202 0.1090266 0.8767899 0.07926714 0.8977184 0.0680564 0.8828565 0.1202203 0.8931021 0.09205073 0.9133478 0.07926714 0.8977184 0.8031065 0.2717434 0.7978525 0.2916685 0.7686944 0.2685741 0.08019495 0.8275458 0.04746776 0.8495445 0.03214657 0.8176539 0.08957993 0.8448621 0.05752837 0.8667705 0.04746776 0.8495445 0.7870053 0.3333735 0.776193 0.3723434 0.7442048 0.3471051 0.7715013 0.3951978 0.7669919 0.426319 0.7349236 0.4011402 0.05931359 0.7725861 0.02709811 0.7960982 0.02436083 0.7653663 0.06124734 0.6700209 0.02936583 0.6945082 0.03545677 0.6682467 0.06766605 0.6436991 0.03545677 0.6682467 0.05351841 0.6041839 0.7669078 0.4957352 0.769599 0.5189281 0.7382848 0.4944784 0.09618532 0.5415464 0.06578099 0.5646805 0.07662802 0.5316359 0.08475893 0.5803872 0.05351841 0.6041839 0.06578099 0.5646805 0.780431 0.6063645 0.7847601 0.6339628 0.756312 0.6118642 0.1443883 0.3958201 0.1180834 0.4162151 0.1457749 0.340801 0.1217222 0.4628171 0.09333473 0.4847499 0.1180834 0.4162151 0.8016421 0.7273402 0.8123832 0.7876746 0.7882517 0.7695253 0.8268926 0.8603903 0.8294775 0.9146252 0.810507 0.9010897 0.1992956 0.237307 0.1785835 0.2532587 0.2130774 0.1784371 0.3000991 0.03023362 0.2993277 0.03094995 0.2820562 0.006773173 0.3184964 0.04335403 0.3057155 0.02713614 0.2888002 0.005039453 0.3343917 0.07984787 0.3184964 0.04335403 0.3364256 0.03231924 0.8196281 0.9650388 0.7976679 0.9994928 0.7971495 0.9988233 0.8294775 0.9146252 0.8196281 0.9650388 0.8063784 0.9533859 0.2288439 0.1660658 0.2130774 0.1784371 0.2462181 0.1189463 0.1696563 0.322342 0.1457749 0.340801 0.1785835 0.2532587 0.8123832 0.7876746 0.8268926 0.8603903 0.8043776 0.8439286 0.7922339 0.6725678 0.8016421 0.7273402 0.7758609 0.7075943 0.1061063 0.5089567 0.07662802 0.5316359 0.09333473 0.4847499 0.7847601 0.6339628 0.7922339 0.6725678 0.7648029 0.6513528 0.7761877 0.5736043 0.780431 0.6063645 0.7512853 0.5836781 0.769599 0.5189281 0.7761877 0.5736043 0.7461612 0.5501938 0.05773711 0.7159849 0.02480548 0.7401127 0.02936583 0.6945082 0.7667554 0.4515818 0.7669078 0.4957352 0.7351422 0.4708821 0.7669919 0.426319 0.7667554 0.4515818 0.7346806 0.4264488 0.05690801 0.7413661 0.02436083 0.7653663 0.02480548 0.7401127 0.06383645 0.7949823 0.03214657 0.8176539 0.02709811 0.7960982 0.776193 0.3723434 0.7715013 0.3951978 0.7393445 0.3699472 0.7932813 0.3128605 0.7870053 0.3333735 0.7562527 0.3090605 0.09885615 0.861433 0.0680564 0.8828565 0.05752837 0.8667705 0.7978525 0.2916685 0.7932813 0.3128605 0.7632257 0.2890524 0.8095327 0.2512594 0.8031065 0.2717434 0.7748456 0.2493627 0.8147019 0.2304477 0.8095327 0.2512594 0.7821592 0.2295213 0.1370041 0.9519947 0.120802 0.9402343 0.1461449 0.9219241 0.8294775 0.1915898 0.8206177 0.2095846 0.7957567 0.1897739 0.8288804 0.170578 0.8294775 0.1915898 0.805664 0.172583 0.1519555 0.9610085 0.1370041 0.9519947 0.1609246 0.9345402 0.173249 0.9720294 0.1619802 0.9665002 0.1812872 0.9515937 0.826115 0.1400306 0.8273912 0.1556681 0.8071321 0.1393425 0.8291068 0.1297305 0.826115 0.1400306 0.8074986 0.1248596 0.7146245 0.02271294 0.6983008 0.009571552 0.747074 0.03057044 0.2567178 0.1084676 0.2462181 0.1189463 0.2993277 0.03094995 0.3443026 0.2550325 0.3370122 0.3102892 0.316099 0.3084726 0.3370122 0.3102892 0.3313186 0.3497068 0.3101414 0.3478928 0.3313186 0.3497068 0.3277389 0.3779178 0.306514 0.3763626 0.306514 0.3763626 0.3277389 0.3779178 0.3242065 0.4115231 0.3028397 0.4101786 0.3242065 0.4115231 0.3189536 0.4679791 0.3189536 0.4679791 0.31744 0.491993 0.2954793 0.4914695 0.31744 0.491993 0.3172292 0.5383265 0.295161 0.5384994 0.3179521 0.5648851 0.2956961 0.5656317 0.295161 0.5384994 0.3210585 0.5977452 0.2991451 0.599411 0.2956961 0.5656317 0.2991451 0.599411 0.3210585 0.5977452 0.3245866 0.6217781 0.3028203 0.6240105 0.3245866 0.6217781 0.3324896 0.6630965 0.3324896 0.6630965 0.3368932 0.684825 0.3155492 0.6873925 0.3368932 0.684825 0.3409182 0.7071663 0.3191903 0.7095517 0.3409182 0.7071663 0.3447459 0.7283939 0.3229369 0.7308703 0.3447459 0.7283939 0.3487336 0.7504772 0.3271439 0.7527271 0.3487336 0.7504772 0.3522253 0.7726272 0.3304843 0.7747319 0.3522253 0.7726272 0.3557243 0.7950856 0.3337129 0.7972215 0.3557243 0.7950856 0.3582097 0.815512 0.3377472 0.8160997 0.3573139 0.8375884 0.3358247 0.8361356 0.3377472 0.8160997 0.3549954 0.8535238 0.3331144 0.8512181 0.3358247 0.8361356 0.3549954 0.8535238 0.3520574 0.8700003 0.3295762 0.8676431 0.3520574 0.8700003 0.3498301 0.8815452 0.3289187 0.8784523 0.3448598 0.8977554 0.3249539 0.8917346 0.3289187 0.8784523 0.2989148 0.9268002 0.3101467 0.9344385 0.3027634 0.9407055 0.3448598 0.8977554 0.3101467 0.9344385 0.2989148 0.9268002 0.3094014 0.9023641 0.3249539 0.8917346 0.2989148 0.9268002 0.1884692 0.9932921 0.1916347 0.9783027 0.2357121 0.9673197 0.2052707 0.9698393 0.2440454 0.9629905 0.2357121 0.9673197 0.2220761 0.960203 0.252443 0.9583814 0.2440454 0.9629905 0.2400344 0.9496111 0.2607018 0.9534492 0.252443 0.9583814 0.2582429 0.9381389 0.2687736 0.9482702 0.2607018 0.9534492 0.2582429 0.9381389 0.2760125 0.9261314 0.2766954 0.942975 0.2760125 0.9261314 0.2930793 0.9140649 0.2843769 0.9375494 0.2930793 0.9140649 0.3094014 0.9023641 0.291801 0.932079 0.2440454 0.9629905 0.2528373 0.9736371 0.2431885 0.9785288 0.252443 0.9583814 0.2618511 0.9685309 0.2528373 0.9736371 0.2607018 0.9534492 0.2705031 0.9632576 0.2618511 0.9685309 0.2687736 0.9482702 0.2788946 0.9578377 0.2705031 0.9632576 0.2766954 0.942975 0.2870765 0.9522828 0.2788946 0.9578377 0.2843769 0.9375494 0.295042 0.9465829 0.2870765 0.9522828 0.291801 0.932079 0.3027634 0.9407055 0.295042 0.9465829 0.3184964 0.04335403 0.3109285 0.05235528 0.3047177 0.02691477 0.3109285 0.05235528 0.3028897 0.06104868 0.3039513 0.02710127 0.3028897 0.06104868 0.2944127 0.06993544 0.3031756 0.02755558 0.2944127 0.06993544 0.2855058 0.07917398 0.3023908 0.02815324 0.2855058 0.07917398 0.2762147 0.08872246 0.3016188 0.02882152 0.2762147 0.08872246 0.266602 0.09850269 0.3008589 0.02952098 0.266602 0.09850269 0.2567178 0.1084676 0.3000991 0.03023362 0.8125664 0.1015617 0.7961362 0.07006835 0.8031451 0.07571089 0.7962427 0.08842027 0.7891273 0.06442582 0.7961362 0.07006835 0.7799191 0.07527881 0.7821185 0.05878329 0.7891273 0.06442582 0.7635954 0.06213736 0.7751095 0.05314069 0.7821185 0.05878329 0.7635954 0.06213736 0.7472718 0.04899591 0.7681007 0.04749816 0.7472718 0.04899591 0.7309481 0.03585445 0.7610917 0.04185563 0.7309481 0.03585445 0.7146245 0.02271294 0.7540829 0.03621304 0.6898855 0.01305741 0.7072882 0.02764153 0.6958007 0.0338338 0.7072882 0.02764153 0.7246908 0.04222565 0.714417 0.04900479 0.7246908 0.04222565 0.7420935 0.05680984 0.7330334 0.06417578 0.7594962 0.07139396 0.7516497 0.07934671 0.7330334 0.06417578 0.7768988 0.08597809 0.770266 0.09451764 0.7516497 0.07934671 0.7943015 0.1005622 0.7888823 0.1096887 0.770266 0.09451764 0.8117041 0.1151463 0.8074986 0.1248596 0.7888823 0.1096887 0.6771844 0.01866281 0.6958007 0.0338338 0.6855773 0.04138863 0.714417 0.04900479 0.7058365 0.05771422 0.6855773 0.04138863 0.7330334 0.06417578 0.7260956 0.07403993 0.7058365 0.05771422 0.7516497 0.07934671 0.7463548 0.09036558 0.7260956 0.07403993 0.770266 0.09451764 0.7666138 0.1066912 0.7463548 0.09036558 0.7888823 0.1096887 0.7868729 0.1230168 0.7666138 0.1066912 0.8074986 0.1248596 0.8071321 0.1393425 0.7868729 0.1230168 0.3295762 0.8676431 0.3076936 0.8800874 0.3099424 0.8661496 0.3076936 0.8800874 0.2879517 0.8931291 0.2876596 0.8801184 0.2879517 0.8931291 0.2683753 0.9066201 0.2661107 0.8945044 0.2683753 0.9066201 0.2485216 0.9202108 0.2445779 0.9090564 0.2485216 0.9202108 0.228507 0.9335355 0.2230017 0.923471 0.228507 0.9335355 0.2087685 0.9463577 0.2017176 0.9375755 0.2087685 0.9463577 0.1900742 0.9588769 0.1812872 0.9515937 0.3358247 0.8361356 0.3119661 0.8522917 0.3128315 0.8326181 0.3119661 0.8522917 0.2879136 0.8677716 0.2867806 0.8497315 0.2879136 0.8677716 0.264494 0.8831325 0.2609504 0.8666644 0.264494 0.8831325 0.241335 0.8986977 0.23548 0.8836236 0.241335 0.8986977 0.2182482 0.9142063 0.2102363 0.9005939 0.2182482 0.9142063 0.1954539 0.9295248 0.1853089 0.9175044 0.1954539 0.9295248 0.173355 0.944873 0.1609246 0.9345402 0.6548635 0.03074669 0.6766157 0.04822564 0.6627833 0.05854201 0.6983677 0.06570452 0.6865968 0.07754886 0.6627833 0.05854201 0.7201198 0.08318346 0.7104102 0.0965557 0.6865968 0.07754886 0.7418719 0.1006624 0.7342237 0.1155626 0.7104102 0.0965557 0.763624 0.1181413 0.7580371 0.1345694 0.7342237 0.1155626 0.7853761 0.1356202 0.7818506 0.1535762 0.7580371 0.1345694 0.8071282 0.1530991 0.805664 0.172583 0.7818506 0.1535762 0.6389699 0.03953522 0.6627833 0.05854201 0.6465906 0.07090961 0.6865968 0.07754886 0.6714515 0.09072029 0.6465906 0.07090961 0.7104102 0.0965557 0.6963126 0.110531 0.6714515 0.09072029 0.7342237 0.1155626 0.7211735 0.1303418 0.6963126 0.110531 0.7580371 0.1345694 0.7460346 0.1501525 0.7211735 0.1303418 0.7818506 0.1535762 0.7708956 0.1699633 0.7460346 0.1501525 0.805664 0.172583 0.7957567 0.1897739 0.7708956 0.1699633 0.3377472 0.8160997 0.3128315 0.8326181 0.3051219 0.8146224 0.3128315 0.8326181 0.2867806 0.8497315 0.2778829 0.8325746 0.2867806 0.8497315 0.2609504 0.8666644 0.2509136 0.85044 0.2609504 0.8666644 0.23548 0.8836236 0.2242656 0.8682731 0.23548 0.8836236 0.2102363 0.9005939 0.1978989 0.8861045 0.2102363 0.9005939 0.1853089 0.9175044 0.1718399 0.9039428 0.1853089 0.9175044 0.1609246 0.9345402 0.1461449 0.9219241 0.6313965 0.08465492 0.617919 0.0990923 0.5905458 0.07735419 0.6575829 0.1054825 0.6452924 0.1208305 0.617919 0.0990923 0.6837694 0.12631 0.6726657 0.1425687 0.6452924 0.1208305 0.7099558 0.1471375 0.700039 0.1643068 0.6726657 0.1425687 0.7361422 0.1679651 0.7274124 0.186045 0.700039 0.1643068 0.7623288 0.1887927 0.7547858 0.2077832 0.7274124 0.186045 0.7885153 0.2096202 0.7821592 0.2295213 0.7547858 0.2077832 0.617919 0.0990923 0.6052808 0.115078 0.5770202 0.0926972 0.6452924 0.1208305 0.6335416 0.1374588 0.6052808 0.115078 0.6726657 0.1425687 0.6618022 0.1598396 0.6335416 0.1374588 0.700039 0.1643068 0.6900631 0.1822203 0.6618022 0.1598396 0.7274124 0.186045 0.7183238 0.2046012 0.6900631 0.1822203 0.7547858 0.2077832 0.7465847 0.2269819 0.7183238 0.2046012 0.7821592 0.2295213 0.7748456 0.2493627 0.7465847 0.2269819 0.5937461 0.1300066 0.5828939 0.1462024 0.5528388 0.1223941 0.622904 0.1531012 0.612949 0.1700108 0.5828939 0.1462024 0.652062 0.1761958 0.6430042 0.1938191 0.612949 0.1700108 0.6812199 0.1992903 0.6730595 0.2176274 0.6430042 0.1938191 0.710378 0.222385 0.7031147 0.2414358 0.6730595 0.2176274 0.7395361 0.2454795 0.7331701 0.2652443 0.7031147 0.2414358 0.7686944 0.2685741 0.7632257 0.2890524 0.7331701 0.2652443 0.3191903 0.7095517 0.2866756 0.7321329 0.2827606 0.7106191 0.2866756 0.7321329 0.2545192 0.7541841 0.2497639 0.7336049 0.2545192 0.7541841 0.2227714 0.7759515 0.2171033 0.7562886 0.2227714 0.7759515 0.1914175 0.7975048 0.184825 0.778723 0.1914175 0.7975048 0.1603991 0.8188999 0.1528974 0.8009474 0.1603991 0.8188999 0.1296074 0.8401811 0.1212255 0.822983 0.1296074 0.8401811 0.09885615 0.861433 0.08957993 0.8448621 0.5828939 0.1462024 0.5717389 0.1631808 0.540987 0.1388676 0.612949 0.1700108 0.602491 0.187494 0.5717389 0.1631808 0.6430042 0.1938191 0.6332432 0.2118074 0.602491 0.187494 0.6730595 0.2176274 0.6639953 0.2361207 0.6332432 0.2118074 0.7031147 0.2414358 0.6947476 0.260434 0.6639953 0.2361207 0.7331701 0.2652443 0.7255001 0.2847474 0.6947476 0.260434 0.7632257 0.2890524 0.7562527 0.3090605 0.7255001 0.2847474 0.5522813 0.1956711 0.5464113 0.2184385 0.5142564 0.1931872 0.5842682 0.2209101 0.5785664 0.2436899 0.5464113 0.2184385 0.6162551 0.2461491 0.6107214 0.2689414 0.5785664 0.2436899 0.6482422 0.2713882 0.6428767 0.294193 0.6107214 0.2689414 0.6802294 0.2966272 0.6750322 0.3194445 0.6428767 0.294193 0.712217 0.3218663 0.7071881 0.344696 0.6750322 0.3194445 0.7442048 0.3471051 0.7393445 0.3699472 0.7071881 0.344696 0.3028203 0.6240105 0.2672694 0.6493406 0.2635833 0.6251858 0.2672694 0.6493406 0.2323533 0.6743267 0.2285097 0.6504697 0.2323533 0.6743267 0.1978542 0.6990423 0.1938732 0.6754563 0.1978542 0.6990423 0.1637375 0.723474 0.1596287 0.7001627 0.1637375 0.723474 0.1300122 0.7476231 0.125781 0.7245882 0.1300122 0.7476231 0.0966826 0.77148 0.09232687 0.7487303 0.0966826 0.77148 0.06383645 0.7949823 0.05931359 0.7725861 0.2956961 0.5656317 0.2604101 0.5920646 0.2609212 0.5652021 0.2604101 0.5920646 0.2255704 0.6177442 0.226301 0.5911619 0.2255704 0.6177442 0.1910835 0.6430263 0.1918826 0.6166954 0.1910835 0.6430263 0.1569579 0.6680172 0.1577572 0.6419112 0.1569579 0.6680172 0.1232171 0.6927459 0.1239771 0.6668744 0.1232171 0.6927459 0.08989512 0.7171912 0.09061032 0.6915988 0.08989512 0.7171912 0.05690801 0.7413661 0.05773711 0.7159849 0.5425273 0.250059 0.5422528 0.2756382 0.5101829 0.2505034 0.5745925 0.2752391 0.5743229 0.3007731 0.5422528 0.2756382 0.6066579 0.3004192 0.6063933 0.3259082 0.5743229 0.3007731 0.6387235 0.3255996 0.638464 0.3510436 0.6063933 0.3259082 0.6707895 0.3507801 0.6705352 0.3761789 0.638464 0.3510436 0.7028562 0.3759603 0.7026073 0.4013141 0.6705352 0.3761789 0.7349236 0.4011402 0.7346806 0.4264488 0.7026073 0.4013141 0.5422528 0.2756382 0.5445954 0.321745 0.51284 0.2968894 0.5743229 0.3007731 0.5763509 0.3466008 0.5445954 0.321745 0.6063933 0.3259082 0.6081069 0.3714569 0.5763509 0.3466008 0.638464 0.3510436 0.6398633 0.3963134 0.6081069 0.3714569 0.6705352 0.3761789 0.6716209 0.4211701 0.6398633 0.3963134 0.7026073 0.4013141 0.7033802 0.4460267 0.6716209 0.4211701 0.7346806 0.4264488 0.7351422 0.4708821 0.7033802 0.4460267 0.295161 0.5384994 0.2609212 0.5652021 0.2618317 0.5180421 0.2609212 0.5652021 0.226301 0.5911619 0.2281464 0.5441293 0.226301 0.5911619 0.1918826 0.6166954 0.1943703 0.5698227 0.1918826 0.6166954 0.1577572 0.6419112 0.1606894 0.595188 0.1577572 0.6419112 0.1239771 0.6668744 0.1272092 0.6203004 0.1239771 0.6668744 0.09061032 0.6915988 0.0940206 0.6452221 0.09061032 0.6915988 0.05773711 0.7159849 0.06124734 0.6700209 0.550462 0.3477525 0.5661188 0.4096658 0.5361195 0.3862466 0.5817627 0.3722064 0.5961184 0.4330858 0.5661188 0.4096658 0.6130637 0.3966606 0.626119 0.456507 0.5961184 0.4330858 0.6443654 0.4211151 0.6561217 0.4799295 0.626119 0.456507 0.6756689 0.4455703 0.6861283 0.5033524 0.6561217 0.4799295 0.7069749 0.470025 0.7161408 0.5267748 0.6861283 0.5033524 0.7382848 0.4944784 0.7461612 0.5501938 0.7161408 0.5267748 0.5661188 0.4096658 0.5765949 0.4474211 0.5474935 0.4247149 0.5961184 0.4330858 0.605697 0.4701293 0.5765949 0.4474211 0.626119 0.456507 0.6348009 0.4928393 0.605697 0.4701293 0.6561217 0.4799295 0.6639086 0.5155511 0.6348009 0.4928393 0.6861283 0.5033524 0.693023 0.5382639 0.6639086 0.5155511 0.7161408 0.5267748 0.722148 0.5609745 0.693023 0.5382639 0.7461612 0.5501938 0.7512853 0.5836781 0.722148 0.5609745 0.5858809 0.4790229 0.6007162 0.5236374 0.5734108 0.5023518 0.6142652 0.5011625 0.6280242 0.5449268 0.6007162 0.5236374 0.6426524 0.5233049 0.6553393 0.566221 0.6280242 0.5449268 0.6710458 0.54545 0.6826699 0.5875191 0.6553393 0.566221 0.6994507 0.5675958 0.7100282 0.6088158 0.6826699 0.5875191 0.7278738 0.5897373 0.7374069 0.6300976 0.7100282 0.6088158 0.756312 0.6118642 0.7648029 0.6513528 0.7374069 0.6300976 0.3101414 0.3478928 0.2815677 0.3710946 0.2891289 0.3305514 0.2815677 0.3710946 0.252778 0.3941741 0.2617591 0.3526807 0.252778 0.3941741 0.2237907 0.4172303 0.2341456 0.3747514 0.2237907 0.4172303 0.1945713 0.4402637 0.2063152 0.3967933 0.1945713 0.4402637 0.1651637 0.4632421 0.1782655 0.4188257 0.1651637 0.4632421 0.1356511 0.4861415 0.1500411 0.4408418 0.1356511 0.4861415 0.1061063 0.5089567 0.1217222 0.4628171 0.6007162 0.5236374 0.6224989 0.5885694 0.5970315 0.5687344 0.6280242 0.5449268 0.647979 0.6084152 0.6224989 0.5885694 0.6553393 0.566221 0.6734853 0.6282714 0.647979 0.6084152 0.6826699 0.5875191 0.6990363 0.6481359 0.6734853 0.6282714 0.7100282 0.6088158 0.7246087 0.6679836 0.6990363 0.6481359 0.7374069 0.6300976 0.7502034 0.687804 0.7246087 0.6679836 0.7648029 0.6513528 0.7758609 0.7075943 0.7502034 0.687804 0.6470697 0.6603575 0.6765867 0.7454035 0.6557047 0.7290514 0.6704493 0.6785612 0.6975842 0.7618216 0.6765867 0.7454035 0.6938994 0.6967898 0.7184939 0.7781558 0.6975842 0.7618216 0.7173525 0.7149906 0.7394684 0.794491 0.7184939 0.7781558 0.7408336 0.733169 0.7606956 0.8109012 0.7394684 0.794491 0.7644319 0.7513465 0.7823106 0.8273979 0.7606956 0.8109012 0.7882517 0.7695253 0.8043776 0.8439286 0.7823106 0.8273979 0.3308888 0.1937094 0.3084977 0.2121927 0.3195117 0.1415472 0.3084977 0.2121927 0.2858228 0.230588 0.3002488 0.1574198 0.2858228 0.230588 0.2629304 0.2489514 0.2805471 0.173343 0.2629304 0.2489514 0.2398436 0.2673161 0.2604958 0.189325 0.2398436 0.2673161 0.2166087 0.2856661 0.2401862 0.2053537 0.2166087 0.2856661 0.1932416 0.3039894 0.2197344 0.2213814 0.1932416 0.3039894 0.1696563 0.322342 0.1992956 0.237307 0.3343917 0.07984787 0.3202201 0.09201556 0.3109285 0.05235528 0.3202201 0.09201556 0.3059703 0.1040361 0.3028897 0.06104868 0.3059703 0.1040361 0.291288 0.1161524 0.2944127 0.06993544 0.291288 0.1161524 0.276179 0.1284173 0.2855058 0.07917398 0.276179 0.1284173 0.2606947 0.1408313 0.2762147 0.08872246 0.2606947 0.1408313 0.2448945 0.1533849 0.266602 0.09850269 0.2448945 0.1533849 0.2288439 0.1660658 0.2567178 0.1084676 0.7068784 0.8198336 0.7345618 0.8829209 0.7244411 0.8720468 0.7231843 0.8330929 0.7453334 0.8943068 0.7345618 0.8829209 0.7396916 0.8464402 0.7566602 0.9059807 0.7453334 0.8943068 0.7566254 0.8599757 0.7684805 0.9178143 0.7566602 0.9059807 0.7740685 0.8736611 0.7807439 0.9297101 0.7684805 0.9178143 0.7920344 0.8874028 0.7933967 0.9415898 0.7807439 0.9297101 0.810507 0.9010897 0.8063784 0.9533859 0.7933967 0.9415898 0.7345618 0.8829209 0.7819679 0.9800888 0.7766496 0.9738332 0.7453334 0.8943068 0.7865375 0.9855698 0.7819679 0.9800888 0.7566602 0.9059807 0.790255 0.9901216 0.7865375 0.9855698 0.7684805 0.9178143 0.7930768 0.9936403 0.790255 0.9901216 0.7807439 0.9297101 0.7950587 0.9961473 0.7930768 0.9936403 0.7933967 0.9415898 0.7963493 0.997795 0.7950587 0.9961473 0.8063784 0.9533859 0.7971495 0.9988233 0.7963493 0.997795 0.3047177 0.02691477 0.2879865 0.005275428 0.2888002 0.005039453 0.3039513 0.02710127 0.2871702 0.005500614 0.2879865 0.005275428 0.3039513 0.02710127 0.3031756 0.02755558 0.2863464 0.005718708 0.3023908 0.02815324 0.2855148 0.00593245 0.2863464 0.005718708 0.3016188 0.02882152 0.284676 0.006142497 0.2855148 0.00593245 0.3008589 0.02952098 0.2838305 0.006349325 0.284676 0.006142497 0.3000991 0.03023362 0.2829792 0.006552636 0.2838305 0.006349325 0.3383132 0.12585 0.3195117 0.1415472 0.3202201 0.09201556 0.3195117 0.1415472 0.3002488 0.1574198 0.3059703 0.1040361 0.3002488 0.1574198 0.2805471 0.173343 0.291288 0.1161524 0.2805471 0.173343 0.2604958 0.189325 0.276179 0.1284173 0.2604958 0.189325 0.2401862 0.2053537 0.2606947 0.1408313 0.2401862 0.2053537 0.2197344 0.2213814 0.2448945 0.1533849 0.2197344 0.2213814 0.1992956 0.237307 0.2288439 0.1660658 0.6765867 0.7454035 0.7068784 0.8198336 0.6902123 0.8062775 0.6975842 0.7618216 0.7231843 0.8330929 0.7068784 0.8198336 0.7184939 0.7781558 0.7396916 0.8464402 0.7231843 0.8330929 0.7394684 0.794491 0.7566254 0.8599757 0.7396916 0.8464402 0.7606956 0.8109012 0.7740685 0.8736611 0.7566254 0.8599757 0.7823106 0.8273979 0.7920344 0.8874028 0.7740685 0.8736611 0.8043776 0.8439286 0.810507 0.9010897 0.7920344 0.8874028 0.6224989 0.5885694 0.6470697 0.6603575 0.6237355 0.6421802 0.647979 0.6084152 0.6704493 0.6785612 0.6470697 0.6603575 0.6734853 0.6282714 0.6938994 0.6967898 0.6704493 0.6785612 0.6990363 0.6481359 0.7173525 0.7149906 0.6938994 0.6967898 0.7246087 0.6679836 0.7408336 0.733169 0.7173525 0.7149906 0.7502034 0.687804 0.7644319 0.7513465 0.7408336 0.733169 0.7758609 0.7075943 0.7882517 0.7695253 0.7644319 0.7513465 0.316099 0.3084726 0.2891289 0.3305514 0.2985078 0.2737084 0.2891289 0.3305514 0.2617591 0.3526807 0.2733536 0.2940239 0.2617591 0.3526807 0.2341456 0.3747514 0.2479632 0.3143749 0.2341456 0.3747514 0.2063152 0.3967933 0.2223756 0.3347208 0.2063152 0.3967933 0.1782655 0.4188257 0.1965957 0.3550593 0.1782655 0.4188257 0.1500411 0.4408418 0.1705936 0.3754201 0.1500411 0.4408418 0.1217222 0.4628171 0.1443883 0.3958201 0.3235335 0.2533765 0.2985078 0.2737084 0.3084977 0.2121927 0.2985078 0.2737084 0.2733536 0.2940239 0.2858228 0.230588 0.2733536 0.2940239 0.2479632 0.3143749 0.2629304 0.2489514 0.2479632 0.3143749 0.2223756 0.3347208 0.2398436 0.2673161 0.2223756 0.3347208 0.1965957 0.3550593 0.2166087 0.2856661 0.1965957 0.3550593 0.1705936 0.3754201 0.1932416 0.3039894 0.1705936 0.3754201 0.1443883 0.3958201 0.1696563 0.322342 0.5765949 0.4474211 0.5858809 0.4790229 0.5574981 0.4568856 0.605697 0.4701293 0.6142652 0.5011625 0.5858809 0.4790229 0.6348009 0.4928393 0.6426524 0.5233049 0.6142652 0.5011625 0.6639086 0.5155511 0.6710458 0.54545 0.6426524 0.5233049 0.693023 0.5382639 0.6994507 0.5675958 0.6710458 0.54545 0.722148 0.5609745 0.7278738 0.5897373 0.6994507 0.5675958 0.7512853 0.5836781 0.756312 0.6118642 0.7278738 0.5897373 0.3028397 0.4101786 0.2723949 0.4347972 0.2769897 0.4001423 0.2723949 0.4347972 0.2415524 0.459462 0.2473313 0.4238959 0.2415524 0.459462 0.2103733 0.4839975 0.2174017 0.4476392 0.2103733 0.4839975 0.1790041 0.50836 0.1872298 0.4713016 0.1790041 0.50836 0.1475605 0.532536 0.1569114 0.4948493 0.1475605 0.532536 0.1161336 0.5565308 0.1265372 0.5182701 0.1161336 0.5565308 0.08475893 0.5803872 0.09618532 0.5415464 0.306514 0.3763626 0.2769897 0.4001423 0.2815677 0.3710946 0.2769897 0.4001423 0.2473313 0.4238959 0.252778 0.3941741 0.2473313 0.4238959 0.2174017 0.4476392 0.2237907 0.4172303 0.2174017 0.4476392 0.1872298 0.4713016 0.1945713 0.4402637 0.1872298 0.4713016 0.1569114 0.4948493 0.1651637 0.4632421 0.1569114 0.4948493 0.1265372 0.5182701 0.1356511 0.4861415 0.1265372 0.5182701 0.09618532 0.5415464 0.1061063 0.5089567 0.5445954 0.321745 0.550462 0.3477525 0.5191617 0.323299 0.5763509 0.3466008 0.5817627 0.3722064 0.550462 0.3477525 0.6081069 0.3714569 0.6130637 0.3966606 0.5817627 0.3722064 0.6398633 0.3963134 0.6443654 0.4211151 0.6130637 0.3966606 0.6716209 0.4211701 0.6756689 0.4455703 0.6443654 0.4211151 0.7033802 0.4460267 0.7069749 0.470025 0.6756689 0.4455703 0.7351422 0.4708821 0.7382848 0.4944784 0.7069749 0.470025 0.2974693 0.4669222 0.265067 0.4931431 0.2723949 0.4347972 0.265067 0.4931431 0.2321419 0.5188968 0.2415524 0.459462 0.2321419 0.5188968 0.1990593 0.5443556 0.2103733 0.4839975 0.1990593 0.5443556 0.1659626 0.5695067 0.1790041 0.50836 0.1659626 0.5695067 0.132972 0.594405 0.1475605 0.532536 0.132972 0.594405 0.1001716 0.6191161 0.1161336 0.5565308 0.1001716 0.6191161 0.06766605 0.6436991 0.08475893 0.5803872 0.2954793 0.4914695 0.2618317 0.5180421 0.265067 0.4931431 0.2618317 0.5180421 0.2281464 0.5441293 0.2321419 0.5188968 0.2281464 0.5441293 0.1943703 0.5698227 0.1990593 0.5443556 0.1943703 0.5698227 0.1606894 0.595188 0.1659626 0.5695067 0.1606894 0.595188 0.1272092 0.6203004 0.132972 0.594405 0.1272092 0.6203004 0.0940206 0.6452221 0.1001716 0.6191161 0.0940206 0.6452221 0.06124734 0.6700209 0.06766605 0.6436991 0.2991451 0.599411 0.2635833 0.6251858 0.2604101 0.5920646 0.2635833 0.6251858 0.2285097 0.6504697 0.2255704 0.6177442 0.2285097 0.6504697 0.1938732 0.6754563 0.1910835 0.6430263 0.1938732 0.6754563 0.1596287 0.7001627 0.1569579 0.6680172 0.1596287 0.7001627 0.125781 0.7245882 0.1232171 0.6927459 0.125781 0.7245882 0.09232687 0.7487303 0.08989512 0.7171912 0.09232687 0.7487303 0.05931359 0.7725861 0.05690801 0.7413661 0.5464113 0.2184385 0.5425273 0.250059 0.5104622 0.224879 0.5785664 0.2436899 0.5745925 0.2752391 0.5425273 0.250059 0.6107214 0.2689414 0.6066579 0.3004192 0.5745925 0.2752391 0.6428767 0.294193 0.6387235 0.3255996 0.6066579 0.3004192 0.6750322 0.3194445 0.6707895 0.3507801 0.6387235 0.3255996 0.7071881 0.344696 0.7028562 0.3759603 0.6707895 0.3507801 0.7393445 0.3699472 0.7349236 0.4011402 0.7028562 0.3759603 0.5717389 0.1631808 0.5522813 0.1956711 0.5202946 0.1704323 0.602491 0.187494 0.5842682 0.2209101 0.5522813 0.1956711 0.6332432 0.2118074 0.6162551 0.2461491 0.5842682 0.2209101 0.6639953 0.2361207 0.6482422 0.2713882 0.6162551 0.2461491 0.6947476 0.260434 0.6802294 0.2966272 0.6482422 0.2713882 0.7255001 0.2847474 0.712217 0.3218663 0.6802294 0.2966272 0.7562527 0.3090605 0.7442048 0.3471051 0.712217 0.3218663 0.3155492 0.6873925 0.2827606 0.7106191 0.2770467 0.6894912 0.2827606 0.7106191 0.2497639 0.7336049 0.2434519 0.7131924 0.2497639 0.7336049 0.2171033 0.7562886 0.2101391 0.7365855 0.2171033 0.7562886 0.184825 0.778723 0.1771909 0.7597114 0.184825 0.778723 0.1528974 0.8009474 0.1446062 0.7825929 0.1528974 0.8009474 0.1212255 0.822983 0.1123305 0.8052271 0.1212255 0.822983 0.08957993 0.8448621 0.08019495 0.8275458 0.3110027 0.6657423 0.2770467 0.6894912 0.2672694 0.6493406 0.2770467 0.6894912 0.2434519 0.7131924 0.2323533 0.6743267 0.2434519 0.7131924 0.2101391 0.7365855 0.1978542 0.6990423 0.2101391 0.7365855 0.1771909 0.7597114 0.1637375 0.723474 0.1771909 0.7597114 0.1446062 0.7825929 0.1300122 0.7476231 0.1446062 0.7825929 0.1123305 0.8052271 0.0966826 0.77148 0.1123305 0.8052271 0.08019495 0.8275458 0.06383645 0.7949823 0.6052808 0.115078 0.5937461 0.1300066 0.5645882 0.1069121 0.6335416 0.1374588 0.622904 0.1531012 0.5937461 0.1300066 0.6618022 0.1598396 0.652062 0.1761958 0.622904 0.1531012 0.6900631 0.1822203 0.6812199 0.1992903 0.652062 0.1761958 0.7183238 0.2046012 0.710378 0.222385 0.6812199 0.1992903 0.7465847 0.2269819 0.7395361 0.2454795 0.710378 0.222385 0.7748456 0.2493627 0.7686944 0.2685741 0.7395361 0.2454795 0.3271439 0.7527271 0.2965431 0.7732886 0.2911381 0.75234 0.2965431 0.7732886 0.2661617 0.7934793 0.2598977 0.7734705 0.2661617 0.7934793 0.2363071 0.8134928 0.2290826 0.7943273 0.2363071 0.8134928 0.2068654 0.8334164 0.1986764 0.8150267 0.2068654 0.8334164 0.1777423 0.8532799 0.1685965 0.8356209 0.1777423 0.8532799 0.1488784 0.8731419 0.138749 0.8561667 0.1488784 0.8731419 0.1202203 0.8931021 0.1090266 0.8767899 0.3229369 0.7308703 0.2911381 0.75234 0.2866756 0.7321329 0.2911381 0.75234 0.2598977 0.7734705 0.2545192 0.7541841 0.2598977 0.7734705 0.2290826 0.7943273 0.2227714 0.7759515 0.2290826 0.7943273 0.1986764 0.8150267 0.1914175 0.7975048 0.1986764 0.8150267 0.1685965 0.8356209 0.1603991 0.8188999 0.1685965 0.8356209 0.138749 0.8561667 0.1296074 0.8401811 0.138749 0.8561667 0.1090266 0.8767899 0.09885615 0.861433 0.6465906 0.07090961 0.6313965 0.08465492 0.6052101 0.06382739 0.6714515 0.09072029 0.6575829 0.1054825 0.6313965 0.08465492 0.6963126 0.110531 0.6837694 0.12631 0.6575829 0.1054825 0.7211735 0.1303418 0.7099558 0.1471375 0.6837694 0.12631 0.7460346 0.1501525 0.7361422 0.1679651 0.7099558 0.1471375 0.7708956 0.1699633 0.7623288 0.1887927 0.7361422 0.1679651 0.7957567 0.1897739 0.7885153 0.2096202 0.7623288 0.1887927 0.3304843 0.7747319 0.300612 0.7941424 0.2965431 0.7732886 0.300612 0.7941424 0.2715611 0.8131142 0.2661617 0.7934793 0.2715611 0.8131142 0.2430807 0.8320952 0.2363071 0.8134928 0.2430807 0.8320952 0.2149574 0.8510158 0.2068654 0.8334164 0.2149574 0.8510158 0.1871382 0.869911 0.1777423 0.8532799 0.1871382 0.869911 0.1596053 0.8888258 0.1488784 0.8731419 0.1596053 0.8888258 0.1323665 0.9078678 0.1202203 0.8931021 0.3337129 0.7972215 0.3051219 0.8146224 0.300612 0.7941424 0.3051219 0.8146224 0.2778829 0.8325746 0.2715611 0.8131142 0.2778829 0.8325746 0.2509136 0.85044 0.2430807 0.8320952 0.2509136 0.85044 0.2242656 0.8682731 0.2149574 0.8510158 0.2242656 0.8682731 0.1978989 0.8861045 0.1871382 0.869911 0.1978989 0.8861045 0.1718399 0.9039428 0.1596053 0.8888258 0.1718399 0.9039428 0.1461449 0.9219241 0.1323665 0.9078678 0.3331144 0.8512181 0.3099424 0.8661496 0.3119661 0.8522917 0.3099424 0.8661496 0.2876596 0.8801184 0.2879136 0.8677716 0.2876596 0.8801184 0.2661107 0.8945044 0.264494 0.8831325 0.2661107 0.8945044 0.2445779 0.9090564 0.241335 0.8986977 0.2445779 0.9090564 0.2230017 0.923471 0.2182482 0.9142063 0.2230017 0.923471 0.2017176 0.9375755 0.1954539 0.9295248 0.2017176 0.9375755 0.1812872 0.9515937 0.173355 0.944873 0.6653182 0.02506297 0.6855773 0.04138863 0.6766157 0.04822564 0.7058365 0.05771422 0.6983677 0.06570452 0.6766157 0.04822564 0.7260956 0.07403993 0.7201198 0.08318346 0.6983677 0.06570452 0.7463548 0.09036558 0.7418719 0.1006624 0.7201198 0.08318346 0.7666138 0.1066912 0.763624 0.1181413 0.7418719 0.1006624 0.7868729 0.1230168 0.7853761 0.1356202 0.763624 0.1181413 0.8071321 0.1393425 0.8071282 0.1530991 0.7853761 0.1356202 0.3289187 0.8784523 0.3100435 0.8896306 0.3076936 0.8800874 0.3100435 0.8896306 0.2921829 0.9022579 0.2879517 0.8931291 0.2921829 0.9022579 0.2740148 0.9153944 0.2683753 0.9066201 0.2740148 0.9153944 0.255314 0.928613 0.2485216 0.9202108 0.255314 0.928613 0.2362291 0.9414713 0.228507 0.9335355 0.217377 0.9536063 0.2087685 0.9463577 0.228507 0.9335355 0.1994467 0.9648284 0.1900742 0.9588769 0.2087685 0.9463577 0.1916347 0.9783027 0.184523 0.9762361 0.1994467 0.9648284 0.1994467 0.9648284 0.217377 0.9536063 0.2220761 0.960203 0.217377 0.9536063 0.2362291 0.9414713 0.2400344 0.9496111 0.2362291 0.9414713 0.255314 0.928613 0.2582429 0.9381389 0.255314 0.928613 0.2740148 0.9153944 0.2760125 0.9261314 0.2740148 0.9153944 0.2921829 0.9022579 0.2930793 0.9140649 0.2921829 0.9022579 0.3100435 0.8896306 0.3094014 0.9023641 0.6983008 0.009571552 0.7146245 0.02271294 0.7072882 0.02764153 0.7072882 0.02764153 0.7146245 0.02271294 0.7309481 0.03585445 0.7246908 0.04222565 0.7309481 0.03585445 0.7472718 0.04899591 0.7420935 0.05680984 0.7472718 0.04899591 0.7635954 0.06213736 0.7594962 0.07139396 0.7635954 0.06213736 0.7799191 0.07527881 0.7768988 0.08597809 0.7799191 0.07527881 0.7962427 0.08842027 0.7943015 0.1005622 0.7962427 0.08842027 0.8125664 0.1015617 0.8071282 0.1530991 0.8117041 0.1151463 0.8291068 0.1297305 0.6898855 0.01305741 0.747074 0.03057044 0.7540829 0.03621304 0.1234284 0.9647641 0.1057769 0.9520114 0.120802 0.9402343 0.1398173 0.9746353 0.1234284 0.9647641 0.1370041 0.9519947 0.1057769 0.9520114 0.08930766 0.9378204 0.1055536 0.9271326 0.07480031 0.9229827 0.06109142 0.9066448 0.07926714 0.8977184 0.08930766 0.9378204 0.07480031 0.9229827 0.09205073 0.9133478 0.06109142 0.9066448 0.04935812 0.8909995 0.0680564 0.8828565 0.03824591 0.8741828 0.02772992 0.8560398 0.04746776 0.8495445 0.04935812 0.8909995 0.03824591 0.8741828 0.05752837 0.8667705 0.01217722 0.821654 0.006590783 0.7981992 0.02709811 0.7960982 0.02772992 0.8560398 0.01217722 0.821654 0.03214657 0.8176539 0.006590783 0.7981992 0.003469705 0.7657935 0.02436083 0.7653663 0.003723442 0.7394038 0.00864911 0.6922462 0.02936583 0.6945082 0.003469705 0.7657935 0.003723442 0.7394038 0.02480548 0.7401127 0.00864911 0.6922462 0.01463222 0.665041 0.03545677 0.6682467 0.03262269 0.6003387 0.04486811 0.5605214 0.06578099 0.5646805 0.01463222 0.665041 0.03262269 0.6003387 0.05351841 0.6041839 0.04486811 0.5605214 0.05584996 0.5272091 0.07662802 0.5316359 0.07258921 0.4801263 0.09743016 0.4115345 0.1180834 0.4162151 0.05584996 0.5272091 0.07258921 0.4801263 0.09333473 0.4847499 0.1457749 0.340801 0.1252388 0.3360405 0.1586652 0.2480002 0.1180834 0.4162151 0.09743016 0.4115345 0.1252388 0.3360405 0.1586652 0.2480002 0.1943614 0.1724158 0.2130774 0.1784371 0.2280826 0.1135511 0.2820562 0.006773173 0.2993277 0.03094995 0.1943614 0.1724158 0.2280826 0.1135511 0.2462181 0.1189463 0.3235335 0.2533765 0.3308888 0.1937094 0.3516006 0.1951467 0.3383132 0.12585 0.3582097 0.1258941 0.3516006 0.1951467 0.3383132 0.12585 0.3343917 0.07984787 0.3534658 0.07703697 0.7943015 0.1005622 0.7891273 0.06442582 0.7961362 0.07006835 0.3498301 0.8815452 0.3101467 0.9344385 0.2989148 0.9268002 0.3573139 0.8375884 0.3498301 0.8815452 0.3289187 0.8784523 0.1461449 0.9219241 0.120802 0.9402343 0.1055536 0.9271326 0.1323665 0.9078678 0.1055536 0.9271326 0.09205073 0.9133478 0.8206177 0.2095846 0.8147019 0.2304477 0.7885153 0.2096202 0.1090266 0.8767899 0.07926714 0.8977184 0.0680564 0.8828565 0.1202203 0.8931021 0.09205073 0.9133478 0.07926714 0.8977184 0.8031065 0.2717434 0.7978525 0.2916685 0.7686944 0.2685741 0.08019495 0.8275458 0.04746776 0.8495445 0.03214657 0.8176539 0.08957993 0.8448621 0.05752837 0.8667705 0.04746776 0.8495445 0.7870053 0.3333735 0.776193 0.3723434 0.7442048 0.3471051 0.7715013 0.3951978 0.7669919 0.426319 0.7349236 0.4011402 0.05931359 0.7725861 0.02709811 0.7960982 0.02436083 0.7653663 0.06124734 0.6700209 0.02936583 0.6945082 0.03545677 0.6682467 0.06766605 0.6436991 0.03545677 0.6682467 0.05351841 0.6041839 0.7669078 0.4957352 0.769599 0.5189281 0.7382848 0.4944784 0.09618532 0.5415464 0.06578099 0.5646805 0.07662802 0.5316359 0.08475893 0.5803872 0.05351841 0.6041839 0.06578099 0.5646805 0.780431 0.6063645 0.7847601 0.6339628 0.756312 0.6118642 0.1443883 0.3958201 0.1180834 0.4162151 0.1457749 0.340801 0.1217222 0.4628171 0.09333473 0.4847499 0.1180834 0.4162151 0.8016421 0.7273402 0.8123832 0.7876746 0.7882517 0.7695253 0.8268926 0.8603903 0.8294775 0.9146252 0.810507 0.9010897 0.1992956 0.237307 0.1785835 0.2532587 0.2130774 0.1784371 0.2993277 0.03094995 0.2820562 0.006773173 0.2829792 0.006552636 0.3364256 0.03231924 0.3184964 0.04335403 0.3057155 0.02713614 0.3343917 0.07984787 0.3184964 0.04335403 0.3364256 0.03231924 0.8196281 0.9650388 0.7976679 0.9994928 0.7971495 0.9988233 0.8294775 0.9146252 0.8196281 0.9650388 0.8063784 0.9533859 0.2288439 0.1660658 0.2130774 0.1784371 0.2462181 0.1189463 0.1696563 0.322342 0.1457749 0.340801 0.1785835 0.2532587 0.8123832 0.7876746 0.8268926 0.8603903 0.8043776 0.8439286 0.7922339 0.6725678 0.8016421 0.7273402 0.7758609 0.7075943 0.1061063 0.5089567 0.07662802 0.5316359 0.09333473 0.4847499 0.7847601 0.6339628 0.7922339 0.6725678 0.7648029 0.6513528 0.7761877 0.5736043 0.780431 0.6063645 0.7512853 0.5836781 0.769599 0.5189281 0.7761877 0.5736043 0.7461612 0.5501938 0.05773711 0.7159849 0.02480548 0.7401127 0.02936583 0.6945082 0.7667554 0.4515818 0.7669078 0.4957352 0.7351422 0.4708821 0.7669919 0.426319 0.7667554 0.4515818 0.7346806 0.4264488 0.05690801 0.7413661 0.02436083 0.7653663 0.02480548 0.7401127 0.06383645 0.7949823 0.03214657 0.8176539 0.02709811 0.7960982 0.776193 0.3723434 0.7715013 0.3951978 0.7393445 0.3699472 0.7932813 0.3128605 0.7870053 0.3333735 0.7562527 0.3090605 0.09885615 0.861433 0.0680564 0.8828565 0.05752837 0.8667705 0.7978525 0.2916685 0.7932813 0.3128605 0.7632257 0.2890524 0.8095327 0.2512594 0.8031065 0.2717434 0.7748456 0.2493627 0.8147019 0.2304477 0.8095327 0.2512594 0.7821592 0.2295213 0.1609246 0.9345402 0.1370041 0.9519947 0.120802 0.9402343 0.8294775 0.1915898 0.8206177 0.2095846 0.7957567 0.1897739 0.8288804 0.170578 0.8294775 0.1915898 0.805664 0.172583 0.173355 0.944873 0.1519555 0.9610085 0.1370041 0.9519947 0.1519555 0.9610085 0.173355 0.944873 0.1994467 0.9648284 0.2989148 0.9268002 0.291801 0.932079 0.3100435 0.8896306 0.2567178 0.1084676 0.2462181 0.1189463 0.2993277 0.03094995 0.3370122 0.3102892 0.316099 0.3084726 0.3235335 0.2533765 0.3370122 0.3102892 0.3313186 0.3497068 0.3101414 0.3478928 0.3101414 0.3478928 0.3313186 0.3497068 0.3277389 0.3779178 0.306514 0.3763626 0.3277389 0.3779178 0.3242065 0.4115231 0.3242065 0.4115231 0.3189536 0.4679791 0.2974693 0.4669222 0.2974693 0.4669222 0.3189536 0.4679791 0.31744 0.491993 0.31744 0.491993 0.3172292 0.5383265 0.295161 0.5384994 0.3179521 0.5648851 0.2956961 0.5656317 0.295161 0.5384994 0.3210585 0.5977452 0.2991451 0.599411 0.2956961 0.5656317 0.3210585 0.5977452 0.3245866 0.6217781 0.3028203 0.6240105 0.3028203 0.6240105 0.3245866 0.6217781 0.3324896 0.6630965 0.3110027 0.6657423 0.3324896 0.6630965 0.3368932 0.684825 0.3368932 0.684825 0.3409182 0.7071663 0.3191903 0.7095517 0.3409182 0.7071663 0.3447459 0.7283939 0.3229369 0.7308703 0.3447459 0.7283939 0.3487336 0.7504772 0.3271439 0.7527271 0.3487336 0.7504772 0.3522253 0.7726272 0.3304843 0.7747319 0.3522253 0.7726272 0.3557243 0.7950856 0.3337129 0.7972215 0.3557243 0.7950856 0.3582097 0.815512 0.3377472 0.8160997 0.3573139 0.8375884 0.3358247 0.8361356 0.3377472 0.8160997 0.7072882 0.02764153 0.6766157 0.04822564 0.6548635 0.03074669 0.8031451 0.07571089 0.8291068 0.1297305 0.8117041 0.1151463 0.2989148 0.9268002 0.3101467 0.9344385 0.3027634 0.9407055 0.1994467 0.9648284 0.217377 0.9536063 0.252443 0.9583814 0.217377 0.9536063 0.2362291 0.9414713 0.2607018 0.9534492 0.2362291 0.9414713 0.255314 0.928613 0.2687736 0.9482702 0.255314 0.928613 0.2740148 0.9153944 0.2766954 0.942975 0.2740148 0.9153944 0.2921829 0.9022579 0.2843769 0.9375494 0.2921829 0.9022579 0.3100435 0.8896306 0.291801 0.932079 0.2440454 0.9629905 0.2528373 0.9736371 0.2431885 0.9785288 0.252443 0.9583814 0.2618511 0.9685309 0.2528373 0.9736371 0.2607018 0.9534492 0.2705031 0.9632576 0.2618511 0.9685309 0.2687736 0.9482702 0.2788946 0.9578377 0.2705031 0.9632576 0.2766954 0.942975 0.2870765 0.9522828 0.2788946 0.9578377 0.2843769 0.9375494 0.295042 0.9465829 0.2870765 0.9522828 0.291801 0.932079 0.3027634 0.9407055 0.295042 0.9465829 0.3184964 0.04335403 0.3109285 0.05235528 0.3047177 0.02691477 0.3109285 0.05235528 0.3028897 0.06104868 0.3039513 0.02710127 0.3028897 0.06104868 0.2944127 0.06993544 0.3031756 0.02755558 0.2944127 0.06993544 0.2855058 0.07917398 0.3023908 0.02815324 0.2855058 0.07917398 0.2762147 0.08872246 0.3016188 0.02882152 0.2762147 0.08872246 0.266602 0.09850269 0.3008589 0.02952098 0.266602 0.09850269 0.2567178 0.1084676 0.3000991 0.03023362 0.7768988 0.08597809 0.7821185 0.05878329 0.7891273 0.06442582 0.7594962 0.07139396 0.7751095 0.05314069 0.7821185 0.05878329 0.7420935 0.05680984 0.7681007 0.04749816 0.7751095 0.05314069 0.7246908 0.04222565 0.7610917 0.04185563 0.7681007 0.04749816 0.7072882 0.02764153 0.7540829 0.03621304 0.7610917 0.04185563 0.184523 0.9762361 0.1994467 0.9648284 0.2440454 0.9629905 0.7246908 0.04222565 0.6983677 0.06570452 0.6766157 0.04822564 0.7420935 0.05680984 0.7201198 0.08318346 0.6983677 0.06570452 0.7594962 0.07139396 0.7418719 0.1006624 0.7201198 0.08318346 0.7768988 0.08597809 0.763624 0.1181413 0.7418719 0.1006624 0.7943015 0.1005622 0.7853761 0.1356202 0.763624 0.1181413 0.8117041 0.1151463 0.8071282 0.1530991 0.7853761 0.1356202 0.3119661 0.8522917 0.3358247 0.8361356 0.3289187 0.8784523 0.1398173 0.9746353 0.1519555 0.9610085 0.184523 0.9762361 0.3358247 0.8361356 0.3119661 0.8522917 0.3128315 0.8326181 0.3119661 0.8522917 0.2879136 0.8677716 0.2867806 0.8497315 0.2879136 0.8677716 0.264494 0.8831325 0.2609504 0.8666644 0.264494 0.8831325 0.241335 0.8986977 0.23548 0.8836236 0.241335 0.8986977 0.2182482 0.9142063 0.2102363 0.9005939 0.2182482 0.9142063 0.1954539 0.9295248 0.1853089 0.9175044 0.1954539 0.9295248 0.173355 0.944873 0.1609246 0.9345402 0.6766157 0.04822564 0.6627833 0.05854201 0.6389699 0.03953522 0.6983677 0.06570452 0.6865968 0.07754886 0.6627833 0.05854201 0.7201198 0.08318346 0.7104102 0.0965557 0.6865968 0.07754886 0.7418719 0.1006624 0.7342237 0.1155626 0.7104102 0.0965557 0.763624 0.1181413 0.7580371 0.1345694 0.7342237 0.1155626 0.7853761 0.1356202 0.7818506 0.1535762 0.7580371 0.1345694 0.8071282 0.1530991 0.805664 0.172583 0.7818506 0.1535762 0.6627833 0.05854201 0.6465906 0.07090961 0.6217296 0.05109888 0.6865968 0.07754886 0.6714515 0.09072029 0.6465906 0.07090961 0.7104102 0.0965557 0.6963126 0.110531 0.6714515 0.09072029 0.7342237 0.1155626 0.7211735 0.1303418 0.6963126 0.110531 0.7580371 0.1345694 0.7460346 0.1501525 0.7211735 0.1303418 0.7818506 0.1535762 0.7708956 0.1699633 0.7460346 0.1501525 0.805664 0.172583 0.7957567 0.1897739 0.7708956 0.1699633 0.3377472 0.8160997 0.3128315 0.8326181 0.3051219 0.8146224 0.3128315 0.8326181 0.2867806 0.8497315 0.2778829 0.8325746 0.2867806 0.8497315 0.2609504 0.8666644 0.2509136 0.85044 0.2609504 0.8666644 0.23548 0.8836236 0.2242656 0.8682731 0.23548 0.8836236 0.2102363 0.9005939 0.1978989 0.8861045 0.2102363 0.9005939 0.1853089 0.9175044 0.1718399 0.9039428 0.1853089 0.9175044 0.1609246 0.9345402 0.1461449 0.9219241 0.6313965 0.08465492 0.617919 0.0990923 0.5905458 0.07735419 0.6575829 0.1054825 0.6452924 0.1208305 0.617919 0.0990923 0.6837694 0.12631 0.6726657 0.1425687 0.6452924 0.1208305 0.7099558 0.1471375 0.700039 0.1643068 0.6726657 0.1425687 0.7361422 0.1679651 0.7274124 0.186045 0.700039 0.1643068 0.7623288 0.1887927 0.7547858 0.2077832 0.7274124 0.186045 0.7885153 0.2096202 0.7821592 0.2295213 0.7547858 0.2077832 0.617919 0.0990923 0.6052808 0.115078 0.5770202 0.0926972 0.6452924 0.1208305 0.6335416 0.1374588 0.6052808 0.115078 0.6726657 0.1425687 0.6618022 0.1598396 0.6335416 0.1374588 0.700039 0.1643068 0.6900631 0.1822203 0.6618022 0.1598396 0.7274124 0.186045 0.7183238 0.2046012 0.6900631 0.1822203 0.7547858 0.2077832 0.7465847 0.2269819 0.7183238 0.2046012 0.7821592 0.2295213 0.7748456 0.2493627 0.7465847 0.2269819 0.5937461 0.1300066 0.5828939 0.1462024 0.5528388 0.1223941 0.622904 0.1531012 0.612949 0.1700108 0.5828939 0.1462024 0.652062 0.1761958 0.6430042 0.1938191 0.612949 0.1700108 0.6812199 0.1992903 0.6730595 0.2176274 0.6430042 0.1938191 0.710378 0.222385 0.7031147 0.2414358 0.6730595 0.2176274 0.7395361 0.2454795 0.7331701 0.2652443 0.7031147 0.2414358 0.7686944 0.2685741 0.7632257 0.2890524 0.7331701 0.2652443 0.3191903 0.7095517 0.2866756 0.7321329 0.2827606 0.7106191 0.2866756 0.7321329 0.2545192 0.7541841 0.2497639 0.7336049 0.2545192 0.7541841 0.2227714 0.7759515 0.2171033 0.7562886 0.2227714 0.7759515 0.1914175 0.7975048 0.184825 0.778723 0.1914175 0.7975048 0.1603991 0.8188999 0.1528974 0.8009474 0.1603991 0.8188999 0.1296074 0.8401811 0.1212255 0.822983 0.1296074 0.8401811 0.09885615 0.861433 0.08957993 0.8448621 0.5828939 0.1462024 0.5717389 0.1631808 0.540987 0.1388676 0.612949 0.1700108 0.602491 0.187494 0.5717389 0.1631808 0.6430042 0.1938191 0.6332432 0.2118074 0.602491 0.187494 0.6730595 0.2176274 0.6639953 0.2361207 0.6332432 0.2118074 0.7031147 0.2414358 0.6947476 0.260434 0.6639953 0.2361207 0.7331701 0.2652443 0.7255001 0.2847474 0.6947476 0.260434 0.7632257 0.2890524 0.7562527 0.3090605 0.7255001 0.2847474 0.5522813 0.1956711 0.5464113 0.2184385 0.5142564 0.1931872 0.5842682 0.2209101 0.5785664 0.2436899 0.5464113 0.2184385 0.6162551 0.2461491 0.6107214 0.2689414 0.5785664 0.2436899 0.6482422 0.2713882 0.6428767 0.294193 0.6107214 0.2689414 0.6802294 0.2966272 0.6750322 0.3194445 0.6428767 0.294193 0.712217 0.3218663 0.7071881 0.344696 0.6750322 0.3194445 0.7442048 0.3471051 0.7393445 0.3699472 0.7071881 0.344696 0.3028203 0.6240105 0.2672694 0.6493406 0.2635833 0.6251858 0.2672694 0.6493406 0.2323533 0.6743267 0.2285097 0.6504697 0.2323533 0.6743267 0.1978542 0.6990423 0.1938732 0.6754563 0.1978542 0.6990423 0.1637375 0.723474 0.1596287 0.7001627 0.1637375 0.723474 0.1300122 0.7476231 0.125781 0.7245882 0.1300122 0.7476231 0.0966826 0.77148 0.09232687 0.7487303 0.0966826 0.77148 0.06383645 0.7949823 0.05931359 0.7725861 0.2956961 0.5656317 0.2604101 0.5920646 0.2609212 0.5652021 0.2604101 0.5920646 0.2255704 0.6177442 0.226301 0.5911619 0.2255704 0.6177442 0.1910835 0.6430263 0.1918826 0.6166954 0.1910835 0.6430263 0.1569579 0.6680172 0.1577572 0.6419112 0.1569579 0.6680172 0.1232171 0.6927459 0.1239771 0.6668744 0.1232171 0.6927459 0.08989512 0.7171912 0.09061032 0.6915988 0.08989512 0.7171912 0.05690801 0.7413661 0.05773711 0.7159849 0.5425273 0.250059 0.5422528 0.2756382 0.5101829 0.2505034 0.5745925 0.2752391 0.5743229 0.3007731 0.5422528 0.2756382 0.6066579 0.3004192 0.6063933 0.3259082 0.5743229 0.3007731 0.6387235 0.3255996 0.638464 0.3510436 0.6063933 0.3259082 0.6707895 0.3507801 0.6705352 0.3761789 0.638464 0.3510436 0.7028562 0.3759603 0.7026073 0.4013141 0.6705352 0.3761789 0.7349236 0.4011402 0.7346806 0.4264488 0.7026073 0.4013141 0.5422528 0.2756382 0.5445954 0.321745 0.51284 0.2968894 0.5743229 0.3007731 0.5763509 0.3466008 0.5445954 0.321745 0.6063933 0.3259082 0.6081069 0.3714569 0.5763509 0.3466008 0.638464 0.3510436 0.6398633 0.3963134 0.6081069 0.3714569 0.6705352 0.3761789 0.6716209 0.4211701 0.6398633 0.3963134 0.7026073 0.4013141 0.7033802 0.4460267 0.6716209 0.4211701 0.7346806 0.4264488 0.7351422 0.4708821 0.7033802 0.4460267 0.295161 0.5384994 0.2609212 0.5652021 0.2618317 0.5180421 0.2609212 0.5652021 0.226301 0.5911619 0.2281464 0.5441293 0.226301 0.5911619 0.1918826 0.6166954 0.1943703 0.5698227 0.1918826 0.6166954 0.1577572 0.6419112 0.1606894 0.595188 0.1577572 0.6419112 0.1239771 0.6668744 0.1272092 0.6203004 0.1239771 0.6668744 0.09061032 0.6915988 0.0940206 0.6452221 0.09061032 0.6915988 0.05773711 0.7159849 0.06124734 0.6700209 0.550462 0.3477525 0.5661188 0.4096658 0.5361195 0.3862466 0.5817627 0.3722064 0.5961184 0.4330858 0.5661188 0.4096658 0.6130637 0.3966606 0.626119 0.456507 0.5961184 0.4330858 0.6443654 0.4211151 0.6561217 0.4799295 0.626119 0.456507 0.6756689 0.4455703 0.6861283 0.5033524 0.6561217 0.4799295 0.7069749 0.470025 0.7161408 0.5267748 0.6861283 0.5033524 0.7382848 0.4944784 0.7461612 0.5501938 0.7161408 0.5267748 0.5661188 0.4096658 0.5765949 0.4474211 0.5474935 0.4247149 0.5961184 0.4330858 0.605697 0.4701293 0.5765949 0.4474211 0.626119 0.456507 0.6348009 0.4928393 0.605697 0.4701293 0.6561217 0.4799295 0.6639086 0.5155511 0.6348009 0.4928393 0.6861283 0.5033524 0.693023 0.5382639 0.6639086 0.5155511 0.7161408 0.5267748 0.722148 0.5609745 0.693023 0.5382639 0.7461612 0.5501938 0.7512853 0.5836781 0.722148 0.5609745 0.5858809 0.4790229 0.6007162 0.5236374 0.5734108 0.5023518 0.6142652 0.5011625 0.6280242 0.5449268 0.6007162 0.5236374 0.6426524 0.5233049 0.6553393 0.566221 0.6280242 0.5449268 0.6710458 0.54545 0.6826699 0.5875191 0.6553393 0.566221 0.6994507 0.5675958 0.7100282 0.6088158 0.6826699 0.5875191 0.7278738 0.5897373 0.7374069 0.6300976 0.7100282 0.6088158 0.756312 0.6118642 0.7648029 0.6513528 0.7374069 0.6300976 0.3101414 0.3478928 0.2815677 0.3710946 0.2891289 0.3305514 0.2815677 0.3710946 0.252778 0.3941741 0.2617591 0.3526807 0.252778 0.3941741 0.2237907 0.4172303 0.2341456 0.3747514 0.2237907 0.4172303 0.1945713 0.4402637 0.2063152 0.3967933 0.1945713 0.4402637 0.1651637 0.4632421 0.1782655 0.4188257 0.1651637 0.4632421 0.1356511 0.4861415 0.1500411 0.4408418 0.1356511 0.4861415 0.1061063 0.5089567 0.1217222 0.4628171 0.6007162 0.5236374 0.6224989 0.5885694 0.5970315 0.5687344 0.6280242 0.5449268 0.647979 0.6084152 0.6224989 0.5885694 0.6553393 0.566221 0.6734853 0.6282714 0.647979 0.6084152 0.6826699 0.5875191 0.6990363 0.6481359 0.6734853 0.6282714 0.7100282 0.6088158 0.7246087 0.6679836 0.6990363 0.6481359 0.7374069 0.6300976 0.7502034 0.687804 0.7246087 0.6679836 0.7648029 0.6513528 0.7758609 0.7075943 0.7502034 0.687804 0.6470697 0.6603575 0.6765867 0.7454035 0.6557047 0.7290514 0.6704493 0.6785612 0.6975842 0.7618216 0.6765867 0.7454035 0.6938994 0.6967898 0.7184939 0.7781558 0.6975842 0.7618216 0.7173525 0.7149906 0.7394684 0.794491 0.7184939 0.7781558 0.7408336 0.733169 0.7606956 0.8109012 0.7394684 0.794491 0.7644319 0.7513465 0.7823106 0.8273979 0.7606956 0.8109012 0.7882517 0.7695253 0.8043776 0.8439286 0.7823106 0.8273979 0.3308888 0.1937094 0.3084977 0.2121927 0.3195117 0.1415472 0.3084977 0.2121927 0.2858228 0.230588 0.3002488 0.1574198 0.2858228 0.230588 0.2629304 0.2489514 0.2805471 0.173343 0.2629304 0.2489514 0.2398436 0.2673161 0.2604958 0.189325 0.2398436 0.2673161 0.2166087 0.2856661 0.2401862 0.2053537 0.2166087 0.2856661 0.1932416 0.3039894 0.2197344 0.2213814 0.1932416 0.3039894 0.1696563 0.322342 0.1992956 0.237307 0.3343917 0.07984787 0.3202201 0.09201556 0.3109285 0.05235528 0.3202201 0.09201556 0.3059703 0.1040361 0.3028897 0.06104868 0.3059703 0.1040361 0.291288 0.1161524 0.2944127 0.06993544 0.291288 0.1161524 0.276179 0.1284173 0.2855058 0.07917398 0.276179 0.1284173 0.2606947 0.1408313 0.2762147 0.08872246 0.2606947 0.1408313 0.2448945 0.1533849 0.266602 0.09850269 0.2448945 0.1533849 0.2288439 0.1660658 0.2567178 0.1084676 0.7068784 0.8198336 0.7345618 0.8829209 0.7244411 0.8720468 0.7231843 0.8330929 0.7453334 0.8943068 0.7345618 0.8829209 0.7396916 0.8464402 0.7566602 0.9059807 0.7453334 0.8943068 0.7566254 0.8599757 0.7684805 0.9178143 0.7566602 0.9059807 0.7740685 0.8736611 0.7807439 0.9297101 0.7684805 0.9178143 0.7920344 0.8874028 0.7933967 0.9415898 0.7807439 0.9297101 0.810507 0.9010897 0.8063784 0.9533859 0.7933967 0.9415898 0.7345618 0.8829209 0.7819679 0.9800888 0.7766496 0.9738332 0.7453334 0.8943068 0.7865375 0.9855698 0.7819679 0.9800888 0.7566602 0.9059807 0.790255 0.9901216 0.7865375 0.9855698 0.7684805 0.9178143 0.7930768 0.9936403 0.790255 0.9901216 0.7807439 0.9297101 0.7950587 0.9961473 0.7930768 0.9936403 0.7933967 0.9415898 0.7963493 0.997795 0.7950587 0.9961473 0.8063784 0.9533859 0.7971495 0.9988233 0.7963493 0.997795 0.3057155 0.02713614 0.3047177 0.02691477 0.2879865 0.005275428 0.3039513 0.02710127 0.2871702 0.005500614 0.2879865 0.005275428 0.3031756 0.02755558 0.2863464 0.005718708 0.2871702 0.005500614 0.3023908 0.02815324 0.2855148 0.00593245 0.2863464 0.005718708 0.3016188 0.02882152 0.284676 0.006142497 0.2855148 0.00593245 0.3008589 0.02952098 0.2838305 0.006349325 0.284676 0.006142497 0.3000991 0.03023362 0.2829792 0.006552636 0.2838305 0.006349325 0.3383132 0.12585 0.3195117 0.1415472 0.3202201 0.09201556 0.3195117 0.1415472 0.3002488 0.1574198 0.3059703 0.1040361 0.3002488 0.1574198 0.2805471 0.173343 0.291288 0.1161524 0.2805471 0.173343 0.2604958 0.189325 0.276179 0.1284173 0.2604958 0.189325 0.2401862 0.2053537 0.2606947 0.1408313 0.2401862 0.2053537 0.2197344 0.2213814 0.2448945 0.1533849 0.2197344 0.2213814 0.1992956 0.237307 0.2288439 0.1660658 0.6765867 0.7454035 0.7068784 0.8198336 0.6902123 0.8062775 0.6975842 0.7618216 0.7231843 0.8330929 0.7068784 0.8198336 0.7184939 0.7781558 0.7396916 0.8464402 0.7231843 0.8330929 0.7394684 0.794491 0.7566254 0.8599757 0.7396916 0.8464402 0.7606956 0.8109012 0.7740685 0.8736611 0.7566254 0.8599757 0.7823106 0.8273979 0.7920344 0.8874028 0.7740685 0.8736611 0.8043776 0.8439286 0.810507 0.9010897 0.7920344 0.8874028 0.6224989 0.5885694 0.6470697 0.6603575 0.6237355 0.6421802 0.647979 0.6084152 0.6704493 0.6785612 0.6470697 0.6603575 0.6734853 0.6282714 0.6938994 0.6967898 0.6704493 0.6785612 0.6990363 0.6481359 0.7173525 0.7149906 0.6938994 0.6967898 0.7246087 0.6679836 0.7408336 0.733169 0.7173525 0.7149906 0.7502034 0.687804 0.7644319 0.7513465 0.7408336 0.733169 0.7758609 0.7075943 0.7882517 0.7695253 0.7644319 0.7513465 0.316099 0.3084726 0.2891289 0.3305514 0.2985078 0.2737084 0.2891289 0.3305514 0.2617591 0.3526807 0.2733536 0.2940239 0.2617591 0.3526807 0.2341456 0.3747514 0.2479632 0.3143749 0.2341456 0.3747514 0.2063152 0.3967933 0.2223756 0.3347208 0.2063152 0.3967933 0.1782655 0.4188257 0.1965957 0.3550593 0.1782655 0.4188257 0.1500411 0.4408418 0.1705936 0.3754201 0.1500411 0.4408418 0.1217222 0.4628171 0.1443883 0.3958201 0.3235335 0.2533765 0.2985078 0.2737084 0.3084977 0.2121927 0.2985078 0.2737084 0.2733536 0.2940239 0.2858228 0.230588 0.2733536 0.2940239 0.2479632 0.3143749 0.2629304 0.2489514 0.2479632 0.3143749 0.2223756 0.3347208 0.2398436 0.2673161 0.2223756 0.3347208 0.1965957 0.3550593 0.2166087 0.2856661 0.1965957 0.3550593 0.1705936 0.3754201 0.1932416 0.3039894 0.1705936 0.3754201 0.1443883 0.3958201 0.1696563 0.322342 0.5765949 0.4474211 0.5858809 0.4790229 0.5574981 0.4568856 0.605697 0.4701293 0.6142652 0.5011625 0.5858809 0.4790229 0.6348009 0.4928393 0.6426524 0.5233049 0.6142652 0.5011625 0.6639086 0.5155511 0.6710458 0.54545 0.6426524 0.5233049 0.693023 0.5382639 0.6994507 0.5675958 0.6710458 0.54545 0.722148 0.5609745 0.7278738 0.5897373 0.6994507 0.5675958 0.7512853 0.5836781 0.756312 0.6118642 0.7278738 0.5897373 0.3028397 0.4101786 0.2723949 0.4347972 0.2769897 0.4001423 0.2723949 0.4347972 0.2415524 0.459462 0.2473313 0.4238959 0.2415524 0.459462 0.2103733 0.4839975 0.2174017 0.4476392 0.2103733 0.4839975 0.1790041 0.50836 0.1872298 0.4713016 0.1790041 0.50836 0.1475605 0.532536 0.1569114 0.4948493 0.1475605 0.532536 0.1161336 0.5565308 0.1265372 0.5182701 0.1161336 0.5565308 0.08475893 0.5803872 0.09618532 0.5415464 0.306514 0.3763626 0.2769897 0.4001423 0.2815677 0.3710946 0.2769897 0.4001423 0.2473313 0.4238959 0.252778 0.3941741 0.2473313 0.4238959 0.2174017 0.4476392 0.2237907 0.4172303 0.2174017 0.4476392 0.1872298 0.4713016 0.1945713 0.4402637 0.1872298 0.4713016 0.1569114 0.4948493 0.1651637 0.4632421 0.1569114 0.4948493 0.1265372 0.5182701 0.1356511 0.4861415 0.1265372 0.5182701 0.09618532 0.5415464 0.1061063 0.5089567 0.5445954 0.321745 0.550462 0.3477525 0.5191617 0.323299 0.5763509 0.3466008 0.5817627 0.3722064 0.550462 0.3477525 0.6081069 0.3714569 0.6130637 0.3966606 0.5817627 0.3722064 0.6398633 0.3963134 0.6443654 0.4211151 0.6130637 0.3966606 0.6716209 0.4211701 0.6756689 0.4455703 0.6443654 0.4211151 0.7033802 0.4460267 0.7069749 0.470025 0.6756689 0.4455703 0.7351422 0.4708821 0.7382848 0.4944784 0.7069749 0.470025 0.2974693 0.4669222 0.265067 0.4931431 0.2723949 0.4347972 0.265067 0.4931431 0.2321419 0.5188968 0.2415524 0.459462 0.2321419 0.5188968 0.1990593 0.5443556 0.2103733 0.4839975 0.1990593 0.5443556 0.1659626 0.5695067 0.1790041 0.50836 0.1659626 0.5695067 0.132972 0.594405 0.1475605 0.532536 0.132972 0.594405 0.1001716 0.6191161 0.1161336 0.5565308 0.1001716 0.6191161 0.06766605 0.6436991 0.08475893 0.5803872 0.2954793 0.4914695 0.2618317 0.5180421 0.265067 0.4931431 0.2618317 0.5180421 0.2281464 0.5441293 0.2321419 0.5188968 0.2281464 0.5441293 0.1943703 0.5698227 0.1990593 0.5443556 0.1943703 0.5698227 0.1606894 0.595188 0.1659626 0.5695067 0.1606894 0.595188 0.1272092 0.6203004 0.132972 0.594405 0.1272092 0.6203004 0.0940206 0.6452221 0.1001716 0.6191161 0.0940206 0.6452221 0.06124734 0.6700209 0.06766605 0.6436991 0.2991451 0.599411 0.2635833 0.6251858 0.2604101 0.5920646 0.2635833 0.6251858 0.2285097 0.6504697 0.2255704 0.6177442 0.2285097 0.6504697 0.1938732 0.6754563 0.1910835 0.6430263 0.1938732 0.6754563 0.1596287 0.7001627 0.1569579 0.6680172 0.1596287 0.7001627 0.125781 0.7245882 0.1232171 0.6927459 0.125781 0.7245882 0.09232687 0.7487303 0.08989512 0.7171912 0.09232687 0.7487303 0.05931359 0.7725861 0.05690801 0.7413661 0.5464113 0.2184385 0.5425273 0.250059 0.5104622 0.224879 0.5785664 0.2436899 0.5745925 0.2752391 0.5425273 0.250059 0.6107214 0.2689414 0.6066579 0.3004192 0.5745925 0.2752391 0.6428767 0.294193 0.6387235 0.3255996 0.6066579 0.3004192 0.6750322 0.3194445 0.6707895 0.3507801 0.6387235 0.3255996 0.7071881 0.344696 0.7028562 0.3759603 0.6707895 0.3507801 0.7393445 0.3699472 0.7349236 0.4011402 0.7028562 0.3759603 0.5717389 0.1631808 0.5522813 0.1956711 0.5202946 0.1704323 0.602491 0.187494 0.5842682 0.2209101 0.5522813 0.1956711 0.6332432 0.2118074 0.6162551 0.2461491 0.5842682 0.2209101 0.6639953 0.2361207 0.6482422 0.2713882 0.6162551 0.2461491 0.6947476 0.260434 0.6802294 0.2966272 0.6482422 0.2713882 0.7255001 0.2847474 0.712217 0.3218663 0.6802294 0.2966272 0.7562527 0.3090605 0.7442048 0.3471051 0.712217 0.3218663 0.3155492 0.6873925 0.2827606 0.7106191 0.2770467 0.6894912 0.2827606 0.7106191 0.2497639 0.7336049 0.2434519 0.7131924 0.2497639 0.7336049 0.2171033 0.7562886 0.2101391 0.7365855 0.2171033 0.7562886 0.184825 0.778723 0.1771909 0.7597114 0.184825 0.778723 0.1528974 0.8009474 0.1446062 0.7825929 0.1528974 0.8009474 0.1212255 0.822983 0.1123305 0.8052271 0.1212255 0.822983 0.08957993 0.8448621 0.08019495 0.8275458 0.3110027 0.6657423 0.2770467 0.6894912 0.2672694 0.6493406 0.2770467 0.6894912 0.2434519 0.7131924 0.2323533 0.6743267 0.2434519 0.7131924 0.2101391 0.7365855 0.1978542 0.6990423 0.2101391 0.7365855 0.1771909 0.7597114 0.1637375 0.723474 0.1771909 0.7597114 0.1446062 0.7825929 0.1300122 0.7476231 0.1446062 0.7825929 0.1123305 0.8052271 0.0966826 0.77148 0.1123305 0.8052271 0.08019495 0.8275458 0.06383645 0.7949823 0.6052808 0.115078 0.5937461 0.1300066 0.5645882 0.1069121 0.6335416 0.1374588 0.622904 0.1531012 0.5937461 0.1300066 0.6618022 0.1598396 0.652062 0.1761958 0.622904 0.1531012 0.6900631 0.1822203 0.6812199 0.1992903 0.652062 0.1761958 0.7183238 0.2046012 0.710378 0.222385 0.6812199 0.1992903 0.7465847 0.2269819 0.7395361 0.2454795 0.710378 0.222385 0.7748456 0.2493627 0.7686944 0.2685741 0.7395361 0.2454795 0.3271439 0.7527271 0.2965431 0.7732886 0.2911381 0.75234 0.2965431 0.7732886 0.2661617 0.7934793 0.2598977 0.7734705 0.2661617 0.7934793 0.2363071 0.8134928 0.2290826 0.7943273 0.2363071 0.8134928 0.2068654 0.8334164 0.1986764 0.8150267 0.2068654 0.8334164 0.1777423 0.8532799 0.1685965 0.8356209 0.1777423 0.8532799 0.1488784 0.8731419 0.138749 0.8561667 0.1488784 0.8731419 0.1202203 0.8931021 0.1090266 0.8767899 0.3229369 0.7308703 0.2911381 0.75234 0.2866756 0.7321329 0.2911381 0.75234 0.2598977 0.7734705 0.2545192 0.7541841 0.2598977 0.7734705 0.2290826 0.7943273 0.2227714 0.7759515 0.2290826 0.7943273 0.1986764 0.8150267 0.1914175 0.7975048 0.1986764 0.8150267 0.1685965 0.8356209 0.1603991 0.8188999 0.1685965 0.8356209 0.138749 0.8561667 0.1296074 0.8401811 0.138749 0.8561667 0.1090266 0.8767899 0.09885615 0.861433 0.6465906 0.07090961 0.6313965 0.08465492 0.6052101 0.06382739 0.6714515 0.09072029 0.6575829 0.1054825 0.6313965 0.08465492 0.6963126 0.110531 0.6837694 0.12631 0.6575829 0.1054825 0.7211735 0.1303418 0.7099558 0.1471375 0.6837694 0.12631 0.7460346 0.1501525 0.7361422 0.1679651 0.7099558 0.1471375 0.7708956 0.1699633 0.7623288 0.1887927 0.7361422 0.1679651 0.7957567 0.1897739 0.7885153 0.2096202 0.7623288 0.1887927 0.3304843 0.7747319 0.300612 0.7941424 0.2965431 0.7732886 0.300612 0.7941424 0.2715611 0.8131142 0.2661617 0.7934793 0.2715611 0.8131142 0.2430807 0.8320952 0.2363071 0.8134928 0.2430807 0.8320952 0.2149574 0.8510158 0.2068654 0.8334164 0.2149574 0.8510158 0.1871382 0.869911 0.1777423 0.8532799 0.1871382 0.869911 0.1596053 0.8888258 0.1488784 0.8731419 0.1596053 0.8888258 0.1323665 0.9078678 0.1202203 0.8931021 0.3337129 0.7972215 0.3051219 0.8146224 0.300612 0.7941424 0.3051219 0.8146224 0.2778829 0.8325746 0.2715611 0.8131142 0.2778829 0.8325746 0.2509136 0.85044 0.2430807 0.8320952 0.2509136 0.85044 0.2242656 0.8682731 0.2149574 0.8510158 0.2242656 0.8682731 0.1978989 0.8861045 0.1871382 0.869911 0.1978989 0.8861045 0.1718399 0.9039428 0.1596053 0.8888258 0.1718399 0.9039428 0.1461449 0.9219241 0.1323665 0.9078678 0.2879136 0.8677716 0.3119661 0.8522917 0.3100435 0.8896306 0.264494 0.8831325 0.2879136 0.8677716 0.2921829 0.9022579 0.241335 0.8986977 0.264494 0.8831325 0.2740148 0.9153944 0.2182482 0.9142063 0.241335 0.8986977 0.255314 0.928613 0.1954539 0.9295248 0.2182482 0.9142063 0.2362291 0.9414713 0.173355 0.944873 0.1954539 0.9295248 0.217377 0.9536063 0.2357121 0.9673197 0.2431885 0.9785288 0.1786141 0.9912366</float_array>
          <technique_common>
            <accessor source="#troncos_002-mesh-map-0-array" count="6132" stride="2">
              <param name="S" type="float" />
              <param name="T" type="float" />
            </accessor>
          </technique_common>
        </source>
        <vertices id="troncos_002-mesh-vertices">
          <input semantic="POSITION" source="#troncos_002-mesh-positions" />
        </vertices>
        <triangles material="vegetacao_002-material" count="2044">
          <input semantic="VERTEX" source="#troncos_002-mesh-vertices" offset="0" />
          <input semantic="NORMAL" source="#troncos_002-mesh-normals" offset="1" />
          <input semantic="TEXCOORD" source="#troncos_002-mesh-map-0" offset="2" set="0" />
          <p>2 0 0 5 0 1 3 0 2 3 1 3 0 1 4 2 1 5 4 2 6 7 2 7 5 2 8 6 3 9 9 3 10 7 3 11 10 4 12 13 4 13 11 4 14 8 5 15 11 5 16 9 5 17 12 6 18 15 6 19 13 6 20 16 7 21 19 7 22 17 7 23 14 8 24 17 8 25 15 8 26 18 9 27 21 9 28 19 9 29 22 10 30 25 10 31 23 10 32 20 11 33 23 11 34 21 11 35 26 12 36 29 12 37 27 12 38 24 13 39 27 13 40 25 13 41 28 14 42 31 14 43 29 14 44 32 15 45 35 15 46 33 15 47 30 16 48 33 16 49 31 16 50 34 17 51 37 17 52 35 17 53 38 18 54 41 18 55 39 18 56 36 19 57 39 19 58 37 19 59 40 20 60 43 20 61 41 20 62 44 21 63 47 21 64 45 21 65 42 22 66 45 22 67 43 22 68 48 23 69 51 23 70 49 23 71 46 24 72 49 24 73 47 24 74 50 25 75 53 25 76 51 25 77 54 26 78 57 26 79 55 26 80 52 27 81 55 27 82 53 27 83 105 28 84 106 28 85 104 28 86 109 29 87 106 29 88 107 29 89 111 30 90 108 30 91 109 30 92 126 31 93 60 31 94 58 31 95 127 32 96 61 32 97 147 32 98 3 33 99 161 33 100 133 33 101 64 31 102 182 31 103 168 31 104 7 33 105 189 33 106 175 33 107 217 34 108 15 34 109 231 34 110 231 35 111 17 35 112 245 35 113 70 36 114 224 36 115 210 36 116 259 37 117 21 37 118 273 37 119 245 38 120 19 38 121 259 38 122 76 31 123 266 31 124 252 31 125 301 39 126 27 39 127 315 39 128 287 40 129 25 40 130 301 40 131 82 41 132 308 41 133 294 41 134 86 31 135 336 31 136 322 31 137 329 42 138 31 42 139 343 42 140 371 43 141 37 43 142 385 43 143 385 44 144 39 44 145 399 44 146 92 31 147 378 31 148 364 31 149 413 33 150 43 33 151 427 33 152 399 45 153 41 45 154 413 45 155 98 31 156 420 31 157 406 31 158 455 46 159 49 46 160 469 46 161 441 47 162 47 47 163 455 47 164 104 31 165 462 31 166 448 31 167 108 48 168 490 48 169 476 48 170 483 49 171 53 49 172 497 49 173 525 50 174 56 50 175 512 50 176 113 51 177 114 51 178 112 51 179 111 52 180 112 52 181 110 52 182 112 53 183 518 53 184 504 53 185 110 54 186 504 54 187 490 54 188 497 55 189 55 55 190 511 55 191 469 56 192 51 56 193 483 56 194 106 31 195 476 31 196 462 31 197 102 31 198 448 31 199 434 31 200 427 57 201 45 57 202 441 57 203 100 58 204 434 58 205 420 58 206 96 31 207 406 31 208 392 31 209 94 59 210 392 59 211 378 59 212 357 60 213 35 60 214 371 60 215 90 31 216 364 31 217 350 31 218 88 31 219 350 31 220 336 31 221 343 61 222 33 61 223 357 61 224 315 62 225 29 62 226 329 62 227 84 31 228 322 31 229 308 31 230 80 31 231 294 31 232 280 31 233 273 33 234 23 33 235 287 33 236 78 31 237 280 31 238 266 31 239 74 31 240 252 31 241 238 31 242 72 31 243 238 31 244 224 31 245 11 33 246 217 33 247 203 33 248 68 31 249 210 31 250 196 31 251 66 31 252 196 31 253 182 31 254 9 63 255 203 63 256 189 63 257 5 64 258 175 64 259 161 64 260 62 65 261 168 65 262 154 65 263 58 31 264 154 31 265 126 31 266 140 66 267 116 66 268 532 66 269 511 67 270 57 67 271 525 67 272 104 68 273 103 68 274 105 68 275 102 69 276 101 69 277 103 69 278 100 70 279 99 70 280 101 70 281 99 71 282 96 71 283 97 71 284 97 72 285 94 72 286 95 72 287 94 73 288 93 73 289 95 73 290 92 74 291 91 74 292 93 74 293 88 75 294 91 75 295 90 75 296 86 76 297 89 76 298 88 76 299 87 77 300 84 77 301 85 77 302 85 78 303 82 78 304 83 78 305 82 79 306 81 79 307 83 79 308 80 80 309 79 80 310 81 80 311 78 81 312 77 81 313 79 81 314 76 82 315 75 82 316 77 82 317 74 83 318 73 83 319 75 83 320 72 84 321 71 84 322 73 84 323 70 85 324 69 85 325 71 85 326 66 86 327 69 86 328 68 86 329 64 87 330 67 87 331 66 87 332 64 88 333 63 88 334 65 88 335 62 89 336 59 89 337 63 89 338 60 90 339 59 90 340 58 90 341 119 91 342 526 91 343 539 91 344 60 92 345 119 92 346 61 92 347 147 93 348 119 93 349 539 93 350 0 94 351 117 94 352 116 94 353 141 95 354 117 95 355 1 95 356 142 96 357 533 96 358 141 96 359 143 97 360 534 97 361 142 97 362 144 98 363 535 98 364 143 98 365 144 99 366 537 99 367 536 99 368 145 100 369 538 100 370 537 100 371 146 101 372 539 101 373 538 101 374 533 91 375 116 91 376 117 91 377 534 102 378 532 102 379 533 102 380 535 103 381 531 103 382 534 103 383 536 103 384 530 103 385 535 103 386 537 104 387 529 104 388 536 104 389 538 102 390 528 102 391 537 102 392 539 103 393 527 103 394 538 103 395 113 105 396 519 105 397 115 105 398 505 106 399 520 106 400 519 106 401 506 107 402 521 107 403 520 107 404 507 108 405 522 108 406 521 108 407 508 109 408 523 109 409 522 109 410 509 110 411 524 110 412 523 110 413 510 111 414 525 111 415 524 111 416 134 112 417 118 112 418 60 112 419 135 113 420 526 113 421 134 113 422 136 114 423 527 114 424 135 114 425 137 115 426 528 115 427 136 115 428 137 116 429 530 116 430 529 116 431 138 117 432 531 117 433 530 117 434 139 118 435 532 118 436 531 118 437 2 119 438 148 119 439 4 119 440 120 120 441 149 120 442 148 120 443 121 121 444 150 121 445 149 121 446 123 31 447 150 31 448 122 31 449 124 31 450 151 31 451 123 31 452 125 31 453 152 31 454 124 31 455 126 31 456 153 31 457 125 31 458 4 122 459 162 122 460 6 122 461 149 31 462 162 31 463 148 31 464 150 123 465 163 123 466 149 123 467 151 31 468 164 31 469 150 31 470 152 31 471 165 31 472 151 31 473 153 31 474 166 31 475 152 31 476 154 31 477 167 31 478 153 31 479 63 124 480 169 124 481 65 124 482 155 125 483 170 125 484 169 125 485 156 126 486 171 126 487 170 126 488 157 127 489 172 127 490 171 127 491 158 128 492 173 128 493 172 128 494 159 129 495 174 129 496 173 129 497 160 130 498 175 130 499 174 130 500 67 131 501 197 131 502 69 131 503 183 132 504 198 132 505 197 132 506 184 133 507 199 133 508 198 133 509 185 134 510 200 134 511 199 134 512 186 135 513 201 135 514 200 135 515 187 136 516 202 136 517 201 136 518 188 137 519 203 137 520 202 137 521 8 138 522 190 138 523 10 138 524 177 139 525 190 139 526 176 139 527 178 31 528 191 31 529 177 31 530 179 140 531 192 140 532 178 140 533 180 31 534 193 31 535 179 31 536 181 31 537 194 31 538 180 31 539 182 31 540 195 31 541 181 31 542 10 141 543 204 141 544 12 141 545 191 31 546 204 31 547 190 31 548 192 31 549 205 31 550 191 31 551 193 142 552 206 142 553 192 142 554 194 143 555 207 143 556 193 143 557 195 31 558 208 31 559 194 31 560 196 31 561 209 31 562 195 31 563 69 144 564 211 144 565 71 144 566 197 145 567 212 145 568 211 145 569 198 146 570 213 146 571 212 146 572 199 147 573 214 147 574 213 147 575 200 148 576 215 148 577 214 148 578 201 149 579 216 149 580 215 149 581 202 150 582 217 150 583 216 150 584 218 31 585 16 31 586 14 31 587 219 31 588 232 31 589 218 31 590 220 31 591 233 31 592 219 31 593 221 31 594 234 31 595 220 31 596 222 31 597 235 31 598 221 31 599 223 31 600 236 31 601 222 31 602 224 31 603 237 31 604 223 31 605 232 151 606 18 151 607 16 151 608 233 31 609 246 31 610 232 31 611 234 31 612 247 31 613 233 31 614 235 31 615 248 31 616 234 31 617 236 152 618 249 152 619 235 152 620 237 153 621 250 153 622 236 153 623 238 31 624 251 31 625 237 31 626 260 154 627 22 154 628 20 154 629 261 31 630 274 31 631 260 31 632 262 31 633 275 31 634 261 31 635 263 31 636 276 31 637 262 31 638 264 31 639 277 31 640 263 31 641 265 31 642 278 31 643 264 31 644 266 31 645 279 31 646 265 31 647 79 155 648 281 155 649 81 155 650 267 156 651 282 156 652 281 156 653 268 33 654 283 33 655 282 33 656 269 33 657 284 33 658 283 33 659 270 157 660 285 157 661 284 157 662 271 158 663 286 158 664 285 158 665 272 159 666 287 159 667 286 159 668 274 31 669 24 31 670 22 31 671 275 31 672 288 31 673 274 31 674 276 31 675 289 31 676 275 31 677 277 31 678 290 31 679 276 31 680 278 31 681 291 31 682 277 31 683 279 31 684 292 31 685 278 31 686 280 31 687 293 31 688 279 31 689 302 160 690 28 160 691 26 160 692 303 161 693 316 161 694 302 161 695 304 162 696 317 162 697 303 162 698 305 31 699 318 31 700 304 31 701 306 31 702 319 31 703 305 31 704 307 31 705 320 31 706 306 31 707 308 31 708 321 31 709 307 31 710 85 163 711 323 163 712 87 163 713 309 164 714 324 164 715 323 164 716 310 165 717 325 165 718 324 165 719 311 166 720 326 166 721 325 166 722 312 167 723 327 167 724 326 167 725 313 168 726 328 168 727 327 168 728 314 169 729 329 169 730 328 169 731 89 170 732 351 170 733 91 170 734 337 171 735 352 171 736 351 171 737 338 172 738 353 172 739 352 172 740 339 173 741 354 173 742 353 173 743 340 174 744 355 174 745 354 174 746 341 175 747 356 175 748 355 175 749 342 176 750 357 176 751 356 176 752 330 31 753 32 31 754 30 31 755 331 31 756 344 31 757 330 31 758 332 177 759 345 177 760 331 177 761 333 31 762 346 31 763 332 31 764 334 31 765 347 31 766 333 31 767 335 31 768 348 31 769 334 31 770 336 178 771 349 178 772 335 178 773 344 31 774 34 31 775 32 31 776 345 31 777 358 31 778 344 31 779 346 31 780 359 31 781 345 31 782 347 31 783 360 31 784 346 31 785 348 31 786 361 31 787 347 31 788 349 31 789 362 31 790 348 31 791 350 179 792 363 179 793 349 179 794 91 180 795 365 180 796 93 180 797 351 181 798 366 181 799 365 181 800 352 182 801 367 182 802 366 182 803 353 183 804 368 183 805 367 183 806 354 184 807 369 184 808 368 184 809 355 185 810 370 185 811 369 185 812 356 186 813 371 186 814 370 186 815 372 187 816 38 187 817 36 187 818 373 31 819 386 31 820 372 31 821 374 188 822 387 188 823 373 188 824 375 31 825 388 31 826 374 31 827 376 189 828 389 189 829 375 189 830 377 31 831 390 31 832 376 31 833 378 31 834 391 31 835 377 31 836 386 31 837 40 31 838 38 31 839 387 31 840 400 31 841 386 31 842 388 31 843 401 31 844 387 31 845 389 31 846 402 31 847 388 31 848 390 31 849 403 31 850 389 31 851 391 31 852 404 31 853 390 31 854 392 31 855 405 31 856 391 31 857 414 190 858 44 190 859 42 190 860 415 191 861 428 191 862 414 191 863 416 31 864 429 31 865 415 31 866 417 192 867 430 192 868 416 192 869 418 193 870 431 193 871 417 193 872 419 31 873 432 31 874 418 31 875 420 194 876 433 194 877 419 194 878 101 195 879 435 195 880 103 195 881 421 196 882 436 196 883 435 196 884 422 197 885 437 197 886 436 197 887 423 198 888 438 198 889 437 198 890 424 199 891 439 199 892 438 199 893 425 200 894 440 200 895 439 200 896 426 201 897 441 201 898 440 201 899 428 31 900 46 31 901 44 31 902 429 202 903 442 202 904 428 202 905 430 31 906 443 31 907 429 31 908 431 31 909 444 31 910 430 31 911 432 31 912 445 31 913 431 31 914 433 203 915 446 203 916 432 203 917 434 31 918 447 31 919 433 31 920 456 31 921 50 31 922 48 31 923 457 31 924 470 31 925 456 31 926 458 31 927 471 31 928 457 31 929 459 31 930 472 31 931 458 31 932 460 31 933 473 31 934 459 31 935 461 31 936 474 31 937 460 31 938 462 31 939 475 31 940 461 31 941 107 204 942 477 204 943 109 204 944 463 205 945 478 205 946 477 205 947 464 206 948 479 206 949 478 206 950 465 207 951 480 207 952 479 207 953 466 208 954 481 208 955 480 208 956 467 209 957 482 209 958 481 209 959 468 210 960 483 210 961 482 210 962 111 211 963 505 211 964 113 211 965 491 212 966 506 212 967 505 212 968 492 213 969 507 213 970 506 213 971 493 214 972 508 214 973 507 214 974 494 215 975 509 215 976 508 215 977 495 216 978 510 216 979 509 216 980 496 217 981 511 217 982 510 217 983 484 218 984 54 218 985 52 218 986 485 219 987 498 219 988 484 219 989 486 220 990 499 220 991 485 220 992 487 221 993 500 221 994 486 221 995 488 222 996 501 222 997 487 222 998 489 223 999 502 223 1000 488 223 1001 490 224 1002 503 224 1003 489 224 1004 498 225 1005 56 225 1006 54 225 1007 499 226 1008 512 226 1009 498 226 1010 500 227 1011 513 227 1012 499 227 1013 501 228 1014 514 228 1015 500 228 1016 502 229 1017 515 229 1018 501 229 1019 503 230 1020 516 230 1021 502 230 1022 504 231 1023 517 231 1024 503 231 1025 519 232 1026 114 232 1027 115 232 1028 520 233 1029 518 233 1030 519 233 1031 520 234 1032 516 234 1033 517 234 1034 522 235 1035 516 235 1036 521 235 1037 523 236 1038 515 236 1039 522 236 1040 524 237 1041 514 237 1042 523 237 1043 525 238 1044 513 238 1045 524 238 1046 109 239 1047 491 239 1048 111 239 1049 477 240 1050 492 240 1051 491 240 1052 478 241 1053 493 241 1054 492 241 1055 479 242 1056 494 242 1057 493 242 1058 480 243 1059 495 243 1060 494 243 1061 481 244 1062 496 244 1063 495 244 1064 482 245 1065 497 245 1066 496 245 1067 470 246 1068 52 246 1069 50 246 1070 471 247 1071 484 247 1072 470 247 1073 472 248 1074 485 248 1075 471 248 1076 473 249 1077 486 249 1078 472 249 1079 474 250 1080 487 250 1081 473 250 1082 475 251 1083 488 251 1084 474 251 1085 476 252 1086 489 252 1087 475 252 1088 442 31 1089 48 31 1090 46 31 1091 443 253 1092 456 253 1093 442 253 1094 444 254 1095 457 254 1096 443 254 1097 445 31 1098 458 31 1099 444 31 1100 446 31 1101 459 31 1102 445 31 1103 447 255 1104 460 255 1105 446 255 1106 448 31 1107 461 31 1108 447 31 1109 103 256 1110 449 256 1111 105 256 1112 435 257 1113 450 257 1114 449 257 1115 436 258 1116 451 258 1117 450 258 1118 437 259 1119 452 259 1120 451 259 1121 438 260 1122 453 260 1123 452 260 1124 439 261 1125 454 261 1126 453 261 1127 440 262 1128 455 262 1129 454 262 1130 105 263 1131 463 263 1132 107 263 1133 449 264 1134 464 264 1135 463 264 1136 450 265 1137 465 265 1138 464 265 1139 451 266 1140 466 266 1141 465 266 1142 452 267 1143 467 267 1144 466 267 1145 453 268 1146 468 268 1147 467 268 1148 454 269 1149 469 269 1150 468 269 1151 400 31 1152 42 31 1153 40 31 1154 401 31 1155 414 31 1156 400 31 1157 402 31 1158 415 31 1159 401 31 1160 403 31 1161 416 31 1162 402 31 1163 404 31 1164 417 31 1165 403 31 1166 405 31 1167 418 31 1168 404 31 1169 406 270 1170 419 270 1171 405 270 1172 97 271 1173 407 271 1174 99 271 1175 393 272 1176 408 272 1177 407 272 1178 394 273 1179 409 273 1180 408 273 1181 395 274 1182 410 274 1183 409 274 1184 396 275 1185 411 275 1186 410 275 1187 397 276 1188 412 276 1189 411 276 1190 398 277 1191 413 277 1192 412 277 1193 99 33 1194 421 33 1195 101 33 1196 407 33 1197 422 33 1198 421 33 1199 408 33 1200 423 33 1201 422 33 1202 409 278 1203 424 278 1204 423 278 1205 410 33 1206 425 33 1207 424 33 1208 411 33 1209 426 33 1210 425 33 1211 412 33 1212 427 33 1213 426 33 1214 358 31 1215 36 31 1216 34 31 1217 359 31 1218 372 31 1219 358 31 1220 360 279 1221 373 279 1222 359 279 1223 361 31 1224 374 31 1225 360 31 1226 362 280 1227 375 280 1228 361 280 1229 363 31 1230 376 31 1231 362 31 1232 364 281 1233 377 281 1234 363 281 1235 95 282 1236 393 282 1237 97 282 1238 379 283 1239 394 283 1240 393 283 1241 380 284 1242 395 284 1243 394 284 1244 381 285 1245 396 285 1246 395 285 1247 382 286 1248 397 286 1249 396 286 1250 383 287 1251 398 287 1252 397 287 1253 384 288 1254 399 288 1255 398 288 1256 93 289 1257 379 289 1258 95 289 1259 365 290 1260 380 290 1261 379 290 1262 366 291 1263 381 291 1264 380 291 1265 367 292 1266 382 292 1267 381 292 1268 368 293 1269 383 293 1270 382 293 1271 369 294 1272 384 294 1273 383 294 1274 370 295 1275 385 295 1276 384 295 1277 87 296 1278 337 296 1279 89 296 1280 323 297 1281 338 297 1282 337 297 1283 324 298 1284 339 298 1285 338 298 1286 325 299 1287 340 299 1288 339 299 1289 326 300 1290 341 300 1291 340 300 1292 327 301 1293 342 301 1294 341 301 1295 328 302 1296 343 302 1297 342 302 1298 316 31 1299 30 31 1300 28 31 1301 317 31 1302 330 31 1303 316 31 1304 318 31 1305 331 31 1306 317 31 1307 319 31 1308 332 31 1309 318 31 1310 320 31 1311 333 31 1312 319 31 1313 321 31 1314 334 31 1315 320 31 1316 322 31 1317 335 31 1318 321 31 1319 288 31 1320 26 31 1321 24 31 1322 289 31 1323 302 31 1324 288 31 1325 290 303 1326 303 303 1327 289 303 1328 291 304 1329 304 304 1330 290 304 1331 292 31 1332 305 31 1333 291 31 1334 293 31 1335 306 31 1336 292 31 1337 294 31 1338 307 31 1339 293 31 1340 81 305 1341 295 305 1342 83 305 1343 281 306 1344 296 306 1345 295 306 1346 282 307 1347 297 307 1348 296 307 1349 283 308 1350 298 308 1351 297 308 1352 284 309 1353 299 309 1354 298 309 1355 285 310 1356 300 310 1357 299 310 1358 286 311 1359 301 311 1360 300 311 1361 83 312 1362 309 312 1363 85 312 1364 295 313 1365 310 313 1366 309 313 1367 296 314 1368 311 314 1369 310 314 1370 297 315 1371 312 315 1372 311 315 1373 298 316 1374 313 316 1375 312 316 1376 299 317 1377 314 317 1378 313 317 1379 300 318 1380 315 318 1381 314 318 1382 246 31 1383 20 31 1384 18 31 1385 247 31 1386 260 31 1387 246 31 1388 248 31 1389 261 31 1390 247 31 1391 249 31 1392 262 31 1393 248 31 1394 250 31 1395 263 31 1396 249 31 1397 251 319 1398 264 319 1399 250 319 1400 252 320 1401 265 320 1402 251 320 1403 75 321 1404 253 321 1405 77 321 1406 239 322 1407 254 322 1408 253 322 1409 240 323 1410 255 323 1411 254 323 1412 241 324 1413 256 324 1414 255 324 1415 242 325 1416 257 325 1417 256 325 1418 243 326 1419 258 326 1420 257 326 1421 244 327 1422 259 327 1423 258 327 1424 77 328 1425 267 328 1426 79 328 1427 253 329 1428 268 329 1429 267 329 1430 254 330 1431 269 330 1432 268 330 1433 255 331 1434 270 331 1435 269 331 1436 256 332 1437 271 332 1438 270 332 1439 257 333 1440 272 333 1441 271 333 1442 258 334 1443 273 334 1444 272 334 1445 204 31 1446 14 31 1447 12 31 1448 205 31 1449 218 31 1450 204 31 1451 206 335 1452 219 335 1453 205 335 1454 207 31 1455 220 31 1456 206 31 1457 208 336 1458 221 336 1459 207 336 1460 209 337 1461 222 337 1462 208 337 1463 210 31 1464 223 31 1465 209 31 1466 73 338 1467 239 338 1468 75 338 1469 225 339 1470 240 339 1471 239 339 1472 226 340 1473 241 340 1474 240 340 1475 227 341 1476 242 341 1477 241 341 1478 228 342 1479 243 342 1480 242 342 1481 229 343 1482 244 343 1483 243 343 1484 230 344 1485 245 344 1486 244 344 1487 71 345 1488 225 345 1489 73 345 1490 211 346 1491 226 346 1492 225 346 1493 212 347 1494 227 347 1495 226 347 1496 213 348 1497 228 348 1498 227 348 1499 214 349 1500 229 349 1501 228 349 1502 215 350 1503 230 350 1504 229 350 1505 216 351 1506 231 351 1507 230 351 1508 65 352 1509 183 352 1510 67 352 1511 169 353 1512 184 353 1513 183 353 1514 170 354 1515 185 354 1516 184 354 1517 171 355 1518 186 355 1519 185 355 1520 172 356 1521 187 356 1522 186 356 1523 173 357 1524 188 357 1525 187 357 1526 174 358 1527 189 358 1528 188 358 1529 6 359 1530 176 359 1531 8 359 1532 163 360 1533 176 360 1534 162 360 1535 164 361 1536 177 361 1537 163 361 1538 165 31 1539 178 31 1540 164 31 1541 166 31 1542 179 31 1543 165 31 1544 167 31 1545 180 31 1546 166 31 1547 168 31 1548 181 31 1549 167 31 1550 59 362 1551 155 362 1552 63 362 1553 127 363 1554 156 363 1555 155 363 1556 128 364 1557 157 364 1558 156 364 1559 129 365 1560 158 365 1561 157 365 1562 130 366 1563 159 366 1564 158 366 1565 132 33 1566 159 33 1567 131 33 1568 133 367 1569 160 367 1570 132 367 1571 1 368 1572 133 368 1573 141 368 1574 133 369 1575 142 369 1576 141 369 1577 132 370 1578 143 370 1579 142 370 1580 131 371 1581 144 371 1582 143 371 1583 130 372 1584 145 372 1585 144 372 1586 129 373 1587 146 373 1588 145 373 1589 128 374 1590 147 374 1591 146 374 1592 0 375 1593 120 375 1594 2 375 1595 120 31 1596 139 31 1597 121 31 1598 121 31 1599 138 31 1600 122 31 1601 122 31 1602 137 31 1603 123 31 1604 123 31 1605 136 31 1606 124 31 1607 124 31 1608 135 31 1609 125 31 1610 125 31 1611 134 31 1612 126 31 1613 668 31 1614 592 31 1615 594 31 1616 540 376 1617 1018 376 1618 648 376 1619 544 377 1620 547 377 1621 545 377 1622 542 378 1623 545 378 1624 543 378 1625 546 379 1626 549 379 1627 547 379 1628 550 380 1629 553 380 1630 551 380 1631 548 381 1632 551 381 1633 549 381 1634 552 382 1635 555 382 1636 553 382 1637 556 383 1638 559 383 1639 557 383 1640 554 384 1641 557 384 1642 555 384 1643 560 385 1644 563 385 1645 561 385 1646 558 386 1647 561 386 1648 559 386 1649 562 387 1650 565 387 1651 563 387 1652 566 388 1653 569 388 1654 567 388 1655 564 389 1656 567 389 1657 565 389 1658 568 390 1659 571 390 1660 569 390 1661 572 391 1662 575 391 1663 573 391 1664 570 392 1665 573 392 1666 571 392 1667 574 393 1668 577 393 1669 575 393 1670 578 394 1671 581 394 1672 579 394 1673 576 395 1674 579 395 1675 577 395 1676 583 396 1677 584 396 1678 585 396 1679 581 397 1680 582 397 1681 583 397 1682 584 398 1683 587 398 1684 585 398 1685 588 399 1686 591 399 1687 589 399 1688 586 400 1689 589 400 1690 587 400 1691 633 401 1692 634 401 1693 632 401 1694 637 402 1695 634 402 1696 635 402 1697 637 403 1698 638 403 1699 636 403 1700 653 404 1701 1012 404 1702 654 404 1703 592 405 1704 647 405 1705 593 405 1706 594 406 1707 593 406 1708 595 406 1709 703 407 1710 549 407 1711 717 407 1712 717 33 1713 551 33 1714 731 33 1715 598 31 1716 710 31 1717 696 31 1718 745 33 1719 555 33 1720 759 33 1721 731 408 1722 553 408 1723 745 408 1724 604 31 1725 752 31 1726 738 31 1727 787 409 1728 561 409 1729 801 409 1730 773 410 1731 559 410 1732 787 410 1733 610 31 1734 794 31 1735 780 31 1736 614 31 1737 822 31 1738 808 31 1739 815 411 1740 565 411 1741 829 411 1742 857 412 1743 571 412 1744 871 412 1745 871 413 1746 573 413 1747 885 413 1748 620 31 1749 864 31 1750 850 31 1751 899 414 1752 577 414 1753 913 414 1754 885 415 1755 575 415 1756 899 415 1757 626 31 1758 906 31 1759 892 31 1760 941 416 1761 583 416 1762 955 416 1763 927 417 1764 581 417 1765 941 417 1766 632 418 1767 948 418 1768 934 418 1769 636 419 1770 976 419 1771 962 419 1772 969 420 1773 587 420 1774 983 420 1775 591 421 1776 998 421 1777 1011 421 1778 640 422 1779 643 422 1780 642 422 1781 639 423 1782 640 423 1783 638 423 1784 640 424 1785 1004 424 1786 990 424 1787 638 425 1788 990 425 1789 976 425 1790 983 426 1791 589 426 1792 997 426 1793 955 427 1794 585 427 1795 969 427 1796 634 31 1797 962 31 1798 948 31 1799 630 428 1800 934 428 1801 920 428 1802 913 429 1803 579 429 1804 927 429 1805 628 31 1806 920 31 1807 906 31 1808 624 31 1809 892 31 1810 878 31 1811 622 31 1812 878 31 1813 864 31 1814 843 430 1815 569 430 1816 857 430 1817 618 31 1818 850 31 1819 836 31 1820 616 31 1821 836 31 1822 822 31 1823 829 431 1824 567 431 1825 843 431 1826 801 432 1827 563 432 1828 815 432 1829 612 31 1830 808 31 1831 794 31 1832 608 31 1833 780 31 1834 766 31 1835 759 33 1836 557 33 1837 773 33 1838 606 433 1839 766 433 1840 752 433 1841 602 31 1842 738 31 1843 724 31 1844 600 31 1845 724 31 1846 710 31 1847 689 434 1848 547 434 1849 703 434 1850 596 31 1851 696 31 1852 682 31 1853 594 435 1854 682 435 1855 668 435 1856 675 33 1857 545 33 1858 689 33 1859 543 436 1860 661 436 1861 541 436 1862 647 437 1863 655 437 1864 593 437 1865 997 438 1866 591 438 1867 1011 438 1868 630 439 1869 633 439 1870 632 439 1871 630 440 1872 629 440 1873 631 440 1874 629 441 1875 626 441 1876 627 441 1877 627 442 1878 624 442 1879 625 442 1880 624 443 1881 623 443 1882 625 443 1883 623 444 1884 620 444 1885 621 444 1886 620 445 1887 619 445 1888 621 445 1889 616 446 1890 619 446 1891 618 446 1892 614 447 1893 617 447 1894 616 447 1895 614 448 1896 613 448 1897 615 448 1898 613 449 1899 610 449 1900 611 449 1901 611 450 1902 608 450 1903 609 450 1904 608 451 1905 607 451 1906 609 451 1907 606 452 1908 605 452 1909 607 452 1910 604 453 1911 603 453 1912 605 453 1913 602 454 1914 601 454 1915 603 454 1916 600 455 1917 599 455 1918 601 455 1919 598 456 1920 597 456 1921 599 456 1922 594 457 1923 597 457 1924 596 457 1925 648 31 1926 542 31 1927 540 31 1928 646 458 1929 654 458 1930 1012 458 1931 647 459 1932 1012 459 1933 1025 459 1934 661 460 1935 1020 460 1936 1019 460 1937 660 461 1938 1021 461 1939 1020 461 1940 659 462 1941 1022 462 1942 1021 462 1943 658 463 1944 1023 463 1945 1022 463 1946 657 464 1947 1024 464 1948 1023 464 1949 656 465 1950 1025 465 1951 1024 465 1952 1019 466 1953 644 466 1954 645 466 1955 1020 467 1956 1018 467 1957 1019 467 1958 1021 468 1959 1017 468 1960 1020 468 1961 1022 469 1962 1016 469 1963 1021 469 1964 1023 468 1965 1015 468 1966 1022 468 1967 1024 469 1968 1014 469 1969 1023 469 1970 1025 468 1971 1013 468 1972 1024 468 1973 641 470 1974 1005 470 1975 643 470 1976 991 471 1977 1006 471 1978 1005 471 1979 992 472 1980 1007 472 1981 1006 472 1982 993 473 1983 1008 473 1984 1007 473 1985 994 474 1986 1009 474 1987 1008 474 1988 995 475 1989 1010 475 1990 1009 475 1991 996 476 1992 1011 476 1993 1010 476 1994 652 477 1995 1013 477 1996 653 477 1997 651 478 1998 1014 478 1999 652 478 2000 650 479 2001 1015 479 2002 651 479 2003 649 480 2004 1016 480 2005 650 480 2006 648 481 2007 1017 481 2008 649 481 2009 541 482 2010 1019 482 2011 645 482 2012 649 31 2013 662 31 2014 648 31 2015 650 483 2016 663 483 2017 649 483 2018 651 31 2019 664 31 2020 650 31 2021 652 484 2022 665 484 2023 651 484 2024 653 31 2025 666 31 2026 652 31 2027 654 31 2028 667 31 2029 653 31 2030 669 485 2031 593 485 2032 655 485 2033 542 486 2034 541 486 2035 540 486 2036 595 487 2037 683 487 2038 597 487 2039 669 488 2040 684 488 2041 683 488 2042 670 33 2043 685 33 2044 684 33 2045 671 33 2046 686 33 2047 685 33 2048 672 489 2049 687 489 2050 686 489 2051 673 490 2052 688 490 2053 687 490 2054 674 491 2055 689 491 2056 688 491 2057 662 31 2058 544 31 2059 542 31 2060 663 492 2061 676 492 2062 662 492 2063 664 493 2064 677 493 2065 663 493 2066 665 31 2067 678 31 2068 664 31 2069 666 31 2070 679 31 2071 665 31 2072 667 494 2073 680 494 2074 666 494 2075 668 495 2076 681 495 2077 667 495 2078 676 31 2079 546 31 2080 544 31 2081 677 31 2082 690 31 2083 676 31 2084 678 496 2085 691 496 2086 677 496 2087 679 497 2088 692 497 2089 678 497 2090 680 31 2091 693 31 2092 679 31 2093 681 31 2094 694 31 2095 680 31 2096 682 498 2097 695 498 2098 681 498 2099 597 499 2100 697 499 2101 599 499 2102 683 500 2103 698 500 2104 697 500 2105 684 33 2106 699 33 2107 698 33 2108 685 33 2109 700 33 2110 699 33 2111 686 33 2112 701 33 2113 700 33 2114 687 501 2115 702 501 2116 701 501 2117 688 33 2118 703 33 2119 702 33 2120 704 31 2121 550 31 2122 548 31 2123 705 31 2124 718 31 2125 704 31 2126 706 31 2127 719 31 2128 705 31 2129 707 31 2130 720 31 2131 706 31 2132 708 502 2133 721 502 2134 707 502 2135 709 31 2136 722 31 2137 708 31 2138 710 31 2139 723 31 2140 709 31 2141 718 31 2142 552 31 2143 550 31 2144 719 31 2145 732 31 2146 718 31 2147 720 31 2148 733 31 2149 719 31 2150 721 31 2151 734 31 2152 720 31 2153 722 31 2154 735 31 2155 721 31 2156 723 31 2157 736 31 2158 722 31 2159 724 503 2160 737 503 2161 723 503 2162 746 504 2163 556 504 2164 554 504 2165 747 505 2166 760 505 2167 746 505 2168 748 31 2169 761 31 2170 747 31 2171 749 31 2172 762 31 2173 748 31 2174 750 31 2175 763 31 2176 749 31 2177 751 31 2178 764 31 2179 750 31 2180 752 31 2181 765 31 2182 751 31 2183 607 33 2184 767 33 2185 609 33 2186 753 506 2187 768 506 2188 767 506 2189 754 33 2190 769 33 2191 768 33 2192 755 507 2193 770 507 2194 769 507 2195 756 508 2196 771 508 2197 770 508 2198 757 33 2199 772 33 2200 771 33 2201 758 33 2202 773 33 2203 772 33 2204 760 31 2205 558 31 2206 556 31 2207 761 509 2208 774 509 2209 760 509 2210 762 510 2211 775 510 2212 761 510 2213 763 31 2214 776 31 2215 762 31 2216 764 31 2217 777 31 2218 763 31 2219 765 511 2220 778 511 2221 764 511 2222 766 31 2223 779 31 2224 765 31 2225 788 512 2226 562 512 2227 560 512 2228 789 31 2229 802 31 2230 788 31 2231 790 31 2232 803 31 2233 789 31 2234 791 31 2235 804 31 2236 790 31 2237 792 513 2238 805 513 2239 791 513 2240 793 31 2241 806 31 2242 792 31 2243 794 514 2244 807 514 2245 793 514 2246 613 515 2247 809 515 2248 615 515 2249 795 516 2250 810 516 2251 809 516 2252 796 517 2253 811 517 2254 810 517 2255 797 518 2256 812 518 2257 811 518 2258 798 519 2259 813 519 2260 812 519 2261 799 520 2262 814 520 2263 813 520 2264 800 521 2265 815 521 2266 814 521 2267 617 522 2268 837 522 2269 619 522 2270 823 523 2271 838 523 2272 837 523 2273 824 524 2274 839 524 2275 838 524 2276 825 525 2277 840 525 2278 839 525 2279 826 526 2280 841 526 2281 840 526 2282 827 527 2283 842 527 2284 841 527 2285 828 528 2286 843 528 2287 842 528 2288 816 31 2289 566 31 2290 564 31 2291 817 529 2292 830 529 2293 816 529 2294 818 530 2295 831 530 2296 817 530 2297 819 31 2298 832 31 2299 818 31 2300 820 31 2301 833 31 2302 819 31 2303 821 31 2304 834 31 2305 820 31 2306 822 31 2307 835 31 2308 821 31 2309 830 31 2310 568 31 2311 566 31 2312 831 531 2313 844 531 2314 830 531 2315 832 31 2316 845 31 2317 831 31 2318 833 31 2319 846 31 2320 832 31 2321 834 31 2322 847 31 2323 833 31 2324 835 532 2325 848 532 2326 834 532 2327 836 533 2328 849 533 2329 835 533 2330 619 534 2331 851 534 2332 621 534 2333 837 535 2334 852 535 2335 851 535 2336 838 536 2337 853 536 2338 852 536 2339 839 537 2340 854 537 2341 853 537 2342 840 538 2343 855 538 2344 854 538 2345 841 539 2346 856 539 2347 855 539 2348 842 540 2349 857 540 2350 856 540 2351 858 541 2352 572 541 2353 570 541 2354 859 31 2355 872 31 2356 858 31 2357 860 31 2358 873 31 2359 859 31 2360 861 542 2361 874 542 2362 860 542 2363 862 31 2364 875 31 2365 861 31 2366 863 31 2367 876 31 2368 862 31 2369 864 31 2370 877 31 2371 863 31 2372 872 543 2373 574 543 2374 572 543 2375 873 31 2376 886 31 2377 872 31 2378 874 31 2379 887 31 2380 873 31 2381 875 31 2382 888 31 2383 874 31 2384 876 31 2385 889 31 2386 875 31 2387 877 31 2388 890 31 2389 876 31 2390 878 31 2391 891 31 2392 877 31 2393 900 544 2394 578 544 2395 576 544 2396 901 545 2397 914 545 2398 900 545 2399 902 546 2400 915 546 2401 901 546 2402 903 31 2403 916 31 2404 902 31 2405 904 31 2406 917 31 2407 903 31 2408 905 31 2409 918 31 2410 904 31 2411 906 547 2412 919 547 2413 905 547 2414 629 548 2415 921 548 2416 631 548 2417 907 33 2418 922 33 2419 921 33 2420 908 33 2421 923 33 2422 922 33 2423 909 33 2424 924 33 2425 923 33 2426 910 33 2427 925 33 2428 924 33 2429 911 549 2430 926 549 2431 925 549 2432 912 33 2433 927 33 2434 926 33 2435 914 550 2436 580 550 2437 578 550 2438 915 31 2439 928 31 2440 914 31 2441 916 551 2442 929 551 2443 915 551 2444 917 31 2445 930 31 2446 916 31 2447 918 552 2448 931 552 2449 917 552 2450 919 31 2451 932 31 2452 918 31 2453 920 31 2454 933 31 2455 919 31 2456 942 31 2457 584 31 2458 582 31 2459 943 31 2460 956 31 2461 942 31 2462 944 31 2463 957 31 2464 943 31 2465 945 31 2466 958 31 2467 944 31 2468 946 31 2469 959 31 2470 945 31 2471 947 553 2472 960 553 2473 946 553 2474 948 31 2475 961 31 2476 947 31 2477 635 554 2478 963 554 2479 637 554 2480 949 555 2481 964 555 2482 963 555 2483 950 556 2484 965 556 2485 964 556 2486 951 557 2487 966 557 2488 965 557 2489 952 558 2490 967 558 2491 966 558 2492 953 559 2493 968 559 2494 967 559 2495 954 560 2496 969 560 2497 968 560 2498 639 561 2499 991 561 2500 641 561 2501 977 562 2502 992 562 2503 991 562 2504 978 563 2505 993 563 2506 992 563 2507 979 564 2508 994 564 2509 993 564 2510 980 565 2511 995 565 2512 994 565 2513 981 566 2514 996 566 2515 995 566 2516 982 567 2517 997 567 2518 996 567 2519 970 568 2520 588 568 2521 586 568 2522 971 569 2523 984 569 2524 970 569 2525 972 570 2526 985 570 2527 971 570 2528 973 571 2529 986 571 2530 972 571 2531 974 572 2532 987 572 2533 973 572 2534 975 573 2535 988 573 2536 974 573 2537 976 574 2538 989 574 2539 975 574 2540 984 575 2541 590 575 2542 588 575 2543 985 576 2544 998 576 2545 984 576 2546 986 577 2547 999 577 2548 985 577 2549 987 578 2550 1000 578 2551 986 578 2552 988 579 2553 1001 579 2554 987 579 2555 989 580 2556 1002 580 2557 988 580 2558 990 581 2559 1003 581 2560 989 581 2561 643 582 2562 1004 582 2563 642 582 2564 1006 583 2565 1004 583 2566 1005 583 2567 1007 584 2568 1003 584 2569 1006 584 2570 1008 585 2571 1002 585 2572 1007 585 2573 1009 586 2574 1001 586 2575 1008 586 2576 1010 587 2577 1000 587 2578 1009 587 2579 1011 588 2580 999 588 2581 1010 588 2582 637 589 2583 977 589 2584 639 589 2585 963 590 2586 978 590 2587 977 590 2588 964 591 2589 979 591 2590 978 591 2591 965 592 2592 980 592 2593 979 592 2594 966 593 2595 981 593 2596 980 593 2597 967 594 2598 982 594 2599 981 594 2600 968 595 2601 983 595 2602 982 595 2603 956 31 2604 586 31 2605 584 31 2606 957 596 2607 970 596 2608 956 596 2609 958 597 2610 971 597 2611 957 597 2612 959 598 2613 972 598 2614 958 598 2615 960 599 2616 973 599 2617 959 599 2618 961 600 2619 974 600 2620 960 600 2621 962 601 2622 975 601 2623 961 601 2624 928 31 2625 582 31 2626 580 31 2627 929 31 2628 942 31 2629 928 31 2630 930 31 2631 943 31 2632 929 31 2633 931 31 2634 944 31 2635 930 31 2636 932 31 2637 945 31 2638 931 31 2639 933 31 2640 946 31 2641 932 31 2642 934 31 2643 947 31 2644 933 31 2645 631 602 2646 935 602 2647 633 602 2648 921 603 2649 936 603 2650 935 603 2651 922 604 2652 937 604 2653 936 604 2654 923 605 2655 938 605 2656 937 605 2657 924 606 2658 939 606 2659 938 606 2660 925 607 2661 940 607 2662 939 607 2663 926 608 2664 941 608 2665 940 608 2666 633 609 2667 949 609 2668 635 609 2669 935 610 2670 950 610 2671 949 610 2672 936 611 2673 951 611 2674 950 611 2675 937 612 2676 952 612 2677 951 612 2678 938 613 2679 953 613 2680 952 613 2681 939 614 2682 954 614 2683 953 614 2684 940 615 2685 955 615 2686 954 615 2687 886 31 2688 576 31 2689 574 31 2690 887 31 2691 900 31 2692 886 31 2693 888 616 2694 901 616 2695 887 616 2696 889 31 2697 902 31 2698 888 31 2699 890 31 2700 903 31 2701 889 31 2702 891 31 2703 904 31 2704 890 31 2705 892 31 2706 905 31 2707 891 31 2708 625 617 2709 893 617 2710 627 617 2711 879 618 2712 894 618 2713 893 618 2714 880 619 2715 895 619 2716 894 619 2717 881 620 2718 896 620 2719 895 620 2720 882 621 2721 897 621 2722 896 621 2723 883 622 2724 898 622 2725 897 622 2726 884 623 2727 899 623 2728 898 623 2729 627 624 2730 907 624 2731 629 624 2732 893 625 2733 908 625 2734 907 625 2735 894 626 2736 909 626 2737 908 626 2738 895 627 2739 910 627 2740 909 627 2741 896 628 2742 911 628 2743 910 628 2744 897 629 2745 912 629 2746 911 629 2747 898 630 2748 913 630 2749 912 630 2750 844 31 2751 570 31 2752 568 31 2753 845 31 2754 858 31 2755 844 31 2756 846 631 2757 859 631 2758 845 631 2759 847 31 2760 860 31 2761 846 31 2762 848 31 2763 861 31 2764 847 31 2765 849 632 2766 862 632 2767 848 632 2768 850 31 2769 863 31 2770 849 31 2771 623 33 2772 879 33 2773 625 33 2774 865 33 2775 880 33 2776 879 33 2777 866 33 2778 881 33 2779 880 33 2780 867 33 2781 882 33 2782 881 33 2783 868 33 2784 883 33 2785 882 33 2786 869 33 2787 884 33 2788 883 33 2789 870 33 2790 885 33 2791 884 33 2792 621 633 2793 865 633 2794 623 633 2795 851 634 2796 866 634 2797 865 634 2798 852 635 2799 867 635 2800 866 635 2801 853 636 2802 868 636 2803 867 636 2804 854 637 2805 869 637 2806 868 637 2807 855 638 2808 870 638 2809 869 638 2810 856 639 2811 871 639 2812 870 639 2813 615 640 2814 823 640 2815 617 640 2816 809 641 2817 824 641 2818 823 641 2819 810 642 2820 825 642 2821 824 642 2822 811 643 2823 826 643 2824 825 643 2825 812 644 2826 827 644 2827 826 644 2828 813 645 2829 828 645 2830 827 645 2831 814 646 2832 829 646 2833 828 646 2834 802 31 2835 564 31 2836 562 31 2837 803 31 2838 816 31 2839 802 31 2840 804 31 2841 817 31 2842 803 31 2843 805 31 2844 818 31 2845 804 31 2846 806 31 2847 819 31 2848 805 31 2849 807 31 2850 820 31 2851 806 31 2852 808 31 2853 821 31 2854 807 31 2855 774 31 2856 560 31 2857 558 31 2858 775 31 2859 788 31 2860 774 31 2861 776 31 2862 789 31 2863 775 31 2864 777 647 2865 790 647 2866 776 647 2867 778 648 2868 791 648 2869 777 648 2870 779 31 2871 792 31 2872 778 31 2873 780 31 2874 793 31 2875 779 31 2876 609 649 2877 781 649 2878 611 649 2879 767 650 2880 782 650 2881 781 650 2882 768 651 2883 783 651 2884 782 651 2885 769 652 2886 784 652 2887 783 652 2888 770 653 2889 785 653 2890 784 653 2891 771 654 2892 786 654 2893 785 654 2894 772 655 2895 787 655 2896 786 655 2897 611 656 2898 795 656 2899 613 656 2900 781 657 2901 796 657 2902 795 657 2903 782 658 2904 797 658 2905 796 658 2906 783 659 2907 798 659 2908 797 659 2909 784 660 2910 799 660 2911 798 660 2912 785 661 2913 800 661 2914 799 661 2915 786 662 2916 801 662 2917 800 662 2918 732 31 2919 554 31 2920 552 31 2921 733 31 2922 746 31 2923 732 31 2924 734 31 2925 747 31 2926 733 31 2927 735 31 2928 748 31 2929 734 31 2930 736 31 2931 749 31 2932 735 31 2933 737 31 2934 750 31 2935 736 31 2936 738 31 2937 751 31 2938 737 31 2939 603 663 2940 739 663 2941 605 663 2942 725 664 2943 740 664 2944 739 664 2945 726 665 2946 741 665 2947 740 665 2948 727 666 2949 742 666 2950 741 666 2951 728 667 2952 743 667 2953 742 667 2954 729 668 2955 744 668 2956 743 668 2957 730 669 2958 745 669 2959 744 669 2960 605 670 2961 753 670 2962 607 670 2963 739 671 2964 754 671 2965 753 671 2966 740 672 2967 755 672 2968 754 672 2969 741 673 2970 756 673 2971 755 673 2972 742 674 2973 757 674 2974 756 674 2975 743 675 2976 758 675 2977 757 675 2978 744 676 2979 759 676 2980 758 676 2981 690 677 2982 548 677 2983 546 677 2984 691 31 2985 704 31 2986 690 31 2987 692 31 2988 705 31 2989 691 31 2990 693 31 2991 706 31 2992 692 31 2993 694 31 2994 707 31 2995 693 31 2996 695 31 2997 708 31 2998 694 31 2999 696 31 3000 709 31 3001 695 31 3002 601 678 3003 725 678 3004 603 678 3005 711 33 3006 726 33 3007 725 33 3008 712 679 3009 727 679 3010 726 679 3011 713 680 3012 728 680 3013 727 680 3014 714 33 3015 729 33 3016 728 33 3017 715 681 3018 730 681 3019 729 681 3020 716 682 3021 731 682 3022 730 682 3023 599 683 3024 711 683 3025 601 683 3026 697 684 3027 712 684 3028 711 684 3029 698 685 3030 713 685 3031 712 685 3032 699 686 3033 714 686 3034 713 686 3035 700 687 3036 715 687 3037 714 687 3038 701 688 3039 716 688 3040 715 688 3041 702 689 3042 717 689 3043 716 689 3044 670 690 3045 655 690 3046 656 690 3047 671 691 3048 656 691 3049 657 691 3050 672 692 3051 657 692 3052 658 692 3053 673 693 3054 658 693 3055 659 693 3056 674 694 3057 659 694 3058 660 694 3059 675 695 3060 660 695 3061 661 695 3062 645 696 3063 540 696 3064 541 696 3065 2 0 3066 4 0 3067 5 0 3068 3 697 3069 1 697 3070 0 697 3071 4 698 3072 6 698 3073 7 698 3074 6 699 3075 8 699 3076 9 699 3077 10 4 3078 12 4 3079 13 4 3080 8 700 3081 10 700 3082 11 700 3083 12 701 3084 14 701 3085 15 701 3086 16 702 3087 18 702 3088 19 702 3089 14 8 3090 16 8 3091 17 8 3092 18 9 3093 20 9 3094 21 9 3095 22 703 3096 24 703 3097 25 703 3098 20 704 3099 22 704 3100 23 704 3101 26 12 3102 28 12 3103 29 12 3104 24 705 3105 26 705 3106 27 705 3107 28 706 3108 30 706 3109 31 706 3110 32 707 3111 34 707 3112 35 707 3113 30 708 3114 32 708 3115 33 708 3116 34 709 3117 36 709 3118 37 709 3119 38 710 3120 40 710 3121 41 710 3122 36 711 3123 38 711 3124 39 711 3125 40 712 3126 42 712 3127 43 712 3128 44 21 3129 46 21 3130 47 21 3131 42 713 3132 44 713 3133 45 713 3134 48 714 3135 50 714 3136 51 714 3137 46 715 3138 48 715 3139 49 715 3140 50 716 3141 52 716 3142 53 716 3143 54 717 3144 56 717 3145 57 717 3146 52 718 3147 54 718 3148 55 718 3149 105 719 3150 107 719 3151 106 719 3152 109 720 3153 108 720 3154 106 720 3155 111 721 3156 110 721 3157 108 721 3158 126 722 3159 134 722 3160 60 722 3161 127 723 3162 59 723 3163 61 723 3164 3 724 3165 5 724 3166 161 724 3167 64 725 3168 66 725 3169 182 725 3170 7 726 3171 9 726 3172 189 726 3173 217 33 3174 13 33 3175 15 33 3176 231 727 3177 15 727 3178 17 727 3179 70 728 3180 72 728 3181 224 728 3182 259 33 3183 19 33 3184 21 33 3185 245 729 3186 17 729 3187 19 729 3188 76 730 3189 78 730 3190 266 730 3191 301 33 3192 25 33 3193 27 33 3194 287 33 3195 23 33 3196 25 33 3197 82 731 3198 84 731 3199 308 731 3200 86 732 3201 88 732 3202 336 732 3203 329 33 3204 29 33 3205 31 33 3206 371 33 3207 35 33 3208 37 33 3209 385 733 3210 37 733 3211 39 733 3212 92 734 3213 94 734 3214 378 734 3215 413 33 3216 41 33 3217 43 33 3218 399 735 3219 39 735 3220 41 735 3221 98 736 3222 100 736 3223 420 736 3224 455 737 3225 47 737 3226 49 737 3227 441 33 3228 45 33 3229 47 33 3230 104 738 3231 106 738 3232 462 738 3233 108 739 3234 110 739 3235 490 739 3236 483 33 3237 51 33 3238 53 33 3239 525 238 3240 57 238 3241 56 238 3242 113 740 3243 115 740 3244 114 740 3245 111 52 3246 113 52 3247 112 52 3248 112 741 3249 114 741 3250 518 741 3251 110 742 3252 112 742 3253 504 742 3254 497 743 3255 53 743 3256 55 743 3257 469 33 3258 49 33 3259 51 33 3260 106 744 3261 108 744 3262 476 744 3263 102 745 3264 104 745 3265 448 745 3266 427 746 3267 43 746 3268 45 746 3269 100 747 3270 102 747 3271 434 747 3272 96 748 3273 98 748 3274 406 748 3275 94 749 3276 96 749 3277 392 749 3278 357 33 3279 33 33 3280 35 33 3281 90 750 3282 92 750 3283 364 750 3284 88 751 3285 90 751 3286 350 751 3287 343 33 3288 31 33 3289 33 33 3290 315 33 3291 27 33 3292 29 33 3293 84 752 3294 86 752 3295 322 752 3296 80 753 3297 82 753 3298 294 753 3299 273 33 3300 21 33 3301 23 33 3302 78 754 3303 80 754 3304 280 754 3305 74 755 3306 76 755 3307 252 755 3308 72 756 3309 74 756 3310 238 756 3311 11 757 3312 13 757 3313 217 757 3314 68 758 3315 70 758 3316 210 758 3317 66 759 3318 68 759 3319 196 759 3320 9 760 3321 11 760 3322 203 760 3323 5 761 3324 7 761 3325 175 761 3326 62 762 3327 64 762 3328 168 762 3329 58 763 3330 62 763 3331 154 763 3332 140 764 3333 0 764 3334 116 764 3335 511 765 3336 55 765 3337 57 765 3338 104 766 3339 102 766 3340 103 766 3341 102 767 3342 100 767 3343 101 767 3344 100 70 3345 98 70 3346 99 70 3347 99 768 3348 98 768 3349 96 768 3350 97 769 3351 96 769 3352 94 769 3353 94 73 3354 92 73 3355 93 73 3356 92 770 3357 90 770 3358 91 770 3359 88 771 3360 89 771 3361 91 771 3362 86 772 3363 87 772 3364 89 772 3365 87 773 3366 86 773 3367 84 773 3368 85 774 3369 84 774 3370 82 774 3371 82 775 3372 80 775 3373 81 775 3374 80 776 3375 78 776 3376 79 776 3377 78 777 3378 76 777 3379 77 777 3380 76 778 3381 74 778 3382 75 778 3383 74 779 3384 72 779 3385 73 779 3386 72 780 3387 70 780 3388 71 780 3389 70 781 3390 68 781 3391 69 781 3392 66 782 3393 67 782 3394 69 782 3395 64 783 3396 65 783 3397 67 783 3398 64 784 3399 62 784 3400 63 784 3401 62 785 3402 58 785 3403 59 785 3404 60 786 3405 61 786 3406 59 786 3407 119 787 3408 118 787 3409 526 787 3410 60 788 3411 118 788 3412 119 788 3413 147 789 3414 61 789 3415 119 789 3416 0 790 3417 1 790 3418 117 790 3419 141 791 3420 533 791 3421 117 791 3422 142 792 3423 534 792 3424 533 792 3425 143 793 3426 535 793 3427 534 793 3428 144 794 3429 536 794 3430 535 794 3431 144 795 3432 145 795 3433 537 795 3434 145 796 3435 146 796 3436 538 796 3437 146 797 3438 147 797 3439 539 797 3440 533 102 3441 532 102 3442 116 102 3443 534 102 3444 531 102 3445 532 102 3446 535 798 3447 530 798 3448 531 798 3449 536 103 3450 529 103 3451 530 103 3452 537 102 3453 528 102 3454 529 102 3455 538 102 3456 527 102 3457 528 102 3458 539 103 3459 526 103 3460 527 103 3461 113 799 3462 505 799 3463 519 799 3464 505 800 3465 506 800 3466 520 800 3467 506 801 3468 507 801 3469 521 801 3470 507 802 3471 508 802 3472 522 802 3473 508 803 3474 509 803 3475 523 803 3476 509 804 3477 510 804 3478 524 804 3479 510 805 3480 511 805 3481 525 805 3482 134 806 3483 526 806 3484 118 806 3485 135 807 3486 527 807 3487 526 807 3488 136 808 3489 528 808 3490 527 808 3491 137 118 3492 529 118 3493 528 118 3494 137 809 3495 138 809 3496 530 809 3497 138 810 3498 139 810 3499 531 810 3500 139 811 3501 140 811 3502 532 811 3503 2 31 3504 120 31 3505 148 31 3506 120 31 3507 121 31 3508 149 31 3509 121 812 3510 122 812 3511 150 812 3512 123 813 3513 151 813 3514 150 813 3515 124 814 3516 152 814 3517 151 814 3518 125 815 3519 153 815 3520 152 815 3521 126 816 3522 154 816 3523 153 816 3524 4 31 3525 148 31 3526 162 31 3527 149 817 3528 163 817 3529 162 817 3530 150 818 3531 164 818 3532 163 818 3533 151 819 3534 165 819 3535 164 819 3536 152 820 3537 166 820 3538 165 820 3539 153 821 3540 167 821 3541 166 821 3542 154 822 3543 168 822 3544 167 822 3545 63 33 3546 155 33 3547 169 33 3548 155 33 3549 156 33 3550 170 33 3551 156 33 3552 157 33 3553 171 33 3554 157 33 3555 158 33 3556 172 33 3557 158 33 3558 159 33 3559 173 33 3560 159 33 3561 160 33 3562 174 33 3563 160 823 3564 161 823 3565 175 823 3566 67 33 3567 183 33 3568 197 33 3569 183 824 3570 184 824 3571 198 824 3572 184 33 3573 185 33 3574 199 33 3575 185 33 3576 186 33 3577 200 33 3578 186 33 3579 187 33 3580 201 33 3581 187 825 3582 188 825 3583 202 825 3584 188 33 3585 189 33 3586 203 33 3587 8 31 3588 176 31 3589 190 31 3590 177 826 3591 191 826 3592 190 826 3593 178 827 3594 192 827 3595 191 827 3596 179 828 3597 193 828 3598 192 828 3599 180 829 3600 194 829 3601 193 829 3602 181 830 3603 195 830 3604 194 830 3605 182 831 3606 196 831 3607 195 831 3608 10 832 3609 190 832 3610 204 832 3611 191 833 3612 205 833 3613 204 833 3614 192 834 3615 206 834 3616 205 834 3617 193 835 3618 207 835 3619 206 835 3620 194 836 3621 208 836 3622 207 836 3623 195 837 3624 209 837 3625 208 837 3626 196 838 3627 210 838 3628 209 838 3629 69 33 3630 197 33 3631 211 33 3632 197 839 3633 198 839 3634 212 839 3635 198 33 3636 199 33 3637 213 33 3638 199 840 3639 200 840 3640 214 840 3641 200 33 3642 201 33 3643 215 33 3644 201 33 3645 202 33 3646 216 33 3647 202 33 3648 203 33 3649 217 33 3650 218 841 3651 232 841 3652 16 841 3653 219 842 3654 233 842 3655 232 842 3656 220 843 3657 234 843 3658 233 843 3659 221 844 3660 235 844 3661 234 844 3662 222 845 3663 236 845 3664 235 845 3665 223 846 3666 237 846 3667 236 846 3668 224 847 3669 238 847 3670 237 847 3671 232 848 3672 246 848 3673 18 848 3674 233 849 3675 247 849 3676 246 849 3677 234 850 3678 248 850 3679 247 850 3680 235 851 3681 249 851 3682 248 851 3683 236 852 3684 250 852 3685 249 852 3686 237 853 3687 251 853 3688 250 853 3689 238 854 3690 252 854 3691 251 854 3692 260 855 3693 274 855 3694 22 855 3695 261 856 3696 275 856 3697 274 856 3698 262 857 3699 276 857 3700 275 857 3701 263 858 3702 277 858 3703 276 858 3704 264 859 3705 278 859 3706 277 859 3707 265 860 3708 279 860 3709 278 860 3710 266 861 3711 280 861 3712 279 861 3713 79 33 3714 267 33 3715 281 33 3716 267 862 3717 268 862 3718 282 862 3719 268 33 3720 269 33 3721 283 33 3722 269 33 3723 270 33 3724 284 33 3725 270 863 3726 271 863 3727 285 863 3728 271 33 3729 272 33 3730 286 33 3731 272 33 3732 273 33 3733 287 33 3734 274 864 3735 288 864 3736 24 864 3737 275 865 3738 289 865 3739 288 865 3740 276 866 3741 290 866 3742 289 866 3743 277 867 3744 291 867 3745 290 867 3746 278 868 3747 292 868 3748 291 868 3749 279 869 3750 293 869 3751 292 869 3752 280 870 3753 294 870 3754 293 870 3755 302 871 3756 316 871 3757 28 871 3758 303 872 3759 317 872 3760 316 872 3761 304 873 3762 318 873 3763 317 873 3764 305 874 3765 319 874 3766 318 874 3767 306 875 3768 320 875 3769 319 875 3770 307 876 3771 321 876 3772 320 876 3773 308 877 3774 322 877 3775 321 877 3776 85 33 3777 309 33 3778 323 33 3779 309 33 3780 310 33 3781 324 33 3782 310 33 3783 311 33 3784 325 33 3785 311 33 3786 312 33 3787 326 33 3788 312 33 3789 313 33 3790 327 33 3791 313 33 3792 314 33 3793 328 33 3794 314 33 3795 315 33 3796 329 33 3797 89 33 3798 337 33 3799 351 33 3800 337 33 3801 338 33 3802 352 33 3803 338 33 3804 339 33 3805 353 33 3806 339 33 3807 340 33 3808 354 33 3809 340 33 3810 341 33 3811 355 33 3812 341 33 3813 342 33 3814 356 33 3815 342 878 3816 343 878 3817 357 878 3818 330 879 3819 344 879 3820 32 879 3821 331 880 3822 345 880 3823 344 880 3824 332 881 3825 346 881 3826 345 881 3827 333 882 3828 347 882 3829 346 882 3830 334 883 3831 348 883 3832 347 883 3833 335 884 3834 349 884 3835 348 884 3836 336 885 3837 350 885 3838 349 885 3839 344 886 3840 358 886 3841 34 886 3842 345 887 3843 359 887 3844 358 887 3845 346 888 3846 360 888 3847 359 888 3848 347 889 3849 361 889 3850 360 889 3851 348 890 3852 362 890 3853 361 890 3854 349 891 3855 363 891 3856 362 891 3857 350 892 3858 364 892 3859 363 892 3860 91 893 3861 351 893 3862 365 893 3863 351 33 3864 352 33 3865 366 33 3866 352 33 3867 353 33 3868 367 33 3869 353 894 3870 354 894 3871 368 894 3872 354 895 3873 355 895 3874 369 895 3875 355 33 3876 356 33 3877 370 33 3878 356 33 3879 357 33 3880 371 33 3881 372 896 3882 386 896 3883 38 896 3884 373 897 3885 387 897 3886 386 897 3887 374 898 3888 388 898 3889 387 898 3890 375 899 3891 389 899 3892 388 899 3893 376 900 3894 390 900 3895 389 900 3896 377 901 3897 391 901 3898 390 901 3899 378 902 3900 392 902 3901 391 902 3902 386 903 3903 400 903 3904 40 903 3905 387 904 3906 401 904 3907 400 904 3908 388 905 3909 402 905 3910 401 905 3911 389 906 3912 403 906 3913 402 906 3914 390 907 3915 404 907 3916 403 907 3917 391 908 3918 405 908 3919 404 908 3920 392 909 3921 406 909 3922 405 909 3923 414 910 3924 428 910 3925 44 910 3926 415 911 3927 429 911 3928 428 911 3929 416 912 3930 430 912 3931 429 912 3932 417 913 3933 431 913 3934 430 913 3935 418 914 3936 432 914 3937 431 914 3938 419 915 3939 433 915 3940 432 915 3941 420 916 3942 434 916 3943 433 916 3944 101 917 3945 421 917 3946 435 917 3947 421 918 3948 422 918 3949 436 918 3950 422 33 3951 423 33 3952 437 33 3953 423 33 3954 424 33 3955 438 33 3956 424 33 3957 425 33 3958 439 33 3959 425 33 3960 426 33 3961 440 33 3962 426 919 3963 427 919 3964 441 919 3965 428 920 3966 442 920 3967 46 920 3968 429 921 3969 443 921 3970 442 921 3971 430 922 3972 444 922 3973 443 922 3974 431 923 3975 445 923 3976 444 923 3977 432 924 3978 446 924 3979 445 924 3980 433 925 3981 447 925 3982 446 925 3983 434 926 3984 448 926 3985 447 926 3986 456 927 3987 470 927 3988 50 927 3989 457 928 3990 471 928 3991 470 928 3992 458 929 3993 472 929 3994 471 929 3995 459 930 3996 473 930 3997 472 930 3998 460 931 3999 474 931 4000 473 931 4001 461 932 4002 475 932 4003 474 932 4004 462 933 4005 476 933 4006 475 933 4007 107 33 4008 463 33 4009 477 33 4010 463 33 4011 464 33 4012 478 33 4013 464 33 4014 465 33 4015 479 33 4016 465 934 4017 466 934 4018 480 934 4019 466 33 4020 467 33 4021 481 33 4022 467 33 4023 468 33 4024 482 33 4025 468 33 4026 469 33 4027 483 33 4028 111 935 4029 491 935 4030 505 935 4031 491 936 4032 492 936 4033 506 936 4034 492 937 4035 493 937 4036 507 937 4037 493 938 4038 494 938 4039 508 938 4040 494 939 4041 495 939 4042 509 939 4043 495 940 4044 496 940 4045 510 940 4046 496 941 4047 497 941 4048 511 941 4049 484 942 4050 498 942 4051 54 942 4052 485 943 4053 499 943 4054 498 943 4055 486 944 4056 500 944 4057 499 944 4058 487 945 4059 501 945 4060 500 945 4061 488 946 4062 502 946 4063 501 946 4064 489 947 4065 503 947 4066 502 947 4067 490 948 4068 504 948 4069 503 948 4070 498 949 4071 512 949 4072 56 949 4073 499 950 4074 513 950 4075 512 950 4076 500 951 4077 514 951 4078 513 951 4079 501 952 4080 515 952 4081 514 952 4082 502 953 4083 516 953 4084 515 953 4085 503 954 4086 517 954 4087 516 954 4088 504 955 4089 518 955 4090 517 955 4091 519 956 4092 518 956 4093 114 956 4094 520 957 4095 517 957 4096 518 957 4097 520 958 4098 521 958 4099 516 958 4100 522 50 4101 515 50 4102 516 50 4103 523 959 4104 514 959 4105 515 959 4106 524 960 4107 513 960 4108 514 960 4109 525 961 4110 512 961 4111 513 961 4112 109 962 4113 477 962 4114 491 962 4115 477 963 4116 478 963 4117 492 963 4118 478 964 4119 479 964 4120 493 964 4121 479 965 4122 480 965 4123 494 965 4124 480 966 4125 481 966 4126 495 966 4127 481 967 4128 482 967 4129 496 967 4130 482 968 4131 483 968 4132 497 968 4133 470 969 4134 484 969 4135 52 969 4136 471 970 4137 485 970 4138 484 970 4139 472 971 4140 486 971 4141 485 971 4142 473 972 4143 487 972 4144 486 972 4145 474 973 4146 488 973 4147 487 973 4148 475 974 4149 489 974 4150 488 974 4151 476 975 4152 490 975 4153 489 975 4154 442 976 4155 456 976 4156 48 976 4157 443 977 4158 457 977 4159 456 977 4160 444 978 4161 458 978 4162 457 978 4163 445 979 4164 459 979 4165 458 979 4166 446 980 4167 460 980 4168 459 980 4169 447 981 4170 461 981 4171 460 981 4172 448 982 4173 462 982 4174 461 982 4175 103 33 4176 435 33 4177 449 33 4178 435 33 4179 436 33 4180 450 33 4181 436 33 4182 437 33 4183 451 33 4184 437 33 4185 438 33 4186 452 33 4187 438 33 4188 439 33 4189 453 33 4190 439 33 4191 440 33 4192 454 33 4193 440 33 4194 441 33 4195 455 33 4196 105 33 4197 449 33 4198 463 33 4199 449 33 4200 450 33 4201 464 33 4202 450 983 4203 451 983 4204 465 983 4205 451 33 4206 452 33 4207 466 33 4208 452 984 4209 453 984 4210 467 984 4211 453 33 4212 454 33 4213 468 33 4214 454 985 4215 455 985 4216 469 985 4217 400 986 4218 414 986 4219 42 986 4220 401 987 4221 415 987 4222 414 987 4223 402 988 4224 416 988 4225 415 988 4226 403 989 4227 417 989 4228 416 989 4229 404 990 4230 418 990 4231 417 990 4232 405 991 4233 419 991 4234 418 991 4235 406 992 4236 420 992 4237 419 992 4238 97 33 4239 393 33 4240 407 33 4241 393 993 4242 394 993 4243 408 993 4244 394 33 4245 395 33 4246 409 33 4247 395 33 4248 396 33 4249 410 33 4250 396 33 4251 397 33 4252 411 33 4253 397 33 4254 398 33 4255 412 33 4256 398 33 4257 399 33 4258 413 33 4259 99 33 4260 407 33 4261 421 33 4262 407 33 4263 408 33 4264 422 33 4265 408 33 4266 409 33 4267 423 33 4268 409 994 4269 410 994 4270 424 994 4271 410 33 4272 411 33 4273 425 33 4274 411 995 4275 412 995 4276 426 995 4277 412 33 4278 413 33 4279 427 33 4280 358 996 4281 372 996 4282 36 996 4283 359 997 4284 373 997 4285 372 997 4286 360 998 4287 374 998 4288 373 998 4289 361 999 4290 375 999 4291 374 999 4292 362 1000 4293 376 1000 4294 375 1000 4295 363 1001 4296 377 1001 4297 376 1001 4298 364 1002 4299 378 1002 4300 377 1002 4301 95 33 4302 379 33 4303 393 33 4304 379 33 4305 380 33 4306 394 33 4307 380 33 4308 381 33 4309 395 33 4310 381 1003 4311 382 1003 4312 396 1003 4313 382 33 4314 383 33 4315 397 33 4316 383 33 4317 384 33 4318 398 33 4319 384 33 4320 385 33 4321 399 33 4322 93 33 4323 365 33 4324 379 33 4325 365 33 4326 366 33 4327 380 33 4328 366 1004 4329 367 1004 4330 381 1004 4331 367 33 4332 368 33 4333 382 33 4334 368 33 4335 369 33 4336 383 33 4337 369 33 4338 370 33 4339 384 33 4340 370 33 4341 371 33 4342 385 33 4343 87 33 4344 323 33 4345 337 33 4346 323 33 4347 324 33 4348 338 33 4349 324 33 4350 325 33 4351 339 33 4352 325 33 4353 326 33 4354 340 33 4355 326 33 4356 327 33 4357 341 33 4358 327 1005 4359 328 1005 4360 342 1005 4361 328 33 4362 329 33 4363 343 33 4364 316 1006 4365 330 1006 4366 30 1006 4367 317 1007 4368 331 1007 4369 330 1007 4370 318 1008 4371 332 1008 4372 331 1008 4373 319 1009 4374 333 1009 4375 332 1009 4376 320 1010 4377 334 1010 4378 333 1010 4379 321 1011 4380 335 1011 4381 334 1011 4382 322 1012 4383 336 1012 4384 335 1012 4385 288 1013 4386 302 1013 4387 26 1013 4388 289 1014 4389 303 1014 4390 302 1014 4391 290 1015 4392 304 1015 4393 303 1015 4394 291 1016 4395 305 1016 4396 304 1016 4397 292 1017 4398 306 1017 4399 305 1017 4400 293 1018 4401 307 1018 4402 306 1018 4403 294 1019 4404 308 1019 4405 307 1019 4406 81 33 4407 281 33 4408 295 33 4409 281 33 4410 282 33 4411 296 33 4412 282 33 4413 283 33 4414 297 33 4415 283 33 4416 284 33 4417 298 33 4418 284 1020 4419 285 1020 4420 299 1020 4421 285 33 4422 286 33 4423 300 33 4424 286 1021 4425 287 1021 4426 301 1021 4427 83 1022 4428 295 1022 4429 309 1022 4430 295 33 4431 296 33 4432 310 33 4433 296 1023 4434 297 1023 4435 311 1023 4436 297 1024 4437 298 1024 4438 312 1024 4439 298 33 4440 299 33 4441 313 33 4442 299 1025 4443 300 1025 4444 314 1025 4445 300 1026 4446 301 1026 4447 315 1026 4448 246 1027 4449 260 1027 4450 20 1027 4451 247 1028 4452 261 1028 4453 260 1028 4454 248 1029 4455 262 1029 4456 261 1029 4457 249 1030 4458 263 1030 4459 262 1030 4460 250 1031 4461 264 1031 4462 263 1031 4463 251 1032 4464 265 1032 4465 264 1032 4466 252 1033 4467 266 1033 4468 265 1033 4469 75 33 4470 239 33 4471 253 33 4472 239 1034 4473 240 1034 4474 254 1034 4475 240 33 4476 241 33 4477 255 33 4478 241 33 4479 242 33 4480 256 33 4481 242 33 4482 243 33 4483 257 33 4484 243 33 4485 244 33 4486 258 33 4487 244 33 4488 245 33 4489 259 33 4490 77 1035 4491 253 1035 4492 267 1035 4493 253 33 4494 254 33 4495 268 33 4496 254 1036 4497 255 1036 4498 269 1036 4499 255 1037 4500 256 1037 4501 270 1037 4502 256 33 4503 257 33 4504 271 33 4505 257 1038 4506 258 1038 4507 272 1038 4508 258 1039 4509 259 1039 4510 273 1039 4511 204 1040 4512 218 1040 4513 14 1040 4514 205 1041 4515 219 1041 4516 218 1041 4517 206 1042 4518 220 1042 4519 219 1042 4520 207 1043 4521 221 1043 4522 220 1043 4523 208 1044 4524 222 1044 4525 221 1044 4526 209 1045 4527 223 1045 4528 222 1045 4529 210 1046 4530 224 1046 4531 223 1046 4532 73 33 4533 225 33 4534 239 33 4535 225 33 4536 226 33 4537 240 33 4538 226 33 4539 227 33 4540 241 33 4541 227 33 4542 228 33 4543 242 33 4544 228 33 4545 229 33 4546 243 33 4547 229 1047 4548 230 1047 4549 244 1047 4550 230 1048 4551 231 1048 4552 245 1048 4553 71 33 4554 211 33 4555 225 33 4556 211 1049 4557 212 1049 4558 226 1049 4559 212 33 4560 213 33 4561 227 33 4562 213 1050 4563 214 1050 4564 228 1050 4565 214 33 4566 215 33 4567 229 33 4568 215 33 4569 216 33 4570 230 33 4571 216 33 4572 217 33 4573 231 33 4574 65 33 4575 169 33 4576 183 33 4577 169 1051 4578 170 1051 4579 184 1051 4580 170 33 4581 171 33 4582 185 33 4583 171 33 4584 172 33 4585 186 33 4586 172 1052 4587 173 1052 4588 187 1052 4589 173 33 4590 174 33 4591 188 33 4592 174 33 4593 175 33 4594 189 33 4595 6 1053 4596 162 1053 4597 176 1053 4598 163 1054 4599 177 1054 4600 176 1054 4601 164 1055 4602 178 1055 4603 177 1055 4604 165 1056 4605 179 1056 4606 178 1056 4607 166 1057 4608 180 1057 4609 179 1057 4610 167 1058 4611 181 1058 4612 180 1058 4613 168 1059 4614 182 1059 4615 181 1059 4616 59 1060 4617 127 1060 4618 155 1060 4619 127 33 4620 128 33 4621 156 33 4622 128 33 4623 129 33 4624 157 33 4625 129 1061 4626 130 1061 4627 158 1061 4628 130 33 4629 131 33 4630 159 33 4631 132 1062 4632 160 1062 4633 159 1062 4634 133 1063 4635 161 1063 4636 160 1063 4637 1 1064 4638 3 1064 4639 133 1064 4640 133 33 4641 132 33 4642 142 33 4643 132 33 4644 131 33 4645 143 33 4646 131 33 4647 130 33 4648 144 33 4649 130 33 4650 129 33 4651 145 33 4652 129 1065 4653 128 1065 4654 146 1065 4655 128 33 4656 127 33 4657 147 33 4658 0 31 4659 140 31 4660 120 31 4661 120 1066 4662 140 1066 4663 139 1066 4664 121 1067 4665 139 1067 4666 138 1067 4667 122 1068 4668 138 1068 4669 137 1068 4670 123 1069 4671 137 1069 4672 136 1069 4673 124 1070 4674 136 1070 4675 135 1070 4676 125 1071 4677 135 1071 4678 134 1071 4679 668 1072 4680 654 1072 4681 592 1072 4682 540 1073 4683 644 1073 4684 1018 1073 4685 544 377 4686 546 377 4687 547 377 4688 542 1074 4689 544 1074 4690 545 1074 4691 546 1075 4692 548 1075 4693 549 1075 4694 550 1076 4695 552 1076 4696 553 1076 4697 548 1077 4698 550 1077 4699 551 1077 4700 552 1078 4701 554 1078 4702 555 1078 4703 556 1079 4704 558 1079 4705 559 1079 4706 554 1080 4707 556 1080 4708 557 1080 4709 560 1081 4710 562 1081 4711 563 1081 4712 558 386 4713 560 386 4714 561 386 4715 562 1082 4716 564 1082 4717 565 1082 4718 566 1083 4719 568 1083 4720 569 1083 4721 564 389 4722 566 389 4723 567 389 4724 568 1084 4725 570 1084 4726 571 1084 4727 572 1085 4728 574 1085 4729 575 1085 4730 570 1086 4731 572 1086 4732 573 1086 4733 574 393 4734 576 393 4735 577 393 4736 578 1087 4737 580 1087 4738 581 1087 4739 576 395 4740 578 395 4741 579 395 4742 583 1088 4743 582 1088 4744 584 1088 4745 581 1089 4746 580 1089 4747 582 1089 4748 584 1090 4749 586 1090 4750 587 1090 4751 588 399 4752 590 399 4753 591 399 4754 586 1091 4755 588 1091 4756 589 1091 4757 633 1092 4758 635 1092 4759 634 1092 4760 637 1093 4761 636 1093 4762 634 1093 4763 637 1094 4764 639 1094 4765 638 1094 4766 653 1095 4767 1013 1095 4768 1012 1095 4769 592 1096 4770 646 1096 4771 647 1096 4772 594 1097 4773 592 1097 4774 593 1097 4775 703 33 4776 547 33 4777 549 33 4778 717 33 4779 549 33 4780 551 33 4781 598 1098 4782 600 1098 4783 710 1098 4784 745 33 4785 553 33 4786 555 33 4787 731 33 4788 551 33 4789 553 33 4790 604 1099 4791 606 1099 4792 752 1099 4793 787 33 4794 559 33 4795 561 33 4796 773 33 4797 557 33 4798 559 33 4799 610 1100 4800 612 1100 4801 794 1100 4802 614 1101 4803 616 1101 4804 822 1101 4805 815 33 4806 563 33 4807 565 33 4808 857 33 4809 569 33 4810 571 33 4811 871 33 4812 571 33 4813 573 33 4814 620 1102 4815 622 1102 4816 864 1102 4817 899 1103 4818 575 1103 4819 577 1103 4820 885 33 4821 573 33 4822 575 33 4823 626 1104 4824 628 1104 4825 906 1104 4826 941 1105 4827 581 1105 4828 583 1105 4829 927 33 4830 579 33 4831 581 33 4832 632 1106 4833 634 1106 4834 948 1106 4835 636 1107 4836 638 1107 4837 976 1107 4838 969 33 4839 585 33 4840 587 33 4841 591 1108 4842 590 1108 4843 998 1108 4844 640 1109 4845 641 1109 4846 643 1109 4847 639 1110 4848 641 1110 4849 640 1110 4850 640 1111 4851 642 1111 4852 1004 1111 4853 638 1112 4854 640 1112 4855 990 1112 4856 983 1113 4857 587 1113 4858 589 1113 4859 955 33 4860 583 33 4861 585 33 4862 634 1114 4863 636 1114 4864 962 1114 4865 630 1115 4866 632 1115 4867 934 1115 4868 913 33 4869 577 33 4870 579 33 4871 628 1116 4872 630 1116 4873 920 1116 4874 624 1117 4875 626 1117 4876 892 1117 4877 622 1118 4878 624 1118 4879 878 1118 4880 843 1119 4881 567 1119 4882 569 1119 4883 618 1120 4884 620 1120 4885 850 1120 4886 616 1121 4887 618 1121 4888 836 1121 4889 829 33 4890 565 33 4891 567 33 4892 801 33 4893 561 33 4894 563 33 4895 612 1122 4896 614 1122 4897 808 1122 4898 608 1123 4899 610 1123 4900 780 1123 4901 759 33 4902 555 33 4903 557 33 4904 606 1124 4905 608 1124 4906 766 1124 4907 602 31 4908 604 31 4909 738 31 4910 600 1125 4911 602 1125 4912 724 1125 4913 689 33 4914 545 33 4915 547 33 4916 596 1126 4917 598 1126 4918 696 1126 4919 594 1127 4920 596 1127 4921 682 1127 4922 675 33 4923 543 33 4924 545 33 4925 543 33 4926 675 33 4927 661 33 4928 647 1128 4929 1025 1128 4930 655 1128 4931 997 1129 4932 589 1129 4933 591 1129 4934 630 1130 4935 631 1130 4936 633 1130 4937 630 440 4938 628 440 4939 629 440 4940 629 1131 4941 628 1131 4942 626 1131 4943 627 1132 4944 626 1132 4945 624 1132 4946 624 1133 4947 622 1133 4948 623 1133 4949 623 1134 4950 622 1134 4951 620 1134 4952 620 1135 4953 618 1135 4954 619 1135 4955 616 1136 4956 617 1136 4957 619 1136 4958 614 1137 4959 615 1137 4960 617 1137 4961 614 1138 4962 612 1138 4963 613 1138 4964 613 1139 4965 612 1139 4966 610 1139 4967 611 1140 4968 610 1140 4969 608 1140 4970 608 1141 4971 606 1141 4972 607 1141 4973 606 452 4974 604 452 4975 605 452 4976 604 1142 4977 602 1142 4978 603 1142 4979 602 1143 4980 600 1143 4981 601 1143 4982 600 1144 4983 598 1144 4984 599 1144 4985 598 456 4986 596 456 4987 597 456 4988 594 1145 4989 595 1145 4990 597 1145 4991 648 1146 4992 662 1146 4993 542 1146 4994 646 1147 4995 592 1147 4996 654 1147 4997 647 1148 4998 646 1148 4999 1012 1148 5000 661 1149 5001 660 1149 5002 1020 1149 5003 660 1150 5004 659 1150 5005 1021 1150 5006 659 1151 5007 658 1151 5008 1022 1151 5009 658 1152 5010 657 1152 5011 1023 1152 5012 657 1153 5013 656 1153 5014 1024 1153 5015 656 1154 5016 655 1154 5017 1025 1154 5018 1019 1155 5019 1018 1155 5020 644 1155 5021 1020 1156 5022 1017 1156 5023 1018 1156 5024 1021 1157 5025 1016 1157 5026 1017 1157 5027 1022 1158 5028 1015 1158 5029 1016 1158 5030 1023 1157 5031 1014 1157 5032 1015 1157 5033 1024 1158 5034 1013 1158 5035 1014 1158 5036 1025 1157 5037 1012 1157 5038 1013 1157 5039 641 1159 5040 991 1159 5041 1005 1159 5042 991 1160 5043 992 1160 5044 1006 1160 5045 992 1161 5046 993 1161 5047 1007 1161 5048 993 1162 5049 994 1162 5050 1008 1162 5051 994 1163 5052 995 1163 5053 1009 1163 5054 995 1164 5055 996 1164 5056 1010 1164 5057 996 1165 5058 997 1165 5059 1011 1165 5060 652 1166 5061 1014 1166 5062 1013 1166 5063 651 1167 5064 1015 1167 5065 1014 1167 5066 650 1168 5067 1016 1168 5068 1015 1168 5069 649 1169 5070 1017 1169 5071 1016 1169 5072 648 1170 5073 1018 1170 5074 1017 1170 5075 541 1171 5076 661 1171 5077 1019 1171 5078 649 1172 5079 663 1172 5080 662 1172 5081 650 1173 5082 664 1173 5083 663 1173 5084 651 1174 5085 665 1174 5086 664 1174 5087 652 1175 5088 666 1175 5089 665 1175 5090 653 1176 5091 667 1176 5092 666 1176 5093 654 1177 5094 668 1177 5095 667 1177 5096 669 1178 5097 595 1178 5098 593 1178 5099 542 1179 5100 543 1179 5101 541 1179 5102 595 1180 5103 669 1180 5104 683 1180 5105 669 1181 5106 670 1181 5107 684 1181 5108 670 1182 5109 671 1182 5110 685 1182 5111 671 33 5112 672 33 5113 686 33 5114 672 33 5115 673 33 5116 687 33 5117 673 33 5118 674 33 5119 688 33 5120 674 33 5121 675 33 5122 689 33 5123 662 1183 5124 676 1183 5125 544 1183 5126 663 1184 5127 677 1184 5128 676 1184 5129 664 1185 5130 678 1185 5131 677 1185 5132 665 1186 5133 679 1186 5134 678 1186 5135 666 1187 5136 680 1187 5137 679 1187 5138 667 1188 5139 681 1188 5140 680 1188 5141 668 1189 5142 682 1189 5143 681 1189 5144 676 1190 5145 690 1190 5146 546 1190 5147 677 1191 5148 691 1191 5149 690 1191 5150 678 31 5151 692 31 5152 691 31 5153 679 1192 5154 693 1192 5155 692 1192 5156 680 1193 5157 694 1193 5158 693 1193 5159 681 1194 5160 695 1194 5161 694 1194 5162 682 31 5163 696 31 5164 695 31 5165 597 1195 5166 683 1195 5167 697 1195 5168 683 1196 5169 684 1196 5170 698 1196 5171 684 1197 5172 685 1197 5173 699 1197 5174 685 33 5175 686 33 5176 700 33 5177 686 33 5178 687 33 5179 701 33 5180 687 1198 5181 688 1198 5182 702 1198 5183 688 33 5184 689 33 5185 703 33 5186 704 1199 5187 718 1199 5188 550 1199 5189 705 1200 5190 719 1200 5191 718 1200 5192 706 1201 5193 720 1201 5194 719 1201 5195 707 1202 5196 721 1202 5197 720 1202 5198 708 1203 5199 722 1203 5200 721 1203 5201 709 1204 5202 723 1204 5203 722 1204 5204 710 1205 5205 724 1205 5206 723 1205 5207 718 1206 5208 732 1206 5209 552 1206 5210 719 31 5211 733 31 5212 732 31 5213 720 31 5214 734 31 5215 733 31 5216 721 31 5217 735 31 5218 734 31 5219 722 1207 5220 736 1207 5221 735 1207 5222 723 31 5223 737 31 5224 736 31 5225 724 1208 5226 738 1208 5227 737 1208 5228 746 1209 5229 760 1209 5230 556 1209 5231 747 1210 5232 761 1210 5233 760 1210 5234 748 1211 5235 762 1211 5236 761 1211 5237 749 1212 5238 763 1212 5239 762 1212 5240 750 1213 5241 764 1213 5242 763 1213 5243 751 1214 5244 765 1214 5245 764 1214 5246 752 1215 5247 766 1215 5248 765 1215 5249 607 1216 5250 753 1216 5251 767 1216 5252 753 33 5253 754 33 5254 768 33 5255 754 33 5256 755 33 5257 769 33 5258 755 33 5259 756 33 5260 770 33 5261 756 33 5262 757 33 5263 771 33 5264 757 33 5265 758 33 5266 772 33 5267 758 33 5268 759 33 5269 773 33 5270 760 1217 5271 774 1217 5272 558 1217 5273 761 1218 5274 775 1218 5275 774 1218 5276 762 1219 5277 776 1219 5278 775 1219 5279 763 1220 5280 777 1220 5281 776 1220 5282 764 1221 5283 778 1221 5284 777 1221 5285 765 1222 5286 779 1222 5287 778 1222 5288 766 1223 5289 780 1223 5290 779 1223 5291 788 1224 5292 802 1224 5293 562 1224 5294 789 1225 5295 803 1225 5296 802 1225 5297 790 1226 5298 804 1226 5299 803 1226 5300 791 1227 5301 805 1227 5302 804 1227 5303 792 31 5304 806 31 5305 805 31 5306 793 1228 5307 807 1228 5308 806 1228 5309 794 1229 5310 808 1229 5311 807 1229 5312 613 33 5313 795 33 5314 809 33 5315 795 33 5316 796 33 5317 810 33 5318 796 33 5319 797 33 5320 811 33 5321 797 1230 5322 798 1230 5323 812 1230 5324 798 1231 5325 799 1231 5326 813 1231 5327 799 33 5328 800 33 5329 814 33 5330 800 33 5331 801 33 5332 815 33 5333 617 33 5334 823 33 5335 837 33 5336 823 33 5337 824 33 5338 838 33 5339 824 33 5340 825 33 5341 839 33 5342 825 1232 5343 826 1232 5344 840 1232 5345 826 33 5346 827 33 5347 841 33 5348 827 33 5349 828 33 5350 842 33 5351 828 33 5352 829 33 5353 843 33 5354 816 1233 5355 830 1233 5356 566 1233 5357 817 1234 5358 831 1234 5359 830 1234 5360 818 1235 5361 832 1235 5362 831 1235 5363 819 1236 5364 833 1236 5365 832 1236 5366 820 1237 5367 834 1237 5368 833 1237 5369 821 1238 5370 835 1238 5371 834 1238 5372 822 1239 5373 836 1239 5374 835 1239 5375 830 1240 5376 844 1240 5377 568 1240 5378 831 1241 5379 845 1241 5380 844 1241 5381 832 1242 5382 846 1242 5383 845 1242 5384 833 1243 5385 847 1243 5386 846 1243 5387 834 1244 5388 848 1244 5389 847 1244 5390 835 1245 5391 849 1245 5392 848 1245 5393 836 1246 5394 850 1246 5395 849 1246 5396 619 33 5397 837 33 5398 851 33 5399 837 33 5400 838 33 5401 852 33 5402 838 33 5403 839 33 5404 853 33 5405 839 33 5406 840 33 5407 854 33 5408 840 33 5409 841 33 5410 855 33 5411 841 33 5412 842 33 5413 856 33 5414 842 1247 5415 843 1247 5416 857 1247 5417 858 1248 5418 872 1248 5419 572 1248 5420 859 1249 5421 873 1249 5422 872 1249 5423 860 1250 5424 874 1250 5425 873 1250 5426 861 1251 5427 875 1251 5428 874 1251 5429 862 1252 5430 876 1252 5431 875 1252 5432 863 1253 5433 877 1253 5434 876 1253 5435 864 1254 5436 878 1254 5437 877 1254 5438 872 1255 5439 886 1255 5440 574 1255 5441 873 31 5442 887 31 5443 886 31 5444 874 1256 5445 888 1256 5446 887 1256 5447 875 31 5448 889 31 5449 888 31 5450 876 1257 5451 890 1257 5452 889 1257 5453 877 31 5454 891 31 5455 890 31 5456 878 31 5457 892 31 5458 891 31 5459 900 1258 5460 914 1258 5461 578 1258 5462 901 1259 5463 915 1259 5464 914 1259 5465 902 31 5466 916 31 5467 915 31 5468 903 1260 5469 917 1260 5470 916 1260 5471 904 1261 5472 918 1261 5473 917 1261 5474 905 1262 5475 919 1262 5476 918 1262 5477 906 1263 5478 920 1263 5479 919 1263 5480 629 33 5481 907 33 5482 921 33 5483 907 1264 5484 908 1264 5485 922 1264 5486 908 33 5487 909 33 5488 923 33 5489 909 33 5490 910 33 5491 924 33 5492 910 1265 5493 911 1265 5494 925 1265 5495 911 33 5496 912 33 5497 926 33 5498 912 33 5499 913 33 5500 927 33 5501 914 1266 5502 928 1266 5503 580 1266 5504 915 1267 5505 929 1267 5506 928 1267 5507 916 1268 5508 930 1268 5509 929 1268 5510 917 1269 5511 931 1269 5512 930 1269 5513 918 1270 5514 932 1270 5515 931 1270 5516 919 1271 5517 933 1271 5518 932 1271 5519 920 1272 5520 934 1272 5521 933 1272 5522 942 1273 5523 956 1273 5524 584 1273 5525 943 1274 5526 957 1274 5527 956 1274 5528 944 1275 5529 958 1275 5530 957 1275 5531 945 1276 5532 959 1276 5533 958 1276 5534 946 1277 5535 960 1277 5536 959 1277 5537 947 1278 5538 961 1278 5539 960 1278 5540 948 1279 5541 962 1279 5542 961 1279 5543 635 1280 5544 949 1280 5545 963 1280 5546 949 1281 5547 950 1281 5548 964 1281 5549 950 1282 5550 951 1282 5551 965 1282 5552 951 1283 5553 952 1283 5554 966 1283 5555 952 33 5556 953 33 5557 967 33 5558 953 33 5559 954 33 5560 968 33 5561 954 33 5562 955 33 5563 969 33 5564 639 1284 5565 977 1284 5566 991 1284 5567 977 1285 5568 978 1285 5569 992 1285 5570 978 1286 5571 979 1286 5572 993 1286 5573 979 1287 5574 980 1287 5575 994 1287 5576 980 1288 5577 981 1288 5578 995 1288 5579 981 1289 5580 982 1289 5581 996 1289 5582 982 1290 5583 983 1290 5584 997 1290 5585 970 1291 5586 984 1291 5587 588 1291 5588 971 1292 5589 985 1292 5590 984 1292 5591 972 1293 5592 986 1293 5593 985 1293 5594 973 1294 5595 987 1294 5596 986 1294 5597 974 1295 5598 988 1295 5599 987 1295 5600 975 1296 5601 989 1296 5602 988 1296 5603 976 1297 5604 990 1297 5605 989 1297 5606 984 1298 5607 998 1298 5608 590 1298 5609 985 1299 5610 999 1299 5611 998 1299 5612 986 1300 5613 1000 1300 5614 999 1300 5615 987 1301 5616 1001 1301 5617 1000 1301 5618 988 1302 5619 1002 1302 5620 1001 1302 5621 989 1303 5622 1003 1303 5623 1002 1303 5624 990 1304 5625 1004 1304 5626 1003 1304 5627 643 1305 5628 1005 1305 5629 1004 1305 5630 1006 1306 5631 1003 1306 5632 1004 1306 5633 1007 1307 5634 1002 1307 5635 1003 1307 5636 1008 1308 5637 1001 1308 5638 1002 1308 5639 1009 1309 5640 1000 1309 5641 1001 1309 5642 1010 1310 5643 999 1310 5644 1000 1310 5645 1011 1311 5646 998 1311 5647 999 1311 5648 637 1312 5649 963 1312 5650 977 1312 5651 963 1313 5652 964 1313 5653 978 1313 5654 964 1314 5655 965 1314 5656 979 1314 5657 965 1315 5658 966 1315 5659 980 1315 5660 966 1316 5661 967 1316 5662 981 1316 5663 967 1317 5664 968 1317 5665 982 1317 5666 968 1318 5667 969 1318 5668 983 1318 5669 956 1319 5670 970 1319 5671 586 1319 5672 957 1320 5673 971 1320 5674 970 1320 5675 958 1321 5676 972 1321 5677 971 1321 5678 959 1322 5679 973 1322 5680 972 1322 5681 960 1323 5682 974 1323 5683 973 1323 5684 961 1324 5685 975 1324 5686 974 1324 5687 962 1325 5688 976 1325 5689 975 1325 5690 928 1326 5691 942 1326 5692 582 1326 5693 929 1327 5694 943 1327 5695 942 1327 5696 930 1328 5697 944 1328 5698 943 1328 5699 931 1329 5700 945 1329 5701 944 1329 5702 932 1330 5703 946 1330 5704 945 1330 5705 933 1331 5706 947 1331 5707 946 1331 5708 934 1332 5709 948 1332 5710 947 1332 5711 631 33 5712 921 33 5713 935 33 5714 921 33 5715 922 33 5716 936 33 5717 922 33 5718 923 33 5719 937 33 5720 923 33 5721 924 33 5722 938 33 5723 924 33 5724 925 33 5725 939 33 5726 925 33 5727 926 33 5728 940 33 5729 926 33 5730 927 33 5731 941 33 5732 633 33 5733 935 33 5734 949 33 5735 935 33 5736 936 33 5737 950 33 5738 936 1333 5739 937 1333 5740 951 1333 5741 937 33 5742 938 33 5743 952 33 5744 938 33 5745 939 33 5746 953 33 5747 939 33 5748 940 33 5749 954 33 5750 940 33 5751 941 33 5752 955 33 5753 886 1334 5754 900 1334 5755 576 1334 5756 887 1335 5757 901 1335 5758 900 1335 5759 888 1336 5760 902 1336 5761 901 1336 5762 889 1337 5763 903 1337 5764 902 1337 5765 890 1338 5766 904 1338 5767 903 1338 5768 891 1339 5769 905 1339 5770 904 1339 5771 892 1340 5772 906 1340 5773 905 1340 5774 625 33 5775 879 33 5776 893 33 5777 879 33 5778 880 33 5779 894 33 5780 880 33 5781 881 33 5782 895 33 5783 881 33 5784 882 33 5785 896 33 5786 882 33 5787 883 33 5788 897 33 5789 883 33 5790 884 33 5791 898 33 5792 884 33 5793 885 33 5794 899 33 5795 627 33 5796 893 33 5797 907 33 5798 893 33 5799 894 33 5800 908 33 5801 894 33 5802 895 33 5803 909 33 5804 895 1341 5805 896 1341 5806 910 1341 5807 896 33 5808 897 33 5809 911 33 5810 897 1342 5811 898 1342 5812 912 1342 5813 898 33 5814 899 33 5815 913 33 5816 844 1343 5817 858 1343 5818 570 1343 5819 845 1344 5820 859 1344 5821 858 1344 5822 846 1345 5823 860 1345 5824 859 1345 5825 847 1346 5826 861 1346 5827 860 1346 5828 848 1347 5829 862 1347 5830 861 1347 5831 849 1348 5832 863 1348 5833 862 1348 5834 850 1349 5835 864 1349 5836 863 1349 5837 623 1350 5838 865 1350 5839 879 1350 5840 865 1351 5841 866 1351 5842 880 1351 5843 866 33 5844 867 33 5845 881 33 5846 867 1352 5847 868 1352 5848 882 1352 5849 868 33 5850 869 33 5851 883 33 5852 869 1353 5853 870 1353 5854 884 1353 5855 870 33 5856 871 33 5857 885 33 5858 621 1354 5859 851 1354 5860 865 1354 5861 851 33 5862 852 33 5863 866 33 5864 852 33 5865 853 33 5866 867 33 5867 853 33 5868 854 33 5869 868 33 5870 854 1355 5871 855 1355 5872 869 1355 5873 855 33 5874 856 33 5875 870 33 5876 856 33 5877 857 33 5878 871 33 5879 615 1356 5880 809 1356 5881 823 1356 5882 809 1357 5883 810 1357 5884 824 1357 5885 810 1358 5886 811 1358 5887 825 1358 5888 811 1359 5889 812 1359 5890 826 1359 5891 812 1360 5892 813 1360 5893 827 1360 5894 813 33 5895 814 33 5896 828 33 5897 814 33 5898 815 33 5899 829 33 5900 802 1361 5901 816 1361 5902 564 1361 5903 803 1362 5904 817 1362 5905 816 1362 5906 804 1363 5907 818 1363 5908 817 1363 5909 805 1364 5910 819 1364 5911 818 1364 5912 806 1365 5913 820 1365 5914 819 1365 5915 807 1366 5916 821 1366 5917 820 1366 5918 808 1367 5919 822 1367 5920 821 1367 5921 774 1368 5922 788 1368 5923 560 1368 5924 775 1369 5925 789 1369 5926 788 1369 5927 776 1370 5928 790 1370 5929 789 1370 5930 777 1371 5931 791 1371 5932 790 1371 5933 778 1372 5934 792 1372 5935 791 1372 5936 779 1373 5937 793 1373 5938 792 1373 5939 780 1374 5940 794 1374 5941 793 1374 5942 609 33 5943 767 33 5944 781 33 5945 767 33 5946 768 33 5947 782 33 5948 768 33 5949 769 33 5950 783 33 5951 769 33 5952 770 33 5953 784 33 5954 770 1375 5955 771 1375 5956 785 1375 5957 771 33 5958 772 33 5959 786 33 5960 772 33 5961 773 33 5962 787 33 5963 611 33 5964 781 33 5965 795 33 5966 781 1376 5967 782 1376 5968 796 1376 5969 782 33 5970 783 33 5971 797 33 5972 783 33 5973 784 33 5974 798 33 5975 784 33 5976 785 33 5977 799 33 5978 785 33 5979 786 33 5980 800 33 5981 786 33 5982 787 33 5983 801 33 5984 732 1377 5985 746 1377 5986 554 1377 5987 733 1378 5988 747 1378 5989 746 1378 5990 734 1379 5991 748 1379 5992 747 1379 5993 735 1380 5994 749 1380 5995 748 1380 5996 736 1381 5997 750 1381 5998 749 1381 5999 737 1382 6000 751 1382 6001 750 1382 6002 738 1383 6003 752 1383 6004 751 1383 6005 603 33 6006 725 33 6007 739 33 6008 725 33 6009 726 33 6010 740 33 6011 726 1384 6012 727 1384 6013 741 1384 6014 727 1385 6015 728 1385 6016 742 1385 6017 728 33 6018 729 33 6019 743 33 6020 729 33 6021 730 33 6022 744 33 6023 730 1386 6024 731 1386 6025 745 1386 6026 605 33 6027 739 33 6028 753 33 6029 739 33 6030 740 33 6031 754 33 6032 740 33 6033 741 33 6034 755 33 6035 741 33 6036 742 33 6037 756 33 6038 742 33 6039 743 33 6040 757 33 6041 743 33 6042 744 33 6043 758 33 6044 744 33 6045 745 33 6046 759 33 6047 690 1387 6048 704 1387 6049 548 1387 6050 691 1388 6051 705 1388 6052 704 1388 6053 692 1389 6054 706 1389 6055 705 1389 6056 693 1390 6057 707 1390 6058 706 1390 6059 694 1391 6060 708 1391 6061 707 1391 6062 695 1392 6063 709 1392 6064 708 1392 6065 696 1393 6066 710 1393 6067 709 1393 6068 601 1394 6069 711 1394 6070 725 1394 6071 711 33 6072 712 33 6073 726 33 6074 712 1395 6075 713 1395 6076 727 1395 6077 713 33 6078 714 33 6079 728 33 6080 714 1396 6081 715 1396 6082 729 1396 6083 715 1397 6084 716 1397 6085 730 1397 6086 716 33 6087 717 33 6088 731 33 6089 599 33 6090 697 33 6091 711 33 6092 697 1398 6093 698 1398 6094 712 1398 6095 698 33 6096 699 33 6097 713 33 6098 699 33 6099 700 33 6100 714 33 6101 700 1399 6102 701 1399 6103 715 1399 6104 701 1400 6105 702 1400 6106 716 1400 6107 702 1401 6108 703 1401 6109 717 1401 6110 670 33 6111 669 33 6112 655 33 6113 671 33 6114 670 33 6115 656 33 6116 672 1402 6117 671 1402 6118 657 1402 6119 673 33 6120 672 33 6121 658 33 6122 674 33 6123 673 33 6124 659 33 6125 675 33 6126 674 33 6127 660 33 6128 645 1403 6129 644 1403 6130 540 1403 6131</p>
        </triangles>
      </mesh>
    </geometry>
  </library_geometries>
  <library_visual_scenes>
    <visual_scene id="Scene" name="Scene">
      <node id="trunk" name="trunk" type="NODE">
        <matrix sid="transform">1 0 0 0 0 1 0 0 0 0 1 0 0 0 0 1</matrix>
        <instance_geometry url="#troncos_002-mesh" name="trunk">
          <bind_material>
            <technique_common>
              <instance_material symbol="vegetacao_002-material" target="#vegetacao_002-material">
                <bind_vertex_input semantic="UVMap" input_semantic="TEXCOORD" input_set="0" />
              </instance_material>
            </technique_common>
          </bind_material>
        </instance_geometry>
      </node>
    </visual_scene>
  </library_visual_scenes>
  <scene>
    <instance_visual_scene url="#Scene" />
  </scene>
</COLLADA>